date,market,benchmark_symbol,close,source
2021-06-28,KOSDAQ,KOSDAQ,1017.91,NAVER_FINANCE_DOMESTIC_INDEX_DAILY
2021-06-29,KOSDAQ,KOSDAQ,1022.52,NAVER_FINANCE_DOMESTIC_INDEX_DAILY
2021-06-30,KOSDAQ,KOSDAQ,1029.96,NAVER_FINANCE_DOMESTIC_INDEX_DAILY
2021-07-01,KOSDAQ,KOSDAQ,1035.64,NAVER_FINANCE_DOMESTIC_INDEX_DAILY
2021-07-02,KOSDAQ,KOSDAQ,1038.18,NAVER_FINANCE_DOMESTIC_INDEX_DAILY
2021-07-05,KOSDAQ,KOSDAQ,1047.33,NAVER_FINANCE_DOMESTIC_INDEX_DAILY
2021-07-06,KOSDAQ,KOSDAQ,1044.96,NAVER_FINANCE_DOMESTIC_INDEX_DAILY
2021-07-07,KOSDAQ,KOSDAQ,1047.36,NAVER_FINANCE_DOMESTIC_INDEX_DAILY
2021-07-08,KOSDAQ,KOSDAQ,1034.48,NAVER_FINANCE_DOMESTIC_INDEX_DAILY
2021-07-09,KOSDAQ,KOSDAQ,1028.93,NAVER_FINANCE_DOMESTIC_INDEX_DAILY
2021-07-12,KOSDAQ,KOSDAQ,1034.64,NAVER_FINANCE_DOMESTIC_INDEX_DAILY
2021-07-13,KOSDAQ,KOSDAQ,1043.31,NAVER_FINANCE_DOMESTIC_INDEX_DAILY
2021-07-14,KOSDAQ,KOSDAQ,1044.98,NAVER_FINANCE_DOMESTIC_INDEX_DAILY
2021-07-15,KOSDAQ,KOSDAQ,1054.31,NAVER_FINANCE_DOMESTIC_INDEX_DAILY
2021-07-16,KOSDAQ,KOSDAQ,1051.98,NAVER_FINANCE_DOMESTIC_INDEX_DAILY
2021-07-19,KOSDAQ,KOSDAQ,1049.83,NAVER_FINANCE_DOMESTIC_INDEX_DAILY
2021-07-20,KOSDAQ,KOSDAQ,1043.64,NAVER_FINANCE_DOMESTIC_INDEX_DAILY
2021-07-21,KOSDAQ,KOSDAQ,1042.03,NAVER_FINANCE_DOMESTIC_INDEX_DAILY
2021-07-22,KOSDAQ,KOSDAQ,1050.25,NAVER_FINANCE_DOMESTIC_INDEX_DAILY
2021-07-23,KOSDAQ,KOSDAQ,1055.5,NAVER_FINANCE_DOMESTIC_INDEX_DAILY
2021-07-26,KOSDAQ,KOSDAQ,1047.63,NAVER_FINANCE_DOMESTIC_INDEX_DAILY
2021-07-27,KOSDAQ,KOSDAQ,1046.55,NAVER_FINANCE_DOMESTIC_INDEX_DAILY
2021-07-28,KOSDAQ,KOSDAQ,1035.68,NAVER_FINANCE_DOMESTIC_INDEX_DAILY
2021-07-29,KOSDAQ,KOSDAQ,1044.13,NAVER_FINANCE_DOMESTIC_INDEX_DAILY
2021-07-30,KOSDAQ,KOSDAQ,1031.14,NAVER_FINANCE_DOMESTIC_INDEX_DAILY
2021-08-02,KOSDAQ,KOSDAQ,1037.8,NAVER_FINANCE_DOMESTIC_INDEX_DAILY
2021-08-03,KOSDAQ,KOSDAQ,1036.11,NAVER_FINANCE_DOMESTIC_INDEX_DAILY
2021-08-04,KOSDAQ,KOSDAQ,1047.93,NAVER_FINANCE_DOMESTIC_INDEX_DAILY
2021-08-05,KOSDAQ,KOSDAQ,1059.54,NAVER_FINANCE_DOMESTIC_INDEX_DAILY
2021-08-06,KOSDAQ,KOSDAQ,1059.8,NAVER_FINANCE_DOMESTIC_INDEX_DAILY
2021-08-09,KOSDAQ,KOSDAQ,1060.0,NAVER_FINANCE_DOMESTIC_INDEX_DAILY
2021-08-10,KOSDAQ,KOSDAQ,1052.07,NAVER_FINANCE_DOMESTIC_INDEX_DAILY
2021-08-11,KOSDAQ,KOSDAQ,1051.92,NAVER_FINANCE_DOMESTIC_INDEX_DAILY
2021-08-12,KOSDAQ,KOSDAQ,1054.09,NAVER_FINANCE_DOMESTIC_INDEX_DAILY
2021-08-13,KOSDAQ,KOSDAQ,1040.78,NAVER_FINANCE_DOMESTIC_INDEX_DAILY
2021-08-17,KOSDAQ,KOSDAQ,1011.05,NAVER_FINANCE_DOMESTIC_INDEX_DAILY
2021-08-18,KOSDAQ,KOSDAQ,1021.08,NAVER_FINANCE_DOMESTIC_INDEX_DAILY
2021-08-19,KOSDAQ,KOSDAQ,991.15,NAVER_FINANCE_DOMESTIC_INDEX_DAILY
2021-08-20,KOSDAQ,KOSDAQ,967.9,NAVER_FINANCE_DOMESTIC_INDEX_DAILY
2021-08-23,KOSDAQ,KOSDAQ,993.18,NAVER_FINANCE_DOMESTIC_INDEX_DAILY
2021-08-24,KOSDAQ,KOSDAQ,1013.18,NAVER_FINANCE_DOMESTIC_INDEX_DAILY
2021-08-25,KOSDAQ,KOSDAQ,1017.78,NAVER_FINANCE_DOMESTIC_INDEX_DAILY
2021-08-26,KOSDAQ,KOSDAQ,1020.44,NAVER_FINANCE_DOMESTIC_INDEX_DAILY
2021-08-27,KOSDAQ,KOSDAQ,1023.51,NAVER_FINANCE_DOMESTIC_INDEX_DAILY
2021-08-30,KOSDAQ,KOSDAQ,1031.84,NAVER_FINANCE_DOMESTIC_INDEX_DAILY
2021-08-31,KOSDAQ,KOSDAQ,1038.33,NAVER_FINANCE_DOMESTIC_INDEX_DAILY
2021-09-01,KOSDAQ,KOSDAQ,1045.98,NAVER_FINANCE_DOMESTIC_INDEX_DAILY
2021-09-02,KOSDAQ,KOSDAQ,1047.19,NAVER_FINANCE_DOMESTIC_INDEX_DAILY
2021-09-03,KOSDAQ,KOSDAQ,1053.85,NAVER_FINANCE_DOMESTIC_INDEX_DAILY
2021-09-06,KOSDAQ,KOSDAQ,1052.96,NAVER_FINANCE_DOMESTIC_INDEX_DAILY
2021-09-07,KOSDAQ,KOSDAQ,1054.43,NAVER_FINANCE_DOMESTIC_INDEX_DAILY
2021-09-08,KOSDAQ,KOSDAQ,1037.22,NAVER_FINANCE_DOMESTIC_INDEX_DAILY
2021-09-09,KOSDAQ,KOSDAQ,1034.62,NAVER_FINANCE_DOMESTIC_INDEX_DAILY
2021-09-10,KOSDAQ,KOSDAQ,1037.91,NAVER_FINANCE_DOMESTIC_INDEX_DAILY
2021-09-13,KOSDAQ,KOSDAQ,1026.34,NAVER_FINANCE_DOMESTIC_INDEX_DAILY
2021-09-14,KOSDAQ,KOSDAQ,1037.74,NAVER_FINANCE_DOMESTIC_INDEX_DAILY
2021-09-15,KOSDAQ,KOSDAQ,1042.79,NAVER_FINANCE_DOMESTIC_INDEX_DAILY
2021-09-16,KOSDAQ,KOSDAQ,1039.43,NAVER_FINANCE_DOMESTIC_INDEX_DAILY
2021-09-17,KOSDAQ,KOSDAQ,1046.12,NAVER_FINANCE_DOMESTIC_INDEX_DAILY
2021-09-23,KOSDAQ,KOSDAQ,1036.26,NAVER_FINANCE_DOMESTIC_INDEX_DAILY
2021-09-24,KOSDAQ,KOSDAQ,1037.03,NAVER_FINANCE_DOMESTIC_INDEX_DAILY
2021-09-27,KOSDAQ,KOSDAQ,1034.82,NAVER_FINANCE_DOMESTIC_INDEX_DAILY
2021-09-28,KOSDAQ,KOSDAQ,1012.51,NAVER_FINANCE_DOMESTIC_INDEX_DAILY
2021-09-29,KOSDAQ,KOSDAQ,1001.46,NAVER_FINANCE_DOMESTIC_INDEX_DAILY
2021-09-30,KOSDAQ,KOSDAQ,1003.27,NAVER_FINANCE_DOMESTIC_INDEX_DAILY
2021-10-01,KOSDAQ,KOSDAQ,983.2,NAVER_FINANCE_DOMESTIC_INDEX_DAILY
2021-10-05,KOSDAQ,KOSDAQ,955.37,NAVER_FINANCE_DOMESTIC_INDEX_DAILY
2021-10-06,KOSDAQ,KOSDAQ,922.36,NAVER_FINANCE_DOMESTIC_INDEX_DAILY
2021-10-07,KOSDAQ,KOSDAQ,953.43,NAVER_FINANCE_DOMESTIC_INDEX_DAILY
2021-10-08,KOSDAQ,KOSDAQ,953.11,NAVER_FINANCE_DOMESTIC_INDEX_DAILY
2021-10-12,KOSDAQ,KOSDAQ,940.15,NAVER_FINANCE_DOMESTIC_INDEX_DAILY
2021-10-13,KOSDAQ,KOSDAQ,953.47,NAVER_FINANCE_DOMESTIC_INDEX_DAILY
2021-10-14,KOSDAQ,KOSDAQ,983.43,NAVER_FINANCE_DOMESTIC_INDEX_DAILY
2021-10-15,KOSDAQ,KOSDAQ,990.54,NAVER_FINANCE_DOMESTIC_INDEX_DAILY
2021-10-18,KOSDAQ,KOSDAQ,993.86,NAVER_FINANCE_DOMESTIC_INDEX_DAILY
2021-10-19,KOSDAQ,KOSDAQ,1005.35,NAVER_FINANCE_DOMESTIC_INDEX_DAILY
2021-10-20,KOSDAQ,KOSDAQ,1001.62,NAVER_FINANCE_DOMESTIC_INDEX_DAILY
2021-10-21,KOSDAQ,KOSDAQ,993.7,NAVER_FINANCE_DOMESTIC_INDEX_DAILY
2021-10-22,KOSDAQ,KOSDAQ,995.07,NAVER_FINANCE_DOMESTIC_INDEX_DAILY
2021-10-25,KOSDAQ,KOSDAQ,994.31,NAVER_FINANCE_DOMESTIC_INDEX_DAILY
2021-10-26,KOSDAQ,KOSDAQ,1011.76,NAVER_FINANCE_DOMESTIC_INDEX_DAILY
2021-10-27,KOSDAQ,KOSDAQ,1008.95,NAVER_FINANCE_DOMESTIC_INDEX_DAILY
2021-10-28,KOSDAQ,KOSDAQ,1000.13,NAVER_FINANCE_DOMESTIC_INDEX_DAILY
2021-10-29,KOSDAQ,KOSDAQ,992.33,NAVER_FINANCE_DOMESTIC_INDEX_DAILY
2021-11-01,KOSDAQ,KOSDAQ,998.57,NAVER_FINANCE_DOMESTIC_INDEX_DAILY
2021-11-02,KOSDAQ,KOSDAQ,1009.44,NAVER_FINANCE_DOMESTIC_INDEX_DAILY
2021-11-03,KOSDAQ,KOSDAQ,1005.0,NAVER_FINANCE_DOMESTIC_INDEX_DAILY
2021-11-04,KOSDAQ,KOSDAQ,1001.43,NAVER_FINANCE_DOMESTIC_INDEX_DAILY
2021-11-05,KOSDAQ,KOSDAQ,1001.35,NAVER_FINANCE_DOMESTIC_INDEX_DAILY
2021-11-08,KOSDAQ,KOSDAQ,1002.5,NAVER_FINANCE_DOMESTIC_INDEX_DAILY
2021-11-09,KOSDAQ,KOSDAQ,1008.68,NAVER_FINANCE_DOMESTIC_INDEX_DAILY
2021-11-10,KOSDAQ,KOSDAQ,987.75,NAVER_FINANCE_DOMESTIC_INDEX_DAILY
2021-11-11,KOSDAQ,KOSDAQ,992.65,NAVER_FINANCE_DOMESTIC_INDEX_DAILY
2021-11-12,KOSDAQ,KOSDAQ,1009.07,NAVER_FINANCE_DOMESTIC_INDEX_DAILY
2021-11-15,KOSDAQ,KOSDAQ,1029.03,NAVER_FINANCE_DOMESTIC_INDEX_DAILY
2021-11-16,KOSDAQ,KOSDAQ,1035.46,NAVER_FINANCE_DOMESTIC_INDEX_DAILY
2021-11-17,KOSDAQ,KOSDAQ,1031.26,NAVER_FINANCE_DOMESTIC_INDEX_DAILY
2021-11-18,KOSDAQ,KOSDAQ,1032.77,NAVER_FINANCE_DOMESTIC_INDEX_DAILY
2021-11-19,KOSDAQ,KOSDAQ,1041.92,NAVER_FINANCE_DOMESTIC_INDEX_DAILY
2021-11-22,KOSDAQ,KOSDAQ,1032.31,NAVER_FINANCE_DOMESTIC_INDEX_DAILY
2021-11-23,KOSDAQ,KOSDAQ,1013.72,NAVER_FINANCE_DOMESTIC_INDEX_DAILY
2021-11-24,KOSDAQ,KOSDAQ,1020.13,NAVER_FINANCE_DOMESTIC_INDEX_DAILY
2021-11-25,KOSDAQ,KOSDAQ,1015.66,NAVER_FINANCE_DOMESTIC_INDEX_DAILY
2021-11-26,KOSDAQ,KOSDAQ,1005.89,NAVER_FINANCE_DOMESTIC_INDEX_DAILY
2021-11-29,KOSDAQ,KOSDAQ,992.34,NAVER_FINANCE_DOMESTIC_INDEX_DAILY
2021-11-30,KOSDAQ,KOSDAQ,965.63,NAVER_FINANCE_DOMESTIC_INDEX_DAILY
2021-12-01,KOSDAQ,KOSDAQ,977.15,NAVER_FINANCE_DOMESTIC_INDEX_DAILY
2021-12-02,KOSDAQ,KOSDAQ,977.43,NAVER_FINANCE_DOMESTIC_INDEX_DAILY
2021-12-03,KOSDAQ,KOSDAQ,998.47,NAVER_FINANCE_DOMESTIC_INDEX_DAILY
2021-12-06,KOSDAQ,KOSDAQ,991.87,NAVER_FINANCE_DOMESTIC_INDEX_DAILY
2021-12-07,KOSDAQ,KOSDAQ,996.64,NAVER_FINANCE_DOMESTIC_INDEX_DAILY
2021-12-08,KOSDAQ,KOSDAQ,1006.04,NAVER_FINANCE_DOMESTIC_INDEX_DAILY
2021-12-09,KOSDAQ,KOSDAQ,1022.87,NAVER_FINANCE_DOMESTIC_INDEX_DAILY
2021-12-10,KOSDAQ,KOSDAQ,1011.57,NAVER_FINANCE_DOMESTIC_INDEX_DAILY
2021-12-13,KOSDAQ,KOSDAQ,1005.96,NAVER_FINANCE_DOMESTIC_INDEX_DAILY
2021-12-14,KOSDAQ,KOSDAQ,1002.81,NAVER_FINANCE_DOMESTIC_INDEX_DAILY
2021-12-15,KOSDAQ,KOSDAQ,1003.52,NAVER_FINANCE_DOMESTIC_INDEX_DAILY
2021-12-16,KOSDAQ,KOSDAQ,1007.86,NAVER_FINANCE_DOMESTIC_INDEX_DAILY
2021-12-17,KOSDAQ,KOSDAQ,1001.26,NAVER_FINANCE_DOMESTIC_INDEX_DAILY
2021-12-20,KOSDAQ,KOSDAQ,990.51,NAVER_FINANCE_DOMESTIC_INDEX_DAILY
2021-12-21,KOSDAQ,KOSDAQ,996.6,NAVER_FINANCE_DOMESTIC_INDEX_DAILY
2021-12-22,KOSDAQ,KOSDAQ,1000.13,NAVER_FINANCE_DOMESTIC_INDEX_DAILY
2021-12-23,KOSDAQ,KOSDAQ,1003.31,NAVER_FINANCE_DOMESTIC_INDEX_DAILY
2021-12-24,KOSDAQ,KOSDAQ,1007.42,NAVER_FINANCE_DOMESTIC_INDEX_DAILY
2021-12-27,KOSDAQ,KOSDAQ,1011.36,NAVER_FINANCE_DOMESTIC_INDEX_DAILY
2021-12-28,KOSDAQ,KOSDAQ,1027.44,NAVER_FINANCE_DOMESTIC_INDEX_DAILY
2021-12-29,KOSDAQ,KOSDAQ,1028.05,NAVER_FINANCE_DOMESTIC_INDEX_DAILY
2021-12-30,KOSDAQ,KOSDAQ,1033.98,NAVER_FINANCE_DOMESTIC_INDEX_DAILY
2022-01-03,KOSDAQ,KOSDAQ,1037.83,NAVER_FINANCE_DOMESTIC_INDEX_DAILY
2022-01-04,KOSDAQ,KOSDAQ,1031.66,NAVER_FINANCE_DOMESTIC_INDEX_DAILY
2022-01-05,KOSDAQ,KOSDAQ,1009.62,NAVER_FINANCE_DOMESTIC_INDEX_DAILY
2022-01-06,KOSDAQ,KOSDAQ,980.3,NAVER_FINANCE_DOMESTIC_INDEX_DAILY
2022-01-07,KOSDAQ,KOSDAQ,995.16,NAVER_FINANCE_DOMESTIC_INDEX_DAILY
2022-01-10,KOSDAQ,KOSDAQ,980.38,NAVER_FINANCE_DOMESTIC_INDEX_DAILY
2022-01-11,KOSDAQ,KOSDAQ,969.92,NAVER_FINANCE_DOMESTIC_INDEX_DAILY
2022-01-12,KOSDAQ,KOSDAQ,991.33,NAVER_FINANCE_DOMESTIC_INDEX_DAILY
2022-01-13,KOSDAQ,KOSDAQ,983.25,NAVER_FINANCE_DOMESTIC_INDEX_DAILY
2022-01-14,KOSDAQ,KOSDAQ,971.39,NAVER_FINANCE_DOMESTIC_INDEX_DAILY
2022-01-17,KOSDAQ,KOSDAQ,957.9,NAVER_FINANCE_DOMESTIC_INDEX_DAILY
2022-01-18,KOSDAQ,KOSDAQ,943.94,NAVER_FINANCE_DOMESTIC_INDEX_DAILY
2022-01-19,KOSDAQ,KOSDAQ,933.9,NAVER_FINANCE_DOMESTIC_INDEX_DAILY
2022-01-20,KOSDAQ,KOSDAQ,958.7,NAVER_FINANCE_DOMESTIC_INDEX_DAILY
2022-01-21,KOSDAQ,KOSDAQ,942.85,NAVER_FINANCE_DOMESTIC_INDEX_DAILY
2022-01-24,KOSDAQ,KOSDAQ,915.4,NAVER_FINANCE_DOMESTIC_INDEX_DAILY
2022-01-25,KOSDAQ,KOSDAQ,889.44,NAVER_FINANCE_DOMESTIC_INDEX_DAILY
2022-01-26,KOSDAQ,KOSDAQ,882.09,NAVER_FINANCE_DOMESTIC_INDEX_DAILY
2022-01-27,KOSDAQ,KOSDAQ,849.23,NAVER_FINANCE_DOMESTIC_INDEX_DAILY
2022-01-28,KOSDAQ,KOSDAQ,872.87,NAVER_FINANCE_DOMESTIC_INDEX_DAILY
2022-02-03,KOSDAQ,KOSDAQ,891.6,NAVER_FINANCE_DOMESTIC_INDEX_DAILY
2022-02-04,KOSDAQ,KOSDAQ,902.87,NAVER_FINANCE_DOMESTIC_INDEX_DAILY
2022-02-07,KOSDAQ,KOSDAQ,899.4,NAVER_FINANCE_DOMESTIC_INDEX_DAILY
2022-02-08,KOSDAQ,KOSDAQ,895.27,NAVER_FINANCE_DOMESTIC_INDEX_DAILY
2022-02-09,KOSDAQ,KOSDAQ,910.53,NAVER_FINANCE_DOMESTIC_INDEX_DAILY
2022-02-10,KOSDAQ,KOSDAQ,895.68,NAVER_FINANCE_DOMESTIC_INDEX_DAILY
2022-02-11,KOSDAQ,KOSDAQ,877.42,NAVER_FINANCE_DOMESTIC_INDEX_DAILY
2022-02-14,KOSDAQ,KOSDAQ,852.79,NAVER_FINANCE_DOMESTIC_INDEX_DAILY
2022-02-15,KOSDAQ,KOSDAQ,839.92,NAVER_FINANCE_DOMESTIC_INDEX_DAILY
2022-02-16,KOSDAQ,KOSDAQ,878.15,NAVER_FINANCE_DOMESTIC_INDEX_DAILY
2022-02-17,KOSDAQ,KOSDAQ,874.22,NAVER_FINANCE_DOMESTIC_INDEX_DAILY
2022-02-18,KOSDAQ,KOSDAQ,881.71,NAVER_FINANCE_DOMESTIC_INDEX_DAILY
2022-02-21,KOSDAQ,KOSDAQ,884.25,NAVER_FINANCE_DOMESTIC_INDEX_DAILY
2022-02-22,KOSDAQ,KOSDAQ,868.11,NAVER_FINANCE_DOMESTIC_INDEX_DAILY
2022-02-23,KOSDAQ,KOSDAQ,877.33,NAVER_FINANCE_DOMESTIC_INDEX_DAILY
2022-02-24,KOSDAQ,KOSDAQ,848.21,NAVER_FINANCE_DOMESTIC_INDEX_DAILY
2022-02-25,KOSDAQ,KOSDAQ,872.98,NAVER_FINANCE_DOMESTIC_INDEX_DAILY
2022-02-28,KOSDAQ,KOSDAQ,881.07,NAVER_FINANCE_DOMESTIC_INDEX_DAILY
2022-03-02,KOSDAQ,KOSDAQ,895.45,NAVER_FINANCE_DOMESTIC_INDEX_DAILY
2022-03-03,KOSDAQ,KOSDAQ,912.32,NAVER_FINANCE_DOMESTIC_INDEX_DAILY
2022-03-04,KOSDAQ,KOSDAQ,900.96,NAVER_FINANCE_DOMESTIC_INDEX_DAILY
2022-03-07,KOSDAQ,KOSDAQ,881.54,NAVER_FINANCE_DOMESTIC_INDEX_DAILY
2022-03-08,KOSDAQ,KOSDAQ,870.14,NAVER_FINANCE_DOMESTIC_INDEX_DAILY
2022-03-10,KOSDAQ,KOSDAQ,889.08,NAVER_FINANCE_DOMESTIC_INDEX_DAILY
2022-03-11,KOSDAQ,KOSDAQ,891.71,NAVER_FINANCE_DOMESTIC_INDEX_DAILY
2022-03-14,KOSDAQ,KOSDAQ,872.44,NAVER_FINANCE_DOMESTIC_INDEX_DAILY
2022-03-15,KOSDAQ,KOSDAQ,871.22,NAVER_FINANCE_DOMESTIC_INDEX_DAILY
2022-03-16,KOSDAQ,KOSDAQ,891.8,NAVER_FINANCE_DOMESTIC_INDEX_DAILY
2022-03-17,KOSDAQ,KOSDAQ,914.13,NAVER_FINANCE_DOMESTIC_INDEX_DAILY
2022-03-18,KOSDAQ,KOSDAQ,922.96,NAVER_FINANCE_DOMESTIC_INDEX_DAILY
2022-03-21,KOSDAQ,KOSDAQ,918.4,NAVER_FINANCE_DOMESTIC_INDEX_DAILY
2022-03-22,KOSDAQ,KOSDAQ,924.67,NAVER_FINANCE_DOMESTIC_INDEX_DAILY
2022-03-23,KOSDAQ,KOSDAQ,930.57,NAVER_FINANCE_DOMESTIC_INDEX_DAILY
2022-03-24,KOSDAQ,KOSDAQ,931.75,NAVER_FINANCE_DOMESTIC_INDEX_DAILY
2022-03-25,KOSDAQ,KOSDAQ,934.69,NAVER_FINANCE_DOMESTIC_INDEX_DAILY
2022-03-28,KOSDAQ,KOSDAQ,927.11,NAVER_FINANCE_DOMESTIC_INDEX_DAILY
2022-03-29,KOSDAQ,KOSDAQ,937.83,NAVER_FINANCE_DOMESTIC_INDEX_DAILY
2022-03-30,KOSDAQ,KOSDAQ,939.07,NAVER_FINANCE_DOMESTIC_INDEX_DAILY
2022-03-31,KOSDAQ,KOSDAQ,944.53,NAVER_FINANCE_DOMESTIC_INDEX_DAILY
2022-04-01,KOSDAQ,KOSDAQ,940.57,NAVER_FINANCE_DOMESTIC_INDEX_DAILY
2022-04-04,KOSDAQ,KOSDAQ,947.32,NAVER_FINANCE_DOMESTIC_INDEX_DAILY
2022-04-05,KOSDAQ,KOSDAQ,952.47,NAVER_FINANCE_DOMESTIC_INDEX_DAILY
2022-04-06,KOSDAQ,KOSDAQ,943.13,NAVER_FINANCE_DOMESTIC_INDEX_DAILY
2022-04-07,KOSDAQ,KOSDAQ,927.95,NAVER_FINANCE_DOMESTIC_INDEX_DAILY
2022-04-08,KOSDAQ,KOSDAQ,934.73,NAVER_FINANCE_DOMESTIC_INDEX_DAILY
2022-04-11,KOSDAQ,KOSDAQ,921.83,NAVER_FINANCE_DOMESTIC_INDEX_DAILY
2022-04-12,KOSDAQ,KOSDAQ,913.82,NAVER_FINANCE_DOMESTIC_INDEX_DAILY
2022-04-13,KOSDAQ,KOSDAQ,927.31,NAVER_FINANCE_DOMESTIC_INDEX_DAILY
2022-04-14,KOSDAQ,KOSDAQ,928.01,NAVER_FINANCE_DOMESTIC_INDEX_DAILY
2022-04-15,KOSDAQ,KOSDAQ,924.44,NAVER_FINANCE_DOMESTIC_INDEX_DAILY
2022-04-18,KOSDAQ,KOSDAQ,918.23,NAVER_FINANCE_DOMESTIC_INDEX_DAILY
2022-04-19,KOSDAQ,KOSDAQ,931.56,NAVER_FINANCE_DOMESTIC_INDEX_DAILY
2022-04-20,KOSDAQ,KOSDAQ,928.93,NAVER_FINANCE_DOMESTIC_INDEX_DAILY
2022-04-21,KOSDAQ,KOSDAQ,929.68,NAVER_FINANCE_DOMESTIC_INDEX_DAILY
2022-04-22,KOSDAQ,KOSDAQ,922.78,NAVER_FINANCE_DOMESTIC_INDEX_DAILY
2022-04-25,KOSDAQ,KOSDAQ,899.84,NAVER_FINANCE_DOMESTIC_INDEX_DAILY
2022-04-26,KOSDAQ,KOSDAQ,911.16,NAVER_FINANCE_DOMESTIC_INDEX_DAILY
2022-04-27,KOSDAQ,KOSDAQ,896.18,NAVER_FINANCE_DOMESTIC_INDEX_DAILY
2022-04-28,KOSDAQ,KOSDAQ,892.22,NAVER_FINANCE_DOMESTIC_INDEX_DAILY
2022-04-29,KOSDAQ,KOSDAQ,904.75,NAVER_FINANCE_DOMESTIC_INDEX_DAILY
2022-05-02,KOSDAQ,KOSDAQ,901.82,NAVER_FINANCE_DOMESTIC_INDEX_DAILY
2022-05-03,KOSDAQ,KOSDAQ,907.57,NAVER_FINANCE_DOMESTIC_INDEX_DAILY
2022-05-04,KOSDAQ,KOSDAQ,900.06,NAVER_FINANCE_DOMESTIC_INDEX_DAILY
2022-05-06,KOSDAQ,KOSDAQ,884.22,NAVER_FINANCE_DOMESTIC_INDEX_DAILY
2022-05-09,KOSDAQ,KOSDAQ,860.84,NAVER_FINANCE_DOMESTIC_INDEX_DAILY
2022-05-10,KOSDAQ,KOSDAQ,856.14,NAVER_FINANCE_DOMESTIC_INDEX_DAILY
2022-05-11,KOSDAQ,KOSDAQ,866.34,NAVER_FINANCE_DOMESTIC_INDEX_DAILY
2022-05-12,KOSDAQ,KOSDAQ,833.66,NAVER_FINANCE_DOMESTIC_INDEX_DAILY
2022-05-13,KOSDAQ,KOSDAQ,853.08,NAVER_FINANCE_DOMESTIC_INDEX_DAILY
2022-05-16,KOSDAQ,KOSDAQ,856.25,NAVER_FINANCE_DOMESTIC_INDEX_DAILY
2022-05-17,KOSDAQ,KOSDAQ,865.98,NAVER_FINANCE_DOMESTIC_INDEX_DAILY
2022-05-18,KOSDAQ,KOSDAQ,871.57,NAVER_FINANCE_DOMESTIC_INDEX_DAILY
2022-05-19,KOSDAQ,KOSDAQ,863.8,NAVER_FINANCE_DOMESTIC_INDEX_DAILY
2022-05-20,KOSDAQ,KOSDAQ,879.88,NAVER_FINANCE_DOMESTIC_INDEX_DAILY
2022-05-23,KOSDAQ,KOSDAQ,883.59,NAVER_FINANCE_DOMESTIC_INDEX_DAILY
2022-05-24,KOSDAQ,KOSDAQ,865.07,NAVER_FINANCE_DOMESTIC_INDEX_DAILY
2022-05-25,KOSDAQ,KOSDAQ,872.69,NAVER_FINANCE_DOMESTIC_INDEX_DAILY
2022-05-26,KOSDAQ,KOSDAQ,871.43,NAVER_FINANCE_DOMESTIC_INDEX_DAILY
2022-05-27,KOSDAQ,KOSDAQ,873.97,NAVER_FINANCE_DOMESTIC_INDEX_DAILY
2022-05-30,KOSDAQ,KOSDAQ,886.44,NAVER_FINANCE_DOMESTIC_INDEX_DAILY
2022-05-31,KOSDAQ,KOSDAQ,893.36,NAVER_FINANCE_DOMESTIC_INDEX_DAILY
2022-06-02,KOSDAQ,KOSDAQ,891.14,NAVER_FINANCE_DOMESTIC_INDEX_DAILY
2022-06-03,KOSDAQ,KOSDAQ,891.51,NAVER_FINANCE_DOMESTIC_INDEX_DAILY
2022-06-07,KOSDAQ,KOSDAQ,873.78,NAVER_FINANCE_DOMESTIC_INDEX_DAILY
2022-06-08,KOSDAQ,KOSDAQ,874.95,NAVER_FINANCE_DOMESTIC_INDEX_DAILY
2022-06-09,KOSDAQ,KOSDAQ,877.18,NAVER_FINANCE_DOMESTIC_INDEX_DAILY
2022-06-10,KOSDAQ,KOSDAQ,869.86,NAVER_FINANCE_DOMESTIC_INDEX_DAILY
2022-06-13,KOSDAQ,KOSDAQ,828.77,NAVER_FINANCE_DOMESTIC_INDEX_DAILY
2022-06-14,KOSDAQ,KOSDAQ,823.58,NAVER_FINANCE_DOMESTIC_INDEX_DAILY
2022-06-15,KOSDAQ,KOSDAQ,799.41,NAVER_FINANCE_DOMESTIC_INDEX_DAILY
2022-06-16,KOSDAQ,KOSDAQ,802.15,NAVER_FINANCE_DOMESTIC_INDEX_DAILY
2022-06-17,KOSDAQ,KOSDAQ,798.69,NAVER_FINANCE_DOMESTIC_INDEX_DAILY
2022-06-20,KOSDAQ,KOSDAQ,769.92,NAVER_FINANCE_DOMESTIC_INDEX_DAILY
2022-06-21,KOSDAQ,KOSDAQ,778.3,NAVER_FINANCE_DOMESTIC_INDEX_DAILY
2022-06-22,KOSDAQ,KOSDAQ,746.96,NAVER_FINANCE_DOMESTIC_INDEX_DAILY
2022-06-23,KOSDAQ,KOSDAQ,714.38,NAVER_FINANCE_DOMESTIC_INDEX_DAILY
2022-06-24,KOSDAQ,KOSDAQ,750.3,NAVER_FINANCE_DOMESTIC_INDEX_DAILY
2022-06-27,KOSDAQ,KOSDAQ,770.6,NAVER_FINANCE_DOMESTIC_INDEX_DAILY
2022-06-28,KOSDAQ,KOSDAQ,769.51,NAVER_FINANCE_DOMESTIC_INDEX_DAILY
2022-06-29,KOSDAQ,KOSDAQ,762.35,NAVER_FINANCE_DOMESTIC_INDEX_DAILY
2022-06-30,KOSDAQ,KOSDAQ,745.44,NAVER_FINANCE_DOMESTIC_INDEX_DAILY
2022-07-01,KOSDAQ,KOSDAQ,729.48,NAVER_FINANCE_DOMESTIC_INDEX_DAILY
2022-07-04,KOSDAQ,KOSDAQ,722.73,NAVER_FINANCE_DOMESTIC_INDEX_DAILY
2022-07-05,KOSDAQ,KOSDAQ,750.95,NAVER_FINANCE_DOMESTIC_INDEX_DAILY
2022-07-06,KOSDAQ,KOSDAQ,744.63,NAVER_FINANCE_DOMESTIC_INDEX_DAILY
2022-07-07,KOSDAQ,KOSDAQ,757.97,NAVER_FINANCE_DOMESTIC_INDEX_DAILY
2022-07-08,KOSDAQ,KOSDAQ,766.48,NAVER_FINANCE_DOMESTIC_INDEX_DAILY
2022-07-11,KOSDAQ,KOSDAQ,767.04,NAVER_FINANCE_DOMESTIC_INDEX_DAILY
2022-07-12,KOSDAQ,KOSDAQ,750.78,NAVER_FINANCE_DOMESTIC_INDEX_DAILY
2022-07-13,KOSDAQ,KOSDAQ,763.18,NAVER_FINANCE_DOMESTIC_INDEX_DAILY
2022-07-14,KOSDAQ,KOSDAQ,766.08,NAVER_FINANCE_DOMESTIC_INDEX_DAILY
2022-07-15,KOSDAQ,KOSDAQ,762.39,NAVER_FINANCE_DOMESTIC_INDEX_DAILY
2022-07-18,KOSDAQ,KOSDAQ,776.72,NAVER_FINANCE_DOMESTIC_INDEX_DAILY
2022-07-19,KOSDAQ,KOSDAQ,782.33,NAVER_FINANCE_DOMESTIC_INDEX_DAILY
2022-07-20,KOSDAQ,KOSDAQ,790.72,NAVER_FINANCE_DOMESTIC_INDEX_DAILY
2022-07-21,KOSDAQ,KOSDAQ,795.15,NAVER_FINANCE_DOMESTIC_INDEX_DAILY
2022-07-22,KOSDAQ,KOSDAQ,789.75,NAVER_FINANCE_DOMESTIC_INDEX_DAILY
2022-07-25,KOSDAQ,KOSDAQ,789.69,NAVER_FINANCE_DOMESTIC_INDEX_DAILY
2022-07-26,KOSDAQ,KOSDAQ,789.93,NAVER_FINANCE_DOMESTIC_INDEX_DAILY
2022-07-27,KOSDAQ,KOSDAQ,795.7,NAVER_FINANCE_DOMESTIC_INDEX_DAILY
2022-07-28,KOSDAQ,KOSDAQ,798.32,NAVER_FINANCE_DOMESTIC_INDEX_DAILY
2022-07-29,KOSDAQ,KOSDAQ,803.62,NAVER_FINANCE_DOMESTIC_INDEX_DAILY
2022-08-01,KOSDAQ,KOSDAQ,807.61,NAVER_FINANCE_DOMESTIC_INDEX_DAILY
2022-08-02,KOSDAQ,KOSDAQ,804.34,NAVER_FINANCE_DOMESTIC_INDEX_DAILY
2022-08-03,KOSDAQ,KOSDAQ,815.36,NAVER_FINANCE_DOMESTIC_INDEX_DAILY
2022-08-04,KOSDAQ,KOSDAQ,825.16,NAVER_FINANCE_DOMESTIC_INDEX_DAILY
2022-08-05,KOSDAQ,KOSDAQ,831.64,NAVER_FINANCE_DOMESTIC_INDEX_DAILY
2022-08-08,KOSDAQ,KOSDAQ,830.86,NAVER_FINANCE_DOMESTIC_INDEX_DAILY
2022-08-09,KOSDAQ,KOSDAQ,833.65,NAVER_FINANCE_DOMESTIC_INDEX_DAILY
2022-08-10,KOSDAQ,KOSDAQ,820.27,NAVER_FINANCE_DOMESTIC_INDEX_DAILY
2022-08-11,KOSDAQ,KOSDAQ,832.15,NAVER_FINANCE_DOMESTIC_INDEX_DAILY
2022-08-12,KOSDAQ,KOSDAQ,831.63,NAVER_FINANCE_DOMESTIC_INDEX_DAILY
2022-08-16,KOSDAQ,KOSDAQ,834.74,NAVER_FINANCE_DOMESTIC_INDEX_DAILY
2022-08-17,KOSDAQ,KOSDAQ,827.42,NAVER_FINANCE_DOMESTIC_INDEX_DAILY
2022-08-18,KOSDAQ,KOSDAQ,826.06,NAVER_FINANCE_DOMESTIC_INDEX_DAILY
2022-08-19,KOSDAQ,KOSDAQ,814.17,NAVER_FINANCE_DOMESTIC_INDEX_DAILY
2022-08-22,KOSDAQ,KOSDAQ,795.87,NAVER_FINANCE_DOMESTIC_INDEX_DAILY
2022-08-23,KOSDAQ,KOSDAQ,783.42,NAVER_FINANCE_DOMESTIC_INDEX_DAILY
2022-08-24,KOSDAQ,KOSDAQ,793.14,NAVER_FINANCE_DOMESTIC_INDEX_DAILY
2022-08-25,KOSDAQ,KOSDAQ,807.37,NAVER_FINANCE_DOMESTIC_INDEX_DAILY
2022-08-26,KOSDAQ,KOSDAQ,802.45,NAVER_FINANCE_DOMESTIC_INDEX_DAILY
2022-08-29,KOSDAQ,KOSDAQ,779.89,NAVER_FINANCE_DOMESTIC_INDEX_DAILY
2022-08-30,KOSDAQ,KOSDAQ,797.02,NAVER_FINANCE_DOMESTIC_INDEX_DAILY
2022-08-31,KOSDAQ,KOSDAQ,807.04,NAVER_FINANCE_DOMESTIC_INDEX_DAILY
2022-09-01,KOSDAQ,KOSDAQ,788.32,NAVER_FINANCE_DOMESTIC_INDEX_DAILY
2022-09-02,KOSDAQ,KOSDAQ,785.88,NAVER_FINANCE_DOMESTIC_INDEX_DAILY
2022-09-05,KOSDAQ,KOSDAQ,771.43,NAVER_FINANCE_DOMESTIC_INDEX_DAILY
2022-09-06,KOSDAQ,KOSDAQ,779.46,NAVER_FINANCE_DOMESTIC_INDEX_DAILY
2022-09-07,KOSDAQ,KOSDAQ,768.19,NAVER_FINANCE_DOMESTIC_INDEX_DAILY
2022-09-08,KOSDAQ,KOSDAQ,777.81,NAVER_FINANCE_DOMESTIC_INDEX_DAILY
2022-09-13,KOSDAQ,KOSDAQ,796.79,NAVER_FINANCE_DOMESTIC_INDEX_DAILY
2022-09-14,KOSDAQ,KOSDAQ,782.93,NAVER_FINANCE_DOMESTIC_INDEX_DAILY
2022-09-15,KOSDAQ,KOSDAQ,781.38,NAVER_FINANCE_DOMESTIC_INDEX_DAILY
2022-09-16,KOSDAQ,KOSDAQ,770.04,NAVER_FINANCE_DOMESTIC_INDEX_DAILY
2022-09-19,KOSDAQ,KOSDAQ,751.91,NAVER_FINANCE_DOMESTIC_INDEX_DAILY
2022-09-20,KOSDAQ,KOSDAQ,760.35,NAVER_FINANCE_DOMESTIC_INDEX_DAILY
2022-09-21,KOSDAQ,KOSDAQ,754.89,NAVER_FINANCE_DOMESTIC_INDEX_DAILY
2022-09-22,KOSDAQ,KOSDAQ,751.41,NAVER_FINANCE_DOMESTIC_INDEX_DAILY
2022-09-23,KOSDAQ,KOSDAQ,729.36,NAVER_FINANCE_DOMESTIC_INDEX_DAILY
2022-09-26,KOSDAQ,KOSDAQ,692.37,NAVER_FINANCE_DOMESTIC_INDEX_DAILY
2022-09-27,KOSDAQ,KOSDAQ,698.11,NAVER_FINANCE_DOMESTIC_INDEX_DAILY
2022-09-28,KOSDAQ,KOSDAQ,673.87,NAVER_FINANCE_DOMESTIC_INDEX_DAILY
2022-09-29,KOSDAQ,KOSDAQ,675.07,NAVER_FINANCE_DOMESTIC_INDEX_DAILY
2022-09-30,KOSDAQ,KOSDAQ,672.65,NAVER_FINANCE_DOMESTIC_INDEX_DAILY
2022-10-04,KOSDAQ,KOSDAQ,696.79,NAVER_FINANCE_DOMESTIC_INDEX_DAILY
2022-10-05,KOSDAQ,KOSDAQ,685.34,NAVER_FINANCE_DOMESTIC_INDEX_DAILY
2022-10-06,KOSDAQ,KOSDAQ,706.01,NAVER_FINANCE_DOMESTIC_INDEX_DAILY
2022-10-07,KOSDAQ,KOSDAQ,698.49,NAVER_FINANCE_DOMESTIC_INDEX_DAILY
2022-10-11,KOSDAQ,KOSDAQ,669.5,NAVER_FINANCE_DOMESTIC_INDEX_DAILY
2022-10-12,KOSDAQ,KOSDAQ,671.67,NAVER_FINANCE_DOMESTIC_INDEX_DAILY
2022-10-13,KOSDAQ,KOSDAQ,651.59,NAVER_FINANCE_DOMESTIC_INDEX_DAILY
2022-10-14,KOSDAQ,KOSDAQ,678.24,NAVER_FINANCE_DOMESTIC_INDEX_DAILY
2022-10-17,KOSDAQ,KOSDAQ,682.0,NAVER_FINANCE_DOMESTIC_INDEX_DAILY
2022-10-18,KOSDAQ,KOSDAQ,697.09,NAVER_FINANCE_DOMESTIC_INDEX_DAILY
2022-10-19,KOSDAQ,KOSDAQ,690.56,NAVER_FINANCE_DOMESTIC_INDEX_DAILY
2022-10-20,KOSDAQ,KOSDAQ,680.44,NAVER_FINANCE_DOMESTIC_INDEX_DAILY
2022-10-21,KOSDAQ,KOSDAQ,674.48,NAVER_FINANCE_DOMESTIC_INDEX_DAILY
2022-10-24,KOSDAQ,KOSDAQ,688.5,NAVER_FINANCE_DOMESTIC_INDEX_DAILY
2022-10-25,KOSDAQ,KOSDAQ,688.85,NAVER_FINANCE_DOMESTIC_INDEX_DAILY
2022-10-26,KOSDAQ,KOSDAQ,683.17,NAVER_FINANCE_DOMESTIC_INDEX_DAILY
2022-10-27,KOSDAQ,KOSDAQ,695.09,NAVER_FINANCE_DOMESTIC_INDEX_DAILY
2022-10-28,KOSDAQ,KOSDAQ,687.63,NAVER_FINANCE_DOMESTIC_INDEX_DAILY
2022-10-31,KOSDAQ,KOSDAQ,695.33,NAVER_FINANCE_DOMESTIC_INDEX_DAILY
2022-11-01,KOSDAQ,KOSDAQ,700.05,NAVER_FINANCE_DOMESTIC_INDEX_DAILY
2022-11-02,KOSDAQ,KOSDAQ,697.37,NAVER_FINANCE_DOMESTIC_INDEX_DAILY
2022-11-03,KOSDAQ,KOSDAQ,694.13,NAVER_FINANCE_DOMESTIC_INDEX_DAILY
2022-11-04,KOSDAQ,KOSDAQ,693.89,NAVER_FINANCE_DOMESTIC_INDEX_DAILY
2022-11-07,KOSDAQ,KOSDAQ,700.48,NAVER_FINANCE_DOMESTIC_INDEX_DAILY
2022-11-08,KOSDAQ,KOSDAQ,713.33,NAVER_FINANCE_DOMESTIC_INDEX_DAILY
2022-11-09,KOSDAQ,KOSDAQ,714.6,NAVER_FINANCE_DOMESTIC_INDEX_DAILY
2022-11-10,KOSDAQ,KOSDAQ,707.78,NAVER_FINANCE_DOMESTIC_INDEX_DAILY
2022-11-11,KOSDAQ,KOSDAQ,731.22,NAVER_FINANCE_DOMESTIC_INDEX_DAILY
2022-11-14,KOSDAQ,KOSDAQ,729.54,NAVER_FINANCE_DOMESTIC_INDEX_DAILY
2022-11-15,KOSDAQ,KOSDAQ,744.96,NAVER_FINANCE_DOMESTIC_INDEX_DAILY
2022-11-16,KOSDAQ,KOSDAQ,743.1,NAVER_FINANCE_DOMESTIC_INDEX_DAILY
2022-11-17,KOSDAQ,KOSDAQ,737.54,NAVER_FINANCE_DOMESTIC_INDEX_DAILY
2022-11-18,KOSDAQ,KOSDAQ,731.92,NAVER_FINANCE_DOMESTIC_INDEX_DAILY
2022-11-21,KOSDAQ,KOSDAQ,718.57,NAVER_FINANCE_DOMESTIC_INDEX_DAILY
2022-11-22,KOSDAQ,KOSDAQ,712.26,NAVER_FINANCE_DOMESTIC_INDEX_DAILY
2022-11-23,KOSDAQ,KOSDAQ,725.59,NAVER_FINANCE_DOMESTIC_INDEX_DAILY
2022-11-24,KOSDAQ,KOSDAQ,738.22,NAVER_FINANCE_DOMESTIC_INDEX_DAILY
2022-11-25,KOSDAQ,KOSDAQ,733.56,NAVER_FINANCE_DOMESTIC_INDEX_DAILY
2022-11-28,KOSDAQ,KOSDAQ,717.9,NAVER_FINANCE_DOMESTIC_INDEX_DAILY
2022-11-29,KOSDAQ,KOSDAQ,727.54,NAVER_FINANCE_DOMESTIC_INDEX_DAILY
2022-11-30,KOSDAQ,KOSDAQ,729.54,NAVER_FINANCE_DOMESTIC_INDEX_DAILY
2022-12-01,KOSDAQ,KOSDAQ,740.6,NAVER_FINANCE_DOMESTIC_INDEX_DAILY
2022-12-02,KOSDAQ,KOSDAQ,732.95,NAVER_FINANCE_DOMESTIC_INDEX_DAILY
2022-12-05,KOSDAQ,KOSDAQ,733.32,NAVER_FINANCE_DOMESTIC_INDEX_DAILY
2022-12-06,KOSDAQ,KOSDAQ,719.44,NAVER_FINANCE_DOMESTIC_INDEX_DAILY
2022-12-07,KOSDAQ,KOSDAQ,718.14,NAVER_FINANCE_DOMESTIC_INDEX_DAILY
2022-12-08,KOSDAQ,KOSDAQ,712.52,NAVER_FINANCE_DOMESTIC_INDEX_DAILY
2022-12-09,KOSDAQ,KOSDAQ,719.49,NAVER_FINANCE_DOMESTIC_INDEX_DAILY
2022-12-12,KOSDAQ,KOSDAQ,715.22,NAVER_FINANCE_DOMESTIC_INDEX_DAILY
2022-12-13,KOSDAQ,KOSDAQ,715.16,NAVER_FINANCE_DOMESTIC_INDEX_DAILY
2022-12-14,KOSDAQ,KOSDAQ,729.0,NAVER_FINANCE_DOMESTIC_INDEX_DAILY
2022-12-15,KOSDAQ,KOSDAQ,722.68,NAVER_FINANCE_DOMESTIC_INDEX_DAILY
2022-12-16,KOSDAQ,KOSDAQ,717.41,NAVER_FINANCE_DOMESTIC_INDEX_DAILY
2022-12-19,KOSDAQ,KOSDAQ,717.22,NAVER_FINANCE_DOMESTIC_INDEX_DAILY
2022-12-20,KOSDAQ,KOSDAQ,703.13,NAVER_FINANCE_DOMESTIC_INDEX_DAILY
2022-12-21,KOSDAQ,KOSDAQ,705.7,NAVER_FINANCE_DOMESTIC_INDEX_DAILY
2022-12-22,KOSDAQ,KOSDAQ,715.02,NAVER_FINANCE_DOMESTIC_INDEX_DAILY
2022-12-23,KOSDAQ,KOSDAQ,691.25,NAVER_FINANCE_DOMESTIC_INDEX_DAILY
2022-12-26,KOSDAQ,KOSDAQ,694.68,NAVER_FINANCE_DOMESTIC_INDEX_DAILY
2022-12-27,KOSDAQ,KOSDAQ,704.19,NAVER_FINANCE_DOMESTIC_INDEX_DAILY
2022-12-28,KOSDAQ,KOSDAQ,692.37,NAVER_FINANCE_DOMESTIC_INDEX_DAILY
2022-12-29,KOSDAQ,KOSDAQ,679.29,NAVER_FINANCE_DOMESTIC_INDEX_DAILY
2023-01-02,KOSDAQ,KOSDAQ,671.51,NAVER_FINANCE_DOMESTIC_INDEX_DAILY
2023-01-03,KOSDAQ,KOSDAQ,674.95,NAVER_FINANCE_DOMESTIC_INDEX_DAILY
2023-01-04,KOSDAQ,KOSDAQ,683.67,NAVER_FINANCE_DOMESTIC_INDEX_DAILY
2023-01-05,KOSDAQ,KOSDAQ,679.92,NAVER_FINANCE_DOMESTIC_INDEX_DAILY
2023-01-06,KOSDAQ,KOSDAQ,688.94,NAVER_FINANCE_DOMESTIC_INDEX_DAILY
2023-01-09,KOSDAQ,KOSDAQ,701.21,NAVER_FINANCE_DOMESTIC_INDEX_DAILY
2023-01-10,KOSDAQ,KOSDAQ,696.05,NAVER_FINANCE_DOMESTIC_INDEX_DAILY
2023-01-11,KOSDAQ,KOSDAQ,709.77,NAVER_FINANCE_DOMESTIC_INDEX_DAILY
2023-01-12,KOSDAQ,KOSDAQ,710.82,NAVER_FINANCE_DOMESTIC_INDEX_DAILY
2023-01-13,KOSDAQ,KOSDAQ,711.82,NAVER_FINANCE_DOMESTIC_INDEX_DAILY
2023-01-16,KOSDAQ,KOSDAQ,716.89,NAVER_FINANCE_DOMESTIC_INDEX_DAILY
2023-01-17,KOSDAQ,KOSDAQ,709.71,NAVER_FINANCE_DOMESTIC_INDEX_DAILY
2023-01-18,KOSDAQ,KOSDAQ,711.75,NAVER_FINANCE_DOMESTIC_INDEX_DAILY
2023-01-19,KOSDAQ,KOSDAQ,712.89,NAVER_FINANCE_DOMESTIC_INDEX_DAILY
2023-01-20,KOSDAQ,KOSDAQ,717.97,NAVER_FINANCE_DOMESTIC_INDEX_DAILY
2023-01-25,KOSDAQ,KOSDAQ,732.35,NAVER_FINANCE_DOMESTIC_INDEX_DAILY
2023-01-26,KOSDAQ,KOSDAQ,738.94,NAVER_FINANCE_DOMESTIC_INDEX_DAILY
2023-01-27,KOSDAQ,KOSDAQ,741.25,NAVER_FINANCE_DOMESTIC_INDEX_DAILY
2023-01-30,KOSDAQ,KOSDAQ,738.62,NAVER_FINANCE_DOMESTIC_INDEX_DAILY
2023-01-31,KOSDAQ,KOSDAQ,740.49,NAVER_FINANCE_DOMESTIC_INDEX_DAILY
2023-02-01,KOSDAQ,KOSDAQ,750.96,NAVER_FINANCE_DOMESTIC_INDEX_DAILY
2023-02-02,KOSDAQ,KOSDAQ,764.62,NAVER_FINANCE_DOMESTIC_INDEX_DAILY
2023-02-03,KOSDAQ,KOSDAQ,766.79,NAVER_FINANCE_DOMESTIC_INDEX_DAILY
2023-02-06,KOSDAQ,KOSDAQ,761.33,NAVER_FINANCE_DOMESTIC_INDEX_DAILY
2023-02-07,KOSDAQ,KOSDAQ,772.79,NAVER_FINANCE_DOMESTIC_INDEX_DAILY
2023-02-08,KOSDAQ,KOSDAQ,779.98,NAVER_FINANCE_DOMESTIC_INDEX_DAILY
2023-02-09,KOSDAQ,KOSDAQ,784.58,NAVER_FINANCE_DOMESTIC_INDEX_DAILY
2023-02-10,KOSDAQ,KOSDAQ,772.44,NAVER_FINANCE_DOMESTIC_INDEX_DAILY
2023-02-13,KOSDAQ,KOSDAQ,772.55,NAVER_FINANCE_DOMESTIC_INDEX_DAILY
2023-02-14,KOSDAQ,KOSDAQ,779.58,NAVER_FINANCE_DOMESTIC_INDEX_DAILY
2023-02-15,KOSDAQ,KOSDAQ,765.46,NAVER_FINANCE_DOMESTIC_INDEX_DAILY
2023-02-16,KOSDAQ,KOSDAQ,784.71,NAVER_FINANCE_DOMESTIC_INDEX_DAILY
2023-02-17,KOSDAQ,KOSDAQ,775.62,NAVER_FINANCE_DOMESTIC_INDEX_DAILY
2023-02-20,KOSDAQ,KOSDAQ,788.89,NAVER_FINANCE_DOMESTIC_INDEX_DAILY
2023-02-21,KOSDAQ,KOSDAQ,793.42,NAVER_FINANCE_DOMESTIC_INDEX_DAILY
2023-02-22,KOSDAQ,KOSDAQ,778.51,NAVER_FINANCE_DOMESTIC_INDEX_DAILY
2023-02-23,KOSDAQ,KOSDAQ,783.28,NAVER_FINANCE_DOMESTIC_INDEX_DAILY
2023-02-24,KOSDAQ,KOSDAQ,778.88,NAVER_FINANCE_DOMESTIC_INDEX_DAILY
2023-02-27,KOSDAQ,KOSDAQ,780.3,NAVER_FINANCE_DOMESTIC_INDEX_DAILY
2023-02-28,KOSDAQ,KOSDAQ,791.6,NAVER_FINANCE_DOMESTIC_INDEX_DAILY
2023-03-02,KOSDAQ,KOSDAQ,787.19,NAVER_FINANCE_DOMESTIC_INDEX_DAILY
2023-03-03,KOSDAQ,KOSDAQ,802.42,NAVER_FINANCE_DOMESTIC_INDEX_DAILY
2023-03-06,KOSDAQ,KOSDAQ,816.51,NAVER_FINANCE_DOMESTIC_INDEX_DAILY
2023-03-07,KOSDAQ,KOSDAQ,815.76,NAVER_FINANCE_DOMESTIC_INDEX_DAILY
2023-03-08,KOSDAQ,KOSDAQ,813.95,NAVER_FINANCE_DOMESTIC_INDEX_DAILY
2023-03-09,KOSDAQ,KOSDAQ,809.22,NAVER_FINANCE_DOMESTIC_INDEX_DAILY
2023-03-10,KOSDAQ,KOSDAQ,788.6,NAVER_FINANCE_DOMESTIC_INDEX_DAILY
2023-03-13,KOSDAQ,KOSDAQ,788.89,NAVER_FINANCE_DOMESTIC_INDEX_DAILY
2023-03-14,KOSDAQ,KOSDAQ,758.05,NAVER_FINANCE_DOMESTIC_INDEX_DAILY
2023-03-15,KOSDAQ,KOSDAQ,781.17,NAVER_FINANCE_DOMESTIC_INDEX_DAILY
2023-03-16,KOSDAQ,KOSDAQ,781.98,NAVER_FINANCE_DOMESTIC_INDEX_DAILY
2023-03-17,KOSDAQ,KOSDAQ,797.39,NAVER_FINANCE_DOMESTIC_INDEX_DAILY
2023-03-20,KOSDAQ,KOSDAQ,802.2,NAVER_FINANCE_DOMESTIC_INDEX_DAILY
2023-03-21,KOSDAQ,KOSDAQ,802.53,NAVER_FINANCE_DOMESTIC_INDEX_DAILY
2023-03-22,KOSDAQ,KOSDAQ,813.43,NAVER_FINANCE_DOMESTIC_INDEX_DAILY
2023-03-23,KOSDAQ,KOSDAQ,812.19,NAVER_FINANCE_DOMESTIC_INDEX_DAILY
2023-03-24,KOSDAQ,KOSDAQ,824.11,NAVER_FINANCE_DOMESTIC_INDEX_DAILY
2023-03-27,KOSDAQ,KOSDAQ,827.69,NAVER_FINANCE_DOMESTIC_INDEX_DAILY
2023-03-28,KOSDAQ,KOSDAQ,833.51,NAVER_FINANCE_DOMESTIC_INDEX_DAILY
2023-03-29,KOSDAQ,KOSDAQ,843.94,NAVER_FINANCE_DOMESTIC_INDEX_DAILY
2023-03-30,KOSDAQ,KOSDAQ,850.48,NAVER_FINANCE_DOMESTIC_INDEX_DAILY
2023-03-31,KOSDAQ,KOSDAQ,847.52,NAVER_FINANCE_DOMESTIC_INDEX_DAILY
2023-04-03,KOSDAQ,KOSDAQ,854.96,NAVER_FINANCE_DOMESTIC_INDEX_DAILY
2023-04-04,KOSDAQ,KOSDAQ,857.18,NAVER_FINANCE_DOMESTIC_INDEX_DAILY
2023-04-05,KOSDAQ,KOSDAQ,872.36,NAVER_FINANCE_DOMESTIC_INDEX_DAILY
2023-04-06,KOSDAQ,KOSDAQ,865.58,NAVER_FINANCE_DOMESTIC_INDEX_DAILY
2023-04-07,KOSDAQ,KOSDAQ,880.07,NAVER_FINANCE_DOMESTIC_INDEX_DAILY
2023-04-10,KOSDAQ,KOSDAQ,887.78,NAVER_FINANCE_DOMESTIC_INDEX_DAILY
2023-04-11,KOSDAQ,KOSDAQ,898.94,NAVER_FINANCE_DOMESTIC_INDEX_DAILY
2023-04-12,KOSDAQ,KOSDAQ,890.62,NAVER_FINANCE_DOMESTIC_INDEX_DAILY
2023-04-13,KOSDAQ,KOSDAQ,894.25,NAVER_FINANCE_DOMESTIC_INDEX_DAILY
2023-04-14,KOSDAQ,KOSDAQ,903.84,NAVER_FINANCE_DOMESTIC_INDEX_DAILY
2023-04-17,KOSDAQ,KOSDAQ,909.5,NAVER_FINANCE_DOMESTIC_INDEX_DAILY
2023-04-18,KOSDAQ,KOSDAQ,909.02,NAVER_FINANCE_DOMESTIC_INDEX_DAILY
2023-04-19,KOSDAQ,KOSDAQ,909.2,NAVER_FINANCE_DOMESTIC_INDEX_DAILY
2023-04-20,KOSDAQ,KOSDAQ,885.71,NAVER_FINANCE_DOMESTIC_INDEX_DAILY
2023-04-21,KOSDAQ,KOSDAQ,868.82,NAVER_FINANCE_DOMESTIC_INDEX_DAILY
2023-04-24,KOSDAQ,KOSDAQ,855.23,NAVER_FINANCE_DOMESTIC_INDEX_DAILY
2023-04-25,KOSDAQ,KOSDAQ,838.71,NAVER_FINANCE_DOMESTIC_INDEX_DAILY
2023-04-26,KOSDAQ,KOSDAQ,830.44,NAVER_FINANCE_DOMESTIC_INDEX_DAILY
2023-04-27,KOSDAQ,KOSDAQ,850.21,NAVER_FINANCE_DOMESTIC_INDEX_DAILY
2023-04-28,KOSDAQ,KOSDAQ,842.83,NAVER_FINANCE_DOMESTIC_INDEX_DAILY
2023-05-02,KOSDAQ,KOSDAQ,855.61,NAVER_FINANCE_DOMESTIC_INDEX_DAILY
2023-05-03,KOSDAQ,KOSDAQ,843.18,NAVER_FINANCE_DOMESTIC_INDEX_DAILY
2023-05-04,KOSDAQ,KOSDAQ,845.06,NAVER_FINANCE_DOMESTIC_INDEX_DAILY
2023-05-08,KOSDAQ,KOSDAQ,842.28,NAVER_FINANCE_DOMESTIC_INDEX_DAILY
2023-05-09,KOSDAQ,KOSDAQ,835.85,NAVER_FINANCE_DOMESTIC_INDEX_DAILY
2023-05-10,KOSDAQ,KOSDAQ,829.74,NAVER_FINANCE_DOMESTIC_INDEX_DAILY
2023-05-11,KOSDAQ,KOSDAQ,824.54,NAVER_FINANCE_DOMESTIC_INDEX_DAILY
2023-05-12,KOSDAQ,KOSDAQ,822.43,NAVER_FINANCE_DOMESTIC_INDEX_DAILY
2023-05-15,KOSDAQ,KOSDAQ,814.53,NAVER_FINANCE_DOMESTIC_INDEX_DAILY
2023-05-16,KOSDAQ,KOSDAQ,816.75,NAVER_FINANCE_DOMESTIC_INDEX_DAILY
2023-05-17,KOSDAQ,KOSDAQ,834.19,NAVER_FINANCE_DOMESTIC_INDEX_DAILY
2023-05-18,KOSDAQ,KOSDAQ,835.89,NAVER_FINANCE_DOMESTIC_INDEX_DAILY
2023-05-19,KOSDAQ,KOSDAQ,841.72,NAVER_FINANCE_DOMESTIC_INDEX_DAILY
2023-05-22,KOSDAQ,KOSDAQ,852.04,NAVER_FINANCE_DOMESTIC_INDEX_DAILY
2023-05-23,KOSDAQ,KOSDAQ,859.16,NAVER_FINANCE_DOMESTIC_INDEX_DAILY
2023-05-24,KOSDAQ,KOSDAQ,855.46,NAVER_FINANCE_DOMESTIC_INDEX_DAILY
2023-05-25,KOSDAQ,KOSDAQ,847.72,NAVER_FINANCE_DOMESTIC_INDEX_DAILY
2023-05-26,KOSDAQ,KOSDAQ,843.23,NAVER_FINANCE_DOMESTIC_INDEX_DAILY
2023-05-30,KOSDAQ,KOSDAQ,851.5,NAVER_FINANCE_DOMESTIC_INDEX_DAILY
2023-05-31,KOSDAQ,KOSDAQ,856.94,NAVER_FINANCE_DOMESTIC_INDEX_DAILY
2023-06-01,KOSDAQ,KOSDAQ,863.78,NAVER_FINANCE_DOMESTIC_INDEX_DAILY
2023-06-02,KOSDAQ,KOSDAQ,868.06,NAVER_FINANCE_DOMESTIC_INDEX_DAILY
2023-06-05,KOSDAQ,KOSDAQ,870.28,NAVER_FINANCE_DOMESTIC_INDEX_DAILY
2023-06-07,KOSDAQ,KOSDAQ,880.72,NAVER_FINANCE_DOMESTIC_INDEX_DAILY
2023-06-08,KOSDAQ,KOSDAQ,876.13,NAVER_FINANCE_DOMESTIC_INDEX_DAILY
2023-06-09,KOSDAQ,KOSDAQ,883.71,NAVER_FINANCE_DOMESTIC_INDEX_DAILY
2023-06-12,KOSDAQ,KOSDAQ,885.76,NAVER_FINANCE_DOMESTIC_INDEX_DAILY
2023-06-13,KOSDAQ,KOSDAQ,896.81,NAVER_FINANCE_DOMESTIC_INDEX_DAILY
2023-06-14,KOSDAQ,KOSDAQ,871.83,NAVER_FINANCE_DOMESTIC_INDEX_DAILY
2023-06-15,KOSDAQ,KOSDAQ,878.04,NAVER_FINANCE_DOMESTIC_INDEX_DAILY
2023-06-16,KOSDAQ,KOSDAQ,887.95,NAVER_FINANCE_DOMESTIC_INDEX_DAILY
2023-06-19,KOSDAQ,KOSDAQ,888.61,NAVER_FINANCE_DOMESTIC_INDEX_DAILY
2023-06-20,KOSDAQ,KOSDAQ,886.41,NAVER_FINANCE_DOMESTIC_INDEX_DAILY
2023-06-21,KOSDAQ,KOSDAQ,875.7,NAVER_FINANCE_DOMESTIC_INDEX_DAILY
2023-06-22,KOSDAQ,KOSDAQ,876.38,NAVER_FINANCE_DOMESTIC_INDEX_DAILY
2023-06-23,KOSDAQ,KOSDAQ,874.84,NAVER_FINANCE_DOMESTIC_INDEX_DAILY
2023-06-26,KOSDAQ,KOSDAQ,879.5,NAVER_FINANCE_DOMESTIC_INDEX_DAILY
2023-06-27,KOSDAQ,KOSDAQ,874.14,NAVER_FINANCE_DOMESTIC_INDEX_DAILY
2023-06-28,KOSDAQ,KOSDAQ,866.97,NAVER_FINANCE_DOMESTIC_INDEX_DAILY
2023-06-29,KOSDAQ,KOSDAQ,861.79,NAVER_FINANCE_DOMESTIC_INDEX_DAILY
2023-06-30,KOSDAQ,KOSDAQ,868.24,NAVER_FINANCE_DOMESTIC_INDEX_DAILY
2023-07-03,KOSDAQ,KOSDAQ,889.29,NAVER_FINANCE_DOMESTIC_INDEX_DAILY
2023-07-04,KOSDAQ,KOSDAQ,890.0,NAVER_FINANCE_DOMESTIC_INDEX_DAILY
2023-07-05,KOSDAQ,KOSDAQ,891.18,NAVER_FINANCE_DOMESTIC_INDEX_DAILY
2023-07-06,KOSDAQ,KOSDAQ,870.53,NAVER_FINANCE_DOMESTIC_INDEX_DAILY
2023-07-07,KOSDAQ,KOSDAQ,867.27,NAVER_FINANCE_DOMESTIC_INDEX_DAILY
2023-07-10,KOSDAQ,KOSDAQ,860.35,NAVER_FINANCE_DOMESTIC_INDEX_DAILY
2023-07-11,KOSDAQ,KOSDAQ,878.73,NAVER_FINANCE_DOMESTIC_INDEX_DAILY
2023-07-12,KOSDAQ,KOSDAQ,879.88,NAVER_FINANCE_DOMESTIC_INDEX_DAILY
2023-07-13,KOSDAQ,KOSDAQ,893.07,NAVER_FINANCE_DOMESTIC_INDEX_DAILY
2023-07-14,KOSDAQ,KOSDAQ,896.28,NAVER_FINANCE_DOMESTIC_INDEX_DAILY
2023-07-17,KOSDAQ,KOSDAQ,898.29,NAVER_FINANCE_DOMESTIC_INDEX_DAILY
2023-07-18,KOSDAQ,KOSDAQ,914.14,NAVER_FINANCE_DOMESTIC_INDEX_DAILY
2023-07-19,KOSDAQ,KOSDAQ,923.72,NAVER_FINANCE_DOMESTIC_INDEX_DAILY
2023-07-20,KOSDAQ,KOSDAQ,931.6,NAVER_FINANCE_DOMESTIC_INDEX_DAILY
2023-07-21,KOSDAQ,KOSDAQ,934.58,NAVER_FINANCE_DOMESTIC_INDEX_DAILY
2023-07-24,KOSDAQ,KOSDAQ,929.9,NAVER_FINANCE_DOMESTIC_INDEX_DAILY
2023-07-25,KOSDAQ,KOSDAQ,939.96,NAVER_FINANCE_DOMESTIC_INDEX_DAILY
2023-07-26,KOSDAQ,KOSDAQ,900.63,NAVER_FINANCE_DOMESTIC_INDEX_DAILY
2023-07-27,KOSDAQ,KOSDAQ,883.79,NAVER_FINANCE_DOMESTIC_INDEX_DAILY
2023-07-28,KOSDAQ,KOSDAQ,913.74,NAVER_FINANCE_DOMESTIC_INDEX_DAILY
2023-07-31,KOSDAQ,KOSDAQ,935.97,NAVER_FINANCE_DOMESTIC_INDEX_DAILY
2023-08-01,KOSDAQ,KOSDAQ,939.67,NAVER_FINANCE_DOMESTIC_INDEX_DAILY
2023-08-02,KOSDAQ,KOSDAQ,909.76,NAVER_FINANCE_DOMESTIC_INDEX_DAILY
2023-08-03,KOSDAQ,KOSDAQ,920.32,NAVER_FINANCE_DOMESTIC_INDEX_DAILY
2023-08-04,KOSDAQ,KOSDAQ,918.43,NAVER_FINANCE_DOMESTIC_INDEX_DAILY
2023-08-07,KOSDAQ,KOSDAQ,898.22,NAVER_FINANCE_DOMESTIC_INDEX_DAILY
2023-08-08,KOSDAQ,KOSDAQ,892.34,NAVER_FINANCE_DOMESTIC_INDEX_DAILY
2023-08-09,KOSDAQ,KOSDAQ,908.98,NAVER_FINANCE_DOMESTIC_INDEX_DAILY
2023-08-10,KOSDAQ,KOSDAQ,911.29,NAVER_FINANCE_DOMESTIC_INDEX_DAILY
2023-08-11,KOSDAQ,KOSDAQ,912.2,NAVER_FINANCE_DOMESTIC_INDEX_DAILY
2023-08-14,KOSDAQ,KOSDAQ,901.68,NAVER_FINANCE_DOMESTIC_INDEX_DAILY
2023-08-16,KOSDAQ,KOSDAQ,878.29,NAVER_FINANCE_DOMESTIC_INDEX_DAILY
2023-08-17,KOSDAQ,KOSDAQ,886.04,NAVER_FINANCE_DOMESTIC_INDEX_DAILY
2023-08-18,KOSDAQ,KOSDAQ,877.32,NAVER_FINANCE_DOMESTIC_INDEX_DAILY
2023-08-21,KOSDAQ,KOSDAQ,888.71,NAVER_FINANCE_DOMESTIC_INDEX_DAILY
2023-08-22,KOSDAQ,KOSDAQ,893.33,NAVER_FINANCE_DOMESTIC_INDEX_DAILY
2023-08-23,KOSDAQ,KOSDAQ,882.87,NAVER_FINANCE_DOMESTIC_INDEX_DAILY
2023-08-24,KOSDAQ,KOSDAQ,901.74,NAVER_FINANCE_DOMESTIC_INDEX_DAILY
2023-08-25,KOSDAQ,KOSDAQ,899.38,NAVER_FINANCE_DOMESTIC_INDEX_DAILY
2023-08-28,KOSDAQ,KOSDAQ,909.38,NAVER_FINANCE_DOMESTIC_INDEX_DAILY
2023-08-29,KOSDAQ,KOSDAQ,916.24,NAVER_FINANCE_DOMESTIC_INDEX_DAILY
2023-08-30,KOSDAQ,KOSDAQ,923.81,NAVER_FINANCE_DOMESTIC_INDEX_DAILY
2023-08-31,KOSDAQ,KOSDAQ,928.4,NAVER_FINANCE_DOMESTIC_INDEX_DAILY
2023-09-01,KOSDAQ,KOSDAQ,919.74,NAVER_FINANCE_DOMESTIC_INDEX_DAILY
2023-09-04,KOSDAQ,KOSDAQ,919.16,NAVER_FINANCE_DOMESTIC_INDEX_DAILY
2023-09-05,KOSDAQ,KOSDAQ,921.48,NAVER_FINANCE_DOMESTIC_INDEX_DAILY
2023-09-06,KOSDAQ,KOSDAQ,917.95,NAVER_FINANCE_DOMESTIC_INDEX_DAILY
2023-09-07,KOSDAQ,KOSDAQ,906.36,NAVER_FINANCE_DOMESTIC_INDEX_DAILY
2023-09-08,KOSDAQ,KOSDAQ,914.18,NAVER_FINANCE_DOMESTIC_INDEX_DAILY
2023-09-11,KOSDAQ,KOSDAQ,912.55,NAVER_FINANCE_DOMESTIC_INDEX_DAILY
2023-09-12,KOSDAQ,KOSDAQ,898.04,NAVER_FINANCE_DOMESTIC_INDEX_DAILY
2023-09-13,KOSDAQ,KOSDAQ,882.72,NAVER_FINANCE_DOMESTIC_INDEX_DAILY
2023-09-14,KOSDAQ,KOSDAQ,899.47,NAVER_FINANCE_DOMESTIC_INDEX_DAILY
2023-09-15,KOSDAQ,KOSDAQ,899.03,NAVER_FINANCE_DOMESTIC_INDEX_DAILY
2023-09-18,KOSDAQ,KOSDAQ,891.29,NAVER_FINANCE_DOMESTIC_INDEX_DAILY
2023-09-19,KOSDAQ,KOSDAQ,883.89,NAVER_FINANCE_DOMESTIC_INDEX_DAILY
2023-09-20,KOSDAQ,KOSDAQ,882.72,NAVER_FINANCE_DOMESTIC_INDEX_DAILY
2023-09-21,KOSDAQ,KOSDAQ,860.68,NAVER_FINANCE_DOMESTIC_INDEX_DAILY
2023-09-22,KOSDAQ,KOSDAQ,857.35,NAVER_FINANCE_DOMESTIC_INDEX_DAILY
2023-09-25,KOSDAQ,KOSDAQ,839.17,NAVER_FINANCE_DOMESTIC_INDEX_DAILY
2023-09-26,KOSDAQ,KOSDAQ,827.82,NAVER_FINANCE_DOMESTIC_INDEX_DAILY
2023-09-27,KOSDAQ,KOSDAQ,841.02,NAVER_FINANCE_DOMESTIC_INDEX_DAILY
2023-10-04,KOSDAQ,KOSDAQ,807.4,NAVER_FINANCE_DOMESTIC_INDEX_DAILY
2023-10-05,KOSDAQ,KOSDAQ,801.02,NAVER_FINANCE_DOMESTIC_INDEX_DAILY
2023-10-06,KOSDAQ,KOSDAQ,816.39,NAVER_FINANCE_DOMESTIC_INDEX_DAILY
2023-10-10,KOSDAQ,KOSDAQ,795.0,NAVER_FINANCE_DOMESTIC_INDEX_DAILY
2023-10-11,KOSDAQ,KOSDAQ,817.12,NAVER_FINANCE_DOMESTIC_INDEX_DAILY
2023-10-12,KOSDAQ,KOSDAQ,835.49,NAVER_FINANCE_DOMESTIC_INDEX_DAILY
2023-10-13,KOSDAQ,KOSDAQ,822.78,NAVER_FINANCE_DOMESTIC_INDEX_DAILY
2023-10-16,KOSDAQ,KOSDAQ,810.54,NAVER_FINANCE_DOMESTIC_INDEX_DAILY
2023-10-17,KOSDAQ,KOSDAQ,820.38,NAVER_FINANCE_DOMESTIC_INDEX_DAILY
2023-10-18,KOSDAQ,KOSDAQ,808.89,NAVER_FINANCE_DOMESTIC_INDEX_DAILY
2023-10-19,KOSDAQ,KOSDAQ,784.04,NAVER_FINANCE_DOMESTIC_INDEX_DAILY
2023-10-20,KOSDAQ,KOSDAQ,769.25,NAVER_FINANCE_DOMESTIC_INDEX_DAILY
2023-10-23,KOSDAQ,KOSDAQ,763.69,NAVER_FINANCE_DOMESTIC_INDEX_DAILY
2023-10-24,KOSDAQ,KOSDAQ,784.86,NAVER_FINANCE_DOMESTIC_INDEX_DAILY
2023-10-25,KOSDAQ,KOSDAQ,770.84,NAVER_FINANCE_DOMESTIC_INDEX_DAILY
2023-10-26,KOSDAQ,KOSDAQ,743.85,NAVER_FINANCE_DOMESTIC_INDEX_DAILY
2023-10-27,KOSDAQ,KOSDAQ,748.49,NAVER_FINANCE_DOMESTIC_INDEX_DAILY
2023-10-30,KOSDAQ,KOSDAQ,757.12,NAVER_FINANCE_DOMESTIC_INDEX_DAILY
2023-10-31,KOSDAQ,KOSDAQ,736.1,NAVER_FINANCE_DOMESTIC_INDEX_DAILY
2023-11-01,KOSDAQ,KOSDAQ,739.23,NAVER_FINANCE_DOMESTIC_INDEX_DAILY
2023-11-02,KOSDAQ,KOSDAQ,772.84,NAVER_FINANCE_DOMESTIC_INDEX_DAILY
2023-11-03,KOSDAQ,KOSDAQ,782.05,NAVER_FINANCE_DOMESTIC_INDEX_DAILY
2023-11-06,KOSDAQ,KOSDAQ,839.45,NAVER_FINANCE_DOMESTIC_INDEX_DAILY
2023-11-07,KOSDAQ,KOSDAQ,824.37,NAVER_FINANCE_DOMESTIC_INDEX_DAILY
2023-11-08,KOSDAQ,KOSDAQ,811.02,NAVER_FINANCE_DOMESTIC_INDEX_DAILY
2023-11-09,KOSDAQ,KOSDAQ,802.87,NAVER_FINANCE_DOMESTIC_INDEX_DAILY
2023-11-10,KOSDAQ,KOSDAQ,789.31,NAVER_FINANCE_DOMESTIC_INDEX_DAILY
2023-11-13,KOSDAQ,KOSDAQ,774.42,NAVER_FINANCE_DOMESTIC_INDEX_DAILY
2023-11-14,KOSDAQ,KOSDAQ,794.19,NAVER_FINANCE_DOMESTIC_INDEX_DAILY
2023-11-15,KOSDAQ,KOSDAQ,809.36,NAVER_FINANCE_DOMESTIC_INDEX_DAILY
2023-11-16,KOSDAQ,KOSDAQ,811.11,NAVER_FINANCE_DOMESTIC_INDEX_DAILY
2023-11-17,KOSDAQ,KOSDAQ,799.06,NAVER_FINANCE_DOMESTIC_INDEX_DAILY
2023-11-20,KOSDAQ,KOSDAQ,813.08,NAVER_FINANCE_DOMESTIC_INDEX_DAILY
2023-11-21,KOSDAQ,KOSDAQ,817.01,NAVER_FINANCE_DOMESTIC_INDEX_DAILY
2023-11-22,KOSDAQ,KOSDAQ,814.61,NAVER_FINANCE_DOMESTIC_INDEX_DAILY
2023-11-23,KOSDAQ,KOSDAQ,815.98,NAVER_FINANCE_DOMESTIC_INDEX_DAILY
2023-11-24,KOSDAQ,KOSDAQ,815.0,NAVER_FINANCE_DOMESTIC_INDEX_DAILY
2023-11-27,KOSDAQ,KOSDAQ,810.25,NAVER_FINANCE_DOMESTIC_INDEX_DAILY
2023-11-28,KOSDAQ,KOSDAQ,816.44,NAVER_FINANCE_DOMESTIC_INDEX_DAILY
2023-11-29,KOSDAQ,KOSDAQ,822.44,NAVER_FINANCE_DOMESTIC_INDEX_DAILY
2023-11-30,KOSDAQ,KOSDAQ,831.68,NAVER_FINANCE_DOMESTIC_INDEX_DAILY
2023-12-01,KOSDAQ,KOSDAQ,827.24,NAVER_FINANCE_DOMESTIC_INDEX_DAILY
2023-12-04,KOSDAQ,KOSDAQ,828.52,NAVER_FINANCE_DOMESTIC_INDEX_DAILY
2023-12-05,KOSDAQ,KOSDAQ,813.38,NAVER_FINANCE_DOMESTIC_INDEX_DAILY
2023-12-06,KOSDAQ,KOSDAQ,819.54,NAVER_FINANCE_DOMESTIC_INDEX_DAILY
2023-12-07,KOSDAQ,KOSDAQ,813.2,NAVER_FINANCE_DOMESTIC_INDEX_DAILY
2023-12-08,KOSDAQ,KOSDAQ,830.37,NAVER_FINANCE_DOMESTIC_INDEX_DAILY
2023-12-11,KOSDAQ,KOSDAQ,835.25,NAVER_FINANCE_DOMESTIC_INDEX_DAILY
2023-12-12,KOSDAQ,KOSDAQ,839.53,NAVER_FINANCE_DOMESTIC_INDEX_DAILY
2023-12-13,KOSDAQ,KOSDAQ,829.31,NAVER_FINANCE_DOMESTIC_INDEX_DAILY
2023-12-14,KOSDAQ,KOSDAQ,840.59,NAVER_FINANCE_DOMESTIC_INDEX_DAILY
2023-12-15,KOSDAQ,KOSDAQ,838.31,NAVER_FINANCE_DOMESTIC_INDEX_DAILY
2023-12-18,KOSDAQ,KOSDAQ,850.96,NAVER_FINANCE_DOMESTIC_INDEX_DAILY
2023-12-19,KOSDAQ,KOSDAQ,858.3,NAVER_FINANCE_DOMESTIC_INDEX_DAILY
2023-12-20,KOSDAQ,KOSDAQ,862.98,NAVER_FINANCE_DOMESTIC_INDEX_DAILY
2023-12-21,KOSDAQ,KOSDAQ,859.44,NAVER_FINANCE_DOMESTIC_INDEX_DAILY
2023-12-22,KOSDAQ,KOSDAQ,854.62,NAVER_FINANCE_DOMESTIC_INDEX_DAILY
2023-12-26,KOSDAQ,KOSDAQ,848.34,NAVER_FINANCE_DOMESTIC_INDEX_DAILY
2023-12-27,KOSDAQ,KOSDAQ,859.79,NAVER_FINANCE_DOMESTIC_INDEX_DAILY
2023-12-28,KOSDAQ,KOSDAQ,866.57,NAVER_FINANCE_DOMESTIC_INDEX_DAILY
2024-01-02,KOSDAQ,KOSDAQ,878.93,NAVER_FINANCE_DOMESTIC_INDEX_DAILY
2024-01-03,KOSDAQ,KOSDAQ,871.57,NAVER_FINANCE_DOMESTIC_INDEX_DAILY
2024-01-04,KOSDAQ,KOSDAQ,866.25,NAVER_FINANCE_DOMESTIC_INDEX_DAILY
2024-01-05,KOSDAQ,KOSDAQ,878.33,NAVER_FINANCE_DOMESTIC_INDEX_DAILY
2024-01-08,KOSDAQ,KOSDAQ,879.34,NAVER_FINANCE_DOMESTIC_INDEX_DAILY
2024-01-09,KOSDAQ,KOSDAQ,884.64,NAVER_FINANCE_DOMESTIC_INDEX_DAILY
2024-01-10,KOSDAQ,KOSDAQ,875.46,NAVER_FINANCE_DOMESTIC_INDEX_DAILY
2024-01-11,KOSDAQ,KOSDAQ,882.53,NAVER_FINANCE_DOMESTIC_INDEX_DAILY
2024-01-12,KOSDAQ,KOSDAQ,868.08,NAVER_FINANCE_DOMESTIC_INDEX_DAILY
2024-01-15,KOSDAQ,KOSDAQ,859.71,NAVER_FINANCE_DOMESTIC_INDEX_DAILY
2024-01-16,KOSDAQ,KOSDAQ,854.83,NAVER_FINANCE_DOMESTIC_INDEX_DAILY
2024-01-17,KOSDAQ,KOSDAQ,833.05,NAVER_FINANCE_DOMESTIC_INDEX_DAILY
2024-01-18,KOSDAQ,KOSDAQ,840.33,NAVER_FINANCE_DOMESTIC_INDEX_DAILY
2024-01-19,KOSDAQ,KOSDAQ,842.67,NAVER_FINANCE_DOMESTIC_INDEX_DAILY
2024-01-22,KOSDAQ,KOSDAQ,839.69,NAVER_FINANCE_DOMESTIC_INDEX_DAILY
2024-01-23,KOSDAQ,KOSDAQ,840.11,NAVER_FINANCE_DOMESTIC_INDEX_DAILY
2024-01-24,KOSDAQ,KOSDAQ,836.21,NAVER_FINANCE_DOMESTIC_INDEX_DAILY
2024-01-25,KOSDAQ,KOSDAQ,823.74,NAVER_FINANCE_DOMESTIC_INDEX_DAILY
2024-01-26,KOSDAQ,KOSDAQ,837.24,NAVER_FINANCE_DOMESTIC_INDEX_DAILY
2024-01-29,KOSDAQ,KOSDAQ,819.14,NAVER_FINANCE_DOMESTIC_INDEX_DAILY
2024-01-30,KOSDAQ,KOSDAQ,818.86,NAVER_FINANCE_DOMESTIC_INDEX_DAILY
2024-01-31,KOSDAQ,KOSDAQ,799.24,NAVER_FINANCE_DOMESTIC_INDEX_DAILY
2024-02-01,KOSDAQ,KOSDAQ,798.73,NAVER_FINANCE_DOMESTIC_INDEX_DAILY
2024-02-02,KOSDAQ,KOSDAQ,814.77,NAVER_FINANCE_DOMESTIC_INDEX_DAILY
2024-02-05,KOSDAQ,KOSDAQ,807.99,NAVER_FINANCE_DOMESTIC_INDEX_DAILY
2024-02-06,KOSDAQ,KOSDAQ,807.03,NAVER_FINANCE_DOMESTIC_INDEX_DAILY
2024-02-07,KOSDAQ,KOSDAQ,811.92,NAVER_FINANCE_DOMESTIC_INDEX_DAILY
2024-02-08,KOSDAQ,KOSDAQ,826.58,NAVER_FINANCE_DOMESTIC_INDEX_DAILY
2024-02-13,KOSDAQ,KOSDAQ,845.15,NAVER_FINANCE_DOMESTIC_INDEX_DAILY
2024-02-14,KOSDAQ,KOSDAQ,853.3,NAVER_FINANCE_DOMESTIC_INDEX_DAILY
2024-02-15,KOSDAQ,KOSDAQ,859.21,NAVER_FINANCE_DOMESTIC_INDEX_DAILY
2024-02-16,KOSDAQ,KOSDAQ,857.6,NAVER_FINANCE_DOMESTIC_INDEX_DAILY
2024-02-19,KOSDAQ,KOSDAQ,858.47,NAVER_FINANCE_DOMESTIC_INDEX_DAILY
2024-02-20,KOSDAQ,KOSDAQ,866.17,NAVER_FINANCE_DOMESTIC_INDEX_DAILY
2024-02-21,KOSDAQ,KOSDAQ,864.07,NAVER_FINANCE_DOMESTIC_INDEX_DAILY
2024-02-22,KOSDAQ,KOSDAQ,870.11,NAVER_FINANCE_DOMESTIC_INDEX_DAILY
2024-02-23,KOSDAQ,KOSDAQ,868.57,NAVER_FINANCE_DOMESTIC_INDEX_DAILY
2024-02-26,KOSDAQ,KOSDAQ,867.4,NAVER_FINANCE_DOMESTIC_INDEX_DAILY
2024-02-27,KOSDAQ,KOSDAQ,853.75,NAVER_FINANCE_DOMESTIC_INDEX_DAILY
2024-02-28,KOSDAQ,KOSDAQ,863.39,NAVER_FINANCE_DOMESTIC_INDEX_DAILY
2024-02-29,KOSDAQ,KOSDAQ,862.96,NAVER_FINANCE_DOMESTIC_INDEX_DAILY
2024-03-04,KOSDAQ,KOSDAQ,872.97,NAVER_FINANCE_DOMESTIC_INDEX_DAILY
2024-03-05,KOSDAQ,KOSDAQ,866.37,NAVER_FINANCE_DOMESTIC_INDEX_DAILY
2024-03-06,KOSDAQ,KOSDAQ,870.67,NAVER_FINANCE_DOMESTIC_INDEX_DAILY
2024-03-07,KOSDAQ,KOSDAQ,863.37,NAVER_FINANCE_DOMESTIC_INDEX_DAILY
2024-03-08,KOSDAQ,KOSDAQ,873.18,NAVER_FINANCE_DOMESTIC_INDEX_DAILY
2024-03-11,KOSDAQ,KOSDAQ,875.93,NAVER_FINANCE_DOMESTIC_INDEX_DAILY
2024-03-12,KOSDAQ,KOSDAQ,889.71,NAVER_FINANCE_DOMESTIC_INDEX_DAILY
2024-03-13,KOSDAQ,KOSDAQ,889.93,NAVER_FINANCE_DOMESTIC_INDEX_DAILY
2024-03-14,KOSDAQ,KOSDAQ,887.52,NAVER_FINANCE_DOMESTIC_INDEX_DAILY
2024-03-15,KOSDAQ,KOSDAQ,880.46,NAVER_FINANCE_DOMESTIC_INDEX_DAILY
2024-03-18,KOSDAQ,KOSDAQ,894.48,NAVER_FINANCE_DOMESTIC_INDEX_DAILY
2024-03-19,KOSDAQ,KOSDAQ,891.91,NAVER_FINANCE_DOMESTIC_INDEX_DAILY
2024-03-20,KOSDAQ,KOSDAQ,891.45,NAVER_FINANCE_DOMESTIC_INDEX_DAILY
2024-03-21,KOSDAQ,KOSDAQ,904.29,NAVER_FINANCE_DOMESTIC_INDEX_DAILY
2024-03-22,KOSDAQ,KOSDAQ,903.98,NAVER_FINANCE_DOMESTIC_INDEX_DAILY
2024-03-25,KOSDAQ,KOSDAQ,913.69,NAVER_FINANCE_DOMESTIC_INDEX_DAILY
2024-03-26,KOSDAQ,KOSDAQ,916.09,NAVER_FINANCE_DOMESTIC_INDEX_DAILY
2024-03-27,KOSDAQ,KOSDAQ,911.25,NAVER_FINANCE_DOMESTIC_INDEX_DAILY
2024-03-28,KOSDAQ,KOSDAQ,910.05,NAVER_FINANCE_DOMESTIC_INDEX_DAILY
2024-03-29,KOSDAQ,KOSDAQ,905.5,NAVER_FINANCE_DOMESTIC_INDEX_DAILY
2024-04-01,KOSDAQ,KOSDAQ,912.45,NAVER_FINANCE_DOMESTIC_INDEX_DAILY
2024-04-02,KOSDAQ,KOSDAQ,891.59,NAVER_FINANCE_DOMESTIC_INDEX_DAILY
2024-04-03,KOSDAQ,KOSDAQ,879.96,NAVER_FINANCE_DOMESTIC_INDEX_DAILY
2024-04-04,KOSDAQ,KOSDAQ,882.9,NAVER_FINANCE_DOMESTIC_INDEX_DAILY
2024-04-05,KOSDAQ,KOSDAQ,872.29,NAVER_FINANCE_DOMESTIC_INDEX_DAILY
2024-04-08,KOSDAQ,KOSDAQ,860.57,NAVER_FINANCE_DOMESTIC_INDEX_DAILY
2024-04-09,KOSDAQ,KOSDAQ,859.33,NAVER_FINANCE_DOMESTIC_INDEX_DAILY
2024-04-11,KOSDAQ,KOSDAQ,858.1,NAVER_FINANCE_DOMESTIC_INDEX_DAILY
2024-04-12,KOSDAQ,KOSDAQ,860.47,NAVER_FINANCE_DOMESTIC_INDEX_DAILY
2024-04-15,KOSDAQ,KOSDAQ,852.42,NAVER_FINANCE_DOMESTIC_INDEX_DAILY
2024-04-16,KOSDAQ,KOSDAQ,832.81,NAVER_FINANCE_DOMESTIC_INDEX_DAILY
2024-04-17,KOSDAQ,KOSDAQ,833.03,NAVER_FINANCE_DOMESTIC_INDEX_DAILY
2024-04-18,KOSDAQ,KOSDAQ,855.65,NAVER_FINANCE_DOMESTIC_INDEX_DAILY
2024-04-19,KOSDAQ,KOSDAQ,841.91,NAVER_FINANCE_DOMESTIC_INDEX_DAILY
2024-04-22,KOSDAQ,KOSDAQ,845.82,NAVER_FINANCE_DOMESTIC_INDEX_DAILY
2024-04-23,KOSDAQ,KOSDAQ,845.44,NAVER_FINANCE_DOMESTIC_INDEX_DAILY
2024-04-24,KOSDAQ,KOSDAQ,862.23,NAVER_FINANCE_DOMESTIC_INDEX_DAILY
2024-04-25,KOSDAQ,KOSDAQ,853.26,NAVER_FINANCE_DOMESTIC_INDEX_DAILY
2024-04-26,KOSDAQ,KOSDAQ,856.82,NAVER_FINANCE_DOMESTIC_INDEX_DAILY
2024-04-29,KOSDAQ,KOSDAQ,869.72,NAVER_FINANCE_DOMESTIC_INDEX_DAILY
2024-04-30,KOSDAQ,KOSDAQ,868.93,NAVER_FINANCE_DOMESTIC_INDEX_DAILY
2024-05-02,KOSDAQ,KOSDAQ,867.48,NAVER_FINANCE_DOMESTIC_INDEX_DAILY
2024-05-03,KOSDAQ,KOSDAQ,865.59,NAVER_FINANCE_DOMESTIC_INDEX_DAILY
2024-05-07,KOSDAQ,KOSDAQ,871.26,NAVER_FINANCE_DOMESTIC_INDEX_DAILY
2024-05-08,KOSDAQ,KOSDAQ,872.42,NAVER_FINANCE_DOMESTIC_INDEX_DAILY
2024-05-09,KOSDAQ,KOSDAQ,870.15,NAVER_FINANCE_DOMESTIC_INDEX_DAILY
2024-05-10,KOSDAQ,KOSDAQ,864.16,NAVER_FINANCE_DOMESTIC_INDEX_DAILY
2024-05-13,KOSDAQ,KOSDAQ,854.43,NAVER_FINANCE_DOMESTIC_INDEX_DAILY
2024-05-14,KOSDAQ,KOSDAQ,862.15,NAVER_FINANCE_DOMESTIC_INDEX_DAILY
2024-05-16,KOSDAQ,KOSDAQ,870.37,NAVER_FINANCE_DOMESTIC_INDEX_DAILY
2024-05-17,KOSDAQ,KOSDAQ,855.06,NAVER_FINANCE_DOMESTIC_INDEX_DAILY
2024-05-20,KOSDAQ,KOSDAQ,847.08,NAVER_FINANCE_DOMESTIC_INDEX_DAILY
2024-05-21,KOSDAQ,KOSDAQ,846.51,NAVER_FINANCE_DOMESTIC_INDEX_DAILY
2024-05-22,KOSDAQ,KOSDAQ,845.72,NAVER_FINANCE_DOMESTIC_INDEX_DAILY
2024-05-23,KOSDAQ,KOSDAQ,846.58,NAVER_FINANCE_DOMESTIC_INDEX_DAILY
2024-05-24,KOSDAQ,KOSDAQ,839.41,NAVER_FINANCE_DOMESTIC_INDEX_DAILY
2024-05-27,KOSDAQ,KOSDAQ,847.99,NAVER_FINANCE_DOMESTIC_INDEX_DAILY
2024-05-28,KOSDAQ,KOSDAQ,851.01,NAVER_FINANCE_DOMESTIC_INDEX_DAILY
2024-05-29,KOSDAQ,KOSDAQ,838.45,NAVER_FINANCE_DOMESTIC_INDEX_DAILY
2024-05-30,KOSDAQ,KOSDAQ,831.99,NAVER_FINANCE_DOMESTIC_INDEX_DAILY
2024-05-31,KOSDAQ,KOSDAQ,839.98,NAVER_FINANCE_DOMESTIC_INDEX_DAILY
2024-06-03,KOSDAQ,KOSDAQ,844.72,NAVER_FINANCE_DOMESTIC_INDEX_DAILY
2024-06-04,KOSDAQ,KOSDAQ,845.84,NAVER_FINANCE_DOMESTIC_INDEX_DAILY
2024-06-05,KOSDAQ,KOSDAQ,850.75,NAVER_FINANCE_DOMESTIC_INDEX_DAILY
2024-06-07,KOSDAQ,KOSDAQ,866.18,NAVER_FINANCE_DOMESTIC_INDEX_DAILY
2024-06-10,KOSDAQ,KOSDAQ,864.71,NAVER_FINANCE_DOMESTIC_INDEX_DAILY
2024-06-11,KOSDAQ,KOSDAQ,868.36,NAVER_FINANCE_DOMESTIC_INDEX_DAILY
2024-06-12,KOSDAQ,KOSDAQ,870.67,NAVER_FINANCE_DOMESTIC_INDEX_DAILY
2024-06-13,KOSDAQ,KOSDAQ,871.33,NAVER_FINANCE_DOMESTIC_INDEX_DAILY
2024-06-14,KOSDAQ,KOSDAQ,862.19,NAVER_FINANCE_DOMESTIC_INDEX_DAILY
2024-06-17,KOSDAQ,KOSDAQ,858.96,NAVER_FINANCE_DOMESTIC_INDEX_DAILY
2024-06-18,KOSDAQ,KOSDAQ,858.95,NAVER_FINANCE_DOMESTIC_INDEX_DAILY
2024-06-19,KOSDAQ,KOSDAQ,861.17,NAVER_FINANCE_DOMESTIC_INDEX_DAILY
2024-06-20,KOSDAQ,KOSDAQ,857.51,NAVER_FINANCE_DOMESTIC_INDEX_DAILY
2024-06-21,KOSDAQ,KOSDAQ,852.67,NAVER_FINANCE_DOMESTIC_INDEX_DAILY
2024-06-24,KOSDAQ,KOSDAQ,841.52,NAVER_FINANCE_DOMESTIC_INDEX_DAILY
2024-06-25,KOSDAQ,KOSDAQ,841.99,NAVER_FINANCE_DOMESTIC_INDEX_DAILY
2024-06-26,KOSDAQ,KOSDAQ,842.12,NAVER_FINANCE_DOMESTIC_INDEX_DAILY
2024-06-27,KOSDAQ,KOSDAQ,838.65,NAVER_FINANCE_DOMESTIC_INDEX_DAILY
2024-06-28,KOSDAQ,KOSDAQ,840.44,NAVER_FINANCE_DOMESTIC_INDEX_DAILY
2024-07-01,KOSDAQ,KOSDAQ,847.15,NAVER_FINANCE_DOMESTIC_INDEX_DAILY
2024-07-02,KOSDAQ,KOSDAQ,829.91,NAVER_FINANCE_DOMESTIC_INDEX_DAILY
2024-07-03,KOSDAQ,KOSDAQ,836.1,NAVER_FINANCE_DOMESTIC_INDEX_DAILY
2024-07-04,KOSDAQ,KOSDAQ,840.81,NAVER_FINANCE_DOMESTIC_INDEX_DAILY
2024-07-05,KOSDAQ,KOSDAQ,847.49,NAVER_FINANCE_DOMESTIC_INDEX_DAILY
2024-07-08,KOSDAQ,KOSDAQ,859.27,NAVER_FINANCE_DOMESTIC_INDEX_DAILY
2024-07-09,KOSDAQ,KOSDAQ,860.42,NAVER_FINANCE_DOMESTIC_INDEX_DAILY
2024-07-10,KOSDAQ,KOSDAQ,858.55,NAVER_FINANCE_DOMESTIC_INDEX_DAILY
2024-07-11,KOSDAQ,KOSDAQ,852.42,NAVER_FINANCE_DOMESTIC_INDEX_DAILY
2024-07-12,KOSDAQ,KOSDAQ,850.37,NAVER_FINANCE_DOMESTIC_INDEX_DAILY
2024-07-15,KOSDAQ,KOSDAQ,852.88,NAVER_FINANCE_DOMESTIC_INDEX_DAILY
2024-07-16,KOSDAQ,KOSDAQ,839.61,NAVER_FINANCE_DOMESTIC_INDEX_DAILY
2024-07-17,KOSDAQ,KOSDAQ,829.41,NAVER_FINANCE_DOMESTIC_INDEX_DAILY
2024-07-18,KOSDAQ,KOSDAQ,822.48,NAVER_FINANCE_DOMESTIC_INDEX_DAILY
2024-07-19,KOSDAQ,KOSDAQ,828.72,NAVER_FINANCE_DOMESTIC_INDEX_DAILY
2024-07-22,KOSDAQ,KOSDAQ,809.96,NAVER_FINANCE_DOMESTIC_INDEX_DAILY
2024-07-23,KOSDAQ,KOSDAQ,812.12,NAVER_FINANCE_DOMESTIC_INDEX_DAILY
2024-07-24,KOSDAQ,KOSDAQ,814.25,NAVER_FINANCE_DOMESTIC_INDEX_DAILY
2024-07-25,KOSDAQ,KOSDAQ,797.29,NAVER_FINANCE_DOMESTIC_INDEX_DAILY
2024-07-26,KOSDAQ,KOSDAQ,797.56,NAVER_FINANCE_DOMESTIC_INDEX_DAILY
2024-07-29,KOSDAQ,KOSDAQ,807.99,NAVER_FINANCE_DOMESTIC_INDEX_DAILY
2024-07-30,KOSDAQ,KOSDAQ,803.78,NAVER_FINANCE_DOMESTIC_INDEX_DAILY
2024-07-31,KOSDAQ,KOSDAQ,803.15,NAVER_FINANCE_DOMESTIC_INDEX_DAILY
2024-08-01,KOSDAQ,KOSDAQ,813.53,NAVER_FINANCE_DOMESTIC_INDEX_DAILY
2024-08-02,KOSDAQ,KOSDAQ,779.33,NAVER_FINANCE_DOMESTIC_INDEX_DAILY
2024-08-05,KOSDAQ,KOSDAQ,691.28,NAVER_FINANCE_DOMESTIC_INDEX_DAILY
2024-08-06,KOSDAQ,KOSDAQ,732.87,NAVER_FINANCE_DOMESTIC_INDEX_DAILY
2024-08-07,KOSDAQ,KOSDAQ,748.54,NAVER_FINANCE_DOMESTIC_INDEX_DAILY
2024-08-08,KOSDAQ,KOSDAQ,745.28,NAVER_FINANCE_DOMESTIC_INDEX_DAILY
2024-08-09,KOSDAQ,KOSDAQ,764.43,NAVER_FINANCE_DOMESTIC_INDEX_DAILY
2024-08-12,KOSDAQ,KOSDAQ,772.72,NAVER_FINANCE_DOMESTIC_INDEX_DAILY
2024-08-13,KOSDAQ,KOSDAQ,764.86,NAVER_FINANCE_DOMESTIC_INDEX_DAILY
2024-08-14,KOSDAQ,KOSDAQ,776.83,NAVER_FINANCE_DOMESTIC_INDEX_DAILY
2024-08-16,KOSDAQ,KOSDAQ,786.33,NAVER_FINANCE_DOMESTIC_INDEX_DAILY
2024-08-19,KOSDAQ,KOSDAQ,777.47,NAVER_FINANCE_DOMESTIC_INDEX_DAILY
2024-08-20,KOSDAQ,KOSDAQ,787.44,NAVER_FINANCE_DOMESTIC_INDEX_DAILY
2024-08-21,KOSDAQ,KOSDAQ,779.87,NAVER_FINANCE_DOMESTIC_INDEX_DAILY
2024-08-22,KOSDAQ,KOSDAQ,773.47,NAVER_FINANCE_DOMESTIC_INDEX_DAILY
2024-08-23,KOSDAQ,KOSDAQ,773.26,NAVER_FINANCE_DOMESTIC_INDEX_DAILY
2024-08-26,KOSDAQ,KOSDAQ,766.79,NAVER_FINANCE_DOMESTIC_INDEX_DAILY
2024-08-27,KOSDAQ,KOSDAQ,764.95,NAVER_FINANCE_DOMESTIC_INDEX_DAILY
2024-08-28,KOSDAQ,KOSDAQ,762.5,NAVER_FINANCE_DOMESTIC_INDEX_DAILY
2024-08-29,KOSDAQ,KOSDAQ,756.04,NAVER_FINANCE_DOMESTIC_INDEX_DAILY
2024-08-30,KOSDAQ,KOSDAQ,767.66,NAVER_FINANCE_DOMESTIC_INDEX_DAILY
2024-09-02,KOSDAQ,KOSDAQ,769.21,NAVER_FINANCE_DOMESTIC_INDEX_DAILY
2024-09-03,KOSDAQ,KOSDAQ,760.37,NAVER_FINANCE_DOMESTIC_INDEX_DAILY
2024-09-04,KOSDAQ,KOSDAQ,731.75,NAVER_FINANCE_DOMESTIC_INDEX_DAILY
2024-09-05,KOSDAQ,KOSDAQ,725.28,NAVER_FINANCE_DOMESTIC_INDEX_DAILY
2024-09-06,KOSDAQ,KOSDAQ,706.59,NAVER_FINANCE_DOMESTIC_INDEX_DAILY
2024-09-09,KOSDAQ,KOSDAQ,714.46,NAVER_FINANCE_DOMESTIC_INDEX_DAILY
2024-09-10,KOSDAQ,KOSDAQ,706.2,NAVER_FINANCE_DOMESTIC_INDEX_DAILY
2024-09-11,KOSDAQ,KOSDAQ,709.42,NAVER_FINANCE_DOMESTIC_INDEX_DAILY
2024-09-12,KOSDAQ,KOSDAQ,731.03,NAVER_FINANCE_DOMESTIC_INDEX_DAILY
2024-09-13,KOSDAQ,KOSDAQ,733.2,NAVER_FINANCE_DOMESTIC_INDEX_DAILY
2024-09-19,KOSDAQ,KOSDAQ,739.51,NAVER_FINANCE_DOMESTIC_INDEX_DAILY
2024-09-20,KOSDAQ,KOSDAQ,748.33,NAVER_FINANCE_DOMESTIC_INDEX_DAILY
2024-09-23,KOSDAQ,KOSDAQ,755.12,NAVER_FINANCE_DOMESTIC_INDEX_DAILY
2024-09-24,KOSDAQ,KOSDAQ,767.35,NAVER_FINANCE_DOMESTIC_INDEX_DAILY
2024-09-25,KOSDAQ,KOSDAQ,759.3,NAVER_FINANCE_DOMESTIC_INDEX_DAILY
2024-09-26,KOSDAQ,KOSDAQ,779.18,NAVER_FINANCE_DOMESTIC_INDEX_DAILY
2024-09-27,KOSDAQ,KOSDAQ,774.49,NAVER_FINANCE_DOMESTIC_INDEX_DAILY
2024-09-30,KOSDAQ,KOSDAQ,763.88,NAVER_FINANCE_DOMESTIC_INDEX_DAILY
2024-10-02,KOSDAQ,KOSDAQ,762.13,NAVER_FINANCE_DOMESTIC_INDEX_DAILY
2024-10-04,KOSDAQ,KOSDAQ,768.98,NAVER_FINANCE_DOMESTIC_INDEX_DAILY
2024-10-07,KOSDAQ,KOSDAQ,781.01,NAVER_FINANCE_DOMESTIC_INDEX_DAILY
2024-10-08,KOSDAQ,KOSDAQ,778.24,NAVER_FINANCE_DOMESTIC_INDEX_DAILY
2024-10-10,KOSDAQ,KOSDAQ,775.48,NAVER_FINANCE_DOMESTIC_INDEX_DAILY
2024-10-11,KOSDAQ,KOSDAQ,770.98,NAVER_FINANCE_DOMESTIC_INDEX_DAILY
2024-10-14,KOSDAQ,KOSDAQ,770.26,NAVER_FINANCE_DOMESTIC_INDEX_DAILY
2024-10-15,KOSDAQ,KOSDAQ,773.81,NAVER_FINANCE_DOMESTIC_INDEX_DAILY
2024-10-16,KOSDAQ,KOSDAQ,765.79,NAVER_FINANCE_DOMESTIC_INDEX_DAILY
2024-10-17,KOSDAQ,KOSDAQ,765.06,NAVER_FINANCE_DOMESTIC_INDEX_DAILY
2024-10-18,KOSDAQ,KOSDAQ,753.22,NAVER_FINANCE_DOMESTIC_INDEX_DAILY
2024-10-21,KOSDAQ,KOSDAQ,759.95,NAVER_FINANCE_DOMESTIC_INDEX_DAILY
2024-10-22,KOSDAQ,KOSDAQ,738.34,NAVER_FINANCE_DOMESTIC_INDEX_DAILY
2024-10-23,KOSDAQ,KOSDAQ,745.19,NAVER_FINANCE_DOMESTIC_INDEX_DAILY
2024-10-24,KOSDAQ,KOSDAQ,734.59,NAVER_FINANCE_DOMESTIC_INDEX_DAILY
2024-10-25,KOSDAQ,KOSDAQ,727.41,NAVER_FINANCE_DOMESTIC_INDEX_DAILY
2024-10-28,KOSDAQ,KOSDAQ,740.48,NAVER_FINANCE_DOMESTIC_INDEX_DAILY
2024-10-29,KOSDAQ,KOSDAQ,744.18,NAVER_FINANCE_DOMESTIC_INDEX_DAILY
2024-10-30,KOSDAQ,KOSDAQ,738.19,NAVER_FINANCE_DOMESTIC_INDEX_DAILY
2024-10-31,KOSDAQ,KOSDAQ,743.06,NAVER_FINANCE_DOMESTIC_INDEX_DAILY
2024-11-01,KOSDAQ,KOSDAQ,729.05,NAVER_FINANCE_DOMESTIC_INDEX_DAILY
2024-11-04,KOSDAQ,KOSDAQ,754.08,NAVER_FINANCE_DOMESTIC_INDEX_DAILY
2024-11-05,KOSDAQ,KOSDAQ,751.81,NAVER_FINANCE_DOMESTIC_INDEX_DAILY
2024-11-06,KOSDAQ,KOSDAQ,743.31,NAVER_FINANCE_DOMESTIC_INDEX_DAILY
2024-11-07,KOSDAQ,KOSDAQ,733.52,NAVER_FINANCE_DOMESTIC_INDEX_DAILY
2024-11-08,KOSDAQ,KOSDAQ,743.38,NAVER_FINANCE_DOMESTIC_INDEX_DAILY
2024-11-11,KOSDAQ,KOSDAQ,728.84,NAVER_FINANCE_DOMESTIC_INDEX_DAILY
2024-11-12,KOSDAQ,KOSDAQ,710.52,NAVER_FINANCE_DOMESTIC_INDEX_DAILY
2024-11-13,KOSDAQ,KOSDAQ,689.65,NAVER_FINANCE_DOMESTIC_INDEX_DAILY
2024-11-14,KOSDAQ,KOSDAQ,681.56,NAVER_FINANCE_DOMESTIC_INDEX_DAILY
2024-11-15,KOSDAQ,KOSDAQ,685.42,NAVER_FINANCE_DOMESTIC_INDEX_DAILY
2024-11-18,KOSDAQ,KOSDAQ,689.55,NAVER_FINANCE_DOMESTIC_INDEX_DAILY
2024-11-19,KOSDAQ,KOSDAQ,686.12,NAVER_FINANCE_DOMESTIC_INDEX_DAILY
2024-11-20,KOSDAQ,KOSDAQ,682.91,NAVER_FINANCE_DOMESTIC_INDEX_DAILY
2024-11-21,KOSDAQ,KOSDAQ,680.67,NAVER_FINANCE_DOMESTIC_INDEX_DAILY
2024-11-22,KOSDAQ,KOSDAQ,677.01,NAVER_FINANCE_DOMESTIC_INDEX_DAILY
2024-11-25,KOSDAQ,KOSDAQ,696.83,NAVER_FINANCE_DOMESTIC_INDEX_DAILY
2024-11-26,KOSDAQ,KOSDAQ,693.15,NAVER_FINANCE_DOMESTIC_INDEX_DAILY
2024-11-27,KOSDAQ,KOSDAQ,692.0,NAVER_FINANCE_DOMESTIC_INDEX_DAILY
2024-11-28,KOSDAQ,KOSDAQ,694.39,NAVER_FINANCE_DOMESTIC_INDEX_DAILY
2024-11-29,KOSDAQ,KOSDAQ,678.19,NAVER_FINANCE_DOMESTIC_INDEX_DAILY
2024-12-02,KOSDAQ,KOSDAQ,675.84,NAVER_FINANCE_DOMESTIC_INDEX_DAILY
2024-12-03,KOSDAQ,KOSDAQ,690.8,NAVER_FINANCE_DOMESTIC_INDEX_DAILY
2024-12-04,KOSDAQ,KOSDAQ,677.15,NAVER_FINANCE_DOMESTIC_INDEX_DAILY
2024-12-05,KOSDAQ,KOSDAQ,670.94,NAVER_FINANCE_DOMESTIC_INDEX_DAILY
2024-12-06,KOSDAQ,KOSDAQ,661.33,NAVER_FINANCE_DOMESTIC_INDEX_DAILY
2024-12-09,KOSDAQ,KOSDAQ,627.01,NAVER_FINANCE_DOMESTIC_INDEX_DAILY
2024-12-10,KOSDAQ,KOSDAQ,661.59,NAVER_FINANCE_DOMESTIC_INDEX_DAILY
2024-12-11,KOSDAQ,KOSDAQ,675.92,NAVER_FINANCE_DOMESTIC_INDEX_DAILY
2024-12-12,KOSDAQ,KOSDAQ,683.35,NAVER_FINANCE_DOMESTIC_INDEX_DAILY
2024-12-13,KOSDAQ,KOSDAQ,693.73,NAVER_FINANCE_DOMESTIC_INDEX_DAILY
2024-12-16,KOSDAQ,KOSDAQ,698.53,NAVER_FINANCE_DOMESTIC_INDEX_DAILY
2024-12-17,KOSDAQ,KOSDAQ,694.47,NAVER_FINANCE_DOMESTIC_INDEX_DAILY
2024-12-18,KOSDAQ,KOSDAQ,697.57,NAVER_FINANCE_DOMESTIC_INDEX_DAILY
2024-12-19,KOSDAQ,KOSDAQ,684.36,NAVER_FINANCE_DOMESTIC_INDEX_DAILY
2024-12-20,KOSDAQ,KOSDAQ,668.31,NAVER_FINANCE_DOMESTIC_INDEX_DAILY
2024-12-23,KOSDAQ,KOSDAQ,679.24,NAVER_FINANCE_DOMESTIC_INDEX_DAILY
2024-12-24,KOSDAQ,KOSDAQ,680.11,NAVER_FINANCE_DOMESTIC_INDEX_DAILY
2024-12-26,KOSDAQ,KOSDAQ,675.64,NAVER_FINANCE_DOMESTIC_INDEX_DAILY
2024-12-27,KOSDAQ,KOSDAQ,665.97,NAVER_FINANCE_DOMESTIC_INDEX_DAILY
2024-12-30,KOSDAQ,KOSDAQ,678.19,NAVER_FINANCE_DOMESTIC_INDEX_DAILY
2025-01-02,KOSDAQ,KOSDAQ,686.63,NAVER_FINANCE_DOMESTIC_INDEX_DAILY
2025-01-03,KOSDAQ,KOSDAQ,705.76,NAVER_FINANCE_DOMESTIC_INDEX_DAILY
2025-01-06,KOSDAQ,KOSDAQ,717.96,NAVER_FINANCE_DOMESTIC_INDEX_DAILY
2025-01-07,KOSDAQ,KOSDAQ,718.29,NAVER_FINANCE_DOMESTIC_INDEX_DAILY
2025-01-08,KOSDAQ,KOSDAQ,719.63,NAVER_FINANCE_DOMESTIC_INDEX_DAILY
2025-01-09,KOSDAQ,KOSDAQ,723.52,NAVER_FINANCE_DOMESTIC_INDEX_DAILY
2025-01-10,KOSDAQ,KOSDAQ,717.89,NAVER_FINANCE_DOMESTIC_INDEX_DAILY
2025-01-13,KOSDAQ,KOSDAQ,708.21,NAVER_FINANCE_DOMESTIC_INDEX_DAILY
2025-01-14,KOSDAQ,KOSDAQ,718.04,NAVER_FINANCE_DOMESTIC_INDEX_DAILY
2025-01-15,KOSDAQ,KOSDAQ,711.61,NAVER_FINANCE_DOMESTIC_INDEX_DAILY
2025-01-16,KOSDAQ,KOSDAQ,724.24,NAVER_FINANCE_DOMESTIC_INDEX_DAILY
2025-01-17,KOSDAQ,KOSDAQ,724.69,NAVER_FINANCE_DOMESTIC_INDEX_DAILY
2025-01-20,KOSDAQ,KOSDAQ,727.66,NAVER_FINANCE_DOMESTIC_INDEX_DAILY
2025-01-21,KOSDAQ,KOSDAQ,726.07,NAVER_FINANCE_DOMESTIC_INDEX_DAILY
2025-01-22,KOSDAQ,KOSDAQ,732.31,NAVER_FINANCE_DOMESTIC_INDEX_DAILY
2025-01-23,KOSDAQ,KOSDAQ,724.01,NAVER_FINANCE_DOMESTIC_INDEX_DAILY
2025-01-24,KOSDAQ,KOSDAQ,728.74,NAVER_FINANCE_DOMESTIC_INDEX_DAILY
2025-01-31,KOSDAQ,KOSDAQ,728.29,NAVER_FINANCE_DOMESTIC_INDEX_DAILY
2025-02-03,KOSDAQ,KOSDAQ,703.8,NAVER_FINANCE_DOMESTIC_INDEX_DAILY
2025-02-04,KOSDAQ,KOSDAQ,719.92,NAVER_FINANCE_DOMESTIC_INDEX_DAILY
2025-02-05,KOSDAQ,KOSDAQ,730.98,NAVER_FINANCE_DOMESTIC_INDEX_DAILY
2025-02-06,KOSDAQ,KOSDAQ,740.32,NAVER_FINANCE_DOMESTIC_INDEX_DAILY
2025-02-07,KOSDAQ,KOSDAQ,742.9,NAVER_FINANCE_DOMESTIC_INDEX_DAILY
2025-02-10,KOSDAQ,KOSDAQ,749.67,NAVER_FINANCE_DOMESTIC_INDEX_DAILY
2025-02-11,KOSDAQ,KOSDAQ,749.59,NAVER_FINANCE_DOMESTIC_INDEX_DAILY
2025-02-12,KOSDAQ,KOSDAQ,745.18,NAVER_FINANCE_DOMESTIC_INDEX_DAILY
2025-02-13,KOSDAQ,KOSDAQ,749.28,NAVER_FINANCE_DOMESTIC_INDEX_DAILY
2025-02-14,KOSDAQ,KOSDAQ,756.32,NAVER_FINANCE_DOMESTIC_INDEX_DAILY
2025-02-17,KOSDAQ,KOSDAQ,768.48,NAVER_FINANCE_DOMESTIC_INDEX_DAILY
2025-02-18,KOSDAQ,KOSDAQ,773.65,NAVER_FINANCE_DOMESTIC_INDEX_DAILY
2025-02-19,KOSDAQ,KOSDAQ,778.27,NAVER_FINANCE_DOMESTIC_INDEX_DAILY
2025-02-20,KOSDAQ,KOSDAQ,768.27,NAVER_FINANCE_DOMESTIC_INDEX_DAILY
2025-02-21,KOSDAQ,KOSDAQ,774.65,NAVER_FINANCE_DOMESTIC_INDEX_DAILY
2025-02-24,KOSDAQ,KOSDAQ,773.33,NAVER_FINANCE_DOMESTIC_INDEX_DAILY
2025-02-25,KOSDAQ,KOSDAQ,769.43,NAVER_FINANCE_DOMESTIC_INDEX_DAILY
2025-02-26,KOSDAQ,KOSDAQ,771.41,NAVER_FINANCE_DOMESTIC_INDEX_DAILY
2025-02-27,KOSDAQ,KOSDAQ,770.85,NAVER_FINANCE_DOMESTIC_INDEX_DAILY
2025-02-28,KOSDAQ,KOSDAQ,743.96,NAVER_FINANCE_DOMESTIC_INDEX_DAILY
2025-03-04,KOSDAQ,KOSDAQ,737.9,NAVER_FINANCE_DOMESTIC_INDEX_DAILY
2025-03-05,KOSDAQ,KOSDAQ,746.95,NAVER_FINANCE_DOMESTIC_INDEX_DAILY
2025-03-06,KOSDAQ,KOSDAQ,734.92,NAVER_FINANCE_DOMESTIC_INDEX_DAILY
2025-03-07,KOSDAQ,KOSDAQ,727.7,NAVER_FINANCE_DOMESTIC_INDEX_DAILY
2025-03-10,KOSDAQ,KOSDAQ,725.82,NAVER_FINANCE_DOMESTIC_INDEX_DAILY
2025-03-11,KOSDAQ,KOSDAQ,721.5,NAVER_FINANCE_DOMESTIC_INDEX_DAILY
2025-03-12,KOSDAQ,KOSDAQ,729.49,NAVER_FINANCE_DOMESTIC_INDEX_DAILY
2025-03-13,KOSDAQ,KOSDAQ,722.8,NAVER_FINANCE_DOMESTIC_INDEX_DAILY
2025-03-14,KOSDAQ,KOSDAQ,734.26,NAVER_FINANCE_DOMESTIC_INDEX_DAILY
2025-03-17,KOSDAQ,KOSDAQ,743.51,NAVER_FINANCE_DOMESTIC_INDEX_DAILY
2025-03-18,KOSDAQ,KOSDAQ,745.54,NAVER_FINANCE_DOMESTIC_INDEX_DAILY
2025-03-19,KOSDAQ,KOSDAQ,738.35,NAVER_FINANCE_DOMESTIC_INDEX_DAILY
2025-03-20,KOSDAQ,KOSDAQ,725.15,NAVER_FINANCE_DOMESTIC_INDEX_DAILY
2025-03-21,KOSDAQ,KOSDAQ,719.41,NAVER_FINANCE_DOMESTIC_INDEX_DAILY
2025-03-24,KOSDAQ,KOSDAQ,720.22,NAVER_FINANCE_DOMESTIC_INDEX_DAILY
2025-03-25,KOSDAQ,KOSDAQ,711.26,NAVER_FINANCE_DOMESTIC_INDEX_DAILY
2025-03-26,KOSDAQ,KOSDAQ,716.48,NAVER_FINANCE_DOMESTIC_INDEX_DAILY
2025-03-27,KOSDAQ,KOSDAQ,707.49,NAVER_FINANCE_DOMESTIC_INDEX_DAILY
2025-03-28,KOSDAQ,KOSDAQ,693.76,NAVER_FINANCE_DOMESTIC_INDEX_DAILY
2025-03-31,KOSDAQ,KOSDAQ,672.85,NAVER_FINANCE_DOMESTIC_INDEX_DAILY
2025-04-01,KOSDAQ,KOSDAQ,691.45,NAVER_FINANCE_DOMESTIC_INDEX_DAILY
2025-04-02,KOSDAQ,KOSDAQ,684.85,NAVER_FINANCE_DOMESTIC_INDEX_DAILY
2025-04-03,KOSDAQ,KOSDAQ,683.49,NAVER_FINANCE_DOMESTIC_INDEX_DAILY
2025-04-04,KOSDAQ,KOSDAQ,687.39,NAVER_FINANCE_DOMESTIC_INDEX_DAILY
2025-04-07,KOSDAQ,KOSDAQ,651.3,NAVER_FINANCE_DOMESTIC_INDEX_DAILY
2025-04-08,KOSDAQ,KOSDAQ,658.45,NAVER_FINANCE_DOMESTIC_INDEX_DAILY
2025-04-09,KOSDAQ,KOSDAQ,643.39,NAVER_FINANCE_DOMESTIC_INDEX_DAILY
2025-04-10,KOSDAQ,KOSDAQ,681.79,NAVER_FINANCE_DOMESTIC_INDEX_DAILY
2025-04-11,KOSDAQ,KOSDAQ,695.59,NAVER_FINANCE_DOMESTIC_INDEX_DAILY
2025-04-14,KOSDAQ,KOSDAQ,708.98,NAVER_FINANCE_DOMESTIC_INDEX_DAILY
2025-04-15,KOSDAQ,KOSDAQ,711.92,NAVER_FINANCE_DOMESTIC_INDEX_DAILY
2025-04-16,KOSDAQ,KOSDAQ,699.11,NAVER_FINANCE_DOMESTIC_INDEX_DAILY
2025-04-17,KOSDAQ,KOSDAQ,711.75,NAVER_FINANCE_DOMESTIC_INDEX_DAILY
2025-04-18,KOSDAQ,KOSDAQ,717.77,NAVER_FINANCE_DOMESTIC_INDEX_DAILY
2025-04-21,KOSDAQ,KOSDAQ,715.45,NAVER_FINANCE_DOMESTIC_INDEX_DAILY
2025-04-22,KOSDAQ,KOSDAQ,716.12,NAVER_FINANCE_DOMESTIC_INDEX_DAILY
2025-04-23,KOSDAQ,KOSDAQ,726.08,NAVER_FINANCE_DOMESTIC_INDEX_DAILY
2025-04-24,KOSDAQ,KOSDAQ,726.08,NAVER_FINANCE_DOMESTIC_INDEX_DAILY
2025-04-25,KOSDAQ,KOSDAQ,729.69,NAVER_FINANCE_DOMESTIC_INDEX_DAILY
2025-04-28,KOSDAQ,KOSDAQ,719.41,NAVER_FINANCE_DOMESTIC_INDEX_DAILY
2025-04-29,KOSDAQ,KOSDAQ,726.46,NAVER_FINANCE_DOMESTIC_INDEX_DAILY
2025-04-30,KOSDAQ,KOSDAQ,717.24,NAVER_FINANCE_DOMESTIC_INDEX_DAILY
2025-05-02,KOSDAQ,KOSDAQ,721.86,NAVER_FINANCE_DOMESTIC_INDEX_DAILY
2025-05-07,KOSDAQ,KOSDAQ,722.81,NAVER_FINANCE_DOMESTIC_INDEX_DAILY
2025-05-08,KOSDAQ,KOSDAQ,729.59,NAVER_FINANCE_DOMESTIC_INDEX_DAILY
2025-05-09,KOSDAQ,KOSDAQ,722.52,NAVER_FINANCE_DOMESTIC_INDEX_DAILY
2025-05-12,KOSDAQ,KOSDAQ,725.4,NAVER_FINANCE_DOMESTIC_INDEX_DAILY
2025-05-13,KOSDAQ,KOSDAQ,731.88,NAVER_FINANCE_DOMESTIC_INDEX_DAILY
2025-05-14,KOSDAQ,KOSDAQ,739.05,NAVER_FINANCE_DOMESTIC_INDEX_DAILY
2025-05-15,KOSDAQ,KOSDAQ,733.23,NAVER_FINANCE_DOMESTIC_INDEX_DAILY
2025-05-16,KOSDAQ,KOSDAQ,725.07,NAVER_FINANCE_DOMESTIC_INDEX_DAILY
2025-05-19,KOSDAQ,KOSDAQ,713.75,NAVER_FINANCE_DOMESTIC_INDEX_DAILY
2025-05-20,KOSDAQ,KOSDAQ,715.55,NAVER_FINANCE_DOMESTIC_INDEX_DAILY
2025-05-21,KOSDAQ,KOSDAQ,723.62,NAVER_FINANCE_DOMESTIC_INDEX_DAILY
2025-05-22,KOSDAQ,KOSDAQ,717.67,NAVER_FINANCE_DOMESTIC_INDEX_DAILY
2025-05-23,KOSDAQ,KOSDAQ,715.98,NAVER_FINANCE_DOMESTIC_INDEX_DAILY
2025-05-26,KOSDAQ,KOSDAQ,725.27,NAVER_FINANCE_DOMESTIC_INDEX_DAILY
2025-05-27,KOSDAQ,KOSDAQ,727.11,NAVER_FINANCE_DOMESTIC_INDEX_DAILY
2025-05-28,KOSDAQ,KOSDAQ,728.79,NAVER_FINANCE_DOMESTIC_INDEX_DAILY
2025-05-29,KOSDAQ,KOSDAQ,736.29,NAVER_FINANCE_DOMESTIC_INDEX_DAILY
2025-05-30,KOSDAQ,KOSDAQ,734.35,NAVER_FINANCE_DOMESTIC_INDEX_DAILY
2025-06-02,KOSDAQ,KOSDAQ,740.29,NAVER_FINANCE_DOMESTIC_INDEX_DAILY
2025-06-04,KOSDAQ,KOSDAQ,750.21,NAVER_FINANCE_DOMESTIC_INDEX_DAILY
2025-06-05,KOSDAQ,KOSDAQ,756.23,NAVER_FINANCE_DOMESTIC_INDEX_DAILY
2025-06-09,KOSDAQ,KOSDAQ,764.21,NAVER_FINANCE_DOMESTIC_INDEX_DAILY
2025-06-10,KOSDAQ,KOSDAQ,771.2,NAVER_FINANCE_DOMESTIC_INDEX_DAILY
2025-06-11,KOSDAQ,KOSDAQ,786.29,NAVER_FINANCE_DOMESTIC_INDEX_DAILY
2025-06-12,KOSDAQ,KOSDAQ,789.45,NAVER_FINANCE_DOMESTIC_INDEX_DAILY
2025-06-13,KOSDAQ,KOSDAQ,768.86,NAVER_FINANCE_DOMESTIC_INDEX_DAILY
2025-06-16,KOSDAQ,KOSDAQ,777.26,NAVER_FINANCE_DOMESTIC_INDEX_DAILY
2025-06-17,KOSDAQ,KOSDAQ,775.65,NAVER_FINANCE_DOMESTIC_INDEX_DAILY
2025-06-18,KOSDAQ,KOSDAQ,779.73,NAVER_FINANCE_DOMESTIC_INDEX_DAILY
2025-06-19,KOSDAQ,KOSDAQ,782.51,NAVER_FINANCE_DOMESTIC_INDEX_DAILY
2025-06-20,KOSDAQ,KOSDAQ,791.53,NAVER_FINANCE_DOMESTIC_INDEX_DAILY
2025-06-23,KOSDAQ,KOSDAQ,784.79,NAVER_FINANCE_DOMESTIC_INDEX_DAILY
2025-06-24,KOSDAQ,KOSDAQ,800.93,NAVER_FINANCE_DOMESTIC_INDEX_DAILY
2025-06-25,KOSDAQ,KOSDAQ,798.21,NAVER_FINANCE_DOMESTIC_INDEX_DAILY
2025-06-26,KOSDAQ,KOSDAQ,787.95,NAVER_FINANCE_DOMESTIC_INDEX_DAILY
2025-06-27,KOSDAQ,KOSDAQ,781.56,NAVER_FINANCE_DOMESTIC_INDEX_DAILY
2025-06-30,KOSDAQ,KOSDAQ,781.5,NAVER_FINANCE_DOMESTIC_INDEX_DAILY
2025-07-01,KOSDAQ,KOSDAQ,783.67,NAVER_FINANCE_DOMESTIC_INDEX_DAILY
2025-07-02,KOSDAQ,KOSDAQ,782.17,NAVER_FINANCE_DOMESTIC_INDEX_DAILY
2025-07-03,KOSDAQ,KOSDAQ,793.33,NAVER_FINANCE_DOMESTIC_INDEX_DAILY
2025-07-04,KOSDAQ,KOSDAQ,775.8,NAVER_FINANCE_DOMESTIC_INDEX_DAILY
2025-07-07,KOSDAQ,KOSDAQ,778.46,NAVER_FINANCE_DOMESTIC_INDEX_DAILY
2025-07-08,KOSDAQ,KOSDAQ,784.24,NAVER_FINANCE_DOMESTIC_INDEX_DAILY
2025-07-09,KOSDAQ,KOSDAQ,790.36,NAVER_FINANCE_DOMESTIC_INDEX_DAILY
2025-07-10,KOSDAQ,KOSDAQ,797.7,NAVER_FINANCE_DOMESTIC_INDEX_DAILY
2025-07-11,KOSDAQ,KOSDAQ,800.47,NAVER_FINANCE_DOMESTIC_INDEX_DAILY
2025-07-14,KOSDAQ,KOSDAQ,799.37,NAVER_FINANCE_DOMESTIC_INDEX_DAILY
2025-07-15,KOSDAQ,KOSDAQ,812.88,NAVER_FINANCE_DOMESTIC_INDEX_DAILY
2025-07-16,KOSDAQ,KOSDAQ,812.23,NAVER_FINANCE_DOMESTIC_INDEX_DAILY
2025-07-17,KOSDAQ,KOSDAQ,818.27,NAVER_FINANCE_DOMESTIC_INDEX_DAILY
2025-07-18,KOSDAQ,KOSDAQ,820.67,NAVER_FINANCE_DOMESTIC_INDEX_DAILY
2025-07-21,KOSDAQ,KOSDAQ,821.69,NAVER_FINANCE_DOMESTIC_INDEX_DAILY
2025-07-22,KOSDAQ,KOSDAQ,812.97,NAVER_FINANCE_DOMESTIC_INDEX_DAILY
2025-07-23,KOSDAQ,KOSDAQ,813.56,NAVER_FINANCE_DOMESTIC_INDEX_DAILY
2025-07-24,KOSDAQ,KOSDAQ,809.89,NAVER_FINANCE_DOMESTIC_INDEX_DAILY
2025-07-25,KOSDAQ,KOSDAQ,806.95,NAVER_FINANCE_DOMESTIC_INDEX_DAILY
2025-07-28,KOSDAQ,KOSDAQ,804.4,NAVER_FINANCE_DOMESTIC_INDEX_DAILY
2025-07-29,KOSDAQ,KOSDAQ,804.45,NAVER_FINANCE_DOMESTIC_INDEX_DAILY
2025-07-30,KOSDAQ,KOSDAQ,803.67,NAVER_FINANCE_DOMESTIC_INDEX_DAILY
2025-07-31,KOSDAQ,KOSDAQ,805.24,NAVER_FINANCE_DOMESTIC_INDEX_DAILY
2025-08-01,KOSDAQ,KOSDAQ,772.79,NAVER_FINANCE_DOMESTIC_INDEX_DAILY
2025-08-04,KOSDAQ,KOSDAQ,784.06,NAVER_FINANCE_DOMESTIC_INDEX_DAILY
2025-08-05,KOSDAQ,KOSDAQ,798.6,NAVER_FINANCE_DOMESTIC_INDEX_DAILY
2025-08-06,KOSDAQ,KOSDAQ,803.49,NAVER_FINANCE_DOMESTIC_INDEX_DAILY
2025-08-07,KOSDAQ,KOSDAQ,805.81,NAVER_FINANCE_DOMESTIC_INDEX_DAILY
2025-08-08,KOSDAQ,KOSDAQ,809.27,NAVER_FINANCE_DOMESTIC_INDEX_DAILY
2025-08-11,KOSDAQ,KOSDAQ,811.85,NAVER_FINANCE_DOMESTIC_INDEX_DAILY
2025-08-12,KOSDAQ,KOSDAQ,807.19,NAVER_FINANCE_DOMESTIC_INDEX_DAILY
2025-08-13,KOSDAQ,KOSDAQ,814.1,NAVER_FINANCE_DOMESTIC_INDEX_DAILY
2025-08-14,KOSDAQ,KOSDAQ,815.26,NAVER_FINANCE_DOMESTIC_INDEX_DAILY
2025-08-18,KOSDAQ,KOSDAQ,798.05,NAVER_FINANCE_DOMESTIC_INDEX_DAILY
2025-08-19,KOSDAQ,KOSDAQ,787.96,NAVER_FINANCE_DOMESTIC_INDEX_DAILY
2025-08-20,KOSDAQ,KOSDAQ,777.61,NAVER_FINANCE_DOMESTIC_INDEX_DAILY
2025-08-21,KOSDAQ,KOSDAQ,777.24,NAVER_FINANCE_DOMESTIC_INDEX_DAILY
2025-08-22,KOSDAQ,KOSDAQ,782.51,NAVER_FINANCE_DOMESTIC_INDEX_DAILY
2025-08-25,KOSDAQ,KOSDAQ,798.02,NAVER_FINANCE_DOMESTIC_INDEX_DAILY
2025-08-26,KOSDAQ,KOSDAQ,801.66,NAVER_FINANCE_DOMESTIC_INDEX_DAILY
2025-08-27,KOSDAQ,KOSDAQ,801.72,NAVER_FINANCE_DOMESTIC_INDEX_DAILY
2025-08-28,KOSDAQ,KOSDAQ,798.43,NAVER_FINANCE_DOMESTIC_INDEX_DAILY
2025-08-29,KOSDAQ,KOSDAQ,796.91,NAVER_FINANCE_DOMESTIC_INDEX_DAILY
2025-09-01,KOSDAQ,KOSDAQ,785.0,NAVER_FINANCE_DOMESTIC_INDEX_DAILY
2025-09-02,KOSDAQ,KOSDAQ,794.0,NAVER_FINANCE_DOMESTIC_INDEX_DAILY
2025-09-03,KOSDAQ,KOSDAQ,796.81,NAVER_FINANCE_DOMESTIC_INDEX_DAILY
2025-09-04,KOSDAQ,KOSDAQ,805.42,NAVER_FINANCE_DOMESTIC_INDEX_DAILY
2025-09-05,KOSDAQ,KOSDAQ,811.4,NAVER_FINANCE_DOMESTIC_INDEX_DAILY
2025-09-08,KOSDAQ,KOSDAQ,818.6,NAVER_FINANCE_DOMESTIC_INDEX_DAILY
2025-09-09,KOSDAQ,KOSDAQ,824.82,NAVER_FINANCE_DOMESTIC_INDEX_DAILY
2025-09-10,KOSDAQ,KOSDAQ,833.0,NAVER_FINANCE_DOMESTIC_INDEX_DAILY
2025-09-11,KOSDAQ,KOSDAQ,834.76,NAVER_FINANCE_DOMESTIC_INDEX_DAILY
2025-09-12,KOSDAQ,KOSDAQ,847.08,NAVER_FINANCE_DOMESTIC_INDEX_DAILY
2025-09-15,KOSDAQ,KOSDAQ,852.69,NAVER_FINANCE_DOMESTIC_INDEX_DAILY
2025-09-16,KOSDAQ,KOSDAQ,851.84,NAVER_FINANCE_DOMESTIC_INDEX_DAILY
2025-09-17,KOSDAQ,KOSDAQ,845.53,NAVER_FINANCE_DOMESTIC_INDEX_DAILY
2025-09-18,KOSDAQ,KOSDAQ,857.11,NAVER_FINANCE_DOMESTIC_INDEX_DAILY
2025-09-19,KOSDAQ,KOSDAQ,863.11,NAVER_FINANCE_DOMESTIC_INDEX_DAILY
2025-09-22,KOSDAQ,KOSDAQ,874.36,NAVER_FINANCE_DOMESTIC_INDEX_DAILY
2025-09-23,KOSDAQ,KOSDAQ,872.21,NAVER_FINANCE_DOMESTIC_INDEX_DAILY
2025-09-24,KOSDAQ,KOSDAQ,860.94,NAVER_FINANCE_DOMESTIC_INDEX_DAILY
2025-09-25,KOSDAQ,KOSDAQ,852.48,NAVER_FINANCE_DOMESTIC_INDEX_DAILY
2025-09-26,KOSDAQ,KOSDAQ,835.19,NAVER_FINANCE_DOMESTIC_INDEX_DAILY
2025-09-29,KOSDAQ,KOSDAQ,846.71,NAVER_FINANCE_DOMESTIC_INDEX_DAILY
2025-09-30,KOSDAQ,KOSDAQ,841.99,NAVER_FINANCE_DOMESTIC_INDEX_DAILY
2025-10-01,KOSDAQ,KOSDAQ,845.34,NAVER_FINANCE_DOMESTIC_INDEX_DAILY
2025-10-02,KOSDAQ,KOSDAQ,854.25,NAVER_FINANCE_DOMESTIC_INDEX_DAILY
2025-10-10,KOSDAQ,KOSDAQ,859.49,NAVER_FINANCE_DOMESTIC_INDEX_DAILY
2025-10-13,KOSDAQ,KOSDAQ,860.49,NAVER_FINANCE_DOMESTIC_INDEX_DAILY
2025-10-14,KOSDAQ,KOSDAQ,847.96,NAVER_FINANCE_DOMESTIC_INDEX_DAILY
2025-10-15,KOSDAQ,KOSDAQ,864.72,NAVER_FINANCE_DOMESTIC_INDEX_DAILY
2025-10-16,KOSDAQ,KOSDAQ,865.41,NAVER_FINANCE_DOMESTIC_INDEX_DAILY
2025-10-17,KOSDAQ,KOSDAQ,859.54,NAVER_FINANCE_DOMESTIC_INDEX_DAILY
2025-10-20,KOSDAQ,KOSDAQ,875.77,NAVER_FINANCE_DOMESTIC_INDEX_DAILY
2025-10-21,KOSDAQ,KOSDAQ,872.5,NAVER_FINANCE_DOMESTIC_INDEX_DAILY
2025-10-22,KOSDAQ,KOSDAQ,879.15,NAVER_FINANCE_DOMESTIC_INDEX_DAILY
2025-10-23,KOSDAQ,KOSDAQ,872.03,NAVER_FINANCE_DOMESTIC_INDEX_DAILY
2025-10-24,KOSDAQ,KOSDAQ,883.08,NAVER_FINANCE_DOMESTIC_INDEX_DAILY
2025-10-27,KOSDAQ,KOSDAQ,902.7,NAVER_FINANCE_DOMESTIC_INDEX_DAILY
2025-10-28,KOSDAQ,KOSDAQ,903.3,NAVER_FINANCE_DOMESTIC_INDEX_DAILY
2025-10-29,KOSDAQ,KOSDAQ,901.59,NAVER_FINANCE_DOMESTIC_INDEX_DAILY
2025-10-30,KOSDAQ,KOSDAQ,890.86,NAVER_FINANCE_DOMESTIC_INDEX_DAILY
2025-10-31,KOSDAQ,KOSDAQ,900.42,NAVER_FINANCE_DOMESTIC_INDEX_DAILY
2025-11-03,KOSDAQ,KOSDAQ,914.55,NAVER_FINANCE_DOMESTIC_INDEX_DAILY
2025-11-04,KOSDAQ,KOSDAQ,926.57,NAVER_FINANCE_DOMESTIC_INDEX_DAILY
2025-11-05,KOSDAQ,KOSDAQ,901.89,NAVER_FINANCE_DOMESTIC_INDEX_DAILY
2025-11-06,KOSDAQ,KOSDAQ,898.17,NAVER_FINANCE_DOMESTIC_INDEX_DAILY
2025-11-07,KOSDAQ,KOSDAQ,876.81,NAVER_FINANCE_DOMESTIC_INDEX_DAILY
2025-11-10,KOSDAQ,KOSDAQ,888.35,NAVER_FINANCE_DOMESTIC_INDEX_DAILY
2025-11-11,KOSDAQ,KOSDAQ,884.27,NAVER_FINANCE_DOMESTIC_INDEX_DAILY
2025-11-12,KOSDAQ,KOSDAQ,906.51,NAVER_FINANCE_DOMESTIC_INDEX_DAILY
2025-11-13,KOSDAQ,KOSDAQ,918.37,NAVER_FINANCE_DOMESTIC_INDEX_DAILY
2025-11-14,KOSDAQ,KOSDAQ,897.9,NAVER_FINANCE_DOMESTIC_INDEX_DAILY
2025-11-17,KOSDAQ,KOSDAQ,902.67,NAVER_FINANCE_DOMESTIC_INDEX_DAILY
2025-11-18,KOSDAQ,KOSDAQ,878.7,NAVER_FINANCE_DOMESTIC_INDEX_DAILY
2025-11-19,KOSDAQ,KOSDAQ,871.32,NAVER_FINANCE_DOMESTIC_INDEX_DAILY
2025-11-20,KOSDAQ,KOSDAQ,891.94,NAVER_FINANCE_DOMESTIC_INDEX_DAILY
2025-11-21,KOSDAQ,KOSDAQ,863.95,NAVER_FINANCE_DOMESTIC_INDEX_DAILY
2025-11-24,KOSDAQ,KOSDAQ,856.44,NAVER_FINANCE_DOMESTIC_INDEX_DAILY
2025-11-25,KOSDAQ,KOSDAQ,856.03,NAVER_FINANCE_DOMESTIC_INDEX_DAILY
2025-11-26,KOSDAQ,KOSDAQ,877.32,NAVER_FINANCE_DOMESTIC_INDEX_DAILY
2025-11-27,KOSDAQ,KOSDAQ,880.06,NAVER_FINANCE_DOMESTIC_INDEX_DAILY
2025-11-28,KOSDAQ,KOSDAQ,912.67,NAVER_FINANCE_DOMESTIC_INDEX_DAILY
2025-12-01,KOSDAQ,KOSDAQ,922.38,NAVER_FINANCE_DOMESTIC_INDEX_DAILY
2025-12-02,KOSDAQ,KOSDAQ,928.42,NAVER_FINANCE_DOMESTIC_INDEX_DAILY
2025-12-03,KOSDAQ,KOSDAQ,932.01,NAVER_FINANCE_DOMESTIC_INDEX_DAILY
2025-12-04,KOSDAQ,KOSDAQ,929.83,NAVER_FINANCE_DOMESTIC_INDEX_DAILY
2025-12-05,KOSDAQ,KOSDAQ,924.74,NAVER_FINANCE_DOMESTIC_INDEX_DAILY
2025-12-08,KOSDAQ,KOSDAQ,927.79,NAVER_FINANCE_DOMESTIC_INDEX_DAILY
2025-12-09,KOSDAQ,KOSDAQ,931.35,NAVER_FINANCE_DOMESTIC_INDEX_DAILY
2025-12-10,KOSDAQ,KOSDAQ,935.0,NAVER_FINANCE_DOMESTIC_INDEX_DAILY
2025-12-11,KOSDAQ,KOSDAQ,934.64,NAVER_FINANCE_DOMESTIC_INDEX_DAILY
2025-12-12,KOSDAQ,KOSDAQ,937.34,NAVER_FINANCE_DOMESTIC_INDEX_DAILY
2025-12-15,KOSDAQ,KOSDAQ,938.83,NAVER_FINANCE_DOMESTIC_INDEX_DAILY
2025-12-16,KOSDAQ,KOSDAQ,916.11,NAVER_FINANCE_DOMESTIC_INDEX_DAILY
2025-12-17,KOSDAQ,KOSDAQ,911.07,NAVER_FINANCE_DOMESTIC_INDEX_DAILY
2025-12-18,KOSDAQ,KOSDAQ,901.33,NAVER_FINANCE_DOMESTIC_INDEX_DAILY
2025-12-19,KOSDAQ,KOSDAQ,915.27,NAVER_FINANCE_DOMESTIC_INDEX_DAILY
2025-12-22,KOSDAQ,KOSDAQ,929.14,NAVER_FINANCE_DOMESTIC_INDEX_DAILY
2025-12-23,KOSDAQ,KOSDAQ,919.56,NAVER_FINANCE_DOMESTIC_INDEX_DAILY
2025-12-24,KOSDAQ,KOSDAQ,915.2,NAVER_FINANCE_DOMESTIC_INDEX_DAILY
2025-12-26,KOSDAQ,KOSDAQ,919.67,NAVER_FINANCE_DOMESTIC_INDEX_DAILY
2025-12-29,KOSDAQ,KOSDAQ,932.59,NAVER_FINANCE_DOMESTIC_INDEX_DAILY
2025-12-30,KOSDAQ,KOSDAQ,925.47,NAVER_FINANCE_DOMESTIC_INDEX_DAILY
2026-01-02,KOSDAQ,KOSDAQ,945.57,NAVER_FINANCE_DOMESTIC_INDEX_DAILY
2026-01-05,KOSDAQ,KOSDAQ,957.5,NAVER_FINANCE_DOMESTIC_INDEX_DAILY
2026-01-06,KOSDAQ,KOSDAQ,955.97,NAVER_FINANCE_DOMESTIC_INDEX_DAILY
2026-01-07,KOSDAQ,KOSDAQ,947.39,NAVER_FINANCE_DOMESTIC_INDEX_DAILY
2026-01-08,KOSDAQ,KOSDAQ,944.06,NAVER_FINANCE_DOMESTIC_INDEX_DAILY
2026-01-09,KOSDAQ,KOSDAQ,947.92,NAVER_FINANCE_DOMESTIC_INDEX_DAILY
2026-01-12,KOSDAQ,KOSDAQ,949.81,NAVER_FINANCE_DOMESTIC_INDEX_DAILY
2026-01-13,KOSDAQ,KOSDAQ,948.98,NAVER_FINANCE_DOMESTIC_INDEX_DAILY
2026-01-14,KOSDAQ,KOSDAQ,942.18,NAVER_FINANCE_DOMESTIC_INDEX_DAILY
2026-01-15,KOSDAQ,KOSDAQ,951.16,NAVER_FINANCE_DOMESTIC_INDEX_DAILY
2026-01-16,KOSDAQ,KOSDAQ,954.59,NAVER_FINANCE_DOMESTIC_INDEX_DAILY
2026-01-19,KOSDAQ,KOSDAQ,968.36,NAVER_FINANCE_DOMESTIC_INDEX_DAILY
2026-01-20,KOSDAQ,KOSDAQ,976.37,NAVER_FINANCE_DOMESTIC_INDEX_DAILY
2026-01-21,KOSDAQ,KOSDAQ,951.29,NAVER_FINANCE_DOMESTIC_INDEX_DAILY
2026-01-22,KOSDAQ,KOSDAQ,970.35,NAVER_FINANCE_DOMESTIC_INDEX_DAILY
2026-01-23,KOSDAQ,KOSDAQ,993.93,NAVER_FINANCE_DOMESTIC_INDEX_DAILY
2026-01-26,KOSDAQ,KOSDAQ,1064.41,NAVER_FINANCE_DOMESTIC_INDEX_DAILY
2026-01-27,KOSDAQ,KOSDAQ,1082.59,NAVER_FINANCE_DOMESTIC_INDEX_DAILY
2026-01-28,KOSDAQ,KOSDAQ,1133.52,NAVER_FINANCE_DOMESTIC_INDEX_DAILY
2026-01-29,KOSDAQ,KOSDAQ,1164.41,NAVER_FINANCE_DOMESTIC_INDEX_DAILY
2026-01-30,KOSDAQ,KOSDAQ,1149.44,NAVER_FINANCE_DOMESTIC_INDEX_DAILY
2026-02-02,KOSDAQ,KOSDAQ,1098.36,NAVER_FINANCE_DOMESTIC_INDEX_DAILY
2026-02-03,KOSDAQ,KOSDAQ,1144.33,NAVER_FINANCE_DOMESTIC_INDEX_DAILY
2026-02-04,KOSDAQ,KOSDAQ,1149.43,NAVER_FINANCE_DOMESTIC_INDEX_DAILY
2026-02-05,KOSDAQ,KOSDAQ,1108.41,NAVER_FINANCE_DOMESTIC_INDEX_DAILY
2026-02-06,KOSDAQ,KOSDAQ,1080.77,NAVER_FINANCE_DOMESTIC_INDEX_DAILY
2026-02-09,KOSDAQ,KOSDAQ,1127.55,NAVER_FINANCE_DOMESTIC_INDEX_DAILY
2026-02-10,KOSDAQ,KOSDAQ,1115.2,NAVER_FINANCE_DOMESTIC_INDEX_DAILY
2026-02-11,KOSDAQ,KOSDAQ,1114.87,NAVER_FINANCE_DOMESTIC_INDEX_DAILY
2026-02-12,KOSDAQ,KOSDAQ,1125.99,NAVER_FINANCE_DOMESTIC_INDEX_DAILY
2026-02-13,KOSDAQ,KOSDAQ,1106.08,NAVER_FINANCE_DOMESTIC_INDEX_DAILY
2026-02-19,KOSDAQ,KOSDAQ,1160.71,NAVER_FINANCE_DOMESTIC_INDEX_DAILY
2026-02-20,KOSDAQ,KOSDAQ,1154.0,NAVER_FINANCE_DOMESTIC_INDEX_DAILY
2026-02-23,KOSDAQ,KOSDAQ,1151.99,NAVER_FINANCE_DOMESTIC_INDEX_DAILY
2026-02-24,KOSDAQ,KOSDAQ,1165.0,NAVER_FINANCE_DOMESTIC_INDEX_DAILY
2026-02-25,KOSDAQ,KOSDAQ,1165.25,NAVER_FINANCE_DOMESTIC_INDEX_DAILY
2026-02-26,KOSDAQ,KOSDAQ,1188.15,NAVER_FINANCE_DOMESTIC_INDEX_DAILY
2026-02-27,KOSDAQ,KOSDAQ,1192.78,NAVER_FINANCE_DOMESTIC_INDEX_DAILY
2026-03-03,KOSDAQ,KOSDAQ,1137.7,NAVER_FINANCE_DOMESTIC_INDEX_DAILY
2026-03-04,KOSDAQ,KOSDAQ,978.44,NAVER_FINANCE_DOMESTIC_INDEX_DAILY
2026-03-05,KOSDAQ,KOSDAQ,1116.41,NAVER_FINANCE_DOMESTIC_INDEX_DAILY
2026-03-06,KOSDAQ,KOSDAQ,1154.67,NAVER_FINANCE_DOMESTIC_INDEX_DAILY
2026-03-09,KOSDAQ,KOSDAQ,1102.28,NAVER_FINANCE_DOMESTIC_INDEX_DAILY
2026-03-10,KOSDAQ,KOSDAQ,1137.68,NAVER_FINANCE_DOMESTIC_INDEX_DAILY
2026-03-11,KOSDAQ,KOSDAQ,1136.83,NAVER_FINANCE_DOMESTIC_INDEX_DAILY
2026-03-12,KOSDAQ,KOSDAQ,1148.4,NAVER_FINANCE_DOMESTIC_INDEX_DAILY
2026-03-13,KOSDAQ,KOSDAQ,1152.96,NAVER_FINANCE_DOMESTIC_INDEX_DAILY
2026-03-16,KOSDAQ,KOSDAQ,1138.29,NAVER_FINANCE_DOMESTIC_INDEX_DAILY
2026-03-17,KOSDAQ,KOSDAQ,1136.94,NAVER_FINANCE_DOMESTIC_INDEX_DAILY
2026-03-18,KOSDAQ,KOSDAQ,1164.38,NAVER_FINANCE_DOMESTIC_INDEX_DAILY
2026-03-19,KOSDAQ,KOSDAQ,1143.48,NAVER_FINANCE_DOMESTIC_INDEX_DAILY
2026-03-20,KOSDAQ,KOSDAQ,1161.52,NAVER_FINANCE_DOMESTIC_INDEX_DAILY
2026-03-23,KOSDAQ,KOSDAQ,1096.89,NAVER_FINANCE_DOMESTIC_INDEX_DAILY
2026-03-24,KOSDAQ,KOSDAQ,1121.44,NAVER_FINANCE_DOMESTIC_INDEX_DAILY
2026-03-25,KOSDAQ,KOSDAQ,1159.55,NAVER_FINANCE_DOMESTIC_INDEX_DAILY
2026-03-26,KOSDAQ,KOSDAQ,1136.64,NAVER_FINANCE_DOMESTIC_INDEX_DAILY
2026-03-27,KOSDAQ,KOSDAQ,1141.51,NAVER_FINANCE_DOMESTIC_INDEX_DAILY
2026-03-30,KOSDAQ,KOSDAQ,1107.05,NAVER_FINANCE_DOMESTIC_INDEX_DAILY
2026-03-31,KOSDAQ,KOSDAQ,1052.39,NAVER_FINANCE_DOMESTIC_INDEX_DAILY
2026-04-01,KOSDAQ,KOSDAQ,1116.18,NAVER_FINANCE_DOMESTIC_INDEX_DAILY
2026-04-02,KOSDAQ,KOSDAQ,1056.34,NAVER_FINANCE_DOMESTIC_INDEX_DAILY
2026-04-03,KOSDAQ,KOSDAQ,1063.75,NAVER_FINANCE_DOMESTIC_INDEX_DAILY
2026-04-06,KOSDAQ,KOSDAQ,1047.37,NAVER_FINANCE_DOMESTIC_INDEX_DAILY
2026-04-07,KOSDAQ,KOSDAQ,1036.73,NAVER_FINANCE_DOMESTIC_INDEX_DAILY
2026-04-08,KOSDAQ,KOSDAQ,1089.85,NAVER_FINANCE_DOMESTIC_INDEX_DAILY
2026-04-09,KOSDAQ,KOSDAQ,1076.0,NAVER_FINANCE_DOMESTIC_INDEX_DAILY
2026-04-10,KOSDAQ,KOSDAQ,1093.63,NAVER_FINANCE_DOMESTIC_INDEX_DAILY
2026-04-13,KOSDAQ,KOSDAQ,1099.84,NAVER_FINANCE_DOMESTIC_INDEX_DAILY
2026-04-14,KOSDAQ,KOSDAQ,1121.88,NAVER_FINANCE_DOMESTIC_INDEX_DAILY
2026-04-15,KOSDAQ,KOSDAQ,1152.43,NAVER_FINANCE_DOMESTIC_INDEX_DAILY
2026-04-16,KOSDAQ,KOSDAQ,1162.97,NAVER_FINANCE_DOMESTIC_INDEX_DAILY
2026-04-17,KOSDAQ,KOSDAQ,1170.04,NAVER_FINANCE_DOMESTIC_INDEX_DAILY
2026-04-20,KOSDAQ,KOSDAQ,1174.85,NAVER_FINANCE_DOMESTIC_INDEX_DAILY
2026-04-21,KOSDAQ,KOSDAQ,1179.03,NAVER_FINANCE_DOMESTIC_INDEX_DAILY
2026-04-22,KOSDAQ,KOSDAQ,1181.12,NAVER_FINANCE_DOMESTIC_INDEX_DAILY
2026-04-23,KOSDAQ,KOSDAQ,1174.31,NAVER_FINANCE_DOMESTIC_INDEX_DAILY
2026-04-24,KOSDAQ,KOSDAQ,1203.84,NAVER_FINANCE_DOMESTIC_INDEX_DAILY
2026-04-27,KOSDAQ,KOSDAQ,1226.18,NAVER_FINANCE_DOMESTIC_INDEX_DAILY
2026-04-28,KOSDAQ,KOSDAQ,1215.58,NAVER_FINANCE_DOMESTIC_INDEX_DAILY
2026-04-29,KOSDAQ,KOSDAQ,1220.26,NAVER_FINANCE_DOMESTIC_INDEX_DAILY
2026-04-30,KOSDAQ,KOSDAQ,1192.35,NAVER_FINANCE_DOMESTIC_INDEX_DAILY
2026-05-04,KOSDAQ,KOSDAQ,1213.74,NAVER_FINANCE_DOMESTIC_INDEX_DAILY
2026-05-06,KOSDAQ,KOSDAQ,1210.17,NAVER_FINANCE_DOMESTIC_INDEX_DAILY
2026-05-07,KOSDAQ,KOSDAQ,1199.18,NAVER_FINANCE_DOMESTIC_INDEX_DAILY
2026-05-08,KOSDAQ,KOSDAQ,1207.72,NAVER_FINANCE_DOMESTIC_INDEX_DAILY
2026-05-11,KOSDAQ,KOSDAQ,1207.34,NAVER_FINANCE_DOMESTIC_INDEX_DAILY
2026-05-12,KOSDAQ,KOSDAQ,1179.29,NAVER_FINANCE_DOMESTIC_INDEX_DAILY
2026-05-13,KOSDAQ,KOSDAQ,1176.93,NAVER_FINANCE_DOMESTIC_INDEX_DAILY
2026-05-14,KOSDAQ,KOSDAQ,1191.09,NAVER_FINANCE_DOMESTIC_INDEX_DAILY
2026-05-15,KOSDAQ,KOSDAQ,1129.82,NAVER_FINANCE_DOMESTIC_INDEX_DAILY
2026-05-18,KOSDAQ,KOSDAQ,1111.09,NAVER_FINANCE_DOMESTIC_INDEX_DAILY
2026-05-19,KOSDAQ,KOSDAQ,1084.36,NAVER_FINANCE_DOMESTIC_INDEX_DAILY
2026-05-20,KOSDAQ,KOSDAQ,1056.07,NAVER_FINANCE_DOMESTIC_INDEX_DAILY
2026-05-21,KOSDAQ,KOSDAQ,1105.97,NAVER_FINANCE_DOMESTIC_INDEX_DAILY
2026-05-22,KOSDAQ,KOSDAQ,1161.13,NAVER_FINANCE_DOMESTIC_INDEX_DAILY
2026-05-26,KOSDAQ,KOSDAQ,1172.52,NAVER_FINANCE_DOMESTIC_INDEX_DAILY
2026-05-27,KOSDAQ,KOSDAQ,1133.13,NAVER_FINANCE_DOMESTIC_INDEX_DAILY
2026-05-28,KOSDAQ,KOSDAQ,1104.36,NAVER_FINANCE_DOMESTIC_INDEX_DAILY
2026-05-29,KOSDAQ,KOSDAQ,1074.8,NAVER_FINANCE_DOMESTIC_INDEX_DAILY
2026-06-01,KOSDAQ,KOSDAQ,1050.03,NAVER_FINANCE_DOMESTIC_INDEX_DAILY
2026-06-02,KOSDAQ,KOSDAQ,1026.03,NAVER_FINANCE_DOMESTIC_INDEX_DAILY
2026-06-04,KOSDAQ,KOSDAQ,1049.73,NAVER_FINANCE_DOMESTIC_INDEX_DAILY
2026-06-05,KOSDAQ,KOSDAQ,1002.44,NAVER_FINANCE_DOMESTIC_INDEX_DAILY
2026-06-08,KOSDAQ,KOSDAQ,911.39,NAVER_FINANCE_DOMESTIC_INDEX_DAILY
2026-06-09,KOSDAQ,KOSDAQ,967.81,NAVER_FINANCE_DOMESTIC_INDEX_DAILY
2026-06-10,KOSDAQ,KOSDAQ,951.63,NAVER_FINANCE_DOMESTIC_INDEX_DAILY
2026-06-11,KOSDAQ,KOSDAQ,996.93,NAVER_FINANCE_DOMESTIC_INDEX_DAILY
2026-06-12,KOSDAQ,KOSDAQ,1029.05,NAVER_FINANCE_DOMESTIC_INDEX_DAILY
2026-06-15,KOSDAQ,KOSDAQ,1034.03,NAVER_FINANCE_DOMESTIC_INDEX_DAILY
2026-06-16,KOSDAQ,KOSDAQ,1018.68,NAVER_FINANCE_DOMESTIC_INDEX_DAILY
2026-06-17,KOSDAQ,KOSDAQ,1031.96,NAVER_FINANCE_DOMESTIC_INDEX_DAILY
2026-06-18,KOSDAQ,KOSDAQ,1000.93,NAVER_FINANCE_DOMESTIC_INDEX_DAILY
2026-06-19,KOSDAQ,KOSDAQ,966.59,NAVER_FINANCE_DOMESTIC_INDEX_DAILY
2026-06-22,KOSDAQ,KOSDAQ,968.4,NAVER_FINANCE_DOMESTIC_INDEX_DAILY
2026-06-23,KOSDAQ,KOSDAQ,891.52,NAVER_FINANCE_DOMESTIC_INDEX_DAILY
2026-06-24,KOSDAQ,KOSDAQ,909.31,NAVER_FINANCE_DOMESTIC_INDEX_DAILY
2026-06-25,KOSDAQ,KOSDAQ,887.81,NAVER_FINANCE_DOMESTIC_INDEX_DAILY
2026-06-26,KOSDAQ,KOSDAQ,851.37,NAVER_FINANCE_DOMESTIC_INDEX_DAILY
2026-06-29,KOSDAQ,KOSDAQ,920.57,NAVER_FINANCE_DOMESTIC_INDEX_DAILY
2026-06-30,KOSDAQ,KOSDAQ,916.18,NAVER_FINANCE_DOMESTIC_INDEX_DAILY
2026-07-01,KOSDAQ,KOSDAQ,929.35,NAVER_FINANCE_DOMESTIC_INDEX_DAILY
2021-06-28,KOSPI,KOSPI,3301.89,NAVER_FINANCE_DOMESTIC_INDEX_DAILY
2021-06-29,KOSPI,KOSPI,3286.68,NAVER_FINANCE_DOMESTIC_INDEX_DAILY
2021-06-30,KOSPI,KOSPI,3296.68,NAVER_FINANCE_DOMESTIC_INDEX_DAILY
2021-07-01,KOSPI,KOSPI,3282.06,NAVER_FINANCE_DOMESTIC_INDEX_DAILY
2021-07-02,KOSPI,KOSPI,3281.78,NAVER_FINANCE_DOMESTIC_INDEX_DAILY
2021-07-05,KOSPI,KOSPI,3293.21,NAVER_FINANCE_DOMESTIC_INDEX_DAILY
2021-07-06,KOSPI,KOSPI,3305.21,NAVER_FINANCE_DOMESTIC_INDEX_DAILY
2021-07-07,KOSPI,KOSPI,3285.34,NAVER_FINANCE_DOMESTIC_INDEX_DAILY
2021-07-08,KOSPI,KOSPI,3252.68,NAVER_FINANCE_DOMESTIC_INDEX_DAILY
2021-07-09,KOSPI,KOSPI,3217.95,NAVER_FINANCE_DOMESTIC_INDEX_DAILY
2021-07-12,KOSPI,KOSPI,3246.47,NAVER_FINANCE_DOMESTIC_INDEX_DAILY
2021-07-13,KOSPI,KOSPI,3271.38,NAVER_FINANCE_DOMESTIC_INDEX_DAILY
2021-07-14,KOSPI,KOSPI,3264.81,NAVER_FINANCE_DOMESTIC_INDEX_DAILY
2021-07-15,KOSPI,KOSPI,3286.22,NAVER_FINANCE_DOMESTIC_INDEX_DAILY
2021-07-16,KOSPI,KOSPI,3276.91,NAVER_FINANCE_DOMESTIC_INDEX_DAILY
2021-07-19,KOSPI,KOSPI,3244.04,NAVER_FINANCE_DOMESTIC_INDEX_DAILY
2021-07-20,KOSPI,KOSPI,3232.7,NAVER_FINANCE_DOMESTIC_INDEX_DAILY
2021-07-21,KOSPI,KOSPI,3215.91,NAVER_FINANCE_DOMESTIC_INDEX_DAILY
2021-07-22,KOSPI,KOSPI,3250.21,NAVER_FINANCE_DOMESTIC_INDEX_DAILY
2021-07-23,KOSPI,KOSPI,3254.42,NAVER_FINANCE_DOMESTIC_INDEX_DAILY
2021-07-26,KOSPI,KOSPI,3224.95,NAVER_FINANCE_DOMESTIC_INDEX_DAILY
2021-07-27,KOSPI,KOSPI,3232.53,NAVER_FINANCE_DOMESTIC_INDEX_DAILY
2021-07-28,KOSPI,KOSPI,3236.86,NAVER_FINANCE_DOMESTIC_INDEX_DAILY
2021-07-29,KOSPI,KOSPI,3242.65,NAVER_FINANCE_DOMESTIC_INDEX_DAILY
2021-07-30,KOSPI,KOSPI,3202.32,NAVER_FINANCE_DOMESTIC_INDEX_DAILY
2021-08-02,KOSPI,KOSPI,3223.04,NAVER_FINANCE_DOMESTIC_INDEX_DAILY
2021-08-03,KOSPI,KOSPI,3237.14,NAVER_FINANCE_DOMESTIC_INDEX_DAILY
2021-08-04,KOSPI,KOSPI,3280.38,NAVER_FINANCE_DOMESTIC_INDEX_DAILY
2021-08-05,KOSPI,KOSPI,3276.13,NAVER_FINANCE_DOMESTIC_INDEX_DAILY
2021-08-06,KOSPI,KOSPI,3270.36,NAVER_FINANCE_DOMESTIC_INDEX_DAILY
2021-08-09,KOSPI,KOSPI,3260.42,NAVER_FINANCE_DOMESTIC_INDEX_DAILY
2021-08-10,KOSPI,KOSPI,3243.19,NAVER_FINANCE_DOMESTIC_INDEX_DAILY
2021-08-11,KOSPI,KOSPI,3220.62,NAVER_FINANCE_DOMESTIC_INDEX_DAILY
2021-08-12,KOSPI,KOSPI,3208.38,NAVER_FINANCE_DOMESTIC_INDEX_DAILY
2021-08-13,KOSPI,KOSPI,3171.29,NAVER_FINANCE_DOMESTIC_INDEX_DAILY
2021-08-17,KOSPI,KOSPI,3143.09,NAVER_FINANCE_DOMESTIC_INDEX_DAILY
2021-08-18,KOSPI,KOSPI,3158.93,NAVER_FINANCE_DOMESTIC_INDEX_DAILY
2021-08-19,KOSPI,KOSPI,3097.83,NAVER_FINANCE_DOMESTIC_INDEX_DAILY
2021-08-20,KOSPI,KOSPI,3060.51,NAVER_FINANCE_DOMESTIC_INDEX_DAILY
2021-08-23,KOSPI,KOSPI,3090.21,NAVER_FINANCE_DOMESTIC_INDEX_DAILY
2021-08-24,KOSPI,KOSPI,3138.3,NAVER_FINANCE_DOMESTIC_INDEX_DAILY
2021-08-25,KOSPI,KOSPI,3146.81,NAVER_FINANCE_DOMESTIC_INDEX_DAILY
2021-08-26,KOSPI,KOSPI,3128.53,NAVER_FINANCE_DOMESTIC_INDEX_DAILY
2021-08-27,KOSPI,KOSPI,3133.9,NAVER_FINANCE_DOMESTIC_INDEX_DAILY
2021-08-30,KOSPI,KOSPI,3144.19,NAVER_FINANCE_DOMESTIC_INDEX_DAILY
2021-08-31,KOSPI,KOSPI,3199.27,NAVER_FINANCE_DOMESTIC_INDEX_DAILY
2021-09-01,KOSPI,KOSPI,3207.02,NAVER_FINANCE_DOMESTIC_INDEX_DAILY
2021-09-02,KOSPI,KOSPI,3175.85,NAVER_FINANCE_DOMESTIC_INDEX_DAILY
2021-09-03,KOSPI,KOSPI,3201.06,NAVER_FINANCE_DOMESTIC_INDEX_DAILY
2021-09-06,KOSPI,KOSPI,3203.33,NAVER_FINANCE_DOMESTIC_INDEX_DAILY
2021-09-07,KOSPI,KOSPI,3187.42,NAVER_FINANCE_DOMESTIC_INDEX_DAILY
2021-09-08,KOSPI,KOSPI,3162.99,NAVER_FINANCE_DOMESTIC_INDEX_DAILY
2021-09-09,KOSPI,KOSPI,3114.7,NAVER_FINANCE_DOMESTIC_INDEX_DAILY
2021-09-10,KOSPI,KOSPI,3125.76,NAVER_FINANCE_DOMESTIC_INDEX_DAILY
2021-09-13,KOSPI,KOSPI,3127.86,NAVER_FINANCE_DOMESTIC_INDEX_DAILY
2021-09-14,KOSPI,KOSPI,3148.83,NAVER_FINANCE_DOMESTIC_INDEX_DAILY
2021-09-15,KOSPI,KOSPI,3153.4,NAVER_FINANCE_DOMESTIC_INDEX_DAILY
2021-09-16,KOSPI,KOSPI,3130.09,NAVER_FINANCE_DOMESTIC_INDEX_DAILY
2021-09-17,KOSPI,KOSPI,3140.51,NAVER_FINANCE_DOMESTIC_INDEX_DAILY
2021-09-23,KOSPI,KOSPI,3127.58,NAVER_FINANCE_DOMESTIC_INDEX_DAILY
2021-09-24,KOSPI,KOSPI,3125.24,NAVER_FINANCE_DOMESTIC_INDEX_DAILY
2021-09-27,KOSPI,KOSPI,3133.64,NAVER_FINANCE_DOMESTIC_INDEX_DAILY
2021-09-28,KOSPI,KOSPI,3097.92,NAVER_FINANCE_DOMESTIC_INDEX_DAILY
2021-09-29,KOSPI,KOSPI,3060.27,NAVER_FINANCE_DOMESTIC_INDEX_DAILY
2021-09-30,KOSPI,KOSPI,3068.82,NAVER_FINANCE_DOMESTIC_INDEX_DAILY
2021-10-01,KOSPI,KOSPI,3019.18,NAVER_FINANCE_DOMESTIC_INDEX_DAILY
2021-10-05,KOSPI,KOSPI,2962.17,NAVER_FINANCE_DOMESTIC_INDEX_DAILY
2021-10-06,KOSPI,KOSPI,2908.31,NAVER_FINANCE_DOMESTIC_INDEX_DAILY
2021-10-07,KOSPI,KOSPI,2959.46,NAVER_FINANCE_DOMESTIC_INDEX_DAILY
2021-10-08,KOSPI,KOSPI,2956.3,NAVER_FINANCE_DOMESTIC_INDEX_DAILY
2021-10-12,KOSPI,KOSPI,2916.38,NAVER_FINANCE_DOMESTIC_INDEX_DAILY
2021-10-13,KOSPI,KOSPI,2944.41,NAVER_FINANCE_DOMESTIC_INDEX_DAILY
2021-10-14,KOSPI,KOSPI,2988.64,NAVER_FINANCE_DOMESTIC_INDEX_DAILY
2021-10-15,KOSPI,KOSPI,3015.06,NAVER_FINANCE_DOMESTIC_INDEX_DAILY
2021-10-18,KOSPI,KOSPI,3006.68,NAVER_FINANCE_DOMESTIC_INDEX_DAILY
2021-10-19,KOSPI,KOSPI,3029.04,NAVER_FINANCE_DOMESTIC_INDEX_DAILY
2021-10-20,KOSPI,KOSPI,3013.13,NAVER_FINANCE_DOMESTIC_INDEX_DAILY
2021-10-21,KOSPI,KOSPI,3007.33,NAVER_FINANCE_DOMESTIC_INDEX_DAILY
2021-10-22,KOSPI,KOSPI,3006.16,NAVER_FINANCE_DOMESTIC_INDEX_DAILY
2021-10-25,KOSPI,KOSPI,3020.54,NAVER_FINANCE_DOMESTIC_INDEX_DAILY
2021-10-26,KOSPI,KOSPI,3049.08,NAVER_FINANCE_DOMESTIC_INDEX_DAILY
2021-10-27,KOSPI,KOSPI,3025.49,NAVER_FINANCE_DOMESTIC_INDEX_DAILY
2021-10-28,KOSPI,KOSPI,3009.55,NAVER_FINANCE_DOMESTIC_INDEX_DAILY
2021-10-29,KOSPI,KOSPI,2970.68,NAVER_FINANCE_DOMESTIC_INDEX_DAILY
2021-11-01,KOSPI,KOSPI,2978.94,NAVER_FINANCE_DOMESTIC_INDEX_DAILY
2021-11-02,KOSPI,KOSPI,3013.49,NAVER_FINANCE_DOMESTIC_INDEX_DAILY
2021-11-03,KOSPI,KOSPI,2975.71,NAVER_FINANCE_DOMESTIC_INDEX_DAILY
2021-11-04,KOSPI,KOSPI,2983.22,NAVER_FINANCE_DOMESTIC_INDEX_DAILY
2021-11-05,KOSPI,KOSPI,2969.27,NAVER_FINANCE_DOMESTIC_INDEX_DAILY
2021-11-08,KOSPI,KOSPI,2960.2,NAVER_FINANCE_DOMESTIC_INDEX_DAILY
2021-11-09,KOSPI,KOSPI,2962.46,NAVER_FINANCE_DOMESTIC_INDEX_DAILY
2021-11-10,KOSPI,KOSPI,2930.17,NAVER_FINANCE_DOMESTIC_INDEX_DAILY
2021-11-11,KOSPI,KOSPI,2924.92,NAVER_FINANCE_DOMESTIC_INDEX_DAILY
2021-11-12,KOSPI,KOSPI,2968.8,NAVER_FINANCE_DOMESTIC_INDEX_DAILY
2021-11-15,KOSPI,KOSPI,2999.52,NAVER_FINANCE_DOMESTIC_INDEX_DAILY
2021-11-16,KOSPI,KOSPI,2997.21,NAVER_FINANCE_DOMESTIC_INDEX_DAILY
2021-11-17,KOSPI,KOSPI,2962.42,NAVER_FINANCE_DOMESTIC_INDEX_DAILY
2021-11-18,KOSPI,KOSPI,2947.38,NAVER_FINANCE_DOMESTIC_INDEX_DAILY
2021-11-19,KOSPI,KOSPI,2971.02,NAVER_FINANCE_DOMESTIC_INDEX_DAILY
2021-11-22,KOSPI,KOSPI,3013.25,NAVER_FINANCE_DOMESTIC_INDEX_DAILY
2021-11-23,KOSPI,KOSPI,2997.33,NAVER_FINANCE_DOMESTIC_INDEX_DAILY
2021-11-24,KOSPI,KOSPI,2994.29,NAVER_FINANCE_DOMESTIC_INDEX_DAILY
2021-11-25,KOSPI,KOSPI,2980.27,NAVER_FINANCE_DOMESTIC_INDEX_DAILY
2021-11-26,KOSPI,KOSPI,2936.44,NAVER_FINANCE_DOMESTIC_INDEX_DAILY
2021-11-29,KOSPI,KOSPI,2909.32,NAVER_FINANCE_DOMESTIC_INDEX_DAILY
2021-11-30,KOSPI,KOSPI,2839.01,NAVER_FINANCE_DOMESTIC_INDEX_DAILY
2021-12-01,KOSPI,KOSPI,2899.72,NAVER_FINANCE_DOMESTIC_INDEX_DAILY
2021-12-02,KOSPI,KOSPI,2945.27,NAVER_FINANCE_DOMESTIC_INDEX_DAILY
2021-12-03,KOSPI,KOSPI,2968.33,NAVER_FINANCE_DOMESTIC_INDEX_DAILY
2021-12-06,KOSPI,KOSPI,2973.25,NAVER_FINANCE_DOMESTIC_INDEX_DAILY
2021-12-07,KOSPI,KOSPI,2991.72,NAVER_FINANCE_DOMESTIC_INDEX_DAILY
2021-12-08,KOSPI,KOSPI,3001.8,NAVER_FINANCE_DOMESTIC_INDEX_DAILY
2021-12-09,KOSPI,KOSPI,3029.57,NAVER_FINANCE_DOMESTIC_INDEX_DAILY
2021-12-10,KOSPI,KOSPI,3010.23,NAVER_FINANCE_DOMESTIC_INDEX_DAILY
2021-12-13,KOSPI,KOSPI,3001.66,NAVER_FINANCE_DOMESTIC_INDEX_DAILY
2021-12-14,KOSPI,KOSPI,2987.95,NAVER_FINANCE_DOMESTIC_INDEX_DAILY
2021-12-15,KOSPI,KOSPI,2989.39,NAVER_FINANCE_DOMESTIC_INDEX_DAILY
2021-12-16,KOSPI,KOSPI,3006.41,NAVER_FINANCE_DOMESTIC_INDEX_DAILY
2021-12-17,KOSPI,KOSPI,3017.73,NAVER_FINANCE_DOMESTIC_INDEX_DAILY
2021-12-20,KOSPI,KOSPI,2963.0,NAVER_FINANCE_DOMESTIC_INDEX_DAILY
2021-12-21,KOSPI,KOSPI,2975.03,NAVER_FINANCE_DOMESTIC_INDEX_DAILY
2021-12-22,KOSPI,KOSPI,2984.48,NAVER_FINANCE_DOMESTIC_INDEX_DAILY
2021-12-23,KOSPI,KOSPI,2998.17,NAVER_FINANCE_DOMESTIC_INDEX_DAILY
2021-12-24,KOSPI,KOSPI,3012.43,NAVER_FINANCE_DOMESTIC_INDEX_DAILY
2021-12-27,KOSPI,KOSPI,2999.55,NAVER_FINANCE_DOMESTIC_INDEX_DAILY
2021-12-28,KOSPI,KOSPI,3020.24,NAVER_FINANCE_DOMESTIC_INDEX_DAILY
2021-12-29,KOSPI,KOSPI,2993.29,NAVER_FINANCE_DOMESTIC_INDEX_DAILY
2021-12-30,KOSPI,KOSPI,2977.65,NAVER_FINANCE_DOMESTIC_INDEX_DAILY
2022-01-03,KOSPI,KOSPI,2988.77,NAVER_FINANCE_DOMESTIC_INDEX_DAILY
2022-01-04,KOSPI,KOSPI,2989.24,NAVER_FINANCE_DOMESTIC_INDEX_DAILY
2022-01-05,KOSPI,KOSPI,2953.97,NAVER_FINANCE_DOMESTIC_INDEX_DAILY
2022-01-06,KOSPI,KOSPI,2920.53,NAVER_FINANCE_DOMESTIC_INDEX_DAILY
2022-01-07,KOSPI,KOSPI,2954.89,NAVER_FINANCE_DOMESTIC_INDEX_DAILY
2022-01-10,KOSPI,KOSPI,2926.72,NAVER_FINANCE_DOMESTIC_INDEX_DAILY
2022-01-11,KOSPI,KOSPI,2927.38,NAVER_FINANCE_DOMESTIC_INDEX_DAILY
2022-01-12,KOSPI,KOSPI,2972.48,NAVER_FINANCE_DOMESTIC_INDEX_DAILY
2022-01-13,KOSPI,KOSPI,2962.09,NAVER_FINANCE_DOMESTIC_INDEX_DAILY
2022-01-14,KOSPI,KOSPI,2921.92,NAVER_FINANCE_DOMESTIC_INDEX_DAILY
2022-01-17,KOSPI,KOSPI,2890.1,NAVER_FINANCE_DOMESTIC_INDEX_DAILY
2022-01-18,KOSPI,KOSPI,2864.24,NAVER_FINANCE_DOMESTIC_INDEX_DAILY
2022-01-19,KOSPI,KOSPI,2842.28,NAVER_FINANCE_DOMESTIC_INDEX_DAILY
2022-01-20,KOSPI,KOSPI,2862.68,NAVER_FINANCE_DOMESTIC_INDEX_DAILY
2022-01-21,KOSPI,KOSPI,2834.29,NAVER_FINANCE_DOMESTIC_INDEX_DAILY
2022-01-24,KOSPI,KOSPI,2792.0,NAVER_FINANCE_DOMESTIC_INDEX_DAILY
2022-01-25,KOSPI,KOSPI,2720.39,NAVER_FINANCE_DOMESTIC_INDEX_DAILY
2022-01-26,KOSPI,KOSPI,2709.24,NAVER_FINANCE_DOMESTIC_INDEX_DAILY
2022-01-27,KOSPI,KOSPI,2614.49,NAVER_FINANCE_DOMESTIC_INDEX_DAILY
2022-01-28,KOSPI,KOSPI,2663.34,NAVER_FINANCE_DOMESTIC_INDEX_DAILY
2022-02-03,KOSPI,KOSPI,2707.82,NAVER_FINANCE_DOMESTIC_INDEX_DAILY
2022-02-04,KOSPI,KOSPI,2750.26,NAVER_FINANCE_DOMESTIC_INDEX_DAILY
2022-02-07,KOSPI,KOSPI,2745.06,NAVER_FINANCE_DOMESTIC_INDEX_DAILY
2022-02-08,KOSPI,KOSPI,2746.47,NAVER_FINANCE_DOMESTIC_INDEX_DAILY
2022-02-09,KOSPI,KOSPI,2768.85,NAVER_FINANCE_DOMESTIC_INDEX_DAILY
2022-02-10,KOSPI,KOSPI,2771.93,NAVER_FINANCE_DOMESTIC_INDEX_DAILY
2022-02-11,KOSPI,KOSPI,2747.71,NAVER_FINANCE_DOMESTIC_INDEX_DAILY
2022-02-14,KOSPI,KOSPI,2704.48,NAVER_FINANCE_DOMESTIC_INDEX_DAILY
2022-02-15,KOSPI,KOSPI,2676.54,NAVER_FINANCE_DOMESTIC_INDEX_DAILY
2022-02-16,KOSPI,KOSPI,2729.68,NAVER_FINANCE_DOMESTIC_INDEX_DAILY
2022-02-17,KOSPI,KOSPI,2744.09,NAVER_FINANCE_DOMESTIC_INDEX_DAILY
2022-02-18,KOSPI,KOSPI,2744.52,NAVER_FINANCE_DOMESTIC_INDEX_DAILY
2022-02-21,KOSPI,KOSPI,2743.8,NAVER_FINANCE_DOMESTIC_INDEX_DAILY
2022-02-22,KOSPI,KOSPI,2706.79,NAVER_FINANCE_DOMESTIC_INDEX_DAILY
2022-02-23,KOSPI,KOSPI,2719.53,NAVER_FINANCE_DOMESTIC_INDEX_DAILY
2022-02-24,KOSPI,KOSPI,2648.8,NAVER_FINANCE_DOMESTIC_INDEX_DAILY
2022-02-25,KOSPI,KOSPI,2676.76,NAVER_FINANCE_DOMESTIC_INDEX_DAILY
2022-02-28,KOSPI,KOSPI,2699.18,NAVER_FINANCE_DOMESTIC_INDEX_DAILY
2022-03-02,KOSPI,KOSPI,2703.52,NAVER_FINANCE_DOMESTIC_INDEX_DAILY
2022-03-03,KOSPI,KOSPI,2747.08,NAVER_FINANCE_DOMESTIC_INDEX_DAILY
2022-03-04,KOSPI,KOSPI,2713.43,NAVER_FINANCE_DOMESTIC_INDEX_DAILY
2022-03-07,KOSPI,KOSPI,2651.31,NAVER_FINANCE_DOMESTIC_INDEX_DAILY
2022-03-08,KOSPI,KOSPI,2622.4,NAVER_FINANCE_DOMESTIC_INDEX_DAILY
2022-03-10,KOSPI,KOSPI,2680.32,NAVER_FINANCE_DOMESTIC_INDEX_DAILY
2022-03-11,KOSPI,KOSPI,2661.28,NAVER_FINANCE_DOMESTIC_INDEX_DAILY
2022-03-14,KOSPI,KOSPI,2645.65,NAVER_FINANCE_DOMESTIC_INDEX_DAILY
2022-03-15,KOSPI,KOSPI,2621.53,NAVER_FINANCE_DOMESTIC_INDEX_DAILY
2022-03-16,KOSPI,KOSPI,2659.23,NAVER_FINANCE_DOMESTIC_INDEX_DAILY
2022-03-17,KOSPI,KOSPI,2694.51,NAVER_FINANCE_DOMESTIC_INDEX_DAILY
2022-03-18,KOSPI,KOSPI,2707.02,NAVER_FINANCE_DOMESTIC_INDEX_DAILY
2022-03-21,KOSPI,KOSPI,2686.05,NAVER_FINANCE_DOMESTIC_INDEX_DAILY
2022-03-22,KOSPI,KOSPI,2710.0,NAVER_FINANCE_DOMESTIC_INDEX_DAILY
2022-03-23,KOSPI,KOSPI,2735.05,NAVER_FINANCE_DOMESTIC_INDEX_DAILY
2022-03-24,KOSPI,KOSPI,2729.66,NAVER_FINANCE_DOMESTIC_INDEX_DAILY
2022-03-25,KOSPI,KOSPI,2729.98,NAVER_FINANCE_DOMESTIC_INDEX_DAILY
2022-03-28,KOSPI,KOSPI,2729.56,NAVER_FINANCE_DOMESTIC_INDEX_DAILY
2022-03-29,KOSPI,KOSPI,2741.07,NAVER_FINANCE_DOMESTIC_INDEX_DAILY
2022-03-30,KOSPI,KOSPI,2746.74,NAVER_FINANCE_DOMESTIC_INDEX_DAILY
2022-03-31,KOSPI,KOSPI,2757.65,NAVER_FINANCE_DOMESTIC_INDEX_DAILY
2022-04-01,KOSPI,KOSPI,2739.85,NAVER_FINANCE_DOMESTIC_INDEX_DAILY
2022-04-04,KOSPI,KOSPI,2757.9,NAVER_FINANCE_DOMESTIC_INDEX_DAILY
2022-04-05,KOSPI,KOSPI,2759.2,NAVER_FINANCE_DOMESTIC_INDEX_DAILY
2022-04-06,KOSPI,KOSPI,2735.03,NAVER_FINANCE_DOMESTIC_INDEX_DAILY
2022-04-07,KOSPI,KOSPI,2695.86,NAVER_FINANCE_DOMESTIC_INDEX_DAILY
2022-04-08,KOSPI,KOSPI,2700.39,NAVER_FINANCE_DOMESTIC_INDEX_DAILY
2022-04-11,KOSPI,KOSPI,2693.1,NAVER_FINANCE_DOMESTIC_INDEX_DAILY
2022-04-12,KOSPI,KOSPI,2666.76,NAVER_FINANCE_DOMESTIC_INDEX_DAILY
2022-04-13,KOSPI,KOSPI,2716.49,NAVER_FINANCE_DOMESTIC_INDEX_DAILY
2022-04-14,KOSPI,KOSPI,2716.71,NAVER_FINANCE_DOMESTIC_INDEX_DAILY
2022-04-15,KOSPI,KOSPI,2696.06,NAVER_FINANCE_DOMESTIC_INDEX_DAILY
2022-04-18,KOSPI,KOSPI,2693.21,NAVER_FINANCE_DOMESTIC_INDEX_DAILY
2022-04-19,KOSPI,KOSPI,2718.89,NAVER_FINANCE_DOMESTIC_INDEX_DAILY
2022-04-20,KOSPI,KOSPI,2718.69,NAVER_FINANCE_DOMESTIC_INDEX_DAILY
2022-04-21,KOSPI,KOSPI,2728.21,NAVER_FINANCE_DOMESTIC_INDEX_DAILY
2022-04-22,KOSPI,KOSPI,2704.71,NAVER_FINANCE_DOMESTIC_INDEX_DAILY
2022-04-25,KOSPI,KOSPI,2657.13,NAVER_FINANCE_DOMESTIC_INDEX_DAILY
2022-04-26,KOSPI,KOSPI,2668.31,NAVER_FINANCE_DOMESTIC_INDEX_DAILY
2022-04-27,KOSPI,KOSPI,2639.06,NAVER_FINANCE_DOMESTIC_INDEX_DAILY
2022-04-28,KOSPI,KOSPI,2667.49,NAVER_FINANCE_DOMESTIC_INDEX_DAILY
2022-04-29,KOSPI,KOSPI,2695.05,NAVER_FINANCE_DOMESTIC_INDEX_DAILY
2022-05-02,KOSPI,KOSPI,2687.45,NAVER_FINANCE_DOMESTIC_INDEX_DAILY
2022-05-03,KOSPI,KOSPI,2680.46,NAVER_FINANCE_DOMESTIC_INDEX_DAILY
2022-05-04,KOSPI,KOSPI,2677.57,NAVER_FINANCE_DOMESTIC_INDEX_DAILY
2022-05-06,KOSPI,KOSPI,2644.51,NAVER_FINANCE_DOMESTIC_INDEX_DAILY
2022-05-09,KOSPI,KOSPI,2610.81,NAVER_FINANCE_DOMESTIC_INDEX_DAILY
2022-05-10,KOSPI,KOSPI,2596.56,NAVER_FINANCE_DOMESTIC_INDEX_DAILY
2022-05-11,KOSPI,KOSPI,2592.27,NAVER_FINANCE_DOMESTIC_INDEX_DAILY
2022-05-12,KOSPI,KOSPI,2550.08,NAVER_FINANCE_DOMESTIC_INDEX_DAILY
2022-05-13,KOSPI,KOSPI,2604.24,NAVER_FINANCE_DOMESTIC_INDEX_DAILY
2022-05-16,KOSPI,KOSPI,2596.58,NAVER_FINANCE_DOMESTIC_INDEX_DAILY
2022-05-17,KOSPI,KOSPI,2620.44,NAVER_FINANCE_DOMESTIC_INDEX_DAILY
2022-05-18,KOSPI,KOSPI,2625.98,NAVER_FINANCE_DOMESTIC_INDEX_DAILY
2022-05-19,KOSPI,KOSPI,2592.34,NAVER_FINANCE_DOMESTIC_INDEX_DAILY
2022-05-20,KOSPI,KOSPI,2639.29,NAVER_FINANCE_DOMESTIC_INDEX_DAILY
2022-05-23,KOSPI,KOSPI,2647.38,NAVER_FINANCE_DOMESTIC_INDEX_DAILY
2022-05-24,KOSPI,KOSPI,2605.87,NAVER_FINANCE_DOMESTIC_INDEX_DAILY
2022-05-25,KOSPI,KOSPI,2617.22,NAVER_FINANCE_DOMESTIC_INDEX_DAILY
2022-05-26,KOSPI,KOSPI,2612.45,NAVER_FINANCE_DOMESTIC_INDEX_DAILY
2022-05-27,KOSPI,KOSPI,2638.05,NAVER_FINANCE_DOMESTIC_INDEX_DAILY
2022-05-30,KOSPI,KOSPI,2669.66,NAVER_FINANCE_DOMESTIC_INDEX_DAILY
2022-05-31,KOSPI,KOSPI,2685.9,NAVER_FINANCE_DOMESTIC_INDEX_DAILY
2022-06-02,KOSPI,KOSPI,2658.99,NAVER_FINANCE_DOMESTIC_INDEX_DAILY
2022-06-03,KOSPI,KOSPI,2670.65,NAVER_FINANCE_DOMESTIC_INDEX_DAILY
2022-06-07,KOSPI,KOSPI,2626.34,NAVER_FINANCE_DOMESTIC_INDEX_DAILY
2022-06-08,KOSPI,KOSPI,2626.15,NAVER_FINANCE_DOMESTIC_INDEX_DAILY
2022-06-09,KOSPI,KOSPI,2625.44,NAVER_FINANCE_DOMESTIC_INDEX_DAILY
2022-06-10,KOSPI,KOSPI,2595.87,NAVER_FINANCE_DOMESTIC_INDEX_DAILY
2022-06-13,KOSPI,KOSPI,2504.51,NAVER_FINANCE_DOMESTIC_INDEX_DAILY
2022-06-14,KOSPI,KOSPI,2492.97,NAVER_FINANCE_DOMESTIC_INDEX_DAILY
2022-06-15,KOSPI,KOSPI,2447.38,NAVER_FINANCE_DOMESTIC_INDEX_DAILY
2022-06-16,KOSPI,KOSPI,2451.41,NAVER_FINANCE_DOMESTIC_INDEX_DAILY
2022-06-17,KOSPI,KOSPI,2440.93,NAVER_FINANCE_DOMESTIC_INDEX_DAILY
2022-06-20,KOSPI,KOSPI,2391.03,NAVER_FINANCE_DOMESTIC_INDEX_DAILY
2022-06-21,KOSPI,KOSPI,2408.93,NAVER_FINANCE_DOMESTIC_INDEX_DAILY
2022-06-22,KOSPI,KOSPI,2342.81,NAVER_FINANCE_DOMESTIC_INDEX_DAILY
2022-06-23,KOSPI,KOSPI,2314.32,NAVER_FINANCE_DOMESTIC_INDEX_DAILY
2022-06-24,KOSPI,KOSPI,2366.6,NAVER_FINANCE_DOMESTIC_INDEX_DAILY
2022-06-27,KOSPI,KOSPI,2401.92,NAVER_FINANCE_DOMESTIC_INDEX_DAILY
2022-06-28,KOSPI,KOSPI,2422.09,NAVER_FINANCE_DOMESTIC_INDEX_DAILY
2022-06-29,KOSPI,KOSPI,2377.99,NAVER_FINANCE_DOMESTIC_INDEX_DAILY
2022-06-30,KOSPI,KOSPI,2332.64,NAVER_FINANCE_DOMESTIC_INDEX_DAILY
2022-07-01,KOSPI,KOSPI,2305.42,NAVER_FINANCE_DOMESTIC_INDEX_DAILY
2022-07-04,KOSPI,KOSPI,2300.34,NAVER_FINANCE_DOMESTIC_INDEX_DAILY
2022-07-05,KOSPI,KOSPI,2341.78,NAVER_FINANCE_DOMESTIC_INDEX_DAILY
2022-07-06,KOSPI,KOSPI,2292.01,NAVER_FINANCE_DOMESTIC_INDEX_DAILY
2022-07-07,KOSPI,KOSPI,2334.27,NAVER_FINANCE_DOMESTIC_INDEX_DAILY
2022-07-08,KOSPI,KOSPI,2350.61,NAVER_FINANCE_DOMESTIC_INDEX_DAILY
2022-07-11,KOSPI,KOSPI,2340.27,NAVER_FINANCE_DOMESTIC_INDEX_DAILY
2022-07-12,KOSPI,KOSPI,2317.76,NAVER_FINANCE_DOMESTIC_INDEX_DAILY
2022-07-13,KOSPI,KOSPI,2328.61,NAVER_FINANCE_DOMESTIC_INDEX_DAILY
2022-07-14,KOSPI,KOSPI,2322.32,NAVER_FINANCE_DOMESTIC_INDEX_DAILY
2022-07-15,KOSPI,KOSPI,2330.98,NAVER_FINANCE_DOMESTIC_INDEX_DAILY
2022-07-18,KOSPI,KOSPI,2375.25,NAVER_FINANCE_DOMESTIC_INDEX_DAILY
2022-07-19,KOSPI,KOSPI,2370.97,NAVER_FINANCE_DOMESTIC_INDEX_DAILY
2022-07-20,KOSPI,KOSPI,2386.85,NAVER_FINANCE_DOMESTIC_INDEX_DAILY
2022-07-21,KOSPI,KOSPI,2409.16,NAVER_FINANCE_DOMESTIC_INDEX_DAILY
2022-07-22,KOSPI,KOSPI,2393.14,NAVER_FINANCE_DOMESTIC_INDEX_DAILY
2022-07-25,KOSPI,KOSPI,2403.69,NAVER_FINANCE_DOMESTIC_INDEX_DAILY
2022-07-26,KOSPI,KOSPI,2412.96,NAVER_FINANCE_DOMESTIC_INDEX_DAILY
2022-07-27,KOSPI,KOSPI,2415.53,NAVER_FINANCE_DOMESTIC_INDEX_DAILY
2022-07-28,KOSPI,KOSPI,2435.27,NAVER_FINANCE_DOMESTIC_INDEX_DAILY
2022-07-29,KOSPI,KOSPI,2451.5,NAVER_FINANCE_DOMESTIC_INDEX_DAILY
2022-08-01,KOSPI,KOSPI,2452.25,NAVER_FINANCE_DOMESTIC_INDEX_DAILY
2022-08-02,KOSPI,KOSPI,2439.62,NAVER_FINANCE_DOMESTIC_INDEX_DAILY
2022-08-03,KOSPI,KOSPI,2461.45,NAVER_FINANCE_DOMESTIC_INDEX_DAILY
2022-08-04,KOSPI,KOSPI,2473.11,NAVER_FINANCE_DOMESTIC_INDEX_DAILY
2022-08-05,KOSPI,KOSPI,2490.8,NAVER_FINANCE_DOMESTIC_INDEX_DAILY
2022-08-08,KOSPI,KOSPI,2493.1,NAVER_FINANCE_DOMESTIC_INDEX_DAILY
2022-08-09,KOSPI,KOSPI,2503.46,NAVER_FINANCE_DOMESTIC_INDEX_DAILY
2022-08-10,KOSPI,KOSPI,2480.88,NAVER_FINANCE_DOMESTIC_INDEX_DAILY
2022-08-11,KOSPI,KOSPI,2523.78,NAVER_FINANCE_DOMESTIC_INDEX_DAILY
2022-08-12,KOSPI,KOSPI,2527.94,NAVER_FINANCE_DOMESTIC_INDEX_DAILY
2022-08-16,KOSPI,KOSPI,2533.52,NAVER_FINANCE_DOMESTIC_INDEX_DAILY
2022-08-17,KOSPI,KOSPI,2516.47,NAVER_FINANCE_DOMESTIC_INDEX_DAILY
2022-08-18,KOSPI,KOSPI,2508.05,NAVER_FINANCE_DOMESTIC_INDEX_DAILY
2022-08-19,KOSPI,KOSPI,2492.69,NAVER_FINANCE_DOMESTIC_INDEX_DAILY
2022-08-22,KOSPI,KOSPI,2462.5,NAVER_FINANCE_DOMESTIC_INDEX_DAILY
2022-08-23,KOSPI,KOSPI,2435.34,NAVER_FINANCE_DOMESTIC_INDEX_DAILY
2022-08-24,KOSPI,KOSPI,2447.45,NAVER_FINANCE_DOMESTIC_INDEX_DAILY
2022-08-25,KOSPI,KOSPI,2477.26,NAVER_FINANCE_DOMESTIC_INDEX_DAILY
2022-08-26,KOSPI,KOSPI,2481.03,NAVER_FINANCE_DOMESTIC_INDEX_DAILY
2022-08-29,KOSPI,KOSPI,2426.89,NAVER_FINANCE_DOMESTIC_INDEX_DAILY
2022-08-30,KOSPI,KOSPI,2450.93,NAVER_FINANCE_DOMESTIC_INDEX_DAILY
2022-08-31,KOSPI,KOSPI,2472.05,NAVER_FINANCE_DOMESTIC_INDEX_DAILY
2022-09-01,KOSPI,KOSPI,2415.61,NAVER_FINANCE_DOMESTIC_INDEX_DAILY
2022-09-02,KOSPI,KOSPI,2409.41,NAVER_FINANCE_DOMESTIC_INDEX_DAILY
2022-09-05,KOSPI,KOSPI,2403.68,NAVER_FINANCE_DOMESTIC_INDEX_DAILY
2022-09-06,KOSPI,KOSPI,2410.02,NAVER_FINANCE_DOMESTIC_INDEX_DAILY
2022-09-07,KOSPI,KOSPI,2376.46,NAVER_FINANCE_DOMESTIC_INDEX_DAILY
2022-09-08,KOSPI,KOSPI,2384.28,NAVER_FINANCE_DOMESTIC_INDEX_DAILY
2022-09-13,KOSPI,KOSPI,2449.54,NAVER_FINANCE_DOMESTIC_INDEX_DAILY
2022-09-14,KOSPI,KOSPI,2411.42,NAVER_FINANCE_DOMESTIC_INDEX_DAILY
2022-09-15,KOSPI,KOSPI,2401.83,NAVER_FINANCE_DOMESTIC_INDEX_DAILY
2022-09-16,KOSPI,KOSPI,2382.78,NAVER_FINANCE_DOMESTIC_INDEX_DAILY
2022-09-19,KOSPI,KOSPI,2355.66,NAVER_FINANCE_DOMESTIC_INDEX_DAILY
2022-09-20,KOSPI,KOSPI,2367.85,NAVER_FINANCE_DOMESTIC_INDEX_DAILY
2022-09-21,KOSPI,KOSPI,2347.21,NAVER_FINANCE_DOMESTIC_INDEX_DAILY
2022-09-22,KOSPI,KOSPI,2332.31,NAVER_FINANCE_DOMESTIC_INDEX_DAILY
2022-09-23,KOSPI,KOSPI,2290.0,NAVER_FINANCE_DOMESTIC_INDEX_DAILY
2022-09-26,KOSPI,KOSPI,2220.94,NAVER_FINANCE_DOMESTIC_INDEX_DAILY
2022-09-27,KOSPI,KOSPI,2223.86,NAVER_FINANCE_DOMESTIC_INDEX_DAILY
2022-09-28,KOSPI,KOSPI,2169.29,NAVER_FINANCE_DOMESTIC_INDEX_DAILY
2022-09-29,KOSPI,KOSPI,2170.93,NAVER_FINANCE_DOMESTIC_INDEX_DAILY
2022-09-30,KOSPI,KOSPI,2155.49,NAVER_FINANCE_DOMESTIC_INDEX_DAILY
2022-10-04,KOSPI,KOSPI,2209.38,NAVER_FINANCE_DOMESTIC_INDEX_DAILY
2022-10-05,KOSPI,KOSPI,2215.22,NAVER_FINANCE_DOMESTIC_INDEX_DAILY
2022-10-06,KOSPI,KOSPI,2237.86,NAVER_FINANCE_DOMESTIC_INDEX_DAILY
2022-10-07,KOSPI,KOSPI,2232.84,NAVER_FINANCE_DOMESTIC_INDEX_DAILY
2022-10-11,KOSPI,KOSPI,2192.07,NAVER_FINANCE_DOMESTIC_INDEX_DAILY
2022-10-12,KOSPI,KOSPI,2202.47,NAVER_FINANCE_DOMESTIC_INDEX_DAILY
2022-10-13,KOSPI,KOSPI,2162.87,NAVER_FINANCE_DOMESTIC_INDEX_DAILY
2022-10-14,KOSPI,KOSPI,2212.55,NAVER_FINANCE_DOMESTIC_INDEX_DAILY
2022-10-17,KOSPI,KOSPI,2219.71,NAVER_FINANCE_DOMESTIC_INDEX_DAILY
2022-10-18,KOSPI,KOSPI,2249.95,NAVER_FINANCE_DOMESTIC_INDEX_DAILY
2022-10-19,KOSPI,KOSPI,2237.44,NAVER_FINANCE_DOMESTIC_INDEX_DAILY
2022-10-20,KOSPI,KOSPI,2218.09,NAVER_FINANCE_DOMESTIC_INDEX_DAILY
2022-10-21,KOSPI,KOSPI,2213.12,NAVER_FINANCE_DOMESTIC_INDEX_DAILY
2022-10-24,KOSPI,KOSPI,2236.16,NAVER_FINANCE_DOMESTIC_INDEX_DAILY
2022-10-25,KOSPI,KOSPI,2235.07,NAVER_FINANCE_DOMESTIC_INDEX_DAILY
2022-10-26,KOSPI,KOSPI,2249.56,NAVER_FINANCE_DOMESTIC_INDEX_DAILY
2022-10-27,KOSPI,KOSPI,2288.78,NAVER_FINANCE_DOMESTIC_INDEX_DAILY
2022-10-28,KOSPI,KOSPI,2268.4,NAVER_FINANCE_DOMESTIC_INDEX_DAILY
2022-10-31,KOSPI,KOSPI,2293.61,NAVER_FINANCE_DOMESTIC_INDEX_DAILY
2022-11-01,KOSPI,KOSPI,2335.22,NAVER_FINANCE_DOMESTIC_INDEX_DAILY
2022-11-02,KOSPI,KOSPI,2336.87,NAVER_FINANCE_DOMESTIC_INDEX_DAILY
2022-11-03,KOSPI,KOSPI,2329.17,NAVER_FINANCE_DOMESTIC_INDEX_DAILY
2022-11-04,KOSPI,KOSPI,2348.43,NAVER_FINANCE_DOMESTIC_INDEX_DAILY
2022-11-07,KOSPI,KOSPI,2371.79,NAVER_FINANCE_DOMESTIC_INDEX_DAILY
2022-11-08,KOSPI,KOSPI,2399.04,NAVER_FINANCE_DOMESTIC_INDEX_DAILY
2022-11-09,KOSPI,KOSPI,2424.41,NAVER_FINANCE_DOMESTIC_INDEX_DAILY
2022-11-10,KOSPI,KOSPI,2402.23,NAVER_FINANCE_DOMESTIC_INDEX_DAILY
2022-11-11,KOSPI,KOSPI,2483.16,NAVER_FINANCE_DOMESTIC_INDEX_DAILY
2022-11-14,KOSPI,KOSPI,2474.65,NAVER_FINANCE_DOMESTIC_INDEX_DAILY
2022-11-15,KOSPI,KOSPI,2480.33,NAVER_FINANCE_DOMESTIC_INDEX_DAILY
2022-11-16,KOSPI,KOSPI,2477.45,NAVER_FINANCE_DOMESTIC_INDEX_DAILY
2022-11-17,KOSPI,KOSPI,2442.9,NAVER_FINANCE_DOMESTIC_INDEX_DAILY
2022-11-18,KOSPI,KOSPI,2444.48,NAVER_FINANCE_DOMESTIC_INDEX_DAILY
2022-11-21,KOSPI,KOSPI,2419.5,NAVER_FINANCE_DOMESTIC_INDEX_DAILY
2022-11-22,KOSPI,KOSPI,2405.27,NAVER_FINANCE_DOMESTIC_INDEX_DAILY
2022-11-23,KOSPI,KOSPI,2418.01,NAVER_FINANCE_DOMESTIC_INDEX_DAILY
2022-11-24,KOSPI,KOSPI,2441.33,NAVER_FINANCE_DOMESTIC_INDEX_DAILY
2022-11-25,KOSPI,KOSPI,2437.86,NAVER_FINANCE_DOMESTIC_INDEX_DAILY
2022-11-28,KOSPI,KOSPI,2408.27,NAVER_FINANCE_DOMESTIC_INDEX_DAILY
2022-11-29,KOSPI,KOSPI,2433.39,NAVER_FINANCE_DOMESTIC_INDEX_DAILY
2022-11-30,KOSPI,KOSPI,2472.53,NAVER_FINANCE_DOMESTIC_INDEX_DAILY
2022-12-01,KOSPI,KOSPI,2479.84,NAVER_FINANCE_DOMESTIC_INDEX_DAILY
2022-12-02,KOSPI,KOSPI,2434.33,NAVER_FINANCE_DOMESTIC_INDEX_DAILY
2022-12-05,KOSPI,KOSPI,2419.32,NAVER_FINANCE_DOMESTIC_INDEX_DAILY
2022-12-06,KOSPI,KOSPI,2393.16,NAVER_FINANCE_DOMESTIC_INDEX_DAILY
2022-12-07,KOSPI,KOSPI,2382.81,NAVER_FINANCE_DOMESTIC_INDEX_DAILY
2022-12-08,KOSPI,KOSPI,2371.08,NAVER_FINANCE_DOMESTIC_INDEX_DAILY
2022-12-09,KOSPI,KOSPI,2389.04,NAVER_FINANCE_DOMESTIC_INDEX_DAILY
2022-12-12,KOSPI,KOSPI,2373.02,NAVER_FINANCE_DOMESTIC_INDEX_DAILY
2022-12-13,KOSPI,KOSPI,2372.4,NAVER_FINANCE_DOMESTIC_INDEX_DAILY
2022-12-14,KOSPI,KOSPI,2399.25,NAVER_FINANCE_DOMESTIC_INDEX_DAILY
2022-12-15,KOSPI,KOSPI,2360.97,NAVER_FINANCE_DOMESTIC_INDEX_DAILY
2022-12-16,KOSPI,KOSPI,2360.02,NAVER_FINANCE_DOMESTIC_INDEX_DAILY
2022-12-19,KOSPI,KOSPI,2352.17,NAVER_FINANCE_DOMESTIC_INDEX_DAILY
2022-12-20,KOSPI,KOSPI,2333.29,NAVER_FINANCE_DOMESTIC_INDEX_DAILY
2022-12-21,KOSPI,KOSPI,2328.95,NAVER_FINANCE_DOMESTIC_INDEX_DAILY
2022-12-22,KOSPI,KOSPI,2356.73,NAVER_FINANCE_DOMESTIC_INDEX_DAILY
2022-12-23,KOSPI,KOSPI,2313.69,NAVER_FINANCE_DOMESTIC_INDEX_DAILY
2022-12-26,KOSPI,KOSPI,2317.14,NAVER_FINANCE_DOMESTIC_INDEX_DAILY
2022-12-27,KOSPI,KOSPI,2332.79,NAVER_FINANCE_DOMESTIC_INDEX_DAILY
2022-12-28,KOSPI,KOSPI,2280.45,NAVER_FINANCE_DOMESTIC_INDEX_DAILY
2022-12-29,KOSPI,KOSPI,2236.4,NAVER_FINANCE_DOMESTIC_INDEX_DAILY
2023-01-02,KOSPI,KOSPI,2225.67,NAVER_FINANCE_DOMESTIC_INDEX_DAILY
2023-01-03,KOSPI,KOSPI,2218.68,NAVER_FINANCE_DOMESTIC_INDEX_DAILY
2023-01-04,KOSPI,KOSPI,2255.98,NAVER_FINANCE_DOMESTIC_INDEX_DAILY
2023-01-05,KOSPI,KOSPI,2264.65,NAVER_FINANCE_DOMESTIC_INDEX_DAILY
2023-01-06,KOSPI,KOSPI,2289.97,NAVER_FINANCE_DOMESTIC_INDEX_DAILY
2023-01-09,KOSPI,KOSPI,2350.19,NAVER_FINANCE_DOMESTIC_INDEX_DAILY
2023-01-10,KOSPI,KOSPI,2351.31,NAVER_FINANCE_DOMESTIC_INDEX_DAILY
2023-01-11,KOSPI,KOSPI,2359.53,NAVER_FINANCE_DOMESTIC_INDEX_DAILY
2023-01-12,KOSPI,KOSPI,2365.1,NAVER_FINANCE_DOMESTIC_INDEX_DAILY
2023-01-13,KOSPI,KOSPI,2386.09,NAVER_FINANCE_DOMESTIC_INDEX_DAILY
2023-01-16,KOSPI,KOSPI,2399.86,NAVER_FINANCE_DOMESTIC_INDEX_DAILY
2023-01-17,KOSPI,KOSPI,2379.39,NAVER_FINANCE_DOMESTIC_INDEX_DAILY
2023-01-18,KOSPI,KOSPI,2368.32,NAVER_FINANCE_DOMESTIC_INDEX_DAILY
2023-01-19,KOSPI,KOSPI,2380.34,NAVER_FINANCE_DOMESTIC_INDEX_DAILY
2023-01-20,KOSPI,KOSPI,2395.26,NAVER_FINANCE_DOMESTIC_INDEX_DAILY
2023-01-25,KOSPI,KOSPI,2428.57,NAVER_FINANCE_DOMESTIC_INDEX_DAILY
2023-01-26,KOSPI,KOSPI,2468.65,NAVER_FINANCE_DOMESTIC_INDEX_DAILY
2023-01-27,KOSPI,KOSPI,2484.02,NAVER_FINANCE_DOMESTIC_INDEX_DAILY
2023-01-30,KOSPI,KOSPI,2450.47,NAVER_FINANCE_DOMESTIC_INDEX_DAILY
2023-01-31,KOSPI,KOSPI,2425.08,NAVER_FINANCE_DOMESTIC_INDEX_DAILY
2023-02-01,KOSPI,KOSPI,2449.8,NAVER_FINANCE_DOMESTIC_INDEX_DAILY
2023-02-02,KOSPI,KOSPI,2468.88,NAVER_FINANCE_DOMESTIC_INDEX_DAILY
2023-02-03,KOSPI,KOSPI,2480.4,NAVER_FINANCE_DOMESTIC_INDEX_DAILY
2023-02-06,KOSPI,KOSPI,2438.19,NAVER_FINANCE_DOMESTIC_INDEX_DAILY
2023-02-07,KOSPI,KOSPI,2451.71,NAVER_FINANCE_DOMESTIC_INDEX_DAILY
2023-02-08,KOSPI,KOSPI,2483.64,NAVER_FINANCE_DOMESTIC_INDEX_DAILY
2023-02-09,KOSPI,KOSPI,2481.52,NAVER_FINANCE_DOMESTIC_INDEX_DAILY
2023-02-10,KOSPI,KOSPI,2469.73,NAVER_FINANCE_DOMESTIC_INDEX_DAILY
2023-02-13,KOSPI,KOSPI,2452.7,NAVER_FINANCE_DOMESTIC_INDEX_DAILY
2023-02-14,KOSPI,KOSPI,2465.64,NAVER_FINANCE_DOMESTIC_INDEX_DAILY
2023-02-15,KOSPI,KOSPI,2427.9,NAVER_FINANCE_DOMESTIC_INDEX_DAILY
2023-02-16,KOSPI,KOSPI,2475.48,NAVER_FINANCE_DOMESTIC_INDEX_DAILY
2023-02-17,KOSPI,KOSPI,2451.21,NAVER_FINANCE_DOMESTIC_INDEX_DAILY
2023-02-20,KOSPI,KOSPI,2455.12,NAVER_FINANCE_DOMESTIC_INDEX_DAILY
2023-02-21,KOSPI,KOSPI,2458.96,NAVER_FINANCE_DOMESTIC_INDEX_DAILY
2023-02-22,KOSPI,KOSPI,2417.68,NAVER_FINANCE_DOMESTIC_INDEX_DAILY
2023-02-23,KOSPI,KOSPI,2439.09,NAVER_FINANCE_DOMESTIC_INDEX_DAILY
2023-02-24,KOSPI,KOSPI,2423.61,NAVER_FINANCE_DOMESTIC_INDEX_DAILY
2023-02-27,KOSPI,KOSPI,2402.64,NAVER_FINANCE_DOMESTIC_INDEX_DAILY
2023-02-28,KOSPI,KOSPI,2412.85,NAVER_FINANCE_DOMESTIC_INDEX_DAILY
2023-03-02,KOSPI,KOSPI,2427.85,NAVER_FINANCE_DOMESTIC_INDEX_DAILY
2023-03-03,KOSPI,KOSPI,2432.07,NAVER_FINANCE_DOMESTIC_INDEX_DAILY
2023-03-06,KOSPI,KOSPI,2462.62,NAVER_FINANCE_DOMESTIC_INDEX_DAILY
2023-03-07,KOSPI,KOSPI,2463.35,NAVER_FINANCE_DOMESTIC_INDEX_DAILY
2023-03-08,KOSPI,KOSPI,2431.91,NAVER_FINANCE_DOMESTIC_INDEX_DAILY
2023-03-09,KOSPI,KOSPI,2419.09,NAVER_FINANCE_DOMESTIC_INDEX_DAILY
2023-03-10,KOSPI,KOSPI,2394.59,NAVER_FINANCE_DOMESTIC_INDEX_DAILY
2023-03-13,KOSPI,KOSPI,2410.6,NAVER_FINANCE_DOMESTIC_INDEX_DAILY
2023-03-14,KOSPI,KOSPI,2348.97,NAVER_FINANCE_DOMESTIC_INDEX_DAILY
2023-03-15,KOSPI,KOSPI,2379.72,NAVER_FINANCE_DOMESTIC_INDEX_DAILY
2023-03-16,KOSPI,KOSPI,2377.91,NAVER_FINANCE_DOMESTIC_INDEX_DAILY
2023-03-17,KOSPI,KOSPI,2395.69,NAVER_FINANCE_DOMESTIC_INDEX_DAILY
2023-03-20,KOSPI,KOSPI,2379.2,NAVER_FINANCE_DOMESTIC_INDEX_DAILY
2023-03-21,KOSPI,KOSPI,2388.35,NAVER_FINANCE_DOMESTIC_INDEX_DAILY
2023-03-22,KOSPI,KOSPI,2416.96,NAVER_FINANCE_DOMESTIC_INDEX_DAILY
2023-03-23,KOSPI,KOSPI,2424.48,NAVER_FINANCE_DOMESTIC_INDEX_DAILY
2023-03-24,KOSPI,KOSPI,2414.96,NAVER_FINANCE_DOMESTIC_INDEX_DAILY
2023-03-27,KOSPI,KOSPI,2409.22,NAVER_FINANCE_DOMESTIC_INDEX_DAILY
2023-03-28,KOSPI,KOSPI,2434.94,NAVER_FINANCE_DOMESTIC_INDEX_DAILY
2023-03-29,KOSPI,KOSPI,2443.92,NAVER_FINANCE_DOMESTIC_INDEX_DAILY
2023-03-30,KOSPI,KOSPI,2453.16,NAVER_FINANCE_DOMESTIC_INDEX_DAILY
2023-03-31,KOSPI,KOSPI,2476.86,NAVER_FINANCE_DOMESTIC_INDEX_DAILY
2023-04-03,KOSPI,KOSPI,2472.34,NAVER_FINANCE_DOMESTIC_INDEX_DAILY
2023-04-04,KOSPI,KOSPI,2480.51,NAVER_FINANCE_DOMESTIC_INDEX_DAILY
2023-04-05,KOSPI,KOSPI,2495.21,NAVER_FINANCE_DOMESTIC_INDEX_DAILY
2023-04-06,KOSPI,KOSPI,2459.23,NAVER_FINANCE_DOMESTIC_INDEX_DAILY
2023-04-07,KOSPI,KOSPI,2490.41,NAVER_FINANCE_DOMESTIC_INDEX_DAILY
2023-04-10,KOSPI,KOSPI,2512.08,NAVER_FINANCE_DOMESTIC_INDEX_DAILY
2023-04-11,KOSPI,KOSPI,2547.86,NAVER_FINANCE_DOMESTIC_INDEX_DAILY
2023-04-12,KOSPI,KOSPI,2550.64,NAVER_FINANCE_DOMESTIC_INDEX_DAILY
2023-04-13,KOSPI,KOSPI,2561.66,NAVER_FINANCE_DOMESTIC_INDEX_DAILY
2023-04-14,KOSPI,KOSPI,2571.49,NAVER_FINANCE_DOMESTIC_INDEX_DAILY
2023-04-17,KOSPI,KOSPI,2575.91,NAVER_FINANCE_DOMESTIC_INDEX_DAILY
2023-04-18,KOSPI,KOSPI,2571.09,NAVER_FINANCE_DOMESTIC_INDEX_DAILY
2023-04-19,KOSPI,KOSPI,2575.08,NAVER_FINANCE_DOMESTIC_INDEX_DAILY
2023-04-20,KOSPI,KOSPI,2563.11,NAVER_FINANCE_DOMESTIC_INDEX_DAILY
2023-04-21,KOSPI,KOSPI,2544.4,NAVER_FINANCE_DOMESTIC_INDEX_DAILY
2023-04-24,KOSPI,KOSPI,2523.5,NAVER_FINANCE_DOMESTIC_INDEX_DAILY
2023-04-25,KOSPI,KOSPI,2489.02,NAVER_FINANCE_DOMESTIC_INDEX_DAILY
2023-04-26,KOSPI,KOSPI,2484.83,NAVER_FINANCE_DOMESTIC_INDEX_DAILY
2023-04-27,KOSPI,KOSPI,2495.81,NAVER_FINANCE_DOMESTIC_INDEX_DAILY
2023-04-28,KOSPI,KOSPI,2501.53,NAVER_FINANCE_DOMESTIC_INDEX_DAILY
2023-05-02,KOSPI,KOSPI,2524.39,NAVER_FINANCE_DOMESTIC_INDEX_DAILY
2023-05-03,KOSPI,KOSPI,2501.4,NAVER_FINANCE_DOMESTIC_INDEX_DAILY
2023-05-04,KOSPI,KOSPI,2500.94,NAVER_FINANCE_DOMESTIC_INDEX_DAILY
2023-05-08,KOSPI,KOSPI,2513.21,NAVER_FINANCE_DOMESTIC_INDEX_DAILY
2023-05-09,KOSPI,KOSPI,2510.06,NAVER_FINANCE_DOMESTIC_INDEX_DAILY
2023-05-10,KOSPI,KOSPI,2496.51,NAVER_FINANCE_DOMESTIC_INDEX_DAILY
2023-05-11,KOSPI,KOSPI,2491.0,NAVER_FINANCE_DOMESTIC_INDEX_DAILY
2023-05-12,KOSPI,KOSPI,2475.42,NAVER_FINANCE_DOMESTIC_INDEX_DAILY
2023-05-15,KOSPI,KOSPI,2479.35,NAVER_FINANCE_DOMESTIC_INDEX_DAILY
2023-05-16,KOSPI,KOSPI,2480.24,NAVER_FINANCE_DOMESTIC_INDEX_DAILY
2023-05-17,KOSPI,KOSPI,2494.66,NAVER_FINANCE_DOMESTIC_INDEX_DAILY
2023-05-18,KOSPI,KOSPI,2515.4,NAVER_FINANCE_DOMESTIC_INDEX_DAILY
2023-05-19,KOSPI,KOSPI,2537.79,NAVER_FINANCE_DOMESTIC_INDEX_DAILY
2023-05-22,KOSPI,KOSPI,2557.08,NAVER_FINANCE_DOMESTIC_INDEX_DAILY
2023-05-23,KOSPI,KOSPI,2567.55,NAVER_FINANCE_DOMESTIC_INDEX_DAILY
2023-05-24,KOSPI,KOSPI,2567.45,NAVER_FINANCE_DOMESTIC_INDEX_DAILY
2023-05-25,KOSPI,KOSPI,2554.69,NAVER_FINANCE_DOMESTIC_INDEX_DAILY
2023-05-26,KOSPI,KOSPI,2558.81,NAVER_FINANCE_DOMESTIC_INDEX_DAILY
2023-05-30,KOSPI,KOSPI,2585.52,NAVER_FINANCE_DOMESTIC_INDEX_DAILY
2023-05-31,KOSPI,KOSPI,2577.12,NAVER_FINANCE_DOMESTIC_INDEX_DAILY
2023-06-01,KOSPI,KOSPI,2569.17,NAVER_FINANCE_DOMESTIC_INDEX_DAILY
2023-06-02,KOSPI,KOSPI,2601.36,NAVER_FINANCE_DOMESTIC_INDEX_DAILY
2023-06-05,KOSPI,KOSPI,2615.41,NAVER_FINANCE_DOMESTIC_INDEX_DAILY
2023-06-07,KOSPI,KOSPI,2615.6,NAVER_FINANCE_DOMESTIC_INDEX_DAILY
2023-06-08,KOSPI,KOSPI,2610.85,NAVER_FINANCE_DOMESTIC_INDEX_DAILY
2023-06-09,KOSPI,KOSPI,2641.16,NAVER_FINANCE_DOMESTIC_INDEX_DAILY
2023-06-12,KOSPI,KOSPI,2629.35,NAVER_FINANCE_DOMESTIC_INDEX_DAILY
2023-06-13,KOSPI,KOSPI,2637.95,NAVER_FINANCE_DOMESTIC_INDEX_DAILY
2023-06-14,KOSPI,KOSPI,2619.08,NAVER_FINANCE_DOMESTIC_INDEX_DAILY
2023-06-15,KOSPI,KOSPI,2608.54,NAVER_FINANCE_DOMESTIC_INDEX_DAILY
2023-06-16,KOSPI,KOSPI,2625.79,NAVER_FINANCE_DOMESTIC_INDEX_DAILY
2023-06-19,KOSPI,KOSPI,2609.5,NAVER_FINANCE_DOMESTIC_INDEX_DAILY
2023-06-20,KOSPI,KOSPI,2604.91,NAVER_FINANCE_DOMESTIC_INDEX_DAILY
2023-06-21,KOSPI,KOSPI,2582.63,NAVER_FINANCE_DOMESTIC_INDEX_DAILY
2023-06-22,KOSPI,KOSPI,2593.7,NAVER_FINANCE_DOMESTIC_INDEX_DAILY
2023-06-23,KOSPI,KOSPI,2570.1,NAVER_FINANCE_DOMESTIC_INDEX_DAILY
2023-06-26,KOSPI,KOSPI,2582.2,NAVER_FINANCE_DOMESTIC_INDEX_DAILY
2023-06-27,KOSPI,KOSPI,2581.39,NAVER_FINANCE_DOMESTIC_INDEX_DAILY
2023-06-28,KOSPI,KOSPI,2564.19,NAVER_FINANCE_DOMESTIC_INDEX_DAILY
2023-06-29,KOSPI,KOSPI,2550.02,NAVER_FINANCE_DOMESTIC_INDEX_DAILY
2023-06-30,KOSPI,KOSPI,2564.28,NAVER_FINANCE_DOMESTIC_INDEX_DAILY
2023-07-03,KOSPI,KOSPI,2602.47,NAVER_FINANCE_DOMESTIC_INDEX_DAILY
2023-07-04,KOSPI,KOSPI,2593.31,NAVER_FINANCE_DOMESTIC_INDEX_DAILY
2023-07-05,KOSPI,KOSPI,2579.0,NAVER_FINANCE_DOMESTIC_INDEX_DAILY
2023-07-06,KOSPI,KOSPI,2556.29,NAVER_FINANCE_DOMESTIC_INDEX_DAILY
2023-07-07,KOSPI,KOSPI,2526.71,NAVER_FINANCE_DOMESTIC_INDEX_DAILY
2023-07-10,KOSPI,KOSPI,2520.7,NAVER_FINANCE_DOMESTIC_INDEX_DAILY
2023-07-11,KOSPI,KOSPI,2562.49,NAVER_FINANCE_DOMESTIC_INDEX_DAILY
2023-07-12,KOSPI,KOSPI,2574.72,NAVER_FINANCE_DOMESTIC_INDEX_DAILY
2023-07-13,KOSPI,KOSPI,2591.23,NAVER_FINANCE_DOMESTIC_INDEX_DAILY
2023-07-14,KOSPI,KOSPI,2628.3,NAVER_FINANCE_DOMESTIC_INDEX_DAILY
2023-07-17,KOSPI,KOSPI,2619.0,NAVER_FINANCE_DOMESTIC_INDEX_DAILY
2023-07-18,KOSPI,KOSPI,2607.62,NAVER_FINANCE_DOMESTIC_INDEX_DAILY
2023-07-19,KOSPI,KOSPI,2608.24,NAVER_FINANCE_DOMESTIC_INDEX_DAILY
2023-07-20,KOSPI,KOSPI,2600.23,NAVER_FINANCE_DOMESTIC_INDEX_DAILY
2023-07-21,KOSPI,KOSPI,2609.76,NAVER_FINANCE_DOMESTIC_INDEX_DAILY
2023-07-24,KOSPI,KOSPI,2628.53,NAVER_FINANCE_DOMESTIC_INDEX_DAILY
2023-07-25,KOSPI,KOSPI,2636.46,NAVER_FINANCE_DOMESTIC_INDEX_DAILY
2023-07-26,KOSPI,KOSPI,2592.36,NAVER_FINANCE_DOMESTIC_INDEX_DAILY
2023-07-27,KOSPI,KOSPI,2603.81,NAVER_FINANCE_DOMESTIC_INDEX_DAILY
2023-07-28,KOSPI,KOSPI,2608.32,NAVER_FINANCE_DOMESTIC_INDEX_DAILY
2023-07-31,KOSPI,KOSPI,2632.58,NAVER_FINANCE_DOMESTIC_INDEX_DAILY
2023-08-01,KOSPI,KOSPI,2667.07,NAVER_FINANCE_DOMESTIC_INDEX_DAILY
2023-08-02,KOSPI,KOSPI,2616.47,NAVER_FINANCE_DOMESTIC_INDEX_DAILY
2023-08-03,KOSPI,KOSPI,2605.39,NAVER_FINANCE_DOMESTIC_INDEX_DAILY
2023-08-04,KOSPI,KOSPI,2602.8,NAVER_FINANCE_DOMESTIC_INDEX_DAILY
2023-08-07,KOSPI,KOSPI,2580.71,NAVER_FINANCE_DOMESTIC_INDEX_DAILY
2023-08-08,KOSPI,KOSPI,2573.98,NAVER_FINANCE_DOMESTIC_INDEX_DAILY
2023-08-09,KOSPI,KOSPI,2605.12,NAVER_FINANCE_DOMESTIC_INDEX_DAILY
2023-08-10,KOSPI,KOSPI,2601.56,NAVER_FINANCE_DOMESTIC_INDEX_DAILY
2023-08-11,KOSPI,KOSPI,2591.26,NAVER_FINANCE_DOMESTIC_INDEX_DAILY
2023-08-14,KOSPI,KOSPI,2570.87,NAVER_FINANCE_DOMESTIC_INDEX_DAILY
2023-08-16,KOSPI,KOSPI,2525.64,NAVER_FINANCE_DOMESTIC_INDEX_DAILY
2023-08-17,KOSPI,KOSPI,2519.85,NAVER_FINANCE_DOMESTIC_INDEX_DAILY
2023-08-18,KOSPI,KOSPI,2504.5,NAVER_FINANCE_DOMESTIC_INDEX_DAILY
2023-08-21,KOSPI,KOSPI,2508.8,NAVER_FINANCE_DOMESTIC_INDEX_DAILY
2023-08-22,KOSPI,KOSPI,2515.74,NAVER_FINANCE_DOMESTIC_INDEX_DAILY
2023-08-23,KOSPI,KOSPI,2505.5,NAVER_FINANCE_DOMESTIC_INDEX_DAILY
2023-08-24,KOSPI,KOSPI,2537.68,NAVER_FINANCE_DOMESTIC_INDEX_DAILY
2023-08-25,KOSPI,KOSPI,2519.14,NAVER_FINANCE_DOMESTIC_INDEX_DAILY
2023-08-28,KOSPI,KOSPI,2543.41,NAVER_FINANCE_DOMESTIC_INDEX_DAILY
2023-08-29,KOSPI,KOSPI,2552.16,NAVER_FINANCE_DOMESTIC_INDEX_DAILY
2023-08-30,KOSPI,KOSPI,2561.22,NAVER_FINANCE_DOMESTIC_INDEX_DAILY
2023-08-31,KOSPI,KOSPI,2556.27,NAVER_FINANCE_DOMESTIC_INDEX_DAILY
2023-09-01,KOSPI,KOSPI,2563.71,NAVER_FINANCE_DOMESTIC_INDEX_DAILY
2023-09-04,KOSPI,KOSPI,2584.55,NAVER_FINANCE_DOMESTIC_INDEX_DAILY
2023-09-05,KOSPI,KOSPI,2582.18,NAVER_FINANCE_DOMESTIC_INDEX_DAILY
2023-09-06,KOSPI,KOSPI,2563.34,NAVER_FINANCE_DOMESTIC_INDEX_DAILY
2023-09-07,KOSPI,KOSPI,2548.26,NAVER_FINANCE_DOMESTIC_INDEX_DAILY
2023-09-08,KOSPI,KOSPI,2547.68,NAVER_FINANCE_DOMESTIC_INDEX_DAILY
2023-09-11,KOSPI,KOSPI,2556.88,NAVER_FINANCE_DOMESTIC_INDEX_DAILY
2023-09-12,KOSPI,KOSPI,2536.58,NAVER_FINANCE_DOMESTIC_INDEX_DAILY
2023-09-13,KOSPI,KOSPI,2534.7,NAVER_FINANCE_DOMESTIC_INDEX_DAILY
2023-09-14,KOSPI,KOSPI,2572.89,NAVER_FINANCE_DOMESTIC_INDEX_DAILY
2023-09-15,KOSPI,KOSPI,2601.28,NAVER_FINANCE_DOMESTIC_INDEX_DAILY
2023-09-18,KOSPI,KOSPI,2574.72,NAVER_FINANCE_DOMESTIC_INDEX_DAILY
2023-09-19,KOSPI,KOSPI,2559.21,NAVER_FINANCE_DOMESTIC_INDEX_DAILY
2023-09-20,KOSPI,KOSPI,2559.74,NAVER_FINANCE_DOMESTIC_INDEX_DAILY
2023-09-21,KOSPI,KOSPI,2514.97,NAVER_FINANCE_DOMESTIC_INDEX_DAILY
2023-09-22,KOSPI,KOSPI,2508.13,NAVER_FINANCE_DOMESTIC_INDEX_DAILY
2023-09-25,KOSPI,KOSPI,2495.76,NAVER_FINANCE_DOMESTIC_INDEX_DAILY
2023-09-26,KOSPI,KOSPI,2462.97,NAVER_FINANCE_DOMESTIC_INDEX_DAILY
2023-09-27,KOSPI,KOSPI,2465.07,NAVER_FINANCE_DOMESTIC_INDEX_DAILY
2023-10-04,KOSPI,KOSPI,2405.69,NAVER_FINANCE_DOMESTIC_INDEX_DAILY
2023-10-05,KOSPI,KOSPI,2403.6,NAVER_FINANCE_DOMESTIC_INDEX_DAILY
2023-10-06,KOSPI,KOSPI,2408.73,NAVER_FINANCE_DOMESTIC_INDEX_DAILY
2023-10-10,KOSPI,KOSPI,2402.58,NAVER_FINANCE_DOMESTIC_INDEX_DAILY
2023-10-11,KOSPI,KOSPI,2450.08,NAVER_FINANCE_DOMESTIC_INDEX_DAILY
2023-10-12,KOSPI,KOSPI,2479.82,NAVER_FINANCE_DOMESTIC_INDEX_DAILY
2023-10-13,KOSPI,KOSPI,2456.15,NAVER_FINANCE_DOMESTIC_INDEX_DAILY
2023-10-16,KOSPI,KOSPI,2436.24,NAVER_FINANCE_DOMESTIC_INDEX_DAILY
2023-10-17,KOSPI,KOSPI,2460.17,NAVER_FINANCE_DOMESTIC_INDEX_DAILY
2023-10-18,KOSPI,KOSPI,2462.6,NAVER_FINANCE_DOMESTIC_INDEX_DAILY
2023-10-19,KOSPI,KOSPI,2415.8,NAVER_FINANCE_DOMESTIC_INDEX_DAILY
2023-10-20,KOSPI,KOSPI,2375.0,NAVER_FINANCE_DOMESTIC_INDEX_DAILY
2023-10-23,KOSPI,KOSPI,2357.02,NAVER_FINANCE_DOMESTIC_INDEX_DAILY
2023-10-24,KOSPI,KOSPI,2383.51,NAVER_FINANCE_DOMESTIC_INDEX_DAILY
2023-10-25,KOSPI,KOSPI,2363.17,NAVER_FINANCE_DOMESTIC_INDEX_DAILY
2023-10-26,KOSPI,KOSPI,2299.08,NAVER_FINANCE_DOMESTIC_INDEX_DAILY
2023-10-27,KOSPI,KOSPI,2302.81,NAVER_FINANCE_DOMESTIC_INDEX_DAILY
2023-10-30,KOSPI,KOSPI,2310.55,NAVER_FINANCE_DOMESTIC_INDEX_DAILY
2023-10-31,KOSPI,KOSPI,2277.99,NAVER_FINANCE_DOMESTIC_INDEX_DAILY
2023-11-01,KOSPI,KOSPI,2301.56,NAVER_FINANCE_DOMESTIC_INDEX_DAILY
2023-11-02,KOSPI,KOSPI,2343.12,NAVER_FINANCE_DOMESTIC_INDEX_DAILY
2023-11-03,KOSPI,KOSPI,2368.34,NAVER_FINANCE_DOMESTIC_INDEX_DAILY
2023-11-06,KOSPI,KOSPI,2502.37,NAVER_FINANCE_DOMESTIC_INDEX_DAILY
2023-11-07,KOSPI,KOSPI,2443.96,NAVER_FINANCE_DOMESTIC_INDEX_DAILY
2023-11-08,KOSPI,KOSPI,2421.62,NAVER_FINANCE_DOMESTIC_INDEX_DAILY
2023-11-09,KOSPI,KOSPI,2427.08,NAVER_FINANCE_DOMESTIC_INDEX_DAILY
2023-11-10,KOSPI,KOSPI,2409.66,NAVER_FINANCE_DOMESTIC_INDEX_DAILY
2023-11-13,KOSPI,KOSPI,2403.76,NAVER_FINANCE_DOMESTIC_INDEX_DAILY
2023-11-14,KOSPI,KOSPI,2433.25,NAVER_FINANCE_DOMESTIC_INDEX_DAILY
2023-11-15,KOSPI,KOSPI,2486.67,NAVER_FINANCE_DOMESTIC_INDEX_DAILY
2023-11-16,KOSPI,KOSPI,2488.18,NAVER_FINANCE_DOMESTIC_INDEX_DAILY
2023-11-17,KOSPI,KOSPI,2469.85,NAVER_FINANCE_DOMESTIC_INDEX_DAILY
2023-11-20,KOSPI,KOSPI,2491.2,NAVER_FINANCE_DOMESTIC_INDEX_DAILY
2023-11-21,KOSPI,KOSPI,2510.42,NAVER_FINANCE_DOMESTIC_INDEX_DAILY
2023-11-22,KOSPI,KOSPI,2511.7,NAVER_FINANCE_DOMESTIC_INDEX_DAILY
2023-11-23,KOSPI,KOSPI,2514.96,NAVER_FINANCE_DOMESTIC_INDEX_DAILY
2023-11-24,KOSPI,KOSPI,2496.63,NAVER_FINANCE_DOMESTIC_INDEX_DAILY
2023-11-27,KOSPI,KOSPI,2495.66,NAVER_FINANCE_DOMESTIC_INDEX_DAILY
2023-11-28,KOSPI,KOSPI,2521.76,NAVER_FINANCE_DOMESTIC_INDEX_DAILY
2023-11-29,KOSPI,KOSPI,2519.81,NAVER_FINANCE_DOMESTIC_INDEX_DAILY
2023-11-30,KOSPI,KOSPI,2535.29,NAVER_FINANCE_DOMESTIC_INDEX_DAILY
2023-12-01,KOSPI,KOSPI,2505.01,NAVER_FINANCE_DOMESTIC_INDEX_DAILY
2023-12-04,KOSPI,KOSPI,2514.95,NAVER_FINANCE_DOMESTIC_INDEX_DAILY
2023-12-05,KOSPI,KOSPI,2494.28,NAVER_FINANCE_DOMESTIC_INDEX_DAILY
2023-12-06,KOSPI,KOSPI,2495.38,NAVER_FINANCE_DOMESTIC_INDEX_DAILY
2023-12-07,KOSPI,KOSPI,2492.07,NAVER_FINANCE_DOMESTIC_INDEX_DAILY
2023-12-08,KOSPI,KOSPI,2517.85,NAVER_FINANCE_DOMESTIC_INDEX_DAILY
2023-12-11,KOSPI,KOSPI,2525.36,NAVER_FINANCE_DOMESTIC_INDEX_DAILY
2023-12-12,KOSPI,KOSPI,2535.27,NAVER_FINANCE_DOMESTIC_INDEX_DAILY
2023-12-13,KOSPI,KOSPI,2510.66,NAVER_FINANCE_DOMESTIC_INDEX_DAILY
2023-12-14,KOSPI,KOSPI,2544.18,NAVER_FINANCE_DOMESTIC_INDEX_DAILY
2023-12-15,KOSPI,KOSPI,2563.56,NAVER_FINANCE_DOMESTIC_INDEX_DAILY
2023-12-18,KOSPI,KOSPI,2566.86,NAVER_FINANCE_DOMESTIC_INDEX_DAILY
2023-12-19,KOSPI,KOSPI,2568.55,NAVER_FINANCE_DOMESTIC_INDEX_DAILY
2023-12-20,KOSPI,KOSPI,2614.3,NAVER_FINANCE_DOMESTIC_INDEX_DAILY
2023-12-21,KOSPI,KOSPI,2600.02,NAVER_FINANCE_DOMESTIC_INDEX_DAILY
2023-12-22,KOSPI,KOSPI,2599.51,NAVER_FINANCE_DOMESTIC_INDEX_DAILY
2023-12-26,KOSPI,KOSPI,2602.59,NAVER_FINANCE_DOMESTIC_INDEX_DAILY
2023-12-27,KOSPI,KOSPI,2613.5,NAVER_FINANCE_DOMESTIC_INDEX_DAILY
2023-12-28,KOSPI,KOSPI,2655.28,NAVER_FINANCE_DOMESTIC_INDEX_DAILY
2024-01-02,KOSPI,KOSPI,2669.81,NAVER_FINANCE_DOMESTIC_INDEX_DAILY
2024-01-03,KOSPI,KOSPI,2607.31,NAVER_FINANCE_DOMESTIC_INDEX_DAILY
2024-01-04,KOSPI,KOSPI,2587.02,NAVER_FINANCE_DOMESTIC_INDEX_DAILY
2024-01-05,KOSPI,KOSPI,2578.08,NAVER_FINANCE_DOMESTIC_INDEX_DAILY
2024-01-08,KOSPI,KOSPI,2567.82,NAVER_FINANCE_DOMESTIC_INDEX_DAILY
2024-01-09,KOSPI,KOSPI,2561.24,NAVER_FINANCE_DOMESTIC_INDEX_DAILY
2024-01-10,KOSPI,KOSPI,2541.98,NAVER_FINANCE_DOMESTIC_INDEX_DAILY
2024-01-11,KOSPI,KOSPI,2540.27,NAVER_FINANCE_DOMESTIC_INDEX_DAILY
2024-01-12,KOSPI,KOSPI,2525.05,NAVER_FINANCE_DOMESTIC_INDEX_DAILY
2024-01-15,KOSPI,KOSPI,2525.99,NAVER_FINANCE_DOMESTIC_INDEX_DAILY
2024-01-16,KOSPI,KOSPI,2497.59,NAVER_FINANCE_DOMESTIC_INDEX_DAILY
2024-01-17,KOSPI,KOSPI,2435.9,NAVER_FINANCE_DOMESTIC_INDEX_DAILY
2024-01-18,KOSPI,KOSPI,2440.04,NAVER_FINANCE_DOMESTIC_INDEX_DAILY
2024-01-19,KOSPI,KOSPI,2472.74,NAVER_FINANCE_DOMESTIC_INDEX_DAILY
2024-01-22,KOSPI,KOSPI,2464.35,NAVER_FINANCE_DOMESTIC_INDEX_DAILY
2024-01-23,KOSPI,KOSPI,2478.61,NAVER_FINANCE_DOMESTIC_INDEX_DAILY
2024-01-24,KOSPI,KOSPI,2469.69,NAVER_FINANCE_DOMESTIC_INDEX_DAILY
2024-01-25,KOSPI,KOSPI,2470.34,NAVER_FINANCE_DOMESTIC_INDEX_DAILY
2024-01-26,KOSPI,KOSPI,2478.56,NAVER_FINANCE_DOMESTIC_INDEX_DAILY
2024-01-29,KOSPI,KOSPI,2500.65,NAVER_FINANCE_DOMESTIC_INDEX_DAILY
2024-01-30,KOSPI,KOSPI,2498.81,NAVER_FINANCE_DOMESTIC_INDEX_DAILY
2024-01-31,KOSPI,KOSPI,2497.09,NAVER_FINANCE_DOMESTIC_INDEX_DAILY
2024-02-01,KOSPI,KOSPI,2542.46,NAVER_FINANCE_DOMESTIC_INDEX_DAILY
2024-02-02,KOSPI,KOSPI,2615.31,NAVER_FINANCE_DOMESTIC_INDEX_DAILY
2024-02-05,KOSPI,KOSPI,2591.31,NAVER_FINANCE_DOMESTIC_INDEX_DAILY
2024-02-06,KOSPI,KOSPI,2576.2,NAVER_FINANCE_DOMESTIC_INDEX_DAILY
2024-02-07,KOSPI,KOSPI,2609.58,NAVER_FINANCE_DOMESTIC_INDEX_DAILY
2024-02-08,KOSPI,KOSPI,2620.32,NAVER_FINANCE_DOMESTIC_INDEX_DAILY
2024-02-13,KOSPI,KOSPI,2649.64,NAVER_FINANCE_DOMESTIC_INDEX_DAILY
2024-02-14,KOSPI,KOSPI,2620.42,NAVER_FINANCE_DOMESTIC_INDEX_DAILY
2024-02-15,KOSPI,KOSPI,2613.8,NAVER_FINANCE_DOMESTIC_INDEX_DAILY
2024-02-16,KOSPI,KOSPI,2648.76,NAVER_FINANCE_DOMESTIC_INDEX_DAILY
2024-02-19,KOSPI,KOSPI,2680.26,NAVER_FINANCE_DOMESTIC_INDEX_DAILY
2024-02-20,KOSPI,KOSPI,2657.79,NAVER_FINANCE_DOMESTIC_INDEX_DAILY
2024-02-21,KOSPI,KOSPI,2653.31,NAVER_FINANCE_DOMESTIC_INDEX_DAILY
2024-02-22,KOSPI,KOSPI,2664.27,NAVER_FINANCE_DOMESTIC_INDEX_DAILY
2024-02-23,KOSPI,KOSPI,2667.7,NAVER_FINANCE_DOMESTIC_INDEX_DAILY
2024-02-26,KOSPI,KOSPI,2647.08,NAVER_FINANCE_DOMESTIC_INDEX_DAILY
2024-02-27,KOSPI,KOSPI,2625.05,NAVER_FINANCE_DOMESTIC_INDEX_DAILY
2024-02-28,KOSPI,KOSPI,2652.29,NAVER_FINANCE_DOMESTIC_INDEX_DAILY
2024-02-29,KOSPI,KOSPI,2642.36,NAVER_FINANCE_DOMESTIC_INDEX_DAILY
2024-03-04,KOSPI,KOSPI,2674.27,NAVER_FINANCE_DOMESTIC_INDEX_DAILY
2024-03-05,KOSPI,KOSPI,2649.4,NAVER_FINANCE_DOMESTIC_INDEX_DAILY
2024-03-06,KOSPI,KOSPI,2641.49,NAVER_FINANCE_DOMESTIC_INDEX_DAILY
2024-03-07,KOSPI,KOSPI,2647.62,NAVER_FINANCE_DOMESTIC_INDEX_DAILY
2024-03-08,KOSPI,KOSPI,2680.35,NAVER_FINANCE_DOMESTIC_INDEX_DAILY
2024-03-11,KOSPI,KOSPI,2659.84,NAVER_FINANCE_DOMESTIC_INDEX_DAILY
2024-03-12,KOSPI,KOSPI,2681.81,NAVER_FINANCE_DOMESTIC_INDEX_DAILY
2024-03-13,KOSPI,KOSPI,2693.57,NAVER_FINANCE_DOMESTIC_INDEX_DAILY
2024-03-14,KOSPI,KOSPI,2718.76,NAVER_FINANCE_DOMESTIC_INDEX_DAILY
2024-03-15,KOSPI,KOSPI,2666.84,NAVER_FINANCE_DOMESTIC_INDEX_DAILY
2024-03-18,KOSPI,KOSPI,2685.84,NAVER_FINANCE_DOMESTIC_INDEX_DAILY
2024-03-19,KOSPI,KOSPI,2656.17,NAVER_FINANCE_DOMESTIC_INDEX_DAILY
2024-03-20,KOSPI,KOSPI,2690.14,NAVER_FINANCE_DOMESTIC_INDEX_DAILY
2024-03-21,KOSPI,KOSPI,2754.86,NAVER_FINANCE_DOMESTIC_INDEX_DAILY
2024-03-22,KOSPI,KOSPI,2748.56,NAVER_FINANCE_DOMESTIC_INDEX_DAILY
2024-03-25,KOSPI,KOSPI,2737.57,NAVER_FINANCE_DOMESTIC_INDEX_DAILY
2024-03-26,KOSPI,KOSPI,2757.09,NAVER_FINANCE_DOMESTIC_INDEX_DAILY
2024-03-27,KOSPI,KOSPI,2755.11,NAVER_FINANCE_DOMESTIC_INDEX_DAILY
2024-03-28,KOSPI,KOSPI,2745.82,NAVER_FINANCE_DOMESTIC_INDEX_DAILY
2024-03-29,KOSPI,KOSPI,2746.63,NAVER_FINANCE_DOMESTIC_INDEX_DAILY
2024-04-01,KOSPI,KOSPI,2747.86,NAVER_FINANCE_DOMESTIC_INDEX_DAILY
2024-04-02,KOSPI,KOSPI,2753.16,NAVER_FINANCE_DOMESTIC_INDEX_DAILY
2024-04-03,KOSPI,KOSPI,2706.97,NAVER_FINANCE_DOMESTIC_INDEX_DAILY
2024-04-04,KOSPI,KOSPI,2742.0,NAVER_FINANCE_DOMESTIC_INDEX_DAILY
2024-04-05,KOSPI,KOSPI,2714.21,NAVER_FINANCE_DOMESTIC_INDEX_DAILY
2024-04-08,KOSPI,KOSPI,2717.65,NAVER_FINANCE_DOMESTIC_INDEX_DAILY
2024-04-09,KOSPI,KOSPI,2705.16,NAVER_FINANCE_DOMESTIC_INDEX_DAILY
2024-04-11,KOSPI,KOSPI,2706.96,NAVER_FINANCE_DOMESTIC_INDEX_DAILY
2024-04-12,KOSPI,KOSPI,2681.82,NAVER_FINANCE_DOMESTIC_INDEX_DAILY
2024-04-15,KOSPI,KOSPI,2670.43,NAVER_FINANCE_DOMESTIC_INDEX_DAILY
2024-04-16,KOSPI,KOSPI,2609.63,NAVER_FINANCE_DOMESTIC_INDEX_DAILY
2024-04-17,KOSPI,KOSPI,2584.18,NAVER_FINANCE_DOMESTIC_INDEX_DAILY
2024-04-18,KOSPI,KOSPI,2634.7,NAVER_FINANCE_DOMESTIC_INDEX_DAILY
2024-04-19,KOSPI,KOSPI,2591.86,NAVER_FINANCE_DOMESTIC_INDEX_DAILY
2024-04-22,KOSPI,KOSPI,2629.44,NAVER_FINANCE_DOMESTIC_INDEX_DAILY
2024-04-23,KOSPI,KOSPI,2623.02,NAVER_FINANCE_DOMESTIC_INDEX_DAILY
2024-04-24,KOSPI,KOSPI,2675.75,NAVER_FINANCE_DOMESTIC_INDEX_DAILY
2024-04-25,KOSPI,KOSPI,2628.62,NAVER_FINANCE_DOMESTIC_INDEX_DAILY
2024-04-26,KOSPI,KOSPI,2656.33,NAVER_FINANCE_DOMESTIC_INDEX_DAILY
2024-04-29,KOSPI,KOSPI,2687.44,NAVER_FINANCE_DOMESTIC_INDEX_DAILY
2024-04-30,KOSPI,KOSPI,2692.06,NAVER_FINANCE_DOMESTIC_INDEX_DAILY
2024-05-02,KOSPI,KOSPI,2683.65,NAVER_FINANCE_DOMESTIC_INDEX_DAILY
2024-05-03,KOSPI,KOSPI,2676.63,NAVER_FINANCE_DOMESTIC_INDEX_DAILY
2024-05-07,KOSPI,KOSPI,2734.36,NAVER_FINANCE_DOMESTIC_INDEX_DAILY
2024-05-08,KOSPI,KOSPI,2745.05,NAVER_FINANCE_DOMESTIC_INDEX_DAILY
2024-05-09,KOSPI,KOSPI,2712.14,NAVER_FINANCE_DOMESTIC_INDEX_DAILY
2024-05-10,KOSPI,KOSPI,2727.63,NAVER_FINANCE_DOMESTIC_INDEX_DAILY
2024-05-13,KOSPI,KOSPI,2727.21,NAVER_FINANCE_DOMESTIC_INDEX_DAILY
2024-05-14,KOSPI,KOSPI,2730.34,NAVER_FINANCE_DOMESTIC_INDEX_DAILY
2024-05-16,KOSPI,KOSPI,2753.0,NAVER_FINANCE_DOMESTIC_INDEX_DAILY
2024-05-17,KOSPI,KOSPI,2724.62,NAVER_FINANCE_DOMESTIC_INDEX_DAILY
2024-05-20,KOSPI,KOSPI,2742.14,NAVER_FINANCE_DOMESTIC_INDEX_DAILY
2024-05-21,KOSPI,KOSPI,2724.18,NAVER_FINANCE_DOMESTIC_INDEX_DAILY
2024-05-22,KOSPI,KOSPI,2723.46,NAVER_FINANCE_DOMESTIC_INDEX_DAILY
2024-05-23,KOSPI,KOSPI,2721.81,NAVER_FINANCE_DOMESTIC_INDEX_DAILY
2024-05-24,KOSPI,KOSPI,2687.6,NAVER_FINANCE_DOMESTIC_INDEX_DAILY
2024-05-27,KOSPI,KOSPI,2722.99,NAVER_FINANCE_DOMESTIC_INDEX_DAILY
2024-05-28,KOSPI,KOSPI,2722.85,NAVER_FINANCE_DOMESTIC_INDEX_DAILY
2024-05-29,KOSPI,KOSPI,2677.3,NAVER_FINANCE_DOMESTIC_INDEX_DAILY
2024-05-30,KOSPI,KOSPI,2635.44,NAVER_FINANCE_DOMESTIC_INDEX_DAILY
2024-05-31,KOSPI,KOSPI,2636.52,NAVER_FINANCE_DOMESTIC_INDEX_DAILY
2024-06-03,KOSPI,KOSPI,2682.52,NAVER_FINANCE_DOMESTIC_INDEX_DAILY
2024-06-04,KOSPI,KOSPI,2662.1,NAVER_FINANCE_DOMESTIC_INDEX_DAILY
2024-06-05,KOSPI,KOSPI,2689.5,NAVER_FINANCE_DOMESTIC_INDEX_DAILY
2024-06-07,KOSPI,KOSPI,2722.67,NAVER_FINANCE_DOMESTIC_INDEX_DAILY
2024-06-10,KOSPI,KOSPI,2701.17,NAVER_FINANCE_DOMESTIC_INDEX_DAILY
2024-06-11,KOSPI,KOSPI,2705.32,NAVER_FINANCE_DOMESTIC_INDEX_DAILY
2024-06-12,KOSPI,KOSPI,2728.17,NAVER_FINANCE_DOMESTIC_INDEX_DAILY
2024-06-13,KOSPI,KOSPI,2754.89,NAVER_FINANCE_DOMESTIC_INDEX_DAILY
2024-06-14,KOSPI,KOSPI,2758.42,NAVER_FINANCE_DOMESTIC_INDEX_DAILY
2024-06-17,KOSPI,KOSPI,2744.1,NAVER_FINANCE_DOMESTIC_INDEX_DAILY
2024-06-18,KOSPI,KOSPI,2763.92,NAVER_FINANCE_DOMESTIC_INDEX_DAILY
2024-06-19,KOSPI,KOSPI,2797.33,NAVER_FINANCE_DOMESTIC_INDEX_DAILY
2024-06-20,KOSPI,KOSPI,2807.63,NAVER_FINANCE_DOMESTIC_INDEX_DAILY
2024-06-21,KOSPI,KOSPI,2784.26,NAVER_FINANCE_DOMESTIC_INDEX_DAILY
2024-06-24,KOSPI,KOSPI,2764.73,NAVER_FINANCE_DOMESTIC_INDEX_DAILY
2024-06-25,KOSPI,KOSPI,2774.39,NAVER_FINANCE_DOMESTIC_INDEX_DAILY
2024-06-26,KOSPI,KOSPI,2792.05,NAVER_FINANCE_DOMESTIC_INDEX_DAILY
2024-06-27,KOSPI,KOSPI,2784.06,NAVER_FINANCE_DOMESTIC_INDEX_DAILY
2024-06-28,KOSPI,KOSPI,2797.82,NAVER_FINANCE_DOMESTIC_INDEX_DAILY
2024-07-01,KOSPI,KOSPI,2804.31,NAVER_FINANCE_DOMESTIC_INDEX_DAILY
2024-07-02,KOSPI,KOSPI,2780.86,NAVER_FINANCE_DOMESTIC_INDEX_DAILY
2024-07-03,KOSPI,KOSPI,2794.01,NAVER_FINANCE_DOMESTIC_INDEX_DAILY
2024-07-04,KOSPI,KOSPI,2824.94,NAVER_FINANCE_DOMESTIC_INDEX_DAILY
2024-07-05,KOSPI,KOSPI,2862.23,NAVER_FINANCE_DOMESTIC_INDEX_DAILY
2024-07-08,KOSPI,KOSPI,2857.76,NAVER_FINANCE_DOMESTIC_INDEX_DAILY
2024-07-09,KOSPI,KOSPI,2867.38,NAVER_FINANCE_DOMESTIC_INDEX_DAILY
2024-07-10,KOSPI,KOSPI,2867.99,NAVER_FINANCE_DOMESTIC_INDEX_DAILY
2024-07-11,KOSPI,KOSPI,2891.35,NAVER_FINANCE_DOMESTIC_INDEX_DAILY
2024-07-12,KOSPI,KOSPI,2857.0,NAVER_FINANCE_DOMESTIC_INDEX_DAILY
2024-07-15,KOSPI,KOSPI,2860.92,NAVER_FINANCE_DOMESTIC_INDEX_DAILY
2024-07-16,KOSPI,KOSPI,2866.09,NAVER_FINANCE_DOMESTIC_INDEX_DAILY
2024-07-17,KOSPI,KOSPI,2843.29,NAVER_FINANCE_DOMESTIC_INDEX_DAILY
2024-07-18,KOSPI,KOSPI,2824.35,NAVER_FINANCE_DOMESTIC_INDEX_DAILY
2024-07-19,KOSPI,KOSPI,2795.46,NAVER_FINANCE_DOMESTIC_INDEX_DAILY
2024-07-22,KOSPI,KOSPI,2763.51,NAVER_FINANCE_DOMESTIC_INDEX_DAILY
2024-07-23,KOSPI,KOSPI,2774.29,NAVER_FINANCE_DOMESTIC_INDEX_DAILY
2024-07-24,KOSPI,KOSPI,2758.71,NAVER_FINANCE_DOMESTIC_INDEX_DAILY
2024-07-25,KOSPI,KOSPI,2710.65,NAVER_FINANCE_DOMESTIC_INDEX_DAILY
2024-07-26,KOSPI,KOSPI,2731.9,NAVER_FINANCE_DOMESTIC_INDEX_DAILY
2024-07-29,KOSPI,KOSPI,2765.53,NAVER_FINANCE_DOMESTIC_INDEX_DAILY
2024-07-30,KOSPI,KOSPI,2738.19,NAVER_FINANCE_DOMESTIC_INDEX_DAILY
2024-07-31,KOSPI,KOSPI,2770.69,NAVER_FINANCE_DOMESTIC_INDEX_DAILY
2024-08-01,KOSPI,KOSPI,2777.68,NAVER_FINANCE_DOMESTIC_INDEX_DAILY
2024-08-02,KOSPI,KOSPI,2676.19,NAVER_FINANCE_DOMESTIC_INDEX_DAILY
2024-08-05,KOSPI,KOSPI,2441.55,NAVER_FINANCE_DOMESTIC_INDEX_DAILY
2024-08-06,KOSPI,KOSPI,2522.15,NAVER_FINANCE_DOMESTIC_INDEX_DAILY
2024-08-07,KOSPI,KOSPI,2568.41,NAVER_FINANCE_DOMESTIC_INDEX_DAILY
2024-08-08,KOSPI,KOSPI,2556.73,NAVER_FINANCE_DOMESTIC_INDEX_DAILY
2024-08-09,KOSPI,KOSPI,2588.43,NAVER_FINANCE_DOMESTIC_INDEX_DAILY
2024-08-12,KOSPI,KOSPI,2618.3,NAVER_FINANCE_DOMESTIC_INDEX_DAILY
2024-08-13,KOSPI,KOSPI,2621.5,NAVER_FINANCE_DOMESTIC_INDEX_DAILY
2024-08-14,KOSPI,KOSPI,2644.5,NAVER_FINANCE_DOMESTIC_INDEX_DAILY
2024-08-16,KOSPI,KOSPI,2697.23,NAVER_FINANCE_DOMESTIC_INDEX_DAILY
2024-08-19,KOSPI,KOSPI,2674.36,NAVER_FINANCE_DOMESTIC_INDEX_DAILY
2024-08-20,KOSPI,KOSPI,2696.63,NAVER_FINANCE_DOMESTIC_INDEX_DAILY
2024-08-21,KOSPI,KOSPI,2701.13,NAVER_FINANCE_DOMESTIC_INDEX_DAILY
2024-08-22,KOSPI,KOSPI,2707.67,NAVER_FINANCE_DOMESTIC_INDEX_DAILY
2024-08-23,KOSPI,KOSPI,2701.69,NAVER_FINANCE_DOMESTIC_INDEX_DAILY
2024-08-26,KOSPI,KOSPI,2698.01,NAVER_FINANCE_DOMESTIC_INDEX_DAILY
2024-08-27,KOSPI,KOSPI,2689.25,NAVER_FINANCE_DOMESTIC_INDEX_DAILY
2024-08-28,KOSPI,KOSPI,2689.83,NAVER_FINANCE_DOMESTIC_INDEX_DAILY
2024-08-29,KOSPI,KOSPI,2662.28,NAVER_FINANCE_DOMESTIC_INDEX_DAILY
2024-08-30,KOSPI,KOSPI,2674.31,NAVER_FINANCE_DOMESTIC_INDEX_DAILY
2024-09-02,KOSPI,KOSPI,2681.0,NAVER_FINANCE_DOMESTIC_INDEX_DAILY
2024-09-03,KOSPI,KOSPI,2664.63,NAVER_FINANCE_DOMESTIC_INDEX_DAILY
2024-09-04,KOSPI,KOSPI,2580.8,NAVER_FINANCE_DOMESTIC_INDEX_DAILY
2024-09-05,KOSPI,KOSPI,2575.5,NAVER_FINANCE_DOMESTIC_INDEX_DAILY
2024-09-06,KOSPI,KOSPI,2544.28,NAVER_FINANCE_DOMESTIC_INDEX_DAILY
2024-09-09,KOSPI,KOSPI,2535.93,NAVER_FINANCE_DOMESTIC_INDEX_DAILY
2024-09-10,KOSPI,KOSPI,2523.43,NAVER_FINANCE_DOMESTIC_INDEX_DAILY
2024-09-11,KOSPI,KOSPI,2513.37,NAVER_FINANCE_DOMESTIC_INDEX_DAILY
2024-09-12,KOSPI,KOSPI,2572.09,NAVER_FINANCE_DOMESTIC_INDEX_DAILY
2024-09-13,KOSPI,KOSPI,2575.41,NAVER_FINANCE_DOMESTIC_INDEX_DAILY
2024-09-19,KOSPI,KOSPI,2580.8,NAVER_FINANCE_DOMESTIC_INDEX_DAILY
2024-09-20,KOSPI,KOSPI,2593.37,NAVER_FINANCE_DOMESTIC_INDEX_DAILY
2024-09-23,KOSPI,KOSPI,2602.01,NAVER_FINANCE_DOMESTIC_INDEX_DAILY
2024-09-24,KOSPI,KOSPI,2631.68,NAVER_FINANCE_DOMESTIC_INDEX_DAILY
2024-09-25,KOSPI,KOSPI,2596.32,NAVER_FINANCE_DOMESTIC_INDEX_DAILY
2024-09-26,KOSPI,KOSPI,2671.57,NAVER_FINANCE_DOMESTIC_INDEX_DAILY
2024-09-27,KOSPI,KOSPI,2649.78,NAVER_FINANCE_DOMESTIC_INDEX_DAILY
2024-09-30,KOSPI,KOSPI,2593.27,NAVER_FINANCE_DOMESTIC_INDEX_DAILY
2024-10-02,KOSPI,KOSPI,2561.69,NAVER_FINANCE_DOMESTIC_INDEX_DAILY
2024-10-04,KOSPI,KOSPI,2569.71,NAVER_FINANCE_DOMESTIC_INDEX_DAILY
2024-10-07,KOSPI,KOSPI,2610.38,NAVER_FINANCE_DOMESTIC_INDEX_DAILY
2024-10-08,KOSPI,KOSPI,2594.36,NAVER_FINANCE_DOMESTIC_INDEX_DAILY
2024-10-10,KOSPI,KOSPI,2599.16,NAVER_FINANCE_DOMESTIC_INDEX_DAILY
2024-10-11,KOSPI,KOSPI,2596.91,NAVER_FINANCE_DOMESTIC_INDEX_DAILY
2024-10-14,KOSPI,KOSPI,2623.29,NAVER_FINANCE_DOMESTIC_INDEX_DAILY
2024-10-15,KOSPI,KOSPI,2633.45,NAVER_FINANCE_DOMESTIC_INDEX_DAILY
2024-10-16,KOSPI,KOSPI,2610.36,NAVER_FINANCE_DOMESTIC_INDEX_DAILY
2024-10-17,KOSPI,KOSPI,2609.3,NAVER_FINANCE_DOMESTIC_INDEX_DAILY
2024-10-18,KOSPI,KOSPI,2593.82,NAVER_FINANCE_DOMESTIC_INDEX_DAILY
2024-10-21,KOSPI,KOSPI,2604.92,NAVER_FINANCE_DOMESTIC_INDEX_DAILY
2024-10-22,KOSPI,KOSPI,2570.7,NAVER_FINANCE_DOMESTIC_INDEX_DAILY
2024-10-23,KOSPI,KOSPI,2599.62,NAVER_FINANCE_DOMESTIC_INDEX_DAILY
2024-10-24,KOSPI,KOSPI,2581.03,NAVER_FINANCE_DOMESTIC_INDEX_DAILY
2024-10-25,KOSPI,KOSPI,2583.27,NAVER_FINANCE_DOMESTIC_INDEX_DAILY
2024-10-28,KOSPI,KOSPI,2612.43,NAVER_FINANCE_DOMESTIC_INDEX_DAILY
2024-10-29,KOSPI,KOSPI,2617.8,NAVER_FINANCE_DOMESTIC_INDEX_DAILY
2024-10-30,KOSPI,KOSPI,2593.79,NAVER_FINANCE_DOMESTIC_INDEX_DAILY
2024-10-31,KOSPI,KOSPI,2556.15,NAVER_FINANCE_DOMESTIC_INDEX_DAILY
2024-11-01,KOSPI,KOSPI,2542.36,NAVER_FINANCE_DOMESTIC_INDEX_DAILY
2024-11-04,KOSPI,KOSPI,2588.97,NAVER_FINANCE_DOMESTIC_INDEX_DAILY
2024-11-05,KOSPI,KOSPI,2576.88,NAVER_FINANCE_DOMESTIC_INDEX_DAILY
2024-11-06,KOSPI,KOSPI,2563.51,NAVER_FINANCE_DOMESTIC_INDEX_DAILY
2024-11-07,KOSPI,KOSPI,2564.63,NAVER_FINANCE_DOMESTIC_INDEX_DAILY
2024-11-08,KOSPI,KOSPI,2561.15,NAVER_FINANCE_DOMESTIC_INDEX_DAILY
2024-11-11,KOSPI,KOSPI,2531.66,NAVER_FINANCE_DOMESTIC_INDEX_DAILY
2024-11-12,KOSPI,KOSPI,2482.57,NAVER_FINANCE_DOMESTIC_INDEX_DAILY
2024-11-13,KOSPI,KOSPI,2417.08,NAVER_FINANCE_DOMESTIC_INDEX_DAILY
2024-11-14,KOSPI,KOSPI,2418.86,NAVER_FINANCE_DOMESTIC_INDEX_DAILY
2024-11-15,KOSPI,KOSPI,2416.86,NAVER_FINANCE_DOMESTIC_INDEX_DAILY
2024-11-18,KOSPI,KOSPI,2469.07,NAVER_FINANCE_DOMESTIC_INDEX_DAILY
2024-11-19,KOSPI,KOSPI,2471.95,NAVER_FINANCE_DOMESTIC_INDEX_DAILY
2024-11-20,KOSPI,KOSPI,2482.29,NAVER_FINANCE_DOMESTIC_INDEX_DAILY
2024-11-21,KOSPI,KOSPI,2480.63,NAVER_FINANCE_DOMESTIC_INDEX_DAILY
2024-11-22,KOSPI,KOSPI,2501.24,NAVER_FINANCE_DOMESTIC_INDEX_DAILY
2024-11-25,KOSPI,KOSPI,2534.34,NAVER_FINANCE_DOMESTIC_INDEX_DAILY
2024-11-26,KOSPI,KOSPI,2520.36,NAVER_FINANCE_DOMESTIC_INDEX_DAILY
2024-11-27,KOSPI,KOSPI,2503.06,NAVER_FINANCE_DOMESTIC_INDEX_DAILY
2024-11-28,KOSPI,KOSPI,2504.67,NAVER_FINANCE_DOMESTIC_INDEX_DAILY
2024-11-29,KOSPI,KOSPI,2455.91,NAVER_FINANCE_DOMESTIC_INDEX_DAILY
2024-12-02,KOSPI,KOSPI,2454.48,NAVER_FINANCE_DOMESTIC_INDEX_DAILY
2024-12-03,KOSPI,KOSPI,2500.1,NAVER_FINANCE_DOMESTIC_INDEX_DAILY
2024-12-04,KOSPI,KOSPI,2464.0,NAVER_FINANCE_DOMESTIC_INDEX_DAILY
2024-12-05,KOSPI,KOSPI,2441.85,NAVER_FINANCE_DOMESTIC_INDEX_DAILY
2024-12-06,KOSPI,KOSPI,2428.16,NAVER_FINANCE_DOMESTIC_INDEX_DAILY
2024-12-09,KOSPI,KOSPI,2360.58,NAVER_FINANCE_DOMESTIC_INDEX_DAILY
2024-12-10,KOSPI,KOSPI,2417.84,NAVER_FINANCE_DOMESTIC_INDEX_DAILY
2024-12-11,KOSPI,KOSPI,2442.51,NAVER_FINANCE_DOMESTIC_INDEX_DAILY
2024-12-12,KOSPI,KOSPI,2482.12,NAVER_FINANCE_DOMESTIC_INDEX_DAILY
2024-12-13,KOSPI,KOSPI,2494.46,NAVER_FINANCE_DOMESTIC_INDEX_DAILY
2024-12-16,KOSPI,KOSPI,2488.97,NAVER_FINANCE_DOMESTIC_INDEX_DAILY
2024-12-17,KOSPI,KOSPI,2456.81,NAVER_FINANCE_DOMESTIC_INDEX_DAILY
2024-12-18,KOSPI,KOSPI,2484.43,NAVER_FINANCE_DOMESTIC_INDEX_DAILY
2024-12-19,KOSPI,KOSPI,2435.93,NAVER_FINANCE_DOMESTIC_INDEX_DAILY
2024-12-20,KOSPI,KOSPI,2404.15,NAVER_FINANCE_DOMESTIC_INDEX_DAILY
2024-12-23,KOSPI,KOSPI,2442.01,NAVER_FINANCE_DOMESTIC_INDEX_DAILY
2024-12-24,KOSPI,KOSPI,2440.52,NAVER_FINANCE_DOMESTIC_INDEX_DAILY
2024-12-26,KOSPI,KOSPI,2429.67,NAVER_FINANCE_DOMESTIC_INDEX_DAILY
2024-12-27,KOSPI,KOSPI,2404.77,NAVER_FINANCE_DOMESTIC_INDEX_DAILY
2024-12-30,KOSPI,KOSPI,2399.49,NAVER_FINANCE_DOMESTIC_INDEX_DAILY
2025-01-02,KOSPI,KOSPI,2398.94,NAVER_FINANCE_DOMESTIC_INDEX_DAILY
2025-01-03,KOSPI,KOSPI,2441.92,NAVER_FINANCE_DOMESTIC_INDEX_DAILY
2025-01-06,KOSPI,KOSPI,2488.64,NAVER_FINANCE_DOMESTIC_INDEX_DAILY
2025-01-07,KOSPI,KOSPI,2492.1,NAVER_FINANCE_DOMESTIC_INDEX_DAILY
2025-01-08,KOSPI,KOSPI,2521.05,NAVER_FINANCE_DOMESTIC_INDEX_DAILY
2025-01-09,KOSPI,KOSPI,2521.9,NAVER_FINANCE_DOMESTIC_INDEX_DAILY
2025-01-10,KOSPI,KOSPI,2515.78,NAVER_FINANCE_DOMESTIC_INDEX_DAILY
2025-01-13,KOSPI,KOSPI,2489.56,NAVER_FINANCE_DOMESTIC_INDEX_DAILY
2025-01-14,KOSPI,KOSPI,2497.4,NAVER_FINANCE_DOMESTIC_INDEX_DAILY
2025-01-15,KOSPI,KOSPI,2496.81,NAVER_FINANCE_DOMESTIC_INDEX_DAILY
2025-01-16,KOSPI,KOSPI,2527.49,NAVER_FINANCE_DOMESTIC_INDEX_DAILY
2025-01-17,KOSPI,KOSPI,2523.55,NAVER_FINANCE_DOMESTIC_INDEX_DAILY
2025-01-20,KOSPI,KOSPI,2520.05,NAVER_FINANCE_DOMESTIC_INDEX_DAILY
2025-01-21,KOSPI,KOSPI,2518.03,NAVER_FINANCE_DOMESTIC_INDEX_DAILY
2025-01-22,KOSPI,KOSPI,2547.06,NAVER_FINANCE_DOMESTIC_INDEX_DAILY
2025-01-23,KOSPI,KOSPI,2515.49,NAVER_FINANCE_DOMESTIC_INDEX_DAILY
2025-01-24,KOSPI,KOSPI,2536.8,NAVER_FINANCE_DOMESTIC_INDEX_DAILY
2025-01-31,KOSPI,KOSPI,2517.37,NAVER_FINANCE_DOMESTIC_INDEX_DAILY
2025-02-03,KOSPI,KOSPI,2453.95,NAVER_FINANCE_DOMESTIC_INDEX_DAILY
2025-02-04,KOSPI,KOSPI,2481.69,NAVER_FINANCE_DOMESTIC_INDEX_DAILY
2025-02-05,KOSPI,KOSPI,2509.27,NAVER_FINANCE_DOMESTIC_INDEX_DAILY
2025-02-06,KOSPI,KOSPI,2536.75,NAVER_FINANCE_DOMESTIC_INDEX_DAILY
2025-02-07,KOSPI,KOSPI,2521.92,NAVER_FINANCE_DOMESTIC_INDEX_DAILY
2025-02-10,KOSPI,KOSPI,2521.27,NAVER_FINANCE_DOMESTIC_INDEX_DAILY
2025-02-11,KOSPI,KOSPI,2539.05,NAVER_FINANCE_DOMESTIC_INDEX_DAILY
2025-02-12,KOSPI,KOSPI,2548.39,NAVER_FINANCE_DOMESTIC_INDEX_DAILY
2025-02-13,KOSPI,KOSPI,2583.17,NAVER_FINANCE_DOMESTIC_INDEX_DAILY
2025-02-14,KOSPI,KOSPI,2591.05,NAVER_FINANCE_DOMESTIC_INDEX_DAILY
2025-02-17,KOSPI,KOSPI,2610.42,NAVER_FINANCE_DOMESTIC_INDEX_DAILY
2025-02-18,KOSPI,KOSPI,2626.81,NAVER_FINANCE_DOMESTIC_INDEX_DAILY
2025-02-19,KOSPI,KOSPI,2671.52,NAVER_FINANCE_DOMESTIC_INDEX_DAILY
2025-02-20,KOSPI,KOSPI,2654.06,NAVER_FINANCE_DOMESTIC_INDEX_DAILY
2025-02-21,KOSPI,KOSPI,2654.58,NAVER_FINANCE_DOMESTIC_INDEX_DAILY
2025-02-24,KOSPI,KOSPI,2645.27,NAVER_FINANCE_DOMESTIC_INDEX_DAILY
2025-02-25,KOSPI,KOSPI,2630.29,NAVER_FINANCE_DOMESTIC_INDEX_DAILY
2025-02-26,KOSPI,KOSPI,2641.09,NAVER_FINANCE_DOMESTIC_INDEX_DAILY
2025-02-27,KOSPI,KOSPI,2621.75,NAVER_FINANCE_DOMESTIC_INDEX_DAILY
2025-02-28,KOSPI,KOSPI,2532.78,NAVER_FINANCE_DOMESTIC_INDEX_DAILY
2025-03-04,KOSPI,KOSPI,2528.92,NAVER_FINANCE_DOMESTIC_INDEX_DAILY
2025-03-05,KOSPI,KOSPI,2558.13,NAVER_FINANCE_DOMESTIC_INDEX_DAILY
2025-03-06,KOSPI,KOSPI,2576.16,NAVER_FINANCE_DOMESTIC_INDEX_DAILY
2025-03-07,KOSPI,KOSPI,2563.48,NAVER_FINANCE_DOMESTIC_INDEX_DAILY
2025-03-10,KOSPI,KOSPI,2570.39,NAVER_FINANCE_DOMESTIC_INDEX_DAILY
2025-03-11,KOSPI,KOSPI,2537.6,NAVER_FINANCE_DOMESTIC_INDEX_DAILY
2025-03-12,KOSPI,KOSPI,2574.82,NAVER_FINANCE_DOMESTIC_INDEX_DAILY
2025-03-13,KOSPI,KOSPI,2573.64,NAVER_FINANCE_DOMESTIC_INDEX_DAILY
2025-03-14,KOSPI,KOSPI,2566.36,NAVER_FINANCE_DOMESTIC_INDEX_DAILY
2025-03-17,KOSPI,KOSPI,2610.69,NAVER_FINANCE_DOMESTIC_INDEX_DAILY
2025-03-18,KOSPI,KOSPI,2612.34,NAVER_FINANCE_DOMESTIC_INDEX_DAILY
2025-03-19,KOSPI,KOSPI,2628.62,NAVER_FINANCE_DOMESTIC_INDEX_DAILY
2025-03-20,KOSPI,KOSPI,2637.1,NAVER_FINANCE_DOMESTIC_INDEX_DAILY
2025-03-21,KOSPI,KOSPI,2643.13,NAVER_FINANCE_DOMESTIC_INDEX_DAILY
2025-03-24,KOSPI,KOSPI,2632.07,NAVER_FINANCE_DOMESTIC_INDEX_DAILY
2025-03-25,KOSPI,KOSPI,2615.81,NAVER_FINANCE_DOMESTIC_INDEX_DAILY
2025-03-26,KOSPI,KOSPI,2643.94,NAVER_FINANCE_DOMESTIC_INDEX_DAILY
2025-03-27,KOSPI,KOSPI,2607.15,NAVER_FINANCE_DOMESTIC_INDEX_DAILY
2025-03-28,KOSPI,KOSPI,2557.98,NAVER_FINANCE_DOMESTIC_INDEX_DAILY
2025-03-31,KOSPI,KOSPI,2481.12,NAVER_FINANCE_DOMESTIC_INDEX_DAILY
2025-04-01,KOSPI,KOSPI,2521.39,NAVER_FINANCE_DOMESTIC_INDEX_DAILY
2025-04-02,KOSPI,KOSPI,2505.86,NAVER_FINANCE_DOMESTIC_INDEX_DAILY
2025-04-03,KOSPI,KOSPI,2486.7,NAVER_FINANCE_DOMESTIC_INDEX_DAILY
2025-04-04,KOSPI,KOSPI,2465.42,NAVER_FINANCE_DOMESTIC_INDEX_DAILY
2025-04-07,KOSPI,KOSPI,2328.2,NAVER_FINANCE_DOMESTIC_INDEX_DAILY
2025-04-08,KOSPI,KOSPI,2334.23,NAVER_FINANCE_DOMESTIC_INDEX_DAILY
2025-04-09,KOSPI,KOSPI,2293.7,NAVER_FINANCE_DOMESTIC_INDEX_DAILY
2025-04-10,KOSPI,KOSPI,2445.06,NAVER_FINANCE_DOMESTIC_INDEX_DAILY
2025-04-11,KOSPI,KOSPI,2432.72,NAVER_FINANCE_DOMESTIC_INDEX_DAILY
2025-04-14,KOSPI,KOSPI,2455.89,NAVER_FINANCE_DOMESTIC_INDEX_DAILY
2025-04-15,KOSPI,KOSPI,2477.41,NAVER_FINANCE_DOMESTIC_INDEX_DAILY
2025-04-16,KOSPI,KOSPI,2447.43,NAVER_FINANCE_DOMESTIC_INDEX_DAILY
2025-04-17,KOSPI,KOSPI,2470.41,NAVER_FINANCE_DOMESTIC_INDEX_DAILY
2025-04-18,KOSPI,KOSPI,2483.42,NAVER_FINANCE_DOMESTIC_INDEX_DAILY
2025-04-21,KOSPI,KOSPI,2488.42,NAVER_FINANCE_DOMESTIC_INDEX_DAILY
2025-04-22,KOSPI,KOSPI,2486.64,NAVER_FINANCE_DOMESTIC_INDEX_DAILY
2025-04-23,KOSPI,KOSPI,2525.56,NAVER_FINANCE_DOMESTIC_INDEX_DAILY
2025-04-24,KOSPI,KOSPI,2522.33,NAVER_FINANCE_DOMESTIC_INDEX_DAILY
2025-04-25,KOSPI,KOSPI,2546.3,NAVER_FINANCE_DOMESTIC_INDEX_DAILY
2025-04-28,KOSPI,KOSPI,2548.86,NAVER_FINANCE_DOMESTIC_INDEX_DAILY
2025-04-29,KOSPI,KOSPI,2565.42,NAVER_FINANCE_DOMESTIC_INDEX_DAILY
2025-04-30,KOSPI,KOSPI,2556.61,NAVER_FINANCE_DOMESTIC_INDEX_DAILY
2025-05-02,KOSPI,KOSPI,2559.79,NAVER_FINANCE_DOMESTIC_INDEX_DAILY
2025-05-07,KOSPI,KOSPI,2573.8,NAVER_FINANCE_DOMESTIC_INDEX_DAILY
2025-05-08,KOSPI,KOSPI,2579.48,NAVER_FINANCE_DOMESTIC_INDEX_DAILY
2025-05-09,KOSPI,KOSPI,2577.27,NAVER_FINANCE_DOMESTIC_INDEX_DAILY
2025-05-12,KOSPI,KOSPI,2607.33,NAVER_FINANCE_DOMESTIC_INDEX_DAILY
2025-05-13,KOSPI,KOSPI,2608.42,NAVER_FINANCE_DOMESTIC_INDEX_DAILY
2025-05-14,KOSPI,KOSPI,2640.57,NAVER_FINANCE_DOMESTIC_INDEX_DAILY
2025-05-15,KOSPI,KOSPI,2621.36,NAVER_FINANCE_DOMESTIC_INDEX_DAILY
2025-05-16,KOSPI,KOSPI,2626.87,NAVER_FINANCE_DOMESTIC_INDEX_DAILY
2025-05-19,KOSPI,KOSPI,2603.42,NAVER_FINANCE_DOMESTIC_INDEX_DAILY
2025-05-20,KOSPI,KOSPI,2601.8,NAVER_FINANCE_DOMESTIC_INDEX_DAILY
2025-05-21,KOSPI,KOSPI,2625.58,NAVER_FINANCE_DOMESTIC_INDEX_DAILY
2025-05-22,KOSPI,KOSPI,2593.67,NAVER_FINANCE_DOMESTIC_INDEX_DAILY
2025-05-23,KOSPI,KOSPI,2592.09,NAVER_FINANCE_DOMESTIC_INDEX_DAILY
2025-05-26,KOSPI,KOSPI,2644.4,NAVER_FINANCE_DOMESTIC_INDEX_DAILY
2025-05-27,KOSPI,KOSPI,2637.22,NAVER_FINANCE_DOMESTIC_INDEX_DAILY
2025-05-28,KOSPI,KOSPI,2670.15,NAVER_FINANCE_DOMESTIC_INDEX_DAILY
2025-05-29,KOSPI,KOSPI,2720.64,NAVER_FINANCE_DOMESTIC_INDEX_DAILY
2025-05-30,KOSPI,KOSPI,2697.67,NAVER_FINANCE_DOMESTIC_INDEX_DAILY
2025-06-02,KOSPI,KOSPI,2698.97,NAVER_FINANCE_DOMESTIC_INDEX_DAILY
2025-06-04,KOSPI,KOSPI,2770.84,NAVER_FINANCE_DOMESTIC_INDEX_DAILY
2025-06-05,KOSPI,KOSPI,2812.05,NAVER_FINANCE_DOMESTIC_INDEX_DAILY
2025-06-09,KOSPI,KOSPI,2855.77,NAVER_FINANCE_DOMESTIC_INDEX_DAILY
2025-06-10,KOSPI,KOSPI,2871.85,NAVER_FINANCE_DOMESTIC_INDEX_DAILY
2025-06-11,KOSPI,KOSPI,2907.04,NAVER_FINANCE_DOMESTIC_INDEX_DAILY
2025-06-12,KOSPI,KOSPI,2920.03,NAVER_FINANCE_DOMESTIC_INDEX_DAILY
2025-06-13,KOSPI,KOSPI,2894.62,NAVER_FINANCE_DOMESTIC_INDEX_DAILY
2025-06-16,KOSPI,KOSPI,2946.66,NAVER_FINANCE_DOMESTIC_INDEX_DAILY
2025-06-17,KOSPI,KOSPI,2950.3,NAVER_FINANCE_DOMESTIC_INDEX_DAILY
2025-06-18,KOSPI,KOSPI,2972.19,NAVER_FINANCE_DOMESTIC_INDEX_DAILY
2025-06-19,KOSPI,KOSPI,2977.74,NAVER_FINANCE_DOMESTIC_INDEX_DAILY
2025-06-20,KOSPI,KOSPI,3021.84,NAVER_FINANCE_DOMESTIC_INDEX_DAILY
2025-06-23,KOSPI,KOSPI,3014.47,NAVER_FINANCE_DOMESTIC_INDEX_DAILY
2025-06-24,KOSPI,KOSPI,3103.64,NAVER_FINANCE_DOMESTIC_INDEX_DAILY
2025-06-25,KOSPI,KOSPI,3108.25,NAVER_FINANCE_DOMESTIC_INDEX_DAILY
2025-06-26,KOSPI,KOSPI,3079.56,NAVER_FINANCE_DOMESTIC_INDEX_DAILY
2025-06-27,KOSPI,KOSPI,3055.94,NAVER_FINANCE_DOMESTIC_INDEX_DAILY
2025-06-30,KOSPI,KOSPI,3071.7,NAVER_FINANCE_DOMESTIC_INDEX_DAILY
2025-07-01,KOSPI,KOSPI,3089.65,NAVER_FINANCE_DOMESTIC_INDEX_DAILY
2025-07-02,KOSPI,KOSPI,3075.06,NAVER_FINANCE_DOMESTIC_INDEX_DAILY
2025-07-03,KOSPI,KOSPI,3116.27,NAVER_FINANCE_DOMESTIC_INDEX_DAILY
2025-07-04,KOSPI,KOSPI,3054.28,NAVER_FINANCE_DOMESTIC_INDEX_DAILY
2025-07-07,KOSPI,KOSPI,3059.47,NAVER_FINANCE_DOMESTIC_INDEX_DAILY
2025-07-08,KOSPI,KOSPI,3114.95,NAVER_FINANCE_DOMESTIC_INDEX_DAILY
2025-07-09,KOSPI,KOSPI,3133.74,NAVER_FINANCE_DOMESTIC_INDEX_DAILY
2025-07-10,KOSPI,KOSPI,3183.23,NAVER_FINANCE_DOMESTIC_INDEX_DAILY
2025-07-11,KOSPI,KOSPI,3175.77,NAVER_FINANCE_DOMESTIC_INDEX_DAILY
2025-07-14,KOSPI,KOSPI,3202.03,NAVER_FINANCE_DOMESTIC_INDEX_DAILY
2025-07-15,KOSPI,KOSPI,3215.28,NAVER_FINANCE_DOMESTIC_INDEX_DAILY
2025-07-16,KOSPI,KOSPI,3186.38,NAVER_FINANCE_DOMESTIC_INDEX_DAILY
2025-07-17,KOSPI,KOSPI,3192.29,NAVER_FINANCE_DOMESTIC_INDEX_DAILY
2025-07-18,KOSPI,KOSPI,3188.07,NAVER_FINANCE_DOMESTIC_INDEX_DAILY
2025-07-21,KOSPI,KOSPI,3210.81,NAVER_FINANCE_DOMESTIC_INDEX_DAILY
2025-07-22,KOSPI,KOSPI,3169.94,NAVER_FINANCE_DOMESTIC_INDEX_DAILY
2025-07-23,KOSPI,KOSPI,3183.77,NAVER_FINANCE_DOMESTIC_INDEX_DAILY
2025-07-24,KOSPI,KOSPI,3190.45,NAVER_FINANCE_DOMESTIC_INDEX_DAILY
2025-07-25,KOSPI,KOSPI,3196.05,NAVER_FINANCE_DOMESTIC_INDEX_DAILY
2025-07-28,KOSPI,KOSPI,3209.52,NAVER_FINANCE_DOMESTIC_INDEX_DAILY
2025-07-29,KOSPI,KOSPI,3230.57,NAVER_FINANCE_DOMESTIC_INDEX_DAILY
2025-07-30,KOSPI,KOSPI,3254.47,NAVER_FINANCE_DOMESTIC_INDEX_DAILY
2025-07-31,KOSPI,KOSPI,3245.44,NAVER_FINANCE_DOMESTIC_INDEX_DAILY
2025-08-01,KOSPI,KOSPI,3119.41,NAVER_FINANCE_DOMESTIC_INDEX_DAILY
2025-08-04,KOSPI,KOSPI,3147.75,NAVER_FINANCE_DOMESTIC_INDEX_DAILY
2025-08-05,KOSPI,KOSPI,3198.0,NAVER_FINANCE_DOMESTIC_INDEX_DAILY
2025-08-06,KOSPI,KOSPI,3198.14,NAVER_FINANCE_DOMESTIC_INDEX_DAILY
2025-08-07,KOSPI,KOSPI,3227.68,NAVER_FINANCE_DOMESTIC_INDEX_DAILY
2025-08-08,KOSPI,KOSPI,3210.01,NAVER_FINANCE_DOMESTIC_INDEX_DAILY
2025-08-11,KOSPI,KOSPI,3206.77,NAVER_FINANCE_DOMESTIC_INDEX_DAILY
2025-08-12,KOSPI,KOSPI,3189.91,NAVER_FINANCE_DOMESTIC_INDEX_DAILY
2025-08-13,KOSPI,KOSPI,3224.37,NAVER_FINANCE_DOMESTIC_INDEX_DAILY
2025-08-14,KOSPI,KOSPI,3225.66,NAVER_FINANCE_DOMESTIC_INDEX_DAILY
2025-08-18,KOSPI,KOSPI,3177.28,NAVER_FINANCE_DOMESTIC_INDEX_DAILY
2025-08-19,KOSPI,KOSPI,3151.56,NAVER_FINANCE_DOMESTIC_INDEX_DAILY
2025-08-20,KOSPI,KOSPI,3130.09,NAVER_FINANCE_DOMESTIC_INDEX_DAILY
2025-08-21,KOSPI,KOSPI,3141.74,NAVER_FINANCE_DOMESTIC_INDEX_DAILY
2025-08-22,KOSPI,KOSPI,3168.73,NAVER_FINANCE_DOMESTIC_INDEX_DAILY
2025-08-25,KOSPI,KOSPI,3209.86,NAVER_FINANCE_DOMESTIC_INDEX_DAILY
2025-08-26,KOSPI,KOSPI,3179.36,NAVER_FINANCE_DOMESTIC_INDEX_DAILY
2025-08-27,KOSPI,KOSPI,3187.16,NAVER_FINANCE_DOMESTIC_INDEX_DAILY
2025-08-28,KOSPI,KOSPI,3196.32,NAVER_FINANCE_DOMESTIC_INDEX_DAILY
2025-08-29,KOSPI,KOSPI,3186.01,NAVER_FINANCE_DOMESTIC_INDEX_DAILY
2025-09-01,KOSPI,KOSPI,3142.93,NAVER_FINANCE_DOMESTIC_INDEX_DAILY
2025-09-02,KOSPI,KOSPI,3172.35,NAVER_FINANCE_DOMESTIC_INDEX_DAILY
2025-09-03,KOSPI,KOSPI,3184.42,NAVER_FINANCE_DOMESTIC_INDEX_DAILY
2025-09-04,KOSPI,KOSPI,3200.83,NAVER_FINANCE_DOMESTIC_INDEX_DAILY
2025-09-05,KOSPI,KOSPI,3205.12,NAVER_FINANCE_DOMESTIC_INDEX_DAILY
2025-09-08,KOSPI,KOSPI,3219.59,NAVER_FINANCE_DOMESTIC_INDEX_DAILY
2025-09-09,KOSPI,KOSPI,3260.05,NAVER_FINANCE_DOMESTIC_INDEX_DAILY
2025-09-10,KOSPI,KOSPI,3314.53,NAVER_FINANCE_DOMESTIC_INDEX_DAILY
2025-09-11,KOSPI,KOSPI,3344.2,NAVER_FINANCE_DOMESTIC_INDEX_DAILY
2025-09-12,KOSPI,KOSPI,3395.54,NAVER_FINANCE_DOMESTIC_INDEX_DAILY
2025-09-15,KOSPI,KOSPI,3407.31,NAVER_FINANCE_DOMESTIC_INDEX_DAILY
2025-09-16,KOSPI,KOSPI,3449.62,NAVER_FINANCE_DOMESTIC_INDEX_DAILY
2025-09-17,KOSPI,KOSPI,3413.4,NAVER_FINANCE_DOMESTIC_INDEX_DAILY
2025-09-18,KOSPI,KOSPI,3461.3,NAVER_FINANCE_DOMESTIC_INDEX_DAILY
2025-09-19,KOSPI,KOSPI,3445.24,NAVER_FINANCE_DOMESTIC_INDEX_DAILY
2025-09-22,KOSPI,KOSPI,3468.65,NAVER_FINANCE_DOMESTIC_INDEX_DAILY
2025-09-23,KOSPI,KOSPI,3486.19,NAVER_FINANCE_DOMESTIC_INDEX_DAILY
2025-09-24,KOSPI,KOSPI,3472.14,NAVER_FINANCE_DOMESTIC_INDEX_DAILY
2025-09-25,KOSPI,KOSPI,3471.11,NAVER_FINANCE_DOMESTIC_INDEX_DAILY
2025-09-26,KOSPI,KOSPI,3386.05,NAVER_FINANCE_DOMESTIC_INDEX_DAILY
2025-09-29,KOSPI,KOSPI,3431.21,NAVER_FINANCE_DOMESTIC_INDEX_DAILY
2025-09-30,KOSPI,KOSPI,3424.6,NAVER_FINANCE_DOMESTIC_INDEX_DAILY
2025-10-01,KOSPI,KOSPI,3455.83,NAVER_FINANCE_DOMESTIC_INDEX_DAILY
2025-10-02,KOSPI,KOSPI,3549.21,NAVER_FINANCE_DOMESTIC_INDEX_DAILY
2025-10-10,KOSPI,KOSPI,3610.6,NAVER_FINANCE_DOMESTIC_INDEX_DAILY
2025-10-13,KOSPI,KOSPI,3584.55,NAVER_FINANCE_DOMESTIC_INDEX_DAILY
2025-10-14,KOSPI,KOSPI,3561.81,NAVER_FINANCE_DOMESTIC_INDEX_DAILY
2025-10-15,KOSPI,KOSPI,3657.28,NAVER_FINANCE_DOMESTIC_INDEX_DAILY
2025-10-16,KOSPI,KOSPI,3748.37,NAVER_FINANCE_DOMESTIC_INDEX_DAILY
2025-10-17,KOSPI,KOSPI,3748.89,NAVER_FINANCE_DOMESTIC_INDEX_DAILY
2025-10-20,KOSPI,KOSPI,3814.69,NAVER_FINANCE_DOMESTIC_INDEX_DAILY
2025-10-21,KOSPI,KOSPI,3823.84,NAVER_FINANCE_DOMESTIC_INDEX_DAILY
2025-10-22,KOSPI,KOSPI,3883.68,NAVER_FINANCE_DOMESTIC_INDEX_DAILY
2025-10-23,KOSPI,KOSPI,3845.56,NAVER_FINANCE_DOMESTIC_INDEX_DAILY
2025-10-24,KOSPI,KOSPI,3941.59,NAVER_FINANCE_DOMESTIC_INDEX_DAILY
2025-10-27,KOSPI,KOSPI,4042.83,NAVER_FINANCE_DOMESTIC_INDEX_DAILY
2025-10-28,KOSPI,KOSPI,4010.41,NAVER_FINANCE_DOMESTIC_INDEX_DAILY
2025-10-29,KOSPI,KOSPI,4081.15,NAVER_FINANCE_DOMESTIC_INDEX_DAILY
2025-10-30,KOSPI,KOSPI,4086.89,NAVER_FINANCE_DOMESTIC_INDEX_DAILY
2025-10-31,KOSPI,KOSPI,4107.5,NAVER_FINANCE_DOMESTIC_INDEX_DAILY
2025-11-03,KOSPI,KOSPI,4221.87,NAVER_FINANCE_DOMESTIC_INDEX_DAILY
2025-11-04,KOSPI,KOSPI,4121.74,NAVER_FINANCE_DOMESTIC_INDEX_DAILY
2025-11-05,KOSPI,KOSPI,4004.42,NAVER_FINANCE_DOMESTIC_INDEX_DAILY
2025-11-06,KOSPI,KOSPI,4026.45,NAVER_FINANCE_DOMESTIC_INDEX_DAILY
2025-11-07,KOSPI,KOSPI,3953.76,NAVER_FINANCE_DOMESTIC_INDEX_DAILY
2025-11-10,KOSPI,KOSPI,4073.24,NAVER_FINANCE_DOMESTIC_INDEX_DAILY
2025-11-11,KOSPI,KOSPI,4106.39,NAVER_FINANCE_DOMESTIC_INDEX_DAILY
2025-11-12,KOSPI,KOSPI,4150.39,NAVER_FINANCE_DOMESTIC_INDEX_DAILY
2025-11-13,KOSPI,KOSPI,4170.63,NAVER_FINANCE_DOMESTIC_INDEX_DAILY
2025-11-14,KOSPI,KOSPI,4011.57,NAVER_FINANCE_DOMESTIC_INDEX_DAILY
2025-11-17,KOSPI,KOSPI,4089.25,NAVER_FINANCE_DOMESTIC_INDEX_DAILY
2025-11-18,KOSPI,KOSPI,3953.62,NAVER_FINANCE_DOMESTIC_INDEX_DAILY
2025-11-19,KOSPI,KOSPI,3929.51,NAVER_FINANCE_DOMESTIC_INDEX_DAILY
2025-11-20,KOSPI,KOSPI,4004.85,NAVER_FINANCE_DOMESTIC_INDEX_DAILY
2025-11-21,KOSPI,KOSPI,3853.26,NAVER_FINANCE_DOMESTIC_INDEX_DAILY
2025-11-24,KOSPI,KOSPI,3846.06,NAVER_FINANCE_DOMESTIC_INDEX_DAILY
2025-11-25,KOSPI,KOSPI,3857.78,NAVER_FINANCE_DOMESTIC_INDEX_DAILY
2025-11-26,KOSPI,KOSPI,3960.87,NAVER_FINANCE_DOMESTIC_INDEX_DAILY
2025-11-27,KOSPI,KOSPI,3986.91,NAVER_FINANCE_DOMESTIC_INDEX_DAILY
2025-11-28,KOSPI,KOSPI,3926.59,NAVER_FINANCE_DOMESTIC_INDEX_DAILY
2025-12-01,KOSPI,KOSPI,3920.37,NAVER_FINANCE_DOMESTIC_INDEX_DAILY
2025-12-02,KOSPI,KOSPI,3994.93,NAVER_FINANCE_DOMESTIC_INDEX_DAILY
2025-12-03,KOSPI,KOSPI,4036.3,NAVER_FINANCE_DOMESTIC_INDEX_DAILY
2025-12-04,KOSPI,KOSPI,4028.51,NAVER_FINANCE_DOMESTIC_INDEX_DAILY
2025-12-05,KOSPI,KOSPI,4100.05,NAVER_FINANCE_DOMESTIC_INDEX_DAILY
2025-12-08,KOSPI,KOSPI,4154.85,NAVER_FINANCE_DOMESTIC_INDEX_DAILY
2025-12-09,KOSPI,KOSPI,4143.55,NAVER_FINANCE_DOMESTIC_INDEX_DAILY
2025-12-10,KOSPI,KOSPI,4135.0,NAVER_FINANCE_DOMESTIC_INDEX_DAILY
2025-12-11,KOSPI,KOSPI,4110.62,NAVER_FINANCE_DOMESTIC_INDEX_DAILY
2025-12-12,KOSPI,KOSPI,4167.16,NAVER_FINANCE_DOMESTIC_INDEX_DAILY
2025-12-15,KOSPI,KOSPI,4090.59,NAVER_FINANCE_DOMESTIC_INDEX_DAILY
2025-12-16,KOSPI,KOSPI,3999.13,NAVER_FINANCE_DOMESTIC_INDEX_DAILY
2025-12-17,KOSPI,KOSPI,4056.41,NAVER_FINANCE_DOMESTIC_INDEX_DAILY
2025-12-18,KOSPI,KOSPI,3994.51,NAVER_FINANCE_DOMESTIC_INDEX_DAILY
2025-12-19,KOSPI,KOSPI,4020.55,NAVER_FINANCE_DOMESTIC_INDEX_DAILY
2025-12-22,KOSPI,KOSPI,4105.93,NAVER_FINANCE_DOMESTIC_INDEX_DAILY
2025-12-23,KOSPI,KOSPI,4117.32,NAVER_FINANCE_DOMESTIC_INDEX_DAILY
2025-12-24,KOSPI,KOSPI,4108.62,NAVER_FINANCE_DOMESTIC_INDEX_DAILY
2025-12-26,KOSPI,KOSPI,4129.68,NAVER_FINANCE_DOMESTIC_INDEX_DAILY
2025-12-29,KOSPI,KOSPI,4220.56,NAVER_FINANCE_DOMESTIC_INDEX_DAILY
2025-12-30,KOSPI,KOSPI,4214.17,NAVER_FINANCE_DOMESTIC_INDEX_DAILY
2026-01-02,KOSPI,KOSPI,4309.63,NAVER_FINANCE_DOMESTIC_INDEX_DAILY
2026-01-05,KOSPI,KOSPI,4457.52,NAVER_FINANCE_DOMESTIC_INDEX_DAILY
2026-01-06,KOSPI,KOSPI,4525.48,NAVER_FINANCE_DOMESTIC_INDEX_DAILY
2026-01-07,KOSPI,KOSPI,4551.06,NAVER_FINANCE_DOMESTIC_INDEX_DAILY
2026-01-08,KOSPI,KOSPI,4552.37,NAVER_FINANCE_DOMESTIC_INDEX_DAILY
2026-01-09,KOSPI,KOSPI,4586.32,NAVER_FINANCE_DOMESTIC_INDEX_DAILY
2026-01-12,KOSPI,KOSPI,4624.79,NAVER_FINANCE_DOMESTIC_INDEX_DAILY
2026-01-13,KOSPI,KOSPI,4692.64,NAVER_FINANCE_DOMESTIC_INDEX_DAILY
2026-01-14,KOSPI,KOSPI,4723.1,NAVER_FINANCE_DOMESTIC_INDEX_DAILY
2026-01-15,KOSPI,KOSPI,4797.55,NAVER_FINANCE_DOMESTIC_INDEX_DAILY
2026-01-16,KOSPI,KOSPI,4840.74,NAVER_FINANCE_DOMESTIC_INDEX_DAILY
2026-01-19,KOSPI,KOSPI,4904.66,NAVER_FINANCE_DOMESTIC_INDEX_DAILY
2026-01-20,KOSPI,KOSPI,4885.75,NAVER_FINANCE_DOMESTIC_INDEX_DAILY
2026-01-21,KOSPI,KOSPI,4909.93,NAVER_FINANCE_DOMESTIC_INDEX_DAILY
2026-01-22,KOSPI,KOSPI,4952.53,NAVER_FINANCE_DOMESTIC_INDEX_DAILY
2026-01-23,KOSPI,KOSPI,4990.07,NAVER_FINANCE_DOMESTIC_INDEX_DAILY
2026-01-26,KOSPI,KOSPI,4949.59,NAVER_FINANCE_DOMESTIC_INDEX_DAILY
2026-01-27,KOSPI,KOSPI,5084.85,NAVER_FINANCE_DOMESTIC_INDEX_DAILY
2026-01-28,KOSPI,KOSPI,5170.81,NAVER_FINANCE_DOMESTIC_INDEX_DAILY
2026-01-29,KOSPI,KOSPI,5221.25,NAVER_FINANCE_DOMESTIC_INDEX_DAILY
2026-01-30,KOSPI,KOSPI,5224.36,NAVER_FINANCE_DOMESTIC_INDEX_DAILY
2026-02-02,KOSPI,KOSPI,4949.67,NAVER_FINANCE_DOMESTIC_INDEX_DAILY
2026-02-03,KOSPI,KOSPI,5288.08,NAVER_FINANCE_DOMESTIC_INDEX_DAILY
2026-02-04,KOSPI,KOSPI,5371.1,NAVER_FINANCE_DOMESTIC_INDEX_DAILY
2026-02-05,KOSPI,KOSPI,5163.57,NAVER_FINANCE_DOMESTIC_INDEX_DAILY
2026-02-06,KOSPI,KOSPI,5089.14,NAVER_FINANCE_DOMESTIC_INDEX_DAILY
2026-02-09,KOSPI,KOSPI,5298.04,NAVER_FINANCE_DOMESTIC_INDEX_DAILY
2026-02-10,KOSPI,KOSPI,5301.69,NAVER_FINANCE_DOMESTIC_INDEX_DAILY
2026-02-11,KOSPI,KOSPI,5354.49,NAVER_FINANCE_DOMESTIC_INDEX_DAILY
2026-02-12,KOSPI,KOSPI,5522.27,NAVER_FINANCE_DOMESTIC_INDEX_DAILY
2026-02-13,KOSPI,KOSPI,5507.01,NAVER_FINANCE_DOMESTIC_INDEX_DAILY
2026-02-19,KOSPI,KOSPI,5677.25,NAVER_FINANCE_DOMESTIC_INDEX_DAILY
2026-02-20,KOSPI,KOSPI,5808.53,NAVER_FINANCE_DOMESTIC_INDEX_DAILY
2026-02-23,KOSPI,KOSPI,5846.09,NAVER_FINANCE_DOMESTIC_INDEX_DAILY
2026-02-24,KOSPI,KOSPI,5969.64,NAVER_FINANCE_DOMESTIC_INDEX_DAILY
2026-02-25,KOSPI,KOSPI,6083.86,NAVER_FINANCE_DOMESTIC_INDEX_DAILY
2026-02-26,KOSPI,KOSPI,6307.27,NAVER_FINANCE_DOMESTIC_INDEX_DAILY
2026-02-27,KOSPI,KOSPI,6244.13,NAVER_FINANCE_DOMESTIC_INDEX_DAILY
2026-03-03,KOSPI,KOSPI,5791.91,NAVER_FINANCE_DOMESTIC_INDEX_DAILY
2026-03-04,KOSPI,KOSPI,5093.54,NAVER_FINANCE_DOMESTIC_INDEX_DAILY
2026-03-05,KOSPI,KOSPI,5583.9,NAVER_FINANCE_DOMESTIC_INDEX_DAILY
2026-03-06,KOSPI,KOSPI,5584.87,NAVER_FINANCE_DOMESTIC_INDEX_DAILY
2026-03-09,KOSPI,KOSPI,5251.87,NAVER_FINANCE_DOMESTIC_INDEX_DAILY
2026-03-10,KOSPI,KOSPI,5532.59,NAVER_FINANCE_DOMESTIC_INDEX_DAILY
2026-03-11,KOSPI,KOSPI,5609.95,NAVER_FINANCE_DOMESTIC_INDEX_DAILY
2026-03-12,KOSPI,KOSPI,5583.25,NAVER_FINANCE_DOMESTIC_INDEX_DAILY
2026-03-13,KOSPI,KOSPI,5487.24,NAVER_FINANCE_DOMESTIC_INDEX_DAILY
2026-03-16,KOSPI,KOSPI,5549.85,NAVER_FINANCE_DOMESTIC_INDEX_DAILY
2026-03-17,KOSPI,KOSPI,5640.48,NAVER_FINANCE_DOMESTIC_INDEX_DAILY
2026-03-18,KOSPI,KOSPI,5925.03,NAVER_FINANCE_DOMESTIC_INDEX_DAILY
2026-03-19,KOSPI,KOSPI,5763.22,NAVER_FINANCE_DOMESTIC_INDEX_DAILY
2026-03-20,KOSPI,KOSPI,5781.2,NAVER_FINANCE_DOMESTIC_INDEX_DAILY
2026-03-23,KOSPI,KOSPI,5405.75,NAVER_FINANCE_DOMESTIC_INDEX_DAILY
2026-03-24,KOSPI,KOSPI,5553.92,NAVER_FINANCE_DOMESTIC_INDEX_DAILY
2026-03-25,KOSPI,KOSPI,5642.21,NAVER_FINANCE_DOMESTIC_INDEX_DAILY
2026-03-26,KOSPI,KOSPI,5460.46,NAVER_FINANCE_DOMESTIC_INDEX_DAILY
2026-03-27,KOSPI,KOSPI,5438.87,NAVER_FINANCE_DOMESTIC_INDEX_DAILY
2026-03-30,KOSPI,KOSPI,5277.3,NAVER_FINANCE_DOMESTIC_INDEX_DAILY
2026-03-31,KOSPI,KOSPI,5052.46,NAVER_FINANCE_DOMESTIC_INDEX_DAILY
2026-04-01,KOSPI,KOSPI,5478.7,NAVER_FINANCE_DOMESTIC_INDEX_DAILY
2026-04-02,KOSPI,KOSPI,5234.05,NAVER_FINANCE_DOMESTIC_INDEX_DAILY
2026-04-03,KOSPI,KOSPI,5377.3,NAVER_FINANCE_DOMESTIC_INDEX_DAILY
2026-04-06,KOSPI,KOSPI,5450.33,NAVER_FINANCE_DOMESTIC_INDEX_DAILY
2026-04-07,KOSPI,KOSPI,5494.78,NAVER_FINANCE_DOMESTIC_INDEX_DAILY
2026-04-08,KOSPI,KOSPI,5872.34,NAVER_FINANCE_DOMESTIC_INDEX_DAILY
2026-04-09,KOSPI,KOSPI,5778.01,NAVER_FINANCE_DOMESTIC_INDEX_DAILY
2026-04-10,KOSPI,KOSPI,5858.87,NAVER_FINANCE_DOMESTIC_INDEX_DAILY
2026-04-13,KOSPI,KOSPI,5808.62,NAVER_FINANCE_DOMESTIC_INDEX_DAILY
2026-04-14,KOSPI,KOSPI,5967.75,NAVER_FINANCE_DOMESTIC_INDEX_DAILY
2026-04-15,KOSPI,KOSPI,6091.39,NAVER_FINANCE_DOMESTIC_INDEX_DAILY
2026-04-16,KOSPI,KOSPI,6226.05,NAVER_FINANCE_DOMESTIC_INDEX_DAILY
2026-04-17,KOSPI,KOSPI,6191.92,NAVER_FINANCE_DOMESTIC_INDEX_DAILY
2026-04-20,KOSPI,KOSPI,6219.09,NAVER_FINANCE_DOMESTIC_INDEX_DAILY
2026-04-21,KOSPI,KOSPI,6388.47,NAVER_FINANCE_DOMESTIC_INDEX_DAILY
2026-04-22,KOSPI,KOSPI,6417.93,NAVER_FINANCE_DOMESTIC_INDEX_DAILY
2026-04-23,KOSPI,KOSPI,6475.81,NAVER_FINANCE_DOMESTIC_INDEX_DAILY
2026-04-24,KOSPI,KOSPI,6475.63,NAVER_FINANCE_DOMESTIC_INDEX_DAILY
2026-04-27,KOSPI,KOSPI,6615.03,NAVER_FINANCE_DOMESTIC_INDEX_DAILY
2026-04-28,KOSPI,KOSPI,6641.02,NAVER_FINANCE_DOMESTIC_INDEX_DAILY
2026-04-29,KOSPI,KOSPI,6690.9,NAVER_FINANCE_DOMESTIC_INDEX_DAILY
2026-04-30,KOSPI,KOSPI,6598.87,NAVER_FINANCE_DOMESTIC_INDEX_DAILY
2026-05-04,KOSPI,KOSPI,6936.99,NAVER_FINANCE_DOMESTIC_INDEX_DAILY
2026-05-06,KOSPI,KOSPI,7384.56,NAVER_FINANCE_DOMESTIC_INDEX_DAILY
2026-05-07,KOSPI,KOSPI,7490.05,NAVER_FINANCE_DOMESTIC_INDEX_DAILY
2026-05-08,KOSPI,KOSPI,7498.0,NAVER_FINANCE_DOMESTIC_INDEX_DAILY
2026-05-11,KOSPI,KOSPI,7822.24,NAVER_FINANCE_DOMESTIC_INDEX_DAILY
2026-05-12,KOSPI,KOSPI,7643.15,NAVER_FINANCE_DOMESTIC_INDEX_DAILY
2026-05-13,KOSPI,KOSPI,7844.01,NAVER_FINANCE_DOMESTIC_INDEX_DAILY
2026-05-14,KOSPI,KOSPI,7981.41,NAVER_FINANCE_DOMESTIC_INDEX_DAILY
2026-05-15,KOSPI,KOSPI,7493.18,NAVER_FINANCE_DOMESTIC_INDEX_DAILY
2026-05-18,KOSPI,KOSPI,7516.04,NAVER_FINANCE_DOMESTIC_INDEX_DAILY
2026-05-19,KOSPI,KOSPI,7271.66,NAVER_FINANCE_DOMESTIC_INDEX_DAILY
2026-05-20,KOSPI,KOSPI,7208.95,NAVER_FINANCE_DOMESTIC_INDEX_DAILY
2026-05-21,KOSPI,KOSPI,7815.59,NAVER_FINANCE_DOMESTIC_INDEX_DAILY
2026-05-22,KOSPI,KOSPI,7847.71,NAVER_FINANCE_DOMESTIC_INDEX_DAILY
2026-05-26,KOSPI,KOSPI,8047.51,NAVER_FINANCE_DOMESTIC_INDEX_DAILY
2026-05-27,KOSPI,KOSPI,8228.7,NAVER_FINANCE_DOMESTIC_INDEX_DAILY
2026-05-28,KOSPI,KOSPI,8185.29,NAVER_FINANCE_DOMESTIC_INDEX_DAILY
2026-05-29,KOSPI,KOSPI,8476.15,NAVER_FINANCE_DOMESTIC_INDEX_DAILY
2026-06-01,KOSPI,KOSPI,8788.38,NAVER_FINANCE_DOMESTIC_INDEX_DAILY
2026-06-02,KOSPI,KOSPI,8801.49,NAVER_FINANCE_DOMESTIC_INDEX_DAILY
2026-06-04,KOSPI,KOSPI,8639.41,NAVER_FINANCE_DOMESTIC_INDEX_DAILY
2026-06-05,KOSPI,KOSPI,8160.59,NAVER_FINANCE_DOMESTIC_INDEX_DAILY
2026-06-08,KOSPI,KOSPI,7484.41,NAVER_FINANCE_DOMESTIC_INDEX_DAILY
2026-06-09,KOSPI,KOSPI,8096.93,NAVER_FINANCE_DOMESTIC_INDEX_DAILY
2026-06-10,KOSPI,KOSPI,7730.82,NAVER_FINANCE_DOMESTIC_INDEX_DAILY
2026-06-11,KOSPI,KOSPI,7763.95,NAVER_FINANCE_DOMESTIC_INDEX_DAILY
2026-06-12,KOSPI,KOSPI,8123.62,NAVER_FINANCE_DOMESTIC_INDEX_DAILY
2026-06-15,KOSPI,KOSPI,8545.98,NAVER_FINANCE_DOMESTIC_INDEX_DAILY
2026-06-16,KOSPI,KOSPI,8726.6,NAVER_FINANCE_DOMESTIC_INDEX_DAILY
2026-06-17,KOSPI,KOSPI,8864.24,NAVER_FINANCE_DOMESTIC_INDEX_DAILY
2026-06-18,KOSPI,KOSPI,9063.84,NAVER_FINANCE_DOMESTIC_INDEX_DAILY
2026-06-19,KOSPI,KOSPI,9052.42,NAVER_FINANCE_DOMESTIC_INDEX_DAILY
2026-06-22,KOSPI,KOSPI,9114.55,NAVER_FINANCE_DOMESTIC_INDEX_DAILY
2026-06-23,KOSPI,KOSPI,8203.84,NAVER_FINANCE_DOMESTIC_INDEX_DAILY
2026-06-24,KOSPI,KOSPI,8471.02,NAVER_FINANCE_DOMESTIC_INDEX_DAILY
2026-06-25,KOSPI,KOSPI,8930.3,NAVER_FINANCE_DOMESTIC_INDEX_DAILY
2026-06-26,KOSPI,KOSPI,8411.21,NAVER_FINANCE_DOMESTIC_INDEX_DAILY
2026-06-29,KOSPI,KOSPI,8394.65,NAVER_FINANCE_DOMESTIC_INDEX_DAILY
2026-06-30,KOSPI,KOSPI,8476.48,NAVER_FINANCE_DOMESTIC_INDEX_DAILY
2026-07-01,KOSPI,KOSPI,8303.41,NAVER_FINANCE_DOMESTIC_INDEX_DAILY
