id,receipt_no,corp_code,corp_name,stock_code,report_name,event_date,market,t0_close,t+1_close,t+2_close,t+5_close,ret_1d,ret_2d,ret_5d,error
1318205,20210628800164,01394377,이지스밸류플러스리츠,334890,최대주주변경,2021-06-28,KOSPI,5482.0,5453.0,5433.0,5453.0,-0.005290040131338936,-0.008938343670193305,-0.005290040131338936,
1243559,20211208800556,01394377,이지스밸류플러스리츠,334890,최대주주변경,2021-12-08,KOSPI,5530.0,5530.0,5530.0,5520.0,0.0,0.0,-0.001808318264014508,
1106404,20220613800191,01394377,이지스밸류플러스리츠,334890,최대주주변경,2022-06-13,KOSPI,5655.0,5588.0,5501.0,5299.0,-0.011847922192749771,-0.027232537577365212,-0.06295313881520781,
863718,20230711800255,01394377,이지스밸류플러스리츠,334890,최대주주변경,2023-07-11,KOSPI,4341.0,4331.0,4346.0,4509.0,-0.0023036166781847944,0.0011518083390924527,0.03870076019350388,
117408,20260615800854,01394377,이지스밸류플러스리츠,334890,최대주주변경,2026-06-15,KOSPI,3480.0,3485.0,3560.0,3355.0,0.001436781609195359,0.02298850574712641,-0.03591954022988508,
1318194,20210628900180,00994994,나노,187790,최대주주변경을수반하는주식담보제공계약해제ㆍ취소등,2021-06-28,KOSDAQ,2003.0,2008.0,2035.0,1975.0,0.0024962556165750716,0.01597603594608077,-0.013979031452820756,
1315166,20210701800553,01032486,두산밥캣,241560,최대주주변경,2021-07-01,KOSPI,47600.0,49450.0,48100.0,48450.0,0.03886554621848748,0.010504201680672232,0.017857142857142794,
1315153,20210701800585,01032486,두산밥캣,241560,최대주주등소유주식변동신고서(최대주주변경시),2021-07-01,KOSPI,47600.0,49450.0,48100.0,48450.0,0.03886554621848748,0.010504201680672232,0.017857142857142794,
1315453,20210701900218,00133663,세동,053060,최대주주변경을수반하는주식담보제공계약해제ㆍ취소등,2021-07-01,KOSDAQ,1770.0,1895.0,1890.0,1735.0,0.07062146892655363,0.06779661016949157,-0.019774011299435013,
1312208,20210708900293,00133663,세동,053060,최대주주변경을수반하는주식담보제공계약체결,2021-07-08,KOSDAQ,1735.0,1720.0,1790.0,1765.0,-0.008645533141210415,0.03170028818443793,0.01729106628242083,
1272195,20211008900643,00133663,세동,053060,최대주주변경을수반하는주식담보제공계약해제ㆍ취소등,2021-10-08,KOSDAQ,1100.0,1095.0,1120.0,1185.0,-0.004545454545454519,0.018181818181818077,0.07727272727272738,
1315298,20210701900385,01047707,포톤,208710,최대주주변경을수반하는주식담보제공계약해제ㆍ취소등,2021-07-01,KOSDAQ,22700.0,24075.0,24125.0,26600.0,0.060572687224669686,0.06277533039647576,0.17180616740088106,
1282613,20210909900496,01047707,포톤,208710,최대주주변경을수반하는주식담보제공계약체결,2021-09-09,KOSDAQ,24300.0,23550.0,21900.0,21400.0,-0.030864197530864224,-0.09876543209876543,-0.11934156378600824,
1099809,20220628900341,01047707,포톤,208710,최대주주변경을수반하는주식양수도계약체결,2022-06-28,KOSDAQ,6550.0,7800.0,7125.0,7050.0,0.19083969465648853,0.08778625954198471,0.07633587786259532,
1066850,20220901900393,01047707,포톤,208710,최대주주변경,2022-09-01,KOSDAQ,6250.0,6450.0,6825.0,5975.0,0.03200000000000003,0.09200000000000008,-0.04400000000000004,
1066811,20220901900448,01047707,포톤,208710,최대주주변경을수반하는주식담보제공계약해제ㆍ취소등,2022-09-01,KOSDAQ,6250.0,6450.0,6825.0,5975.0,0.03200000000000003,0.09200000000000008,-0.04400000000000004,
1066785,20220901900470,01047707,포톤,208710,최대주주변경을수반하는주식담보제공계약체결,2022-09-01,KOSDAQ,6250.0,6450.0,6825.0,5975.0,0.03200000000000003,0.09200000000000008,-0.04400000000000004,
867863,20230630900885,01047707,포톤,208710,최대주주변경을수반하는주식양수도계약체결,2023-06-30,KOSDAQ,7675.0,7325.0,6915.0,5785.0,-0.0456026058631922,-0.09902280130293162,-0.2462540716612378,
833056,20230901900680,01047707,포톤,208710,최대주주변경을수반하는주식담보제공계약해제ㆍ취소등,2023-09-01,KOSDAQ,6210.0,5880.0,5690.0,5725.0,-0.0531400966183575,-0.08373590982286638,-0.0780998389694042,
832704,20230904900664,01047707,포톤,208710,최대주주변경,2023-09-04,KOSDAQ,5880.0,5690.0,5705.0,5450.0,-0.03231292517006801,-0.029761904761904767,-0.0731292517006803,
1314448,20210702900630,00572905,ISC,095340,최대주주변경,2021-07-02,KOSDAQ,24700.0,23950.0,24100.0,23250.0,-0.030364372469635637,-0.02429149797570851,-0.0587044534412956,
864989,20230707900466,00572905,ISC,095340,최대주주변경을수반하는주식양수도계약체결,2023-07-07,KOSDAQ,57300.0,49500.0,51000.0,87100.0,-0.1361256544502618,-0.10994764397905754,0.5200698080279231,
821748,20231004900588,00572905,ISC,095340,최대주주변경,2023-10-04,KOSDAQ,76800.0,76600.0,75600.0,85500.0,-0.0026041666666666297,-0.015625,0.11328125,
1313858,20210705800558,00453488,다이나믹디자인,145210,최대주주등소유주식변동신고서(최대주주변경시),2021-07-05,KOSPI,13152.0,13196.0,13226.0,12534.0,0.0033454987834549144,0.005626520681265124,-0.04698905109489049,
1313725,20210706800166,00453488,다이나믹디자인,145210,최대주주변경,2021-07-06,KOSPI,13196.0,13226.0,13358.0,12519.0,0.002273416186723276,0.012276447408305469,-0.051303425280388004,
1010500,20230103800732,00453488,다이나믹디자인,145210,최대주주변경,2023-01-03,KOSPI,1913.0,1793.0,1725.0,1653.0,-0.06272869837950867,-0.09827496079456355,-0.13591217982226866,
1009009,20230106800432,00453488,다이나믹디자인,145210,최대주주등소유주식변동신고서(최대주주변경시),2023-01-06,KOSPI,1620.0,1650.0,1653.0,1888.0,0.0185185185185186,0.020370370370370372,0.16543209876543208,
1008801,20230106800668,00453488,다이나믹디자인,145210,최대주주등소유주식변동신고서(최대주주변경시),2023-01-06,KOSPI,1620.0,1650.0,1653.0,1888.0,0.0185185185185186,0.020370370370370372,0.16543209876543208,
1008782,20230106800675,00453488,다이나믹디자인,145210,최대주주변경,2023-01-06,KOSPI,1620.0,1650.0,1653.0,1888.0,0.0185185185185186,0.020370370370370372,0.16543209876543208,
1313240,20210707900001,00155586,HLB이노베이션,024850,최대주주변경을수반하는주식양수도계약해제ㆍ취소등,2021-07-07,KOSDAQ,11975.0,11650.0,11475.0,11100.0,-0.02713987473903967,-0.04175365344467641,-0.07306889352818369,
999134,20230201900727,00155586,HLB이노베이션,024850,최대주주변경을수반하는주식양수도계약체결,2023-02-01,KOSDAQ,6355.0,8260.0,10725.0,12675.0,0.29976396538158934,0.6876475216365068,0.9944925255704169,
991775,20230215901113,00155586,HLB이노베이션,024850,최대주주변경,2023-02-15,KOSDAQ,12425.0,12550.0,11950.0,13275.0,0.010060362173038184,-0.0382293762575453,0.06841046277665996,
971765,20230313900940,00155586,HLB이노베이션,024850,최대주주변경,2023-03-13,KOSDAQ,15625.0,14350.0,14750.0,15025.0,-0.0816,-0.05600000000000005,-0.03839999999999999,
1312205,20210708900311,00641393,엔시트론,101400,최대주주변경을수반하는주식담보제공계약체결,2021-07-08,KOSDAQ,7542.0,7510.0,7637.0,7733.0,-0.004242906390877765,0.012596128347918345,0.02532484752055164,
1094694,20220707900513,00641393,엔시트론,101400,최대주주변경을수반하는주식담보제공계약해제ㆍ취소등,2022-07-07,KOSDAQ,4964.0,4970.0,4970.0,4856.0,0.001208702659145855,0.001208702659145855,-0.021756647864625278,
780418,20231221900619,00641393,엔시트론,101400,최대주주변경,2023-12-21,KOSDAQ,4111.0,3952.0,3882.0,4054.0,-0.038676720992459224,-0.055704208221843854,-0.013865239601070334,
1311435,20210709800437,01415892,제이알글로벌리츠,348950,최대주주변경,2021-07-09,KOSPI,5253.0,5263.0,5253.0,5253.0,0.0019036740909956773,0.0,0.0,
1220746,20220125800700,01415892,제이알글로벌리츠,348950,최대주주변경,2022-01-25,KOSPI,5193.0,5213.0,5153.0,5243.0,0.0038513383400731183,-0.0077026766801463475,0.009628345850182907,
1104673,20220616800408,01415892,제이알글로벌리츠,348950,최대주주변경,2022-06-16,KOSPI,5400.0,5340.0,5240.0,5140.0,-0.011111111111111072,-0.029629629629629672,-0.04814814814814816,
655958,20240502800595,01415892,제이알글로벌리츠,348950,최대주주변경,2024-05-02,KOSPI,4035.0,4040.0,4060.0,4145.0,0.0012391573729864103,0.006195786864931829,0.027261462205700138,
1311332,20210709900612,00138747,아세아텍,050860,최대주주변경을수반하는주식담보제공계약해제ㆍ취소등,2021-07-09,KOSDAQ,3250.0,3290.0,3355.0,3390.0,0.012307692307692353,0.03230769230769237,0.04307692307692301,
1311317,20210709900679,00609634,아이엠,101390,최대주주변경,2021-07-09,KOSDAQ,12144.0,12800.0,13656.0,13152.0,0.05401844532279321,0.12450592885375489,0.08300395256916993,
1300073,20210809900623,00609634,아이엠,101390,최대주주변경,2021-08-09,KOSDAQ,15621.0,14765.0,14866.0,13001.0,-0.054798028295243606,-0.04833237308751037,-0.16772293707189045,
1223454,20220119900434,00609634,아이엠,101390,최대주주변경,2022-01-19,KOSDAQ,6970.0,6980.0,6920.0,6530.0,0.0014347202295552641,-0.00717360114777621,-0.0631276901004304,
867075,20230703900522,00609634,아이엠,101390,최대주주변경을수반하는주식담보제공계약체결,2023-07-03,KOSDAQ,8150.0,6700.0,7010.0,6550.0,-0.17791411042944782,-0.1398773006134969,-0.19631901840490795,
854916,20230731900555,00609634,아이엠,101390,최대주주변경을수반하는주식담보제공계약해제ㆍ취소등,2023-07-31,KOSDAQ,6720.0,6530.0,6570.0,6680.0,-0.028273809523809534,-0.022321428571428603,-0.005952380952380931,
854868,20230731900596,00609634,아이엠,101390,최대주주변경을수반하는주식담보제공계약체결,2023-07-31,KOSDAQ,6720.0,6530.0,6570.0,6680.0,-0.028273809523809534,-0.022321428571428603,-0.005952380952380931,
432545,20250407901310,00609634,아이엠,101390,최대주주변경,2025-04-07,KOSDAQ,396.0,396.0,396.0,396.0,0.0,0.0,0.0,
432544,20250407901311,00609634,아이엠,101390,최대주주변경을수반하는주식담보제공계약해제ㆍ취소등,2025-04-07,KOSDAQ,396.0,396.0,396.0,396.0,0.0,0.0,0.0,
281298,20251229901029,00609634,아이엠,101390,최대주주변경,2025-12-29,KOSDAQ,396.0,396.0,396.0,396.0,0.0,0.0,0.0,
254943,20260211901721,00609634,아이엠,101390,최대주주변경,2026-02-11,KOSDAQ,396.0,396.0,396.0,396.0,0.0,0.0,0.0,
1310681,20210712900602,01063884,솔디펜스,215090,최대주주변경,2021-07-12,KOSDAQ,7300.0,8090.0,8135.0,9650.0,0.10821917808219172,0.11438356164383556,0.32191780821917804,
1307577,20210720900515,01063884,솔디펜스,215090,최대주주변경,2021-07-20,KOSDAQ,10115.0,10275.0,10000.0,11880.0,0.015818091942659374,-0.011369253583786487,0.17449332674246176,
1225399,20220113900460,01063884,솔디펜스,215090,최대주주인명목회사·조합등의최대주주변경,2022-01-13,KOSDAQ,5930.0,6300.0,5415.0,7160.0,0.062394603709949426,-0.08684654300168637,0.20741989881956147,
1083452,20220804900532,01063884,솔디펜스,215090,최대주주변경을수반하는주식담보제공계약체결,2022-08-04,KOSDAQ,7000.0,7000.0,7000.0,7000.0,0.0,0.0,0.0,
1041723,20221108900434,01063884,솔디펜스,215090,최대주주인명목회사·조합등의최대주주변경,2022-11-08,KOSDAQ,7000.0,7000.0,7000.0,7000.0,0.0,0.0,0.0,
855464,20230728900887,01063884,솔디펜스,215090,최대주주변경을수반하는주식담보제공계약해제ㆍ취소등,2023-07-28,KOSDAQ,7000.0,7000.0,7000.0,7000.0,0.0,0.0,0.0,
771972,20240110900753,01063884,솔디펜스,215090,최대주주변경,2024-01-10,KOSDAQ,7000.0,7000.0,7000.0,7000.0,0.0,0.0,0.0,
1310297,20210713800350,01436628,이지스레지던스리츠,350520,최대주주변경,2021-07-13,KOSPI,4988.0,4969.0,5008.0,5028.0,-0.0038091419406576232,0.00400962309542896,0.008019246190858142,
1098909,20220629800612,01436628,이지스레지던스리츠,350520,최대주주변경,2022-06-29,KOSPI,5067.0,4959.0,4880.0,4678.0,-0.02131438721136769,-0.036905466745608795,-0.07677126504835208,
1309736,20210714900452,00657987,KX,122450,최대주주변경을수반하는주식담보제공계약해제ㆍ취소등,2021-07-14,KOSDAQ,13250.0,13150.0,12400.0,12500.0,-0.007547169811320753,-0.0641509433962264,-0.05660377358490565,
1308102,20210719900397,00657987,KX,122450,최대주주변경을수반하는주식담보제공계약체결,2021-07-19,KOSDAQ,12300.0,11950.0,12500.0,11850.0,-0.028455284552845517,0.016260162601626105,-0.03658536585365857,
1209154,20220217900728,00657987,KX,122450,최대주주변경을수반하는주식담보제공계약해제ㆍ취소등,2022-02-17,KOSDAQ,8050.0,7650.0,7400.0,7170.0,-0.0496894409937888,-0.08074534161490687,-0.10931677018633545,
1309396,20210715900158,00232007,상지건설,042940,최대주주변경,2021-07-15,KOSDAQ,50852.0,49137.0,48201.0,51944.0,-0.0337253205380319,-0.05213167623692283,0.02147408164870601,
1309385,20210715900178,00232007,상지건설,042940,최대주주변경을수반하는주식담보제공계약해제ㆍ취소등,2021-07-15,KOSDAQ,50852.0,49137.0,48201.0,51944.0,-0.0337253205380319,-0.05213167623692283,0.02147408164870601,
1073995,20220822900550,00232007,상지건설,042940,최대주주변경을수반하는주식담보제공계약체결,2022-08-22,KOSDAQ,27797.0,27953.0,27766.0,27454.0,0.005612116415440571,-0.001115228262042689,-0.01233946109292372,
1059142,20220926900309,00232007,상지건설,042940,최대주주변경을수반하는주식담보제공계약해제ㆍ취소등,2022-09-26,KOSDAQ,19124.0,18406.0,20434.0,23991.0,-0.03754444676845847,0.06850031374189491,0.2544969671616817,
1309283,20210715900228,00919966,신라젠,215600,최대주주변경,2021-07-15,KOSDAQ,7757.0,7757.0,7757.0,7757.0,0.0,0.0,0.0,
1309096,20210715900510,00919966,신라젠,215600,최대주주변경을수반하는주식담보제공계약체결,2021-07-15,KOSDAQ,7757.0,7757.0,7757.0,7757.0,0.0,0.0,0.0,
1281575,20210913900344,00919966,신라젠,215600,최대주주변경을수반하는주식담보제공계약해제ㆍ취소등,2021-09-13,KOSDAQ,7757.0,7757.0,7757.0,7757.0,0.0,0.0,0.0,
1309275,20210715900232,01453670,휴럼,353190,최대주주변경,2021-07-15,KOSDAQ,15225.0,15225.0,15175.0,14900.0,0.0,-0.003284072249589487,-0.021346469622331665,
1309161,20210715900407,00409788,비에이치아이,083650,최대주주변경을수반하는주식담보제공계약해제ㆍ취소등,2021-07-15,KOSDAQ,6040.0,6040.0,6070.0,5860.0,0.0,0.004966887417218624,-0.0298013245033113,
1308177,20210719900264,00533191,비보존 제약,082800,최대주주변경,2021-07-19,KOSDAQ,7341.0,7246.0,7198.0,7198.0,-0.012941016210325618,-0.01947963492712168,-0.01947963492712168,
1153441,20220405901010,00533191,비보존 제약,082800,최대주주변경,2022-04-05,KOSDAQ,5298.0,5488.0,5796.0,5464.0,0.03586258965647415,0.0939977349943375,0.03133257833144576,
1308030,20210719900503,00351454,더테크놀로지,043090,최대주주변경,2021-07-19,KOSDAQ,46317.0,46767.0,45240.0,48837.0,0.00971565515901296,-0.023252801347237506,0.054407668890472216,
1062461,20220915900601,00351454,더테크놀로지,043090,최대주주변경,2022-09-15,KOSDAQ,79866.0,67635.0,69792.0,71052.0,-0.15314401622718055,-0.12613627826609575,-0.11035985275336191,
821717,20231004900626,00351454,더테크놀로지,043090,최대주주변경을수반하는주식담보제공계약체결,2023-10-04,KOSDAQ,14028.0,13689.0,13761.0,12555.0,-0.024165953806672413,-0.019033361847733077,-0.10500427715996574,
776770,20231228901129,00351454,더테크놀로지,043090,최대주주변경,2023-12-28,KOSDAQ,11511.0,12429.0,12087.0,10431.0,0.07974980453479286,0.05003909304143872,-0.0938232994526974,
342382,20250828900608,00351454,더테크놀로지,043090,최대주주인명목회사·조합등의최대주주변경,2025-08-28,KOSDAQ,1140.0,1140.0,1140.0,1140.0,0.0,0.0,0.0,
316465,20251030900801,00351454,더테크놀로지,043090,최대주주인명목회사·조합등의최대주주변경,2025-10-30,KOSDAQ,1140.0,1140.0,1140.0,1140.0,0.0,0.0,0.0,
1307168,20210721800411,00469799,이엔플러스,074610,최대주주변경,2021-07-21,KOSPI,39500.0,38400.0,37800.0,35050.0,-0.027848101265822822,-0.04303797468354431,-0.11265822784810131,
1302048,20210803800398,00469799,이엔플러스,074610,최대주주변경,2021-08-03,KOSPI,41000.0,39800.0,40850.0,39550.0,-0.029268292682926855,-0.003658536585365857,-0.03536585365853662,
1280499,20210915800537,00469799,이엔플러스,074610,최대주주등소유주식변동신고서(최대주주변경시),2021-09-15,KOSPI,38600.0,38250.0,38000.0,37000.0,-0.0090673575129534,-0.015544041450777257,-0.041450777202072575,
1206751,20220222800743,00469799,이엔플러스,074610,최대주주변경,2022-02-22,KOSPI,40050.0,40100.0,37000.0,41000.0,0.0012484394506866447,-0.07615480649188511,0.02372034956304625,
1173884,20220325801515,00469799,이엔플러스,074610,최대주주등소유주식변동신고서(최대주주변경시),2022-03-25,KOSPI,40950.0,41150.0,40600.0,46050.0,0.004884004884004867,-0.008547008547008517,0.12454212454212454,
767679,20240122800673,00469799,이엔플러스,074610,최대주주변경,2024-01-22,KOSPI,30200.0,29400.0,29050.0,29450.0,-0.026490066225165587,-0.038079470198675525,-0.024834437086092676,
521822,20250116800388,00469799,이엔플러스,074610,최대주주변경,2025-01-16,KOSPI,11190.0,11050.0,11340.0,10000.0,-0.01251117068811436,0.013404825737265424,-0.10634495084897233,
397026,20250516800399,00469799,이엔플러스,074610,최대주주변경,2025-05-16,KOSPI,5110.0,5110.0,5110.0,5110.0,0.0,0.0,0.0,
262057,20260204801016,00469799,이엔플러스,074610,최대주주변경,2026-02-04,KOSPI,5110.0,5110.0,5110.0,5110.0,0.0,0.0,0.0,
261645,20260205800119,00469799,이엔플러스,074610,최대주주등소유주식변동신고서(최대주주변경시),2026-02-05,KOSPI,5110.0,5110.0,5110.0,5110.0,0.0,0.0,0.0,
261608,20260205800176,00469799,이엔플러스,074610,최대주주등소유주식변동신고서(최대주주변경시),2026-02-05,KOSPI,5110.0,5110.0,5110.0,5110.0,0.0,0.0,0.0,
1307110,20210721900475,00533924,이브이첨단소재,131400,최대주주변경,2021-07-21,KOSDAQ,4664.0,4612.0,4587.0,4414.0,-0.011149228130360234,-0.01650943396226412,-0.053602058319039414,
1307041,20210721900523,01071041,CJ 바이오사이언스,311690,최대주주변경을수반하는주식양수도계약체결,2021-07-21,KOSDAQ,43408.0,56414.0,48329.0,44551.0,0.2996221894581643,0.11336619977884266,0.026331551787688978,
1264493,20211029900541,01071041,CJ 바이오사이언스,311690,최대주주변경,2021-10-29,KOSDAQ,37433.0,36467.0,35192.0,35324.0,-0.02580610691101437,-0.05986696230598665,-0.05634066198274246,
1307022,20210721900533,01109070,비피도,238200,최대주주변경을수반하는주식양수도계약체결,2021-07-21,KOSDAQ,18671.0,16574.0,17290.0,14937.0,-0.112313213004124,-0.07396497241711741,-0.1999892882009533,
1280991,20210914900504,01109070,비피도,238200,최대주주변경,2021-09-14,KOSDAQ,13453.0,13402.0,13351.0,13095.0,-0.00379097599048539,-0.00758195198097078,-0.026611164795956266,
588058,20240830900485,01109070,비피도,238200,최대주주변경을수반하는주식양수도계약체결,2024-08-30,KOSDAQ,4650.0,4650.0,4650.0,4650.0,0.0,0.0,0.0,
581378,20240913900257,01109070,비피도,238200,최대주주변경,2024-09-13,KOSDAQ,4650.0,4650.0,4650.0,4650.0,0.0,0.0,0.0,
1304702,20210728900127,01416642,다보링크,340360,최대주주변경,2021-07-28,KOSDAQ,3410.0,3965.0,4160.0,4085.0,0.16275659824046929,0.21994134897360706,0.19794721407624638,
816017,20231019900284,01416642,다보링크,340360,최대주주변경을수반하는주식양수도계약체결,2023-10-19,KOSDAQ,2330.0,2330.0,2300.0,2385.0,0.0,-0.012875536480686733,0.023605150214592197,
768950,20240118900413,01416642,다보링크,340360,최대주주변경,2024-01-18,KOSDAQ,1967.0,1940.0,1800.0,1573.0,-0.01372648703609558,-0.08490086426029486,-0.2003050330452466,
634856,20240607900384,01416642,다보링크,340360,최대주주변경을수반하는주식양수도계약체결,2024-06-07,KOSDAQ,2880.0,2545.0,2465.0,2500.0,-0.11631944444444442,-0.1440972222222222,-0.13194444444444442,
619569,20240709900005,01416642,다보링크,340360,최대주주변경을수반하는주식양수도계약해제ㆍ취소등,2024-07-09,KOSDAQ,2340.0,2355.0,2370.0,2520.0,0.0064102564102563875,0.012820512820512775,0.07692307692307687,
532074,20241223900388,01416642,다보링크,340360,최대주주변경을수반하는주식양수도계약체결,2024-12-23,KOSDAQ,2095.0,2000.0,2170.0,1984.0,-0.04534606205250602,0.03579952267303099,-0.052983293556085886,
518636,20250123900599,01416642,다보링크,340360,최대주주변경을수반하는주식담보제공계약체결,2025-01-23,KOSDAQ,1837.0,1945.0,1963.0,,0.05879150789330434,0.06859009254218829,,
1304290,20210728900565,00186452,광무,029480,최대주주변경을수반하는주식담보제공계약해제ㆍ취소등,2021-07-28,KOSDAQ,2540.0,2595.0,2565.0,2485.0,0.021653543307086576,0.009842519685039353,-0.021653543307086576,
1304174,20210729900010,00186452,광무,029480,최대주주변경을수반하는주식담보제공계약체결,2021-07-29,KOSDAQ,2595.0,2565.0,2530.0,2575.0,-0.011560693641618491,-0.025048169556840083,-0.0077071290944122905,
1258580,20211112900758,00186452,광무,029480,최대주주변경,2021-11-12,KOSDAQ,4950.0,5850.0,6275.0,7675.0,0.18181818181818188,0.26767676767676774,0.5505050505050506,
1257297,20211115900765,00186452,광무,029480,최대주주변경을수반하는주식담보제공계약해제ㆍ취소등,2021-11-15,KOSDAQ,5850.0,6275.0,6425.0,7875.0,0.07264957264957261,0.09829059829059839,0.34615384615384626,
1101995,20220623900005,00186452,광무,029480,최대주주변경,2022-06-23,KOSDAQ,2840.0,2850.0,2685.0,2830.0,0.0035211267605634866,-0.05457746478873238,-0.0035211267605633756,
870651,20230627900398,00186452,광무,029480,최대주주변경을수반하는주식담보제공계약체결,2023-06-27,KOSDAQ,3100.0,3040.0,2895.0,3040.0,-0.01935483870967747,-0.06612903225806455,-0.01935483870967747,
838023,20230828900478,00186452,광무,029480,최대주주변경을수반하는주식담보제공계약해제ㆍ취소등,2023-08-28,KOSDAQ,3410.0,3350.0,3340.0,3145.0,-0.017595307917888547,-0.02052785923753664,-0.07771260997067453,
825670,20230921900536,00186452,광무,029480,최대주주변경을수반하는주식담보제공계약체결,2023-09-21,KOSDAQ,2850.0,2800.0,2745.0,2675.0,-0.01754385964912286,-0.0368421052631579,-0.06140350877192979,
441338,20250403900833,00186452,광무,029480,최대주주변경,2025-04-03,KOSDAQ,2130.0,2280.0,2120.0,2180.0,0.07042253521126751,-0.0046948356807511304,0.023474178403755763,
441337,20250403900836,00186452,광무,029480,최대주주변경을수반하는주식담보제공계약해제ㆍ취소등,2025-04-03,KOSDAQ,2130.0,2280.0,2120.0,2180.0,0.07042253521126751,-0.0046948356807511304,0.023474178403755763,
1304060,20210729600216,01026616,지구홀딩스,221800,최대주주변경,2021-07-29,KOSDAQ,15300.0,14950.0,15200.0,14650.0,-0.022875816993464082,-0.006535947712418277,-0.042483660130718914,
306460,20251114903223,01026616,지구홀딩스,221800,최대주주변경을수반하는주식양수도계약체결,2025-11-14,KOSDAQ,5250.0,5100.0,6630.0,6270.0,-0.02857142857142858,0.2628571428571429,0.1942857142857144,
282469,20251226900457,01026616,지구홀딩스,221800,최대주주변경,2025-12-26,KOSDAQ,3910.0,3940.0,3920.0,4195.0,0.007672634271099765,0.002557544757033181,0.07289002557544766,
1303885,20210729900358,01031502,코아시아씨엠,196450,최대주주인명목회사·조합등의최대주주변경,2021-07-29,KOSDAQ,3135.0,3095.0,3050.0,3055.0,-0.012759170653907526,-0.027113237639553422,-0.02551834130781494,
1303714,20210729900580,01207761,프로브잇,227100,최대주주변경,2021-07-29,KOSDAQ,15248.0,14551.0,14812.0,14943.0,-0.04571091290661067,-0.028593913955928696,-0.020002623294858357,
1245063,20211203900535,01207761,프로브잇,227100,최대주주인명목회사·조합등의최대주주변경,2021-12-03,KOSDAQ,9020.0,9660.0,9860.0,10000.0,0.07095343680709543,0.09312638580931254,0.10864745011086474,
1085098,20220729900728,01207761,프로브잇,227100,최대주주변경,2022-07-29,KOSDAQ,6340.0,6580.0,6400.0,5990.0,0.03785488958990535,0.009463722397476282,-0.05520504731861198,
1085099,20220729900759,01207761,프로브잇,227100,최대주주변경을수반하는주식양수도계약체결,2022-07-29,KOSDAQ,6340.0,6580.0,6400.0,5990.0,0.03785488958990535,0.009463722397476282,-0.05520504731861198,
983741,20230227901189,01207761,프로브잇,227100,최대주주변경,2023-02-27,KOSDAQ,4060.0,3945.0,4050.0,3785.0,-0.02832512315270941,-0.0024630541871921707,-0.06773399014778325,
655641,20240503900140,01207761,프로브잇,227100,최대주주변경,2024-05-03,KOSDAQ,1085.0,1227.0,1595.0,1395.0,0.13087557603686628,0.4700460829493087,0.2857142857142858,
551868,20241121900580,01207761,프로브잇,227100,최대주주변경,2024-11-21,KOSDAQ,1061.0,1074.0,1033.0,953.0,0.012252591894439169,-0.02639019792648445,-0.10179076343072568,
377655,20250625900665,01207761,프로브잇,227100,최대주주변경을수반하는주식양수도계약체결,2025-06-25,KOSDAQ,612.0,612.0,612.0,612.0,0.0,0.0,0.0,
1303547,20210730800004,00109806,삼일씨엔에스,004440,최대주주변경,2021-07-30,KOSPI,13050.0,12750.0,12750.0,12950.0,-0.02298850574712641,-0.02298850574712641,-0.007662835249042099,
1303542,20210730800009,00109806,삼일씨엔에스,004440,최대주주등소유주식변동신고서(최대주주변경시),2021-07-30,KOSPI,13050.0,12750.0,12750.0,12950.0,-0.02298850574712641,-0.02298850574712641,-0.007662835249042099,
1303179,20210730900382,00317487,티에스넥스젠,043220,최대주주변경,2021-07-30,KOSDAQ,24700.0,24700.0,23050.0,23100.0,0.0,-0.0668016194331984,-0.06477732793522262,
720298,20240320902672,00317487,티에스넥스젠,043220,최대주주변경,2024-03-20,KOSDAQ,9750.0,9990.0,11160.0,11330.0,0.024615384615384706,0.1446153846153846,0.16205128205128205,
720233,20240320902758,00317487,티에스넥스젠,043220,최대주주변경을수반하는주식담보제공계약체결,2024-03-20,KOSDAQ,9750.0,9990.0,11160.0,11330.0,0.024615384615384706,0.1446153846153846,0.16205128205128205,
692197,20240403900727,00317487,티에스넥스젠,043220,최대주주변경,2024-04-03,KOSDAQ,10520.0,10370.0,9870.0,9900.0,-0.014258555133079831,-0.06178707224334601,-0.05893536121673004,
691956,20240404900004,00317487,티에스넥스젠,043220,최대주주변경을수반하는주식담보제공계약해제ㆍ취소등,2024-04-04,KOSDAQ,10370.0,9870.0,10360.0,9770.0,-0.04821600771456125,-0.0009643201542912649,-0.057859209257473454,
88225,20260319902173,00317487,티에스넥스젠,043220,최대주주변경,2026-03-19,KOSDAQ,1710.0,1710.0,1710.0,1710.0,0.0,0.0,0.0,
1302494,20210802800311,01205842,HD건설기계,267270,최대주주변경,2021-08-02,KOSPI,55200.0,55000.0,55500.0,53900.0,-0.0036231884057971175,0.005434782608695565,-0.023550724637681153,
1302526,20210802800316,01205842,HD건설기계,267270,최대주주등소유주식변동신고서(최대주주변경시),2021-08-02,KOSPI,55200.0,55000.0,55500.0,53900.0,-0.0036231884057971175,0.005434782608695565,-0.023550724637681153,
1302574,20210802900244,00542074,LSK아이로봇,091970,최대주주변경을수반하는주식담보제공계약체결,2021-08-02,KOSDAQ,9820.0,9475.0,9605.0,9605.0,-0.035132382892057,-0.02189409368635442,-0.02189409368635442,
1274468,20211005900262,00542074,LSK아이로봇,091970,최대주주변경을수반하는주식담보제공계약해제ㆍ취소등,2021-10-05,KOSDAQ,7030.0,7030.0,7030.0,7030.0,0.0,0.0,0.0,
992245,20230215900334,00542074,LSK아이로봇,091970,최대주주변경,2023-02-15,KOSDAQ,7030.0,7030.0,7030.0,7030.0,0.0,0.0,0.0,
76005,20260327902846,00542074,나노캠텍,091970,최대주주변경을수반하는주식담보제공계약체결,2026-03-27,KOSDAQ,3600.0,3515.0,3115.0,3285.0,-0.023611111111111138,-0.1347222222222222,-0.08750000000000002,
117557,20260615900647,00542074,LSK아이로봇,091970,최대주주변경을수반하는주식담보제공계약해제ㆍ취소등,2026-06-15,KOSDAQ,2995.0,2845.0,3225.0,3650.0,-0.05008347245409017,0.07679465776293815,0.21869782971619367,
1302389,20210802900498,00139083,아진산업,013310,최대주주변경을수반하는주식담보제공계약해제ㆍ취소등,2021-08-02,KOSDAQ,3302.0,3241.0,3302.0,3387.0,-0.01847365233192,0.0,0.02574197456087224,
1000295,20230130900820,00139083,아진산업,013310,최대주주변경을수반하는주식담보제공계약체결,2023-01-30,KOSDAQ,2522.0,2541.0,2555.0,2555.0,0.007533703409992043,0.013084853291038812,0.013084853291038812,
871897,20230623900339,00139083,아진산업,013310,최대주주변경을수반하는주식담보제공계약해제ㆍ취소등,2023-06-23,KOSDAQ,5318.0,5816.0,5825.0,6182.0,0.09364422715306508,0.09533659270402417,0.16246709289206462,
371116,20250708900378,00139083,아진산업,013310,최대주주변경을수반하는주식담보제공계약체결,2025-07-08,KOSDAQ,2800.0,2775.0,2790.0,2780.0,-0.008928571428571397,-0.0035714285714285587,-0.0071428571428571175,
1302281,20210803900140,00302582,캐스텍코리아,071850,최대주주변경을수반하는주식양수도계약해제ㆍ취소등,2021-08-03,KOSDAQ,4022.0,4338.0,4293.0,4414.0,0.07856787667826959,0.06737941322725005,0.0974639482844355,
1301327,20210805900198,01276901,엔피,291230,최대주주변경,2021-08-05,KOSDAQ,10400.0,10250.0,9800.0,9170.0,-0.014423076923076872,-0.05769230769230771,-0.1182692307692308,
1301248,20210805900289,00223762,KT지니뮤직,043610,최대주주변경,2021-08-05,KOSDAQ,6570.0,6590.0,6400.0,6270.0,0.003044140030441511,-0.025875190258751957,-0.045662100456621,
1279183,20210917900485,00223762,KT지니뮤직,043610,투자판단관련주요경영사항(최대주주 변경을 수반하는 합병계약 체결),2021-09-17,KOSDAQ,5590.0,5610.0,5580.0,5220.0,0.003577817531305927,-0.0017889087656529634,-0.0661896243291592,
1262431,20211104900555,00223762,KT지니뮤직,043610,최대주주변경,2021-11-04,KOSDAQ,5760.0,5800.0,5950.0,5720.0,0.00694444444444442,0.03298611111111116,-0.00694444444444442,
1298559,20210812900497,00761952,아나패스,123860,최대주주변경을수반하는주식담보제공계약체결,2021-08-12,KOSDAQ,24450.0,24400.0,24550.0,23700.0,-0.002044989775051076,0.004089979550102152,-0.030674846625766916,
1297207,20210813901193,00475718,이엠앤아이,083470,최대주주인명목회사·조합등의최대주주변경,2021-08-13,KOSDAQ,8000.0,8000.0,8000.0,8000.0,0.0,0.0,0.0,
1293946,20210818900141,00370255,테크엘,064520,최대주주변경을수반하는주식양수도계약체결,2021-08-18,KOSDAQ,7000.0,7000.0,7000.0,7000.0,0.0,0.0,0.0,
1285925,20210901900258,00370255,테크엘,064520,최대주주변경,2021-09-01,KOSDAQ,7000.0,7000.0,7000.0,7000.0,0.0,0.0,0.0,
810934,20231031900398,00370255,테크엘,064520,최대주주변경,2023-10-31,KOSDAQ,4120.0,4200.0,4205.0,4220.0,0.01941747572815533,0.020631067961164984,0.024271844660194164,
1293658,20210818900532,00363510,제이케이시냅스,060230,최대주주변경,2021-08-18,KOSDAQ,26774.0,24970.0,24152.0,22950.0,-0.06737880032867705,-0.09793082841562706,-0.14282512885635323,
1293657,20210818900536,00363510,제이케이시냅스,060230,최대주주변경을수반하는주식담보제공계약체결,2021-08-18,KOSDAQ,26774.0,24970.0,24152.0,22950.0,-0.06737880032867705,-0.09793082841562706,-0.14282512885635323,
1245319,20211203900227,00363510,제이케이시냅스,060230,최대주주변경을수반하는주식담보제공계약해제ㆍ취소등,2021-12-03,KOSDAQ,15844.0,15844.0,15244.0,15571.0,0.0,-0.03786922494319611,-0.017230497349154272,
880618,20230601900598,00363510,제이케이시냅스,060230,최대주주변경을수반하는주식담보제공계약체결,2023-06-01,KOSDAQ,11136.0,10983.0,11201.0,10917.0,-0.01373922413793105,0.005836925287356243,-0.0196659482758621,
871849,20230623900421,00363510,제이케이시냅스,060230,최대주주변경을수반하는주식담보제공계약해제ㆍ취소등,2023-06-23,KOSDAQ,9902.0,10317.0,10328.0,10567.0,0.041910725106039104,0.043021611795596826,0.06715814986871349,
525856,20250107900329,00363510,제이케이시냅스,060230,최대주주변경을수반하는주식담보제공계약체결,2025-01-07,KOSDAQ,1974.0,1888.0,1982.0,2125.0,-0.0435663627152989,0.004052684903748771,0.0764944275582573,
485008,20250310901497,00363510,제이케이시냅스,060230,최대주주변경,2025-03-10,KOSDAQ,1321.0,1632.0,1659.0,1416.0,0.23542770628311893,0.2558667676003028,0.0719152157456473,
484917,20250311900043,00363510,제이케이시냅스,060230,최대주주변경을수반하는주식담보제공계약해제ㆍ취소등,2025-03-11,KOSDAQ,1632.0,1659.0,1590.0,1468.0,0.016544117647058876,-0.02573529411764708,-0.10049019607843135,
1293192,20210819900493,00353610,이니텍,053350,최대주주변경,2021-08-19,KOSDAQ,6300.0,6150.0,6250.0,6580.0,-0.023809523809523836,-0.007936507936507908,0.04444444444444451,
519442,20250122900724,00353610,이니텍,053350,투자판단관련주요경영사항              (최대주주 변경을 수반하는 거래에 관한 구속력 있는 양해각서(Binding MOU) 체결의 건),2025-01-22,KOSDAQ,3995.0,4050.0,4205.0,4105.0,0.013767209011264159,0.052565707133917394,0.027534418022528095,
491227,20250228901648,00353610,이니텍,053350,최대주주변경을수반하는주식양수도계약체결,2025-02-28,KOSDAQ,4350.0,4700.0,4810.0,6040.0,0.08045977011494254,0.10574712643678152,0.3885057471264368,
453344,20250331904095,00353610,이니텍,053350,최대주주변경,2025-03-31,KOSDAQ,9330.0,9280.0,9180.0,8500.0,-0.005359056806002127,-0.01607717041800638,-0.08896034297963562,
453339,20250331904101,00353610,이니텍,053350,최대주주변경을수반하는주식담보제공계약체결,2025-03-31,KOSDAQ,9330.0,9280.0,9180.0,8500.0,-0.005359056806002127,-0.01607717041800638,-0.08896034297963562,
448979,20250401901244,00353610,이니텍,053350,최대주주변경,2025-04-01,KOSDAQ,9280.0,9180.0,8470.0,8490.0,-0.010775862068965525,-0.08728448275862066,-0.08512931034482762,
445578,20250402900725,00353610,이니텍,053350,최대주주변경을수반하는주식담보제공계약해제ㆍ취소등,2025-04-02,KOSDAQ,9180.0,8470.0,8610.0,8720.0,-0.07734204793028321,-0.06209150326797386,-0.050108932461873645,
392513,20250528900534,00353610,이니텍,053350,최대주주변경을수반하는주식양수도계약체결,2025-05-28,KOSDAQ,9730.0,9430.0,9040.0,9030.0,-0.03083247687564239,-0.07091469681397744,-0.07194244604316546,
391290,20250530900006,00353610,이니텍,053350,최대주주변경,2025-05-30,KOSDAQ,9040.0,8460.0,8700.0,9010.0,-0.06415929203539827,-0.03761061946902655,-0.0033185840707964376,
391289,20250530900010,00353610,이니텍,053350,최대주주변경을수반하는주식담보제공계약체결,2025-05-30,KOSDAQ,9040.0,8460.0,8700.0,9010.0,-0.06415929203539827,-0.03761061946902655,-0.0033185840707964376,
257401,20260209901856,00353610,이니텍,053350,최대주주인명목회사·조합등의최대주주변경,2026-02-09,KOSDAQ,4110.0,4070.0,3875.0,3760.0,-0.009732360097323589,-0.05717761557177614,-0.08515815085158152,
1293196,20210819900499,00392691,포니링크,064800,최대주주변경,2021-08-19,KOSDAQ,8350.0,7750.0,7975.0,8325.0,-0.07185628742514971,-0.04491017964071853,-0.0029940119760478723,
1292673,20210820800463,01568413,F&F,383220,최대주주변경,2021-08-20,KOSPI,135800.0,136600.0,140200.0,148400.0,0.00589101620029453,0.032400589101620136,0.09278350515463907,
1292712,20210820800469,01568413,F&F,383220,최대주주등소유주식변동신고서(최대주주변경시),2021-08-20,KOSPI,135800.0,136600.0,140200.0,148400.0,0.00589101620029453,0.032400589101620136,0.09278350515463907,
1292747,20210820900418,00125646,삼목에스폼,018310,최대주주변경,2021-08-20,KOSDAQ,14150.0,15050.0,15250.0,15500.0,0.06360424028268552,0.07773851590106018,0.09540636042402828,
1292011,20210823900548,00693554,티케이케미칼,104480,최대주주변경을수반하는주식담보제공계약해제ㆍ취소등,2021-08-23,KOSDAQ,6290.0,6480.0,6480.0,6330.0,0.030206677265500748,0.030206677265500748,0.006359300476947549,
904157,20230425900548,00693554,티케이케미칼,104480,최대주주변경을수반하는주식담보제공계약체결,2023-04-25,KOSDAQ,2620.0,2590.0,2585.0,2670.0,-0.011450381679389277,-0.013358778625954248,0.01908396946564883,
901005,20230428900550,00693554,티케이케미칼,104480,최대주주변경을수반하는주식담보제공계약해제ㆍ취소등,2023-04-28,KOSDAQ,2585.0,2725.0,2670.0,2680.0,0.05415860735009681,0.03288201160541582,0.03675048355899424,
1291489,20210825900001,01276327,위지윅스튜디오,299900,최대주주변경을수반하는주식양수도계약체결,2021-08-25,KOSDAQ,3888.0,4050.0,4025.0,4075.0,0.04166666666666674,0.03523662551440321,0.04809670781893005,
1275408,20210930900883,01276327,위지윅스튜디오,299900,최대주주변경,2021-09-30,KOSDAQ,4263.0,4625.0,4600.0,4763.0,0.08491672531081407,0.0790523105794041,0.11728829462819612,
1291490,20210825900005,00888347,휴젤,145020,최대주주변경을수반하는주식양수도계약체결,2021-08-25,KOSDAQ,211400.0,199200.0,191700.0,201600.0,-0.057710501419110716,-0.09318826868495744,-0.04635761589403975,
742209,20240228901272,00888347,휴젤,145020,최대주주변경을수반하는주식담보제공계약해제ㆍ취소등,2024-02-28,KOSDAQ,185900.0,183900.0,202500.0,199800.0,-0.01075847229693383,0.08929532006455076,0.0747713824636902,
742191,20240228901276,00888347,휴젤,145020,최대주주변경을수반하는주식담보제공계약체결,2024-02-28,KOSDAQ,185900.0,183900.0,202500.0,199800.0,-0.01075847229693383,0.08929532006455076,0.0747713824636902,
116348,20260617900672,00888347,휴젤,145020,최대주주변경을수반하는주식담보제공계약해제ㆍ취소등,2026-06-17,KOSDAQ,258000.0,251000.0,242000.0,259500.0,-0.027131782945736482,-0.06201550387596899,0.005813953488372103,
116347,20260617900673,00888347,휴젤,145020,최대주주변경을수반하는주식담보제공계약체결,2026-06-17,KOSDAQ,258000.0,251000.0,242000.0,259500.0,-0.027131782945736482,-0.06201550387596899,0.005813953488372103,
1290563,20210826900420,00536888,케이알엠,093640,최대주주변경을수반하는주식양수도계약체결,2021-08-26,KOSDAQ,3595.0,4670.0,4725.0,4265.0,0.2990264255910988,0.3143254520166898,0.18636995827538239,
1271684,20211012900448,00536888,케이알엠,093640,최대주주변경,2021-10-12,KOSDAQ,4415.0,4370.0,4390.0,4020.0,-0.010192525481313663,-0.005662514156285381,-0.08946772366930922,
1000414,20230130900652,00536888,케이알엠,093640,최대주주변경을수반하는주식양수도계약체결,2023-01-30,KOSDAQ,6600.0,8580.0,10320.0,10450.0,0.30000000000000004,0.5636363636363637,0.5833333333333333,
962067,20230321900349,00536888,케이알엠,093640,최대주주변경,2023-03-21,KOSDAQ,9000.0,8560.0,9350.0,9300.0,-0.04888888888888887,0.03888888888888897,0.03333333333333344,
1289663,20210827900515,00959229,세종메디칼,258830,최대주주변경,2021-08-27,KOSDAQ,6460.0,6600.0,6510.0,6280.0,0.021671826625387025,0.007739938080495445,-0.02786377708978327,
1056108,20220930901044,00959229,세종메디칼,258830,최대주주변경,2022-09-30,KOSDAQ,5280.0,5150.0,4485.0,4110.0,-0.024621212121212155,-0.15056818181818177,-0.22159090909090906,
1056107,20220930901045,00959229,세종메디칼,258830,최대주주변경을수반하는주식담보제공계약체결,2022-09-30,KOSDAQ,5280.0,5150.0,4485.0,4110.0,-0.024621212121212155,-0.15056818181818177,-0.22159090909090906,
1000937,20230127900853,00959229,세종메디칼,258830,최대주주변경을수반하는주식담보제공계약해제ㆍ취소등,2023-01-27,KOSDAQ,2695.0,2645.0,2590.0,2760.0,-0.01855287569573283,-0.038961038961038974,0.024118738404452778,
1289081,20210830800187,00147860,에스엠벡셀,010580,최대주주변경,2021-08-30,KOSPI,2295.0,2295.0,2295.0,2295.0,0.0,0.0,0.0,
1289075,20210830800190,00147860,에스엠벡셀,010580,최대주주등소유주식변동신고서(최대주주변경시),2021-08-30,KOSPI,2295.0,2295.0,2295.0,2295.0,0.0,0.0,0.0,
1282341,20210910800197,00147860,에스엠벡셀,010580,최대주주변경,2021-09-10,KOSPI,2295.0,2295.0,2295.0,2295.0,0.0,0.0,0.0,
1282340,20210910800207,00147860,에스엠벡셀,010580,최대주주등소유주식변동신고서(최대주주변경시),2021-09-10,KOSPI,2295.0,2295.0,2295.0,2295.0,0.0,0.0,0.0,
1274060,20211006800120,00147860,에스엠벡셀,010580,최대주주변경,2021-10-06,KOSPI,2295.0,2295.0,2295.0,2295.0,0.0,0.0,0.0,
1274059,20211006800130,00147860,에스엠벡셀,010580,최대주주등소유주식변동신고서(최대주주변경시),2021-10-06,KOSPI,2295.0,2295.0,2295.0,2295.0,0.0,0.0,0.0,
1037684,20221114801205,00147860,에스엠벡셀,010580,최대주주변경,2022-11-14,KOSPI,1735.0,1810.0,1805.0,1825.0,0.043227665706051965,0.04034582132564846,0.05187319884726227,
1037376,20221114801611,00147860,에스엠벡셀,010580,최대주주등소유주식변동신고서(최대주주변경시),2022-11-14,KOSPI,1735.0,1810.0,1805.0,1825.0,0.043227665706051965,0.04034582132564846,0.05187319884726227,
1286210,20210831600693,00867034,듀켐바이오,176750,최대주주변경,2021-08-31,KOSDAQ,10400.0,10300.0,10400.0,10350.0,-0.009615384615384581,0.0,-0.004807692307692291,
1286256,20210831900636,00117276,네이처셀,007390,최대주주변경을수반하는주식담보제공계약해제ㆍ취소등,2021-08-31,KOSDAQ,22800.0,23350.0,23050.0,23400.0,0.02412280701754388,0.010964912280701844,0.026315789473684292,
996089,20230208901086,00117276,네이처셀,007390,최대주주변경,2023-02-08,KOSDAQ,14570.0,14730.0,14470.0,13960.0,0.010981468771448233,-0.006863417982155062,-0.04186684969114618,
974278,20230309901351,00117276,네이처셀,007390,최대주주변경을수반하는주식담보제공계약체결,2023-03-09,KOSDAQ,16490.0,16730.0,16390.0,14990.0,0.014554275318374721,-0.006064281382656134,-0.09096422073984234,
881227,20230531900950,00117276,네이처셀,007390,최대주주변경을수반하는주식담보제공계약해제ㆍ취소등,2023-05-31,KOSDAQ,10300.0,10180.0,10220.0,10040.0,-0.011650485436893177,-0.007766990291262155,-0.025242718446601975,
1285640,20210901900585,00526678,동방선기,099410,최대주주변경을수반하는주식양수도계약체결,2021-09-01,KOSDAQ,3800.0,3800.0,3800.0,3800.0,0.0,0.0,0.0,
1274774,20211001900602,00526678,동방선기,099410,최대주주변경,2021-10-01,KOSDAQ,3800.0,3800.0,3800.0,3800.0,0.0,0.0,0.0,
1284511,20210903800574,00633835,HJ중공업,097230,최대주주등소유주식변동신고서(최대주주변경시),2021-09-03,KOSPI,9220.0,9150.0,9220.0,9500.0,-0.007592190889370909,0.0,0.030368763557483636,
1284505,20210903800580,00633835,HJ중공업,097230,최대주주변경,2021-09-03,KOSPI,9220.0,9150.0,9220.0,9500.0,-0.007592190889370909,0.0,0.030368763557483636,
1283695,20210907900389,00146560,일지테크,019540,최대주주변경을수반하는주식담보제공계약체결,2021-09-07,KOSDAQ,4360.0,4505.0,4375.0,4195.0,0.03325688073394506,0.0034403669724769603,-0.037844036697247674,
1097015,20220701900353,00146560,일지테크,019540,최대주주변경을수반하는주식담보제공계약해제ㆍ취소등,2022-07-01,KOSDAQ,2320.0,2310.0,2390.0,2475.0,-0.004310344827586188,0.030172413793103425,0.0668103448275863,
1283624,20210907900492,01089378,디와이디,219550,최대주주변경을수반하는주식담보제공계약해제ㆍ취소등,2021-09-07,KOSDAQ,12690.0,13490.0,12765.0,13765.0,0.06304176516942483,0.005910165484633634,0.08471237194641446,
1283625,20210907900493,01089378,디와이디,219550,최대주주변경,2021-09-07,KOSDAQ,12690.0,13490.0,12765.0,13765.0,0.06304176516942483,0.005910165484633634,0.08471237194641446,
1281474,20210913900480,01089378,디와이디,219550,최대주주변경을수반하는주식양수도계약체결,2021-09-13,KOSDAQ,15040.0,13765.0,13765.0,12890.0,-0.08477393617021278,-0.08477393617021278,-0.14295212765957444,
1275523,20210930900748,01089378,디와이디,219550,최대주주변경,2021-09-30,KOSDAQ,12915.0,13015.0,12340.0,12415.0,0.007742934572202875,-0.04452187379016648,-0.038714672861014376,
996085,20230208901096,01089378,디와이디,219550,최대주주변경을수반하는주식담보제공계약체결,2023-02-08,KOSDAQ,8605.0,8835.0,9000.0,10325.0,0.026728646135967482,0.04590354445090061,0.19988378849506105,
774950,20240103900835,01089378,디와이디,219550,최대주주변경을수반하는주식담보제공계약해제ㆍ취소등,2024-01-03,KOSDAQ,4345.0,4340.0,4330.0,4245.0,-0.0011507479861909697,-0.0034522439585730202,-0.023014959723820505,
774949,20240103900839,01089378,디와이디,219550,최대주주변경을수반하는주식담보제공계약체결,2024-01-03,KOSDAQ,4345.0,4340.0,4330.0,4245.0,-0.0011507479861909697,-0.0034522439585730202,-0.023014959723820505,
742096,20240228901472,01089378,디와이디,219550,최대주주변경을수반하는주식담보제공계약해제ㆍ취소등,2024-02-28,KOSDAQ,3555.0,3550.0,3595.0,4300.0,-0.0014064697609000865,0.011251758087201136,0.209563994374121,
736693,20240306901007,01089378,디와이디,219550,최대주주변경을수반하는주식담보제공계약체결,2024-03-06,KOSDAQ,3595.0,4300.0,4235.0,4120.0,0.19610570236439506,0.17802503477051457,0.1460361613351877,
597815,20240814903697,01089378,디와이디,219550,최대주주변경,2024-08-14,KOSDAQ,1935.0,1455.0,1340.0,1345.0,-0.24806201550387597,-0.3074935400516796,-0.30490956072351416,
525001,20250108900766,01089378,디와이디,219550,최대주주변경을수반하는주식담보제공계약해제ㆍ취소등,2025-01-08,KOSDAQ,3495.0,3310.0,3350.0,2880.0,-0.05293276108726752,-0.0414878397711016,-0.1759656652360515,
525002,20250108900795,01089378,디와이디,219550,최대주주변경,2025-01-08,KOSDAQ,3495.0,3310.0,3350.0,2880.0,-0.05293276108726752,-0.0414878397711016,-0.1759656652360515,
463540,20250326902759,01089378,디와이디,219550,최대주주인명목회사·조합등의최대주주변경,2025-03-26,KOSDAQ,3615.0,3500.0,3575.0,3560.0,-0.0318118948824343,-0.011065006915629283,-0.015214384508990264,
320918,20251021900588,01089378,디와이디,219550,최대주주변경을수반하는주식담보제공계약체결,2025-10-21,KOSDAQ,1260.0,1255.0,1245.0,1385.0,-0.003968253968253954,-0.011904761904761862,0.0992063492063493,
262471,20260204900353,01089378,디와이디,219550,최대주주변경,2026-02-04,KOSDAQ,2075.0,2075.0,1894.0,1737.0,0.0,-0.08722891566265056,-0.1628915662650603,
262470,20260204900357,01089378,디와이디,219550,최대주주변경을수반하는주식담보제공계약해제ㆍ취소등,2026-02-04,KOSDAQ,2075.0,2075.0,1894.0,1737.0,0.0,-0.08722891566265056,-0.1628915662650603,
1283210,20210908900388,01080687,아우딘퓨쳐스,227610,최대주주변경을수반하는주식담보제공계약체결,2021-09-08,KOSDAQ,4040.0,3960.0,3930.0,3880.0,-0.01980198019801982,-0.027227722772277252,-0.03960396039603964,
1086785,20220727900399,01080687,아우딘퓨쳐스,227610,최대주주변경을수반하는주식담보제공계약해제ㆍ취소등,2022-07-27,KOSDAQ,3110.0,3160.0,3300.0,3380.0,0.016077170418006492,0.06109324758842449,0.08681672025723475,
801224,20231115900250,01080687,아우딘퓨쳐스,227610,최대주주변경,2023-11-15,KOSDAQ,4650.0,4310.0,4260.0,4640.0,-0.07311827956989247,-0.08387096774193548,-0.0021505376344086446,
437688,20250404900980,01080687,아우딘퓨쳐스,227610,최대주주변경을수반하는주식담보제공계약체결,2025-04-04,KOSDAQ,1730.0,1700.0,1634.0,1640.0,-0.017341040462427793,-0.05549132947976876,-0.052023121387283267,
1282194,20210910800335,00255619,강원랜드,035250,최대주주변경,2021-09-10,KOSPI,28050.0,27900.0,28100.0,28350.0,-0.005347593582887722,0.0017825311942958333,0.010695187165775444,
1280517,20210915800519,00255619,강원랜드,035250,최대주주등소유주식변동신고서(최대주주변경시),2021-09-15,KOSPI,28200.0,28200.0,28350.0,28000.0,0.0,0.005319148936170137,-0.007092198581560294,
1281947,20210910900569,01169434,오가닉티코스메틱,900300,최대주주변경,2021-09-10,KOSDAQ,394000.0,399000.0,394000.0,387000.0,0.012690355329949332,0.0,-0.017766497461928932,
618520,20240710900618,01169434,오가닉티코스메틱,900300,최대주주변경,2024-07-10,KOSDAQ,48000.0,49000.0,48000.0,46500.0,0.02083333333333326,0.0,-0.03125,
23377,20260423900747,01169434,오가닉티코스메틱,900300,최대주주변경,2026-04-23,KOSDAQ,9400.0,12200.0,10800.0,10900.0,0.2978723404255319,0.14893617021276606,0.15957446808510634,
1280988,20210914900539,00608839,에이루트,096690,최대주주변경,2021-09-14,KOSDAQ,34523.0,43085.0,39044.0,39284.0,0.24800857399414888,0.13095617414477312,0.13790806129247168,
1280657,20210915800335,00220561,광주신세계,037710,최대주주변경,2021-09-15,KOSPI,39000.0,38200.0,38700.0,39700.0,-0.02051282051282055,-0.007692307692307665,0.017948717948717885,
1279967,20210916800436,00220561,광주신세계,037710,최대주주등소유주식변동신고서(최대주주변경시),2021-09-16,KOSPI,38200.0,38700.0,38300.0,39400.0,0.01308900523560208,0.002617801047120505,0.03141361256544495,
1280448,20210915900575,00362292,씨티씨바이오,060590,최대주주변경,2021-09-15,KOSDAQ,12700.0,12050.0,11850.0,10600.0,-0.051181102362204745,-0.06692913385826771,-0.16535433070866146,
1280447,20210915900577,00362292,씨티씨바이오,060590,최대주주변경을수반하는주식담보제공계약해제ㆍ취소등,2021-09-15,KOSDAQ,12700.0,12050.0,11850.0,10600.0,-0.051181102362204745,-0.06692913385826771,-0.16535433070866146,
904706,20230424900577,00362292,씨티씨바이오,060590,최대주주변경,2023-04-24,KOSDAQ,10280.0,10150.0,10040.0,9410.0,-0.012645914396887115,-0.023346303501945553,-0.08463035019455256,
890794,20230516900455,00362292,씨티씨바이오,060590,최대주주변경,2023-05-16,KOSDAQ,12200.0,11920.0,11020.0,10640.0,-0.022950819672131195,-0.09672131147540985,-0.12786885245901636,
890791,20230516900469,00362292,씨티씨바이오,060590,최대주주변경을수반하는주식담보제공계약체결,2023-05-16,KOSDAQ,12200.0,11920.0,11020.0,10640.0,-0.022950819672131195,-0.09672131147540985,-0.12786885245901636,
826832,20230919900494,00362292,씨티씨바이오,060590,최대주주변경,2023-09-19,KOSDAQ,12600.0,12750.0,12380.0,11100.0,0.011904761904761862,-0.01746031746031751,-0.11904761904761907,
826831,20230919900498,00362292,씨티씨바이오,060590,최대주주변경을수반하는주식담보제공계약해제ㆍ취소등,2023-09-19,KOSDAQ,12600.0,12750.0,12380.0,11100.0,0.011904761904761862,-0.01746031746031751,-0.11904761904761907,
328650,20250926900702,00362292,씨티씨바이오,060590,최대주주변경을수반하는주식양수도계약체결,2025-09-26,KOSDAQ,6800.0,6230.0,6160.0,5760.0,-0.08382352941176474,-0.09411764705882353,-0.15294117647058825,
318524,20251028900001,00362292,씨티씨바이오,060590,최대주주변경,2025-10-28,KOSDAQ,5450.0,5320.0,5150.0,4995.0,-0.023853211009174258,-0.05504587155963303,-0.08348623853211012,
1280441,20210915900591,00942131,앤디포스,238090,최대주주인명목회사·조합등의최대주주변경,2021-09-15,KOSDAQ,10750.0,10800.0,10850.0,10750.0,0.0046511627906977715,0.009302325581395321,0.0,
1279065,20210917900566,00942131,앤디포스,238090,최대주주변경,2021-09-17,KOSDAQ,10850.0,10600.0,10750.0,10150.0,-0.02304147465437789,-0.009216589861751112,-0.06451612903225812,
1280427,20210915900602,01236532,와이즈버즈,273060,최대주주변경,2021-09-15,KOSDAQ,1900.0,1985.0,1980.0,2015.0,0.044736842105263186,0.042105263157894646,0.06052631578947376,
1279873,20210916900523,00799070,딥커머스,900110,최대주주변경을수반하는주식담보제공계약해제ㆍ취소등,2021-09-16,KOSDAQ,13506.0,13281.0,12830.0,12530.0,-0.016659262549977738,-0.05005182881682213,-0.07226417888345915,
1279836,20210916900575,00583026,멤레이비티,072770,최대주주변경,2021-09-16,KOSDAQ,4020.0,4020.0,3940.0,4030.0,0.0,-0.01990049751243783,0.0024875621890547706,
1279649,20210917900005,00583026,멤레이비티,072770,최대주주변경을수반하는주식담보제공계약체결,2021-09-17,KOSDAQ,4020.0,3940.0,3990.0,4040.0,-0.01990049751243783,-0.007462686567164201,0.004975124378109541,
825056,20230922900609,00583026,멤레이비티,072770,최대주주변경을수반하는주식담보제공계약해제ㆍ취소등,2023-09-22,KOSDAQ,6100.0,5880.0,6000.0,5500.0,-0.0360655737704918,-0.016393442622950838,-0.09836065573770492,
806760,20231109900579,00583026,멤레이비티,072770,최대주주변경을수반하는주식양수도계약체결,2023-11-09,KOSDAQ,5320.0,5400.0,5560.0,5380.0,0.015037593984962516,0.04511278195488733,0.011278195488721776,
797710,20231123900813,00583026,멤레이비티,072770,최대주주변경,2023-11-23,KOSDAQ,5530.0,5600.0,5540.0,5200.0,0.012658227848101333,0.001808318264014508,-0.05967450271247743,
537340,20241213901859,00583026,멤레이비티,072770,최대주주변경을수반하는주식담보제공계약체결,2024-12-13,KOSDAQ,2594.0,2702.0,2656.0,2800.0,0.041634541249036205,0.02390131071703938,0.07941403238242106,
504569,20250214901172,00583026,멤레이비티,072770,최대주주변경을수반하는주식양수도계약체결,2025-02-14,KOSDAQ,2978.0,2932.0,2860.0,3118.0,-0.015446608462055034,-0.0396239086635326,0.04701141705842837,
468424,20250321902329,00583026,멤레이비티,072770,최대주주변경,2025-03-21,KOSDAQ,3600.0,3574.0,3626.0,3904.0,-0.007222222222222241,0.007222222222222241,0.08444444444444454,
468422,20250321902349,00583026,멤레이비티,072770,최대주주변경을수반하는주식담보제공계약해제ㆍ취소등,2025-03-21,KOSDAQ,3600.0,3574.0,3626.0,3904.0,-0.007222222222222241,0.007222222222222241,0.08444444444444454,
313094,20251107900378,00583026,멤레이비티,072770,최대주주변경,2025-11-07,KOSDAQ,2600.0,2444.0,2414.0,2566.0,-0.06000000000000005,-0.07153846153846155,-0.013076923076923097,
1279288,20210917900365,00232821,에이치엠넥스,036170,최대주주변경을수반하는주식양수도계약체결,2021-09-17,KOSDAQ,2145.0,2030.0,1865.0,1805.0,-0.053613053613053574,-0.13053613053613056,-0.15850815850815847,
1267450,20211022900459,00232821,에이치엠넥스,036170,최대주주변경,2021-10-22,KOSDAQ,1730.0,1775.0,1800.0,1750.0,0.026011560693641522,0.040462427745664664,0.011560693641618602,
1194265,20220308900894,00232821,에이치엠넥스,036170,최대주주인명목회사·조합등의최대주주변경,2022-03-08,KOSDAQ,1365.0,1415.0,1455.0,1400.0,0.03663003663003672,0.06593406593406592,0.02564102564102555,
797050,20231124900536,00232821,에이치엠넥스,036170,최대주주변경,2023-11-24,KOSDAQ,955.0,942.0,948.0,947.0,-0.013612565445026203,-0.007329842931937169,-0.008376963350785305,
1278148,20210924900366,00563545,두산테스나,131970,최대주주변경을수반하는주식양수도계약체결,2021-09-24,KOSDAQ,49750.0,46700.0,45850.0,42700.0,-0.06130653266331654,-0.07839195979899494,-0.1417085427135678,
1235356,20211223900560,00563545,두산테스나,131970,최대주주변경을수반하는주식양수도계약해제ㆍ취소등,2021-12-23,KOSDAQ,49600.0,48950.0,49250.0,49950.0,-0.01310483870967738,-0.007056451612903247,0.007056451612903247,
1194088,20220308901174,00563545,두산테스나,131970,최대주주변경을수반하는주식양수도계약체결,2022-03-08,KOSDAQ,41350.0,42550.0,42600.0,41700.0,0.0290205562273278,0.030229746070133068,0.00846432889963733,
1129546,20220421900680,00563545,두산테스나,131970,최대주주변경을수반하는주식담보제공계약체결,2022-04-21,KOSDAQ,48600.0,48600.0,47350.0,47200.0,0.0,-0.025720164609053464,-0.028806584362139898,
1277137,20210928900466,00447502,바이오톡스텍,086040,최대주주변경을수반하는주식담보제공계약체결,2021-09-28,KOSDAQ,9350.0,9150.0,9200.0,7940.0,-0.021390374331550777,-0.016042780748663055,-0.1508021390374331,
985819,20230224901053,00447502,바이오톡스텍,086040,최대주주변경을수반하는주식담보제공계약해제ㆍ취소등,2023-02-24,KOSDAQ,8380.0,8170.0,8320.0,8610.0,-0.02505966587112174,-0.007159904534606243,0.027446300715990413,
1277046,20210928900555,00530121,디에스케이,109740,최대주주변경,2021-09-28,KOSDAQ,8430.0,8750.0,8750.0,8030.0,0.03795966785290639,0.03795966785290639,-0.04744958481613282,
358270,20250806900591,00530121,디에스케이,109740,최대주주변경을수반하는주식양수도계약체결,2025-08-06,KOSDAQ,8540.0,8010.0,7710.0,7470.0,-0.06206088992974235,-0.09718969555035128,-0.12529274004683844,
1277032,20210928900575,00863038,캐리,313760,최대주주변경을수반하는주식양수도계약체결,2021-09-28,KOSDAQ,29000.0,23500.0,23950.0,20500.0,-0.18965517241379315,-0.17413793103448272,-0.2931034482758621,
1259023,20211112900376,00863038,캐리,313760,최대주주변경을수반하는주식양수도계약해제ㆍ취소등,2021-11-12,KOSDAQ,17600.0,17650.0,19450.0,17600.0,0.0028409090909091717,0.10511363636363646,0.0,
1233849,20211227900674,00863038,캐리,313760,최대주주변경을수반하는주식양수도계약체결,2021-12-27,KOSDAQ,20950.0,22100.0,22750.0,22650.0,0.054892601431980825,0.08591885441527447,0.0811455847255369,
1176426,20220323901973,00863038,캐리,313760,최대주주변경을수반하는주식양수도계약해제ㆍ취소등,2022-03-23,KOSDAQ,12650.0,12700.0,13450.0,12700.0,0.0039525691699604515,0.06324110671936767,0.0039525691699604515,
1118166,20220523900362,00863038,캐리,313760,최대주주변경을수반하는주식양수도계약체결,2022-05-23,KOSDAQ,13500.0,15100.0,15600.0,13900.0,0.11851851851851847,0.15555555555555545,0.029629629629629672,
1099004,20220629900505,00863038,캐리,313760,최대주주변경,2022-06-29,KOSDAQ,13200.0,12100.0,11400.0,10750.0,-0.08333333333333337,-0.13636363636363635,-0.18560606060606055,
1044651,20221031900667,00863038,캐리,313760,최대주주변경을수반하는주식담보제공계약체결,2022-10-31,KOSDAQ,8230.0,8000.0,7750.0,7370.0,-0.027946537059538312,-0.05832320777642774,-0.10449574726609967,
902227,20230427900795,00863038,캐리,313760,최대주주변경을수반하는주식담보제공계약해제ㆍ취소등,2023-04-27,KOSDAQ,11130.0,10880.0,10900.0,10740.0,-0.02246181491464505,-0.020664869721473522,-0.035040431266846306,
902217,20230427900839,00863038,캐리,313760,최대주주변경을수반하는주식담보제공계약체결,2023-04-27,KOSDAQ,11130.0,10880.0,10900.0,10740.0,-0.02246181491464505,-0.020664869721473522,-0.035040431266846306,
667605,20240412900758,00863038,캐리,313760,최대주주변경,2024-04-12,KOSDAQ,6800.0,7370.0,8610.0,7770.0,0.08382352941176463,0.26617647058823524,0.14264705882352935,
667452,20240415900011,00863038,캐리,313760,최대주주변경을수반하는주식담보제공계약해제ㆍ취소등,2024-04-15,KOSDAQ,7370.0,8610.0,8370.0,7000.0,0.16824966078697412,0.13568521031207603,-0.05020352781546811,
595359,20240822900420,00863038,캐리,313760,최대주주인명목회사·조합등의최대주주변경,2024-08-22,KOSDAQ,4330.0,4215.0,3965.0,3965.0,-0.026558891454965372,-0.08429561200923785,-0.08429561200923785,
595329,20240822900441,00863038,캐리,313760,기타시장안내              (최대주주인 명목회사·조합 등의 최대주주 변경 신고 불이행에 따른 벌점 부과),2024-08-22,KOSDAQ,4330.0,4215.0,3965.0,3965.0,-0.026558891454965372,-0.08429561200923785,-0.08429561200923785,
511941,20250207901440,00863038,캐리,313760,최대주주변경,2025-02-07,KOSDAQ,4395.0,4615.0,4360.0,3990.0,0.05005688282138787,-0.007963594994311762,-0.0921501706484642,
1276640,20210929900308,00667425,에이팩트,200470,최대주주변경을수반하는주식양수도계약체결,2021-09-29,KOSDAQ,4741.0,4558.0,4429.0,4117.0,-0.03859945159249101,-0.06580890107572246,-0.1316178021514448,
1255400,20211115902726,00667425,에이팩트,200470,최대주주변경,2021-11-15,KOSDAQ,4164.0,4130.0,4029.0,4659.0,-0.008165225744476423,-0.03242074927953886,0.11887608069164268,
1254996,20211116900473,00667425,에이팩트,200470,최대주주변경을수반하는주식담보제공계약해제ㆍ취소등,2021-11-16,KOSDAQ,4130.0,4029.0,3974.0,4646.0,-0.024455205811138025,-0.03777239709443103,0.12493946731234873,
49255,20260406901059,00667425,에이팩트,200470,최대주주변경을수반하는주식양수도계약체결,2026-04-06,KOSDAQ,7220.0,6310.0,6920.0,6620.0,-0.12603878116343492,-0.04155124653739617,-0.08310249307479223,
114245,20260622900880,00667425,에이팩트,200470,최대주주변경,2026-06-22,KOSDAQ,11040.0,9720.0,9140.0,,-0.11956521739130432,-0.1721014492753623,,
114243,20260622900881,00667425,에이팩트,200470,최대주주변경을수반하는주식담보제공계약체결,2026-06-22,KOSDAQ,11040.0,9720.0,9140.0,,-0.11956521739130432,-0.1721014492753623,,
1275432,20210930800831,00144720,와이투솔루션,011690,최대주주변경,2021-09-30,KOSPI,6000.0,6000.0,6000.0,6000.0,0.0,0.0,0.0,
1275293,20211001800101,00144720,와이투솔루션,011690,최대주주등소유주식변동신고서(최대주주변경시),2021-10-01,KOSPI,6000.0,6000.0,6000.0,6000.0,0.0,0.0,0.0,
1275160,20211001900217,00104810,소노스퀘어,007720,최대주주변경,2021-10-01,KOSDAQ,1445.0,1440.0,1385.0,1460.0,-0.0034602076124568004,-0.04152249134948094,0.01038062283737018,
1274311,20211005900471,00995993,DXVX,180400,최대주주변경,2021-10-05,KOSDAQ,7029.0,7029.0,7029.0,7029.0,0.0,0.0,0.0,
1274296,20211005900507,00961507,케일럼,258610,최대주주변경을수반하는주식양수도계약체결,2021-10-05,KOSDAQ,7800.0,7760.0,7980.0,5390.0,-0.00512820512820511,0.023076923076922995,-0.308974358974359,
1273119,20211007900286,00961507,케일럼,258610,최대주주변경,2021-10-07,KOSDAQ,7980.0,5620.0,5430.0,5600.0,-0.2957393483709273,-0.31954887218045114,-0.29824561403508776,
920327,20230410901042,00961507,케일럼,258610,최대주주변경,2023-04-10,KOSDAQ,3105.0,3110.0,3205.0,3205.0,0.0016103059581320522,0.03220611916264082,0.03220611916264082,
887508,20230525900155,00961507,케일럼,258610,최대주주변경,2023-05-25,KOSDAQ,3810.0,3720.0,3570.0,3405.0,-0.023622047244094446,-0.06299212598425197,-0.10629921259842523,
1273430,20211006900704,00111218,KD,044180,최대주주변경을수반하는주식담보제공계약체결,2021-10-06,KOSDAQ,1600.0,1650.0,1675.0,1700.0,0.03125,0.046875,0.0625,
1164401,20220331902159,00111218,KD,044180,최대주주변경을수반하는주식담보제공계약해제ㆍ취소등,2022-03-31,KOSDAQ,1270.0,1275.0,1295.0,1245.0,0.003937007874015741,0.019685039370078705,-0.019685039370078705,
1024943,20221206900454,00111218,KD,044180,최대주주변경을수반하는주식담보제공계약체결,2022-12-06,KOSDAQ,843.0,831.0,811.0,823.0,-0.014234875444839812,-0.037959667852906276,-0.023724792408066464,
266063,20260129901108,00111218,KD,044180,최대주주변경을수반하는주식담보제공계약해제ㆍ취소등,2026-01-29,KOSDAQ,388.0,362.0,330.0,369.0,-0.0670103092783505,-0.14948453608247425,-0.0489690721649485,
1272207,20211008900645,00665676,아시아경제,127710,최대주주변경,2021-10-08,KOSDAQ,3565.0,3380.0,3520.0,3740.0,-0.05189340813464238,-0.012622720897615736,0.04908835904628339,
528537,20241230900872,00665676,아시아경제,127710,최대주주변경,2024-12-30,KOSDAQ,1628.0,1719.0,1734.0,1730.0,0.0558968058968059,0.06511056511056501,0.0626535626535627,
518125,20250124900009,00665676,아시아경제,127710,최대주주변경,2025-01-24,KOSDAQ,1506.0,1548.0,1549.0,,0.027888446215139417,0.028552456839309404,,
1272188,20211008900692,00927558,유바이오로직스,206650,최대주주변경,2021-10-08,KOSDAQ,49000.0,50700.0,48750.0,46750.0,0.03469387755102038,-0.005102040816326481,-0.04591836734693877,
1272187,20211008900693,00927558,유바이오로직스,206650,최대주주변경을수반하는주식담보제공계약해제ㆍ취소등,2021-10-08,KOSDAQ,49000.0,50700.0,48750.0,46750.0,0.03469387755102038,-0.005102040816326481,-0.04591836734693877,
1271940,20211012900193,01359736,프로이천,321260,최대주주변경,2021-10-12,KOSDAQ,2885.0,2910.0,2940.0,2975.0,0.008665511265164572,0.01906412478336228,0.03119584055459268,
1271862,20211012900263,01393721,포커스에이아이,331380,최대주주변경,2021-10-12,KOSDAQ,4100.0,4095.0,4075.0,4095.0,-0.0012195121951219523,-0.0060975609756097615,-0.0012195121951219523,
618526,20240710900584,01393721,포커스에이아이,331380,최대주주변경을수반하는주식양수도계약체결,2024-07-10,KOSDAQ,3300.0,3300.0,3615.0,3850.0,0.0,0.09545454545454546,0.16666666666666674,
593232,20240827900595,01393721,포커스에이아이,331380,최대주주변경,2024-08-27,KOSDAQ,4190.0,4095.0,3950.0,3510.0,-0.022673031026252954,-0.05727923627684961,-0.16229116945107402,
1270249,20211014900589,00346911,아이톡시,052770,최대주주변경,2021-10-14,KOSDAQ,7433.0,7433.0,7433.0,7433.0,0.0,0.0,0.0,
1059805,20220923900250,00346911,아이톡시,052770,최대주주변경을수반하는주식양수도계약체결,2022-09-23,KOSDAQ,7433.0,7433.0,7433.0,7433.0,0.0,0.0,0.0,
777981,20231227900570,00346911,아이톡시,052770,최대주주변경,2023-12-27,KOSDAQ,3947.0,4274.0,4525.0,4645.0,0.08284773245502919,0.14644033443121351,0.17684317202938948,
1268445,20211020900480,00807379,신흥에스이씨,243840,최대주주변경을수반하는주식양수도계약체결,2021-10-20,KOSDAQ,15300.0,14380.0,14180.0,13420.0,-0.060130718954248374,-0.07320261437908493,-0.12287581699346406,
1263389,20211102900427,00807379,신흥에스이씨,243840,최대주주변경,2021-11-02,KOSDAQ,12960.0,13220.0,13280.0,13220.0,0.020061728395061706,0.024691358024691468,0.020061728395061706,
1267900,20211021900432,00681373,디지캡,197140,최대주주변경을수반하는주식양수도계약체결,2021-10-21,KOSDAQ,9430.0,9191.0,8991.0,10811.0,-0.025344644750795342,-0.046553552492046624,0.1464475079533405,
1252072,20211124900569,00681373,디지캡,197140,최대주주변경을수반하는주식양수도계약해제ㆍ취소등,2021-11-24,KOSDAQ,9249.0,6477.0,6477.0,4558.0,-0.29970807654881604,-0.29970807654881604,-0.507189966482863,
733351,20240311900567,00681373,디지캡,197140,최대주주변경을수반하는주식양수도계약체결,2024-03-11,KOSDAQ,4995.0,6490.0,5230.0,5190.0,0.2992992992992993,0.047047047047046986,0.039039039039038936,
709133,20240328903797,00681373,디지캡,197140,최대주주변경,2024-03-28,KOSDAQ,5420.0,4950.0,4830.0,4760.0,-0.08671586715867163,-0.10885608856088558,-0.12177121771217714,
1267897,20211021900457,00105138,파라텍,033540,최대주주변경,2021-10-21,KOSDAQ,6837.0,7537.0,7500.0,7362.0,0.10238408658768461,0.09697235629662138,0.07678806494076351,
1266343,20211026900527,00492353,파이오링크,170790,최대주주변경을수반하는주식양수도계약체결,2021-10-26,KOSDAQ,16750.0,15800.0,16000.0,15600.0,-0.05671641791044779,-0.04477611940298509,-0.06865671641791049,
1264605,20211029900436,00492353,파이오링크,170790,최대주주변경,2021-10-29,KOSDAQ,15800.0,15600.0,15600.0,15500.0,-0.012658227848101222,-0.012658227848101222,-0.01898734177215189,
1265122,20211028900723,00238782,다우데이타,032190,최대주주변경,2021-10-28,KOSDAQ,13400.0,13500.0,13650.0,13850.0,0.00746268656716409,0.018656716417910557,0.033582089552238736,
1197683,20220303900434,00238782,다우데이타,032190,최대주주변경을수반하는주식담보제공계약체결,2022-03-03,KOSDAQ,13500.0,13600.0,13050.0,13550.0,0.007407407407407307,-0.033333333333333326,0.0037037037037037646,
1264439,20211029900643,00356839,메디콕스,054180,최대주주변경,2021-10-29,KOSDAQ,83880.0,84630.0,85755.0,79740.0,0.0089413447782547,0.02235336194563664,-0.04935622317596566,
896455,20230510900326,00356839,메디콕스,054180,최대주주변경,2023-05-10,KOSDAQ,24780.0,26265.0,25320.0,26130.0,0.059927360774818306,0.021791767554479424,0.05447941888619856,
497905,20250225901360,00356839,메디콕스,054180,최대주주변경,2025-02-25,KOSDAQ,4695.0,5340.0,4935.0,3885.0,0.13738019169329063,0.051118210862619806,-0.17252396166134187,
1264017,20211101800264,00103130,플레이그램,009810,최대주주변경,2021-11-01,KOSPI,16728.0,17780.0,18080.0,24942.0,0.0628885700621713,0.08082257293161166,0.4910329985652797,
1263983,20211101800308,00103130,플레이그램,009810,최대주주등소유주식변동신고서(최대주주변경시),2021-11-01,KOSPI,16728.0,17780.0,18080.0,24942.0,0.0628885700621713,0.08082257293161166,0.4910329985652797,
1262687,20211104900149,01326792,비투엔,307870,최대주주변경,2021-11-04,KOSDAQ,3350.0,3230.0,3280.0,3050.0,-0.035820895522388096,-0.020895522388059695,-0.08955223880597019,
862418,20230713900499,01326792,비투엔,307870,최대주주변경을수반하는주식양수도계약체결,2023-07-13,KOSDAQ,4115.0,3980.0,3600.0,3860.0,-0.03280680437424055,-0.1251518833535844,-0.06196840826245442,
838708,20230825900651,01326792,비투엔,307870,최대주주변경,2023-08-25,KOSDAQ,4410.0,4235.0,4290.0,2965.0,-0.03968253968253965,-0.027210884353741527,-0.3276643990929705,
837178,20230829900454,01326792,비투엔,307870,최대주주변경을수반하는주식담보제공계약체결,2023-08-29,KOSDAQ,4290.0,4230.0,4235.0,2200.0,-0.013986013986013957,-0.012820512820512775,-0.4871794871794872,
643348,20240528900467,01326792,비투엔,307870,최대주주변경,2024-05-28,KOSDAQ,1755.0,1800.0,1790.0,1705.0,0.02564102564102555,0.019943019943019946,-0.028490028490028463,
643334,20240528900483,01326792,비투엔,307870,최대주주변경을수반하는주식담보제공계약해제ㆍ취소등,2024-05-28,KOSDAQ,1755.0,1800.0,1790.0,1705.0,0.02564102564102555,0.019943019943019946,-0.028490028490028463,
512060,20250207901263,01326792,비투엔,307870,최대주주인명목회사·조합등의최대주주변경,2025-02-07,KOSDAQ,1255.0,1260.0,1249.0,1146.0,0.003984063745019917,-0.004780876494023922,-0.08685258964143427,
449625,20250401900920,01326792,비투엔,307870,최대주주인명목회사·조합등의최대주주변경,2025-04-01,KOSDAQ,897.0,874.0,887.0,860.0,-0.02564102564102566,-0.01114827201783719,-0.04124860646599782,
367070,20250718900001,01326792,비투엔,307870,최대주주변경을수반하는주식양수도계약체결,2025-07-18,KOSDAQ,1682.0,1670.0,1844.0,1770.0,-0.007134363852556502,0.09631391200951245,0.05231866825208087,
26250,20260417900910,01326792,비투엔,307870,최대주주변경,2026-04-17,KOSDAQ,1389.0,1459.0,1401.0,1177.0,0.050395968322534124,0.008639308855291628,-0.1526277897768179,
1262324,20211104900688,01566248,에코프로에이치엔,383310,최대주주변경,2021-11-04,KOSDAQ,105657.0,101636.0,96774.0,90790.0,-0.038057109325458804,-0.084073937363355,-0.14071003340999655,
1262319,20211104900693,00599595,BGF에코머티리얼즈,126600,최대주주변경을수반하는주식양수도계약체결,2021-11-04,KOSDAQ,8734.0,11310.0,9742.0,10835.0,0.2949393176093429,0.11541103732539493,0.24055415617128473,
1236199,20211222900472,00599595,BGF에코머티리얼즈,126600,최대주주변경,2021-12-22,KOSDAQ,11120.0,10502.0,10502.0,10407.0,-0.05557553956834538,-0.05557553956834538,-0.06411870503597117,
1261877,20211105800461,00104786,미래아이앤지,007120,최대주주변경,2021-11-05,KOSPI,2645.0,2675.0,2670.0,2675.0,0.011342155009451904,0.00945179584120992,0.011342155009451904,
1261864,20211105800514,00104786,미래아이앤지,007120,최대주주등소유주식변동신고서(최대주주변경시),2021-11-05,KOSPI,2645.0,2675.0,2670.0,2675.0,0.011342155009451904,0.00945179584120992,0.011342155009451904,
76341,20260327802500,00104786,미래아이앤지,007120,최대주주변경,2026-03-27,KOSPI,2120.0,2050.0,1954.0,2000.0,-0.03301886792452835,-0.07830188679245287,-0.05660377358490565,
76321,20260327802756,00104786,미래아이앤지,007120,최대주주등소유주식변동신고서(최대주주변경시),2026-03-27,KOSPI,2120.0,2050.0,1954.0,2000.0,-0.03301886792452835,-0.07830188679245287,-0.05660377358490565,
1261658,20211105900758,01020843,원익피앤이,217820,최대주주변경을수반하는주식양수도계약체결,2021-11-05,KOSDAQ,10562.0,11344.0,11051.0,10073.0,0.07403900776368122,0.04629804961181594,-0.04629804961181594,
1235561,20211223900286,01020843,원익피앤이,217820,최대주주변경,2021-12-23,KOSDAQ,9281.0,9780.0,9516.0,9701.0,0.05376575800021555,0.02532054735481082,0.04525374420859829,
1041825,20221108900283,01020843,원익피앤이,217820,최대주주변경,2022-11-08,KOSDAQ,9740.0,9633.0,9633.0,9652.0,-0.010985626283367522,-0.010985626283367522,-0.00903490759753589,
1041802,20221108900332,01020843,원익피앤이,217820,최대주주변경을수반하는주식담보제공계약체결,2022-11-08,KOSDAQ,9740.0,9633.0,9633.0,9652.0,-0.010985626283367522,-0.010985626283367522,-0.00903490759753589,
799306,20231120900546,01020843,원익피앤이,217820,최대주주변경을수반하는주식담보제공계약해제ㆍ취소등,2023-11-20,KOSDAQ,6380.0,6340.0,6270.0,6270.0,-0.006269592476489061,-0.017241379310344862,-0.017241379310344862,
1261019,20211109800188,00164779,SK하이닉스,000660,최대주주등소유주식변동신고서(최대주주변경시),2021-11-09,KOSPI,109000.0,108500.0,107500.0,112000.0,-0.004587155963302725,-0.013761467889908285,0.02752293577981657,
1261011,20211109800196,00164779,SK하이닉스,000660,최대주주변경,2021-11-09,KOSPI,109000.0,108500.0,107500.0,112000.0,-0.004587155963302725,-0.013761467889908285,0.02752293577981657,
1260850,20211109900441,00536286,윈팩,097800,최대주주변경을수반하는주식양수도계약체결,2021-11-09,KOSDAQ,10540.0,8725.0,8310.0,8605.0,-0.17220113851992414,-0.2115749525616698,-0.18358633776091082,
1236192,20211222900492,00536286,윈팩,097800,최대주주변경,2021-12-22,KOSDAQ,8250.0,8210.0,8230.0,8170.0,-0.00484848484848488,-0.00242424242424244,-0.009696969696969648,
1260802,20211109900486,00819073,인크로스,216050,최대주주변경,2021-11-09,KOSDAQ,29020.0,29146.0,29177.0,30340.0,0.004341833218469926,0.005410062026188767,0.045485871812543044,
316341,20251031900005,00819073,인크로스,216050,최대주주변경을수반하는주식양수도계약체결,2025-10-31,KOSDAQ,6830.0,6750.0,6740.0,6620.0,-0.01171303074670571,-0.013177159590043952,-0.030746705710102518,
278882,20260102900528,00819073,인크로스,216050,최대주주변경,2026-01-02,KOSDAQ,6740.0,6700.0,6620.0,6410.0,-0.005934718100890191,-0.017804154302670572,-0.04896142433234418,
1260801,20211109900496,00230425,나노엔텍,039860,최대주주변경,2021-11-09,KOSDAQ,7260.0,7310.0,7110.0,7360.0,0.00688705234159781,-0.02066115702479343,0.01377410468319562,
1090125,20220719900447,00230425,나노엔텍,039860,최대주주변경을수반하는주식양수도계약체결,2022-07-19,KOSDAQ,6320.0,6030.0,5880.0,5810.0,-0.04588607594936711,-0.069620253164557,-0.08069620253164556,
862926,20230712900625,00230425,나노엔텍,039860,최대주주변경을수반하는주식양수도계약해제ㆍ취소등,2023-07-12,KOSDAQ,4355.0,4585.0,5240.0,4725.0,0.05281285878300812,0.20321469575200912,0.08495981630309979,
862914,20230712900634,00230425,나노엔텍,039860,최대주주변경을수반하는주식양수도계약체결,2023-07-12,KOSDAQ,4355.0,4585.0,5240.0,4725.0,0.05281285878300812,0.20321469575200912,0.08495981630309979,
830793,20230908900515,00230425,나노엔텍,039860,최대주주변경,2023-09-08,KOSDAQ,4670.0,4645.0,4625.0,4625.0,-0.005353319057815886,-0.009635974304068484,-0.009635974304068484,
646220,20240521900303,00230425,나노엔텍,039860,최대주주변경,2024-05-21,KOSDAQ,3560.0,3400.0,3385.0,3365.0,-0.0449438202247191,-0.0491573033707865,-0.0547752808988764,
1260772,20211109900526,00364467,드림어스컴퍼니,060570,최대주주변경,2021-11-09,KOSDAQ,4960.0,4800.0,4800.0,4840.0,-0.032258064516129004,-0.032258064516129004,-0.024193548387096753,
316342,20251031900002,00364467,드림어스컴퍼니,060570,최대주주변경을수반하는주식양수도계약체결,2025-10-31,KOSDAQ,1657.0,1606.0,1551.0,1575.0,-0.030778515389257688,-0.06397103198551601,-0.04948702474351241,
298820,20251128900536,00364467,드림어스컴퍼니,060570,최대주주변경,2025-11-28,KOSDAQ,1650.0,1600.0,1604.0,1683.0,-0.030303030303030276,-0.027878787878787836,0.020000000000000018,
298689,20251128900603,00364467,드림어스컴퍼니,060570,최대주주변경을수반하는주식담보제공계약체결,2025-11-28,KOSDAQ,1650.0,1600.0,1604.0,1683.0,-0.030303030303030276,-0.027878787878787836,0.020000000000000018,
1260606,20211110900009,00608699,탑코미디어,134580,최대주주변경을수반하는주식양수도계약체결,2021-11-10,KOSDAQ,4510.0,5860.0,7610.0,6980.0,0.29933481152993346,0.687361419068736,0.5476718403547671,
1235201,20211223900771,00608699,탑코미디어,134580,최대주주변경,2021-12-23,KOSDAQ,8760.0,8090.0,7420.0,8770.0,-0.07648401826484019,-0.15296803652968038,0.0011415525114155667,
1235200,20211223900777,00608699,탑코미디어,134580,최대주주변경을수반하는주식담보제공계약체결,2021-12-23,KOSDAQ,8760.0,8090.0,7420.0,8770.0,-0.07648401826484019,-0.15296803652968038,0.0011415525114155667,
1002052,20230126900672,00608699,탑코미디어,134580,최대주주변경,2023-01-26,KOSDAQ,6320.0,7590.0,7090.0,7680.0,0.20094936708860756,0.12183544303797467,0.21518987341772156,
1002034,20230126900676,00608699,탑코미디어,134580,최대주주변경을수반하는주식담보제공계약해제ㆍ취소등,2023-01-26,KOSDAQ,6320.0,7590.0,7090.0,7680.0,0.20094936708860756,0.12183544303797467,0.21518987341772156,
780461,20231221900564,00608699,탑코미디어,134580,최대주주변경을수반하는주식담보제공계약체결,2023-12-21,KOSDAQ,3775.0,3500.0,3310.0,3475.0,-0.07284768211920534,-0.12317880794701985,-0.07947019867549665,
449910,20250401900772,00608699,탑코미디어,134580,최대주주변경을수반하는주식담보제공계약해제ㆍ취소등,2025-04-01,KOSDAQ,1986.0,1972.0,1972.0,1773.0,-0.007049345417925457,-0.007049345417925457,-0.10725075528700911,
1258201,20211112901233,00617998,폴라리스세원,234100,최대주주변경을수반하는주식양수도계약체결,2021-11-12,KOSDAQ,22805.0,22690.0,22920.0,22085.0,-0.005042753782065312,0.005042753782065423,-0.03157202367901779,
1250499,20211126900549,00617998,폴라리스세원,234100,최대주주변경,2021-11-26,KOSDAQ,21180.0,19805.0,18530.0,19530.0,-0.06491973559962227,-0.12511803588290837,-0.07790368271954673,
1254984,20211116900499,00552859,HLB테라퓨틱스,115450,최대주주변경,2021-11-16,KOSDAQ,7594.0,7103.0,6527.0,6527.0,-0.06465630761127206,-0.14050566236502504,-0.14050566236502504,
1254766,20211117900294,00552859,HLB테라퓨틱스,115450,최대주주변경을수반하는주식담보제공계약해제ㆍ취소등,2021-11-17,KOSDAQ,7103.0,6527.0,6655.0,6313.0,-0.08109249612839642,-0.06307194143319728,-0.11122061100943259,
1006616,20230112900407,00552859,HLB테라퓨틱스,115450,최대주주변경,2023-01-12,KOSDAQ,6034.0,6056.0,5903.0,5109.0,0.003646005966191579,-0.021710308253231725,-0.15329797812396417,
1254888,20211117900138,00480367,SK오션플랜트,100090,최대주주변경을수반하는주식양수도계약체결,2021-11-17,KOSPI,23600.0,23300.0,22800.0,20150.0,-0.012711864406779627,-0.03389830508474578,-0.14618644067796616,
1067274,20220831900586,00480367,SK오션플랜트,100090,최대주주변경,2022-08-31,KOSPI,27050.0,25800.0,25550.0,26050.0,-0.04621072088724587,-0.055452865064695045,-0.0369685767097967,
1067249,20220831900610,00480367,SK오션플랜트,100090,최대주주변경을수반하는주식담보제공계약해제ㆍ취소등,2022-08-31,KOSPI,27050.0,25800.0,25550.0,26050.0,-0.04621072088724587,-0.055452865064695045,-0.0369685767097967,
1254831,20211117900201,00188973,화일약품,061250,최대주주변경,2021-11-17,KOSDAQ,26650.0,26400.0,26950.0,27550.0,-0.009380863039399667,0.011257035647279645,0.03377110694183871,
383992,20250611900285,00188973,화일약품,061250,최대주주변경을수반하는주식양수도계약체결,2025-06-11,KOSDAQ,13720.0,13140.0,12500.0,12300.0,-0.042274052478134094,-0.08892128279883382,-0.10349854227405253,
373922,20250701900493,00188973,화일약품,061250,최대주주변경,2025-07-01,KOSDAQ,12280.0,12180.0,12220.0,11830.0,-0.008143322475570036,-0.004885993485342022,-0.03664495114006516,
1252358,20211124900234,01416572,세림B&G,340440,최대주주변경,2021-11-24,KOSDAQ,2955.0,3025.0,2855.0,2635.0,0.02368866328257191,-0.03384094754653133,-0.10829103214890012,
1251489,20211125900553,01440153,넥사다이내믹스,351320,최대주주변경,2021-11-25,KOSDAQ,5090.0,5560.0,5410.0,5430.0,0.09233791748526521,0.06286836935166984,0.06679764243614938,
516487,20250131900839,01440153,넥사다이내믹스,351320,최대주주변경,2025-01-31,KOSDAQ,1616.0,2100.0,2730.0,2510.0,0.29950495049504955,0.6893564356435644,0.5532178217821782,
516291,20250203900002,01440153,넥사다이내믹스,351320,최대주주변경을수반하는주식양수도계약체결,2025-02-03,KOSDAQ,2100.0,2730.0,3015.0,2690.0,0.30000000000000004,0.4357142857142857,0.28095238095238084,
471137,20250320901758,01440153,넥사다이내믹스,351320,최대주주변경,2025-03-20,KOSDAQ,2575.0,2550.0,2305.0,2395.0,-0.009708737864077666,-0.10485436893203881,-0.06990291262135917,
392440,20250528900596,01440153,넥사다이내믹스,351320,최대주주변경을수반하는주식담보제공계약체결,2025-05-28,KOSDAQ,2680.0,2510.0,2520.0,2490.0,-0.06343283582089554,-0.05970149253731338,-0.07089552238805974,
1250696,20211126900369,00861997,휴먼테크놀로지,175140,최대주주변경,2021-11-26,KOSDAQ,8010.0,7800.0,7600.0,8250.0,-0.02621722846441943,-0.051186017478152324,0.029962546816479474,
732695,20240311901328,00861997,휴먼테크놀로지,175140,최대주주변경,2024-03-11,KOSDAQ,4970.0,4070.0,4100.0,4035.0,-0.1810865191146881,-0.17505030181086523,-0.18812877263581484,
1249455,20211129900520,01219155,네오크레마,311390,최대주주변경을수반하는주식양수도계약체결,2021-11-29,KOSDAQ,21150.0,17000.0,18300.0,16700.0,-0.19621749408983447,-0.13475177304964536,-0.21040189125295505,
1196547,20220304900421,01219155,네오크레마,311390,최대주주변경,2022-03-04,KOSDAQ,24600.0,21300.0,21400.0,21650.0,-0.13414634146341464,-0.13008130081300817,-0.11991869918699183,
1110984,20220531900740,01219155,네오크레마,311390,최대주주변경을수반하는주식양수도계약체결,2022-05-31,KOSDAQ,19000.0,18250.0,18250.0,17900.0,-0.03947368421052633,-0.03947368421052633,-0.05789473684210522,
1086308,20220728900297,01219155,네오크레마,311390,최대주주변경,2022-07-28,KOSDAQ,15800.0,15450.0,15100.0,14300.0,-0.022151898734177222,-0.044303797468354444,-0.09493670886075944,
826428,20230920900364,01219155,네오크레마,311390,최대주주변경,2023-09-20,KOSDAQ,9180.0,9110.0,8730.0,8490.0,-0.007625272331154731,-0.0490196078431373,-0.07516339869281041,
680402,20240408900702,01219155,네오크레마,311390,최대주주변경,2024-04-08,KOSDAQ,6470.0,6480.0,6520.0,6440.0,0.0015455950540959051,0.007727975270479082,-0.004636785162287493,
319144,20251024900627,01219155,네오크레마,311390,최대주주변경을수반하는주식담보제공계약체결,2025-10-24,KOSDAQ,7500.0,7470.0,7410.0,7440.0,-0.0040000000000000036,-0.01200000000000001,-0.008000000000000007,
1246115,20211201800715,00156150,엑시큐어하이트론,019490,최대주주변경,2021-12-01,KOSPI,3469.0,3339.0,3529.0,3476.0,-0.03747477659267795,0.017296050735082114,0.0020178725857595836,
862907,20230712800673,00156150,엑시큐어하이트론,019490,최대주주변경,2023-07-12,KOSPI,1740.0,1740.0,1740.0,1740.0,0.0,0.0,0.0,
312235,20251110800560,00156150,엑시큐어하이트론,019490,최대주주변경,2025-11-10,KOSPI,647.0,619.0,618.0,596.0,-0.043276661514683123,-0.04482225656877903,-0.07882534775888717,
1246468,20211201900281,01336443,디와이씨,310870,최대주주변경,2021-12-01,KOSDAQ,3295.0,3080.0,3015.0,3105.0,-0.06525037936267075,-0.08497723823975722,-0.057663125948406724,
1245737,20211202800362,00350312,HDC랩스,039570,최대주주등소유주식변동신고서(최대주주변경시),2021-12-02,KOSPI,11750.0,12000.0,12100.0,12200.0,0.02127659574468077,0.029787234042553123,0.038297872340425476,
1245603,20211202800506,00350312,HDC랩스,039570,최대주주변경,2021-12-02,KOSPI,11750.0,12000.0,12100.0,12200.0,0.02127659574468077,0.029787234042553123,0.038297872340425476,
1245556,20211202800560,00117629,KBI동양철관,008970,최대주주변경,2021-12-02,KOSPI,2304.0,2397.0,2397.0,2406.0,0.04036458333333326,0.04036458333333326,0.04427083333333326,
1245566,20211202800563,00117629,KBI동양철관,008970,최대주주등소유주식변동신고서(최대주주변경시),2021-12-02,KOSPI,2304.0,2397.0,2397.0,2406.0,0.04036458333333326,0.04036458333333326,0.04427083333333326,
1245407,20211203800151,00361008,한화엔진,082740,최대주주변경,2021-12-03,KOSPI,6158.0,6048.0,6260.0,6339.0,-0.01786294251380316,0.016563819421890225,0.029392659954530664,
1245403,20211203800159,00361008,한화엔진,082740,최대주주등소유주식변동신고서(최대주주변경시),2021-12-03,KOSPI,6158.0,6048.0,6260.0,6339.0,-0.01786294251380316,0.016563819421890225,0.029392659954530664,
744632,20240227800963,00361008,한화엔진,082740,최대주주변경,2024-02-27,KOSPI,8420.0,9090.0,9110.0,9020.0,0.07957244655581941,0.08194774346793343,0.07125890736342044,
744648,20240227801057,00361008,한화엔진,082740,최대주주등소유주식변동신고서(최대주주변경시),2024-02-27,KOSPI,8420.0,9090.0,9110.0,9020.0,0.07957244655581941,0.08194774346793343,0.07125890736342044,
1245130,20211203900461,00625942,한솔아이원스,114810,최대주주변경을수반하는주식양수도계약체결,2021-12-03,KOSDAQ,12350.0,12000.0,10750.0,11150.0,-0.028340080971659964,-0.12955465587044535,-0.09716599190283404,
1224851,20220114900534,00625942,한솔아이원스,114810,최대주주변경,2022-01-14,KOSDAQ,11000.0,11000.0,10950.0,10500.0,0.0,-0.004545454545454519,-0.045454545454545414,
1243902,20211208900157,01508855,블리츠웨이엔터테인먼트,369370,최대주주변경,2021-12-08,KOSDAQ,5540.0,5520.0,5600.0,5170.0,-0.0036101083032491488,0.010830324909747224,-0.06678700361010825,
1243553,20211208900584,00536329,노블엠앤비,106520,최대주주변경,2021-12-08,KOSDAQ,3545.0,3400.0,3495.0,3250.0,-0.04090267983074758,-0.014104372355430161,-0.08321579689703806,
967738,20230315901964,00536329,노블엠앤비,106520,최대주주변경을수반하는주식담보제공계약체결,2023-03-15,KOSDAQ,516.0,520.0,475.0,400.0,0.007751937984496138,-0.0794573643410853,-0.22480620155038755,
967458,20230315902326,00536329,노블엠앤비,106520,최대주주변경을수반하는주식담보제공계약해제ㆍ취소등,2023-03-15,KOSDAQ,516.0,520.0,475.0,400.0,0.007751937984496138,-0.0794573643410853,-0.22480620155038755,
1243552,20211208900585,01487446,씨엔알리서치,359090,최대주주변경,2021-12-08,KOSDAQ,2530.0,2540.0,2585.0,2540.0,0.0039525691699604515,0.021739130434782705,0.0039525691699604515,
1242651,20211210800384,01350869,우리금융지주,316140,최대주주변경,2021-12-10,KOSPI,13000.0,13150.0,13200.0,13550.0,0.011538461538461497,0.01538461538461533,0.04230769230769238,
1242656,20211210800421,01350869,우리금융지주,316140,최대주주등소유주식변동신고서(최대주주변경시),2021-12-10,KOSPI,13000.0,13150.0,13200.0,13550.0,0.011538461538461497,0.01538461538461533,0.04230769230769238,
1241617,20211214800073,01562589,LX홀딩스,383800,최대주주변경,2021-12-14,KOSPI,10100.0,10950.0,10700.0,9930.0,0.08415841584158423,0.05940594059405946,-0.016831683168316847,
1241611,20211214800087,01562589,LX홀딩스,383800,최대주주등소유주식변동신고서(최대주주변경시),2021-12-14,KOSPI,10100.0,10950.0,10700.0,9930.0,0.08415841584158423,0.05940594059405946,-0.016831683168316847,
1240937,20211214900928,00660121,디에이테크놀로지,196490,최대주주변경,2021-12-14,KOSDAQ,44040.0,45600.0,45000.0,43560.0,0.03542234332425065,0.021798365122615904,-0.010899182561307952,
756665,20240208901433,00660121,디에이테크놀로지,196490,최대주주변경을수반하는주식양수도계약체결,2024-02-08,KOSDAQ,15750.0,16290.0,16560.0,14760.0,0.03428571428571425,0.05142857142857138,-0.06285714285714283,
742063,20240228901554,00660121,디에이테크놀로지,196490,최대주주변경,2024-02-28,KOSDAQ,13620.0,13020.0,12870.0,10740.0,-0.04405286343612336,-0.05506607929515417,-0.21145374449339205,
14580,20260507900989,00660121,디에이테크놀로지,196490,최대주주변경,2026-05-07,KOSDAQ,6090.0,6090.0,6090.0,6090.0,0.0,0.0,0.0,
1240012,20211215901005,00483735,해성옵틱스,076610,최대주주변경,2021-12-15,KOSDAQ,5299.0,5043.0,5090.0,4973.0,-0.04831100207586336,-0.03944140403849783,-0.06152104170598227,
1230875,20211231900134,00483735,해성옵틱스,076610,최대주주인명목회사·조합등의최대주주변경((조합원간 지분양수도)),2021-12-31,KOSDAQ,5159.0,5206.0,5043.0,4634.0,0.009110292692382282,-0.022484977708858267,-0.10176390773405697,
1163705,20220331902702,00483735,해성옵틱스,076610,최대주주인명목회사·조합등의최대주주변경((조합원간 지분양수도)),2022-03-31,KOSDAQ,4165.0,4146.0,4183.0,4615.0,-0.004561824729891972,0.004321728691476512,0.1080432172869148,
1239725,20211215901390,00148531,제이스코홀딩스,023440,최대주주변경을수반하는주식담보제공계약체결,2021-12-15,KOSDAQ,2730.0,2750.0,2785.0,2700.0,0.0073260073260073,0.020146520146520075,-0.01098901098901095,
1013119,20221228900950,00148531,제이스코홀딩스,023440,최대주주변경을수반하는주식담보제공계약해제ㆍ취소등,2022-12-28,KOSDAQ,2590.0,2710.0,2740.0,3115.0,0.04633204633204624,0.05791505791505802,0.20270270270270263,
790440,20231204900537,00148531,제이스코홀딩스,023440,최대주주변경을수반하는주식담보제공계약체결,2023-12-04,KOSDAQ,1540.0,1440.0,1490.0,1485.0,-0.06493506493506496,-0.03246753246753242,-0.0357142857142857,
640877,20240530900715,00148531,제이스코홀딩스,023440,최대주주변경을수반하는주식담보제공계약해제ㆍ취소등,2024-05-30,KOSDAQ,2145.0,2160.0,2375.0,2120.0,0.006993006993007089,0.10722610722610715,-0.011655011655011704,
640874,20240530900719,00148531,제이스코홀딩스,023440,최대주주변경을수반하는주식담보제공계약체결,2024-05-30,KOSDAQ,2145.0,2160.0,2375.0,2120.0,0.006993006993007089,0.10722610722610715,-0.011655011655011704,
512100,20250207901210,00148531,제이스코홀딩스,023440,최대주주변경을수반하는주식담보제공계약해제ㆍ취소등,2025-02-07,KOSDAQ,1710.0,1798.0,1799.0,1795.0,0.05146198830409365,0.05204678362573101,0.04970760233918137,
512032,20250207901267,00148531,제이스코홀딩스,023440,최대주주변경을수반하는주식담보제공계약체결,2025-02-07,KOSDAQ,1710.0,1798.0,1799.0,1795.0,0.05146198830409365,0.05204678362573101,0.04970760233918137,
432854,20250407901075,00148531,제이스코홀딩스,023440,최대주주변경을수반하는주식담보제공계약해제ㆍ취소등,2025-04-07,KOSDAQ,1842.0,1841.0,1800.0,1801.0,-0.0005428881650380024,-0.0228013029315961,-0.0222584147665581,
432671,20250407901092,00148531,제이스코홀딩스,023440,최대주주변경을수반하는주식담보제공계약체결,2025-04-07,KOSDAQ,1842.0,1841.0,1800.0,1801.0,-0.0005428881650380024,-0.0228013029315961,-0.0222584147665581,
1238763,20211216801171,00124540,대우건설,047040,최대주주변경,2021-12-16,KOSPI,6080.0,6050.0,5850.0,5800.0,-0.004934210526315819,-0.03782894736842102,-0.046052631578947345,
1199039,20220228801176,00124540,대우건설,047040,최대주주등소유주식변동신고서(최대주주변경시),2022-02-28,KOSPI,6270.0,6380.0,6780.0,6740.0,0.01754385964912286,0.08133971291866038,0.07496012759170645,
1238111,20211217900341,01046391,싸이토젠,217330,조회공시요구(풍문또는보도)(최대주주 변경설),2021-12-17,KOSDAQ,19971.0,19971.0,19366.0,18796.0,0.0,-0.03029392619297977,-0.05883531120124175,
1237647,20211220900180,01046391,싸이토젠,217330,최대주주변경,2021-12-20,KOSDAQ,19971.0,19366.0,19098.0,18762.0,-0.03029392619297977,-0.0437133844073907,-0.06053777978068198,
1234029,20211227900476,01046391,싸이토젠,217330,최대주주변경,2021-12-27,KOSDAQ,18762.0,18594.0,18964.0,20474.0,-0.008954269267668735,0.010766442809934995,0.09124826777529038,
1118016,20220523900543,01046391,싸이토젠,217330,[첨부추가]최대주주변경을수반하는주식담보제공계약체결,2022-05-23,KOSDAQ,19769.0,19669.0,19870.0,19937.0,-0.005058424806515305,0.005109009054580449,0.008498153674945552,
1058670,20220927900335,01046391,싸이토젠,217330,최대주주변경을수반하는주식담보제공계약해제ㆍ취소등,2022-09-27,KOSDAQ,19400.0,20000.0,20300.0,21100.0,0.030927835051546282,0.046391752577319645,0.08762886597938135,
1058657,20220927900346,01046391,싸이토젠,217330,최대주주변경을수반하는주식담보제공계약체결,2022-09-27,KOSDAQ,19400.0,20000.0,20300.0,21100.0,0.030927835051546282,0.046391752577319645,0.08762886597938135,
781795,20231219900574,01046391,싸이토젠,217330,최대주주변경을수반하는주식양수도계약체결,2023-12-19,KOSDAQ,12690.0,12500.0,12820.0,13280.0,-0.014972419227738398,0.010244286840031425,0.046493301812450705,
776791,20231228901062,01046391,싸이토젠,217330,최대주주변경을수반하는주식담보제공계약해제ㆍ취소등,2023-12-28,KOSDAQ,13520.0,13810.0,13360.0,12520.0,0.02144970414201186,-0.011834319526627168,-0.07396449704142016,
776792,20231228901095,01046391,싸이토젠,217330,최대주주변경,2023-12-28,KOSDAQ,13520.0,13810.0,13360.0,12520.0,0.02144970414201186,-0.011834319526627168,-0.07396449704142016,
1237638,20211220900187,00815767,위메이드플레이,123420,최대주주변경을수반하는주식양수도계약체결,2021-12-20,KOSDAQ,38700.0,37600.0,37050.0,33700.0,-0.028423772609819098,-0.04263565891472865,-0.12919896640826878,
1225580,20220113900226,00815767,위메이드플레이,123420,최대주주변경,2022-01-13,KOSDAQ,29950.0,28900.0,29100.0,28100.0,-0.035058430717863076,-0.028380634390651083,-0.06176961602671116,
38704,20260409901124,00815767,위메이드플레이,123420,최대주주변경,2026-04-09,KOSDAQ,6840.0,7100.0,7170.0,7770.0,0.03801169590643272,0.04824561403508776,0.13596491228070184,
1236613,20211221800723,00508344,SK디앤디,210980,최대주주변경,2021-12-21,KOSPI,17655.0,17882.0,17655.0,18194.0,0.01285754743698675,0.0,0.030529595015576394,
1236616,20211221800725,00508344,SK디앤디,210980,최대주주등소유주식변동신고서(최대주주변경시),2021-12-21,KOSPI,17655.0,17882.0,17655.0,18194.0,0.01285754743698675,0.0,0.030529595015576394,
315564,20251031800945,00508344,SK디앤디,210980,최대주주변경,2025-10-31,KOSPI,12750.0,12740.0,12670.0,12660.0,-0.0007843137254901489,-0.006274509803921524,-0.007058823529411784,
315579,20251031800949,00508344,SK디앤디,210980,최대주주등소유주식변동신고서(최대주주변경시),2025-10-31,KOSPI,12750.0,12740.0,12670.0,12660.0,-0.0007843137254901489,-0.006274509803921524,-0.007058823529411784,
1236981,20211221900304,00385336,홈캐스트,064240,최대주주변경을수반하는주식담보제공계약해제ㆍ취소등,2021-12-21,KOSDAQ,4580.0,4825.0,4675.0,4410.0,0.053493449781659486,0.020742358078602585,-0.037117903930131035,
1236001,20211222800732,00136776,차AI헬스케어,025620,최대주주변경,2021-12-22,KOSPI,17432.0,22586.0,19787.0,20269.0,0.29566314823313444,0.13509637448370815,0.16274667278568145,
1235808,20211223800065,00136776,차AI헬스케어,025620,최대주주등소유주식변동신고서(최대주주변경시),2021-12-23,KOSPI,22586.0,19787.0,18455.0,19883.0,-0.12392632604268128,-0.1829009120694235,-0.11967590542814133,
1087712,20220725800486,00136776,차AI헬스케어,025620,최대주주변경,2022-07-25,KOSPI,18590.0,18725.0,18397.0,18628.0,0.007261968800430285,-0.010381925766541178,0.002044109736417443,
1087728,20220725800487,00136776,차AI헬스케어,025620,최대주주등소유주식변동신고서(최대주주변경시),2022-07-25,KOSPI,18590.0,18725.0,18397.0,18628.0,0.007261968800430285,-0.010381925766541178,0.002044109736417443,
1083494,20220804800449,00136776,차AI헬스케어,025620,최대주주변경,2022-08-04,KOSPI,17934.0,18397.0,17760.0,17490.0,0.02581688413070138,-0.00970224155235866,-0.02475744396119106,
1083493,20220804800461,00136776,차AI헬스케어,025620,최대주주등소유주식변동신고서(최대주주변경시),2022-08-04,KOSPI,17934.0,18397.0,17760.0,17490.0,0.02581688413070138,-0.00970224155235866,-0.02475744396119106,
383421,20250612800070,00136776,차AI헬스케어,025620,최대주주변경,2025-06-12,KOSPI,8600.0,8450.0,8090.0,8250.0,-0.01744186046511631,-0.059302325581395365,-0.04069767441860461,
305979,20251117800608,00136776,차AI헬스케어,025620,최대주주인명목회사의최대주주변경,2025-11-17,KOSPI,13010.0,13460.0,13890.0,12080.0,0.03458877786318215,0.06764027671022288,-0.07148347425057644,
1236059,20211222900652,00147772,정원엔시스,045510,최대주주변경,2021-12-22,KOSDAQ,2570.0,2540.0,2535.0,2470.0,-0.011673151750972721,-0.013618677042801508,-0.03891050583657585,
1234456,20211224900955,00620558,에이비프로바이오,195990,최대주주인명목회사·조합등의최대주주변경,2021-12-24,KOSDAQ,8290.0,8358.0,8187.0,8393.0,0.008202653799758819,-0.012424607961399325,0.012424607961399214,
1127948,20220504900769,00620558,에이비프로바이오,195990,최대주주변경을수반하는주식담보제공계약체결,2022-05-04,KOSDAQ,7356.0,7519.0,7356.0,7425.0,0.02215878194671017,0.0,0.009380097879282179,
990013,20230217900942,00620558,에이비프로바이오,195990,최대주주변경을수반하는주식담보제공계약체결,2023-02-17,KOSDAQ,3477.0,3519.0,3494.0,3100.0,0.012079378774805916,0.004889272361231045,-0.10842680471670985,
871085,20230626900538,00620558,에이비프로바이오,195990,최대주주변경을수반하는주식담보제공계약해제ㆍ취소등,2023-06-26,KOSDAQ,4324.0,4239.0,4153.0,4008.0,-0.019657724329324666,-0.0395467160037003,-0.07308048103607767,
871082,20230626900541,00620558,에이비프로바이오,195990,최대주주변경을수반하는주식담보제공계약체결,2023-06-26,KOSDAQ,4324.0,4239.0,4153.0,4008.0,-0.019657724329324666,-0.0395467160037003,-0.07308048103607767,
663861,20240419900575,00620558,에이비프로바이오,195990,최대주주변경을수반하는주식담보제공계약해제ㆍ취소등,2024-04-19,KOSDAQ,4205.0,4487.0,4573.0,4376.0,0.06706302021403099,0.08751486325802627,0.040665873959571996,
388111,20250530901338,00620558,에이비프로바이오,195990,최대주주변경을수반하는주식담보제공계약체결,2025-05-30,KOSDAQ,2689.0,2612.0,2586.0,2594.0,-0.028635180364447788,-0.03830420230568987,-0.03532911863146149,
345151,20250826900285,00620558,에이비프로바이오,195990,최대주주변경을수반하는주식담보제공계약해제ㆍ취소등,2025-08-26,KOSDAQ,1832.0,1926.0,1875.0,1712.0,0.051310043668122196,0.02347161572052392,-0.06550218340611358,
68292,20260331903539,00620558,에이비프로바이오,195990,최대주주변경,2026-03-31,KOSDAQ,1426.0,1404.0,1362.0,1412.0,-0.015427769985974726,-0.04488078541374474,-0.009817671809256634,
1234032,20211227900419,01189438,HLB바이오스텝,278650,최대주주변경을수반하는주식양수도계약체결,2021-12-27,KOSDAQ,22160.0,15595.0,15595.0,16570.0,-0.29625451263537905,-0.29625451263537905,-0.2522563176895307,
1167559,20220330902539,01189438,HLB바이오스텝,278650,최대주주변경,2022-03-30,KOSDAQ,18905.0,18880.0,19545.0,19575.0,-0.0013224014810896412,0.033853477915895214,0.035440359693202916,
1167547,20220330902578,01189438,HLB바이오스텝,278650,최대주주변경을수반하는주식담보제공계약해제ㆍ취소등,2022-03-30,KOSDAQ,18905.0,18880.0,19545.0,19575.0,-0.0013224014810896412,0.033853477915895214,0.035440359693202916,
1233436,20211228800410,00130772,SBS,034120,최대주주변경,2021-12-28,KOSPI,46200.0,47700.0,49350.0,49800.0,0.032467532467532534,0.06818181818181812,0.07792207792207795,
1233463,20211228800416,00130772,SBS,034120,최대주주등소유주식변동신고서(최대주주변경시),2021-12-28,KOSPI,46200.0,47700.0,49350.0,49800.0,0.032467532467532534,0.06818181818181812,0.07792207792207795,
1233219,20211228900656,00243979,수성웹툰,084180,최대주주변경을수반하는주식담보제공계약체결,2021-12-28,KOSDAQ,18700.0,19450.0,19600.0,18550.0,0.04010695187165769,0.048128342245989275,-0.008021390374331583,
1219978,20220126900771,00243979,수성웹툰,084180,최대주주변경,2022-01-26,KOSDAQ,16000.0,15200.0,16050.0,16650.0,-0.050000000000000044,0.0031250000000000444,0.04062499999999991,
1219897,20220126900894,00243979,수성웹툰,084180,최대주주변경을수반하는주식담보제공계약해제ㆍ취소등,2022-01-26,KOSDAQ,16000.0,15200.0,16050.0,16650.0,-0.050000000000000044,0.0031250000000000444,0.04062499999999991,
1021741,20221213900794,00243979,수성웹툰,084180,최대주주변경,2022-12-13,KOSDAQ,15400.0,15850.0,16600.0,15200.0,0.02922077922077926,0.07792207792207795,-0.012987012987012991,
880686,20230601900488,00243979,수성웹툰,084180,최대주주인명목회사·조합등의최대주주변경,2023-06-01,KOSDAQ,10400.0,12760.0,11680.0,11490.0,0.226923076923077,0.12307692307692308,0.10480769230769238,
854769,20230731900777,00243979,수성웹툰,084180,기타시장안내(최대주주 변경 관련),2023-07-31,KOSDAQ,10300.0,10060.0,9910.0,9290.0,-0.023300970873786353,-0.03786407766990296,-0.09805825242718447,
854770,20230731900779,00243979,수성웹툰,084180,최대주주변경,2023-07-31,KOSDAQ,10300.0,10060.0,9910.0,9290.0,-0.023300970873786353,-0.03786407766990296,-0.09805825242718447,
303861,20251121900718,00243979,수성웹툰,084180,최대주주변경을수반하는주식담보제공계약체결,2025-11-21,KOSDAQ,3135.0,3160.0,3210.0,3170.0,0.00797448165869219,0.02392344497607657,0.011164274322169154,
285759,20251219900779,00243979,수성웹툰,084180,최대주주변경을수반하는주식담보제공계약해제ㆍ취소등,2025-12-19,KOSDAQ,3375.0,3375.0,3310.0,3130.0,0.0,-0.01925925925925931,-0.07259259259259254,
262675,20260203901188,00243979,수성웹툰,084180,최대주주변경을수반하는주식담보제공계약체결,2026-02-03,KOSDAQ,1729.0,1734.0,1601.0,1680.0,0.0028918449971082616,-0.07403123192596872,-0.028340080971659964,
1231671,20211230900348,00202839,한창산업,079170,최대주주변경,2021-12-30,KOSDAQ,8300.0,8500.0,8540.0,8570.0,0.024096385542168752,0.028915662650602414,0.032530120481927716,
1230029,20220103600563,01113499,아이티센피엔에스,232830,최대주주변경,2022-01-03,KOSDAQ,3170.0,3195.0,3195.0,3050.0,0.007886435331230235,0.007886435331230235,-0.03785488958990535,
1230295,20220103900203,01514698,엑스플러스,373200,최대주주변경,2022-01-03,KOSDAQ,3020.0,2995.0,3250.0,3345.0,-0.008278145695364225,0.07615894039735105,0.10761589403973515,
824373,20230925900632,01514698,엑스플러스,373200,최대주주변경을수반하는주식양수도계약체결,2023-09-25,KOSDAQ,7745.0,6470.0,7745.0,7605.0,-0.16462233699160744,0.0,-0.018076178179470603,
806660,20231109900714,01514698,엑스플러스,373200,최대주주변경,2023-11-09,KOSDAQ,9320.0,9330.0,9070.0,8870.0,0.0010729613733906351,-0.02682403433476399,-0.04828326180257514,
662138,20240424900007,01514698,엑스플러스,373200,최대주주변경을수반하는주식양수도계약체결,2024-04-24,KOSDAQ,7445.0,6905.0,6880.0,6490.0,-0.07253190060443249,-0.07588985896574885,-0.1282740094022834,
598837,20240814902469,01514698,엑스플러스,373200,최대주주변경을수반하는주식양수도계약해제ㆍ취소등,2024-08-14,KOSDAQ,3590.0,3180.0,3060.0,3350.0,-0.11420612813370479,-0.14763231197771587,-0.06685236768802227,
1229467,20220104800530,00161693,한샘,009240,최대주주등소유주식변동신고서(최대주주변경시),2022-01-04,KOSPI,91600.0,90300.0,87000.0,88600.0,-0.014192139737991272,-0.05021834061135366,-0.03275109170305679,
1229458,20220104800538,00161693,한샘,009240,최대주주변경,2022-01-04,KOSPI,91600.0,90300.0,87000.0,88600.0,-0.014192139737991272,-0.05021834061135366,-0.03275109170305679,
1225901,20220112800415,00197759,미래산업,025560,최대주주변경,2022-01-12,KOSPI,31075.0,30744.0,29994.0,27694.0,-0.01065164923572004,-0.03478680611423979,-0.1088012872083669,
1225909,20220112800423,00197759,미래산업,025560,최대주주등소유주식변동신고서(최대주주변경시),2022-01-12,KOSPI,31075.0,30744.0,29994.0,27694.0,-0.01065164923572004,-0.03478680611423979,-0.1088012872083669,
888394,20230523800387,00197759,미래산업,025560,투자판단관련주요경영사항(최대주주 변경 수반 주식 및 경영권 양수도 계약 체결),2023-05-23,KOSPI,60965.0,58141.0,55614.0,50595.0,-0.04632165996883453,-0.08777167227097515,-0.17009759698187488,
863052,20230712800451,00197759,미래산업,025560,최대주주변경,2023-07-12,KOSPI,60756.0,67082.0,68180.0,62603.0,0.10412140364737632,0.12219369280400283,0.030400289683323534,
863037,20230712800524,00197759,미래산업,025560,최대주주등소유주식변동신고서(최대주주변경시),2023-07-12,KOSPI,60756.0,67082.0,68180.0,62603.0,0.10412140364737632,0.12219369280400283,0.030400289683323534,
1225632,20220113900174,00205003,좋은사람들,033340,최대주주변경,2022-01-13,KOSDAQ,1797.0,1797.0,1797.0,1797.0,0.0,0.0,0.0,
1055091,20221005900540,00205003,좋은사람들,033340,최대주주변경,2022-10-05,KOSDAQ,1797.0,1797.0,1797.0,1797.0,0.0,0.0,0.0,
1224872,20220114800533,00191472,KPX케미칼,025000,최대주주등소유주식변동신고서(최대주주변경시),2022-01-14,KOSPI,51880.0,50748.0,50088.0,49617.0,-0.02181958365458747,-0.034541249036237454,-0.04361989205859673,
1224772,20220114800675,00191472,KPX케미칼,025000,최대주주변경,2022-01-14,KOSPI,51880.0,50748.0,50088.0,49617.0,-0.02181958365458747,-0.034541249036237454,-0.04361989205859673,
1222161,20220121900333,00527491,하이드로리튬,101670,최대주주변경,2022-01-21,KOSDAQ,1505.0,1435.0,1375.0,1350.0,-0.046511627906976716,-0.08637873754152825,-0.10299003322259137,
1066074,20220905900002,00527491,하이드로리튬,101670,최대주주변경을수반하는주식양수도계약체결,2022-09-05,KOSDAQ,5990.0,6600.0,8580.0,9800.0,0.10183639398998334,0.43238731218697835,0.6360601001669448,
1051721,20221013900520,00527491,하이드로리튬,101670,최대주주변경,2022-10-13,KOSDAQ,15700.0,15500.0,14150.0,12500.0,-0.01273885350318471,-0.0987261146496815,-0.20382165605095537,
662405,20240423900673,00527491,하이드로리튬,101670,최대주주변경을수반하는주식담보제공계약체결,2024-04-23,KOSDAQ,5590.0,5630.0,5380.0,5320.0,0.007155635062611854,-0.03756708407871201,-0.04830053667262968,
570261,20241015900536,00527491,하이드로리튬,101670,최대주주변경을수반하는주식담보제공계약해제ㆍ취소등,2024-10-15,KOSDAQ,1928.0,1842.0,1828.0,1716.0,-0.04460580912863066,-0.051867219917012486,-0.10995850622406644,
557694,20241113900712,00527491,하이드로리튬,101670,최대주주변경,2024-11-13,KOSDAQ,2765.0,2515.0,2415.0,2410.0,-0.09041591320072329,-0.12658227848101267,-0.12839059674502717,
1221428,20220124900555,00297448,플래스크,041590,최대주주변경,2022-01-24,KOSDAQ,6488.0,6833.0,7073.0,6307.0,0.05317509247842178,0.0901664611590629,-0.02789765721331694,
267355,20260128900461,00297448,플래스크,041590,투자판단관련주요경영사항              (최대주주 변경 관련 우선협상대상자 선정),2026-01-28,KOSDAQ,2370.0,2370.0,2370.0,2370.0,0.0,0.0,0.0,
103936,20260309900767,00297448,플래스크,041590,투자판단관련주요경영사항              (최대주주 변경 관련 우선협상대상자 선정 취소),2026-03-09,KOSDAQ,2370.0,2370.0,2370.0,2370.0,0.0,0.0,0.0,
1220223,20220126800487,00103006,고려제강,002240,최대주주등소유주식변동신고서(최대주주변경시),2022-01-26,KOSPI,16657.0,16231.0,16700.0,18063.0,-0.025574833403373964,0.0025814972684157222,0.08440895719517316,
1220154,20220126800579,00103006,고려제강,002240,최대주주변경,2022-01-26,KOSPI,16657.0,16231.0,16700.0,18063.0,-0.025574833403373964,0.0025814972684157222,0.08440895719517316,
1219783,20220127900007,01061327,클래시스,214150,최대주주변경을수반하는주식양수도계약체결,2022-01-27,KOSDAQ,15100.0,15350.0,15250.0,15550.0,0.01655629139072845,0.009933774834437026,0.0298013245033113,
1156451,20220404900902,01061327,클래시스,214150,최대주주변경,2022-04-04,KOSDAQ,22600.0,22300.0,23050.0,23700.0,-0.013274336283185861,0.019911504424778848,0.04867256637168138,
1218261,20220128901099,00128111,포스코엠텍,009520,수시공시의무관련사항(공정공시)(최대주주의 물적분할에 따른 최대주주 변경 예정),2022-01-28,KOSDAQ,6990.0,7150.0,7260.0,7430.0,0.022889842632331847,0.03862660944205998,0.06294706723891275,
1198073,20220302901264,00128111,포스코엠텍,009520,최대주주변경,2022-03-02,KOSDAQ,7490.0,7500.0,7360.0,7360.0,0.001335113484646211,-0.01735647530040052,-0.01735647530040052,
1217917,20220203800346,00102140,경인전자,009140,최대주주등소유주식변동신고서(최대주주변경시),2022-02-03,KOSPI,31000.0,32500.0,32700.0,30850.0,0.048387096774193505,0.05483870967741944,-0.004838709677419395,
1217873,20220203800393,00102140,경인전자,009140,최대주주변경,2022-02-03,KOSPI,31000.0,32500.0,32700.0,30850.0,0.048387096774193505,0.05483870967741944,-0.004838709677419395,
117356,20260615800895,00102140,경인전자,009140,최대주주변경,2026-06-15,KOSPI,26600.0,27350.0,27500.0,22100.0,0.02819548872180455,0.03383458646616533,-0.16917293233082709,
117367,20260615800923,00102140,경인전자,009140,최대주주등소유주식변동신고서(최대주주변경시),2026-06-15,KOSPI,26600.0,27350.0,27500.0,22100.0,0.02819548872180455,0.03383458646616533,-0.16917293233082709,
1217653,20220203900689,01144569,피엔티엠에스,257370,최대주주변경,2022-02-03,KOSDAQ,9970.0,9970.0,9970.0,9970.0,0.0,0.0,0.0,
1217582,20220203900883,01144569,피엔티엠에스,257370,최대주주변경을수반하는주식담보제공계약해제ㆍ취소등,2022-02-03,KOSDAQ,9970.0,9970.0,9970.0,9970.0,0.0,0.0,0.0,
1214366,20220209900833,00273110,에스티큐브,052020,최대주주변경을수반하는주식담보제공계약해제ㆍ취소등,2022-02-09,KOSDAQ,6644.0,6544.0,6511.0,6193.0,-0.015051173991571298,-0.020018061408789922,-0.06788079470198671,
1214317,20220209900897,00273110,에스티큐브,052020,최대주주변경을수반하는주식담보제공계약체결,2022-02-09,KOSDAQ,6644.0,6544.0,6511.0,6193.0,-0.015051173991571298,-0.020018061408789922,-0.06788079470198671,
806741,20231109900573,00273110,에스티큐브,052020,최대주주변경을수반하는주식담보제공계약해제ㆍ취소등,2023-11-09,KOSDAQ,8239.0,7466.0,7502.0,8451.0,-0.09382206578468266,-0.08945260347129502,0.02573127806772657,
566915,20241024900227,00273110,에스티큐브,052020,최대주주변경,2024-10-24,KOSDAQ,5980.0,5480.0,5500.0,6210.0,-0.08361204013377932,-0.08026755852842804,0.03846153846153855,
1214261,20220209901009,00346407,크레오에스지,040350,최대주주변경을수반하는주식담보제공계약체결,2022-02-09,KOSDAQ,12495.0,12600.0,12270.0,11885.0,0.008403361344537785,-0.01800720288115243,-0.04881952781112442,
782008,20231219900300,00346407,크레오에스지,040350,최대주주변경,2023-12-19,KOSDAQ,5665.0,5570.0,5570.0,5780.0,-0.016769638128861453,-0.016769638128861453,0.0203000882612534,
781765,20231219900604,00346407,크레오에스지,040350,최대주주변경을수반하는주식담보제공계약해제ㆍ취소등,2023-12-19,KOSDAQ,5665.0,5570.0,5570.0,5780.0,-0.016769638128861453,-0.016769638128861453,0.0203000882612534,
550049,20241126900417,00346407,크레오에스지,040350,최대주주변경을수반하는주식담보제공계약체결,2024-11-26,KOSDAQ,6545.0,6510.0,7020.0,6360.0,-0.005347593582887722,0.07257448433919023,-0.02826585179526353,
332579,20250918900459,00346407,크레오에스지,040350,최대주주변경을수반하는주식담보제공계약해제ㆍ취소등,2025-09-18,KOSDAQ,4605.0,4590.0,4440.0,4405.0,-0.0032573289902280145,-0.03583061889250816,-0.04343105320304019,
118186,20260612900895,00346407,크레오에스지,040350,최대주주변경을수반하는주식담보제공계약체결,2026-06-12,KOSDAQ,11610.0,11440.0,8010.0,9010.0,-0.01464254952627042,-0.31007751937984496,-0.2239448751076658,
1212130,20220211901271,00346610,시지메드텍,056090,최대주주변경을수반하는주식양수도계약체결,2022-02-11,KOSDAQ,4860.0,6300.0,8180.0,11000.0,0.2962962962962963,0.6831275720164609,1.263374485596708,
1176404,20220323902032,00346610,시지메드텍,056090,최대주주변경,2022-03-23,KOSDAQ,10340.0,9500.0,9900.0,4440.0,-0.0812379110251451,-0.04255319148936165,-0.5705996131528046,
791604,20231130900670,00346610,시지메드텍,056090,최대주주변경을수반하는주식양수도계약체결,2023-11-30,KOSDAQ,2360.0,2360.0,2360.0,2360.0,0.0,0.0,0.0,
758133,20240207901440,00346610,시지메드텍,056090,최대주주변경,2024-02-07,KOSDAQ,2360.0,2360.0,2360.0,2360.0,0.0,0.0,0.0,
274613,20260112900615,00346610,시지메드텍,056090,최대주주변경,2026-01-12,KOSDAQ,1381.0,1401.0,1404.0,1337.0,0.014482259232440287,0.016654598117306296,-0.031860970311368586,
1211866,20220214900001,00390860,대산F&B,065150,최대주주인명목회사·조합등의최대주주변경,2022-02-14,KOSDAQ,7560.0,6860.0,7260.0,7650.0,-0.09259259259259256,-0.03968253968253965,0.011904761904761862,
615759,20240717900518,00390860,대산F&B,065150,최대주주인명목회사·조합등의최대주주변경,2024-07-17,KOSDAQ,1450.0,1450.0,1450.0,1450.0,0.0,0.0,0.0,
517161,20250124901164,00390860,대산F&B,065150,최대주주변경,2025-01-24,KOSDAQ,1450.0,1450.0,1450.0,,0.0,0.0,,
1209619,20220217800159,00153621,참엔지니어링,009310,투자판단관련주요경영사항(최대주주 변경을 수반하는 주식매매계약 체결),2022-02-17,KOSPI,7100.0,7125.0,6975.0,5725.0,0.0035211267605634866,-0.017605633802816878,-0.19366197183098588,
1167113,20220331800161,00153621,참엔지니어링,009310,최대주주변경,2022-03-31,KOSPI,6225.0,6450.0,7325.0,7775.0,0.03614457831325302,0.17670682730923692,0.24899598393574296,
1167006,20220331800285,00153621,참엔지니어링,009310,최대주주등소유주식변동신고서(최대주주변경시),2022-03-31,KOSPI,6225.0,6450.0,7325.0,7775.0,0.03614457831325302,0.17670682730923692,0.24899598393574296,
811128,20231031800178,00153621,참엔지니어링,009310,최대주주변경,2023-10-31,KOSPI,2240.0,2320.0,2255.0,2320.0,0.03571428571428581,0.006696428571428603,0.03571428571428581,
811126,20231031800198,00153621,참엔지니어링,009310,최대주주등소유주식변동신고서(최대주주변경시),2023-10-31,KOSPI,2240.0,2320.0,2255.0,2320.0,0.03571428571428581,0.006696428571428603,0.03571428571428581,
1209489,20220217900301,01394669,누보,332290,최대주주변경,2022-02-17,KOSDAQ,2200.0,2185.0,2140.0,2130.0,-0.006818181818181834,-0.027272727272727226,-0.03181818181818186,
1207409,20220221901103,00110750,플루토스,019570,최대주주변경을수반하는주식담보제공계약해제ㆍ취소등,2022-02-21,KOSDAQ,500.0,489.0,491.0,470.0,-0.02200000000000002,-0.018000000000000016,-0.06000000000000005,
1207392,20220221901162,00110750,플루토스,019570,최대주주변경을수반하는주식담보제공계약체결,2022-02-21,KOSDAQ,500.0,489.0,491.0,470.0,-0.02200000000000002,-0.018000000000000016,-0.06000000000000005,
1184723,20220316901895,00110750,플루토스,019570,최대주주변경을수반하는주식담보제공계약해제ㆍ취소등,2022-03-16,KOSDAQ,555.0,554.0,543.0,552.0,-0.0018018018018017834,-0.021621621621621623,-0.00540540540540535,
1005917,20230113900541,00110750,플루토스,019570,최대주주변경을수반하는주식양수도계약체결,2023-01-13,KOSDAQ,590.0,582.0,532.0,500.0,-0.013559322033898313,-0.09830508474576272,-0.15254237288135597,
1005023,20230117900495,00110750,플루토스,019570,최대주주변경,2023-01-17,KOSDAQ,532.0,516.0,502.0,471.0,-0.03007518796992481,-0.05639097744360899,-0.11466165413533835,
825041,20230922900622,00110750,플루토스,019570,최대주주변경을수반하는주식양수도계약체결,2023-09-22,KOSDAQ,1050.0,793.0,802.0,679.0,-0.24476190476190474,-0.23619047619047617,-0.3533333333333334,
717764,20240321902838,00110750,플루토스,019570,최대주주변경,2024-03-21,KOSDAQ,691.0,701.0,758.0,724.0,0.01447178002894356,0.09696092619392194,0.04775687409551366,
1201997,20220225900845,01228515,앱튼,270520,최대주주변경을수반하는주식양수도계약해제ㆍ취소등,2022-02-25,KOSDAQ,7730.0,7500.0,7830.0,7830.0,-0.02975420439844756,0.012936610608020649,0.012936610608020649,
1040353,20221110900665,01228515,앱튼,270520,최대주주변경을수반하는주식양수도계약체결,2022-11-10,KOSDAQ,10920.0,13000.0,14000.0,14090.0,0.19047619047619047,0.28205128205128216,0.29029304029304037,
1017226,20221221900318,01228515,앱튼,270520,최대주주변경,2022-12-21,KOSDAQ,14640.0,14700.0,13220.0,13050.0,0.004098360655737654,-0.09699453551912574,-0.10860655737704916,
548903,20241127900740,01228515,앱튼,270520,최대주주변경을수반하는주식양수도계약체결,2024-11-27,KOSDAQ,17810.0,16540.0,16450.0,19100.0,-0.0713082537900056,-0.07636159460976977,0.07243121841661981,
524536,20250109900745,01228515,앱튼,270520,최대주주변경,2025-01-09,KOSDAQ,15470.0,15120.0,14580.0,14470.0,-0.022624434389140302,-0.05753070458952814,-0.06464124111182934,
95524,20260313901949,01228515,앱튼,270520,최대주주변경을수반하는주식담보제공계약체결,2026-03-13,KOSDAQ,2030.0,2020.0,2060.0,2220.0,-0.0049261083743842304,0.014778325123152802,0.09359605911330049,
1201153,20220225901608,00180865,디에이치엑스컴퍼니,031860,최대주주인명목회사·조합등의최대주주변경,2022-02-25,KOSDAQ,19687.0,19621.0,19228.0,18965.0,-0.0033524660943770046,-0.023314877838167325,-0.036673947274851404,
768249,20240119900673,00180865,디에이치엑스컴퍼니,031860,최대주주변경,2024-01-19,KOSDAQ,3911.0,3320.0,3320.0,2848.0,-0.15111224750703145,-0.15111224750703145,-0.2717974942469956,
45535,20260407901210,00180865,디에이치엑스컴퍼니,031860,최대주주변경,2026-04-07,KOSDAQ,693.0,693.0,693.0,693.0,0.0,0.0,0.0,
1198891,20220228901314,00615723,알엔티엑스,123010,최대주주변경을수반하는주식양수도계약체결,2022-02-28,KOSDAQ,5455.0,5470.0,5425.0,5280.0,0.00274977085242889,-0.005499541704857891,-0.03208065994500453,
1141721,20220411900318,00615723,알엔티엑스,123010,최대주주변경,2022-04-11,KOSDAQ,5030.0,4935.0,4965.0,4670.0,-0.0188866799204771,-0.012922465208747513,-0.07157057654075549,
289536,20251215901704,00615723,알엔티엑스,123010,최대주주변경을수반하는주식양수도계약체결,2025-12-15,KOSDAQ,1554.0,1312.0,1214.0,1183.0,-0.15572715572715568,-0.21879021879021876,-0.23873873873873874,
269391,20260123900531,00615723,알엔티엑스,123010,최대주주변경,2026-01-23,KOSDAQ,1310.0,1167.0,1148.0,1172.0,-0.1091603053435114,-0.12366412213740463,-0.10534351145038168,
25488,20260420900882,00615723,알엔티엑스,123010,최대주주변경을수반하는주식양수도계약체결,2026-04-20,KOSDAQ,1883.0,1786.0,1575.0,1592.0,-0.05151354221986193,-0.16356877323420072,-0.1545406266595858,
129674,20260528901113,00615723,알엔티엑스,123010,최대주주변경,2026-05-28,KOSDAQ,2780.0,2785.0,2420.0,2720.0,0.0017985611510791255,-0.1294964028776978,-0.021582733812949617,
1198191,20220302801096,00155258,포스코스틸리온,058430,최대주주변경,2022-03-02,KOSPI,4655.0,4780.0,4845.0,4690.0,0.02685284640171859,0.04081632653061229,0.007518796992481258,
1198093,20220302801236,00155258,포스코스틸리온,058430,최대주주등소유주식변동신고서(최대주주변경시),2022-03-02,KOSPI,4655.0,4780.0,4845.0,4690.0,0.02685284640171859,0.04081632653061229,0.007518796992481258,
1198160,20220302901088,00367695,에이전트AI,060900,최대주주변경을수반하는주식담보제공계약해제ㆍ취소등,2022-03-02,KOSDAQ,134964.0,133819.0,135536.0,121247.0,-0.008483743813164968,0.004238167214960953,-0.10163450994339229,
988837,20230221900887,00367695,에이전트AI,060900,최대주주변경,2023-02-21,KOSDAQ,54887.0,55803.0,59353.0,57521.0,0.016688833421393046,0.08136717255452108,0.04798950571173499,
314134,20251105900644,00367695,에이전트AI,060900,최대주주변경,2025-11-05,KOSDAQ,16807.0,16693.0,15593.0,15135.0,-0.0067828880823466164,-0.07223180817516506,-0.09948235854108411,
1197390,20220303800820,00123718,부광약품,003000,최대주주등소유주식변동신고서(최대주주변경시),2022-03-03,KOSPI,11242.0,11151.0,10831.0,11197.0,-0.008094645080946483,-0.036559331079879076,-0.004002846468599941,
1197260,20220303800937,00123718,부광약품,003000,최대주주변경,2022-03-03,KOSPI,11242.0,11151.0,10831.0,11197.0,-0.008094645080946483,-0.036559331079879076,-0.004002846468599941,
1197317,20220303800873,01480780,NH올원리츠,400760,최대주주변경,2022-03-03,KOSPI,5176.0,5166.0,5157.0,5186.0,-0.0019319938176197704,-0.0036707882534775527,0.0019319938176198814,
1120121,20220517800336,01480780,NH올원리츠,400760,최대주주변경,2022-05-17,KOSPI,5315.0,5236.0,5216.0,5236.0,-0.014863593603010372,-0.018626528692380018,-0.014863593603010372,
1197283,20220303900891,00116426,이렘,009730,최대주주변경,2022-03-03,KOSDAQ,3095.0,3095.0,3095.0,3095.0,0.0,0.0,0.0,
414268,20250417900789,00116426,이렘,009730,최대주주변경,2025-04-17,KOSDAQ,1021.0,1125.0,1106.0,1048.0,0.10186092066601371,0.08325171400587661,0.026444662095984395,
1193301,20220310900419,01513440,파이버프로,368770,최대주주변경,2022-03-10,KOSDAQ,3145.0,3100.0,3000.0,3040.0,-0.014308426073131986,-0.04610492845786962,-0.03338632750397452,
1191902,20220310901864,01110474,풍전약품,298060,최대주주변경,2022-03-10,KOSDAQ,55465.0,54895.0,54325.0,57180.0,-0.010276751104300041,-0.020553502208599972,0.030920400252411495,
841966,20230818900463,01110474,풍전약품,298060,최대주주변경을수반하는주식담보제공계약체결,2023-08-18,KOSDAQ,19810.0,20040.0,19895.0,19875.0,0.011610297829379057,0.004290762241292212,0.003281171125694149,
467038,20250324901210,01110474,풍전약품,298060,최대주주변경,2025-03-24,KOSDAQ,5865.0,7105.0,6110.0,5840.0,0.21142369991474852,0.04177323103154307,-0.004262574595055413,
467030,20250324901216,01110474,풍전약품,298060,최대주주변경을수반하는주식담보제공계약해제ㆍ취소등,2025-03-24,KOSDAQ,5865.0,7105.0,6110.0,5840.0,0.21142369991474852,0.04177323103154307,-0.004262574595055413,
1189794,20220314900338,00175623,ES큐브,050120,최대주주변경을수반하는주식양수도계약체결,2022-03-14,KOSDAQ,5980.0,5240.0,5280.0,5570.0,-0.12374581939799334,-0.117056856187291,-0.06856187290969895,
1131316,20220418900600,00175623,ES큐브,050120,최대주주변경을수반하는주식양수도계약해제ㆍ취소등,2022-04-18,KOSDAQ,5570.0,5570.0,5700.0,5650.0,0.0,0.02333931777378817,0.014362657091562037,
1084024,20220803900309,00175623,ES큐브,050120,최대주주변경을수반하는주식양수도계약해제ㆍ취소등,2022-08-03,KOSDAQ,3900.0,3855.0,3855.0,3835.0,-0.011538461538461497,-0.011538461538461497,-0.01666666666666672,
1189659,20220314900467,00115931,디오,039840,최대주주변경을수반하는주식양수도계약체결,2022-03-14,KOSDAQ,35500.0,34900.0,34800.0,36300.0,-0.016901408450704203,-0.019718309859154903,0.022535211267605604,
1069442,20220830900323,00115931,디오,039840,최대주주변경을수반하는주식양수도계약해제ㆍ취소등,2022-08-30,KOSDAQ,26600.0,26900.0,26000.0,24600.0,0.011278195488721776,-0.022556390977443663,-0.07518796992481203,
1185448,20220316901090,00162911,한일사료,005860,최대주주변경을수반하는주식담보제공계약체결,2022-03-16,KOSDAQ,2160.0,2120.0,2150.0,3995.0,-0.01851851851851849,-0.00462962962962965,0.849537037037037,
1126988,20220509900358,00162911,한일사료,005860,최대주주변경을수반하는주식담보제공계약해제ㆍ취소등,2022-05-09,KOSDAQ,7840.0,9260.0,9110.0,8460.0,0.18112244897959173,0.16198979591836737,0.07908163265306123,
1105324,20220615900350,00162911,한일사료,005860,최대주주변경을수반하는주식담보제공계약체결,2022-06-15,KOSDAQ,9080.0,9470.0,9370.0,10400.0,0.04295154185022021,0.0319383259911894,0.14537444933920707,
898149,20230504900379,00162911,한일사료,005860,최대주주변경을수반하는주식담보제공계약해제ㆍ취소등,2023-05-04,KOSDAQ,5570.0,6740.0,6290.0,5820.0,0.21005385996409331,0.12926391382405744,0.044883303411131115,
1181404,20220318901600,00164618,현대사료,016790,최대주주변경,2022-03-18,KOSDAQ,1248.0,1622.0,2106.0,4620.0,0.2996794871794872,0.6875,2.701923076923077,
1180861,20220321900437,00164618,현대사료,016790,최대주주변경을수반하는주식양수도계약체결,2022-03-21,KOSDAQ,1622.0,2106.0,2737.0,4620.0,0.29839704069050565,0.6874229346485821,1.848335388409371,
1131914,20220415900966,00164618,현대사료,016790,최대주주변경,2022-04-15,KOSDAQ,8386.0,10042.0,10042.0,9635.0,0.19747197710469822,0.19747197710469822,0.14893870736942527,
1131912,20220415900969,00164618,현대사료,016790,기타주요경영사항(최대주주 변경을 수반하는 주식양수도 계약 체결 수정 안내),2022-04-15,KOSDAQ,8386.0,10042.0,10042.0,9635.0,0.19747197710469822,0.19747197710469822,0.14893870736942527,
1131913,20220415900970,00164618,현대사료,016790,최대주주변경을수반하는주식양수도계약체결,2022-04-15,KOSDAQ,8386.0,10042.0,10042.0,9635.0,0.19747197710469822,0.19747197710469822,0.14893870736942527,
1130042,20220421900005,00164618,현대사료,016790,최대주주변경,2022-04-21,KOSDAQ,10136.0,9635.0,8760.0,9187.0,-0.04942778216258881,-0.13575374901341752,-0.09362667719021311,
580320,20240919900375,00164618,현대사료,016790,최대주주변경,2024-09-19,KOSDAQ,994.0,994.0,994.0,994.0,0.0,0.0,0.0,
268795,20260126900569,00164618,현대사료,016790,최대주주변경,2026-01-26,KOSDAQ,994.0,994.0,994.0,994.0,0.0,0.0,0.0,
1179654,20220321601860,00550082,캔버스엔,210120,최대주주변경을수반하는주식양수도계약체결,2022-03-21,KOSDAQ,2627.0,2647.0,2601.0,2694.0,0.007613247049866878,-0.00989722116482683,0.025504377617053597,
1179124,20220322600429,00550082,캔버스엔,210120,최대주주변경,2022-03-22,KOSDAQ,2647.0,2601.0,2534.0,2647.0,-0.01737816395919911,-0.04268983755194555,0.0,
576144,20240927900902,00550082,캔버스엔,210120,최대주주변경을수반하는주식양수도계약체결,2024-09-27,KOSDAQ,2814.0,2701.0,2928.0,3254.0,-0.04015636105188347,0.04051172707889128,0.15636105188343996,
561555,20241105900299,00550082,캔버스엔,210120,최대주주변경,2024-11-05,KOSDAQ,3601.0,3581.0,3695.0,3761.0,-0.0055540127742294,0.0261038600388781,0.04443210219383498,
269942,20260122900778,00550082,캔버스엔,210120,최대주주인명목회사·조합등의최대주주변경,2026-01-22,KOSDAQ,1984.0,1814.0,1890.0,1904.0,-0.08568548387096775,-0.0473790322580645,-0.040322580645161255,
1168621,20220330901139,01408999,웨이버스,336060,최대주주변경,2022-03-30,KOSDAQ,3550.0,3515.0,3575.0,3600.0,-0.009859154929577452,0.007042253521126751,0.014084507042253502,
1164810,20220331901778,00230036,드래곤플라이,030350,최대주주변경을수반하는주식담보제공계약체결,2022-03-31,KOSDAQ,10817.0,10560.0,13727.0,15106.0,-0.023758898030877273,0.26902098548580944,0.39650550060090595,
1160249,20220401900719,00230036,드래곤플라이,030350,최대주주변경,2022-04-01,KOSDAQ,10560.0,13727.0,15618.0,15618.0,0.29990530303030294,0.47897727272727275,0.47897727272727275,
955889,20230324901321,00230036,드래곤플라이,030350,최대주주변경,2023-03-24,KOSDAQ,4454.0,4277.0,4408.0,4203.0,-0.03973955994611589,-0.010327795240233528,-0.05635383924562187,
525014,20250108900759,00230036,드래곤플라이,030350,최대주주변경을수반하는주식담보제공계약체결,2025-01-08,KOSDAQ,1282.0,1228.0,1217.0,1336.0,-0.04212168486739465,-0.05070202808112323,0.04212168486739465,
287547,20251217900418,00230036,드래곤플라이,030350,최대주주변경을수반하는주식담보제공계약해제ㆍ취소등,2025-12-17,KOSDAQ,973.0,973.0,973.0,973.0,0.0,0.0,0.0,
287549,20251217900420,00230036,드래곤플라이,030350,최대주주변경,2025-12-17,KOSDAQ,973.0,973.0,973.0,973.0,0.0,0.0,0.0,
1163953,20220331902416,00268118,코맥스,036690,최대주주변경,2022-03-31,KOSDAQ,4406.0,4416.0,4485.0,4656.0,0.002269632319564341,0.01793009532455736,0.05674080798910586,
287943,20251216902044,00268118,코맥스,036690,최대주주변경을수반하는주식양수도계약체결,2025-12-16,KOSDAQ,2885.0,2885.0,2885.0,2885.0,0.0,0.0,0.0,
287938,20251216902049,00268118,코맥스,036690,최대주주변경을수반하는주식담보제공계약체결,2025-12-16,KOSDAQ,2885.0,2885.0,2885.0,2885.0,0.0,0.0,0.0,
262900,20260203900724,00268118,코맥스,036690,최대주주변경을수반하는주식담보제공계약해제ㆍ취소등,2026-02-03,KOSDAQ,2885.0,2885.0,2885.0,2885.0,0.0,0.0,0.0,
260937,20260205901067,00268118,코맥스,036690,최대주주변경,2026-02-05,KOSDAQ,2885.0,2885.0,2885.0,2885.0,0.0,0.0,0.0,
1159308,20220404900126,00426068,엑시온그룹,069920,최대주주변경을수반하는주식양수도계약체결,2022-04-04,KOSDAQ,70387.0,70387.0,65268.0,62353.0,0.0,-0.07272649779078522,-0.11414039524343988,
1117326,20220525900003,00426068,엑시온그룹,069920,최대주주변경을수반하는주식양수도계약해제ㆍ취소등,2022-05-25,KOSDAQ,49555.0,53039.0,49200.0,52683.0,0.07030572091615372,-0.007163757441226881,0.0631217838765008,
1092148,20220714900097,00426068,엑시온그룹,069920,최대주주변경을수반하는주식양수도계약체결,2022-07-14,KOSDAQ,53892.0,59082.0,59509.0,58016.0,0.09630371854820763,0.10422697246344548,0.07652341720477995,
634894,20240607900450,00426068,엑시온그룹,069920,최대주주변경을수반하는주식양수도계약체결,2024-06-07,KOSDAQ,13430.0,17454.0,19018.0,15997.0,0.2996276991809381,0.41608339538346995,0.19113924050632902,
634865,20240607900488,00426068,엑시온그룹,069920,최대주주변경,2024-06-07,KOSDAQ,13430.0,17454.0,19018.0,15997.0,0.2996276991809381,0.41608339538346995,0.19113924050632902,
357779,20250807900492,00426068,엑시온그룹,069920,최대주주변경을수반하는주식담보제공계약체결,2025-08-07,KOSDAQ,12648.0,12747.0,12619.0,12477.0,0.007827324478178355,-0.00229285262492096,-0.013519924098671754,
1156470,20220404900828,00577016,수산아이앤티,050960,최대주주변경,2022-04-04,KOSDAQ,13100.0,13250.0,12850.0,12900.0,0.011450381679389388,-0.01908396946564883,-0.01526717557251911,
1137836,20220412900649,00297934,피씨디렉트,051380,최대주주변경,2022-04-12,KOSDAQ,12350.0,11675.0,11325.0,10975.0,-0.054655870445344146,-0.082995951417004,-0.11133603238866396,
1131560,20220418800247,01276594,신한알파리츠,293940,최대주주변경,2022-04-18,KOSPI,7832.0,7783.0,7842.0,7931.0,-0.0062563840653728775,0.0012768130745659523,0.012640449438202195,
9846,20260514801056,01276594,신한알파리츠,293940,최대주주변경,2026-05-14,KOSPI,5580.0,5540.0,5420.0,5250.0,-0.007168458781361964,-0.028673835125448077,-0.05913978494623651,
1130921,20220419900498,00204226,소프트센,032680,최대주주변경,2022-04-19,KOSDAQ,6095.0,6135.0,6045.0,5615.0,0.00656275635767023,-0.008203445447087732,-0.07875307629204265,
1129575,20220421900639,00351579,비트플래닛,049470,최대주주변경을수반하는주식담보제공계약체결,2022-04-21,KOSDAQ,4530.0,4425.0,4275.0,4255.0,-0.023178807947019875,-0.056291390728476776,-0.06070640176600439,
412407,20250422900347,00351579,비트플래닛,049470,최대주주변경을수반하는주식담보제공계약해제ㆍ취소등,2025-04-22,KOSDAQ,1660.0,1730.0,1745.0,1995.0,0.04216867469879526,0.051204819277108404,0.20180722891566272,
345071,20250826900368,00351579,비트플래닛,049470,최대주주변경을수반하는주식양수도계약체결,2025-08-26,KOSDAQ,14300.0,13950.0,13150.0,15825.0,-0.02447552447552448,-0.08041958041958042,0.10664335664335667,
335899,20250910900321,00351579,비트플래닛,049470,최대주주변경,2025-09-10,KOSDAQ,18400.0,17200.0,16525.0,17700.0,-0.06521739130434778,-0.10190217391304346,-0.03804347826086951,
1129405,20220422900087,00579971,칩스앤미디어,094360,최대주주변경을수반하는주식양수도계약체결,2022-04-22,KOSDAQ,11150.0,10525.0,10625.0,10250.0,-0.056053811659192876,-0.047085201793722,-0.08071748878923768,
1088515,20220722900375,00579971,칩스앤미디어,094360,최대주주변경,2022-07-22,KOSDAQ,8275.0,8200.0,8300.0,8875.0,-0.009063444108761365,0.0030211480362538623,0.0725075528700907,
1127942,20220504900780,00530413,더코디,224060,최대주주변경,2022-05-04,KOSDAQ,20778.0,20668.0,20557.0,20004.0,-0.005294061026085317,-0.010636249879680482,-0.03725093849263639,
1121334,20220516901828,01182240,배럴,267790,최대주주변경을수반하는주식양수도계약체결,2022-05-16,KOSDAQ,12800.0,9880.0,9500.0,8780.0,-0.22812500000000002,-0.2578125,-0.3140625,
1091374,20220715900238,01182240,배럴,267790,최대주주변경을수반하는주식담보제공계약해제ㆍ취소등,2022-07-15,KOSDAQ,7530.0,7810.0,7670.0,7940.0,0.03718459495351922,0.01859229747675961,0.05444887118193886,
1091219,20220715900394,01182240,배럴,267790,최대주주변경,2022-07-15,KOSDAQ,7530.0,7810.0,7670.0,7940.0,0.03718459495351922,0.01859229747675961,0.05444887118193886,
1119862,20220518900122,01493535,모비데이즈,363260,최대주주변경,2022-05-18,KOSDAQ,13950.0,13600.0,14050.0,13250.0,-0.02508960573476704,0.007168458781362075,-0.05017921146953408,
1119276,20220519900351,00230814,휴림에이텍,078590,최대주주변경,2022-05-19,KOSDAQ,30296.0,30296.0,30296.0,30296.0,0.0,0.0,0.0,
1118910,20220520900258,00445841,MDS테크,086960,최대주주변경을수반하는주식양수도계약체결,2022-05-20,KOSDAQ,4328.0,3916.0,3753.0,3728.0,-0.09519408502772642,-0.13285582255083184,-0.1386321626617375,
1088346,20220722900499,00445841,MDS테크,086960,최대주주변경,2022-07-22,KOSDAQ,3953.0,3728.0,4116.0,4116.0,-0.05691879585125226,0.041234505438907165,0.041234505438907165,
1116933,20220525800484,00150633,지누스,013890,최대주주변경,2022-05-25,KOSPI,46725.0,45207.0,46876.0,45131.0,-0.0324879614767255,0.0032316746923488626,-0.034114499732477266,
1116510,20220526800219,00150633,지누스,013890,최대주주등소유주식변동신고서(최대주주변경시),2022-05-26,KOSPI,45207.0,46876.0,46421.0,45663.0,0.036919061207335124,0.026854248235892664,0.010086933439511503,
1116325,20220526900420,00138303,아이티센엔텍,010280,최대주주변경을수반하는주식담보제공계약해제ㆍ취소등,2022-05-26,KOSDAQ,4779.0,4829.0,4859.0,5104.0,0.01046243984097095,0.016739903745553564,0.06800585896631084,
978520,20230303901069,00138303,아이티센엔텍,010280,최대주주변경,2023-03-03,KOSDAQ,4739.0,4789.0,4849.0,4959.0,0.01055074910318643,0.023211648027009923,0.04642329605401985,
1107122,20220610800201,01442966,마스턴프리미어리츠,357430,최대주주변경,2022-06-10,KOSPI,5754.0,5764.0,5764.0,5498.0,0.001737921445950752,0.001737921445950752,-0.04449078901633641,
412321,20250422800544,01442966,마스턴프리미어리츠,357430,최대주주변경,2025-04-22,KOSPI,1469.0,1472.0,1474.0,1480.0,0.002042205582028611,0.0034036759700477592,0.0074880871341047595,
1105311,20220615800393,00653024,진에어,272450,최대주주변경,2022-06-15,KOSPI,15200.0,15400.0,15200.0,13550.0,0.013157894736842035,0.0,-0.10855263157894735,
1105345,20220615800398,00653024,진에어,272450,최대주주등소유주식변동신고서(최대주주변경시),2022-06-15,KOSPI,15200.0,15400.0,15200.0,13550.0,0.013157894736842035,0.0,-0.10855263157894735,
1105541,20220615900184,01366000,태성,323280,최대주주변경,2022-06-15,KOSDAQ,2922.0,2922.0,2864.0,2788.0,0.0,-0.019849418206707714,-0.04585900068446269,
1105336,20220615900369,01407909,원텍,336570,최대주주변경,2022-06-15,KOSDAQ,3970.0,4225.0,4100.0,3925.0,0.06423173803526439,0.032745591939546514,-0.01133501259445846,
1105122,20220615900675,00531829,엠아이텍,179290,최대주주변경을수반하는주식양수도계약체결,2022-06-15,KOSDAQ,11050.0,10250.0,11400.0,10300.0,-0.07239819004524883,0.03167420814479649,-0.0678733031674208,
890637,20230517900002,00531829,엠아이텍,179290,최대주주변경을수반하는주식양수도계약해제ㆍ취소등,2023-05-17,KOSDAQ,11300.0,10580.0,10380.0,10340.0,-0.06371681415929209,-0.0814159292035398,-0.08495575221238938,
1104765,20220616900278,00769158,케이엔제이,272110,최대주주변경을수반하는주식담보제공계약체결,2022-06-16,KOSDAQ,13050.0,12600.0,12350.0,11850.0,-0.03448275862068961,-0.05363984674329503,-0.09195402298850575,
577327,20240926900573,00769158,케이엔제이,272110,최대주주변경을수반하는주식담보제공계약해제ㆍ취소등,2024-09-26,KOSDAQ,17350.0,17140.0,16750.0,16930.0,-0.012103746397694515,-0.03458213256484155,-0.02420749279538903,
529366,20241227900956,00769158,케이엔제이,272110,최대주주변경을수반하는주식담보제공계약체결,2024-12-27,KOSDAQ,14050.0,13550.0,13330.0,13920.0,-0.03558718861209964,-0.05124555160142352,-0.0092526690391459,
273391,20260113900666,00769158,케이엔제이,272110,최대주주변경을수반하는주식담보제공계약해제ㆍ취소등,2026-01-13,KOSDAQ,20500.0,20850.0,20700.0,22900.0,0.017073170731707332,0.009756097560975618,0.11707317073170742,
1104716,20220616900327,00143226,엠투엔,033310,최대주주변경을수반하는주식담보제공계약해제ㆍ취소등,2022-06-16,KOSDAQ,5970.0,5960.0,5720.0,5730.0,-0.0016750418760469454,-0.041876046901172526,-0.04020100502512558,
835475,20230830900515,00143226,엠투엔,033310,최대주주변경을수반하는주식담보제공계약체결,2023-08-30,KOSDAQ,3940.0,3900.0,3860.0,3740.0,-0.010152284263959421,-0.02030456852791873,-0.050761421319796995,
712168,20240327901321,00143226,엠투엔,033310,최대주주변경을수반하는주식담보제공계약해제ㆍ취소등,2024-03-27,KOSDAQ,3040.0,3010.0,2990.0,2980.0,-0.009868421052631526,-0.016447368421052655,-0.019736842105263164,
625179,20240627900674,00143226,엠투엔,033310,최대주주변경을수반하는주식담보제공계약체결,2024-06-27,KOSDAQ,2635.0,2610.0,2580.0,2500.0,-0.009487666034155628,-0.020872865275142316,-0.05123339658444026,
1102224,20220622900605,00623184,오늘이엔엠,192410,최대주주변경을수반하는주식양수도계약체결,2022-06-22,KOSDAQ,58221.0,46980.0,41291.0,36913.0,-0.19307466378110993,-0.29078854708782054,-0.3659847821232889,
1084318,20220802900442,00623184,오늘이엔엠,192410,최대주주변경,2022-08-02,KOSDAQ,39488.0,40775.0,40647.0,39789.0,0.032592179902755314,0.029350688816855763,0.007622568881685554,
371987,20250704900799,00623184,오늘이엔엠,192410,최대주주변경,2025-07-04,KOSDAQ,4261.0,4011.0,4161.0,3945.0,-0.058671673316122996,-0.0234686693264492,-0.07416099507157947,
1101544,20220623900584,00308896,셀피글로벌,068940,최대주주변경을수반하는주식양수도계약체결,2022-06-23,KOSDAQ,4100.0,3395.0,3900.0,3710.0,-0.17195121951219516,-0.04878048780487809,-0.09512195121951217,
1078973,20220812901520,00308896,셀피글로벌,068940,최대주주변경,2022-08-12,KOSDAQ,4445.0,5030.0,4560.0,5080.0,0.13160854893138363,0.025871766029246235,0.1428571428571428,
1078972,20220812901526,00308896,셀피글로벌,068940,최대주주변경을수반하는주식담보제공계약체결,2022-08-12,KOSDAQ,4445.0,5030.0,4560.0,5080.0,0.13160854893138363,0.025871766029246235,0.1428571428571428,
1064767,20220907900595,00308896,셀피글로벌,068940,최대주주변경,2022-09-07,KOSDAQ,4420.0,4035.0,3895.0,3815.0,-0.08710407239819007,-0.11877828054298645,-0.1368778280542986,
1064766,20220907900596,00308896,셀피글로벌,068940,최대주주변경을수반하는주식담보제공계약해제ㆍ취소등,2022-09-07,KOSDAQ,4420.0,4035.0,3895.0,3815.0,-0.08710407239819007,-0.11877828054298645,-0.1368778280542986,
1064765,20220907900597,00308896,셀피글로벌,068940,최대주주변경을수반하는주식담보제공계약체결,2022-09-07,KOSDAQ,4420.0,4035.0,3895.0,3815.0,-0.08710407239819007,-0.11877828054298645,-0.1368778280542986,
1061435,20220919900486,00308896,셀피글로벌,068940,최대주주변경을수반하는주식담보제공계약해제ㆍ취소등,2022-09-19,KOSDAQ,2675.0,2345.0,2385.0,2255.0,-0.12336448598130845,-0.108411214953271,-0.15700934579439252,
988838,20230221900886,00308896,셀피글로벌,068940,최대주주변경을수반하는주식담보제공계약체결,2023-02-21,KOSDAQ,1488.0,1424.0,1388.0,1339.0,-0.043010752688172005,-0.06720430107526887,-0.1001344086021505,
979547,20230302901093,00308896,셀피글로벌,068940,최대주주변경을수반하는주식담보제공계약해제ㆍ취소등,2023-03-02,KOSDAQ,1072.0,961.0,1005.0,846.0,-0.10354477611940294,-0.0625,-0.21082089552238803,
979544,20230302901107,00308896,셀피글로벌,068940,최대주주변경,2023-03-02,KOSDAQ,1072.0,961.0,1005.0,846.0,-0.10354477611940294,-0.0625,-0.21082089552238803,
769176,20240118900112,00308896,셀피글로벌,068940,최대주주변경,2024-01-18,KOSDAQ,778.0,778.0,778.0,778.0,0.0,0.0,0.0,
653438,20240509900491,00308896,셀피글로벌,068940,최대주주변경,2024-05-09,KOSDAQ,778.0,778.0,778.0,778.0,0.0,0.0,0.0,
1101044,20220624900296,00453929,메디포스트,078160,최대주주변경,2022-06-24,KOSDAQ,17954.0,18086.0,17910.0,16062.0,0.007352122089784974,-0.002450707363261695,-0.10538041662025177,
1100183,20220627900619,00526696,웨이브일렉트로,095270,최대주주변경을수반하는주식담보제공계약체결,2022-06-27,KOSDAQ,4450.0,4435.0,4565.0,4875.0,-0.003370786516853963,0.02584269662921357,0.09550561797752799,
955642,20230324901630,00526696,웨이브일렉트로,095270,최대주주변경을수반하는주식담보제공계약해제ㆍ취소등,2023-03-24,KOSDAQ,4845.0,4880.0,4840.0,4850.0,0.007223942208462342,-0.0010319917440660964,0.0010319917440659854,
1096788,20220701900648,00264635,에스넷,038680,최대주주변경을수반하는주식담보제공계약체결,2022-07-01,KOSDAQ,5216.0,5148.0,5236.0,5462.0,-0.0130368098159509,0.0038343558282207812,0.04716257668711665,
781132,20231220900651,00264635,에스넷,038680,최대주주변경을수반하는주식담보제공계약해제ㆍ취소등,2023-12-20,KOSDAQ,4627.0,4612.0,4715.0,4750.0,-0.003241841365895781,0.019018802679922286,0.02658309920034574,
1096166,20220705800145,00442835,메타랩스,090370,최대주주등소유주식변동신고서(최대주주변경시),2022-07-05,KOSPI,4135.0,4150.0,4025.0,4095.0,0.0036275695284160303,-0.026602176541717037,-0.0096735187424426,
1096164,20220705800146,00442835,메타랩스,090370,최대주주변경,2022-07-05,KOSPI,4135.0,4150.0,4025.0,4095.0,0.0036275695284160303,-0.026602176541717037,-0.0096735187424426,
1096024,20220705900279,00351375,뉴보텍,060260,최대주주변경,2022-07-05,KOSDAQ,5795.0,5296.0,5296.0,5011.0,-0.08610871440897327,-0.08610871440897327,-0.13528904227782568,
1094108,20220708800439,00858364,BNK금융지주,138930,최대주주변경,2022-07-08,KOSPI,6630.0,6580.0,6490.0,6240.0,-0.007541478129713397,-0.021116138763197623,-0.05882352941176472,
1094112,20220708800456,00858364,BNK금융지주,138930,최대주주등소유주식변동신고서(최대주주변경시),2022-07-08,KOSPI,6630.0,6580.0,6490.0,6240.0,-0.007541478129713397,-0.021116138763197623,-0.05882352941176472,
748351,20240222800848,00858364,BNK금융지주,138930,최대주주변경,2024-02-22,KOSPI,7880.0,7950.0,7720.0,7500.0,0.008883248730964466,-0.02030456852791873,-0.048223350253807085,
748307,20240222800907,00858364,BNK금융지주,138930,최대주주등소유주식변동신고서(최대주주변경시),2024-02-22,KOSPI,7880.0,7950.0,7720.0,7500.0,0.008883248730964466,-0.02030456852791873,-0.048223350253807085,
1093247,20220711800689,00168331,온타이드,005320,최대주주변경,2022-07-11,KOSPI,3670.0,3960.0,3690.0,3630.0,0.07901907356948223,0.005449591280654031,-0.010899182561307952,
1092328,20220713800370,00168331,온타이드,005320,최대주주등소유주식변동신고서(최대주주변경시),2022-07-13,KOSPI,3690.0,3600.0,3490.0,3650.0,-0.024390243902439046,-0.054200542005420016,-0.010840108401083959,
373710,20250701800750,00168331,온타이드,005320,투자판단관련주요경영사항              (최대주주 변경을 수반하는 주식 양수도 계약 체결),2025-07-01,KOSPI,1020.0,1326.0,1348.0,1180.0,0.30000000000000004,0.32156862745098036,0.15686274509803932,
107459,20260304801635,00168331,온타이드,005320,투자판단관련주요경영사항              (최대주주 변경을 수반하는 주식 양수도 계약 체결),2026-03-04,KOSPI,1122.0,1206.0,1126.0,1048.0,0.07486631016042788,0.0035650623885918886,-0.06595365418894827,
107458,20260304801646,00168331,온타이드,005320,최대주주변경,2026-03-04,KOSPI,1122.0,1206.0,1126.0,1048.0,0.07486631016042788,0.0035650623885918886,-0.06595365418894827,
107467,20260304801678,00168331,온타이드,005320,최대주주등소유주식변동신고서(최대주주변경시),2026-03-04,KOSPI,1122.0,1206.0,1126.0,1048.0,0.07486631016042788,0.0035650623885918886,-0.06595365418894827,
1092689,20220712800480,01391033,NH프라임리츠,338100,최대주주변경,2022-07-12,KOSPI,4595.0,4515.0,4495.0,4620.0,-0.017410228509249226,-0.021762785636561532,0.005440696409140466,
993688,20230213800938,01391033,NH프라임리츠,338100,최대주주변경,2023-02-13,KOSPI,4445.0,4400.0,4410.0,4360.0,-0.010123734533183382,-0.007874015748031482,-0.019122609673790758,
1092317,20220713900348,00269852,폴라리스오피스,041020,최대주주변경,2022-07-13,KOSDAQ,1505.0,1590.0,1510.0,1495.0,0.056478405315614655,0.0033222591362125353,-0.006644518272425293,
1092055,20220714900204,01573284,코닉오토메이션,391710,최대주주변경,2022-07-14,KOSDAQ,2655.0,2655.0,2620.0,2505.0,0.0,-0.013182674199623379,-0.05649717514124297,
1091123,20220715900505,01303029,알비더블유,361570,최대주주변경,2022-07-15,KOSDAQ,6240.0,6590.0,7008.0,7341.0,0.05608974358974361,0.12307692307692308,0.17644230769230762,
1087222,20220726900500,00542898,케이이엠텍,106080,최대주주변경,2022-07-26,KOSDAQ,50795.0,50795.0,50795.0,50795.0,0.0,0.0,0.0,
260915,20260205901229,00542898,케이이엠텍,106080,최대주주변경을수반하는주식담보제공계약체결,2026-02-05,KOSDAQ,2920.0,2880.0,2910.0,3150.0,-0.013698630136986356,-0.003424657534246589,0.07876712328767121,
1085481,20220729800324,00428729,대호에이엘,069460,최대주주변경,2022-07-29,KOSPI,11500.0,11100.0,10650.0,10675.0,-0.034782608695652195,-0.07391304347826089,-0.07173913043478264,
1085523,20220729800333,00428729,대호에이엘,069460,최대주주등소유주식변동신고서(최대주주변경시),2022-07-29,KOSPI,11500.0,11100.0,10650.0,10675.0,-0.034782608695652195,-0.07391304347826089,-0.07173913043478264,
840674,20230822800414,00428729,대호에이엘,069460,최대주주변경,2023-08-22,KOSPI,11350.0,11500.0,11350.0,11350.0,0.013215859030837107,0.0,0.0,
840665,20230822800444,00428729,대호에이엘,069460,최대주주등소유주식변동신고서(최대주주변경시),2023-08-22,KOSPI,11350.0,11500.0,11350.0,11350.0,0.013215859030837107,0.0,0.0,
1085416,20220729900437,00541163,이엠텍,091120,최대주주변경을수반하는주식담보제공계약체결,2022-07-29,KOSDAQ,28850.0,29150.0,28500.0,28950.0,0.010398613518197486,-0.012131715771230511,0.0034662045060658286,
415191,20250416900216,00541163,이엠텍,091120,최대주주변경을수반하는주식담보제공계약해제ㆍ취소등,2025-04-16,KOSDAQ,12800.0,12830.0,12770.0,12630.0,0.002343750000000089,-0.002343749999999978,-0.013281250000000022,
406773,20250430900604,00541163,이엠텍,091120,최대주주변경을수반하는주식담보제공계약체결,2025-04-30,KOSDAQ,12200.0,12110.0,12000.0,11980.0,-0.007377049180327888,-0.016393442622950838,-0.0180327868852459,
120251,20260610900508,00541163,이엠텍,091120,최대주주변경을수반하는주식담보제공계약해제ㆍ취소등,2026-06-10,KOSDAQ,4240.0,4270.0,4270.0,4450.0,0.007075471698113178,0.007075471698113178,0.04952830188679247,
1083686,20220804900193,01390399,솔트웨어,328380,최대주주변경,2022-08-04,KOSDAQ,10575.0,10850.0,11225.0,11100.0,0.026004728132387633,0.061465721040189214,0.049645390070921946,
1076256,20220816902670,00110583,DH오토웨어,025440,최대주주변경,2022-08-16,KOSDAQ,4670.0,4543.0,4499.0,4222.0,-0.02719486081370448,-0.03661670235546044,-0.0959314775160599,
277668,20260106900613,00110583,DH오토웨어,025440,최대주주변경을수반하는주식담보제공계약체결,2026-01-06,KOSDAQ,762.0,990.0,980.0,1246.0,0.29921259842519676,0.28608923884514437,0.6351706036745406,
1074764,20220819900464,00309831,알에프텍,061040,최대주주변경을수반하는주식양수도계약체결,2022-08-19,KOSDAQ,26763.0,26463.0,26263.0,27113.0,-0.011209505660800367,-0.018682509434667316,0.013077756604267021,
1065339,20220906900477,00309831,알에프텍,061040,최대주주변경,2022-09-06,KOSDAQ,26913.0,26413.0,26413.0,27013.0,-0.018578382194478493,-0.018578382194478493,0.0037156764388956987,
405369,20250507900001,00309831,알에프텍,061040,최대주주변경을수반하는주식양수도계약체결,2025-05-07,KOSDAQ,17759.0,17183.0,17408.0,17709.0,-0.032434258685736794,-0.01976462638662091,-0.002815473844247962,
376357,20250627900178,00309831,알에프텍,061040,최대주주변경을수반하는주식양수도계약해제ㆍ취소등,2025-06-27,KOSDAQ,14432.0,13882.0,14507.0,13657.0,-0.038109756097560954,0.005196784922394615,-0.05370011086474502,
243852,20260226900656,00309831,알에프텍,061040,최대주주변경을수반하는주식양수도계약체결,2026-02-26,KOSDAQ,9109.0,11831.0,9805.0,9029.0,0.2988253375782193,0.07640794818311569,-0.008782522779668511,
76017,20260327903274,00309831,알에프텍,061040,최대주주변경,2026-03-27,KOSDAQ,8429.0,8199.0,8199.0,7774.0,-0.027286748131450933,-0.027286748131450933,-0.07770791315695813,
1069020,20220830900529,01335453,조이웍스앤코,309930,최대주주변경을수반하는주식양수도계약체결,2022-08-30,KOSDAQ,4062.0,4151.0,3922.0,3878.0,0.021910388970950212,-0.03446578040374204,-0.04529788281634661,
1035070,20221117900339,01335453,조이웍스앤코,309930,최대주주변경을수반하는주식양수도계약해제ㆍ취소등,2022-11-17,KOSDAQ,3337.0,3433.0,3305.0,3471.0,0.028768354809709296,-0.009589451603236432,0.0401558285885526,
880815,20230601900293,01335453,조이웍스앤코,309930,투자판단관련주요경영사항(최대주주 변경을 수반하는 주식매매계약을 위한 양해각서(MOU)체결),2023-06-01,KOSDAQ,6109.0,5467.0,5257.0,5747.0,-0.10509084956621373,-0.13946636110656407,-0.05925683417908001,
865920,20230705900526,01335453,조이웍스앤코,309930,최대주주변경을수반하는주식양수도계약체결,2023-07-05,KOSDAQ,6039.0,5785.0,5607.0,5365.0,-0.042059943699288005,-0.07153502235469444,-0.11160788209968542,
838238,20230828900240,01335453,조이웍스앤코,309930,최대주주변경,2023-08-28,KOSDAQ,7082.0,7056.0,7183.0,7400.0,-0.003671279299632846,0.014261508048573956,0.04490256989550967,
361847,20250730900637,01335453,조이웍스앤코,309930,최대주주변경,2025-07-30,KOSDAQ,3865.0,3903.0,3814.0,3744.0,0.009831824062095817,-0.013195342820181089,-0.031306597671410086,
1065830,20220905900579,01258428,프레스티지바이오로직스,334970,최대주주변경,2022-09-05,KOSDAQ,4950.0,5100.0,4750.0,4885.0,0.030303030303030276,-0.04040404040404044,-0.013131313131313105,
1065264,20220907900001,00390408,인크레더블버즈,064090,최대주주변경을수반하는주식양수도계약체결,2022-09-07,KOSDAQ,3615.0,3570.0,3435.0,3160.0,-0.012448132780082943,-0.049792531120331995,-0.12586445366528354,
1045334,20221028900626,00390408,인크레더블버즈,064090,최대주주변경을수반하는주식양수도계약해제ㆍ취소등,2022-10-28,KOSDAQ,2205.0,2290.0,2195.0,2015.0,0.038548752834467015,-0.0045351473922902175,-0.08616780045351469,
987000,20230224900006,00390408,인크레더블버즈,064090,최대주주변경,2023-02-24,KOSDAQ,2405.0,2185.0,2135.0,2200.0,-0.09147609147609148,-0.11226611226611227,-0.08523908523908519,
631002,20240618900002,00390408,인크레더블버즈,064090,최대주주변경을수반하는주식양수도계약체결,2024-06-18,KOSDAQ,5000.0,5160.0,5040.0,6480.0,0.03200000000000003,0.008000000000000007,0.29600000000000004,
614182,20240722900645,00390408,인크레더블버즈,064090,최대주주변경,2024-07-22,KOSDAQ,6020.0,6130.0,6110.0,5880.0,0.0182724252491695,0.014950166112956742,-0.023255813953488413,
1064141,20220908900555,00317104,라이온켐텍,171120,최대주주변경을수반하는주식양수도계약체결,2022-09-08,KOSDAQ,6450.0,5250.0,4990.0,4625.0,-0.18604651162790697,-0.22635658914728685,-0.2829457364341085,
1018541,20221216901366,00317104,라이온켐텍,171120,최대주주변경을수반하는주식양수도계약해제ㆍ취소등,2022-12-16,KOSDAQ,4025.0,3880.0,3880.0,3605.0,-0.03602484472049694,-0.03602484472049694,-0.10434782608695647,
530317,20241226901010,00317104,라이온켐텍,171120,최대주주변경을수반하는주식양수도계약체결,2024-12-26,KOSDAQ,3030.0,2540.0,2520.0,2510.0,-0.16171617161716167,-0.16831683168316836,-0.17161716171617158,
465583,20250325901482,00317104,라이온켐텍,171120,최대주주변경,2025-03-25,KOSDAQ,2460.0,2485.0,2375.0,2310.0,0.010162601626016343,-0.03455284552845528,-0.060975609756097615,
465582,20250325901488,00317104,라이온켐텍,171120,최대주주변경을수반하는주식담보제공계약체결,2025-03-25,KOSDAQ,2460.0,2485.0,2375.0,2310.0,0.010162601626016343,-0.03455284552845528,-0.060975609756097615,
1061030,20220920800473,00132868,우성머티리얼스,011300,최대주주변경,2022-09-20,KOSPI,9990.0,9500.0,9500.0,9110.0,-0.049049049049049054,-0.049049049049049054,-0.0880880880880881,
1059080,20220926800399,00132868,우성머티리얼스,011300,최대주주등소유주식변동신고서(최대주주변경시),2022-09-26,KOSPI,8840.0,9110.0,8810.0,8840.0,0.030542986425339258,-0.0033936651583710287,0.0,
529530,20241227800793,00132868,우성머티리얼스,011300,최대주주변경,2024-12-27,KOSPI,6170.0,6200.0,6450.0,6860.0,0.004862236628849326,0.04538087520259326,0.11183144246353316,
529456,20241227800876,00132868,우성머티리얼스,011300,최대주주등소유주식변동신고서(최대주주변경시),2024-12-27,KOSPI,6170.0,6200.0,6450.0,6860.0,0.004862236628849326,0.04538087520259326,0.11183144246353316,
1060919,20220921800051,00138242,KG모빌리티,003620,최대주주변경,2022-09-21,KOSPI,14067.0,14067.0,14067.0,14067.0,0.0,0.0,0.0,
1060909,20220921800070,00138242,KG모빌리티,003620,최대주주등소유주식변동신고서(최대주주변경시),2022-09-21,KOSPI,14067.0,14067.0,14067.0,14067.0,0.0,0.0,0.0,
854085,20230802800230,00138242,KG모빌리티,003620,최대주주변경,2023-08-02,KOSPI,8617.0,8885.0,8885.0,8757.0,0.031101311361262596,0.031101311361262596,0.01624695369618201,
852934,20230804800171,00138242,KG모빌리티,003620,최대주주등소유주식변동신고서(최대주주변경시),2023-08-04,KOSPI,8885.0,8692.0,8468.0,9281.0,-0.021722003376477228,-0.04693303320202591,0.04456949915588071,
1060243,20220922900334,01084364,다산디엠씨,208860,최대주주변경을수반하는주식담보제공계약체결,2022-09-22,KOSDAQ,2385.0,2385.0,2385.0,2385.0,0.0,0.0,0.0,
680391,20240408900747,01084364,다산디엠씨,208860,최대주주변경,2024-04-08,KOSDAQ,2385.0,2385.0,2385.0,2385.0,0.0,0.0,0.0,
680390,20240408900749,01084364,다산디엠씨,208860,최대주주변경을수반하는주식담보제공계약해제ㆍ취소등,2024-04-08,KOSDAQ,2385.0,2385.0,2385.0,2385.0,0.0,0.0,0.0,
1058954,20220926900437,01318933,지니틱스,303030,[첨부추가]최대주주변경을수반하는주식양수도계약체결,2022-09-26,KOSDAQ,10350.0,13450.0,11075.0,11250.0,0.2995169082125604,0.07004830917874405,0.08695652173913038,
1018596,20221216901317,01318933,지니틱스,303030,최대주주변경을수반하는주식양수도계약해제ㆍ취소등,2022-12-16,KOSDAQ,9425.0,8600.0,8250.0,7475.0,-0.08753315649867377,-0.12466843501326264,-0.2068965517241379,
1018556,20221216901352,01318933,지니틱스,303030,기타주요경영사항(임시주주총회 소집 철회 및 최대주주 변경을 수반하는 주식양수도 계약 해제),2022-12-16,KOSDAQ,9425.0,8600.0,8250.0,7475.0,-0.08753315649867377,-0.12466843501326264,-0.2068965517241379,
733923,20240308901289,01318933,지니틱스,303030,최대주주변경을수반하는주식양수도계약체결,2024-03-08,KOSDAQ,11225.0,11275.0,11125.0,10850.0,0.00445434298440972,-0.008908685968819552,-0.03340757238307346,
661602,20240424900674,01318933,지니틱스,303030,최대주주변경을수반하는주식양수도계약해제ㆍ취소등,2024-04-24,KOSDAQ,8640.0,8465.0,8810.0,8420.0,-0.02025462962962965,0.01967592592592582,-0.02546296296296291,
617250,20240712900551,01318933,지니틱스,303030,최대주주변경을수반하는주식양수도계약체결,2024-07-12,KOSDAQ,9425.0,9060.0,8985.0,8450.0,-0.03872679045092842,-0.04668435013262595,-0.10344827586206895,
590407,20240829900416,01318933,지니틱스,303030,최대주주변경,2024-08-29,KOSDAQ,8825.0,8105.0,7665.0,6955.0,-0.081586402266289,-0.13144475920679888,-0.21189801699716715,
1056494,20220930800527,00119195,동화약품,000020,최대주주변경,2022-09-30,KOSPI,8260.0,8770.0,8650.0,8600.0,0.06174334140435844,0.04721549636803868,0.041162227602905554,
1056423,20220930800663,00119195,동화약품,000020,최대주주등소유주식변동신고서(최대주주변경시),2022-09-30,KOSPI,8260.0,8770.0,8650.0,8600.0,0.06174334140435844,0.04721549636803868,0.041162227602905554,
1055633,20221004900473,01407158,이노테나,333050,최대주주변경,2022-10-04,KOSDAQ,10857.0,10332.0,10332.0,9281.0,-0.048355899419729176,-0.048355899419729176,-0.1451598047342728,
1053632,20221007900606,00306870,손오공,066910,최대주주변경,2022-10-07,KOSDAQ,8510.0,8175.0,8040.0,7905.0,-0.039365452408930635,-0.05522914218566388,-0.07109283196239713,
852399,20230807900001,00306870,손오공,066910,최대주주변경을수반하는주식양수도계약체결,2023-08-07,KOSDAQ,11635.0,12375.0,12105.0,11725.0,0.06360120326600782,0.040395358831113004,0.007735281478298273,
835440,20230830900552,00306870,손오공,066910,최대주주변경,2023-08-30,KOSDAQ,11055.0,11080.0,11080.0,10720.0,0.002261420171868034,0.002261420171868034,-0.030303030303030276,
380740,20250618900681,00306870,손오공,066910,최대주주변경,2025-06-18,KOSDAQ,5480.0,5150.0,5015.0,5115.0,-0.06021897810218979,-0.08485401459854014,-0.06660583941605835,
1052900,20221011900717,01246034,다이나믹솔루션,290660,최대주주변경을수반하는주식담보제공계약해제ㆍ취소등,2022-10-11,KOSDAQ,2140.0,2780.0,3610.0,3090.0,0.2990654205607477,0.6869158878504673,0.4439252336448598,
1019951,20221215901271,01246034,다이나믹솔루션,290660,최대주주변경을수반하는주식담보제공계약해제ㆍ취소등,2022-12-15,KOSDAQ,3390.0,3390.0,3140.0,3200.0,0.0,-0.07374631268436582,-0.05604719764011801,
1019950,20221215901277,01246034,다이나믹솔루션,290660,최대주주변경을수반하는주식담보제공계약체결,2022-12-15,KOSDAQ,3390.0,3390.0,3140.0,3200.0,0.0,-0.07374631268436582,-0.05604719764011801,
1008622,20230109900001,01246034,다이나믹솔루션,290660,최대주주변경을수반하는주식양수도계약체결,2023-01-09,KOSDAQ,3140.0,3120.0,3100.0,3220.0,-0.006369426751592355,-0.01273885350318471,0.02547770700636942,
950630,20230329902175,01246034,다이나믹솔루션,290660,최대주주변경을수반하는주식담보제공계약해제ㆍ취소등,2023-03-29,KOSDAQ,2846.0,2840.0,2782.0,2856.0,-0.0021082220660576523,-0.022487702037948032,0.0035137034434293835,
947915,20230330902732,01246034,다이나믹솔루션,290660,최대주주변경,2023-03-30,KOSDAQ,2840.0,2782.0,2780.0,2780.0,-0.02042253521126758,-0.021126760563380254,-0.021126760563380254,
375954,20250627900483,01246034,다이나믹솔루션,290660,최대주주변경을수반하는주식양수도계약체결,2025-06-27,KOSDAQ,3182.0,3400.0,3200.0,3108.0,0.06851037083595224,0.0056568196103079504,-0.023255813953488413,
355324,20250812900571,01246034,다이나믹솔루션,290660,최대주주변경,2025-08-12,KOSDAQ,3146.0,3032.0,2926.0,2650.0,-0.03623649078194535,-0.0699300699300699,-0.1576605212968849,
1052685,20221012900245,01405585,윙스풋,335870,최대주주변경,2022-10-12,KOSDAQ,3725.0,3860.0,3875.0,5580.0,0.03624161073825505,0.04026845637583887,0.497986577181208,
383023,20250612900504,01405585,윙스풋,335870,최대주주변경,2025-06-12,KOSDAQ,2505.0,2345.0,2465.0,2320.0,-0.06387225548902198,-0.015968063872255467,-0.07385229540918159,
375752,20250627900737,01405585,윙스풋,335870,최대주주변경을수반하는주식담보제공계약체결,2025-06-27,KOSDAQ,2165.0,2120.0,2040.0,2010.0,-0.020785219399538146,-0.05773672055427248,-0.07159353348729791,
363138,20250728900294,01405585,윙스풋,335870,최대주주변경을수반하는주식담보제공계약해제ㆍ취소등,2025-07-28,KOSDAQ,1894.0,1891.0,1915.0,1805.0,-0.0015839493136219351,0.011087645195353657,-0.04699049630411822,
1051989,20221013900243,01398151,밸로프,331520,최대주주변경,2022-10-13,KOSDAQ,8475.0,9100.0,9900.0,9650.0,0.07374631268436582,0.16814159292035402,0.13864306784660774,
1050062,20221018900516,00915508,알엔투테크놀로지,148250,최대주주변경을수반하는주식양수도계약체결,2022-10-18,KOSDAQ,10300.0,10500.0,10750.0,10450.0,0.01941747572815533,0.043689320388349495,0.014563106796116498,
998817,20230202900416,00915508,알엔투테크놀로지,148250,최대주주변경을수반하는주식양수도계약해제ㆍ취소등,2023-02-02,KOSDAQ,9430.0,9220.0,9170.0,8950.0,-0.022269353128313907,-0.0275715800636267,-0.05090137857900323,
521308,20250117900636,00915508,알엔투테크놀로지,148250,최대주주변경을수반하는주식양수도계약체결,2025-01-17,KOSDAQ,4475.0,4515.0,4610.0,4515.0,0.00893854748603351,0.03016759776536304,0.00893854748603351,
465585,20250325901481,00915508,알엔투테크놀로지,148250,최대주주변경,2025-03-25,KOSDAQ,9280.0,7830.0,8000.0,6640.0,-0.15625,-0.13793103448275867,-0.2844827586206896,
62060,20260401901661,00915508,알엔투테크놀로지,148250,최대주주변경,2026-04-01,KOSDAQ,4240.0,4200.0,4190.0,3535.0,-0.009433962264150941,-0.011792452830188704,-0.16627358490566035,
1049648,20221019800448,00135111,수산세보틱스,017550,최대주주변경,2022-10-19,KOSPI,2560.0,2580.0,2525.0,2615.0,0.0078125,-0.013671875,0.021484375,
1049571,20221019800534,00135111,수산세보틱스,017550,최대주주등소유주식변동신고서(최대주주변경시),2022-10-19,KOSPI,2560.0,2580.0,2525.0,2615.0,0.0078125,-0.013671875,0.021484375,
1048810,20221021900088,00605124,알파칩스,117670,최대주주변경을수반하는주식담보제공계약해제ㆍ취소등,2022-10-21,KOSDAQ,23610.0,24010.0,24216.0,21767.0,0.016941973739940774,0.025667090216010102,-0.07806014400677674,
637405,20240531901187,00605124,알파칩스,117670,기타경영사항(자율공시)              (최대주주 변경 추진),2024-05-31,KOSDAQ,19317.0,19317.0,19317.0,19317.0,0.0,0.0,0.0,
545352,20241129900629,00605124,알파칩스,117670,최대주주변경을수반하는주식양수도계약체결,2024-11-29,KOSDAQ,19317.0,19317.0,19317.0,19317.0,0.0,0.0,0.0,
528818,20241230900516,00605124,알파칩스,117670,최대주주변경,2024-12-30,KOSDAQ,19317.0,19317.0,19317.0,19317.0,0.0,0.0,0.0,
528797,20241230900538,00605124,알파칩스,117670,최대주주변경을수반하는주식담보제공계약체결,2024-12-30,KOSDAQ,19317.0,19317.0,19317.0,19317.0,0.0,0.0,0.0,
353840,20250813900810,00605124,알파칩스,117670,최대주주변경을수반하는주식담보제공계약해제ㆍ취소등,2025-08-13,KOSDAQ,7410.0,7420.0,7200.0,6740.0,0.0013495276653170407,-0.028340080971659964,-0.09041835357624828,
1047407,20221025900540,00627029,DGI,099520,최대주주변경,2022-10-25,KOSDAQ,1284.0,1284.0,1284.0,1284.0,0.0,0.0,0.0,
900966,20230428900573,00627029,DGI,099520,최대주주변경,2023-04-28,KOSDAQ,1284.0,1284.0,1284.0,1284.0,0.0,0.0,0.0,
1045974,20221027800842,00128412,삼진제약,005500,최대주주변경,2022-10-27,KOSPI,24900.0,25300.0,25200.0,25900.0,0.016064257028112428,0.012048192771084265,0.04016064257028118,
1045971,20221027800852,00128412,삼진제약,005500,최대주주등소유주식변동신고서(최대주주변경시),2022-10-27,KOSPI,24900.0,25300.0,25200.0,25900.0,0.016064257028112428,0.012048192771084265,0.04016064257028118,
567738,20241022800449,00128412,삼진제약,005500,최대주주등소유주식변동신고서(최대주주변경시),2024-10-22,KOSPI,18670.0,18390.0,18170.0,18200.0,-0.014997321906802363,-0.02678093197643283,-0.025174076057846828,
567688,20241022800462,00128412,삼진제약,005500,최대주주변경,2024-10-22,KOSPI,18670.0,18390.0,18170.0,18200.0,-0.014997321906802363,-0.02678093197643283,-0.025174076057846828,
1045213,20221028900788,01075126,사토시홀딩스,223310,기타주요경영사항(최대주주 변경을 수반하는 주식양수도 계약의 해제 등),2022-10-28,KOSDAQ,17507.0,17507.0,17507.0,17507.0,0.0,0.0,0.0,
666184,20240415900700,01075126,사토시홀딩스,223310,최대주주변경,2024-04-15,KOSDAQ,7273.0,7203.0,7268.0,8443.0,-0.009624639076034613,-0.0006874742197167105,0.16086896741372203,
1044878,20221031900370,00670766,엠엑스온,347890,최대주주변경을수반하는주식양수도계약체결,2022-10-31,KOSDAQ,8600.0,8160.0,8060.0,8000.0,-0.051162790697674376,-0.06279069767441858,-0.06976744186046513,
896965,20230509900367,00670766,엠엑스온,347890,최대주주변경,2023-05-09,KOSDAQ,10460.0,10050.0,9980.0,9210.0,-0.03919694072657742,-0.04588910133843216,-0.1195028680688337,
1044815,20221031900474,00440712,리튬포어스,073570,최대주주변경,2022-10-31,KOSDAQ,73852.0,70363.0,69521.0,71927.0,-0.04724313491848564,-0.058644315658343715,-0.026065644803119792,
363678,20250725900555,00440712,리튬포어스,073570,최대주주변경,2025-07-25,KOSDAQ,6716.0,6788.0,6278.0,6447.0,0.010720667063728317,-0.06521739130434778,-0.0400536033353186,
1044616,20221031900718,00800084,씨엑스아이,900120,최대주주변경,2022-10-31,KOSDAQ,2079.0,2695.0,2138.0,2148.0,0.2962962962962963,0.028379028379028393,0.03318903318903321,
553389,20241118900510,00800084,씨엑스아이,900120,최대주주변경,2024-11-18,KOSDAQ,756.0,746.0,736.0,736.0,-0.013227513227513255,-0.02645502645502651,-0.02645502645502651,
98331,20260312901226,00800084,씨엑스아이,900120,최대주주변경,2026-03-12,KOSDAQ,409.0,531.0,425.0,414.0,0.29828850855745714,0.03911980440097795,0.012224938875305513,
1043851,20221102800372,00118026,동원산업,006040,최대주주변경,2022-11-02,KOSPI,42283.0,41464.0,41464.0,39646.0,-0.019369486554880244,-0.019369486554880244,-0.06236548967670219,
1043856,20221102800375,00118026,동원산업,006040,최대주주등소유주식변동신고서(최대주주변경시),2022-11-02,KOSPI,42283.0,41464.0,41464.0,39646.0,-0.019369486554880244,-0.019369486554880244,-0.06236548967670219,
1043753,20221102800507,00132637,동원시스템즈,014820,최대주주변경,2022-11-02,KOSPI,46000.0,46850.0,47350.0,46600.0,0.018478260869565277,0.02934782608695663,0.01304347826086949,
1043629,20221103800067,00132637,동원시스템즈,014820,최대주주등소유주식변동신고서(최대주주변경시),2022-11-03,KOSPI,46850.0,47350.0,47450.0,46200.0,0.01067235859124871,0.012806830309498363,-0.0138740661686233,
1042179,20221107800482,00113058,한화생명,088350,최대주주변경,2022-11-07,KOSPI,2105.0,2140.0,2180.0,2345.0,0.016627078384798155,0.03562945368171011,0.11401425178147262,
1042184,20221107800487,00113058,한화생명,088350,최대주주등소유주식변동신고서(최대주주변경시),2022-11-07,KOSPI,2105.0,2140.0,2180.0,2345.0,0.016627078384798155,0.03562945368171011,0.11401425178147262,
1040261,20221110900743,00255105,케이바이오랩스,038530,최대주주변경,2022-11-10,KOSDAQ,3425.0,3445.0,3560.0,3710.0,0.005839416058394109,0.039416058394160514,0.08321167883211689,
1040099,20221111800072,00141404,블루산업개발,006740,최대주주변경,2022-11-11,KOSPI,9950.0,9781.0,10059.0,11754.0,-0.016984924623115627,0.010954773869346734,0.18130653266331653,
1039165,20221111801071,00141404,블루산업개발,006740,최대주주등소유주식변동신고서(최대주주변경시),2022-11-11,KOSPI,9950.0,9781.0,10059.0,11754.0,-0.016984924623115627,0.010954773869346734,0.18130653266331653,
551919,20241121800481,00141404,블루산업개발,006740,최대주주변경,2024-11-21,KOSPI,3080.0,2892.0,2936.0,2857.0,-0.061038961038961004,-0.04675324675324677,-0.07240259740259736,
551922,20241121800531,00141404,블루산업개발,006740,최대주주등소유주식변동신고서(최대주주변경시),2024-11-21,KOSPI,3080.0,2892.0,2936.0,2857.0,-0.061038961038961004,-0.04675324675324677,-0.07240259740259736,
109886,20260227802154,00141404,블루산업개발,006740,최대주주등소유주식변동신고서(최대주주변경시),2026-02-27,KOSPI,1408.0,1347.0,1234.0,1201.0,-0.043323863636363646,-0.12357954545454541,-0.14701704545454541,
107501,20260304801529,00141404,블루산업개발,006740,최대주주변경,2026-03-04,KOSPI,1234.0,1227.0,1273.0,1257.0,-0.005672609400324102,0.031604538087520284,0.018638573743922304,
1036211,20221114902642,00462121,LIG아큐버,073490,최대주주변경을수반하는주식양수도계약체결,2022-11-14,KOSDAQ,27700.0,29900.0,29400.0,30300.0,0.07942238267148016,0.06137184115523464,0.09386281588447654,
1035325,20221116900340,00462121,LIG아큐버,073490,최대주주변경,2022-11-16,KOSDAQ,29400.0,28850.0,28500.0,29700.0,-0.018707482993197244,-0.030612244897959218,0.010204081632652962,
1036006,20221114902943,00146427,한주에이알티,058450,최대주주변경을수반하는주식양수도계약체결,2022-11-14,KOSDAQ,30721.0,29694.0,26990.0,31361.0,-0.03342990137039814,-0.12144786953549691,0.020832655187005722,
993906,20230213900508,00146427,한주에이알티,058450,최대주주변경을수반하는주식양수도계약해제ㆍ취소등,2023-02-13,KOSDAQ,23674.0,22029.0,20643.0,21283.0,-0.06948551153163807,-0.1280307510348906,-0.10099687420799186,
967387,20230315902433,00146427,한주에이알티,058450,최대주주변경을수반하는주식양수도계약체결,2023-03-15,KOSDAQ,20952.0,21569.0,20952.0,21491.0,0.029448262695685345,0.0,0.025725467735776997,
967384,20230315902440,00146427,한주에이알티,058450,최대주주변경,2023-03-15,KOSDAQ,20952.0,21569.0,20952.0,21491.0,0.029448262695685345,0.0,0.025725467735776997,
667447,20240415900004,00146427,한주에이알티,058450,최대주주변경을수반하는주식양수도계약체결,2024-04-15,KOSDAQ,24272.0,19920.0,19367.0,22131.0,-0.17930125247198414,-0.20208470665787737,-0.08820863546473301,
645553,20240522900493,00146427,한주에이알티,058450,최대주주변경,2024-05-22,KOSDAQ,21647.0,20311.0,21048.0,18469.0,-0.061717559015106005,-0.027671270845844642,-0.1468101815494064,
271242,20260120900382,00146427,한주에이알티,058450,최대주주변경,2026-01-20,KOSDAQ,4458.0,4882.0,4605.0,4702.0,0.0951099147599821,0.03297442799461647,0.054733064154329325,
1034527,20221118900291,01110182,SCL사이언스,246960,최대주주변경을수반하는주식양수도계약체결,2022-11-18,KOSDAQ,2177.0,2325.0,2207.0,2180.0,0.06798346348185569,0.013780431786862612,0.0013780431786862835,
1013135,20221228900913,01110182,SCL사이언스,246960,최대주주변경,2022-12-28,KOSDAQ,2177.0,2140.0,2115.0,2055.0,-0.016995865870463978,-0.02847955902618282,-0.05604042259990816,
843288,20230814902816,01110182,SCL사이언스,246960,최대주주변경,2023-08-14,KOSDAQ,2295.0,2215.0,2275.0,2227.0,-0.034858387799564294,-0.008714596949891074,-0.029629629629629672,
843284,20230814902821,01110182,SCL사이언스,246960,기타시장안내(최대주주 변경 관련),2023-08-14,KOSDAQ,2295.0,2215.0,2275.0,2227.0,-0.034858387799564294,-0.008714596949891074,-0.029629629629629672,
1033765,20221121800383,00111847,대원강업,000430,최대주주변경,2022-11-21,KOSPI,3505.0,3450.0,3415.0,3500.0,-0.015691868758915817,-0.025677603423680417,-0.0014265335235378318,
1011509,20221230800570,00111847,대원강업,000430,최대주주등소유주식변동신고서(최대주주변경시),2022-12-30,KOSPI,3280.0,3175.0,3165.0,3200.0,-0.03201219512195119,-0.03506097560975607,-0.024390243902439046,
1033302,20221122900392,00962922,팬젠,222110,최대주주변경을수반하는주식양수도계약체결,2022-11-22,KOSDAQ,7300.0,6240.0,5810.0,5820.0,-0.14520547945205475,-0.20410958904109588,-0.20273972602739732,
1007189,20230111900331,00962922,팬젠,222110,최대주주변경을수반하는주식담보제공계약해제ㆍ취소등,2023-01-11,KOSDAQ,7450.0,7390.0,7380.0,6350.0,-0.008053691275167751,-0.00939597315436247,-0.1476510067114094,
1006711,20230112900306,00962922,팬젠,222110,최대주주변경,2023-01-12,KOSDAQ,7390.0,7380.0,6770.0,5930.0,-0.0013531799729363803,-0.0838971583220568,-0.19756427604871452,
561674,20241105900220,00962922,팬젠,222110,최대주주변경을수반하는주식양수도계약체결,2024-11-05,KOSDAQ,5460.0,5400.0,5560.0,6630.0,-0.01098901098901095,0.01831501831501825,0.2142857142857142,
558004,20241113900360,00962922,팬젠,222110,최대주주변경,2024-11-13,KOSDAQ,6200.0,6810.0,6670.0,6120.0,0.09838709677419355,0.07580645161290334,-0.012903225806451646,
1032528,20221124900407,00913689,세경하이테크,148150,최대주주변경을수반하는주식양수도계약체결,2022-11-24,KOSDAQ,5389.0,5005.0,4922.0,4988.0,-0.07125626275746888,-0.08665800705140103,-0.07441083688996109,
1020197,20221215900900,00913689,세경하이테크,148150,최대주주변경,2022-12-15,KOSDAQ,4838.0,4671.0,4471.0,4421.0,-0.03451839603141793,-0.07585779247622981,-0.08619264158743278,
833920,20230831900423,00913689,세경하이테크,148150,최대주주변경을수반하는주식담보제공계약체결,2023-08-31,KOSDAQ,4705.0,4845.0,4738.0,4601.0,0.029755579171094615,0.0070138150903293894,-0.022104144527098857,
453854,20250331903387,00913689,세경하이테크,148150,최대주주변경을수반하는주식담보제공계약해제ㆍ취소등,2025-03-31,KOSDAQ,6770.0,6930.0,6720.0,6200.0,0.02363367799113747,-0.00738552437223039,-0.08419497784342689,
453660,20250331903610,00913689,세경하이테크,148150,최대주주변경을수반하는주식담보제공계약체결,2025-03-31,KOSDAQ,6770.0,6930.0,6720.0,6200.0,0.02363367799113747,-0.00738552437223039,-0.08419497784342689,
1030735,20221128900493,01187148,케어랩스,263700,최대주주변경을수반하는주식양수도계약체결,2022-11-28,KOSDAQ,9250.0,7980.0,7490.0,7110.0,-0.13729729729729734,-0.19027027027027033,-0.23135135135135132,
1029438,20221129900475,01187148,케어랩스,263700,최대주주변경을수반하는주식담보제공계약해제ㆍ취소등,2022-11-29,KOSDAQ,7980.0,7490.0,7450.0,7870.0,-0.06140350877192979,-0.0664160401002506,-0.013784461152882233,
1005067,20230117900441,01187148,케어랩스,263700,최대주주변경,2023-01-17,KOSDAQ,7100.0,7090.0,6940.0,8330.0,-0.0014084507042253502,-0.022535211267605604,0.1732394366197183,
1026092,20221202900402,00416414,넥스턴앤롤코리아,089140,최대주주변경을수반하는주식담보제공계약체결,2022-12-02,KOSDAQ,10779.0,10579.0,9804.0,9078.0,-0.01855459690138228,-0.09045365989423881,-0.15780684664625666,
873698,20230620900201,00416414,넥스턴앤롤코리아,089140,최대주주변경을수반하는주식담보제공계약해제ㆍ취소등,2023-06-20,KOSDAQ,8270.0,8600.0,8100.0,7830.0,0.03990326481257567,-0.02055622732769047,-0.053204353083434075,
45555,20260407901123,00416414,넥스턴앤롤코리아,089140,최대주주변경을수반하는주식담보제공계약체결,2026-04-07,KOSDAQ,2110.0,2115.0,2085.0,2180.0,0.0023696682464455776,-0.011848341232227444,0.033175355450236976,
1022475,20221212900549,00441304,가온그룹,078890,최대주주변경,2022-12-12,KOSDAQ,7550.0,7296.0,7643.0,7418.0,-0.03364238410596021,0.012317880794701974,-0.017483443708609325,
1011014,20230102900843,00441304,가온그룹,078890,최대주주변경,2023-01-02,KOSDAQ,6612.0,6410.0,6854.0,6854.0,-0.030550514216575952,0.03660012099213561,0.03660012099213561,
1010602,20230103900591,00441304,가온그룹,078890,최대주주변경,2023-01-03,KOSDAQ,6410.0,6854.0,6912.0,6978.0,0.06926677067082676,0.0783151326053042,0.08861154446177855,
1018099,20221219900529,00136448,신신제약,002800,최대주주변경,2022-12-19,KOSDAQ,5520.0,5520.0,5520.0,5570.0,0.0,0.0,0.009057971014492683,
1015480,20221223900820,01090471,SFA넥셀,222080,최대주주변경을수반하는주식양수도계약체결,2022-12-23,KOSDAQ,11650.0,10100.0,9440.0,9050.0,-0.1330472103004292,-0.18969957081545064,-0.223175965665236,
943304,20230331903035,01090471,SFA넥셀,222080,최대주주변경,2023-03-31,KOSDAQ,14350.0,14950.0,14200.0,13910.0,0.04181184668989557,-0.010452961672473893,-0.030662020905923293,
1015475,20221223900848,00409681,아스트,067390,최대주주변경을수반하는주식양수도계약체결,2022-12-23,KOSDAQ,5000.0,4100.0,3980.0,3770.0,-0.18000000000000005,-0.20399999999999996,-0.246,
972804,20230310901408,00409681,아스트,067390,최대주주변경,2023-03-10,KOSDAQ,4435.0,4420.0,4050.0,4185.0,-0.0033821871476887866,-0.08680947012401352,-0.056369785794814,
1014229,20221227800586,00117230,TYM,002900,최대주주등소유주식변동신고서(최대주주변경시),2022-12-27,KOSPI,9757.0,9909.0,9740.0,9841.0,0.015578558983293966,-0.0017423388336579304,0.008609203648662467,
1014183,20221227800593,00117230,TYM,002900,최대주주변경,2022-12-27,KOSPI,9757.0,9909.0,9740.0,9841.0,0.015578558983293966,-0.0017423388336579304,0.008609203648662467,
1014132,20221227900676,00347716,중앙첨단소재,051980,최대주주인명목회사·조합등의최대주주변경,2022-12-27,KOSDAQ,1340.0,1395.0,1320.0,1395.0,0.04104477611940305,-0.014925373134328401,0.04104477611940305,
999613,20230131900891,00347716,중앙첨단소재,051980,최대주주변경을수반하는주식담보제공계약체결,2023-01-31,KOSDAQ,1438.0,1403.0,1527.0,1863.0,-0.024339360222531248,0.06189151599443665,0.2955493741307371,
980765,20230228901826,00347716,중앙첨단소재,051980,최대주주변경,2023-02-28,KOSDAQ,1846.0,1812.0,1780.0,1755.0,-0.018418201516793076,-0.03575297941495126,-0.04929577464788737,
980760,20230228901843,00347716,중앙첨단소재,051980,최대주주변경을수반하는주식담보제공계약해제ㆍ취소등,2023-02-28,KOSDAQ,1846.0,1812.0,1780.0,1755.0,-0.018418201516793076,-0.03575297941495126,-0.04929577464788737,
608519,20240805900004,00347716,중앙첨단소재,051980,최대주주변경을수반하는주식담보제공계약체결,2024-08-05,KOSDAQ,12330.0,12160.0,12430.0,11240.0,-0.013787510137875048,0.008110300081102917,-0.08840227088402275,
441368,20250403900815,00347716,중앙첨단소재,051980,최대주주변경을수반하는주식양수도계약체결,2025-04-03,KOSDAQ,3890.0,4110.0,3760.0,3885.0,0.05655526992287907,-0.033419023136246784,-0.0012853470437017567,
432548,20250407901303,00347716,중앙첨단소재,051980,최대주주변경,2025-04-07,KOSDAQ,3760.0,3560.0,3380.0,4330.0,-0.05319148936170215,-0.10106382978723405,0.15159574468085113,
432521,20250407901344,00347716,중앙첨단소재,051980,최대주주변경을수반하는주식담보제공계약해제ㆍ취소등,2025-04-07,KOSDAQ,3760.0,3560.0,3380.0,4330.0,-0.05319148936170215,-0.10106382978723405,0.15159574468085113,
282318,20251226900619,00347716,중앙첨단소재,051980,최대주주변경을수반하는주식양수도계약체결,2025-12-26,KOSDAQ,2580.0,2585.0,2470.0,2480.0,0.0019379844961240345,-0.04263565891472865,-0.03875968992248058,
278169,20260105900739,00347716,중앙첨단소재,051980,최대주주변경,2026-01-05,KOSDAQ,2495.0,2480.0,2400.0,2240.0,-0.006012024048096198,-0.038076152304609256,-0.10220440881763526,
278163,20260105900783,00347716,중앙첨단소재,051980,최대주주변경을수반하는주식담보제공계약체결,2026-01-05,KOSDAQ,2495.0,2480.0,2400.0,2240.0,-0.006012024048096198,-0.038076152304609256,-0.10220440881763526,
1013473,20221228800548,00111689,아진전자부품,009320,최대주주등소유주식변동신고서(최대주주변경시),2022-12-28,KOSPI,1450.0,1440.0,1400.0,1395.0,-0.006896551724137945,-0.03448275862068961,-0.037931034482758585,
1013379,20221228900613,00596260,투비소프트,079970,최대주주변경,2022-12-28,KOSDAQ,950.0,910.0,883.0,864.0,-0.04210526315789476,-0.07052631578947366,-0.09052631578947368,
905460,20230421900652,00596260,투비소프트,079970,최대주주변경을수반하는주식양수도계약체결,2023-04-21,KOSDAQ,1182.0,1117.0,1133.0,1216.0,-0.05499153976311333,-0.04145516074450084,0.02876480541455151,
899214,20230502900910,00596260,투비소프트,079970,최대주주변경,2023-05-02,KOSDAQ,1169.0,1170.0,1115.0,1096.0,0.0008554319931566301,-0.04619332763045336,-0.06244653550042767,
804985,20231113900731,00596260,투비소프트,079970,최대주주인명목회사·조합등의최대주주변경,2023-11-13,KOSDAQ,606.0,648.0,605.0,586.0,0.06930693069306937,-0.0016501650165016146,-0.03300330033003296,
496488,20250226901321,00596260,투비소프트,079970,최대주주변경,2025-02-26,KOSDAQ,585.0,563.0,598.0,780.0,-0.037606837606837584,0.022222222222222143,0.33333333333333326,
333842,20250915900617,00596260,투비소프트,079970,최대주주변경,2025-09-15,KOSDAQ,596.0,596.0,596.0,596.0,0.0,0.0,0.0,
1013089,20221228901023,00813389,베셀,177350,최대주주변경을수반하는주식양수도계약체결,2022-12-28,KOSDAQ,12307.0,10924.0,10174.0,11583.0,-0.11237507109774925,-0.1733159990249451,-0.058828309092386455,
997684,20230206900758,00813389,베셀,177350,최대주주변경,2023-02-06,KOSDAQ,10594.0,10399.0,10279.0,9860.0,-0.018406645270908073,-0.02973381159146682,-0.06928450066075131,
867029,20230703900573,00813389,베셀,177350,최대주주변경을수반하는주식양수도계약체결,2023-07-03,KOSDAQ,8851.0,8131.0,8476.0,8221.0,-0.08134674048130153,-0.04236809400067787,-0.07117839792113889,
841232,20230821900462,00813389,베셀,177350,최대주주변경을수반하는주식양수도계약해제ㆍ취소등,2023-08-21,KOSDAQ,6858.0,6563.0,6563.0,6278.0,-0.043015456401283125,-0.043015456401283125,-0.08457276173811612,
412819,20250421900786,00813389,베셀,177350,최대주주변경,2025-04-21,KOSDAQ,1025.0,1055.0,1050.0,1075.0,0.029268292682926855,0.024390243902439046,0.04878048780487809,
302712,20251125900418,00813389,베셀,177350,최대주주인명목회사·조합등의최대주주변경,2025-11-25,KOSDAQ,1105.0,1086.0,1411.0,1319.0,-0.017194570135746656,0.2769230769230768,0.1936651583710407,
1012460,20221229900738,00156895,아주IB투자,027360,기타경영사항(자율공시)(최대주주 사명변경 안내),2022-12-29,KOSDAQ,2215.0,2135.0,2145.0,2330.0,-0.036117381489842004,-0.03160270880361171,0.05191873589164775,
1012178,20221229900994,00359395,헬릭스미스,084990,최대주주변경,2022-12-29,KOSDAQ,10550.0,10300.0,10600.0,10950.0,-0.023696682464455,0.004739336492890933,0.03791469194312791,
776891,20231228900935,00359395,헬릭스미스,084990,최대주주변경,2023-12-28,KOSDAQ,6170.0,6070.0,4250.0,4010.0,-0.01620745542949753,-0.3111831442463533,-0.35008103727714746,
1011280,20230102900468,00250614,삼영엠텍,054540,최대주주변경,2023-01-02,KOSDAQ,3535.0,3565.0,3660.0,3850.0,0.008486562942008558,0.03536067892503536,0.08910891089108919,
1011191,20230102900589,00250614,삼영엠텍,054540,최대주주변경을수반하는주식담보제공계약해제ㆍ취소등,2023-01-02,KOSDAQ,3535.0,3565.0,3660.0,3850.0,0.008486562942008558,0.03536067892503536,0.08910891089108919,
1008478,20230109900233,00250614,삼영엠텍,054540,최대주주변경을수반하는주식담보제공계약체결,2023-01-09,KOSDAQ,3850.0,3765.0,3755.0,3835.0,-0.02207792207792203,-0.024675324675324628,-0.003896103896103842,
17814,20260430900805,00250614,삼영엠텍,054540,최대주주변경을수반하는주식담보제공계약해제ㆍ취소등,2026-04-30,KOSDAQ,13430.0,13320.0,12970.0,12410.0,-0.008190618019359608,-0.034251675353685784,-0.07594936708860756,
16893,20260430901789,00250614,삼영엠텍,054540,최대주주변경을수반하는주식담보제공계약체결,2026-04-30,KOSDAQ,13430.0,13320.0,12970.0,12410.0,-0.008190618019359608,-0.034251675353685784,-0.07594936708860756,
1010986,20230103900003,00267942,큐캐피탈,016600,최대주주변경을수반하는주식담보제공계약체결,2023-01-03,KOSDAQ,4829.0,4968.0,5031.0,5157.0,0.02878442741768472,0.04183060675088002,0.06792296541727061,
1010217,20230104900288,00491415,인포바인,115310,최대주주변경을수반하는주식담보제공계약해제ㆍ취소등,2023-01-04,KOSDAQ,4550.0,4550.0,4560.0,4540.0,0.0,0.00219780219780219,-0.00219780219780219,
1005489,20230116900602,00373021,테라사이언스,073640,최대주주변경을수반하는주식양수도계약체결,2023-01-16,KOSDAQ,2395.0,2245.0,2305.0,2155.0,-0.06263048016701467,-0.0375782881002088,-0.10020876826722336,
902206,20230427900865,00373021,테라사이언스,073640,최대주주변경,2023-04-27,KOSDAQ,4075.0,3845.0,3955.0,3825.0,-0.05644171779141105,-0.02944785276073625,-0.06134969325153372,
902205,20230427900871,00373021,테라사이언스,073640,최대주주변경을수반하는주식담보제공계약체결,2023-04-27,KOSDAQ,4075.0,3845.0,3955.0,3825.0,-0.05644171779141105,-0.02944785276073625,-0.06134969325153372,
722533,20240319901262,00373021,테라사이언스,073640,최대주주변경을수반하는주식담보제공계약해제ㆍ취소등,2024-03-19,KOSDAQ,654.0,654.0,654.0,654.0,0.0,0.0,0.0,
722532,20240319901263,00373021,테라사이언스,073640,최대주주변경,2024-03-19,KOSDAQ,654.0,654.0,654.0,654.0,0.0,0.0,0.0,
532002,20241223900483,00373021,테라사이언스,073640,최대주주변경,2024-12-23,KOSDAQ,654.0,654.0,654.0,654.0,0.0,0.0,0.0,
1004509,20230118900537,00545114,랩지노믹스,084650,최대주주변경,2023-01-18,KOSDAQ,3500.0,3405.0,3400.0,3550.0,-0.027142857142857135,-0.02857142857142858,0.014285714285714235,
1001262,20230127900434,01569102,라이콤,388790,최대주주변경,2023-01-27,KOSDAQ,2295.0,2385.0,2370.0,2480.0,0.03921568627450989,0.03267973856209161,0.08061002178649246,
1000918,20230127900907,01042979,휴마시스,205470,최대주주변경을수반하는주식양수도계약체결,2023-01-27,KOSDAQ,22860.0,20710.0,20475.0,19520.0,-0.09405074365704291,-0.10433070866141736,-0.14610673665791774,
995414,20230209900900,01042979,휴마시스,205470,최대주주변경,2023-02-09,KOSDAQ,21630.0,20725.0,19465.0,19440.0,-0.04184003698566807,-0.10009246417013407,-0.10124826629680994,
5461,20260518900972,01042979,휴마시스,205470,최대주주변경,2026-05-18,KOSDAQ,4215.0,4155.0,4145.0,4200.0,-0.014234875444839812,-0.016607354685646447,-0.003558718861209953,
1000741,20230130900002,00520610,씨큐브,101240,최대주주변경을수반하는주식양수도계약체결,2023-01-30,KOSDAQ,6680.0,6376.0,6268.0,6307.0,-0.045508982035928125,-0.06167664670658679,-0.05583832335329342,
840722,20230822900349,00520610,씨큐브,101240,최대주주변경,2023-08-22,KOSDAQ,5709.0,5572.0,5611.0,5768.0,-0.023997197407601978,-0.017165878437554793,0.010334559467507498,
1000255,20230130900927,00442455,코스나인,082660,최대주주변경,2023-01-30,KOSDAQ,798.0,798.0,798.0,798.0,0.0,0.0,0.0,
619209,20240709900623,00442455,코스나인,082660,최대주주변경,2024-07-09,KOSDAQ,599.0,615.0,602.0,469.0,0.026711185308847973,0.005008347245408995,-0.21702838063439067,
999616,20230131900885,00660750,하나머티리얼즈,166090,최대주주변경을수반하는주식담보제공계약체결,2023-01-31,KOSDAQ,37650.0,37700.0,38800.0,37600.0,0.0013280212483399723,0.030544488711819362,-0.0013280212483399723,
997892,20230206900339,00351630,세코닉스,053450,최대주주변경,2023-02-06,KOSDAQ,7370.0,7210.0,7300.0,6750.0,-0.02170963364993217,-0.009497964721845276,-0.08412483039348706,
997659,20230206900796,00255275,HB테크놀러지,078150,최대주주변경을수반하는주식담보제공계약해제ㆍ취소등,2023-02-06,KOSDAQ,1880.0,1980.0,2015.0,2040.0,0.05319148936170204,0.07180851063829796,0.0851063829787233,
994405,20230210801211,01576102,미래에셋글로벌리츠,396690,최대주주변경,2023-02-10,KOSPI,3905.0,3920.0,3900.0,3840.0,0.003841229193341844,-0.001280409731113985,-0.016645326504481472,
907654,20230418800229,01576102,미래에셋글로벌리츠,396690,최대주주변경,2023-04-18,KOSPI,3575.0,3555.0,3540.0,3545.0,-0.005594405594405605,-0.009790209790209836,-0.008391608391608352,
995018,20230210900275,00260930,에스엠,041510,최대주주변경을수반하는주식양수도계약체결,2023-02-10,KOSDAQ,114700.0,116000.0,116800.0,130100.0,0.011333914559721103,0.018308631211856996,0.13426329555361805,
988002,20230222900823,00260930,에스엠,041510,최대주주변경,2023-02-22,KOSDAQ,121100.0,126300.0,121000.0,128000.0,0.04293971924029738,-0.0008257638315442017,0.056977704376548255,
952513,20230328901814,00260930,에스엠,041510,최대주주변경,2023-03-28,KOSDAQ,94300.0,97400.0,94100.0,96100.0,0.0328738069989396,-0.0021208907741251393,0.019088016967126142,
992322,20230215900237,01596656,메쎄이상,408920,최대주주변경,2023-02-15,KOSDAQ,3520.0,3465.0,3780.0,3940.0,-0.015625,0.07386363636363646,0.11931818181818188,
992224,20230215900382,00230911,HRS,036640,최대주주변경을수반하는주식담보제공계약해제ㆍ취소등,2023-02-15,KOSDAQ,5290.0,5360.0,5320.0,5300.0,0.013232514177693666,0.005671077504725952,0.001890359168241984,
991768,20230215901128,00923826,일월지엠엘,178780,최대주주변경,2023-02-15,KOSDAQ,4750.0,4750.0,4750.0,4750.0,0.0,0.0,0.0,
991767,20230215901129,00681249,씨유메디칼,115480,최대주주변경,2023-02-15,KOSDAQ,6945.0,6950.0,6505.0,6845.0,0.0007199424046075986,-0.06335493160547156,-0.014398848092152639,
580956,20240913900689,00681249,씨유메디칼,115480,최대주주변경을수반하는주식양수도계약체결,2024-09-13,KOSDAQ,3745.0,3620.0,3695.0,3720.0,-0.03337783711615483,-0.013351134846461998,-0.006675567423230944,
574643,20241002900641,00681249,씨유메디칼,115480,최대주주변경,2024-10-02,KOSDAQ,3935.0,3950.0,3970.0,3820.0,0.003811944091486552,0.008894536213468918,-0.029224904701397714,
305724,20251118900365,00681249,씨유메디칼,115480,최대주주변경을수반하는주식담보제공계약체결,2025-11-18,KOSDAQ,2965.0,2915.0,2900.0,2870.0,-0.016863406408094472,-0.021922428330522714,-0.03204047217537942,
17306,20260430901375,00681249,씨유메디칼,115480,최대주주인명목회사·조합등의최대주주변경,2026-04-30,KOSDAQ,2740.0,2740.0,2740.0,2740.0,0.0,0.0,0.0,
990969,20230216800834,00125974,삼부토건,001470,최대주주변경,2023-02-16,KOSPI,1245.0,1263.0,1272.0,1400.0,0.014457831325301207,0.02168674698795181,0.12449799196787148,
990946,20230216800909,00125974,삼부토건,001470,최대주주등소유주식변동신고서(최대주주변경시),2023-02-16,KOSPI,1245.0,1263.0,1272.0,1400.0,0.014457831325301207,0.02168674698795181,0.12449799196787148,
990088,20230217900791,00809429,뉴온,123840,최대주주변경,2023-02-17,KOSDAQ,54810.0,53513.0,54810.0,49729.0,-0.023663565042875367,0.0,-0.09270206166757888,
990005,20230217900950,01051065,엔비티,236810,최대주주변경을수반하는주식담보제공계약체결,2023-02-17,KOSDAQ,7140.0,7190.0,7200.0,6670.0,0.007002801120448154,0.008403361344537785,-0.06582633053221287,
905536,20230421900554,01051065,엔비티,236810,최대주주변경을수반하는주식담보제공계약해제ㆍ취소등,2023-04-21,KOSDAQ,5400.0,5280.0,5270.0,5230.0,-0.022222222222222254,-0.024074074074074026,-0.031481481481481444,
833676,20230831900607,01051065,엔비티,236810,최대주주변경을수반하는주식담보제공계약체결,2023-08-31,KOSDAQ,6790.0,6720.0,6610.0,7130.0,-0.010309278350515427,-0.026509572901325495,0.050073637702503726,
747370,20240223900686,01051065,엔비티,236810,최대주주변경을수반하는주식담보제공계약해제ㆍ취소등,2024-02-23,KOSDAQ,7830.0,7870.0,7700.0,7310.0,0.005108556832694733,-0.016602809706257937,-0.06641123882503197,
664553,20240418900537,01051065,엔비티,236810,최대주주변경을수반하는주식담보제공계약체결,2024-04-18,KOSDAQ,6680.0,6570.0,6540.0,6690.0,-0.01646706586826352,-0.020958083832335328,0.0014970059880239361,
650266,20240514901316,01051065,엔비티,236810,최대주주변경을수반하는주식담보제공계약해제ㆍ취소등,2024-05-14,KOSDAQ,6260.0,6190.0,6120.0,5990.0,-0.011182108626198062,-0.022364217252396124,-0.04313099041533541,
631156,20240617900545,01051065,엔비티,236810,최대주주변경을수반하는주식담보제공계약체결,2024-06-17,KOSDAQ,6560.0,5950.0,5720.0,5460.0,-0.09298780487804881,-0.12804878048780488,-0.16768292682926833,
626809,20240625900556,01051065,엔비티,236810,최대주주변경을수반하는주식담보제공계약해제ㆍ취소등,2024-06-25,KOSDAQ,5370.0,5750.0,5510.0,4765.0,0.07076350093109873,0.026070763500931182,-0.11266294227188078,
625345,20240627900508,01051065,엔비티,236810,최대주주변경을수반하는주식담보제공계약체결,2024-06-27,KOSDAQ,5510.0,4870.0,4860.0,4890.0,-0.11615245009074415,-0.11796733212341193,-0.11252268602540838,
621436,20240703900441,01051065,엔비티,236810,최대주주변경을수반하는주식담보제공계약해제ㆍ취소등,2024-07-03,KOSDAQ,4800.0,4890.0,4890.0,4735.0,0.018750000000000044,0.018750000000000044,-0.013541666666666674,
530595,20241226900490,01051065,엔비티,236810,최대주주변경을수반하는주식담보제공계약체결,2024-12-26,KOSDAQ,3130.0,3100.0,3105.0,3250.0,-0.009584664536741228,-0.007987220447284393,0.03833865814696491,
516566,20250131900667,01051065,엔비티,236810,최대주주변경을수반하는주식담보제공계약해제ㆍ취소등,2025-01-31,KOSDAQ,3175.0,3000.0,3065.0,3100.0,-0.055118110236220486,-0.03464566929133861,-0.023622047244094446,
494110,20250227901166,01051065,엔비티,236810,최대주주변경을수반하는주식담보제공계약체결,2025-02-27,KOSDAQ,3300.0,3155.0,3175.0,3045.0,-0.043939393939393945,-0.037878787878787845,-0.07727272727272727,
474893,20250318900722,01051065,엔비티,236810,최대주주변경을수반하는주식양수도계약체결,2025-03-18,KOSDAQ,3045.0,3955.0,3500.0,3380.0,0.29885057471264376,0.14942528735632177,0.11001642036124792,
469105,20250321901504,01051065,엔비티,236810,최대주주변경을수반하는주식담보제공계약해제ㆍ취소등,2025-03-21,KOSDAQ,3355.0,3460.0,3380.0,3090.0,0.03129657228017879,0.007451564828613977,-0.07898658718330853,
377530,20250626900004,01051065,엔비티,236810,최대주주변경을수반하는주식양수도계약해제ㆍ취소등,2025-06-26,KOSDAQ,4225.0,4040.0,3725.0,4075.0,-0.043786982248520734,-0.11834319526627224,-0.035502958579881616,
369912,20250710900490,01051065,엔비티,236810,최대주주변경을수반하는주식담보제공계약체결,2025-07-10,KOSDAQ,4165.0,4055.0,3915.0,3450.0,-0.026410564225690325,-0.06002400960384158,-0.17166866746698684,
294381,20251208900296,01051065,엔비티,236810,최대주주변경을수반하는주식담보제공계약해제ㆍ취소등,2025-12-08,KOSDAQ,2340.0,2300.0,2310.0,2330.0,-0.017094017094017144,-0.012820512820512775,-0.004273504273504258,
988983,20230221900676,01109955,링크제니시스,219420,최대주주변경을수반하는주식양수도계약체결,2023-02-21,KOSDAQ,7590.0,7240.0,7290.0,7130.0,-0.04611330698287219,-0.03952569169960474,-0.06060606060606055,
957404,20230323901746,01109955,링크제니시스,219420,최대주주변경,2023-03-23,KOSDAQ,7490.0,7190.0,7060.0,7000.0,-0.040053404539385884,-0.057409879839786404,-0.06542056074766356,
986662,20230224900283,01139035,티에스아이,277880,최대주주변경을수반하는주식양수도계약체결,2023-02-24,KOSDAQ,9400.0,9430.0,9710.0,11310.0,0.0031914893617022155,0.03297872340425534,0.20319148936170217,
977034,20230307900603,01139035,티에스아이,277880,최대주주변경,2023-03-07,KOSDAQ,11140.0,10720.0,10170.0,9180.0,-0.037701974865350096,-0.08707360861759428,-0.17594254937163378,
983751,20230227901142,00862880,새빗켐,107600,최대주주변경을수반하는주식담보제공계약체결,2023-02-27,KOSDAQ,117800.0,116400.0,132500.0,129500.0,-0.011884550084889645,0.12478777589134116,0.09932088285229201,
568716,20241018900529,00862880,새빗켐,107600,최대주주변경을수반하는주식양수도계약체결,2024-10-18,KOSDAQ,23300.0,22950.0,22050.0,22000.0,-0.015021459227467782,-0.05364806866952787,-0.05579399141630903,
552660,20241120900271,00862880,새빗켐,107600,최대주주변경,2024-11-20,KOSDAQ,17550.0,17370.0,17410.0,18210.0,-0.01025641025641022,-0.007977207977208023,0.037606837606837695,
552609,20241120900384,00862880,새빗켐,107600,최대주주변경을수반하는주식담보제공계약해제ㆍ취소등,2024-11-20,KOSDAQ,17550.0,17370.0,17410.0,18210.0,-0.01025641025641022,-0.007977207977208023,0.037606837606837695,
552516,20241120900451,00862880,새빗켐,107600,최대주주변경을수반하는주식담보제공계약체결,2024-11-20,KOSDAQ,17550.0,17370.0,17410.0,18210.0,-0.01025641025641022,-0.007977207977208023,0.037606837606837695,
515766,20250203901195,00862880,새빗켐,107600,최대주주변경을수반하는주식양수도계약체결,2025-02-03,KOSDAQ,19970.0,19000.0,19390.0,19930.0,-0.0485728592889334,-0.029043565348021994,-0.0020030045067601643,
491150,20250228901809,00862880,새빗켐,107600,최대주주변경,2025-02-28,KOSDAQ,17680.0,17140.0,17490.0,17220.0,-0.03054298642533937,-0.01074660633484159,-0.02601809954751133,
980795,20230228901652,01013694,인카금융서비스,211050,최대주주변경을수반하는주식담보제공계약체결,2023-02-28,KOSDAQ,1636.0,1806.0,1990.0,2154.0,0.10391198044009786,0.21638141809290956,0.31662591687041575,
503941,20250217900788,01013694,인카금융서비스,211050,최대주주변경을수반하는주식담보제공계약해제ㆍ취소등,2025-02-17,KOSDAQ,5460.0,5500.0,5510.0,5910.0,0.0073260073260073,0.009157509157509125,0.08241758241758235,
500136,20250221901092,01013694,인카금융서비스,211050,최대주주변경을수반하는주식담보제공계약체결,2025-02-21,KOSDAQ,5700.0,5910.0,5840.0,5860.0,0.03684210526315779,0.024561403508772006,0.02807017543859658,
316428,20251030900830,01013694,인카금융서비스,211050,최대주주변경을수반하는주식담보제공계약해제ㆍ취소등,2025-10-30,KOSDAQ,11880.0,11970.0,12170.0,12470.0,0.007575757575757569,0.02441077441077444,0.04966329966329974,
977920,20230306900632,00389970,다날,064260,최대주주변경을수반하는주식담보제공계약해제ㆍ취소등,2023-03-06,KOSDAQ,5600.0,5510.0,5360.0,5240.0,-0.016071428571428625,-0.042857142857142816,-0.06428571428571428,
847248,20230811901237,00389970,다날,064260,최대주주변경을수반하는주식담보제공계약체결,2023-08-11,KOSDAQ,3930.0,3840.0,3775.0,3720.0,-0.022900763358778664,-0.039440203562341014,-0.05343511450381677,
386603,20250602900701,00389970,다날,064260,최대주주변경을수반하는주식담보제공계약해제ㆍ취소등,2025-06-02,KOSDAQ,3355.0,3455.0,3515.0,6010.0,0.02980625931445613,0.04769001490312963,0.7913561847988078,
975506,20230308901254,00104573,국일제지,078130,최대주주변경을수반하는주식양수도계약체결,2023-03-08,KOSDAQ,7330.0,5430.0,5030.0,4300.0,-0.25920873124147337,-0.31377899045020463,-0.41336971350613916,
963078,20230320900614,00104573,국일제지,078130,최대주주변경을수반하는주식양수도계약해제ㆍ취소등,2023-03-20,KOSDAQ,4300.0,4300.0,4300.0,4300.0,0.0,0.0,0.0,
778023,20231227900526,00104573,국일제지,078130,최대주주변경,2023-12-27,KOSDAQ,4300.0,4300.0,4300.0,4300.0,0.0,0.0,0.0,
777590,20231228900168,00104573,국일제지,078130,최대주주변경,2023-12-28,KOSDAQ,4300.0,4300.0,4300.0,4300.0,0.0,0.0,0.0,
772986,20240109900054,00104573,국일제지,078130,최대주주변경,2024-01-09,KOSDAQ,4300.0,4300.0,4300.0,4300.0,0.0,0.0,0.0,
772850,20240109900237,00104573,국일제지,078130,최대주주변경,2024-01-09,KOSDAQ,4300.0,4300.0,4300.0,4300.0,0.0,0.0,0.0,
970474,20230314801024,00113614,대현,016090,최대주주변경,2023-03-14,KOSPI,2155.0,2185.0,2150.0,2205.0,0.0139211136890951,-0.002320185614849146,0.023201856148491906,
970294,20230314801305,00113614,대현,016090,최대주주등소유주식변동신고서(최대주주변경시),2023-03-14,KOSPI,2155.0,2185.0,2150.0,2205.0,0.0139211136890951,-0.002320185614849146,0.023201856148491906,
970311,20230314801247,00113997,롯데에너지머티리얼즈,020150,최대주주변경,2023-03-14,KOSPI,62100.0,63900.0,63700.0,63000.0,0.02898550724637672,0.025764895330112614,0.01449275362318847,
970221,20230314801398,00113997,롯데에너지머티리얼즈,020150,최대주주등소유주식변동신고서(최대주주변경시),2023-03-14,KOSPI,62100.0,63900.0,63700.0,63000.0,0.02898550724637672,0.025764895330112614,0.01449275362318847,
970581,20230314900912,00664048,우리넷,115440,최대주주변경을수반하는주식담보제공계약해제ㆍ취소등,2023-03-14,KOSDAQ,9010.0,9810.0,9400.0,9060.0,0.08879023307436174,0.04328523862375144,0.005549389567147678,
931660,20230405900696,00664048,우리넷,115440,최대주주변경을수반하는주식양수도계약체결,2023-04-05,KOSDAQ,9400.0,8950.0,8610.0,8930.0,-0.0478723404255319,-0.08404255319148934,-0.050000000000000044,
874276,20230619900001,00664048,우리넷,115440,최대주주변경을수반하는주식양수도계약해제ㆍ취소등,2023-06-19,KOSDAQ,8150.0,8400.0,8270.0,8450.0,0.030674846625766916,0.014723926380368013,0.036809815950920255,
861167,20230717900655,00664048,우리넷,115440,최대주주변경을수반하는주식양수도계약체결,2023-07-17,KOSDAQ,8580.0,8630.0,8400.0,8550.0,0.005827505827505908,-0.020979020979020935,-0.0034965034965035446,
837223,20230829900428,00664048,우리넷,115440,최대주주변경을수반하는주식양수도계약해제ㆍ취소등,2023-08-29,KOSDAQ,8580.0,8270.0,8010.0,7840.0,-0.036130536130536184,-0.06643356643356646,-0.08624708624708621,
791693,20231130900608,00664048,우리넷,115440,최대주주변경을수반하는주식양수도계약체결,2023-11-30,KOSDAQ,6930.0,7270.0,6910.0,6880.0,0.04906204906204903,-0.0028860028860029363,-0.00721500721500723,
763484,20240130900824,00664048,우리넷,115440,최대주주변경,2024-01-30,KOSDAQ,7480.0,7210.0,7200.0,7380.0,-0.03609625668449201,-0.03743315508021394,-0.013368983957219305,
663919,20240419900472,00664048,우리넷,115440,최대주주변경을수반하는주식담보제공계약체결,2024-04-19,KOSDAQ,6360.0,6460.0,6570.0,6930.0,0.01572327044025168,0.03301886792452824,0.08962264150943389,
314145,20251105900634,00664048,우리넷,115440,최대주주변경을수반하는주식담보제공계약해제ㆍ취소등,2025-11-05,KOSDAQ,7250.0,7350.0,7230.0,7340.0,0.01379310344827589,-0.0027586206896551557,0.012413793103448256,
969552,20230314902105,01359815,한울반도체,320000,최대주주변경을수반하는주식양수도계약체결,2023-03-14,KOSDAQ,31670.0,30019.0,28818.0,28168.0,-0.05213135459425322,-0.09005367856015156,-0.11057783391221976,
914299,20230412900774,01359815,한울반도체,320000,최대주주변경,2023-04-12,KOSDAQ,39725.0,36673.0,37424.0,34672.0,-0.07682819383259909,-0.05792322215229706,-0.12719949653870355,
904705,20230424900581,01359815,한울반도체,320000,최대주주변경,2023-04-24,KOSDAQ,18562.0,17161.0,15284.0,17111.0,-0.07547678051934059,-0.17659734942355354,-0.07817045576985238,
897841,20230504900750,01359815,한울반도체,320000,최대주주변경을수반하는주식담보제공계약체결,2023-05-04,KOSDAQ,15910.0,19062.0,18637.0,19587.0,0.19811439346323056,0.1714016341923319,0.2311125078566938,
897840,20230504900788,01359815,한울반도체,320000,최대주주변경을수반하는주식양수도계약체결,2023-05-04,KOSDAQ,15910.0,19062.0,18637.0,19587.0,0.19811439346323056,0.1714016341923319,0.2311125078566938,
891328,20230515902468,01359815,한울반도체,320000,최대주주변경을수반하는주식양수도계약체결,2023-05-15,KOSDAQ,22039.0,23165.0,23265.0,23115.0,0.05109124733427106,0.05562865828758112,0.04882254185761603,
889267,20230519900591,01359815,한울반도체,320000,최대주주변경,2023-05-19,KOSDAQ,23490.0,23115.0,22014.0,19687.0,-0.015964240102171123,-0.06283524904214555,-0.16189868028948484,
889264,20230519900605,01359815,한울반도체,320000,최대주주변경을수반하는주식담보제공계약해제ㆍ취소등,2023-05-19,KOSDAQ,23490.0,23115.0,22014.0,19687.0,-0.015964240102171123,-0.06283524904214555,-0.16189868028948484,
626161,20240626900770,01359815,한울반도체,320000,최대주주변경,2024-06-26,KOSDAQ,24791.0,23215.0,23040.0,19837.0,-0.06357145738372794,-0.07063047073534745,-0.19983058367956108,
290934,20251212901419,01359815,한울반도체,320000,최대주주변경을수반하는주식담보제공계약체결,2025-12-12,KOSDAQ,10531.0,10306.0,10356.0,10106.0,-0.021365492355901572,-0.01661760516570121,-0.04035704111670302,
969433,20230315900018,00396925,엠로,058970,최대주주변경을수반하는주식양수도계약체결,2023-03-15,KOSDAQ,30200.0,37900.0,40950.0,46450.0,0.2549668874172186,0.35596026490066235,0.5380794701986755,
881536,20230531900774,00396925,엠로,058970,최대주주변경,2023-05-31,KOSDAQ,54800.0,52300.0,51500.0,53500.0,-0.04562043795620441,-0.06021897810218979,-0.02372262773722633,
969088,20230315900443,00288495,HC홈센타,060560,최대주주변경,2023-03-15,KOSDAQ,7120.0,7170.0,7410.0,7175.0,0.0070224719101124045,0.04073033707865159,0.0077247191011236005,
967396,20230315902426,01261644,레인보우로보틱스,277810,투자판단관련주요경영사항(최대주주 변경을 수반하는 콜옵션 조건이 포함된 주주간계약의 체결),2023-03-15,KOSDAQ,86400.0,112300.0,120700.0,132000.0,0.2997685185185186,0.3969907407407407,0.5277777777777777,
528373,20241231900006,01261644,레인보우로보틱스,277810,최대주주변경을수반하는주식양수도계약체결,2024-12-31,KOSDAQ,211500.0,233000.0,233000.0,236500.0,0.10165484633569744,0.10165484633569744,0.11820330969267134,
481534,20250312901901,01261644,레인보우로보틱스,277810,최대주주변경,2025-03-12,KOSDAQ,315500.0,307000.0,317500.0,308500.0,-0.02694136291600635,0.006339144215530945,-0.022187004754358197,
961953,20230321900468,01476219,코스텍시스,355150,최대주주변경,2023-03-21,KOSDAQ,15475.0,15400.0,15375.0,16975.0,-0.004846526655896577,-0.00646203554119551,0.0969305331179322,
415190,20250416900215,01476219,코스텍시스,355150,최대주주변경,2025-04-16,KOSDAQ,6450.0,7030.0,6970.0,6600.0,0.08992248062015507,0.08062015503875974,0.023255813953488413,
957892,20230323901202,00580056,스맥,099440,최대주주변경,2023-03-23,KOSDAQ,1980.0,1988.0,1954.0,2005.0,0.004040404040404066,-0.013131313131313105,0.012626262626262541,
378309,20250625900001,00580056,스맥,099440,최대주주변경,2025-06-25,KOSDAQ,3350.0,3775.0,3450.0,2970.0,0.12686567164179108,0.029850746268656803,-0.11343283582089547,
375705,20250627900783,00580056,스맥,099440,최대주주변경,2025-06-27,KOSDAQ,3450.0,3195.0,3040.0,3045.0,-0.07391304347826089,-0.11884057971014494,-0.11739130434782608,
375659,20250627900831,00580056,스맥,099440,최대주주변경을수반하는주식담보제공계약체결,2025-06-27,KOSDAQ,3450.0,3195.0,3040.0,3045.0,-0.07391304347826089,-0.11884057971014494,-0.11739130434782608,
368586,20250715900003,00580056,스맥,099440,최대주주변경,2025-07-15,KOSDAQ,3910.0,4645.0,4405.0,3920.0,0.1879795396419437,0.1265984654731458,0.002557544757033181,
368423,20250715900219,00580056,스맥,099440,최대주주변경을수반하는주식담보제공계약해제ㆍ취소등,2025-07-15,KOSDAQ,3910.0,4645.0,4405.0,3920.0,0.1879795396419437,0.1265984654731458,0.002557544757033181,
24106,20260422900886,00580056,스맥,099440,최대주주변경,2026-04-22,KOSDAQ,4340.0,4350.0,4430.0,4610.0,0.0023041474654377225,0.02073732718894017,0.062211981566820285,
955158,20230327800137,00159810,카프로,006380,최대주주등소유주식변동신고서(최대주주변경시),2023-03-27,KOSPI,4070.0,4115.0,3905.0,3845.0,0.011056511056511065,-0.04054054054054057,-0.055282555282555323,
955099,20230327800164,00159810,카프로,006380,최대주주변경,2023-03-27,KOSPI,4070.0,4115.0,3905.0,3845.0,0.011056511056511065,-0.04054054054054057,-0.055282555282555323,
656265,20240502800213,00159810,카프로,006380,최대주주변경,2024-05-02,KOSPI,3660.0,3660.0,3660.0,3660.0,0.0,0.0,0.0,
656230,20240502800266,00159810,카프로,006380,최대주주등소유주식변동신고서(최대주주변경시),2024-05-02,KOSPI,3660.0,3660.0,3660.0,3660.0,0.0,0.0,0.0,
954122,20230327901280,01043853,베노티앤알,206400,최대주주변경,2023-03-27,KOSDAQ,2745.0,2990.0,2990.0,3690.0,0.08925318761384338,0.08925318761384338,0.34426229508196715,
950268,20230329902706,00492894,젬백스,082270,최대주주변경을수반하는주식담보제공계약체결,2023-03-29,KOSDAQ,14050.0,14170.0,14200.0,14110.0,0.008540925266903976,0.01067615658362997,0.004270462633451988,
950249,20230329902826,00260745,서울평가정보,036120,최대주주변경,2023-03-29,KOSDAQ,4240.0,4305.0,4115.0,4185.0,0.015330188679245182,-0.02948113207547165,-0.01297169811320753,
947951,20230330902648,00407814,CG인바이츠,083790,최대주주변경을수반하는주식담보제공계약체결,2023-03-30,KOSDAQ,3290.0,3315.0,3245.0,3575.0,0.0075987841945288626,-0.01367781155015202,0.08662613981762912,
879860,20230602900645,00407814,CG인바이츠,083790,최대주주변경,2023-06-02,KOSDAQ,5200.0,5110.0,5090.0,4755.0,-0.017307692307692357,-0.02115384615384619,-0.0855769230769231,
943952,20230331902804,00178851,동양에스텍,060380,최대주주변경을수반하는주식담보제공계약해제ㆍ취소등,2023-03-31,KOSDAQ,2135.0,2150.0,2200.0,2190.0,0.007025761124121788,0.030444964871194413,0.025761124121779888,
943696,20230331902842,01405390,핌스,347770,최대주주변경을수반하는주식담보제공계약체결,2023-03-31,KOSDAQ,5473.0,5266.0,5266.0,5190.0,-0.03782203544673857,-0.03782203544673857,-0.051708386625251235,
940181,20230403900347,00225742,LS마린솔루션,060370,최대주주변경을수반하는주식양수도계약체결,2023-04-03,KOSDAQ,5564.0,5625.0,5529.0,5494.0,0.01096333572969077,-0.0062904385334291435,-0.012580877066858398,
843103,20230816900182,00225742,LS마린솔루션,060370,최대주주변경,2023-08-16,KOSDAQ,11374.0,10295.0,10066.0,9707.0,-0.094865482679796,-0.11499912080182872,-0.1465623351503429,
937733,20230404900001,00516246,알에프세미,096610,최대주주변경을수반하는주식양수도계약체결,2023-04-04,KOSDAQ,8340.0,9110.0,9750.0,15400.0,0.09232613908872911,0.1690647482014389,0.8465227817745804,
880599,20230601900641,00516246,알에프세미,096610,최대주주변경,2023-06-01,KOSDAQ,23800.0,22850.0,22950.0,21250.0,-0.03991596638655459,-0.0357142857142857,-0.1071428571428571,
928032,20230406800778,00219574,코스맥스비티아이,044820,최대주주변경,2023-04-06,KOSPI,8600.0,8600.0,8350.0,8430.0,0.0,-0.029069767441860517,-0.019767441860465085,
45,20260527800891,00219574,코스맥스비티아이,044820,최대주주변경,2026-05-27,KOSPI,18490.0,18290.0,18120.0,18130.0,-0.010816657652785278,-0.020010816657652808,-0.019469983775013522,
924718,20230407901094,01114586,셀레믹스,331920,최대주주변경,2023-04-07,KOSDAQ,6200.0,5280.0,5210.0,5190.0,-0.1483870967741936,-0.1596774193548387,-0.16290322580645167,
262673,20260203901194,01114586,셀레믹스,331920,최대주주변경을수반하는주식양수도계약체결,2026-02-03,KOSDAQ,3870.0,3580.0,3920.0,5300.0,-0.07493540051679581,0.012919896640826822,0.3695090439276485,
97317,20260312902496,01114586,셀레믹스,331920,최대주주변경,2026-03-12,KOSDAQ,6370.0,6300.0,6470.0,6930.0,-0.01098901098901095,0.01569858712715866,0.08791208791208782,
917386,20230411900536,00145473,이글벳,044960,최대주주변경,2023-04-11,KOSDAQ,5570.0,5620.0,5690.0,5650.0,0.008976660682226134,0.021543985637342944,0.014362657091562037,
917346,20230411900569,00527464,에이치시티,072990,최대주주변경을수반하는주식담보제공계약체결,2023-04-11,KOSDAQ,3667.0,3657.0,3677.0,3765.0,-0.0027270248159257937,0.0027270248159259047,0.026724843196073156,
437367,20250404901106,00527464,에이치시티,072990,최대주주변경을수반하는주식담보제공계약체결,2025-04-04,KOSDAQ,4384.0,4216.0,4277.0,4724.0,-0.038321167883211715,-0.024406934306569372,0.07755474452554734,
917311,20230411900616,01353024,TS트릴리온,317240,최대주주변경을수반하는주식담보제공계약체결,2023-04-11,KOSDAQ,3260.0,3320.0,3325.0,3325.0,0.018404907975460016,0.019938650306748462,0.019938650306748462,
865928,20230705900490,01353024,TS트릴리온,317240,최대주주변경을수반하는주식담보제공계약해제ㆍ취소등,2023-07-05,KOSDAQ,10855.0,10160.0,10560.0,10065.0,-0.06402579456471669,-0.027176416397973302,-0.0727775218793183,
832194,20230905900579,01353024,TS트릴리온,317240,최대주주변경을수반하는주식양수도계약체결,2023-09-05,KOSDAQ,9090.0,9045.0,8895.0,9055.0,-0.004950495049504955,-0.021452145214521434,-0.0038503850385038785,
333024,20250917900470,01353024,TS트릴리온,317240,최대주주변경,2025-09-17,KOSDAQ,1065.0,1070.0,1070.0,1035.0,0.0046948356807512415,0.0046948356807512415,-0.028169014084507005,
286657,20251218900466,01353024,TS트릴리온,317240,최대주주변경,2025-12-18,KOSDAQ,1450.0,1395.0,1390.0,1465.0,-0.037931034482758585,-0.04137931034482756,0.010344827586206806,
917186,20230411900678,01231786,엑스페릭스,317770,최대주주변경을수반하는주식양수도계약체결,2023-04-11,KOSDAQ,5087.0,6609.0,6852.0,7145.0,0.2991940239827009,0.34696284647139763,0.4045606447808139,
889956,20230518900449,01231786,엑스페릭스,317770,최대주주변경,2023-05-18,KOSDAQ,7859.0,7745.0,9288.0,11246.0,-0.01450566229800232,0.18182974933197604,0.4309708614327523,
793449,20231129900577,01231786,엑스페릭스,317770,최대주주변경,2023-11-29,KOSDAQ,4590.0,4970.0,5080.0,6090.0,0.08278867102396514,0.10675381263616557,0.326797385620915,
790001,20231205900529,01231786,엑스페릭스,317770,최대주주변경을수반하는주식담보제공계약체결,2023-12-05,KOSDAQ,6210.0,6090.0,6430.0,6570.0,-0.019323671497584516,0.03542673107890493,0.05797101449275366,
916314,20230412900161,01622331,벨로크,424760,최대주주변경,2023-04-12,KOSDAQ,5731.0,5591.0,5821.0,5941.0,-0.024428546501483184,0.01570406560809623,0.03664281975222483,
914297,20230412900780,01011526,엔켐,348370,최대주주변경,2023-04-12,KOSDAQ,73000.0,76400.0,75600.0,77400.0,0.046575342465753344,0.03561643835616435,0.0602739726027397,
585832,20240904900471,01011526,엔켐,348370,최대주주변경을수반하는주식담보제공계약체결,2024-09-04,KOSDAQ,193800.0,180000.0,165500.0,171300.0,-0.07120743034055732,-0.1460268317853457,-0.11609907120743035,
82766,20260325900003,01011526,엔켐,348370,최대주주변경을수반하는주식담보제공계약해제ㆍ취소등,2026-03-25,KOSDAQ,38900.0,45000.0,42700.0,39350.0,0.15681233933161964,0.09768637532133684,0.011568123393316254,
82765,20260325900004,01011526,엔켐,348370,최대주주변경,2026-03-25,KOSDAQ,38900.0,45000.0,42700.0,39350.0,0.15681233933161964,0.09768637532133684,0.011568123393316254,
41930,20260408901386,01011526,엔켐,348370,최대주주변경을수반하는주식담보제공계약체결,2026-04-08,KOSDAQ,37150.0,37050.0,37200.0,39150.0,-0.0026917900403768957,0.0013458950201883368,0.053835800807537026,
906776,20230419900558,00222435,제이엠아이,033050,최대주주변경,2023-04-19,KOSDAQ,1222.0,1255.0,1214.0,1168.0,0.027004909983633363,-0.006546644844517169,-0.04418985270049103,
899775,20230502800280,00450010,씨티알모빌리티,308170,최대주주등소유주식변동신고서(최대주주변경시),2023-05-02,KOSPI,16730.0,16300.0,15740.0,15910.0,-0.02570233114166165,-0.05917513448894207,-0.049013747758517634,
899467,20230502800596,00450010,씨티알모빌리티,308170,최대주주변경,2023-05-02,KOSPI,16730.0,16300.0,15740.0,15910.0,-0.02570233114166165,-0.05917513448894207,-0.049013747758517634,
897845,20230504900771,00305570,코스리거글로벌,043710,최대주주변경,2023-05-04,KOSDAQ,4085.0,4155.0,4155.0,4085.0,0.017135862913096656,0.017135862913096656,0.0,
888103,20230524800248,00111704,한화오션,042660,최대주주변경,2023-05-24,KOSPI,27496.0,25852.0,25453.0,24164.0,-0.05979051498399768,-0.07430171661332552,-0.12118126272912422,
888081,20230524800275,00111704,한화오션,042660,최대주주등소유주식변동신고서(최대주주변경시),2023-05-24,KOSPI,27496.0,25852.0,25453.0,24164.0,-0.05979051498399768,-0.07430171661332552,-0.12118126272912422,
887274,20230525900415,00606664,케이엔더블유,105330,최대주주변경을수반하는주식양수도계약체결,2023-05-25,KOSDAQ,13600.0,11590.0,11630.0,11670.0,-0.14779411764705885,-0.14485294117647063,-0.1419117647058824,
839011,20230825900296,00606664,케이엔더블유,105330,최대주주변경,2023-08-25,KOSDAQ,11760.0,11380.0,11640.0,11440.0,-0.03231292517006801,-0.010204081632653073,-0.027210884353741527,
887080,20230526900005,01274310,이오플로우,294090,최대주주변경을수반하는주식양수도계약체결,2023-05-26,KOSDAQ,26734.0,26311.0,26827.0,26593.0,-0.015822548066133035,0.0034787162414902095,-0.005274182688711049,
789156,20231207900003,01274310,이오플로우,294090,최대주주변경을수반하는주식양수도계약해제ㆍ취소등,2023-12-07,KOSDAQ,6763.0,4821.0,4558.0,3892.0,-0.2871506727783528,-0.32603874020405144,-0.42451574744935683,
516966,20250131900003,01274310,이오플로우,294090,최대주주변경을수반하는주식담보제공계약체결,2025-01-31,KOSDAQ,3005.0,2900.0,2915.0,2585.0,-0.03494176372712143,-0.029950083194675514,-0.13976705490848584,
287405,20251217900583,01274310,이오플로우,294090,최대주주변경,2025-12-17,KOSDAQ,1490.0,1490.0,1490.0,1490.0,0.0,0.0,0.0,
881799,20230531900630,00808022,메지온,140410,최대주주변경을수반하는주식담보제공계약해제ㆍ취소등,2023-05-31,KOSDAQ,25000.0,26250.0,26700.0,27350.0,0.050000000000000044,0.06800000000000006,0.09400000000000008,
879119,20230607800337,00122472,PKC,001340,최대주주등소유주식변동신고서(최대주주변경시),2023-06-07,KOSPI,11610.0,11493.0,11820.0,9638.0,-0.010077519379844913,0.01808785529715773,-0.16985357450473726,
874438,20230616800669,00151368,인터지스,129260,최대주주변경,2023-06-16,KOSPI,2670.0,2760.0,2710.0,2625.0,0.03370786516853941,0.014981273408239737,-0.016853932584269704,
870334,20230628800140,00767460,PI첨단소재,178920,투자판단관련주요경영사항(최대주주의 변경을 수반하는 주식매매계약 체결),2023-06-28,KOSPI,37700.0,36300.0,37950.0,35700.0,-0.037135278514588865,0.006631299734747964,-0.053050397877984046,
791222,20231201800265,00767460,PI첨단소재,178920,최대주주변경,2023-12-01,KOSPI,30850.0,30300.0,29900.0,30250.0,-0.017828200972447306,-0.030794165316045397,-0.01944894651539708,
791217,20231201800278,00767460,PI첨단소재,178920,최대주주등소유주식변동신고서(최대주주변경시),2023-12-01,KOSPI,30850.0,30300.0,29900.0,30250.0,-0.017828200972447306,-0.030794165316045397,-0.01944894651539708,
867872,20230630900816,00605328,씨앤지하이테크,264660,최대주주변경을수반하는주식담보제공계약체결,2023-06-30,KOSDAQ,12869.0,12859.0,12869.0,12820.0,-0.000777061154712877,0.0,-0.003807599658093075,
867585,20230630901147,00605522,소룩스,290690,최대주주변경,2023-06-30,KOSDAQ,9168.0,9168.0,11334.0,8468.0,0.0,0.2362565445026179,-0.07635253054101221,
596459,20240820900519,00605522,소룩스,290690,최대주주변경을수반하는주식담보제공계약체결,2024-08-20,KOSDAQ,10550.0,10570.0,10640.0,10000.0,0.0018957345971564177,0.008530805687203769,-0.05213270142180093,
583992,20240909900486,00605522,소룩스,290690,최대주주변경을수반하는주식담보제공계약해제ㆍ취소등,2024-09-09,KOSDAQ,8450.0,8460.0,8260.0,8420.0,0.0011834319526626835,-0.022485207100591764,-0.0035502958579881616,
867281,20230703800192,00163716,한창,005110,최대주주변경,2023-07-03,KOSPI,2796.0,2692.0,2608.0,1808.0,-0.03719599427753939,-0.06723891273247495,-0.3533619456366237,
867294,20230703800203,00163716,한창,005110,최대주주등소유주식변동신고서(최대주주변경시),2023-07-03,KOSPI,2796.0,2692.0,2608.0,1808.0,-0.03719599427753939,-0.06723891273247495,-0.3533619456366237,
867104,20230703900486,00239639,삼표시멘트,038500,최대주주변경,2023-07-03,KOSDAQ,3440.0,3395.0,3315.0,3235.0,-0.013081395348837233,-0.036337209302325535,-0.05959302325581395,
866419,20230704900850,00352499,링네트,042500,최대주주변경,2023-07-04,KOSDAQ,3116.0,3095.0,2971.0,2999.0,-0.00673940949935814,-0.04653401797175871,-0.03754813863928108,
864129,20230710900607,00569646,영우디에스피,143540,최대주주변경을수반하는주식담보제공계약체결,2023-07-10,KOSDAQ,1171.0,1186.0,1175.0,1217.0,0.012809564474807855,0.0034158838599487318,0.03928266438941086,
729160,20240313902021,00569646,영우디에스피,143540,최대주주변경을수반하는주식담보제공계약해제ㆍ취소등,2024-03-13,KOSDAQ,873.0,860.0,831.0,872.0,-0.014891179839633395,-0.04810996563573888,-0.001145475372279492,
553836,20241115900573,00569646,영우디에스피,143540,최대주주변경을수반하는주식담보제공계약체결,2024-11-15,KOSDAQ,629.0,635.0,634.0,606.0,0.009538950715421324,0.007949125596184325,-0.0365659777424483,
523440,20250113900280,00569646,영우디에스피,143540,최대주주변경을수반하는주식담보제공계약해제ㆍ취소등,2025-01-13,KOSDAQ,722.0,721.0,714.0,720.0,-0.0013850415512465242,-0.011080332409972304,-0.0027700831024930483,
864056,20230710900717,00374738,위세아이텍,065370,최대주주변경,2023-07-10,KOSDAQ,12820.0,12860.0,12500.0,12880.0,0.0031201248049921304,-0.0249609984399376,0.004680187207488196,
862949,20230712900591,00406037,CSA 코스믹,083660,최대주주변경,2023-07-12,KOSDAQ,1807.0,1828.0,1745.0,1627.0,0.011621472053126691,-0.03431101272827897,-0.09961261759822915,
380735,20250618900723,00406037,CSA 코스믹,083660,최대주주변경을수반하는주식양수도계약체결,2025-06-18,KOSDAQ,1786.0,1896.0,1840.0,1835.0,0.06159014557670783,0.03023516237402024,0.027435610302351643,
347761,20250820900006,00406037,CSA 코스믹,083660,최대주주변경,2025-08-20,KOSDAQ,1960.0,1592.0,1320.0,1404.0,-0.18775510204081636,-0.326530612244898,-0.28367346938775506,
347558,20250820900343,00406037,CSA 코스믹,083660,최대주주변경을수반하는주식담보제공계약체결,2025-08-20,KOSDAQ,1960.0,1592.0,1320.0,1404.0,-0.18775510204081636,-0.326530612244898,-0.28367346938775506,
282856,20251224900915,00406037,CSA 코스믹,083660,최대주주변경을수반하는주식담보제공계약체결,2025-12-24,KOSDAQ,534.0,523.0,505.0,498.0,-0.02059925093632964,-0.054307116104868935,-0.0674157303370787,
282857,20251224900934,00406037,CSA 코스믹,083660,최대주주변경을수반하는주식담보제공계약해제ㆍ취소등,2025-12-24,KOSDAQ,534.0,523.0,505.0,498.0,-0.02059925093632964,-0.054307116104868935,-0.0674157303370787,
282858,20251224900995,00406037,CSA 코스믹,083660,최대주주변경,2025-12-24,KOSDAQ,534.0,523.0,505.0,498.0,-0.02059925093632964,-0.054307116104868935,-0.0674157303370787,
862471,20230713800406,00108746,DKME,015590,최대주주변경,2023-07-13,KOSPI,5125.0,5070.0,5020.0,4580.0,-0.01073170731707318,-0.0204878048780488,-0.10634146341463413,
636487,20240603800589,00108746,DKME,015590,최대주주변경,2024-06-03,KOSPI,2365.0,2230.0,2110.0,2275.0,-0.05708245243128962,-0.10782241014799154,-0.038054968287526414,
534277,20241218800515,00108746,DKME,015590,최대주주변경,2024-12-18,KOSPI,2575.0,2575.0,2575.0,2575.0,0.0,0.0,0.0,
396575,20250519800452,00108746,DKME,015590,최대주주변경,2025-05-19,KOSPI,2575.0,2575.0,2575.0,2575.0,0.0,0.0,0.0,
396406,20250520800206,00108746,DKME,015590,최대주주변경,2025-05-20,KOSPI,2575.0,2575.0,2575.0,2575.0,0.0,0.0,0.0,
396361,20250520800272,00108746,DKME,015590,최대주주등소유주식변동신고서(최대주주변경시),2025-05-20,KOSPI,2575.0,2575.0,2575.0,2575.0,0.0,0.0,0.0,
12896,20260511800635,00108746,DKME,015590,최대주주변경,2026-05-11,KOSPI,2575.0,2575.0,2575.0,2900.0,0.0,0.0,0.12621359223300965,
12830,20260511800753,00108746,DKME,015590,최대주주등소유주식변동신고서(최대주주변경시),2026-05-11,KOSPI,2575.0,2575.0,2575.0,2900.0,0.0,0.0,0.12621359223300965,
4746,20260520800418,00108746,DKME,015590,최대주주변경,2026-05-20,KOSPI,2530.0,2305.0,2525.0,2345.0,-0.08893280632411071,-0.0019762845849802257,-0.0731225296442688,
4739,20260520800481,00108746,DKME,015590,최대주주등소유주식변동신고서(최대주주변경시),2026-05-20,KOSPI,2530.0,2305.0,2525.0,2345.0,-0.08893280632411071,-0.0019762845849802257,-0.0731225296442688,
861176,20230717800644,00244455,케이티앤지,033780,최대주주변경,2023-07-17,KOSPI,82000.0,82000.0,82000.0,82000.0,0.0,0.0,0.0,
861174,20230717800651,00244455,케이티앤지,033780,최대주주등소유주식변동신고서(최대주주변경시),2023-07-17,KOSPI,82000.0,82000.0,82000.0,82000.0,0.0,0.0,0.0,
340441,20250829800523,00244455,케이티앤지,033780,최대주주변경,2025-08-29,KOSPI,134700.0,137100.0,135600.0,135200.0,0.017817371937639104,0.006681514476614803,0.0037119524870081744,
340430,20250829800538,00244455,케이티앤지,033780,최대주주등소유주식변동신고서(최대주주변경시),2025-08-29,KOSPI,134700.0,137100.0,135600.0,135200.0,0.017817371937639104,0.006681514476614803,0.0037119524870081744,
270136,20260122800431,00244455,케이티앤지,033780,최대주주변경,2026-01-22,KOSPI,144000.0,144900.0,142000.0,145600.0,0.006250000000000089,-0.01388888888888884,0.011111111111111072,
270137,20260122800445,00244455,케이티앤지,033780,최대주주등소유주식변동신고서(최대주주변경시),2026-01-22,KOSPI,144000.0,144900.0,142000.0,145600.0,0.006250000000000089,-0.01388888888888884,0.011111111111111072,
858423,20230724900493,00614593,넥스트아이,137940,최대주주변경을수반하는주식양수도계약체결,2023-07-24,KOSDAQ,4620.0,4540.0,3660.0,4260.0,-0.017316017316017285,-0.20779220779220775,-0.07792207792207795,
728655,20240313902676,00614593,넥스트아이,137940,최대주주변경,2024-03-13,KOSDAQ,4050.0,4080.0,4080.0,4150.0,0.007407407407407307,0.007407407407407307,0.024691358024691468,
854383,20230801900427,01188378,시스웍,269620,최대주주변경을수반하는주식양수도계약체결,2023-08-01,KOSDAQ,889.0,889.0,889.0,889.0,0.0,0.0,0.0,
853809,20230802900534,01188378,시스웍,269620,최대주주변경,2023-08-02,KOSDAQ,889.0,889.0,889.0,889.0,0.0,0.0,0.0,
854215,20230802900001,00232089,바이온,032980,최대주주변경을수반하는주식양수도계약체결,2023-08-02,KOSDAQ,3316.0,3242.0,3242.0,3274.0,-0.02231604342581428,-0.02231604342581428,-0.01266586248492163,
824855,20230925900164,00232089,바이온,032980,최대주주변경을수반하는주식양수도계약해제ㆍ취소등,2023-09-25,KOSDAQ,2738.0,2680.0,2714.0,2666.0,-0.02118334550766987,-0.00876552227903582,-0.02629656683710735,
805007,20231113900692,00232089,바이온,032980,최대주주변경을수반하는주식양수도계약체결,2023-11-13,KOSDAQ,3050.0,2868.0,2652.0,2510.0,-0.059672131147541,-0.13049180327868848,-0.17704918032786887,
775013,20240103900748,00232089,바이온,032980,최대주주변경,2024-01-03,KOSDAQ,2648.0,2438.0,2500.0,2444.0,-0.07930513595166166,-0.0558912386706949,-0.07703927492447127,
514722,20250205900248,00232089,바이온,032980,최대주주변경을수반하는주식양수도계약체결,2025-02-05,KOSDAQ,876.0,828.0,784.0,802.0,-0.0547945205479452,-0.10502283105022836,-0.08447488584474883,
514720,20250205900253,00232089,바이온,032980,최대주주변경을수반하는주식양수도계약해제ㆍ취소등,2025-02-05,KOSDAQ,876.0,828.0,784.0,802.0,-0.0547945205479452,-0.10502283105022836,-0.08447488584474883,
312746,20251107900791,00232089,바이온,032980,최대주주변경,2025-11-07,KOSDAQ,604.0,604.0,604.0,604.0,0.0,0.0,0.0,
853284,20230803900397,00172079,HLB파나진,046210,최대주주변경,2023-08-03,KOSDAQ,4800.0,4740.0,4750.0,4760.0,-0.012499999999999956,-0.01041666666666663,-0.008333333333333304,
853259,20230803900458,00409140,이원컴포텍,088290,최대주주변경을수반하는주식담보제공계약체결,2023-08-03,KOSDAQ,20200.0,20850.0,20225.0,19500.0,0.03217821782178221,0.0012376237623761277,-0.034653465346534684,
828905,20230913900550,00409140,이원컴포텍,088290,최대주주변경,2023-09-13,KOSDAQ,20600.0,17025.0,17150.0,13400.0,-0.17354368932038833,-0.16747572815533984,-0.3495145631067961,
828904,20230913900551,00409140,이원컴포텍,088290,기타시장안내(최대주주 변경 관련),2023-09-13,KOSDAQ,20600.0,17025.0,17150.0,13400.0,-0.17354368932038833,-0.16747572815533984,-0.3495145631067961,
828813,20230914900001,00409140,이원컴포텍,088290,최대주주변경을수반하는주식담보제공계약해제ㆍ취소등,2023-09-14,KOSDAQ,17025.0,17150.0,15300.0,12650.0,0.007342143906020615,-0.10132158590308371,-0.25697503671071953,
811990,20231027900923,00409140,이원컴포텍,088290,최대주주변경,2023-10-27,KOSDAQ,19350.0,19325.0,19350.0,19475.0,-0.0012919896640827266,0.0,0.006459948320413522,
385510,20250605900385,00409140,이원컴포텍,088290,최대주주변경,2025-06-05,KOSDAQ,6030.0,6555.0,6585.0,5955.0,0.08706467661691542,0.09203980099502496,-0.01243781094527363,
844320,20230814901758,00867973,서남,294630,최대주주변경,2023-08-14,KOSDAQ,8060.0,10470.0,7330.0,5190.0,0.2990074441687345,-0.09057071960297769,-0.3560794044665012,
839624,20230824900369,00296324,큐로홀딩스,051780,최대주주변경을수반하는주식담보제공계약체결,2023-08-24,KOSDAQ,16645.0,16285.0,16335.0,16645.0,-0.021628116551516974,-0.01862421147491744,0.0,
549071,20241127900407,00296324,큐로홀딩스,051780,최대주주변경을수반하는주식담보제공계약해제ㆍ취소등,2024-11-27,KOSDAQ,4940.0,4940.0,4940.0,4940.0,0.0,0.0,0.0,
838798,20230825800569,00791209,메타케어,118000,최대주주변경,2023-08-25,KOSPI,5020.0,5000.0,4910.0,4900.0,-0.003984063745019917,-0.021912350597609542,-0.0239043824701195,
838760,20230825800612,00791209,메타케어,118000,최대주주등소유주식변동신고서(최대주주변경시),2023-08-25,KOSPI,5020.0,5000.0,4910.0,4900.0,-0.003984063745019917,-0.021912350597609542,-0.0239043824701195,
608222,20240805800632,00791209,메타케어,118000,최대주주변경,2024-08-05,KOSPI,3960.0,4030.0,4090.0,4090.0,0.017676767676767735,0.03282828282828287,0.03282828282828287,
607822,20240806800682,00791209,메타케어,118000,최대주주등소유주식변동신고서(최대주주변경시),2024-08-06,KOSPI,4030.0,4090.0,4100.0,4080.0,0.014888337468982549,0.017369727047146455,0.012406947890818865,
833873,20230831900490,00205687,더라미,032860,최대주주변경,2023-08-31,KOSDAQ,3640.0,3640.0,3640.0,3640.0,0.0,0.0,0.0,
833348,20230901900319,00124276,부스타,008470,최대주주변경,2023-09-01,KOSDAQ,4740.0,4775.0,4750.0,4750.0,0.007383966244725704,0.0021097046413502962,0.0021097046413502962,
833166,20230901900537,00406329,루멘스,038060,최대주주인명목회사·조합등의최대주주변경,2023-09-01,KOSDAQ,1534.0,1555.0,1536.0,1505.0,0.01368970013037818,0.0013037809647979959,-0.01890482398956972,
553648,20241118900133,00406329,루멘스,038060,최대주주변경을수반하는주식양수도계약체결,2024-11-18,KOSDAQ,1182.0,1100.0,1124.0,1142.0,-0.0693739424703892,-0.04906937394247035,-0.03384094754653133,
526609,20250103900763,00406329,루멘스,038060,최대주주변경,2025-01-03,KOSDAQ,1127.0,1158.0,1147.0,1135.0,0.027506654835847355,0.017746228926353247,0.00709849157054121,
831927,20230906800260,00428251,현대백화점,069960,최대주주등소유주식변동신고서(최대주주변경시),2023-09-06,KOSPI,68200.0,67300.0,67900.0,65400.0,-0.01319648093841641,-0.004398826979472137,-0.04105571847507328,
831834,20230906800354,00105280,현대지에프홀딩스,005440,최대주주등소유주식변동신고서(최대주주변경시),2023-09-06,KOSPI,3695.0,3650.0,3775.0,3845.0,-0.012178619756427644,0.021650879566982306,0.040595399188092074,
831805,20230906800360,00105280,현대지에프홀딩스,005440,최대주주변경,2023-09-06,KOSPI,3695.0,3650.0,3775.0,3845.0,-0.012178619756427644,0.021650879566982306,0.040595399188092074,
831827,20230906800358,01721809,현대그린푸드,453340,최대주주등소유주식변동신고서(최대주주변경시),2023-09-06,KOSPI,11860.0,11750.0,11760.0,11980.0,-0.009274873524451888,-0.00843170320404718,0.010118043844856706,
829056,20230913900364,00137058,신일제약,012790,최대주주변경,2023-09-13,KOSDAQ,6880.0,7000.0,7300.0,7070.0,0.01744186046511631,0.061046511627907085,0.02761627906976738,
828616,20230914900221,01042359,지엘팜텍,204840,투자판단관련주요경영사항(최대주주 변경을 수반하는 주식매매계약을 위한 양해각서(MOU) 체결),2023-09-14,KOSDAQ,985.0,920.0,878.0,1029.0,-0.06598984771573602,-0.1086294416243655,0.044670050761421276,
791982,20231130900374,01042359,지엘팜텍,204840,최대주주변경을수반하는주식양수도계약체결,2023-11-30,KOSDAQ,1495.0,1310.0,1196.0,1120.0,-0.12374581939799334,-0.19999999999999996,-0.25083612040133785,
736654,20240306901114,01042359,지엘팜텍,204840,최대주주변경,2024-03-06,KOSDAQ,1407.0,1417.0,1331.0,1350.0,0.007107320540156392,-0.054015636105188336,-0.04051172707889128,
826825,20230919900520,01182578,DH오토리드,290120,최대주주변경을수반하는주식양수도계약체결,2023-09-19,KOSDAQ,4210.0,4185.0,3770.0,2855.0,-0.005938242280285055,-0.10451306413301664,-0.3218527315914489,
826826,20230919900521,01182578,DH오토리드,290120,최대주주변경,2023-09-19,KOSDAQ,4210.0,4185.0,3770.0,2855.0,-0.005938242280285055,-0.10451306413301664,-0.3218527315914489,
826824,20230919900522,01182578,DH오토리드,290120,최대주주변경을수반하는주식담보제공계약해제ㆍ취소등,2023-09-19,KOSDAQ,4210.0,4185.0,3770.0,2855.0,-0.005938242280285055,-0.10451306413301664,-0.3218527315914489,
826823,20230919900523,01182578,DH오토리드,290120,최대주주변경을수반하는주식담보제공계약체결,2023-09-19,KOSDAQ,4210.0,4185.0,3770.0,2855.0,-0.005938242280285055,-0.10451306413301664,-0.3218527315914489,
799707,20231120900004,01182578,DH오토리드,290120,최대주주변경을수반하는주식양수도계약체결,2023-11-20,KOSDAQ,4095.0,4255.0,4060.0,3720.0,0.039072039072039155,-0.008547008547008517,-0.09157509157509158,
795127,20231128900582,01182578,DH오토리드,290120,최대주주변경,2023-11-28,KOSDAQ,3735.0,3830.0,3685.0,4360.0,0.025435073627844806,-0.01338688085676043,0.16733601070950477,
795126,20231128900584,01182578,DH오토리드,290120,최대주주변경을수반하는주식담보제공계약해제ㆍ취소등,2023-11-28,KOSDAQ,3735.0,3830.0,3685.0,4360.0,0.025435073627844806,-0.01338688085676043,0.16733601070950477,
825048,20230922800606,01760738,OCI,456040,최대주주변경,2023-09-22,KOSPI,131800.0,128300.0,121800.0,,-0.026555386949924098,-0.07587253414264039,,
825058,20230922800610,01760738,OCI,456040,최대주주등소유주식변동신고서(최대주주변경시),2023-09-22,KOSPI,131800.0,128300.0,121800.0,,-0.026555386949924098,-0.07587253414264039,,
824394,20230925900680,00249441,씨씨에스,066790,최대주주변경을수반하는주식양수도계약체결,2023-09-25,KOSDAQ,1150.0,1160.0,1145.0,1364.0,0.008695652173912993,-0.004347826086956497,0.18608695652173912,
805583,20231113900005,00249441,씨씨에스,066790,최대주주변경,2023-11-13,KOSDAQ,3610.0,3395.0,3190.0,2835.0,-0.059556786703601095,-0.11634349030470914,-0.21468144044321325,
805582,20231113900006,00249441,씨씨에스,066790,최대주주변경을수반하는주식담보제공계약체결,2023-11-13,KOSDAQ,3610.0,3395.0,3190.0,2835.0,-0.059556786703601095,-0.11634349030470914,-0.21468144044321325,
789912,20231205900613,00249441,씨씨에스,066790,최대주주변경을수반하는주식담보제공계약해제ㆍ취소등,2023-12-05,KOSDAQ,2130.0,2015.0,1919.0,2655.0,-0.0539906103286385,-0.09906103286384982,0.2464788732394365,
781112,20231220900693,00249441,씨씨에스,066790,최대주주변경을수반하는주식담보제공계약체결,2023-12-20,KOSDAQ,2480.0,2415.0,2110.0,1985.0,-0.02620967741935487,-0.14919354838709675,-0.19959677419354838,
763494,20240130900823,00249441,씨씨에스,066790,최대주주변경,2024-01-30,KOSDAQ,1274.0,1109.0,1000.0,1856.0,-0.1295133437990581,-0.21507064364207218,0.45682888540031397,
763492,20240130900831,00249441,씨씨에스,066790,최대주주변경을수반하는주식담보제공계약해제ㆍ취소등,2024-01-30,KOSDAQ,1274.0,1109.0,1000.0,1856.0,-0.1295133437990581,-0.21507064364207218,0.45682888540031397,
747894,20240223900003,00249441,씨씨에스,066790,최대주주변경,2024-02-23,KOSDAQ,5780.0,5080.0,4075.0,3720.0,-0.12110726643598613,-0.29498269896193774,-0.356401384083045,
360969,20250731900713,00249441,씨씨에스,066790,"투자판단관련주요경영사항              (최대주주등의 보유주식 매도관련 양해각서, 변경 양해각서 및 합의서 해지)",2025-07-31,KOSDAQ,1493.0,1493.0,1493.0,1493.0,0.0,0.0,0.0,
252900,20260213900020,00249441,씨씨에스,066790,투자판단관련주요경영사항              ((주)씨씨에스충북방송 최대주주 변경 관련 우선협상대상자 선정),2026-02-13,KOSDAQ,1493.0,1493.0,1493.0,1493.0,0.0,0.0,0.0,
242931,20260226901774,00249441,씨씨에스,066790,최대주주변경을수반하는주식양수도계약체결,2026-02-26,KOSDAQ,1493.0,1493.0,1493.0,1493.0,0.0,0.0,0.0,
822009,20231004800270,00415646,드림텍,192650,최대주주변경,2023-10-04,KOSPI,13460.0,12670.0,13170.0,13170.0,-0.05869242199108471,-0.021545319465081758,-0.021545319465081758,
821614,20231005800105,00415646,드림텍,192650,최대주주등소유주식변동신고서(최대주주변경시),2023-10-05,KOSPI,12670.0,13170.0,12580.0,13360.0,0.03946329913180735,-0.007103393843725381,0.05445935280189418,
821714,20231004800635,00149804,디와이에이,002880,최대주주변경,2023-10-04,KOSPI,961.0,1042.0,894.0,944.0,0.08428720083246621,-0.06971904266389173,-0.01768990634755463,
821709,20231004800643,00149804,디와이에이,002880,최대주주등소유주식변동신고서(최대주주변경시),2023-10-04,KOSPI,961.0,1042.0,894.0,944.0,0.08428720083246621,-0.06971904266389173,-0.01768990634755463,
821828,20231004900495,00157539,KB오토시스,024120,최대주주변경,2023-10-04,KOSDAQ,3950.0,3970.0,4000.0,4135.0,0.005063291139240533,0.012658227848101333,0.04683544303797471,
821049,20231005900705,01175499,큐에이드,377460,최대주주변경,2023-10-05,KOSDAQ,3496.0,3558.0,2774.0,3959.0,0.017734553775743622,-0.2065217391304348,0.132437070938215,
796319,20231127900587,01175499,큐에이드,377460,최대주주변경,2023-11-27,KOSDAQ,4080.0,4080.0,4080.0,4080.0,0.0,0.0,0.0,
391543,20250529900547,01175499,큐에이드,377460,최대주주변경,2025-05-29,KOSDAQ,4080.0,4080.0,4080.0,4080.0,0.0,0.0,0.0,
383018,20250612900529,01175499,큐에이드,377460,최대주주변경,2025-06-12,KOSDAQ,4080.0,4080.0,4080.0,4080.0,0.0,0.0,0.0,
371037,20250708900487,01175499,큐에이드,377460,최대주주변경,2025-07-08,KOSDAQ,4080.0,4080.0,4080.0,4080.0,0.0,0.0,0.0,
818550,20231012900392,01113754,티이엠씨씨엔에스,241790,최대주주변경을수반하는주식양수도계약체결,2023-10-12,KOSDAQ,14690.0,13780.0,13200.0,12590.0,-0.06194690265486724,-0.10142954390741998,-0.14295439074200134,
791752,20231130900551,01113754,티이엠씨씨엔에스,241790,최대주주변경,2023-11-30,KOSDAQ,12200.0,12170.0,12230.0,12050.0,-0.0024590163934425924,0.0024590163934425924,-0.012295081967213073,
371171,20250708900329,01113754,티이엠씨씨엔에스,241790,최대주주변경을수반하는주식담보제공계약해제ㆍ취소등,2025-07-08,KOSDAQ,7330.0,7310.0,7300.0,7420.0,-0.0027285129604365244,-0.004092769440654842,0.012278308321964637,
817680,20231016900001,00632793,전진바이오팜,110020,최대주주변경을수반하는주식양수도계약체결,2023-10-16,KOSDAQ,8840.0,7600.0,7510.0,8150.0,-0.14027149321266963,-0.15045248868778283,-0.07805429864253388,
817389,20231016900378,00632793,전진바이오팜,110020,최대주주변경,2023-10-16,KOSDAQ,8840.0,7600.0,7510.0,8150.0,-0.14027149321266963,-0.15045248868778283,-0.07805429864253388,
632458,20240613900533,00632793,전진바이오팜,110020,최대주주변경을수반하는주식양수도계약해제ㆍ취소등,2024-06-13,KOSDAQ,3530.0,3495.0,3350.0,4425.0,-0.009915014164305958,-0.05099150141643061,0.2535410764872521,
622467,20240701900666,00632793,전진바이오팜,110020,최대주주변경,2024-07-01,KOSDAQ,3585.0,3380.0,3425.0,3455.0,-0.057182705718270554,-0.04463040446304045,-0.036262203626220346,
815655,20231020800140,01765265,동국제강,460860,최대주주등소유주식변동신고서(최대주주변경시),2023-10-20,KOSPI,9340.0,9130.0,9310.0,10390.0,-0.0224839400428265,-0.0032119914346895317,0.11241970021413272,
815423,20231020800369,01765265,동국제강,460860,최대주주변경,2023-10-20,KOSPI,9340.0,9130.0,9310.0,10390.0,-0.0224839400428265,-0.0032119914346895317,0.11241970021413272,
815631,20231020800167,01765256,동국씨엠,460850,최대주주등소유주식변동신고서(최대주주변경시),2023-10-20,KOSPI,6750.0,6600.0,6700.0,7000.0,-0.022222222222222254,-0.007407407407407418,0.03703703703703698,
815625,20231020800170,01765256,동국씨엠,460850,최대주주변경,2023-10-20,KOSPI,6750.0,6600.0,6700.0,7000.0,-0.022222222222222254,-0.007407407407407418,0.03703703703703698,
814683,20231023900455,00200275,YTN,040300,투자판단관련주요경영사항(최대주주의 변경을 수반하는 주식 매각 일반경쟁입찰의 낙찰자 결정),2023-10-23,KOSDAQ,6000.0,7800.0,7970.0,5950.0,0.30000000000000004,0.32833333333333337,-0.008333333333333304,
805776,20231110900835,00200275,YTN,040300,최대주주변경을수반하는주식양수도계약체결,2023-11-10,KOSDAQ,5650.0,5810.0,5810.0,6600.0,0.02831858407079646,0.02831858407079646,0.16814159292035402,
752750,20240214901826,00200275,YTN,040300,최대주주변경,2024-02-14,KOSDAQ,5530.0,5500.0,5500.0,5420.0,-0.005424954792043413,-0.005424954792043413,-0.019891500904159143,
811350,20231030900629,00569691,디엔에프,092070,최대주주변경을수반하는주식양수도계약체결,2023-10-30,KOSDAQ,19750.0,18080.0,18800.0,18530.0,-0.08455696202531648,-0.048101265822784844,-0.061772151898734196,
777328,20231228900461,00569691,디엔에프,092070,최대주주변경,2023-12-28,KOSDAQ,23950.0,24100.0,23600.0,22700.0,0.006263048016701411,-0.014613778705636737,-0.05219206680584554,
807540,20231108900558,01025644,강스템바이오텍,217730,최대주주변경,2023-11-08,KOSDAQ,1299.0,1279.0,1249.0,1244.0,-0.015396458814472713,-0.03849114703618173,-0.04234026173979988,
806825,20231109800518,00145437,아센디오,012170,최대주주등소유주식변동신고서(최대주주변경시),2023-11-09,KOSPI,1128.0,1155.0,1119.0,1104.0,0.02393617021276606,-0.007978723404255317,-0.021276595744680882,
806756,20231109800587,00145437,아센디오,012170,최대주주변경,2023-11-09,KOSPI,1128.0,1155.0,1119.0,1104.0,0.02393617021276606,-0.007978723404255317,-0.021276595744680882,
272263,20260116800446,00145437,아센디오,012170,최대주주변경,2026-01-16,KOSPI,2350.0,1956.0,1882.0,1913.0,-0.1676595744680851,-0.1991489361702128,-0.18595744680851067,
272254,20260116800464,00145437,아센디오,012170,최대주주등소유주식변동신고서(최대주주변경시),2026-01-16,KOSPI,2350.0,1956.0,1882.0,1913.0,-0.1676595744680851,-0.1991489361702128,-0.18595744680851067,
806052,20231110800509,00203315,콘텐트리중앙,036420,최대주주변경,2023-11-10,KOSPI,12800.0,12810.0,13300.0,14000.0,0.0007812499999999556,0.0390625,0.09375,
805862,20231110800705,01770203,조선내화,462520,최대주주변경,2023-11-10,KOSPI,25750.0,27000.0,26950.0,25650.0,0.04854368932038833,0.046601941747572706,-0.003883495145631022,
805773,20231110800863,01770203,조선내화,462520,최대주주등소유주식변동신고서(최대주주변경시),2023-11-10,KOSPI,25750.0,27000.0,26950.0,25650.0,0.04854368932038833,0.046601941747572706,-0.003883495145631022,
805404,20231113900310,00642541,제이에스링크,127120,최대주주변경,2023-11-13,KOSDAQ,3455.0,3455.0,3440.0,3730.0,0.0,-0.00434153400868309,0.07959479015918958,
804761,20231113901018,00642541,제이에스링크,127120,최대주주변경을수반하는주식담보제공계약해제ㆍ취소등,2023-11-13,KOSDAQ,3455.0,3455.0,3440.0,3730.0,0.0,-0.00434153400868309,0.07959479015918958,
539116,20241212901070,00642541,제이에스링크,127120,최대주주변경을수반하는주식담보제공계약체결,2024-12-12,KOSDAQ,4220.0,4050.0,4195.0,4730.0,-0.04028436018957349,-0.005924170616113722,0.12085308056872046,
537261,20241213901965,00642541,제이에스링크,127120,최대주주변경을수반하는주식담보제공계약해제ㆍ취소등,2024-12-13,KOSDAQ,4050.0,4195.0,4200.0,4940.0,0.03580246913580254,0.03703703703703698,0.219753086419753,
525660,20250107900620,00642541,제이에스링크,127120,최대주주변경을수반하는주식양수도계약체결,2025-01-07,KOSDAQ,6410.0,5820.0,5760.0,5460.0,-0.09204368174726985,-0.10140405616224646,-0.14820592823712953,
463645,20250326902541,00642541,제이에스링크,127120,최대주주변경,2025-03-26,KOSDAQ,7700.0,7500.0,6920.0,7300.0,-0.025974025974025983,-0.10129870129870133,-0.051948051948051965,
804770,20231113900984,01118281,피플바이오,304840,최대주주변경을수반하는주식담보제공계약체결,2023-11-13,KOSDAQ,3190.0,3350.0,3415.0,3510.0,0.050156739811912265,0.07053291536050166,0.10031347962382453,
799560,20231120900256,00273439,메디아나,041920,최대주주변경을수반하는주식양수도계약체결,2023-11-20,KOSDAQ,10240.0,8730.0,8090.0,8360.0,-0.1474609375,-0.2099609375,-0.18359375,
773390,20240108900333,00273439,메디아나,041920,최대주주변경,2024-01-08,KOSDAQ,7710.0,7780.0,7470.0,7150.0,0.009079118028534339,-0.0311284046692607,-0.07263294422827493,
791376,20231201900001,00560122,한울소재과학,091440,최대주주변경을수반하는주식양수도계약체결,2023-12-01,KOSDAQ,4075.0,5290.0,6870.0,8730.0,0.29815950920245404,0.6858895705521473,1.1423312883435583,
777910,20231227900700,00560122,한울소재과학,091440,최대주주변경,2023-12-27,KOSDAQ,12420.0,12000.0,11980.0,14340.0,-0.033816425120772986,-0.03542673107890504,0.15458937198067635,
521765,20250116900462,00560122,한울소재과학,091440,최대주주변경을수반하는주식담보제공계약체결,2025-01-16,KOSDAQ,5800.0,5350.0,5180.0,5010.0,-0.07758620689655171,-0.10689655172413792,-0.13620689655172413,
790911,20231201900639,00165060,하이록코리아,013030,최대주주변경을수반하는주식담보제공계약해제ㆍ취소등,2023-12-01,KOSDAQ,28250.0,27900.0,27450.0,27700.0,-0.012389380530973493,-0.02831858407079646,-0.019469026548672552,
790740,20231204900011,00177870,대창솔루션,096350,최대주주변경을수반하는주식양수도계약체결,2023-12-04,KOSDAQ,2235.0,2250.0,2220.0,2170.0,0.006711409395973256,-0.006711409395973145,-0.029082774049216997,
777022,20231228900810,00177870,대창솔루션,096350,최대주주변경,2023-12-28,KOSDAQ,2180.0,2235.0,2160.0,2160.0,0.025229357798165042,-0.00917431192660545,-0.00917431192660545,
790096,20231205900364,00299464,초록뱀미디어,047820,기타경영사항(자율공시)(최대주주 변경 추진),2023-12-05,KOSDAQ,8100.0,8100.0,8100.0,8100.0,0.0,0.0,0.0,
633669,20240611900699,00299464,초록뱀미디어,047820,투자판단관련주요경영사항              (최대주주 변경 관련 우선협상대상자 선정),2024-06-11,KOSDAQ,8100.0,8100.0,8100.0,8100.0,0.0,0.0,0.0,
604806,20240812900382,00299464,초록뱀미디어,047820,최대주주변경을수반하는주식양수도계약체결,2024-08-12,KOSDAQ,8100.0,8100.0,8100.0,8100.0,0.0,0.0,0.0,
545107,20241129900794,00299464,초록뱀미디어,047820,최대주주변경,2024-11-29,KOSDAQ,8100.0,8100.0,8100.0,8100.0,0.0,0.0,0.0,
544979,20241202900004,00299464,초록뱀미디어,047820,최대주주변경을수반하는주식담보제공계약체결,2024-12-02,KOSDAQ,8100.0,8100.0,8100.0,8100.0,0.0,0.0,0.0,
415411,20250415900873,00299464,초록뱀미디어,047820,최대주주변경을수반하는주식담보제공계약해제ㆍ취소등,2025-04-15,KOSDAQ,5030.0,5000.0,5010.0,4975.0,-0.005964214711729587,-0.003976143141153132,-0.010934393638170947,
787940,20231208800680,00138057,써니전자,004770,최대주주변경,2023-12-08,KOSPI,2535.0,2615.0,2500.0,2505.0,0.03155818540433919,-0.013806706114398382,-0.011834319526627168,
787939,20231208900696,01036367,아크솔루션스,203690,최대주주변경,2023-12-08,KOSDAQ,9210.0,8470.0,8280.0,9300.0,-0.08034744842562436,-0.10097719869706845,0.009771986970684043,
397602,20250515903112,01036367,아크솔루션스,203690,최대주주인명목회사·조합등의최대주주변경,2025-05-15,KOSDAQ,4425.0,4425.0,4425.0,4425.0,0.0,0.0,0.0,
305214,20251119900418,01036367,아크솔루션스,203690,최대주주변경,2025-11-19,KOSDAQ,4425.0,4425.0,4425.0,4425.0,0.0,0.0,0.0,
280448,20251230900754,01036367,아크솔루션스,203690,최대주주변경,2025-12-30,KOSDAQ,4425.0,4425.0,4425.0,4425.0,0.0,0.0,0.0,
782256,20231218800627,00753643,주성코퍼레이션,109070,최대주주변경,2023-12-18,KOSPI,1185.0,1185.0,1185.0,1185.0,0.0,0.0,0.0,
778749,20231226800614,00753643,주성코퍼레이션,109070,최대주주변경,2023-12-26,KOSPI,1185.0,1185.0,1185.0,1185.0,0.0,0.0,0.0,
782297,20231218900567,00258360,위지트,036090,최대주주변경,2023-12-18,KOSDAQ,2272.0,2347.0,2321.0,2208.0,0.03301056338028174,0.021566901408450745,-0.028169014084507005,
781983,20231219900323,00653194,앱토크롬,109960,최대주주변경,2023-12-19,KOSDAQ,14537.0,14615.0,14884.0,14846.0,0.005365618765907687,0.02387012450987136,0.02125610511109577,
781325,20231220900357,01116502,아티스트컴퍼니,321820,최대주주변경,2023-12-20,KOSDAQ,23200.0,23350.0,22000.0,19950.0,0.006465517241379226,-0.051724137931034475,-0.1400862068965517,
781101,20231220900727,01099667,에스디생명공학,217480,최대주주변경,2023-12-20,KOSDAQ,499.0,499.0,499.0,499.0,0.0,0.0,0.0,
780597,20231221900399,00945457,아이진,185490,최대주주변경,2023-12-21,KOSDAQ,4145.0,3825.0,3843.0,3883.0,-0.07720144752714109,-0.07285886610373948,-0.06320868516284683,
780339,20231221900704,00297095,나라엠앤디,051490,최대주주변경,2023-12-21,KOSDAQ,6140.0,6320.0,6350.0,6360.0,0.02931596091205213,0.03420195439739415,0.03583061889250816,
778671,20231226900803,00369213,폴라리스AI,039980,최대주주변경을수반하는주식양수도계약체결,2023-12-26,KOSDAQ,5013.0,6514.0,5328.0,4928.0,0.29942150408936774,0.06283662477558338,-0.01695591462198287,
755391,20240213901319,00369213,폴라리스AI,039980,최대주주변경,2024-02-13,KOSDAQ,7349.0,7074.0,6894.0,9511.0,-0.03742005715063279,-0.061913185467410536,0.29418968567152004,
778050,20231227800512,00174527,HS화성,002460,최대주주변경,2023-12-27,KOSPI,10940.0,10850.0,10520.0,10490.0,-0.00822669104204754,-0.038391224862888484,-0.0411334552102377,
778396,20231227900231,01031229,한국비티비,219750,최대주주변경,2023-12-27,KOSDAQ,11650.0,11650.0,11650.0,11650.0,0.0,0.0,0.0,
777053,20231228900689,01031229,한국비티비,219750,최대주주변경,2023-12-28,KOSDAQ,11650.0,11650.0,11650.0,11650.0,0.0,0.0,0.0,
774966,20240103900809,01031229,한국비티비,219750,최대주주변경,2024-01-03,KOSDAQ,11650.0,11650.0,11650.0,11650.0,0.0,0.0,0.0,
777857,20231227900766,00475985,시너지이노베이션,048870,최대주주변경,2023-12-27,KOSDAQ,2710.0,2730.0,2775.0,2800.0,0.007380073800737907,0.023985239852398532,0.03321033210332103,
777156,20231228800648,00114552,도화엔지니어링,002150,최대주주변경,2023-12-28,KOSPI,7930.0,7950.0,7900.0,7820.0,0.0025220680958386588,-0.003783102143757877,-0.013871374527112179,
777130,20231228800677,00114552,도화엔지니어링,002150,최대주주등소유주식변동신고서(최대주주변경시),2023-12-28,KOSPI,7930.0,7950.0,7900.0,7820.0,0.0025220680958386588,-0.003783102143757877,-0.013871374527112179,
774107,20240105900292,00352064,프리엠스,053160,최대주주변경을수반하는주식양수도계약체결,2024-01-05,KOSDAQ,16290.0,15600.0,15940.0,15840.0,-0.0423572744014733,-0.021485573971761762,-0.027624309392265234,
662705,20240423900303,00352064,프리엠스,053160,최대주주변경을수반하는주식양수도계약해제ㆍ취소등,2024-04-23,KOSDAQ,10900.0,9900.0,9780.0,10080.0,-0.09174311926605505,-0.10275229357798166,-0.07522935779816509,
773818,20240105900626,00378220,버킷스튜디오,066410,최대주주변경을수반하는주식담보제공계약체결,2024-01-05,KOSDAQ,1153.0,1153.0,1153.0,1153.0,0.0,0.0,0.0,
380964,20250618900366,00378220,버킷스튜디오,066410,기타경영사항(자율공시)              (최대주주 변경 추진),2025-06-18,KOSDAQ,1153.0,1153.0,1153.0,1153.0,0.0,0.0,0.0,
319497,20251024900266,00378220,버킷스튜디오,066410,투자판단관련주요경영사항              (최대주주 변경 관련 우선협상대상자 선정),2025-10-24,KOSDAQ,1153.0,1153.0,1153.0,1153.0,0.0,0.0,0.0,
282122,20251226900915,00378220,버킷스튜디오,066410,최대주주변경을수반하는주식양수도계약체결,2025-12-26,KOSDAQ,1153.0,1153.0,1153.0,1153.0,0.0,0.0,0.0,
282121,20251226900921,00378220,버킷스튜디오,066410,최대주주변경을수반하는주식담보제공계약해제ㆍ취소등,2025-12-26,KOSDAQ,1153.0,1153.0,1153.0,1153.0,0.0,0.0,0.0,
25533,20260420900759,00378220,버킷스튜디오,066410,최대주주변경을수반하는주식양수도계약해제ㆍ취소등,2026-04-20,KOSDAQ,1153.0,1153.0,1153.0,1153.0,0.0,0.0,0.0,
18019,20260430900590,00378220,버킷스튜디오,066410,기타경영사항(자율공시)              ((주)버킷스튜디오 최대주주 변경 재추진),2026-04-30,KOSDAQ,1153.0,1153.0,1153.0,1153.0,0.0,0.0,0.0,
771490,20240111900335,00250137,와이어블,065530,최대주주변경,2024-01-11,KOSDAQ,1984.0,1962.0,2135.0,2260.0,-0.011088709677419373,0.07610887096774199,0.1391129032258065,
770456,20240115900456,00125488,삼륭물산,014970,최대주주변경,2024-01-15,KOSDAQ,3875.0,4115.0,4260.0,4095.0,0.06193548387096781,0.09935483870967743,0.0567741935483872,
770267,20240115900750,00842619,리가켐바이오,141080,최대주주변경을수반하는주식양수도계약체결,2024-01-15,KOSDAQ,54800.0,52200.0,51000.0,52800.0,-0.04744525547445255,-0.06934306569343063,-0.03649635036496346,
705155,20240329903894,00842619,리가켐바이오,141080,최대주주변경,2024-03-29,KOSDAQ,74800.0,73800.0,65100.0,64600.0,-0.013368983957219305,-0.1296791443850267,-0.13636363636363635,
769035,20240118900320,00330424,LS증권,078020,기타경영사항(자율공시)(금융위원회 최대주주 변경 승인),2024-01-18,KOSDAQ,3840.0,4300.0,4165.0,4200.0,0.11979166666666674,0.08463541666666674,0.09375,
762569,20240131901083,00330424,LS증권,078020,최대주주변경,2024-01-31,KOSDAQ,4275.0,4440.0,4505.0,4380.0,0.03859649122807007,0.053801169590643294,0.024561403508772006,
768764,20240119900002,01158553,켄코아에어로스페이스,274090,최대주주변경을수반하는주식양수도계약체결,2024-01-19,KOSDAQ,13480.0,12930.0,12750.0,12250.0,-0.04080118694362023,-0.054154302670623156,-0.09124629080118696,
671778,20240411900711,01158553,켄코아에어로스페이스,274090,최대주주변경,2024-04-11,KOSDAQ,11350.0,11300.0,10900.0,11200.0,-0.004405286343612369,-0.03964757709251099,-0.013215859030836996,
668369,20240412900549,01158553,켄코아에어로스페이스,274090,최대주주인명목회사·조합등의최대주주변경,2024-04-12,KOSDAQ,11300.0,10900.0,10590.0,11280.0,-0.03539823008849563,-0.06283185840707961,-0.001769911504424737,
767276,20240123900496,00990819,아티스트스튜디오,200350,최대주주변경,2024-01-23,KOSDAQ,10120.0,10420.0,10400.0,9790.0,0.029644268774703608,0.027667984189723382,-0.03260869565217395,
721514,20240320901163,00990819,아티스트스튜디오,200350,최대주주변경,2024-03-20,KOSDAQ,17240.0,15450.0,14950.0,15110.0,-0.10382830626450112,-0.132830626450116,-0.12354988399071931,
765835,20240125900750,00378363,3S,060310,최대주주변경,2024-01-25,KOSDAQ,3950.0,3815.0,3610.0,3030.0,-0.03417721518987338,-0.08607594936708862,-0.2329113924050633,
664595,20240418900459,00378363,3S,060310,최대주주변경,2024-04-18,KOSDAQ,2875.0,2750.0,2735.0,2640.0,-0.04347826086956519,-0.04869565217391303,-0.08173913043478265,
449410,20250401901014,00378363,3S,060310,최대주주변경,2025-04-01,KOSDAQ,2230.0,2065.0,2090.0,2135.0,-0.07399103139013452,-0.06278026905829592,-0.04260089686098656,
763479,20240130800860,00107598,남양유업,003920,최대주주변경,2024-01-30,KOSPI,56600.0,58700.0,58800.0,57400.0,0.03710247349823326,0.03886925795053009,0.014134275618374659,
763478,20240130800861,00107598,남양유업,003920,최대주주등소유주식변동신고서(최대주주변경시),2024-01-30,KOSPI,56600.0,58700.0,58800.0,57400.0,0.03710247349823326,0.03886925795053009,0.014134275618374659,
763493,20240130900826,00977650,엔케이젠바이오텍코리아,182400,최대주주변경,2024-01-30,KOSDAQ,5530.0,3878.0,3995.0,4369.0,-0.2987341772151899,-0.27757685352622063,-0.20994575045207953,
742074,20240228901534,00977650,엔케이젠바이오텍코리아,182400,최대주주변경을수반하는주식담보제공계약체결,2024-02-28,KOSDAQ,3199.0,2963.0,3096.0,4167.0,-0.07377305407939982,-0.03219756173804311,0.30259456080025005,
738593,20240304900780,00977650,엔케이젠바이오텍코리아,182400,최대주주변경을수반하는주식담보제공계약해제ㆍ취소등,2024-03-04,KOSDAQ,3096.0,3236.0,3447.0,3677.0,0.04521963824289399,0.1133720930232558,0.1876614987080103,
584511,20240906900597,00977650,엔케이젠바이오텍코리아,182400,최대주주변경,2024-09-06,KOSDAQ,3670.0,3670.0,3670.0,3670.0,0.0,0.0,0.0,
380275,20250619900772,00977650,엔케이젠바이오텍코리아,182400,최대주주변경,2025-06-19,KOSDAQ,3670.0,3670.0,3670.0,3670.0,0.0,0.0,0.0,
376939,20250626900784,00977650,엔케이젠바이오텍코리아,182400,최대주주변경,2025-06-26,KOSDAQ,3670.0,3670.0,3670.0,3670.0,0.0,0.0,0.0,
376938,20250626900786,00977650,엔케이젠바이오텍코리아,182400,기타시장안내(최대주주의의무보유관련)              (최대주주 변경 관련),2025-06-26,KOSDAQ,3670.0,3670.0,3670.0,3670.0,0.0,0.0,0.0,
274693,20260112900526,00977650,엔케이젠바이오텍코리아,182400,최대주주변경을수반하는주식담보제공계약체결,2026-01-12,KOSDAQ,3670.0,3670.0,3670.0,3670.0,0.0,0.0,0.0,
760224,20240205901181,01037542,NPX,222160,최대주주변경,2024-02-05,KOSDAQ,7260.0,7090.0,7090.0,8040.0,-0.023415977961432466,-0.023415977961432466,0.1074380165289257,
381963,20250616900416,01037542,NPX,222160,기타경영사항(자율공시)              (최대주주 변경 추진),2025-06-16,KOSDAQ,8040.0,8040.0,8040.0,8040.0,0.0,0.0,0.0,
756959,20240208901025,00453442,해성에어로보틱스,059270,최대주주변경을수반하는주식양수도계약체결,2024-02-08,KOSDAQ,11900.0,11500.0,13740.0,15260.0,-0.03361344537815125,0.1546218487394957,0.2823529411764707,
699581,20240401900304,00453442,해성에어로보틱스,059270,[첨부추가]최대주주변경을수반하는주식양수도계약해제ㆍ취소등,2024-04-01,KOSDAQ,7890.0,7830.0,8360.0,9100.0,-0.0076045627376425395,0.05956907477820028,0.15335868187579216,
269315,20260123900464,00453442,해성에어로보틱스,059270,최대주주변경을수반하는주식양수도계약체결,2026-01-23,KOSDAQ,17500.0,17000.0,17650.0,14510.0,-0.02857142857142858,0.008571428571428674,-0.17085714285714282,
85214,20260323901550,00453442,해성에어로보틱스,059270,최대주주변경,2026-03-23,KOSDAQ,11160.0,10120.0,10940.0,10100.0,-0.09318996415770608,-0.01971326164874554,-0.09498207885304655,
84519,20260323901669,00453442,해성에어로보틱스,059270,최대주주변경을수반하는주식담보제공계약체결,2026-03-23,KOSDAQ,11160.0,10120.0,10940.0,10100.0,-0.09318996415770608,-0.01971326164874554,-0.09498207885304655,
21190,20260428900002,00453442,해성에어로보틱스,059270,최대주주변경을수반하는주식담보제공계약체결,2026-04-28,KOSDAQ,9720.0,9460.0,9560.0,9720.0,-0.026748971193415683,-0.016460905349794275,0.0,
21189,20260428900003,00453442,해성에어로보틱스,059270,최대주주변경을수반하는주식담보제공계약해제ㆍ취소등,2026-04-28,KOSDAQ,9720.0,9460.0,9560.0,9720.0,-0.026748971193415683,-0.016460905349794275,0.0,
756685,20240208901375,00287812,에코심플렉스,038870,최대주주변경,2024-02-08,KOSDAQ,5730.0,5930.0,5990.0,6100.0,0.034904013961605695,0.04537521815008727,0.06457242582897038,
751933,20240215901270,00623661,원익머트리얼즈,104830,최대주주변경을수반하는주식담보제공계약체결,2024-02-15,KOSDAQ,31600.0,31300.0,32100.0,31150.0,-0.009493670886076,0.015822784810126667,-0.014240506329113889,
550949,20241125900216,00623661,원익머트리얼즈,104830,최대주주변경을수반하는주식담보제공계약해제ㆍ취소등,2024-11-25,KOSDAQ,18160.0,18190.0,17600.0,16900.0,0.0016519823788545551,-0.03083700440528636,-0.06938325991189431,
751269,20240216900726,00391197,하이퍼코퍼레이션,065650,최대주주변경을수반하는주식양수도계약체결,2024-02-16,KOSDAQ,27148.0,27204.0,27242.0,26440.0,0.0020627670546633503,0.003462501841756227,-0.026079269191100596,
709377,20240328903175,00391197,하이퍼코퍼레이션,065650,최대주주변경,2024-03-28,KOSDAQ,28900.0,27968.0,27670.0,26066.0,-0.03224913494809689,-0.04256055363321798,-0.09806228373702419,
109893,20260227901934,00391197,하이퍼코퍼레이션,065650,최대주주변경,2026-02-27,KOSDAQ,4000.0,3932.0,3600.0,3558.0,-0.017000000000000015,-0.09999999999999998,-0.11050000000000004,
749124,20240221900915,00828761,레이,228670,최대주주변경을수반하는주식담보제공계약해제ㆍ취소등,2024-02-21,KOSDAQ,16200.0,15870.0,16150.0,16240.0,-0.020370370370370372,-0.0030864197530864335,0.0024691358024691024,
559690,20241108900754,00828761,레이,228670,최대주주변경,2024-11-08,KOSDAQ,8170.0,7730.0,7030.0,6490.0,-0.05385556915544676,-0.13953488372093026,-0.2056303549571603,
559679,20241108900763,00828761,레이,228670,최대주주변경을수반하는주식담보제공계약체결,2024-11-08,KOSDAQ,8170.0,7730.0,7030.0,6490.0,-0.05385556915544676,-0.13953488372093026,-0.2056303549571603,
746194,20240226900814,00317210,성호전자,043260,최대주주변경을수반하는주식담보제공계약체결,2024-02-26,KOSDAQ,1406.0,1583.0,1588.0,1499.0,0.12588904694167846,0.12944523470839253,0.06614509246088196,
630137,20240619900610,00317210,성호전자,043260,최대주주변경을수반하는주식담보제공계약해제ㆍ취소등,2024-06-19,KOSDAQ,1820.0,1758.0,1733.0,1734.0,-0.034065934065934056,-0.047802197802197854,-0.04725274725274731,
113127,20260624900958,00317210,성호전자,043260,최대주주변경을수반하는주식담보제공계약체결,2026-06-24,KOSDAQ,30050.0,28750.0,28900.0,,-0.043261231281197965,-0.038269550748752046,,
739482,20240229901417,00463342,폴라리스AI파마,041910,최대주주변경을수반하는주식양수도계약체결,2024-02-29,KOSDAQ,7770.0,7920.0,7590.0,8490.0,0.019305019305019266,-0.02316602316602312,0.0926640926640927,
712409,20240327901205,00463342,폴라리스AI파마,041910,최대주주변경,2024-03-27,KOSDAQ,10880.0,11250.0,10570.0,9090.0,0.034007352941176405,-0.028492647058823484,-0.16452205882352944,
738511,20240304900909,01190124,미디어젠,279600,최대주주변경,2024-03-04,KOSDAQ,14963.0,14406.0,14527.0,14902.0,-0.03722515538327875,-0.02913854173628283,-0.004076722582369796,
552465,20241120900515,01190124,미디어젠,279600,최대주주변경을수반하는주식양수도계약체결,2024-11-20,KOSDAQ,13680.0,13680.0,13680.0,13680.0,0.0,0.0,0.0,
547463,20241128900767,01190124,미디어젠,279600,최대주주변경을수반하는주식양수도계약해제ㆍ취소등,2024-11-28,KOSDAQ,13680.0,13680.0,13680.0,13680.0,0.0,0.0,0.0,
736191,20240307800276,00172291,더존비즈온,012510,최대주주변경,2024-03-07,KOSPI,42800.0,41850.0,41700.0,46300.0,-0.02219626168224298,-0.025700934579439227,0.08177570093457942,
736188,20240307800289,00172291,더존비즈온,012510,최대주주등소유주식변동신고서(최대주주변경시),2024-03-07,KOSPI,42800.0,41850.0,41700.0,46300.0,-0.02219626168224298,-0.025700934579439227,0.08177570093457942,
79038,20260326803041,00172291,더존비즈온,012510,최대주주변경,2026-03-26,KOSPI,118700.0,119300.0,119100.0,119400.0,0.005054759898904804,0.0033698399326032025,0.005897219882055493,
78968,20260326803260,00172291,더존비즈온,012510,최대주주등소유주식변동신고서(최대주주변경시),2026-03-26,KOSPI,118700.0,119300.0,119100.0,119400.0,0.005054759898904804,0.0033698399326032025,0.005897219882055493,
733935,20240308901278,00766106,엣지파운드리,105550,최대주주변경,2024-03-08,KOSDAQ,2670.0,2580.0,2425.0,2405.0,-0.0337078651685393,-0.09176029962546817,-0.09925093632958804,
733287,20240311900628,01409022,페니트리움바이오,187660,최대주주변경을수반하는주식양수도계약체결,2024-03-11,KOSDAQ,1804.0,1352.0,1439.0,1497.0,-0.2505543237250555,-0.20232815964523276,-0.17017738359201773,
646643,20240520900197,01409022,페니트리움바이오,187660,최대주주변경,2024-05-20,KOSDAQ,1825.0,1792.0,1723.0,1726.0,-0.018082191780821932,-0.055890410958904124,-0.0542465753424658,
646265,20240521900240,01409022,페니트리움바이오,187660,최대주주변경을수반하는주식담보제공계약체결,2024-05-21,KOSDAQ,1792.0,1723.0,1723.0,1726.0,-0.0385044642857143,-0.0385044642857143,-0.036830357142857095,
731150,20240312901572,00384717,비엘팜텍,065170,최대주주변경을수반하는주식양수도계약체결,2024-03-12,KOSDAQ,1402.0,1337.0,1396.0,1356.0,-0.04636233951497859,-0.004279600570613384,-0.032810271041369465,
709508,20240328902922,00384717,비엘팜텍,065170,최대주주변경,2024-03-28,KOSDAQ,1579.0,1586.0,1602.0,1477.0,0.004433185560481334,0.014566181127295685,-0.06459784673844204,
731106,20240312901704,00618410,KS인더스트리,101000,최대주주변경을수반하는주식양수도계약체결,2024-03-12,KOSDAQ,2430.0,2680.0,3060.0,3500.0,0.10288065843621408,0.2592592592592593,0.440329218106996,
712143,20240327901543,00618410,KS인더스트리,101000,최대주주변경,2024-03-27,KOSDAQ,4020.0,2815.0,2810.0,2870.0,-0.2997512437810945,-0.3009950248756219,-0.2860696517412935,
490664,20250304900525,00618410,KS인더스트리,101000,최대주주변경,2025-03-04,KOSDAQ,2515.0,2300.0,2200.0,2280.0,-0.08548707753479123,-0.1252485089463221,-0.09343936381709739,
267780,20260127900800,00618410,KS인더스트리,101000,최대주주변경,2026-01-27,KOSDAQ,940.0,1024.0,1043.0,1122.0,0.08936170212765959,0.10957446808510629,0.19361702127659575,
728795,20240313902177,00519252,THE E&M,089230,최대주주변경,2024-03-13,KOSDAQ,1828.0,1856.0,1934.0,1886.0,0.015317286652078765,0.057986870897155374,0.03172866520787743,
728774,20240313902295,00587925,모아라이프플러스,142760,최대주주변경을수반하는주식양수도계약체결,2024-03-13,KOSDAQ,2160.0,2580.0,2440.0,2290.0,0.19444444444444442,0.12962962962962954,0.06018518518518512,
718363,20240321902043,00587925,모아라이프플러스,142760,최대주주변경,2024-03-21,KOSDAQ,2605.0,2480.0,2430.0,2455.0,-0.04798464491362764,-0.06717850287907867,-0.05758157389635321,
717491,20240322900018,00587925,모아라이프플러스,142760,최대주주변경을수반하는주식담보제공계약해제ㆍ취소등,2024-03-22,KOSDAQ,2480.0,2430.0,2445.0,2565.0,-0.020161290322580627,-0.014112903225806495,0.03427419354838701,
717490,20240322900019,00587925,모아라이프플러스,142760,최대주주변경을수반하는주식담보제공계약체결,2024-03-22,KOSDAQ,2480.0,2430.0,2445.0,2565.0,-0.020161290322580627,-0.014112903225806495,0.03427419354838701,
710149,20240328902193,00587925,모아라이프플러스,142760,최대주주변경,2024-03-28,KOSDAQ,2455.0,2565.0,2640.0,2580.0,0.044806517311609007,0.07535641547861505,0.050916496945010215,
710145,20240328902220,00587925,모아라이프플러스,142760,최대주주변경을수반하는주식담보제공계약해제ㆍ취소등,2024-03-28,KOSDAQ,2455.0,2565.0,2640.0,2580.0,0.044806517311609007,0.07535641547861505,0.050916496945010215,
275238,20260109900732,00587925,모아라이프플러스,142760,최대주주변경을수반하는주식담보제공계약체결,2026-01-09,KOSDAQ,1693.0,1693.0,1647.0,1649.0,0.0,-0.027170702894270482,-0.025989367985823963,
724602,20240318800001,00878915,iM금융지주,139130,최대주주변경,2024-03-18,KOSPI,8810.0,8640.0,8730.0,8860.0,-0.0192962542565267,-0.009080590238365494,0.00567536889897835,
724603,20240318800006,00878915,iM금융지주,139130,최대주주등소유주식변동신고서(최대주주변경시),2024-03-18,KOSPI,8810.0,8640.0,8730.0,8860.0,-0.0192962542565267,-0.009080590238365494,0.00567536889897835,
368272,20250715800415,00878915,iM금융지주,139130,최대주주변경,2025-07-15,KOSPI,15510.0,15100.0,15250.0,14760.0,-0.026434558349451964,-0.01676337846550613,-0.048355899419729176,
368265,20250715800461,00878915,iM금융지주,139130,최대주주등소유주식변동신고서(최대주주변경시),2025-07-15,KOSPI,15510.0,15100.0,15250.0,14760.0,-0.026434558349451964,-0.01676337846550613,-0.048355899419729176,
285019,20251222800849,00878915,iM금융지주,139130,최대주주변경,2025-12-22,KOSPI,15270.0,15610.0,15760.0,15550.0,0.02226588081204972,0.03208906352324825,0.018336607727570398,
285012,20251222800872,00878915,iM금융지주,139130,최대주주등소유주식변동신고서(최대주주변경시),2025-12-22,KOSPI,15270.0,15610.0,15760.0,15550.0,0.02226588081204972,0.03208906352324825,0.018336607727570398,
106138,20260305801687,00878915,iM금융지주,139130,최대주주변경,2026-03-05,KOSPI,17250.0,17050.0,16550.0,16860.0,-0.011594202898550732,-0.04057971014492756,-0.022608695652173938,
106081,20260305801811,00878915,iM금융지주,139130,최대주주등소유주식변동신고서(최대주주변경시),2026-03-05,KOSPI,17250.0,17050.0,16550.0,16860.0,-0.011594202898550732,-0.04057971014492756,-0.022608695652173938,
34976,20260410801102,00878915,iM금융지주,139130,최대주주등소유주식변동신고서(최대주주변경시),2026-04-10,KOSPI,18080.0,18150.0,18290.0,18700.0,0.0038716814159291957,0.011615044247787587,0.034292035398230114,
34849,20260410801168,00878915,iM금융지주,139130,최대주주변경,2026-04-10,KOSPI,18080.0,18150.0,18290.0,18700.0,0.0038716814159291957,0.011615044247787587,0.034292035398230114,
722629,20240319801110,00103662,광명전기,017040,최대주주변경,2024-03-19,KOSPI,2445.0,2390.0,2400.0,2430.0,-0.02249488752556239,-0.018404907975460127,-0.006134969325153339,
722238,20240320800330,00103662,광명전기,017040,최대주주등소유주식변동신고서(최대주주변경시),2024-03-20,KOSPI,2390.0,2400.0,2365.0,2455.0,0.004184100418409997,-0.010460251046025104,0.027196652719665204,
692355,20240403800647,00103662,광명전기,017040,최대주주변경,2024-04-03,KOSPI,2495.0,2530.0,2550.0,2680.0,0.014028056112224352,0.022044088176352616,0.07414829659318634,
692346,20240403800685,00103662,광명전기,017040,최대주주등소유주식변동신고서(최대주주변경시),2024-04-03,KOSPI,2495.0,2530.0,2550.0,2680.0,0.014028056112224352,0.022044088176352616,0.07414829659318634,
386381,20250602800859,00103662,광명전기,017040,투자판단관련주요경영사항              (최대주주 변경을 수반하는 주식양수도계약 체결),2025-06-02,KOSPI,2095.0,2090.0,2070.0,2100.0,-0.0023866348448687846,-0.011933174224343701,0.0023866348448686736,
373072,20250702800613,00103662,광명전기,017040,최대주주변경,2025-07-02,KOSPI,2115.0,2075.0,1962.0,1807.0,-0.01891252955082745,-0.07234042553191489,-0.14562647754137115,
373079,20250702800614,00103662,광명전기,017040,최대주주등소유주식변동신고서(최대주주변경시),2025-07-02,KOSPI,2115.0,2075.0,1962.0,1807.0,-0.01891252955082745,-0.07234042553191489,-0.14562647754137115,
362562,20250729800415,00103662,광명전기,017040,최대주주등소유주식변동신고서(최대주주변경시),2025-07-29,KOSPI,1055.0,1034.0,1020.0,1064.0,-0.019905213270142164,-0.033175355450236976,0.008530805687203769,
362478,20250729800505,00103662,광명전기,017040,최대주주변경,2025-07-29,KOSPI,1055.0,1034.0,1020.0,1064.0,-0.019905213270142164,-0.033175355450236976,0.008530805687203769,
320404,20251022800567,00103662,광명전기,017040,투자판단관련주요경영사항              (최대주주 변경을 수반하는 주식양수도계약 체결),2025-10-22,KOSPI,1456.0,1736.0,1568.0,1583.0,0.1923076923076923,0.07692307692307687,0.08722527472527464,
318178,20251028800485,00103662,광명전기,017040,최대주주변경,2025-10-28,KOSPI,1617.0,1583.0,1534.0,1514.0,-0.021026592455163917,-0.05132962275819419,-0.06369820655534941,
318190,20251028800488,00103662,광명전기,017040,최대주주등소유주식변동신고서(최대주주변경시),2025-10-28,KOSPI,1617.0,1583.0,1534.0,1514.0,-0.021026592455163917,-0.05132962275819419,-0.06369820655534941,
26243,20260417800893,00103662,광명전기,017040,최대주주변경,2026-04-17,KOSPI,932.0,932.0,932.0,932.0,0.0,0.0,0.0,
26241,20260417800949,00103662,광명전기,017040,최대주주등소유주식변동신고서(최대주주변경시),2026-04-17,KOSPI,932.0,932.0,932.0,932.0,0.0,0.0,0.0,
723479,20240319900021,01230255,한울앤제주,276730,최대주주변경을수반하는주식양수도계약체결,2024-03-19,KOSDAQ,71286.0,73409.0,78172.0,87181.0,0.029781443761748516,0.09659680722722563,0.22297505821619956,
651465,20240514900015,01230255,한울앤제주,276730,최대주주변경,2024-05-14,KOSDAQ,78727.0,77268.0,76725.0,75157.0,-0.01853239676349916,-0.02542964929439706,-0.045346577413085676,
545210,20241129900716,01230255,한울앤제주,276730,최대주주변경,2024-11-29,KOSDAQ,39194.0,39797.0,37627.0,35094.0,0.015385007909373805,-0.039980609276930146,-0.10460784814002144,
302531,20251125900526,01230255,한울앤제주,276730,최대주주변경,2025-11-25,KOSDAQ,22021.0,23746.0,22552.0,22190.0,0.07833431724263207,0.024113346351210208,0.007674492529857968,
279569,20251231900447,01230255,한울앤제주,276730,최대주주인명목회사·조합등의최대주주변경,2025-12-31,KOSDAQ,16811.0,15979.0,15472.0,15605.0,-0.04949140443757061,-0.07965022901671526,-0.07173874249003631,
722624,20240319901065,00525864,피앤씨테크,237750,최대주주변경,2024-03-19,KOSDAQ,5470.0,5600.0,5560.0,5630.0,0.02376599634369292,0.01645338208409508,0.02925045703839113,
719718,20240321800361,00161116,HL D&I,014790,최대주주변경,2024-03-21,KOSPI,2000.0,2025.0,2005.0,2015.0,0.012499999999999956,0.0024999999999999467,0.007500000000000062,
719712,20240321800375,00161116,HL D&I,014790,최대주주등소유주식변동신고서(최대주주변경시),2024-03-21,KOSPI,2000.0,2025.0,2005.0,2015.0,0.012499999999999956,0.0024999999999999467,0.007500000000000062,
716369,20240322901435,00329093,코데즈컴바인,047770,최대주주변경,2024-03-22,KOSDAQ,1694.0,1747.0,1757.0,1763.0,0.031286894923258535,0.037190082644628086,0.04073199527744986,
715599,20240325800504,00115676,KG스틸,016380,최대주주변경,2024-03-25,KOSPI,7000.0,7150.0,7150.0,7150.0,0.021428571428571352,0.021428571428571352,0.021428571428571352,
715462,20240325800697,00115676,KG스틸,016380,최대주주등소유주식변동신고서(최대주주변경시),2024-03-25,KOSPI,7000.0,7150.0,7150.0,7150.0,0.021428571428571352,0.021428571428571352,0.021428571428571352,
713868,20240326801401,00166500,화천기계,010660,최대주주변경,2024-03-26,KOSPI,8780.0,6700.0,6080.0,5770.0,-0.2369020501138952,-0.30751708428246016,-0.34282460136674264,
713830,20240326801528,00166500,화천기계,010660,최대주주등소유주식변동신고서(최대주주변경시),2024-03-26,KOSPI,8780.0,6700.0,6080.0,5770.0,-0.2369020501138952,-0.30751708428246016,-0.34282460136674264,
713817,20240326801540,00209780,케이씨,029460,최대주주등소유주식변동신고서(최대주주변경시),2024-03-26,KOSPI,21800.0,24600.0,24600.0,24300.0,0.12844036697247696,0.12844036697247696,0.1146788990825689,
713784,20240326801563,00209780,케이씨,029460,최대주주변경,2024-03-26,KOSPI,21800.0,24600.0,24600.0,24300.0,0.12844036697247696,0.12844036697247696,0.1146788990825689,
712268,20240327901222,00331016,에프앤가이드,064850,최대주주변경,2024-03-27,KOSDAQ,6990.0,6950.0,7020.0,7150.0,-0.005722460658083017,0.0042918454935623185,0.022889842632331847,
704487,20240329904538,00875307,야스,255440,최대주주변경을수반하는주식담보제공계약체결,2024-03-29,KOSDAQ,10380.0,10270.0,10160.0,12040.0,-0.010597302504816941,-0.021194605009633882,0.15992292870905578,
620068,20240705900581,00875307,야스,255440,최대주주변경을수반하는주식담보제공계약해제ㆍ취소등,2024-07-05,KOSDAQ,9970.0,8840.0,8580.0,8170.0,-0.11334002006018051,-0.13941825476429293,-0.18054162487462388,
704306,20240329904794,00308559,코디,080530,최대주주변경,2024-03-29,KOSDAQ,14550.0,12675.0,10975.0,11225.0,-0.12886597938144329,-0.2457044673539519,-0.22852233676975942,
699628,20240401901611,01397903,엔젠바이오,354200,최대주주변경을수반하는주식양수도계약체결,2024-04-01,KOSDAQ,5456.0,5058.0,5873.0,5996.0,-0.07294721407624638,0.07642961876832843,0.09897360703812308,
676115,20240409900786,01397903,엔젠바이오,354200,최대주주변경,2024-04-09,KOSDAQ,5930.0,6101.0,5911.0,6271.0,0.028836424957841444,-0.0032040472175379753,0.057504215851601925,
396938,20250516900564,01397903,엔젠바이오,354200,최대주주변경을수반하는주식양수도계약체결,2025-05-16,KOSDAQ,2200.0,1965.0,1942.0,2075.0,-0.10681818181818181,-0.1172727272727273,-0.05681818181818177,
386641,20250602900663,01397903,엔젠바이오,354200,최대주주변경,2025-06-02,KOSDAQ,2035.0,2045.0,1990.0,1931.0,0.004914004914004844,-0.02211302211302213,-0.05110565110565113,
375632,20250627900886,01397903,엔젠바이오,354200,최대주주인명목회사·조합등의최대주주변경,2025-06-27,KOSDAQ,2040.0,1944.0,1964.0,1950.0,-0.04705882352941182,-0.03725490196078429,-0.044117647058823484,
695847,20240402800934,00190321,케이티,030200,최대주주변경,2024-04-02,KOSPI,37000.0,36050.0,36350.0,36400.0,-0.025675675675675635,-0.01756756756756761,-0.01621621621621616,
692201,20240403800740,00190321,케이티,030200,최대주주등소유주식변동신고서(최대주주변경시),2024-04-03,KOSPI,36050.0,36350.0,36150.0,35400.0,0.00832177531206657,0.00277392510402219,-0.018030513176144236,
664314,20240419900005,00977377,에이비온,203400,최대주주변경,2024-04-19,KOSDAQ,3211.0,3188.0,3377.0,3387.0,-0.007162877608221763,0.051697290563687215,0.05481158517595763,
383698,20250611900609,00977377,에이비온,203400,최대주주변경을수반하는주식담보제공계약체결,2025-06-11,KOSDAQ,2267.0,2277.0,2191.0,2270.0,0.004411116012351224,-0.03352448169386857,0.0013233348037053894,
347492,20250820900424,00977377,에이비온,203400,최대주주변경을수반하는주식담보제공계약해제ㆍ취소등,2025-08-20,KOSDAQ,2798.0,2998.0,2884.0,2988.0,0.07147962830593291,0.030736240171551188,0.06790564689063627,
662936,20240423900001,00455875,와토스코리아,079000,최대주주변경,2024-04-23,KOSDAQ,6610.0,6780.0,6620.0,6710.0,0.02571860816944027,0.001512859304084735,0.015128593040847127,
661582,20240424900668,01201970,셀레스트라,352770,최대주주변경,2024-04-24,KOSDAQ,28830.0,27540.0,26985.0,26100.0,-0.04474505723204991,-0.06399583766909467,-0.09469302809573366,
660684,20240425900754,00349811,오션인더블유,052300,최대주주변경,2024-04-25,KOSDAQ,3160.0,3377.0,3313.0,3256.0,0.06867088607594929,0.04841772151898738,0.030379746835442978,
660264,20240426900254,00259934,예림당,036000,최대주주변경,2024-04-26,KOSDAQ,1918.0,1951.0,1925.0,1935.0,0.0172054223149114,0.0036496350364962904,0.008863399374348324,
658426,20240429900645,00373571,스타코링크,060240,최대주주변경,2024-04-29,KOSDAQ,21929.0,22200.0,20716.0,20651.0,0.012358064663231305,-0.05531487983948191,-0.058278991290072524,
340730,20250829900398,00373571,스타코링크,060240,최대주주변경,2025-08-29,KOSDAQ,1976.0,1976.0,1976.0,1976.0,0.0,0.0,0.0,
655747,20240503900002,00108001,남화토건,091590,최대주주변경,2024-05-03,KOSDAQ,4710.0,4715.0,4725.0,4720.0,0.0010615711252655036,0.0031847133757962887,0.002123142250530785,
655746,20240503900004,00108001,남화토건,091590,최대주주변경을수반하는주식담보제공계약체결,2024-05-03,KOSDAQ,4710.0,4715.0,4725.0,4720.0,0.0010615711252655036,0.0031847133757962887,0.002123142250530785,
648778,20240516801160,00222532,LG헬로비전,037560,최대주주등소유주식변동신고서(최대주주변경시),2024-05-16,KOSPI,3265.0,3215.0,3200.0,3180.0,-0.015313935681470103,-0.019908116385911168,-0.026033690658499253,
647078,20240517900246,00173449,빌리언스,044480,최대주주변경을수반하는주식양수도계약체결,2024-05-17,KOSDAQ,6340.0,7290.0,6655.0,5270.0,0.14984227129337535,0.0496845425867507,-0.16876971608832803,
646308,20240521900198,00173449,빌리언스,044480,최대주주변경,2024-05-21,KOSDAQ,6655.0,5755.0,5250.0,5145.0,-0.13523666416228397,-0.2111194590533434,-0.22689706987227654,
646956,20240517900368,01042650,큐리언트,115180,최대주주변경,2024-05-17,KOSDAQ,4230.0,4195.0,4125.0,4080.0,-0.008274231678486954,-0.024822695035460973,-0.03546099290780147,
646524,20240520900326,00532855,한국유니온제약,080720,최대주주변경을수반하는주식양수도계약체결,2024-05-20,KOSDAQ,6420.0,6080.0,6190.0,6180.0,-0.052959501557632405,-0.03582554517133951,-0.03738317757009346,
610606,20240730900559,00532855,한국유니온제약,080720,최대주주변경을수반하는주식양수도계약해제ㆍ취소등,2024-07-30,KOSDAQ,5070.0,4875.0,4990.0,5500.0,-0.038461538461538436,-0.015779092702169595,0.08481262327416172,
378606,20250624900335,00532855,한국유니온제약,080720,최대주주변경,2025-06-24,KOSDAQ,2725.0,2725.0,2725.0,2725.0,0.0,0.0,0.0,
358279,20250806900575,00532855,한국유니온제약,080720,최대주주변경을수반하는주식담보제공계약체결,2025-08-06,KOSDAQ,2725.0,2725.0,2725.0,2725.0,0.0,0.0,0.0,
358278,20250806900576,00532855,한국유니온제약,080720,최대주주변경을수반하는주식담보제공계약해제ㆍ취소등,2025-08-06,KOSDAQ,2725.0,2725.0,2725.0,2725.0,0.0,0.0,0.0,
357977,20250807900255,00532855,한국유니온제약,080720,최대주주변경을수반하는주식양수도계약체결,2025-08-07,KOSDAQ,2725.0,2725.0,2725.0,2725.0,0.0,0.0,0.0,
5287,20260519900317,00532855,한국유니온제약,080720,최대주주변경,2026-05-19,KOSDAQ,2725.0,2725.0,2725.0,2725.0,0.0,0.0,0.0,
405,20260527900439,00532855,한국유니온제약,080720,최대주주변경,2026-05-27,KOSDAQ,2725.0,2725.0,2725.0,2725.0,0.0,0.0,0.0,
645259,20240523900206,00295857,코다코,046070,최대주주변경,2024-05-23,KOSDAQ,10280.0,10280.0,10280.0,10280.0,0.0,0.0,0.0,
636583,20240603800434,00159795,한국카본,017960,최대주주변경,2024-06-03,KOSPI,10750.0,10820.0,10670.0,10440.0,0.006511627906976791,-0.007441860465116301,-0.028837209302325584,
636568,20240603800499,00159795,한국카본,017960,최대주주등소유주식변동신고서(최대주주변경시),2024-06-03,KOSPI,10750.0,10820.0,10670.0,10440.0,0.006511627906976791,-0.007441860465116301,-0.028837209302325584,
633471,20240612900004,00874803,AP위성,211270,최대주주변경을수반하는주식양수도계약체결,2024-06-12,KOSDAQ,15700.0,15390.0,14840.0,14800.0,-0.0197452229299363,-0.054777070063694255,-0.0573248407643312,
611717,20240726900693,00874803,AP위성,211270,최대주주변경,2024-07-26,KOSDAQ,13660.0,13240.0,13100.0,12410.0,-0.030746705710102518,-0.040995607613469986,-0.09150805270863838,
632134,20240614900206,01601222,씨피시스템,413630,최대주주변경,2024-06-14,KOSDAQ,4005.0,4130.0,4050.0,3765.0,0.03121098626716612,0.011235955056179803,-0.05992509363295884,
630897,20240618800143,00151128,모토닉,009680,최대주주등소유주식변동신고서(최대주주변경시),2024-06-18,KOSPI,8430.0,8620.0,8690.0,8860.0,0.022538552787663146,0.03084223013048626,0.05100830367734277,
630634,20240618800488,00151128,모토닉,009680,최대주주변경,2024-06-18,KOSPI,8430.0,8620.0,8690.0,8860.0,0.022538552787663146,0.03084223013048626,0.05100830367734277,
630554,20240618900586,01070149,올리패스,244460,최대주주변경,2024-06-18,KOSDAQ,7404.0,7036.0,6197.0,6496.0,-0.04970286331712592,-0.1630199891950297,-0.12263641274986492,
304146,20251121900380,01070149,올리패스,244460,최대주주변경,2025-11-21,KOSDAQ,1651.0,1651.0,1651.0,1651.0,0.0,0.0,0.0,
629947,20240619800833,00540605,이월드,084680,최대주주변경,2024-06-19,KOSPI,1988.0,1971.0,1950.0,1886.0,-0.008551307847082468,-0.019114688128772594,-0.05130784708249492,
629946,20240619800834,00540605,이월드,084680,최대주주등소유주식변동신고서(최대주주변경시),2024-06-19,KOSPI,1988.0,1971.0,1950.0,1886.0,-0.008551307847082468,-0.019114688128772594,-0.05130784708249492,
629112,20240621900247,01080252,넥스틴,348210,최대주주변경을수반하는주식양수도계약체결,2024-06-21,KOSDAQ,70300.0,67600.0,67200.0,69500.0,-0.038406827880512084,-0.04409672830725464,-0.011379800853485111,
594734,20240823900464,01080252,넥스틴,348210,최대주주변경을수반하는주식양수도계약해제ㆍ취소등,2024-08-23,KOSDAQ,50400.0,49800.0,48900.0,48200.0,-0.011904761904761862,-0.029761904761904767,-0.04365079365079361,
572114,20241010900696,01080252,넥스틴,348210,최대주주변경,2024-10-10,KOSDAQ,55500.0,55600.0,56000.0,62800.0,0.0018018018018017834,0.009009009009008917,0.13153153153153152,
627158,20240625900187,00220109,알파AI,043100,최대주주변경,2024-06-25,KOSDAQ,2688.0,2694.0,1951.0,1978.0,0.0022321428571427937,-0.27418154761904767,-0.26413690476190477,
368783,20250714900363,00220109,알파AI,043100,최대주주변경을수반하는주식양수도계약체결,2025-07-14,KOSDAQ,5220.0,4930.0,4800.0,4195.0,-0.05555555555555558,-0.08045977011494254,-0.19636015325670497,
362448,20250729900555,00220109,알파AI,043100,최대주주변경,2025-07-29,KOSDAQ,4905.0,4715.0,4700.0,4490.0,-0.03873598369011211,-0.041794087665647295,-0.08460754332313969,
338468,20250903900404,00220109,알파AI,043100,최대주주변경,2025-09-03,KOSDAQ,1755.0,1747.0,1760.0,1752.0,-0.004558404558404505,0.002849002849002913,-0.0017094017094017033,
626080,20240626900841,00276083,피노,033790,최대주주변경,2024-06-26,KOSDAQ,9710.0,7600.0,7940.0,7150.0,-0.21730175077239955,-0.1822863027806385,-0.26364572605561276,
623517,20240628801191,00153861,태영건설,009410,최대주주변경,2024-06-28,KOSPI,4700.0,4700.0,4700.0,4700.0,0.0,0.0,0.0,
623511,20240628801214,00153861,태영건설,009410,최대주주등소유주식변동신고서(최대주주변경시),2024-06-28,KOSPI,4700.0,4700.0,4700.0,4700.0,0.0,0.0,0.0,
622785,20240701800289,00153861,태영건설,009410,최대주주변경,2024-07-01,KOSPI,4700.0,4700.0,4700.0,4700.0,0.0,0.0,0.0,
622754,20240701800363,00153861,태영건설,009410,최대주주등소유주식변동신고서(최대주주변경시),2024-07-01,KOSPI,4700.0,4700.0,4700.0,4700.0,0.0,0.0,0.0,
622615,20240701800528,01316254,HS효성첨단소재,298050,최대주주등소유주식변동신고서(최대주주변경시),2024-07-01,KOSPI,368000.0,360000.0,350500.0,344000.0,-0.021739130434782594,-0.04755434782608692,-0.06521739130434778,
622602,20240701800533,01316254,HS효성첨단소재,298050,최대주주변경,2024-07-01,KOSPI,368000.0,360000.0,350500.0,344000.0,-0.021739130434782594,-0.04755434782608692,-0.06521739130434778,
622449,20240701800698,00137207,유니켐,011330,최대주주변경,2024-07-01,KOSPI,1667.0,1648.0,1605.0,1658.0,-0.01139772045590881,-0.03719256148770245,-0.005398920215956782,
621820,20240702800579,00137207,유니켐,011330,최대주주등소유주식변동신고서(최대주주변경시),2024-07-02,KOSPI,1648.0,1605.0,1623.0,1684.0,-0.026092233009708754,-0.015169902912621325,0.02184466019417486,
296461,20251202800357,00137207,유니켐,011330,최대주주변경,2025-12-02,KOSPI,1309.0,1303.0,1284.0,1291.0,-0.004583651642475206,-0.01909854851031323,-0.013750954927425507,
621806,20240702900577,00219361,해성산업,034810,최대주주변경을수반하는주식담보제공계약체결,2024-07-02,KOSDAQ,7640.0,7950.0,7960.0,7950.0,0.04057591623036649,0.041884816753926746,0.04057591623036649,
620933,20240704900513,00219361,해성산업,034810,최대주주변경을수반하는주식담보제공계약해제ㆍ취소등,2024-07-04,KOSDAQ,7960.0,7910.0,7910.0,8190.0,-0.006281407035175879,-0.006281407035175879,0.028894472361808976,
621777,20240702900605,01137295,프리시젼바이오,335810,최대주주변경을수반하는주식양수도계약체결,2024-07-02,KOSDAQ,5140.0,4840.0,4505.0,4525.0,-0.05836575875486383,-0.12354085603112841,-0.11964980544747084,
574671,20241002900617,01137295,프리시젼바이오,335810,최대주주변경,2024-10-02,KOSDAQ,3460.0,4495.0,4490.0,3810.0,0.2991329479768785,0.29768786127167624,0.10115606936416177,
619698,20240708900354,00350020,파인디앤씨,049120,최대주주변경,2024-07-08,KOSDAQ,7045.0,7045.0,7070.0,6960.0,0.0,0.0035486160397444344,-0.012065294535131277,
617898,20240711800462,00163761,한창제지,009460,최대주주등소유주식변동신고서(최대주주변경시),2024-07-11,KOSPI,3850.0,3945.0,4015.0,3980.0,0.024675324675324628,0.04285714285714293,0.033766233766233666,
617846,20240711800498,00163761,한창제지,009460,최대주주변경,2024-07-11,KOSPI,3850.0,3945.0,4015.0,3980.0,0.024675324675324628,0.04285714285714293,0.033766233766233666,
617924,20240711900419,01153105,비비씨,318410,최대주주변경을수반하는주식양수도계약체결,2024-07-11,KOSDAQ,12920.0,11350.0,10290.0,9160.0,-0.12151702786377705,-0.20356037151702788,-0.2910216718266254,
583418,20240910900518,01153105,비비씨,318410,최대주주변경,2024-09-10,KOSDAQ,8950.0,9070.0,9080.0,9140.0,0.013407821229050265,0.01452513966480451,0.02122905027932953,
614810,20240719800477,00110608,DSR,155660,최대주주변경,2024-07-19,KOSPI,4400.0,4320.0,4330.0,4230.0,-0.018181818181818188,-0.015909090909090873,-0.03863636363636369,
614795,20240719800496,00110608,DSR,155660,최대주주등소유주식변동신고서(최대주주변경시),2024-07-19,KOSPI,4400.0,4320.0,4330.0,4230.0,-0.018181818181818188,-0.015909090909090873,-0.03863636363636369,
614257,20240722900559,00985686,큐브엔터,182360,최대주주변경,2024-07-22,KOSDAQ,13000.0,14290.0,14150.0,14080.0,0.09923076923076923,0.08846153846153837,0.08307692307692305,
614249,20240722900575,00238001,블루콤,033560,최대주주변경,2024-07-22,KOSDAQ,3105.0,3060.0,3070.0,3050.0,-0.01449275362318836,-0.011272141706924366,-0.017713365539452464,
614200,20240722900633,00526951,신화프리텍,095190,최대주주변경을수반하는주식양수도계약체결,2024-07-22,KOSDAQ,2830.0,2525.0,2425.0,2365.0,-0.107773851590106,-0.14310954063604242,-0.1643109540636042,
540514,20241211900468,00526951,신화프리텍,095190,최대주주변경을수반하는주식양수도계약해제ㆍ취소등,2024-12-11,KOSDAQ,1709.0,1719.0,1770.0,2090.0,0.005851375073142151,0.03569338794616739,0.22293739028671733,
535260,20241217900300,00526951,신화프리텍,095190,최대주주변경을수반하는주식양수도계약체결,2024-12-17,KOSDAQ,1973.0,2090.0,2095.0,2340.0,0.05930055752660923,0.06183476938672072,0.18601115053218442,
530618,20241226900497,00526951,신화프리텍,095190,최대주주변경,2024-12-26,KOSDAQ,2250.0,2250.0,2195.0,2305.0,0.0,-0.02444444444444449,0.02444444444444449,
614178,20240722900666,01336762,스피어,347700,최대주주변경을수반하는주식양수도계약체결,2024-07-22,KOSDAQ,2440.0,2480.0,2690.0,2715.0,0.016393442622950838,0.10245901639344268,0.11270491803278682,
586339,20240903900462,01336762,스피어,347700,최대주주변경,2024-09-03,KOSDAQ,3205.0,3285.0,3155.0,2775.0,0.024960998439937487,-0.015600624024960985,-0.1341653666146646,
490266,20250304901005,01336762,스피어,347700,최대주주변경,2025-03-04,KOSDAQ,7550.0,8000.0,7800.0,7300.0,0.0596026490066226,0.0331125827814569,-0.0331125827814569,
613656,20240723900568,01309388,LS티라유텍,322180,최대주주변경을수반하는주식양수도계약체결,2024-07-23,KOSDAQ,8460.0,6700.0,6060.0,5700.0,-0.20803782505910162,-0.2836879432624113,-0.3262411347517731,
560369,20241107900642,01309388,LS티라유텍,322180,최대주주변경,2024-11-07,KOSDAQ,6090.0,5780.0,5740.0,5350.0,-0.05090311986863716,-0.05747126436781613,-0.12151067323481113,
613191,20240724900584,00683007,엑스큐어,070300,최대주주변경을수반하는주식양수도계약체결,2024-07-24,KOSDAQ,6526.0,6099.0,6099.0,7155.0,-0.06543058535090407,-0.06543058535090407,0.09638369598528951,
586099,20240904900178,00683007,엑스큐어,070300,최대주주변경,2024-09-04,KOSDAQ,3439.0,3659.0,3715.0,3106.0,0.06397208490840356,0.0802558883396336,-0.09683047397499278,
333882,20250915900595,00683007,엑스큐어,070300,최대주주인명목회사·조합등의최대주주변경,2025-09-15,KOSDAQ,1654.0,1690.0,1654.0,1620.0,0.021765417170495738,0.0,-0.02055622732769047,
287215,20251217900852,00683007,엑스큐어,070300,최대주주변경을수반하는주식담보제공계약체결,2025-12-17,KOSDAQ,1346.0,1330.0,1254.0,1278.0,-0.011887072808320909,-0.06835066864784545,-0.050520059435364084,
611106,20240729900749,01575839,플라즈맵,405000,최대주주변경,2024-07-29,KOSDAQ,26694.0,26396.0,25554.0,20552.0,-0.011163557353712439,-0.04270622611822883,-0.2300891586124223,
610160,20240731800169,00406046,HD현대마린엔진,071970,최대주주변경,2024-07-31,KOSPI,23050.0,24600.0,23550.0,21750.0,0.06724511930585675,0.021691973969631295,-0.05639913232104121,
610049,20240731800282,00406046,HD현대마린엔진,071970,최대주주등소유주식변동신고서(최대주주변경시),2024-07-31,KOSPI,23050.0,24600.0,23550.0,21750.0,0.06724511930585675,0.021691973969631295,-0.05639913232104121,
609171,20240801900417,00259545,엠에스오토텍,123040,최대주주변경,2024-08-01,KOSDAQ,4000.0,3895.0,3350.0,3520.0,-0.026249999999999996,-0.16249999999999998,-0.12,
339169,20250901900887,00259545,엠에스오토텍,123040,최대주주변경을수반하는주식담보제공계약체결,2025-09-01,KOSDAQ,2505.0,2485.0,2370.0,2350.0,-0.007984031936127733,-0.053892215568862256,-0.06187624750498999,
328597,20250926900846,00259545,엠에스오토텍,123040,최대주주변경을수반하는주식담보제공계약체결,2025-09-26,KOSDAQ,2330.0,2355.0,2285.0,2225.0,0.010729613733905685,-0.01931330472102999,-0.045064377682403456,
326042,20251001900703,00259545,엠에스오토텍,123040,최대주주변경을수반하는주식담보제공계약해제ㆍ취소등,2025-10-01,KOSDAQ,2260.0,2315.0,2225.0,2320.0,0.02433628318584069,-0.015486725663716783,0.026548672566371723,
9540,20260514901431,00259545,엠에스오토텍,123040,최대주주변경을수반하는주식담보제공계약체결,2026-05-14,KOSDAQ,2275.0,2155.0,2175.0,2155.0,-0.05274725274725278,-0.04395604395604391,-0.05274725274725278,
608697,20240802900379,00403766,한국첨단소재,062970,최대주주변경을수반하는주식양수도계약체결,2024-08-02,KOSDAQ,1371.0,1010.0,1068.0,988.0,-0.2633114514952589,-0.2210065645514223,-0.2793581327498177,
582875,20240911900205,00403766,한국첨단소재,062970,최대주주변경,2024-09-11,KOSDAQ,1280.0,1234.0,1193.0,1098.0,-0.035937499999999956,-0.06796875000000002,-0.14218750000000002,
608058,20240805900864,00626011,아이텍,119830,최대주주변경,2024-08-05,KOSDAQ,5980.0,6530.0,6720.0,6720.0,0.09197324414715724,0.12374581939799323,0.12374581939799323,
607161,20240807900517,00755739,파인테크닉스,106240,최대주주변경,2024-08-07,KOSDAQ,1060.0,1058.0,1127.0,1114.0,-0.0018867924528301883,0.06320754716981125,0.050943396226415194,
491263,20250228901590,00755739,파인테크닉스,106240,최대주주변경을수반하는주식양수도계약체결,2025-02-28,KOSDAQ,1452.0,1887.0,1671.0,1428.0,0.2995867768595042,0.15082644628099184,-0.016528925619834656,
402766,20250512900691,00755739,파인테크닉스,106240,최대주주변경을수반하는주식양수도계약해제ㆍ취소등,2025-05-12,KOSDAQ,1157.0,1069.0,1075.0,1050.0,-0.07605877268798622,-0.07087294727744164,-0.09248055315471049,
312181,20251110900588,00755739,파인테크닉스,106240,최대주주변경을수반하는주식양수도계약체결,2025-11-10,KOSDAQ,1793.0,1457.0,1470.0,1344.0,-0.18739542665923037,-0.18014500836586722,-0.25041829336307864,
282257,20251226900666,00755739,파인테크닉스,106240,최대주주변경,2025-12-26,KOSDAQ,1324.0,1420.0,1388.0,1624.0,0.0725075528700907,0.048338368580060465,0.22658610271903323,
27962,20260415900713,00755739,파인테크닉스,106240,최대주주변경을수반하는주식양수도계약체결,2026-04-15,KOSDAQ,2350.0,2355.0,2415.0,2360.0,0.0021276595744681437,0.027659574468085202,0.004255319148936065,
597396,20240816900396,00264714,SG&G,040610,최대주주변경,2024-08-16,KOSDAQ,3158.0,3120.0,3212.0,3198.0,-0.012032932235592098,0.017099430018999273,0.012666244458517939,
596957,20240819800542,01854763,HS효성,487570,최대주주변경,2024-08-19,KOSPI,47250.0,46850.0,46550.0,46150.0,-0.00846560846560851,-0.014814814814814836,-0.023280423280423235,
596955,20240819800574,01854763,HS효성,487570,최대주주등소유주식변동신고서(최대주주변경시),2024-08-19,KOSPI,47250.0,46850.0,46550.0,46150.0,-0.00846560846560851,-0.014814814814814836,-0.023280423280423235,
597052,20240819900408,01049167,롤링스톤,214610,최대주주변경을수반하는주식양수도계약체결,2024-08-19,KOSDAQ,31435.0,27583.0,26751.0,24877.0,-0.12253857165579762,-0.1490058851598537,-0.20862096389374896,
580586,20240919900002,01049167,롤링스톤,214610,최대주주변경을수반하는주식양수도계약해제ㆍ취소등,2024-09-19,KOSDAQ,14572.0,14541.0,15072.0,18913.0,-0.0021273675542136106,0.03431237990667024,0.29790008234971177,
576241,20240927900824,01049167,롤링스톤,214610,최대주주변경을수반하는주식양수도계약체결,2024-09-27,KOSDAQ,18632.0,19027.0,19027.0,17539.0,0.02120008587376554,0.02120008587376554,-0.058662516101331,
544980,20241202900003,01049167,롤링스톤,214610,최대주주변경,2024-12-02,KOSDAQ,16258.0,15707.0,17570.0,14572.0,-0.03389100750399798,0.08069873293147989,-0.10370279247139869,
528420,20241230900990,01049167,롤링스톤,214610,최대주주변경,2024-12-30,KOSDAQ,14541.0,16102.0,15613.0,17174.0,0.10735162643559581,0.0737225775393715,0.18107420397496732,
363593,20250725900652,01049167,롤링스톤,214610,최대주주변경,2025-07-25,KOSDAQ,5680.0,5520.0,5580.0,5650.0,-0.028169014084507005,-0.017605633802816878,-0.005281690140845119,
363589,20250725900672,01049167,롤링스톤,214610,최대주주변경을수반하는주식담보제공계약체결,2025-07-25,KOSDAQ,5680.0,5520.0,5580.0,5650.0,-0.028169014084507005,-0.017605633802816878,-0.005281690140845119,
596444,20240820900553,00210980,원익,032940,최대주주변경,2024-08-20,KOSDAQ,3785.0,4920.0,4995.0,4460.0,0.29986789960369875,0.3196829590488772,0.17833553500660493,
595317,20240822900431,01136001,나노실리칸첨단소재,286750,최대주주변경을수반하는주식양수도계약체결,2024-08-22,KOSDAQ,1980.0,1946.0,1913.0,1900.0,-0.01717171717171717,-0.03383838383838389,-0.04040404040404044,
559159,20241111900405,01136001,나노실리칸첨단소재,286750,최대주주변경을수반하는주식양수도계약해제ㆍ취소등,2024-11-11,KOSDAQ,1839.0,1349.0,1372.0,1293.0,-0.26644915715062534,-0.2539423599782491,-0.2969004893964111,
541002,20241210900802,01136001,나노실리칸첨단소재,286750,최대주주변경을수반하는주식양수도계약체결,2024-12-10,KOSDAQ,2030.0,1910.0,1893.0,2115.0,-0.059113300492610876,-0.06748768472906408,0.041871921182266014,
517369,20250124900544,01136001,나노실리칸첨단소재,286750,최대주주변경,2025-01-24,KOSDAQ,2265.0,2390.0,2380.0,2335.0,0.05518763796909498,0.050772626931567366,0.030905077262693093,
394158,20250526900486,01136001,나노실리칸첨단소재,286750,최대주주변경,2025-05-26,KOSDAQ,2490.0,2490.0,2540.0,2590.0,0.0,0.02008032128514059,0.04016064257028118,
586609,20240903900307,00442905,디에스엠,104040,최대주주변경,2024-09-03,KOSDAQ,5200.0,5000.0,4920.0,5005.0,-0.038461538461538436,-0.05384615384615388,-0.03749999999999998,
340423,20250829900480,00442905,디에스엠,104040,최대주주변경,2025-08-29,KOSDAQ,5800.0,5710.0,5830.0,5930.0,-0.01551724137931032,0.005172413793103514,0.022413793103448265,
585919,20240904800384,00159500,한국종합기술,023350,최대주주인명목회사의최대주주변경,2024-09-04,KOSPI,4725.0,4690.0,4570.0,4555.0,-0.007407407407407418,-0.032804232804232836,-0.035978835978836,
584806,20240906900321,01210066,리파인,377450,최대주주변경,2024-09-06,KOSDAQ,12560.0,12390.0,12640.0,12750.0,-0.013535031847133783,0.006369426751592355,0.015127388535031816,
543986,20241203900554,01210066,리파인,377450,최대주주변경을수반하는주식양수도계약체결,2024-12-03,KOSDAQ,16640.0,13000.0,12900.0,11900.0,-0.21875,-0.22475961538461542,-0.2848557692307693,
446610,20250402900366,01210066,리파인,377450,최대주주변경,2025-04-02,KOSDAQ,13610.0,13250.0,13680.0,13200.0,-0.02645113886847905,0.005143277002204183,-0.03012490815576785,
584510,20240906900602,00977641,하이로닉,149980,최대주주변경을수반하는주식양수도계약체결,2024-09-06,KOSDAQ,14495.0,14119.0,13130.0,12465.0,-0.025939979303208016,-0.094170403587444,-0.14004829251466022,
550708,20241125900469,00977641,하이로닉,149980,최대주주변경을수반하는주식양수도계약해제ㆍ취소등,2024-11-25,KOSDAQ,10794.0,11033.0,11084.0,9958.0,0.022141930702241908,0.02686677783954039,-0.07745043542708907,
283946,20251223900963,00977641,하이로닉,149980,최대주주변경을수반하는주식담보제공계약체결,2025-12-23,KOSDAQ,8680.0,8680.0,8680.0,8680.0,0.0,0.0,0.0,
582676,20240911800437,00210856,코아스,071950,최대주주변경,2024-09-11,KOSPI,11110.0,11110.0,11110.0,11110.0,0.0,0.0,0.0,
582127,20240912800470,00210856,코아스,071950,최대주주등소유주식변동신고서(최대주주변경시),2024-09-12,KOSPI,11110.0,11110.0,11110.0,11110.0,0.0,0.0,0.0,
334334,20250912800633,00210856,코아스,071950,최대주주변경,2025-09-12,KOSPI,6830.0,6550.0,6470.0,5880.0,-0.040995607613469986,-0.0527086383601757,-0.13909224011713028,
329696,20250925800577,00210856,코아스,071950,최대주주등소유주식변동신고서(최대주주변경시),2025-09-25,KOSPI,5250.0,5170.0,5410.0,4995.0,-0.015238095238095273,0.030476190476190546,-0.0485714285714286,
581043,20240913900562,00604426,인터로조,119610,최대주주변경을수반하는주식담보제공계약체결,2024-09-13,KOSDAQ,18000.0,18000.0,18000.0,18000.0,0.0,0.0,0.0,
325974,20251001900754,00604426,인터로조,119610,최대주주변경을수반하는주식담보제공계약체결,2025-10-01,KOSDAQ,17920.0,17900.0,18960.0,,-0.0011160714285713969,0.05803571428571419,,
576588,20240927900435,00556907,에이스테크,088800,최대주주변경,2024-09-27,KOSDAQ,2511.0,3263.0,2988.0,2711.0,0.2994822779769015,0.1899641577060931,0.07964954201513352,
574801,20241002800383,00126089,DH오토넥스,000300,최대주주변경,2024-10-02,KOSPI,4200.0,4200.0,4200.0,4200.0,0.0,0.0,0.0,
574574,20241002800708,00126089,DH오토넥스,000300,최대주주등소유주식변동신고서(최대주주변경시),2024-10-02,KOSPI,4200.0,4200.0,4200.0,4200.0,0.0,0.0,0.0,
571701,20241011800240,00126089,DH오토넥스,000300,최대주주변경,2024-10-11,KOSPI,4200.0,4200.0,4200.0,4200.0,0.0,0.0,0.0,
571663,20241011800276,00126089,DH오토넥스,000300,최대주주등소유주식변동신고서(최대주주변경시),2024-10-11,KOSPI,4200.0,4200.0,4200.0,4200.0,0.0,0.0,0.0,
573569,20241007800619,00113535,대한해운,005880,최대주주변경,2024-10-07,KOSPI,1935.0,1915.0,1880.0,1860.0,-0.01033591731266148,-0.028423772609819098,-0.03875968992248058,
573580,20241007800623,00113535,대한해운,005880,최대주주등소유주식변동신고서(최대주주변경시),2024-10-07,KOSPI,1935.0,1915.0,1880.0,1860.0,-0.01033591731266148,-0.028423772609819098,-0.03875968992248058,
573576,20241007900553,01259311,푸드나무,290720,최대주주변경을수반하는주식양수도계약체결,2024-10-07,KOSDAQ,4105.0,3490.0,3295.0,3310.0,-0.14981729598051152,-0.19732034104750307,-0.1936662606577345,
545273,20241129900651,01259311,푸드나무,290720,최대주주변경,2024-11-29,KOSDAQ,3040.0,2950.0,2970.0,2960.0,-0.02960526315789469,-0.023026315789473673,-0.02631578947368418,
121235,20260608901074,01259311,푸드나무,290720,최대주주변경,2026-06-08,KOSDAQ,2390.0,2780.0,2705.0,3400.0,0.16317991631799167,0.13179916317991625,0.42259414225941416,
121234,20260608901075,01259311,푸드나무,290720,최대주주변경을수반하는주식담보제공계약체결,2026-06-08,KOSDAQ,2390.0,2780.0,2705.0,3400.0,0.16317991631799167,0.13179916317991625,0.42259414225941416,
573528,20241007900684,01423837,모아데이타,288980,최대주주변경을수반하는주식담보제공계약체결,2024-10-07,KOSDAQ,1603.0,1609.0,1590.0,1549.0,0.0037429819089207506,-0.008109794135994997,-0.03368683718028698,
572858,20241008900620,00252269,아이에이,038880,최대주주변경을수반하는주식담보제공계약체결,2024-10-08,KOSDAQ,2330.0,2290.0,2280.0,2240.0,-0.01716738197424894,-0.02145922746781115,-0.03862660944206009,
526204,20250106900535,00252269,아이에이,038880,최대주주변경을수반하는주식양수도계약체결,2025-01-06,KOSDAQ,2900.0,2710.0,2840.0,2460.0,-0.06551724137931036,-0.020689655172413834,-0.15172413793103445,
520801,20250120900643,00252269,아이에이,038880,최대주주변경,2025-01-20,KOSDAQ,2800.0,2630.0,2570.0,2540.0,-0.06071428571428572,-0.08214285714285718,-0.09285714285714286,
520800,20250120900648,00252269,아이에이,038880,최대주주변경을수반하는주식담보제공계약해제ㆍ취소등,2025-01-20,KOSDAQ,2800.0,2630.0,2570.0,2540.0,-0.06071428571428572,-0.08214285714285718,-0.09285714285714286,
572792,20241008900701,00364254,알티캐스트,085810,최대주주변경을수반하는주식양수도계약체결,2024-10-08,KOSDAQ,8568.0,7263.0,7427.0,6704.0,-0.1523109243697479,-0.13316993464052285,-0.21755368814192344,
539603,20241212900515,00364254,알티캐스트,085810,최대주주변경을수반하는주식양수도계약해제ㆍ취소등,2024-12-12,KOSDAQ,3740.0,4857.0,5175.0,6469.0,0.298663101604278,0.3836898395721926,0.7296791443850268,
537221,20241213902023,00364254,알티캐스트,085810,최대주주변경을수반하는주식양수도계약체결,2024-12-13,KOSDAQ,4857.0,5175.0,5351.0,6968.0,0.06547251389746767,0.1017088737904055,0.4346304303067736,
520243,20250121900238,00364254,알티캐스트,085810,최대주주변경,2025-01-21,KOSDAQ,7833.0,7680.0,7551.0,,-0.019532746074301,-0.03600153198008427,,
572517,20241010900233,00141389,KZ정밀,036560,최대주주변경을수반하는주식담보제공계약체결,2024-10-10,KOSDAQ,31250.0,29200.0,30750.0,30850.0,-0.06559999999999999,-0.016000000000000014,-0.012800000000000034,
567225,20241023900549,00141389,KZ정밀,036560,최대주주변경,2024-10-23,KOSDAQ,20000.0,26000.0,22700.0,19000.0,0.30000000000000004,0.135,-0.050000000000000044,
567226,20241023900550,00141389,KZ정밀,036560,최대주주변경을수반하는주식담보제공계약해제ㆍ취소등,2024-10-23,KOSDAQ,20000.0,26000.0,22700.0,19000.0,0.30000000000000004,0.135,-0.050000000000000044,
567224,20241023900572,00141389,KZ정밀,036560,최대주주변경을수반하는주식담보제공계약체결,2024-10-23,KOSDAQ,20000.0,26000.0,22700.0,19000.0,0.30000000000000004,0.135,-0.050000000000000044,
569384,20241017900345,00365590,HLB생명과학,067630,최대주주변경을수반하는주식담보제공계약체결,2024-10-17,KOSDAQ,9190.0,9090.0,9340.0,8750.0,-0.01088139281828071,0.016322089227421177,-0.04787812840043526,
561454,20241105900464,00365590,HLB생명과학,067630,최대주주변경을수반하는주식담보제공계약해제ㆍ취소등,2024-11-05,KOSDAQ,8920.0,8720.0,8500.0,8280.0,-0.022421524663677084,-0.047085201793722,-0.0717488789237668,
568185,20241021800528,00132628,성문전자,014910,최대주주변경,2024-10-21,KOSPI,1227.0,1200.0,1222.0,1246.0,-0.022004889975550168,-0.004074979625101838,0.015484922575387028,
563635,20241031800096,00132628,성문전자,014910,최대주주등소유주식변동신고서(최대주주변경시),2024-10-31,KOSPI,1251.0,1241.0,1251.0,1237.0,-0.007993605115907298,0.0,-0.011191047162270151,
563182,20241031900588,00327396,옵트론텍,082210,최대주주변경,2024-10-31,KOSDAQ,2120.0,2095.0,2105.0,2105.0,-0.011792452830188704,-0.007075471698113178,-0.007075471698113178,
562988,20241031900826,01357765,큐라티스,348080,최대주주변경,2024-10-31,KOSDAQ,937.0,876.0,876.0,831.0,-0.06510138740661686,-0.06510138740661686,-0.11312700106723583,
481516,20250312901934,01357765,큐라티스,348080,최대주주변경,2025-03-12,KOSDAQ,607.0,690.0,666.0,599.0,0.13673805601317968,0.0971993410214167,-0.01317957166392092,
562994,20241031900831,00983916,HLB제넥스,187420,최대주주변경을수반하는주식담보제공계약체결,2024-10-31,KOSDAQ,4655.0,4290.0,4325.0,4010.0,-0.07841031149301825,-0.0708915145005371,-0.13856068743286787,
539170,20241212900998,00983916,HLB제넥스,187420,최대주주변경,2024-12-12,KOSDAQ,4195.0,4175.0,4260.0,4205.0,-0.004767580452920139,0.015494636471990564,0.0023837902264600697,
539146,20241212901032,00983916,HLB제넥스,187420,최대주주변경을수반하는주식담보제공계약해제ㆍ취소등,2024-12-12,KOSDAQ,4195.0,4175.0,4260.0,4205.0,-0.004767580452920139,0.015494636471990564,0.0023837902264600697,
562346,20241101900605,00210740,대화제약,067080,최대주주변경,2024-11-01,KOSDAQ,15550.0,16020.0,15560.0,14760.0,0.030225080385852143,0.0006430868167202064,-0.0508038585209003,
562336,20241101900618,00210740,대화제약,067080,최대주주변경을수반하는주식담보제공계약해제ㆍ취소등,2024-11-01,KOSDAQ,15550.0,16020.0,15560.0,14760.0,0.030225080385852143,0.0006430868167202064,-0.0508038585209003,
560471,20241107800563,00173102,모나리자,012690,최대주주인명목회사의최대주주변경,2024-11-07,KOSPI,4045.0,3330.0,3105.0,2880.0,-0.17676143386897403,-0.23238566131025962,-0.2880098887515451,
481608,20250312801820,00173102,모나리자,012690,최대주주인명목회사의최대주주변경,2025-03-12,KOSPI,2880.0,2860.0,2845.0,2860.0,-0.00694444444444442,-0.01215277777777779,-0.00694444444444442,
560611,20241107900407,01014718,제노코,361390,최대주주변경을수반하는주식양수도계약체결,2024-11-07,KOSDAQ,22100.0,18510.0,20800.0,20800.0,-0.16244343891402713,-0.05882352941176472,-0.05882352941176472,
374016,20250701900331,01014718,제노코,361390,최대주주변경,2025-07-01,KOSDAQ,19270.0,18660.0,18140.0,18000.0,-0.03165542293720813,-0.058640373637778964,-0.06590555267254805,
559638,20241108900811,00411808,제이오,418550,최대주주변경을수반하는주식양수도계약체결,2024-11-08,KOSDAQ,20600.0,17950.0,17200.0,14130.0,-0.12864077669902918,-0.16504854368932043,-0.31407766990291264,
515705,20250203901272,00411808,제이오,418550,최대주주변경을수반하는주식양수도계약해제ㆍ취소등,2025-02-03,KOSDAQ,13090.0,12950.0,13010.0,13210.0,-0.010695187165775444,-0.006111535523300238,0.009167303284950412,
547422,20241128900824,01381984,SKAI,357880,최대주주변경,2024-11-28,KOSDAQ,3135.0,3135.0,3155.0,2970.0,0.0,0.006379585326953707,-0.052631578947368474,
545603,20241129900445,01405451,알체라,347860,최대주주변경,2024-11-29,KOSDAQ,1628.0,1724.0,1741.0,1615.0,0.05896805896805901,0.0694103194103195,-0.007985257985257954,
543753,20241204900252,00992543,LK삼양,225190,최대주주변경,2024-12-04,KOSDAQ,2766.0,2797.0,2617.0,2680.0,0.01120751988430957,-0.053868402024584205,-0.03109182935647148,
541703,20241209900660,00577335,대성하이텍,129920,최대주주변경,2024-12-09,KOSDAQ,3105.0,3330.0,3500.0,3555.0,0.07246376811594213,0.12721417069243146,0.14492753623188404,
541642,20241210900004,00577335,대성하이텍,129920,최대주주변경을수반하는주식담보제공계약체결,2024-12-10,KOSDAQ,3330.0,3500.0,3500.0,3550.0,0.05105105105105112,0.05105105105105112,0.06606606606606613,
541010,20241210800795,00111111,대양금속,009190,최대주주등소유주식변동신고서(최대주주변경시),2024-12-10,KOSPI,1595.0,1695.0,1670.0,1675.0,0.06269592476489039,0.047021943573667624,0.050156739811912265,
541000,20241210800817,00111111,대양금속,009190,최대주주변경,2024-12-10,KOSPI,1595.0,1695.0,1670.0,1675.0,0.06269592476489039,0.047021943573667624,0.050156739811912265,
325830,20251001800920,00111111,대양금속,009190,최대주주변경,2025-10-01,KOSPI,1593.0,1558.0,1560.0,,-0.021971123666038928,-0.020715630885122405,,
325828,20251001800951,00111111,대양금속,009190,최대주주등소유주식변동신고서(최대주주변경시),2025-10-01,KOSPI,1593.0,1558.0,1560.0,,-0.021971123666038928,-0.020715630885122405,,
541115,20241210900673,01032583,강동씨앤엘,198440,최대주주변경을수반하는주식양수도계약체결,2024-12-10,KOSDAQ,1119.0,1183.0,1184.0,1225.0,0.05719392314566574,0.05808757819481669,0.09472743521000893,
524718,20250109900503,01032583,강동씨앤엘,198440,최대주주변경,2025-01-09,KOSDAQ,1235.0,1242.0,1245.0,1402.0,0.005668016194331882,0.00809716599190291,0.13522267206477734,
539586,20241212800539,01475609,디앤디플랫폼리츠,377190,최대주주변경,2024-12-12,KOSPI,2910.0,2835.0,2790.0,2960.0,-0.02577319587628868,-0.04123711340206182,0.01718213058419238,
539426,20241212800707,00138792,아시아나항공,020560,최대주주변경,2024-12-12,KOSPI,10090.0,10280.0,10120.0,9910.0,0.01883052527254714,0.0029732408325073845,-0.01783944499504464,
533572,20241219800624,00138792,아시아나항공,020560,최대주주등소유주식변동신고서(최대주주변경시),2024-12-19,KOSPI,9910.0,10110.0,10000.0,10180.0,0.020181634712411745,0.00908173562058523,0.02724520686175591,
539105,20241212901076,00694942,이미지스,115610,최대주주변경을수반하는주식양수도계약체결,2024-12-12,KOSDAQ,5542.0,5115.0,5161.0,5151.0,-0.07704799711295562,-0.06874774449657162,-0.07055214723926384,
497091,20250226900656,00694942,이미지스,115610,최대주주변경을수반하는주식양수도계약해제ㆍ취소등,2025-02-26,KOSDAQ,3960.0,3824.0,3678.0,3470.0,-0.03434343434343434,-0.07121212121212117,-0.1237373737373737,
535575,20241216801793,01430475,코람코라이프인프라리츠,357120,최대주주변경,2024-12-16,KOSPI,4050.0,4025.0,4025.0,4040.0,-0.006172839506172867,-0.006172839506172867,-0.0024691358024691024,
535508,20241216901895,00495633,율촌,146060,최대주주변경,2024-12-16,KOSDAQ,1102.0,1118.0,1124.0,1121.0,0.014519056261343088,0.019963702359346636,0.01724137931034475,
534349,20241218800499,00137252,사조동아원,008040,최대주주등소유주식변동신고서(최대주주변경시),2024-12-18,KOSPI,991.0,993.0,975.0,993.0,0.0020181634712410634,-0.016145307769929396,0.0020181634712410634,
534269,20241218900543,01335790,바이젠셀,308080,최대주주변경을수반하는주식양수도계약체결,2024-12-18,KOSDAQ,3260.0,3070.0,2585.0,2365.0,-0.05828220858895705,-0.2070552147239264,-0.27453987730061347,
518604,20250123900689,01335790,바이젠셀,308080,최대주주변경,2025-01-23,KOSDAQ,2510.0,2525.0,2475.0,,0.005976095617529875,-0.013944223107569709,,
533929,20241219900192,00145668,이화공영,001840,최대주주변경을수반하는주식담보제공계약체결,2024-12-19,KOSDAQ,4077.0,3988.0,4022.0,3817.0,-0.021829776796664202,-0.013490311503556507,-0.06377238165317634,
374927,20250630900468,00145668,이화공영,001840,최대주주변경을수반하는주식담보제공계약해제ㆍ취소등,2025-06-30,KOSDAQ,2215.0,2215.0,2215.0,2215.0,0.0,0.0,0.0,
253221,20260212901582,00145668,이화공영,001840,최대주주변경을수반하는주식양수도계약체결,2026-02-12,KOSDAQ,2215.0,2215.0,2215.0,2215.0,0.0,0.0,0.0,
250503,20260213901925,00145668,이화공영,001840,최대주주변경,2026-02-13,KOSDAQ,2215.0,2215.0,2215.0,2215.0,0.0,0.0,0.0,
530351,20241226900858,00554352,아이큐어,175250,최대주주변경을수반하는주식담보제공계약체결,2024-12-26,KOSDAQ,1768.0,1741.0,1815.0,1897.0,-0.015271493212669629,0.026583710407239725,0.07296380090497734,
526725,20250103800509,00161125,한온시스템,018880,최대주주변경,2025-01-03,KOSPI,3741.0,3834.0,4103.0,4038.0,0.024859663191659997,0.09676557070302061,0.07939053728949474,
524089,20250110800477,00161125,한온시스템,018880,최대주주등소유주식변동신고서(최대주주변경시),2025-01-10,KOSPI,4038.0,4071.0,4085.0,4080.0,0.008172362555720625,0.011639425458147556,0.010401188707280795,
525776,20250107800434,00486705,아주스틸,139990,최대주주변경,2025-01-07,KOSPI,4100.0,4175.0,4100.0,3975.0,0.018292682926829285,0.0,-0.030487804878048808,
525677,20250107800599,00486705,아주스틸,139990,최대주주등소유주식변동신고서(최대주주변경시),2025-01-07,KOSPI,4100.0,4175.0,4100.0,3975.0,0.018292682926829285,0.0,-0.030487804878048808,
525263,20250108900441,00180263,리더스코스메틱,016100,최대주주변경을수반하는주식담보제공계약체결,2025-01-08,KOSDAQ,2585.0,2600.0,2580.0,2465.0,0.005802707930367523,-0.0019342359767892114,-0.046421663442940075,
517329,20250124900924,01344336,신테카바이오,226330,최대주주변경을수반하는주식담보제공계약체결,2025-01-24,KOSDAQ,6016.0,6024.0,5598.0,7196.0,0.0013297872340425343,-0.06948138297872342,0.1961436170212767,
334437,20250912900491,01344336,신테카바이오,226330,최대주주변경을수반하는주식담보제공계약해제ㆍ취소등,2025-09-12,KOSDAQ,4543.0,3639.0,3644.0,3677.0,-0.19898745322474132,-0.19788685890380808,-0.1906229363856482,
292963,20251210900760,01344336,신테카바이오,226330,최대주주변경을수반하는주식담보제공계약체결,2025-12-10,KOSDAQ,4035.0,4100.0,4170.0,3900.0,0.01610904584882289,0.03345724907063197,-0.03345724907063197,
285237,20251222900539,01344336,신테카바이오,226330,최대주주변경을수반하는주식담보제공계약해제ㆍ취소등,2025-12-22,KOSDAQ,4345.0,4075.0,4000.0,3895.0,-0.06214039125431525,-0.07940161104718069,-0.10356731875719216,
129688,20260528901045,01344336,신테카바이오,226330,최대주주변경을수반하는주식담보제공계약체결,2026-05-28,KOSDAQ,2365.0,2160.0,2030.0,2055.0,-0.08668076109936573,-0.14164904862579286,-0.13107822410147996,
516018,20250203800777,00107677,비비안,002070,최대주주변경,2025-02-03,KOSPI,884.0,867.0,863.0,854.0,-0.019230769230769273,-0.02375565610859731,-0.0339366515837104,
515996,20250203800852,00107677,비비안,002070,최대주주등소유주식변동신고서(최대주주변경시),2025-02-03,KOSPI,884.0,867.0,863.0,854.0,-0.019230769230769273,-0.02375565610859731,-0.0339366515837104,
514157,20250205901030,00313649,현대바이오,048410,최대주주변경을수반하는주식담보제공계약체결,2025-02-05,KOSDAQ,6225.0,6290.0,6190.0,7050.0,0.010441767068273045,-0.005622489959839383,0.1325301204819278,
429049,20250408900972,00313649,현대바이오,048410,최대주주변경을수반하는주식담보제공계약해제ㆍ취소등,2025-04-08,KOSDAQ,4940.0,5295.0,5725.0,5550.0,0.07186234817813775,0.1589068825910931,0.12348178137651833,
509117,20250212900546,00480783,상신이디피,091580,최대주주변경,2025-02-12,KOSDAQ,7080.0,7940.0,7820.0,8410.0,0.12146892655367236,0.10451977401129953,0.18785310734463279,
508794,20250212900764,01409095,비트맥스,377030,최대주주변경,2025-02-12,KOSDAQ,5988.0,6140.0,7569.0,9552.0,0.025384101536406245,0.26402805611222435,0.5951903807615231,
508614,20250212901133,01845534,대신밸런스제19호스팩,482690,최대주주변경,2025-02-12,KOSDAQ,2025.0,2025.0,2025.0,2025.0,0.0,0.0,0.0,
496945,20250226900778,01845534,대신밸런스제19호스팩,482690,최대주주변경,2025-02-26,KOSDAQ,2040.0,2040.0,2045.0,2040.0,0.0,0.002450980392156854,0.0,
266061,20260129901106,01845534,대신밸런스제19호스팩,482690,최대주주변경,2026-01-29,KOSDAQ,2165.0,2165.0,2155.0,2165.0,0.0,-0.004618937644341847,0.0,
506431,20250214900002,00397252,조이시티,067000,최대주주변경을수반하는주식담보제공계약체결,2025-02-14,KOSDAQ,1535.0,1540.0,1557.0,1660.0,0.0032573289902280145,0.014332247557003353,0.08143322475570036,
367491,20250717900192,00397252,조이시티,067000,최대주주변경을수반하는주식담보제공계약해제ㆍ취소등,2025-07-17,KOSDAQ,2280.0,2250.0,2260.0,2010.0,-0.013157894736842146,-0.00877192982456143,-0.11842105263157898,
504768,20250214901036,00226866,인탑스,049070,최대주주변경,2025-02-14,KOSDAQ,20850.0,21000.0,21050.0,20000.0,0.007194244604316502,0.00959232613908867,-0.04076738609112707,
504303,20250214901518,01105621,엔투텍,227950,최대주주변경을수반하는주식양수도계약체결,2025-02-14,KOSDAQ,2490.0,2280.0,2310.0,2270.0,-0.08433734939759041,-0.07228915662650603,-0.08835341365461846,
459529,20250328902437,01105621,엔투텍,227950,최대주주변경,2025-03-28,KOSDAQ,1795.0,1795.0,1770.0,1800.0,0.0,-0.013927576601671321,0.0027855153203342198,
491315,20250228901554,00525882,크레버스,096240,최대주주변경을수반하는주식담보제공계약해제ㆍ취소등,2025-02-28,KOSDAQ,15040.0,15040.0,15160.0,15240.0,0.0,0.007978723404255428,0.013297872340425565,
283978,20251223900894,00525882,크레버스,096240,최대주주변경을수반하는주식담보제공계약체결,2025-12-23,KOSDAQ,12810.0,12790.0,12780.0,12230.0,-0.0015612802498048417,-0.0023419203747072626,-0.04527712724434041,
489837,20250305900452,01841635,미래에셋비전스팩7호,482680,최대주주변경,2025-03-05,KOSDAQ,1986.0,1985.0,1987.0,1989.0,-0.000503524672708977,0.000503524672708977,0.0015105740181269312,
319973,20251023900529,01841635,미래에셋비전스팩7호,482680,최대주주변경,2025-10-23,KOSDAQ,2010.0,2010.0,2010.0,2010.0,0.0,0.0,0.0,
485140,20250310801324,01532603,화승알앤에이,378850,최대주주등소유주식변동신고서(최대주주변경시),2025-03-10,KOSPI,3180.0,3165.0,3230.0,3160.0,-0.004716981132075526,0.01572327044025168,-0.0062893081761006275,
485014,20250310801486,01532603,화승알앤에이,378850,최대주주변경,2025-03-10,KOSPI,3180.0,3165.0,3230.0,3160.0,-0.004716981132075526,0.01572327044025168,-0.0062893081761006275,
483209,20250311902038,00862853,플레이디,237820,최대주주변경을수반하는주식양수도계약체결,2025-03-11,KOSDAQ,6050.0,5890.0,5840.0,5700.0,-0.026446280991735516,-0.034710743801652844,-0.05785123966942152,
441661,20250403900753,00862853,플레이디,237820,최대주주변경,2025-04-03,KOSDAQ,5310.0,5460.0,5050.0,5230.0,0.02824858757062154,-0.048964218455743835,-0.015065913370998163,
483170,20250311902110,01290248,스코넥,276040,최대주주변경을수반하는주식양수도계약체결,2025-03-11,KOSDAQ,4378.0,4095.0,3843.0,3772.0,-0.06464138876199177,-0.12220191868433072,-0.13841936957514844,
463538,20250326902768,01290248,스코넥,276040,최대주주변경,2025-03-26,KOSDAQ,3891.0,3683.0,3670.0,3449.0,-0.0534566949370342,-0.05679773837059887,-0.11359547674119763,
480124,20250313901540,00117708,리드코프,012700,최대주주변경을수반하는주식담보제공계약해제ㆍ취소등,2025-03-13,KOSDAQ,3950.0,3990.0,3975.0,3950.0,0.010126582278481067,0.006329113924050667,0.0,
476951,20250314802290,00102858,고려아연,010130,최대주주변경,2025-03-14,KOSPI,913000.0,893000.0,882000.0,848000.0,-0.02190580503833517,-0.033953997809419545,-0.07119386637458924,
467117,20250324801115,00102858,고려아연,010130,최대주주등소유주식변동신고서(최대주주변경시),2025-03-24,KOSPI,819000.0,824000.0,849000.0,778000.0,0.006105006105006083,0.03663003663003672,-0.050061050061050105,
477185,20250314901863,00249894,테라젠이텍스,066700,최대주주변경,2025-03-14,KOSDAQ,3125.0,3130.0,3140.0,3070.0,0.0016000000000000458,0.0047999999999999154,-0.01759999999999995,
475641,20250317901375,01854392,유진스팩11호,488060,최대주주변경,2025-03-17,KOSDAQ,2015.0,2015.0,2015.0,2005.0,0.0,0.0,-0.00496277915632759,
472920,20250319901169,00808086,HLB펩,196300,최대주주변경,2025-03-19,KOSDAQ,11110.0,10000.0,9490.0,9050.0,-0.09990999099909992,-0.14581458145814585,-0.18541854185418538,
470548,20250320902468,01136977,마녀공장,439090,최대주주변경을수반하는주식양수도계약체결,2025-03-20,KOSDAQ,18830.0,19060.0,19420.0,19120.0,0.01221455124800852,0.031332979288369645,0.015400955921402115,
405945,20250430901478,01136977,마녀공장,439090,최대주주변경,2025-04-30,KOSDAQ,18390.0,18880.0,19120.0,19270.0,0.026644915715062556,0.03969548667754208,0.04785209352909181,
467023,20250324901227,00545734,아미코젠,092040,최대주주변경,2025-03-24,KOSDAQ,3510.0,3580.0,3790.0,3580.0,0.019943019943019946,0.07977207977207978,0.019943019943019946,
414076,20250418900009,00545734,아미코젠,092040,최대주주변경,2025-04-18,KOSDAQ,3385.0,3385.0,3365.0,3390.0,0.0,-0.005908419497784312,0.001477104874446189,
465611,20250325901430,01215618,와이엠텍,273640,최대주주변경을수반하는주식양수도계약체결,2025-03-25,KOSDAQ,10670.0,10920.0,10620.0,10220.0,0.023430178069353325,-0.004686035613870709,-0.04217432052483594,
453468,20250331903810,01215618,와이엠텍,273640,최대주주변경,2025-03-31,KOSDAQ,10050.0,10220.0,10020.0,8940.0,0.01691542288557213,-0.0029850746268657025,-0.11044776119402988,
458562,20250328903603,00370200,아이로보틱스,066430,최대주주변경을수반하는주식양수도계약체결,2025-03-28,KOSDAQ,1093.0,1095.0,1283.0,1148.0,0.0018298261665141702,0.17383348581884728,0.0503202195791399,
453456,20250331903861,00370200,아이로보틱스,066430,최대주주변경,2025-03-31,KOSDAQ,1095.0,1283.0,1300.0,1034.0,0.171689497716895,0.18721461187214605,-0.055707762557077656,
445195,20250402900876,00370200,아이로보틱스,066430,최대주주변경,2025-04-02,KOSDAQ,1300.0,1305.0,1148.0,1008.0,0.0038461538461538325,-0.11692307692307691,-0.22461538461538466,
448985,20250401901210,01152586,유일로보틱스,388720,투자판단관련주요경영사항              (최대주주 변경을 수반하는 콜옵션 조건이 포함된 주주간계약의 체결),2025-04-01,KOSDAQ,61700.0,72300.0,92600.0,75100.0,0.17179902755267418,0.5008103727714748,0.21717990275526744,
439534,20250404800530,00140964,영원무역홀딩스,009970,최대주주변경,2025-04-04,KOSPI,88000.0,86900.0,85400.0,90200.0,-0.012499999999999956,-0.02954545454545454,0.02499999999999991,
438987,20250404800646,00140964,영원무역홀딩스,009970,최대주주등소유주식변동신고서(최대주주변경시),2025-04-04,KOSPI,88000.0,86900.0,85400.0,90200.0,-0.012499999999999956,-0.02954545454545454,0.02499999999999991,
432894,20250407901062,00384887,에이테크솔루션,071670,최대주주변경,2025-04-07,KOSDAQ,5270.0,5260.0,5250.0,5850.0,-0.00189753320683117,-0.003795066413662229,0.11005692599620498,
432532,20250407901330,00896753,에코글로우,159910,최대주주변경을수반하는주식담보제공계약체결,2025-04-07,KOSDAQ,4785.0,4655.0,4525.0,4800.0,-0.027168234064785746,-0.0543364681295716,0.0031347962382444194,
422848,20250410901170,00660459,나노씨엠에스,247660,최대주주변경,2025-04-10,KOSDAQ,4900.0,4645.0,4770.0,4920.0,-0.05204081632653057,-0.026530612244897944,0.004081632653061273,
416787,20250414800468,00587466,KPX홀딩스,092230,최대주주등소유주식변동신고서(최대주주변경시),2025-04-14,KOSPI,56100.0,56300.0,56500.0,57500.0,0.0035650623885918886,0.007130124777183555,0.024955436720142554,
416640,20250414800508,00587466,KPX홀딩스,092230,최대주주변경,2025-04-14,KOSPI,56100.0,56300.0,56500.0,57500.0,0.0035650623885918886,0.007130124777183555,0.024955436720142554,
416855,20250414900432,01223219,에이에프더블류,312610,최대주주변경,2025-04-14,KOSDAQ,1200.0,1242.0,1262.0,1330.0,0.03499999999999992,0.05166666666666675,0.10833333333333339,
415473,20250415900764,00243067,부방,014470,최대주주변경을수반하는주식담보제공계약해제ㆍ취소등,2025-04-15,KOSDAQ,2220.0,2125.0,2100.0,2345.0,-0.0427927927927928,-0.05405405405405406,0.056306306306306286,
414941,20250416900599,01160512,헝셩그룹,900270,최대주주변경,2025-04-16,KOSDAQ,2251.0,2291.0,2271.0,2291.0,0.017769880053309706,0.008884940026654853,0.017769880053309706,
412296,20250422900548,00879020,유니트론텍,142210,투자판단관련주요경영사항              (최대주주 변경을 수반하는 거래에 관한 양해각서(Binding MOU) 체결의 건),2025-04-22,KOSDAQ,6570.0,6050.0,6070.0,5810.0,-0.0791476407914764,-0.076103500761035,-0.1156773211567732,
375626,20250627900882,00879020,유니트론텍,142210,투자판단관련주요경영사항              (최대주주 변경을 수반하는 옵션 조건이 포함된 주식양수도 계약의 체),2025-06-27,KOSDAQ,6700.0,6280.0,6240.0,5950.0,-0.06268656716417909,-0.06865671641791049,-0.11194029850746268,
333474,20250916900457,00879020,유니트론텍,142210,최대주주변경을수반하는주식담보제공계약체결,2025-09-16,KOSDAQ,6640.0,6430.0,6580.0,6510.0,-0.031626506024096335,-0.009036144578313254,-0.01957831325301207,
411682,20250423800762,00116268,동성제약,002210,최대주주변경,2025-04-23,KOSPI,2005.0,1992.0,1750.0,1860.0,-0.006483790523690747,-0.1271820448877805,-0.07231920199501252,
408955,20250428800820,00116268,동성제약,002210,최대주주등소유주식변동신고서(최대주주변경시),2025-04-28,KOSPI,1765.0,1757.0,1860.0,1390.0,-0.004532577903682666,0.053824362606232246,-0.21246458923512745,
72405,20260331800434,00116268,동성제약,002210,최대주주변경,2026-03-31,KOSPI,973.0,973.0,973.0,973.0,0.0,0.0,0.0,
63902,20260401800868,00116268,동성제약,002210,최대주주등소유주식변동신고서(최대주주변경시),2026-04-01,KOSPI,973.0,973.0,973.0,973.0,0.0,0.0,0.0,
407910,20250429900889,01067808,넵튠,217270,최대주주변경을수반하는주식양수도계약체결,2025-04-29,KOSDAQ,8700.0,7360.0,7300.0,6830.0,-0.15402298850574714,-0.16091954022988508,-0.21494252873563213,
370547,20250709900475,01067808,넵튠,217270,최대주주변경,2025-07-09,KOSDAQ,9260.0,9010.0,8630.0,7810.0,-0.02699784017278617,-0.06803455723542118,-0.1565874730021598,
406514,20250430800887,00160588,한화,000880,최대주주등소유주식변동신고서(최대주주변경시),2025-04-30,KOSPI,48150.0,48900.0,48750.0,48900.0,0.015576323987538832,0.012461059190031154,0.015576323987538832,
406468,20250430800914,00160588,한화,000880,최대주주변경,2025-04-30,KOSPI,48150.0,48900.0,48750.0,48900.0,0.015576323987538832,0.012461059190031154,0.015576323987538832,
403087,20250512900287,00136101,메이슨캐피탈,021880,최대주주변경을수반하는주식양수도계약체결,2025-05-12,KOSDAQ,325.0,383.0,375.0,395.0,0.17846153846153845,0.15384615384615374,0.21538461538461529,
399292,20250515901239,00136101,메이슨캐피탈,021880,최대주주변경,2025-05-15,KOSDAQ,487.0,458.0,395.0,394.0,-0.05954825462012325,-0.18891170431211501,-0.19096509240246407,
397967,20250515902670,00136101,메이슨캐피탈,021880,최대주주변경을수반하는주식담보제공계약체결,2025-05-15,KOSDAQ,487.0,458.0,395.0,394.0,-0.05954825462012325,-0.18891170431211501,-0.19096509240246407,
275355,20260109900495,00136101,메이슨캐피탈,021880,최대주주변경을수반하는주식담보제공계약해제ㆍ취소등,2026-01-09,KOSDAQ,247.0,248.0,244.0,239.0,0.004048582995951344,-0.012145748987854255,-0.03238866396761131,
275347,20260109900545,00136101,메이슨캐피탈,021880,최대주주변경을수반하는주식담보제공계약체결,2026-01-09,KOSDAQ,247.0,248.0,244.0,239.0,0.004048582995951344,-0.012145748987854255,-0.03238866396761131,
402708,20250512900799,01288827,HPSP,403870,최대주주변경,2025-05-12,KOSDAQ,23450.0,23850.0,24400.0,22150.0,0.017057569296375252,0.04051172707889128,-0.05543710021321957,
396925,20250516900571,01288827,HPSP,403870,최대주주변경을수반하는주식담보제공계약체결,2025-05-16,KOSDAQ,23350.0,22150.0,22250.0,21300.0,-0.051391862955032175,-0.047109207708779466,-0.08779443254817987,
400445,20250515900262,00838005,서진시스템,178320,최대주주변경을수반하는주식담보제공계약체결,2025-05-15,KOSDAQ,22500.0,23100.0,23350.0,23650.0,0.026666666666666616,0.03777777777777769,0.05111111111111111,
358815,20250805900484,00838005,서진시스템,178320,최대주주변경을수반하는주식담보제공계약해제ㆍ취소등,2025-08-05,KOSDAQ,21500.0,21950.0,21850.0,21250.0,0.020930232558139528,0.016279069767441756,-0.011627906976744207,
267992,20260127900482,00838005,서진시스템,178320,최대주주변경을수반하는주식담보제공계약체결,2026-01-27,KOSDAQ,35200.0,34600.0,38200.0,36450.0,-0.017045454545454586,0.08522727272727271,0.035511363636363535,
118176,20260612900896,00838005,서진시스템,178320,최대주주변경을수반하는주식담보제공계약해제ㆍ취소등,2026-06-12,KOSDAQ,75100.0,78200.0,74300.0,67500.0,0.04127829560585883,-0.010652463382157085,-0.10119840213049269,
394740,20250523900371,00206659,이랜텍,054210,최대주주변경,2025-05-23,KOSDAQ,5150.0,5150.0,5120.0,5120.0,0.0,-0.005825242718446644,-0.005825242718446644,
393469,20250527800335,00161709,퍼시스,016800,최대주주등소유주식변동신고서(최대주주변경시),2025-05-27,KOSPI,43750.0,43750.0,43750.0,44000.0,0.0,0.0,0.005714285714285783,
393459,20250527800347,00161709,퍼시스,016800,최대주주변경,2025-05-27,KOSPI,43750.0,43750.0,43750.0,44000.0,0.0,0.0,0.005714285714285783,
393454,20250527900346,00367482,빛과전자,069540,최대주주변경을수반하는주식양수도계약체결,2025-05-27,KOSDAQ,965.0,1254.0,1290.0,1264.0,0.299481865284974,0.33678756476683946,0.3098445595854922,
365601,20250722900451,00367482,빛과전자,069540,최대주주변경,2025-07-22,KOSDAQ,1350.0,1346.0,1271.0,1174.0,-0.002962962962962945,-0.058518518518518525,-0.13037037037037036,
266069,20260129901075,00367482,빛과전자,069540,최대주주변경,2026-01-29,KOSDAQ,1680.0,1516.0,1548.0,1312.0,-0.0976190476190476,-0.07857142857142863,-0.21904761904761905,
265705,20260130900002,00367482,빛과전자,069540,최대주주변경을수반하는주식담보제공계약체결,2026-01-30,KOSDAQ,1516.0,1548.0,1509.0,1235.0,0.02110817941952514,-0.00461741424802109,-0.18535620052770452,
392691,20250528900340,00295547,디지아이,043360,최대주주변경,2025-05-28,KOSDAQ,2250.0,2125.0,2205.0,2285.0,-0.05555555555555558,-0.020000000000000018,0.015555555555555545,
389480,20250530800702,00142865,WISCOM,024070,최대주주변경,2025-05-30,KOSPI,1980.0,1999.0,1990.0,2005.0,0.009595959595959602,0.005050505050504972,0.012626262626262541,
389455,20250530800732,00142865,WISCOM,024070,최대주주등소유주식변동신고서(최대주주변경시),2025-05-30,KOSPI,1980.0,1999.0,1990.0,2005.0,0.009595959595959602,0.005050505050504972,0.012626262626262541,
389293,20250530800750,00103042,케이씨티시,009070,최대주주변경,2025-05-30,KOSPI,3975.0,4010.0,4080.0,4150.0,0.008805031446540879,0.026415094339622636,0.04402515723270439,
389263,20250530800802,00103042,케이씨티시,009070,최대주주등소유주식변동신고서(최대주주변경시),2025-05-30,KOSPI,3975.0,4010.0,4080.0,4150.0,0.008805031446540879,0.026415094339622636,0.04402515723270439,
389128,20250530900809,00571483,오이솔루션,138080,최대주주변경을수반하는주식담보제공계약체결,2025-05-30,KOSDAQ,10890.0,10180.0,10300.0,10270.0,-0.06519742883379243,-0.05417814508723595,-0.0569329660238751,
388971,20250530900887,00137915,엠엑스로보틱스,007820,투자판단관련주요경영사항              (최대주주 변경을 수반하는 주식양수도를 위한 Binding MOU 체결),2025-05-30,KOSDAQ,4330.0,3840.0,3850.0,3880.0,-0.11316397228637409,-0.11085450346420322,-0.10392609699769051,
340259,20250829900577,00137915,엠엑스로보틱스,007820,최대주주변경을수반하는주식양수도계약체결,2025-08-29,KOSDAQ,3980.0,4370.0,4305.0,4485.0,0.09798994974874375,0.08165829145728654,0.12688442211055273,
333481,20250916900446,00137915,엠엑스로보틱스,007820,최대주주변경,2025-09-16,KOSDAQ,4945.0,4700.0,4835.0,4610.0,-0.04954499494438824,-0.022244691607684497,-0.06774519716885741,
383296,20250612900205,00204262,한글과컴퓨터,030520,최대주주변경을수반하는주식담보제공계약해제ㆍ취소등,2025-06-12,KOSDAQ,29050.0,28150.0,29950.0,33100.0,-0.030981067125645412,0.030981067125645412,0.13941480206540446,
382659,20250613900301,00988364,SGA솔루션즈,184230,최대주주변경,2025-06-13,KOSDAQ,2990.0,3125.0,2970.0,3010.0,0.045150501672240884,-0.006688963210702337,0.006688963210702337,
382658,20250613900306,00988364,SGA솔루션즈,184230,최대주주변경을수반하는주식담보제공계약체결,2025-06-13,KOSDAQ,2990.0,3125.0,2970.0,3010.0,0.045150501672240884,-0.006688963210702337,0.006688963210702337,
263455,20260202901816,00988364,SGA솔루션즈,184230,최대주주변경을수반하는주식담보제공계약해제ㆍ취소등,2026-02-02,KOSDAQ,2970.0,3055.0,3055.0,3020.0,0.028619528619528545,0.028619528619528545,0.01683501683501687,
381805,20250616900612,00227333,네패스,033640,최대주주변경,2025-06-16,KOSDAQ,9380.0,9840.0,11440.0,10650.0,0.049040511727078906,0.21961620469083165,0.1353944562899787,
380291,20250619800720,00162416,한양증권,001750,최대주주변경,2025-06-19,KOSPI,17920.0,17580.0,17740.0,17950.0,-0.0189732142857143,-0.010044642857142905,0.0016741071428572063,
380169,20250620800012,00162416,한양증권,001750,최대주주등소유주식변동신고서(최대주주변경시),2025-06-20,KOSPI,17580.0,17740.0,18730.0,17690.0,0.009101251422070522,0.06541524459613202,0.006257110352673401,
379110,20250623800405,00365387,AJ네트웍스,095570,최대주주등소유주식변동신고서(최대주주변경시),2025-06-23,KOSPI,3960.0,4090.0,4105.0,4050.0,0.03282828282828287,0.03661616161616155,0.022727272727272707,
379096,20250623800412,00365387,AJ네트웍스,095570,최대주주변경,2025-06-23,KOSPI,3960.0,4090.0,4105.0,4050.0,0.03282828282828287,0.03661616161616155,0.022727272727272707,
378689,20250624800287,00109514,티웨이홀딩스,004870,최대주주변경,2025-06-24,KOSPI,666.0,699.0,744.0,739.0,0.04954954954954949,0.11711711711711703,0.10960960960960953,
378685,20250624800295,00109514,티웨이홀딩스,004870,최대주주등소유주식변동신고서(최대주주변경시),2025-06-24,KOSPI,666.0,699.0,744.0,739.0,0.04954954954954949,0.11711711711711703,0.10960960960960953,
378572,20250624900373,00409371,인베니아,079950,최대주주변경을수반하는주식담보제공계약체결,2025-06-24,KOSDAQ,1966.0,1924.0,1885.0,1862.0,-0.021363173957273607,-0.041200406917599186,-0.0528992878942014,
113177,20260624900919,00409371,인베니아,079950,최대주주변경을수반하는주식담보제공계약해제ㆍ취소등,2026-06-24,KOSDAQ,986.0,985.0,945.0,,-0.0010141987829614951,-0.04158215010141986,,
377912,20250625900369,00155692,우리엔터프라이즈,037400,최대주주변경,2025-06-25,KOSDAQ,1119.0,1117.0,1113.0,1133.0,-0.0017873100983020196,-0.00536193029490617,0.01251117068811447,
374428,20250630900894,01227039,파라택시스코리아,288330,최대주주변경,2025-06-30,KOSDAQ,2710.0,3415.0,3415.0,2540.0,0.2601476014760147,0.2601476014760147,-0.0627306273062731,
286498,20251218900670,01227039,파라택시스코리아,288330,최대주주변경,2025-12-18,KOSDAQ,920.0,889.0,820.0,860.0,-0.033695652173913015,-0.10869565217391308,-0.06521739130434778,
373756,20250701800647,00117267,동양생명,082640,최대주주변경,2025-07-01,KOSPI,6870.0,6820.0,6750.0,8340.0,-0.00727802037845704,-0.017467248908296984,0.2139737991266375,
373738,20250701800727,00117267,동양생명,082640,최대주주등소유주식변동신고서(최대주주변경시),2025-07-01,KOSPI,6870.0,6820.0,6750.0,8340.0,-0.00727802037845704,-0.017467248908296984,0.2139737991266375,
374070,20250701900285,01023318,센코,347000,최대주주변경을수반하는주식양수도계약체결,2025-07-01,KOSDAQ,2550.0,2620.0,2540.0,2480.0,0.027450980392156765,-0.0039215686274509665,-0.027450980392156876,
348273,20250818900482,01023318,센코,347000,최대주주변경,2025-08-18,KOSDAQ,2365.0,2300.0,2245.0,2250.0,-0.02748414376321351,-0.05073995771670192,-0.04862579281183932,
372253,20250704900476,01584934,핑거스토리,417180,최대주주변경,2025-07-04,KOSDAQ,13083.0,13158.0,13333.0,13083.0,0.0057326301307039085,0.019108767102346658,0.0,
285380,20251222900399,01584934,핑거스토리,417180,최대주주변경,2025-12-22,KOSDAQ,8880.0,8775.0,8655.0,8765.0,-0.011824324324324342,-0.02533783783783783,-0.012950450450450401,
371948,20250704900888,00301422,스모트로닉,066590,최대주주변경,2025-07-04,KOSDAQ,3950.0,4010.0,3390.0,3500.0,0.0151898734177216,-0.14177215189873416,-0.11392405063291144,
371199,20250708900264,00137012,에스앤더블류,103230,최대주주변경을수반하는주식양수도계약체결,2025-07-08,KOSDAQ,3265.0,3295.0,3285.0,3280.0,0.009188361408882129,0.006125574272588086,0.004594180704440953,
357698,20250807900606,00137012,에스앤더블류,103230,최대주주변경,2025-08-07,KOSDAQ,3995.0,4100.0,3890.0,3860.0,0.026282853566958808,-0.026282853566958697,-0.03379224030037542,
370472,20250709900580,01506990,옵티코어,380540,최대주주변경,2025-07-09,KOSDAQ,3640.0,3580.0,3580.0,3668.0,-0.016483516483516536,-0.016483516483516536,0.007692307692307665,
369145,20250711900624,00169215,에너토크,019990,최대주주변경,2025-07-11,KOSDAQ,6970.0,7660.0,8190.0,7620.0,0.09899569583931123,0.1750358680057389,0.09325681492109039,
367934,20250716800272,00372129,전진건설로봇,079900,최대주주변경,2025-07-16,KOSPI,50900.0,50100.0,49650.0,52400.0,-0.015717092337917515,-0.024557956777996104,0.02946954813359537,
367950,20250716800276,00372129,전진건설로봇,079900,최대주주등소유주식변동신고서(최대주주변경시),2025-07-16,KOSPI,50900.0,50100.0,49650.0,52400.0,-0.015717092337917515,-0.024557956777996104,0.02946954813359537,
367856,20250716800349,00121969,에쓰씨엔지니어링,023960,최대주주변경,2025-07-16,KOSPI,1307.0,1340.0,1333.0,1335.0,0.025248661055853105,0.019892884468247995,0.021423106350420884,
367840,20250716800405,00121969,에쓰씨엔지니어링,023960,최대주주등소유주식변동신고서(최대주주변경시),2025-07-16,KOSPI,1307.0,1340.0,1333.0,1335.0,0.025248661055853105,0.019892884468247995,0.021423106350420884,
261293,20260205800582,00121969,에쓰씨엔지니어링,023960,최대주주변경,2026-02-05,KOSPI,1761.0,1690.0,1610.0,1669.0,-0.04031800113571837,-0.08574673480976713,-0.0522430437251562,
261266,20260205800701,00121969,에쓰씨엔지니어링,023960,최대주주등소유주식변동신고서(최대주주변경시),2026-02-05,KOSPI,1761.0,1690.0,1610.0,1669.0,-0.04031800113571837,-0.08574673480976713,-0.0522430437251562,
367370,20250717800368,00124151,부산주공,005030,최대주주변경,2025-07-17,KOSPI,486.0,486.0,486.0,486.0,0.0,0.0,0.0,
367368,20250717800375,00124151,부산주공,005030,최대주주등소유주식변동신고서(최대주주변경시),2025-07-17,KOSPI,486.0,486.0,486.0,486.0,0.0,0.0,0.0,
366646,20250718900492,00203023,시노펙스,025320,최대주주변경을수반하는주식담보제공계약체결,2025-07-18,KOSDAQ,6799.0,6732.0,6685.0,6523.0,-0.009854390351522246,-0.016767171642888656,-0.04059420503015154,
366031,20250721900510,00793155,핸디소프트,220180,최대주주변경을수반하는주식양수도계약체결,2025-07-21,KOSDAQ,3705.0,3160.0,2845.0,2785.0,-0.1470985155195681,-0.23211875843454788,-0.2483130904183536,
336745,20250908900483,00793155,핸디소프트,220180,최대주주변경,2025-09-08,KOSDAQ,2600.0,2635.0,2950.0,2840.0,0.013461538461538414,0.13461538461538458,0.0923076923076922,
362924,20250728900553,01041828,JTC,950170,최대주주변경을수반하는주식양수도계약체결,2025-07-28,KOSDAQ,6810.0,6810.0,6680.0,6770.0,0.0,-0.019089574155653488,-0.005873715124816492,
334436,20250912900506,01041828,JTC,950170,최대주주변경,2025-09-12,KOSDAQ,7310.0,7320.0,7250.0,7320.0,0.001367989056087593,-0.008207934336525335,0.001367989056087593,
334384,20250912900556,01041828,JTC,950170,최대주주변경을수반하는주식담보제공계약체결,2025-09-12,KOSDAQ,7310.0,7320.0,7250.0,7320.0,0.001367989056087593,-0.008207934336525335,0.001367989056087593,
122745,20260604900746,01041828,JTC,950170,최대주주변경을수반하는주식담보제공계약해제ㆍ취소등,2026-06-04,KOSDAQ,4890.0,4845.0,4595.0,4805.0,-0.009202453987730008,-0.06032719836400813,-0.017382413087934534,
362123,20250730900354,01693922,지슨,446840,최대주주변경,2025-07-30,KOSDAQ,2165.0,2150.0,2165.0,2215.0,-0.006928406466512715,0.0,0.023094688221708903,
361775,20250730900734,01014055,에스트래픽,234300,최대주주변경을수반하는주식담보제공계약체결,2025-07-30,KOSDAQ,3835.0,3880.0,3790.0,3895.0,0.011734028683181297,-0.011734028683181186,0.015645371577575062,
361062,20250731800569,00136624,신영와코루,005800,최대주주변경,2025-07-31,KOSPI,13300.0,12920.0,12820.0,12860.0,-0.02857142857142858,-0.03609022556390973,-0.03308270676691727,
361079,20250731800584,00136624,신영와코루,005800,최대주주등소유주식변동신고서(최대주주변경시),2025-07-31,KOSPI,13300.0,12920.0,12820.0,12860.0,-0.02857142857142858,-0.03609022556390973,-0.03308270676691727,
357002,20250808900449,00172945,동일스틸럭스,023790,최대주주변경,2025-08-08,KOSDAQ,2598.0,2359.0,2798.0,2135.0,-0.09199384141647426,0.07698229407236346,-0.1782140107775212,
345913,20250825800178,00140955,한솔케미칼,014680,최대주주변경,2025-08-25,KOSPI,171500.0,172300.0,173900.0,159500.0,0.004664723032069995,0.013994169096209985,-0.06997084548104959,
345910,20250825800183,00140955,한솔케미칼,014680,최대주주등소유주식변동신고서(최대주주변경시),2025-08-25,KOSPI,171500.0,172300.0,173900.0,159500.0,0.004664723032069995,0.013994169096209985,-0.06997084548104959,
344133,20250827900716,01065013,우정바이오,215380,최대주주변경,2025-08-27,KOSDAQ,1658.0,1665.0,1626.0,1685.0,0.0042219541616406175,-0.0193003618817853,0.01628468033775632,
339359,20250901800647,00671376,트리니티항공,091810,최대주주변경,2025-09-01,KOSPI,1738.0,1744.0,1765.0,1788.0,0.0034522439585731313,0.015535097813578869,0.028768699654775576,
285434,20251222800336,00671376,트리니티항공,091810,최대주주등소유주식변동신고서(최대주주변경시),2025-12-22,KOSPI,1412.0,1361.0,1409.0,1381.0,-0.036118980169971726,-0.0021246458923512845,-0.0219546742209632,
339278,20250901800781,00435312,하이스틸,071090,최대주주등소유주식변동신고서(최대주주변경시),2025-09-01,KOSPI,4405.0,4390.0,4405.0,4335.0,-0.0034052213393870323,0.0,-0.01589103291713967,
339165,20250901800888,00435312,하이스틸,071090,최대주주변경,2025-09-01,KOSPI,4405.0,4390.0,4405.0,4335.0,-0.0034052213393870323,0.0,-0.01589103291713967,
338870,20250902900369,00474588,한중엔시에스,107640,최대주주변경,2025-09-02,KOSDAQ,31550.0,33750.0,35550.0,34400.0,0.06973058637083995,0.12678288431061802,0.09033280507131547,
338428,20250903900446,00206686,케이피엠테크,042040,최대주주변경을수반하는주식담보제공계약체결,2025-09-03,KOSDAQ,2490.0,2530.0,2520.0,2570.0,0.016064257028112428,0.012048192771084265,0.032128514056224855,
295963,20251203900343,00206686,케이피엠테크,042040,최대주주변경을수반하는주식담보제공계약해제ㆍ취소등,2025-12-03,KOSDAQ,2280.0,2210.0,2210.0,2240.0,-0.030701754385964897,-0.030701754385964897,-0.01754385964912286,
331375,20250922900494,00544577,브이엠,089970,최대주주변경,2025-09-22,KOSDAQ,17700.0,17070.0,17960.0,17420.0,-0.035593220338983045,0.014689265536723228,-0.015819209039548032,
330397,20250924900484,00389998,한성크린텍,066980,최대주주변경,2025-09-24,KOSDAQ,1272.0,1283.0,1230.0,1256.0,0.00864779874213828,-0.03301886792452835,-0.012578616352201255,
327330,20250930800521,00153755,태양금속공업,004100,최대주주변경,2025-09-30,KOSPI,2055.0,2055.0,2120.0,,0.0,0.031630170316301776,,
327121,20250930900772,00872656,금양그린파워,282720,최대주주변경을수반하는주식담보제공계약체결,2025-09-30,KOSDAQ,11510.0,11070.0,11070.0,,-0.038227628149435255,-0.038227628149435255,,
327067,20250930900839,00367385,효성오앤비,097870,최대주주변경,2025-09-30,KOSDAQ,6160.0,6180.0,6280.0,,0.0032467532467532756,0.01948051948051943,,
326015,20251001900655,00125725,디모아,016670,최대주주변경,2025-10-01,KOSDAQ,7910.0,7920.0,8000.0,,0.0012642225031604948,0.011378002528444897,,
323601,20251014900640,01364297,코퍼스코리아,322780,최대주주변경을수반하는주식양수도계약체결,2025-10-14,KOSDAQ,10125.0,9500.0,8805.0,9010.0,-0.06172839506172845,-0.13037037037037036,-0.11012345679012348,
267236,20260128900594,01364297,코퍼스코리아,322780,최대주주변경을수반하는주식양수도계약해제ㆍ취소등,2026-01-28,KOSDAQ,3865.0,3715.0,3725.0,3145.0,-0.03880983182406206,-0.036222509702457995,-0.1862871927554981,
323171,20251015900523,00199988,SY동아,041930,최대주주변경을수반하는주식양수도계약체결,2025-10-15,KOSDAQ,7550.0,6620.0,6690.0,6700.0,-0.12317880794701985,-0.11390728476821188,-0.11258278145695366,
288044,20251216901831,00199988,SY동아,041930,최대주주변경,2025-12-16,KOSDAQ,6520.0,6420.0,6330.0,6480.0,-0.015337423312883458,-0.02914110429447858,-0.006134969325153339,
16136,20260504900591,00199988,SY동아,041930,최대주주변경을수반하는주식담보제공계약체결,2026-05-04,KOSDAQ,6800.0,6670.0,6600.0,6430.0,-0.019117647058823573,-0.02941176470588236,-0.05441176470588238,
322846,20251016800245,00557933,진도,088790,최대주주변경,2025-10-16,KOSPI,2030.0,1972.0,2045.0,2015.0,-0.02857142857142858,0.00738916256157629,-0.007389162561576401,
322825,20251016800277,00557933,진도,088790,최대주주등소유주식변동신고서(최대주주변경시),2025-10-16,KOSPI,2030.0,1972.0,2045.0,2015.0,-0.02857142857142858,0.00738916256157629,-0.007389162561576401,
322622,20251016900517,00353762,키이스트,054780,최대주주변경을수반하는주식양수도계약체결,2025-10-16,KOSDAQ,6000.0,4905.0,4830.0,5000.0,-0.1825,-0.19499999999999995,-0.16666666666666663,
322143,20251017900497,00353762,키이스트,054780,최대주주변경,2025-10-17,KOSDAQ,4905.0,4830.0,4665.0,4950.0,-0.015290519877675823,-0.04892966360856266,0.00917431192660545,
286372,20251219900001,00353762,키이스트,054780,최대주주변경을수반하는주식양수도계약해제ㆍ취소등,2025-12-19,KOSDAQ,3590.0,3435.0,3435.0,3195.0,-0.04317548746518107,-0.04317548746518107,-0.11002785515320335,
322119,20251017900525,01456011,디어유,376300,최대주주변경,2025-10-17,KOSDAQ,37800.0,37500.0,37500.0,36700.0,-0.007936507936507908,-0.007936507936507908,-0.02910052910052907,
322102,20251017900528,01226410,씨앤씨인터내셔널,352480,최대주주변경,2025-10-17,KOSDAQ,38850.0,38500.0,38700.0,39000.0,-0.009009009009009028,-0.0038610038610038533,0.0038610038610038533,
322068,20251017900565,00367604,SM Life Design,063440,최대주주변경,2025-10-17,KOSDAQ,1604.0,1627.0,1666.0,1701.0,0.014339152119700715,0.03865336658354113,0.06047381546134667,
322066,20251017900568,00185046,SM C&C,048550,최대주주변경,2025-10-17,KOSDAQ,1260.0,1284.0,1468.0,1334.0,0.01904761904761898,0.16507936507936516,0.058730158730158744,
319217,20251024900558,01468061,레뷰코퍼레이션,443250,투자판단관련주요경영사항              (최대주주 변경을 수반하는 거래에 관한 구속력 있는 양해각서(Binding MOU) 체결의 건),2025-10-24,KOSDAQ,10810.0,10670.0,10060.0,9410.0,-0.01295097132284917,-0.06938020351526364,-0.12950971322849214,
282897,20251224900924,01468061,레뷰코퍼레이션,443250,최대주주변경을수반하는주식양수도계약체결,2025-12-24,KOSDAQ,11370.0,10860.0,10570.0,10510.0,-0.04485488126649073,-0.07036059806508355,-0.07563764291996478,
95494,20260313901847,01468061,레뷰코퍼레이션,443250,최대주주변경을수반하는주식양수도계약해제ㆍ취소등,2026-03-13,KOSDAQ,11670.0,10560.0,10370.0,10330.0,-0.09511568123393321,-0.11139674378748932,-0.11482433590402741,
319209,20251024900567,01265251,압타머사이언스,291650,최대주주변경,2025-10-24,KOSDAQ,1036.0,1057.0,1042.0,931.0,0.020270270270270174,0.005791505791505891,-0.10135135135135132,
316804,20251030800448,00166573,환인제약,016580,최대주주등소유주식변동신고서(최대주주변경시),2025-10-30,KOSPI,11340.0,11400.0,11390.0,11420.0,0.005291005291005346,0.0044091710758378255,0.007054673721340388,
316714,20251030800491,00166573,환인제약,016580,최대주주변경,2025-10-30,KOSPI,11340.0,11400.0,11390.0,11420.0,0.005291005291005346,0.0044091710758378255,0.007054673721340388,
315694,20251031900789,00601988,코난테크놀로지,402030,최대주주변경을수반하는주식담보제공계약체결,2025-10-31,KOSDAQ,27200.0,28600.0,28150.0,24900.0,0.05147058823529416,0.03492647058823528,-0.0845588235294118,
315035,20251103900758,01524507,핀텔,291810,최대주주변경을수반하는주식양수도계약체결,2025-11-03,KOSDAQ,3120.0,3310.0,3880.0,4070.0,0.0608974358974359,0.2435897435897436,0.3044871794871795,
33945,20260413900153,01524507,핀텔,291810,최대주주변경을수반하는주식양수도계약해제ㆍ취소등,2026-04-13,KOSDAQ,2010.0,2045.0,2075.0,2075.0,0.017412935323383172,0.03233830845771135,0.03233830845771135,
313515,20251106800729,00135777,신대양제지,016590,최대주주등소유주식변동신고서(최대주주변경시),2025-11-06,KOSPI,14390.0,14130.0,13630.0,13940.0,-0.018068102849200796,-0.052814454482279394,-0.03127171646977067,
313474,20251106800769,00135777,신대양제지,016590,최대주주변경,2025-11-06,KOSPI,14390.0,14130.0,13630.0,13940.0,-0.018068102849200796,-0.052814454482279394,-0.03127171646977067,
305154,20251119900500,01022902,애드바이오텍,179530,최대주주변경,2025-11-19,KOSDAQ,3405.0,3485.0,3365.0,3205.0,0.023494860499265746,-0.011747430249632873,-0.058737151248164476,
122718,20260604900849,01022902,애드바이오텍,179530,최대주주인명목회사·조합등의최대주주변경,2026-06-04,KOSDAQ,2595.0,2500.0,2345.0,2380.0,-0.036608863198458574,-0.09633911368015413,-0.08285163776493254,
303624,20251124800311,00105156,극동유화,014530,최대주주등소유주식변동신고서(최대주주변경시),2025-11-24,KOSPI,3345.0,3305.0,3330.0,3350.0,-0.01195814648729443,-0.004484304932735439,0.001494768310911887,
303620,20251124800312,00105156,극동유화,014530,최대주주변경,2025-11-24,KOSPI,3345.0,3305.0,3330.0,3350.0,-0.01195814648729443,-0.004484304932735439,0.001494768310911887,
300268,20251127900850,01506848,비스토스,419540,최대주주변경을수반하는주식양수도계약체결,2025-11-27,KOSDAQ,8350.0,7365.0,7150.0,6560.0,-0.11796407185628743,-0.14371257485029942,-0.21437125748502994,
271206,20260120900419,01506848,비스토스,419540,최대주주변경,2026-01-20,KOSDAQ,5350.0,6500.0,6210.0,6250.0,0.2149532710280373,0.1607476635514018,0.16822429906542058,
296755,20251201900892,01130849,파라택시스이더리움,290560,최대주주변경을수반하는주식양수도계약체결,2025-12-01,KOSDAQ,1776.0,1458.0,1416.0,1500.0,-0.17905405405405406,-0.20270270270270274,-0.15540540540540537,
277703,20260106900549,01130849,파라택시스이더리움,290560,최대주주변경,2026-01-06,KOSDAQ,1716.0,1738.0,1644.0,1760.0,0.012820512820512775,-0.04195804195804198,0.02564102564102555,
296576,20251202900184,01165155,모비스,250060,최대주주변경을수반하는주식양수도계약체결,2025-12-02,KOSDAQ,2720.0,2705.0,2670.0,2785.0,-0.005514705882352922,-0.018382352941176516,0.023897058823529438,
268541,20260126901025,01165155,모비스,250060,최대주주변경을수반하는주식양수도계약해제ㆍ취소등,2026-01-26,KOSDAQ,6590.0,5840.0,5270.0,4775.0,-0.11380880121396053,-0.20030349013657056,-0.27541729893778455,
296227,20251203900003,01110678,유틸렉스,263050,최대주주변경을수반하는주식양수도계약체결,2025-12-03,KOSDAQ,1430.0,1285.0,1219.0,1068.0,-0.10139860139860135,-0.14755244755244756,-0.25314685314685315,
296226,20251203900008,01110678,유틸렉스,263050,최대주주변경,2025-12-03,KOSDAQ,1430.0,1285.0,1219.0,1068.0,-0.10139860139860135,-0.14755244755244756,-0.25314685314685315,
273432,20260113900633,01110678,유틸렉스,263050,최대주주변경을수반하는주식양수도계약해제ㆍ취소등,2026-01-13,KOSDAQ,918.0,875.0,866.0,777.0,-0.04684095860566451,-0.05664488017429192,-0.15359477124183007,
294384,20251208900311,00629212,딜리,131180,최대주주변경,2025-12-08,KOSDAQ,4625.0,4620.0,4620.0,4840.0,-0.00108108108108107,-0.00108108108108107,0.046486486486486456,
291086,20251212801241,00135050,팜젠사이언스,004720,최대주주변경,2025-12-12,KOSPI,4205.0,4200.0,4115.0,4230.0,-0.0011890606420927874,-0.021403091557669396,0.005945303210463715,
291074,20251212801286,00135050,팜젠사이언스,004720,최대주주등소유주식변동신고서(최대주주변경시),2025-12-12,KOSPI,4205.0,4200.0,4115.0,4230.0,-0.0011890606420927874,-0.021403091557669396,0.005945303210463715,
290979,20251212801379,00127158,씨아이테크,004920,최대주주인명목회사의최대주주변경,2025-12-12,KOSPI,1124.0,1125.0,1112.0,1081.0,0.000889679715302405,-0.010676156583629859,-0.03825622775800708,
290930,20251212901441,00877174,엠브레인,169330,최대주주변경,2025-12-12,KOSDAQ,1975.0,1992.0,1987.0,1933.0,0.008607594936708818,0.006075949367088551,-0.02126582278481015,
289737,20251215801495,00138260,SIMPAC,009160,최대주주등소유주식변동신고서(최대주주변경시),2025-12-15,KOSPI,5600.0,5470.0,5490.0,5660.0,-0.023214285714285743,-0.019642857142857184,0.010714285714285676,
289568,20251215801703,00138260,SIMPAC,009160,최대주주변경,2025-12-15,KOSPI,5600.0,5470.0,5490.0,5660.0,-0.023214285714285743,-0.019642857142857184,0.010714285714285676,
289713,20251215901443,00201432,비츠로시스,054220,최대주주변경을수반하는주식담보제공계약체결,2025-12-15,KOSDAQ,1970.0,2005.0,2015.0,2010.0,0.017766497461928932,0.02284263959390853,0.020304568527918843,
93809,20260316901795,00201432,비츠로시스,054220,최대주주변경을수반하는주식담보제공계약해제ㆍ취소등,2026-03-16,KOSDAQ,2910.0,2950.0,3035.0,2820.0,0.013745704467353903,0.04295532646048117,-0.030927835051546393,
285692,20251219900862,00470829,인티큐브,070590,최대주주변경을수반하는주식양수도계약체결,2025-12-19,KOSDAQ,2380.0,2140.0,2140.0,2110.0,-0.10084033613445376,-0.10084033613445376,-0.11344537815126055,
101773,20260310902022,00470829,인티큐브,070590,최대주주변경,2026-03-10,KOSDAQ,1879.0,1904.0,1990.0,2080.0,0.013304949441192093,0.05907397551889293,0.10697179350718478,
285318,20251222900425,00206039,경남스틸,039240,최대주주변경,2025-12-22,KOSDAQ,2870.0,2830.0,2825.0,2740.0,-0.013937282229965153,-0.015679442508710784,-0.04529616724738672,
285309,20251222900453,01042711,글로벌텍스프리,204620,최대주주변경을수반하는주식양수도계약체결,2025-12-22,KOSDAQ,5410.0,4700.0,4650.0,4480.0,-0.13123844731977818,-0.14048059149722736,-0.17190388170055448,
68138,20260331903583,01042711,글로벌텍스프리,204620,최대주주변경,2026-03-31,KOSDAQ,4770.0,4940.0,4775.0,4865.0,0.03563941299790363,0.0010482180293500676,0.01991614255765195,
281516,20251229800695,00100939,강남제비스코,000860,최대주주변경,2025-12-29,KOSPI,12600.0,12850.0,13860.0,13490.0,0.01984126984126977,0.10000000000000009,0.0706349206349206,
281530,20251229800732,00100939,강남제비스코,000860,최대주주등소유주식변동신고서(최대주주변경시),2025-12-29,KOSPI,12600.0,12850.0,13860.0,13490.0,0.01984126984126977,0.10000000000000009,0.0706349206349206,
281299,20251229901027,00297989,오르비텍,046120,최대주주변경을수반하는주식양수도계약체결,2025-12-29,KOSDAQ,4145.0,3830.0,4025.0,4065.0,-0.07599517490952956,-0.02895054282267795,-0.0193003618817853,
67665,20260331904832,00297989,오르비텍,046120,최대주주변경,2026-03-31,KOSDAQ,10800.0,11860.0,11380.0,10570.0,0.0981481481481481,0.05370370370370381,-0.021296296296296258,
279390,20251231900670,00144243,유니슨,018000,최대주주변경,2025-12-31,KOSDAQ,1258.0,1240.0,1183.0,1115.0,-0.014308426073131986,-0.05961844197138311,-0.11367249602543716,
279316,20251231900745,00220057,GC메디아이,032620,최대주주변경을수반하는주식담보제공계약해제ㆍ취소등,2025-12-31,KOSDAQ,3735.0,3705.0,3695.0,3925.0,-0.008032128514056214,-0.010709504685408322,0.05087014725568939,
279099,20260102800268,00129387,SP삼화,000390,최대주주등소유주식변동신고서(최대주주변경시),2026-01-02,KOSPI,7730.0,7240.0,7070.0,6740.0,-0.06338939197930138,-0.08538163001293664,-0.12807244501940496,
279003,20260102800376,00129387,SP삼화,000390,최대주주변경,2026-01-02,KOSPI,7730.0,7240.0,7070.0,6740.0,-0.06338939197930138,-0.08538163001293664,-0.12807244501940496,
279178,20260102900071,01029394,에코마케팅,230360,최대주주변경을수반하는주식양수도계약체결,2026-01-02,KOSDAQ,13910.0,15900.0,15890.0,15910.0,0.14306254493170378,0.14234363767074054,0.14378145219266725,
278108,20260106900002,01029394,에코마케팅,230360,최대주주변경을수반하는주식담보제공계약체결,2026-01-06,KOSDAQ,15890.0,15890.0,15900.0,15910.0,0.0,0.0006293266205159576,0.0012586532410321372,
103292,20260309901614,01029394,에코마케팅,230360,최대주주변경,2026-03-09,KOSDAQ,15870.0,15850.0,15950.0,15900.0,-0.001260239445494693,0.00504095778197855,0.001890359168241984,
103284,20260309901663,01029394,에코마케팅,230360,최대주주변경을수반하는주식담보제공계약해제ㆍ취소등,2026-03-09,KOSDAQ,15870.0,15850.0,15950.0,15900.0,-0.001260239445494693,0.00504095778197855,0.001890359168241984,
273421,20260113900639,01139266,로스웰,900260,최대주주변경,2026-01-13,KOSDAQ,1569.0,1600.0,1580.0,1574.0,0.019757807520713877,0.007010834926704845,0.0031867431485022024,
273179,20260114800242,00118965,티에이치엔,019180,최대주주등소유주식변동신고서(최대주주변경시),2026-01-14,KOSPI,9260.0,8650.0,7950.0,7680.0,-0.06587473002159827,-0.14146868250539957,-0.17062634989200864,
273158,20260114800255,00118965,티에이치엔,019180,최대주주변경,2026-01-14,KOSPI,9260.0,8650.0,7950.0,7680.0,-0.06587473002159827,-0.14146868250539957,-0.17062634989200864,
246893,20260224800965,00118965,티에이치엔,019180,최대주주변경,2026-02-24,KOSPI,8050.0,7970.0,8130.0,6500.0,-0.009937888198757738,0.009937888198757738,-0.1925465838509317,
246882,20260224801113,00118965,티에이치엔,019180,최대주주등소유주식변동신고서(최대주주변경시),2026-02-24,KOSPI,8050.0,7970.0,8130.0,6500.0,-0.009937888198757738,0.009937888198757738,-0.1925465838509317,
272421,20260115900671,00645089,NHN벅스,104200,최대주주변경을수반하는주식양수도계약체결,2026-01-15,KOSDAQ,5580.0,4345.0,5100.0,5350.0,-0.22132616487455192,-0.08602150537634412,-0.04121863799283154,
76233,20260327902737,00645089,NHN벅스,104200,최대주주변경을수반하는주식양수도계약해제ㆍ취소등,2026-03-27,KOSDAQ,4405.0,3950.0,3700.0,3540.0,-0.10329171396140746,-0.16004540295119185,-0.19636776390465382,
271258,20260120900359,01062177,제놀루션,225220,최대주주변경을수반하는주식양수도계약체결,2026-01-20,KOSDAQ,1888.0,1869.0,1872.0,1927.0,-0.010063559322033844,-0.008474576271186418,0.020656779661016866,
249750,20260219901034,01062177,제놀루션,225220,최대주주변경,2026-02-19,KOSDAQ,1818.0,1810.0,1790.0,1800.0,-0.004400440044004417,-0.015401540154015403,-0.00990099009900991,
271046,20260120900721,00166175,대호특수강,021040,최대주주변경을수반하는주식담보제공계약해제ㆍ취소등,2026-01-20,KOSDAQ,1238.0,1224.0,1220.0,1219.0,-0.011308562197092087,-0.014539579967689842,-0.015347334410339308,
270984,20260120900791,00310156,셀루메드,049180,최대주주변경,2026-01-20,KOSDAQ,2550.0,2505.0,2570.0,2010.0,-0.01764705882352946,0.007843137254901933,-0.21176470588235297,
268604,20260126900958,00556615,모바일어플라이언스,087260,최대주주변경을수반하는주식양수도계약체결,2026-01-26,KOSDAQ,2050.0,2145.0,2090.0,2095.0,0.04634146341463419,0.019512195121951237,0.02195121951219514,
255689,20260211900817,00556615,모바일어플라이언스,087260,최대주주변경,2026-02-11,KOSDAQ,2275.0,2190.0,2160.0,2085.0,-0.03736263736263734,-0.05054945054945059,-0.08351648351648355,
5490,20260518900904,00556615,모바일어플라이언스,087260,최대주주변경을수반하는주식담보제공계약체결,2026-05-18,KOSDAQ,1379.0,1218.0,1074.0,1001.0,-0.11675126903553301,-0.22117476432197247,-0.2741116751269036,
5470,20260518900938,00556615,모바일어플라이언스,087260,최대주주변경,2026-05-18,KOSDAQ,1379.0,1218.0,1074.0,1001.0,-0.11675126903553301,-0.22117476432197247,-0.2741116751269036,
5463,20260518900968,00556615,모바일어플라이언스,087260,최대주주변경을수반하는주식담보제공계약해제ㆍ취소등,2026-05-18,KOSDAQ,1379.0,1218.0,1074.0,1001.0,-0.11675126903553301,-0.22117476432197247,-0.2741116751269036,
267783,20260127900802,00216762,한양이엔지,045100,최대주주변경,2026-01-27,KOSDAQ,26150.0,29100.0,32750.0,31300.0,0.11281070745697908,0.25239005736137665,0.19694072657743789,
267078,20260128900896,00523307,다원시스,068240,최대주주변경을수반하는주식담보제공계약체결,2026-01-28,KOSDAQ,3180.0,3370.0,3305.0,2920.0,0.05974842767295607,0.03930817610062887,-0.08176100628930816,
244992,20260225902047,00523307,다원시스,068240,최대주주변경을수반하는주식담보제공계약해제ㆍ취소등,2026-02-25,KOSDAQ,3330.0,3095.0,2980.0,2540.0,-0.07057057057057059,-0.10510510510510507,-0.23723723723723722,
266556,20260129900413,01309795,알로이스,297570,최대주주변경,2026-01-29,KOSDAQ,1210.0,1183.0,1287.0,1322.0,-0.022314049586776852,0.06363636363636371,0.09256198347107447,
20568,20260428900634,01309795,알로이스,297570,최대주주변경을수반하는주식양수도계약체결,2026-04-28,KOSDAQ,1841.0,1758.0,1781.0,1464.0,-0.045084193373166714,-0.03259098316132536,-0.20478001086366104,
264965,20260130801106,00120872,만호제강,001080,최대주주변경,2026-01-30,KOSPI,5040.0,5050.0,5170.0,5070.0,0.001984126984126977,0.025793650793650702,0.005952380952380931,
264854,20260130801357,00120872,만호제강,001080,최대주주등소유주식변동신고서(최대주주변경시),2026-01-30,KOSPI,5040.0,5050.0,5170.0,5070.0,0.001984126984126977,0.025793650793650702,0.005952380952380931,
263402,20260202901821,01089350,켐트로스,220260,최대주주변경,2026-02-02,KOSDAQ,6200.0,6490.0,6360.0,5850.0,0.04677419354838719,0.02580645161290329,-0.056451612903225756,
262196,20260204900783,00268251,다산네트웍스,039560,최대주주변경을수반하는주식담보제공계약해제ㆍ취소등,2026-02-04,KOSDAQ,3880.0,3750.0,3860.0,3855.0,-0.03350515463917525,-0.005154639175257714,-0.006443298969072142,
261924,20260204901288,00675594,디티앤씨,187220,최대주주변경을수반하는주식담보제공계약체결,2026-02-04,KOSDAQ,2430.0,2485.0,2415.0,2410.0,0.02263374485596703,-0.006172839506172867,-0.008230452674897082,
261003,20260205901059,00263654,오스코텍,039200,최대주주변경,2026-02-05,KOSDAQ,50400.0,52300.0,50300.0,52000.0,0.037698412698412787,-0.001984126984126977,0.031746031746031855,
258832,20260206902226,01514005,크라우드웍스,355390,최대주주변경,2026-02-06,KOSDAQ,3450.0,3355.0,3425.0,3230.0,-0.02753623188405796,-0.007246376811594235,-0.06376811594202902,
256472,20260210901159,01157235,아스타,246720,최대주주변경을수반하는주식양수도계약체결,2026-02-10,KOSDAQ,10600.0,7920.0,7780.0,7670.0,-0.25283018867924534,-0.26603773584905666,-0.27641509433962264,
252354,20260213800366,00118521,진원생명과학,011000,최대주주등소유주식변동신고서(최대주주변경시),2026-02-13,KOSPI,1650.0,1580.0,1476.0,1221.0,-0.042424242424242475,-0.10545454545454547,-0.26,
91952,20260317801361,00118521,진원생명과학,011000,최대주주변경,2026-03-17,KOSPI,1083.0,1066.0,1022.0,884.0,-0.01569713758079405,-0.05632502308402587,-0.18374884579870732,
250318,20260219900005,01368637,유일에너테크,340930,최대주주변경을수반하는주식양수도계약체결,2026-02-19,KOSDAQ,1250.0,1108.0,1175.0,1209.0,-0.11360000000000003,-0.06000000000000005,-0.03280000000000005,
109057,20260303800798,00144252,유니온,000910,최대주주등소유주식변동신고서(최대주주변경시),2026-03-03,KOSPI,4265.0,3885.0,4150.0,4140.0,-0.08909730363423207,-0.026963657678780728,-0.029308323563892125,
108959,20260303800931,00144252,유니온,000910,최대주주변경,2026-03-03,KOSPI,4265.0,3885.0,4150.0,4140.0,-0.08909730363423207,-0.026963657678780728,-0.029308323563892125,
108252,20260304800680,00117498,스틱인베스트먼트,026890,최대주주변경,2026-03-04,KOSPI,10250.0,10950.0,10490.0,10150.0,0.06829268292682933,0.023414634146341484,-0.009756097560975618,
108236,20260304800710,00117498,스틱인베스트먼트,026890,최대주주등소유주식변동신고서(최대주주변경시),2026-03-04,KOSPI,10250.0,10950.0,10490.0,10150.0,0.06829268292682933,0.023414634146341484,-0.009756097560975618,
105988,20260305901928,00540429,휴림로봇,090710,최대주주변경을수반하는주식담보제공계약체결,2026-03-05,KOSDAQ,12990.0,12860.0,11940.0,12370.0,-0.01000769822940728,-0.0808314087759815,-0.04772902232486531,
58200,20260402901037,00540429,휴림로봇,090710,최대주주변경을수반하는주식담보제공계약해제ㆍ취소등,2026-04-02,KOSDAQ,10800.0,10880.0,10600.0,11000.0,0.007407407407407307,-0.01851851851851849,0.0185185185185186,
103757,20260309900966,00177320,대성미생물,036480,최대주주변경을수반하는주식양수도계약체결,2026-03-09,KOSDAQ,6250.0,8120.0,8190.0,9880.0,0.2991999999999999,0.3104,0.5808,
82951,20260324901691,00177320,대성미생물,036480,최대주주변경,2026-03-24,KOSDAQ,8670.0,8650.0,8430.0,7870.0,-0.0023068050749711633,-0.02768166089965396,-0.09227220299884664,
95581,20260313901795,01307335,공구우먼,366030,최대주주변경을수반하는주식양수도계약체결,2026-03-13,KOSDAQ,6500.0,5710.0,5630.0,5760.0,-0.12153846153846148,-0.13384615384615384,-0.11384615384615382,
124082,20260601901970,01307335,공구우먼,366030,최대주주변경,2026-06-01,KOSDAQ,5460.0,5240.0,5300.0,4645.0,-0.04029304029304026,-0.02930402930402931,-0.1492673992673993,
124081,20260601901971,01307335,공구우먼,366030,최대주주변경을수반하는주식담보제공계약체결,2026-06-01,KOSDAQ,5460.0,5240.0,5300.0,4645.0,-0.04029304029304026,-0.02930402930402931,-0.1492673992673993,
91842,20260318800138,00103510,인지컨트롤스,023800,최대주주등소유주식변동신고서(최대주주변경시),2026-03-18,KOSPI,6760.0,6700.0,6800.0,6820.0,-0.00887573964497046,0.00591715976331364,0.008875739644970349,
91826,20260318800142,00103510,인지컨트롤스,023800,최대주주변경,2026-03-18,KOSPI,6760.0,6700.0,6800.0,6820.0,-0.00887573964497046,0.00591715976331364,0.008875739644970349,
89810,20260319900021,01141599,차백신연구소,261780,최대주주변경을수반하는주식양수도계약체결,2026-03-19,KOSDAQ,4085.0,4080.0,5300.0,4530.0,-0.001223990208078285,0.29742962056303557,0.10893512851897191,
16662,20260430902109,01141599,차백신연구소,261780,최대주주변경,2026-04-30,KOSDAQ,4100.0,3355.0,3165.0,2930.0,-0.18170731707317078,-0.22804878048780486,-0.2853658536585366,
16661,20260430902111,01141599,차백신연구소,261780,최대주주변경을수반하는주식담보제공계약체결,2026-04-30,KOSDAQ,4100.0,3355.0,3165.0,2930.0,-0.18170731707317078,-0.22804878048780486,-0.2853658536585366,
124931,20260601901120,01141599,아리바이오LAB,261780,최대주주변경을수반하는주식담보제공계약해제ㆍ취소등,2026-06-01,KOSDAQ,2900.0,2780.0,2650.0,2605.0,-0.04137931034482756,-0.08620689655172409,-0.10172413793103452,
120839,20260609900525,01141599,아리바이오LAB,261780,최대주주변경을수반하는주식담보제공계약체결,2026-06-09,KOSDAQ,2605.0,2495.0,2695.0,2890.0,-0.04222648752399227,0.03454894433781197,0.10940499040307095,
83233,20260324901312,00580667,S&K폴리텍,091340,최대주주변경,2026-03-24,KOSDAQ,2200.0,2505.0,2390.0,2420.0,0.13863636363636367,0.08636363636363642,0.10000000000000009,
79023,20260326802354,00139454,애경산업,018250,최대주주변경,2026-03-26,KOSPI,14350.0,15300.0,16920.0,14460.0,0.0662020905923344,0.17909407665505217,0.0076655052264809065,
78976,20260326803252,00139454,애경산업,018250,최대주주등소유주식변동신고서(최대주주변경시),2026-03-26,KOSPI,14350.0,15300.0,16920.0,14460.0,0.0662020905923344,0.17909407665505217,0.0076655052264809065,
73749,20260330902130,00267881,보성파워텍,006910,최대주주변경,2026-03-30,KOSDAQ,9750.0,9460.0,10170.0,9330.0,-0.029743589743589705,0.04307692307692301,-0.043076923076923124,
67689,20260331904787,01135057,녹십자웰빙,234690,최대주주변경,2026-03-31,KOSDAQ,12870.0,14490.0,13960.0,13920.0,0.12587412587412583,0.08469308469308467,0.0815850815850816,
67655,20260331904852,01437858,진시스템,363250,최대주주변경,2026-03-31,KOSDAQ,6760.0,6980.0,6940.0,6380.0,0.03254437869822491,0.026627218934911268,-0.056213017751479244,
62686,20260401901251,00148595,제일테크노스,038010,최대주주변경,2026-04-01,KOSDAQ,6160.0,6110.0,6190.0,6320.0,-0.008116883116883078,0.004870129870129913,0.025974025974025983,
45980,20260407800846,00122825,인스코비,006490,최대주주변경,2026-04-07,KOSPI,467.0,570.0,505.0,460.0,0.22055674518201296,0.0813704496788008,-0.01498929336188437,
113630,20260624800330,00122825,프리티,006490,최대주주등소유주식변동신고서(최대주주변경시),2026-06-24,KOSPI,310.0,310.0,310.0,,0.0,0.0,,
42676,20260408800949,00115384,동방아그로,007590,최대주주변경,2026-04-08,KOSPI,5910.0,5910.0,5950.0,6010.0,0.0,0.006768189509306355,0.016920473773265554,
42742,20260408800954,00115384,동방아그로,007590,최대주주등소유주식변동신고서(최대주주변경시),2026-04-08,KOSPI,5910.0,5910.0,5950.0,6010.0,0.0,0.006768189509306355,0.016920473773265554,
38677,20260409901230,01182550,EDGC,245620,최대주주변경,2026-04-09,KOSDAQ,741.0,741.0,741.0,741.0,0.0,0.0,0.0,
32519,20260413800449,00172185,남성,004270,최대주주변경,2026-04-13,KOSPI,7530.0,7530.0,7530.0,7530.0,0.0,0.0,0.0,
24116,20260422900860,00599106,네오리진,094860,최대주주변경,2026-04-22,KOSDAQ,1430.0,1490.0,1501.0,1500.0,0.04195804195804187,0.04965034965034976,0.04895104895104896,
23475,20260423800623,00160232,KSS해운,044450,최대주주변경,2026-04-23,KOSPI,13460.0,12950.0,12970.0,12820.0,-0.03789004457652301,-0.036404160475482894,-0.04754829123328386,
23485,20260423800653,00160232,KSS해운,044450,최대주주등소유주식변동신고서(최대주주변경시),2026-04-23,KOSPI,13460.0,12950.0,12970.0,12820.0,-0.03789004457652301,-0.036404160475482894,-0.04754829123328386,
11008,20260513901165,01305869,세니젠,188260,최대주주변경,2026-05-13,KOSDAQ,2225.0,2005.0,1917.0,1976.0,-0.09887640449438206,-0.1384269662921348,-0.1119101123595505,
4561,20260520900686,00231691,판타지오,032800,최대주주변경,2026-05-20,KOSDAQ,2020.0,1978.0,1965.0,1870.0,-0.02079207920792081,-0.027227722772277252,-0.07425742574257421,
3810,20260521900719,01142075,핑거,163730,최대주주변경,2026-05-21,KOSDAQ,18900.0,19350.0,18430.0,16700.0,0.023809523809523725,-0.024867724867724816,-0.1164021164021164,
3800,20260521900803,00130587,서울전자통신,027040,최대주주변경을수반하는주식양수도계약체결,2026-05-21,KOSDAQ,2400.0,2400.0,2400.0,2315.0,0.0,0.0,-0.03541666666666665,
129683,20260528901058,00130587,서울전자통신,027040,최대주주변경,2026-05-28,KOSDAQ,3120.0,2315.0,2055.0,2245.0,-0.2580128205128205,-0.34134615384615385,-0.28044871794871795,
129682,20260528901060,00130587,서울전자통신,027040,최대주주변경을수반하는주식담보제공계약체결,2026-05-28,KOSDAQ,3120.0,2315.0,2055.0,2245.0,-0.2580128205128205,-0.34134615384615385,-0.28044871794871795,
125890,20260601900524,00109268,대동스틸,048470,최대주주변경,2026-06-01,KOSDAQ,2845.0,2810.0,2905.0,2895.0,-0.012302284710017597,0.02108963093145877,0.017574692442882345,
121435,20260608800806,00861076,케이탑리츠,145270,최대주주등소유주식변동신고서(최대주주변경시),2026-06-08,KOSPI,756.0,756.0,762.0,770.0,0.0,0.007936507936507908,0.0185185185185186,
121322,20260608800852,00861076,케이탑리츠,145270,최대주주변경,2026-06-08,KOSPI,756.0,756.0,762.0,770.0,0.0,0.007936507936507908,0.0185185185185186,
114920,20260619900968,01137383,카카오게임즈,293490,최대주주변경,2026-06-19,KOSDAQ,8810.0,10040.0,8730.0,6930.0,0.13961407491486955,-0.009080590238365494,-0.2133938706015891,
113732,20260623900776,00366942,미코,059090,최대주주변경을수반하는주식담보제공계약체결,2026-06-23,KOSDAQ,19920.0,18390.0,17750.0,,-0.0768072289156626,-0.10893574297188757,,
