id,receipt_no,corp_code,corp_name,stock_code,report_name,event_date,market,t0_close,t+1_close,t+2_close,t+5_close,ret_1d,ret_2d,ret_5d,error
1317979,20210628000277,00161709,퍼시스,016800,[연장결정]주요사항보고서(자기주식취득신탁계약체결결정),2021-06-28,KOSPI,40400.0,40000.0,40000.0,38500.0,-0.00990099009900991,-0.00990099009900991,-0.04702970297029707,
1106934,20220610000416,00161709,퍼시스,016800,[연장결정]주요사항보고서(자기주식취득신탁계약체결결정),2022-06-10,KOSPI,34200.0,34700.0,33300.0,32750.0,0.014619883040935644,-0.02631578947368418,-0.042397660818713434,
870525,20230627000512,00161709,퍼시스,016800,[연장결정]주요사항보고서(자기주식취득신탁계약체결결정),2023-06-27,KOSPI,30500.0,30350.0,30300.0,30300.0,-0.004918032786885296,-0.006557377049180357,-0.006557377049180357,
624150,20240628000566,00161709,퍼시스,016800,주요사항보고서(자기주식취득신탁계약해지결정),2024-06-28,KOSPI,51000.0,49800.0,51600.0,50800.0,-0.02352941176470591,0.0117647058823529,-0.0039215686274509665,
1317350,20210629000339,00158307,롯데하이마트,071840,자기주식취득결과보고서,2021-06-29,KOSPI,35850.0,35800.0,35100.0,35850.0,-0.001394700139469962,-0.02092050209205021,0.0,
1316254,20210630800539,00860332,메리츠금융지주,138040,주요사항보고서(자기주식취득신탁계약체결결정)(자회사의 주요경영사항),2021-06-30,KOSPI,21200.0,21250.0,21300.0,22250.0,0.002358490566037652,0.004716981132075526,0.04952830188679247,
1288520,20210830000955,00860332,메리츠금융지주,138040,주요사항보고서(자기주식취득신탁계약체결결정),2021-08-30,KOSPI,27000.0,28750.0,30750.0,33900.0,0.06481481481481488,0.13888888888888884,0.25555555555555554,
1286736,20210831800318,00860332,메리츠금융지주,138040,주요사항보고서(자기주식취득신탁계약체결결정)(자회사의 주요경영사항),2021-08-31,KOSPI,28750.0,30750.0,31700.0,35700.0,0.06956521739130439,0.1026086956521739,0.24173913043478268,
1258484,20211112800947,00860332,메리츠금융지주,138040,주요사항보고서(자기주식취득신탁계약체결결정)(자회사의 주요경영사항),2021-11-12,KOSPI,34050.0,34150.0,34100.0,35100.0,0.002936857562408246,0.001468428781204123,0.03083700440528636,
1251682,20211125800381,00860332,메리츠금융지주,138040,주요사항보고서(자기주식취득신탁계약체결결정)(자회사의 주요경영사항),2021-11-25,KOSPI,35700.0,36150.0,35000.0,34950.0,0.012605042016806678,-0.019607843137254943,-0.021008403361344574,
1207703,20220221001983,00860332,메리츠금융지주,138040,주요사항보고서(자기주식취득신탁계약체결결정),2022-02-21,KOSPI,38150.0,40150.0,39650.0,36850.0,0.05242463958060295,0.03931847968545221,-0.03407601572739183,
1207717,20220221800671,00860332,메리츠금융지주,138040,주요사항보고서(자기주식취득신탁계약체결결정)(자회사의 주요경영사항),2022-02-21,KOSPI,38150.0,40150.0,39650.0,36850.0,0.05242463958060295,0.03931847968545221,-0.03407601572739183,
1196412,20220304000374,00860332,메리츠금융지주,138040,주요사항보고서(자기주식취득신탁계약해지결정),2022-03-04,KOSPI,33950.0,32800.0,31700.0,31750.0,-0.03387334315169366,-0.06627393225331368,-0.06480117820324005,
1183352,20220317801255,00860332,메리츠금융지주,138040,주요사항보고서(자기주식취득신탁계약해지결정)(자회사의 주요경영사항),2022-03-17,KOSPI,34100.0,34600.0,34050.0,37800.0,0.014662756598240456,-0.0014662756598240456,0.10850439882697938,
1183193,20220317801407,00860332,메리츠금융지주,138040,주요사항보고서(자기주식취득신탁계약체결결정)(자회사의 주요경영사항),2022-03-17,KOSPI,34100.0,34600.0,34050.0,37800.0,0.014662756598240456,-0.0014662756598240456,0.10850439882697938,
1104698,20220616000284,00860332,메리츠금융지주,138040,주요사항보고서(자기주식취득신탁계약해지결정),2022-06-16,KOSPI,28100.0,27650.0,26450.0,25600.0,-0.016014234875444844,-0.05871886120996439,-0.08896797153024916,
1101562,20220623800558,00860332,메리츠금융지주,138040,주요사항보고서(자기주식취득신탁계약해지결정)(자회사의 주요경영사항),2022-06-23,KOSPI,25600.0,26600.0,27150.0,25850.0,0.0390625,0.060546875,0.009765625,
1098798,20220629800722,00860332,메리츠금융지주,138040,주요사항보고서(자기주식취득신탁계약해지결정)(자회사의 주요경영사항),2022-06-29,KOSPI,25950.0,25850.0,26200.0,26500.0,-0.003853564547206201,0.009633911368015502,0.021194605009633882,
1070894,20220829000433,00860332,메리츠금융지주,138040,주요사항보고서(자기주식취득신탁계약해지결정),2022-08-29,KOSPI,29000.0,30100.0,30800.0,27900.0,0.037931034482758585,0.06206896551724128,-0.037931034482758585,
1069164,20220830800467,00860332,메리츠금융지주,138040,주요사항보고서(자기주식취득신탁계약해지결정)(자회사의 주요경영사항),2022-08-30,KOSPI,30100.0,30800.0,29300.0,27000.0,0.023255813953488413,-0.02657807308970095,-0.10299003322259137,
1039302,20221111800930,00860332,메리츠금융지주,138040,주요사항보고서(자기주식취득신탁계약해지결정)(자회사의 주요경영사항),2022-11-11,KOSPI,27900.0,28700.0,29850.0,28050.0,0.028673835125448077,0.06989247311827951,0.005376344086021501,
1033856,20221121000163,00860332,메리츠금융지주,138040,주요사항보고서(자기주식취득신탁계약체결결정),2022-11-21,KOSPI,26750.0,34750.0,36400.0,35600.0,0.2990654205607477,0.360747663551402,0.3308411214953271,
1032397,20221124800524,00860332,메리츠금융지주,138040,주요사항보고서(자기주식취득신탁계약해지결정)(자회사의 주요경영사항),2022-11-24,KOSPI,36000.0,37050.0,35600.0,41200.0,0.029166666666666563,-0.011111111111111072,0.14444444444444438,
1005167,20230117800297,00860332,메리츠금융지주,138040,주요사항보고서(자기주식취득신탁계약해지결정)(자회사의 주요경영사항),2023-01-17,KOSPI,45950.0,47100.0,48200.0,45250.0,0.02502720348204579,0.04896626768226331,-0.015233949945593017,
989620,20230220002141,00860332,메리츠금융지주,138040,주요사항보고서(자기주식취득신탁계약해지결정),2023-02-20,KOSPI,42000.0,43400.0,41150.0,43600.0,0.03333333333333344,-0.020238095238095277,0.03809523809523818,
966017,20230316801506,00860332,메리츠금융지주,138040,주요사항보고서(자기주식취득신탁계약해지결정)(자회사의 주요경영사항)(메리츠증권),2023-03-16,KOSPI,41750.0,42150.0,42450.0,40650.0,0.009580838323353325,0.016766467065868262,-0.026347305389221587,
964270,20230317000698,00860332,메리츠금융지주,138040,주요사항보고서(자기주식취득신탁계약체결결정),2023-03-17,KOSPI,42150.0,42450.0,42250.0,39950.0,0.007117437722419906,0.0023724792408066353,-0.0521945432977462,
825781,20230921000274,00860332,메리츠금융지주,138040,주요사항보고서(자기주식취득신탁계약체결결정),2023-09-21,KOSPI,54000.0,57400.0,58600.0,52600.0,0.06296296296296289,0.08518518518518525,-0.025925925925925908,
798831,20231121000308,00860332,메리츠금융지주,138040,주요사항보고서(자기주식취득신탁계약해지결정),2023-11-21,KOSPI,55800.0,55700.0,55700.0,55000.0,-0.0017921146953404632,-0.0017921146953404632,-0.014336917562724039,
725151,20240315000552,00860332,메리츠금융지주,138040,주요사항보고서(자기주식취득신탁계약해지결정),2024-03-15,KOSPI,83200.0,82400.0,80200.0,84200.0,-0.009615384615384581,-0.03605769230769229,0.012019230769230838,
716875,20240322000660,00860332,메리츠금융지주,138040,주요사항보고서(자기주식취득신탁계약체결결정),2024-03-22,KOSPI,84200.0,84600.0,84900.0,81700.0,0.004750593824228044,0.008313539192398967,-0.029691211401425166,
704575,20240329003340,00860332,메리츠금융지주,138040,주요사항보고서(자기주식취득신탁계약해지결정),2024-03-29,KOSPI,81700.0,82000.0,81100.0,82800.0,0.003671970624234966,-0.007343941248470043,0.01346389228886169,
578192,20240925000359,00860332,메리츠금융지주,138040,주요사항보고서(자기주식취득신탁계약체결결정),2024-09-25,KOSPI,93200.0,99200.0,97600.0,97100.0,0.06437768240343344,0.047210300429184615,0.04184549356223166,
469235,20250321001178,00860332,메리츠금융지주,138040,주요사항보고서(자기주식취득신탁계약해지결정),2025-03-21,KOSPI,117400.0,118400.0,118200.0,123000.0,0.008517887563884052,0.006814310051107331,0.047700170357751315,
464423,20250326000769,00860332,메리츠금융지주,138040,주요사항보고서(자기주식취득신탁계약체결결정),2025-03-26,KOSPI,119600.0,122800.0,123000.0,121100.0,0.026755852842809347,0.028428093645485042,0.012541806020066826,
459525,20250328001643,00860332,메리츠금융지주,138040,주요사항보고서(자기주식취득신탁계약해지결정),2025-03-28,KOSPI,123000.0,122000.0,121800.0,118400.0,-0.008130081300813052,-0.009756097560975618,-0.0373983739837398,
347625,20250820000169,00860332,메리츠금융지주,138040,주요사항보고서(자기주식취득신탁계약해지결정),2025-08-20,KOSPI,119000.0,128900.0,129000.0,126000.0,0.0831932773109243,0.08403361344537807,0.05882352941176472,
347598,20250820000193,00860332,메리츠금융지주,138040,주요사항보고서(자기주식취득신탁계약체결결정),2025-08-20,KOSPI,119000.0,128900.0,129000.0,126000.0,0.0831932773109243,0.08403361344537807,0.05882352941176472,
258188,20260209000141,00860332,메리츠금융지주,138040,주요사항보고서(자기주식취득신탁계약해지결정),2026-02-09,KOSPI,120800.0,122100.0,131200.0,136200.0,0.010761589403973426,0.08609271523178808,0.1274834437086092,
257790,20260209000461,00860332,메리츠금융지주,138040,주요사항보고서(자기주식취득신탁계약체결결정),2026-02-09,KOSPI,120800.0,122100.0,131200.0,136200.0,0.010761589403973426,0.08609271523178808,0.1274834437086092,
80934,20260326000117,00860332,메리츠금융지주,138040,주요사항보고서(자기주식취득신탁계약해지결정),2026-03-26,KOSPI,114200.0,116400.0,113900.0,111700.0,0.019264448336252293,-0.0026269702276707774,-0.02189141856392296,
80784,20260326000277,00860332,메리츠금융지주,138040,주요사항보고서(자기주식취득신탁계약체결결정),2026-03-26,KOSPI,114200.0,116400.0,113900.0,111700.0,0.019264448336252293,-0.0026269702276707774,-0.02189141856392296,
1315241,20210701000338,00112332,미래에셋생명,085620,자기주식취득결과보고서,2021-07-01,KOSPI,4285.0,4260.0,4255.0,4240.0,-0.005834305717619559,-0.007001166861143493,-0.010501750291715295,
1213558,20220210000413,00112332,미래에셋생명,085620,주요사항보고서(자기주식취득결정),2022-02-10,KOSPI,3870.0,4000.0,3960.0,4025.0,0.03359173126614978,0.023255813953488413,0.040051679586563305,
1184927,20220316001099,00112332,미래에셋생명,085620,자기주식취득결과보고서,2022-03-16,KOSPI,3965.0,4000.0,3995.0,4025.0,0.008827238335435084,0.007566204287515754,0.015132408575031508,
1314786,20210702000205,01391103,젝시믹스,337930,주요사항보고서(자기주식취득신탁계약체결결정),2021-07-02,KOSDAQ,9548.0,9682.0,10016.0,9214.0,0.014034352744030087,0.049015500628403874,-0.034981147884373676,
1244844,20211206000101,01391103,젝시믹스,337930,주요사항보고서(자기주식취득신탁계약체결결정),2021-12-06,KOSDAQ,9260.0,9490.0,9390.0,9410.0,0.024838012958963374,0.014038876889848728,0.016198704103671746,
520871,20250120000165,01391103,젝시믹스,337930,주요사항보고서(자기주식취득신탁계약체결결정),2025-01-20,KOSDAQ,6800.0,6510.0,6460.0,6130.0,-0.04264705882352937,-0.050000000000000044,-0.09852941176470587,
397772,20250515002878,01391103,젝시믹스,337930,주요사항보고서(자기주식취득신탁계약해지결정),2025-05-15,KOSDAQ,6860.0,5810.0,5670.0,5800.0,-0.15306122448979587,-0.173469387755102,-0.15451895043731778,
123229,20260604000053,01391103,젝시믹스,337930,주요사항보고서(자기주식취득신탁계약체결결정),2026-06-04,KOSDAQ,3075.0,3040.0,2930.0,3425.0,-0.011382113821138184,-0.047154471544715415,0.11382113821138207,
1314562,20210702000465,00478900,빅솔론,093190,자기주식취득결과보고서,2021-07-02,KOSDAQ,6310.0,6140.0,6280.0,6060.0,-0.02694136291600635,-0.004754358161648153,-0.03961965134706813,
807894,20231108000116,00478900,빅솔론,093190,주요사항보고서(자기주식취득결정),2023-11-08,KOSDAQ,5920.0,5900.0,5830.0,5670.0,-0.0033783783783783994,-0.015202702702702742,-0.042229729729729715,
763182,20240131000164,00478900,빅솔론,093190,자기주식취득결과보고서,2024-01-31,KOSDAQ,5480.0,5490.0,5530.0,5460.0,0.0018248175182482562,0.009124087591240837,-0.0036496350364964014,
613419,20240724000306,00478900,빅솔론,093190,주요사항보고서(자기주식취득결정),2024-07-24,KOSDAQ,4765.0,4660.0,4695.0,4600.0,-0.022035676810073457,-0.014690451206715638,-0.0346274921301154,
575913,20240930000100,00478900,빅솔론,093190,자기주식취득결과보고서,2024-09-30,KOSDAQ,4670.0,4635.0,4650.0,4605.0,-0.00749464668094213,-0.004282655246252709,-0.013918629550321193,
513938,20250206000138,00478900,빅솔론,093190,주요사항보고서(자기주식취득결정),2025-02-06,KOSDAQ,4825.0,4775.0,4935.0,4945.0,-0.010362694300518172,0.022797927461139844,0.024870466321243567,
411218,20250424000414,00478900,빅솔론,093190,자기주식취득결과보고서,2025-04-24,KOSDAQ,5170.0,5130.0,5350.0,5210.0,-0.007736943907156624,0.03481624758220514,0.007736943907156624,
1314440,20210702000591,00373571,스타코링크,060240,자기주식취득결과보고서,2021-07-02,KOSDAQ,91255.0,91513.0,92417.0,88028.0,0.002827242342885228,0.012733548846638465,-0.03536244589337567,
1314060,20210705000164,00175173,오스템,031510,[연장결정]주요사항보고서(자기주식취득신탁계약체결결정),2021-07-05,KOSDAQ,3830.0,3830.0,3910.0,3760.0,0.0,0.02088772845953013,-0.018276762402088753,
1267581,20211022000228,00175173,오스템,031510,[연장결정]주요사항보고서(자기주식취득신탁계약체결결정),2021-10-22,KOSDAQ,2895.0,2885.0,2915.0,2835.0,-0.003454231433506094,0.006908462867012188,-0.020725388601036232,
1191115,20220311000423,00175173,오스템,031510,[연장결정]주요사항보고서(자기주식취득신탁계약체결결정),2022-03-11,KOSDAQ,2015.0,2050.0,2025.0,2375.0,0.017369727047146455,0.00496277915632759,0.17866004962779147,
1160906,20220401002187,00175173,오스템,031510,[연장결정]주요사항보고서(자기주식취득신탁계약체결결정),2022-04-01,KOSDAQ,2325.0,2350.0,2350.0,2250.0,0.010752688172043001,0.010752688172043001,-0.032258064516129004,
1048672,20221021000171,00175173,오스템,031510,[연장결정]주요사항보고서(자기주식취득신탁계약체결결정),2022-10-21,KOSDAQ,1450.0,1485.0,1445.0,1480.0,0.024137931034482696,-0.0034482758620689724,0.020689655172413834,
973329,20230310000693,00175173,오스템,031510,[연장결정]주요사항보고서(자기주식취득신탁계약체결결정),2023-03-10,KOSDAQ,1566.0,1535.0,1535.0,1598.0,-0.01979565772669223,-0.01979565772669223,0.020434227330779153,
944379,20230331002900,00175173,오스템,031510,[연장결정]주요사항보고서(자기주식취득신탁계약체결결정),2023-03-31,KOSDAQ,1574.0,1570.0,1560.0,1514.0,-0.0025412960609910717,-0.008894536213468918,-0.03811944091486663,
866097,20230705000247,00175173,오스템,031510,[연장결정]주요사항보고서(자기주식취득신탁계약체결결정),2023-07-05,KOSDAQ,1601.0,1604.0,1594.0,1566.0,0.0018738288569644101,-0.004372267332916957,-0.021861336664584674,
815677,20231020000063,00175173,오스템,031510,[연장결정]주요사항보고서(자기주식취득신탁계약체결결정),2023-10-20,KOSDAQ,1808.0,1830.0,1851.0,1923.0,0.012168141592920456,0.023783185840708043,0.06360619469026552,
734371,20240308000530,00175173,오스템,031510,[연장결정]주요사항보고서(자기주식취득신탁계약체결결정),2024-03-08,KOSDAQ,1715.0,1674.0,1684.0,1728.0,-0.023906705539358586,-0.018075801749271148,0.007580174927113603,
705184,20240329002905,00175173,오스템,031510,[연장결정]주요사항보고서(자기주식취득신탁계약체결결정),2024-03-29,KOSDAQ,1689.0,1654.0,1620.0,1546.0,-0.02072232089994075,-0.04085257548845467,-0.08466548253404382,
620375,20240705000308,00175173,오스템,031510,[연장결정]주요사항보고서(자기주식취득신탁계약체결결정),2024-07-05,KOSDAQ,1410.0,1405.0,1396.0,1385.0,-0.0035460992907800915,-0.009929078014184411,-0.01773049645390068,
587449,20240902000047,00175173,오스템,031510,주요사항보고서(자기주식취득신탁계약체결결정),2024-09-02,KOSDAQ,1254.0,1213.0,1227.0,1306.0,-0.032695374800638,-0.021531100478468845,0.04146730462519943,
569004,20241018000201,00175173,오스템,031510,[연장결정]주요사항보고서(자기주식취득신탁계약체결결정),2024-10-18,KOSDAQ,1354.0,1327.0,1323.0,1311.0,-0.019940915805022108,-0.022895125553914375,-0.03175775480059084,
487421,20250307000363,00175173,오스템,031510,[연장결정]주요사항보고서(자기주식취득신탁계약체결결정),2025-03-07,KOSDAQ,1136.0,1130.0,1120.0,1089.0,-0.005281690140845119,-0.014084507042253502,-0.041373239436619746,
459351,20250328001672,00175173,오스템,031510,[연장결정]주요사항보고서(자기주식취득신탁계약체결결정),2025-03-28,KOSDAQ,1080.0,1080.0,1087.0,1001.0,0.0,0.0064814814814815325,-0.07314814814814818,
113450,20260624000190,00175173,오스템,031510,주요사항보고서(자기주식취득신탁계약체결결정),2026-06-24,KOSDAQ,990.0,966.0,986.0,,-0.024242424242424288,-0.004040404040404066,,
1314047,20210705000170,00268002,세종텔레콤,036630,주요사항보고서(자기주식취득결정),2021-07-05,KOSDAQ,7044.0,7183.0,7138.0,6988.0,0.01973310618966506,0.0133446905167518,-0.007950028392958552,
1303067,20210730000442,00268002,세종텔레콤,036630,자기주식취득결과보고서,2021-07-30,KOSDAQ,6788.0,6755.0,6861.0,6850.0,-0.004861520329994096,0.010754272245138585,0.009133765468473776,
1075331,20220818000355,00268002,세종텔레콤,036630,주요사항보고서(자기주식취득결정),2022-08-18,KOSDAQ,2661.0,3455.0,3027.0,2983.0,0.2983840661405486,0.1375422773393462,0.1210071401728674,
1034375,20221118000531,00268002,세종텔레콤,036630,자기주식취득결과보고서,2022-11-18,KOSDAQ,3388.0,3388.0,3388.0,3544.0,0.0,0.0,0.046044864226682414,
1313775,20210706000049,00158316,NICE,034310,주요사항보고서(자기주식취득신탁계약체결결정),2021-07-06,KOSPI,18850.0,18550.0,18750.0,18750.0,-0.01591511936339518,-0.0053050397877983935,-0.0053050397877983935,
1279851,20210916000399,00158316,NICE,034310,주요사항보고서(자기주식취득신탁계약해지결정),2021-09-16,KOSPI,18150.0,18300.0,18100.0,17700.0,0.008264462809917328,-0.0027548209366391463,-0.024793388429752095,
1228943,20220105000467,00158316,NICE,034310,주요사항보고서(자기주식취득신탁계약해지결정),2022-01-05,KOSPI,16200.0,16400.0,16800.0,17050.0,0.012345679012345734,0.03703703703703698,0.05246913580246915,
1228701,20220106000041,00158316,NICE,034310,주요사항보고서(자기주식취득신탁계약체결결정),2022-01-06,KOSPI,16400.0,16800.0,16800.0,17250.0,0.024390243902439046,0.024390243902439046,0.05182926829268286,
1096131,20220705000099,00158316,NICE,034310,[연장결정]주요사항보고서(자기주식취득신탁계약체결결정),2022-07-05,KOSPI,15150.0,15200.0,14850.0,14250.0,0.0033003300330032292,-0.01980198019801982,-0.05940594059405946,
1073427,20220824000152,00158316,NICE,034310,주요사항보고서(자기주식취득신탁계약체결결정),2022-08-24,KOSPI,13650.0,13700.0,13600.0,13650.0,0.00366300366300365,-0.00366300366300365,0.0,
1026212,20221202000415,00158316,NICE,034310,주요사항보고서(자기주식취득신탁계약체결결정),2022-12-02,KOSPI,12700.0,12750.0,12850.0,13700.0,0.003937007874015741,0.011811023622047223,0.07874015748031504,
1010042,20230104000469,00158316,NICE,034310,주요사항보고서(자기주식취득신탁계약해지결정),2023-01-04,KOSPI,12650.0,12900.0,12950.0,12950.0,0.01976284584980248,0.02371541501976293,0.02371541501976293,
987550,20230223001828,00158316,NICE,034310,[연장결정]주요사항보고서(자기주식취득신탁계약체결결정),2023-02-23,KOSPI,13530.0,13450.0,13210.0,13730.0,-0.00591278640059123,-0.023651145602365142,0.014781966001478297,
880818,20230601000248,00158316,NICE,034310,[연장결정]주요사항보고서(자기주식취득신탁계약체결결정),2023-06-01,KOSPI,12180.0,12180.0,12180.0,11800.0,0.0,0.0,-0.031198686371100126,
840754,20230822000291,00158316,NICE,034310,[연장결정]주요사항보고서(자기주식취득신탁계약체결결정),2023-08-22,KOSPI,12850.0,12800.0,12940.0,13540.0,-0.0038910505836575737,0.007003891050583633,0.05369649805447474,
791845,20231130001508,00158316,NICE,034310,[연장결정]주요사항보고서(자기주식취득신탁계약체결결정),2023-11-30,KOSPI,13290.0,13220.0,13490.0,13290.0,-0.005267118133935322,0.015048908954100826,0.0,
749360,20240221001656,00158316,NICE,034310,[연장결정]주요사항보고서(자기주식취득신탁계약체결결정),2024-02-21,KOSPI,13170.0,13010.0,13200.0,13030.0,-0.012148823082763882,0.002277904328018332,-0.010630220197418327,
641935,20240530000395,00158316,NICE,034310,[연장결정]주요사항보고서(자기주식취득신탁계약체결결정),2024-05-30,KOSPI,11340.0,10870.0,10950.0,10880.0,-0.041446208112874805,-0.03439153439153442,-0.040564373897707284,
575687,20240930000294,00158316,NICE,034310,주요사항보고서(자기주식취득신탁계약해지결정),2024-09-30,KOSPI,10730.0,10620.0,10540.0,11380.0,-0.010251630941286116,-0.017707362534948756,0.06057781919850891,
575686,20240930000298,00158316,NICE,034310,주요사항보고서(자기주식취득신탁계약해지결정),2024-09-30,KOSPI,10730.0,10620.0,10540.0,11380.0,-0.010251630941286116,-0.017707362534948756,0.06057781919850891,
575413,20240930000508,00158316,NICE,034310,주요사항보고서(자기주식취득신탁계약체결결정),2024-09-30,KOSPI,10730.0,10620.0,10540.0,11380.0,-0.010251630941286116,-0.017707362534948756,0.06057781919850891,
464240,20250326000834,00158316,NICE,034310,[연장결정]주요사항보고서(자기주식취득신탁계약체결결정),2025-03-26,KOSPI,11370.0,11460.0,11120.0,10830.0,0.0079155672823219,-0.021987686895338587,-0.0474934036939314,
338102,20250904000345,00158316,NICE,034310,주요사항보고서(자기주식취득신탁계약해지결정),2025-09-04,KOSPI,13370.0,13410.0,13830.0,13900.0,0.0029917726252803867,0.03440538519072556,0.039640987284966345,
337397,20250905000428,00158316,NICE,034310,주요사항보고서(자기주식취득신탁계약체결결정),2025-09-05,KOSPI,13410.0,13830.0,13910.0,14050.0,0.031319910514541416,0.03728560775540646,0.047725577926920115,
1313005,20210707000207,00164502,현대공업,170030,주요사항보고서(자기주식취득신탁계약체결결정),2021-07-07,KOSDAQ,9110.0,8930.0,8750.0,8920.0,-0.01975850713501648,-0.03951701427003296,-0.020856201975850697,
1095612,20220706000043,00164502,현대공업,170030,[연장결정]주요사항보고서(자기주식취득신탁계약체결결정),2022-07-06,KOSDAQ,6690.0,6810.0,6940.0,7250.0,0.017937219730941756,0.03736920777279518,0.08370702541106123,
866240,20230705000100,00164502,현대공업,170030,[연장결정]주요사항보고서(자기주식취득신탁계약체결결정),2023-07-05,KOSDAQ,9190.0,9190.0,8830.0,9160.0,0.0,-0.03917301414581065,-0.0032644178454842576,
866118,20230705000225,00164502,현대공업,170030,[연장결정]주요사항보고서(자기주식취득신탁계약체결결정),2023-07-05,KOSDAQ,9190.0,9190.0,8830.0,9160.0,0.0,-0.03917301414581065,-0.0032644178454842576,
620484,20240705000159,00164502,현대공업,170030,[연장결정]주요사항보고서(자기주식취득신탁계약체결결정),2024-07-05,KOSDAQ,7070.0,7090.0,7130.0,7070.0,0.0028288543140029265,0.008486562942008558,0.0,
553618,20241118900176,00164502,현대공업,170030,자기주식취득신탁계약체결결정,2024-11-18,KOSDAQ,5070.0,5190.0,5110.0,5190.0,0.023668639053254337,0.007889546351084853,0.023668639053254337,
533833,20241219000225,00164502,현대공업,170030,주요사항보고서(자기주식취득신탁계약해지결정),2024-12-19,KOSDAQ,5020.0,4985.0,5070.0,4910.0,-0.006972111553784854,0.009960159362549792,-0.021912350597609542,
1312351,20210708000169,01234297,미원에스씨,268280,주요사항보고서(자기주식취득결정),2021-07-08,KOSPI,189500.0,190500.0,191000.0,195000.0,0.005277044854881341,0.0079155672823219,0.029023746701847042,
1305287,20210726000351,01234297,미원에스씨,268280,자기주식취득결과보고서,2021-07-27,KOSPI,180000.0,180000.0,178500.0,186500.0,0.0,-0.008333333333333304,0.036111111111111205,
1092014,20220714000288,01234297,미원에스씨,268280,주요사항보고서(자기주식취득결정),2022-07-14,KOSPI,194000.0,194000.0,195000.0,196000.0,0.0,0.005154639175257714,0.010309278350515427,
1059218,20220926000162,01234297,미원에스씨,268280,자기주식취득결과보고서,2022-09-26,KOSPI,183000.0,183500.0,181000.0,181000.0,0.002732240437158362,-0.010928961748633892,-0.010928961748633892,
1002259,20230126000418,01234297,미원에스씨,268280,주요사항보고서(자기주식취득결정),2023-01-26,KOSPI,140000.0,141200.0,140000.0,140000.0,0.008571428571428674,0.0,0.0,
908783,20230414002389,01234297,미원에스씨,268280,자기주식취득결과보고서,2023-04-14,KOSPI,136500.0,135900.0,137100.0,140700.0,-0.00439560439560438,0.00439560439560438,0.03076923076923066,
907677,20230418000247,01234297,미원에스씨,268280,주요사항보고서(자기주식취득결정),2023-04-18,KOSPI,137100.0,138300.0,139300.0,140600.0,0.00875273522975939,0.01604668125455877,0.025528811086797942,
863629,20230711000337,01234297,미원에스씨,268280,자기주식취득결과보고서,2023-07-11,KOSPI,148500.0,143300.0,151200.0,143800.0,-0.03501683501683506,0.018181818181818077,-0.031649831649831595,
862708,20230713000151,01234297,미원에스씨,268280,주요사항보고서(자기주식취득결정),2023-07-13,KOSPI,151200.0,148000.0,148100.0,145100.0,-0.021164021164021163,-0.020502645502645467,-0.04034391534391535,
820723,20231006000311,01234297,미원에스씨,268280,자기주식취득결과보고서,2023-10-06,KOSPI,138300.0,134600.0,132000.0,135400.0,-0.026753434562545197,-0.045553145336225564,-0.020968908170643563,
818647,20231012000253,01234297,미원에스씨,268280,주요사항보고서(자기주식취득결정),2023-10-12,KOSPI,132200.0,134700.0,135400.0,136800.0,0.018910741301058964,0.024205748865355536,0.03479576399394846,
787723,20231211000116,01234297,미원에스씨,268280,자기주식취득결과보고서,2023-12-11,KOSPI,132000.0,131500.0,132700.0,137100.0,-0.0037878787878787845,0.005303030303030365,0.03863636363636358,
784687,20231214000359,01234297,미원에스씨,268280,주요사항보고서(자기주식취득결정),2023-12-14,KOSPI,131800.0,140800.0,137100.0,138200.0,0.06828528072837625,0.04021244309559946,0.04855842185128978,
757329,20240208000700,01234297,미원에스씨,268280,자기주식취득결과보고서,2024-02-08,KOSPI,134300.0,135000.0,135000.0,132700.0,0.005212211466865124,0.005212211466865124,-0.011913626209977712,
751970,20240215001247,01234297,미원에스씨,268280,주요사항보고서(자기주식취득결정),2024-02-15,KOSPI,132900.0,134500.0,132700.0,132400.0,0.012039127163280705,-0.0015048908954100604,-0.003762227238525262,
662886,20240423000094,01234297,미원에스씨,268280,자기주식취득결과보고서,2024-04-23,KOSPI,138100.0,137700.0,138500.0,138600.0,-0.002896451846488013,0.002896451846488013,0.003620564808110016,
571536,20241011000476,01234297,미원에스씨,268280,주요사항보고서(자기주식취득결정),2024-10-11,KOSPI,131600.0,134900.0,139000.0,149500.0,0.025075987841945313,0.05623100303951367,0.13601823708206684,
523451,20250113000176,01234297,미원에스씨,268280,자기주식취득결과보고서,2025-01-13,KOSPI,135200.0,136000.0,136000.0,135600.0,0.00591715976331364,0.00591715976331364,0.002958579881656709,
514532,20250205000274,01234297,미원에스씨,268280,주요사항보고서(자기주식취득결정),2025-02-05,KOSPI,133000.0,141900.0,145500.0,138500.0,0.0669172932330826,0.09398496240601495,0.041353383458646586,
405791,20250502000067,01234297,미원에스씨,268280,자기주식취득결과보고서,2025-05-02,KOSPI,155000.0,164600.0,157900.0,157100.0,0.06193548387096781,0.01870967741935492,0.013548387096774084,
370180,20250710000280,01234297,미원에스씨,268280,주요사항보고서(자기주식취득결정),2025-07-10,KOSPI,151300.0,155000.0,154400.0,151500.0,0.024454725710508995,0.020489094514210215,0.0013218770654328527,
338330,20250904000038,01234297,미원에스씨,268280,자기주식취득결과보고서,2025-09-04,KOSPI,140600.0,140200.0,139400.0,142900.0,-0.002844950213371278,-0.008534850640113834,0.016358463726884764,
292544,20251211000205,01234297,미원에스씨,268280,주요사항보고서(자기주식취득결정),2025-12-11,KOSPI,137300.0,140100.0,140100.0,141000.0,0.02039329934450107,0.02039329934450107,0.02694828841951935,
249247,20260220001730,01234297,미원에스씨,268280,자기주식취득결과보고서,2026-02-20,KOSPI,140600.0,143500.0,143100.0,131200.0,0.020625889046941737,0.017780938833570348,-0.06685633001422475,
1312349,20210708800171,00706715,미원홀딩스,107590,주요사항보고서(자기주식취득결정)(자회사의 주요경영사항),2021-07-08,KOSPI,128000.0,125000.0,125500.0,130000.0,-0.0234375,-0.01953125,0.015625,
1120170,20220517800269,00706715,미원홀딩스,107590,주요사항보고서(자기주식취득결정)(자회사의 주요경영사항),2022-05-17,KOSPI,138000.0,137500.0,138000.0,134500.0,-0.0036231884057971175,0.0,-0.025362318840579712,
1092000,20220714800251,00706715,미원홀딩스,107590,주요사항보고서(자기주식취득결정)(자회사의 주요경영사항),2022-07-14,KOSPI,132000.0,130500.0,132500.0,132500.0,-0.011363636363636354,0.0037878787878788955,0.0037878787878788955,
1083153,20220805800310,00706715,미원홀딩스,107590,주요사항보고서(자기주식취득결정)(자회사의 주요경영사항),2022-08-05,KOSPI,136000.0,136000.0,136000.0,136000.0,0.0,0.0,0.0,
1051428,20221014800144,00706715,미원홀딩스,107590,주요사항보고서(자기주식취득결정)(자회사의 주요경영사항),2022-10-14,KOSPI,127000.0,126500.0,126500.0,124500.0,-0.003937007874015741,-0.003937007874015741,-0.019685039370078705,
1024759,20221207800181,00706715,미원홀딩스,107590,주요사항보고서(자기주식취득결정)(자회사의 주요경영사항),2022-12-07,KOSPI,112000.0,114000.0,113000.0,112000.0,0.017857142857142794,0.008928571428571397,0.0,
1002254,20230126800469,00706715,미원홀딩스,107590,주요사항보고서(자기주식취득결정)(자회사의 주요경영사항),2023-01-26,KOSPI,100000.0,100200.0,100300.0,99900.0,0.0020000000000000018,0.0029999999999998916,-0.0010000000000000009,
907656,20230418800212,00706715,미원홀딩스,107590,주요사항보고서(자기주식취득결정)(자회사의 주요경영사항),2023-04-18,KOSPI,100100.0,100000.0,100400.0,101000.0,-0.0009990009990009652,0.0029970029970030065,0.00899100899100902,
862703,20230713800192,00706715,미원홀딩스,107590,주요사항보고서(자기주식취득결정)(자회사의 주요경영사항),2023-07-13,KOSPI,99300.0,99300.0,97800.0,98600.0,0.0,-0.015105740181268867,-0.007049345417925457,
818632,20231012800300,00706715,미원홀딩스,107590,주요사항보고서(자기주식취득결정)(자회사의 주요경영사항),2023-10-12,KOSPI,87300.0,87200.0,86500.0,83500.0,-0.001145475372279492,-0.009163802978235935,-0.043528064146620804,
784681,20231214801195,00706715,미원홀딩스,107590,주요사항보고서(자기주식취득결정)(자회사의 주요경영사항),2023-12-14,KOSPI,78800.0,80000.0,79300.0,79200.0,0.015228426395939021,0.006345177664974555,0.0050761421319796,
751962,20240215801205,00706715,미원홀딩스,107590,주요사항보고서(자기주식취득결정)(자회사의 주요경영사항),2024-02-15,KOSPI,79500.0,79200.0,79600.0,78800.0,-0.0037735849056603765,0.0012578616352201255,-0.008805031446540879,
722298,20240320800261,00706715,미원홀딩스,107590,주요사항보고서(자기주식취득결정)(자회사의 주요경영사항),2024-03-20,KOSPI,77500.0,77500.0,78200.0,78300.0,0.0,0.00903225806451613,0.010322580645161228,
571474,20241011800414,00706715,미원홀딩스,107590,주요사항보고서(자기주식취득결정)(자회사의 주요경영사항),2024-10-11,KOSPI,78600.0,78100.0,79600.0,79800.0,-0.006361323155216314,0.012722646310432628,0.01526717557251911,
540738,20241211800203,00706715,미원홀딩스,107590,주요사항보고서(자기주식취득결정)(자회사의 주요경영사항),2024-12-11,KOSPI,77900.0,77200.0,76600.0,77600.0,-0.00898587933247752,-0.016688061617458283,-0.0038510911424903815,
514492,20250205800546,00706715,미원홀딩스,107590,주요사항보고서(자기주식취득결정)(자회사의 주요경영사항),2025-02-05,KOSPI,71200.0,72700.0,71800.0,72900.0,0.02106741573033699,0.008426966292134797,0.023876404494381998,
497431,20250226800340,00706715,미원홀딩스,107590,주요사항보고서(자기주식취득결정)(자회사의 주요경영사항),2025-02-26,KOSPI,72900.0,72800.0,73200.0,73200.0,-0.00137174211248281,0.004115226337448652,0.004115226337448652,
404686,20250508800180,00706715,미원홀딩스,107590,주요사항보고서(자기주식취득결정)(자회사의 주요경영사항),2025-05-08,KOSPI,75700.0,75600.0,76000.0,74000.0,-0.0013210039630119352,0.003963011889035695,-0.022457067371202122,
370160,20250710800210,00706715,미원홀딩스,107590,주요사항보고서(자기주식취득결정)(자회사의 주요경영사항),2025-07-10,KOSPI,77400.0,76900.0,75700.0,77600.0,-0.006459948320413411,-0.021963824289405687,0.0025839793281654533,
334127,20250915800232,00706715,미원홀딩스,107590,주요사항보고서(자기주식취득결정)(자회사의 주요경영사항),2025-09-15,KOSPI,72400.0,72100.0,71900.0,73100.0,-0.004143646408839796,-0.006906077348066253,0.00966850828729271,
293374,20251210800212,00706715,미원홀딩스,107590,주요사항보고서(자기주식취득결정)(자회사의 주요경영사항),2025-12-10,KOSPI,67400.0,67600.0,67800.0,67700.0,0.0029673590504450953,0.005934718100890191,0.004451038575667754,
292542,20251211800338,00706715,미원홀딩스,107590,주요사항보고서(자기주식취득결정)(자회사의 주요경영사항),2025-12-11,KOSPI,67600.0,67800.0,68000.0,67700.0,0.002958579881656709,0.00591715976331364,0.0014792899408284654,
16401,20260504800253,00706715,미원홀딩스,107590,주요사항보고서(자기주식취득결정)(자회사의 주요경영사항),2026-05-04,KOSPI,62500.0,62700.0,61700.0,58500.0,0.0032000000000000917,-0.012800000000000034,-0.06399999999999995,
1311813,20210709000088,00530121,디에스케이,109740,주요사항보고서(자기주식취득결정),2021-07-09,KOSDAQ,8640.0,9550.0,9270.0,9880.0,0.10532407407407418,0.07291666666666674,0.1435185185185186,
1291572,20210824000358,00530121,디에스케이,109740,자기주식취득결과보고서,2021-08-24,KOSDAQ,8560.0,8270.0,8300.0,8320.0,-0.033878504672897214,-0.030373831775700966,-0.028037383177570097,
1065638,20220906000067,00530121,디에스케이,109740,주요사항보고서(자기주식취득결정),2022-09-06,KOSDAQ,6130.0,6070.0,5900.0,6860.0,-0.009787928221859699,-0.037520391517128826,0.11908646003262646,
1041748,20221108000261,00530121,디에스케이,109740,자기주식취득결과보고서,2022-11-08,KOSDAQ,5730.0,5730.0,5720.0,6030.0,0.0,-0.0017452006980802626,0.05235602094240832,
858307,20230725000059,00530121,디에스케이,109740,주요사항보고서(자기주식취득결정),2023-07-25,KOSDAQ,5050.0,4780.0,4760.0,5210.0,-0.05346534653465351,-0.05742574257425748,0.03168316831683171,
814493,20231024000075,00530121,디에스케이,109740,자기주식취득결과보고서,2023-10-24,KOSDAQ,5140.0,5020.0,5060.0,4990.0,-0.023346303501945553,-0.015564202334630295,-0.029182879377431914,
738340,20240305000115,00530121,디에스케이,109740,주요사항보고서(자기주식취득결정),2024-03-05,KOSDAQ,5620.0,5560.0,5550.0,5530.0,-0.010676156583629859,-0.01245551601423489,-0.016014234875444844,
654105,20240508000387,00530121,디에스케이,109740,자기주식취득결과보고서,2024-05-08,KOSDAQ,6080.0,6170.0,6140.0,5990.0,0.014802631578947345,0.009868421052631637,-0.014802631578947345,
478786,20250314000392,00530121,디에스케이,109740,주요사항보고서(자기주식취득결정),2025-03-14,KOSDAQ,4155.0,4415.0,4490.0,4310.0,0.0625752105896511,0.08062575210589662,0.03730445246690728,
381446,20250617000325,00530121,디에스케이,109740,자기주식취득결과보고서,2025-06-17,KOSDAQ,7600.0,7960.0,7820.0,7770.0,0.047368421052631504,0.02894736842105261,0.022368421052631593,
1311757,20210709000135,00612294,피엔티,137400,[연장결정]주요사항보고서(자기주식취득신탁계약체결결정),2021-07-09,KOSDAQ,23950.0,23900.0,25200.0,26650.0,-0.0020876826722338038,0.05219206680584554,0.11273486430062629,
1299359,20210811000160,00612294,피엔티,137400,[연장결정]주요사항보고서(자기주식취득신탁계약체결결정),2021-08-11,KOSDAQ,27750.0,29450.0,28800.0,27050.0,0.0612612612612613,0.037837837837837895,-0.02522522522522519,
1094311,20220708000271,00612294,피엔티,137400,[연장결정]주요사항보고서(자기주식취득신탁계약체결결정),2022-07-08,KOSDAQ,42200.0,41550.0,39500.0,41000.0,-0.0154028436018957,-0.06398104265402849,-0.028436018957345932,
394974,20250523000121,00612294,피엔티,137400,주요사항보고서(자기주식취득신탁계약체결결정),2025-05-23,KOSDAQ,31350.0,31200.0,30150.0,31450.0,-0.004784688995215336,-0.038277511961722466,0.0031897926634769647,
1311646,20210709000241,00130684,서울도시가스,017390,[연장결정]주요사항보고서(자기주식취득신탁계약체결결정),2021-07-09,KOSPI,139500.0,140500.0,140000.0,139000.0,0.007168458781362075,0.0035842293906809264,-0.0035842293906810374,
1300941,20210806000053,00130684,서울도시가스,017390,[연장결정]주요사항보고서(자기주식취득신탁계약체결결정),2021-08-06,KOSPI,140000.0,141000.0,141000.0,140500.0,0.0071428571428571175,0.0071428571428571175,0.0035714285714285587,
1093800,20220711000055,00130684,서울도시가스,017390,주요사항보고서(자기주식취득신탁계약해지결정),2022-07-11,KOSPI,244000.0,243000.0,243500.0,240500.0,-0.004098360655737654,-0.002049180327868827,-0.014344262295082011,
1082160,20220809000112,00130684,서울도시가스,017390,[연장결정]주요사항보고서(자기주식취득신탁계약체결결정),2022-08-09,KOSPI,251500.0,249500.0,250000.0,262500.0,-0.007952286282306154,-0.005964214711729587,0.04373757455268379,
851170,20230809000221,00130684,서울도시가스,017390,[연장결정]주요사항보고서(자기주식취득신탁계약체결결정),2023-08-09,KOSPI,69900.0,73400.0,74400.0,68600.0,0.05007153075822601,0.06437768240343344,-0.01859799713876964,
606182,20240809000167,00130684,서울도시가스,017390,[연장결정]주요사항보고서(자기주식취득신탁계약체결결정),2024-08-09,KOSPI,54100.0,54500.0,55000.0,54700.0,0.007393715341959428,0.01663585951940849,0.01109057301293892,
357440,20250808000149,00130684,서울도시가스,017390,[연장결정]주요사항보고서(자기주식취득신탁계약체결결정),2025-08-08,KOSPI,62600.0,61500.0,61900.0,61000.0,-0.01757188498402551,-0.011182108626198062,-0.025559105431309903,
356156,20250811000555,00130684,서울도시가스,017390,주요사항보고서(자기주식취득신탁계약해지결정),2025-08-11,KOSPI,61500.0,61900.0,61300.0,60300.0,0.006504065040650486,-0.003252032520325243,-0.019512195121951237,
1310812,20210712000343,00225159,SNT홀딩스,036530,주요사항보고서(자기주식취득신탁계약해지결정),2021-07-12,KOSPI,20750.0,20650.0,20650.0,20300.0,-0.004819277108433773,-0.004819277108433773,-0.02168674698795181,
1278643,20210923800279,00225159,SNT홀딩스,036530,주요사항보고서(자기주식취득신탁계약해지결정)(자회사의 주요경영사항),2021-09-23,KOSPI,18400.0,18600.0,18600.0,18850.0,0.010869565217391353,0.010869565217391353,0.024456521739130377,
1258693,20211112800749,00225159,SNT홀딩스,036530,주요사항보고서(자기주식취득신탁계약해지결정)(자회사의 주요경영사항),2021-11-12,KOSPI,17750.0,17900.0,17800.0,17600.0,0.008450704225352101,0.0028169014084507005,-0.008450704225352101,
1220899,20220125800525,00225159,SNT홀딩스,036530,주요사항보고서(자기주식취득신탁계약체결결정)(자회사의 주요경영사항),2022-01-25,KOSPI,15700.0,15900.0,15550.0,16100.0,0.01273885350318471,-0.009554140127388533,0.02547770700636942,
1059987,20220923800091,00225159,SNT홀딩스,036530,주요사항보고서(자기주식취득신탁계약해지결정)(자회사의 주요경영사항),2022-09-23,KOSPI,15650.0,15000.0,14600.0,14300.0,-0.04153354632587858,-0.06709265175718848,-0.08626198083067094,
807699,20231108800370,00225159,SNT홀딩스,036530,주요사항보고서(자기주식취득신탁계약체결결정)(자회사의 주요경영사항),2023-11-08,KOSPI,16330.0,16490.0,16560.0,16970.0,0.009797917942437229,0.014084507042253502,0.039191671769748915,
616963,20240715800369,00225159,SNT홀딩스,036530,주요사항보고서(자기주식취득신탁계약해지결정)(자회사의 주요경영사항),2024-07-15,KOSPI,22150.0,21550.0,21600.0,21700.0,-0.02708803611738153,-0.02483069977426633,-0.020316027088036148,
587201,20240902800526,00225159,SNT홀딩스,036530,주요사항보고서(자기주식취득신탁계약체결결정)(자회사의 주요경영사항),2024-09-02,KOSPI,21800.0,22350.0,22000.0,22450.0,0.025229357798165042,0.00917431192660545,0.029816513761467878,
491732,20250228801061,00225159,SNT홀딩스,036530,주요사항보고서(자기주식취득신탁계약해지결정)(자회사의 주요경영사항),2025-02-28,KOSPI,32050.0,32200.0,32450.0,31450.0,0.004680187207488196,0.012480499219968744,-0.018720748829953227,
1310080,20210714000099,00138260,SIMPAC,009160,주요사항보고서(자기주식취득신탁계약해지결정),2021-07-14,KOSPI,5440.0,5710.0,6070.0,6990.0,0.049632352941176405,0.11580882352941169,0.2849264705882353,
1103224,20220621000281,00138260,SIMPAC,009160,주요사항보고서(자기주식취득신탁계약체결결정),2022-06-21,KOSPI,6400.0,6150.0,6010.0,6510.0,-0.0390625,-0.06093749999999998,0.01718749999999991,
1017345,20221221000119,00138260,SIMPAC,009160,주요사항보고서(자기주식취득신탁계약해지결정),2022-12-21,KOSPI,5070.0,5200.0,5070.0,4945.0,0.02564102564102555,0.0,-0.024654832347140054,
398876,20250515001590,00138260,SIMPAC,009160,주요사항보고서(자기주식취득결정),2025-05-15,KOSPI,4195.0,4270.0,4300.0,4440.0,0.017878426698450633,0.025029797377830842,0.05840286054827182,
348072,20250819000166,00138260,SIMPAC,009160,자기주식취득결과보고서,2025-08-19,KOSPI,4515.0,4395.0,4405.0,4505.0,-0.02657807308970095,-0.02436323366555926,-0.0022148394241418012,
1309826,20210714000375,00121932,미원상사,002840,주요사항보고서(자기주식취득결정),2021-07-14,KOSPI,213000.0,218500.0,217500.0,210000.0,0.025821596244131495,0.021126760563380254,-0.014084507042253502,
1302728,20210802000029,00121932,미원상사,002840,자기주식취득결과보고서,2021-08-02,KOSPI,207000.0,206000.0,207000.0,210500.0,-0.004830917874396157,0.0,0.01690821256038655,
1214238,20220209000571,00121932,미원상사,002840,주요사항보고서(자기주식취득결정),2022-02-09,KOSPI,181000.0,185500.0,189000.0,191000.0,0.024861878453038777,0.04419889502762442,0.05524861878453047,
1190588,20220311000901,00121932,미원상사,002840,자기주식취득결과보고서,2022-03-11,KOSPI,181000.0,177500.0,174000.0,176000.0,-0.01933701657458564,-0.03867403314917128,-0.027624309392265234,
1170852,20220329000637,00121932,미원상사,002840,주요사항보고서(자기주식취득결정),2022-03-29,KOSPI,174500.0,175500.0,176000.0,180000.0,0.005730659025787954,0.008595988538681931,0.03151862464183375,
1104104,20220617000357,00121932,미원상사,002840,자기주식취득결과보고서,2022-06-17,KOSPI,183500.0,181500.0,182500.0,176500.0,-0.010899182561307952,-0.00544959128065392,-0.038147138964577665,
1103847,20220620000021,00121932,미원상사,002840,주요사항보고서(자기주식취득결정),2022-06-20,KOSPI,181500.0,182500.0,178500.0,176500.0,0.005509641873278293,-0.016528925619834656,-0.02754820936639113,
1083332,20220805000040,00121932,미원상사,002840,자기주식취득결과보고서,2022-08-05,KOSPI,180500.0,179500.0,179000.0,180000.0,-0.005540166204986097,-0.008310249307479256,-0.0027700831024930483,
1083228,20220805000138,00121932,미원상사,002840,주요사항보고서(자기주식취득결정),2022-08-05,KOSPI,180500.0,179500.0,179000.0,180000.0,-0.005540166204986097,-0.008310249307479256,-0.0027700831024930483,
1053077,20221011000414,00121932,미원상사,002840,자기주식취득결과보고서,2022-10-11,KOSPI,170000.0,168500.0,168500.0,171000.0,-0.008823529411764675,-0.008823529411764675,0.00588235294117645,
1052594,20221012000221,00121932,미원상사,002840,주요사항보고서(자기주식취득결정),2022-10-12,KOSPI,168500.0,168500.0,169000.0,170500.0,0.0,0.0029673590504450953,0.011869436201780381,
1021957,20221213000258,00121932,미원상사,002840,자기주식취득결과보고서,2022-12-13,KOSPI,169000.0,168500.0,170000.0,174000.0,-0.00295857988165682,0.00591715976331364,0.029585798816567976,
1021151,20221214000289,00121932,미원상사,002840,주요사항보고서(자기주식취득결정),2022-12-14,KOSPI,168500.0,170000.0,172000.0,173000.0,0.008902077151335286,0.020771513353115667,0.026706231454005858,
996975,20230207000384,00121932,미원상사,002840,자기주식취득결과보고서,2023-02-07,KOSPI,169000.0,168000.0,169200.0,172500.0,-0.00591715976331364,0.0011834319526626835,0.020710059171597628,
996498,20230208000269,00121932,미원상사,002840,주요사항보고서(자기주식취득결정),2023-02-08,KOSPI,168000.0,169200.0,169500.0,173600.0,0.0071428571428571175,0.008928571428571397,0.03333333333333344,
901352,20230428000832,00121932,미원상사,002840,자기주식취득결과보고서,2023-04-28,KOSPI,169000.0,167500.0,167900.0,164400.0,-0.00887573964497046,-0.0065088757396449815,-0.02721893491124261,
899596,20230502000611,00121932,미원상사,002840,주요사항보고서(자기주식취득결정),2023-05-02,KOSPI,167500.0,167900.0,168000.0,162000.0,0.002388059701492473,0.0029850746268655914,-0.032835820895522394,
865059,20230707000449,00121932,미원상사,002840,자기주식취득결과보고서,2023-07-07,KOSPI,171300.0,168800.0,168500.0,172800.0,-0.014594279042615343,-0.016345592527729158,0.008756567425569184,
862941,20230712000472,00121932,미원상사,002840,주요사항보고서(자기주식취득결정),2023-07-12,KOSPI,166200.0,169300.0,172800.0,165900.0,0.01865222623345364,0.03971119133573997,-0.0018050541516245744,
821846,20231004000395,00121932,미원상사,002840,자기주식취득결과보고서,2023-10-04,KOSPI,160200.0,160500.0,161200.0,162900.0,0.001872659176029856,0.006242197253433224,0.016853932584269593,
819083,20231011000471,00121932,미원상사,002840,주요사항보고서(자기주식취득결정),2023-10-11,KOSPI,158500.0,162900.0,163000.0,164900.0,0.027760252365930604,0.028391167192429068,0.04037854889589898,
786899,20231212000259,00121932,미원상사,002840,자기주식취득결과보고서,2023-12-12,KOSPI,169000.0,169300.0,168900.0,167200.0,0.0017751479289940253,-0.0005917159763313418,-0.010650887573964485,
785959,20231213000424,00121932,미원상사,002840,주요사항보고서(자기주식취득결정),2023-12-13,KOSPI,169300.0,168900.0,169500.0,168400.0,-0.002362669816893037,0.0011813349084466296,-0.0053160070880095,
738031,20240305000360,00121932,미원상사,002840,자기주식취득결과보고서,2024-03-05,KOSPI,170500.0,172000.0,170200.0,170500.0,0.008797653958944274,-0.0017595307917888103,0.0,
736907,20240306000519,00121932,미원상사,002840,주요사항보고서(자기주식취득결정),2024-03-06,KOSPI,172000.0,170200.0,170400.0,171100.0,-0.010465116279069764,-0.009302325581395321,-0.005232558139534937,
643508,20240528000306,00121932,미원상사,002840,자기주식취득결과보고서,2024-05-28,KOSPI,197000.0,199200.0,199600.0,199100.0,0.01116751269035543,0.013197969543147225,0.010659898477157315,
643038,20240529000113,00121932,미원상사,002840,주요사항보고서(자기주식취득결정),2024-05-29,KOSPI,199200.0,199600.0,201500.0,201500.0,0.002008032128514081,0.011546184738955745,0.011546184738955745,
594879,20240823000388,00121932,미원상사,002840,자기주식취득결과보고서,2024-08-23,KOSPI,197900.0,203000.0,204000.0,203500.0,0.02577059120768066,0.030823648307225948,0.028297119757453304,
594225,20240826000262,00121932,미원상사,002840,주요사항보고서(자기주식취득결정),2024-08-26,KOSPI,203000.0,204000.0,202000.0,204500.0,0.0049261083743843415,-0.0049261083743842304,0.00738916256157629,
578819,20240924000213,00121932,미원상사,002840,자기주식취득결과보고서,2024-09-24,KOSPI,212000.0,206500.0,203000.0,197900.0,-0.02594339622641506,-0.04245283018867929,-0.06650943396226416,
514431,20250205000358,00121932,미원상사,002840,주요사항보고서(자기주식취득결정),2025-02-05,KOSPI,163600.0,169300.0,171200.0,175900.0,0.034841075794620924,0.046454767726161306,0.07518337408312958,
433940,20250407003005,00121932,미원상사,002840,자기주식취득결과보고서,2025-04-07,KOSPI,173700.0,172000.0,170500.0,182900.0,-0.00978698906160047,-0.01842256764536554,0.05296488198042604,
426542,20250409002291,00121932,미원상사,002840,주요사항보고서(자기주식취득결정),2025-04-09,KOSPI,170500.0,176600.0,200000.0,184300.0,0.035777126099706846,0.1730205278592376,0.0809384164222875,
372191,20250704000309,00121932,미원상사,002840,자기주식취득결과보고서,2025-07-04,KOSPI,167000.0,163600.0,161700.0,167200.0,-0.02035928143712573,-0.031736526946107735,0.0011976047904191933,
370471,20250709000474,00121932,미원상사,002840,주요사항보고서(자기주식취득결정),2025-07-09,KOSPI,162300.0,167000.0,167200.0,161400.0,0.028958718422674057,0.030191004313000702,-0.00554528650646946,
326362,20251001000339,00121932,미원상사,002840,자기주식취득결과보고서,2025-10-01,KOSPI,153900.0,156700.0,158700.0,156000.0,0.018193632228719947,0.031189083820662766,0.013645224171539905,
323211,20251015000304,00121932,미원상사,002840,주요사항보고서(자기주식취득결정),2025-10-15,KOSPI,156000.0,160900.0,158000.0,157800.0,0.03141025641025652,0.012820512820512775,0.011538461538461497,
293798,20251209000281,00121932,미원상사,002840,자기주식취득결과보고서,2025-12-09,KOSPI,153600.0,156900.0,156500.0,152900.0,0.021484375,0.01888020833333326,-0.00455729166666663,
293032,20251210000510,00121932,미원상사,002840,주요사항보고서(자기주식취득결정),2025-12-10,KOSPI,156900.0,156500.0,154600.0,154300.0,-0.002549394518801762,-0.014659018483110242,-0.016571064372211564,
111537,20260227005169,00121932,미원상사,002840,자기주식취득결과보고서,2026-02-27,KOSPI,141700.0,140000.0,130000.0,140000.0,-0.011997177134791759,-0.08256880733944949,-0.011997177134791759,
107647,20260304001442,00121932,미원상사,002840,주요사항보고서(자기주식취득결정),2026-03-04,KOSPI,130000.0,139400.0,142100.0,138800.0,0.0723076923076924,0.09307692307692306,0.06769230769230772,
124541,20260601001721,00121932,미원상사,002840,자기주식취득결과보고서,2026-06-01,KOSPI,116000.0,118400.0,122100.0,116000.0,0.020689655172413834,0.05258620689655169,0.0,
123709,20260602000280,00121932,미원상사,002840,주요사항보고서(자기주식취득결정),2026-06-02,KOSPI,118400.0,122100.0,119700.0,119200.0,0.03125,0.010979729729729826,0.006756756756756799,
1309245,20210715000359,00172936,동일산업,004890,[연장결정]주요사항보고서(자기주식취득신탁계약체결결정),2021-07-15,KOSPI,105000.0,106000.0,106000.0,105000.0,0.00952380952380949,0.00952380952380949,0.0,
1091234,20220715000357,00172936,동일산업,004890,[연장결정]주요사항보고서(자기주식취득신탁계약체결결정),2022-07-15,KOSPI,169000.0,169000.0,169000.0,178000.0,0.0,0.0,0.053254437869822535,
861319,20230717000247,00172936,동일산업,004890,[연장결정]주요사항보고서(자기주식취득신탁계약체결결정),2023-07-17,KOSPI,58400.0,58500.0,56600.0,54700.0,0.001712328767123239,-0.03082191780821919,-0.06335616438356162,
615806,20240717000335,00172936,동일산업,004890,[연장결정]주요사항보고서(자기주식취득신탁계약체결결정),2024-07-17,KOSPI,42750.0,42750.0,43000.0,42750.0,0.0,0.005847953216374213,0.0,
367351,20250717000303,00172936,동일산업,004890,주요사항보고서(자기주식취득신탁계약해지결정),2025-07-17,KOSPI,46100.0,46050.0,46150.0,45450.0,-0.0010845986984815426,0.0010845986984815426,-0.014099783080260275,
1308768,20210716000272,00136721,신영증권,001720,자기주식취득결과보고서,2021-07-16,KOSPI,64300.0,64300.0,64000.0,64300.0,0.0,-0.004665629860031051,0.0,
1307425,20210721000078,00136721,신영증권,001720,주요사항보고서(자기주식취득결정),2021-07-21,KOSPI,64000.0,64100.0,64300.0,64800.0,0.0015624999999999112,0.004687499999999956,0.012499999999999956,
1267047,20211025000193,00136721,신영증권,001720,자기주식취득결과보고서,2021-10-25,KOSPI,63500.0,63700.0,63400.0,62300.0,0.0031496062992126816,-0.0015748031496063408,-0.018897637795275646,
1126141,20220510000893,00136721,신영증권,001720,주요사항보고서(자기주식취득결정),2022-05-10,KOSPI,56400.0,57000.0,56500.0,56900.0,0.010638297872340496,0.0017730496453900457,0.00886524822695045,
1079544,20220812000808,00136721,신영증권,001720,자기주식취득결과보고서,2022-08-12,KOSPI,57400.0,57800.0,56900.0,56100.0,0.006968641114982521,-0.008710801393728262,-0.022648083623693416,
1057531,20220929000144,00136721,신영증권,001720,주요사항보고서(자기주식취득결정),2022-09-29,KOSPI,53200.0,54500.0,55500.0,56200.0,0.02443609022556381,0.043233082706766846,0.0563909774436091,
1012511,20221229000500,00136721,신영증권,001720,자기주식취득결과보고서,2022-12-29,KOSPI,57100.0,57000.0,57200.0,56300.0,-0.0017513134851138146,0.0017513134851139256,-0.014010507880910628,
1011593,20221230000460,00136721,신영증권,001720,자기주식취득결과보고서,2022-12-30,KOSPI,57000.0,57200.0,57100.0,56700.0,0.0035087719298245723,0.0017543859649122862,-0.0052631578947368585,
1308585,20210716000392,00128980,삼호개발,010960,주요사항보고서(자기주식취득신탁계약해지결정),2021-07-16,KOSPI,6400.0,6270.0,6240.0,6200.0,-0.020312499999999956,-0.025000000000000022,-0.03125,
1308246,20210719000121,00975290,에이스토리,241840,[연장결정]주요사항보고서(자기주식취득신탁계약체결결정),2021-07-19,KOSDAQ,38200.0,38500.0,41600.0,36150.0,0.007853403141361293,0.08900523560209428,-0.053664921465968574,
1269055,20211019000133,00975290,에이스토리,241840,[연장결정]주요사항보고서(자기주식취득신탁계약체결결정),2021-10-19,KOSDAQ,46100.0,48200.0,46550.0,38050.0,0.045553145336225676,0.009761388286334105,-0.17462039045553146,
1223410,20220119000312,00975290,에이스토리,241840,[연장결정]주요사항보고서(자기주식취득신탁계약체결결정),2022-01-19,KOSDAQ,26900.0,28050.0,27150.0,25600.0,0.04275092936802971,0.009293680297397744,-0.048327137546468446,
1180570,20220321000768,00975290,에이스토리,241840,[연장결정]주요사항보고서(자기주식취득신탁계약체결결정),2022-03-21,KOSDAQ,29250.0,30400.0,29950.0,29000.0,0.0393162393162394,0.023931623931623847,-0.008547008547008517,
1060662,20220921000327,00975290,에이스토리,241840,[연장결정]주요사항보고서(자기주식취득신탁계약체결결정),2022-09-21,KOSDAQ,22750.0,21900.0,21150.0,18400.0,-0.03736263736263734,-0.0703296703296703,-0.1912087912087912,
825761,20230921000303,00975290,에이스토리,241840,[연장결정]주요사항보고서(자기주식취득신탁계약체결결정),2023-09-21,KOSDAQ,14870.0,15660.0,15810.0,14740.0,0.0531271015467385,0.06321452589105592,-0.008742434431741719,
579256,20240923000256,00975290,에이스토리,241840,주요사항보고서(자기주식취득신탁계약체결결정),2024-09-23,KOSDAQ,6770.0,7200.0,7220.0,7400.0,0.06351550960118169,0.06646971935007384,0.09305760709010347,
467421,20250324000574,00975290,에이스토리,241840,[연장결정]주요사항보고서(자기주식취득신탁계약체결결정),2025-03-24,KOSDAQ,8600.0,8540.0,8420.0,7810.0,-0.006976744186046546,-0.020930232558139528,-0.0918604651162791,
1308114,20210719000230,00166227,화승인더스트리,006060,[연장결정]주요사항보고서(자기주식취득신탁계약체결결정),2021-07-19,KOSPI,7620.0,7550.0,7520.0,7290.0,-0.009186351706036766,-0.013123359580052507,-0.04330708661417326,
1210312,20220216000299,00166227,화승인더스트리,006060,주요사항보고서(자기주식취득신탁계약체결결정),2022-02-16,KOSPI,5390.0,5390.0,5320.0,5370.0,0.0,-0.012987012987012991,-0.0037105751391465214,
1105578,20220615000026,00166227,화승인더스트리,006060,주요사항보고서(자기주식취득신탁계약체결결정),2022-06-15,KOSPI,5040.0,5050.0,4925.0,4640.0,0.001984126984126977,-0.022817460317460347,-0.07936507936507942,
1098116,20220630000410,00166227,화승인더스트리,006060,주요사항보고서(자기주식취득신탁계약해지결정),2022-06-30,KOSPI,4700.0,4620.0,4560.0,4635.0,-0.017021276595744705,-0.029787234042553234,-0.013829787234042601,
1078231,20220816000578,00166227,화승인더스트리,006060,주요사항보고서(자기주식취득신탁계약해지결정),2022-08-16,KOSPI,5280.0,5320.0,5320.0,5080.0,0.007575757575757569,0.007575757575757569,-0.037878787878787845,
1063508,20220914000048,00166227,화승인더스트리,006060,주요사항보고서(자기주식취득신탁계약체결결정),2022-09-14,KOSPI,4870.0,4995.0,4995.0,5090.0,0.02566735112936347,0.02566735112936347,0.045174537987679564,
1020653,20221215000063,00166227,화승인더스트리,006060,주요사항보고서(자기주식취득신탁계약해지결정),2022-12-15,KOSPI,4170.0,4080.0,4050.0,4055.0,-0.021582733812949617,-0.02877697841726623,-0.027577937649880147,
972318,20230313000244,00166227,화승인더스트리,006060,[연장결정]주요사항보고서(자기주식취득신탁계약체결결정),2023-03-13,KOSPI,3930.0,3820.0,3950.0,3835.0,-0.027989821882951627,0.0050890585241729624,-0.024173027989821905,
829323,20230913000080,00166227,화승인더스트리,006060,[연장결정]주요사항보고서(자기주식취득신탁계약체결결정),2023-09-13,KOSPI,3415.0,3485.0,3505.0,3420.0,0.020497803806734938,0.026354319180087904,0.0014641288433381305,
733169,20240311000576,00166227,화승인더스트리,006060,[연장결정]주요사항보고서(자기주식취득신탁계약체결결정),2024-03-11,KOSPI,3200.0,3225.0,3285.0,3485.0,0.0078125,0.026562500000000044,0.08906250000000004,
581502,20240913000153,00166227,화승인더스트리,006060,[연장결정]주요사항보고서(자기주식취득신탁계약체결결정),2024-09-13,KOSPI,3710.0,3740.0,3850.0,3870.0,0.008086253369272267,0.037735849056603765,0.043126684636118684,
480416,20250313000766,00166227,화승인더스트리,006060,주요사항보고서(자기주식취득신탁계약해지결정),2025-03-13,KOSPI,5050.0,5160.0,5160.0,5130.0,0.0217821782178218,0.0217821782178218,0.015841584158415856,
403970,20250509000284,00166227,화승인더스트리,006060,주요사항보고서(자기주식취득신탁계약체결결정),2025-05-09,KOSPI,4855.0,4830.0,4895.0,4870.0,-0.005149330587023715,0.008238928939237944,0.003089598352214118,
311858,20251111000193,00166227,화승인더스트리,006060,주요사항보고서(자기주식취득신탁계약해지결정),2025-11-11,KOSPI,3855.0,3970.0,3975.0,3720.0,0.0298313878080414,0.03112840466926059,-0.035019455252918275,
1308104,20210719000244,00540863,GST,083450,주요사항보고서(자기주식취득신탁계약해지결정),2021-07-19,KOSDAQ,13806.0,14157.0,14032.0,15560.0,0.025423728813559254,0.016369694335796048,0.1270462117919744,
608366,20240805000139,00540863,GST,083450,주요사항보고서(자기주식취득신탁계약체결결정),2024-08-05,KOSDAQ,13290.0,14420.0,14690.0,15650.0,0.08502633559066974,0.10534236267870578,0.1775771256583898,
560736,20241107000093,00540863,GST,083450,주요사항보고서(자기주식취득신탁계약체결결정),2024-11-07,KOSDAQ,15580.0,16550.0,15760.0,14280.0,0.06225930680359437,0.011553273427471034,-0.08344030808729141,
544176,20241203000215,00540863,GST,083450,주요사항보고서(자기주식취득결정),2024-12-03,KOSDAQ,15150.0,15700.0,15710.0,15320.0,0.03630363036303641,0.03696369636963692,0.011221122112211157,
538111,20241213000256,00540863,GST,083450,자기주식취득결과보고서,2024-12-13,KOSDAQ,15890.0,16090.0,16340.0,15340.0,0.012586532410320928,0.028319697923222087,-0.03461296412838266,
1308101,20210719000256,00657987,KX,122450,자기주식취득결과보고서,2021-07-19,KOSDAQ,12300.0,11950.0,12500.0,11850.0,-0.028455284552845517,0.016260162601626105,-0.03658536585365857,
1011204,20230102000142,00657987,KX,122450,주요사항보고서(자기주식취득결정),2023-01-02,KOSDAQ,5190.0,5410.0,5690.0,6090.0,0.042389210019267765,0.09633911368015413,0.17341040462427748,
1000451,20230130000303,00657987,KX,122450,자기주식취득결과보고서,2023-01-30,KOSDAQ,6070.0,6050.0,5940.0,5870.0,-0.0032948929159802853,-0.021416803953871466,-0.0329489291598023,
412415,20250422000361,00657987,KX,122450,주요사항보고서(자기주식취득결정),2025-04-22,KOSDAQ,3840.0,3840.0,3790.0,4040.0,0.0,-0.01302083333333337,0.05208333333333326,
395628,20250521000396,00657987,KX,122450,자기주식취득결과보고서,2025-05-21,KOSDAQ,3880.0,3730.0,3590.0,3670.0,-0.03865979381443296,-0.07474226804123707,-0.054123711340206215,
1306846,20210722000021,00132725,SB성보,003080,[연장결정]주요사항보고서(자기주식취득신탁계약체결결정),2021-07-22,KOSPI,4780.0,4780.0,5060.0,5040.0,0.0,0.05857740585774063,0.05439330543933063,
1222138,20220121000352,00132725,SB성보,003080,[연장결정]주요사항보고서(자기주식취득신탁계약체결결정),2022-01-21,KOSPI,3805.0,3770.0,3770.0,3590.0,-0.009198423127463884,-0.009198423127463884,-0.0565045992115637,
1088692,20220722000179,00132725,SB성보,003080,[연장결정]주요사항보고서(자기주식취득신탁계약체결결정),2022-07-22,KOSPI,3580.0,3555.0,3550.0,3635.0,-0.006983240223463638,-0.008379888268156388,0.015363128491620026,
1003524,20230120000263,00132725,SB성보,003080,[연장결정]주요사항보고서(자기주식취득신탁계약체결결정),2023-01-20,KOSPI,3100.0,3105.0,3135.0,3175.0,0.001612903225806539,0.011290322580645107,0.024193548387096753,
859219,20230721000362,00132725,SB성보,003080,[연장결정]주요사항보고서(자기주식취득신탁계약체결결정),2023-07-21,KOSPI,3180.0,3180.0,2985.0,3065.0,0.0,-0.061320754716981174,-0.036163522012578664,
767836,20240122000261,00132725,SB성보,003080,[연장결정]주요사항보고서(자기주식취득신탁계약체결결정),2024-01-22,KOSPI,2920.0,2915.0,2875.0,2910.0,-0.001712328767123239,-0.015410958904109595,-0.003424657534246589,
614297,20240722000189,00132725,SB성보,003080,주요사항보고서(자기주식취득신탁계약해지결정),2024-07-22,KOSPI,2890.0,2895.0,2815.0,2815.0,0.0017301038062282892,-0.02595155709342556,-0.02595155709342556,
1306139,20210723000174,00164788,현대모비스,012330,주요사항보고서(자기주식취득결정),2021-07-23,KOSPI,279500.0,271500.0,271500.0,266500.0,-0.028622540250447193,-0.028622540250447193,-0.046511627906976716,
1267217,20211025000044,00164788,현대모비스,012330,자기주식취득결과보고서,2021-10-25,KOSPI,268500.0,270500.0,267000.0,253000.0,0.007448789571694592,-0.005586592178770999,-0.05772811918063314,
1024096,20221208000397,00164788,현대모비스,012330,주요사항보고서(자기주식취득결정),2022-12-08,KOSPI,206000.0,208500.0,208000.0,206000.0,0.012135922330097193,0.009708737864077666,0.0,
1002206,20230126000495,00164788,현대모비스,012330,자기주식취득결과보고서,2023-01-26,KOSPI,219500.0,214500.0,206500.0,206000.0,-0.02277904328018221,-0.059225512528473856,-0.06150341685649208,
857483,20230726000317,00164788,현대모비스,012330,주요사항보고서(자기주식취득결정),2023-07-26,KOSPI,235000.0,234000.0,232500.0,227500.0,-0.004255319148936176,-0.010638297872340385,-0.03191489361702127,
816533,20231018000272,00164788,현대모비스,012330,자기주식취득결과보고서,2023-10-18,KOSPI,227500.0,225000.0,218000.0,221000.0,-0.01098901098901095,-0.04175824175824172,-0.02857142857142858,
751265,20240216001385,00164788,현대모비스,012330,주요사항보고서(자기주식취득결정),2024-02-16,KOSPI,230500.0,244000.0,240000.0,247000.0,0.05856832971800441,0.04121475054229928,0.07158351409978314,
652709,20240510000826,00164788,현대모비스,012330,자기주식취득결과보고서,2024-05-10,KOSPI,227000.0,227000.0,224500.0,227500.0,0.0,-0.011013215859030812,0.0022026431718060735,
506818,20250213001638,00164788,현대모비스,012330,주요사항보고서(자기주식취득결정),2025-02-13,KOSPI,243000.0,249500.0,245500.0,255500.0,0.026748971193415683,0.010288065843621297,0.05144032921810693,
403162,20250512000288,00164788,현대모비스,012330,자기주식취득결과보고서,2025-05-12,KOSPI,261000.0,257000.0,258000.0,249500.0,-0.01532567049808431,-0.011494252873563204,-0.044061302681992376,
364167,20250725000051,00164788,현대모비스,012330,주요사항보고서(자기주식취득결정),2025-07-25,KOSPI,297500.0,300500.0,297500.0,283500.0,0.010084033613445342,0.0,-0.04705882352941182,
319366,20251024000381,00164788,현대모비스,012330,자기주식취득결과보고서,2025-10-24,KOSPI,307000.0,305000.0,304500.0,316000.0,-0.006514657980456029,-0.008143322475570036,0.02931596091205213,
22551,20260424000517,00164788,현대모비스,012330,주요사항보고서(자기주식취득결정),2026-04-24,KOSPI,422500.0,432500.0,447000.0,431500.0,0.023668639053254337,0.05798816568047327,0.02130177514792897,
1305667,20210726000041,00858124,알에스오토메이션,140670,주요사항보고서(자기주식취득결정),2021-07-26,KOSDAQ,10197.0,10477.0,10244.0,10197.0,0.027459056585270147,0.004609198783956048,0.0,
1304071,20210729000188,00858124,알에스오토메이션,140670,자기주식취득결과보고서,2021-07-29,KOSDAQ,10384.0,10244.0,10197.0,10384.0,-0.013482280431432958,-0.018008474576271194,0.0,
1217245,20220204000136,00858124,알에스오토메이션,140670,주요사항보고서(자기주식취득결정),2022-02-04,KOSDAQ,12433.0,12293.0,12200.0,11641.0,-0.011260355505509523,-0.018740448805597998,-0.06370143971688247,
1214859,20220209000093,00858124,알에스오토메이션,140670,자기주식취득결과보고서,2022-02-09,KOSDAQ,12293.0,12060.0,11641.0,12852.0,-0.018953876189701457,-0.05303831448791996,0.04547303343366149,
1103310,20220621000146,00858124,알에스오토메이션,140670,주요사항보고서(자기주식취득결정),2022-06-21,KOSDAQ,13457.0,12340.0,11548.0,12898.0,-0.08300512744296651,-0.14185925540610833,-0.04153971910529841,
1101333,20220624000060,00858124,알에스오토메이션,140670,자기주식취득결과보고서,2022-06-24,KOSDAQ,12386.0,12759.0,12898.0,11874.0,0.03011464556757626,0.041336993379622156,-0.041336993379622156,
285460,20251222000138,00858124,알에스오토메이션,140670,주요사항보고서(자기주식취득결정),2025-12-22,KOSDAQ,17650.0,16940.0,17190.0,16350.0,-0.040226628895184136,-0.02606232294617561,-0.07365439093484416,
94413,20260316000845,00858124,알에스오토메이션,140670,자기주식취득결과보고서,2026-03-16,KOSDAQ,18360.0,18740.0,19260.0,16490.0,0.020697167755991286,0.0490196078431373,-0.10185185185185186,
1304023,20210729000211,00145109,유한양행,000100,주요사항보고서(자기주식취득신탁계약체결결정),2021-07-29,KOSPI,54761.0,53973.0,54323.0,54412.0,-0.014389802961962017,-0.007998393016928063,-0.006373148773762383,
1304013,20210729000227,00145109,유한양행,000100,[연장결정]주요사항보고서(자기주식취득신탁계약체결결정),2021-07-29,KOSPI,54761.0,53973.0,54323.0,54412.0,-0.014389802961962017,-0.007998393016928063,-0.006373148773762383,
1303989,20210729000252,00145109,유한양행,000100,[연장결정]주요사항보고서(자기주식취득신탁계약체결결정),2021-07-29,KOSPI,54761.0,53973.0,54323.0,54412.0,-0.014389802961962017,-0.007998393016928063,-0.006373148773762383,
1303988,20210729000260,00145109,유한양행,000100,[연장결정]주요사항보고서(자기주식취득신탁계약체결결정),2021-07-29,KOSPI,54761.0,53973.0,54323.0,54412.0,-0.014389802961962017,-0.007998393016928063,-0.006373148773762383,
1303978,20210729000269,00145109,유한양행,000100,[연장결정]주요사항보고서(자기주식취득신탁계약체결결정),2021-07-29,KOSPI,54761.0,53973.0,54323.0,54412.0,-0.014389802961962017,-0.007998393016928063,-0.006373148773762383,
1303960,20210729000278,00145109,유한양행,000100,[연장결정]주요사항보고서(자기주식취득신탁계약체결결정),2021-07-29,KOSPI,54761.0,53973.0,54323.0,54412.0,-0.014389802961962017,-0.007998393016928063,-0.006373148773762383,
1303959,20210729000282,00145109,유한양행,000100,[연장결정]주요사항보고서(자기주식취득신탁계약체결결정),2021-07-29,KOSPI,54761.0,53973.0,54323.0,54412.0,-0.014389802961962017,-0.007998393016928063,-0.006373148773762383,
1303949,20210729000290,00145109,유한양행,000100,[연장결정]주요사항보고서(자기주식취득신탁계약체결결정),2021-07-29,KOSPI,54761.0,53973.0,54323.0,54412.0,-0.014389802961962017,-0.007998393016928063,-0.006373148773762383,
1303943,20210729000295,00145109,유한양행,000100,[연장결정]주요사항보고서(자기주식취득신탁계약체결결정),2021-07-29,KOSPI,54761.0,53973.0,54323.0,54412.0,-0.014389802961962017,-0.007998393016928063,-0.006373148773762383,
1303936,20210729000300,00145109,유한양행,000100,[연장결정]주요사항보고서(자기주식취득신탁계약체결결정),2021-07-29,KOSPI,54761.0,53973.0,54323.0,54412.0,-0.014389802961962017,-0.007998393016928063,-0.006373148773762383,
1210192,20220216000609,00145109,유한양행,000100,주요사항보고서(자기주식취득신탁계약체결결정),2022-02-16,KOSPI,52368.0,51819.0,51727.0,51544.0,-0.010483501374885407,-0.012240299419492784,-0.01573479987778792,
1086423,20220728000123,00145109,유한양행,000100,[연장결정]주요사항보고서(자기주식취득신탁계약체결결정),2022-07-28,KOSPI,52917.0,52917.0,52368.0,53100.0,0.0,-0.010374737796927214,0.0034582459323091452,
1086390,20220728000140,00145109,유한양행,000100,[연장결정]주요사항보고서(자기주식취득신탁계약체결결정),2022-07-28,KOSPI,52917.0,52917.0,52368.0,53100.0,0.0,-0.010374737796927214,0.0034582459323091452,
1086389,20220728000147,00145109,유한양행,000100,[연장결정]주요사항보고서(자기주식취득신탁계약체결결정),2022-07-28,KOSPI,52917.0,52917.0,52368.0,53100.0,0.0,-0.010374737796927214,0.0034582459323091452,
1086388,20220728000161,00145109,유한양행,000100,[연장결정]주요사항보고서(자기주식취득신탁계약체결결정),2022-07-28,KOSPI,52917.0,52917.0,52368.0,53100.0,0.0,-0.010374737796927214,0.0034582459323091452,
1086383,20220728000167,00145109,유한양행,000100,[연장결정]주요사항보고서(자기주식취득신탁계약체결결정),2022-07-28,KOSPI,52917.0,52917.0,52368.0,53100.0,0.0,-0.010374737796927214,0.0034582459323091452,
1086355,20220728000191,00145109,유한양행,000100,[연장결정]주요사항보고서(자기주식취득신탁계약체결결정),2022-07-28,KOSPI,52917.0,52917.0,52368.0,53100.0,0.0,-0.010374737796927214,0.0034582459323091452,
1086350,20220728000197,00145109,유한양행,000100,[연장결정]주요사항보고서(자기주식취득신탁계약체결결정),2022-07-28,KOSPI,52917.0,52917.0,52368.0,53100.0,0.0,-0.010374737796927214,0.0034582459323091452,
1086336,20220728000202,00145109,유한양행,000100,[연장결정]주요사항보고서(자기주식취득신탁계약체결결정),2022-07-28,KOSPI,52917.0,52917.0,52368.0,53100.0,0.0,-0.010374737796927214,0.0034582459323091452,
1086323,20220728000224,00145109,유한양행,000100,[연장결정]주요사항보고서(자기주식취득신탁계약체결결정),2022-07-28,KOSPI,52917.0,52917.0,52368.0,53100.0,0.0,-0.010374737796927214,0.0034582459323091452,
1086314,20220728000241,00145109,유한양행,000100,[연장결정]주요사항보고서(자기주식취득신탁계약체결결정),2022-07-28,KOSPI,52917.0,52917.0,52368.0,53100.0,0.0,-0.010374737796927214,0.0034582459323091452,
856111,20230728000156,00145109,유한양행,000100,[연장결정]주요사항보고서(자기주식취득신탁계약체결결정),2023-07-28,KOSPI,66325.0,69866.0,71685.0,70345.0,0.053388616660384525,0.0808141726347531,0.06061062947606488,
856110,20230728000167,00145109,유한양행,000100,[연장결정]주요사항보고서(자기주식취득신탁계약체결결정),2023-07-28,KOSPI,66325.0,69866.0,71685.0,70345.0,0.053388616660384525,0.0808141726347531,0.06061062947606488,
856103,20230728000173,00145109,유한양행,000100,[연장결정]주요사항보고서(자기주식취득신탁계약체결결정),2023-07-28,KOSPI,66325.0,69866.0,71685.0,70345.0,0.053388616660384525,0.0808141726347531,0.06061062947606488,
856101,20230728000179,00145109,유한양행,000100,[연장결정]주요사항보고서(자기주식취득신탁계약체결결정),2023-07-28,KOSPI,66325.0,69866.0,71685.0,70345.0,0.053388616660384525,0.0808141726347531,0.06061062947606488,
856080,20230728000187,00145109,유한양행,000100,[연장결정]주요사항보고서(자기주식취득신탁계약체결결정),2023-07-28,KOSPI,66325.0,69866.0,71685.0,70345.0,0.053388616660384525,0.0808141726347531,0.06061062947606488,
856077,20230728000202,00145109,유한양행,000100,[연장결정]주요사항보고서(자기주식취득신탁계약체결결정),2023-07-28,KOSPI,66325.0,69866.0,71685.0,70345.0,0.053388616660384525,0.0808141726347531,0.06061062947606488,
856052,20230728000216,00145109,유한양행,000100,[연장결정]주요사항보고서(자기주식취득신탁계약체결결정),2023-07-28,KOSPI,66325.0,69866.0,71685.0,70345.0,0.053388616660384525,0.0808141726347531,0.06061062947606488,
856050,20230728000228,00145109,유한양행,000100,[연장결정]주요사항보고서(자기주식취득신탁계약체결결정),2023-07-28,KOSPI,66325.0,69866.0,71685.0,70345.0,0.053388616660384525,0.0808141726347531,0.06061062947606488,
856024,20230728000267,00145109,유한양행,000100,[연장결정]주요사항보고서(자기주식취득신탁계약체결결정),2023-07-28,KOSPI,66325.0,69866.0,71685.0,70345.0,0.053388616660384525,0.0808141726347531,0.06061062947606488,
856023,20230728000275,00145109,유한양행,000100,[연장결정]주요사항보고서(자기주식취득신탁계약체결결정),2023-07-28,KOSPI,66325.0,69866.0,71685.0,70345.0,0.053388616660384525,0.0808141726347531,0.06061062947606488,
856006,20230728000288,00145109,유한양행,000100,[연장결정]주요사항보고서(자기주식취득신탁계약체결결정),2023-07-28,KOSPI,66325.0,69866.0,71685.0,70345.0,0.053388616660384525,0.0808141726347531,0.06061062947606488,
610909,20240730000124,00145109,유한양행,000100,[연장결정]주요사항보고서(자기주식취득신탁계약체결결정),2024-07-30,KOSPI,97600.0,94400.0,92000.0,86600.0,-0.032786885245901676,-0.05737704918032782,-0.11270491803278693,
610895,20240730000135,00145109,유한양행,000100,[연장결정]주요사항보고서(자기주식취득신탁계약체결결정),2024-07-30,KOSPI,97600.0,94400.0,92000.0,86600.0,-0.032786885245901676,-0.05737704918032782,-0.11270491803278693,
610894,20240730000138,00145109,유한양행,000100,[연장결정]주요사항보고서(자기주식취득신탁계약체결결정),2024-07-30,KOSPI,97600.0,94400.0,92000.0,86600.0,-0.032786885245901676,-0.05737704918032782,-0.11270491803278693,
610892,20240730000144,00145109,유한양행,000100,[연장결정]주요사항보고서(자기주식취득신탁계약체결결정),2024-07-30,KOSPI,97600.0,94400.0,92000.0,86600.0,-0.032786885245901676,-0.05737704918032782,-0.11270491803278693,
610891,20240730000149,00145109,유한양행,000100,[연장결정]주요사항보고서(자기주식취득신탁계약체결결정),2024-07-30,KOSPI,97600.0,94400.0,92000.0,86600.0,-0.032786885245901676,-0.05737704918032782,-0.11270491803278693,
610859,20240730000156,00145109,유한양행,000100,[연장결정]주요사항보고서(자기주식취득신탁계약체결결정),2024-07-30,KOSPI,97600.0,94400.0,92000.0,86600.0,-0.032786885245901676,-0.05737704918032782,-0.11270491803278693,
610858,20240730000163,00145109,유한양행,000100,[연장결정]주요사항보고서(자기주식취득신탁계약체결결정),2024-07-30,KOSPI,97600.0,94400.0,92000.0,86600.0,-0.032786885245901676,-0.05737704918032782,-0.11270491803278693,
610857,20240730000167,00145109,유한양행,000100,[연장결정]주요사항보고서(자기주식취득신탁계약체결결정),2024-07-30,KOSPI,97600.0,94400.0,92000.0,86600.0,-0.032786885245901676,-0.05737704918032782,-0.11270491803278693,
610855,20240730000175,00145109,유한양행,000100,[연장결정]주요사항보고서(자기주식취득신탁계약체결결정),2024-07-30,KOSPI,97600.0,94400.0,92000.0,86600.0,-0.032786885245901676,-0.05737704918032782,-0.11270491803278693,
610854,20240730000183,00145109,유한양행,000100,[연장결정]주요사항보고서(자기주식취득신탁계약체결결정),2024-07-30,KOSPI,97600.0,94400.0,92000.0,86600.0,-0.032786885245901676,-0.05737704918032782,-0.11270491803278693,
610807,20240730000189,00145109,유한양행,000100,[연장결정]주요사항보고서(자기주식취득신탁계약체결결정),2024-07-30,KOSPI,97600.0,94400.0,92000.0,86600.0,-0.032786885245901676,-0.05737704918032782,-0.11270491803278693,
463157,20250327000239,00145109,유한양행,000100,주요사항보고서(자기주식취득신탁계약해지결정),2025-03-27,KOSPI,118100.0,114000.0,109200.0,110300.0,-0.03471634208298058,-0.07535986452159182,-0.06604572396274344,
463135,20250327000310,00145109,유한양행,000100,주요사항보고서(자기주식취득신탁계약해지결정),2025-03-27,KOSPI,118100.0,114000.0,109200.0,110300.0,-0.03471634208298058,-0.07535986452159182,-0.06604572396274344,
463116,20250327000328,00145109,유한양행,000100,주요사항보고서(자기주식취득신탁계약해지결정),2025-03-27,KOSPI,118100.0,114000.0,109200.0,110300.0,-0.03471634208298058,-0.07535986452159182,-0.06604572396274344,
463093,20250327000346,00145109,유한양행,000100,주요사항보고서(자기주식취득신탁계약해지결정),2025-03-27,KOSPI,118100.0,114000.0,109200.0,110300.0,-0.03471634208298058,-0.07535986452159182,-0.06604572396274344,
463084,20250327000357,00145109,유한양행,000100,주요사항보고서(자기주식취득신탁계약해지결정),2025-03-27,KOSPI,118100.0,114000.0,109200.0,110300.0,-0.03471634208298058,-0.07535986452159182,-0.06604572396274344,
463074,20250327000364,00145109,유한양행,000100,주요사항보고서(자기주식취득신탁계약해지결정),2025-03-27,KOSPI,118100.0,114000.0,109200.0,110300.0,-0.03471634208298058,-0.07535986452159182,-0.06604572396274344,
463061,20250327000370,00145109,유한양행,000100,주요사항보고서(자기주식취득신탁계약해지결정),2025-03-27,KOSPI,118100.0,114000.0,109200.0,110300.0,-0.03471634208298058,-0.07535986452159182,-0.06604572396274344,
463056,20250327000380,00145109,유한양행,000100,주요사항보고서(자기주식취득신탁계약해지결정),2025-03-27,KOSPI,118100.0,114000.0,109200.0,110300.0,-0.03471634208298058,-0.07535986452159182,-0.06604572396274344,
463049,20250327000388,00145109,유한양행,000100,주요사항보고서(자기주식취득신탁계약해지결정),2025-03-27,KOSPI,118100.0,114000.0,109200.0,110300.0,-0.03471634208298058,-0.07535986452159182,-0.06604572396274344,
463045,20250327000394,00145109,유한양행,000100,주요사항보고서(자기주식취득신탁계약해지결정),2025-03-27,KOSPI,118100.0,114000.0,109200.0,110300.0,-0.03471634208298058,-0.07535986452159182,-0.06604572396274344,
374142,20250701000114,00145109,유한양행,000100,주요사항보고서(자기주식취득결정),2025-07-01,KOSPI,104900.0,106600.0,110000.0,106400.0,0.01620591039084851,0.04861773117254531,0.014299332697807365,
362227,20250730000149,00145109,유한양행,000100,주요사항보고서(자기주식취득신탁계약해지결정),2025-07-30,KOSPI,119800.0,118100.0,112700.0,114500.0,-0.014190317195325597,-0.05926544240400666,-0.04424040066777968,
339117,20250902000014,00145109,유한양행,000100,자기주식취득결과보고서,2025-09-02,KOSPI,114000.0,118100.0,118100.0,119900.0,0.035964912280701755,0.035964912280701755,0.05175438596491233,
1303156,20210730000364,00664181,인텔리안테크,189300,[연장결정]주요사항보고서(자기주식취득신탁계약체결결정),2021-07-30,KOSDAQ,57214.0,58085.0,57795.0,58085.0,0.015223546684377975,0.01015485720278253,0.015223546684377975,
1058189,20220928000193,00664181,인텔리안테크,189300,주요사항보고서(자기주식취득신탁계약체결결정),2022-09-28,KOSDAQ,56149.0,54697.0,53051.0,57698.0,-0.025859765979803773,-0.05517462465938838,0.027587312329694136,
764628,20240129000035,00664181,인텔리안테크,189300,주요사항보고서(자기주식취득신탁계약체결결정),2024-01-29,KOSDAQ,57600.0,57000.0,55200.0,53400.0,-0.01041666666666663,-0.04166666666666663,-0.07291666666666663,
552193,20241121000245,00664181,인텔리안테크,189300,주요사항보고서(자기주식취득신탁계약체결결정),2024-11-21,KOSDAQ,39600.0,39850.0,41250.0,39650.0,0.0063131313131312705,0.04166666666666674,0.0012626262626262985,
305416,20251119000080,00664181,인텔리안테크,189300,주요사항보고서(자기주식취득신탁계약체결결정),2025-11-19,KOSDAQ,40700.0,41700.0,40600.0,40400.0,0.024570024570024662,-0.002457002457002422,-0.0073710073710073765,
291348,20251212000344,00664181,인텔리안테크,189300,주요사항보고서(자기주식취득신탁계약해지결정),2025-12-12,KOSDAQ,48300.0,49650.0,48250.0,50800.0,0.02795031055900621,-0.0010351966873706209,0.05175983436852993,
1303144,20210730000385,00491415,인포바인,115310,[연장결정]주요사항보고서(자기주식취득신탁계약체결결정),2021-07-30,KOSDAQ,5540.0,5040.0,5930.0,5560.0,-0.09025270758122739,0.07039711191335729,0.0036101083032491488,
1212532,20220211000541,00491415,인포바인,115310,[연장결정]주요사항보고서(자기주식취득신탁계약체결결정),2022-02-11,KOSDAQ,4770.0,4600.0,4580.0,4780.0,-0.03563941299790352,-0.03983228511530401,0.002096436058700135,
1157144,20220404002496,00491415,인포바인,115310,[연장결정]주요사항보고서(자기주식취득신탁계약체결결정),2022-04-04,KOSDAQ,4770.0,4940.0,4940.0,4740.0,0.03563941299790363,0.03563941299790363,-0.0062893081761006275,
1084803,20220801000156,00491415,인포바인,115310,[연장결정]주요사항보고서(자기주식취득신탁계약체결결정),2022-08-01,KOSDAQ,7510.0,7700.0,7870.0,7690.0,0.025299600532623145,0.04793608521970705,0.023968042609853635,
993727,20230213000697,00491415,인포바인,115310,[연장결정]주요사항보고서(자기주식취득신탁계약체결결정),2023-02-13,KOSDAQ,4690.0,4800.0,4770.0,4840.0,0.023454157782516027,0.017057569296375252,0.031982942430703654,
938304,20230403003754,00491415,인포바인,115310,[연장결정]주요사항보고서(자기주식취득신탁계약체결결정),2023-04-03,KOSDAQ,5800.0,6070.0,5990.0,5920.0,0.04655172413793096,0.03275862068965507,0.020689655172413834,
854449,20230801000246,00491415,인포바인,115310,[연장결정]주요사항보고서(자기주식취득신탁계약체결결정),2023-08-01,KOSDAQ,3914.0,3968.0,3964.0,3986.0,0.0137966274910577,0.012774655084312636,0.018395503321410267,
753693,20240214001965,00491415,인포바인,115310,[연장결정]주요사항보고서(자기주식취득신탁계약체결결정),2024-02-14,KOSDAQ,4470.0,4440.0,4450.0,4440.0,-0.006711409395973145,-0.004474272930648726,-0.006711409395973145,
685699,20240405002706,00491415,인포바인,115310,[연장결정]주요사항보고서(자기주식취득신탁계약체결결정),2024-04-05,KOSDAQ,4440.0,4360.0,4360.0,4370.0,-0.018018018018018056,-0.018018018018018056,-0.015765765765765716,
609753,20240731000591,00491415,인포바인,115310,[연장결정]주요사항보고서(자기주식취득신탁계약체결결정),2024-07-31,KOSDAQ,3982.0,4050.0,4000.0,3998.0,0.017076845806127672,0.0045203415369161615,0.004018081366147674,
518764,20250123000338,00491415,인포바인,115310,주요사항보고서(자기주식취득결정),2025-01-23,KOSDAQ,5720.0,6170.0,6220.0,6220.0,0.07867132867132876,0.0874125874125875,0.0874125874125875,
507692,20250213000947,00491415,인포바인,115310,자기주식취득결과보고서,2025-02-13,KOSDAQ,6540.0,7330.0,7220.0,7600.0,0.12079510703363905,0.10397553516819569,0.1620795107033639,
507212,20250213001328,00491415,인포바인,115310,주요사항보고서(자기주식취득결정),2025-02-13,KOSDAQ,6540.0,7330.0,7220.0,7600.0,0.12079510703363905,0.10397553516819569,0.1620795107033639,
443369,20250403001764,00491415,인포바인,115310,자기주식취득결과보고서,2025-04-03,KOSDAQ,5940.0,6080.0,5860.0,5660.0,0.023569023569023573,-0.013468013468013518,-0.047138047138047146,
419907,20250411002658,00491415,인포바인,115310,주요사항보고서(자기주식취득결정),2025-04-11,KOSDAQ,6010.0,6540.0,6560.0,6200.0,0.08818635607321124,0.09151414309484185,0.03161397670549082,
369402,20250711000335,00491415,인포바인,115310,자기주식취득결과보고서,2025-07-11,KOSDAQ,13300.0,14240.0,14780.0,12680.0,0.07067669172932334,0.11127819548872186,-0.046616541353383445,
1302913,20210730000521,00377610,세아홀딩스,058650,주요사항보고서(자기주식취득신탁계약해지결정),2021-07-30,KOSPI,104500.0,104000.0,105000.0,106000.0,-0.004784688995215336,0.004784688995215225,0.014354066985645897,
1302908,20210730000533,00377610,세아홀딩스,058650,주요사항보고서(자기주식취득신탁계약체결결정),2021-07-30,KOSPI,104500.0,104000.0,105000.0,106000.0,-0.004784688995215336,0.004784688995215225,0.014354066985645897,
1213743,20220210800634,00377610,세아홀딩스,058650,주요사항보고서(자기주식취득신탁계약체결결정)(자회사의 주요경영사항),2022-02-10,KOSPI,101000.0,99500.0,103500.0,102000.0,-0.014851485148514865,0.024752475247524774,0.00990099009900991,
1085619,20220729000162,00377610,세아홀딩스,058650,주요사항보고서(자기주식취득신탁계약해지결정),2022-07-29,KOSPI,96900.0,97300.0,97100.0,99400.0,0.0041279669762641635,0.002063983488132193,0.02579979360165119,
1074972,20220819000148,00377610,세아홀딩스,058650,주요사항보고서(자기주식취득신탁계약체결결정),2022-08-19,KOSPI,101000.0,103000.0,106000.0,122000.0,0.01980198019801982,0.04950495049504955,0.20792079207920788,
1075075,20220819800006,00377610,세아홀딩스,058650,주요사항보고서(자기주식취득신탁계약해지결정)(자회사의 주요경영사항),2022-08-19,KOSPI,101000.0,103000.0,106000.0,122000.0,0.01980198019801982,0.04950495049504955,0.20792079207920788,
1075074,20220819800007,00377610,세아홀딩스,058650,주요사항보고서(자기주식취득신탁계약해지결정)(자회사의 주요경영사항),2022-08-19,KOSPI,101000.0,103000.0,106000.0,122000.0,0.01980198019801982,0.04950495049504955,0.20792079207920788,
1075073,20220819800008,00377610,세아홀딩스,058650,주요사항보고서(자기주식취득신탁계약해지결정)(자회사의 주요경영사항),2022-08-19,KOSPI,101000.0,103000.0,106000.0,122000.0,0.01980198019801982,0.04950495049504955,0.20792079207920788,
842601,20230817000168,00377610,세아홀딩스,058650,[연장결정]주요사항보고서(자기주식취득신탁계약체결결정),2023-08-17,KOSPI,106000.0,104800.0,104500.0,106400.0,-0.01132075471698113,-0.014150943396226467,0.0037735849056603765,
597224,20240819000097,00377610,세아홀딩스,058650,주요사항보고서(자기주식취득신탁계약해지결정),2024-08-19,KOSPI,101500.0,101200.0,101000.0,99500.0,-0.002955665024630516,-0.0049261083743842304,-0.019704433497536922,
5213,20260519000174,00377610,세아홀딩스,058650,주요사항보고서(자기주식취득결정),2026-05-19,KOSPI,140500.0,155800.0,155500.0,157500.0,0.1088967971530248,0.10676156583629903,0.12099644128113884,
120435,20260610000162,00377610,세아홀딩스,058650,자기주식취득결과보고서,2026-06-10,KOSPI,124500.0,124700.0,131000.0,129800.0,0.0016064257028112205,0.052208835341365445,0.0425702811244979,
1301861,20210804000054,01222432,에스제이그룹,306040,주요사항보고서(자기주식취득신탁계약해지결정),2021-08-04,KOSDAQ,26500.0,25700.0,25250.0,24900.0,-0.030188679245283012,-0.047169811320754707,-0.060377358490566024,
1059926,20220923000132,01222432,에스제이그룹,306040,주요사항보고서(자기주식취득신탁계약해지결정),2022-09-23,KOSDAQ,20750.0,19200.0,19150.0,17600.0,-0.07469879518072287,-0.07710843373493981,-0.15180722891566267,
617965,20240711000301,01222432,에스제이그룹,306040,주요사항보고서(자기주식취득신탁계약체결결정),2024-07-11,KOSDAQ,6290.0,6870.0,6830.0,6640.0,0.09220985691573924,0.08585055643879169,0.055643879173290944,
524243,20250110000474,01222432,에스제이그룹,306040,[연장결정]주요사항보고서(자기주식취득신탁계약체결결정),2025-01-10,KOSDAQ,4925.0,4900.0,4905.0,4940.0,-0.005076142131979711,-0.004060913705583702,0.003045685279187804,
1301713,20210804000251,00545114,랩지노믹스,084650,자기주식취득결과보고서,2021-08-04,KOSDAQ,5859.0,5884.0,5583.0,5499.0,0.0042669397508108275,-0.0471070148489503,-0.06144393241167434,
1301659,20210804000321,01029394,에코마케팅,230360,자기주식취득결과보고서,2021-08-04,KOSDAQ,26450.0,26400.0,25800.0,24800.0,-0.001890359168241984,-0.02457466918714557,-0.06238185255198492,
1040943,20221110000003,01029394,에코마케팅,230360,주요사항보고서(자기주식취득결정),2022-11-10,KOSDAQ,13750.0,14450.0,14300.0,14450.0,0.050909090909091015,0.040000000000000036,0.050909090909091015,
997456,20230206000410,01029394,에코마케팅,230360,자기주식취득결과보고서,2023-02-06,KOSDAQ,13810.0,13950.0,14120.0,14030.0,0.010137581462708267,0.022447501810282322,0.015930485155684293,
747631,20240223001572,01029394,에코마케팅,230360,주요사항보고서(자기주식취득결정),2024-02-23,KOSDAQ,10190.0,10390.0,10430.0,10400.0,0.01962708537782132,0.023552502453385582,0.02060843964671255,
660395,20240426000168,01029394,에코마케팅,230360,자기주식취득결과보고서,2024-04-26,KOSDAQ,14260.0,13890.0,13760.0,14300.0,-0.025946704067321136,-0.035063113604488105,0.0028050490883591017,
368317,20250715000263,01029394,에코마케팅,230360,주요사항보고서(자기주식취득결정),2025-07-15,KOSDAQ,9160.0,10440.0,10200.0,10530.0,0.13973799126637565,0.11353711790393017,0.14956331877729268,
356552,20250811000260,01029394,에코마케팅,230360,자기주식취득결과보고서,2025-08-11,KOSDAQ,12600.0,14540.0,14480.0,13610.0,0.15396825396825387,0.14920634920634912,0.0801587301587301,
1301413,20210805000037,00317681,메타바이오메드,059210,[연장결정]주요사항보고서(자기주식취득신탁계약체결결정),2021-08-05,KOSDAQ,3170.0,3175.0,3130.0,3075.0,0.001577287066246047,-0.012618296529968487,-0.029968454258675115,
1265600,20211028000087,00317681,메타바이오메드,059210,[연장결정]주요사항보고서(자기주식취득신탁계약체결결정),2021-10-28,KOSDAQ,3050.0,3065.0,3110.0,3110.0,0.004918032786885185,0.01967213114754096,0.01967213114754096,
1186302,20220316000077,00317681,메타바이오메드,059210,[연장결정]주요사항보고서(자기주식취득신탁계약체결결정),2022-03-16,KOSDAQ,2715.0,2745.0,2735.0,2735.0,0.011049723756906049,0.007366482504604033,0.007366482504604033,
1099363,20220629000104,00317681,메타바이오메드,059210,주요사항보고서(자기주식취득신탁계약체결결정),2022-06-29,KOSDAQ,2280.0,2230.0,2180.0,2220.0,-0.021929824561403466,-0.04385964912280704,-0.02631578947368418,
1064568,20220908000122,00317681,메타바이오메드,059210,[연장결정]주요사항보고서(자기주식취득신탁계약체결결정),2022-09-08,KOSDAQ,2275.0,2360.0,2310.0,2230.0,0.03736263736263745,0.01538461538461533,-0.01978021978021982,
926527,20230407001312,00317681,메타바이오메드,059210,[연장결정]주요사항보고서(자기주식취득신탁계약체결결정),2023-04-07,KOSDAQ,2275.0,2235.0,2220.0,2325.0,-0.01758241758241763,-0.0241758241758242,0.0219780219780219,
853004,20230804000029,00317681,메타바이오메드,059210,[연장결정]주요사항보고서(자기주식취득신탁계약체결결정),2023-08-04,KOSDAQ,4040.0,3950.0,4005.0,4360.0,-0.022277227722772297,-0.008663366336633671,0.07920792079207928,
812538,20231027000073,00317681,메타바이오메드,059210,[연장결정]주요사항보고서(자기주식취득신탁계약체결결정),2023-10-27,KOSDAQ,3705.0,3690.0,3660.0,3970.0,-0.004048582995951455,-0.012145748987854255,0.07152496626180826,
725572,20240315000221,00317681,메타바이오메드,059210,[연장결정]주요사항보고서(자기주식취득신탁계약체결결정),2024-03-15,KOSDAQ,4595.0,4585.0,4550.0,4445.0,-0.0021762785636560977,-0.009793253536452662,-0.03264417845484224,
624550,20240628000147,00317681,메타바이오메드,059210,[연장결정]주요사항보고서(자기주식취득신탁계약체결결정),2024-06-28,KOSDAQ,4830.0,4750.0,4965.0,4900.0,-0.0165631469979296,0.02795031055900621,0.01449275362318847,
583013,20240911000075,00317681,메타바이오메드,059210,[연장결정]주요사항보고서(자기주식취득신탁계약체결결정),2024-09-11,KOSDAQ,3830.0,3880.0,3995.0,4000.0,0.01305483028720622,0.04308093994778073,0.044386422976501416,
431256,20250408001083,00317681,메타바이오메드,059210,[연장결정]주요사항보고서(자기주식취득신탁계약체결결정),2025-04-08,KOSDAQ,4410.0,4395.0,4720.0,4880.0,-0.003401360544217691,0.07029478458049887,0.10657596371882083,
358820,20250805000298,00317681,메타바이오메드,059210,주요사항보고서(자기주식취득신탁계약해지결정),2025-08-05,KOSDAQ,5780.0,5870.0,5870.0,5610.0,0.015570934256055269,0.015570934256055269,-0.02941176470588236,
320519,20251022000251,00317681,메타바이오메드,059210,주요사항보고서(자기주식취득신탁계약해지결정),2025-10-22,KOSDAQ,6390.0,5970.0,5870.0,5660.0,-0.06572769953051638,-0.08137715179968696,-0.11424100156494521,
320518,20251022000255,00317681,메타바이오메드,059210,주요사항보고서(자기주식취득신탁계약해지결정),2025-10-22,KOSDAQ,6390.0,5970.0,5870.0,5660.0,-0.06572769953051638,-0.08137715179968696,-0.11424100156494521,
320516,20251022000256,00317681,메타바이오메드,059210,주요사항보고서(자기주식취득신탁계약해지결정),2025-10-22,KOSDAQ,6390.0,5970.0,5870.0,5660.0,-0.06572769953051638,-0.08137715179968696,-0.11424100156494521,
320512,20251022000261,00317681,메타바이오메드,059210,주요사항보고서(자기주식취득신탁계약해지결정),2025-10-22,KOSDAQ,6390.0,5970.0,5870.0,5660.0,-0.06572769953051638,-0.08137715179968696,-0.11424100156494521,
320510,20251022000265,00317681,메타바이오메드,059210,주요사항보고서(자기주식취득신탁계약해지결정),2025-10-22,KOSDAQ,6390.0,5970.0,5870.0,5660.0,-0.06572769953051638,-0.08137715179968696,-0.11424100156494521,
10398,20260514000563,00317681,메타바이오메드,059210,주요사항보고서(자기주식취득결정),2026-05-14,KOSDAQ,4290.0,4140.0,4020.0,3885.0,-0.034965034965035,-0.06293706293706292,-0.09440559440559437,
1301384,20210805000064,00524421,테스,095610,주요사항보고서(자기주식취득신탁계약체결결정),2021-08-05,KOSDAQ,30700.0,32000.0,32250.0,29800.0,0.04234527687296419,0.050488599348534224,-0.02931596091205213,
1179315,20220322000154,00524421,테스,095610,주요사항보고서(자기주식취득신탁계약체결결정),2022-03-22,KOSDAQ,27050.0,27150.0,27300.0,27250.0,0.003696857670979714,0.009242144177449063,0.007393715341959428,
1090402,20220719000091,00524421,테스,095610,주요사항보고서(자기주식취득신탁계약체결결정),2022-07-19,KOSDAQ,20450.0,20550.0,20800.0,20550.0,0.004889975550122161,0.017114914425427896,0.004889975550122161,
1301242,20210805000166,00101628,경방,000050,주요사항보고서(자기주식취득결정),2021-08-05,KOSPI,13850.0,14550.0,14550.0,14150.0,0.05054151624548742,0.05054151624548742,0.02166064981949467,
1269517,20211018000081,00101628,경방,000050,자기주식취득결과보고서,2021-10-18,KOSPI,13200.0,13300.0,13450.0,13250.0,0.007575757575757569,0.018939393939394034,0.0037878787878788955,
1262497,20211104000178,00101628,경방,000050,주요사항보고서(자기주식취득결정),2021-11-04,KOSPI,13800.0,13700.0,13850.0,13750.0,-0.007246376811594235,0.0036231884057971175,-0.0036231884057971175,
1219566,20220127000179,00101628,경방,000050,자기주식취득결과보고서,2022-01-27,KOSPI,13700.0,14000.0,14200.0,14500.0,0.021897810218978186,0.03649635036496357,0.058394160583941535,
1300908,20210806000095,00523307,다원시스,068240,[연장결정]주요사항보고서(자기주식취득신탁계약체결결정),2021-08-06,KOSDAQ,19719.0,19814.0,19814.0,19671.0,0.004817688523758745,0.004817688523758745,-0.002434200517267615,
1297752,20210813000515,00523307,다원시스,068240,[연장결정]주요사항보고서(자기주식취득신탁계약체결결정),2021-08-13,KOSDAQ,19671.0,19192.0,19766.0,19527.0,-0.024350566824259068,0.004829444359717439,-0.007320420924203153,
1288609,20210830000892,00523307,다원시스,068240,주요사항보고서(자기주식취득결정),2021-08-30,KOSDAQ,20101.0,20101.0,20149.0,19431.0,0.0,0.002387940898462837,-0.03333167504104273,
1284617,20210903000364,00523307,다원시스,068240,자기주식취득결과보고서,2021-09-03,KOSDAQ,19336.0,19431.0,19144.0,18953.0,0.004913115432354065,-0.009929664873810529,-0.01980761274306997,
1215928,20220207000446,00523307,다원시스,068240,[연장결정]주요사항보고서(자기주식취득신탁계약체결결정),2022-02-07,KOSDAQ,26372.0,26611.0,27760.0,27281.0,0.009062642196268733,0.05263157894736836,0.034468375549825625,
1211680,20220214000500,00523307,다원시스,068240,[연장결정]주요사항보고서(자기주식취득신탁계약체결결정),2022-02-14,KOSDAQ,27281.0,26802.0,27137.0,27090.0,-0.017558007404420706,-0.005278398885671387,-0.007001209633077932,
1083243,20220805000133,00523307,다원시스,068240,[연장결정]주요사항보고서(자기주식취득신탁계약체결결정),2022-08-05,KOSDAQ,22854.0,22903.0,22707.0,22658.0,0.0021440448061609274,-0.00643213441848256,-0.008576179224643377,
1079752,20220812000585,00523307,다원시스,068240,[연장결정]주요사항보고서(자기주식취득신탁계약체결결정),2022-08-12,KOSDAQ,22658.0,22903.0,22365.0,21535.0,0.010812957895665942,-0.012931414952776055,-0.0495630682319711,
997352,20230207000101,00523307,다원시스,068240,[연장결정]주요사항보고서(자기주식취득신탁계약체결결정),2023-02-07,KOSDAQ,14933.0,14991.0,14825.0,14825.0,0.0038840152681980378,-0.007232304292506542,-0.007232304292506542,
993138,20230214000758,00523307,다원시스,068240,[연장결정]주요사항보고서(자기주식취득신탁계약체결결정),2023-02-14,KOSDAQ,14825.0,14103.0,14542.0,14357.0,-0.048701517706576714,-0.01908937605396288,-0.031568296795952744,
954423,20230327000764,00523307,다원시스,068240,주요사항보고서(자기주식취득신탁계약해지결정),2023-03-27,KOSDAQ,13204.0,13605.0,13575.0,13487.0,0.03036958497425024,0.02809754619812188,0.021432899121478277,
954420,20230327000766,00523307,다원시스,068240,주요사항보고서(자기주식취득신탁계약해지결정),2023-03-27,KOSDAQ,13204.0,13605.0,13575.0,13487.0,0.03036958497425024,0.02809754619812188,0.021432899121478277,
1300802,20210806000226,00429694,파버나인,177830,[연장결정]주요사항보고서(자기주식취득신탁계약체결결정),2021-08-06,KOSDAQ,6450.0,6290.0,6090.0,5870.0,-0.024806201550387597,-0.05581395348837215,-0.08992248062015507,
1300631,20210806000364,00429694,파버나인,177830,[연장결정]주요사항보고서(자기주식취득신탁계약체결결정),2021-08-06,KOSDAQ,6450.0,6290.0,6090.0,5870.0,-0.024806201550387597,-0.05581395348837215,-0.08992248062015507,
1281196,20210914000228,00429694,파버나인,177830,[연장결정]주요사항보고서(자기주식취득신탁계약체결결정),2021-09-14,KOSDAQ,5090.0,5020.0,5030.0,5070.0,-0.013752455795677854,-0.011787819253438081,-0.003929273084479323,
1245832,20211202000174,00429694,파버나인,177830,주요사항보고서(자기주식취득신탁계약체결결정),2021-12-02,KOSDAQ,4250.0,4350.0,4375.0,4495.0,0.0235294117647058,0.02941176470588225,0.057647058823529385,
1215921,20220207000449,00429694,파버나인,177830,[연장결정]주요사항보고서(자기주식취득신탁계약체결결정),2022-02-07,KOSDAQ,4625.0,4610.0,4930.0,4505.0,-0.00324324324324321,0.06594594594594594,-0.025945945945945903,
1189021,20220314000655,00429694,파버나인,177830,[연장결정]주요사항보고서(자기주식취득신탁계약체결결정),2022-03-14,KOSDAQ,4860.0,4800.0,4880.0,5070.0,-0.012345679012345734,0.004115226337448652,0.043209876543209846,
1110177,20220602000316,00429694,파버나인,177830,[연장결정]주요사항보고서(자기주식취득신탁계약체결결정),2022-06-02,KOSDAQ,4620.0,4660.0,4565.0,4475.0,0.008658008658008587,-0.011904761904761862,-0.031385281385281405,
1089338,20220721000254,00429694,파버나인,177830,주요사항보고서(자기주식취득신탁계약체결결정),2022-07-21,KOSDAQ,3980.0,4045.0,4035.0,4080.0,0.01633165829145722,0.013819095477386911,0.025125628140703515,
1082461,20220808000160,00429694,파버나인,177830,[연장결정]주요사항보고서(자기주식취득신탁계약체결결정),2022-08-08,KOSDAQ,4105.0,4155.0,4140.0,4195.0,0.01218026796589533,0.008526187576126665,0.02192448233861155,
1063359,20220914000229,00429694,파버나인,177830,[연장결정]주요사항보고서(자기주식취득신탁계약체결결정),2022-09-14,KOSDAQ,4065.0,4070.0,3995.0,3950.0,0.0012300123001229846,-0.017220172201722006,-0.028290282902828978,
1026197,20221202000401,00429694,파버나인,177830,[연장결정]주요사항보고서(자기주식취득신탁계약체결결정),2022-12-02,KOSDAQ,3995.0,4000.0,3970.0,3990.0,0.0012515644555695093,-0.006257822277847325,-0.0012515644555695093,
1003428,20230120000454,00429694,파버나인,177830,[연장결정]주요사항보고서(자기주식취득신탁계약체결결정),2023-01-20,KOSDAQ,3750.0,3815.0,3870.0,3895.0,0.017333333333333423,0.03200000000000003,0.03866666666666663,
859273,20230721000308,00429694,파버나인,177830,[연장결정]주요사항보고서(자기주식취득신탁계약체결결정),2023-07-21,KOSDAQ,4170.0,4110.0,4115.0,4020.0,-0.014388489208633115,-0.013189448441247031,-0.03597122302158273,
780683,20231221000297,00429694,파버나인,177830,[연장결정]주요사항보고서(자기주식취득신탁계약체결결정),2023-12-21,KOSDAQ,3485.0,3495.0,3465.0,3490.0,0.0028694404591105283,-0.0057388809182209455,0.0014347202295552641,
732111,20240312000396,00429694,파버나인,177830,주요사항보고서(자기주식취득신탁계약체결결정),2024-03-12,KOSDAQ,3520.0,3540.0,3530.0,3480.0,0.005681818181818121,0.0028409090909091717,-0.011363636363636354,
586047,20240904000303,00429694,파버나인,177830,주요사항보고서(자기주식취득신탁계약체결결정),2024-09-04,KOSDAQ,3065.0,3290.0,3260.0,3280.0,0.0734094616639478,0.06362153344208799,0.07014681892332786,
582421,20240912000159,00429694,파버나인,177830,[연장결정]주요사항보고서(자기주식취득신탁계약체결결정),2024-09-12,KOSDAQ,3325.0,3280.0,3180.0,3210.0,-0.013533834586466176,-0.043609022556390986,-0.0345864661654135,
542015,20241209000206,00429694,파버나인,177830,주요사항보고서(자기주식취득신탁계약체결결정),2024-12-09,KOSDAQ,2810.0,2975.0,3000.0,3035.0,0.0587188612099645,0.06761565836298922,0.08007117437722422,
539951,20241212000060,00429694,파버나인,177830,[연장결정]주요사항보고서(자기주식취득신탁계약체결결정),2024-12-12,KOSDAQ,3040.0,3020.0,3035.0,3055.0,-0.006578947368421018,-0.00164473684210531,0.004934210526315708,
384942,20250609000251,00429694,파버나인,177830,[연장결정]주요사항보고서(자기주식취득신탁계약체결결정),2025-06-09,KOSDAQ,3035.0,3050.0,3035.0,3000.0,0.0049423393739702615,0.0,-0.011532125205930832,
248239,20260223003068,00429694,파버나인,177830,주요사항보고서(자기주식취득신탁계약체결결정),2026-02-23,KOSDAQ,2815.0,2840.0,2845.0,2770.0,0.008880994671403242,0.010657193605683846,-0.01598579040852577,
1300059,20210809000353,00572905,ISC,095340,주요사항보고서(자기주식취득신탁계약체결결정),2021-08-10,KOSDAQ,28800.0,27300.0,27400.0,27850.0,-0.05208333333333337,-0.04861111111111116,-0.03298611111111116,
1214225,20220209000553,00572905,ISC,095340,주요사항보고서(자기주식취득신탁계약해지결정),2022-02-09,KOSDAQ,30450.0,30700.0,29600.0,30400.0,0.008210180623973828,-0.02791461412151064,-0.0016420361247947435,
1299946,20210810000084,00226866,인탑스,049070,주요사항보고서(자기주식취득신탁계약체결결정),2021-08-10,KOSDAQ,29800.0,29500.0,28700.0,26400.0,-0.010067114093959773,-0.03691275167785235,-0.11409395973154357,
1290349,20210827000103,00226866,인탑스,049070,주요사항보고서(자기주식취득신탁계약체결결정),2021-08-27,KOSDAQ,26400.0,26500.0,26400.0,29000.0,0.0037878787878788955,0.0,0.0984848484848484,
1278750,20210923000151,00226866,인탑스,049070,주요사항보고서(자기주식취득신탁계약체결결정),2021-09-23,KOSDAQ,27050.0,26750.0,26700.0,25550.0,-0.011090573012939031,-0.012939001848428888,-0.055452865064695045,
1214640,20220209000223,00226866,인탑스,049070,주요사항보고서(자기주식취득신탁계약해지결정),2022-02-09,KOSDAQ,36600.0,34550.0,33750.0,31750.0,-0.05601092896174864,-0.07786885245901642,-0.13251366120218577,
1208769,20220218000605,00226866,인탑스,049070,주요사항보고서(자기주식취득신탁계약체결결정),2022-02-18,KOSDAQ,32500.0,32800.0,30750.0,33500.0,0.009230769230769154,-0.05384615384615388,0.03076923076923066,
1199627,20220228005117,00226866,인탑스,049070,주요사항보고서(자기주식취득신탁계약해지결정),2022-02-28,KOSDAQ,32900.0,32250.0,31800.0,29050.0,-0.019756838905775065,-0.033434650455927084,-0.11702127659574468,
1186156,20220316000231,00226866,인탑스,049070,주요사항보고서(자기주식취득신탁계약체결결정),2022-03-16,KOSDAQ,29450.0,34550.0,35050.0,37000.0,0.17317487266553488,0.1901528013582343,0.2563667232597624,
1178634,20220322000763,00226866,인탑스,049070,주요사항보고서(자기주식취득신탁계약해지결정),2022-03-22,KOSDAQ,35100.0,37000.0,36200.0,37600.0,0.054131054131054235,0.031339031339031376,0.07122507122507127,
1032939,20221123000269,00226866,인탑스,049070,주요사항보고서(자기주식취득신탁계약체결결정),2022-11-23,KOSDAQ,30000.0,30500.0,30200.0,29850.0,0.016666666666666607,0.006666666666666599,-0.0050000000000000044,
851766,20230808000123,00226866,인탑스,049070,주요사항보고서(자기주식취득신탁계약체결결정),2023-08-08,KOSDAQ,29550.0,29650.0,29300.0,26600.0,0.0033840947546530664,-0.008460236886632777,-0.09983079526226735,
757151,20240208000892,00226866,인탑스,049070,[연장결정]주요사항보고서(자기주식취득신탁계약체결결정),2024-02-08,KOSDAQ,28700.0,29250.0,30200.0,29900.0,0.019163763066202044,0.05226480836236935,0.04181184668989557,
611397,20240729000076,00226866,인탑스,049070,주요사항보고서(자기주식취득신탁계약체결결정),2024-07-29,KOSDAQ,21400.0,21100.0,21950.0,17700.0,-0.014018691588784993,0.025700934579439227,-0.1728971962616822,
117635,20260615000212,00226866,인탑스,049070,주요사항보고서(자기주식취득신탁계약체결결정),2026-06-15,KOSDAQ,19800.0,20700.0,20350.0,18760.0,0.045454545454545414,0.02777777777777768,-0.05252525252525253,
1299713,20210810000277,00456218,모두투어,080160,주요사항보고서(자기주식취득신탁계약해지결정),2021-08-10,KOSDAQ,24400.0,24300.0,24500.0,23000.0,-0.004098360655737654,0.004098360655737654,-0.05737704918032782,
690402,20240404001569,00456218,모두투어,080160,주요사항보고서(자기주식취득신탁계약체결결정),2024-04-04,KOSDAQ,16150.0,15870.0,15680.0,15640.0,-0.017337461300309553,-0.029102167182662564,-0.03157894736842104,
1299686,20210810000289,00134510,SJG세종,033530,[연장결정]주요사항보고서(자기주식취득신탁계약체결결정),2021-08-10,KOSPI,10300.0,9990.0,10050.0,10200.0,-0.030097087378640808,-0.024271844660194164,-0.009708737864077666,
1299698,20210810000292,00134510,SJG세종,033530,[연장결정]주요사항보고서(자기주식취득신탁계약체결결정),2021-08-10,KOSPI,10300.0,9990.0,10050.0,10200.0,-0.030097087378640808,-0.024271844660194164,-0.009708737864077666,
1107180,20220610000101,00134510,SJG세종,033530,[연장결정]주요사항보고서(자기주식취득신탁계약체결결정),2022-06-10,KOSPI,7220.0,6850.0,6510.0,5930.0,-0.05124653739612184,-0.0983379501385041,-0.17867036011080328,
1081656,20220810000159,00134510,SJG세종,033530,[연장결정]주요사항보고서(자기주식취득신탁계약체결결정),2022-08-10,KOSPI,5940.0,6160.0,6290.0,5980.0,0.03703703703703698,0.05892255892255882,0.006734006734006703,
1081655,20220810000161,00134510,SJG세종,033530,주요사항보고서(자기주식취득신탁계약해지결정),2022-08-10,KOSPI,5940.0,6160.0,6290.0,5980.0,0.03703703703703698,0.05892255892255882,0.006734006734006703,
877925,20230609000451,00134510,SJG세종,033530,[연장결정]주요사항보고서(자기주식취득신탁계약체결결정),2023-06-09,KOSPI,8420.0,8500.0,8420.0,8480.0,0.009501187648456089,0.0,0.0071258907363420665,
850096,20230810000562,00134510,SJG세종,033530,[연장결정]주요사항보고서(자기주식취득신탁계약체결결정),2023-08-10,KOSPI,7350.0,7600.0,7390.0,6970.0,0.03401360544217691,0.0054421768707482165,-0.051700680272108834,
635794,20240605000064,00134510,SJG세종,033530,[연장결정]주요사항보고서(자기주식취득신탁계약체결결정),2024-06-05,KOSPI,5780.0,5770.0,5750.0,5810.0,-0.0017301038062284002,-0.00519031141868509,0.00519031141868509,
606169,20240809000182,00134510,SJG세종,033530,[연장결정]주요사항보고서(자기주식취득신탁계약체결결정),2024-08-09,KOSPI,4635.0,4675.0,4675.0,4965.0,0.008629989212513456,0.008629989212513456,0.07119741100323629,
384206,20250611000058,00134510,SJG세종,033530,주요사항보고서(자기주식취득신탁계약해지결정),2025-06-11,KOSPI,4675.0,4640.0,4530.0,4530.0,-0.007486631016042744,-0.031016042780748654,-0.031016042780748654,
357187,20250808000361,00134510,SJG세종,033530,주요사항보고서(자기주식취득신탁계약해지결정),2025-08-08,KOSPI,4405.0,4405.0,4460.0,4925.0,0.0,0.012485811577752637,0.11804767309875142,
1299442,20210811000059,00250614,삼영엠텍,054540,주요사항보고서(자기주식취득신탁계약체결결정),2021-08-11,KOSDAQ,5520.0,5560.0,5470.0,5270.0,0.007246376811594235,-0.009057971014492794,-0.04528985507246375,
1299139,20210811000381,01181807,형지글로벌,308100,주요사항보고서(자기주식취득신탁계약체결결정),2021-08-11,KOSDAQ,13103.0,13694.0,13421.0,12830.0,0.04510417461649996,0.02426925131649238,-0.02083492330000758,
1213338,20220210000567,01181807,형지글로벌,308100,[연장결정]주요사항보고서(자기주식취득신탁계약체결결정),2022-02-10,KOSDAQ,8771.0,8517.0,8107.0,8435.0,-0.028959069661384063,-0.07570402462661041,-0.03830806065442938,
1298773,20210812000142,00358271,SFA,056190,[연장결정]주요사항보고서(자기주식취득신탁계약체결결정),2021-08-12,KOSDAQ,40800.0,40600.0,39350.0,36850.0,-0.004901960784313708,-0.035539215686274495,-0.09681372549019607,
1133832,20220414001182,00358271,SFA,056190,주요사항보고서(자기주식취득신탁계약체결결정),2022-04-14,KOSDAQ,39800.0,39300.0,39700.0,40400.0,-0.012562814070351758,-0.002512562814070307,0.015075376884422065,
1049229,20221020000179,00358271,SFA,056190,주요사항보고서(자기주식취득신탁계약체결결정),2022-10-20,KOSDAQ,38600.0,37750.0,38750.0,38800.0,-0.022020725388601003,0.0038860103626943143,0.005181347150259086,
969822,20230314001051,00358271,SFA,056190,주요사항보고서(자기주식취득신탁계약체결결정),2023-03-14,KOSDAQ,35100.0,34850.0,36450.0,37250.0,-0.007122507122507171,0.03846153846153855,0.061253561253561184,
868503,20230630000297,00358271,SFA,056190,주요사항보고서(자기주식취득신탁계약체결결정),2023-06-30,KOSDAQ,36000.0,36550.0,36300.0,35300.0,0.015277777777777724,0.008333333333333304,-0.019444444444444486,
811650,20231030000208,00358271,SFA,056190,주요사항보고서(자기주식취득신탁계약체결결정),2023-10-30,KOSDAQ,28650.0,27850.0,27950.0,29850.0,-0.027923211169284423,-0.024432809773123898,0.041884816753926746,
729542,20240313001060,00358271,SFA,056190,주요사항보고서(자기주식취득신탁계약체결결정),2024-03-13,KOSDAQ,26450.0,26350.0,25200.0,25550.0,-0.003780718336483968,-0.047258979206049156,-0.03402646502835538,
603738,20240813000623,00358271,SFA,056190,주요사항보고서(자기주식취득신탁계약체결결정),2024-08-13,KOSDAQ,24950.0,24600.0,24350.0,25200.0,-0.014028056112224463,-0.024048096192384794,0.01002004008016022,
578271,20240925000252,00358271,SFA,056190,주요사항보고서(자기주식취득신탁계약체결결정),2024-09-25,KOSDAQ,26500.0,26750.0,26600.0,25300.0,0.009433962264151052,0.0037735849056603765,-0.04528301886792452,
542714,20241206000155,00358271,SFA,056190,주요사항보고서(자기주식취득신탁계약체결결정),2024-12-06,KOSDAQ,20650.0,20250.0,19730.0,20150.0,-0.01937046004842613,-0.04455205811138019,-0.02421307506053272,
480268,20250313000828,00358271,SFA,056190,주요사항보고서(자기주식취득신탁계약체결결정),2025-03-13,KOSDAQ,19240.0,19650.0,19630.0,20450.0,0.021309771309771408,0.020270270270270174,0.06288981288981299,
399329,20250515001244,00358271,SFA,056190,주요사항보고서(자기주식취득신탁계약해지결정),2025-05-15,KOSDAQ,21850.0,22150.0,21700.0,21200.0,0.013729977116704761,-0.006864988558352381,-0.029748283752860427,
399136,20250515001534,00358271,SFA,056190,주요사항보고서(자기주식취득신탁계약해지결정),2025-05-15,KOSDAQ,21850.0,22150.0,21700.0,21200.0,0.013729977116704761,-0.006864988558352381,-0.029748283752860427,
398482,20250515001681,00358271,SFA,056190,주요사항보고서(자기주식취득신탁계약해지결정),2025-05-15,KOSDAQ,21850.0,22150.0,21700.0,21200.0,0.013729977116704761,-0.006864988558352381,-0.029748283752860427,
398263,20250515002389,00358271,SFA,056190,주요사항보고서(자기주식취득신탁계약해지결정),2025-05-15,KOSDAQ,21850.0,22150.0,21700.0,21200.0,0.013729977116704761,-0.006864988558352381,-0.029748283752860427,
397076,20250516000299,00358271,SFA,056190,주요사항보고서(자기주식취득신탁계약체결결정),2025-05-16,KOSDAQ,22150.0,21700.0,21600.0,20900.0,-0.020316027088036148,-0.02483069977426633,-0.05643340857787815,
310389,20251113000409,00358271,SFA,056190,주요사항보고서(자기주식취득신탁계약해지결정),2025-11-13,KOSDAQ,24250.0,23300.0,22300.0,21650.0,-0.039175257731958735,-0.08041237113402067,-0.10721649484536078,
308913,20251114000670,00358271,SFA,056190,주요사항보고서(자기주식취득신탁계약체결결정),2025-11-14,KOSDAQ,23300.0,22300.0,20950.0,20750.0,-0.0429184549356223,-0.10085836909871249,-0.1094420600858369,
1298720,20210812000209,00625942,한솔아이원스,114810,주요사항보고서(자기주식취득신탁계약체결결정),2021-08-12,KOSDAQ,10150.0,9830.0,9520.0,8700.0,-0.0315270935960591,-0.06206896551724139,-0.1428571428571429,
902467,20230427000684,00625942,한솔아이원스,114810,주요사항보고서(자기주식취득신탁계약체결결정),2023-04-27,KOSDAQ,8270.0,7860.0,8020.0,8290.0,-0.049576783555018156,-0.030229746070132957,0.002418379685610539,
320186,20251023000236,00625942,한솔아이원스,114810,주요사항보고서(자기주식취득결정),2025-10-23,KOSDAQ,14590.0,14250.0,13910.0,13400.0,-0.023303632625085724,-0.04660726525017134,-0.08156271418779981,
317674,20251029000149,00625942,한솔아이원스,114810,자기주식취득결과보고서,2025-10-29,KOSDAQ,13490.0,13400.0,13210.0,16500.0,-0.006671608598962209,-0.02075611564121571,0.223128243143069,
90059,20260318001453,00625942,한솔아이원스,114810,주요사항보고서(자기주식취득신탁계약체결결정),2026-03-18,KOSDAQ,14910.0,15600.0,15300.0,15230.0,0.046277665995975825,0.026156941649899457,0.021462105969148215,
1298575,20210812000364,00138367,플레이위드,023770,자기주식취득결과보고서,2021-08-12,KOSDAQ,10850.0,10550.0,9940.0,9490.0,-0.027649769585253448,-0.08387096774193548,-0.1253456221198157,
1018922,20221216000354,00138367,플레이위드,023770,주요사항보고서(자기주식취득결정),2022-12-16,KOSDAQ,6610.0,6310.0,6270.0,6260.0,-0.0453857791225416,-0.05143721633888043,-0.052950075642965166,
963081,20230320000619,00138367,플레이위드,023770,자기주식취득결과보고서,2023-03-20,KOSDAQ,6400.0,6510.0,6630.0,6240.0,0.01718749999999991,0.035937499999999956,-0.025000000000000022,
1298416,20210812000492,00153393,태광산업,003240,[연장결정]주요사항보고서(자기주식취득신탁계약체결결정),2021-08-12,KOSPI,1092000.0,1079000.0,1096000.0,1019000.0,-0.011904761904761862,0.00366300366300365,-0.06684981684981683,
1081994,20220809000246,00153393,태광산업,003240,[연장결정]주요사항보고서(자기주식취득신탁계약체결결정),2022-08-09,KOSPI,895000.0,887000.0,888000.0,881000.0,-0.00893854748603351,-0.007821229050279377,-0.015642458100558643,
850693,20230809000696,00153393,태광산업,003240,[연장결정]주요사항보고서(자기주식취득신탁계약체결결정),2023-08-09,KOSPI,608000.0,609000.0,620000.0,590000.0,0.00164473684210531,0.019736842105263053,-0.02960526315789469,
581505,20240913000142,00153393,태광산업,003240,주요사항보고서(자기주식취득신탁계약해지결정),2024-09-13,KOSPI,600000.0,595000.0,608000.0,640000.0,-0.008333333333333304,0.01333333333333342,0.06666666666666665,
1297856,20210813000386,00149770,중앙에너비스,000440,[연장결정]주요사항보고서(자기주식취득신탁계약체결결정),2021-08-13,KOSDAQ,15300.0,14250.0,14550.0,13400.0,-0.06862745098039214,-0.0490196078431373,-0.12418300653594772,
1297854,20210813000397,00149770,중앙에너비스,000440,[연장결정]주요사항보고서(자기주식취득신탁계약체결결정),2021-08-13,KOSDAQ,15300.0,14250.0,14550.0,13400.0,-0.06862745098039214,-0.0490196078431373,-0.12418300653594772,
1297852,20210813000419,00149770,중앙에너비스,000440,[연장결정]주요사항보고서(자기주식취득신탁계약체결결정),2021-08-13,KOSDAQ,15300.0,14250.0,14550.0,13400.0,-0.06862745098039214,-0.0490196078431373,-0.12418300653594772,
1297851,20210813000430,00149770,중앙에너비스,000440,[연장결정]주요사항보고서(자기주식취득신탁계약체결결정),2021-08-13,KOSDAQ,15300.0,14250.0,14550.0,13400.0,-0.06862745098039214,-0.0490196078431373,-0.12418300653594772,
1297202,20210813001030,01078178,RFHIC,218410,주요사항보고서(자기주식취득결정),2021-08-13,KOSDAQ,33850.0,33300.0,33600.0,32750.0,-0.01624815361890697,-0.00738552437223039,-0.03249630723781394,
1271258,20211013000137,01078178,RFHIC,218410,자기주식취득결과보고서,2021-10-13,KOSDAQ,31200.0,32500.0,32600.0,32250.0,0.04166666666666674,0.044871794871794934,0.033653846153846256,
1271114,20211013000261,01078178,RFHIC,218410,주요사항보고서(자기주식취득결정),2021-10-13,KOSDAQ,31200.0,32500.0,32600.0,32250.0,0.04166666666666674,0.044871794871794934,0.033653846153846256,
1226038,20220112000281,01078178,RFHIC,218410,자기주식취득결과보고서,2022-01-12,KOSDAQ,33200.0,34000.0,33150.0,31000.0,0.024096385542168752,-0.001506024096385561,-0.0662650602409639,
1171892,20220328001065,01078178,RFHIC,218410,주요사항보고서(자기주식취득결정),2022-03-28,KOSDAQ,28700.0,30400.0,29900.0,31150.0,0.059233449477351874,0.04181184668989557,0.08536585365853666,
1100073,20220628000027,01078178,RFHIC,218410,자기주식취득결과보고서,2022-06-28,KOSDAQ,22500.0,22200.0,21500.0,22100.0,-0.013333333333333308,-0.0444444444444444,-0.01777777777777778,
1097112,20220701000198,01078178,RFHIC,218410,주요사항보고서(자기주식취득결정),2022-07-01,KOSDAQ,21050.0,20600.0,22100.0,21900.0,-0.02137767220902609,0.04988123515439424,0.040380047505938155,
1059036,20220926000292,01078178,RFHIC,218410,자기주식취득결과보고서,2022-09-26,KOSDAQ,21900.0,21950.0,20600.0,21050.0,0.0022831050228311334,-0.05936073059360736,-0.038812785388127824,
859899,20230720000263,01078178,RFHIC,218410,주요사항보고서(자기주식취득결정),2023-07-20,KOSDAQ,19990.0,19710.0,19210.0,18630.0,-0.014007003501750881,-0.039019509754877446,-0.0680340170085042,
815493,20231020000332,01078178,RFHIC,218410,자기주식취득결과보고서,2023-10-20,KOSDAQ,14500.0,14010.0,14930.0,14420.0,-0.03379310344827591,0.029655172413793007,-0.0055172413793103114,
592742,20240828000261,01078178,RFHIC,218410,주요사항보고서(자기주식취득결정),2024-08-28,KOSDAQ,11830.0,11570.0,12260.0,11310.0,-0.02197802197802201,0.036348267117497945,-0.04395604395604391,
554025,20241115000179,01078178,RFHIC,218410,자기주식취득결과보고서,2024-11-15,KOSDAQ,13810.0,14090.0,14800.0,13620.0,0.020275162925416312,0.07168718320057921,-0.013758146270818283,
541899,20241209000286,01078178,RFHIC,218410,주요사항보고서(자기주식취득결정),2024-12-09,KOSDAQ,10650.0,11460.0,11730.0,12260.0,0.07605633802816891,0.10140845070422544,0.1511737089201879,
500998,20250221000240,01078178,RFHIC,218410,자기주식취득결과보고서,2025-02-21,KOSDAQ,18250.0,17440.0,16950.0,15940.0,-0.04438356164383561,-0.07123287671232881,-0.12657534246575342,
1296271,20210817000398,00101549,경동제약,011040,주요사항보고서(자기주식취득결정),2021-08-17,KOSDAQ,10200.0,10750.0,10300.0,11050.0,0.05392156862745101,0.009803921568627416,0.08333333333333326,
1253645,20211119000499,00101549,경동제약,011040,자기주식취득결과보고서,2021-11-19,KOSDAQ,11700.0,11600.0,11500.0,11850.0,-0.008547008547008517,-0.017094017094017144,0.012820512820512775,
1061909,20220916000467,00101549,경동제약,011040,주요사항보고서(자기주식취득결정),2022-09-16,KOSDAQ,7990.0,8040.0,8060.0,7770.0,0.006257822277847325,0.008760951188986343,-0.027534418022528206,
1049366,20221020000018,00101549,경동제약,011040,자기주식취득결과보고서,2022-10-20,KOSDAQ,7090.0,7020.0,7250.0,7400.0,-0.009873060648801113,0.02256699576868826,0.0437235543018335,
763572,20240130000422,00101549,경동제약,011040,주요사항보고서(자기주식취득결정),2024-01-30,KOSDAQ,6240.0,6280.0,6340.0,6330.0,0.0064102564102563875,0.01602564102564097,0.014423076923076872,
655696,20240503000071,00101549,경동제약,011040,자기주식취득결과보고서,2024-05-03,KOSDAQ,6320.0,6320.0,6350.0,6420.0,0.0,0.004746835443038,0.015822784810126667,
1294958,20210817001603,01141942,액트로,290740,주요사항보고서(자기주식취득신탁계약체결결정),2021-08-17,KOSDAQ,8100.0,8130.0,8170.0,8820.0,0.0037037037037037646,0.00864197530864197,0.0888888888888888,
1027884,20221130001246,01141942,액트로,290740,주요사항보고서(자기주식취득신탁계약체결결정),2022-11-30,KOSDAQ,6330.0,6540.0,6560.0,6350.0,0.033175355450236976,0.03633491311216419,0.003159557661927437,
509326,20250212000320,01141942,액트로,290740,주요사항보고서(자기주식취득결정),2025-02-12,KOSDAQ,5840.0,6100.0,6340.0,6320.0,0.044520547945205546,0.08561643835616439,0.08219178082191791,
404001,20250509000234,01141942,액트로,290740,자기주식취득결과보고서,2025-05-09,KOSDAQ,5590.0,5570.0,5570.0,5500.0,-0.003577817531305927,-0.003577817531305927,-0.01610017889087656,
1294011,20210818000012,00150633,지누스,013890,주요사항보고서(자기주식취득결정),2021-08-18,KOSPI,63033.0,60605.0,60226.0,61515.0,-0.03851950565576756,-0.044532229149810365,-0.024082623387749247,
1276405,20210929000512,00150633,지누스,013890,자기주식취득결과보고서,2021-09-29,KOSPI,56130.0,56054.0,54385.0,54613.0,-0.0013539996436843227,-0.031088544450383004,-0.027026545519330147,
759893,20240206000302,00150633,지누스,013890,주요사항보고서(자기주식취득결정),2024-02-06,KOSPI,13539.0,13366.0,13348.0,13330.0,-0.012777900878942261,-0.014107393455942141,-0.01543688603294191,
705400,20240329002855,00150633,지누스,013890,자기주식취득결과보고서,2024-03-29,KOSPI,12545.0,13630.0,13083.0,12664.0,0.08648864089278607,0.04288561179752892,0.009485850936628237,
1293897,20210818000132,00651017,나우IB,293580,주요사항보고서(자기주식취득신탁계약체결결정),2021-08-18,KOSDAQ,1105.0,1070.0,1015.0,1135.0,-0.03167420814479638,-0.08144796380090502,0.02714932126696823,
1234396,20211224000544,00651017,나우IB,293580,주요사항보고서(자기주식취득신탁계약해지결정),2021-12-27,KOSDAQ,1020.0,997.0,985.0,1005.0,-0.022549019607843168,-0.03431372549019607,-0.014705882352941124,
1293843,20210818000176,00983271,NHN,181710,주요사항보고서(자기주식취득결정),2021-08-18,KOSPI,36619.0,35993.0,34950.0,36410.0,-0.017094950708648526,-0.045577432480406355,-0.0057074196455392245,
1281604,20210913000208,00983271,NHN,181710,자기주식취득결과보고서,2021-09-13,KOSPI,35471.0,35732.0,35889.0,36567.0,0.007358123537537731,0.01178427447774233,0.030898480448817267,
1244223,20211207000292,00983271,NHN,181710,주요사항보고서(자기주식취득결정),2021-12-07,KOSPI,44026.0,46008.0,50703.0,48147.0,0.04501885249625226,0.15166038250124925,0.09360377958479082,
1240122,20211215000287,00983271,NHN,181710,자기주식취득결과보고서,2021-12-15,KOSPI,46791.0,46426.0,49086.0,49190.0,-0.007800645423265196,0.04904789382573571,0.0512705434805838,
1125589,20220511000763,00983271,NHN,181710,주요사항보고서(자기주식취득결정),2022-05-11,KOSPI,30450.0,29650.0,29950.0,29950.0,-0.026272577996715896,-0.016420361247947435,-0.016420361247947435,
1109399,20220603000358,00983271,NHN,181710,자기주식취득결과보고서,2022-06-03,KOSPI,31900.0,31600.0,31700.0,30650.0,-0.009404388714733591,-0.006269592476489061,-0.039184952978056464,
1103756,20220620000139,00983271,NHN,181710,주요사항보고서(자기주식취득결정),2022-06-20,KOSPI,26750.0,29400.0,28500.0,29000.0,0.09906542056074774,0.06542056074766345,0.08411214953271018,
1088578,20220722000350,00983271,NHN,181710,자기주식취득결과보고서,2022-07-22,KOSPI,28050.0,27950.0,28050.0,27300.0,-0.0035650623885917776,0.0,-0.0267379679144385,
990164,20230217001595,00983271,NHN,181710,주요사항보고서(자기주식취득결정),2023-02-17,KOSPI,27550.0,29200.0,29000.0,28800.0,0.05989110707803991,0.05263157894736836,0.04537205081669682,
954586,20230327000655,00983271,NHN,181710,자기주식취득결과보고서,2023-03-27,KOSPI,26200.0,26350.0,26550.0,26100.0,0.005725190839694694,0.013358778625954137,-0.003816793893129722,
755743,20240213001010,00983271,NHN,181710,주요사항보고서(자기주식취득결정),2024-02-13,KOSPI,25100.0,27150.0,26550.0,28750.0,0.0816733067729083,0.05776892430278879,0.14541832669322718,
692605,20240403003076,00983271,NHN,181710,자기주식취득결과보고서,2024-04-03,KOSPI,23500.0,23150.0,22800.0,22700.0,-0.014893617021276562,-0.029787234042553234,-0.03404255319148941,
608165,20240805000331,00983271,NHN,181710,주요사항보고서(자기주식취득결정),2024-08-05,KOSPI,17660.0,19170.0,19200.0,19520.0,0.08550396375990932,0.08720271800679491,0.10532276330690826,
579117,20240923000391,00983271,NHN,181710,자기주식취득결과보고서,2024-09-23,KOSPI,16970.0,17010.0,17340.0,17060.0,0.0023571007660576626,0.021803182086034267,0.005303476723629963,
559182,20241111000314,00983271,NHN,181710,주요사항보고서(자기주식취득결정),2024-11-11,KOSPI,15790.0,16890.0,16680.0,16960.0,0.06966434452184922,0.05636478784040522,0.07409753008233055,
528535,20241230000557,00983271,NHN,181710,자기주식취득결과보고서,2024-12-30,KOSPI,17650.0,17590.0,17650.0,18700.0,-0.0033994334277620553,0.0,0.059490084985835745,
437587,20250404003695,00983271,NHN,181710,주요사항보고서(자기주식취득결정),2025-04-04,KOSPI,19200.0,19200.0,19360.0,21100.0,0.0,0.008333333333333304,0.09895833333333326,
395748,20250521000306,00983271,NHN,181710,자기주식취득결과보고서,2025-05-21,KOSPI,19160.0,19070.0,18900.0,18990.0,-0.0046972860125260585,-0.013569937369519836,-0.008872651356993777,
320055,20251023000338,00983271,NHN,181710,주요사항보고서(자기주식취득결정),2025-10-23,KOSPI,26150.0,27850.0,28250.0,27850.0,0.0650095602294456,0.08030592734225617,0.0650095602294456,
292354,20251211000347,00983271,NHN,181710,자기주식취득결과보고서,2025-12-11,KOSPI,29650.0,30000.0,30750.0,29100.0,0.01180438448566612,0.03709949409780777,-0.018549747048903886,
12712,20260511000704,00983271,NHN,181710,주요사항보고서(자기주식취득결정),2026-05-11,KOSPI,39250.0,37850.0,36800.0,38200.0,-0.03566878980891719,-0.06242038216560508,-0.026751592356687892,
122836,20260604000548,00983271,NHN,181710,자기주식취득결과보고서,2026-06-04,KOSPI,46900.0,49050.0,45000.0,40100.0,0.04584221748400852,-0.04051172707889128,-0.14498933901918976,
1293339,20210819000234,00136402,신송홀딩스,006880,주요사항보고서(자기주식취득신탁계약체결결정),2021-08-19,KOSPI,5370.0,5880.0,5890.0,5460.0,0.0949720670391061,0.09683426443202969,0.016759776536312776,
1280691,20210915000169,00136402,신송홀딩스,006880,주요사항보고서(자기주식취득신탁계약해지결정),2021-09-15,KOSPI,5650.0,5590.0,5580.0,5600.0,-0.010619469026548645,-0.012389380530973493,-0.008849557522123908,
1252915,20211123000113,00136402,신송홀딩스,006880,주요사항보고서(자기주식취득신탁계약체결결정),2021-11-23,KOSPI,5660.0,5620.0,5450.0,5000.0,-0.007067137809187329,-0.03710247349823326,-0.11660777385159016,
1189467,20220314000404,00136402,신송홀딩스,006880,주요사항보고서(자기주식취득신탁계약해지결정),2022-03-14,KOSPI,5750.0,5520.0,5460.0,5820.0,-0.040000000000000036,-0.050434782608695605,0.012173913043478368,
1114737,20220530000609,00136402,신송홀딩스,006880,[연장결정]주요사항보고서(자기주식취득신탁계약체결결정),2022-05-30,KOSPI,11750.0,11000.0,10800.0,9690.0,-0.06382978723404253,-0.08085106382978724,-0.17531914893617018,
1033449,20221122000164,00136402,신송홀딩스,006880,[연장결정]주요사항보고서(자기주식취득신탁계약체결결정),2022-11-22,KOSPI,7200.0,7180.0,7280.0,7060.0,-0.002777777777777768,0.011111111111111072,-0.019444444444444486,
889936,20230518000293,00136402,신송홀딩스,006880,[연장결정]주요사항보고서(자기주식취득신탁계약체결결정),2023-05-18,KOSPI,6970.0,7120.0,7340.0,8640.0,0.021520803443328518,0.05308464849354366,0.23959827833572445,
798508,20231122000181,00136402,신송홀딩스,006880,[연장결정]주요사항보고서(자기주식취득신탁계약체결결정),2023-11-22,KOSPI,6490.0,6490.0,6560.0,6580.0,0.0,0.01078582434514641,0.013867488443759735,
651759,20240513000709,00136402,신송홀딩스,006880,[연장결정]주요사항보고서(자기주식취득신탁계약체결결정),2024-05-13,KOSPI,8610.0,8580.0,8320.0,9250.0,-0.0034843205574912606,-0.03368176538908241,0.07433217189314756,
559082,20241111000373,00136402,신송홀딩스,006880,[연장결정]주요사항보고서(자기주식취득신탁계약체결결정),2024-11-11,KOSPI,7370.0,6960.0,6840.0,7010.0,-0.05563093622795112,-0.07191316146540028,-0.048846675712347354,
402845,20250512000632,00136402,신송홀딩스,006880,[연장결정]주요사항보고서(자기주식취득신탁계약체결결정),2025-05-12,KOSPI,7280.0,7310.0,7290.0,7140.0,0.004120879120879106,0.0013736263736263687,-0.019230769230769273,
289010,20251216000139,00136402,신송홀딩스,006880,주요사항보고서(자기주식취득신탁계약해지결정),2025-12-16,KOSPI,7150.0,7130.0,7100.0,6870.0,-0.002797202797202747,-0.006993006993006978,-0.03916083916083912,
1292880,20210820000201,01207716,앱코,129890,주요사항보고서(자기주식취득신탁계약체결결정),2021-08-20,KOSDAQ,3430.0,3510.0,3550.0,3520.0,0.023323615160349753,0.03498542274052485,0.026239067055393583,
1210476,20220215001075,01207716,앱코,129890,[연장결정]주요사항보고서(자기주식취득신탁계약체결결정),2022-02-15,KOSDAQ,2900.0,3120.0,3180.0,3250.0,0.07586206896551717,0.096551724137931,0.1206896551724137,
1118975,20220520000186,01207716,앱코,129890,주요사항보고서(자기주식취득신탁계약해지결정),2022-05-20,KOSDAQ,2920.0,2770.0,2660.0,2750.0,-0.05136986301369861,-0.08904109589041098,-0.05821917808219179,
703549,20240401000493,01207716,앱코,129890,주요사항보고서(자기주식취득신탁계약체결결정),2024-04-01,KOSDAQ,1140.0,1136.0,1181.0,1243.0,-0.0035087719298245723,0.035964912280701755,0.0903508771929824,
579501,20240923000014,01207716,앱코,129890,주요사항보고서(자기주식취득신탁계약체결결정),2024-09-23,KOSDAQ,1216.0,1286.0,1281.0,1280.0,0.05756578947368429,0.05345394736842102,0.05263157894736836,
1292862,20210820000237,00116268,동성제약,002210,주요사항보고서(자기주식취득결정),2021-08-20,KOSPI,4800.0,5025.0,5075.0,5300.0,0.046875,0.05729166666666674,0.10416666666666674,
1273017,20211007000365,00116268,동성제약,002210,자기주식취득결과보고서,2021-10-07,KOSPI,4640.0,4725.0,4610.0,4750.0,0.018318965517241326,-0.006465517241379337,0.0237068965517242,
1245893,20211202000105,00116268,동성제약,002210,주요사항보고서(자기주식취득결정),2021-12-02,KOSPI,4085.0,4110.0,4080.0,4135.0,0.006119951040391758,-0.001223990208078285,0.012239902080783294,
1235437,20211223000391,00116268,동성제약,002210,자기주식취득결과보고서,2021-12-23,KOSPI,4115.0,4115.0,4220.0,4190.0,0.0,0.025516403402187082,0.018226002430133725,
1101730,20220623000296,00116268,동성제약,002210,주요사항보고서(자기주식취득결정),2022-06-23,KOSPI,3700.0,3715.0,3765.0,3735.0,0.004054054054054124,0.0175675675675675,0.009459459459459474,
1073319,20220824000306,00116268,동성제약,002210,자기주식취득결과보고서,2022-08-24,KOSPI,3725.0,3790.0,3790.0,3720.0,0.01744966442953011,0.01744966442953011,-0.0013422818791946067,
1292839,20210820000254,00609324,뷰웍스,100120,주요사항보고서(자기주식취득신탁계약체결결정),2021-08-20,KOSDAQ,41100.0,41200.0,41800.0,46500.0,0.0024330900243310083,0.017031630170316392,0.13138686131386867,
1275147,20211001000188,00609324,뷰웍스,100120,주요사항보고서(자기주식취득신탁계약체결결정),2021-10-01,KOSDAQ,38900.0,39350.0,37800.0,38200.0,0.011568123393316254,-0.028277634961439535,-0.01799485861182515,
480892,20250313000467,00609324,뷰웍스,100120,주요사항보고서(자기주식취득신탁계약체결결정),2025-03-13,KOSDAQ,22550.0,22600.0,23250.0,23900.0,0.0022172949002217113,0.03104212860310418,0.05986696230598665,
102576,20260310002577,00609324,뷰웍스,100120,주요사항보고서(자기주식취득신탁계약체결결정),2026-03-10,KOSDAQ,24850.0,26300.0,26150.0,26950.0,0.05835010060362178,0.05231388329979869,0.08450704225352124,
1292504,20210823000004,00216027,바이넥스,053030,주요사항보고서(자기주식취득결정),2021-08-23,KOSDAQ,17900.0,19350.0,19550.0,19550.0,0.08100558659217882,0.0921787709497206,0.0921787709497206,
1284693,20210903000291,00216027,바이넥스,053030,자기주식취득결과보고서,2021-09-03,KOSDAQ,19600.0,19350.0,18900.0,18100.0,-0.012755102040816313,-0.0357142857142857,-0.07653061224489799,
1292385,20210823000133,01259232,노바텍,285490,주요사항보고서(자기주식취득결정),2021-08-23,KOSDAQ,34291.0,33385.0,33004.0,32527.0,-0.026420926773789044,-0.0375317138607798,-0.05144206934764228,
1280891,20210915000009,01259232,노바텍,285490,자기주식취득결과보고서,2021-09-15,KOSDAQ,31430.0,31382.0,30905.0,30905.0,-0.0015272033089405168,-0.016703786191536785,-0.016703786191536785,
1277918,20210927000040,01259232,노바텍,285490,주요사항보고서(자기주식취득결정),2021-09-27,KOSDAQ,30905.0,29474.0,30714.0,30094.0,-0.04630318718653936,-0.006180229736288623,-0.02624170846141405,
1263574,20211102000133,01259232,노바텍,285490,자기주식취득결과보고서,2021-11-02,KOSDAQ,30524.0,31621.0,30810.0,33194.0,0.035938933298388154,0.009369676320272635,0.0874721530598872,
1126614,20220510000170,01259232,노바텍,285490,주요사항보고서(자기주식취득결정),2022-05-10,KOSDAQ,37500.0,39100.0,37800.0,37300.0,0.04266666666666663,0.008000000000000007,-0.005333333333333301,
1099950,20220628000144,01259232,노바텍,285490,자기주식취득결과보고서,2022-06-28,KOSDAQ,33400.0,33350.0,32050.0,31150.0,-0.0014970059880239361,-0.04041916167664672,-0.06736526946107779,
1052634,20221012000162,01259232,노바텍,285490,주요사항보고서(자기주식취득결정),2022-10-12,KOSDAQ,19200.0,18350.0,19250.0,20650.0,-0.04427083333333337,0.0026041666666667407,0.07552083333333326,
1008233,20230110000123,01259232,노바텍,285490,자기주식취득결과보고서,2023-01-10,KOSDAQ,23000.0,23500.0,23400.0,22550.0,0.021739130434782705,0.017391304347825987,-0.019565217391304346,
665528,20240417000035,01259232,노바텍,285490,주요사항보고서(자기주식취득결정),2024-04-17,KOSDAQ,18500.0,19250.0,18930.0,19660.0,0.04054054054054057,0.023243243243243228,0.06270270270270273,
644140,20240527000128,01259232,노바텍,285490,자기주식취득결과보고서,2024-05-27,KOSDAQ,19950.0,19950.0,19370.0,19290.0,0.0,-0.029072681704260694,-0.03308270676691727,
541205,20241210000441,01259232,노바텍,285490,주요사항보고서(자기주식취득결정),2024-12-10,KOSDAQ,11630.0,14800.0,14190.0,15240.0,0.2725709372312983,0.22012037833190035,0.31040412725709365,
482330,20250312000637,01259232,노바텍,285490,자기주식취득결과보고서,2025-03-12,KOSDAQ,14950.0,14840.0,15540.0,15190.0,-0.0073578595317725926,0.039464882943143875,0.016053511705685697,
1292294,20210823000238,01082348,오스테오닉,226400,주요사항보고서(자기주식취득결정),2021-08-23,KOSDAQ,4000.0,4085.0,4110.0,4255.0,0.02124999999999999,0.02750000000000008,0.06374999999999997,
1258993,20211112000368,01082348,오스테오닉,226400,자기주식취득결과보고서,2021-11-12,KOSDAQ,3575.0,3495.0,3645.0,3700.0,-0.02237762237762242,0.019580419580419672,0.034965034965035,
1105882,20220614000220,01082348,오스테오닉,226400,주요사항보고서(자기주식취득결정),2022-06-14,KOSDAQ,2815.0,2910.0,3000.0,3000.0,0.03374777975133214,0.06571936056838368,0.06571936056838368,
1074823,20220819000374,01082348,오스테오닉,226400,자기주식취득결과보고서,2022-08-19,KOSDAQ,2880.0,2780.0,2680.0,2695.0,-0.03472222222222221,-0.06944444444444442,-0.06423611111111116,
1059102,20220926000214,01082348,오스테오닉,226400,주요사항보고서(자기주식취득결정),2022-09-26,KOSDAQ,2355.0,2495.0,2350.0,2445.0,0.05944798301486198,-0.002123142250530785,0.03821656050955413,
1050741,20221017000138,01082348,오스테오닉,226400,자기주식취득결과보고서,2022-10-17,KOSDAQ,2485.0,2500.0,2485.0,2485.0,0.006036217303822866,0.0,0.0,
1048222,20221024000066,01082348,오스테오닉,226400,주요사항보고서(자기주식취득결정),2022-10-24,KOSDAQ,2485.0,2520.0,2490.0,2495.0,0.014084507042253502,0.002012072434607548,0.004024144869215318,
1005945,20230113000587,01082348,오스테오닉,226400,자기주식취득결과보고서,2023-01-13,KOSDAQ,3165.0,3160.0,3200.0,3400.0,-0.0015797788309637184,0.011058451816745585,0.07424960505529232,
1292218,20210823000305,00788737,이퓨쳐,134060,주요사항보고서(자기주식취득신탁계약체결결정),2021-08-23,KOSDAQ,8170.0,8700.0,8980.0,9040.0,0.06487148102815188,0.09914320685434519,0.10648714810281512,
1180227,20220321000928,00788737,이퓨쳐,134060,주요사항보고서(자기주식취득신탁계약체결결정),2022-03-21,KOSDAQ,7800.0,7840.0,7810.0,7720.0,0.00512820512820511,0.0012820512820512775,-0.01025641025641022,
1055795,20221004000171,00788737,이퓨쳐,134060,주요사항보고서(자기주식취득신탁계약체결결정),2022-10-04,KOSDAQ,5720.0,5740.0,5950.0,5760.0,0.0034965034965035446,0.04020979020979021,0.006993006993007089,
951406,20230329000728,00788737,이퓨쳐,134060,[연장결정]주요사항보고서(자기주식취득신탁계약체결결정),2023-03-29,KOSDAQ,5970.0,6020.0,5970.0,6980.0,0.008375209380234505,0.0,0.16917922948073705,
825962,20230921000139,00788737,이퓨쳐,134060,[연장결정]주요사항보고서(자기주식취득신탁계약체결결정),2023-09-21,KOSDAQ,5480.0,5480.0,5510.0,5400.0,0.0,0.005474452554744547,-0.014598540145985384,
786456,20231213000095,00788737,이퓨쳐,134060,주요사항보고서(자기주식취득신탁계약체결결정),2023-12-13,KOSDAQ,5320.0,5450.0,5400.0,5460.0,0.02443609022556381,0.015037593984962516,0.026315789473684292,
635664,20240605000188,00788737,이퓨쳐,134060,[연장결정]주요사항보고서(자기주식취득신탁계약체결결정),2024-06-05,KOSDAQ,5320.0,5140.0,5180.0,5250.0,-0.03383458646616544,-0.02631578947368418,-0.013157894736842146,
123845,20260602000189,00788737,이퓨쳐,134060,주요사항보고서(자기주식취득신탁계약체결결정),2026-06-02,KOSDAQ,3660.0,3910.0,4185.0,4465.0,0.06830601092896171,0.14344262295081966,0.2199453551912569,
113583,20260624000124,00788737,이퓨쳐,134060,주요사항보고서(자기주식취득신탁계약해지결정),2026-06-24,KOSDAQ,4410.0,4375.0,4635.0,,-0.007936507936507908,0.05102040816326525,,
113490,20260624000194,00788737,이퓨쳐,134060,주요사항보고서(자기주식취득신탁계약체결결정),2026-06-24,KOSDAQ,4410.0,4375.0,4635.0,,-0.007936507936507908,0.05102040816326525,,
1292196,20210823000314,00946030,로보티즈,108490,주요사항보고서(자기주식취득신탁계약체결결정),2021-08-23,KOSDAQ,13682.0,14023.0,14217.0,14266.0,0.02492325683379626,0.03910247039906456,0.04268381815524047,
1211610,20220214000598,00946030,로보티즈,108490,[연장결정]주요사항보고서(자기주식취득신탁계약체결결정),2022-02-14,KOSDAQ,22397.0,22641.0,23323.0,23177.0,0.010894316203062804,0.04134482296736164,0.034826092780283036,
625523,20240627000419,00946030,로보티즈,108490,주요사항보고서(자기주식취득결정),2024-06-27,KOSDAQ,22495.0,22982.0,22738.0,22105.0,0.021649255390086664,0.010802400533451939,-0.01733718604134249,
622852,20240701000336,00946030,로보티즈,108490,자기주식취득결과보고서,2024-07-01,KOSDAQ,22738.0,22057.0,21862.0,22836.0,-0.029949863664350374,-0.038525815814935305,0.0043099656961913535,
1291446,20210825000061,01179608,포인트엔지니어링,256630,주요사항보고서(자기주식취득신탁계약체결결정),2021-08-25,KOSDAQ,17740.0,19166.0,19266.0,19566.0,0.08038331454340475,0.08602029312288617,0.10293122886133044,
1268764,20211020000020,01179608,포인트엔지니어링,256630,주요사항보고서(자기주식취득신탁계약체결결정),2021-10-20,KOSDAQ,18565.0,18515.0,18490.0,17890.0,-0.002693239967681116,-0.004039859951521674,-0.036358739563695175,
1268736,20211020000052,01179608,포인트엔지니어링,256630,[연장결정]주요사항보고서(자기주식취득신탁계약체결결정),2021-10-20,KOSDAQ,18565.0,18515.0,18490.0,17890.0,-0.002693239967681116,-0.004039859951521674,-0.036358739563695175,
1205159,20220224001512,01179608,포인트엔지니어링,256630,[연장결정]주요사항보고서(자기주식취득신탁계약체결결정),2022-02-24,KOSDAQ,14587.0,14762.0,14712.0,15338.0,0.011996983615548018,0.008569274011105854,0.051484198258723524,
1130899,20220419000329,01179608,포인트엔지니어링,256630,[연장결정]주요사항보고서(자기주식취득신탁계약체결결정),2022-04-19,KOSDAQ,15338.0,15688.0,16013.0,15763.0,0.022819142000260806,0.04400834528621722,0.027708958143173756,
1073717,20220823000220,01179608,포인트엔지니어링,256630,[연장결정]주요사항보고서(자기주식취득신탁계약체결결정),2022-08-23,KOSDAQ,12510.0,12210.0,12510.0,12460.0,-0.023980815347721784,0.0,-0.003996802557953649,
1049131,20221020000261,01179608,포인트엔지니어링,256630,[연장결정]주요사항보고서(자기주식취득신탁계약체결결정),2022-10-20,KOSDAQ,9958.0,9983.0,9908.0,10233.0,0.0025105442860011706,-0.005021088572002452,0.02761598714601332,
987350,20230223002539,01179608,포인트엔지니어링,256630,[연장결정]주요사항보고서(자기주식취득신탁계약체결결정),2023-02-23,KOSDAQ,10734.0,10558.0,10659.0,10909.0,-0.016396497111980657,-0.0069871436556735445,0.016303335196571567,
906421,20230420000352,01179608,포인트엔지니어링,256630,[연장결정]주요사항보고서(자기주식취득신탁계약체결결정),2023-04-20,KOSDAQ,10283.0,10208.0,10033.0,10008.0,-0.007293591364387786,-0.024311971214626027,-0.026743168336088696,
839684,20230824000318,01179608,포인트엔지니어링,256630,[연장결정]주요사항보고서(자기주식취득신탁계약체결결정),2023-08-24,KOSDAQ,9107.0,9252.0,9272.0,9202.0,0.01592181838146489,0.01811793126166683,0.01043153618095971,
815580,20231020000222,01179608,포인트엔지니어링,256630,[연장결정]주요사항보고서(자기주식취득신탁계약체결결정),2023-10-20,KOSDAQ,7981.0,7966.0,8031.0,7801.0,-0.0018794637263500613,0.006264879087833686,-0.022553564716200958,
747334,20240223002453,01179608,포인트엔지니어링,256630,[연장결정]주요사항보고서(자기주식취득신탁계약체결결정),2024-02-23,KOSDAQ,6900.0,6850.0,6905.0,6610.0,-0.007246376811594235,0.0007246376811593791,-0.04202898550724643,
663275,20240422000302,01179608,포인트엔지니어링,256630,[연장결정]주요사항보고서(자기주식취득신탁계약체결결정),2024-04-22,KOSDAQ,9908.0,10083.0,10333.0,10108.0,0.01766249495357286,0.04289463060153409,0.020185708518368983,
595437,20240822000318,01179608,포인트엔지니어링,256630,[연장결정]주요사항보고서(자기주식취득신탁계약체결결정),2024-08-22,KOSDAQ,6475.0,6615.0,6595.0,7141.0,0.021621621621621623,0.01853281853281863,0.10285714285714276,
568342,20241021000186,01179608,포인트엔지니어링,256630,[연장결정]주요사항보고서(자기주식취득신탁계약체결결정),2024-10-21,KOSDAQ,6765.0,6670.0,6485.0,6340.0,-0.014042867701404282,-0.041389504804138944,-0.06282335550628237,
501697,20250220001546,01179608,포인트엔지니어링,256630,[연장결정]주요사항보고서(자기주식취득신탁계약체결결정),2025-02-20,KOSDAQ,5990.0,5925.0,5880.0,5975.0,-0.01085141903171949,-0.018363939899833093,-0.0025041736227044975,
413068,20250421000275,01179608,포인트엔지니어링,256630,[연장결정]주요사항보고서(자기주식취득신탁계약체결결정),2025-04-21,KOSDAQ,5950.0,5950.0,5975.0,5990.0,0.0,0.004201680672268893,0.006722689075630228,
412484,20250422000334,01179608,포인트엔지니어링,256630,[연장결정]주요사항보고서(자기주식취득신탁계약체결결정),2025-04-22,KOSDAQ,5950.0,5975.0,5960.0,5980.0,0.004201680672268893,0.001680672268907557,0.005042016806722671,
412420,20250422000377,01179608,포인트엔지니어링,256630,주요사항보고서(자기주식취득신탁계약해지결정),2025-04-22,KOSDAQ,5950.0,5975.0,5960.0,5980.0,0.004201680672268893,0.001680672268907557,0.005042016806722671,
345823,20250825000260,01179608,포인트엔지니어링,256630,주요사항보고서(자기주식취득신탁계약해지결정),2025-08-25,KOSDAQ,5799.0,5809.0,5839.0,5794.0,0.0017244352474563573,0.0068977409898258735,-0.0008622176237281787,
1291108,20210825000382,00148896,OCI홀딩스,010060,[연장결정]주요사항보고서(자기주식취득신탁계약체결결정),2021-08-25,KOSPI,91386.0,95359.0,97743.0,100127.0,0.04347493051452078,0.0695620773422625,0.09564922417000421,
1239890,20211215000347,00148896,OCI홀딩스,010060,주요사항보고서(자기주식취득신탁계약해지결정),2021-12-15,KOSPI,83836.0,85426.0,87015.0,83042.0,0.018965599503793173,0.03791927095758396,-0.009470871701894201,
1176883,20220323001038,00148896,OCI홀딩스,010060,주요사항보고서(자기주식취득신탁계약체결결정),2022-03-23,KOSPI,87412.0,91386.0,86618.0,82644.0,0.04546286551045631,-0.009083421040589346,-0.05454628655104565,
1019797,20221215000415,00148896,OCI홀딩스,010060,주요사항보고서(자기주식취득신탁계약해지결정),2022-12-15,KOSPI,73029.0,72155.0,72155.0,70407.0,-0.011967848388996116,-0.011967848388996116,-0.03590354516698846,
704594,20240329003378,00148896,OCI홀딩스,010060,주요사항보고서(자기주식취득신탁계약체결결정),2024-03-29,KOSPI,92700.0,94300.0,92700.0,93700.0,0.01725997842502691,0.0,0.010787486515641875,
608330,20240805000156,00148896,OCI홀딩스,010060,주요사항보고서(자기주식취득신탁계약체결결정),2024-08-05,KOSPI,66900.0,68200.0,71100.0,71700.0,0.01943198804185342,0.06278026905829592,0.0717488789237668,
552157,20241121000269,00148896,OCI홀딩스,010060,주요사항보고서(자기주식취득신탁계약체결결정),2024-11-21,KOSPI,58800.0,59000.0,60700.0,61900.0,0.00340136054421758,0.03231292517006801,0.05272108843537415,
514193,20250205000494,00148896,OCI홀딩스,010060,주요사항보고서(자기주식취득신탁계약해지결정),2025-02-05,KOSPI,78000.0,81400.0,82400.0,78800.0,0.04358974358974366,0.05641025641025643,0.01025641025641022,
396246,20250520000284,00148896,OCI홀딩스,010060,주요사항보고서(자기주식취득신탁계약해지결정),2025-05-20,KOSPI,71700.0,71500.0,67600.0,66400.0,-0.002789400278940035,-0.057182705718270554,-0.07391910739191077,
257902,20260209800992,00148896,OCI홀딩스,010060,주요사항보고서(자기주식취득신탁계약체결결정)(자회사의 주요경영사항),2026-02-09,KOSPI,155000.0,151900.0,148700.0,158400.0,-0.020000000000000018,-0.040645161290322585,0.021935483870967776,
255718,20260211000644,00148896,OCI홀딩스,010060,주요사항보고서(자기주식취득신탁계약체결결정),2026-02-11,KOSPI,148700.0,155600.0,150600.0,146400.0,0.04640215198386022,0.01277740416946882,-0.015467383994619999,
1290873,20210826000093,00133812,세방,004360,주요사항보고서(자기주식취득신탁계약해지결정),2021-08-26,KOSPI,13450.0,13250.0,13300.0,13500.0,-0.014869888475836479,-0.01115241635687736,0.0037174721189590088,
1246499,20211201000183,00133812,세방,004360,주요사항보고서(자기주식취득신탁계약체결결정),2021-12-01,KOSPI,10950.0,11500.0,11700.0,11700.0,0.05022831050228316,0.06849315068493156,0.06849315068493156,
1068644,20220831000281,00133812,세방,004360,주요사항보고서(자기주식취득신탁계약체결결정),2022-08-31,KOSPI,13800.0,13850.0,14050.0,15100.0,0.0036231884057971175,0.018115942028985588,0.09420289855072461,
1028647,20221130000315,00133812,세방,004360,주요사항보고서(자기주식취득신탁계약해지결정),2022-11-30,KOSPI,26450.0,28350.0,28550.0,31200.0,0.07183364839319473,0.07939508506616266,0.1795841209829867,
835889,20230830001129,00133812,세방,004360,주요사항보고서(자기주식취득신탁계약해지결정),2023-08-30,KOSPI,12330.0,12400.0,12210.0,11990.0,0.005677210056772131,-0.009732360097323589,-0.027575020275750206,
811102,20231031000151,00133812,세방,004360,주요사항보고서(자기주식취득신탁계약체결결정),2023-10-31,KOSPI,10600.0,10620.0,10950.0,11270.0,0.0018867924528302993,0.03301886792452824,0.06320754716981125,
564406,20241030000096,00133812,세방,004360,주요사항보고서(자기주식취득신탁계약해지결정),2024-10-30,KOSPI,11920.0,11970.0,11980.0,12180.0,0.004194630872483174,0.005033557046979942,0.02181208053691286,
1290859,20210826000109,00628189,웅진씽크빅,095720,주요사항보고서(자기주식취득결정),2021-08-26,KOSPI,7096.0,7356.0,7466.0,7686.0,0.03664036076662902,0.05214205186020293,0.08314543404735053,
1284090,20210906000328,00628189,웅진씽크빅,095720,자기주식취득결과보고서,2021-09-06,KOSPI,7426.0,7346.0,7246.0,7066.0,-0.010772959870724463,-0.024239159709130043,-0.048478319418260196,
372783,20250703000236,00628189,웅진씽크빅,095720,주요사항보고서(자기주식취득결정),2025-07-03,KOSPI,3935.0,4193.0,4333.0,4463.0,0.06556543837357043,0.1011435832274461,0.13418043202033036,
347947,20250819000257,00628189,웅진씽크빅,095720,자기주식취득결과보고서,2025-08-19,KOSPI,3725.0,3653.0,3629.0,3623.0,-0.019328859060402714,-0.025771812080536916,-0.027382550335570466,
1290836,20210826000138,00148461,제일연마,001560,주요사항보고서(자기주식취득신탁계약체결결정),2021-08-26,KOSPI,8200.0,8390.0,8400.0,8520.0,0.023170731707317094,0.024390243902439046,0.039024390243902474,
1184261,20220317000102,00148461,제일연마,001560,주요사항보고서(자기주식취득신탁계약해지결정),2022-03-17,KOSPI,11200.0,11700.0,10750.0,11300.0,0.044642857142857206,-0.0401785714285714,0.008928571428571397,
1102425,20220622000345,00148461,제일연마,001560,주요사항보고서(자기주식취득신탁계약체결결정),2022-06-22,KOSPI,7190.0,7940.0,7990.0,8230.0,0.1043115438108484,0.11126564673157158,0.14464534075104307,
1034636,20221118000117,00148461,제일연마,001560,주요사항보고서(자기주식취득신탁계약체결결정),2022-11-18,KOSPI,8470.0,8550.0,8630.0,8550.0,0.009445100354191327,0.018890200708382432,0.009445100354191327,
888229,20230524000118,00148461,제일연마,001560,주요사항보고서(자기주식취득신탁계약해지결정),2023-05-24,KOSPI,9880.0,10400.0,10360.0,10140.0,0.05263157894736836,0.04858299595141702,0.026315789473684292,
882510,20230531001942,00148461,제일연마,001560,주요사항보고서(자기주식취득신탁계약해지결정),2023-05-31,KOSPI,10170.0,10140.0,10130.0,10170.0,-0.002949852507374673,-0.003933136676499527,0.0,
843157,20230816000075,00148461,제일연마,001560,주요사항보고서(자기주식취득신탁계약체결결정),2023-08-16,KOSPI,8200.0,8280.0,8290.0,8000.0,0.009756097560975618,0.01097560975609757,-0.024390243902439046,
826013,20230921000102,00148461,제일연마,001560,주요사항보고서(자기주식취득신탁계약체결결정),2023-09-21,KOSPI,8120.0,8360.0,8350.0,7570.0,0.029556650246305383,0.028325123152709297,-0.06773399014778325,
813232,20231026000125,00148461,제일연마,001560,주요사항보고서(자기주식취득신탁계약체결결정),2023-10-26,KOSPI,8030.0,8380.0,8390.0,8200.0,0.043586550435865457,0.04483188044831876,0.021170610211706187,
694210,20240403001417,00148461,제일연마,001560,주요사항보고서(자기주식취득신탁계약해지결정),2024-04-03,KOSPI,8560.0,8470.0,8400.0,8010.0,-0.010514018691588745,-0.01869158878504673,-0.06425233644859818,
678015,20240409002045,00148461,제일연마,001560,주요사항보고서(자기주식취득신탁계약해지결정),2024-04-09,KOSPI,8030.0,8010.0,8220.0,8600.0,-0.00249066002490661,0.023661270236612797,0.07098381070983817,
657559,20240430000489,00148461,제일연마,001560,주요사항보고서(자기주식취득신탁계약해지결정),2024-04-30,KOSPI,8350.0,8330.0,8320.0,8340.0,-0.0023952095808382756,-0.003592814371257469,-0.0011976047904191933,
564996,20241029000134,00148461,제일연마,001560,주요사항보고서(자기주식취득신탁계약체결결정),2024-10-29,KOSPI,8330.0,8660.0,8620.0,8640.0,0.03961584633853543,0.034813925570228,0.037214885954381716,
318361,20251028000149,00148461,제일연마,001560,주요사항보고서(자기주식취득신탁계약해지결정),2025-10-28,KOSPI,9800.0,9530.0,9310.0,9040.0,-0.027551020408163263,-0.050000000000000044,-0.07755102040816331,
1290748,20210826000214,00679314,동성케미컬,102260,주요사항보고서(자기주식취득결정),2021-08-26,KOSPI,5489.0,5559.0,5588.0,5705.0,0.01275277828384036,0.018036072144288484,0.03935143013299336,
1283199,20210908000417,00679314,동성케미컬,102260,자기주식취득결과보고서,2021-09-08,KOSPI,5883.0,5804.0,5785.0,5813.0,-0.013428522862485082,-0.0166581676015638,-0.011898691143974127,
1219561,20220127000161,00679314,동성케미컬,102260,주요사항보고서(자기주식취득신탁계약체결결정),2022-01-27,KOSPI,4458.0,4507.0,4542.0,4615.0,0.010991475998205491,0.018842530282638048,0.03521758636159711,
1086450,20220728000091,00679314,동성케미컬,102260,주요사항보고서(자기주식취득신탁계약해지결정),2022-07-28,KOSPI,4276.0,4316.0,4321.0,4341.0,0.009354536950420878,0.010523854069223626,0.015201122544433954,
1074175,20220822000377,00679314,동성케미컬,102260,주요사항보고서(자기주식취득신탁계약체결결정),2022-08-22,KOSPI,4557.0,4552.0,4547.0,4552.0,-0.0010972130787798573,-0.0021944261575598256,-0.0010972130787798573,
988609,20230222000593,00679314,동성케미컬,102260,주요사항보고서(자기주식취득신탁계약해지결정),2023-02-22,KOSPI,4419.0,4454.0,4424.0,4429.0,0.007920343969223698,0.0011314777098891948,0.0022629554197781676,
1289990,20210827000423,00352499,링네트,042500,주요사항보고서(자기주식취득신탁계약체결결정),2021-08-27,KOSDAQ,4592.0,4606.0,4612.0,4558.0,0.0030487804878047697,0.00435540069686402,-0.007404181184669012,
1218327,20220128000650,00352499,링네트,042500,주요사항보고서(자기주식취득신탁계약체결결정),2022-01-28,KOSDAQ,4143.0,4316.0,4275.0,4406.0,0.04175718078686952,0.031860970311368586,0.06348056963552984,
1202907,20220225002706,00352499,링네트,042500,[연장결정]주요사항보고서(자기주식취득신탁계약체결결정),2022-02-25,KOSDAQ,4172.0,4165.0,4172.0,4033.0,-0.001677852348993314,0.0,-0.03331735378715239,
1191373,20220311000243,00352499,링네트,042500,[연장결정]주요사항보고서(자기주식취득신탁계약체결결정),2022-03-11,KOSDAQ,4309.0,4337.0,4461.0,4551.0,0.006498027384544081,0.03527500580181009,0.05616152239498717,
1072074,20220826000284,00352499,링네트,042500,[연장결정]주요사항보고서(자기주식취득신탁계약체결결정),2022-08-26,KOSDAQ,3461.0,3323.0,3402.0,3230.0,-0.039872869112973164,-0.017047096214966806,-0.0667437156891072,
1035125,20221117000162,00352499,링네트,042500,주요사항보고서(자기주식취득신탁계약체결결정),2022-11-17,KOSDAQ,2857.0,2951.0,2934.0,2978.0,0.03290164508225413,0.02695134756737838,0.04235211760588031,
1001347,20230127000407,00352499,링네트,042500,주요사항보고서(자기주식취득신탁계약해지결정),2023-01-27,KOSDAQ,3309.0,3378.0,3389.0,3737.0,0.020852221214868516,0.02417648836506503,0.1293442127530977,
986597,20230224002310,00352499,링네트,042500,주요사항보고서(자기주식취득신탁계약해지결정),2023-02-24,KOSDAQ,4089.0,3778.0,3771.0,3737.0,-0.07605771582293963,-0.07776962582538516,-0.08608461726583516,
973897,20230310000138,00352499,링네트,042500,주요사항보고서(자기주식취득신탁계약해지결정),2023-03-10,KOSDAQ,3647.0,3516.0,3337.0,3592.0,-0.03591993419248696,-0.08500137098985472,-0.015080888401425852,
839068,20230825000315,00352499,링네트,042500,[연장결정]주요사항보고서(자기주식취득신탁계약체결결정),2023-08-25,KOSDAQ,2937.0,2940.0,2968.0,2981.0,0.0010214504596526286,0.010554988083077976,0.014981273408239737,
838829,20230825000572,00352499,링네트,042500,[연장결정]주요사항보고서(자기주식취득신탁계약체결결정),2023-08-25,KOSDAQ,2937.0,2940.0,2968.0,2981.0,0.0010214504596526286,0.010554988083077976,0.014981273408239737,
822060,20231004000183,00352499,링네트,042500,주요사항보고서(자기주식취득신탁계약체결결정),2023-10-04,KOSDAQ,2709.0,2789.0,2782.0,2809.0,0.029531192321889943,0.026947212993724712,0.03691399040236254,
800707,20231116000308,00352499,링네트,042500,[연장결정]주요사항보고서(자기주식취득신탁계약체결결정),2023-11-16,KOSDAQ,2903.0,2903.0,2875.0,2861.0,0.0,-0.009645194626248688,-0.014467791939373087,
597169,20240819000136,00352499,링네트,042500,주요사항보고서(자기주식취득신탁계약체결결정),2024-08-19,KOSDAQ,4577.0,4723.0,4689.0,4500.0,0.03189862355254536,0.024470176971815638,-0.016823246668123182,
595082,20240823000048,00352499,링네트,042500,[연장결정]주요사항보고서(자기주식취득신탁계약체결결정),2024-08-23,KOSDAQ,4680.0,4500.0,4492.0,4372.0,-0.038461538461538436,-0.04017094017094014,-0.0658119658119658,
574928,20241002000201,00352499,링네트,042500,[연장결정]주요사항보고서(자기주식취득신탁계약체결결정),2024-10-02,KOSDAQ,4115.0,4085.0,4085.0,4081.0,-0.007290400972053468,-0.007290400972053468,-0.00826245443499396,
382088,20250616000092,00352499,링네트,042500,주요사항보고서(자기주식취득신탁계약해지결정),2025-06-16,KOSDAQ,3794.0,3807.0,3888.0,4038.0,0.003426462836056965,0.02477596204533472,0.06431207169214548,
1289398,20210830000107,01416235,고스트스튜디오,950190,주요사항보고서(자기주식취득결정),2021-08-30,KOSDAQ,21400.0,21550.0,21450.0,21550.0,0.007009345794392496,0.002336448598130758,0.007009345794392496,
1245062,20211203000483,01416235,고스트스튜디오,950190,자기주식취득결과보고서,2021-12-03,KOSDAQ,22900.0,23050.0,23000.0,23000.0,0.0065502183406114245,0.004366812227074135,0.004366812227074135,
1194677,20220308000273,01416235,고스트스튜디오,950190,주요사항보고서(자기주식취득결정),2022-03-08,KOSDAQ,18400.0,18950.0,19300.0,19800.0,0.029891304347826164,0.048913043478260976,0.07608695652173902,
1126976,20220509000603,01416235,고스트스튜디오,950190,자기주식취득결과보고서,2022-05-09,KOSDAQ,18250.0,17900.0,17850.0,17700.0,-0.019178082191780854,-0.021917808219178103,-0.03013698630136985,
954262,20230327000863,01416235,고스트스튜디오,950190,주요사항보고서(자기주식취득결정),2023-03-27,KOSDAQ,11180.0,12170.0,12180.0,12400.0,0.08855098389982108,0.0894454382826475,0.10912343470482999,
890467,20230517000267,01416235,고스트스튜디오,950190,자기주식취득결과보고서,2023-05-17,KOSDAQ,12010.0,12000.0,12000.0,12130.0,-0.0008326394671107629,-0.0008326394671107629,0.009991673605328932,
615591,20240718000021,01416235,고스트스튜디오,950190,주요사항보고서(자기주식취득결정),2024-07-18,KOSDAQ,10120.0,10340.0,10340.0,10010.0,0.021739130434782705,0.021739130434782705,-0.010869565217391353,
567783,20241022000286,01416235,고스트스튜디오,950190,자기주식취득결과보고서,2024-10-22,KOSDAQ,10270.0,10290.0,10190.0,10400.0,0.0019474196689386325,-0.007789678675754641,0.012658227848101333,
129282,20260529000175,01416235,고스트스튜디오,950190,주요사항보고서(자기주식취득결정),2026-05-29,KOSDAQ,8070.0,8180.0,8310.0,8090.0,0.013630731102850069,0.029739776951672958,0.0024783147459728205,
1288536,20210830000949,00142883,우신시스템,017370,주요사항보고서(자기주식취득신탁계약해지결정),2021-08-30,KOSPI,4300.0,4315.0,4330.0,4480.0,0.0034883720930232176,0.006976744186046435,0.041860465116279055,
1283369,20210908000243,00142883,우신시스템,017370,주요사항보고서(자기주식취득신탁계약해지결정),2021-09-08,KOSPI,4875.0,4780.0,4500.0,4505.0,-0.019487179487179485,-0.07692307692307687,-0.07589743589743592,
1275148,20211001000177,00142883,우신시스템,017370,주요사항보고서(자기주식취득신탁계약해지결정),2021-10-01,KOSPI,4620.0,6000.0,5750.0,7300.0,0.2987012987012987,0.2445887445887447,0.58008658008658,
1260245,20211110000300,00142883,우신시스템,017370,주요사항보고서(자기주식취득신탁계약해지결정),2021-11-10,KOSPI,5620.0,4895.0,4920.0,4925.0,-0.12900355871886116,-0.1245551601423488,-0.12366548042704628,
1259692,20211111000208,00142883,우신시스템,017370,주요사항보고서(자기주식취득신탁계약해지결정),2021-11-11,KOSPI,4895.0,4920.0,4990.0,4590.0,0.005107252298263587,0.019407558733401498,-0.06230847803881512,
1256204,20211115001534,00142883,우신시스템,017370,주요사항보고서(자기주식취득신탁계약해지결정),2021-11-15,KOSPI,4990.0,4930.0,4925.0,4500.0,-0.012024048096192397,-0.013026052104208374,-0.09819639278557113,
1216937,20220204000437,00142883,우신시스템,017370,주요사항보고서(자기주식취득신탁계약체결결정),2022-02-04,KOSPI,3425.0,3425.0,3385.0,3330.0,0.0,-0.011678832116788329,-0.027737226277372296,
1085617,20220729000164,00142883,우신시스템,017370,[연장결정]주요사항보고서(자기주식취득신탁계약체결결정),2022-07-29,KOSPI,2550.0,2595.0,2595.0,2665.0,0.01764705882352935,0.01764705882352935,0.045098039215686336,
1049870,20221019000071,00142883,우신시스템,017370,주요사항보고서(자기주식취득신탁계약체결결정),2022-10-19,KOSPI,2390.0,2380.0,2245.0,2495.0,-0.004184100418409997,-0.060669456066945626,0.043933054393305415,
998395,20230203000178,00142883,우신시스템,017370,주요사항보고서(자기주식취득신탁계약해지결정),2023-02-03,KOSPI,3860.0,3765.0,3680.0,3780.0,-0.024611398963730546,-0.04663212435233166,-0.020725388601036232,
984413,20230227006433,00142883,우신시스템,017370,주요사항보고서(자기주식취득신탁계약체결결정),2023-02-27,KOSPI,3585.0,3705.0,3745.0,3830.0,0.03347280334728042,0.04463040446304034,0.0683403068340307,
816497,20231018000296,00142883,우신시스템,017370,주요사항보고서(자기주식취득신탁계약해지결정),2023-10-18,KOSPI,7850.0,7230.0,7000.0,7580.0,-0.0789808917197452,-0.10828025477707004,-0.03439490445859872,
745509,20240227002205,00142883,우신시스템,017370,주요사항보고서(자기주식취득신탁계약해지결정),2024-02-27,KOSPI,8430.0,8400.0,8370.0,8070.0,-0.003558718861209953,-0.007117437722419906,-0.042704626334519546,
624594,20240628000156,00142883,우신시스템,017370,주요사항보고서(자기주식취득신탁계약체결결정),2024-06-28,KOSPI,7720.0,7990.0,7970.0,7950.0,0.03497409326424861,0.032383419689119064,0.029792746113989743,
536052,20241216000217,00142883,우신시스템,017370,주요사항보고서(자기주식취득신탁계약체결결정),2024-12-16,KOSPI,6030.0,5910.0,5930.0,5810.0,-0.01990049751243783,-0.016583747927031545,-0.036484245439469265,
514666,20250205000171,00142883,우신시스템,017370,주요사항보고서(자기주식취득신탁계약체결결정),2025-02-05,KOSPI,5700.0,5720.0,5520.0,5490.0,0.0035087719298245723,-0.03157894736842104,-0.0368421052631579,
375792,20250627000754,00142883,우신시스템,017370,주요사항보고서(자기주식취득신탁계약해지결정),2025-06-27,KOSPI,7930.0,7970.0,7990.0,7930.0,0.0050441361916770955,0.007566204287515754,0.0,
359394,20250804000142,00142883,우신시스템,017370,주요사항보고서(자기주식취득신탁계약해지결정),2025-08-04,KOSPI,7520.0,7510.0,7560.0,7490.0,-0.0013297872340425343,0.005319148936170137,-0.003989361702127714,
331132,20250923000249,00142883,우신시스템,017370,주요사항보고서(자기주식취득신탁계약해지결정),2025-09-23,KOSPI,7250.0,7060.0,7100.0,6940.0,-0.026206896551724146,-0.020689655172413834,-0.04275862068965519,
1287801,20210831000340,00397289,오텍,067170,주요사항보고서(자기주식취득신탁계약체결결정),2021-08-31,KOSDAQ,10617.0,10837.0,10793.0,10793.0,0.020721484411792446,0.016577187529433823,0.016577187529433823,
1200113,20220228003414,00397289,오텍,067170,[연장결정]주요사항보고서(자기주식취득신탁계약체결결정),2022-02-28,KOSDAQ,8714.0,8811.0,8899.0,8731.0,0.011131512508606889,0.02123020426899247,0.0019508836355290882,
1111808,20220531002087,00397289,오텍,067170,[연장결정]주요사항보고서(자기주식취득신탁계약체결결정),2022-05-31,KOSDAQ,8009.0,8026.0,8070.0,7982.0,0.0021226120614308286,0.0076164315145461625,-0.0033712073916843943,
1111419,20220531002362,00397289,오텍,067170,[연장결정]주요사항보고서(자기주식취득신탁계약체결결정),2022-05-31,KOSDAQ,8009.0,8026.0,8070.0,7982.0,0.0021226120614308286,0.0076164315145461625,-0.0033712073916843943,
1067284,20220831001577,00397289,오텍,067170,[연장결정]주요사항보고서(자기주식취득신탁계약체결결정),2022-08-31,KOSDAQ,6088.0,5832.0,5753.0,5559.0,-0.042049934296977676,-0.0550262812089356,-0.08689224704336396,
837691,20230829000245,00397289,오텍,067170,[연장결정]주요사항보고서(자기주식취득신탁계약체결결정),2023-08-29,KOSDAQ,4775.0,4652.0,4669.0,4546.0,-0.02575916230366493,-0.02219895287958118,-0.04795811518324611,
590786,20240829001029,00397289,오텍,067170,[연장결정]주요사항보고서(자기주식취득신탁계약체결결정),2024-08-29,KOSDAQ,3352.0,3348.0,3365.0,3224.0,-0.0011933174224343368,0.0038782816229117056,-0.03818615751789978,
1287680,20210831000422,01062177,제놀루션,225220,주요사항보고서(자기주식취득신탁계약체결결정),2021-08-31,KOSDAQ,8212.0,8520.0,8648.0,8391.0,0.037506088650755,0.053093034583536314,0.021797369702873937,
1252923,20211123000102,01062177,제놀루션,225220,주요사항보고서(자기주식취득신탁계약체결결정),2021-11-23,KOSDAQ,7108.0,7390.0,7416.0,7673.0,0.039673607203151384,0.043331457512661764,0.07948790095666847,
1252922,20211123000105,01062177,제놀루션,225220,주요사항보고서(자기주식취득신탁계약체결결정),2021-11-23,KOSDAQ,7108.0,7390.0,7416.0,7673.0,0.039673607203151384,0.043331457512661764,0.07948790095666847,
1188945,20220314000758,01062177,제놀루션,225220,주요사항보고서(자기주식취득신탁계약해지결정),2022-03-14,KOSDAQ,6595.0,6723.0,6929.0,7032.0,0.019408642911296514,0.05064442759666421,0.06626231993934795,
1054843,20221006000078,01062177,제놀루션,225220,주요사항보고서(자기주식취득신탁계약체결결정),2022-10-06,KOSDAQ,4773.0,4840.0,4655.0,4979.0,0.014037293107060478,-0.0247223968154201,0.04315943850827564,
864558,20230710000148,01062177,제놀루션,225220,주요사항보고서(자기주식취득신탁계약체결결정),2023-07-10,KOSDAQ,4015.0,4145.0,4130.0,4340.0,0.03237858032378571,0.028642590286425795,0.08094645080946461,
1287674,20210831000468,00270113,멕아이씨에스,058110,주요사항보고서(자기주식취득결정),2021-08-31,KOSDAQ,12400.0,12050.0,11900.0,11200.0,-0.028225806451612878,-0.040322580645161255,-0.09677419354838712,
1275127,20211001000212,00270113,멕아이씨에스,058110,자기주식취득결과보고서,2021-10-01,KOSDAQ,9530.0,8710.0,8010.0,9280.0,-0.08604407135362013,-0.15949632738719832,-0.026232948583420734,
1274660,20211005000020,00270113,멕아이씨에스,058110,주요사항보고서(자기주식취득결정),2021-10-05,KOSDAQ,8710.0,8010.0,8930.0,9180.0,-0.08036739380022961,0.025258323765786406,0.053960964408725554,
1268487,20211020000274,00270113,멕아이씨에스,058110,자기주식취득결과보고서,2021-10-20,KOSDAQ,9520.0,9310.0,9280.0,9360.0,-0.022058823529411797,-0.025210084033613467,-0.01680672268907568,
811390,20231030000418,00270113,멕아이씨에스,058110,주요사항보고서(자기주식취득결정),2023-10-30,KOSDAQ,2700.0,2860.0,2625.0,2645.0,0.059259259259259345,-0.02777777777777779,-0.020370370370370372,
766875,20240124000267,00270113,멕아이씨에스,058110,자기주식취득결과보고서,2024-01-24,KOSDAQ,3150.0,3050.0,3025.0,2930.0,-0.031746031746031744,-0.03968253968253965,-0.06984126984126982,
1286671,20210831001509,00140177,GS리테일,007070,주요사항보고서(자기주식취득신탁계약해지결정),2021-08-31,KOSPI,29336.0,29336.0,29464.0,29507.0,0.0,0.004363239705481359,0.0058290155440414715,
1286649,20210831800376,00500254,GS,078930,주요사항보고서(자기주식취득신탁계약해지결정)(자회사의 주요경영사항),2021-08-31,KOSPI,42500.0,42200.0,42200.0,42250.0,-0.007058823529411784,-0.007058823529411784,-0.00588235294117645,
1285966,20210901000178,00336297,고려신용정보,049720,[연장결정]주요사항보고서(자기주식취득신탁계약체결결정),2021-09-01,KOSDAQ,10600.0,10300.0,10000.0,9900.0,-0.028301886792452824,-0.05660377358490565,-0.06603773584905659,
1066844,20220901000269,00336297,고려신용정보,049720,[연장결정]주요사항보고서(자기주식취득신탁계약체결결정),2022-09-01,KOSDAQ,12000.0,11850.0,11900.0,11450.0,-0.012499999999999956,-0.008333333333333304,-0.04583333333333328,
1285161,20210902000296,00426086,티케이지휴켐스,069260,주요사항보고서(자기주식취득신탁계약해지결정),2021-09-02,KOSPI,27100.0,26850.0,28100.0,26900.0,-0.009225092250922495,0.03690036900368998,-0.0073800738007380184,
1284951,20210903000011,01113754,티이엠씨씨엔에스,241790,주요사항보고서(자기주식취득결정),2021-09-03,KOSDAQ,15200.0,15150.0,15350.0,14650.0,-0.003289473684210509,0.009868421052631637,-0.03618421052631582,
1252457,20211124000089,01113754,티이엠씨씨엔에스,241790,자기주식취득결과보고서,2021-11-24,KOSDAQ,15100.0,14950.0,14350.0,14200.0,-0.009933774834437137,-0.04966887417218546,-0.05960264900662249,
378246,20250625000044,01113754,티이엠씨씨엔에스,241790,주요사항보고서(자기주식취득신탁계약체결결정),2025-06-25,KOSDAQ,7180.0,7190.0,7080.0,7380.0,0.0013927576601671099,-0.013927576601671321,0.027855153203342642,
1284925,20210903000047,00173795,신흥,004080,주요사항보고서(자기주식취득결정),2021-09-03,KOSPI,16400.0,16850.0,17050.0,17600.0,0.027439024390243816,0.03963414634146334,0.07317073170731714,
1268570,20211020000199,00173795,신흥,004080,자기주식취득결과보고서,2021-10-20,KOSPI,15950.0,15800.0,15900.0,16150.0,-0.009404388714733591,-0.0031347962382445305,0.012539184952978122,
1102602,20220622000142,00173795,신흥,004080,자기주식취득결과보고서,2022-06-22,KOSPI,16250.0,16150.0,16250.0,16350.0,-0.006153846153846176,0.0,0.006153846153846176,
322462,20251017000078,00173795,신흥,004080,주요사항보고서(자기주식취득결정),2025-10-17,KOSPI,13830.0,14150.0,14000.0,13900.0,0.02313810556760676,0.012292118582791112,0.005061460592914013,
272347,20260116000094,00173795,신흥,004080,자기주식취득결과보고서,2026-01-16,KOSPI,13680.0,13620.0,13560.0,13510.0,-0.004385964912280715,-0.00877192982456143,-0.012426900584795342,
249490,20260220000779,00173795,신흥,004080,주요사항보고서(자기주식취득결정),2026-02-20,KOSPI,13970.0,13990.0,13980.0,13970.0,0.0014316392269149159,0.0007158196134573469,0.0,
20111,20260429000178,00173795,신흥,004080,자기주식취득결과보고서,2026-04-29,KOSPI,13890.0,13990.0,13970.0,13950.0,0.007199424046076208,0.005759539236861011,0.004319654427645814,
122363,20260605000222,00173795,신흥,004080,주요사항보고서(자기주식취득결정),2026-06-05,KOSPI,13760.0,13600.0,13690.0,13760.0,-0.011627906976744207,-0.005087209302325535,0.0,
1284911,20210903000065,00983934,아이스크림에듀,289010,[연장결정]주요사항보고서(자기주식취득신탁계약체결결정),2021-09-03,KOSDAQ,7640.0,7650.0,7710.0,8280.0,0.0013089005235602524,0.009162303664921545,0.08376963350785349,
1066558,20220902000071,00983934,아이스크림에듀,289010,[연장결정]주요사항보고서(자기주식취득신탁계약체결결정),2022-09-02,KOSDAQ,4780.0,4810.0,4815.0,4785.0,0.006276150627614996,0.007322175732217495,0.0010460251046024993,
1005566,20230116000159,00983934,아이스크림에듀,289010,주요사항보고서(자기주식취득신탁계약해지결정),2023-01-16,KOSDAQ,4510.0,4425.0,4480.0,4625.0,-0.018847006651884657,-0.006651884700665134,0.02549889135254979,
833416,20230901000084,00983934,아이스크림에듀,289010,[연장결정]주요사항보고서(자기주식취득신탁계약체결결정),2023-09-01,KOSDAQ,4165.0,4125.0,4235.0,4115.0,-0.009603841536614643,0.01680672268907557,-0.01200480192076836,
1284709,20210903000268,01203808,AP시스템,265520,[연장결정]주요사항보고서(자기주식취득신탁계약체결결정),2021-09-03,KOSDAQ,28600.0,28400.0,28050.0,27900.0,-0.006993006993006978,-0.019230769230769273,-0.02447552447552448,
1274955,20211001000338,01203808,AP시스템,265520,주요사항보고서(자기주식취득신탁계약해지결정),2021-10-01,KOSDAQ,24400.0,23900.0,23100.0,23000.0,-0.020491803278688492,-0.05327868852459017,-0.05737704918032782,
1088069,20220725000047,01203808,AP시스템,265520,주요사항보고서(자기주식취득신탁계약체결결정),2022-07-25,KOSDAQ,17650.0,17650.0,17900.0,18000.0,0.0,0.014164305949008416,0.019830028328611915,
1002874,20230125000253,01203808,AP시스템,265520,[연장결정]주요사항보고서(자기주식취득신탁계약체결결정),2023-01-25,KOSDAQ,18950.0,18860.0,19140.0,19180.0,-0.004749340369393118,0.010026385224274348,0.012137203166227017,
526026,20250107000152,01203808,AP시스템,265520,주요사항보고서(자기주식취득신탁계약체결결정),2025-01-07,KOSDAQ,16680.0,17320.0,16870.0,17190.0,0.0383693045563549,0.011390887290167795,0.030575539568345356,
367920,20250716000212,01203808,AP시스템,265520,주요사항보고서(자기주식취득신탁계약해지결정),2025-07-16,KOSDAQ,18580.0,18410.0,17900.0,18190.0,-0.00914962325080737,-0.03659849300322926,-0.020990312163616798,
104212,20260309001330,01203808,AP시스템,265520,주요사항보고서(자기주식취득신탁계약체결결정),2026-03-09,KOSDAQ,21000.0,22750.0,22250.0,22350.0,0.08333333333333326,0.059523809523809534,0.06428571428571428,
1284649,20210903000302,01139266,로스웰,900260,[연장결정]주요사항보고서(자기주식취득신탁계약체결결정),2021-09-03,KOSDAQ,1680.0,1675.0,1685.0,1730.0,-0.0029761904761904656,0.0029761904761904656,0.029761904761904656,
1196195,20220304000473,01139266,로스웰,900260,[연장결정]주요사항보고서(자기주식취득신탁계약체결결정),2022-03-04,KOSDAQ,1820.0,1755.0,1665.0,1610.0,-0.0357142857142857,-0.0851648351648352,-0.11538461538461542,
1066268,20220902000326,01139266,로스웰,900260,[연장결정]주요사항보고서(자기주식취득신탁계약체결결정),2022-09-02,KOSDAQ,1575.0,1555.0,1570.0,1550.0,-0.012698412698412653,-0.0031746031746031633,-0.015873015873015928,
981532,20230228005606,01139266,로스웰,900260,[연장결정]주요사항보고서(자기주식취득신탁계약체결결정),2023-02-28,KOSDAQ,960.0,956.0,958.0,945.0,-0.004166666666666652,-0.002083333333333326,-0.015625,
1284287,20210906000153,01046708,바디텍메드,206640,주요사항보고서(자기주식취득신탁계약체결결정),2021-09-06,KOSDAQ,18850.0,18800.0,18350.0,18750.0,-0.0026525198938992522,-0.02652519893899208,-0.0053050397877983935,
1241604,20211214000008,01046708,바디텍메드,206640,주요사항보고서(자기주식취득신탁계약체결결정),2021-12-14,KOSDAQ,16850.0,16700.0,16400.0,17050.0,-0.008902077151335286,-0.02670623145400597,0.011869436201780381,
1057486,20220929000208,01046708,바디텍메드,206640,주요사항보고서(자기주식취득신탁계약체결결정),2022-09-29,KOSDAQ,8700.0,8740.0,9250.0,9850.0,0.0045977011494253706,0.06321839080459779,0.13218390804597702,
570701,20241015000039,01046708,바디텍메드,206640,주요사항보고서(자기주식취득신탁계약체결결정),2024-10-15,KOSDAQ,13720.0,13480.0,13680.0,13660.0,-0.017492711370262426,-0.002915451895043719,-0.004373177842565634,
344805,20250827000035,01046708,바디텍메드,206640,주요사항보고서(자기주식취득신탁계약체결결정),2025-08-27,KOSDAQ,14300.0,14790.0,14430.0,14320.0,0.034265734265734205,0.009090909090909038,0.0013986013986013734,
1284158,20210906000265,00288343,삼영이엔씨,065570,주요사항보고서(자기주식취득신탁계약체결결정),2021-09-06,KOSDAQ,8720.0,8680.0,8480.0,8350.0,-0.004587155963302725,-0.02752293577981646,-0.04243119266055051,
1196710,20220304000157,00288343,삼영이엔씨,065570,[연장결정]주요사항보고서(자기주식취득신탁계약체결결정),2022-03-04,KOSDAQ,7370.0,7250.0,7200.0,7800.0,-0.016282225237449155,-0.023066485753052923,0.05834464043419274,
1109559,20220603000158,00288343,삼영이엔씨,065570,[연장결정]주요사항보고서(자기주식취득신탁계약체결결정),2022-06-03,KOSDAQ,6520.0,6340.0,6250.0,5880.0,-0.027607361963190136,-0.04141104294478526,-0.09815950920245398,
1076571,20220816001981,00288343,삼영이엔씨,065570,주요사항보고서(자기주식취득신탁계약해지결정),2022-08-16,KOSDAQ,7910.0,8290.0,8520.0,8660.0,0.048040455120101244,0.07711757269279396,0.09481668773704177,
1284110,20210906000303,00819073,인크로스,216050,주요사항보고서(자기주식취득신탁계약해지결정),2021-09-06,KOSDAQ,31125.0,31125.0,30873.0,29963.0,0.0,-0.008096385542168627,-0.03733333333333333,
1283942,20210907000014,00273420,이스트소프트,047560,주요사항보고서(자기주식취득신탁계약체결결정),2021-09-07,KOSDAQ,13100.0,13150.0,12850.0,13200.0,0.003816793893129722,-0.01908396946564883,0.007633587786259444,
1125178,20220512000473,00273420,이스트소프트,047560,주요사항보고서(자기주식취득신탁계약체결결정),2022-05-12,KOSDAQ,10750.0,11200.0,10700.0,10950.0,0.041860465116279055,-0.0046511627906976605,0.018604651162790642,
1096585,20220704000097,00273420,이스트소프트,047560,주요사항보고서(자기주식취득신탁계약체결결정),2022-07-04,KOSDAQ,9050.0,9330.0,9470.0,9520.0,0.030939226519337115,0.04640883977900545,0.051933701657458586,
1010949,20230103000036,00273420,이스트소프트,047560,[연장결정]주요사항보고서(자기주식취득신탁계약체결결정),2023-01-03,KOSDAQ,8710.0,8790.0,8720.0,8920.0,0.009184845005740572,0.0011481056257176547,0.024110218140068973,
1283869,20210907000077,00264635,에스넷,038680,주요사항보고서(자기주식취득신탁계약체결결정),2021-09-07,KOSDAQ,7692.0,7505.0,7348.0,7358.0,-0.02431097243889757,-0.04472178887155487,-0.043421736869474814,
1065618,20220906000077,00264635,에스넷,038680,[연장결정]주요사항보고서(자기주식취득신탁계약체결결정),2022-09-06,KOSDAQ,5776.0,5609.0,5619.0,5590.0,-0.028912742382271484,-0.027181440443213245,-0.03220221606648199,
831773,20230906000328,00264635,에스넷,038680,[연장결정]주요사항보고서(자기주식취득신탁계약체결결정),2023-09-06,KOSDAQ,5030.0,5049.0,5020.0,4789.0,0.0037773359840953535,-0.001988071570576566,-0.04791252485089459,
557489,20241113000763,00264635,에스넷,038680,주요사항보고서(자기주식취득신탁계약체결결정),2024-11-13,KOSDAQ,3438.0,3458.0,3556.0,3527.0,0.005817335660267542,0.03432228039557872,0.025887143688190895,
377873,20250625000415,00264635,에스넷,038680,주요사항보고서(자기주식취득신탁계약해지결정),2025-06-25,KOSDAQ,5090.0,4895.0,4850.0,4645.0,-0.03831041257367385,-0.047151277013752435,-0.08742632612966605,
1283787,20210907000147,00261443,NC,036570,주요사항보고서(자기주식취득결정),2021-09-07,KOSPI,616000.0,612000.0,611000.0,599000.0,-0.00649350649350644,-0.008116883116883078,-0.02759740259740262,
1251619,20211125000331,00261443,NC,036570,자기주식취득결과보고서,2021-11-25,KOSPI,700000.0,695000.0,689000.0,690000.0,-0.0071428571428571175,-0.01571428571428568,-0.014285714285714235,
653403,20240509000521,00261443,NC,036570,주요사항보고서(자기주식취득결정),2024-05-09,KOSPI,184500.0,204000.0,210000.0,216500.0,0.10569105691056913,0.1382113821138211,0.17344173441734423,
611784,20240726000457,00261443,NC,036570,자기주식취득결과보고서,2024-07-26,KOSPI,180200.0,176100.0,173200.0,175500.0,-0.022752497225305257,-0.0388457269700333,-0.026082130965593753,
1283303,20210908000305,00161462,에이티넘인베스트,021080,[연장결정]주요사항보고서(자기주식취득신탁계약체결결정),2021-09-08,KOSDAQ,4545.0,4525.0,4620.0,4540.0,-0.004400440044004417,0.01650165016501659,-0.0011001100110010764,
963386,20230320000293,00161462,에이티넘인베스트,021080,주요사항보고서(자기주식취득신탁계약체결결정),2023-03-20,KOSDAQ,2730.0,2650.0,2740.0,2695.0,-0.02930402930402931,0.00366300366300365,-0.012820512820512775,
1283133,20210908000463,00494218,엘엠에스,073110,[연장결정]주요사항보고서(자기주식취득신탁계약체결결정),2021-09-08,KOSDAQ,9840.0,9770.0,9700.0,9650.0,-0.007113821138211351,-0.014227642276422814,-0.019308943089430874,
1065000,20220907000254,00494218,엘엠에스,073110,[연장결정]주요사항보고서(자기주식취득신탁계약체결결정),2022-09-07,KOSDAQ,7390.0,7370.0,7460.0,7140.0,-0.0027063599458727605,0.009472259810554773,-0.03382949932341006,
1058388,20220927000507,00494218,엘엠에스,073110,[연장결정]주요사항보고서(자기주식취득신탁계약체결결정),2022-09-28,KOSDAQ,7100.0,6820.0,6760.0,7090.0,-0.03943661971830981,-0.04788732394366202,-0.0014084507042253502,
1282871,20210909000150,00888347,휴젤,145020,[연장결정]주요사항보고서(자기주식취득신탁계약체결결정),2021-09-09,KOSDAQ,188200.0,188200.0,183200.0,186900.0,0.0,-0.026567481402762994,-0.006907545164718365,
1242019,20211213000173,00888347,휴젤,145020,주요사항보고서(자기주식취득신탁계약체결결정),2021-12-13,KOSDAQ,151500.0,151100.0,152500.0,154700.0,-0.0026402640264026056,0.0066006600660066805,0.021122112211221067,
1192569,20220310000701,00888347,휴젤,145020,주요사항보고서(자기주식취득신탁계약해지결정),2022-03-10,KOSDAQ,142100.0,140700.0,134000.0,141000.0,-0.009852216748768461,-0.05700211118930332,-0.007741027445460902,
1149060,20220407001111,00888347,휴젤,145020,주요사항보고서(자기주식취득신탁계약체결결정),2022-04-07,KOSDAQ,111500.0,120500.0,123100.0,120700.0,0.08071748878923768,0.10403587443946183,0.08251121076233181,
1061129,20220920000288,00888347,휴젤,145020,[연장결정]주요사항보고서(자기주식취득신탁계약체결결정),2022-09-20,KOSDAQ,111600.0,111000.0,109200.0,105200.0,-0.005376344086021501,-0.021505376344086002,-0.05734767025089604,
992847,20230214001104,00888347,휴젤,145020,주요사항보고서(자기주식취득신탁계약체결결정),2023-02-14,KOSDAQ,140400.0,134300.0,138500.0,135200.0,-0.04344729344729348,-0.013532763532763559,-0.03703703703703709,
805262,20231113000326,00888347,휴젤,145020,주요사항보고서(자기주식취득신탁계약체결결정),2023-11-13,KOSDAQ,141700.0,146800.0,148700.0,149800.0,0.0359915314043755,0.0494001411432603,0.05716302046577271,
755417,20240213001291,00888347,휴젤,145020,주요사항보고서(자기주식취득신탁계약체결결정),2024-02-13,KOSDAQ,152500.0,161100.0,168800.0,181400.0,0.05639344262295087,0.10688524590163939,0.18950819672131147,
712993,20240327000515,00888347,휴젤,145020,주요사항보고서(자기주식취득신탁계약체결결정),2024-03-27,KOSDAQ,196100.0,193100.0,191100.0,202000.0,-0.015298317185109656,-0.02549719530851602,0.030086690464048882,
543367,20241205000119,00888347,휴젤,145020,주요사항보고서(자기주식취득신탁계약체결결정),2024-12-05,KOSDAQ,270000.0,265000.0,247000.0,278500.0,-0.01851851851851849,-0.08518518518518514,0.031481481481481444,
1282845,20210909000169,00118284,동일금속,109860,주요사항보고서(자기주식취득신탁계약해지결정),2021-09-09,KOSDAQ,12064.0,12295.0,12141.0,12064.0,0.019147877984084793,0.006382625994694857,0.0,
1282400,20210910000127,00220622,서호전기,065710,주요사항보고서(자기주식취득결정),2021-09-10,KOSDAQ,20800.0,20650.0,20750.0,20400.0,-0.007211538461538436,-0.0024038461538461453,-0.019230769230769273,
1273909,20211006000197,00220622,서호전기,065710,자기주식취득결과보고서,2021-10-06,KOSDAQ,19950.0,20050.0,19950.0,20750.0,0.005012531328320913,0.0,0.040100250626566414,
1245370,20211203000151,00220622,서호전기,065710,주요사항보고서(자기주식취득결정),2021-12-03,KOSDAQ,20300.0,20350.0,20550.0,20950.0,0.0024630541871921707,0.012315270935960632,0.03201970443349755,
1236102,20211222000457,00220622,서호전기,065710,자기주식취득결과보고서,2021-12-22,KOSDAQ,21000.0,21050.0,21400.0,21100.0,0.0023809523809523725,0.01904761904761898,0.004761904761904745,
1043888,20221102000277,00220622,서호전기,065710,주요사항보고서(자기주식취득결정),2022-11-02,KOSDAQ,18000.0,18000.0,18200.0,19450.0,0.0,0.011111111111111072,0.08055555555555549,
1015977,20221223000171,00220622,서호전기,065710,자기주식취득결과보고서,2022-12-23,KOSDAQ,19600.0,19650.0,19850.0,17500.0,0.0025510204081633514,0.012755102040816313,-0.1071428571428571,
790593,20231204000187,00220622,서호전기,065710,주요사항보고서(자기주식취득결정),2023-12-04,KOSDAQ,19000.0,19400.0,19550.0,19700.0,0.021052631578947434,0.02894736842105261,0.03684210526315779,
779954,20231222000249,00220622,서호전기,065710,자기주식취득결과보고서,2023-12-22,KOSDAQ,20250.0,20000.0,19120.0,18750.0,-0.012345679012345734,-0.055802469135802446,-0.07407407407407407,
577608,20240926000168,00220622,서호전기,065710,주요사항보고서(자기주식취득신탁계약체결결정),2024-09-26,KOSDAQ,20650.0,20700.0,21000.0,21150.0,0.002421307506053294,0.016949152542372836,0.02421307506053272,
551681,20241122000123,00220622,서호전기,065710,주요사항보고서(자기주식취득신탁계약체결결정),2024-11-22,KOSDAQ,21550.0,22150.0,22700.0,22550.0,0.0278422273781902,0.05336426914153125,0.04640371229698381,
1282079,20210910000436,00159342,한국정보통신,025770,[연장결정]주요사항보고서(자기주식취득신탁계약체결결정),2021-09-10,KOSDAQ,9060.0,8900.0,8960.0,8910.0,-0.017660044150110354,-0.01103752759381893,-0.01655629139072845,
1191253,20220311000330,00159342,한국정보통신,025770,[연장결정]주요사항보고서(자기주식취득신탁계약체결결정),2022-03-11,KOSDAQ,8720.0,8700.0,8690.0,8750.0,-0.002293577981651418,-0.0034403669724770714,0.0034403669724769603,
1103704,20220620000169,00159342,한국정보통신,025770,주요사항보고서(자기주식취득신탁계약체결결정),2022-06-20,KOSDAQ,7500.0,7650.0,7520.0,7800.0,0.020000000000000018,0.002666666666666595,0.040000000000000036,
856677,20230727000434,00159342,한국정보통신,025770,주요사항보고서(자기주식취득신탁계약체결결정),2023-07-27,KOSDAQ,8170.0,8420.0,8430.0,8430.0,0.030599755201958345,0.03182374541003674,0.03182374541003674,
613465,20240724000230,00159342,한국정보통신,025770,[연장결정]주요사항보고서(자기주식취득신탁계약체결결정),2024-07-24,KOSDAQ,8340.0,8490.0,8450.0,8500.0,0.017985611510791477,0.01318944844124692,0.01918465227817756,
510257,20250211000501,00159342,한국정보통신,025770,주요사항보고서(자기주식취득신탁계약체결결정),2025-02-11,KOSDAQ,7780.0,7710.0,7700.0,7740.0,-0.00899742930591263,-0.010282776349614386,-0.005141388174807249,
302966,20251125000324,00159342,한국정보통신,025770,주요사항보고서(자기주식취득신탁계약해지결정),2025-11-25,KOSDAQ,7720.0,8060.0,8080.0,8060.0,0.04404145077720201,0.04663212435233155,0.04404145077720201,
302057,20251126000354,00159342,한국정보통신,025770,주요사항보고서(자기주식취득신탁계약체결결정),2025-11-26,KOSDAQ,8060.0,8080.0,8120.0,8110.0,0.002481389578163684,0.007444168734491274,0.006203473945409321,
1281761,20210913000067,00161116,HL D&I,014790,주요사항보고서(자기주식취득결정),2021-09-13,KOSPI,6950.0,7010.0,6560.0,6110.0,0.008633093525179936,-0.05611510791366903,-0.12086330935251799,
1276007,20210930000192,00161116,HL D&I,014790,자기주식취득결과보고서,2021-09-30,KOSPI,6240.0,6080.0,5790.0,5620.0,-0.02564102564102566,-0.07211538461538458,-0.09935897435897434,
1107976,20220609000257,00161116,HL D&I,014790,주요사항보고서(자기주식취득결정),2022-06-09,KOSPI,4875.0,4715.0,4445.0,4210.0,-0.03282051282051279,-0.08820512820512816,-0.1364102564102564,
1099826,20220628000272,00161116,HL D&I,014790,자기주식취득결과보고서,2022-06-28,KOSPI,3965.0,3965.0,4020.0,3960.0,0.0,0.013871374527112179,-0.0012610340479193294,
1281691,20210913000140,00365624,아이윈,090150,주요사항보고서(자기주식취득신탁계약체결결정),2021-09-13,KOSDAQ,4381.0,4508.0,4294.0,4104.0,0.02898881533896369,-0.019858479799132578,-0.06322757361333031,
1189040,20220314000712,00365624,아이윈,090150,주요사항보고서(자기주식취득신탁계약해지결정),2022-03-14,KOSDAQ,2385.0,2360.0,2470.0,2545.0,-0.010482180293501009,0.03563941299790363,0.06708595387840677,
1102235,20220622000564,00365624,아이윈,090150,주요사항보고서(자기주식취득신탁계약체결결정),2022-06-22,KOSDAQ,1700.0,1665.0,1780.0,1785.0,-0.020588235294117685,0.04705882352941182,0.050000000000000044,
1016432,20221222000369,00365624,아이윈,090150,[연장결정]주요사항보고서(자기주식취득신탁계약체결결정),2022-12-22,KOSDAQ,1310.0,1285.0,1265.0,1260.0,-0.01908396946564883,-0.03435114503816794,-0.03816793893129766,
960453,20230322000157,00365624,아이윈,090150,[연장결정]주요사항보고서(자기주식취득신탁계약체결결정),2023-03-22,KOSDAQ,1926.0,1826.0,1875.0,1849.0,-0.05192107995846318,-0.026479750778816147,-0.03997923156801664,
872653,20230622000176,00365624,아이윈,090150,[연장결정]주요사항보고서(자기주식취득신탁계약체결결정),2023-06-22,KOSDAQ,1730.0,1679.0,1697.0,1600.0,-0.029479768786127125,-0.01907514450867054,-0.07514450867052025,
780106,20231222000059,00365624,아이윈,090150,[연장결정]주요사항보고서(자기주식취득신탁계약체결결정),2023-12-22,KOSDAQ,1225.0,1215.0,1214.0,1235.0,-0.008163265306122436,-0.00897959183673469,0.008163265306122547,
717058,20240322000489,00365624,아이윈,090150,[연장결정]주요사항보고서(자기주식취득신탁계약체결결정),2024-03-22,KOSDAQ,1242.0,1232.0,1218.0,1263.0,-0.008051529790660261,-0.019323671497584516,0.01690821256038655,
1281469,20210913000283,00163512,한진,002320,주요사항보고서(자기주식취득신탁계약해지결정),2021-09-13,KOSPI,38700.0,38600.0,38750.0,38150.0,-0.0025839793281653423,0.0012919896640826156,-0.014211886304909549,
1281757,20210913800140,00299002,HL홀딩스,060980,주요사항보고서(자기주식취득결정)(자회사의 주요경영사항),2021-09-13,KOSPI,47750.0,47700.0,49200.0,55900.0,-0.0010471204188481353,0.030366492146596924,0.17068062827225128,
1230686,20211231000288,00299002,HL홀딩스,060980,주요사항보고서(자기주식취득신탁계약해지결정),2021-12-31,KOSPI,46050.0,46000.0,46000.0,46000.0,-0.0010857763300760048,-0.0010857763300760048,-0.0010857763300760048,
1126017,20220510000927,00299002,HL홀딩스,060980,주요사항보고서(자기주식취득신탁계약체결결정),2022-05-11,KOSPI,40150.0,39650.0,40050.0,41250.0,-0.012453300124533051,-0.00249066002490661,0.027397260273972712,
1107961,20220609800153,00299002,HL홀딩스,060980,주요사항보고서(자기주식취득결정)(자회사의 주요경영사항),2022-06-09,KOSPI,40200.0,39800.0,39250.0,37000.0,-0.00995024875621886,-0.023631840796019876,-0.07960199004975121,
921469,20230410002657,00299002,HL홀딩스,060980,주요사항보고서(자기주식취득신탁계약해지결정),2023-04-10,KOSPI,31100.0,31600.0,32200.0,32400.0,0.016077170418006492,0.03536977491961424,0.04180064308681675,
759766,20240206000402,00299002,HL홀딩스,060980,주요사항보고서(자기주식취득신탁계약체결결정),2024-02-06,KOSPI,35300.0,35400.0,35000.0,34850.0,0.0028328611898016387,-0.008498583569405138,-0.012747875354107596,
559250,20241111000247,00299002,HL홀딩스,060980,주요사항보고서(자기주식취득신탁계약해지결정),2024-11-11,KOSPI,35100.0,34700.0,34500.0,33850.0,-0.01139601139601143,-0.017094017094017144,-0.035612535612535634,
512142,20250207000807,00299002,HL홀딩스,060980,주요사항보고서(자기주식취득신탁계약체결결정),2025-02-07,KOSPI,34250.0,35050.0,35300.0,35250.0,0.023357664233576658,0.03065693430656924,0.029197080291970767,
355618,20250812000503,00299002,HL홀딩스,060980,주요사항보고서(자기주식취득신탁계약해지결정),2025-08-12,KOSPI,38400.0,38150.0,38400.0,38450.0,-0.00651041666666663,0.0,0.0013020833333332593,
278788,20260102000357,00299002,HL홀딩스,060980,주요사항보고서(자기주식취득신탁계약해지결정),2026-01-02,KOSPI,46350.0,44450.0,43200.0,42800.0,-0.04099244875943908,-0.06796116504854366,-0.07659115426105723,
255103,20260211001001,00299002,HL홀딩스,060980,주요사항보고서(자기주식취득신탁계약체결결정),2026-02-11,KOSPI,45650.0,46700.0,46700.0,48650.0,0.02300109529025196,0.02300109529025196,0.0657174151150055,
1281335,20210914000072,00854997,에스디바이오센서,137310,주요사항보고서(자기주식취득신탁계약체결결정),2021-09-14,KOSPI,44600.0,47900.0,47100.0,49350.0,0.07399103139013463,0.056053811659192876,0.1065022421524664,
1189267,20220314000572,00854997,에스디바이오센서,137310,주요사항보고서(자기주식취득신탁계약해지결정),2022-03-14,KOSPI,54300.0,57500.0,58400.0,55800.0,0.058931860036832484,0.07550644567219145,0.027624309392265234,
557756,20241113000520,00854997,에스디바이오센서,137310,주요사항보고서(자기주식취득결정),2024-11-13,KOSPI,7880.0,8970.0,9590.0,10220.0,0.1383248730964468,0.21700507614213205,0.29695431472081224,
512563,20250207000500,00854997,에스디바이오센서,137310,자기주식취득결과보고서,2025-02-07,KOSPI,11050.0,10620.0,10590.0,10430.0,-0.03891402714932124,-0.04162895927601806,-0.056108597285067896,
1281300,20210914000114,00103015,고려제약,014570,주요사항보고서(자기주식취득결정),2021-09-14,KOSDAQ,10000.0,10050.0,10000.0,9830.0,0.004999999999999893,0.0,-0.017000000000000015,
1270774,20211014000012,00103015,고려제약,014570,자기주식취득결과보고서,2021-10-14,KOSDAQ,9210.0,9290.0,9240.0,9320.0,0.008686210640608039,0.0032573289902280145,0.011943539630836053,
1280819,20210915000078,00926522,테고사이언스,191420,[연장결정]주요사항보고서(자기주식취득신탁계약체결결정),2021-09-15,KOSDAQ,27750.0,27400.0,27950.0,27100.0,-0.012612612612612595,0.007207207207207134,-0.023423423423423406,
1278837,20210923000058,00926522,테고사이언스,191420,[연장결정]주요사항보고서(자기주식취득신탁계약체결결정),2021-09-23,KOSDAQ,27500.0,27550.0,27100.0,25550.0,0.0018181818181817189,-0.014545454545454528,-0.07090909090909092,
1186477,20220315001290,00926522,테고사이언스,191420,주요사항보고서(자기주식취득신탁계약해지결정),2022-03-15,KOSDAQ,18350.0,18500.0,18650.0,18850.0,0.008174386920980936,0.016348773841961872,0.027247956403269713,
1280766,20210915000129,00159786,유니드,014830,[연장결정]주요사항보고서(자기주식취득신탁계약체결결정),2021-09-15,KOSPI,162396.0,171643.0,168753.0,168753.0,0.0569410576615188,0.03914505283381353,0.03914505283381353,
1240482,20211215000128,00159786,유니드,014830,[연장결정]주요사항보고서(자기주식취득신탁계약체결결정),2021-12-15,KOSPI,117896.0,116740.0,120208.0,115122.0,-0.009805252086584781,0.019610504173169563,-0.023529212187012316,
1132321,20220415000296,00159786,유니드,014830,주요사항보고서(자기주식취득신탁계약해지결정),2022-04-15,KOSPI,140435.0,139279.0,149682.0,157195.0,-0.008231566205005869,0.06584540890803581,0.11934346850856259,
1280628,20210915000259,00405320,웹젠,069080,주요사항보고서(자기주식취득결정),2021-09-15,KOSDAQ,28000.0,28050.0,27100.0,27200.0,0.0017857142857142794,-0.03214285714285714,-0.02857142857142858,
1265350,20211028000311,00405320,웹젠,069080,자기주식취득결과보고서,2021-10-28,KOSDAQ,27250.0,27000.0,28100.0,26900.0,-0.00917431192660545,0.031192660550458662,-0.012844036697247652,
1126968,20220509000583,00405320,웹젠,069080,주요사항보고서(자기주식취득결정),2022-05-09,KOSDAQ,20450.0,20000.0,20450.0,20100.0,-0.022004889975550168,0.0,-0.017114914425427896,
1104153,20220617000315,00405320,웹젠,069080,자기주식취득결과보고서,2022-06-17,KOSDAQ,20400.0,19550.0,19950.0,18400.0,-0.04166666666666663,-0.022058823529411797,-0.0980392156862745,
476047,20250317000642,00405320,웹젠,069080,주요사항보고서(자기주식취득결정),2025-03-17,KOSDAQ,12610.0,13030.0,13400.0,13290.0,0.03330689928628083,0.0626486915146709,0.05392545598731169,
423792,20250410002279,00405320,웹젠,069080,자기주식취득결과보고서,2025-04-10,KOSDAQ,13540.0,13220.0,13280.0,13380.0,-0.02363367799113736,-0.019202363367799125,-0.011816838995568735,
120299,20260610000289,00405320,웹젠,069080,주요사항보고서(자기주식취득결정),2026-06-10,KOSDAQ,10820.0,10660.0,10920.0,11830.0,-0.014787430683918634,0.009242144177449063,0.09334565619223656,
1280069,20210916000249,00111722,미래에셋증권,006800,주요사항보고서(자기주식취득결정),2021-09-16,KOSPI,8642.0,9040.0,8771.0,8672.0,0.046054154130988234,0.014927100208285138,0.003471418653089531,
1243150,20211209000373,00111722,미래에셋증권,006800,자기주식취득결과보고서,2021-12-09,KOSPI,9150.0,9090.0,9140.0,9060.0,-0.006557377049180357,-0.0010928961748634114,-0.00983606557377048,
1219463,20220127000239,00111722,미래에셋증권,006800,주요사항보고서(자기주식취득결정),2022-01-27,KOSPI,8045.0,8463.0,8652.0,8692.0,0.051957737725295106,0.07545059042883784,0.08042262274704792,
1130326,20220420000550,00111722,미래에셋증권,006800,자기주식취득결과보고서,2022-04-20,KOSPI,8224.0,8323.0,8204.0,7845.0,0.01203793774319073,-0.0024319066147859836,-0.0460846303501945,
816741,20231018000008,00111722,미래에셋증권,006800,주요사항보고서(자기주식취득결정),2023-10-18,KOSPI,6262.0,6312.0,6432.0,6501.0,0.007984669434685454,0.027147876077930455,0.038166719897796186,
777242,20231228000427,00111722,미래에셋증권,006800,자기주식취득결과보고서,2023-12-28,KOSPI,7597.0,7487.0,7188.0,7009.0,-0.014479399763064338,-0.05383704093721209,-0.07739897327892586,
766248,20240125000187,00111722,미래에셋증권,006800,주요사항보고서(자기주식취득결정),2024-01-25,KOSPI,7109.0,7646.0,7666.0,8254.0,0.0755380503587002,0.07835138556759036,0.1610634407089604,
663238,20240422000352,00111722,미래에셋증권,006800,자기주식취득결과보고서,2024-04-22,KOSPI,7457.0,7378.0,7298.0,7696.0,-0.010594072683384748,-0.02132224755263512,0.03205042242188538,
607568,20240807000021,00111722,미래에셋증권,006800,주요사항보고서(자기주식취득결정),2024-08-07,KOSPI,7218.0,7467.0,7726.0,7875.0,0.03449709060681627,0.0703796065392075,0.09102244389027425,
560241,20241108000070,00111722,미래에셋증권,006800,자기주식취득결과보고서,2024-11-08,KOSPI,8712.0,8513.0,8333.0,8403.0,-0.022842056932966037,-0.04350321395775936,-0.03546831955922869,
342716,20250828001211,00111722,미래에셋증권,006800,주요사항보고서(자기주식취득결정),2025-08-28,KOSPI,19007.0,19067.0,18758.0,19027.0,0.0031567317304150855,-0.013100436681222738,0.0010522439101383618,
300719,20251127000897,00111722,미래에셋증권,006800,자기주식취득결과보고서,2025-11-27,KOSPI,22104.0,21755.0,21805.0,21705.0,-0.015788997466521848,-0.013526963445530171,-0.018051031487513525,
268505,20260126000516,00111722,미래에셋증권,006800,주요사항보고서(자기주식취득결정),2026-01-26,KOSPI,33156.0,34649.0,34649.0,39877.0,0.04502955724454094,0.04502955724454094,0.20270840873446727,
46231,20260407002987,00111722,미래에셋증권,006800,자기주식취득결과보고서,2026-04-07,KOSPI,61500.0,67700.0,67700.0,72400.0,0.10081300813008132,0.10081300813008132,0.1772357723577236,
116373,20260617000479,00111722,미래에셋증권,006800,주요사항보고서(자기주식취득결정),2026-06-17,KOSPI,50400.0,50700.0,48750.0,41750.0,0.005952380952380931,-0.03273809523809523,-0.17162698412698407,
1280024,20210916000286,00866062,엘티씨,170920,[연장결정]주요사항보고서(자기주식취득신탁계약체결결정),2021-09-16,KOSDAQ,10900.0,11250.0,11650.0,10850.0,0.032110091743119185,0.0688073394495412,-0.004587155963302725,
1186267,20220316000116,00866062,엘티씨,170920,[연장결정]주요사항보고서(자기주식취득신탁계약체결결정),2022-03-16,KOSDAQ,10900.0,11100.0,11250.0,11300.0,0.0183486238532109,0.032110091743119185,0.03669724770642202,
1062262,20220916000109,00866062,엘티씨,170920,[연장결정]주요사항보고서(자기주식취득신탁계약체결결정),2022-09-16,KOSDAQ,12300.0,12800.0,12700.0,11500.0,0.04065040650406515,0.03252032520325199,-0.06504065040650409,
967014,20230316000305,00866062,엘티씨,170920,[연장결정]주요사항보고서(자기주식취득신탁계약체결결정),2023-03-16,KOSDAQ,13130.0,13470.0,13350.0,13790.0,0.025894897182025867,0.016755521706016685,0.05026656511805028,
1279526,20210917000136,00660750,하나머티리얼즈,166090,[연장결정]주요사항보고서(자기주식취득신탁계약체결결정),2021-09-17,KOSDAQ,52700.0,53200.0,53900.0,49900.0,0.009487666034155628,0.022770398481973375,-0.05313092979127132,
1062171,20220916000195,00660750,하나머티리얼즈,166090,[연장결정]주요사항보고서(자기주식취득신탁계약체결결정),2022-09-16,KOSDAQ,33500.0,34750.0,34650.0,32750.0,0.03731343283582089,0.0343283582089553,-0.02238805970149249,
827490,20230918000172,00660750,하나머티리얼즈,166090,[연장결정]주요사항보고서(자기주식취득신탁계약체결결정),2023-09-18,KOSDAQ,51300.0,51600.0,50400.0,50100.0,0.005847953216374213,-0.01754385964912286,-0.023391812865497075,
534634,20241218000127,00660750,하나머티리얼즈,166090,주요사항보고서(자기주식취득신탁계약체결결정),2024-12-18,KOSDAQ,24450.0,23200.0,23050.0,23500.0,-0.05112474437627812,-0.05725971370143146,-0.03885480572597133,
287280,20251217000513,00660750,하나머티리얼즈,166090,[연장결정]주요사항보고서(자기주식취득신탁계약체결결정),2025-12-17,KOSDAQ,41950.0,41000.0,40850.0,41950.0,-0.022646007151370662,-0.026221692491060766,0.0,
1279360,20210917000257,00414850,효성 ITX,094280,[연장결정]주요사항보고서(자기주식취득신탁계약체결결정),2021-09-17,KOSPI,20950.0,20500.0,20450.0,20250.0,-0.021479713603818618,-0.023866348448687402,-0.03341288782816232,
1266886,20211025000300,00414850,효성 ITX,094280,[연장결정]주요사항보고서(자기주식취득신탁계약체결결정),2021-10-25,KOSPI,19200.0,19400.0,19450.0,22300.0,0.01041666666666674,0.01302083333333326,0.16145833333333326,
1182265,20220318000438,00414850,효성 ITX,094280,[연장결정]주요사항보고서(자기주식취득신탁계약체결결정),2022-03-18,KOSPI,17850.0,17800.0,17900.0,17950.0,-0.0028011204481792618,0.0028011204481792618,0.0056022408963585235,
1109393,20220603000323,00414850,효성 ITX,094280,[연장결정]주요사항보고서(자기주식취득신탁계약체결결정),2022-06-03,KOSPI,17350.0,17000.0,16900.0,15900.0,-0.02017291066282423,-0.025936599423631135,-0.08357348703170031,
1109392,20220603000328,00414850,효성 ITX,094280,[연장결정]주요사항보고서(자기주식취득신탁계약체결결정),2022-06-03,KOSPI,17350.0,17000.0,16900.0,15900.0,-0.02017291066282423,-0.025936599423631135,-0.08357348703170031,
1062103,20220916000278,00414850,효성 ITX,094280,[연장결정]주요사항보고서(자기주식취득신탁계약체결결정),2022-09-16,KOSPI,14500.0,14350.0,14550.0,14250.0,-0.010344827586206917,0.0034482758620688614,-0.017241379310344862,
1045984,20221027000607,00414850,효성 ITX,094280,[연장결정]주요사항보고서(자기주식취득신탁계약체결결정),2022-10-27,KOSPI,13200.0,13150.0,13150.0,13000.0,-0.0037878787878787845,-0.0037878787878787845,-0.015151515151515138,
966089,20230316000913,00414850,효성 ITX,094280,[연장결정]주요사항보고서(자기주식취득신탁계약체결결정),2023-03-16,KOSPI,12970.0,13450.0,13400.0,13190.0,0.037008481110254454,0.033153430994602884,0.016962220508866643,
880201,20230602000246,00414850,효성 ITX,094280,[연장결정]주요사항보고서(자기주식취득신탁계약체결결정),2023-06-02,KOSPI,12960.0,13000.0,12980.0,12900.0,0.0030864197530864335,0.0015432098765431057,-0.00462962962962965,
880188,20230602000269,00414850,효성 ITX,094280,[연장결정]주요사항보고서(자기주식취득신탁계약체결결정),2023-06-02,KOSPI,12960.0,13000.0,12980.0,12900.0,0.0030864197530864335,0.0015432098765431057,-0.00462962962962965,
828033,20230915000249,00414850,효성 ITX,094280,[연장결정]주요사항보고서(자기주식취득신탁계약체결결정),2023-09-15,KOSPI,12640.0,12600.0,12610.0,12480.0,-0.0031645569620253333,-0.002373417721519,-0.012658227848101222,
812351,20231027000247,00414850,효성 ITX,094280,[연장결정]주요사항보고서(자기주식취득신탁계약체결결정),2023-10-27,KOSPI,12000.0,12060.0,12000.0,12160.0,0.004999999999999893,0.0,0.01333333333333342,
725283,20240315000479,00414850,효성 ITX,094280,[연장결정]주요사항보고서(자기주식취득신탁계약체결결정),2024-03-15,KOSPI,12310.0,12390.0,12400.0,12450.0,0.006498781478472715,0.007311129163281915,0.011372867587327473,
636591,20240603000246,00414850,효성 ITX,094280,[연장결정]주요사항보고서(자기주식취득신탁계약체결결정),2024-06-03,KOSPI,13390.0,13010.0,13170.0,13210.0,-0.028379387602688544,-0.01643017176997763,-0.013442867811799819,
636590,20240603000253,00414850,효성 ITX,094280,[연장결정]주요사항보고서(자기주식취득신탁계약체결결정),2024-06-03,KOSPI,13390.0,13010.0,13170.0,13210.0,-0.028379387602688544,-0.01643017176997763,-0.013442867811799819,
581233,20240913000529,00414850,효성 ITX,094280,[연장결정]주요사항보고서(자기주식취득신탁계약체결결정),2024-09-13,KOSPI,12910.0,12910.0,12950.0,13010.0,0.0,0.0030983733539891034,0.0077459333849729806,
566112,20241025000337,00414850,효성 ITX,094280,[연장결정]주요사항보고서(자기주식취득신탁계약체결결정),2024-10-25,KOSPI,12400.0,12420.0,12460.0,12540.0,0.001612903225806539,0.004838709677419395,0.011290322580645107,
474546,20250318000915,00414850,효성 ITX,094280,[연장결정]주요사항보고서(자기주식취득신탁계약체결결정),2025-03-18,KOSPI,11820.0,11830.0,11860.0,11820.0,0.0008460236886633776,0.0033840947546530664,0.0,
386053,20250604000271,00414850,효성 ITX,094280,주요사항보고서(자기주식취득신탁계약해지결정),2025-06-04,KOSPI,12280.0,12330.0,12500.0,12510.0,0.004071661237784907,0.01791530944625408,0.018729641693810972,
381452,20250617000297,00414850,효성 ITX,094280,주요사항보고서(자기주식취득신탁계약해지결정),2025-06-17,KOSPI,14020.0,15240.0,14730.0,14290.0,0.08701854493580607,0.050641940085591974,0.01925820256776034,
336810,20250908000242,00414850,효성 ITX,094280,주요사항보고서(자기주식취득신탁계약해지결정),2025-09-08,KOSPI,12900.0,12930.0,12950.0,13090.0,0.0023255813953488857,0.003875968992248069,0.014728682170542573,
336798,20250908000244,00414850,효성 ITX,094280,주요사항보고서(자기주식취득신탁계약해지결정),2025-09-08,KOSPI,12900.0,12930.0,12950.0,13090.0,0.0023255813953488857,0.003875968992248069,0.014728682170542573,
334471,20250912000392,00414850,효성 ITX,094280,주요사항보고서(자기주식취득신탁계약해지결정),2025-09-12,KOSPI,13200.0,13090.0,13060.0,12980.0,-0.008333333333333304,-0.010606060606060619,-0.01666666666666672,
1278658,20210923000240,00648721,SNT에너지,100840,주요사항보고서(자기주식취득신탁계약해지결정),2021-09-23,KOSPI,7749.0,7585.0,8057.0,8547.0,-0.021164021164021163,0.03974706413730811,0.102981029810298,
1278634,20210923000251,01186404,디앤씨미디어,263720,[연장결정]주요사항보고서(자기주식취득신탁계약체결결정),2021-09-23,KOSDAQ,38700.0,40950.0,42300.0,41550.0,0.058139534883721034,0.09302325581395343,0.07364341085271309,
1177785,20220323000319,01186404,디앤씨미디어,263720,[연장결정]주요사항보고서(자기주식취득신탁계약체결결정),2022-03-23,KOSDAQ,31550.0,32100.0,32050.0,31300.0,0.017432646592709933,0.015847860538827252,-0.007923930269413626,
1059719,20220923000334,01186404,디앤씨미디어,263720,[연장결정]주요사항보고서(자기주식취득신탁계약체결결정),2022-09-23,KOSDAQ,15000.0,14150.0,14300.0,13800.0,-0.05666666666666664,-0.046666666666666634,-0.07999999999999996,
958133,20230323000807,01186404,디앤씨미디어,263720,[연장결정]주요사항보고서(자기주식취득신탁계약체결결정),2023-03-23,KOSDAQ,20650.0,21400.0,20750.0,20700.0,0.036319612590798966,0.004842615012106588,0.002421307506053294,
824764,20230925000238,01186404,디앤씨미디어,263720,[연장결정]주요사항보고서(자기주식취득신탁계약체결결정),2023-09-25,KOSDAQ,19200.0,19030.0,19460.0,19090.0,-0.008854166666666718,0.013541666666666563,-0.005729166666666674,
715485,20240325000583,01186404,디앤씨미디어,263720,[연장결정]주요사항보고서(자기주식취득신탁계약체결결정),2024-03-25,KOSDAQ,23350.0,24350.0,23700.0,27300.0,0.04282655246252687,0.01498929336188426,0.16916488222698067,
277708,20260106000558,01186404,디앤씨미디어,263720,주요사항보고서(자기주식취득신탁계약체결결정),2026-01-06,KOSDAQ,12190.0,12590.0,12190.0,12200.0,0.03281378178835115,0.0,0.0008203445447088065,
1278156,20210924000329,00488402,서울바이오시스,092190,주요사항보고서(자기주식취득신탁계약체결결정),2021-09-24,KOSDAQ,16650.0,16700.0,16250.0,15750.0,0.0030030030030030463,-0.024024024024024038,-0.05405405405405406,
1278141,20210924000348,00139205,안국약품,001540,[연장결정]주요사항보고서(자기주식취득신탁계약체결결정),2021-09-24,KOSDAQ,11450.0,11500.0,11400.0,10700.0,0.004366812227074135,-0.004366812227074246,-0.06550218340611358,
1234926,20211224000121,00139205,안국약품,001540,[연장결정]주요사항보고서(자기주식취득신탁계약체결결정),2021-12-24,KOSDAQ,10650.0,10900.0,10900.0,10750.0,0.023474178403755763,0.023474178403755763,0.009389671361502261,
1234652,20211224000348,00139205,안국약품,001540,[연장결정]주요사항보고서(자기주식취득신탁계약체결결정),2021-12-24,KOSDAQ,10650.0,10900.0,10900.0,10750.0,0.023474178403755763,0.023474178403755763,0.009389671361502261,
1173610,20220325001285,00139205,안국약품,001540,[연장결정]주요사항보고서(자기주식취득신탁계약체결결정),2022-03-25,KOSDAQ,11650.0,11600.0,11550.0,11400.0,-0.0042918454935622075,-0.008583690987124415,-0.02145922746781115,
1277965,20210924000419,00119672,두올,016740,주요사항보고서(자기주식취득신탁계약해지결정),2021-09-27,KOSPI,5400.0,5350.0,5250.0,4715.0,-0.0092592592592593,-0.02777777777777779,-0.12685185185185188,
988680,20230221002626,00119672,두올,016740,주요사항보고서(자기주식취득신탁계약체결결정),2023-02-22,KOSPI,2790.0,2815.0,2780.0,2715.0,0.008960573476702427,-0.0035842293906810374,-0.026881720430107503,
838127,20230828000493,00119672,두올,016740,주요사항보고서(자기주식취득신탁계약해지결정),2023-08-28,KOSPI,3380.0,3425.0,3410.0,3320.0,0.013313609467455523,0.008875739644970349,-0.017751479289940808,
797131,20231124000433,00119672,두올,016740,주요사항보고서(자기주식취득신탁계약체결결정),2023-11-24,KOSPI,3330.0,3390.0,3395.0,3480.0,0.018018018018018056,0.019519519519519468,0.04504504504504503,
644128,20240527000129,00119672,두올,016740,주요사항보고서(자기주식취득신탁계약해지결정),2024-05-27,KOSPI,3650.0,3640.0,3555.0,3730.0,-0.002739726027397249,-0.02602739726027392,0.021917808219177992,
604474,20240812001011,00119672,두올,016740,주요사항보고서(자기주식취득신탁계약체결결정),2024-08-12,KOSPI,3190.0,3360.0,3390.0,3420.0,0.053291536050156685,0.06269592476489039,0.07210031347962387,
499049,20250224004578,00119672,두올,016740,주요사항보고서(자기주식취득신탁계약체결결정),2025-02-24,KOSPI,2935.0,3025.0,3210.0,3255.0,0.030664395229982988,0.09369676320272569,0.10902896081771729,
345875,20250825000220,00119672,두올,016740,주요사항보고서(자기주식취득신탁계약해지결정),2025-08-25,KOSPI,3405.0,3360.0,3370.0,3310.0,-0.013215859030836996,-0.01027900146842875,-0.027900146842878115,
337651,20250905000112,00119672,두올,016740,주요사항보고서(자기주식취득신탁계약해지결정),2025-09-05,KOSPI,3650.0,3655.0,3580.0,3520.0,0.00136986301369868,-0.019178082191780854,-0.03561643835616435,
1277729,20210927000220,00298377,아이씨디,040910,주요사항보고서(자기주식취득신탁계약체결결정),2021-09-27,KOSDAQ,12900.0,12900.0,12950.0,12700.0,0.0,0.003875968992248069,-0.015503875968992276,
1237355,20211220000301,00298377,아이씨디,040910,주요사항보고서(자기주식취득신탁계약체결결정),2021-12-20,KOSDAQ,11650.0,12400.0,12550.0,12950.0,0.06437768240343344,0.07725321888412018,0.11158798283261806,
1105462,20220615000141,00298377,아이씨디,040910,주요사항보고서(자기주식취득신탁계약체결결정),2022-06-15,KOSDAQ,8980.0,9410.0,9440.0,9080.0,0.04788418708240538,0.05122494432071267,0.011135857461024523,
1277627,20210927000293,01365825,피에스케이,319660,주요사항보고서(자기주식취득신탁계약체결결정),2021-09-27,KOSDAQ,18475.0,18775.0,18250.0,17425.0,0.016238159675236785,-0.012178619756427644,-0.05683355886332886,
1172680,20220328000503,01365825,피에스케이,319660,[연장결정]주요사항보고서(자기주식취득신탁계약체결결정),2022-03-28,KOSDAQ,25000.0,25150.0,25200.0,24475.0,0.006000000000000005,0.008000000000000007,-0.02100000000000002,
1096535,20220704000131,01365825,피에스케이,319660,주요사항보고서(자기주식취득신탁계약해지결정),2022-07-04,KOSDAQ,18275.0,19175.0,18675.0,19775.0,0.04924760601915179,0.02188782489740082,0.08207934336525313,
1277626,20210927000298,00208444,피에스케이홀딩스,031980,주요사항보고서(자기주식취득신탁계약체결결정),2021-09-27,KOSDAQ,11650.0,11800.0,11500.0,10700.0,0.012875536480686733,-0.012875536480686733,-0.08154506437768239,
1172724,20220328000469,00208444,피에스케이홀딩스,031980,[연장결정]주요사항보고서(자기주식취득신탁계약체결결정),2022-03-28,KOSDAQ,14700.0,14800.0,14900.0,14400.0,0.006802721088435382,0.013605442176870763,-0.020408163265306145,
1277389,20210928000156,00259545,엠에스오토텍,123040,[연장결정]주요사항보고서(자기주식취득신탁계약체결결정),2021-09-28,KOSDAQ,6360.0,6310.0,6300.0,5740.0,-0.00786163522012584,-0.009433962264150941,-0.09748427672955973,
1057468,20220929000228,00259545,엠에스오토텍,123040,[연장결정]주요사항보고서(자기주식취득신탁계약체결결정),2022-09-29,KOSDAQ,4210.0,4085.0,4120.0,4195.0,-0.029691211401425166,-0.02137767220902609,-0.0035629453681710332,
824031,20230926000232,00259545,엠에스오토텍,123040,[연장결정]주요사항보고서(자기주식취득신탁계약체결결정),2023-09-26,KOSDAQ,5140.0,5220.0,5050.0,5130.0,0.015564202334630295,-0.017509727626459193,-0.0019455252918287869,
576536,20240927000607,00259545,엠에스오토텍,123040,[연장결정]주요사항보고서(자기주식취득신탁계약체결결정),2024-09-27,KOSDAQ,3545.0,3495.0,3455.0,3395.0,-0.014104372355430161,-0.02538787023977429,-0.042313117066290595,
329256,20250926000147,00259545,엠에스오토텍,123040,[연장결정]주요사항보고서(자기주식취득신탁계약체결결정),2025-09-26,KOSDAQ,2330.0,2355.0,2285.0,,0.010729613733905685,-0.01931330472102999,,
1277302,20210928000234,01189438,HLB바이오스텝,278650,주요사항보고서(자기주식취득신탁계약해지결정),2021-09-28,KOSDAQ,16210.0,15680.0,15515.0,13510.0,-0.032695866748920444,-0.04287476866132012,-0.1665638494756323,
790654,20231204000117,01189438,HLB바이오스텝,278650,주요사항보고서(자기주식취득신탁계약체결결정),2023-12-04,KOSDAQ,13175.0,12975.0,12975.0,13400.0,-0.015180265654648917,-0.015180265654648917,0.017077798861480087,
757012,20240208001020,01189438,HLB바이오스텝,278650,주요사항보고서(자기주식취득신탁계약체결결정),2024-02-08,KOSDAQ,19625.0,20250.0,19350.0,19550.0,0.031847133757961776,-0.014012738853503182,-0.003821656050955413,
646448,20240520000266,01189438,HLB바이오스텝,278650,주요사항보고서(자기주식취득신탁계약체결결정),2024-05-20,KOSDAQ,11450.0,13050.0,12775.0,12950.0,0.13973799126637565,0.11572052401746724,0.13100436681222716,
1277280,20210928000256,00177199,디씨엠,024090,[연장결정]주요사항보고서(자기주식취득신탁계약체결결정),2021-09-28,KOSPI,19200.0,18750.0,18800.0,17750.0,-0.0234375,-0.02083333333333337,-0.07552083333333337,
1171157,20220329000436,00177199,디씨엠,024090,[연장결정]주요사항보고서(자기주식취득신탁계약체결결정),2022-03-29,KOSPI,25500.0,25650.0,25900.0,26350.0,0.00588235294117645,0.015686274509803866,0.03333333333333344,
1057360,20220929000346,00177199,디씨엠,024090,[연장결정]주요사항보고서(자기주식취득신탁계약체결결정),2022-09-29,KOSPI,14000.0,13700.0,14300.0,14300.0,-0.021428571428571463,0.021428571428571352,0.021428571428571352,
951292,20230329000843,00177199,디씨엠,024090,[연장결정]주요사항보고서(자기주식취득신탁계약체결결정),2023-03-29,KOSPI,13540.0,13850.0,13830.0,13910.0,0.022895125553914264,0.021418020679468297,0.02732644017725261,
851767,20230808000138,00177199,디씨엠,024090,주요사항보고서(자기주식취득신탁계약체결결정),2023-08-08,KOSPI,11980.0,12000.0,11800.0,11700.0,0.0016694490818029983,-0.015025041736227096,-0.023372287145242088,
828182,20230915000108,00177199,디씨엠,024090,주요사항보고서(자기주식취득신탁계약체결결정),2023-09-15,KOSPI,11700.0,11680.0,11740.0,11550.0,-0.0017094017094017033,0.0034188034188034067,-0.012820512820512775,
821419,20231005000220,00177199,디씨엠,024090,주요사항보고서(자기주식취득신탁계약해지결정),2023-10-05,KOSPI,11490.0,11380.0,11370.0,11330.0,-0.009573542210617902,-0.010443864229765065,-0.013925152306353383,
756108,20240213000528,00177199,디씨엠,024090,주요사항보고서(자기주식취득신탁계약체결결정),2024-02-13,KOSPI,11380.0,11390.0,11370.0,11210.0,0.0008787346221441616,-0.0008787346221441616,-0.01493848857644986,
752435,20240215000595,00177199,디씨엠,024090,주요사항보고서(자기주식취득신탁계약해지결정),2024-02-15,KOSPI,11370.0,11340.0,11230.0,11220.0,-0.0026385224274406704,-0.012313104661389573,-0.01319261213720313,
723213,20240319000329,00177199,디씨엠,024090,주요사항보고서(자기주식취득신탁계약해지결정),2024-03-19,KOSPI,11120.0,11190.0,11220.0,11880.0,0.00629496402877705,0.008992805755395628,0.06834532374100721,
621019,20240704000178,00177199,디씨엠,024090,주요사항보고서(자기주식취득신탁계약체결결정),2024-07-04,KOSPI,11660.0,12330.0,12300.0,12240.0,0.05746140651801035,0.054888507718696466,0.0497427101200687,
596736,20240820000133,00177199,디씨엠,024090,주요사항보고서(자기주식취득신탁계약해지결정),2024-08-20,KOSPI,12720.0,12680.0,12520.0,12380.0,-0.0031446540880503138,-0.01572327044025157,-0.026729559748427723,
525914,20250107000279,00177199,디씨엠,024090,[연장결정]주요사항보고서(자기주식취득신탁계약체결결정),2025-01-07,KOSPI,11320.0,11280.0,11340.0,11240.0,-0.0035335689045936647,0.0017667844522968323,-0.007067137809187329,
371282,20250708000170,00177199,디씨엠,024090,[연장결정]주요사항보고서(자기주식취득신탁계약체결결정),2025-07-08,KOSPI,14000.0,14500.0,14640.0,14630.0,0.03571428571428581,0.04571428571428582,0.04499999999999993,
370951,20250709000001,00177199,디씨엠,024090,주요사항보고서(자기주식취득신탁계약해지결정),2025-07-09,KOSPI,14500.0,14640.0,14510.0,14480.0,0.009655172413793212,0.0006896551724138167,-0.0013793103448276334,
304811,20251120000261,00177199,디씨엠,024090,주요사항보고서(자기주식취득신탁계약체결결정),2025-11-20,KOSPI,12060.0,12140.0,12330.0,12410.0,0.0066334991708125735,0.02238805970149249,0.029021558872305064,
119225,20260611000448,00177199,디씨엠,024090,주요사항보고서(자기주식취득신탁계약해지결정),2026-06-11,KOSPI,10990.0,11070.0,11120.0,10960.0,0.007279344858962755,0.01182893539581431,-0.0027297543221109777,
1277133,20210928000393,00788773,씨젠,096530,주요사항보고서(자기주식취득신탁계약해지결정),2021-09-28,KOSDAQ,62600.0,61400.0,60700.0,50000.0,-0.019169329073482455,-0.030351437699680517,-0.20127795527156545,
1196399,20220304000392,00788773,씨젠,096530,주요사항보고서(자기주식취득신탁계약체결결정),2022-03-04,KOSDAQ,52700.0,52700.0,53600.0,49100.0,0.0,0.017077798861480087,-0.06831119544592035,
1058776,20220927000174,00788773,씨젠,096530,주요사항보고서(자기주식취득신탁계약해지결정),2022-09-27,KOSDAQ,26000.0,27050.0,26950.0,27400.0,0.04038461538461546,0.03653846153846163,0.05384615384615388,
1058173,20220928000195,00788773,씨젠,096530,주요사항보고서(자기주식취득신탁계약체결결정),2022-09-28,KOSDAQ,27050.0,26950.0,26800.0,28200.0,-0.003696857670979714,-0.009242144177449174,0.04251386321626627,
981641,20230228005465,00788773,씨젠,096530,주요사항보고서(자기주식취득신탁계약체결결정),2023-02-28,KOSDAQ,24400.0,24050.0,24300.0,25000.0,-0.014344262295082011,-0.004098360655737654,0.024590163934426146,
862771,20230713000076,00788773,씨젠,096530,주요사항보고서(자기주식취득신탁계약체결결정),2023-07-13,KOSDAQ,20850.0,20800.0,21000.0,21200.0,-0.0023980815347721673,0.007194244604316502,0.01678657074340517,
617451,20240712000325,00788773,씨젠,096530,[연장결정]주요사항보고서(자기주식취득신탁계약체결결정),2024-07-12,KOSDAQ,21150.0,21000.0,20800.0,20750.0,-0.007092198581560294,-0.01654846335697402,-0.01891252955082745,
383804,20250611000353,00788773,씨젠,096530,[연장결정]주요사항보고서(자기주식취득신탁계약체결결정),2025-06-11,KOSDAQ,33600.0,33400.0,32350.0,33800.0,-0.005952380952380931,-0.03720238095238093,0.005952380952380931,
100238,20260311004060,00788773,씨젠,096530,주요사항보고서(자기주식취득신탁계약해지결정),2026-03-11,KOSDAQ,22150.0,22350.0,22250.0,22850.0,0.009029345372460584,0.004514672686230181,0.03160270880361171,
1276747,20210929000189,00484682,엘오티베큠,083310,주요사항보고서(자기주식취득신탁계약체결결정),2021-09-29,KOSDAQ,13650.0,13750.0,13350.0,13650.0,0.0073260073260073,-0.02197802197802201,0.0,
1048759,20221021000082,00484682,엘오티베큠,083310,주요사항보고서(자기주식취득신탁계약체결결정),2022-10-21,KOSDAQ,9860.0,10400.0,10350.0,10000.0,0.05476673427991896,0.049695740365111485,0.014198782961460488,
586225,20240904000075,00484682,엘오티베큠,083310,주요사항보고서(자기주식취득신탁계약체결결정),2024-09-04,KOSDAQ,10160.0,10330.0,10040.0,10040.0,0.0167322834645669,-0.011811023622047223,-0.011811023622047223,
360644,20250801000187,00484682,엘오티베큠,083310,주요사항보고서(자기주식취득신탁계약체결결정),2025-08-01,KOSDAQ,10150.0,10370.0,10650.0,10900.0,0.021674876847290747,0.049261083743842304,0.07389162561576357,
1275965,20210930000209,01109539,와이씨,232140,주요사항보고서(자기주식취득신탁계약체결결정),2021-09-30,KOSDAQ,5450.0,5280.0,4860.0,4780.0,-0.031192660550458662,-0.1082568807339449,-0.12293577981651371,
1207244,20220222000473,01109539,와이씨,232140,주요사항보고서(자기주식취득신탁계약체결결정),2022-02-22,KOSDAQ,5360.0,5410.0,5220.0,5380.0,0.009328358208955168,-0.026119402985074647,0.003731343283582156,
1092105,20220714000121,01109539,와이씨,232140,주요사항보고서(자기주식취득신탁계약체결결정),2022-07-14,KOSDAQ,3960.0,4020.0,4140.0,4285.0,0.015151515151515138,0.045454545454545414,0.08207070707070696,
1055398,20221005000057,01109539,와이씨,232140,주요사항보고서(자기주식취득신탁계약체결결정),2022-10-05,KOSDAQ,3105.0,3200.0,3245.0,2915.0,0.03059581320450877,0.04508856682769724,-0.06119162640901776,
1275962,20210930000225,00611736,엑시콘,092870,주요사항보고서(자기주식취득신탁계약체결결정),2021-09-30,KOSDAQ,12437.0,12102.0,11768.0,11863.0,-0.02693575621130495,-0.0537911071801882,-0.04615260915011654,
1210717,20220215000790,00611736,엑시콘,092870,주요사항보고서(자기주식취득신탁계약체결결정),2022-02-15,KOSDAQ,12390.0,12916.0,13011.0,12964.0,0.042453591606133934,0.05012106537530259,0.04632768361581929,
1092137,20220714000073,00611736,엑시콘,092870,주요사항보고서(자기주식취득신탁계약체결결정),2022-07-14,KOSDAQ,9137.0,9050.0,9184.0,9366.0,-0.009521724854985258,0.005143920323957607,0.025062930940133565,
1013601,20221228000321,00611736,엑시콘,092870,주요사항보고서(자기주식취득신탁계약체결결정),2022-12-28,KOSDAQ,8390.0,8696.0,8496.0,8754.0,0.03647199046483918,0.01263408820023848,0.04338498212157327,
1274868,20211001000422,01095722,심텍,222800,주요사항보고서(자기주식취득결정),2021-10-01,KOSDAQ,27000.0,26900.0,25500.0,25700.0,-0.0037037037037036535,-0.05555555555555558,-0.04814814814814816,
1274888,20211001000453,01095722,심텍,222800,자기주식취득결과보고서,2021-10-01,KOSDAQ,27000.0,26900.0,25500.0,25700.0,-0.0037037037037036535,-0.05555555555555558,-0.04814814814814816,
116475,20260617000364,01095722,심텍,222800,주요사항보고서(자기주식취득결정),2026-06-17,KOSDAQ,129900.0,127500.0,124300.0,117700.0,-0.018475750577367167,-0.043110084680523464,-0.09391839876828334,
1274805,20211001000495,00349732,코나아이,052400,주요사항보고서(자기주식취득신탁계약체결결정),2021-10-01,KOSDAQ,28750.0,30200.0,29900.0,31700.0,0.050434782608695716,0.040000000000000036,0.1026086956521739,
1167850,20220330001489,00349732,코나아이,052400,주요사항보고서(자기주식취득신탁계약체결결정),2022-03-30,KOSDAQ,22550.0,25300.0,25600.0,25550.0,0.12195121951219523,0.1352549889135255,0.1330376940133038,
1167437,20220330001824,00349732,코나아이,052400,[연장결정]주요사항보고서(자기주식취득신탁계약체결결정),2022-03-31,KOSDAQ,25300.0,25600.0,26000.0,25600.0,0.011857707509881354,0.027667984189723382,0.011857707509881354,
1066742,20220901000350,00349732,코나아이,052400,주요사항보고서(자기주식취득신탁계약체결결정),2022-09-01,KOSDAQ,15500.0,16000.0,15750.0,15400.0,0.032258064516129004,0.016129032258064502,-0.006451612903225823,
969121,20230315000303,00349732,코나아이,052400,주요사항보고서(자기주식취득신탁계약체결결정),2023-03-15,KOSDAQ,17150.0,16690.0,17220.0,17540.0,-0.026822157434402305,0.004081632653061273,0.02274052478134103,
617710,20240712000086,00349732,코나아이,052400,주요사항보고서(자기주식취득신탁계약체결결정),2024-07-12,KOSDAQ,15580.0,15690.0,15530.0,15580.0,0.007060333761232274,-0.003209242618742003,0.0,
520872,20250120000141,00349732,코나아이,052400,주요사항보고서(자기주식취득신탁계약체결결정),2025-01-20,KOSDAQ,22550.0,23000.0,22700.0,21650.0,0.019955654101995624,0.006651884700665134,-0.039911308203991136,
122472,20260605000102,00349732,코나아이,052400,주요사항보고서(자기주식취득결정),2026-06-05,KOSDAQ,49250.0,46600.0,50800.0,49950.0,-0.0538071065989848,0.03147208121827405,0.014213197969543234,
117678,20260615000213,00349732,코나아이,052400,자기주식취득결과보고서,2026-06-15,KOSDAQ,49350.0,47400.0,48300.0,43450.0,-0.03951367781155013,-0.021276595744680882,-0.11955420466058764,
1274857,20211001900542,00152127,심텍홀딩스,036710,주요사항보고서(자기주식취득결정)(자회사의 주요경영사항),2021-10-01,KOSDAQ,2800.0,2670.0,2610.0,2710.0,-0.046428571428571375,-0.06785714285714284,-0.03214285714285714,
1274628,20211005000044,00128032,삼일제약,000520,주요사항보고서(자기주식취득신탁계약체결결정),2021-10-05,KOSPI,7107.0,7308.0,7601.0,7784.0,0.02828197551709577,0.06950893485296183,0.09525819614464615,
1248253,20211130000704,00128032,삼일제약,000520,주요사항보고서(자기주식취득신탁계약체결결정),2021-11-30,KOSPI,6512.0,6869.0,7052.0,7363.0,0.054821867321867224,0.08292383292383287,0.13068181818181812,
1055684,20221004000259,00128032,삼일제약,000520,주요사항보고서(자기주식취득신탁계약해지결정),2022-10-04,KOSPI,7747.0,7308.0,7518.0,7015.0,-0.05666709694075123,-0.02955982961146253,-0.09448818897637801,
1030334,20221129000319,00128032,삼일제약,000520,주요사항보고서(자기주식취득신탁계약해지결정),2022-11-29,KOSPI,7043.0,7043.0,7125.0,7409.0,0.0,0.011642765866818117,0.05196649155189559,
1274464,20211005000189,00125150,SGC에너지,005090,주요사항보고서(자기주식취득신탁계약해지결정),2021-10-05,KOSPI,52100.0,54100.0,50600.0,50100.0,0.03838771593090207,-0.028790786948176605,-0.03838771593090207,
1274430,20211005000219,00454399,이상네트웍스,080010,[연장결정]주요사항보고서(자기주식취득신탁계약체결결정),2021-10-05,KOSDAQ,7242.0,7206.0,7368.0,7873.0,-0.004971002485501197,0.0173985086992543,0.0871306268986467,
1055211,20221005000224,00454399,이상네트웍스,080010,주요사항보고서(자기주식취득신탁계약해지결정),2022-10-05,KOSDAQ,5110.0,5160.0,5160.0,4750.0,0.009784735812133016,0.009784735812133016,-0.07045009784735812,
797487,20231124000091,00454399,이상네트웍스,080010,주요사항보고서(자기주식취득신탁계약체결결정),2023-11-24,KOSDAQ,5450.0,5430.0,5470.0,5290.0,-0.003669724770642202,0.003669724770642091,-0.029357798165137616,
645267,20240523000214,00454399,이상네트웍스,080010,[연장결정]주요사항보고서(자기주식취득신탁계약체결결정),2024-05-23,KOSDAQ,5610.0,5620.0,5630.0,5800.0,0.0017825311942958333,0.0035650623885918886,0.033868092691622165,
645261,20240523000229,00454399,이상네트웍스,080010,주요사항보고서(자기주식취득신탁계약체결결정),2024-05-23,KOSDAQ,5610.0,5620.0,5630.0,5800.0,0.0017825311942958333,0.0035650623885918886,0.033868092691622165,
550935,20241125000200,00454399,이상네트웍스,080010,주요사항보고서(자기주식취득신탁계약체결결정),2024-11-25,KOSDAQ,5270.0,5380.0,5320.0,5270.0,0.020872865275142205,0.009487666034155628,0.0,
303718,20251124000060,00454399,이상네트웍스,080010,[연장결정]주요사항보고서(자기주식취득신탁계약체결결정),2025-11-24,KOSDAQ,7120.0,7250.0,7400.0,7220.0,0.018258426966292207,0.0393258426966292,0.014044943820224809,
2500,20260526000279,00454399,이상네트웍스,080010,주요사항보고서(자기주식취득신탁계약해지결정),2026-05-26,KOSDAQ,7810.0,7450.0,7300.0,6830.0,-0.04609475032010246,-0.0653008962868118,-0.12548015364916776,
1274076,20211006000037,01016479,오로스테크놀로지,322310,주요사항보고서(자기주식취득신탁계약체결결정),2021-10-06,KOSDAQ,22750.0,23250.0,24250.0,24450.0,0.0219780219780219,0.06593406593406592,0.07472527472527468,
857726,20230726000023,01016479,오로스테크놀로지,322310,주요사항보고서(자기주식취득신탁계약체결결정),2023-07-26,KOSDAQ,22200.0,23550.0,24050.0,24050.0,0.060810810810810745,0.08333333333333326,0.08333333333333326,
582509,20240912000034,01016479,오로스테크놀로지,322310,주요사항보고서(자기주식취득신탁계약체결결정),2024-09-12,KOSDAQ,16970.0,16260.0,15750.0,17830.0,-0.041838538597525066,-0.07189157336476137,0.05067766647024152,
1274016,20211006000134,00961570,신도기연,290520,주요사항보고서(자기주식취득신탁계약체결결정),2021-10-06,KOSDAQ,7242.0,7900.0,7951.0,8078.0,0.09085887876277265,0.0979011322838994,0.1154377243855289,
1154500,20220405001655,00961570,신도기연,290520,[연장결정]주요사항보고서(자기주식취득신탁계약체결결정),2022-04-05,KOSDAQ,7546.0,7394.0,7293.0,7495.0,-0.020143122183938544,-0.03352769679300294,-0.006758547574874152,
1273905,20211006000190,00449379,도이치모터스,067990,주요사항보고서(자기주식취득결정),2021-10-06,KOSDAQ,7180.0,7170.0,6990.0,7370.0,-0.0013927576601671099,-0.026462395543175532,0.026462395543175532,
1236173,20211222000368,00449379,도이치모터스,067990,자기주식취득결과보고서,2021-12-22,KOSDAQ,7650.0,7700.0,7520.0,7550.0,0.006535947712418277,-0.016993464052287632,-0.013071895424836555,
824819,20230925000172,00449379,도이치모터스,067990,주요사항보고서(자기주식취득결정),2023-09-25,KOSDAQ,5180.0,5560.0,5530.0,5480.0,0.07335907335907343,0.06756756756756754,0.05791505791505802,
780362,20231221000562,00449379,도이치모터스,067990,자기주식취득결과보고서,2023-12-21,KOSDAQ,5130.0,5170.0,5230.0,4880.0,0.007797270955165692,0.01949317738791434,-0.04873294346978563,
609432,20240801000002,00449379,도이치모터스,067990,주요사항보고서(자기주식취득결정),2024-08-01,KOSDAQ,4870.0,4810.0,4410.0,4525.0,-0.012320328542094416,-0.09445585215605745,-0.07084188911704314,
579877,20240920000249,00449379,도이치모터스,067990,자기주식취득결과보고서,2024-09-20,KOSDAQ,4690.0,4715.0,4730.0,4715.0,0.005330490405117239,0.008528784648187626,0.005330490405117239,
571861,20241011000005,00449379,도이치모터스,067990,주요사항보고서(자기주식취득결정),2024-10-11,KOSDAQ,4720.0,4780.0,4735.0,4750.0,0.012711864406779627,0.0031779661016948513,0.006355932203389925,
545673,20241129001608,00449379,도이치모터스,067990,자기주식취득결과보고서,2024-11-29,KOSDAQ,4665.0,4865.0,4965.0,4905.0,0.04287245444801724,0.06430868167202575,0.05144694533762051,
544937,20241202000028,00449379,도이치모터스,067990,주요사항보고서(자기주식취득결정),2024-12-02,KOSDAQ,4865.0,4965.0,4895.0,4760.0,0.020554984583761593,0.006166495375128367,-0.021582733812949617,
529645,20241227000561,00449379,도이치모터스,067990,자기주식취득결과보고서,2024-12-27,KOSDAQ,4590.0,4540.0,4405.0,4460.0,-0.01089324618736387,-0.04030501089324623,-0.028322440087146017,
390614,20250530000516,00449379,도이치모터스,067990,주요사항보고서(자기주식취득결정),2025-05-30,KOSDAQ,4755.0,4810.0,4815.0,4700.0,0.011566771819137678,0.012618296529968376,-0.011566771819137789,
339209,20250901000514,00449379,도이치모터스,067990,자기주식취득결과보고서,2025-09-01,KOSDAQ,4855.0,4840.0,4925.0,4945.0,-0.003089598352214229,0.014418125643666402,0.018537590113285374,
1273848,20211006000257,00447007,알리코제약,260660,주요사항보고서(자기주식취득결정),2021-10-06,KOSDAQ,7380.0,7690.0,7830.0,8000.0,0.042005420054200604,0.060975609756097615,0.08401084010840099,
1269207,20211019000019,00447007,알리코제약,260660,자기주식취득결과보고서,2021-10-19,KOSDAQ,8010.0,7990.0,8000.0,7870.0,-0.0024968789013732895,-0.0012484394506866447,-0.017478152309613026,
1273251,20211007000106,00414601,유니퀘스트,077500,주요사항보고서(자기주식취득신탁계약체결결정),2021-10-07,KOSPI,4835.0,4815.0,4700.0,4960.0,-0.004136504653567741,-0.02792140641158225,0.02585315408479838,
1119890,20220518000055,00414601,유니퀘스트,077500,주요사항보고서(자기주식취득신탁계약체결결정),2022-05-18,KOSPI,5700.0,5725.0,5675.0,5475.0,0.004385964912280604,-0.004385964912280715,-0.03947368421052633,
1056662,20220930000240,00414601,유니퀘스트,077500,주요사항보고서(자기주식취득신탁계약체결결정),2022-09-30,KOSPI,3795.0,4010.0,4045.0,4050.0,0.0566534914361001,0.06587615283267456,0.06719367588932812,
1054398,20221006000603,00414601,유니퀘스트,077500,주요사항보고서(자기주식취득신탁계약해지결정),2022-10-06,KOSPI,4195.0,4185.0,4050.0,4085.0,-0.0023837902264600697,-0.03456495828367101,-0.026221692491060766,
1043566,20221103000070,00414601,유니퀘스트,077500,주요사항보고서(자기주식취득신탁계약체결결정),2022-11-03,KOSPI,4145.0,4185.0,4235.0,4210.0,0.00965018094089265,0.02171290711700835,0.01568154402895061,
952081,20230329000266,00414601,유니퀘스트,077500,주요사항보고서(자기주식취득신탁계약해지결정),2023-03-29,KOSPI,5820.0,6040.0,5845.0,5645.0,0.037800687285223455,0.004295532646048095,-0.030068728522336774,
898730,20230503000597,00414601,유니퀘스트,077500,주요사항보고서(자기주식취득신탁계약해지결정),2023-05-03,KOSPI,5020.0,4980.0,5025.0,4850.0,-0.007968127490039834,0.0009960159362549792,-0.03386454183266929,
890585,20230517000133,00414601,유니퀘스트,077500,주요사항보고서(자기주식취득신탁계약해지결정),2023-05-17,KOSPI,4580.0,4685.0,5080.0,4940.0,0.022925764192139653,0.10917030567685582,0.0786026200873362,
812492,20231027000114,00414601,유니퀘스트,077500,주요사항보고서(자기주식취득신탁계약체결결정),2023-10-27,KOSPI,5090.0,5350.0,5060.0,5720.0,0.05108055009823187,-0.005893909626719096,0.12377210216110024,
659741,20240426000771,00414601,유니퀘스트,077500,주요사항보고서(자기주식취득신탁계약해지결정),2024-04-26,KOSPI,7020.0,7200.0,7020.0,7070.0,0.02564102564102555,0.0,0.007122507122507171,
1273198,20211007000157,00479787,인텍플러스,064290,주요사항보고서(자기주식취득신탁계약체결결정),2021-10-07,KOSDAQ,20750.0,21450.0,21750.0,23900.0,0.033734939759036076,0.04819277108433728,0.15180722891566267,
417190,20250414001445,00479787,인텍플러스,064290,주요사항보고서(자기주식취득신탁계약체결결정),2025-04-14,KOSDAQ,9420.0,9780.0,9700.0,9720.0,0.03821656050955413,0.02972399150743099,0.031847133757961776,
1273144,20211007000224,00185222,크린앤사이언스,045520,주요사항보고서(자기주식취득신탁계약체결결정),2021-10-07,KOSDAQ,17200.0,17050.0,16150.0,17550.0,-0.008720930232558155,-0.061046511627906974,0.02034883720930236,
1272907,20211007000436,00249441,씨씨에스,066790,주요사항보고서(자기주식취득결정),2021-10-07,KOSDAQ,718.0,763.0,760.0,772.0,0.06267409470752083,0.058495821727019504,0.07520891364902504,
1269721,20211015000405,00249441,씨씨에스,066790,자기주식취득결과보고서,2021-10-15,KOSDAQ,772.0,771.0,780.0,773.0,-0.0012953367875647714,0.010362694300518172,0.0012953367875647714,
1272579,20211008000197,01068737,에이치피오,357230,주요사항보고서(자기주식취득결정),2021-10-08,KOSDAQ,6952.0,6593.0,6641.0,7071.0,-0.05163981588032218,-0.04473532796317603,0.017117376294591535,
1230825,20211231000181,01068737,에이치피오,357230,자기주식취득결과보고서,2021-12-31,KOSDAQ,6426.0,6378.0,6259.0,6020.0,-0.007469654528478031,-0.02598817304699652,-0.0631808278867102,
1104848,20220616000176,01068737,에이치피오,357230,주요사항보고서(자기주식취득결정),2022-06-16,KOSDAQ,4524.0,4491.0,4534.0,4352.0,-0.007294429708222805,0.002210433244915988,-0.03801945181255528,
1073834,20220823000130,01068737,에이치피오,357230,자기주식취득결과보고서,2022-08-23,KOSDAQ,5112.0,5016.0,5112.0,4849.0,-0.018779342723004744,0.0,-0.05144757433489833,
799895,20231117000243,01068737,에이치피오,357230,주요사항보고서(자기주식취득결정),2023-11-17,KOSDAQ,3518.0,3836.0,3796.0,3781.0,0.09039226833428082,0.07902217168845938,0.07475838544627633,
781369,20231220000297,01068737,에이치피오,357230,자기주식취득결과보고서,2023-12-20,KOSDAQ,4069.0,4029.0,4005.0,3979.0,-0.00983042516588839,-0.015728680265421513,-0.02211845662324896,
243796,20260226004558,01068737,에이치피오,357230,주요사항보고서(자기주식취득결정),2026-02-26,KOSDAQ,2440.0,2525.0,2480.0,2385.0,0.0348360655737705,0.016393442622950838,-0.02254098360655743,
126501,20260601000127,01068737,에이치피오,357230,자기주식취득결과보고서,2026-06-01,KOSDAQ,2450.0,2350.0,2310.0,2250.0,-0.04081632653061229,-0.05714285714285716,-0.08163265306122447,
1272557,20211008000201,00415327,중앙백신,072020,주요사항보고서(자기주식취득결정),2021-10-08,KOSDAQ,15250.0,14950.0,15100.0,15750.0,-0.01967213114754096,-0.00983606557377048,0.032786885245901676,
1250631,20211126000621,00415327,중앙백신,072020,자기주식취득결과보고서,2021-11-26,KOSDAQ,15050.0,14800.0,14450.0,15150.0,-0.01661129568106312,-0.039867109634551534,0.006644518272425293,
1052133,20221013000114,00415327,중앙백신,072020,주요사항보고서(자기주식취득결정),2022-10-13,KOSDAQ,10150.0,10300.0,10350.0,10500.0,0.014778325123152802,0.019704433497536922,0.034482758620689724,
1009742,20230105000258,00415327,중앙백신,072020,자기주식취득결과보고서,2023-01-05,KOSDAQ,10700.0,10800.0,11000.0,10950.0,0.009345794392523255,0.028037383177569986,0.02336448598130847,
652941,20240510000419,00415327,중앙백신,072020,주요사항보고서(자기주식취득결정),2024-05-10,KOSDAQ,10890.0,10820.0,10850.0,10860.0,-0.006427915518824601,-0.0036730945821854544,-0.0027548209366391463,
613514,20240724000143,00415327,중앙백신,072020,자기주식취득결과보고서,2024-07-24,KOSDAQ,10700.0,10700.0,10650.0,10700.0,0.0,-0.004672897196261627,0.0,
513743,20250206000322,00415327,중앙백신,072020,주요사항보고서(자기주식취득결정),2025-02-06,KOSDAQ,10020.0,9930.0,9830.0,9850.0,-0.008982035928143728,-0.01896207584830334,-0.01696606786427146,
460555,20250328000986,00415327,중앙백신,072020,자기주식취득결과보고서,2025-03-28,KOSDAQ,9910.0,9700.0,9840.0,9740.0,-0.021190716448032276,-0.007063572149344055,-0.017154389505549927,
316842,20251030000307,00415327,중앙백신,072020,주요사항보고서(자기주식취득결정),2025-10-30,KOSDAQ,9590.0,9770.0,9810.0,9680.0,0.018769551616266922,0.02294056308654846,0.009384775808133572,
302093,20251126000334,00415327,중앙백신,072020,자기주식취득결과보고서,2025-11-26,KOSDAQ,9920.0,9900.0,9980.0,9950.0,-0.0020161290322581182,0.006048387096774244,0.003024193548387011,
1272075,20211012000005,00131832,SK디스커버리,006120,주요사항보고서(자기주식취득신탁계약체결결정),2021-10-12,KOSPI,48150.0,48250.0,48600.0,51000.0,0.0020768431983384517,0.009345794392523255,0.05919003115264787,
1180626,20220321800773,00131832,SK디스커버리,006120,주요사항보고서(자기주식취득신탁계약체결결정)(자회사의 주요경영사항),2022-03-21,KOSPI,39000.0,39350.0,39900.0,39950.0,0.008974358974358942,0.023076923076922995,0.024358974358974272,
1141136,20220411002876,00131832,SK디스커버리,006120,주요사항보고서(자기주식취득신탁계약해지결정),2022-04-11,KOSPI,41250.0,40850.0,41450.0,40550.0,-0.009696969696969648,0.00484848484848488,-0.016969696969696968,
1092878,20220712800304,00131832,SK디스커버리,006120,자기주식취득결정(자회사의 주요경영사항),2022-07-12,KOSPI,34650.0,34900.0,35000.0,34900.0,0.00721500721500723,0.010101010101010166,0.00721500721500723,
1060231,20220922800335,00131832,SK디스커버리,006120,주요사항보고서(자기주식취득신탁계약해지결정)(자회사의 주요경영사항),2022-09-22,KOSPI,34200.0,33500.0,31250.0,30550.0,-0.020467836257309968,-0.08625730994152048,-0.10672514619883045,
859194,20230721000395,00131832,SK디스커버리,006120,주요사항보고서(자기주식취득신탁계약체결결정),2023-07-21,KOSPI,37650.0,36600.0,36150.0,35000.0,-0.027888446215139417,-0.03984063745019917,-0.07038512616201864,
767764,20240122000332,00131832,SK디스커버리,006120,주요사항보고서(자기주식취득신탁계약해지결정),2024-01-22,KOSPI,37450.0,37200.0,36850.0,38250.0,-0.006675567423230944,-0.01602136181575431,0.021361815754339153,
737843,20240305000466,00131832,SK디스커버리,006120,주요사항보고서(자기주식취득신탁계약체결결정),2024-03-05,KOSPI,43150.0,44850.0,44900.0,43200.0,0.03939745075318646,0.04055619930475096,0.0011587485515642815,
585392,20240905000299,00131832,SK디스커버리,006120,주요사항보고서(자기주식취득신탁계약해지결정),2024-09-05,KOSPI,34450.0,33950.0,33650.0,34350.0,-0.014513788098693747,-0.023222060957910018,-0.002902757619738794,
490451,20250304000511,00131832,SK디스커버리,006120,주요사항보고서(자기주식취득신탁계약체결결정),2025-03-04,KOSPI,34550.0,37800.0,38200.0,38150.0,0.09406657018813314,0.1056439942112879,0.10419681620839372,
338215,20250904000206,00131832,SK디스커버리,006120,주요사항보고서(자기주식취득신탁계약해지결정),2025-09-04,KOSPI,51700.0,52200.0,52700.0,53300.0,0.009671179883945946,0.01934235976789167,0.030947775628626717,
105790,20260306000004,00131832,SK디스커버리,006120,주요사항보고서(자기주식취득신탁계약체결결정),2026-03-06,KOSPI,55100.0,53000.0,56100.0,56600.0,-0.038112522686025385,0.01814882032667886,0.02722323049001818,
1272014,20211012000086,01259418,대보마그네틱,290670,주요사항보고서(자기주식취득신탁계약체결결정),2021-10-12,KOSDAQ,31550.0,31800.0,31500.0,32550.0,0.007923930269413626,-0.0015847860538826808,0.031695721077654504,
1271944,20211012000142,01251489,라온피플,300120,주요사항보고서(자기주식취득신탁계약체결결정),2021-10-12,KOSDAQ,5494.0,5375.0,5375.0,5359.0,-0.021659992719330168,-0.021659992719330168,-0.02457226064797957,
1271876,20211012000193,00199988,SY동아,041930,주요사항보고서(자기주식취득신탁계약체결결정),2021-10-12,KOSDAQ,14500.0,14700.0,15200.0,14900.0,0.01379310344827589,0.048275862068965614,0.02758620689655178,
1218944,20220128000146,00199988,SY동아,041930,주요사항보고서(자기주식취득신탁계약체결결정),2022-01-28,KOSDAQ,10050.0,10400.0,10500.0,10350.0,0.03482587064676612,0.04477611940298498,0.029850746268656803,
1133829,20220414001166,00199988,SY동아,041930,주요사항보고서(자기주식취득신탁계약해지결정),2022-04-14,KOSDAQ,12050.0,11900.0,11800.0,12000.0,-0.012448132780082943,-0.020746887966805017,-0.004149377593360981,
605025,20240812000504,00199988,SY동아,041930,주요사항보고서(자기주식취득신탁계약체결결정),2024-08-12,KOSDAQ,6510.0,6510.0,6730.0,6720.0,0.0,0.03379416282642089,0.032258064516129004,
1271366,20211013000038,00323868,웹케시,053580,주요사항보고서(자기주식취득신탁계약체결결정),2021-10-13,KOSDAQ,29450.0,30400.0,30600.0,30700.0,0.032258064516129004,0.039049235993208864,0.042444821731748794,
863292,20230712000113,00323868,웹케시,053580,주요사항보고서(자기주식취득신탁계약체결결정),2023-07-12,KOSDAQ,12560.0,12760.0,12890.0,12920.0,0.015923566878981,0.026273885350318382,0.02866242038216571,
766980,20240124000042,00323868,웹케시,053580,주요사항보고서(자기주식취득신탁계약체결결정),2024-01-24,KOSDAQ,9090.0,9450.0,9290.0,9390.0,0.03960396039603964,0.022002200220021972,0.03300330033003296,
749700,20240221000662,00323868,웹케시,053580,주요사항보고서(자기주식취득신탁계약체결결정),2024-02-21,KOSDAQ,9910.0,10200.0,10080.0,10160.0,0.029263370332996974,0.017154389505549927,0.025227043390514625,
348515,20250818000053,00323868,웹케시,053580,주요사항보고서(자기주식취득신탁계약체결결정),2025-08-18,KOSDAQ,14060.0,14200.0,13760.0,13800.0,0.009957325746799528,-0.02133712660028453,-0.01849217638691325,
1271336,20211013000064,00532855,한국유니온제약,080720,주요사항보고서(자기주식취득결정),2021-10-13,KOSDAQ,10500.0,10850.0,10900.0,10800.0,0.03333333333333344,0.03809523809523818,0.02857142857142847,
1225206,20220114000131,00532855,한국유니온제약,080720,자기주식취득결과보고서,2022-01-14,KOSDAQ,9900.0,9460.0,9050.0,9120.0,-0.0444444444444444,-0.08585858585858586,-0.07878787878787874,
1103070,20220621000410,00532855,한국유니온제약,080720,주요사항보고서(자기주식취득결정),2022-06-21,KOSDAQ,6400.0,6410.0,6000.0,6590.0,0.0015624999999999112,-0.0625,0.02968750000000009,
1073904,20220823000046,00532855,한국유니온제약,080720,자기주식취득결과보고서,2022-08-23,KOSDAQ,7760.0,7620.0,7760.0,7390.0,-0.01804123711340211,0.0,-0.04768041237113407,
600720,20240814001869,00532855,한국유니온제약,080720,자기주식취득결과보고서,2024-08-14,KOSDAQ,6060.0,5870.0,5600.0,5210.0,-0.031353135313531344,-0.07590759075907594,-0.14026402640264024,
1271214,20211013000168,00636656,바이오플러스,099430,주요사항보고서(자기주식취득신탁계약체결결정),2021-10-13,KOSDAQ,6006.0,6557.0,6532.0,6507.0,0.0917415917415918,0.08757908757908761,0.08341658341658342,
1244426,20211207000040,00636656,바이오플러스,099430,주요사항보고서(자기주식취득신탁계약체결결정),2021-12-07,KOSDAQ,6169.0,6281.0,6294.0,6194.0,0.01815529259199211,0.020262603339276986,0.0040525206678554415,
897227,20230509000035,00636656,바이오플러스,099430,주요사항보고서(자기주식취득신탁계약체결결정),2023-05-09,KOSDAQ,6330.0,6380.0,6550.0,6280.0,0.00789889415481837,0.034755134281200695,-0.00789889415481837,
634642,20240610000118,00636656,바이오플러스,099430,주요사항보고서(자기주식취득신탁계약체결결정),2024-06-10,KOSDAQ,4580.0,4630.0,4685.0,5220.0,0.01091703056768556,0.022925764192139653,0.13973799126637565,
535570,20241216000362,00636656,바이오플러스,099430,주요사항보고서(자기주식취득결정),2024-12-16,KOSDAQ,7380.0,7560.0,7490.0,7700.0,0.024390243902439046,0.01490514905149043,0.04336043360433606,
530571,20241226000398,00636656,바이오플러스,099430,자기주식취득결과보고서,2024-12-26,KOSDAQ,7310.0,7350.0,7310.0,7450.0,0.00547195622435015,0.0,0.019151846785225635,
1271051,20211013000309,00667425,에이팩트,200470,주요사항보고서(자기주식취득신탁계약해지결정),2021-10-13,KOSDAQ,4096.0,4381.0,4395.0,4239.0,0.069580078125,0.072998046875,0.034912109375,
1271030,20211013000357,00149354,종근당홀딩스,001630,주요사항보고서(자기주식취득신탁계약해지결정),2021-10-13,KOSPI,81500.0,83400.0,84500.0,83500.0,0.02331288343558291,0.036809815950920255,0.024539877300613577,
1269976,20211015000195,00149354,종근당홀딩스,001630,주요사항보고서(자기주식취득신탁계약체결결정),2021-10-15,KOSPI,84500.0,84000.0,84200.0,82600.0,-0.00591715976331364,-0.0035502958579881616,-0.022485207100591764,
1213504,20220210800977,00149354,종근당홀딩스,001630,주요사항보고서(자기주식취득신탁계약체결결정)(자회사의 주요경영사항),2022-02-10,KOSPI,69900.0,69700.0,68800.0,69800.0,-0.0028612303290415086,-0.01573676680972813,-0.0014306151645206988,
1079568,20220812000720,00149354,종근당홀딩스,001630,주요사항보고서(자기주식취득신탁계약체결결정),2022-08-12,KOSPI,61600.0,62700.0,62500.0,61000.0,0.017857142857142794,0.014610389610389518,-0.009740259740259716,
1052078,20221013800194,00149354,종근당홀딩스,001630,주요사항보고서(자기주식취득신탁계약체결결정)(자회사의 주요경영사항),2022-10-13,KOSPI,49050.0,49800.0,50000.0,51000.0,0.015290519877675823,0.019367991845056,0.039755351681957096,
1051940,20221013800307,00149354,종근당홀딩스,001630,주요사항보고서(자기주식취득신탁계약해지결정)(자회사의 주요경영사항),2022-10-13,KOSPI,49050.0,49800.0,50000.0,51000.0,0.015290519877675823,0.019367991845056,0.039755351681957096,
1051304,20221014000213,00149354,종근당홀딩스,001630,주요사항보고서(자기주식취득신탁계약해지결정),2022-10-14,KOSPI,49800.0,50000.0,50600.0,51100.0,0.004016064257028162,0.016064257028112428,0.026104417670682833,
995619,20230209800608,00149354,종근당홀딩스,001630,주요사항보고서(자기주식취득신탁계약해지결정)(자회사의 주요경영사항),2023-02-09,KOSPI,55600.0,55800.0,55000.0,54000.0,0.003597122302158251,-0.010791366906474864,-0.02877697841726623,
846998,20230811002323,00149354,종근당홀딩스,001630,[연장결정]주요사항보고서(자기주식취득신탁계약체결결정),2023-08-11,KOSPI,54200.0,53400.0,51700.0,54500.0,-0.014760147601476037,-0.04612546125461259,0.005535055350553542,
817484,20231016800281,00149354,종근당홀딩스,001630,주요사항보고서(자기주식취득신탁계약해지결정)(자회사의 주요경영사항),2023-10-16,KOSPI,53900.0,53600.0,53000.0,51300.0,-0.005565862708719838,-0.016697588126159513,-0.04823747680890533,
767414,20240123800318,00149354,종근당홀딩스,001630,주요사항보고서(자기주식취득신탁계약체결결정)(자회사의 주요경영사항),2024-01-23,KOSPI,59000.0,59200.0,58500.0,60400.0,0.003389830508474523,-0.008474576271186418,0.023728813559322104,
760396,20240205000329,00149354,종근당홀딩스,001630,주요사항보고서(자기주식취득신탁계약해지결정),2024-02-05,KOSPI,61500.0,60900.0,62300.0,60000.0,-0.009756097560975618,0.01300813008130075,-0.024390243902439046,
519582,20250122800505,00149354,종근당홀딩스,001630,주요사항보고서(자기주식취득신탁계약해지결정)(자회사의 주요경영사항),2025-01-22,KOSPI,46650.0,46600.0,46500.0,,-0.001071811361200381,-0.003215434083601254,,
1270919,20211013000443,00131850,SK증권,001510,주요사항보고서(자기주식취득결정),2021-10-13,KOSPI,1757.0,1831.0,1851.0,1934.0,0.04211724530449623,0.05350028457598177,0.10073989755264656,
1225948,20220112000340,00131850,SK증권,001510,자기주식취득결과보고서,2022-01-12,KOSPI,1920.0,1918.0,1902.0,1807.0,-0.0010416666666667185,-0.009375000000000022,-0.05885416666666665,
1270715,20211014000051,00114686,동구바이오제약,006620,주요사항보고서(자기주식취득신탁계약체결결정),2021-10-14,KOSDAQ,8250.0,8250.0,8200.0,8190.0,0.0,-0.0060606060606061,-0.0072727272727273196,
1218841,20220128000212,00114686,동구바이오제약,006620,주요사항보고서(자기주식취득신탁계약체결결정),2022-01-28,KOSDAQ,6840.0,7300.0,7300.0,7670.0,0.067251461988304,0.067251461988304,0.12134502923976598,
1136948,20220413000752,00114686,동구바이오제약,006620,주요사항보고서(자기주식취득신탁계약해지결정),2022-04-13,KOSDAQ,7730.0,7700.0,7650.0,8090.0,-0.0038809831824062613,-0.010349288486416586,0.04657179818887447,
1086840,20220727000247,00114686,동구바이오제약,006620,주요사항보고서(자기주식취득신탁계약해지결정),2022-07-27,KOSDAQ,6830.0,6760.0,6760.0,6710.0,-0.010248901903367469,-0.010248901903367469,-0.017569546120058566,
809906,20231102000080,00114686,동구바이오제약,006620,주요사항보고서(자기주식취득신탁계약체결결정),2023-11-02,KOSDAQ,4985.0,5160.0,5190.0,5330.0,0.03510531594784361,0.04112337011033107,0.06920762286860582,
601673,20240814000863,00114686,동구바이오제약,006620,주요사항보고서(자기주식취득신탁계약체결결정),2024-08-14,KOSDAQ,5920.0,6250.0,6110.0,5850.0,0.0557432432432432,0.03209459459459452,-0.011824324324324342,
1270663,20211014000119,00367385,효성오앤비,097870,주요사항보고서(자기주식취득결정),2021-10-14,KOSDAQ,9310.0,9440.0,9500.0,9540.0,0.013963480128893702,0.020408163265306145,0.02470461868958118,
1241098,20211214000338,00367385,효성오앤비,097870,자기주식취득결과보고서,2021-12-14,KOSDAQ,8390.0,8280.0,8250.0,8010.0,-0.013110846245530383,-0.016686531585220488,-0.045292014302741324,
606770,20240808000145,00367385,효성오앤비,097870,주요사항보고서(자기주식취득결정),2024-08-08,KOSDAQ,6430.0,6630.0,6780.0,6810.0,0.031104199066874116,0.05443234836702948,0.059097978227060644,
577659,20240926000144,00367385,효성오앤비,097870,자기주식취득결과보고서,2024-09-26,KOSDAQ,6700.0,6790.0,6810.0,6620.0,0.013432835820895495,0.016417910447761086,-0.011940298507462699,
1270585,20211014000177,00156859,다올투자증권,030210,주요사항보고서(자기주식취득신탁계약체결결정),2021-10-14,KOSPI,6500.0,6490.0,6400.0,6730.0,-0.0015384615384614886,-0.01538461538461533,0.03538461538461535,
1175604,20220324000488,00156859,다올투자증권,030210,주요사항보고서(자기주식취득결정),2022-03-24,KOSPI,5070.0,5270.0,5160.0,5260.0,0.03944773175542404,0.01775147928994092,0.03747534516765283,
1170906,20220329000653,00156859,다올투자증권,030210,자기주식취득결과보고서,2022-03-29,KOSPI,5160.0,5200.0,5260.0,5280.0,0.007751937984496138,0.019379844961240345,0.023255813953488413,
1051332,20221014000171,00156859,다올투자증권,030210,주요사항보고서(자기주식취득신탁계약해지결정),2022-10-14,KOSPI,3565.0,3585.0,3645.0,3100.0,0.005610098176718203,0.02244039270687237,-0.13043478260869568,
1270463,20211014000309,00992871,종근당,185750,[연장결정]주요사항보고서(자기주식취득신탁계약체결결정),2021-10-14,KOSPI,99704.0,100119.0,99704.0,98042.0,0.004162320468587,0.0,-0.016669341250100334,
1213510,20220210000489,00992871,종근당,185750,주요사항보고서(자기주식취득신탁계약체결결정),2022-02-10,KOSPI,83561.0,81820.0,82952.0,82168.0,-0.02083507856535949,-0.007288088941013182,-0.016670456313351956,
1052080,20221013000179,00992871,종근당,185750,주요사항보고서(자기주식취득신탁계약체결결정),2022-10-13,KOSPI,63541.0,66066.0,66152.0,67109.0,0.039738121842589846,0.04109157866574331,0.056152720290835845,
1051956,20221013000336,00992871,종근당,185750,주요사항보고서(자기주식취득신탁계약해지결정),2022-10-13,KOSPI,63541.0,66066.0,66152.0,67109.0,0.039738121842589846,0.04109157866574331,0.056152720290835845,
995660,20230209000466,00992871,종근당,185750,주요사항보고서(자기주식취득신탁계약해지결정),2023-02-09,KOSPI,75940.0,75484.0,74208.0,74573.0,-0.0060047405846721524,-0.022807479589149304,-0.01800105346326042,
817485,20231016000176,00992871,종근당,185750,주요사항보고서(자기주식취득신탁계약해지결정),2023-10-16,KOSPI,91347.0,90708.0,88247.0,85421.0,-0.00699530362245071,-0.03393652774584821,-0.06487350432964412,
767415,20240123000240,00992871,종근당,185750,주요사항보고서(자기주식취득신탁계약체결결정),2024-01-23,KOSPI,109856.0,107563.0,108900.0,109092.0,-0.02087277891057382,-0.008702301194290718,-0.006954558695018931,
519597,20250122000377,00992871,종근당,185750,주요사항보고서(자기주식취득신탁계약해지결정),2025-01-22,KOSPI,88800.0,87300.0,85500.0,,-0.016891891891891886,-0.03716216216216217,,
1270455,20211014000310,01187148,케어랩스,263700,주요사항보고서(자기주식취득신탁계약체결결정),2021-10-14,KOSDAQ,8570.0,8520.0,8520.0,8620.0,-0.005834305717619559,-0.005834305717619559,0.005834305717619559,
1270358,20211014000352,00357740,NHN KCP,060250,주요사항보고서(자기주식취득결정),2021-10-14,KOSDAQ,32954.0,33810.0,33627.0,34544.0,0.025975602354797678,0.020422406991563946,0.048249074467439534,
1260210,20211110000356,00357740,NHN KCP,060250,자기주식취득결과보고서,2021-11-10,KOSDAQ,35094.0,39191.0,36990.0,36194.0,0.11674360289508168,0.05402632928705753,0.0313443893543055,
506705,20250213001765,00357740,NHN KCP,060250,주요사항보고서(자기주식취득결정),2025-02-13,KOSDAQ,7120.0,7700.0,8010.0,8260.0,0.0814606741573034,0.125,0.1601123595505618,
416212,20250414002644,00357740,NHN KCP,060250,자기주식취득결과보고서,2025-04-14,KOSDAQ,7610.0,7750.0,7730.0,7710.0,0.018396846254927768,0.01576872536136653,0.013140604467805517,
1270102,20211015000056,00117230,TYM,002900,주요사항보고서(자기주식취득신탁계약체결결정),2021-10-15,KOSPI,7305.0,7254.0,7305.0,6967.0,-0.00698151950718684,0.0,-0.04626967830253248,
1132069,20220415000592,00117230,TYM,002900,주요사항보고서(자기주식취득신탁계약해지결정),2022-04-15,KOSPI,8844.0,8455.0,8742.0,8455.0,-0.04398462234283129,-0.011533242876526462,-0.04398462234283129,
1024306,20221208000157,00117230,TYM,002900,주요사항보고서(자기주식취득신탁계약체결결정),2022-12-08,KOSPI,8556.0,8522.0,8776.0,8776.0,-0.00397381954184195,0.025712949976624655,0.025712949976624655,
878072,20230609000260,00117230,TYM,002900,주요사항보고서(자기주식취득신탁계약해지결정),2023-06-09,KOSPI,9000.0,8880.0,8800.0,8390.0,-0.013333333333333308,-0.022222222222222254,-0.06777777777777783,
850215,20230810000379,00117230,TYM,002900,주요사항보고서(자기주식취득결정),2023-08-10,KOSPI,6270.0,6400.0,6230.0,5790.0,0.020733652312599604,-0.006379585326953707,-0.07655502392344493,
830096,20230911000387,00117230,TYM,002900,자기주식취득결과보고서,2023-09-11,KOSPI,6410.0,6220.0,6160.0,6300.0,-0.029641185647425905,-0.03900156006240252,-0.01716068642745705,
558576,20241112000321,00117230,TYM,002900,주요사항보고서(자기주식취득결정),2024-11-12,KOSPI,4280.0,4115.0,4250.0,4635.0,-0.03855140186915884,-0.007009345794392496,0.0829439252336448,
511432,20250210000448,00117230,TYM,002900,자기주식취득결과보고서,2025-02-10,KOSPI,5480.0,5510.0,5620.0,5380.0,0.005474452554744547,0.025547445255474477,-0.018248175182481785,
402529,20250513000202,00117230,TYM,002900,주요사항보고서(자기주식취득결정),2025-05-13,KOSPI,5020.0,5240.0,5260.0,5730.0,0.043824701195219085,0.047808764940239,0.14143426294820727,
365930,20250722000004,00117230,TYM,002900,자기주식취득결과보고서,2025-07-22,KOSPI,5080.0,5100.0,5100.0,4990.0,0.003937007874015741,0.003937007874015741,-0.017716535433070835,
1269526,20211018000070,01309795,알로이스,297570,주요사항보고서(자기주식취득신탁계약해지결정),2021-10-18,KOSDAQ,2549.0,2476.0,2659.0,2594.0,-0.028638681836014146,0.0431541781090623,0.017653981953707376,
106941,20260305000652,01309795,알로이스,297570,주요사항보고서(자기주식취득신탁계약체결결정),2026-03-05,KOSDAQ,1409.0,1454.0,1439.0,1479.0,0.031937544357700576,0.02129169623846705,0.04968062455642297,
1269510,20211018000091,00293886,위닉스,044340,주요사항보고서(자기주식취득신탁계약체결결정),2021-10-18,KOSDAQ,19450.0,19550.0,19450.0,20450.0,0.005141388174807249,0.0,0.05141388174807204,
1239369,20211216000084,00293886,위닉스,044340,[연장결정]주요사항보고서(자기주식취득신탁계약체결결정),2021-12-16,KOSDAQ,20450.0,20450.0,20100.0,20100.0,0.0,-0.017114914425427896,-0.017114914425427896,
1234966,20211224000086,00293886,위닉스,044340,[연장결정]주요사항보고서(자기주식취득신탁계약체결결정),2021-12-24,KOSDAQ,20200.0,20150.0,20350.0,20200.0,-0.0024752475247524774,0.007425742574257432,0.0,
1050785,20221017000092,00293886,위닉스,044340,[연장결정]주요사항보고서(자기주식취득신탁계약체결결정),2022-10-17,KOSDAQ,9300.0,9570.0,9630.0,9640.0,0.029032258064516148,0.03548387096774186,0.03655913978494629,
1019323,20221216000134,00293886,위닉스,044340,[연장결정]주요사항보고서(자기주식취득신탁계약체결결정),2022-12-16,KOSDAQ,11950.0,12300.0,12000.0,11450.0,0.029288702928870203,0.004184100418409997,-0.04184100418410042,
1009111,20230106000338,00293886,위닉스,044340,[연장결정]주요사항보고서(자기주식취득신탁계약체결결정),2023-01-06,KOSDAQ,11800.0,12250.0,12250.0,12900.0,0.03813559322033888,0.03813559322033888,0.09322033898305082,
817172,20231017000057,00293886,위닉스,044340,[연장결정]주요사항보고서(자기주식취득신탁계약체결결정),2023-10-17,KOSDAQ,9720.0,9760.0,9630.0,8930.0,0.004115226337448652,-0.0092592592592593,-0.08127572016460904,
783729,20231215000155,00293886,위닉스,044340,[연장결정]주요사항보고서(자기주식취득신탁계약체결결정),2023-12-15,KOSDAQ,10210.0,10080.0,10150.0,10450.0,-0.012732615083251742,-0.005876591576885359,0.02350636630754166,
774336,20240105000059,00293886,위닉스,044340,주요사항보고서(자기주식취득신탁계약해지결정),2024-01-05,KOSDAQ,10550.0,10480.0,10470.0,10430.0,-0.006635071090047351,-0.00758293838862556,-0.011374407582938395,
774335,20240105000062,00293886,위닉스,044340,주요사항보고서(자기주식취득신탁계약해지결정),2024-01-05,KOSDAQ,10550.0,10480.0,10470.0,10430.0,-0.006635071090047351,-0.00758293838862556,-0.011374407582938395,
774334,20240105000067,00293886,위닉스,044340,주요사항보고서(자기주식취득신탁계약해지결정),2024-01-05,KOSDAQ,10550.0,10480.0,10470.0,10430.0,-0.006635071090047351,-0.00758293838862556,-0.011374407582938395,
1268851,20211019000309,00191588,삼원강재,023000,[연장결정]주요사항보고서(자기주식취득신탁계약체결결정),2021-10-19,KOSPI,3395.0,3370.0,3385.0,3355.0,-0.007363770250368162,-0.002945508100147265,-0.01178203240058906,
813237,20231026000121,00191588,삼원강재,023000,[연장결정]주요사항보고서(자기주식취득신탁계약체결결정),2023-10-26,KOSPI,2880.0,2880.0,2825.0,2860.0,0.0,-0.01909722222222221,-0.00694444444444442,
316128,20251031000161,00191588,삼원강재,023000,주요사항보고서(자기주식취득신탁계약해지결정),2025-10-31,KOSPI,2435.0,2385.0,2360.0,2355.0,-0.02053388090349073,-0.030800821355236097,-0.03285420944558526,
1268519,20211020000244,00266952,네오위즈홀딩스,042420,주요사항보고서(자기주식취득신탁계약체결결정),2021-10-20,KOSDAQ,34450.0,40250.0,37500.0,51200.0,0.1683599419448476,0.08853410740203183,0.4862119013062409,
1215952,20220207901234,00266952,네오위즈홀딩스,042420,주요사항보고서(자기주식취득신탁계약체결결정)(자회사의 주요경영사항),2022-02-07,KOSDAQ,59800.0,60400.0,59900.0,48350.0,0.010033444816053505,0.0016722408026756952,-0.19147157190635455,
1116401,20220526900321,00266952,네오위즈홀딩스,042420,주요사항보고서(자기주식취득신탁계약체결결정)(자회사의 주요경영사항),2022-05-26,KOSDAQ,36150.0,35200.0,36700.0,35250.0,-0.026279391424619658,0.015214384508990264,-0.024896265560165998,
1040940,20221110900055,00266952,네오위즈홀딩스,042420,주요사항보고서(자기주식취득신탁계약체결결정)(자회사의 주요경영사항),2022-11-10,KOSDAQ,27650.0,29550.0,27350.0,32100.0,0.06871609403254975,-0.010849909584086825,0.16094032549728743,
978625,20230303000635,00266952,네오위즈홀딩스,042420,주요사항보고서(자기주식취득신탁계약체결결정),2023-03-03,KOSDAQ,29450.0,30350.0,30250.0,29850.0,0.03056027164685915,0.02716468590831922,0.013582342954159499,
951027,20230329901754,00266952,네오위즈홀딩스,042420,주요사항보고서(자기주식취득신탁계약체결결정)(자회사의 주요경영사항),2023-03-29,KOSDAQ,30000.0,29450.0,29100.0,29300.0,-0.018333333333333313,-0.030000000000000027,-0.023333333333333317,
862508,20230713000319,00266952,네오위즈홀딩스,042420,주요사항보고서(자기주식취득신탁계약체결결정),2023-07-13,KOSDAQ,23250.0,24200.0,24950.0,26050.0,0.04086021505376336,0.07311827956989236,0.12043010752688166,
606157,20240809000189,00266952,네오위즈홀딩스,042420,주요사항보고서(자기주식취득신탁계약체결결정),2024-08-09,KOSDAQ,16200.0,16800.0,17180.0,17700.0,0.03703703703703698,0.060493827160493785,0.09259259259259256,
606320,20240809900065,00266952,네오위즈홀딩스,042420,주요사항보고서(자기주식취득신탁계약체결결정)(자회사의 주요경영사항),2024-08-09,KOSDAQ,16200.0,16800.0,17180.0,17700.0,0.03703703703703698,0.060493827160493785,0.09259259259259256,
481954,20250312000843,00266952,네오위즈홀딩스,042420,주요사항보고서(자기주식취득신탁계약체결결정),2025-03-12,KOSDAQ,16140.0,17300.0,18090.0,18750.0,0.07187112763320935,0.1208178438661709,0.1617100371747211,
402531,20250513900311,00266952,네오위즈홀딩스,042420,주요사항보고서(자기주식취득신탁계약체결결정)(자회사의 주요경영사항),2025-05-13,KOSDAQ,21450.0,21300.0,21500.0,20750.0,-0.006993006993006978,0.002331002331002363,-0.03263403263403264,
106667,20260305901096,00266952,네오위즈홀딩스,042420,주요사항보고서(자기주식취득결정)(자회사의 주요경영사항),2026-03-05,KOSDAQ,24000.0,25150.0,24150.0,25100.0,0.04791666666666661,0.006250000000000089,0.04583333333333339,
5663,20260518000267,00266952,네오위즈홀딩스,042420,주요사항보고서(자기주식취득신탁계약체결결정),2026-05-18,KOSDAQ,20450.0,23000.0,22500.0,22800.0,0.12469437652811743,0.10024449877750619,0.11491442542787289,
1268183,20211021000113,00580199,메디톡스,086900,주요사항보고서(자기주식취득결정),2021-10-21,KOSDAQ,139541.0,139998.0,141279.0,142835.0,0.0032750231114868633,0.012455120717208557,0.023605965271855656,
1257470,20211115000553,00580199,메디톡스,086900,자기주식취득결과보고서,2021-11-15,KOSDAQ,143750.0,139266.0,138626.0,133318.0,-0.031193043478260907,-0.03564521739130433,-0.07257043478260872,
1208381,20220218001612,00580199,메디톡스,086900,주요사항보고서(자기주식취득결정),2022-02-18,KOSDAQ,111013.0,113214.0,111587.0,115702.0,0.019826506805509236,0.0051705656094331864,0.042238296415735066,
1154627,20220405001767,00580199,메디톡스,086900,자기주식취득결과보고서,2022-04-05,KOSDAQ,129196.0,125463.0,124793.0,118669.0,-0.028894083408155025,-0.03408000247685683,-0.0814808508003344,
1108824,20220607000222,00580199,메디톡스,086900,주요사항보고서(자기주식취득결정),2022-06-07,KOSDAQ,118190.0,119530.0,119530.0,111013.0,0.011337676622387605,0.011337676622387605,-0.06072425755140032,
1094518,20220708000082,00580199,메디톡스,086900,자기주식취득결과보고서,2022-07-08,KOSDAQ,108907.0,107567.0,109386.0,109864.0,-0.012304075954713611,0.004398248046498354,0.008787313946762021,
1075901,20220817000089,00580199,메디톡스,086900,주요사항보고서(자기주식취득결정),2022-08-17,KOSDAQ,119530.0,118094.0,119147.0,114554.0,-0.012013720404919215,-0.003204216514682501,-0.041629716389190996,
1058866,20220927000092,00580199,메디톡스,086900,자기주식취득결과보고서,2022-09-27,KOSDAQ,108811.0,108524.0,105653.0,106706.0,-0.0026376009778422693,-0.029022801003575016,-0.01934547058661351,
575867,20240930000142,00580199,메디톡스,086900,주요사항보고서(자기주식취득결정),2024-09-30,KOSDAQ,192400.0,185300.0,187100.0,186100.0,-0.03690228690228692,-0.02754677754677759,-0.03274428274428276,
568229,20241021000291,00580199,메디톡스,086900,자기주식취득결과보고서,2024-10-21,KOSDAQ,174200.0,170500.0,169100.0,170600.0,-0.021239954075774947,-0.029276693455797975,-0.02066590126291623,
553975,20241115000218,00580199,메디톡스,086900,주요사항보고서(자기주식취득결정),2024-11-15,KOSDAQ,126200.0,123300.0,131200.0,128800.0,-0.022979397781299538,0.03961965134706813,0.020602218700475516,
544722,20241202000272,00580199,메디톡스,086900,자기주식취득결과보고서,2024-12-02,KOSDAQ,125700.0,129100.0,124000.0,118900.0,0.02704852824184556,-0.01352426412092278,-0.05409705648369134,
542085,20241209000144,00580199,메디톡스,086900,주요사항보고서(자기주식취득결정),2024-12-09,KOSDAQ,118900.0,137500.0,124900.0,128000.0,0.15643397813288473,0.05046257359125317,0.07653490328006729,
531440,20241224000281,00580199,메디톡스,086900,자기주식취득결과보고서,2024-12-24,KOSDAQ,125600.0,124100.0,123700.0,124800.0,-0.011942675159235638,-0.015127388535031816,-0.006369426751592355,
524417,20250110000251,00580199,메디톡스,086900,주요사항보고서(자기주식취득결정),2025-01-10,KOSDAQ,124900.0,122500.0,122600.0,118800.0,-0.019215372297838318,-0.018414731785428295,-0.048839071257005595,
516215,20250203000085,00580199,메디톡스,086900,자기주식취득결과보고서,2025-02-03,KOSDAQ,114200.0,116000.0,117200.0,118400.0,0.015761821366024442,0.02626970227670755,0.03677758318739044,
486886,20250307000979,00580199,메디톡스,086900,주요사항보고서(자기주식취득결정),2025-03-07,KOSDAQ,120400.0,120500.0,123400.0,130700.0,0.0008305647840531893,0.024916943521594792,0.08554817275747517,
466751,20250325000285,00580199,메디톡스,086900,자기주식취득결과보고서,2025-03-25,KOSDAQ,130500.0,132000.0,130100.0,141800.0,0.011494252873563315,-0.0030651340996168397,0.08659003831417622,
302257,20251126000175,00580199,메디톡스,086900,주요사항보고서(자기주식취득결정),2025-11-26,KOSDAQ,121800.0,121800.0,124600.0,126800.0,0.0,0.02298850574712641,0.0410509031198687,
291952,20251212000073,00580199,메디톡스,086900,자기주식취득결과보고서,2025-12-12,KOSDAQ,123300.0,121500.0,122600.0,121000.0,-0.014598540145985384,-0.005677210056772131,-0.018653690186536953,
267489,20260128000189,00580199,메디톡스,086900,주요사항보고서(자기주식취득결정),2026-01-28,KOSDAQ,138000.0,138600.0,134300.0,133200.0,0.004347826086956497,-0.02681159420289858,-0.034782608695652195,
251899,20260213001459,00580199,메디톡스,086900,자기주식취득결과보고서,2026-02-13,KOSDAQ,130200.0,134300.0,132200.0,130900.0,0.03149001536098317,0.015360983102918668,0.005376344086021501,
121057,20260609000108,00580199,메디톡스,086900,주요사항보고서(자기주식취득결정),2026-06-09,KOSDAQ,79100.0,81600.0,83200.0,85700.0,0.031605562579013924,0.05183312262958273,0.08343868520859665,
116736,20260617000088,00580199,메디톡스,086900,자기주식취득결과보고서,2026-06-17,KOSDAQ,88500.0,87400.0,83900.0,77200.0,-0.012429378531073398,-0.051977401129943535,-0.12768361581920906,
1268023,20211021000223,00113508,노루홀딩스,000320,[연장결정]주요사항보고서(자기주식취득신탁계약체결결정),2021-10-21,KOSPI,12350.0,12450.0,12450.0,12450.0,0.00809716599190291,0.00809716599190291,0.00809716599190291,
1207727,20220221001904,00113508,노루홀딩스,000320,[연장결정]주요사항보고서(자기주식취득신탁계약체결결정),2022-02-21,KOSPI,11700.0,11450.0,11550.0,11400.0,-0.021367521367521403,-0.012820512820512775,-0.02564102564102566,
1207726,20220221001925,00113508,노루홀딩스,000320,[연장결정]주요사항보고서(자기주식취득신탁계약체결결정),2022-02-21,KOSPI,11700.0,11450.0,11550.0,11400.0,-0.021367521367521403,-0.012820512820512775,-0.02564102564102566,
1061539,20220919000199,00113508,노루홀딩스,000320,[연장결정]주요사항보고서(자기주식취득신탁계약체결결정),2022-09-19,KOSPI,13000.0,13550.0,13400.0,11650.0,0.04230769230769238,0.03076923076923066,-0.10384615384615381,
1061518,20220919000235,00113508,노루홀딩스,000320,주요사항보고서(자기주식취득신탁계약체결결정),2022-09-19,KOSPI,13000.0,13550.0,13400.0,11650.0,0.04230769230769238,0.03076923076923066,-0.10384615384615381,
1061511,20220919000254,00113508,노루홀딩스,000320,주요사항보고서(자기주식취득신탁계약체결결정),2022-09-19,KOSPI,13000.0,13550.0,13400.0,11650.0,0.04230769230769238,0.03076923076923066,-0.10384615384615381,
1048126,20221024000171,00113508,노루홀딩스,000320,[연장결정]주요사항보고서(자기주식취득신탁계약체결결정),2022-10-24,KOSPI,9890.0,10050.0,9920.0,9950.0,0.016177957532861553,0.0030333670374114163,0.006066734074823055,
988351,20230222002075,00113508,노루홀딩스,000320,[연장결정]주요사항보고서(자기주식취득신탁계약체결결정),2023-02-22,KOSPI,10180.0,10200.0,10170.0,10130.0,0.0019646365422396617,-0.0009823182711198308,-0.004911591355599265,
988350,20230222002127,00113508,노루홀딩스,000320,[연장결정]주요사항보고서(자기주식취득신탁계약체결결정),2023-02-22,KOSPI,10180.0,10200.0,10170.0,10130.0,0.0019646365422396617,-0.0009823182711198308,-0.004911591355599265,
814848,20231023000158,00113508,노루홀딩스,000320,[연장결정]주요사항보고서(자기주식취득신탁계약체결결정),2023-10-23,KOSPI,10740.0,10920.0,10990.0,11230.0,0.016759776536312776,0.023277467411545683,0.04562383612662946,
750836,20240219001406,00113508,노루홀딩스,000320,[연장결정]주요사항보고서(자기주식취득신탁계약체결결정),2024-02-19,KOSPI,13200.0,12910.0,12720.0,12380.0,-0.021969696969696972,-0.036363636363636376,-0.06212121212121213,
750826,20240219001498,00113508,노루홀딩스,000320,[연장결정]주요사항보고서(자기주식취득신탁계약체결결정),2024-02-19,KOSPI,13200.0,12910.0,12720.0,12380.0,-0.021969696969696972,-0.036363636363636376,-0.06212121212121213,
567410,20241023000247,00113508,노루홀딩스,000320,[연장결정]주요사항보고서(자기주식취득신탁계약체결결정),2024-10-23,KOSPI,13490.0,13490.0,13440.0,13190.0,0.0,-0.003706449221645647,-0.022238695329873992,
499371,20250224003463,00113508,노루홀딩스,000320,[연장결정]주요사항보고서(자기주식취득신탁계약체결결정),2025-02-24,KOSPI,13950.0,13990.0,14000.0,13600.0,0.0028673835125447855,0.0035842293906809264,-0.02508960573476704,
499269,20250224003524,00113508,노루홀딩스,000320,[연장결정]주요사항보고서(자기주식취득신탁계약체결결정),2025-02-24,KOSPI,13950.0,13990.0,14000.0,13600.0,0.0028673835125447855,0.0035842293906809264,-0.02508960573476704,
319377,20251024000368,00113508,노루홀딩스,000320,주요사항보고서(자기주식취득신탁계약해지결정),2025-10-24,KOSPI,23750.0,23850.0,23700.0,23050.0,0.004210526315789442,-0.002105263157894721,-0.02947368421052632,
319371,20251024000371,00113508,노루홀딩스,000320,주요사항보고서(자기주식취득신탁계약해지결정),2025-10-24,KOSPI,23750.0,23850.0,23700.0,23050.0,0.004210526315789442,-0.002105263157894721,-0.02947368421052632,
319370,20251024000375,00113508,노루홀딩스,000320,주요사항보고서(자기주식취득신탁계약해지결정),2025-10-24,KOSPI,23750.0,23850.0,23700.0,23050.0,0.004210526315789442,-0.002105263157894721,-0.02947368421052632,
280638,20251230000493,00113508,노루홀딩스,000320,주요사항보고서(자기주식취득신탁계약해지결정),2025-12-30,KOSPI,21050.0,20600.0,21000.0,19710.0,-0.02137767220902609,-0.002375296912114022,-0.06365795724465562,
280633,20251230000502,00113508,노루홀딩스,000320,주요사항보고서(자기주식취득신탁계약해지결정),2025-12-30,KOSPI,21050.0,20600.0,21000.0,19710.0,-0.02137767220902609,-0.002375296912114022,-0.06365795724465562,
280624,20251230000510,00113508,노루홀딩스,000320,주요사항보고서(자기주식취득신탁계약해지결정),2025-12-30,KOSPI,21050.0,20600.0,21000.0,19710.0,-0.02137767220902609,-0.002375296912114022,-0.06365795724465562,
1268004,20211021000234,00439965,나노신소재,121600,[연장결정]주요사항보고서(자기주식취득신탁계약체결결정),2021-10-21,KOSDAQ,45700.0,44550.0,46750.0,43600.0,-0.02516411378555794,0.02297592997811826,-0.045951859956236296,
1129664,20220421000421,00439965,나노신소재,121600,주요사항보고서(자기주식취득신탁계약해지결정),2022-04-21,KOSDAQ,71900.0,73100.0,70400.0,70500.0,0.016689847009735637,-0.020862308762169657,-0.01947148817802502,
1033823,20221121000180,00439965,나노신소재,121600,주요사항보고서(자기주식취득결정),2022-11-21,KOSDAQ,85700.0,85500.0,87200.0,86700.0,-0.002333722287047868,0.0175029171528589,0.011668611435239118,
1025504,20221205000291,00439965,나노신소재,121600,자기주식취득결과보고서,2022-12-05,KOSDAQ,86400.0,83900.0,84900.0,80800.0,-0.02893518518518523,-0.01736111111111116,-0.06481481481481477,
541837,20241209000348,00439965,나노신소재,121600,주요사항보고서(자기주식취득결정),2024-12-09,KOSDAQ,59100.0,63400.0,65600.0,67700.0,0.07275803722504226,0.10998307952622666,0.14551607445008452,
540474,20241211000363,00439965,나노신소재,121600,자기주식취득결과보고서,2024-12-11,KOSDAQ,65600.0,66300.0,67200.0,64800.0,0.010670731707317138,0.024390243902439046,-0.012195121951219523,
1267923,20211021000318,00168331,온타이드,005320,주요사항보고서(자기주식취득신탁계약해지결정),2021-10-21,KOSPI,5340.0,5400.0,5310.0,5060.0,0.011235955056179803,-0.005617977528089901,-0.05243445692883897,
1267385,20211022000426,00146542,일정실업,008500,[연장결정]주요사항보고서(자기주식취득신탁계약체결결정),2021-10-22,KOSPI,4918.0,4941.0,4953.0,5348.0,0.004676697844652189,0.007116714111427447,0.08743391622610819,
1267371,20211022000444,00146542,일정실업,008500,[연장결정]주요사항보고서(자기주식취득신탁계약체결결정),2021-10-22,KOSPI,4918.0,4941.0,4953.0,5348.0,0.004676697844652189,0.007116714111427447,0.08743391622610819,
1128800,20220422000793,00146542,일정실업,008500,[연장결정]주요사항보고서(자기주식취득신탁계약체결결정),2022-04-22,KOSPI,5523.0,5360.0,5465.0,5279.0,-0.02951294586275577,-0.010501539018649253,-0.044178888285352214,
1048559,20221021000272,00146542,일정실업,008500,주요사항보고서(자기주식취득신탁계약해지결정),2022-10-21,KOSPI,4848.0,4802.0,4883.0,4872.0,-0.009488448844884534,0.007219471947194744,0.004950495049504955,
1267072,20211025000160,01021666,덕산테코피아,317330,주요사항보고서(자기주식취득신탁계약체결결정),2021-10-25,KOSDAQ,24500.0,24500.0,24100.0,23550.0,0.0,-0.01632653061224487,-0.038775510204081653,
1244388,20211207000092,01021666,덕산테코피아,317330,주요사항보고서(자기주식취득신탁계약체결결정),2021-12-07,KOSDAQ,29950.0,29500.0,28900.0,27050.0,-0.015025041736227096,-0.035058430717863076,-0.09682804674457424,
1226057,20220112000224,01021666,덕산테코피아,317330,주요사항보고서(자기주식취득신탁계약체결결정),2022-01-12,KOSDAQ,29100.0,29700.0,28800.0,30600.0,0.020618556701030855,-0.010309278350515427,0.05154639175257736,
454652,20250331003275,01021666,덕산테코피아,317330,주요사항보고서(자기주식취득신탁계약체결결정),2025-03-31,KOSDAQ,19670.0,20500.0,20200.0,19660.0,0.042196237925775204,0.02694458566344693,-0.0005083884087442314,
1266988,20211025000226,00142661,우성,006980,[연장결정]주요사항보고서(자기주식취득신탁계약체결결정),2021-10-25,KOSPI,30000.0,30550.0,30450.0,29700.0,0.018333333333333313,0.014999999999999902,-0.010000000000000009,
1047986,20221024000286,00142661,우성,006980,[연장결정]주요사항보고서(자기주식취득신탁계약체결결정),2022-10-24,KOSPI,19650.0,20200.0,19750.0,20350.0,0.027989821882951738,0.0050890585241729624,0.03562340966921118,
814747,20231023000241,00142661,우성,006980,[연장결정]주요사항보고서(자기주식취득신탁계약체결결정),2023-10-23,KOSPI,20400.0,20250.0,20950.0,21400.0,-0.007352941176470562,0.026960784313725394,0.0490196078431373,
566809,20241024000293,00142661,우성,006980,[연장결정]주요사항보고서(자기주식취득신탁계약체결결정),2024-10-24,KOSPI,16040.0,15900.0,15860.0,16620.0,-0.00872817955112215,-0.01122194513715713,0.03615960099750626,
319485,20251024000299,00142661,우성,006980,[연장결정]주요사항보고서(자기주식취득신탁계약체결결정),2025-10-24,KOSPI,16970.0,16990.0,17050.0,17070.0,0.0011785503830288313,0.004714201532115547,0.005892751915144379,
1266959,20211025000248,00108913,대교,019680,주요사항보고서(자기주식취득신탁계약체결결정),2021-10-25,KOSPI,4410.0,4490.0,4405.0,4340.0,0.018140589569161092,-0.0011337868480725266,-0.015873015873015928,
1264755,20211029000207,00108913,대교,019680,주요사항보고서(자기주식취득신탁계약해지결정),2021-10-29,KOSPI,4335.0,4340.0,4335.0,4200.0,0.0011534025374855261,0.0,-0.03114186851211076,
1264007,20211101000142,00108913,대교,019680,주요사항보고서(자기주식취득신탁계약해지결정),2021-11-01,KOSPI,4340.0,4335.0,4250.0,4270.0,-0.0011520737327188613,-0.020737327188940058,-0.016129032258064502,
1045682,20221028000163,00108913,대교,019680,주요사항보고서(자기주식취득신탁계약해지결정),2022-10-28,KOSPI,2250.0,2295.0,2380.0,2550.0,0.020000000000000018,0.057777777777777706,0.1333333333333333,
1044809,20221031000320,00108913,대교,019680,주요사항보고서(자기주식취득신탁계약체결결정),2022-10-31,KOSPI,2295.0,2380.0,2440.0,2540.0,0.03703703703703698,0.06318082788671031,0.10675381263616557,
811626,20231030000229,00108913,대교,019680,[연장결정]주요사항보고서(자기주식취득신탁계약체결결정),2023-10-30,KOSPI,2490.0,2520.0,2520.0,2480.0,0.012048192771084265,0.012048192771084265,-0.004016064257028162,
565326,20241028000302,00108913,대교,019680,[연장결정]주요사항보고서(자기주식취득신탁계약체결결정),2024-10-28,KOSPI,2290.0,2290.0,2295.0,2390.0,0.0,0.0021834061135370675,0.04366812227074246,
316016,20251031000253,00108913,대교,019680,주요사항보고서(자기주식취득신탁계약해지결정),2025-10-31,KOSPI,1967.0,1938.0,1921.0,1900.0,-0.014743263853584154,-0.023385866802236865,-0.034062023385866835,
1266896,20211025000301,00165103,푸드웰,005670,[연장결정]주요사항보고서(자기주식취득신탁계약체결결정),2021-10-25,KOSDAQ,7730.0,7890.0,7840.0,7520.0,0.02069857697283317,0.014230271668822736,-0.027166882276843496,
1266885,20211025000305,00165103,푸드웰,005670,주요사항보고서(자기주식취득신탁계약체결결정),2021-10-25,KOSDAQ,7730.0,7890.0,7840.0,7520.0,0.02069857697283317,0.014230271668822736,-0.027166882276843496,
1050733,20221017000125,00165103,푸드웰,005670,[연장결정]주요사항보고서(자기주식취득신탁계약체결결정),2022-10-17,KOSDAQ,5450.0,5630.0,5660.0,5560.0,0.03302752293577971,0.038532110091743066,0.020183486238532167,
1050732,20221017000129,00165103,푸드웰,005670,[연장결정]주요사항보고서(자기주식취득신탁계약체결결정),2022-10-17,KOSDAQ,5450.0,5630.0,5660.0,5560.0,0.03302752293577971,0.038532110091743066,0.020183486238532167,
1050575,20221017000237,00165103,푸드웰,005670,주요사항보고서(자기주식취득신탁계약체결결정),2022-10-17,KOSDAQ,5450.0,5630.0,5660.0,5560.0,0.03302752293577971,0.038532110091743066,0.020183486238532167,
1017954,20221220000180,00165103,푸드웰,005670,주요사항보고서(자기주식취득신탁계약해지결정),2022-12-20,KOSDAQ,5840.0,5980.0,5860.0,5680.0,0.023972602739726012,0.003424657534246478,-0.0273972602739726,
814315,20231024000211,00165103,푸드웰,005670,[연장결정]주요사항보고서(자기주식취득신탁계약체결결정),2023-10-24,KOSDAQ,4705.0,4730.0,4635.0,4685.0,0.005313496280552554,-0.014877789585547307,-0.004250797024442088,
814311,20231024000220,00165103,푸드웰,005670,[연장결정]주요사항보고서(자기주식취득신탁계약체결결정),2023-10-24,KOSDAQ,4705.0,4730.0,4635.0,4685.0,0.005313496280552554,-0.014877789585547307,-0.004250797024442088,
814310,20231024000226,00165103,푸드웰,005670,[연장결정]주요사항보고서(자기주식취득신탁계약체결결정),2023-10-24,KOSDAQ,4705.0,4730.0,4635.0,4685.0,0.005313496280552554,-0.014877789585547307,-0.004250797024442088,
1266662,20211026000095,00992543,LK삼양,225190,[연장결정]주요사항보고서(자기주식취득신탁계약체결결정),2021-10-26,KOSDAQ,2099.0,2099.0,2108.0,2054.0,0.0,0.004287756074321081,-0.021438780371605515,
1121638,20220516001492,00992543,LK삼양,225190,주요사항보고서(자기주식취득신탁계약해지결정),2022-05-16,KOSDAQ,2405.0,2396.0,2315.0,2342.0,-0.003742203742203687,-0.037422037422037424,-0.02619542619542614,
1266549,20211026000202,00616962,린드먼아시아,277070,주요사항보고서(자기주식취득신탁계약체결결정),2021-10-26,KOSDAQ,6460.0,6400.0,6420.0,6580.0,-0.009287925696594423,-0.006191950464396245,0.018575851393188847,
1259657,20211111000232,00616962,린드먼아시아,277070,주요사항보고서(자기주식취득신탁계약해지결정),2021-11-11,KOSDAQ,5880.0,5960.0,5870.0,5740.0,0.013605442176870763,-0.00170068027210879,-0.023809523809523836,
1076945,20220816001822,00616962,린드먼아시아,277070,주요사항보고서(자기주식취득신탁계약해지결정),2022-08-16,KOSDAQ,5060.0,4895.0,4990.0,4560.0,-0.03260869565217395,-0.013833992094861691,-0.09881422924901184,
1035059,20221117000243,00616962,린드먼아시아,277070,주요사항보고서(자기주식취득신탁계약체결결정),2022-11-17,KOSDAQ,3885.0,4020.0,3960.0,3985.0,0.03474903474903468,0.019305019305019266,0.025740025740025763,
800497,20231116000451,00616962,린드먼아시아,277070,주요사항보고서(자기주식취득신탁계약해지결정),2023-11-16,KOSDAQ,4990.0,5010.0,5010.0,5050.0,0.004008016032064132,0.004008016032064132,0.012024048096192397,
366149,20250721000155,00616962,린드먼아시아,277070,주요사항보고서(자기주식취득신탁계약체결결정),2025-07-21,KOSDAQ,5030.0,5270.0,5180.0,5000.0,0.04771371769383692,0.02982107355864816,-0.005964214711729587,
266322,20260129000612,00616962,린드먼아시아,277070,주요사항보고서(자기주식취득신탁계약해지결정),2026-01-29,KOSDAQ,4800.0,4850.0,4785.0,4830.0,0.01041666666666674,-0.0031250000000000444,0.006250000000000089,
64920,20260401002252,00616962,린드먼아시아,277070,주요사항보고서(자기주식취득신탁계약체결결정),2026-04-01,KOSDAQ,4175.0,4220.0,4225.0,4260.0,0.010778443113772518,0.011976047904191711,0.020359281437125842,
1265939,20211027000244,00796994,조선선재,120030,주요사항보고서(자기주식취득신탁계약체결결정),2021-10-27,KOSPI,111000.0,112500.0,109000.0,107000.0,0.013513513513513598,-0.018018018018018056,-0.036036036036036,
1046955,20221026000312,00796994,조선선재,120030,주요사항보고서(자기주식취득신탁계약해지결정),2022-10-26,KOSPI,101500.0,109000.0,106500.0,107500.0,0.07389162561576357,0.049261083743842304,0.059113300492610765,
1009727,20230105000250,00796994,조선선재,120030,주요사항보고서(자기주식취득신탁계약체결결정),2023-01-05,KOSPI,100500.0,100000.0,102500.0,104000.0,-0.00497512437810943,0.01990049751243772,0.03482587064676612,
774833,20240104000066,00796994,조선선재,120030,주요사항보고서(자기주식취득신탁계약해지결정),2024-01-04,KOSPI,96700.0,98000.0,97700.0,98200.0,0.013443640124095158,0.010341261633919352,0.015511892450879028,
774165,20240105000203,00796994,조선선재,120030,주요사항보고서(자기주식취득신탁계약체결결정),2024-01-05,KOSPI,98000.0,97700.0,98400.0,97300.0,-0.003061224489795955,0.004081632653061273,-0.0071428571428571175,
526203,20250106000329,00796994,조선선재,120030,주요사항보고서(자기주식취득신탁계약해지결정),2025-01-06,KOSPI,95900.0,94700.0,95700.0,94700.0,-0.012513034410844615,-0.002085505735140769,-0.012513034410844615,
512882,20250207000195,00796994,조선선재,120030,주요사항보고서(자기주식취득신탁계약체결결정),2025-02-07,KOSPI,98000.0,97900.0,97300.0,96300.0,-0.0010204081632653184,-0.0071428571428571175,-0.01734693877551019,
258962,20260206001889,00796994,조선선재,120030,주요사항보고서(자기주식취득신탁계약해지결정),2026-02-06,KOSPI,101600.0,101600.0,102600.0,105300.0,0.0,0.009842519685039353,0.036417322834645605,
1265746,20211027000308,00106641,기아,000270,[첨부추가]주요사항보고서(자기주식취득결정),2021-10-27,KOSPI,85000.0,86000.0,85100.0,85000.0,0.0117647058823529,0.0011764705882353343,0.0,
1254409,20211118000118,00106641,기아,000270,자기주식취득결과보고서,2021-11-18,KOSPI,83100.0,83800.0,85700.0,82400.0,0.008423586040914532,0.03128760529482544,-0.008423586040914532,
1048083,20221024000210,00106641,기아,000270,주요사항보고서(자기주식취득결정),2022-10-24,KOSPI,65300.0,66300.0,65500.0,66300.0,0.015313935681470214,0.003062787136294043,0.015313935681470214,
1035113,20221117000206,00106641,기아,000270,자기주식취득결과보고서,2022-11-17,KOSPI,66300.0,66000.0,65200.0,65900.0,-0.004524886877828038,-0.016591251885369585,-0.006033182503770718,
1001422,20230127000327,00106641,기아,000270,주요사항보고서(자기주식취득결정),2023-01-27,KOSPI,68700.0,68600.0,66800.0,71200.0,-0.0014556040756914523,-0.027656477438136817,0.0363901018922852,
965757,20230316001200,00106641,기아,000270,자기주식취득결과보고서,2023-03-16,KOSPI,79100.0,80200.0,78000.0,78400.0,0.013906447534766109,-0.013906447534766109,-0.008849557522123908,
766134,20240125000291,00106641,기아,000270,주요사항보고서(자기주식취득결정),2024-01-25,KOSPI,93000.0,94400.0,99900.0,106300.0,0.01505376344086029,0.0741935483870968,0.1430107526881721,
725205,20240315000565,00106641,기아,000270,자기주식취득결과보고서,2024-03-15,KOSPI,125000.0,128000.0,118900.0,112900.0,0.02400000000000002,-0.048799999999999955,-0.0968,
477709,20250314001155,00106641,기아,000270,주요사항보고서(자기주식취득결정),2025-03-14,KOSPI,99500.0,98800.0,96400.0,95700.0,-0.007035175879396949,-0.031155778894472408,-0.03819095477386936,
383887,20250611000371,00106641,기아,000270,자기주식취득결과보고서,2025-06-11,KOSPI,96900.0,98400.0,97200.0,98900.0,0.015479876160990669,0.003095975232198178,0.02063983488132104,
363893,20250725000473,00106641,기아,000270,주요사항보고서(자기주식취득결정),2025-07-25,KOSPI,104100.0,105500.0,105700.0,100800.0,0.01344860710854956,0.015369836695485084,-0.03170028818443804,
321648,20251020000166,00106641,기아,000270,자기주식취득결과보고서,2025-10-20,KOSPI,114500.0,115800.0,118100.0,114800.0,0.011353711790393017,0.03144104803493453,0.0026200873362445254,
1265922,20211027800447,00149026,CS홀딩스,000590,주요사항보고서(자기주식취득신탁계약체결결정)(자회사의 주요경영사항),2021-10-27,KOSPI,65600.0,66000.0,64900.0,64900.0,0.0060975609756097615,-0.010670731707317027,-0.010670731707317027,
1252876,20211123000170,00149026,CS홀딩스,000590,주요사항보고서(자기주식취득신탁계약체결결정),2021-11-23,KOSPI,60900.0,60900.0,61100.0,57500.0,0.0,0.003284072249589487,-0.05582922824302139,
1046896,20221026800417,00149026,CS홀딩스,000590,주요사항보고서(자기주식취득신탁계약해지결정)(자회사의 주요경영사항),2022-10-26,KOSPI,53300.0,54600.0,54700.0,56200.0,0.024390243902439046,0.026266416510319024,0.054409005628517804,
1033310,20221122000281,00149026,CS홀딩스,000590,주요사항보고서(자기주식취득신탁계약해지결정),2022-11-22,KOSPI,59200.0,59400.0,59700.0,60500.0,0.0033783783783782884,0.008445945945946054,0.02195945945945943,
1009734,20230105000247,00149026,CS홀딩스,000590,주요사항보고서(자기주식취득신탁계약체결결정),2023-01-05,KOSPI,60200.0,61400.0,62300.0,61400.0,0.019933554817275656,0.03488372093023262,0.019933554817275656,
1009718,20230105800326,00149026,CS홀딩스,000590,주요사항보고서(자기주식취득신탁계약체결결정)(자회사의 주요경영사항),2023-01-05,KOSPI,60200.0,61400.0,62300.0,61400.0,0.019933554817275656,0.03488372093023262,0.019933554817275656,
774834,20240104000062,00149026,CS홀딩스,000590,주요사항보고서(자기주식취득신탁계약해지결정),2024-01-04,KOSPI,59600.0,61800.0,64100.0,65100.0,0.03691275167785224,0.07550335570469802,0.09228187919463093,
774832,20240104800115,00149026,CS홀딩스,000590,주요사항보고서(자기주식취득신탁계약해지결정)(자회사의 주요경영사항),2024-01-04,KOSPI,59600.0,61800.0,64100.0,65100.0,0.03691275167785224,0.07550335570469802,0.09228187919463093,
774211,20240105000195,00149026,CS홀딩스,000590,주요사항보고서(자기주식취득신탁계약체결결정),2024-01-05,KOSPI,61800.0,64100.0,64500.0,65100.0,0.03721682847896446,0.043689320388349495,0.05339805825242716,
774151,20240105800236,00149026,CS홀딩스,000590,주요사항보고서(자기주식취득신탁계약체결결정)(자회사의 주요경영사항),2024-01-05,KOSPI,61800.0,64100.0,64500.0,65100.0,0.03721682847896446,0.043689320388349495,0.05339805825242716,
526278,20250106000285,00149026,CS홀딩스,000590,주요사항보고서(자기주식취득신탁계약해지결정),2025-01-06,KOSPI,70000.0,69600.0,68500.0,68300.0,-0.005714285714285672,-0.021428571428571463,-0.024285714285714244,
526192,20250106800546,00149026,CS홀딩스,000590,주요사항보고서(자기주식취득신탁계약해지결정)(자회사의 주요경영사항),2025-01-06,KOSPI,70000.0,69600.0,68500.0,68300.0,-0.005714285714285672,-0.021428571428571463,-0.024285714285714244,
512881,20250207000193,00149026,CS홀딩스,000590,주요사항보고서(자기주식취득신탁계약체결결정),2025-02-07,KOSPI,71600.0,71600.0,71300.0,73900.0,0.0,-0.0041899441340782495,0.032122905027933024,
512879,20250207800226,00149026,CS홀딩스,000590,주요사항보고서(자기주식취득신탁계약체결결정)(자회사의 주요경영사항),2025-02-07,KOSPI,71600.0,71600.0,71300.0,73900.0,0.0,-0.0041899441340782495,0.032122905027933024,
258938,20260206001881,00149026,CS홀딩스,000590,주요사항보고서(자기주식취득신탁계약해지결정),2026-02-06,KOSPI,81900.0,82600.0,83300.0,84700.0,0.008547008547008517,0.017094017094017033,0.03418803418803429,
258893,20260206802235,00149026,CS홀딩스,000590,주요사항보고서(자기주식취득신탁계약해지결정)(자회사의 주요경영사항),2026-02-06,KOSPI,81900.0,82600.0,83300.0,84700.0,0.008547008547008517,0.017094017094017033,0.03418803418803429,
1264898,20211029000071,00170026,시공테크,020710,[연장결정]주요사항보고서(자기주식취득신탁계약체결결정),2021-10-29,KOSDAQ,6320.0,6350.0,6480.0,6290.0,0.004746835443038,0.025316455696202445,-0.004746835443038,
1251840,20211125000102,00170026,시공테크,020710,[연장결정]주요사항보고서(자기주식취득신탁계약체결결정),2021-11-25,KOSDAQ,7270.0,7010.0,6690.0,6380.0,-0.03576341127922966,-0.07977991746905089,-0.12242090784044013,
1219030,20220128000056,00170026,시공테크,020710,[연장결정]주요사항보고서(자기주식취득신탁계약체결결정),2022-01-28,KOSDAQ,5770.0,5930.0,6000.0,6100.0,0.02772963604852685,0.03986135181975747,0.05719237435008662,
1206361,20220223000664,00170026,시공테크,020710,[연장결정]주요사항보고서(자기주식취득신탁계약체결결정),2022-02-23,KOSDAQ,6110.0,5840.0,5920.0,6160.0,-0.04418985270049103,-0.03109656301145658,0.008183306055646433,
1193241,20220310000249,00170026,시공테크,020710,주요사항보고서(자기주식취득신탁계약체결결정),2022-03-10,KOSDAQ,6240.0,6700.0,6630.0,6960.0,0.07371794871794868,0.0625,0.11538461538461542,
1191508,20220311000098,00170026,시공테크,020710,[연장결정]주요사항보고서(자기주식취득신탁계약체결결정),2022-03-11,KOSDAQ,6700.0,6630.0,6480.0,6800.0,-0.010447761194029903,-0.032835820895522394,0.014925373134328401,
1045070,20221031000089,00170026,시공테크,020710,[연장결정]주요사항보고서(자기주식취득신탁계약체결결정),2022-10-31,KOSDAQ,4315.0,4390.0,4395.0,4660.0,0.017381228273464666,0.018539976825028948,0.07995365005793742,
1032004,20221125000122,00170026,시공테크,020710,[연장결정]주요사항보고서(자기주식취득신탁계약체결결정),2022-11-25,KOSDAQ,4850.0,4790.0,4810.0,4870.0,-0.012371134020618513,-0.008247422680412342,0.004123711340206171,
1000636,20230130000105,00170026,시공테크,020710,[연장결정]주요사항보고서(자기주식취득신탁계약체결결정),2023-01-30,KOSDAQ,4660.0,4670.0,4630.0,4735.0,0.0021459227467810482,-0.006437768240343367,0.016094420600858417,
987750,20230223000676,00170026,시공테크,020710,[연장결정]주요사항보고서(자기주식취득신탁계약체결결정),2023-02-23,KOSDAQ,4770.0,4685.0,4600.0,4735.0,-0.017819706498951815,-0.03563941299790352,-0.007337526205450695,
973844,20230310000196,00170026,시공테크,020710,[연장결정]주요사항보고서(자기주식취득신탁계약체결결정),2023-03-10,KOSDAQ,4565.0,4565.0,4360.0,4615.0,0.0,-0.04490690032858713,0.010952902519167473,
973843,20230310000208,00170026,시공테크,020710,[연장결정]주요사항보고서(자기주식취득신탁계약체결결정),2023-03-10,KOSDAQ,4565.0,4565.0,4360.0,4615.0,0.0,-0.04490690032858713,0.010952902519167473,
810945,20231031000290,00170026,시공테크,020710,[연장결정]주요사항보고서(자기주식취득신탁계약체결결정),2023-10-31,KOSDAQ,5600.0,5620.0,5620.0,6120.0,0.0035714285714285587,0.0035714285714285587,0.09285714285714275,
797475,20231124000105,00170026,시공테크,020710,[연장결정]주요사항보고서(자기주식취득신탁계약체결결정),2023-11-24,KOSDAQ,5920.0,5880.0,6430.0,4680.0,-0.006756756756756799,0.08614864864864868,-0.20945945945945943,
763938,20240130000099,00170026,시공테크,020710,[연장결정]주요사항보고서(자기주식취득신탁계약체결결정),2024-01-30,KOSDAQ,4220.0,4175.0,4225.0,4280.0,-0.010663507109004766,0.0011848341232227888,0.014218009478673022,
747732,20240223001059,00170026,시공테크,020710,[연장결정]주요사항보고서(자기주식취득신탁계약체결결정),2024-02-23,KOSDAQ,4450.0,4420.0,4365.0,4355.0,-0.006741573033707815,-0.019101123595505642,-0.02134831460674158,
734915,20240308000098,00170026,시공테크,020710,[연장결정]주요사항보고서(자기주식취득신탁계약체결결정),2024-03-08,KOSDAQ,4295.0,4265.0,4265.0,4290.0,-0.006984866123399325,-0.006984866123399325,-0.0011641443538998875,
732474,20240312000133,00170026,시공테크,020710,[연장결정]주요사항보고서(자기주식취득신탁계약체결결정),2024-03-12,KOSDAQ,4265.0,4315.0,4335.0,4270.0,0.011723329425556761,0.016412661195779554,0.0011723329425556983,
563551,20241031000156,00170026,시공테크,020710,[연장결정]주요사항보고서(자기주식취득신탁계약체결결정),2024-10-31,KOSDAQ,3470.0,3505.0,3530.0,3590.0,0.01008645533141217,0.01729106628242083,0.03458213256484144,
517956,20250124000283,00170026,시공테크,020710,[연장결정]주요사항보고서(자기주식취득신탁계약체결결정),2025-01-24,KOSDAQ,3770.0,3770.0,3675.0,,0.0,-0.025198938992042397,,
1264828,20211029000152,00540641,동양고속,084670,주요사항보고서(자기주식취득신탁계약해지결정),2021-10-29,KOSPI,21500.0,21150.0,21150.0,20750.0,-0.016279069767441867,-0.016279069767441867,-0.03488372093023251,
1264825,20211029000156,00111838,대원,007680,[연장결정]주요사항보고서(자기주식취득신탁계약체결결정),2021-10-29,KOSDAQ,9740.0,9630.0,9680.0,9650.0,-0.011293634496919891,-0.006160164271047264,-0.00924024640657084,
432940,20250407003882,00111838,대원,007680,주요사항보고서(자기주식취득신탁계약체결결정),2025-04-07,KOSDAQ,3725.0,3980.0,4360.0,4240.0,0.06845637583892628,0.17046979865771816,0.13825503355704694,
1264815,20211029000158,00155638,피에스텍,002230,[연장결정]주요사항보고서(자기주식취득신탁계약체결결정),2021-10-29,KOSDAQ,4760.0,4710.0,4815.0,4830.0,-0.010504201680672232,0.011554621848739455,0.014705882352941124,
1260967,20211109000116,00155638,피에스텍,002230,[연장결정]주요사항보고서(자기주식취득신탁계약체결결정),2021-11-09,KOSDAQ,5030.0,4945.0,4795.0,4930.0,-0.016898608349900646,-0.046719681908548694,-0.01988071570576544,
1127123,20220509000341,00155638,피에스텍,002230,[연장결정]주요사항보고서(자기주식취득신탁계약체결결정),2022-05-09,KOSDAQ,4395.0,4375.0,4365.0,4430.0,-0.004550625711035261,-0.0068259385665528916,0.007963594994311762,
1044973,20221031000200,00155638,피에스텍,002230,[연장결정]주요사항보고서(자기주식취득신탁계약체결결정),2022-10-31,KOSDAQ,3375.0,3430.0,3365.0,3430.0,0.016296296296296253,-0.002962962962962945,0.016296296296296253,
1041845,20221108000177,00155638,피에스텍,002230,[연장결정]주요사항보고서(자기주식취득신탁계약체결결정),2022-11-08,KOSDAQ,3425.0,3480.0,3470.0,3570.0,0.016058394160583855,0.013138686131386912,0.04233576642335768,
897128,20230509000259,00155638,피에스텍,002230,[연장결정]주요사항보고서(자기주식취득신탁계약체결결정),2023-05-09,KOSDAQ,4480.0,4465.0,4375.0,4390.0,-0.0033482142857143016,-0.0234375,-0.0200892857142857,
558077,20241113000250,00155638,피에스텍,002230,주요사항보고서(자기주식취득결정),2024-11-13,KOSDAQ,3635.0,3805.0,3805.0,3830.0,0.04676753782668497,0.04676753782668497,0.05364511691884455,
502792,20250219000200,00155638,피에스텍,002230,자기주식취득결과보고서,2025-02-19,KOSDAQ,3895.0,3920.0,3920.0,3915.0,0.006418485237484006,0.006418485237484006,0.005134788189987249,
1264723,20211029000231,00114552,도화엔지니어링,002150,[연장결정]주요사항보고서(자기주식취득신탁계약체결결정),2021-10-29,KOSPI,7910.0,7830.0,7900.0,7710.0,-0.010113780025284402,-0.0012642225031606058,-0.025284450063211117,
1045573,20221028000276,00114552,도화엔지니어링,002150,[연장결정]주요사항보고서(자기주식취득신탁계약체결결정),2022-10-28,KOSPI,9040.0,8970.0,9050.0,10400.0,-0.007743362831858391,0.0011061946902655162,0.1504424778761062,
811399,20231030000400,00114552,도화엔지니어링,002150,주요사항보고서(자기주식취득신탁계약해지결정),2023-10-30,KOSPI,7940.0,7670.0,7780.0,8010.0,-0.03400503778337527,-0.02015113350125941,0.00881612090680095,
1264385,20211029000472,00583424,아모레퍼시픽,090430,주요사항보고서(자기주식취득결정),2021-10-29,KOSPI,181500.0,191000.0,190500.0,188000.0,0.052341597796143224,0.04958677685950419,0.03581267217630857,
1230082,20220103000270,00583424,아모레퍼시픽,090430,자기주식취득결과보고서,2022-01-03,KOSPI,168000.0,166500.0,162000.0,152000.0,-0.008928571428571397,-0.0357142857142857,-0.09523809523809523,
811242,20231031000004,00583424,아모레퍼시픽,090430,주요사항보고서(자기주식취득결정),2023-10-31,KOSPI,126400.0,134700.0,130800.0,143600.0,0.06566455696202533,0.034810126582278444,0.13607594936708867,
762666,20240131000559,00583424,아모레퍼시픽,090430,자기주식취득결과보고서,2024-01-31,KOSPI,118000.0,119600.0,123100.0,127700.0,0.013559322033898313,0.04322033898305078,0.08220338983050857,
360496,20250801000303,00583424,아모레퍼시픽,090430,주요사항보고서(자기주식취득결정),2025-08-01,KOSPI,131500.0,129100.0,127200.0,128800.0,-0.018250950570342206,-0.03269961977186309,-0.020532319391635023,
332086,20250919000413,00583424,아모레퍼시픽,090430,자기주식취득결과보고서,2025-09-19,KOSPI,125600.0,124200.0,123400.0,122400.0,-0.011146496815286677,-0.017515923566879033,-0.02547770700636942,
104097,20260309001389,00583424,아모레퍼시픽,090430,주요사항보고서(자기주식취득결정),2026-03-09,KOSPI,128100.0,129200.0,130900.0,128300.0,0.00858704137392663,0.021857923497267784,0.0015612802498048417,
74135,20260330001501,00583424,아모레퍼시픽,090430,자기주식취득결과보고서,2026-03-30,KOSPI,140400.0,137200.0,142600.0,131200.0,-0.022792022792022748,0.015669515669515688,-0.06552706552706555,
1264367,20211029800726,00154462,아모레퍼시픽홀딩스,002790,주요사항보고서(자기주식취득결정)(자회사의 주요경영사항),2021-10-29,KOSPI,49600.0,50600.0,51000.0,49400.0,0.02016129032258074,0.02822580645161299,-0.0040322580645161255,
811241,20231031800014,00154462,아모레퍼시픽홀딩스,002790,주요사항보고서(자기주식취득결정)(자회사의 주요경영사항),2023-10-31,KOSPI,28600.0,29600.0,28800.0,31450.0,0.034965034965035,0.006993006993007089,0.09965034965034958,
360466,20250801800305,00154462,아모레퍼시픽홀딩스,002790,주요사항보고서(자기주식취득결정)(자회사의 주요경영사항),2025-08-01,KOSPI,29500.0,29000.0,28900.0,29000.0,-0.016949152542372836,-0.02033898305084747,-0.016949152542372836,
104071,20260309800589,00154462,아모레퍼시픽홀딩스,002790,주요사항보고서(자기주식취득결정)(자회사의 주요경영사항),2026-03-09,KOSPI,25900.0,26250.0,26950.0,26450.0,0.013513513513513598,0.04054054054054057,0.021235521235521304,
1263981,20211101000158,00982023,실리콘투,257720,주요사항보고서(자기주식취득신탁계약체결결정),2021-11-01,KOSDAQ,3267.0,3375.0,3267.0,3058.0,0.03305785123966931,0.0,-0.06397306397306401,
247468,20260224001337,00982023,실리콘투,257720,주요사항보고서(자기주식취득신탁계약체결결정),2026-02-24,KOSDAQ,45050.0,43850.0,42200.0,35950.0,-0.02663706992230852,-0.06326304106548275,-0.20199778024417314,
98614,20260312000560,00982023,실리콘투,257720,주요사항보고서(자기주식취득신탁계약해지결정),2026-03-12,KOSDAQ,36650.0,36500.0,35200.0,36500.0,-0.004092769440654842,-0.0395634379263301,-0.004092769440654842,
1263953,20211101000173,00556712,힘스,238490,주요사항보고서(자기주식취득결정),2021-11-01,KOSDAQ,9230.0,9420.0,9620.0,9400.0,0.020585048754062862,0.04225352112676051,0.018418201516793076,
1255854,20211115002106,00556712,힘스,238490,자기주식취득결과보고서,2021-11-15,KOSDAQ,9510.0,9470.0,9320.0,9920.0,-0.004206098843322792,-0.019978969505783373,0.04311251314405884,
1217972,20220203000063,00556712,힘스,238490,주요사항보고서(자기주식취득결정),2022-02-03,KOSDAQ,9110.0,9380.0,9530.0,9760.0,0.029637760702524663,0.04610318331503849,0.07135016465422606,
1207209,20220222000850,00556712,힘스,238490,자기주식취득결과보고서,2022-02-22,KOSDAQ,9300.0,9650.0,9350.0,9620.0,0.037634408602150504,0.005376344086021501,0.03440860215053765,
1087771,20220725000319,00556712,힘스,238490,주요사항보고서(자기주식취득결정),2022-07-25,KOSDAQ,7180.0,7350.0,7840.0,8050.0,0.023676880222841312,0.09192200557103059,0.12116991643454034,
1058821,20220927000142,00556712,힘스,238490,자기주식취득결과보고서,2022-09-27,KOSDAQ,6270.0,6740.0,6540.0,6940.0,0.07496012759170645,0.04306220095693769,0.10685805422647521,
1263842,20211101000240,01210066,리파인,377450,주요사항보고서(자기주식취득신탁계약체결결정),2021-11-01,KOSDAQ,14650.0,14850.0,14850.0,14900.0,0.013651877133105783,0.013651877133105783,0.017064846416382284,
1233909,20211227000421,01210066,리파인,377450,주요사항보고서(자기주식취득신탁계약해지결정),2021-12-27,KOSDAQ,13750.0,13800.0,14250.0,14750.0,0.0036363636363636598,0.036363636363636376,0.07272727272727275,
1220713,20220125000634,01210066,리파인,377450,주요사항보고서(자기주식취득신탁계약체결결정),2022-01-25,KOSDAQ,11950.0,12400.0,12000.0,12000.0,0.03765690376569042,0.004184100418409997,0.004184100418409997,
1088700,20220722000168,01210066,리파인,377450,[연장결정]주요사항보고서(자기주식취득신탁계약체결결정),2022-07-22,KOSDAQ,11300.0,11200.0,11300.0,11450.0,-0.008849557522123908,0.0,0.01327433628318575,
812077,20231027000455,01210066,리파인,377450,주요사항보고서(자기주식취득신탁계약체결결정),2023-10-27,KOSDAQ,6970.0,7280.0,7350.0,7510.0,0.0444763271162123,0.05451936872309893,0.07747489239598271,
658507,20240429000934,01210066,리파인,377450,[연장결정]주요사항보고서(자기주식취득신탁계약체결결정),2024-04-29,KOSDAQ,10690.0,10600.0,10990.0,10330.0,-0.008419083255378879,0.028063610851262855,-0.0336763330215154,
567881,20241022000203,01210066,리파인,377450,[연장결정]주요사항보고서(자기주식취득신탁계약체결결정),2024-10-22,KOSDAQ,13900.0,14150.0,13680.0,13550.0,0.017985611510791477,-0.015827338129496438,-0.025179856115107868,
445630,20250402003173,01210066,리파인,377450,주요사항보고서(자기주식취득신탁계약해지결정),2025-04-02,KOSDAQ,13610.0,13250.0,13680.0,13200.0,-0.02645113886847905,0.005143277002204183,-0.03012490815576785,
1263398,20211102000289,00966168,디알젬,263690,주요사항보고서(자기주식취득결정),2021-11-02,KOSDAQ,11700.0,12000.0,11800.0,12200.0,0.02564102564102555,0.008547008547008517,0.042735042735042805,
1223408,20220119000343,00966168,디알젬,263690,자기주식취득결과보고서,2022-01-19,KOSDAQ,10350.0,10400.0,10300.0,8950.0,0.004830917874396157,-0.004830917874396157,-0.13526570048309183,
594098,20240826000335,00966168,디알젬,263690,주요사항보고서(자기주식취득결정),2024-08-26,KOSDAQ,8110.0,8370.0,8250.0,8330.0,0.03205918618988912,0.01726263871763245,0.027127003699136898,
553884,20241115000306,00966168,디알젬,263690,자기주식취득결과보고서,2024-11-15,KOSDAQ,5340.0,5410.0,5600.0,5890.0,0.013108614232209659,0.04868913857677892,0.10299625468164786,
1263118,20211103000163,00875237,씨앤투스,352700,주요사항보고서(자기주식취득결정),2021-11-03,KOSDAQ,6688.0,6654.0,6654.0,6603.0,-0.005083732057416301,-0.005083732057416301,-0.012709330143540698,
1252273,20211124000276,00875237,씨앤투스,352700,자기주식취득결과보고서,2021-11-24,KOSDAQ,7095.0,9217.0,10134.0,11865.0,0.2990838618745595,0.42832980972515866,0.6723044397463003,
1055342,20221005000114,00875237,씨앤투스,352700,주요사항보고서(자기주식취득결정),2022-10-05,KOSDAQ,4385.0,4510.0,4465.0,4180.0,0.02850627137970352,0.018244013683010207,-0.04675028506271384,
1034043,20221121000007,00875237,씨앤투스,352700,자기주식취득결과보고서,2022-11-21,KOSDAQ,4815.0,4880.0,4895.0,4910.0,0.01349948078920038,0.01661474558670828,0.019730010384215957,
840977,20230822000054,00875237,씨앤투스,352700,주요사항보고서(자기주식취득결정),2023-08-22,KOSDAQ,3590.0,3700.0,3700.0,3730.0,0.03064066852367686,0.03064066852367686,0.03899721448467974,
797523,20231124000056,00875237,씨앤투스,352700,자기주식취득결과보고서,2023-11-24,KOSDAQ,3490.0,3465.0,3530.0,3585.0,-0.007163323782234943,0.011461318051575908,0.027220630372492893,
728086,20240314000277,00875237,씨앤투스,352700,주요사항보고서(자기주식취득결정),2024-03-14,KOSDAQ,3105.0,3140.0,3140.0,3150.0,0.011272141706924366,0.011272141706924366,0.01449275362318847,
654692,20240507000395,00875237,씨앤투스,352700,자기주식취득결과보고서,2024-05-07,KOSDAQ,3240.0,3250.0,3240.0,3230.0,0.0030864197530864335,0.0,-0.0030864197530864335,
614498,20240722000023,00875237,씨앤투스,352700,주요사항보고서(자기주식취득결정),2024-07-22,KOSDAQ,2920.0,2990.0,3015.0,2980.0,0.023972602739726012,0.03253424657534243,0.020547945205479534,
584779,20240906000462,00875237,씨앤투스,352700,자기주식취득결과보고서,2024-09-06,KOSDAQ,2885.0,2830.0,2890.0,3000.0,-0.01906412478336217,0.0017331022530329143,0.03986135181975747,
561743,20241105000046,00875237,씨앤투스,352700,주요사항보고서(자기주식취득결정),2024-11-05,KOSDAQ,3050.0,3005.0,3005.0,2885.0,-0.014754098360655776,-0.014754098360655776,-0.0540983606557377,
537873,20241213000378,00875237,씨앤투스,352700,자기주식취득결과보고서,2024-12-13,KOSDAQ,2800.0,2845.0,2845.0,2775.0,0.016071428571428514,0.016071428571428514,-0.008928571428571397,
311867,20251111000179,00875237,씨앤투스,352700,주요사항보고서(자기주식취득결정),2025-11-11,KOSDAQ,2370.0,2380.0,2440.0,2330.0,0.00421940928270037,0.029535864978903037,-0.016877637130801704,
271377,20260120000026,00875237,씨앤투스,352700,자기주식취득결과보고서,2026-01-20,KOSDAQ,2160.0,2135.0,2110.0,2180.0,-0.01157407407407407,-0.02314814814814814,0.0092592592592593,
1262923,20211103000329,00580667,S&K폴리텍,091340,주요사항보고서(자기주식취득결정),2021-11-03,KOSDAQ,5620.0,5700.0,5720.0,5610.0,0.014234875444839812,0.017793594306049876,-0.001779359430605032,
1222990,20220120000278,00580667,S&K폴리텍,091340,자기주식취득결과보고서,2022-01-20,KOSDAQ,5900.0,5830.0,5410.0,5030.0,-0.011864406779661052,-0.08305084745762714,-0.14745762711864407,
1262702,20211104000028,00244455,케이티앤지,033780,주요사항보고서(자기주식취득결정),2021-11-04,KOSPI,85500.0,86100.0,86600.0,85100.0,0.007017543859649145,0.012865497076023358,-0.004678362573099393,
1233347,20211228000449,00244455,케이티앤지,033780,자기주식취득결과보고서,2021-12-28,KOSPI,83900.0,79700.0,79000.0,78500.0,-0.05005959475566146,-0.05840286054827171,-0.06436233611442188,
1043414,20221103000237,00244455,케이티앤지,033780,주요사항보고서(자기주식취득결정),2022-11-03,KOSPI,93900.0,96200.0,94800.0,94400.0,0.024494142705005384,0.009584664536741228,0.005324813631522929,
1013275,20221228000589,00244455,케이티앤지,033780,자기주식취득결과보고서,2022-12-28,KOSPI,91400.0,91500.0,89000.0,87700.0,0.001094091903719896,-0.026258205689277947,-0.040481400437636816,
853359,20230803000327,00244455,케이티앤지,033780,주요사항보고서(자기주식취득결정),2023-08-03,KOSPI,84000.0,84800.0,86000.0,85000.0,0.00952380952380949,0.023809523809523725,0.011904761904761862,
823628,20230926000630,00244455,케이티앤지,033780,자기주식취득결과보고서,2023-09-26,KOSPI,86000.0,86300.0,83800.0,85900.0,0.0034883720930232176,-0.025581395348837188,-0.0011627906976744429,
606628,20240808000271,00244455,케이티앤지,033780,주요사항보고서(자기주식취득결정),2024-08-08,KOSPI,94800.0,100600.0,100200.0,99100.0,0.06118143459915615,0.05696202531645578,0.04535864978902948,
572277,20241010000497,00244455,케이티앤지,033780,자기주식취득결과보고서,2024-10-10,KOSPI,116900.0,102200.0,107300.0,107500.0,-0.12574850299401197,-0.08212147134302827,-0.08041060735671512,
560609,20241107000181,00244455,케이티앤지,033780,주요사항보고서(자기주식취득결정),2024-11-07,KOSPI,107900.0,119500.0,122000.0,120800.0,0.10750695088044493,0.13067655236329934,0.1195551436515292,
545432,20241129001815,00244455,케이티앤지,033780,자기주식취득결과보고서,2024-11-29,KOSPI,121800.0,120900.0,122900.0,118100.0,-0.007389162561576401,0.009031198686371145,-0.03037766830870281,
357905,20250807000253,00244455,케이티앤지,033780,주요사항보고서(자기주식취득결정),2025-08-07,KOSPI,138500.0,147200.0,140100.0,133700.0,0.0628158844765343,0.011552346570397054,-0.034657039711191384,
334547,20250912000347,00244455,케이티앤지,033780,자기주식취득결과보고서,2025-09-12,KOSPI,133700.0,136600.0,135100.0,140400.0,0.02169035153328358,0.010471204188481575,0.05011219147344792,
331102,20250923000289,00244455,케이티앤지,033780,주요사항보고서(자기주식취득결정),2025-09-23,KOSPI,142600.0,140700.0,134300.0,133600.0,-0.013323983169705511,-0.05820476858345025,-0.06311360448807857,
320075,20251023000334,00244455,케이티앤지,033780,자기주식취득결과보고서,2025-10-23,KOSPI,137400.0,136400.0,135800.0,134500.0,-0.00727802037845704,-0.011644832605531286,-0.021106259097525504,
1262447,20211104000218,00476498,컴투스,078340,주요사항보고서(자기주식취득신탁계약해지결정),2021-11-04,KOSDAQ,122600.0,125000.0,133700.0,168700.0,0.019575856443719397,0.0905383360522023,0.37601957585644374,
1258483,20211112000843,00476498,컴투스,078340,주요사항보고서(자기주식취득신탁계약해지결정),2021-11-12,KOSDAQ,173900.0,172800.0,176100.0,168500.0,-0.006325474410580845,0.01265094882116169,-0.03105232892466936,
1014650,20221227000095,00476498,컴투스,078340,주요사항보고서(자기주식취득신탁계약체결결정),2022-12-27,KOSDAQ,61500.0,60700.0,59600.0,59600.0,-0.013008130081300862,-0.03089430894308942,-0.03089430894308942,
894989,20230512000403,00476498,컴투스,078340,주요사항보고서(자기주식취득신탁계약체결결정),2023-05-12,KOSDAQ,64300.0,64700.0,66400.0,68300.0,0.0062208398133747345,0.03265940902021769,0.06220839813374801,
870675,20230627000362,00476498,컴투스,078340,주요사항보고서(자기주식취득신탁계약해지결정),2023-06-27,KOSDAQ,67900.0,68700.0,62300.0,58900.0,0.01178203240058906,-0.08247422680412375,-0.13254786450662737,
805141,20231113000425,00476498,컴투스,078340,주요사항보고서(자기주식취득신탁계약해지결정),2023-11-13,KOSDAQ,47900.0,48850.0,48700.0,49050.0,0.019832985386221358,0.016701461377870652,0.024008350730688965,
1262090,20211105000106,00145446,이건산업,008250,[연장결정]주요사항보고서(자기주식취득신탁계약체결결정),2021-11-05,KOSPI,13650.0,13600.0,13900.0,13100.0,-0.00366300366300365,0.01831501831501825,-0.04029304029304026,
1042409,20221107000105,00145446,이건산업,008250,[연장결정]주요사항보고서(자기주식취득신탁계약체결결정),2022-11-07,KOSPI,7690.0,7830.0,7760.0,7800.0,0.01820546163849146,0.00910273081924573,0.014304291287386306,
870296,20230628000138,00145446,이건산업,008250,주요사항보고서(자기주식취득신탁계약체결결정),2023-06-28,KOSPI,8010.0,7910.0,7900.0,7850.0,-0.012484394506866447,-0.013732833957553092,-0.019975031210986316,
807854,20231108000136,00145446,이건산업,008250,주요사항보고서(자기주식취득신탁계약해지결정),2023-11-08,KOSPI,6990.0,7060.0,7100.0,7110.0,0.010014306151645114,0.01573676680972813,0.01716738197424883,
624492,20240628000251,00145446,이건산업,008250,[연장결정]주요사항보고서(자기주식취득신탁계약체결결정),2024-06-28,KOSPI,5270.0,5320.0,5340.0,5430.0,0.009487666034155628,0.013282732447817747,0.030360531309297834,
375337,20250630000135,00145446,이건산업,008250,주요사항보고서(자기주식취득신탁계약해지결정),2025-06-30,KOSPI,5590.0,5700.0,5750.0,5740.0,0.019677996422182487,0.028622540250447193,0.02683363148479434,
1261983,20211105000229,01234507,매일유업,267980,주요사항보고서(자기주식취득신탁계약체결결정),2021-11-05,KOSDAQ,69700.0,69500.0,69000.0,68400.0,-0.0028694404591105283,-0.010043041606886627,-0.0186513629842181,
1160654,20220401002395,01234507,매일유업,267980,주요사항보고서(자기주식취득신탁계약체결결정),2022-04-01,KOSDAQ,67200.0,68100.0,68400.0,68600.0,0.013392857142857206,0.017857142857142794,0.02083333333333326,
1080803,20220811000340,01234507,매일유업,267980,주요사항보고서(자기주식취득신탁계약체결결정),2022-08-11,KOSDAQ,59200.0,60800.0,60700.0,59500.0,0.027027027027026973,0.02533783783783794,0.0050675675675675436,
529410,20241227000739,01234507,매일유업,267980,주요사항보고서(자기주식취득신탁계약체결결정),2024-12-27,KOSDAQ,34950.0,34750.0,34700.0,34950.0,-0.005722460658083017,-0.007153075822603716,0.0,
1261980,20211105900398,00120924,매일홀딩스,005990,주요사항보고서(자기주식취득신탁계약체결결정)(자회사의 주요경영사항),2021-11-05,KOSDAQ,9910.0,9900.0,9890.0,9800.0,-0.0010090817356205317,-0.0020181634712411745,-0.011099899091826404,
1160613,20220401900660,00120924,매일홀딩스,005990,주요사항보고서(자기주식취득신탁계약체결결정)(자회사의 주요경영사항),2022-04-01,KOSDAQ,9960.0,10300.0,10250.0,10100.0,0.034136546184738936,0.029116465863453733,0.014056224899598346,
1080801,20220811900519,00120924,매일홀딩스,005990,주요사항보고서(자기주식취득신탁계약체결결정)(자회사의 주요경영사항),2022-08-11,KOSDAQ,8920.0,9020.0,9030.0,9180.0,0.011210762331838486,0.012331838565022402,0.029147982062780242,
606492,20240808000381,00120924,매일홀딩스,005990,주요사항보고서(자기주식취득신탁계약체결결정),2024-08-08,KOSDAQ,7950.0,8220.0,8220.0,8390.0,0.03396226415094339,0.03396226415094339,0.05534591194968552,
529403,20241227900924,00120924,매일홀딩스,005990,주요사항보고서(자기주식취득신탁계약체결결정)(자회사의 주요경영사항),2024-12-27,KOSDAQ,8450.0,8520.0,8470.0,8520.0,0.008284023668639007,0.002366863905325367,0.008284023668639007,
1261479,20211108000078,00532129,영림원소프트랩,060850,주요사항보고서(자기주식취득결정),2021-11-08,KOSDAQ,10150.0,10150.0,10400.0,10750.0,0.0,0.024630541871921263,0.059113300492610765,
1217216,20220204000158,00532129,영림원소프트랩,060850,자기주식취득결과보고서,2022-02-04,KOSDAQ,9920.0,9970.0,9870.0,9920.0,0.00504032258064524,-0.005040322580645129,0.0,
799591,20231120000484,00532129,영림원소프트랩,060850,주요사항보고서(자기주식취득신탁계약체결결정),2023-11-20,KOSDAQ,9080.0,9300.0,9250.0,9100.0,0.02422907488986792,0.018722466960352513,0.0022026431718060735,
380101,20250620000108,00532129,영림원소프트랩,060850,주요사항보고서(자기주식취득신탁계약체결결정),2025-06-20,KOSDAQ,6190.0,6150.0,6120.0,5980.0,-0.00646203554119551,-0.011308562197092087,-0.03392568659127626,
1261457,20211108000098,00135795,신도리코,029530,주요사항보고서(자기주식취득신탁계약해지결정),2021-11-08,KOSPI,33250.0,32950.0,32750.0,33150.0,-0.009022556390977488,-0.015037593984962405,-0.003007518796992459,
1261456,20211108000099,00135795,신도리코,029530,주요사항보고서(자기주식취득신탁계약체결결정),2021-11-08,KOSPI,33250.0,32950.0,32750.0,33150.0,-0.009022556390977488,-0.015037593984962405,-0.003007518796992459,
1175823,20220324000370,00135795,신도리코,029530,주요사항보고서(자기주식취득신탁계약체결결정),2022-03-24,KOSPI,32150.0,31750.0,31800.0,32200.0,-0.01244167962674958,-0.010886469673405896,0.0015552099533437946,
1040119,20221111000005,00135795,신도리코,029530,주요사항보고서(자기주식취득신탁계약해지결정),2022-11-11,KOSPI,33000.0,33150.0,33200.0,33050.0,0.00454545454545463,0.0060606060606061,0.0015151515151514694,
950964,20230329001021,00135795,신도리코,029530,주요사항보고서(자기주식취득신탁계약해지결정),2023-03-29,KOSPI,33550.0,33350.0,33700.0,33800.0,-0.005961251862891204,0.0044709388971684305,0.007451564828613977,
327368,20250930000512,00135795,신도리코,029530,주요사항보고서(자기주식취득신탁계약체결결정),2025-09-30,KOSPI,44250.0,43850.0,43800.0,44050.0,-0.009039548022598876,-0.01016949152542368,-0.004519774011299438,
72166,20260331001149,00135795,신도리코,029530,주요사항보고서(자기주식취득신탁계약해지결정),2026-03-31,KOSPI,49350.0,51600.0,50000.0,49300.0,0.045592705167173175,0.01317122593718345,-0.0010131712259371373,
1261278,20211108000229,00587466,KPX홀딩스,092230,주요사항보고서(자기주식취득신탁계약해지결정),2021-11-08,KOSPI,66200.0,64700.0,64400.0,65900.0,-0.0226586102719033,-0.027190332326283984,-0.004531722054380682,
1117139,20220525800279,00587466,KPX홀딩스,092230,주요사항보고서(자기주식취득신탁계약체결결정)(자회사의 주요경영사항),2022-05-25,KOSPI,62000.0,62100.0,62400.0,63300.0,0.001612903225806539,0.006451612903225712,0.020967741935483897,
1032008,20221125800155,00587466,KPX홀딩스,092230,주요사항보고서(자기주식취득신탁계약해지결정)(자회사의 주요경영사항),2022-11-25,KOSPI,55000.0,54200.0,54600.0,54800.0,-0.014545454545454528,-0.0072727272727273196,-0.0036363636363636598,
1261201,20211108000292,00121543,무학,033920,주요사항보고서(자기주식취득결정),2021-11-08,KOSPI,8560.0,8760.0,8630.0,9090.0,0.02336448598130847,0.008177570093457875,0.06191588785046731,
1234190,20211227000212,00121543,무학,033920,자기주식취득결과보고서,2021-12-27,KOSPI,8400.0,8370.0,8320.0,8770.0,-0.0035714285714285587,-0.00952380952380949,0.04404761904761911,
1260898,20211109000168,00260879,카페24,042000,주요사항보고서(자기주식취득신탁계약해지결정),2021-11-09,KOSDAQ,26450.0,26050.0,26050.0,27150.0,-0.015122873345935761,-0.015122873345935761,0.026465028355387554,
14635,20260507000721,00260879,카페24,042000,주요사항보고서(자기주식취득신탁계약체결결정),2026-05-07,KOSDAQ,26000.0,25850.0,23150.0,23200.0,-0.005769230769230749,-0.10961538461538467,-0.10769230769230764,
1260414,20211110000195,00362159,웰크론,065950,주요사항보고서(자기주식취득결정),2021-11-10,KOSDAQ,4190.0,4145.0,4165.0,4145.0,-0.010739856801909253,-0.005966587112171795,-0.010739856801909253,
1211570,20220214000700,00362159,웰크론,065950,자기주식취득결과보고서,2022-02-14,KOSDAQ,3980.0,3910.0,4030.0,4135.0,-0.017587939698492483,0.012562814070351758,0.03894472361809043,
1259758,20211111000138,00122348,방림,003610,주요사항보고서(자기주식취득결정),2021-11-11,KOSPI,3075.0,2945.0,2890.0,2770.0,-0.042276422764227606,-0.06016260162601628,-0.09918699186991875,
1247507,20211130001474,00122348,방림,003610,자기주식취득결과보고서,2021-11-30,KOSPI,2520.0,2540.0,2550.0,2595.0,0.007936507936507908,0.011904761904761862,0.029761904761904656,
780010,20231222000171,00122348,방림,003610,주요사항보고서(자기주식취득결정),2023-12-22,KOSPI,2045.0,2210.0,2115.0,2185.0,0.0806845965770171,0.03422982885085579,0.06845965770171158,
733726,20240311000147,00122348,방림,003610,자기주식취득결과보고서,2024-03-11,KOSPI,2065.0,2090.0,2075.0,2115.0,0.012106537530266248,0.004842615012106588,0.02421307506053272,
536715,20241216000082,00122348,방림,003610,주요사항보고서(자기주식취득결정),2024-12-16,KOSPI,4425.0,4100.0,4220.0,4570.0,-0.07344632768361581,-0.04632768361581918,0.03276836158192098,
515541,20250204000096,00122348,방림,003610,자기주식취득결과보고서,2025-02-04,KOSPI,3600.0,3675.0,3695.0,3585.0,0.02083333333333326,0.026388888888888795,-0.004166666666666652,
499584,20250224002597,00122348,방림,003610,주요사항보고서(자기주식취득결정),2025-02-24,KOSPI,4000.0,4050.0,4115.0,3955.0,0.012499999999999956,0.028750000000000053,-0.011249999999999982,
466747,20250325000290,00122348,방림,003610,자기주식취득결과보고서,2025-03-25,KOSPI,3735.0,3720.0,3700.0,3750.0,-0.004016064257028162,-0.009370816599732268,0.004016064257028162,
304277,20251121000083,00122348,방림,003610,주요사항보고서(자기주식취득결정),2025-11-21,KOSPI,5530.0,5570.0,5490.0,5870.0,0.00723327305605781,-0.007233273056057921,0.061482820976491936,
279798,20251231000204,00122348,방림,003610,자기주식취득결과보고서,2025-12-31,KOSPI,5670.0,5640.0,5500.0,5610.0,-0.005291005291005346,-0.029982363315696703,-0.010582010582010581,
1259729,20211111000175,00567222,우림피티에스,101170,주요사항보고서(자기주식취득신탁계약체결결정),2021-11-11,KOSDAQ,3675.0,3785.0,3785.0,3680.0,0.029931972789115635,0.029931972789115635,0.0013605442176871652,
1125597,20220511000733,00567222,우림피티에스,101170,주요사항보고서(자기주식취득신탁계약해지결정),2022-05-11,KOSDAQ,5370.0,5260.0,5160.0,5490.0,-0.020484171322160183,-0.03910614525139666,0.022346368715083775,
1258981,20211112000356,00579980,아이티엠반도체,084850,주요사항보고서(자기주식취득신탁계약체결결정),2021-11-12,KOSDAQ,44650.0,45550.0,44450.0,44500.0,0.02015677491601342,-0.004479283314669624,-0.0033594624860022737,
1214869,20220209000063,00579980,아이티엠반도체,084850,주요사항보고서(자기주식취득신탁계약체결결정),2022-02-09,KOSDAQ,35850.0,35000.0,33850.0,35300.0,-0.023709902370990243,-0.05578800557880059,-0.015341701534170138,
1124191,20220513000669,00579980,아이티엠반도체,084850,주요사항보고서(자기주식취득신탁계약체결결정),2022-05-13,KOSDAQ,34450.0,33300.0,33450.0,35100.0,-0.03338171262699563,-0.029027576197387495,0.018867924528301883,
1095508,20220706000177,00579980,아이티엠반도체,084850,주요사항보고서(자기주식취득신탁계약체결결정),2022-07-06,KOSDAQ,31400.0,31900.0,32050.0,31800.0,0.015923566878981,0.02070063694267521,0.01273885350318471,
1061741,20220919000036,00579980,아이티엠반도체,084850,주요사항보고서(자기주식취득신탁계약체결결정),2022-09-19,KOSDAQ,30550.0,30850.0,30800.0,28900.0,0.009819967266775809,0.008183306055646433,-0.054009819967266726,
1043038,20221104000112,00579980,아이티엠반도체,084850,주요사항보고서(자기주식취득신탁계약체결결정),2022-11-04,KOSDAQ,27000.0,27600.0,28950.0,29900.0,0.022222222222222143,0.07222222222222219,0.1074074074074074,
809927,20231102000059,00579980,아이티엠반도체,084850,주요사항보고서(자기주식취득신탁계약체결결정),2023-11-02,KOSDAQ,20750.0,20950.0,22000.0,21500.0,0.009638554216867545,0.06024096385542177,0.03614457831325302,
1258683,20211112000539,00146269,일신방직,003200,[연장결정]주요사항보고서(자기주식취득신탁계약체결결정),2021-11-12,KOSPI,11200.0,11400.0,11100.0,10700.0,0.017857142857142794,-0.008928571428571397,-0.044642857142857095,
1039811,20221111000301,00146269,일신방직,003200,[연장결정]주요사항보고서(자기주식취득신탁계약체결결정),2022-11-11,KOSPI,10500.0,10400.0,10050.0,9790.0,-0.00952380952380949,-0.042857142857142816,-0.06761904761904758,
989780,20230220001309,00146269,일신방직,003200,주요사항보고서(자기주식취득결정),2023-02-20,KOSPI,13780.0,13700.0,13570.0,13290.0,-0.005805515239477477,-0.015239477503628418,-0.03555878084179975,
890579,20230517000147,00146269,일신방직,003200,자기주식취득결과보고서,2023-05-17,KOSPI,11500.0,11810.0,11790.0,11590.0,0.026956521739130546,0.025217391304347858,0.00782608695652165,
791986,20231130001423,00146269,일신방직,003200,주요사항보고서(자기주식취득신탁계약해지결정),2023-11-30,KOSPI,8790.0,8720.0,8790.0,8790.0,-0.007963594994311762,0.0,0.0,
792270,20231130800264,00146269,일신방직,003200,자기주식취득신탁계약해지결정,2023-11-30,KOSPI,8790.0,8720.0,8790.0,8790.0,-0.007963594994311762,0.0,0.0,
507273,20250213001326,00146269,일신방직,003200,주요사항보고서(자기주식취득신탁계약체결결정),2025-02-13,KOSPI,8080.0,8150.0,8410.0,8340.0,0.00866336633663356,0.04084158415841577,0.03217821782178221,
250162,20260219001590,00146269,일신방직,003200,주요사항보고서(자기주식취득신탁계약해지결정),2026-02-19,KOSPI,14460.0,14320.0,14400.0,14520.0,-0.009681881051175623,-0.004149377593360981,0.004149377593360981,
1258694,20211112000599,00134477,SNT다이내믹스,003570,주요사항보고서(자기주식취득신탁계약해지결정),2021-11-12,KOSPI,9120.0,9110.0,9160.0,9110.0,-0.0010964912280702066,0.004385964912280604,-0.0010964912280702066,
1258042,20211112001196,00113544,대한화섬,003830,[연장결정]주요사항보고서(자기주식취득신탁계약체결결정),2021-11-15,KOSPI,143000.0,139500.0,138500.0,134000.0,-0.02447552447552448,-0.03146853146853146,-0.06293706293706292,
1036223,20221114002602,00113544,대한화섬,003830,[연장결정]주요사항보고서(자기주식취득신탁계약체결결정),2022-11-14,KOSPI,111500.0,111000.0,111500.0,118000.0,-0.004484304932735439,0.0,0.058295964125560484,
805761,20231110000713,00113544,대한화섬,003830,[연장결정]주요사항보고서(자기주식취득신탁계약체결결정),2023-11-10,KOSPI,100200.0,100200.0,100000.0,99800.0,0.0,-0.001996007984031989,-0.003992015968063867,
582048,20240912000463,00113544,대한화섬,003830,주요사항보고서(자기주식취득결정),2024-09-12,KOSPI,99100.0,106000.0,106700.0,113100.0,0.06962663975782046,0.07669021190716441,0.141271442986882,
539323,20241212000525,00113544,대한화섬,003830,자기주식취득결과보고서,2024-12-12,KOSPI,110900.0,110700.0,111400.0,111500.0,-0.0018034265103696878,0.004508566275924331,0.0054102795311090635,
531382,20241224000316,00113544,대한화섬,003830,주요사항보고서(자기주식취득신탁계약해지결정),2024-12-24,KOSPI,107000.0,104600.0,103900.0,107900.0,-0.02242990654205612,-0.028971962616822444,0.008411214953271129,
1257479,20211115000522,00659161,싸이맥스,160980,주요사항보고서(자기주식취득신탁계약체결결정),2021-11-15,KOSDAQ,15950.0,16300.0,15900.0,18200.0,0.021943573667711602,-0.0031347962382445305,0.1410658307210031,
1257275,20211115000615,00408266,유니온바이오메트릭스,203450,주요사항보고서(자기주식취득신탁계약체결결정),2021-11-15,KOSDAQ,3850.0,3790.0,3800.0,4025.0,-0.01558441558441559,-0.012987012987012991,0.045454545454545414,
1143392,20220411000578,00408266,유니온바이오메트릭스,203450,주요사항보고서(자기주식취득결정),2022-04-11,KOSDAQ,3660.0,3705.0,3725.0,3770.0,0.012295081967213184,0.01775956284153013,0.030054644808743092,
1114780,20220530000598,00408266,유니온바이오메트릭스,203450,자기주식취득결과보고서,2022-05-30,KOSDAQ,3730.0,3695.0,3615.0,3485.0,-0.009383378016085797,-0.030831099195710476,-0.06568364611260058,
750466,20240220000535,00408266,유니온바이오메트릭스,203450,주요사항보고서(자기주식취득신탁계약체결결정),2024-02-20,KOSDAQ,3120.0,3195.0,3295.0,3330.0,0.024038461538461453,0.05608974358974361,0.06730769230769229,
503864,20250217001432,00408266,유니온바이오메트릭스,203450,주요사항보고서(자기주식취득신탁계약체결결정),2025-02-17,KOSDAQ,2705.0,2835.0,2920.0,2960.0,0.04805914972273562,0.07948243992606274,0.0942698706099816,
1257303,20211115000650,00407814,CG인바이츠,083790,주요사항보고서(자기주식취득신탁계약체결결정),2021-11-15,KOSDAQ,6750.0,7130.0,6990.0,6960.0,0.05629629629629629,0.03555555555555556,0.03111111111111109,
1255481,20211115002209,00120076,LX인터내셔널,001120,[연장결정]주요사항보고서(자기주식취득신탁계약체결결정),2021-11-15,KOSPI,27050.0,26900.0,25350.0,25750.0,-0.00554528650646946,-0.06284658040665436,-0.04805914972273573,
1105840,20220614000266,00120076,LX인터내셔널,001120,주요사항보고서(자기주식취득신탁계약해지결정),2022-06-14,KOSPI,39750.0,38600.0,38850.0,35650.0,-0.028930817610062887,-0.02264150943396226,-0.10314465408805029,
1254851,20211117000071,00177816,대주전자재료,078600,주요사항보고서(자기주식취득신탁계약체결결정),2021-11-17,KOSDAQ,114300.0,116700.0,115400.0,116800.0,0.0209973753280841,0.00962379702537186,0.021872265966754068,
1119778,20220518000145,00177816,대주전자재료,078600,주요사항보고서(자기주식취득신탁계약해지결정),2022-05-18,KOSDAQ,90100.0,96600.0,99800.0,90300.0,0.07214206437291892,0.10765815760266362,0.002219755826859071,
1119730,20220518000177,00177816,대주전자재료,078600,주요사항보고서(자기주식취득신탁계약체결결정),2022-05-18,KOSDAQ,90100.0,96600.0,99800.0,90300.0,0.07214206437291892,0.10765815760266362,0.002219755826859071,
1254489,20211118000023,01069736,한독크린텍,256150,주요사항보고서(자기주식취득신탁계약체결결정),2021-11-18,KOSDAQ,11250.0,12000.0,11650.0,11550.0,0.06666666666666665,0.03555555555555556,0.026666666666666616,
1101153,20220624000269,01069736,한독크린텍,256150,주요사항보고서(자기주식취득신탁계약체결결정),2022-06-24,KOSDAQ,10000.0,10750.0,10950.0,10250.0,0.07499999999999996,0.09499999999999997,0.02499999999999991,
627134,20240625000185,01069736,한독크린텍,256150,주요사항보고서(자기주식취득신탁계약체결결정),2024-06-25,KOSDAQ,7110.0,7180.0,7190.0,7080.0,0.009845288326300938,0.011251758087201136,-0.00421940928270037,
1254470,20211118000036,00531829,엠아이텍,179290,주요사항보고서(자기주식취득결정),2021-11-18,KOSDAQ,5080.0,5190.0,5140.0,5290.0,0.021653543307086576,0.011811023622047223,0.04133858267716528,
1242111,20211213000097,00531829,엠아이텍,179290,자기주식취득결과보고서,2021-12-13,KOSDAQ,5350.0,5380.0,5380.0,5220.0,0.005607476635514086,0.005607476635514086,-0.024299065420560706,
1254445,20211118000072,00150536,진양제약,007370,[연장결정]주요사항보고서(자기주식취득신탁계약체결결정),2021-11-18,KOSDAQ,6610.0,6700.0,6710.0,6770.0,0.013615733736762392,0.015128593040847127,0.024205748865355536,
1236864,20211221000270,00150536,진양제약,007370,[연장결정]주요사항보고서(자기주식취득신탁계약체결결정),2021-12-21,KOSDAQ,6760.0,6800.0,6820.0,6860.0,0.00591715976331364,0.008875739644970349,0.014792899408283988,
1145706,20220408001500,00150536,진양제약,007370,[연장결정]주요사항보고서(자기주식취득신탁계약체결결정),2022-04-08,KOSDAQ,8000.0,7620.0,7350.0,7260.0,-0.04749999999999999,-0.08125000000000004,-0.09250000000000003,
1080285,20220812000073,00150536,진양제약,007370,주요사항보고서(자기주식취득결정),2022-08-12,KOSDAQ,6190.0,6300.0,6330.0,6280.0,0.017770597738287597,0.022617124394184174,0.01453957996768973,
1074883,20220819000337,00150536,진양제약,007370,자기주식취득결과보고서,2022-08-19,KOSDAQ,6320.0,6280.0,6290.0,6560.0,-0.006329113924050667,-0.004746835443038,0.03797468354430378,
1074778,20220819000428,00150536,진양제약,007370,주요사항보고서(자기주식취득결정),2022-08-19,KOSDAQ,6320.0,6280.0,6290.0,6560.0,-0.006329113924050667,-0.004746835443038,0.03797468354430378,
1073294,20220824000328,00150536,진양제약,007370,자기주식취득결과보고서,2022-08-24,KOSDAQ,6480.0,6690.0,6560.0,6570.0,0.03240740740740744,0.012345679012345734,0.01388888888888884,
1073184,20220824000425,00150536,진양제약,007370,주요사항보고서(자기주식취득결정),2022-08-24,KOSDAQ,6480.0,6690.0,6560.0,6570.0,0.03240740740740744,0.012345679012345734,0.01388888888888884,
1060711,20220921000293,00150536,진양제약,007370,자기주식취득결과보고서,2022-09-21,KOSDAQ,6420.0,6380.0,6170.0,5490.0,-0.006230529595015577,-0.0389408099688473,-0.1448598130841121,
1034557,20221118000261,00150536,진양제약,007370,[연장결정]주요사항보고서(자기주식취득신탁계약체결결정),2022-11-18,KOSDAQ,6730.0,6680.0,6720.0,6690.0,-0.007429420505200568,-0.0014858841010401136,-0.005943536404160454,
1017369,20221221000107,00150536,진양제약,007370,[연장결정]주요사항보고서(자기주식취득신탁계약체결결정),2022-12-21,KOSDAQ,6880.0,6850.0,6650.0,6620.0,-0.0043604651162790775,-0.03343023255813948,-0.03779069767441856,
926840,20230407001033,00150536,진양제약,007370,[연장결정]주요사항보고서(자기주식취득신탁계약체결결정),2023-04-07,KOSDAQ,5940.0,5810.0,5850.0,6100.0,-0.02188552188552184,-0.015151515151515138,0.026936026936027035,
800113,20231117000025,00150536,진양제약,007370,[연장결정]주요사항보고서(자기주식취득신탁계약체결결정),2023-11-17,KOSDAQ,6110.0,6230.0,6180.0,6200.0,0.019639934533551617,0.011456628477905184,0.014729950900163713,
780087,20231222000070,00150536,진양제약,007370,[연장결정]주요사항보고서(자기주식취득신탁계약체결결정),2023-12-22,KOSDAQ,6140.0,6190.0,6180.0,6420.0,0.008143322475570036,0.006514657980456029,0.0456026058631922,
677873,20240409002306,00150536,진양제약,007370,[연장결정]주요사항보고서(자기주식취득신탁계약체결결정),2024-04-09,KOSDAQ,5700.0,5640.0,5590.0,5410.0,-0.010526315789473717,-0.019298245614035037,-0.05087719298245619,
553662,20241118000047,00150536,진양제약,007370,[연장결정]주요사항보고서(자기주식취득신탁계약체결결정),2024-11-18,KOSDAQ,5960.0,5900.0,6000.0,5870.0,-0.010067114093959773,0.006711409395973256,-0.015100671140939603,
533266,20241220000129,00150536,진양제약,007370,[연장결정]주요사항보고서(자기주식취득신탁계약체결결정),2024-12-20,KOSDAQ,5850.0,6030.0,6020.0,5820.0,0.03076923076923066,0.029059829059828957,-0.00512820512820511,
427265,20250409001498,00150536,진양제약,007370,[연장결정]주요사항보고서(자기주식취득신탁계약체결결정),2025-04-09,KOSDAQ,5910.0,6060.0,6130.0,5850.0,0.025380710659898442,0.0372250423011844,-0.010152284263959421,
371349,20250708000108,00150536,진양제약,007370,주요사항보고서(자기주식취득신탁계약해지결정),2025-07-08,KOSDAQ,6470.0,6590.0,6620.0,6600.0,0.018547140649149974,0.023183925811437467,0.020092735703245657,
371347,20250708000113,00150536,진양제약,007370,주요사항보고서(자기주식취득신탁계약해지결정),2025-07-08,KOSDAQ,6470.0,6590.0,6620.0,6600.0,0.018547140649149974,0.023183925811437467,0.020092735703245657,
371346,20250708000114,00150536,진양제약,007370,주요사항보고서(자기주식취득신탁계약해지결정),2025-07-08,KOSDAQ,6470.0,6590.0,6620.0,6600.0,0.018547140649149974,0.023183925811437467,0.020092735703245657,
1254395,20211118000133,00120872,만호제강,001080,주요사항보고서(자기주식취득결정),2021-11-18,KOSPI,2142.0,2109.0,2099.0,2118.0,-0.01540616246498594,-0.02007469654528482,-0.011204481792717047,
1227813,20220107000452,00120872,만호제강,001080,자기주식취득결과보고서,2022-01-07,KOSPI,2176.0,2195.0,2195.0,2257.0,0.008731617647058876,0.008731617647058876,0.03722426470588225,
1061890,20220916000471,00120872,만호제강,001080,주요사항보고서(자기주식취득신탁계약체결결정),2022-09-16,KOSPI,2586.0,2514.0,2629.0,2662.0,-0.02784222737819031,0.01662799690641914,0.029389017788089777,
1061883,20220916000488,00120872,만호제강,001080,주요사항보고서(자기주식취득신탁계약체결결정),2022-09-16,KOSPI,2586.0,2514.0,2629.0,2662.0,-0.02784222737819031,0.01662799690641914,0.029389017788089777,
962685,20230320000905,00120872,만호제강,001080,주요사항보고서(자기주식취득신탁계약체결결정),2023-03-20,KOSPI,4905.0,4915.0,4915.0,4934.0,0.0020387359836901986,0.0020387359836901986,0.005912334352701221,
800090,20231117000060,00120872,만호제강,001080,주요사항보고서(자기주식취득신탁계약체결결정),2023-11-17,KOSPI,4500.0,4500.0,4500.0,4500.0,0.0,0.0,0.0,
329764,20250925000534,00120872,만호제강,001080,주요사항보고서(자기주식취득결정),2025-09-25,KOSPI,3920.0,4120.0,4305.0,5080.0,0.05102040816326525,0.09821428571428581,0.29591836734693877,
296901,20251201000658,00120872,만호제강,001080,자기주식취득결과보고서,2025-12-01,KOSPI,3740.0,3675.0,3780.0,4160.0,-0.017379679144384985,0.010695187165775444,0.11229946524064172,
117096,20260616000189,00120872,만호제강,001080,주요사항보고서(자기주식취득신탁계약해지결정),2026-06-16,KOSPI,4200.0,4300.0,4240.0,3800.0,0.023809523809523725,0.00952380952380949,-0.09523809523809523,
1254330,20211118000168,00164742,현대자동차,005380,주요사항보고서(자기주식취득결정),2021-11-18,KOSPI,205000.0,209500.0,218500.0,210000.0,0.02195121951219514,0.06585365853658542,0.024390243902439046,
1208426,20220218001565,00164742,현대자동차,005380,자기주식취득결과보고서,2022-02-18,KOSPI,183500.0,185000.0,181500.0,174000.0,0.008174386920980936,-0.010899182561307952,-0.05177111716621252,
549615,20241127000199,00164742,현대자동차,005380,주요사항보고서(자기주식취득결정),2024-11-27,KOSPI,221000.0,219000.0,218500.0,209000.0,-0.009049773755656076,-0.011312217194570096,-0.05429864253393668,
503103,20250218001439,00164742,현대자동차,005380,자기주식취득결과보고서,2025-02-18,KOSPI,200500.0,204000.0,203000.0,202500.0,0.0174563591022443,0.012468827930174564,0.009975062344139696,
266594,20260129000336,00164742,현대자동차,005380,주요사항보고서(자기주식취득결정),2026-01-29,KOSPI,528000.0,500000.0,478000.0,488500.0,-0.05303030303030298,-0.09469696969696972,-0.07481060606060608,
23741,20260423000276,00164742,현대자동차,005380,자기주식취득결과보고서,2026-04-23,KOSPI,532000.0,513000.0,524000.0,531000.0,-0.0357142857142857,-0.015037593984962405,-0.001879699248120259,
1253920,20211119000192,00916826,드림씨아이에스,223250,주요사항보고서(자기주식취득결정),2021-11-19,KOSDAQ,2803.0,2778.0,2753.0,2878.0,-0.008919015340706382,-0.017838030681412764,0.026757046022119146,
1230896,20211231000110,00916826,드림씨아이에스,223250,자기주식취득결과보고서,2021-12-31,KOSDAQ,3304.0,3316.0,3279.0,3241.0,0.00363196125907983,-0.007566585956416461,-0.01906779661016944,
1253088,20211122000312,00161693,한샘,009240,주요사항보고서(자기주식취득결정),2021-11-22,KOSPI,85000.0,91000.0,93400.0,86300.0,0.07058823529411762,0.09882352941176475,0.015294117647058902,
1222993,20220120000275,00161693,한샘,009240,자기주식취득결과보고서,2022-01-20,KOSPI,80000.0,78400.0,76500.0,69800.0,-0.020000000000000018,-0.043749999999999956,-0.12749999999999995,
1215044,20220208000527,00161693,한샘,009240,주요사항보고서(자기주식취득결정),2022-02-08,KOSPI,74100.0,77300.0,74300.0,70500.0,0.04318488529014841,0.0026990553306343035,-0.04858299595141702,
1175225,20220324000842,00161693,한샘,009240,주요사항보고서(자기주식취득결정),2022-03-24,KOSPI,83800.0,84300.0,84700.0,85200.0,0.005966587112171906,0.010739856801909253,0.01670644391408116,
1127534,20220506000459,00161693,한샘,009240,자기주식취득결과보고서,2022-05-06,KOSPI,68900.0,67200.0,67500.0,67700.0,-0.02467343976777936,-0.020319303338171224,-0.01741654571843254,
1124858,20220512000854,00161693,한샘,009240,주요사항보고서(자기주식취득결정),2022-05-12,KOSPI,65900.0,67700.0,68000.0,67300.0,0.0273141122913505,0.03186646433990892,0.02124430955993928,
1094853,20220707000326,00161693,한샘,009240,자기주식취득결과보고서,2022-07-07,KOSPI,61600.0,60800.0,60200.0,57200.0,-0.012987012987012991,-0.022727272727272707,-0.0714285714285714,
120638,20260609000507,00161693,한샘,009240,주요사항보고서(자기주식취득신탁계약체결결정),2026-06-09,KOSPI,29900.0,32200.0,32300.0,34950.0,0.07692307692307687,0.08026755852842804,0.1688963210702341,
1252963,20211123000081,01063990,로보로보,215100,주요사항보고서(자기주식취득신탁계약체결결정),2021-11-23,KOSDAQ,3485.0,3410.0,3405.0,3020.0,-0.021520803443328518,-0.022955523672883782,-0.133428981348637,
1118343,20220523000119,01063990,로보로보,215100,주요사항보고서(자기주식취득신탁계약해지결정),2022-05-23,KOSDAQ,9260.0,9260.0,8970.0,9120.0,0.0,-0.03131749460043198,-0.015118790496760237,
1252908,20211123000134,01159233,솔루엠,248070,주요사항보고서(자기주식취득신탁계약체결결정),2021-11-23,KOSPI,24750.0,24700.0,24500.0,23050.0,-0.002020202020202033,-0.010101010101010055,-0.06868686868686869,
1105330,20220615000229,01159233,솔루엠,248070,주요사항보고서(자기주식취득신탁계약해지결정),2022-06-15,KOSPI,19800.0,19850.0,20000.0,17500.0,0.002525252525252597,0.010101010101010166,-0.11616161616161613,
1101336,20220624000043,01159233,솔루엠,248070,주요사항보고서(자기주식취득신탁계약체결결정),2022-06-24,KOSPI,18600.0,19000.0,19350.0,19500.0,0.021505376344086002,0.040322580645161255,0.048387096774193505,
1044556,20221101000006,01159233,솔루엠,248070,주요사항보고서(자기주식취득신탁계약체결결정),2022-11-01,KOSPI,18050.0,18400.0,18600.0,19300.0,0.01939058171745156,0.030470914127423754,0.06925207756232687,
870679,20230627000379,01159233,솔루엠,248070,주요사항보고서(자기주식취득신탁계약해지결정),2023-06-27,KOSPI,27950.0,29800.0,29350.0,28850.0,0.06618962432915931,0.050089445438282754,0.03220035778175312,
810265,20231101000252,01159233,솔루엠,248070,주요사항보고서(자기주식취득신탁계약해지결정),2023-11-01,KOSPI,30600.0,30450.0,30100.0,29700.0,-0.004901960784313708,-0.016339869281045805,-0.02941176470588236,
596761,20240820000105,01159233,솔루엠,248070,주요사항보고서(자기주식취득신탁계약체결결정),2024-08-20,KOSPI,19010.0,19140.0,19360.0,18480.0,0.006838506049447579,0.018411362440820644,-0.027880063124671173,
487487,20250307000319,01159233,솔루엠,248070,주요사항보고서(자기주식취득신탁계약해지결정),2025-03-07,KOSPI,17410.0,17010.0,17090.0,17750.0,-0.022975301550832827,-0.018380241240666284,0.019529006318207864,
1252703,20211123000321,00340096,미래에셋벤처투자,100790,주요사항보고서(자기주식취득결정),2021-11-23,KOSDAQ,7817.0,8236.0,8589.0,8207.0,0.05360112575156717,0.09875911474990406,0.049891262632723477,
1242381,20211210000707,00340096,미래에셋벤처투자,100790,자기주식취득결과보고서,2021-12-10,KOSDAQ,8026.0,7988.0,8064.0,7864.0,-0.0047346125093445934,0.0047346125093445934,-0.02018440069773242,
978754,20230303000572,00340096,미래에셋벤처투자,100790,주요사항보고서(자기주식취득결정),2023-03-03,KOSDAQ,5580.0,6120.0,6080.0,5940.0,0.09677419354838701,0.08960573476702516,0.06451612903225801,
899459,20230502000797,00340096,미래에셋벤처투자,100790,자기주식취득결과보고서,2023-05-02,KOSDAQ,5210.0,5270.0,5190.0,5100.0,0.011516314779270731,-0.0038387715930902067,-0.021113243761996192,
1252465,20211124000080,00366845,탑엔지니어링,065130,주요사항보고서(자기주식취득결정),2021-11-24,KOSDAQ,7810.0,7990.0,7710.0,7700.0,0.023047375160051287,-0.012804097311139517,-0.014084507042253502,
1242103,20211213000104,00366845,탑엔지니어링,065130,자기주식취득결과보고서,2021-12-13,KOSDAQ,8000.0,7950.0,7990.0,8170.0,-0.006249999999999978,-0.0012499999999999734,0.02124999999999999,
1096627,20220704000051,00366845,탑엔지니어링,065130,주요사항보고서(자기주식취득결정),2022-07-04,KOSDAQ,5220.0,5460.0,5430.0,5700.0,0.04597701149425282,0.04022988505747116,0.09195402298850586,
1055312,20221005000151,00366845,탑엔지니어링,065130,자기주식취득결과보고서,2022-10-05,KOSDAQ,5610.0,5530.0,5400.0,4780.0,-0.014260249554367221,-0.03743315508021394,-0.14795008912655971,
561262,20241106000118,00366845,탑엔지니어링,065130,주요사항보고서(자기주식취득결정),2024-11-06,KOSDAQ,4110.0,4340.0,4470.0,4380.0,0.05596107055961075,0.0875912408759123,0.06569343065693434,
546018,20241129001218,00366845,탑엔지니어링,065130,자기주식취득결과보고서,2024-11-29,KOSDAQ,4430.0,4480.0,4420.0,4115.0,0.011286681715575675,-0.0022573363431150906,-0.07110609480812646,
1252298,20211124000241,00112022,대원화성,024890,주요사항보고서(자기주식취득신탁계약해지결정),2021-11-24,KOSPI,21525.0,20100.0,19250.0,18550.0,-0.0662020905923345,-0.10569105691056913,-0.1382113821138211,
1252060,20211124000482,00231363,LG유플러스,032640,주요사항보고서(자기주식취득신탁계약해지결정),2021-11-24,KOSPI,13950.0,13800.0,13800.0,13300.0,-0.010752688172043001,-0.010752688172043001,-0.04659498207885304,
365985,20250721000270,00231363,LG유플러스,032640,주요사항보고서(자기주식취득신탁계약체결결정),2025-07-21,KOSPI,14920.0,15120.0,14920.0,14290.0,0.013404825737265424,0.0,-0.04222520107238603,
256419,20260210000941,00231363,LG유플러스,032640,주요사항보고서(자기주식취득신탁계약해지결정),2026-02-10,KOSPI,16020.0,16580.0,17170.0,17500.0,0.03495630461922605,0.07178526841448196,0.09238451935081149,
1252058,20211124800603,00120021,LG,003550,주요사항보고서(자기주식취득신탁계약해지결정)(자회사의 주요경영사항),2021-11-24,KOSPI,86500.0,84600.0,82000.0,78400.0,-0.02196531791907519,-0.052023121387283267,-0.09364161849710984,
1115747,20220527000472,00120021,LG,003550,주요사항보고서(자기주식취득신탁계약체결결정),2022-05-27,KOSPI,74700.0,81900.0,80200.0,80300.0,0.09638554216867479,0.07362784471218209,0.07496653279785814,
590033,20240829001665,00120021,LG,003550,주요사항보고서(자기주식취득신탁계약해지결정),2024-08-30,KOSPI,79200.0,79100.0,85400.0,84600.0,-0.0012626262626262985,0.07828282828282829,0.06818181818181812,
365977,20250721800565,00120021,LG,003550,주요사항보고서(자기주식취득신탁계약체결결정)(자회사의 주요경영사항),2025-07-21,KOSPI,80100.0,79900.0,80100.0,78600.0,-0.0024968789013732895,0.0,-0.01872659176029967,
266564,20260129800386,00120021,LG,003550,주요사항보고서(자기주식취득신탁계약체결결정)(자회사의 주요경영사항),2026-01-29,KOSPI,92400.0,91700.0,87900.0,92800.0,-0.007575757575757569,-0.04870129870129869,0.0043290043290042934,
256417,20260210801366,00120021,LG,003550,주요사항보고서(자기주식취득신탁계약해지결정)(자회사의 주요경영사항),2026-02-10,KOSPI,92900.0,98300.0,96200.0,98500.0,0.0581270182992466,0.03552206673842839,0.060279870828848114,
1251579,20211125000357,00374738,위세아이텍,065370,[연장결정]주요사항보고서(자기주식취득신탁계약체결결정),2021-11-25,KOSDAQ,15950.0,15950.0,16300.0,16350.0,0.0,0.021943573667711602,0.02507836990595602,
1046321,20221027000308,00374738,위세아이텍,065370,주요사항보고서(자기주식취득신탁계약체결결정),2022-10-27,KOSDAQ,11300.0,11100.0,11150.0,12250.0,-0.017699115044247815,-0.013274336283185861,0.08407079646017701,
553678,20241118000026,00374738,위세아이텍,065370,주요사항보고서(자기주식취득신탁계약체결결정),2024-11-18,KOSDAQ,4075.0,4120.0,4145.0,4010.0,0.01104294478527601,0.01717791411042935,-0.015950920245398792,
1249616,20211129000682,00158015,한국선재,025550,주요사항보고서(자기주식취득신탁계약해지결정),2021-11-29,KOSDAQ,4250.0,4050.0,4285.0,4485.0,-0.04705882352941182,0.008235294117647118,0.055294117647058716,
1190794,20220311000670,00158015,한국선재,025550,[연장결정]주요사항보고서(자기주식취득신탁계약체결결정),2022-03-11,KOSDAQ,6330.0,6840.0,6890.0,6960.0,0.08056872037914697,0.08846761453396534,0.09952606635071093,
1083619,20220804000159,00158015,한국선재,025550,주요사항보고서(자기주식취득신탁계약체결결정),2022-08-04,KOSDAQ,4600.0,4620.0,4630.0,5050.0,0.004347826086956497,0.006521739130434856,0.09782608695652173,
1047072,20221026000201,00158015,한국선재,025550,주요사항보고서(자기주식취득신탁계약해지결정),2022-10-26,KOSDAQ,3730.0,3895.0,3890.0,3985.0,0.04423592493297579,0.04289544235924936,0.06836461126005355,
1246608,20211201000044,00144012,원풍,008370,주요사항보고서(자기주식취득결정),2021-12-01,KOSDAQ,4985.0,5040.0,5130.0,5180.0,0.011033099297893756,0.029087261785356144,0.03911735205616851,
1223078,20220120000145,00144012,원풍,008370,자기주식취득결과보고서,2022-01-20,KOSDAQ,4915.0,4750.0,4615.0,4415.0,-0.033570701932858604,-0.061037639877924765,-0.10172939979654116,
1220358,20220126000197,00144012,원풍,008370,주요사항보고서(자기주식취득결정),2022-01-26,KOSDAQ,4520.0,4415.0,4640.0,5000.0,-0.023230088495575174,0.026548672566371723,0.10619469026548667,
1193242,20220310000262,00144012,원풍,008370,자기주식취득결과보고서,2022-03-10,KOSDAQ,4900.0,4950.0,4890.0,5040.0,0.010204081632652962,-0.0020408163265306367,0.02857142857142847,
1102665,20220622000061,00144012,원풍,008370,주요사항보고서(자기주식취득결정),2022-06-22,KOSDAQ,4405.0,4340.0,4565.0,4750.0,-0.014755959137343955,0.036322360953461974,0.0783200908059023,
1083263,20220805000111,00144012,원풍,008370,자기주식취득결과보고서,2022-08-05,KOSDAQ,4990.0,4990.0,4970.0,5100.0,0.0,-0.004008016032064132,0.022044088176352616,
828168,20230915000118,00144012,원풍,008370,주요사항보고서(자기주식취득결정),2023-09-15,KOSDAQ,4235.0,4265.0,4205.0,4120.0,0.007083825265643551,-0.00708382526564344,-0.02715466351829987,
806290,20231110000234,00144012,원풍,008370,자기주식취득결과보고서,2023-11-10,KOSDAQ,4350.0,4265.0,4275.0,4275.0,-0.019540229885057436,-0.017241379310344862,-0.017241379310344862,
673736,20240411002166,00144012,원풍,008370,주요사항보고서(자기주식취득결정),2024-04-11,KOSDAQ,4145.0,4075.0,4115.0,4160.0,-0.016887816646562137,-0.007237635705669487,0.003618817852834688,
642921,20240529000284,00144012,원풍,008370,자기주식취득결과보고서,2024-05-29,KOSDAQ,4275.0,4280.0,4325.0,4370.0,0.0011695906432749315,0.011695906432748648,0.022222222222222143,
584273,20240909000074,00144012,원풍,008370,주요사항보고서(자기주식취득결정),2024-09-09,KOSDAQ,4825.0,4830.0,4820.0,4850.0,0.0010362694300518616,-0.0010362694300518616,0.005181347150259086,
545953,20241129001285,00144012,원풍,008370,자기주식취득결과보고서,2024-11-29,KOSDAQ,4870.0,4580.0,4650.0,4505.0,-0.05954825462012325,-0.045174537987679675,-0.07494866529774125,
365434,20250723000111,00144012,원풍,008370,주요사항보고서(자기주식취득결정),2025-07-23,KOSDAQ,4600.0,4600.0,4600.0,4635.0,0.0,0.0,0.007608695652173925,
336532,20250909000138,00144012,원풍,008370,자기주식취득결과보고서,2025-09-09,KOSDAQ,4415.0,4485.0,4435.0,4620.0,0.015855039637599155,0.0045300113250283935,0.04643261608154026,
1245694,20211202000291,00787376,대성에너지,117580,[연장결정]주요사항보고서(자기주식취득신탁계약체결결정),2021-12-02,KOSPI,7550.0,7600.0,7620.0,7790.0,0.0066225165562914245,0.009271523178807861,0.03178807947019857,
1110159,20220602000375,00787376,대성에너지,117580,주요사항보고서(자기주식취득신탁계약해지결정),2022-06-02,KOSPI,13950.0,13450.0,14300.0,13500.0,-0.03584229390681004,0.02508960573476693,-0.032258064516129004,
993558,20230213000873,00787376,대성에너지,117580,주요사항보고서(자기주식취득신탁계약체결결정),2023-02-13,KOSPI,10410.0,10440.0,9970.0,9940.0,0.0028818443804035088,-0.04226705091258409,-0.04514889529298749,
847411,20230811001982,00787376,대성에너지,117580,[연장결정]주요사항보고서(자기주식취득신탁계약체결결정),2023-08-11,KOSPI,7640.0,7450.0,7120.0,6930.0,-0.02486910994764402,-0.0680628272251309,-0.09293193717277481,
755596,20240213001080,00787376,대성에너지,117580,[연장결정]주요사항보고서(자기주식취득신탁계약체결결정),2024-02-13,KOSPI,9000.0,9170.0,9120.0,9010.0,0.018888888888888955,0.01333333333333342,0.0011111111111110628,
602892,20240813001448,00787376,대성에너지,117580,주요사항보고서(자기주식취득신탁계약해지결정),2024-08-13,KOSPI,11620.0,11280.0,10640.0,9700.0,-0.029259896729776247,-0.08433734939759041,-0.16523235800344238,
1244670,20211206000301,00153339,태경산업,015890,주요사항보고서(자기주식취득신탁계약체결결정),2021-12-06,KOSPI,6960.0,7110.0,7000.0,7330.0,0.02155172413793105,0.005747126436781658,0.053160919540229834,
1108862,20220607000164,00153339,태경산업,015890,주요사항보고서(자기주식취득신탁계약해지결정),2022-06-07,KOSPI,6940.0,6800.0,6560.0,6450.0,-0.02017291066282423,-0.05475504322766567,-0.07060518731988474,
1244276,20211207000252,00942131,앤디포스,238090,주요사항보고서(자기주식취득결정),2021-12-07,KOSDAQ,8500.0,8550.0,8590.0,8800.0,0.00588235294117645,0.010588235294117565,0.03529411764705892,
1227125,20220110000465,00942131,앤디포스,238090,자기주식취득결과보고서,2022-01-10,KOSDAQ,8740.0,8530.0,8620.0,8210.0,-0.024027459954233388,-0.013729977116704761,-0.060640732265446196,
742126,20240228008655,00942131,앤디포스,238090,주요사항보고서(자기주식취득결정),2024-02-28,KOSDAQ,3395.0,3520.0,3785.0,3905.0,0.036818851251841034,0.11487481590574378,0.15022091310751096,
642875,20240529000330,00942131,앤디포스,238090,자기주식취득결과보고서,2024-05-29,KOSDAQ,4200.0,4050.0,3995.0,3980.0,-0.0357142857142857,-0.04880952380952386,-0.05238095238095242,
1243845,20211208000151,00415646,드림텍,192650,주요사항보고서(자기주식취득신탁계약체결결정),2021-12-08,KOSPI,10400.0,10400.0,10600.0,10300.0,0.0,0.019230769230769162,-0.009615384615384581,
1242589,20211210000467,00415646,드림텍,192650,주요사항보고서(자기주식취득신탁계약해지결정),2021-12-10,KOSPI,10600.0,10600.0,10400.0,10250.0,0.0,-0.018867924528301883,-0.03301886792452835,
1063945,20220913000066,00415646,드림텍,192650,[연장결정]주요사항보고서(자기주식취득신탁계약체결결정),2022-09-13,KOSPI,10550.0,10700.0,10950.0,11800.0,0.014218009478673022,0.03791469194312791,0.11848341232227488,
1042453,20221107000079,00415646,드림텍,192650,주요사항보고서(자기주식취득신탁계약체결결정),2022-11-07,KOSPI,9610.0,9560.0,9600.0,9790.0,-0.005202913631633721,-0.0010405827263267886,0.018730489073881307,
1018863,20221216000379,00415646,드림텍,192650,주요사항보고서(자기주식취득신탁계약해지결정),2022-12-16,KOSPI,10150.0,10050.0,9720.0,9530.0,-0.009852216748768461,-0.04236453201970447,-0.06108374384236448,
899096,20230503000076,00415646,드림텍,192650,주요사항보고서(자기주식취득신탁계약체결결정),2023-05-03,KOSPI,9620.0,9490.0,9540.0,9350.0,-0.013513513513513487,-0.008316008316008316,-0.028066528066528096,
896902,20230509000516,00415646,드림텍,192650,주요사항보고서(자기주식취득신탁계약해지결정),2023-05-09,KOSPI,9510.0,9400.0,9350.0,8700.0,-0.011566771819137789,-0.01682439537329128,-0.08517350157728709,
805479,20231113000120,00415646,드림텍,192650,주요사항보고서(자기주식취득신탁계약체결결정),2023-11-13,KOSPI,10600.0,10800.0,11440.0,11390.0,0.018867924528301883,0.0792452830188679,0.07452830188679238,
799951,20231117000179,00415646,드림텍,192650,주요사항보고서(자기주식취득신탁계약해지결정),2023-11-17,KOSPI,11210.0,11390.0,11390.0,11810.0,0.01605709188224802,0.01605709188224802,0.0535236396074934,
642978,20240529000187,00415646,드림텍,192650,주요사항보고서(자기주식취득신탁계약체결결정),2024-05-29,KOSPI,9170.0,9000.0,9030.0,9260.0,-0.018538713195201728,-0.01526717557251911,0.009814612868048078,
638802,20240531001455,00415646,드림텍,192650,주요사항보고서(자기주식취득신탁계약해지결정),2024-05-31,KOSPI,9030.0,9190.0,9320.0,9400.0,0.017718715393133966,0.032115171650055396,0.04097452934662238,
552513,20241120000326,00415646,드림텍,192650,[연장결정]주요사항보고서(자기주식취득신탁계약체결결정),2024-11-20,KOSPI,9010.0,9010.0,8960.0,8300.0,0.0,-0.005549389567147567,-0.07880133185349614,
552362,20241121000031,00415646,드림텍,192650,[연장결정]주요사항보고서(자기주식취득신탁계약체결결정),2024-11-21,KOSPI,9010.0,8960.0,9030.0,8290.0,-0.005549389567147567,0.002219755826859071,-0.07991120976692567,
491733,20250228005273,00415646,드림텍,192650,[첨부추가]주요사항보고서(자기주식취득신탁계약해지결정),2025-02-28,KOSPI,7180.0,7030.0,7270.0,7150.0,-0.02089136490250698,0.012534818941504211,-0.004178272980501441,
396783,20250519000137,00415646,드림텍,192650,주요사항보고서(자기주식취득신탁계약체결결정),2025-05-19,KOSPI,5990.0,6000.0,6010.0,5910.0,0.0016694490818029983,0.0033388981636059967,-0.013355592654423987,
358702,20250806000032,00415646,드림텍,192650,주요사항보고서(자기주식취득신탁계약해지결정),2025-08-06,KOSPI,6380.0,6400.0,6380.0,6470.0,0.0031347962382444194,0.0,0.014106583072100332,
358677,20250806000056,00415646,드림텍,192650,주요사항보고서(자기주식취득신탁계약체결결정),2025-08-06,KOSPI,6380.0,6400.0,6380.0,6470.0,0.0031347962382444194,0.0,0.014106583072100332,
329827,20250925000461,00415646,드림텍,192650,주요사항보고서(자기주식취득신탁계약해지결정),2025-09-25,KOSPI,6340.0,6110.0,6130.0,6110.0,-0.0362776025236593,-0.03312302839116721,-0.0362776025236593,
1243599,20211208000418,00963976,SG,255220,주요사항보고서(자기주식취득신탁계약해지결정),2021-12-08,KOSDAQ,1722.0,1749.0,1758.0,1744.0,0.015679442508710784,0.020905923344947785,0.012775842044134622,
1198557,20220302000363,00963976,SG,255220,주요사항보고서(자기주식취득신탁계약체결결정),2022-03-02,KOSDAQ,1874.0,1887.0,1905.0,1892.0,0.006937033084311706,0.016542155816435367,0.009605122732123883,
1066243,20220902000403,00963976,SG,255220,주요사항보고서(자기주식취득신탁계약해지결정),2022-09-02,KOSDAQ,1477.0,1512.0,1463.0,1432.0,0.023696682464454888,-0.009478672985781977,-0.030467163168585,
757577,20240208000341,00963976,SG,255220,주요사항보고서(자기주식취득신탁계약체결결정),2024-02-08,KOSDAQ,1279.0,1317.0,1284.0,1301.0,0.029710711493354136,0.00390930414386248,0.01720093823299451,
1243399,20211209000113,01236897,제일약품,271980,[연장결정]주요사항보고서(자기주식취득신탁계약체결결정),2021-12-09,KOSPI,32050.0,31800.0,31300.0,32750.0,-0.007800312012480548,-0.023400936037441533,0.021840873634945357,
1107821,20220609000382,01236897,제일약품,271980,[연장결정]주요사항보고서(자기주식취득신탁계약체결결정),2022-06-09,KOSPI,25250.0,24900.0,23500.0,22000.0,-0.013861386138613874,-0.06930693069306926,-0.12871287128712872,
1023354,20221209000408,01236897,제일약품,271980,주요사항보고서(자기주식취득신탁계약해지결정),2022-12-09,KOSPI,18900.0,19350.0,20200.0,21450.0,0.023809523809523725,0.06878306878306883,0.13492063492063489,
1243311,20211209000214,00498001,모베이스,101330,주요사항보고서(자기주식취득신탁계약체결결정),2021-12-09,KOSDAQ,3680.0,3800.0,4085.0,4285.0,0.032608695652173836,0.11005434782608692,0.16440217391304346,
1107997,20220609000206,00498001,모베이스,101330,[연장결정]주요사항보고서(자기주식취득신탁계약체결결정),2022-06-09,KOSDAQ,3590.0,3520.0,3255.0,3065.0,-0.01949860724233987,-0.0933147632311978,-0.14623955431754876,
1064334,20220908000417,00498001,모베이스,101330,[연장결정]주요사항보고서(자기주식취득신탁계약체결결정),2022-09-08,KOSDAQ,3065.0,3115.0,3100.0,2935.0,0.01631321370309946,0.011419249592169667,-0.04241435562805873,
974431,20230309000577,00498001,모베이스,101330,주요사항보고서(자기주식취득신탁계약해지결정),2023-03-09,KOSDAQ,3390.0,3390.0,3295.0,3520.0,0.0,-0.028023598820059004,0.03834808259587019,
516001,20250203000216,00498001,모베이스,101330,주요사항보고서(자기주식취득신탁계약체결결정),2025-02-03,KOSDAQ,2645.0,2825.0,2960.0,2955.0,0.06805293005671076,0.11909262759924388,0.1172022684310019,
337478,20250905000343,00498001,모베이스,101330,주요사항보고서(자기주식취득신탁계약체결결정),2025-09-05,KOSDAQ,3080.0,3365.0,3315.0,3320.0,0.09253246753246747,0.07629870129870131,0.07792207792207795,
1243255,20211209000279,00271501,코아시아,045970,[연장결정]주요사항보고서(자기주식취득신탁계약체결결정),2021-12-09,KOSDAQ,9600.0,9490.0,9760.0,9600.0,-0.011458333333333348,0.016666666666666607,0.0,
1108748,20220607000264,00271501,코아시아,045970,[연장결정]주요사항보고서(자기주식취득신탁계약체결결정),2022-06-07,KOSDAQ,8080.0,8050.0,7950.0,8500.0,-0.003712871287128716,-0.016089108910891103,0.051980198019802026,
1091419,20220715000181,00271501,코아시아,045970,주요사항보고서(자기주식취득결정),2022-07-15,KOSDAQ,6740.0,6980.0,7150.0,7120.0,0.035608308605341144,0.060830860534124565,0.05637982195845703,
1048536,20221021000333,00271501,코아시아,045970,자기주식취득결과보고서,2022-10-21,KOSDAQ,6020.0,6110.0,6270.0,6280.0,0.014950166112956742,0.04152823920265791,0.04318936877076407,
1242796,20211210000254,00151128,모토닉,009680,[연장결정]주요사항보고서(자기주식취득신탁계약체결결정),2021-12-10,KOSPI,10450.0,10450.0,10450.0,10400.0,0.0,0.0,-0.004784688995215336,
1023348,20221209000426,00151128,모토닉,009680,[연장결정]주요사항보고서(자기주식취득신탁계약체결결정),2022-12-09,KOSPI,8510.0,8560.0,8550.0,8560.0,0.005875440658049458,0.004700352526439522,0.005875440658049458,
787484,20231211000329,00151128,모토닉,009680,[연장결정]주요사항보고서(자기주식취득신탁계약체결결정),2023-12-11,KOSPI,8490.0,8440.0,8460.0,8520.0,-0.005889281507656108,-0.0035335689045936647,0.0035335689045936647,
540730,20241211000106,00151128,모토닉,009680,[연장결정]주요사항보고서(자기주식취득신탁계약체결결정),2024-12-11,KOSPI,8610.0,8700.0,8620.0,8710.0,0.010452961672473782,0.0011614401858304202,0.011614401858304202,
290408,20251215000162,00151128,모토닉,009680,주요사항보고서(자기주식취득신탁계약해지결정),2025-12-15,KOSPI,11450.0,11440.0,11420.0,11620.0,-0.0008733624454148048,-0.0026200873362445254,0.014847161572052459,
1242743,20211210000301,00127857,삼익악기,002450,주요사항보고서(자기주식취득결정),2021-12-10,KOSPI,1790.0,1830.0,1830.0,1840.0,0.022346368715083775,0.022346368715083775,0.027932960893854775,
1197395,20220303000569,00127857,삼익악기,002450,자기주식취득결과보고서,2022-03-03,KOSPI,1835.0,1820.0,1760.0,1740.0,-0.008174386920980936,-0.04087193460490468,-0.05177111716621252,
748775,20240222001213,00127857,삼익악기,002450,주요사항보고서(자기주식취득결정),2024-02-22,KOSPI,1131.0,1131.0,1165.0,1212.0,0.0,0.030061892130857748,0.07161803713527859,
646393,20240521000013,00127857,삼익악기,002450,자기주식취득결과보고서,2024-05-21,KOSPI,1343.0,1313.0,1272.0,1210.0,-0.022338049143708072,-0.05286671630677586,-0.09903201787043936,
1242063,20211213000150,00263371,한국경제TV,039340,주요사항보고서(자기주식취득신탁계약체결결정),2021-12-13,KOSDAQ,7260.0,7460.0,7530.0,7390.0,0.02754820936639124,0.037190082644628086,0.017906336088154173,
976266,20230308000239,00263371,한국경제TV,039340,주요사항보고서(자기주식취득신탁계약체결결정),2023-03-08,KOSDAQ,6760.0,7130.0,6220.0,5600.0,0.05473372781065078,-0.07988165680473369,-0.17159763313609466,
737303,20240306000216,00263371,한국경제TV,039340,[연장결정]주요사항보고서(자기주식취득신탁계약체결결정),2024-03-06,KOSDAQ,5840.0,5830.0,5710.0,5760.0,-0.001712328767123239,-0.022260273972602773,-0.013698630136986356,
560547,20241107000210,00263371,한국경제TV,039340,주요사항보고서(자기주식취득신탁계약체결결정),2024-11-07,KOSDAQ,5600.0,5770.0,5690.0,5690.0,0.03035714285714275,0.016071428571428514,0.016071428571428514,
547620,20241128001186,00263371,한국경제TV,039340,주요사항보고서(자기주식취득신탁계약체결결정),2024-11-28,KOSDAQ,5990.0,6060.0,6070.0,6000.0,0.011686143572620988,0.013355592654423987,0.0016694490818029983,
541882,20241209000309,00263371,한국경제TV,039340,주요사항보고서(자기주식취득신탁계약체결결정),2024-12-09,KOSDAQ,6020.0,6030.0,6040.0,6070.0,0.0016611295681063787,0.0033222591362125353,0.008305647840531671,
500476,20250221001981,00263371,한국경제TV,039340,주요사항보고서(자기주식취득신탁계약체결결정),2025-02-21,KOSDAQ,5460.0,5600.0,5640.0,5820.0,0.02564102564102555,0.03296703296703307,0.06593406593406592,
1240326,20211215000182,00221728,하츠,066130,주요사항보고서(자기주식취득신탁계약체결결정),2021-12-15,KOSDAQ,9300.0,9200.0,9050.0,9270.0,-0.010752688172043001,-0.026881720430107503,-0.003225806451612856,
1239999,20211215000312,00958327,지앤비에스 에코,382800,주요사항보고서(자기주식취득신탁계약체결결정),2021-12-15,KOSDAQ,4887.0,5100.0,4912.0,5237.0,0.04358502148557397,0.005115612850419504,0.07161857990587261,
1105315,20220615000258,00958327,지앤비에스 에코,382800,주요사항보고서(자기주식취득신탁계약해지결정),2022-06-15,KOSDAQ,3275.0,3250.0,3337.0,2925.0,-0.007633587786259555,0.018931297709923633,-0.10687022900763354,
1235683,20211223000146,00892526,디케이앤디,263020,주요사항보고서(자기주식취득신탁계약체결결정),2021-12-23,KOSDAQ,4240.0,4845.0,4700.0,4550.0,0.14268867924528306,0.10849056603773577,0.07311320754716988,
565710,20241028000033,00892526,디케이앤디,263020,주요사항보고서(자기주식취득결정),2024-10-28,KOSDAQ,3655.0,3810.0,3950.0,3990.0,0.04240766073871405,0.08071135430916554,0.09165526675786584,
551684,20241122000131,00892526,디케이앤디,263020,자기주식취득결과보고서,2024-11-22,KOSDAQ,3335.0,3230.0,3235.0,3105.0,-0.03148425787106446,-0.02998500749625188,-0.06896551724137934,
504113,20250217000451,00892526,디케이앤디,263020,주요사항보고서(자기주식취득신탁계약체결결정),2025-02-17,KOSDAQ,3395.0,3290.0,3260.0,3220.0,-0.030927835051546393,-0.03976435935198819,-0.05154639175257736,
1234337,20211227000038,00799539,제노레이,122310,주요사항보고서(자기주식취득신탁계약체결결정),2021-12-27,KOSDAQ,9610.0,9680.0,9780.0,9940.0,0.007284079084287187,0.01768990634755463,0.03433922996878258,
1101315,20220624000068,00799539,제노레이,122310,[연장결정]주요사항보고서(자기주식취득신탁계약체결결정),2022-06-24,KOSDAQ,8170.0,8330.0,8450.0,7970.0,0.019583843329253448,0.03427172582619331,-0.0244798041615667,
1022302,20221213000025,00799539,제노레이,122310,주요사항보고서(자기주식취득신탁계약체결결정),2022-12-13,KOSDAQ,8200.0,8200.0,8110.0,7790.0,0.0,-0.01097560975609757,-0.050000000000000044,
664233,20240419000103,00799539,제노레이,122310,주요사항보고서(자기주식취득신탁계약체결결정),2024-04-19,KOSDAQ,6360.0,6270.0,6260.0,6260.0,-0.014150943396226467,-0.01572327044025157,-0.01572327044025157,
579983,20240920000130,00799539,제노레이,122310,주요사항보고서(자기주식취득신탁계약체결결정),2024-09-20,KOSDAQ,6050.0,6240.0,6270.0,6280.0,0.03140495867768589,0.036363636363636376,0.0380165289256198,
403972,20250509000286,00799539,제노레이,122310,주요사항보고서(자기주식취득신탁계약체결결정),2025-05-09,KOSDAQ,5750.0,5840.0,5850.0,5850.0,0.01565217391304352,0.017391304347825987,0.017391304347825987,
1233297,20211228000464,00684714,풍산,103140,주요사항보고서(자기주식취득결정),2021-12-28,KOSPI,31600.0,31400.0,31150.0,32250.0,-0.006329113924050667,-0.014240506329113889,0.020569620253164667,
1177307,20220323000775,00684714,풍산,103140,자기주식취득결과보고서,2022-03-23,KOSPI,33550.0,33800.0,33650.0,33000.0,0.007451564828613977,0.0029806259314455463,-0.016393442622950838,
1233231,20211228000522,00155531,풍산홀딩스,005810,주요사항보고서(자기주식취득결정),2021-12-28,KOSPI,20155.0,19648.0,19141.0,19580.0,-0.02515504837509308,-0.05031009675018605,-0.02852890101711736,
1233266,20211228800591,00155531,풍산홀딩스,005810,주요사항보고서(자기주식취득결정)(자회사의 주요경영사항),2021-12-28,KOSPI,20155.0,19648.0,19141.0,19580.0,-0.02515504837509308,-0.05031009675018605,-0.02852890101711736,
1177270,20220323000797,00155531,풍산홀딩스,005810,자기주식취득결과보고서,2022-03-23,KOSPI,19885.0,19952.0,19885.0,20324.0,0.0033693738999245326,0.0,0.022076942418908674,
810917,20231031000296,00155531,풍산홀딩스,005810,주요사항보고서(자기주식취득결정),2023-10-31,KOSPI,21677.0,22455.0,22895.0,23402.0,0.035890575264104774,0.05618858698159346,0.0795774323015177,
768622,20240119000295,00155531,풍산홀딩스,005810,자기주식취득결과보고서,2024-01-19,KOSPI,23808.0,23537.0,23503.0,23841.0,-0.011382728494623628,-0.012810819892473124,0.001386088709677491,
501489,20250220001982,00155531,풍산홀딩스,005810,주요사항보고서(자기주식취득결정),2025-02-20,KOSPI,28000.0,28250.0,28250.0,27400.0,0.008928571428571397,0.008928571428571397,-0.021428571428571463,
411877,20250423000409,00155531,풍산홀딩스,005810,자기주식취득결과보고서,2025-04-23,KOSPI,27250.0,27300.0,28400.0,28650.0,0.0018348623853210455,0.04220183486238538,0.05137614678899083,
411187,20250424000432,00155531,풍산홀딩스,005810,주요사항보고서(자기주식취득결정),2025-04-24,KOSPI,27300.0,28400.0,28200.0,28500.0,0.04029304029304037,0.03296703296703307,0.04395604395604402,
379151,20250623000265,00155531,풍산홀딩스,005810,자기주식취득결과보고서,2025-06-23,KOSPI,51200.0,46400.0,45000.0,45850.0,-0.09375,-0.12109375,-0.1044921875,
86917,20260320001168,00155531,풍산홀딩스,005810,주요사항보고서(자기주식취득결정),2026-03-20,KOSPI,38450.0,37500.0,36450.0,35350.0,-0.024707412223667125,-0.052015604681404426,-0.08062418725617682,
116605,20260617000256,00155531,풍산홀딩스,005810,자기주식취득결과보고서,2026-06-17,KOSPI,39050.0,37950.0,36800.0,35350.0,-0.028169014084507005,-0.057618437900127994,-0.09475032010243278,
1231592,20211230000276,01353024,TS트릴리온,317240,주요사항보고서(자기주식취득결정),2021-12-30,KOSDAQ,4780.0,4810.0,4855.0,8165.0,0.006276150627614996,0.01569037656903771,0.7081589958158996,
1231570,20211230000332,01353024,TS트릴리온,317240,자기주식취득결과보고서,2021-12-30,KOSDAQ,4780.0,4810.0,4855.0,8165.0,0.006276150627614996,0.01569037656903771,0.7081589958158996,
1228544,20220106000226,00155373,풍강,093380,[연장결정]주요사항보고서(자기주식취득신탁계약체결결정),2022-01-06,KOSDAQ,4550.0,4620.0,4615.0,5140.0,0.01538461538461533,0.014285714285714235,0.12967032967032965,
1009234,20230106000185,00155373,풍강,093380,[연장결정]주요사항보고서(자기주식취득신탁계약체결결정),2023-01-06,KOSDAQ,3750.0,3755.0,3765.0,3870.0,0.0013333333333334085,0.0040000000000000036,0.03200000000000003,
774212,20240105000196,00155373,풍강,093380,[연장결정]주요사항보고서(자기주식취득신탁계약체결결정),2024-01-05,KOSDAQ,3825.0,3840.0,3840.0,3825.0,0.0039215686274509665,0.0039215686274509665,0.0,
526492,20250106000099,00155373,풍강,093380,[연장결정]주요사항보고서(자기주식취득신탁계약체결결정),2025-01-06,KOSDAQ,2430.0,2375.0,2395.0,2400.0,-0.02263374485596703,-0.014403292181069949,-0.012345679012345734,
277904,20260106000304,00155373,풍강,093380,[연장결정]주요사항보고서(자기주식취득신탁계약체결결정),2026-01-06,KOSDAQ,2785.0,2785.0,2790.0,2785.0,0.0,0.0017953321364452268,0.0,
1228098,20220107000139,00681373,디지캡,197140,주요사항보고서(자기주식취득신탁계약체결결정),2022-01-07,KOSDAQ,4475.0,4870.0,4940.0,4705.0,0.08826815642458108,0.10391061452513961,0.051396648044692794,
1094963,20220707000199,00681373,디지캡,197140,주요사항보고서(자기주식취득신탁계약해지결정),2022-07-07,KOSDAQ,4045.0,4045.0,3955.0,3990.0,0.0,-0.02224969097651419,-0.013597033374536438,
120236,20260610000371,00681373,디지캡,197140,주요사항보고서(자기주식취득신탁계약체결결정),2026-06-10,KOSDAQ,1600.0,1892.0,1823.0,2185.0,0.1825000000000001,0.13937500000000003,0.3656250000000001,
1227422,20220110000155,00413046,셀트리온,068270,주요사항보고서(자기주식취득결정),2022-01-10,KOSPI,157952.0,165975.0,166398.0,135145.0,0.05079391207455419,0.053471940842787724,-0.14439196717990277,
1207972,20220221000073,00413046,셀트리온,068270,자기주식취득결과보고서,2022-02-21,KOSPI,136413.0,137680.0,135566.0,134723.0,0.009287971087799551,-0.006209085644330092,-0.01238884857015099,
1207889,20220221000982,00413046,셀트리온,068270,주요사항보고서(자기주식취득결정),2022-02-21,KOSPI,136413.0,137680.0,135566.0,134723.0,0.009287971087799551,-0.006209085644330092,-0.01238884857015099,
1170578,20220329000865,00413046,셀트리온,068270,자기주식취득결과보고서,2022-03-29,KOSPI,144014.0,146971.0,144859.0,144859.0,0.020532725984973688,0.005867485105614634,0.005867485105614634,
1119915,20220518000005,00413046,셀트리온,068270,주요사항보고서(자기주식취득결정),2022-05-18,KOSPI,120363.0,119097.0,122476.0,129233.0,-0.010518182497943673,0.017555228766315212,0.07369374309380783,
1087314,20220726000295,00413046,셀트리온,068270,자기주식취득결과보고서,2022-07-26,KOSPI,157106.0,160063.0,160485.0,157106.0,0.018821687268468335,0.0215077718228458,0.0,
999569,20230201000013,00413046,셀트리온,068270,주요사항보고서(자기주식취득결정),2023-02-01,KOSPI,148892.0,148541.0,148277.0,146436.0,-0.002357413427182098,-0.004130510705746437,-0.01649517771270448,
979270,20230303000184,00413046,셀트리온,068270,자기주식취득결과보고서,2023-03-03,KOSPI,132055.0,133107.0,136265.0,135650.0,0.00796637764567798,0.031880655787361434,0.027223505357616196,
979269,20230303000185,00413046,셀트리온,068270,주요사항보고서(자기주식취득결정),2023-03-03,KOSPI,132055.0,133107.0,136265.0,135650.0,0.00796637764567798,0.031880655787361434,0.027223505357616196,
950044,20230330000023,00413046,셀트리온,068270,자기주식취득결과보고서,2023-03-30,KOSPI,130301.0,131353.0,131529.0,139860.0,0.008073614170267307,0.009424332890768383,0.07336091050721016,
872708,20230622000117,00413046,셀트리온,068270,주요사항보고서(자기주식취득결정),2023-06-22,KOSPI,141701.0,143718.0,144770.0,133721.0,0.014234197359228151,0.021658280463793478,-0.05631576347379341,
866912,20230704000023,00413046,셀트리온,068270,자기주식취득결과보고서,2023-07-04,KOSPI,131442.0,133809.0,133809.0,128548.0,0.01800794266672745,0.01800794266672745,-0.02201731562209952,
866338,20230705000003,00413046,셀트리온,068270,주요사항보고서(자기주식취득결정),2023-07-05,KOSPI,133809.0,133809.0,130301.0,133721.0,0.0,-0.026216472733523122,-0.0006576538199971615,
863387,20230712000015,00413046,셀트리온,068270,자기주식취득결과보고서,2023-07-12,KOSPI,133721.0,136790.0,138720.0,131442.0,0.022950770634380557,0.037383806582361734,-0.017042947629766436,
838456,20230828000192,00413046,셀트리온,068270,주요사항보고서(자기주식취득결정),2023-08-28,KOSPI,126619.0,129337.0,129337.0,127583.0,0.021465972721313564,0.021465972721313564,0.00761339135516792,
829015,20230913000413,00413046,셀트리온,068270,자기주식취득결과보고서,2023-09-13,KOSPI,128198.0,129425.0,128460.0,127407.0,0.00957113215494787,0.002043713630477839,-0.006170143059954114,
814972,20231023000067,00413046,셀트리온,068270,주요사항보고서(자기주식취득결정),2023-10-23,KOSPI,123287.0,131618.0,131618.0,130916.0,0.06757403456974376,0.06757403456974376,0.061880003568908215,
807182,20231109000017,00413046,셀트리온,068270,자기주식취득결과보고서,2023-11-09,KOSPI,138544.0,137843.0,137492.0,147489.0,-0.00505976440697542,-0.007593255572237001,0.06456432613465757,
807139,20231109000119,00413046,셀트리온,068270,주요사항보고서(자기주식취득결정),2023-11-09,KOSPI,138544.0,137843.0,137492.0,147489.0,-0.00505976440697542,-0.007593255572237001,0.06456432613465757,
784126,20231215000037,00413046,셀트리온,068270,자기주식취득결과보고서,2023-12-15,KOSPI,149155.0,155381.0,158450.0,162658.0,0.04174181220877604,0.062317723173879624,0.09052998558546488,
738327,20240305000129,00413046,셀트리온,068270,주요사항보고서(자기주식취득결정),2024-03-05,KOSPI,154153.0,158361.0,155292.0,159326.0,0.027297555026499554,0.007388763111973118,0.033557569427776324,
710202,20240328001255,00413046,셀트리온,068270,자기주식취득결과보고서,2024-03-28,KOSPI,161168.0,167657.0,164938.0,157485.0,0.04026233495482967,0.023391740295840346,-0.022851930904397855,
665436,20240417000152,00413046,셀트리온,068270,주요사항보고서(자기주식취득결정),2024-04-17,KOSPI,149943.0,155292.0,151610.0,157397.0,0.03567355595126154,0.011117558005375283,0.0497122239784451,
636143,20240604000243,00413046,셀트리온,068270,자기주식취득결과보고서,2024-06-04,KOSPI,164938.0,166867.0,167568.0,164500.0,0.011695303689871261,0.015945385538808532,-0.0026555432950563507,
632217,20240614000092,00413046,셀트리온,068270,주요사항보고서(자기주식취득결정),2024-06-14,KOSPI,160817.0,157660.0,157046.0,155292.0,-0.019631009159479462,-0.023449013474943547,-0.034355820591106645,
594458,20240823000584,00413046,셀트리온,068270,자기주식취득결과보고서,2024-08-26,KOSPI,179757.0,175811.0,176688.0,172830.0,-0.021951857229482008,-0.01707304861563108,-0.03853535606401981,
566406,20241025000080,00413046,셀트리온,068270,주요사항보고서(자기주식취득결정),2024-10-25,KOSPI,163448.0,164588.0,165814.0,158801.0,0.006974695315941526,0.014475551857471514,-0.02843106064314027,
552376,20241121000003,00413046,셀트리온,068270,자기주식취득결과보고서,2024-11-21,KOSPI,152312.0,152136.0,155030.0,163448.0,-0.0011555228741004786,0.01784494983980256,0.07311308367036085,
552370,20241121000006,00413046,셀트리온,068270,주요사항보고서(자기주식취득결정),2024-11-21,KOSPI,152312.0,152136.0,155030.0,163448.0,-0.0011555228741004786,0.01784494983980256,0.07311308367036085,
534451,20241218000258,00413046,셀트리온,068270,자기주식취득결과보고서,2024-12-18,KOSPI,174672.0,168709.0,168797.0,167920.0,-0.03413827058715768,-0.03363446917651369,-0.03865530823486307,
530047,20241227000212,00413046,셀트리온,068270,주요사항보고서(자기주식취득결정),2024-12-27,KOSPI,165625.0,172143.0,165533.0,168838.0,0.039353962264151,-0.000555471698113208,0.01939924528301895,
502811,20250219000001,00413046,셀트리온,068270,자기주식취득결과보고서,2025-02-19,KOSPI,165809.0,165625.0,163605.0,173796.0,-0.0011097105705962784,-0.01329240270431642,0.04816988221387253,
502809,20250219000002,00413046,셀트리온,068270,주요사항보고서(자기주식취득결정),2025-02-19,KOSPI,165809.0,165625.0,163605.0,173796.0,-0.0011097105705962784,-0.01329240270431642,0.04816988221387253,
470404,20250321000007,00413046,셀트리온,068270,자기주식취득결과보고서,2025-03-21,KOSPI,171408.0,169940.0,170766.0,162594.0,-0.008564361056660141,-0.003745449453934513,-0.05142117054046491,
470393,20250321000011,00413046,셀트리온,068270,주요사항보고서(자기주식취득결정),2025-03-21,KOSPI,171408.0,169940.0,170766.0,162594.0,-0.008564361056660141,-0.003745449453934513,-0.05142117054046491,
445053,20250403000002,00413046,셀트리온,068270,자기주식취득결과보고서,2025-04-03,KOSPI,159290.0,159657.0,150935.0,150751.0,0.0023039738841106328,-0.0524515035469898,-0.05360662941804262,
445022,20250403000024,00413046,셀트리온,068270,주요사항보고서(자기주식취득결정),2025-04-03,KOSPI,159290.0,159657.0,150935.0,150751.0,0.0023039738841106328,-0.0524515035469898,-0.05360662941804262,
413340,20250421000005,00413046,셀트리온,068270,자기주식취득결과보고서,2025-04-21,KOSPI,144508.0,144692.0,146803.0,145059.0,0.0012732859080466508,0.015881473690037895,0.0038129376920308378,
409601,20250428000097,00413046,셀트리온,068270,주요사항보고서(자기주식취득결정),2025-04-28,KOSPI,145059.0,150567.0,148089.0,146345.0,0.03797075672657324,0.020888052447624705,0.008865358233546283,
396501,20250520000003,00413046,셀트리온,068270,자기주식취득결과보고서,2025-05-20,KOSPI,142580.0,143774.0,140928.0,142855.0,0.008374246037312405,-0.01158647776686772,0.0019287417590125866,
396498,20250520000006,00413046,셀트리온,068270,주요사항보고서(자기주식취득결정),2025-05-20,KOSPI,142580.0,143774.0,140928.0,142855.0,0.008374246037312405,-0.01158647776686772,0.0019287417590125866,
377533,20250626000001,00413046,셀트리온,068270,자기주식취득결과보고서,2025-06-26,KOSPI,152697.0,152411.0,152125.0,164230.0,-0.0018729903010537008,-0.0037459806021074016,0.07552866133584812,
377527,20250626000003,00413046,셀트리온,068270,주요사항보고서(자기주식취득결정),2025-06-26,KOSPI,152697.0,152411.0,152125.0,164230.0,-0.0018729903010537008,-0.0037459806021074016,0.07552866133584812,
366294,20250721000034,00413046,셀트리온,068270,자기주식취득결과보고서,2025-07-21,KOSPI,172713.0,172427.0,171379.0,169187.0,-0.0016559263054894968,-0.007723796124206039,-0.020415371164880458,
366290,20250721000035,00413046,셀트리온,068270,주요사항보고서(자기주식취득결정),2025-07-21,KOSPI,172713.0,172427.0,171379.0,169187.0,-0.0016559263054894968,-0.007723796124206039,-0.020415371164880458,
353989,20250813001213,00413046,셀트리온,068270,자기주식취득결과보고서,2025-08-13,KOSPI,167757.0,166804.0,164802.0,163277.0,-0.005680835971077158,-0.017614764212521727,-0.026705293966868715,
333335,20250917000073,00413046,셀트리온,068270,주요사항보고서(자기주식취득결정),2025-09-17,KOSPI,160513.0,160608.0,162800.0,168615.0,0.000591852373327928,0.014248067134749132,0.05047566240740631,
322224,20251017000365,00413046,셀트리온,068270,자기주식취득결과보고서,2025-10-17,KOSPI,166804.0,168805.0,170330.0,164802.0,0.011996115201074353,0.02113858180858963,-0.012002110261144838,
24675,20260422000159,00413046,셀트리온,068270,주요사항보고서(자기주식취득결정),2026-04-22,KOSPI,194445.0,196352.0,199211.0,194445.0,0.009807400550284173,0.024510787112036914,0.0,
14355,20260508000081,00413046,셀트리온,068270,자기주식취득결과보고서,2026-05-08,KOSPI,189108.0,182340.0,184247.0,179957.0,-0.035789072910717645,-0.02570488821202699,-0.04839033779639146,
4353,20260521000061,00413046,셀트리온,068270,주요사항보고서(자기주식취득결정),2026-05-21,KOSPI,180720.0,189394.0,185867.0,183865.0,0.04799690128375378,0.028480522355024407,0.017402611775121812,
1227232,20220110000326,00147772,정원엔시스,045510,[연장결정]주요사항보고서(자기주식취득신탁계약체결결정),2022-01-10,KOSDAQ,2420.0,2400.0,2355.0,2420.0,-0.008264462809917328,-0.02685950413223137,0.0,
1008137,20230110000329,00147772,정원엔시스,045510,[연장결정]주요사항보고서(자기주식취득신탁계약체결결정),2023-01-10,KOSDAQ,1390.0,1465.0,1410.0,1470.0,0.05395683453237421,0.014388489208633004,0.05755395683453246,
772149,20240110000669,00147772,정원엔시스,045510,[연장결정]주요사항보고서(자기주식취득신탁계약체결결정),2024-01-10,KOSDAQ,1306.0,1314.0,1280.0,1269.0,0.006125574272588086,-0.019908116385911168,-0.02833078101071973,
524307,20250110000392,00147772,정원엔시스,045510,[연장결정]주요사항보고서(자기주식취득신탁계약체결결정),2025-01-10,KOSDAQ,788.0,766.0,774.0,940.0,-0.027918781725888353,-0.017766497461928932,0.19289340101522834,
1225499,20220113000266,01327092,라닉스,317120,자기주식취득결과보고서,2022-01-13,KOSDAQ,8995.0,8995.0,8536.0,8448.0,0.0,-0.05102834908282383,-0.06081156197887716,
1224555,20220117000049,00375931,인선이엔티,060150,주요사항보고서(자기주식취득결정),2022-01-17,KOSDAQ,11550.0,11200.0,10950.0,11200.0,-0.030303030303030276,-0.051948051948051965,-0.030303030303030276,
1210778,20220215000725,00375931,인선이엔티,060150,자기주식취득결과보고서,2022-02-15,KOSDAQ,10350.0,10650.0,10650.0,10400.0,0.02898550724637672,0.02898550724637672,0.004830917874396157,
1074991,20220819000137,00375931,인선이엔티,060150,주요사항보고서(자기주식취득결정),2022-08-19,KOSDAQ,9500.0,9380.0,9330.0,9850.0,-0.012631578947368438,-0.017894736842105297,0.03684210526315779,
1032390,20221124000322,00375931,인선이엔티,060150,자기주식취득결과보고서,2022-11-24,KOSDAQ,9250.0,9160.0,8950.0,9390.0,-0.009729729729729741,-0.032432432432432434,0.015135135135135203,
541576,20241210000098,00375931,인선이엔티,060150,주요사항보고서(자기주식취득결정),2024-12-10,KOSDAQ,4630.0,4900.0,4915.0,5250.0,0.05831533477321815,0.06155507559395246,0.13390928725701934,
503861,20250217001603,00375931,인선이엔티,060150,자기주식취득결과보고서,2025-02-17,KOSDAQ,5440.0,5440.0,5480.0,5470.0,0.0,0.007352941176470562,0.005514705882353033,
1224521,20220117000076,00349060,한스바이오메드,042520,주요사항보고서(자기주식취득신탁계약체결결정),2022-01-17,KOSDAQ,11200.0,11000.0,11150.0,11850.0,-0.017857142857142905,-0.004464285714285698,0.05803571428571419,
1101910,20220623000098,00349060,한스바이오메드,042520,주요사항보고서(자기주식취득신탁계약체결결정),2022-06-23,KOSDAQ,9430.0,10050.0,10200.0,9990.0,0.0657476139978792,0.0816542948038177,0.05938494167550368,
1090771,20220718000191,00349060,한스바이오메드,042520,주요사항보고서(자기주식취득신탁계약해지결정),2022-07-18,KOSDAQ,10350.0,10450.0,10700.0,10700.0,0.009661835748792313,0.033816425120772875,0.033816425120772875,
1015926,20221223000205,00349060,한스바이오메드,042520,주요사항보고서(자기주식취득신탁계약해지결정),2022-12-23,KOSDAQ,9980.0,9860.0,9910.0,9850.0,-0.012024048096192397,-0.007014028056112176,-0.013026052104208374,
1224497,20220117000091,00353878,다스코,058730,주요사항보고서(자기주식취득신탁계약체결결정),2022-01-17,KOSPI,4830.0,4675.0,4805.0,4710.0,-0.03209109730848858,-0.005175983436852993,-0.024844720496894457,
1090697,20220718000242,00353878,다스코,058730,주요사항보고서(자기주식취득신탁계약해지결정),2022-07-18,KOSPI,5150.0,5150.0,5180.0,5110.0,0.0,0.005825242718446644,-0.007766990291262155,
897164,20230509000192,00353878,다스코,058730,주요사항보고서(자기주식취득신탁계약체결결정),2023-05-09,KOSPI,4455.0,4420.0,4470.0,4375.0,-0.007856341189674487,0.0033670033670034627,-0.017957351290684653,
807724,20231108000286,00353878,다스코,058730,주요사항보고서(자기주식취득신탁계약해지결정),2023-11-08,KOSPI,4300.0,4295.0,4285.0,4250.0,-0.0011627906976744429,-0.0034883720930232176,-0.011627906976744207,
503411,20250218000668,00353878,다스코,058730,주요사항보고서(자기주식취득신탁계약체결결정),2025-02-18,KOSPI,3155.0,3180.0,3155.0,3100.0,0.007923930269413626,0.0,-0.017432646592709933,
401839,20250514000193,00353878,다스코,058730,자기주식취득결과보고서,2025-05-14,KOSPI,3210.0,3110.0,3030.0,3025.0,-0.031152647975077885,-0.05607476635514019,-0.05763239875389403,
396740,20250519000200,00353878,다스코,058730,주요사항보고서(자기주식취득신탁계약해지결정),2025-05-19,KOSPI,3030.0,3065.0,3025.0,3015.0,0.011551155115511635,-0.0016501650165016146,-0.004950495049504955,
305755,20251118000194,00353878,다스코,058730,주요사항보고서(자기주식취득신탁계약체결결정),2025-11-18,KOSPI,2630.0,2900.0,3035.0,3265.0,0.102661596958175,0.1539923954372624,0.2414448669201521,
271568,20260119000195,00353878,다스코,058730,자기주식취득결과보고서,2026-01-19,KOSPI,3250.0,3365.0,3235.0,3200.0,0.03538461538461535,-0.004615384615384577,-0.01538461538461533,
5613,20260518000293,00353878,다스코,058730,주요사항보고서(자기주식취득신탁계약해지결정),2026-05-18,KOSPI,3075.0,3025.0,2930.0,2910.0,-0.016260162601625994,-0.047154471544715415,-0.0536585365853659,
1224057,20220118000216,00579999,고영,098460,주요사항보고서(자기주식취득신탁계약체결결정),2022-01-18,KOSDAQ,20100.0,20800.0,20550.0,21600.0,0.03482587064676612,0.02238805970149249,0.07462686567164178,
1087251,20220726000332,00579999,고영,098460,주요사항보고서(자기주식취득신탁계약체결결정),2022-07-26,KOSDAQ,13750.0,13850.0,14000.0,14750.0,0.0072727272727273196,0.018181818181818077,0.07272727272727275,
824588,20230925000377,00579999,고영,098460,주요사항보고서(자기주식취득신탁계약체결결정),2023-09-25,KOSDAQ,12280.0,12100.0,12380.0,13490.0,-0.014657980456026065,0.008143322475570036,0.09853420195439733,
1223665,20220119000086,00350312,HDC랩스,039570,주요사항보고서(자기주식취득결정),2022-01-19,KOSPI,8820.0,9600.0,9620.0,9530.0,0.08843537414965996,0.09070294784580502,0.08049886621315183,
1130450,20220420000398,00350312,HDC랩스,039570,자기주식취득결과보고서,2022-04-20,KOSPI,9980.0,9890.0,9800.0,9760.0,-0.009018036072144242,-0.018036072144288595,-0.022044088176352727,
1223465,20220119000288,00868705,윈스테크넷,136540,[연장결정]주요사항보고서(자기주식취득신탁계약체결결정),2022-01-19,KOSDAQ,14750.0,14950.0,14750.0,14450.0,0.013559322033898313,0.0,-0.02033898305084747,
1180873,20220321000507,00868705,윈스테크넷,136540,[연장결정]주요사항보고서(자기주식취득신탁계약체결결정),2022-03-21,KOSDAQ,16200.0,16500.0,16550.0,16450.0,0.0185185185185186,0.021604938271605034,0.015432098765432167,
1100364,20220627000289,00868705,윈스테크넷,136540,주요사항보고서(자기주식취득신탁계약체결결정),2022-06-27,KOSDAQ,15600.0,15800.0,15450.0,13250.0,0.012820512820512775,-0.009615384615384581,-0.15064102564102566,
1021063,20221214000311,00868705,윈스테크넷,136540,주요사항보고서(자기주식취득신탁계약해지결정),2022-12-14,KOSDAQ,12950.0,12950.0,12900.0,12750.0,0.0,-0.0038610038610038533,-0.015444015444015413,
1021018,20221214000349,00868705,윈스테크넷,136540,주요사항보고서(자기주식취득신탁계약해지결정),2022-12-14,KOSDAQ,12950.0,12950.0,12900.0,12750.0,0.0,-0.0038610038610038533,-0.015444015444015413,
871456,20230626000099,00868705,윈스테크넷,136540,[연장결정]주요사항보고서(자기주식취득신탁계약체결결정),2023-06-26,KOSDAQ,12280.0,12400.0,12480.0,12430.0,0.009771986970684043,0.016286644951140072,0.012214983713354943,
724445,20240318000202,00868705,윈스테크넷,136540,주요사항보고서(자기주식취득신탁계약체결결정),2024-03-18,KOSDAQ,13090.0,12990.0,12940.0,12980.0,-0.007639419404125269,-0.01145912910618796,-0.008403361344537785,
627224,20240625000130,00868705,윈스테크넷,136540,[연장결정]주요사항보고서(자기주식취득신탁계약체결결정),2024-06-25,KOSDAQ,14720.0,14660.0,14660.0,14210.0,-0.0040760869565217295,-0.0040760869565217295,-0.03464673913043481,
561918,20241104000327,00868705,윈스테크넷,136540,주요사항보고서(자기주식취득결정),2024-11-04,KOSDAQ,13190.0,15120.0,14960.0,14980.0,0.1463229719484458,0.13419257012888552,0.1357088703563305,
549782,20241127000026,00868705,윈스테크넷,136540,자기주식취득결과보고서,2024-11-27,KOSDAQ,13190.0,13000.0,12730.0,12520.0,-0.014404852160727843,-0.03487490523123582,-0.05079605761940864,
530152,20241227000090,00868705,윈스테크넷,136540,주요사항보고서(자기주식취득신탁계약해지결정),2024-12-27,KOSDAQ,12620.0,12250.0,12430.0,12280.0,-0.029318541996830483,-0.015055467511885912,-0.02694136291600635,
475350,20250318000284,00868705,윈스테크넷,136540,[연장결정]주요사항보고서(자기주식취득신탁계약체결결정),2025-03-18,KOSDAQ,11060.0,11050.0,11080.0,11060.0,-0.000904159132007254,0.001808318264014508,0.0,
378194,20250625000134,00868705,윈스테크넷,136540,주요사항보고서(자기주식취득신탁계약해지결정),2025-06-25,KOSDAQ,12770.0,12310.0,12480.0,12660.0,-0.03602192638997648,-0.022709475332811313,-0.008613938919342257,
377317,20250626000326,00868705,윈스테크넷,136540,주요사항보고서(자기주식취득신탁계약체결결정),2025-06-26,KOSDAQ,12310.0,12480.0,12610.0,12790.0,0.01380991064175463,0.024370430544272903,0.038992688870836734,
271373,20260120000025,00868705,윈스테크넷,136540,주요사항보고서(자기주식취득신탁계약해지결정),2026-01-20,KOSDAQ,10900.0,11210.0,11200.0,11370.0,0.028440366972477094,0.02752293577981657,0.0431192660550459,
270912,20260121000129,00868705,윈스테크넷,136540,주요사항보고서(자기주식취득신탁계약체결결정),2026-01-21,KOSDAQ,11210.0,11200.0,11220.0,11140.0,-0.000892060660124927,0.000892060660124816,-0.006244424620874267,
1222333,20220121000153,00102140,경인전자,009140,주요사항보고서(자기주식취득신탁계약해지결정),2022-01-21,KOSPI,33550.0,33500.0,32300.0,30350.0,-0.0014903129657227732,-0.037257824143069995,-0.09538002980625937,
1222214,20220121000287,00831428,옵투스제약,131030,주요사항보고서(자기주식취득결정),2022-01-21,KOSDAQ,7350.0,7260.0,7130.0,7200.0,-0.01224489795918371,-0.029931972789115635,-0.020408163265306145,
1177852,20220323000255,00831428,옵투스제약,131030,자기주식취득결과보고서,2022-03-23,KOSDAQ,7270.0,7350.0,7290.0,7340.0,0.011004126547455195,0.0027510316368637433,0.009628610729023324,
1065048,20220907000210,00831428,옵투스제약,131030,주요사항보고서(자기주식취득결정),2022-09-07,KOSDAQ,6450.0,6350.0,6460.0,6450.0,-0.015503875968992276,0.0015503875968991832,0.0,
1049883,20221019000056,00831428,옵투스제약,131030,자기주식취득결과보고서,2022-10-19,KOSDAQ,6350.0,6290.0,6230.0,6320.0,-0.009448818897637823,-0.018897637795275646,-0.0047244094488189115,
1222095,20220121000394,01303029,알비더블유,361570,주요사항보고서(자기주식취득신탁계약체결결정),2022-01-21,KOSDAQ,7975.0,7775.0,7425.0,6807.0,-0.025078369905956133,-0.06896551724137934,-0.14645768025078365,
555923,20241114001494,01303029,알비더블유,361570,주요사항보고서(자기주식취득신탁계약체결결정),2024-11-14,KOSDAQ,2070.0,2185.0,2200.0,2340.0,0.05555555555555558,0.06280193236714982,0.13043478260869557,
1221537,20220124000146,00353610,이니텍,053350,주요사항보고서(자기주식취득신탁계약체결결정),2022-01-24,KOSDAQ,5160.0,5100.0,4990.0,4950.0,-0.011627906976744207,-0.032945736434108475,-0.04069767441860461,
1045402,20221028000404,00353610,이니텍,053350,주요사항보고서(자기주식취득신탁계약체결결정),2022-10-28,KOSDAQ,3115.0,3250.0,3350.0,3390.0,0.043338683788122,0.0754414125200642,0.08828250401284099,
850951,20230809000441,00353610,이니텍,053350,주요사항보고서(자기주식취득신탁계약체결결정),2023-08-09,KOSDAQ,3500.0,3620.0,3560.0,3330.0,0.03428571428571425,0.017142857142857126,-0.0485714285714286,
1221172,20220125000152,00113225,대한제강,084010,주요사항보고서(자기주식취득신탁계약체결결정),2022-01-25,KOSPI,10536.0,10502.0,11202.0,13336.0,-0.003227031131359137,0.06321184510250566,0.2657555049354594,
1207787,20220221001667,00113225,대한제강,084010,주요사항보고서(자기주식취득신탁계약체결결정),2022-02-21,KOSPI,14236.0,15070.0,15270.0,15804.0,0.05858387187412184,0.07263276201180102,0.11014329867940442,
1087983,20220725000146,00113225,대한제강,084010,주요사항보고서(자기주식취득신탁계약해지결정),2022-07-25,KOSPI,10469.0,10636.0,10502.0,10702.0,0.015951857866080887,0.0031521635304232465,0.02225618492692716,
1074334,20220822000233,00113225,대한제강,084010,주요사항보고서(자기주식취득신탁계약해지결정),2022-08-22,KOSPI,9835.0,9869.0,9969.0,9735.0,0.0034570411794612177,0.013624809354346734,-0.010167768174885627,
951308,20230329000820,00113225,대한제강,084010,주요사항보고서(자기주식취득신탁계약체결결정),2023-03-29,KOSPI,8308.0,9135.0,8795.0,9035.0,0.09954260953298033,0.058618199325950915,0.08750601829561866,
823740,20230926000519,00113225,대한제강,084010,주요사항보고서(자기주식취득신탁계약해지결정),2023-09-26,KOSPI,8402.0,8255.0,8348.0,8328.0,-0.017495834325160664,-0.006427041180671278,-0.00880742680314206,
562498,20241101000265,00113225,대한제강,084010,주요사항보고서(자기주식취득신탁계약체결결정),2024-11-01,KOSPI,8975.0,10002.0,9889.0,9962.0,0.11442896935933144,0.10183844011142051,0.10997214484679674,
404959,20250507000545,00113225,대한제강,084010,주요사항보고서(자기주식취득신탁계약해지결정),2025-05-07,KOSPI,10175.0,10536.0,10562.0,10776.0,0.03547911547911542,0.03803439803439801,0.05906633906633907,
1221106,20220125000216,00642897,브레인즈컴퍼니,099390,주요사항보고서(자기주식취득신탁계약체결결정),2022-01-25,KOSDAQ,12094.0,12094.0,12019.0,12120.0,0.0,-0.006201422192822936,0.002149826360178686,
1093081,20220712000163,00642897,브레인즈컴퍼니,099390,주요사항보고서(자기주식취득신탁계약체결결정),2022-07-12,KOSDAQ,8550.0,8470.0,8620.0,8850.0,-0.009356725146198785,0.008187134502924076,0.03508771929824572,
809788,20231102000172,00642897,브레인즈컴퍼니,099390,주요사항보고서(자기주식취득신탁계약체결결정),2023-11-02,KOSDAQ,6750.0,6890.0,6950.0,6850.0,0.020740740740740726,0.029629629629629672,0.014814814814814836,
657095,20240430000937,00642897,브레인즈컴퍼니,099390,[연장결정]주요사항보고서(자기주식취득신탁계약체결결정),2024-04-30,KOSDAQ,7300.0,7320.0,7400.0,7370.0,0.00273972602739736,0.013698630136986356,0.009589041095890316,
513838,20250206000196,00642897,브레인즈컴퍼니,099390,주요사항보고서(자기주식취득신탁계약체결결정),2025-02-06,KOSDAQ,6100.0,5790.0,5870.0,5750.0,-0.050819672131147575,-0.03770491803278686,-0.05737704918032782,
1220983,20220125000382,00318316,대아티아이,045390,주요사항보고서(자기주식취득신탁계약체결결정),2022-01-25,KOSDAQ,4610.0,4815.0,4625.0,4930.0,0.04446854663774413,0.0032537960954446277,0.06941431670282006,
101166,20260311003501,00318316,대아티아이,045390,주요사항보고서(자기주식취득신탁계약체결결정),2026-03-11,KOSDAQ,4530.0,4530.0,4760.0,4305.0,0.0,0.050772626931567366,-0.04966887417218546,
1220918,20220125000419,00398792,SNT모티브,064960,주요사항보고서(자기주식취득신탁계약체결결정),2022-01-25,KOSPI,21846.0,24298.0,22948.0,23526.0,0.1122402270438525,0.050444017211388914,0.07690195001373246,
1088522,20220722000378,00398792,SNT모티브,064960,[연장결정]주요사항보고서(자기주식취득신탁계약체결결정),2022-07-22,KOSPI,23499.0,24491.0,24243.0,24215.0,0.042214562321800875,0.0316609217413506,0.03046938167581592,
1059988,20220923000029,00398792,SNT모티브,064960,주요사항보고서(자기주식취득신탁계약해지결정),2022-09-23,KOSPI,25345.0,24077.0,23802.0,23141.0,-0.05002959163543108,-0.06087985796014994,-0.0869599526533833,
807715,20231108000303,00398792,SNT모티브,064960,주요사항보고서(자기주식취득신탁계약체결결정),2023-11-08,KOSPI,22452.0,24022.0,24959.0,24050.0,0.06992695528238024,0.11166043114199176,0.07117406021735251,
655511,20240503000312,00398792,SNT모티브,064960,[연장결정]주요사항보고서(자기주식취득신탁계약체결결정),2024-05-03,KOSPI,25234.0,25400.0,25510.0,25648.0,0.006578425933264631,0.01093762384084962,0.01640643576127454,
632681,20240613000204,00398792,SNT모티브,064960,[연장결정]주요사항보고서(자기주식취득신탁계약체결결정),2024-06-13,KOSPI,25978.0,26116.0,25510.0,26364.0,0.005312187235352983,-0.018015243667718894,0.0148587266148279,
616975,20240715000223,00398792,SNT모티브,064960,주요사항보고서(자기주식취득신탁계약해지결정),2024-07-15,KOSPI,24656.0,24353.0,23995.0,24353.0,-0.01228909798831923,-0.026808890330953905,-0.01228909798831923,
587211,20240902000285,00398792,SNT모티브,064960,주요사항보고서(자기주식취득신탁계약체결결정),2024-09-02,KOSPI,24188.0,25152.0,25069.0,26088.0,0.03985447329254166,0.03642301967917971,0.07855134777575667,
491767,20250228005618,00398792,SNT모티브,064960,주요사항보고서(자기주식취득신탁계약해지결정),2025-02-28,KOSPI,25050.0,24600.0,25150.0,25100.0,-0.017964071856287456,0.003992015968063978,0.001996007984031989,
1220884,20220125000472,00105475,금강철강,053260,[연장결정]주요사항보고서(자기주식취득신탁계약체결결정),2022-01-25,KOSDAQ,4955.0,5290.0,4800.0,5090.0,0.06760847628657918,-0.03128153380423815,0.02724520686175591,
1181974,20220318000684,00105475,금강철강,053260,[연장결정]주요사항보고서(자기주식취득신탁계약체결결정),2022-03-18,KOSDAQ,5380.0,5350.0,5450.0,7380.0,-0.005576208178438624,0.013011152416356975,0.37174721189591087,
1022472,20221212000341,00105475,금강철강,053260,주요사항보고서(자기주식취득신탁계약체결결정),2022-12-12,KOSDAQ,7170.0,7170.0,7310.0,7300.0,0.0,0.019525801952580135,0.018131101813110284,
1002789,20230125000331,00105475,금강철강,053260,[연장결정]주요사항보고서(자기주식취득신탁계약체결결정),2023-01-25,KOSDAQ,6790.0,6940.0,6880.0,6830.0,0.022091310751104487,0.013254786450662692,0.00589101620029453,
786857,20231212000274,00105475,금강철강,053260,[연장결정]주요사항보고서(자기주식취득신탁계약체결결정),2023-12-12,KOSDAQ,5330.0,5290.0,5310.0,5450.0,-0.007504690431519689,-0.0037523452157598447,0.022514071294559068,
765999,20240125000467,00105475,금강철강,053260,[연장결정]주요사항보고서(자기주식취득신탁계약체결결정),2024-01-25,KOSDAQ,4970.0,5020.0,5030.0,5240.0,0.010060362173038184,0.012072434607645954,0.05432595573440646,
734537,20240308000381,00105475,금강철강,053260,주요사항보고서(자기주식취득신탁계약체결결정),2024-03-08,KOSDAQ,5160.0,5130.0,5120.0,5150.0,-0.005813953488372103,-0.007751937984496138,-0.0019379844961240345,
603503,20240813000835,00105475,금강철강,053260,주요사항보고서(자기주식취득신탁계약체결결정),2024-08-13,KOSDAQ,4875.0,4975.0,4950.0,4920.0,0.02051282051282044,0.01538461538461533,0.009230769230769154,
553952,20241115000247,00105475,금강철강,053260,주요사항보고서(자기주식취득신탁계약체결결정),2024-11-15,KOSDAQ,4050.0,4520.0,4335.0,4265.0,0.11604938271604937,0.07037037037037042,0.05308641975308648,
308287,20251114001270,00105475,금강철강,053260,[연장결정]주요사항보고서(자기주식취득신탁계약체결결정),2025-11-14,KOSDAQ,4130.0,4075.0,3965.0,3955.0,-0.013317191283293006,-0.03995157384987891,-0.0423728813559322,
1220806,20220125000536,00153375,태광,023160,[연장결정]주요사항보고서(자기주식취득신탁계약체결결정),2022-01-25,KOSDAQ,10250.0,10100.0,9800.0,10450.0,-0.014634146341463428,-0.04390243902439028,0.019512195121951237,
1003665,20230120000079,00153375,태광,023160,[연장결정]주요사항보고서(자기주식취득신탁계약체결결정),2023-01-20,KOSDAQ,14950.0,14890.0,15640.0,16280.0,-0.004013377926421424,0.04615384615384621,0.08896321070234103,
766257,20240125000171,00153375,태광,023160,[연장결정]주요사항보고서(자기주식취득신탁계약체결결정),2024-01-25,KOSDAQ,12730.0,12700.0,12670.0,12710.0,-0.00235663786331497,-0.004713275726630051,-0.0015710919088767206,
120335,20260610000233,00153375,태광,023160,주요사항보고서(자기주식취득신탁계약체결결정),2026-06-10,KOSDAQ,28200.0,26100.0,29600.0,33900.0,-0.07446808510638303,0.049645390070921946,0.2021276595744681,
1220241,20220126000309,00527464,에이치시티,072990,주요사항보고서(자기주식취득신탁계약체결결정),2022-01-26,KOSDAQ,6968.0,7139.0,7311.0,7482.0,0.024540757749712983,0.04922502870264056,0.07376578645235354,
493946,20250227007323,00527464,에이치시티,072990,주요사항보고서(자기주식취득신탁계약체결결정),2025-02-27,KOSDAQ,4577.0,4654.0,4628.0,4770.0,0.016823246668123293,0.01114266987109458,0.042167358531789434,
1219688,20220127000084,01015160,PS일렉트로닉스,332570,주요사항보고서(자기주식취득결정),2022-01-27,KOSDAQ,5470.0,6080.0,6300.0,6860.0,0.11151736745886653,0.15173674588665453,0.2541133455210238,
1196711,20220304000160,01015160,PS일렉트로닉스,332570,자기주식취득결과보고서,2022-03-04,KOSDAQ,7570.0,6900.0,7100.0,6760.0,-0.08850726552179655,-0.062087186261558736,-0.10700132100396298,
304720,20251120000377,01015160,PS일렉트로닉스,332570,주요사항보고서(자기주식취득결정),2025-11-20,KOSDAQ,4375.0,4130.0,4300.0,4450.0,-0.05600000000000005,-0.017142857142857126,0.017142857142857126,
275536,20260109000415,01015160,PS일렉트로닉스,332570,자기주식취득결과보고서,2026-01-09,KOSDAQ,8140.0,8810.0,7970.0,7370.0,0.0823095823095823,-0.020884520884520863,-0.09459459459459463,
83835,20260324000410,01015160,PS일렉트로닉스,332570,주요사항보고서(자기주식취득신탁계약체결결정),2026-03-24,KOSDAQ,5390.0,5360.0,5160.0,4930.0,-0.005565862708719838,-0.042671614100185495,-0.0853432282003711,
26798,20260417000172,01015160,PS일렉트로닉스,332570,주요사항보고서(자기주식취득신탁계약해지결정),2026-04-17,KOSDAQ,7290.0,8060.0,8310.0,9130.0,0.1056241426611797,0.13991769547325106,0.25240054869684503,
1219618,20220127000113,00415707,엔텔스,069410,주요사항보고서(자기주식취득결정),2022-01-27,KOSDAQ,7800.0,8170.0,8420.0,8630.0,0.04743589743589749,0.07948717948717943,0.10641025641025648,
1187873,20220315000339,00415707,엔텔스,069410,자기주식취득결과보고서,2022-03-15,KOSDAQ,7950.0,8320.0,8570.0,8540.0,0.046540880503144644,0.07798742138364778,0.0742138364779874,
400834,20250514001254,00415707,엔텔스,069410,주요사항보고서(자기주식취득결정),2025-05-14,KOSDAQ,4525.0,4665.0,4685.0,4595.0,0.030939226519337115,0.0353591160220994,0.015469613259668558,
355574,20250812000565,00415707,엔텔스,069410,자기주식취득결과보고서,2025-08-12,KOSDAQ,5530.0,5510.0,5450.0,5340.0,-0.003616636528028905,-0.01446654611211573,-0.03435804701627487,
1219531,20220127000196,00563518,비나텍,126340,주요사항보고서(자기주식취득신탁계약체결결정),2022-01-27,KOSDAQ,31463.0,31970.0,33068.0,33786.0,0.01611416584559633,0.05101230016209524,0.07383275593554339,
542786,20241206000055,00563518,비나텍,126340,주요사항보고서(자기주식취득신탁계약체결결정),2024-12-06,KOSDAQ,23466.0,21611.0,26296.0,28058.0,-0.07905054120855703,0.1206000170459387,0.1956873774823149,
1218478,20220128000553,00296290,키움증권,039490,주요사항보고서(자기주식취득결정),2022-01-28,KOSPI,88500.0,92400.0,92700.0,97200.0,0.04406779661016946,0.047457627118643986,0.09830508474576272,
1119343,20220519000215,00296290,키움증권,039490,주요사항보고서(자기주식취득결정),2022-05-19,KOSPI,86000.0,90600.0,92200.0,92400.0,0.05348837209302326,0.0720930232558139,0.07441860465116279,
1096426,20220704000220,00296290,키움증권,039490,자기주식취득결과보고서,2022-07-04,KOSPI,78300.0,82600.0,79500.0,77800.0,0.054916985951468655,0.015325670498084198,-0.0063856960408684715,
813692,20231025000416,00296290,키움증권,039490,주요사항보고서(자기주식취득신탁계약체결결정),2023-10-25,KOSPI,80700.0,78200.0,79300.0,81800.0,-0.030978934324659257,-0.01734820322180919,0.013630731102850069,
661807,20240424000364,00296290,키움증권,039490,주요사항보고서(자기주식취득신탁계약해지결정),2024-04-24,KOSPI,130500.0,128700.0,132100.0,130900.0,-0.01379310344827589,0.012260536398467359,0.0030651340996168397,
598810,20240814003609,00296290,키움증권,039490,주요사항보고서(자기주식취득결정),2024-08-14,KOSPI,127500.0,134000.0,135000.0,137300.0,0.050980392156862786,0.05882352941176472,0.07686274509803925,
570982,20241014000185,00296290,키움증권,039490,자기주식취득결과보고서,2024-10-14,KOSPI,138200.0,137100.0,139000.0,136100.0,-0.00795947901591898,0.005788712011577379,-0.01519536903039076,
413919,20250418000218,00296290,키움증권,039490,주요사항보고서(자기주식취득결정),2025-04-18,KOSPI,118300.0,122700.0,126100.0,127900.0,0.03719357565511405,0.06593406593406592,0.08114961961115807,
372780,20250703000255,00296290,키움증권,039490,자기주식취득결과보고서,2025-07-03,KOSPI,223000.0,210500.0,214000.0,240000.0,-0.056053811659192876,-0.04035874439461884,0.07623318385650224,
10208,20260514000710,00296290,키움증권,039490,주요사항보고서(자기주식취득결정),2026-05-14,KOSPI,420000.0,396000.0,390000.0,410000.0,-0.05714285714285716,-0.0714285714285714,-0.023809523809523836,
1217339,20220204000085,00454946,그린케미칼,083420,[연장결정]주요사항보고서(자기주식취득신탁계약체결결정),2022-02-04,KOSPI,9920.0,10500.0,10550.0,9730.0,0.058467741935483764,0.063508064516129,-0.019153225806451624,
1174995,20220325000036,00454946,그린케미칼,083420,[연장결정]주요사항보고서(자기주식취득신탁계약체결결정),2022-03-25,KOSPI,10350.0,10250.0,10250.0,10150.0,-0.009661835748792313,-0.009661835748792313,-0.019323671497584516,
997372,20230207000059,00454946,그린케미칼,083420,[연장결정]주요사항보고서(자기주식취득신탁계약체결결정),2023-02-07,KOSPI,9960.0,9790.0,9660.0,9400.0,-0.017068273092369468,-0.030120481927710885,-0.05622489959839361,
954863,20230327000389,00454946,그린케미칼,083420,[연장결정]주요사항보고서(자기주식취득신탁계약체결결정),2023-03-27,KOSPI,10830.0,10600.0,11130.0,11500.0,-0.02123730378578026,0.027700831024930705,0.06186518928901208,
759003,20240207000357,00454946,그린케미칼,083420,[연장결정]주요사항보고서(자기주식취득신탁계약체결결정),2024-02-07,KOSPI,7030.0,7010.0,7170.0,7300.0,-0.002844950213371278,0.019914651493598834,0.038406827880512084,
713294,20240327000263,00454946,그린케미칼,083420,[연장결정]주요사항보고서(자기주식취득신탁계약체결결정),2024-03-27,KOSPI,7920.0,7830.0,7700.0,7550.0,-0.011363636363636354,-0.02777777777777779,-0.04671717171717171,
514719,20250205000137,00454946,그린케미칼,083420,[연장결정]주요사항보고서(자기주식취득신탁계약체결결정),2025-02-05,KOSPI,7130.0,7300.0,7140.0,6920.0,0.02384291725105192,0.0014025245441795509,-0.029453015427770013,
466863,20250325000127,00454946,그린케미칼,083420,[연장결정]주요사항보고서(자기주식취득신탁계약체결결정),2025-03-25,KOSPI,6080.0,6120.0,6260.0,5760.0,0.006578947368421018,0.02960526315789469,-0.052631578947368474,
462369,20250327000909,00454946,그린케미칼,083420,주요사항보고서(자기주식취득신탁계약해지결정),2025-03-27,KOSPI,6260.0,5810.0,5550.0,5560.0,-0.0718849840255591,-0.11341853035143767,-0.11182108626198084,
336470,20250909000171,00454946,그린케미칼,083420,주요사항보고서(자기주식취득신탁계약해지결정),2025-09-09,KOSPI,7570.0,7590.0,7710.0,7650.0,0.0026420079260238705,0.018494055482166427,0.010568031704095038,
1216088,20220207000346,00152589,코리아나,027050,주요사항보고서(자기주식취득결정),2022-02-07,KOSDAQ,3770.0,3935.0,3960.0,3825.0,0.04376657824933683,0.05039787798408479,0.01458885941644561,
1101796,20220623000192,00152589,코리아나,027050,주요사항보고서(자기주식취득결정),2022-06-23,KOSDAQ,2765.0,2875.0,3020.0,2940.0,0.039783001808318286,0.0922242314647379,0.06329113924050622,
1090021,20220720000012,00152589,코리아나,027050,자기주식취득결과보고서,2022-07-20,KOSDAQ,2965.0,2980.0,3040.0,3030.0,0.005059021922428242,0.025295109612141653,0.021922428330522825,
541732,20241209000431,00152589,코리아나,027050,주요사항보고서(자기주식취득결정),2024-12-09,KOSDAQ,2005.0,2265.0,2335.0,2545.0,0.12967581047381538,0.1645885286783042,0.2693266832917707,
516667,20250131000445,00152589,코리아나,027050,자기주식취득결과보고서,2025-01-31,KOSDAQ,2365.0,2270.0,2350.0,2305.0,-0.04016913319238902,-0.006342494714587699,-0.025369978858350906,
1215969,20220207000420,00628860,네오위즈,095660,주요사항보고서(자기주식취득신탁계약체결결정),2022-02-07,KOSDAQ,28400.0,28850.0,28900.0,25750.0,0.015845070422535246,0.01760563380281699,-0.09330985915492962,
1116431,20220526000296,00628860,네오위즈,095660,주요사항보고서(자기주식취득신탁계약체결결정),2022-05-26,KOSDAQ,21900.0,22250.0,22550.0,23450.0,0.015981735159817267,0.029680365296803624,0.07077625570776247,
1040941,20221110000005,00628860,네오위즈,095660,주요사항보고서(자기주식취득신탁계약체결결정),2022-11-10,KOSDAQ,38500.0,39850.0,36100.0,38050.0,0.03506493506493502,-0.06233766233766236,-0.011688311688311637,
951044,20230329000895,00628860,네오위즈,095660,주요사항보고서(자기주식취득신탁계약체결결정),2023-03-29,KOSDAQ,40800.0,40100.0,40000.0,42050.0,-0.01715686274509809,-0.019607843137254943,0.030637254901960675,
606321,20240809000010,00628860,네오위즈,095660,주요사항보고서(자기주식취득신탁계약체결결정),2024-08-09,KOSDAQ,19550.0,19890.0,19800.0,20200.0,0.017391304347825987,0.01278772378516635,0.03324808184143224,
402532,20250513000191,00628860,네오위즈,095660,주요사항보고서(자기주식취득신탁계약체결결정),2025-05-13,KOSDAQ,24400.0,24450.0,25200.0,24950.0,0.002049180327868827,0.032786885245901676,0.02254098360655732,
106671,20260305001020,00628860,네오위즈,095660,주요사항보고서(자기주식취득결정),2026-03-05,KOSDAQ,24000.0,27800.0,27800.0,26750.0,0.15833333333333344,0.15833333333333344,0.11458333333333326,
85323,20260323001098,00628860,네오위즈,095660,자기주식취득결과보고서,2026-03-23,KOSDAQ,24400.0,24450.0,25300.0,24200.0,0.002049180327868827,0.03688524590163933,-0.008196721311475419,
1215598,20220208000222,00184667,유진기업,023410,주요사항보고서(자기주식취득신탁계약체결결정),2022-02-08,KOSDAQ,4475.0,4590.0,4525.0,4310.0,0.025698324022346286,0.011173184357541999,-0.036871508379888285,
1082395,20220808000218,00184667,유진기업,023410,주요사항보고서(자기주식취득신탁계약해지결정),2022-08-08,KOSDAQ,4060.0,4095.0,4000.0,4065.0,0.008620689655172376,-0.014778325123152691,0.0012315270935960854,
1054751,20221006000187,00184667,유진기업,023410,주요사항보고서(자기주식취득신탁계약체결결정),2022-10-06,KOSDAQ,3440.0,3420.0,3285.0,3395.0,-0.005813953488372103,-0.04505813953488369,-0.013081395348837233,
1215588,20220208000231,00117337,동양,001520,주요사항보고서(자기주식취득신탁계약체결결정),2022-02-08,KOSPI,1340.0,1390.0,1375.0,1310.0,0.03731343283582089,0.026119402985074647,-0.02238805970149249,
1082436,20220808000190,00117337,동양,001520,주요사항보고서(자기주식취득신탁계약해지결정),2022-08-08,KOSPI,1210.0,1190.0,1180.0,1210.0,-0.016528925619834656,-0.024793388429752095,0.0,
1054770,20221006000170,00117337,동양,001520,주요사항보고서(자기주식취득신탁계약체결결정),2022-10-06,KOSPI,993.0,986.0,952.0,959.0,-0.007049345417925457,-0.0412890231621349,-0.03423967774420944,
928855,20230406002076,00117337,동양,001520,주요사항보고서(자기주식취득신탁계약해지결정),2023-04-06,KOSPI,1091.0,1089.0,1061.0,1097.0,-0.0018331805682859637,-0.027497708524289677,0.005499541704858002,
1215223,20220208000375,00126955,삼양식품,003230,주요사항보고서(자기주식취득신탁계약체결결정),2022-02-08,KOSPI,91300.0,98000.0,96700.0,89700.0,0.07338444687842283,0.05914567360350498,-0.017524644030668113,
1082406,20220808000202,00126955,삼양식품,003230,주요사항보고서(자기주식취득신탁계약해지결정),2022-08-08,KOSPI,114000.0,115500.0,112500.0,115500.0,0.013157894736842035,-0.013157894736842146,0.013157894736842035,
1215040,20220208000545,00373021,테라사이언스,073640,주요사항보고서(자기주식취득결정),2022-02-08,KOSDAQ,2140.0,2055.0,2020.0,1900.0,-0.03971962616822433,-0.05607476635514019,-0.11214953271028039,
1214933,20220209000004,01137383,카카오게임즈,293490,주요사항보고서(자기주식취득신탁계약체결결정),2022-02-09,KOSDAQ,74300.0,69900.0,70800.0,71700.0,-0.05921938088829071,-0.0471063257065949,-0.03499327052489909,
1214351,20220209000435,00146214,일성아이에스,003120,주요사항보고서(자기주식취득결정),2022-02-09,KOSPI,14739.0,15540.0,15780.0,16401.0,0.05434561367799717,0.07062894361896999,0.11276205984123755,
1126445,20220510000516,00146214,일성아이에스,003120,자기주식취득결과보고서,2022-05-10,KOSPI,16621.0,16621.0,16441.0,16741.0,0.0,-0.010829673304855292,0.007219782203236935,
993841,20230213000581,00146214,일성아이에스,003120,주요사항보고서(자기주식취득신탁계약체결결정),2023-02-13,KOSPI,20326.0,21588.0,21848.0,21728.0,0.06208796615172685,0.07487946472498286,0.06897569615271082,
849219,20230811000147,00146214,일성아이에스,003120,주요사항보고서(자기주식취득신탁계약해지결정),2023-08-11,KOSPI,24100.0,23550.0,22600.0,21900.0,-0.022821576763485507,-0.06224066390041494,-0.09128630705394192,
1214358,20220209000442,00815767,위메이드플레이,123420,주요사항보고서(자기주식취득신탁계약해지결정),2022-02-09,KOSDAQ,29900.0,27650.0,29200.0,27250.0,-0.07525083612040129,-0.02341137123745818,-0.08862876254180607,
1214263,20220209000522,01012066,HK이노엔,195940,주요사항보고서(자기주식취득신탁계약체결결정),2022-02-09,KOSDAQ,41200.0,40850.0,40050.0,40950.0,-0.008495145631068013,-0.027912621359223344,-0.0060679611650485965,
1081956,20220809000271,01012066,HK이노엔,195940,주요사항보고서(자기주식취득신탁계약해지결정),2022-08-09,KOSDAQ,43950.0,43150.0,43750.0,42850.0,-0.018202502844141044,-0.004550625711035261,-0.025028441410693936,
1214056,20220210000005,00399694,SOOP,067160,주요사항보고서(자기주식취득신탁계약체결결정),2022-02-10,KOSDAQ,151300.0,142200.0,143000.0,145300.0,-0.06014540647719757,-0.05485789821546594,-0.03965631196298747,
1107248,20220610000007,00399694,SOOP,067160,주요사항보고서(자기주식취득신탁계약체결결정),2022-06-10,KOSDAQ,109000.0,105100.0,103200.0,97600.0,-0.0357798165137615,-0.053211009174311874,-0.1045871559633027,
855316,20230731000009,00399694,SOOP,067160,주요사항보고서(자기주식취득신탁계약체결결정),2023-07-31,KOSDAQ,73000.0,85400.0,82400.0,82000.0,0.1698630136986301,0.12876712328767126,0.12328767123287676,
752616,20240215000011,00399694,SOOP,067160,주요사항보고서(자기주식취득신탁계약체결결정),2024-02-15,KOSDAQ,121500.0,121600.0,120500.0,125000.0,0.0008230452674897748,-0.008230452674897082,0.028806584362139898,
1214046,20220210000018,00526836,미래나노텍,095500,주요사항보고서(자기주식취득결정),2022-02-10,KOSDAQ,8100.0,7650.0,7200.0,7480.0,-0.05555555555555558,-0.11111111111111116,-0.07654320987654317,
1203020,20220225002525,00526836,미래나노텍,095500,자기주식취득결과보고서,2022-02-25,KOSDAQ,7500.0,7660.0,7670.0,6960.0,0.021333333333333426,0.022666666666666613,-0.07199999999999995,
1213752,20220210000321,00106669,세아베스틸지주,001430,주요사항보고서(자기주식취득신탁계약체결결정),2022-02-10,KOSPI,16600.0,17150.0,16950.0,17200.0,0.033132530120481896,0.02108433734939763,0.03614457831325302,
1170743,20220329000684,00106669,세아베스틸지주,001430,[연장결정]주요사항보고서(자기주식취득신탁계약체결결정),2022-03-29,KOSPI,18700.0,18500.0,18550.0,18200.0,-0.010695187165775444,-0.008021390374331583,-0.0267379679144385,
1119389,20220519000186,00106669,세아베스틸지주,001430,[연장결정]주요사항보고서(자기주식취득신탁계약체결결정),2022-05-19,KOSPI,17050.0,17350.0,17150.0,17350.0,0.017595307917888547,0.0058651026392961825,0.017595307917888547,
1075080,20220819000001,00106669,세아베스틸지주,001430,주요사항보고서(자기주식취득신탁계약해지결정),2022-08-19,KOSPI,16450.0,16200.0,16100.0,18050.0,-0.015197568389057725,-0.021276595744680882,0.09726443768996962,
1075079,20220819000002,00106669,세아베스틸지주,001430,주요사항보고서(자기주식취득신탁계약해지결정),2022-08-19,KOSPI,16450.0,16200.0,16100.0,18050.0,-0.015197568389057725,-0.021276595744680882,0.09726443768996962,
1075078,20220819000003,00106669,세아베스틸지주,001430,주요사항보고서(자기주식취득신탁계약해지결정),2022-08-19,KOSPI,16450.0,16200.0,16100.0,18050.0,-0.015197568389057725,-0.021276595744680882,0.09726443768996962,
1212563,20220211000506,01124680,보라티알,250000,주요사항보고서(자기주식취득신탁계약체결결정),2022-02-11,KOSDAQ,11550.0,11400.0,12500.0,12350.0,-0.012987012987012991,0.08225108225108224,0.06926406926406936,
1186569,20220315001230,01124680,보라티알,250000,[연장결정]주요사항보고서(자기주식취득신탁계약체결결정),2022-03-15,KOSDAQ,11750.0,11950.0,12250.0,13500.0,0.017021276595744705,0.042553191489361764,0.14893617021276606,
994733,20230210000636,01124680,보라티알,250000,[연장결정]주요사항보고서(자기주식취득신탁계약체결결정),2023-02-10,KOSDAQ,11590.0,11370.0,11410.0,11030.0,-0.018981880931837836,-0.015530629853321876,-0.04831751509922344,
969136,20230315000248,01124680,보라티알,250000,[연장결정]주요사항보고서(자기주식취득신탁계약체결결정),2023-03-15,KOSDAQ,10680.0,10500.0,10620.0,10480.0,-0.016853932584269704,-0.005617977528089901,-0.01872659176029967,
725385,20240315000385,01124680,보라티알,250000,주요사항보고서(자기주식취득신탁계약해지결정),2024-03-15,KOSDAQ,11170.0,10990.0,11050.0,11050.0,-0.0161145926589078,-0.0107430617726052,-0.0107430617726052,
610692,20240730000276,01124680,보라티알,250000,주요사항보고서(자기주식취득신탁계약해지결정),2024-07-30,KOSDAQ,10790.0,10870.0,11000.0,9570.0,0.007414272474513428,0.019462465245597693,-0.11306765523632989,
1211831,20220214000066,00139153,에코플라스틱,038110,주요사항보고서(자기주식취득신탁계약체결결정),2022-02-14,KOSDAQ,2289.0,2289.0,2410.0,2434.0,0.0,0.052861511577107834,0.06334643949322838,
1130370,20220420000449,00139153,에코플라스틱,038110,[연장결정]주요사항보고서(자기주식취득신탁계약체결결정),2022-04-20,KOSDAQ,2743.0,2753.0,2820.0,2830.0,0.0036456434560701023,0.028071454611738877,0.03171709806780898,
993909,20230213000485,00139153,에코플라스틱,038110,[연장결정]주요사항보고서(자기주식취득신탁계약체결결정),2023-02-13,KOSDAQ,2931.0,2989.0,2936.0,3134.0,0.019788468099624756,0.0017059024223813335,0.06925963834868654,
905947,20230421000062,00139153,에코플라스틱,038110,[연장결정]주요사항보고서(자기주식취득신탁계약체결결정),2023-04-21,KOSDAQ,5892.0,5883.0,6182.0,5931.0,-0.0015274949083503575,0.04921928038017653,0.006619144602851401,
756772,20240208001216,00139153,에코플라스틱,038110,[연장결정]주요사항보고서(자기주식취득신탁계약체결결정),2024-02-08,KOSDAQ,5110.0,5200.0,5210.0,5260.0,0.017612524461839474,0.019569471624266255,0.02935420743639927,
665956,20240416000156,00139153,에코플라스틱,038110,[연장결정]주요사항보고서(자기주식취득신탁계약체결결정),2024-04-16,KOSDAQ,4320.0,4700.0,4655.0,4545.0,0.08796296296296302,0.07754629629629628,0.05208333333333326,
508777,20250212000798,00139153,에코플라스틱,038110,[연장결정]주요사항보고서(자기주식취득신탁계약체결결정),2025-02-12,KOSDAQ,2720.0,2785.0,2745.0,2715.0,0.023897058823529438,0.009191176470588314,-0.0018382352941176405,
414263,20250417000479,00139153,에코플라스틱,038110,[연장결정]주요사항보고서(자기주식취득신탁계약체결결정),2025-04-17,KOSDAQ,2450.0,2490.0,2470.0,2980.0,0.01632653061224487,0.008163265306122547,0.21632653061224483,
413045,20250421000317,00139153,에코플라스틱,038110,주요사항보고서(자기주식취득신탁계약해지결정),2025-04-21,KOSDAQ,2470.0,3080.0,2975.0,3195.0,0.24696356275303644,0.20445344129554655,0.29352226720647767,
289904,20251215000254,00139153,에코플라스틱,038110,주요사항보고서(자기주식취득신탁계약해지결정),2025-12-15,KOSDAQ,3110.0,3065.0,3070.0,3110.0,-0.014469453376205754,-0.012861736334405127,0.0,
1211025,20220215000099,00915508,알엔투테크놀로지,148250,주요사항보고서(자기주식취득신탁계약체결결정),2022-02-15,KOSDAQ,10500.0,11850.0,11850.0,11450.0,0.12857142857142856,0.12857142857142856,0.09047619047619038,
740845,20240229001064,00915508,알엔투테크놀로지,148250,주요사항보고서(자기주식취득신탁계약체결결정),2024-02-29,KOSDAQ,4290.0,4550.0,4560.0,4640.0,0.06060606060606055,0.06293706293706292,0.0815850815850816,
1210850,20220215000604,00476036,에프엔에스테크,083500,주요사항보고서(자기주식취득결정),2022-02-15,KOSDAQ,9110.0,9670.0,9900.0,9960.0,0.06147091108671798,0.08671789242590555,0.09330406147091108,
1119786,20220518000164,00476036,에프엔에스테크,083500,자기주식취득결과보고서,2022-05-18,KOSDAQ,10650.0,10300.0,10600.0,10200.0,-0.032863849765258246,-0.0046948356807511304,-0.04225352112676062,
1104421,20220617000020,00476036,에프엔에스테크,083500,주요사항보고서(자기주식취득결정),2022-06-17,KOSDAQ,9900.0,9320.0,9330.0,7910.0,-0.05858585858585863,-0.05757575757575761,-0.20101010101010097,
1090774,20220718000196,00476036,에프엔에스테크,083500,자기주식취득결과보고서,2022-07-18,KOSDAQ,8260.0,8330.0,8500.0,8650.0,0.008474576271186418,0.029055690072639306,0.04721549636803868,
557687,20241113000617,00476036,에프엔에스테크,083500,주요사항보고서(자기주식취득결정),2024-11-13,KOSDAQ,7400.0,7990.0,8660.0,9320.0,0.07972972972972969,0.1702702702702703,0.2594594594594595,
527754,20250102000026,00476036,에프엔에스테크,083500,자기주식취득결과보고서,2025-01-02,KOSDAQ,8100.0,8250.0,8430.0,9600.0,0.0185185185185186,0.040740740740740744,0.18518518518518512,
1210367,20220216000119,00531865,유니테크노,241690,주요사항보고서(자기주식취득신탁계약체결결정),2022-02-16,KOSDAQ,8340.0,8570.0,8650.0,8370.0,0.027577937649880147,0.037170263788968816,0.003597122302158251,
1100551,20220627000143,00531865,유니테크노,241690,주요사항보고서(자기주식취득신탁계약체결결정),2022-06-27,KOSDAQ,5880.0,5890.0,5950.0,5190.0,0.001700680272108901,0.011904761904761862,-0.11734693877551017,
1078174,20220816000576,00531865,유니테크노,241690,주요사항보고서(자기주식취득신탁계약해지결정),2022-08-16,KOSDAQ,5800.0,5690.0,5610.0,5260.0,-0.018965517241379293,-0.03275862068965518,-0.09310344827586203,
1210226,20220216000483,01311310,지아이텍,382480,주요사항보고서(자기주식취득신탁계약체결결정),2022-02-16,KOSDAQ,3730.0,3800.0,4150.0,4040.0,0.018766756032171594,0.11260053619302957,0.08310991957104563,
1078520,20220816000320,01311310,지아이텍,382480,주요사항보고서(자기주식취득신탁계약해지결정),2022-08-16,KOSDAQ,3380.0,3310.0,3250.0,3115.0,-0.020710059171597628,-0.038461538461538436,-0.07840236686390534,
514339,20250205000410,01311310,지아이텍,382480,주요사항보고서(자기주식취득신탁계약체결결정),2025-02-05,KOSDAQ,1967.0,2040.0,2045.0,2130.0,0.037112353838332446,0.039654295882053825,0.08286731062531771,
1209651,20220217000084,00670340,씨에스윈드,112610,주요사항보고서(자기주식취득신탁계약체결결정),2022-02-17,KOSPI,51500.0,51100.0,51400.0,52000.0,-0.007766990291262155,-0.001941747572815511,0.009708737864077666,
1075725,20220817000234,00670340,씨에스윈드,112610,주요사항보고서(자기주식취득신탁계약해지결정),2022-08-17,KOSPI,63600.0,64900.0,64500.0,69000.0,0.020440251572326984,0.014150943396226356,0.08490566037735858,
55392,20260403002466,00670340,씨에스윈드,112610,주요사항보고서(자기주식취득결정),2026-04-03,KOSPI,76900.0,73300.0,65500.0,67200.0,-0.04681404421326396,-0.14824447334200264,-0.1261378413524057,
32265,20260413002360,00670340,씨에스윈드,112610,자기주식취득결과보고서,2026-04-13,KOSPI,65900.0,62700.0,64000.0,63300.0,-0.04855842185128978,-0.028831562974203306,-0.039453717754172946,
1209539,20220217000622,00227333,네패스,033640,주요사항보고서(자기주식취득결정),2022-02-17,KOSDAQ,28450.0,28700.0,28350.0,27500.0,0.008787346221441172,-0.0035149384885764245,-0.033391915641476255,
1119314,20220519000256,00227333,네패스,033640,자기주식취득결과보고서,2022-05-19,KOSDAQ,28800.0,29000.0,29150.0,28650.0,0.00694444444444442,0.012152777777777679,-0.00520833333333337,
1209505,20220217000755,01124653,슈프리마,236200,주요사항보고서(자기주식취득신탁계약체결결정),2022-02-17,KOSDAQ,24800.0,24750.0,24500.0,23750.0,-0.0020161290322581182,-0.012096774193548376,-0.04233870967741937,
960936,20230321001181,01124653,슈프리마,236200,주요사항보고서(자기주식취득신탁계약체결결정),2023-03-21,KOSDAQ,22200.0,22650.0,22300.0,22650.0,0.020270270270270174,0.0045045045045044585,0.020270270270270174,
25127,20260421000337,01124653,슈프리마,236200,주요사항보고서(자기주식취득신탁계약체결결정),2026-04-21,KOSDAQ,48600.0,54000.0,54800.0,56000.0,0.11111111111111116,0.12757201646090532,0.1522633744855968,
1209451,20220217000899,00162461,한화솔루션,009830,주요사항보고서(자기주식취득결정),2022-02-17,KOSPI,40010.0,38774.0,38656.0,36950.0,-0.03089227693076735,-0.03384153961509617,-0.07648087978005502,
1175485,20220324000638,00162461,한화솔루션,009830,자기주식취득결과보고서,2022-03-24,KOSPI,41834.0,41304.0,41304.0,42305.0,-0.01266912081082372,-0.01266912081082372,0.011258784720562298,
1059600,20220923000425,00162461,한화솔루션,009830,주요사항보고서(자기주식취득결정),2022-09-23,KOSPI,58485.0,54543.0,56308.0,55543.0,-0.06740189792254425,-0.03722321962896469,-0.05030349662306577,
1049655,20221019000332,00162461,한화솔루션,009830,자기주식취득결과보고서,2022-10-19,KOSPI,61192.0,58367.0,58191.0,56837.0,-0.046166165511831614,-0.04904235847823246,-0.07116943391292985,
1208827,20220218000322,00357430,쎌바이오텍,049960,주요사항보고서(자기주식취득신탁계약체결결정),2022-02-18,KOSDAQ,15250.0,15300.0,15250.0,16150.0,0.003278688524590123,0.0,0.05901639344262288,
1207868,20220221001236,00921916,석경에이티,357550,주요사항보고서(자기주식취득신탁계약체결결정),2022-02-21,KOSDAQ,15850.0,15000.0,15000.0,14550.0,-0.05362776025236593,-0.05362776025236593,-0.082018927444795,
611411,20240729000056,00921916,석경에이티,357550,주요사항보고서(자기주식취득신탁계약체결결정),2024-07-29,KOSDAQ,48400.0,48500.0,48400.0,43000.0,0.0020661157024792765,0.0,-0.11157024793388426,
1207095,20220222001416,00535676,테크윙,089030,주요사항보고서(자기주식취득신탁계약체결결정),2022-02-22,KOSDAQ,9164.0,9443.0,9190.0,9620.0,0.030445220427760766,0.002837189000436391,0.04975993016150149,
1101787,20220623000221,00535676,테크윙,089030,주요사항보고서(자기주식취득신탁계약체결결정),2022-06-23,KOSDAQ,7139.0,7671.0,7848.0,7570.0,0.07452024093010223,0.09931362935985422,0.0603726012046506,
1048742,20221021000096,00535676,테크윙,089030,주요사항보고서(자기주식취득신탁계약체결결정),2022-10-21,KOSDAQ,5560.0,5770.0,6010.0,5650.0,0.03776978417266186,0.08093525179856109,0.01618705035971213,
1206524,20220222002974,00133858,세방전지,004490,주요사항보고서(자기주식취득신탁계약체결결정),2022-02-23,KOSPI,64700.0,61500.0,63300.0,66200.0,-0.04945904173106641,-0.021638330757341562,0.023183925811437467,
1074931,20220819000213,00133858,세방전지,004490,주요사항보고서(자기주식취득신탁계약해지결정),2022-08-19,KOSPI,53000.0,51900.0,50700.0,51900.0,-0.02075471698113207,-0.04339622641509433,-0.02075471698113207,
991986,20230215001276,00133858,세방전지,004490,주요사항보고서(자기주식취득신탁계약체결결정),2023-02-15,KOSPI,51000.0,54200.0,54200.0,51300.0,0.06274509803921569,0.06274509803921569,0.00588235294117645,
844494,20230814001812,00133858,세방전지,004490,주요사항보고서(자기주식취득신탁계약해지결정),2023-08-14,KOSPI,48800.0,49000.0,48800.0,49950.0,0.004098360655737654,0.0,0.023565573770491843,
1205424,20220224000048,00123143,보령,003850,[연장결정]주요사항보고서(자기주식취득신탁계약체결결정),2022-02-24,KOSPI,12150.0,12450.0,12450.0,12800.0,0.024691358024691468,0.024691358024691468,0.053497942386831365,
1205110,20220224001882,00123143,보령,003850,[연장결정]주요사항보고서(자기주식취득신탁계약체결결정),2022-02-24,KOSPI,12150.0,12450.0,12450.0,12800.0,0.024691358024691468,0.024691358024691468,0.053497942386831365,
1204955,20220224002442,00123143,보령,003850,[연장결정]주요사항보고서(자기주식취득신탁계약체결결정),2022-02-24,KOSPI,12150.0,12450.0,12450.0,12800.0,0.024691358024691468,0.024691358024691468,0.053497942386831365,
1204919,20220224002691,00123143,보령,003850,[연장결정]주요사항보고서(자기주식취득신탁계약체결결정),2022-02-24,KOSPI,12150.0,12450.0,12450.0,12800.0,0.024691358024691468,0.024691358024691468,0.053497942386831365,
1204718,20220224003011,00123143,보령,003850,[연장결정]주요사항보고서(자기주식취득신탁계약체결결정),2022-02-24,KOSPI,12150.0,12450.0,12450.0,12800.0,0.024691358024691468,0.024691358024691468,0.053497942386831365,
1204683,20220224003310,00123143,보령,003850,[연장결정]주요사항보고서(자기주식취득신탁계약체결결정),2022-02-24,KOSPI,12150.0,12450.0,12450.0,12800.0,0.024691358024691468,0.024691358024691468,0.053497942386831365,
1204240,20220224004231,00123143,보령,003850,[연장결정]주요사항보고서(자기주식취득신탁계약체결결정),2022-02-24,KOSPI,12150.0,12450.0,12450.0,12800.0,0.024691358024691468,0.024691358024691468,0.053497942386831365,
943488,20230331003815,00123143,보령,003850,[연장결정]주요사항보고서(자기주식취득신탁계약체결결정),2023-03-31,KOSPI,8710.0,8680.0,8940.0,9050.0,-0.003444316877152742,0.02640642939150406,0.03903559127439715,
943433,20230331003844,00123143,보령,003850,[연장결정]주요사항보고서(자기주식취득신탁계약체결결정),2023-03-31,KOSPI,8710.0,8680.0,8940.0,9050.0,-0.003444316877152742,0.02640642939150406,0.03903559127439715,
943338,20230331003868,00123143,보령,003850,[연장결정]주요사항보고서(자기주식취득신탁계약체결결정),2023-03-31,KOSPI,8710.0,8680.0,8940.0,9050.0,-0.003444316877152742,0.02640642939150406,0.03903559127439715,
943334,20230331003895,00123143,보령,003850,[연장결정]주요사항보고서(자기주식취득신탁계약체결결정),2023-03-31,KOSPI,8710.0,8680.0,8940.0,9050.0,-0.003444316877152742,0.02640642939150406,0.03903559127439715,
943330,20230331003953,00123143,보령,003850,[연장결정]주요사항보고서(자기주식취득신탁계약체결결정),2023-03-31,KOSPI,8710.0,8680.0,8940.0,9050.0,-0.003444316877152742,0.02640642939150406,0.03903559127439715,
942878,20230331004398,00123143,보령,003850,[연장결정]주요사항보고서(자기주식취득신탁계약체결결정),2023-03-31,KOSPI,8710.0,8680.0,8940.0,9050.0,-0.003444316877152742,0.02640642939150406,0.03903559127439715,
700463,20240401003709,00123143,보령,003850,주요사항보고서(자기주식취득신탁계약해지결정),2024-04-01,KOSPI,12860.0,12570.0,12500.0,11470.0,-0.02255054432348369,-0.027993779160186638,-0.10808709175738729,
700459,20240401003719,00123143,보령,003850,주요사항보고서(자기주식취득신탁계약해지결정),2024-04-01,KOSPI,12860.0,12570.0,12500.0,11470.0,-0.02255054432348369,-0.027993779160186638,-0.10808709175738729,
700457,20240401003731,00123143,보령,003850,주요사항보고서(자기주식취득신탁계약해지결정),2024-04-01,KOSPI,12860.0,12570.0,12500.0,11470.0,-0.02255054432348369,-0.027993779160186638,-0.10808709175738729,
700450,20240401003740,00123143,보령,003850,주요사항보고서(자기주식취득신탁계약해지결정),2024-04-01,KOSPI,12860.0,12570.0,12500.0,11470.0,-0.02255054432348369,-0.027993779160186638,-0.10808709175738729,
700449,20240401003750,00123143,보령,003850,주요사항보고서(자기주식취득신탁계약해지결정),2024-04-01,KOSPI,12860.0,12570.0,12500.0,11470.0,-0.02255054432348369,-0.027993779160186638,-0.10808709175738729,
118164,20260612000606,00123143,보령,003850,주요사항보고서(자기주식취득결정),2026-06-12,KOSPI,8700.0,9250.0,9440.0,9090.0,0.06321839080459779,0.08505747126436791,0.04482758620689653,
1204336,20220224004048,00105271,케이씨씨,002380,주요사항보고서(자기주식취득신탁계약체결결정),2022-02-24,KOSPI,312000.0,331500.0,331500.0,330000.0,0.0625,0.0625,0.05769230769230771,
1071197,20220829000193,00105271,케이씨씨,002380,주요사항보고서(자기주식취득신탁계약해지결정),2022-08-29,KOSPI,287500.0,291500.0,294500.0,284000.0,0.013913043478260834,0.024347826086956514,-0.012173913043478257,
1203118,20220225002066,00872984,이마트,139480,주요사항보고서(자기주식취득결정),2022-02-25,KOSPI,128500.0,130000.0,130500.0,131500.0,0.011673151750972721,0.015564202334630295,0.023346303501945442,
1116445,20220526000295,00872984,이마트,139480,자기주식취득결과보고서,2022-05-26,KOSPI,113500.0,115000.0,117000.0,117000.0,0.013215859030837107,0.03083700440528636,0.03083700440528636,
615500,20240718000126,00872984,이마트,139480,주요사항보고서(자기주식취득결정),2024-07-18,KOSPI,57600.0,57000.0,56500.0,57000.0,-0.01041666666666663,-0.01909722222222221,-0.01041666666666663,
612131,20240726000177,00872984,이마트,139480,자기주식취득결과보고서,2024-07-26,KOSPI,58300.0,58300.0,57600.0,61700.0,0.0,-0.012006861063464824,0.05831903945111483,
520664,20250120000327,00872984,이마트,139480,주요사항보고서(자기주식취득결정),2025-01-20,KOSPI,66400.0,65500.0,65000.0,64500.0,-0.013554216867469826,-0.02108433734939763,-0.028614457831325324,
517907,20250124000370,00872984,이마트,139480,자기주식취득결과보고서,2025-01-24,KOSPI,63300.0,64500.0,62300.0,64300.0,0.018957345971563955,-0.01579778830963663,0.01579778830963674,
367475,20250717000187,00872984,이마트,139480,주요사항보고서(자기주식취득결정),2025-07-17,KOSPI,97000.0,95400.0,95200.0,89300.0,-0.016494845360824795,-0.01855670103092788,-0.07938144329896912,
364848,20250724000254,00872984,이마트,139480,자기주식취득결과보고서,2025-07-24,KOSPI,89300.0,89300.0,88900.0,89300.0,0.0,-0.004479283314669624,0.0,
271313,20260120000101,00872984,이마트,139480,주요사항보고서(자기주식취득결정),2026-01-20,KOSPI,84000.0,84100.0,86000.0,88900.0,0.0011904761904761862,0.023809523809523725,0.05833333333333335,
267503,20260128000192,00872984,이마트,139480,자기주식취득결과보고서,2026-01-28,KOSPI,88600.0,89700.0,91000.0,94600.0,0.01241534988713311,0.02708803611738153,0.06772009029345383,
1202503,20220225003655,00159500,한국종합기술,023350,[연장결정]주요사항보고서(자기주식취득신탁계약체결결정),2022-02-25,KOSPI,6480.0,6700.0,6680.0,6760.0,0.033950617283950546,0.030864197530864113,0.043209876543209846,
980099,20230302000272,00159500,한국종합기술,023350,[연장결정]주요사항보고서(자기주식취득신탁계약체결결정),2023-03-02,KOSPI,6560.0,6640.0,7110.0,6800.0,0.012195121951219523,0.08384146341463405,0.03658536585365857,
741008,20240229000934,00159500,한국종합기술,023350,[연장결정]주요사항보고서(자기주식취득신탁계약체결결정),2024-02-29,KOSPI,5870.0,5840.0,5820.0,5780.0,-0.005110732538330498,-0.008517887563884163,-0.015332197614991494,
492356,20250228004706,00159500,한국종합기술,023350,[연장결정]주요사항보고서(자기주식취득신탁계약체결결정),2025-02-28,KOSPI,5520.0,5360.0,5530.0,5300.0,-0.02898550724637683,0.0018115942028984477,-0.03985507246376807,
1202462,20220225003656,00252135,주성엔지니어링,036930,주요사항보고서(자기주식취득신탁계약체결결정),2022-02-25,KOSDAQ,24650.0,25900.0,27550.0,26700.0,0.05070993914807298,0.11764705882352944,0.08316430020283971,
988033,20230222003057,00252135,주성엔지니어링,036930,주요사항보고서(자기주식취득신탁계약체결결정),2023-02-22,KOSDAQ,11690.0,12200.0,12270.0,11490.0,0.043627031650983694,0.04961505560307966,-0.017108639863130826,
564932,20241029000189,00252135,주성엔지니어링,036930,주요사항보고서(자기주식취득신탁계약체결결정),2024-10-29,KOSDAQ,31050.0,29850.0,31000.0,32150.0,-0.03864734299516903,-0.0016103059581320522,0.03542673107890493,
1202355,20220225003767,00138701,아세아,002030,주요사항보고서(자기주식취득신탁계약체결결정),2022-02-25,KOSPI,146000.0,148500.0,150000.0,147000.0,0.017123287671232834,0.027397260273972712,0.006849315068493178,
1103316,20220621000121,00138701,아세아,002030,주요사항보고서(자기주식취득신탁계약체결결정),2022-06-21,KOSPI,122500.0,118000.0,115000.0,124000.0,-0.03673469387755102,-0.061224489795918324,0.012244897959183598,
1103251,20220621000247,00138701,아세아,002030,[연장결정]주요사항보고서(자기주식취득신탁계약체결결정),2022-06-21,KOSPI,122500.0,118000.0,115000.0,124000.0,-0.03673469387755102,-0.061224489795918324,0.012244897959183598,
1073397,20220824000182,00138701,아세아,002030,주요사항보고서(자기주식취득신탁계약해지결정),2022-08-24,KOSPI,123500.0,122500.0,123500.0,121000.0,-0.0080971659919028,0.0,-0.020242914979757054,
1071975,20220826000430,00138701,아세아,002030,주요사항보고서(자기주식취득신탁계약체결결정),2022-08-26,KOSPI,123500.0,120500.0,122000.0,122000.0,-0.02429149797570851,-0.012145748987854255,-0.012145748987854255,
1043068,20221104000072,00138701,아세아,002030,주요사항보고서(자기주식취득신탁계약체결결정),2022-11-04,KOSPI,118000.0,118000.0,118500.0,118500.0,0.0,0.004237288135593209,0.004237288135593209,
1017762,20221220000353,00138701,아세아,002030,주요사항보고서(자기주식취득신탁계약해지결정),2022-12-20,KOSPI,131500.0,132000.0,136000.0,131500.0,0.0038022813688212143,0.034220532319391594,0.0,
999461,20230201000147,00138701,아세아,002030,주요사항보고서(자기주식취득신탁계약체결결정),2023-02-01,KOSPI,133800.0,137400.0,136500.0,137200.0,0.026905829596412634,0.020179372197309364,0.025411061285500747,
985954,20230224004142,00138701,아세아,002030,주요사항보고서(자기주식취득신탁계약해지결정),2023-02-24,KOSPI,141000.0,144000.0,146400.0,150000.0,0.02127659574468077,0.038297872340425476,0.06382978723404253,
925239,20230407002639,00138701,아세아,002030,주요사항보고서(자기주식취득신탁계약체결결정),2023-04-07,KOSPI,137900.0,138000.0,139900.0,142500.0,0.0007251631617113397,0.014503263234227681,0.03335750543872362,
898981,20230503000295,00138701,아세아,002030,주요사항보고서(자기주식취득신탁계약해지결정),2023-05-03,KOSPI,146500.0,147300.0,149900.0,150600.0,0.005460750853242269,0.02320819112627981,0.027986348122866822,
887451,20230525000307,00138701,아세아,002030,주요사항보고서(자기주식취득신탁계약체결결정),2023-05-25,KOSPI,144600.0,144900.0,144000.0,143900.0,0.0020746887966804906,-0.004149377593360981,-0.004840940525587811,
857629,20230726000160,00138701,아세아,002030,주요사항보고서(자기주식취득신탁계약체결결정),2023-07-26,KOSPI,155000.0,159800.0,161900.0,162300.0,0.030967741935483906,0.04451612903225799,0.04709677419354841,
855234,20230731000107,00138701,아세아,002030,주요사항보고서(자기주식취득신탁계약해지결정),2023-07-31,KOSPI,160700.0,162300.0,162300.0,169200.0,0.009956440572495229,0.009956440572495229,0.05289359054138143,
830295,20230911000220,00138701,아세아,002030,주요사항보고서(자기주식취득신탁계약체결결정),2023-09-11,KOSPI,169000.0,169900.0,173600.0,168100.0,0.005325443786982298,0.02721893491124261,-0.005325443786982298,
820731,20231006000291,00138701,아세아,002030,주요사항보고서(자기주식취득신탁계약해지결정),2023-10-06,KOSPI,171600.0,170200.0,169400.0,171200.0,-0.00815850815850816,-0.012820512820512775,-0.002331002331002363,
797386,20231124000209,00138701,아세아,002030,주요사항보고서(자기주식취득신탁계약해지결정),2023-11-24,KOSPI,163700.0,163900.0,162400.0,164400.0,0.0012217470983506562,-0.007941356139279154,0.004276114844227186,
781512,20231220000147,00138701,아세아,002030,주요사항보고서(자기주식취득신탁계약체결결정),2023-12-20,KOSPI,171400.0,170100.0,170000.0,187000.0,-0.0075845974329055155,-0.008168028004667427,0.09101516919486574,
766111,20240125000339,00138701,아세아,002030,주요사항보고서(자기주식취득신탁계약해지결정),2024-01-25,KOSPI,175200.0,177000.0,181700.0,191800.0,0.010273972602739656,0.037100456621004474,0.09474885844748848,
742954,20240228006911,00138701,아세아,002030,주요사항보고서(자기주식취득신탁계약체결결정),2024-02-28,KOSPI,196200.0,207500.0,207500.0,204500.0,0.05759429153924556,0.05759429153924556,0.04230377166156973,
733461,20240311000380,00138701,아세아,002030,주요사항보고서(자기주식취득신탁계약해지결정),2024-03-11,KOSPI,218000.0,218500.0,212000.0,229500.0,0.002293577981651307,-0.02752293577981646,0.05275229357798161,
660085,20240426000496,00138701,아세아,002030,주요사항보고서(자기주식취득신탁계약체결결정),2024-04-26,KOSPI,229500.0,236500.0,237000.0,253500.0,0.030501089324618702,0.03267973856209161,0.10457516339869288,
630861,20240618000183,00138701,아세아,002030,주요사항보고서(자기주식취득신탁계약체결결정),2024-06-18,KOSPI,252000.0,251500.0,250000.0,254500.0,-0.001984126984126977,-0.007936507936507908,0.009920634920634885,
630308,20240619000109,00138701,아세아,002030,주요사항보고서(자기주식취득신탁계약해지결정),2024-06-19,KOSPI,251500.0,250000.0,251000.0,259500.0,-0.005964214711729587,-0.001988071570576566,0.031809145129224614,
593624,20240827000353,00138701,아세아,002030,주요사항보고서(자기주식취득신탁계약해지결정),2024-08-27,KOSPI,251000.0,250500.0,251000.0,255000.0,-0.0019920318725099584,0.0,0.015936254980079667,
590944,20240829000841,00138701,아세아,002030,주요사항보고서(자기주식취득신탁계약체결결정),2024-08-29,KOSPI,251000.0,251000.0,255500.0,254000.0,0.0,0.017928286852589626,0.01195219123505975,
567961,20241022000174,00138701,아세아,002030,주요사항보고서(자기주식취득신탁계약체결결정),2024-10-22,KOSPI,256000.0,258500.0,257500.0,254000.0,0.009765625,0.005859375,-0.0078125,
566229,20241025000204,00138701,아세아,002030,주요사항보고서(자기주식취득신탁계약해지결정),2024-10-25,KOSPI,257500.0,256000.0,254000.0,254000.0,-0.005825242718446644,-0.013592233009708687,-0.013592233009708687,
535329,20241217000167,00138701,아세아,002030,주요사항보고서(자기주식취득신탁계약해지결정),2024-12-17,KOSPI,231000.0,228000.0,229500.0,242500.0,-0.012987012987012991,-0.00649350649350644,0.04978354978354971,
525896,20250107000288,00138701,아세아,002030,주요사항보고서(자기주식취득신탁계약체결결정),2025-01-07,KOSPI,241000.0,245000.0,243000.0,245500.0,0.016597510373443924,0.008298755186721962,0.018672199170124415,
492029,20250228004936,00138701,아세아,002030,주요사항보고서(자기주식취득신탁계약해지결정),2025-02-28,KOSPI,259000.0,257500.0,260000.0,259500.0,-0.00579150579150578,0.0038610038610038533,0.0019305019305020377,
413138,20250421000213,00138701,아세아,002030,주요사항보고서(자기주식취득신탁계약해지결정),2025-04-21,KOSPI,268000.0,268500.0,269000.0,263000.0,0.001865671641791078,0.003731343283582156,-0.018656716417910446,
371726,20250707000179,00138701,아세아,002030,주요사항보고서(자기주식취득신탁계약해지결정),2025-07-07,KOSPI,322500.0,324000.0,330500.0,333000.0,0.0046511627906977715,0.024806201550387597,0.032558139534883734,
322848,20251016000160,00138701,아세아,002030,주요사항보고서(자기주식취득신탁계약체결결정),2025-10-16,KOSPI,345000.0,352000.0,350000.0,369000.0,0.020289855072463725,0.01449275362318847,0.06956521739130439,
28044,20260415000481,00138701,아세아,002030,주요사항보고서(자기주식취득신탁계약해지결정),2026-04-15,KOSPI,269500.0,266000.0,265500.0,265500.0,-0.012987012987012991,-0.014842300556586308,-0.014842300556586308,
120242,20260610000379,00138701,아세아,002030,주요사항보고서(자기주식취득신탁계약체결결정),2026-06-10,KOSPI,177000.0,193300.0,197900.0,194500.0,0.0920903954802259,0.11807909604519784,0.09887005649717517,
1202212,20220225004061,01405390,핌스,347770,주요사항보고서(자기주식취득결정),2022-02-25,KOSDAQ,7683.0,8050.0,8183.0,7850.0,0.04776779903683459,0.06507874528179092,0.021736300924118268,
1116366,20220526000371,01405390,핌스,347770,자기주식취득결과보고서,2022-05-26,KOSDAQ,6283.0,6516.0,6733.0,6500.0,0.03708419544803432,0.07162183670221234,0.03453764125417802,
1201190,20220225006620,00554352,아이큐어,175250,주요사항보고서(자기주식취득결정),2022-02-25,KOSDAQ,9548.0,9661.0,9963.0,9812.0,0.011834939254294019,0.043464599916212876,0.02764976958525356,
1190777,20220311000759,00554352,아이큐어,175250,자기주식취득결과보고서,2022-03-11,KOSDAQ,10416.0,10038.0,10114.0,10944.0,-0.03629032258064513,-0.028993855606758823,0.05069124423963123,
1199735,20220228004797,00110893,대신증권,003540,주요사항보고서(자기주식취득결정),2022-02-28,KOSPI,16950.0,17750.0,17900.0,17700.0,0.0471976401179941,0.05604719764011801,0.04424778761061954,
342592,20250828001303,00110893,대신증권,003540,주요사항보고서(자기주식취득결정),2025-08-28,KOSPI,27400.0,27900.0,27350.0,27250.0,0.018248175182481674,-0.0018248175182481452,-0.005474452554744547,
327007,20250930000800,00110893,대신증권,003540,자기주식취득결과보고서,2025-09-30,KOSPI,26400.0,25900.0,26650.0,26300.0,-0.018939393939393923,0.009469696969697017,-0.0037878787878787845,
103760,20260309001597,00110893,대신증권,003540,주요사항보고서(자기주식취득결정),2026-03-09,KOSPI,37800.0,38950.0,40550.0,39650.0,0.030423280423280463,0.07275132275132279,0.04894179894179884,
73797,20260330001737,00110893,대신증권,003540,자기주식취득결과보고서,2026-03-30,KOSPI,36100.0,35250.0,37300.0,35950.0,-0.023545706371191133,0.0332409972299168,-0.0041551246537395725,
1198756,20220302000149,01061558,덕산네오룩스,213420,주요사항보고서(자기주식취득신탁계약체결결정),2022-03-02,KOSDAQ,41000.0,42350.0,41200.0,41150.0,0.03292682926829271,0.004878048780487809,0.003658536585365857,
1067373,20220831001508,01061558,덕산네오룩스,213420,[연장결정]주요사항보고서(자기주식취득신탁계약체결결정),2022-08-31,KOSDAQ,36100.0,35900.0,34500.0,36450.0,-0.005540166204986097,-0.04432132963988922,0.00969529085872578,
981331,20230228006088,01061558,덕산네오룩스,213420,[연장결정]주요사항보고서(자기주식취득신탁계약체결결정),2023-02-28,KOSDAQ,44300.0,42700.0,42600.0,43800.0,-0.036117381489842004,-0.038374717832957095,-0.011286681715575675,
1198590,20220302000325,01251577,휴네시온,290270,주요사항보고서(자기주식취득신탁계약체결결정),2022-03-02,KOSDAQ,5680.0,5620.0,5650.0,5300.0,-0.010563380281690127,-0.005281690140845119,-0.06690140845070425,
969171,20230315000251,01251577,휴네시온,290270,[연장결정]주요사항보고서(자기주식취득신탁계약체결결정),2023-03-15,KOSDAQ,4380.0,4455.0,4660.0,4435.0,0.017123287671232834,0.06392694063926951,0.01255707762557079,
828749,20230914000092,01251577,휴네시온,290270,[연장결정]주요사항보고서(자기주식취득신탁계약체결결정),2023-09-14,KOSDAQ,4095.0,4170.0,4225.0,4085.0,0.01831501831501825,0.031746031746031855,-0.0024420024420024333,
730138,20240313000699,01251577,휴네시온,290270,[연장결정]주요사항보고서(자기주식취득신탁계약체결결정),2024-03-13,KOSDAQ,4300.0,4295.0,4280.0,4285.0,-0.0011627906976744429,-0.0046511627906976605,-0.0034883720930232176,
626627,20240626000066,01251577,휴네시온,290270,주요사항보고서(자기주식취득신탁계약체결결정),2024-06-26,KOSDAQ,3905.0,3935.0,3875.0,3810.0,0.007682458386683688,-0.007682458386683688,-0.02432778489116516,
378052,20250625000275,01251577,휴네시온,290270,[연장결정]주요사항보고서(자기주식취득신탁계약체결결정),2025-06-25,KOSDAQ,3770.0,3655.0,3610.0,3590.0,-0.0305039787798409,-0.04244031830238726,-0.04774535809018565,
1197788,20220303000265,00124805,푸른저축은행,007330,[연장결정]주요사항보고서(자기주식취득신탁계약체결결정),2022-03-03,KOSDAQ,12006.0,11862.0,11334.0,11670.0,-0.01199400299850073,-0.055972013993003444,-0.027986006996501778,
984996,20230227003869,00124805,푸른저축은행,007330,[연장결정]주요사항보고서(자기주식취득신탁계약체결결정),2023-02-27,KOSDAQ,10661.0,10585.0,10834.0,10536.0,-0.007128787168183104,0.016227370790732554,-0.011724978895037985,
740599,20240229001340,00124805,푸른저축은행,007330,[연장결정]주요사항보고서(자기주식취득신탁계약체결결정),2024-02-29,KOSDAQ,9211.0,9326.0,9345.0,9326.0,0.012485072196287028,0.014547823254803971,0.012485072196287028,
1196632,20220304000234,00216762,한양이엔지,045100,[연장결정]주요사항보고서(자기주식취득신탁계약체결결정),2022-03-04,KOSDAQ,15450.0,14850.0,14850.0,15200.0,-0.03883495145631066,-0.03883495145631066,-0.016181229773462813,
1187543,20220315000586,00216762,한양이엔지,045100,주요사항보고서(자기주식취득신탁계약체결결정),2022-03-15,KOSDAQ,15100.0,15200.0,15200.0,15400.0,0.0066225165562914245,0.0066225165562914245,0.019867549668874274,
1174859,20220325000203,00216762,한양이엔지,045100,[연장결정]주요사항보고서(자기주식취득신탁계약체결결정),2022-03-25,KOSDAQ,15800.0,15850.0,15700.0,15750.0,0.0031645569620253333,-0.006329113924050667,-0.0031645569620253333,
1103835,20220620000035,00216762,한양이엔지,045100,[연장결정]주요사항보고서(자기주식취득신탁계약체결결정),2022-06-20,KOSDAQ,14700.0,15250.0,14050.0,14850.0,0.03741496598639449,-0.04421768707482998,0.010204081632652962,
1094526,20220708000054,00216762,한양이엔지,045100,주요사항보고서(자기주식취득신탁계약체결결정),2022-07-08,KOSDAQ,14000.0,13650.0,13200.0,14050.0,-0.025000000000000022,-0.05714285714285716,0.0035714285714285587,
979314,20230303000142,00216762,한양이엔지,045100,[연장결정]주요사항보고서(자기주식취득신탁계약체결결정),2023-03-03,KOSDAQ,14920.0,15060.0,15430.0,14580.0,0.009383378016085686,0.03418230563002678,-0.02278820375335122,
972453,20230313000087,00216762,한양이엔지,045100,[연장결정]주요사항보고서(자기주식취득신탁계약체결결정),2023-03-13,KOSDAQ,14270.0,13770.0,13960.0,14560.0,-0.035038542396636285,-0.021723896285914535,0.020322354590049052,
956765,20230324000247,00216762,한양이엔지,045100,[연장결정]주요사항보고서(자기주식취득신탁계약체결결정),2023-03-24,KOSDAQ,14840.0,14730.0,15050.0,15620.0,-0.0074123989218328745,0.014150943396226356,0.052560646900269514,
903823,20230426000190,00216762,한양이엔지,045100,주요사항보고서(자기주식취득신탁계약체결결정),2023-04-26,KOSDAQ,14650.0,14780.0,14780.0,14790.0,0.00887372013651877,0.00887372013651877,0.009556313993174026,
662029,20240424000096,00216762,한양이엔지,045100,[연장결정]주요사항보고서(자기주식취득신탁계약체결결정),2024-04-24,KOSDAQ,19450.0,19760.0,21100.0,20250.0,0.01593830334190227,0.08483290488431883,0.041131105398457546,
582382,20240912000185,00216762,한양이엔지,045100,주요사항보고서(자기주식취득신탁계약체결결정),2024-09-12,KOSDAQ,18240.0,17860.0,18170.0,18170.0,-0.02083333333333337,-0.003837719298245612,-0.003837719298245612,
481256,20250313000161,00216762,한양이엔지,045100,주요사항보고서(자기주식취득신탁계약해지결정),2025-03-13,KOSDAQ,16790.0,16800.0,16890.0,16780.0,0.0005955926146514745,0.005955926146515855,-0.0005955926146515855,
481253,20250313000164,00216762,한양이엔지,045100,주요사항보고서(자기주식취득신탁계약해지결정),2025-03-13,KOSDAQ,16790.0,16800.0,16890.0,16780.0,0.0005955926146514745,0.005955926146515855,-0.0005955926146515855,
369911,20250710000548,00216762,한양이엔지,045100,주요사항보고서(자기주식취득신탁계약체결결정),2025-07-10,KOSDAQ,18680.0,19250.0,19050.0,19240.0,0.03051391862955022,0.019807280513918668,0.02997858672376874,
1196331,20220304000424,00107987,남해화학,025860,[연장결정]주요사항보고서(자기주식취득신탁계약체결결정),2022-03-04,KOSPI,10500.0,11100.0,10300.0,10150.0,0.05714285714285716,-0.01904761904761909,-0.033333333333333326,
985857,20230224004486,00107987,남해화학,025860,[연장결정]주요사항보고서(자기주식취득신탁계약체결결정),2023-02-24,KOSPI,9070.0,9020.0,9030.0,9140.0,-0.005512679162072764,-0.004410143329658167,0.007717750826901959,
735039,20240307001003,00107987,남해화학,025860,[연장결정]주요사항보고서(자기주식취득신탁계약체결결정),2024-03-08,KOSPI,7320.0,7310.0,7320.0,7290.0,-0.001366120218579181,0.0,-0.004098360655737654,
493545,20250228000023,00107987,남해화학,025860,[연장결정]주요사항보고서(자기주식취득신탁계약체결결정),2025-02-28,KOSPI,6430.0,6380.0,6530.0,6500.0,-0.007776049766718529,0.015552099533437058,0.010886469673405896,
85579,20260323000822,00107987,남해화학,025860,주요사항보고서(자기주식취득신탁계약해지결정),2026-03-23,KOSPI,8040.0,7930.0,7990.0,8260.0,-0.013681592039801016,-0.006218905472636815,0.027363184079602032,
1196107,20220304000592,00118345,디아이동일,001530,[연장결정]주요사항보고서(자기주식취득신탁계약체결결정),2022-03-04,KOSPI,22891.0,23200.0,22408.0,20910.0,0.013498754969201832,-0.021099995631470914,-0.0865405617928443,
1196105,20220304000597,00118345,디아이동일,001530,[연장결정]주요사항보고서(자기주식취득신탁계약체결결정),2022-03-04,KOSPI,22891.0,23200.0,22408.0,20910.0,0.013498754969201832,-0.021099995631470914,-0.0865405617928443,
1196104,20220304000601,00118345,디아이동일,001530,[연장결정]주요사항보고서(자기주식취득신탁계약체결결정),2022-03-04,KOSPI,22891.0,23200.0,22408.0,20910.0,0.013498754969201832,-0.021099995631470914,-0.0865405617928443,
978701,20230303000588,00118345,디아이동일,001530,[연장결정]주요사항보고서(자기주식취득신탁계약체결결정),2023-03-03,KOSPI,19673.0,19584.0,18958.0,21820.0,-0.0045239668581303905,-0.036344228129924216,0.1091343465663599,
978699,20230303000594,00118345,디아이동일,001530,[연장결정]주요사항보고서(자기주식취득신탁계약체결결정),2023-03-03,KOSPI,19673.0,19584.0,18958.0,21820.0,-0.0045239668581303905,-0.036344228129924216,0.1091343465663599,
978697,20230303000606,00118345,디아이동일,001530,[연장결정]주요사항보고서(자기주식취득신탁계약체결결정),2023-03-03,KOSPI,19673.0,19584.0,18958.0,21820.0,-0.0045239668581303905,-0.036344228129924216,0.1091343465663599,
789646,20231206000263,00118345,디아이동일,001530,주요사항보고서(자기주식취득신탁계약체결결정),2023-12-06,KOSPI,27453.0,27364.0,27320.0,26336.0,-0.0032419043456088925,-0.004844643572651464,-0.04068772083196737,
778424,20231227000143,00118345,디아이동일,001530,주요사항보고서(자기주식취득신탁계약체결결정),2023-12-27,KOSPI,26477.0,26660.0,25976.0,26295.0,0.006911659175888429,-0.018922083317596372,-0.006873890546512107,
738715,20240304000425,00118345,디아이동일,001530,주요사항보고서(자기주식취득신탁계약해지결정),2024-03-04,KOSPI,26113.0,26068.0,25976.0,24245.0,-0.00172327959254015,-0.00524642898173322,-0.07153525064144295,
734257,20240308000646,00118345,디아이동일,001530,주요사항보고서(자기주식취득신탁계약해지결정),2024-03-08,KOSPI,25931.0,24245.0,24108.0,24882.0,-0.06501870348231842,-0.07030195518877025,-0.04045351124137131,
722880,20240319000622,00118345,디아이동일,001530,주요사항보고서(자기주식취득신탁계약해지결정),2024-03-19,KOSPI,24654.0,24609.0,24335.0,24472.0,-0.001825261620832297,-0.012939076823233586,-0.007382169222032942,
549116,20241127000664,00118345,디아이동일,001530,주요사항보고서(자기주식취득신탁계약체결결정),2024-11-27,KOSPI,38737.0,38737.0,38737.0,38737.0,0.0,0.0,0.0,
542282,20241206000574,00118345,디아이동일,001530,주요사항보고서(자기주식취득신탁계약해지결정),2024-12-06,KOSPI,38737.0,38737.0,38737.0,45208.0,0.0,0.0,0.1670495908304721,
529663,20241227000538,00118345,디아이동일,001530,주요사항보고서(자기주식취득신탁계약해지결정),2024-12-27,KOSPI,46620.0,46858.0,46953.0,46763.0,0.005105105105105201,0.0071428571428571175,0.0030673530673530625,
386680,20250602001112,00118345,디아이동일,001530,주요사항보고서(자기주식취득신탁계약해지결정),2025-06-02,KOSPI,32191.0,32286.0,33096.0,36619.0,0.0029511354105185017,0.028113447858096885,0.13755397471342912,
1195677,20220307000179,00537337,앤씨앤,092600,주요사항보고서(자기주식취득신탁계약체결결정),2022-03-07,KOSDAQ,17350.0,17150.0,17700.0,17575.0,-0.011527377521613813,0.020172910662824117,0.012968299711815456,
1195629,20220307000213,00160588,한화,000880,주요사항보고서(자기주식취득결정),2022-03-07,KOSPI,30350.0,29750.0,30200.0,30350.0,-0.01976935749588138,-0.0049423393739703725,0.0,
1127038,20220509000511,00160588,한화,000880,자기주식취득결과보고서,2022-05-09,KOSPI,29250.0,28800.0,28300.0,28500.0,-0.01538461538461533,-0.032478632478632474,-0.02564102564102566,
620646,20240705000007,00160588,한화,000880,주요사항보고서(자기주식취득결정),2024-07-05,KOSPI,29050.0,28700.0,28950.0,29150.0,-0.012048192771084376,-0.0034423407917383297,0.0034423407917383297,
584312,20240909000035,00160588,한화,000880,자기주식취득결과보고서,2024-09-09,KOSPI,27850.0,27900.0,27750.0,29400.0,0.0017953321364452268,-0.0035906642728904536,0.055655296229802476,
273258,20260114000081,00160588,한화,000880,주요사항보고서(자기주식취득결정),2026-01-14,KOSPI,128500.0,136500.0,124600.0,119500.0,0.0622568093385214,-0.030350194552529186,-0.07003891050583655,
87812,20260320000412,00160588,한화,000880,자기주식취득결과보고서,2026-03-20,KOSPI,120700.0,108600.0,114600.0,111500.0,-0.10024855012427503,-0.05053852526926261,-0.07622203811101902,
1195260,20220307000416,01412725,두산퓨얼셀,336260,주요사항보고서(자기주식취득결정),2022-03-07,KOSPI,39700.0,39850.0,40000.0,40000.0,0.0037783375314861534,0.007556675062972307,0.007556675062972307,
1194610,20220308000325,00233653,한국토지신탁,034830,[연장결정]주요사항보고서(자기주식취득신탁계약체결결정),2022-03-08,KOSPI,2130.0,2180.0,2380.0,2420.0,0.023474178403755763,0.11737089201877926,0.136150234741784,
1009716,20230105000276,00233653,한국토지신탁,034830,주요사항보고서(자기주식취득신탁계약체결결정),2023-01-05,KOSPI,1345.0,1345.0,1340.0,1330.0,0.0,-0.0037174721189591198,-0.01115241635687736,
907055,20230419000277,00233653,한국토지신탁,034830,[연장결정]주요사항보고서(자기주식취득신탁계약체결결정),2023-04-19,KOSPI,1381.0,1372.0,1381.0,1329.0,-0.00651701665459814,0.0,-0.03765387400434472,
907054,20230419000279,00233653,한국토지신탁,034830,[연장결정]주요사항보고서(자기주식취득신탁계약체결결정),2023-04-19,KOSPI,1381.0,1372.0,1381.0,1329.0,-0.00651701665459814,0.0,-0.03765387400434472,
854143,20230802000064,00233653,한국토지신탁,034830,주요사항보고서(자기주식취득신탁계약체결결정),2023-08-02,KOSPI,1252.0,1252.0,1254.0,1258.0,0.0,0.0015974440894568342,0.004792332268370503,
737142,20240306000383,00233653,한국토지신탁,034830,[연장결정]주요사항보고서(자기주식취득신탁계약체결결정),2024-03-06,KOSPI,1040.0,1034.0,1035.0,1028.0,-0.005769230769230749,-0.004807692307692291,-0.011538461538461497,
534171,20241218000432,00233653,한국토지신탁,034830,[연장결정]주요사항보고서(자기주식취득신탁계약체결결정),2024-12-19,KOSPI,1039.0,1030.0,1042.0,1011.0,-0.008662175168431152,0.002887391722810495,-0.02694898941289703,
534170,20241218000433,00233653,한국토지신탁,034830,[연장결정]주요사항보고서(자기주식취득신탁계약체결결정),2024-12-19,KOSPI,1039.0,1030.0,1042.0,1011.0,-0.008662175168431152,0.002887391722810495,-0.02694898941289703,
534169,20241218000435,00233653,한국토지신탁,034830,[연장결정]주요사항보고서(자기주식취득신탁계약체결결정),2024-12-19,KOSPI,1039.0,1030.0,1042.0,1011.0,-0.008662175168431152,0.002887391722810495,-0.02694898941289703,
534168,20241218000437,00233653,한국토지신탁,034830,[연장결정]주요사항보고서(자기주식취득신탁계약체결결정),2024-12-19,KOSPI,1039.0,1030.0,1042.0,1011.0,-0.008662175168431152,0.002887391722810495,-0.02694898941289703,
534167,20241218000439,00233653,한국토지신탁,034830,[연장결정]주요사항보고서(자기주식취득신탁계약체결결정),2024-12-19,KOSPI,1039.0,1030.0,1042.0,1011.0,-0.008662175168431152,0.002887391722810495,-0.02694898941289703,
289552,20251215000462,00233653,한국토지신탁,034830,주요사항보고서(자기주식취득신탁계약해지결정),2025-12-15,KOSPI,1338.0,1306.0,1312.0,1322.0,-0.02391629297458897,-0.019431988041853532,-0.01195814648729443,
272449,20260115000365,00233653,한국토지신탁,034830,주요사항보고서(자기주식취득신탁계약해지결정),2026-01-15,KOSPI,1202.0,1209.0,1196.0,1197.0,0.005823627287853572,-0.004991680532445919,-0.004159733777038266,
272446,20260115000371,00233653,한국토지신탁,034830,주요사항보고서(자기주식취득신탁계약해지결정),2026-01-15,KOSPI,1202.0,1209.0,1196.0,1197.0,0.005823627287853572,-0.004991680532445919,-0.004159733777038266,
272445,20260115000378,00233653,한국토지신탁,034830,주요사항보고서(자기주식취득신탁계약해지결정),2026-01-15,KOSPI,1202.0,1209.0,1196.0,1197.0,0.005823627287853572,-0.004991680532445919,-0.004159733777038266,
272444,20260115000385,00233653,한국토지신탁,034830,주요사항보고서(자기주식취득신탁계약해지결정),2026-01-15,KOSPI,1202.0,1209.0,1196.0,1197.0,0.005823627287853572,-0.004991680532445919,-0.004159733777038266,
1193963,20220308000677,00106368,금호석유화학,011780,주요사항보고서(자기주식취득신탁계약체결결정),2022-03-08,KOSPI,147500.0,151500.0,150500.0,157000.0,0.027118644067796627,0.02033898305084736,0.06440677966101704,
1061309,20220920000135,00106368,금호석유화학,011780,주요사항보고서(자기주식취득신탁계약해지결정),2022-09-20,KOSPI,130500.0,128000.0,124500.0,115000.0,-0.019157088122605415,-0.04597701149425293,-0.11877394636015326,
975505,20230308000492,00106368,금호석유화학,011780,[첨부추가]주요사항보고서(자기주식취득신탁계약체결결정),2023-03-08,KOSPI,156000.0,158400.0,151200.0,144400.0,0.01538461538461533,-0.03076923076923077,-0.07435897435897432,
826605,20230920000205,00106368,금호석유화학,011780,주요사항보고서(자기주식취득신탁계약해지결정),2023-09-20,KOSPI,134100.0,132100.0,128500.0,134100.0,-0.014914243102162605,-0.041759880686055184,0.0,
737027,20240306000464,00106368,금호석유화학,011780,주요사항보고서(자기주식취득신탁계약체결결정),2024-03-06,KOSPI,144400.0,145600.0,139700.0,136700.0,0.008310249307479145,-0.032548476454293596,-0.05332409972299168,
582379,20240912000201,00106368,금호석유화학,011780,주요사항보고서(자기주식취득신탁계약해지결정),2024-09-12,KOSPI,133500.0,133300.0,131000.0,144800.0,-0.001498127340823996,-0.01872659176029967,0.08464419475655438,
488643,20250306000329,00106368,금호석유화학,011780,주요사항보고서(자기주식취득신탁계약체결결정),2025-03-06,KOSPI,119800.0,122900.0,118300.0,111000.0,0.025876460767946474,-0.012520868113522488,-0.07345575959933226,
333710,20250916000084,00106368,금호석유화학,011780,주요사항보고서(자기주식취득신탁계약해지결정),2025-09-16,KOSPI,109400.0,107800.0,109100.0,105400.0,-0.014625228519195566,-0.002742230347349217,-0.03656307129798908,
100762,20260311003714,00106368,금호석유화학,011780,주요사항보고서(자기주식취득신탁계약체결결정),2026-03-11,KOSPI,125300.0,120000.0,116300.0,136300.0,-0.042298483639265805,-0.07182761372705504,0.08778930566640053,
1193933,20220308000701,01032486,두산밥캣,241560,주요사항보고서(자기주식취득결정),2022-03-08,KOSPI,36500.0,37200.0,37000.0,39200.0,0.019178082191780854,0.013698630136986356,0.07397260273972606,
1157476,20220404002283,01032486,두산밥캣,241560,자기주식취득결과보고서,2022-04-04,KOSPI,39000.0,38550.0,39750.0,40200.0,-0.011538461538461497,0.019230769230769162,0.03076923076923066,
979546,20230302000628,01032486,두산밥캣,241560,주요사항보고서(자기주식취득결정),2023-03-02,KOSPI,39600.0,39600.0,39200.0,40600.0,0.0,-0.010101010101010055,0.025252525252525304,
953108,20230328000722,01032486,두산밥캣,241560,자기주식취득결과보고서,2023-03-28,KOSPI,42500.0,42300.0,42500.0,44700.0,-0.004705882352941226,0.0,0.051764705882352935,
658550,20240429000922,01032486,두산밥캣,241560,주요사항보고서(자기주식취득결정),2024-04-29,KOSPI,52900.0,52200.0,52000.0,53100.0,-0.013232514177693777,-0.017013232514177745,0.003780718336483968,
643355,20240528000457,01032486,두산밥캣,241560,자기주식취득결과보고서,2024-05-28,KOSPI,58700.0,57300.0,56300.0,55500.0,-0.023850085178875657,-0.040885860306643984,-0.054514480408858645,
536726,20241216000080,01032486,두산밥캣,241560,주요사항보고서(자기주식취득결정),2024-12-16,KOSPI,41550.0,41750.0,44400.0,46900.0,0.004813477737665384,0.06859205776173294,0.12876052948255112,
500326,20250221002351,01032486,두산밥캣,241560,자기주식취득결과보고서,2025-02-21,KOSPI,49600.0,48750.0,48750.0,47000.0,-0.017137096774193505,-0.017137096774193505,-0.05241935483870963,
1193857,20220308000786,00115694,DB증권,016610,주요사항보고서(자기주식취득결정),2022-03-08,KOSPI,6020.0,6240.0,6370.0,6390.0,0.03654485049833878,0.058139534883721034,0.06146179401993357,
583524,20240910000607,00115694,DB증권,016610,주요사항보고서(자기주식취득결정),2024-09-10,KOSPI,5630.0,5680.0,5800.0,6010.0,0.008880994671403242,0.030195381882770933,0.06749555950266428,
559870,20241108000381,00115694,DB증권,016610,자기주식취득결과보고서,2024-11-08,KOSPI,5120.0,5170.0,5030.0,5000.0,0.009765625,-0.017578125,-0.0234375,
485076,20250310000962,00115694,DB증권,016610,주요사항보고서(자기주식취득결정),2025-03-10,KOSPI,5790.0,5920.0,5940.0,5880.0,0.022452504317789224,0.02590673575129543,0.015544041450777257,
405526,20250502000347,00115694,DB증권,016610,자기주식취득결과보고서,2025-05-02,KOSPI,6370.0,6290.0,6340.0,6510.0,-0.012558869701726816,-0.004709576138147598,0.0219780219780219,
339908,20250829002176,00115694,DB증권,016610,주요사항보고서(자기주식취득신탁계약해지결정),2025-08-29,KOSPI,8820.0,8740.0,8570.0,8540.0,-0.009070294784580546,-0.028344671201814053,-0.031746031746031744,
339160,20250901000551,00115694,DB증권,016610,주요사항보고서(자기주식취득신탁계약해지결정),2025-09-01,KOSPI,8740.0,8570.0,8430.0,8800.0,-0.0194508009153318,-0.035469107551487467,0.006864988558352492,
1193451,20220310000104,00246417,이오테크닉스,039030,주요사항보고서(자기주식취득신탁계약체결결정),2022-03-10,KOSDAQ,96600.0,93000.0,91300.0,98400.0,-0.037267080745341574,-0.054865424430641796,0.01863354037267073,
1192823,20220310000535,00162586,한올바이오파마,009420,주요사항보고서(자기주식취득결정),2022-03-10,KOSPI,18700.0,19100.0,18050.0,19200.0,0.021390374331550888,-0.03475935828877008,0.02673796791443861,
1105363,20220615000234,00162586,한올바이오파마,009420,자기주식취득결과보고서,2022-06-15,KOSPI,15550.0,15650.0,15750.0,15600.0,0.006430868167202508,0.012861736334405238,0.003215434083601254,
467254,20250324000721,00162586,한올바이오파마,009420,주요사항보고서(자기주식취득결정),2025-03-24,KOSPI,28700.0,30150.0,29400.0,27450.0,0.05052264808362361,0.024390243902439046,-0.04355400696864109,
416662,20250414002224,00162586,한올바이오파마,009420,자기주식취득결과보고서,2025-04-14,KOSPI,27950.0,28000.0,27150.0,27500.0,0.0017889087656528524,-0.028622540250447193,-0.01610017889087656,
1192370,20220310000857,00146454,일양약품,007570,주요사항보고서(자기주식취득신탁계약체결결정),2022-03-10,KOSPI,27354.0,28472.0,28416.0,29815.0,0.04087153615558958,0.0388243035753455,0.08996856035680345,
1064429,20220908000335,00146454,일양약품,007570,주요사항보고서(자기주식취득신탁계약해지결정),2022-09-08,KOSPI,23606.0,24277.0,23941.0,23326.0,0.028424976700838878,0.014191307294755484,-0.011861391171736013,
1062255,20220916000126,00146454,일양약품,007570,주요사항보고서(자기주식취득신탁계약체결결정),2022-09-16,KOSPI,23662.0,23326.0,23382.0,22934.0,-0.014199983095258273,-0.011833319246048468,-0.03076663003972613,
930097,20230406000907,00146454,일양약품,007570,주요사항보고서(자기주식취득신탁계약체결결정),2023-04-06,KOSPI,19399.0,19522.0,19287.0,20104.0,0.00634053301716575,-0.005773493479045322,0.03634207948863333,
819691,20231010000606,00146454,일양약품,007570,주요사항보고서(자기주식취득신탁계약해지결정),2023-10-10,KOSPI,15562.0,15785.0,16043.0,15718.0,0.014329777663539378,0.03090862357023516,0.010024418455211404,
576519,20240927000669,00146454,일양약품,007570,주요사항보고서(자기주식취득신탁계약해지결정),2024-09-27,KOSPI,14700.0,14611.0,14577.0,14420.0,-0.006054421768707519,-0.0083673469387755,-0.01904761904761909,
507368,20250213001162,00146454,일양약품,007570,주요사항보고서(자기주식취득신탁계약체결결정),2025-02-13,KOSPI,12284.0,12451.0,12485.0,12530.0,0.013594920221426277,0.01636274829045914,0.020026050146532137,
348387,20250818000148,00146454,일양약품,007570,주요사항보고서(자기주식취득신탁계약해지결정),2025-08-18,KOSPI,14387.0,14275.0,14085.0,14130.0,-0.007784805727392818,-0.02099117258636274,-0.017863348856606676,
1192291,20220310000921,00604268,에이프로,262260,주요사항보고서(자기주식취득신탁계약체결결정),2022-03-10,KOSDAQ,17600.0,17800.0,17800.0,18450.0,0.011363636363636465,0.011363636363636465,0.048295454545454586,
1063892,20220913000111,00604268,에이프로,262260,[연장결정]주요사항보고서(자기주식취득신탁계약체결결정),2022-09-13,KOSDAQ,16500.0,17300.0,17650.0,17300.0,0.048484848484848575,0.06969696969696959,0.048484848484848575,
972400,20230313000151,00604268,에이프로,262260,[연장결정]주요사항보고서(자기주식취득신탁계약체결결정),2023-03-13,KOSDAQ,12760.0,12070.0,12330.0,12210.0,-0.0540752351097179,-0.03369905956112851,-0.0431034482758621,
747299,20240223002671,00604268,에이프로,262260,주요사항보고서(자기주식취득신탁계약체결결정),2024-02-23,KOSDAQ,12880.0,13100.0,12760.0,12920.0,0.017080745341614856,-0.009316770186335366,0.0031055900621117516,
594774,20240823000496,00604268,에이프로,262260,[연장결정]주요사항보고서(자기주식취득신탁계약체결결정),2024-08-23,KOSDAQ,8100.0,8070.0,8070.0,8100.0,-0.0037037037037036535,-0.0037037037037036535,0.0,
499742,20250224001234,00604268,에이프로,262260,[연장결정]주요사항보고서(자기주식취득신탁계약체결결정),2025-02-24,KOSDAQ,5540.0,5350.0,5450.0,4905.0,-0.03429602888086647,-0.016245487364620947,-0.11462093862815881,
394245,20250526000101,00604268,에이프로,262260,[연장결정]주요사항보고서(자기주식취득신탁계약체결결정),2025-05-26,KOSDAQ,5810.0,5740.0,5990.0,6020.0,-0.012048192771084376,0.030981067125645412,0.03614457831325302,
1191041,20220311000484,00256502,에이텍,045660,주요사항보고서(자기주식취득신탁계약체결결정),2022-03-11,KOSDAQ,10700.0,11150.0,10950.0,12200.0,0.0420560747663552,0.02336448598130847,0.14018691588785037,
1059261,20220926000120,00256502,에이텍,045660,주요사항보고서(자기주식취득신탁계약체결결정),2022-09-26,KOSDAQ,9900.0,9900.0,9450.0,10100.0,0.0,-0.045454545454545414,0.02020202020202011,
677955,20240409002058,00256502,에이텍,045660,주요사항보고서(자기주식취득신탁계약체결결정),2024-04-09,KOSDAQ,16530.0,13370.0,14870.0,14550.0,-0.19116757410768304,-0.10042347247428918,-0.11978221415607981,
573178,20241008000223,00256502,에이텍,045660,[연장결정]주요사항보고서(자기주식취득신탁계약체결결정),2024-10-08,KOSDAQ,14300.0,14410.0,14330.0,15620.0,0.007692307692307665,0.002097902097902171,0.0923076923076922,
1191007,20220311000519,01099861,에이텍모빌리티,224110,주요사항보고서(자기주식취득신탁계약체결결정),2022-03-11,KOSDAQ,10700.0,11600.0,11250.0,12200.0,0.08411214953271018,0.051401869158878455,0.14018691588785037,
1065175,20220907000103,01099861,에이텍모빌리티,224110,주요사항보고서(자기주식취득신탁계약체결결정),2022-09-07,KOSDAQ,11250.0,11250.0,11400.0,15100.0,0.0,0.01333333333333342,0.3422222222222222,
938727,20230403003683,01099861,에이텍모빌리티,224110,주요사항보고서(자기주식취득신탁계약체결결정),2023-04-03,KOSDAQ,12120.0,12050.0,12390.0,12070.0,-0.005775577557755818,0.022277227722772297,-0.004125412541254092,
677433,20240409002786,01099861,에이텍모빌리티,224110,주요사항보고서(자기주식취득신탁계약체결결정),2024-04-09,KOSDAQ,15980.0,13730.0,14010.0,13720.0,-0.14080100125156447,-0.12327909887359201,-0.14142678347934923,
572478,20241010000262,01099861,에이텍모빌리티,224110,주요사항보고서(자기주식취득신탁계약체결결정),2024-10-10,KOSDAQ,13380.0,13310.0,13740.0,13690.0,-0.0052316890881913825,0.026905829596412634,0.02316890881913314,
119349,20260611000338,01099861,에이텍모빌리티,224110,주요사항보고서(자기주식취득신탁계약체결결정),2026-06-11,KOSDAQ,8180.0,8150.0,8090.0,7740.0,-0.003667481662591676,-0.011002444987775029,-0.05378973105134477,
1190524,20220311000915,00422895,세이브존I&C,067830,[연장결정]주요사항보고서(자기주식취득신탁계약체결결정),2022-03-11,KOSPI,3085.0,3085.0,3105.0,3230.0,0.0,0.006482982171799101,0.04700162074554304,
971679,20230313000654,00422895,세이브존I&C,067830,[연장결정]주요사항보고서(자기주식취득신탁계약체결결정),2023-03-13,KOSPI,2935.0,2785.0,2795.0,2780.0,-0.05110732538330498,-0.047700170357751315,-0.05281090289608181,
729653,20240313001011,00422895,세이브존I&C,067830,[연장결정]주요사항보고서(자기주식취득신탁계약체결결정),2024-03-13,KOSPI,2575.0,2540.0,2565.0,2655.0,-0.013592233009708687,-0.003883495145631022,0.03106796116504862,
483756,20250311000877,00422895,세이브존I&C,067830,[연장결정]주요사항보고서(자기주식취득신탁계약체결결정),2025-03-11,KOSPI,2185.0,2205.0,2200.0,2250.0,0.009153318077803174,0.006864988558352492,0.029748283752860427,
93875,20260316001137,00422895,세이브존I&C,067830,주요사항보고서(자기주식취득신탁계약해지결정),2026-03-16,KOSPI,2975.0,3000.0,3030.0,3070.0,0.008403361344537785,0.018487394957983128,0.031932773109243806,
1190347,20220311001035,00147152,유니크,011320,[연장결정]주요사항보고서(자기주식취득신탁계약체결결정),2022-03-11,KOSDAQ,5420.0,5270.0,5290.0,5760.0,-0.027675276752767486,-0.023985239852398532,0.0627306273062731,
485497,20250310000664,00147152,유니크,011320,[연장결정]주요사항보고서(자기주식취득신탁계약체결결정),2025-03-10,KOSDAQ,3505.0,3530.0,3500.0,3505.0,0.007132667617689048,-0.0014265335235378318,0.0,
11994,20260512000693,00147152,유니크,011320,주요사항보고서(자기주식취득결정),2026-05-12,KOSDAQ,4220.0,4505.0,4390.0,4150.0,0.06753554502369674,0.04028436018957349,-0.016587677725118488,
1189881,20220314000144,00133335,성창기업지주,000180,[연장결정]주요사항보고서(자기주식취득신탁계약체결결정),2022-03-14,KOSPI,12450.0,12250.0,12475.0,12675.0,-0.016064257028112428,0.002008032128514081,0.01807228915662651,
970649,20230314000526,00133335,성창기업지주,000180,주요사항보고서(자기주식취득신탁계약해지결정),2023-03-14,KOSPI,9775.0,10250.0,9990.0,9930.0,0.04859335038363177,0.021994884910485846,0.015856777493606034,
1189095,20220314000658,00763701,헥토파이낸셜,234340,주요사항보고서(자기주식취득신탁계약체결결정),2022-03-14,KOSDAQ,17728.0,17998.0,18235.0,18878.0,0.015230144404332124,0.028598826714801406,0.06486913357400725,
1068183,20220831000702,00763701,헥토파이낸셜,234340,주요사항보고서(자기주식취득신탁계약체결결정),2022-08-31,KOSDAQ,16848.0,16848.0,16713.0,16273.0,0.0,-0.008012820512820484,-0.0341286799620133,
1007373,20230111000118,00763701,헥토파이낸셜,234340,주요사항보고서(자기주식취득신탁계약체결결정),2023-01-11,KOSDAQ,14344.0,14683.0,14852.0,15190.0,0.023633575013943142,0.03541550474065813,0.05897936419408811,
1188153,20220315000092,00359261,빛샘전자,072950,주요사항보고서(자기주식취득신탁계약체결결정),2022-03-15,KOSDAQ,5808.0,5885.0,5916.0,6117.0,0.01325757575757569,0.018595041322314154,0.053202479338843034,
1063358,20220914000223,00359261,빛샘전자,072950,주요사항보고서(자기주식취득신탁계약해지결정),2022-09-14,KOSDAQ,4956.0,4909.0,4940.0,4871.0,-0.00948345439870868,-0.0032284100080710587,-0.017150928167877333,
1187945,20220315000264,01568413,F&F,383220,주요사항보고서(자기주식취득신탁계약체결결정),2022-03-15,KOSPI,137800.0,139000.0,142000.0,152400.0,0.00870827285921627,0.030478955007256836,0.10595065312046437,
1061964,20220916000393,01568413,F&F,383220,주요사항보고서(자기주식취득신탁계약해지결정),2022-09-16,KOSPI,154000.0,151000.0,156000.0,150000.0,-0.01948051948051943,0.01298701298701288,-0.025974025974025983,
758794,20240207000636,01568413,F&F,383220,주요사항보고서(자기주식취득신탁계약체결결정),2024-02-07,KOSPI,74600.0,70000.0,70500.0,68600.0,-0.06166219839142095,-0.05495978552278824,-0.08042895442359255,
607838,20240806000180,01568413,F&F,383220,주요사항보고서(자기주식취득신탁계약해지결정),2024-08-06,KOSPI,49700.0,50100.0,49550.0,50500.0,0.008048289738430636,-0.003018108651911433,0.016096579476861272,
596507,20240820000341,01568413,F&F,383220,주요사항보고서(자기주식취득신탁계약체결결정),2024-08-20,KOSPI,54100.0,56200.0,57200.0,59000.0,0.038817005545286554,0.0573012939001849,0.09057301293900188,
559786,20241108000416,01568413,F&F,383220,주요사항보고서(자기주식취득신탁계약체결결정),2024-11-08,KOSPI,58800.0,52800.0,52300.0,51400.0,-0.10204081632653061,-0.11054421768707479,-0.12585034013605445,
502416,20250219001581,01568413,F&F,383220,주요사항보고서(자기주식취득신탁계약해지결정),2025-02-19,KOSPI,71700.0,73300.0,73500.0,72200.0,0.02231520223152028,0.025104602510460206,0.0069735006973501434,
408227,20250429000647,01568413,F&F,383220,[연장결정]주요사항보고서(자기주식취득신탁계약체결결정),2025-04-29,KOSPI,70700.0,70600.0,71000.0,68400.0,-0.0014144271570014633,0.004243281471004279,-0.032531824611032545,
313532,20251106000388,01568413,F&F,383220,주요사항보고서(자기주식취득신탁계약해지결정),2025-11-06,KOSPI,61900.0,61100.0,63700.0,74600.0,-0.012924071082390909,0.029079159935379684,0.20516962843295627,
1187728,20220315000453,00562360,에코볼트,097780,주요사항보고서(자기주식취득신탁계약체결결정),2022-03-15,KOSDAQ,5568.0,5601.0,5635.0,5678.0,0.00592672413793105,0.012033045977011492,0.019755747126436685,
1062893,20220915000087,00562360,에코볼트,097780,[연장결정]주요사항보고서(자기주식취득신탁계약체결결정),2022-09-15,KOSDAQ,5678.0,5678.0,5678.0,5678.0,0.0,0.0,0.0,
1030950,20221128000378,00562360,에코볼트,097780,주요사항보고서(자기주식취득신탁계약해지결정),2022-11-28,KOSDAQ,3829.0,3782.0,3816.0,4028.0,-0.012274745364324935,-0.003395142334813306,0.0519717942021416,
434822,20250407002089,00562360,에코볼트,097780,주요사항보고서(자기주식취득신탁계약체결결정),2025-04-07,KOSDAQ,2432.0,2492.0,2492.0,2534.0,0.024671052631578982,0.024671052631578982,0.04194078947368429,
1187623,20220315000499,00350048,오성첨단소재,052420,주요사항보고서(자기주식취득신탁계약체결결정),2022-03-15,KOSDAQ,21510.0,21690.0,22240.0,21870.0,0.008368200836819994,0.033937703393770446,0.01673640167364021,
1062881,20220915000113,00350048,오성첨단소재,052420,[연장결정]주요사항보고서(자기주식취득신탁계약체결결정),2022-09-15,KOSDAQ,19600.0,19600.0,19600.0,19600.0,0.0,0.0,0.0,
1030942,20221128000384,00350048,오성첨단소재,052420,주요사항보고서(자기주식취득신탁계약해지결정),2022-11-28,KOSDAQ,18250.0,18450.0,18800.0,18500.0,0.010958904109588996,0.03013698630136985,0.013698630136986356,
841436,20230821000255,00350048,오성첨단소재,052420,주요사항보고서(자기주식취득신탁계약체결결정),2023-08-21,KOSDAQ,14200.0,14620.0,15260.0,16030.0,0.029577464788732355,0.07464788732394356,0.12887323943661966,
541462,20241210000201,00350048,오성첨단소재,052420,주요사항보고서(자기주식취득신탁계약체결결정),2024-12-10,KOSDAQ,13590.0,14550.0,14380.0,15290.0,0.07064017660044142,0.058130978660779986,0.1250919793966152,
1187926,20220315800438,00126487,F&F 홀딩스,007700,주요사항보고서(자기주식취득신탁계약체결결정)(자회사의 주요경영사항),2022-03-15,KOSPI,25550.0,25650.0,26050.0,26300.0,0.00391389432485334,0.019569471624266255,0.02935420743639927,
1061956,20220916800467,00126487,F&F 홀딩스,007700,주요사항보고서(자기주식취득신탁계약해지결정)(자회사의 주요경영사항),2022-09-16,KOSPI,16800.0,16350.0,16600.0,15900.0,-0.0267857142857143,-0.011904761904761862,-0.0535714285714286,
758787,20240207800681,00126487,F&F 홀딩스,007700,주요사항보고서(자기주식취득신탁계약체결결정)(자회사의 주요경영사항),2024-02-07,KOSPI,18050.0,18580.0,17970.0,17090.0,0.02936288088642658,-0.004432132963988922,-0.05318559556786706,
607829,20240806800660,00126487,F&F 홀딩스,007700,주요사항보고서(자기주식취득신탁계약해지결정)(자회사의 주요경영사항),2024-08-06,KOSPI,13060.0,13100.0,13270.0,13540.0,0.003062787136294043,0.01607963246554367,0.03675344563552829,
596478,20240820800485,00126487,F&F 홀딩스,007700,주요사항보고서(자기주식취득신탁계약체결결정)(자회사의 주요경영사항),2024-08-20,KOSPI,13510.0,13960.0,13790.0,13860.0,0.033308660251665456,0.020725388601036343,0.02590673575129543,
559763,20241108800647,00126487,F&F 홀딩스,007700,주요사항보고서(자기주식취득신탁계약체결결정)(자회사의 주요경영사항),2024-11-08,KOSPI,13390.0,13380.0,13150.0,12670.0,-0.0007468259895444529,-0.017923823749066425,-0.05377147124719939,
502408,20250219800719,00126487,F&F 홀딩스,007700,주요사항보고서(자기주식취득신탁계약해지결정)(자회사의 주요경영사항),2025-02-19,KOSPI,12530.0,12560.0,12650.0,12500.0,0.002394253790901857,0.009577015163607427,-0.002394253790901857,
313527,20251106800715,00126487,F&F 홀딩스,007700,주요사항보고서(자기주식취득신탁계약해지결정)(자회사의 주요경영사항),2025-11-06,KOSPI,18000.0,17900.0,18240.0,19790.0,-0.005555555555555536,0.01333333333333342,0.09944444444444445,
1186349,20220316000033,00228059,휴온스글로벌,084110,주요사항보고서(자기주식취득신탁계약체결결정),2022-03-16,KOSDAQ,29250.0,30000.0,29600.0,29950.0,0.02564102564102555,0.011965811965811923,0.023931623931623847,
644772,20240524000161,00228059,휴온스글로벌,084110,주요사항보고서(자기주식취득신탁계약체결결정),2024-05-24,KOSDAQ,22400.0,22250.0,22900.0,22500.0,-0.006696428571428603,0.022321428571428603,0.0044642857142858094,
644771,20240524900156,00228059,휴온스글로벌,084110,주요사항보고서(자기주식취득신탁계약체결결정)(자회사의 주요경영사항),2024-05-24,KOSDAQ,22400.0,22250.0,22900.0,22500.0,-0.006696428571428603,0.022321428571428603,0.0044642857142858094,
535560,20241216901778,00228059,휴온스글로벌,084110,주요사항보고서(자기주식취득신탁계약체결결정)(자회사의 주요경영사항),2024-12-16,KOSDAQ,41400.0,41350.0,47000.0,45150.0,-0.0012077294685990392,0.13526570048309172,0.0905797101449275,
1186346,20220316000034,00614478,휴메딕스,200670,주요사항보고서(자기주식취득신탁계약체결결정),2022-03-16,KOSDAQ,20550.0,21000.0,20950.0,20850.0,0.021897810218978186,0.019464720194647178,0.014598540145985384,
1058493,20220927000426,00614478,휴메딕스,200670,주요사항보고서(자기주식취득신탁계약체결결정),2022-09-27,KOSDAQ,18450.0,18450.0,18700.0,19950.0,0.0,0.013550135501354976,0.08130081300813008,
644774,20240524000158,00614478,휴메딕스,200670,주요사항보고서(자기주식취득신탁계약체결결정),2024-05-24,KOSDAQ,34400.0,33700.0,34250.0,35700.0,-0.02034883720930236,-0.0043604651162790775,0.03779069767441867,
404944,20250507000543,00614478,휴메딕스,200670,주요사항보고서(자기주식취득신탁계약체결결정),2025-05-07,KOSDAQ,40400.0,43000.0,44300.0,42750.0,0.06435643564356441,0.09653465346534662,0.05816831683168311,
120848,20260609000334,00614478,휴메딕스,200670,주요사항보고서(자기주식취득신탁계약체결결정),2026-06-09,KOSDAQ,26200.0,26300.0,27600.0,28100.0,0.003816793893129722,0.05343511450381677,0.0725190839694656,
1186313,20220316000076,01042979,휴마시스,205470,주요사항보고서(자기주식취득신탁계약체결결정),2022-03-16,KOSDAQ,26085.0,25495.0,25625.0,24710.0,-0.022618363043894973,-0.01763465593252822,-0.052712286754839965,
1116631,20220526000097,01042979,휴마시스,205470,주요사항보고서(자기주식취득신탁계약체결결정),2022-05-26,KOSDAQ,18615.0,18615.0,19005.0,19070.0,0.0,0.020950846091861486,0.024442653773838252,
1061996,20220916000348,01042979,휴마시스,205470,주요사항보고서(자기주식취득신탁계약해지결정),2022-09-16,KOSDAQ,17305.0,16780.0,16450.0,15140.0,-0.030338052585957787,-0.04940768563998843,-0.12510835018780697,
1056621,20220930000263,01042979,휴마시스,205470,주요사항보고서(자기주식취득신탁계약체결결정),2022-09-30,KOSDAQ,15730.0,15795.0,15600.0,16125.0,0.004132231404958775,-0.008264462809917328,0.0251112523839796,
1031789,20221125000323,01042979,휴마시스,205470,주요사항보고서(자기주식취득신탁계약해지결정),2022-11-25,KOSDAQ,21430.0,21105.0,20840.0,21760.0,-0.015165655622958463,-0.02753149790013998,0.015398973401773208,
889933,20230518000299,01042979,휴마시스,205470,주요사항보고서(자기주식취득결정),2023-05-18,KOSDAQ,12475.0,12400.0,12650.0,15200.0,-0.006012024048096198,0.014028056112224352,0.2184368737474951,
887957,20230524000467,01042979,휴마시스,205470,자기주식취득결과보고서,2023-05-24,KOSDAQ,15025.0,15200.0,15250.0,14250.0,0.011647254575707144,0.014975041597337757,-0.0515806988352745,
746188,20240226005093,01042979,휴마시스,205470,주요사항보고서(자기주식취득결정),2024-02-26,KOSDAQ,8745.0,8635.0,8840.0,8430.0,-0.012578616352201255,0.010863350485992074,-0.03602058319039447,
727851,20240314000483,01042979,휴마시스,205470,자기주식취득결과보고서,2024-03-14,KOSDAQ,8545.0,8555.0,9640.0,10200.0,0.001170275014628519,0.12814511410181395,0.19368051492100635,
724322,20240318000322,01042979,휴마시스,205470,주요사항보고서(자기주식취득결정),2024-03-18,KOSDAQ,9640.0,9725.0,10300.0,10250.0,0.008817427385892085,0.06846473029045641,0.06327800829875518,
629580,20240620000322,01042979,휴마시스,205470,자기주식취득결과보고서,2024-06-20,KOSDAQ,8750.0,8605.0,8135.0,8130.0,-0.01657142857142857,-0.07028571428571428,-0.07085714285714284,
1186088,20220316000284,00188973,화일약품,061250,주요사항보고서(자기주식취득신탁계약체결결정),2022-03-16,KOSDAQ,26000.0,26650.0,26700.0,25300.0,0.02499999999999991,0.026923076923076827,-0.02692307692307694,
841607,20230821000072,00188973,화일약품,061250,주요사항보고서(자기주식취득신탁계약체결결정),2023-08-21,KOSDAQ,19880.0,19950.0,20700.0,21300.0,0.0035211267605634866,0.041247484909456844,0.0714285714285714,
1185368,20220316000716,00296078,APS,054620,주요사항보고서(자기주식취득신탁계약체결결정),2022-03-16,KOSDAQ,11750.0,12150.0,12100.0,11950.0,0.03404255319148941,0.029787234042553123,0.017021276595744705,
1061636,20220919000134,00296078,APS,054620,주요사항보고서(자기주식취득신탁계약해지결정),2022-09-19,KOSDAQ,11950.0,11600.0,11650.0,9770.0,-0.029288702928870314,-0.025104602510460206,-0.18242677824267783,
851058,20230809000313,00296078,APS,054620,주요사항보고서(자기주식취득신탁계약체결결정),2023-08-09,KOSDAQ,8690.0,8680.0,8830.0,8680.0,-0.0011507479861909697,0.016110471806674243,-0.0011507479861909697,
569946,20241016000158,00296078,APS,054620,주요사항보고서(자기주식취득신탁계약체결결정),2024-10-16,KOSDAQ,5890.0,5960.0,5980.0,6200.0,0.011884550084889645,0.015280135823429575,0.05263157894736836,
514679,20250205000174,00296078,APS,054620,주요사항보고서(자기주식취득신탁계약체결결정),2025-02-05,KOSDAQ,5000.0,5340.0,5700.0,5790.0,0.06800000000000006,0.1399999999999999,0.15799999999999992,
1184098,20220317000294,00442905,디에스엠,104040,[연장결정]주요사항보고서(자기주식취득신탁계약체결결정),2022-03-17,KOSDAQ,11725.0,12000.0,12025.0,12125.0,0.023454157782516027,0.02558635394456288,0.034115138592750505,
964695,20230317000416,00442905,디에스엠,104040,[연장결정]주요사항보고서(자기주식취득신탁계약체결결정),2023-03-17,KOSDAQ,7955.0,8000.0,7905.0,7755.0,0.0056568196103079504,-0.006285355122564451,-0.025141420490257693,
724338,20240318000312,00442905,디에스엠,104040,[연장결정]주요사항보고서(자기주식취득신탁계약체결결정),2024-03-18,KOSDAQ,5020.0,5020.0,5050.0,5125.0,0.0,0.005976095617529875,0.020916334661354563,
1184019,20220317000387,00571483,오이솔루션,138080,주요사항보고서(자기주식취득신탁계약체결결정),2022-03-17,KOSDAQ,28350.0,28450.0,28050.0,27700.0,0.003527336860670305,-0.010582010582010581,-0.022927689594356315,
791041,20231201000284,00571483,오이솔루션,138080,주요사항보고서(자기주식취득신탁계약체결결정),2023-12-01,KOSDAQ,12190.0,12540.0,12170.0,12290.0,0.028712059064807116,-0.001640689089417502,0.008203445447087843,
640758,20240530001410,00571483,오이솔루션,138080,[연장결정]주요사항보고서(자기주식취득신탁계약체결결정),2024-05-30,KOSDAQ,11820.0,11690.0,11600.0,11560.0,-0.010998307952622688,-0.0186125211505922,-0.021996615905245376,
606132,20240809000209,00571483,오이솔루션,138080,주요사항보고서(자기주식취득신탁계약체결결정),2024-08-09,KOSDAQ,10700.0,10750.0,10640.0,10870.0,0.004672897196261738,-0.005607476635513975,0.015887850467289688,
1181766,20220318000784,00480783,상신이디피,091580,주요사항보고서(자기주식취득결정),2022-03-18,KOSDAQ,14000.0,14100.0,14600.0,14450.0,0.0071428571428571175,0.04285714285714293,0.03214285714285725,
1138989,20220412001412,00480783,상신이디피,091580,자기주식취득결과보고서,2022-04-12,KOSDAQ,15600.0,17200.0,17300.0,17200.0,0.10256410256410264,0.10897435897435903,0.10256410256410264,
767911,20240122000216,00480783,상신이디피,091580,주요사항보고서(자기주식취득결정),2024-01-22,KOSDAQ,15010.0,15650.0,15790.0,15320.0,0.04263824117255166,0.051965356429047205,0.020652898067954784,
757249,20240208000812,00480783,상신이디피,091580,자기주식취득결과보고서,2024-02-08,KOSDAQ,15600.0,15890.0,16100.0,16250.0,0.018589743589743524,0.03205128205128216,0.04166666666666674,
1180869,20220321000510,01217014,트윔,290090,주요사항보고서(자기주식취득신탁계약체결결정),2022-03-21,KOSDAQ,24000.0,23550.0,23550.0,23000.0,-0.018750000000000044,-0.018750000000000044,-0.04166666666666663,
1060565,20220921000419,01217014,트윔,290090,[연장결정]주요사항보고서(자기주식취득신탁계약체결결정),2022-09-21,KOSDAQ,16400.0,15950.0,15250.0,15600.0,-0.027439024390243927,-0.07012195121951215,-0.04878048780487809,
870260,20230628000178,01217014,트윔,290090,주요사항보고서(자기주식취득신탁계약체결결정),2023-06-28,KOSDAQ,14210.0,14030.0,14620.0,15000.0,-0.012667135819845132,0.02885292047853616,0.05559465165376487,
1180668,20220321000694,01267170,SK케미칼,285130,주요사항보고서(자기주식취득신탁계약체결결정),2022-03-21,KOSPI,120500.0,123000.0,124000.0,128500.0,0.020746887966804906,0.029045643153526868,0.06639004149377592,
1060247,20220922000270,01267170,SK케미칼,285130,주요사항보고서(자기주식취득신탁계약해지결정),2022-09-22,KOSPI,105000.0,101000.0,100000.0,95400.0,-0.03809523809523807,-0.04761904761904767,-0.09142857142857141,
1178520,20220322000835,01259311,푸드나무,290720,주요사항보고서(자기주식취득신탁계약체결결정),2022-03-22,KOSDAQ,12288.0,12491.0,12999.0,13303.0,0.01652018229166674,0.057861328125,0.08260091145833326,
1129754,20220421000314,01259311,푸드나무,290720,주요사항보고서(자기주식취득신탁계약체결결정),2022-04-21,KOSDAQ,15944.0,16020.0,15461.0,15817.0,0.0047666833918715845,-0.030293527345710003,-0.007965378825890657,
1057337,20220929000370,01259311,푸드나무,290720,주요사항보고서(자기주식취득신탁계약체결결정),2022-09-29,KOSDAQ,9774.0,10003.0,10155.0,10003.0,0.02342950685492129,0.038980969920196396,0.02342950685492129,
964575,20230317000507,01259311,푸드나무,290720,주요사항보고서(자기주식취득신탁계약체결결정),2023-03-17,KOSDAQ,8430.0,8970.0,9050.0,9060.0,0.06405693950177938,0.07354685646500592,0.07473309608540935,
895545,20230511000578,01259311,푸드나무,290720,주요사항보고서(자기주식취득신탁계약체결결정),2023-05-11,KOSDAQ,7930.0,8170.0,8040.0,8190.0,0.030264817150063017,0.013871374527112179,0.032786885245901676,
842869,20230816000307,01259311,푸드나무,290720,주요사항보고서(자기주식취득신탁계약체결결정),2023-08-16,KOSDAQ,8290.0,8210.0,8100.0,8650.0,-0.00965018094089265,-0.022919179734619988,0.043425814234016924,
817370,20231016000230,01259311,푸드나무,290720,주요사항보고서(자기주식취득신탁계약체결결정),2023-10-16,KOSDAQ,8220.0,8430.0,8370.0,8170.0,0.025547445255474477,0.018248175182481674,-0.006082725060827299,
802109,20231114002389,01259311,푸드나무,290720,주요사항보고서(자기주식취득신탁계약체결결정),2023-11-14,KOSDAQ,8080.0,8150.0,8030.0,8150.0,0.00866336633663356,-0.006188118811881194,0.00866336633663356,
769381,20240117000279,01259311,푸드나무,290720,주요사항보고서(자기주식취득신탁계약체결결정),2024-01-17,KOSDAQ,7560.0,7810.0,7920.0,8040.0,0.033068783068783025,0.04761904761904767,0.06349206349206349,
1178303,20220322001023,00174527,HS화성,002460,주요사항보고서(자기주식취득결정),2022-03-22,KOSPI,23950.0,28800.0,31200.0,26900.0,0.20250521920668052,0.302713987473904,0.12317327766179531,
1100324,20220627000314,00174527,HS화성,002460,자기주식취득결과보고서,2022-06-27,KOSPI,18100.0,17700.0,17850.0,16800.0,-0.02209944751381221,-0.013812154696132617,-0.07182320441988954,
1176189,20220324000044,00382199,신한지주,055550,주요사항보고서(자기주식취득결정),2022-03-24,KOSPI,39800.0,40100.0,41100.0,41500.0,0.007537688442211143,0.03266331658291466,0.04271356783919589,
1130315,20220420000566,00382199,신한지주,055550,자기주식취득결과보고서,2022-04-20,KOSPI,40950.0,41350.0,42150.0,41200.0,0.009768009768009733,0.0293040293040292,0.006105006105006083,
1054729,20221006000204,00382199,신한지주,055550,주요사항보고서(자기주식취득결정),2022-10-06,KOSPI,34700.0,35450.0,34650.0,35700.0,0.021613832853025983,-0.0014409221902017544,0.028818443804034644,
1034434,20221118000482,00382199,신한지주,055550,자기주식취득결과보고서,2022-11-18,KOSPI,36300.0,36500.0,36450.0,36550.0,0.005509641873278293,0.004132231404958775,0.00688705234159781,
996646,20230208000115,00382199,신한지주,055550,주요사항보고서(자기주식취득결정),2023-02-08,KOSPI,41550.0,40000.0,41100.0,38050.0,-0.03730445246690739,-0.010830324909747335,-0.08423586040914566,
953983,20230328000034,00382199,신한지주,055550,자기주식취득결과보고서,2023-03-28,KOSPI,35950.0,36200.0,35100.0,35150.0,0.006954102920723182,-0.02364394993045893,-0.022253129346314293,
902898,20230427000308,00382199,신한지주,055550,주요사항보고서(자기주식취득결정),2023-04-27,KOSPI,34900.0,34950.0,35450.0,35750.0,0.0014326647564470996,0.015759312320916985,0.024355300859598916,
874976,20230616000035,00382199,신한지주,055550,자기주식취득결과보고서,2023-06-16,KOSPI,34800.0,34550.0,34600.0,34400.0,-0.007183908045977017,-0.005747126436781658,-0.011494252873563204,
856934,20230727000152,00382199,신한지주,055550,주요사항보고서(자기주식취득결정),2023-07-27,KOSPI,35150.0,34900.0,35050.0,34950.0,-0.007112375533428139,-0.002844950213371278,-0.005689900426742556,
835136,20230831000164,00382199,신한지주,055550,자기주식취득결과보고서,2023-08-31,KOSPI,35550.0,35450.0,35700.0,35700.0,-0.002812939521800284,0.00421940928270037,0.00421940928270037,
813978,20231025000118,00382199,신한지주,055550,주요사항보고서(자기주식취득결정),2023-10-25,KOSPI,35350.0,35050.0,35000.0,35000.0,-0.008486562942008447,-0.00990099009900991,-0.00990099009900991,
778514,20231227000033,00382199,신한지주,055550,자기주식취득결과보고서,2023-12-27,KOSPI,39000.0,40150.0,39350.0,36850.0,0.029487179487179382,0.008974358974358942,-0.055128205128205154,
757438,20240208000535,00382199,신한지주,055550,주요사항보고서(자기주식취득결정),2024-02-08,KOSPI,44150.0,44500.0,43800.0,45050.0,0.007927519818799578,-0.007927519818799578,0.020385050962627327,
717415,20240322000129,00382199,신한지주,055550,자기주식취득결과보고서,2024-03-22,KOSPI,50600.0,50600.0,49750.0,46000.0,0.0,-0.01679841897233203,-0.09090909090909094,
660251,20240426000306,00382199,신한지주,055550,주요사항보고서(자기주식취득신탁계약체결결정),2024-04-26,KOSPI,46750.0,46850.0,46650.0,46250.0,0.002139037433155133,-0.002139037433155133,-0.010695187165775444,
566281,20241025000162,00382199,신한지주,055550,주요사항보고서(자기주식취득신탁계약체결결정),2024-10-25,KOSPI,58000.0,56000.0,56700.0,54000.0,-0.03448275862068961,-0.022413793103448265,-0.06896551724137934,
565538,20241028000193,00382199,신한지주,055550,주요사항보고서(자기주식취득신탁계약해지결정),2024-10-28,KOSPI,56000.0,56700.0,54500.0,54500.0,0.012499999999999956,-0.0267857142857143,-0.0267857142857143,
513857,20250206000192,00382199,신한지주,055550,주요사항보고서(자기주식취득신탁계약체결결정),2025-02-06,KOSPI,50000.0,49250.0,49400.0,48450.0,-0.015000000000000013,-0.01200000000000001,-0.031000000000000028,
409203,20250428000556,00382199,신한지주,055550,주요사항보고서(자기주식취득신탁계약해지결정),2025-04-28,KOSPI,49350.0,50400.0,51400.0,50900.0,0.02127659574468077,0.041540020263424626,0.03140830800405259,
378999,20250623000361,00382199,신한지주,055550,주요사항보고서(자기주식취득신탁계약해지결정),2025-06-23,KOSPI,60100.0,61000.0,60600.0,61400.0,0.014975041597337757,0.008319467554076532,0.021630615640598982,
364011,20250725000288,00382199,신한지주,055550,주요사항보고서(자기주식취득신탁계약체결결정),2025-07-25,KOSPI,71200.0,67200.0,68800.0,65100.0,-0.0561797752808989,-0.0337078651685393,-0.0856741573033708,
264931,20260130000650,00382199,신한지주,055550,주요사항보고서(자기주식취득신탁계약해지결정),2026-01-30,KOSPI,84300.0,82500.0,88000.0,93600.0,-0.02135231316725983,0.043890865954922864,0.11032028469750887,
261560,20260205000191,00382199,신한지주,055550,주요사항보고서(자기주식취득신탁계약체결결정),2026-02-05,KOSPI,90900.0,93600.0,93400.0,106000.0,0.02970297029702973,0.027502750275027577,0.1661166116611661,
1175949,20220324000285,00956028,엑세스바이오,950130,주요사항보고서(자기주식취득신탁계약체결결정),2022-03-24,KOSDAQ,14800.0,15228.0,15698.0,15399.0,0.028918918918918957,0.06067567567567567,0.04047297297297292,
987355,20230223002701,00956028,엑세스바이오,950130,[연장결정]주요사항보고서(자기주식취득신탁계약체결결정),2023-02-23,KOSDAQ,9427.0,9230.0,8880.0,8555.0,-0.020897422297655677,-0.058024822318871294,-0.09250026519571442,
1172127,20220328000829,01386916,SK아이이테크놀로지,361610,주요사항보고서(자기주식취득결정),2022-03-28,KOSPI,122500.0,124500.0,125000.0,128000.0,0.01632653061224487,0.020408163265306145,0.044897959183673564,
1164123,20220331003046,01386916,SK아이이테크놀로지,361610,자기주식취득결과보고서,2022-03-31,KOSPI,126500.0,124500.0,128000.0,120000.0,-0.015810276679841917,0.011857707509881354,-0.0513833992094862,
899376,20230502000872,01386916,SK아이이테크놀로지,361610,주요사항보고서(자기주식취득결정),2023-05-02,KOSPI,78700.0,83500.0,84100.0,81900.0,0.06099110546378661,0.06861499364675994,0.04066073697585759,
897494,20230508000493,01386916,SK아이이테크놀로지,361610,자기주식취득결과보고서,2023-05-08,KOSPI,84200.0,83400.0,81900.0,81700.0,-0.009501187648456089,-0.027315914489311144,-0.029691211401425166,
761150,20240202000330,01386916,SK아이이테크놀로지,361610,주요사항보고서(자기주식취득결정),2024-02-02,KOSPI,76000.0,67800.0,65500.0,67100.0,-0.10789473684210527,-0.13815789473684215,-0.11710526315789471,
758797,20240207000641,01386916,SK아이이테크놀로지,361610,자기주식취득결과보고서,2024-02-07,KOSPI,67000.0,67000.0,67100.0,69700.0,0.0,0.0014925373134329067,0.040298507462686484,
626518,20240626000207,01386916,SK아이이테크놀로지,361610,주요사항보고서(자기주식취득결정),2024-06-26,KOSPI,43900.0,43850.0,44100.0,44450.0,-0.001138952164009166,0.004555808656036442,0.01252847380410027,
622623,20240701000508,01386916,SK아이이테크놀로지,361610,자기주식취득결과보고서,2024-07-01,KOSPI,45150.0,44100.0,44450.0,44300.0,-0.023255813953488413,-0.015503875968992276,-0.018826135105204922,
1169850,20220329001311,00137234,모베이스전자,012860,[연장결정]주요사항보고서(자기주식취득신탁계약체결결정),2022-03-29,KOSDAQ,1900.0,1945.0,1955.0,1985.0,0.023684210526315752,0.02894736842105261,0.044736842105263186,
1009654,20230105000325,00137234,모베이스전자,012860,주요사항보고서(자기주식취득신탁계약체결결정),2023-01-05,KOSDAQ,1265.0,1300.0,1350.0,1395.0,0.027667984189723382,0.06719367588932812,0.1027667984189724,
914167,20230412002783,00137234,모베이스전자,012860,[연장결정]주요사항보고서(자기주식취득신탁계약체결결정),2023-04-13,KOSDAQ,1781.0,1789.0,1860.0,2580.0,0.004491858506457058,0.044357102751263255,0.4486243683323976,
709574,20240328001537,00137234,모베이스전자,012860,[연장결정]주요사항보고서(자기주식취득신탁계약체결결정),2024-03-28,KOSDAQ,1904.0,1898.0,1908.0,1861.0,-0.0031512605042016695,0.0021008403361344463,-0.02258403361344541,
526906,20250103000320,00137234,모베이스전자,012860,[연장결정]주요사항보고서(자기주식취득신탁계약체결결정),2025-01-03,KOSDAQ,1410.0,1443.0,1434.0,1494.0,0.023404255319148914,0.017021276595744705,0.05957446808510647,
1161695,20220401001318,00120289,제이에스티나,026040,주요사항보고서(자기주식취득결정),2022-04-01,KOSDAQ,3610.0,3800.0,3805.0,3660.0,0.05263157894736836,0.054016620498615,0.013850415512465464,
1110196,20220602000346,00120289,제이에스티나,026040,자기주식취득결과보고서,2022-06-02,KOSDAQ,3810.0,3895.0,3880.0,3710.0,0.022309711286089273,0.018372703412073532,-0.026246719160105014,
969217,20230315000210,00120289,제이에스티나,026040,주요사항보고서(자기주식취득결정),2023-03-15,KOSDAQ,2920.0,2895.0,2875.0,2845.0,-0.008561643835616417,-0.015410958904109595,-0.025684931506849362,
876910,20230613000064,00120289,제이에스티나,026040,자기주식취득결과보고서,2023-06-13,KOSDAQ,2925.0,2855.0,2835.0,2835.0,-0.023931623931623958,-0.03076923076923077,-0.03076923076923077,
1160841,20220401002173,00441304,가온그룹,078890,주요사항보고서(자기주식취득신탁계약체결결정),2022-04-01,KOSDAQ,13037.0,13084.0,13131.0,12943.0,0.003605123878192895,0.007210247756385568,-0.007210247756385679,
1059593,20220923000437,00441304,가온그룹,078890,[연장결정]주요사항보고서(자기주식취득신탁계약체결결정),2022-09-23,KOSDAQ,6574.0,6049.0,6049.0,5814.0,-0.07986005476118041,-0.07986005476118041,-0.11560693641618502,
738951,20240304000199,00441304,가온그룹,078890,주요사항보고서(자기주식취득신탁계약체결결정),2024-03-04,KOSDAQ,6704.0,6538.0,6587.0,6430.0,-0.024761336515513155,-0.017452267303102675,-0.040871121718377035,
1148550,20220407001790,01351080,지아이이노베이션,358570,주요사항보고서(자기주식취득결정),2022-04-07,KOSDAQ,,,,,,,,no_price_data
1136722,20220413000994,00114792,동국홀딩스,001230,주요사항보고서(자기주식취득결정),2022-04-13,KOSPI,3267.0,3343.0,3400.0,3608.0,0.02326293235384136,0.040710131619222434,0.10437710437710446,
1101662,20220623000403,00114792,동국홀딩스,001230,자기주식취득결과보고서,2022-06-23,KOSPI,2450.0,2545.0,2564.0,2440.0,0.038775510204081653,0.04653061224489785,-0.004081632653061273,
630279,20240619800468,00114792,동국홀딩스,001230,자기주식취득결정(자회사의 주요경영사항),2024-06-19,KOSPI,1870.0,1877.0,1877.0,1908.0,0.0037433155080213165,0.0037433155080213165,0.02032085561497321,
301841,20251126800583,00114792,동국홀딩스,001230,자기주식취득결정(자회사의 주요경영사항),2025-11-26,KOSPI,1634.0,1645.0,1665.0,1692.0,0.006731946144430845,0.01897184822521414,0.03549571603427171,
1135538,20220413002293,00492894,젬백스,082270,주요사항보고서(자기주식취득결정),2022-04-13,KOSDAQ,14250.0,14650.0,14400.0,14800.0,0.02807017543859658,0.010526315789473717,0.03859649122807007,
1106348,20220613000266,00492894,젬백스,082270,자기주식취득결과보고서,2022-06-13,KOSDAQ,13800.0,14150.0,13700.0,13300.0,0.0253623188405796,-0.007246376811594235,-0.036231884057971064,
1106069,20220614000059,00492894,젬백스,082270,주요사항보고서(자기주식취득결정),2022-06-14,KOSDAQ,14150.0,13700.0,13600.0,14000.0,-0.03180212014134276,-0.03886925795053009,-0.010600706713780883,
1067440,20220831001481,00492894,젬백스,082270,자기주식취득결과보고서,2022-08-31,KOSDAQ,13600.0,13000.0,13150.0,13000.0,-0.044117647058823484,-0.03308823529411764,-0.044117647058823484,
1133810,20220414001179,00591441,어보브반도체,102120,주요사항보고서(자기주식취득신탁계약체결결정),2022-04-14,KOSDAQ,14050.0,13550.0,13500.0,14350.0,-0.03558718861209964,-0.039145907473309594,0.021352313167259718,
1133015,20220414002045,00506294,가비아,079940,주요사항보고서(자기주식취득신탁계약체결결정),2022-04-14,KOSDAQ,14450.0,14650.0,14500.0,14400.0,0.01384083044982698,0.0034602076124568004,-0.0034602076124568004,
1010532,20230103000435,00506294,가비아,079940,주요사항보고서(자기주식취득신탁계약체결결정),2023-01-03,KOSDAQ,10200.0,10300.0,10450.0,10750.0,0.009803921568627416,0.02450980392156854,0.05392156862745101,
837108,20230829000752,00506294,가비아,079940,주요사항보고서(자기주식취득신탁계약체결결정),2023-08-29,KOSDAQ,13850.0,13970.0,14340.0,13690.0,0.008664259927797735,0.035379061371841214,-0.011552346570397165,
621026,20240704000171,00506294,가비아,079940,주요사항보고서(자기주식취득신탁계약체결결정),2024-07-04,KOSDAQ,14720.0,15560.0,15840.0,15550.0,0.057065217391304435,0.07608695652173902,0.056385869565217295,
1132409,20220415000171,00117498,스틱인베스트먼트,026890,주요사항보고서(자기주식취득신탁계약체결결정),2022-04-15,KOSPI,10050.0,10050.0,10000.0,10200.0,0.0,-0.00497512437810943,0.014925373134328401,
1049444,20221019000451,00117498,스틱인베스트먼트,026890,주요사항보고서(자기주식취득신탁계약해지결정),2022-10-20,KOSPI,5560.0,5540.0,5590.0,5720.0,-0.003597122302158251,0.0053956834532373765,0.02877697841726623,
747700,20240223001254,00117498,스틱인베스트먼트,026890,주요사항보고서(자기주식취득신탁계약체결결정),2024-02-23,KOSPI,7000.0,7120.0,7030.0,7010.0,0.017142857142857126,0.004285714285714226,0.0014285714285713347,
591085,20240829000733,00117498,스틱인베스트먼트,026890,[연장결정]주요사항보고서(자기주식취득신탁계약체결결정),2024-08-29,KOSPI,8540.0,8600.0,8810.0,8300.0,0.007025761124121788,0.03161592505854793,-0.02810304449648715,
338527,20250903000296,00117498,스틱인베스트먼트,026890,주요사항보고서(자기주식취득신탁계약해지결정),2025-09-03,KOSPI,10000.0,10110.0,10320.0,10780.0,0.010999999999999899,0.03200000000000003,0.07800000000000007,
1130464,20220420000369,00260569,유니셈,036200,[연장결정]주요사항보고서(자기주식취득신탁계약체결결정),2022-04-20,KOSDAQ,11750.0,11900.0,11650.0,11000.0,0.012765957446808418,-0.008510638297872353,-0.06382978723404253,
906532,20230420000183,00260569,유니셈,036200,[연장결정]주요사항보고서(자기주식취득신탁계약체결결정),2023-04-20,KOSDAQ,8080.0,7970.0,7730.0,7700.0,-0.013613861386138626,-0.043316831683168355,-0.04702970297029707,
664612,20240418000368,00260569,유니셈,036200,[연장결정]주요사항보고서(자기주식취득신탁계약체결결정),2024-04-18,KOSDAQ,11710.0,10860.0,10560.0,10720.0,-0.07258753202391122,-0.09820666097352693,-0.08454312553373189,
1130237,20220420000619,01566248,에코프로에이치엔,383310,주요사항보고서(자기주식취득결정),2022-04-20,KOSDAQ,48807.0,48433.0,47779.0,45208.0,-0.007662835249042099,-0.021062552502714826,-0.07373942262380395,
1052899,20221011000546,01566248,에코프로에이치엔,383310,주요사항보고서(자기주식취득결정),2022-10-11,KOSDAQ,46844.0,48340.0,46610.0,51145.0,0.03193578686704801,-0.004995303560754838,0.09181538724276317,
1013343,20221228000539,01566248,에코프로에이치엔,383310,자기주식취득결과보고서,2022-12-28,KOSDAQ,46049.0,42403.0,42075.0,40439.0,-0.07917652934917152,-0.08629937675085231,-0.12182674976655306,
1130220,20220420900720,00536541,에코프로,086520,주요사항보고서(자기주식취득결정)(자회사의 주요경영사항),2022-04-20,KOSDAQ,16980.0,16770.0,16427.0,15436.0,-0.012367491166077715,-0.0325677267373381,-0.09093050647820966,
1058438,20220927900631,00536541,에코프로,086520,주요사항보고서(자기주식취득결정)(자회사의 주요경영사항),2022-09-27,KOSDAQ,24527.0,22793.0,21877.0,21649.0,-0.07069759856484692,-0.10804419619195171,-0.11734007420393855,
1052895,20221011900724,00536541,에코프로,086520,주요사항보고서(자기주식취득결정)(자회사의 주요경영사항),2022-10-11,KOSDAQ,22431.0,23307.0,23535.0,27690.0,0.03905309616156205,0.04921760064196867,0.23445232044937803,
1052887,20221011900728,00536541,에코프로,086520,주요사항보고서(자기주식취득결정)(자회사의 주요경영사항),2022-10-11,KOSDAQ,22431.0,23307.0,23535.0,27690.0,0.03905309616156205,0.04921760064196867,0.23445232044937803,
824698,20230925900317,00536541,에코프로,086520,자기주식취득결정(자회사의 주요경영사항),2023-09-25,KOSDAQ,172659.0,174229.0,176780.0,164615.0,0.009093067838919389,0.023867855136425087,-0.046588941207814205,
1129200,20220422000387,00317210,성호전자,043260,주요사항보고서(자기주식취득결정),2022-04-22,KOSDAQ,1580.0,1555.0,1575.0,1590.0,-0.015822784810126556,-0.0031645569620253333,0.006329113924050667,
1127129,20220509000367,00317210,성호전자,043260,자기주식취득결과보고서,2022-05-09,KOSDAQ,1560.0,1590.0,1615.0,1605.0,0.019230769230769162,0.03525641025641035,0.028846153846153744,
1127014,20220509000541,00317210,성호전자,043260,주요사항보고서(자기주식취득결정),2022-05-09,KOSDAQ,1560.0,1590.0,1615.0,1605.0,0.019230769230769162,0.03525641025641035,0.028846153846153744,
1119846,20220518000099,00317210,성호전자,043260,자기주식취득결과보고서,2022-05-18,KOSDAQ,1645.0,1630.0,1630.0,1620.0,-0.00911854103343468,-0.00911854103343468,-0.015197568389057725,
1101181,20220624000244,00317210,성호전자,043260,주요사항보고서(자기주식취득결정),2022-06-24,KOSDAQ,1425.0,1485.0,1500.0,1460.0,0.042105263157894646,0.05263157894736836,0.024561403508772006,
1089919,20220720000095,00317210,성호전자,043260,자기주식취득결과보고서,2022-07-20,KOSDAQ,1485.0,1470.0,1500.0,1505.0,-0.010101010101010055,0.010101010101010166,0.013468013468013407,
1088653,20220722000254,00317210,성호전자,043260,주요사항보고서(자기주식취득결정),2022-07-22,KOSDAQ,1500.0,1500.0,1485.0,1505.0,0.0,-0.010000000000000009,0.0033333333333334103,
1084503,20220802000135,00317210,성호전자,043260,자기주식취득결과보고서,2022-08-02,KOSDAQ,1520.0,1510.0,1525.0,1505.0,-0.006578947368421018,0.00328947368421062,-0.009868421052631526,
1075900,20220817000088,00317210,성호전자,043260,주요사항보고서(자기주식취득결정),2022-08-17,KOSDAQ,1470.0,1480.0,1480.0,1460.0,0.006802721088435382,0.006802721088435382,-0.006802721088435382,
1072841,20220825000250,00317210,성호전자,043260,자기주식취득결과보고서,2022-08-25,KOSDAQ,1465.0,1460.0,1450.0,1450.0,-0.0034129692832765013,-0.010238907849829393,-0.010238907849829393,
1071166,20220829000238,00317210,성호전자,043260,주요사항보고서(자기주식취득결정),2022-08-29,KOSDAQ,1450.0,1465.0,1465.0,1435.0,0.010344827586206806,0.010344827586206806,-0.010344827586206917,
1054777,20221006000165,00317210,성호전자,043260,자기주식취득결과보고서,2022-10-06,KOSDAQ,1450.0,1440.0,1410.0,1415.0,-0.006896551724137945,-0.02758620689655178,-0.024137931034482807,
1052617,20221012000193,00317210,성호전자,043260,주요사항보고서(자기주식취득결정),2022-10-12,KOSDAQ,1405.0,1360.0,1415.0,1435.0,-0.03202846975088969,0.007117437722419906,0.021352313167259718,
1043808,20221102000371,00317210,성호전자,043260,자기주식취득결과보고서,2022-11-02,KOSDAQ,1380.0,1375.0,1395.0,1410.0,-0.0036231884057971175,0.010869565217391353,0.021739130434782705,
1043495,20221103000141,00317210,성호전자,043260,주요사항보고서(자기주식취득결정),2022-11-03,KOSDAQ,1375.0,1395.0,1405.0,1400.0,0.014545454545454639,0.021818181818181737,0.018181818181818077,
1033406,20221122000211,00317210,성호전자,043260,자기주식취득결과보고서,2022-11-22,KOSDAQ,1390.0,1375.0,1375.0,1380.0,-0.010791366906474864,-0.010791366906474864,-0.007194244604316502,
1024683,20221207000206,00317210,성호전자,043260,주요사항보고서(자기주식취득결정),2022-12-07,KOSDAQ,1315.0,1305.0,1305.0,1330.0,-0.0076045627376425395,-0.0076045627376425395,0.011406844106463865,
1017474,20221221000014,00317210,성호전자,043260,자기주식취득결과보고서,2022-12-21,KOSDAQ,1280.0,1290.0,1250.0,1195.0,0.0078125,-0.0234375,-0.06640625,
1015838,20221223000301,00317210,성호전자,043260,주요사항보고서(자기주식취득결정),2022-12-23,KOSDAQ,1250.0,1215.0,1215.0,1170.0,-0.028000000000000025,-0.028000000000000025,-0.06399999999999995,
1006373,20230113000046,00317210,성호전자,043260,자기주식취득결과보고서,2023-01-13,KOSDAQ,1290.0,1270.0,1245.0,1250.0,-0.015503875968992276,-0.03488372093023251,-0.03100775193798455,
907069,20230419000254,00317210,성호전자,043260,주요사항보고서(자기주식취득결정),2023-04-19,KOSDAQ,1164.0,1174.0,1140.0,1154.0,0.00859106529209619,-0.020618556701030966,-0.00859106529209619,
871345,20230626000218,00317210,성호전자,043260,자기주식취득결과보고서,2023-06-26,KOSDAQ,1693.0,1671.0,1667.0,1704.0,-0.012994683992912037,-0.015357353809805074,0.006497341996456019,
1129101,20220422000489,01409022,페니트리움바이오,187660,주요사항보고서(자기주식취득신탁계약체결결정),2022-04-22,KOSDAQ,2426.0,2355.0,2330.0,2307.0,-0.029266281945589445,-0.039571310799670245,-0.04905193734542457,
665899,20240416000224,01409022,페니트리움바이오,187660,주요사항보고서(자기주식취득결정),2024-04-16,KOSDAQ,1662.0,1693.0,1761.0,1837.0,0.01865222623345364,0.05956678700361007,0.1052948255114321,
663988,20240419000449,01409022,페니트리움바이오,187660,자기주식취득결과보고서,2024-04-19,KOSDAQ,1847.0,1896.0,1837.0,1799.0,0.026529507309150047,-0.005414185165132701,-0.0259880887926367,
1127781,20220506000056,00325112,프로텍,053610,주요사항보고서(자기주식취득결정),2022-05-06,KOSDAQ,28850.0,26650.0,26400.0,29150.0,-0.0762564991334489,-0.08492201039861347,0.010398613518197486,
1110072,20220602000483,00325112,프로텍,053610,자기주식취득결과보고서,2022-06-02,KOSDAQ,29200.0,29300.0,28350.0,26850.0,0.003424657534246478,-0.02910958904109584,-0.08047945205479456,
1086996,20220727000120,00325112,프로텍,053610,주요사항보고서(자기주식취득결정),2022-07-27,KOSDAQ,24600.0,24700.0,24550.0,25750.0,0.004065040650406582,-0.002032520325203291,0.04674796747967469,
1075860,20220817000142,00325112,프로텍,053610,자기주식취득결과보고서,2022-08-17,KOSDAQ,24600.0,24150.0,23750.0,22950.0,-0.018292682926829285,-0.03455284552845528,-0.06707317073170727,
1052957,20221011000456,00325112,프로텍,053610,주요사항보고서(자기주식취득결정),2022-10-11,KOSDAQ,20200.0,21000.0,20550.0,21350.0,0.03960396039603964,0.017326732673267342,0.05693069306930698,
1023081,20221209000710,00325112,프로텍,053610,자기주식취득결과보고서,2022-12-09,KOSDAQ,22800.0,22200.0,22300.0,22250.0,-0.02631578947368418,-0.021929824561403466,-0.02412280701754388,
1127029,20220509000513,00161383,한미반도체,042700,주요사항보고서(자기주식취득신탁계약체결결정),2022-05-09,KOSPI,13950.0,14300.0,14450.0,14300.0,0.02508960573476693,0.03584229390680993,0.02508960573476693,
1048213,20221024000078,00161383,한미반도체,042700,주요사항보고서(자기주식취득신탁계약체결결정),2022-10-24,KOSPI,11950.0,12300.0,12050.0,11800.0,0.029288702928870203,0.008368200836819994,-0.012552301255230103,
1039428,20221111000615,00161383,한미반도체,042700,주요사항보고서(자기주식취득신탁계약해지결정),2022-11-11,KOSPI,12300.0,12550.0,13050.0,13000.0,0.020325203252032464,0.060975609756097615,0.05691056910569103,
904824,20230424000440,00161383,한미반도체,042700,주요사항보고서(자기주식취득신탁계약해지결정),2023-04-24,KOSPI,20300.0,20450.0,21550.0,21350.0,0.00738916256157629,0.061576354679802936,0.051724137931034475,
817193,20231017000039,00161383,한미반도체,042700,주요사항보고서(자기주식취득신탁계약체결결정),2023-10-17,KOSPI,58900.0,58500.0,58700.0,58600.0,-0.006791171477079749,-0.00339558573853993,-0.005093378607809895,
770009,20240116000111,00161383,한미반도체,042700,주요사항보고서(자기주식취득신탁계약체결결정),2024-01-16,KOSPI,52700.0,52400.0,56200.0,57700.0,-0.005692599620493399,0.06641366223908918,0.09487666034155606,
665244,20240417000353,00161383,한미반도체,042700,주요사항보고서(자기주식취득신탁계약해지결정),2024-04-17,KOSPI,136300.0,142600.0,136400.0,142600.0,0.04622157006603089,0.0007336757153337814,0.04622157006603089,
662930,20240423000005,00161383,한미반도체,042700,주요사항보고서(자기주식취득신탁계약체결결정),2024-04-23,KOSPI,131400.0,142600.0,136500.0,135000.0,0.0852359208523592,0.038812785388127935,0.027397260273972712,
616387,20240716000265,00161383,한미반도체,042700,주요사항보고서(자기주식취득신탁계약해지결정),2024-07-16,KOSPI,168100.0,159400.0,153500.0,145500.0,-0.05175490779298042,-0.08685306365258771,-0.13444378346222485,
614481,20240722000046,00161383,한미반도체,042700,주요사항보고서(자기주식취득신탁계약체결결정),2024-07-22,KOSPI,145400.0,145500.0,143400.0,137400.0,0.0006877579092159358,-0.01375515818431916,-0.05502063273727653,
578971,20240924000013,00161383,한미반도체,042700,주요사항보고서(자기주식취득신탁계약체결결정),2024-09-24,KOSPI,105600.0,106600.0,114200.0,107900.0,0.009469696969697017,0.08143939393939403,0.021780303030302983,
567277,20241023000340,00161383,한미반도체,042700,주요사항보고서(자기주식취득신탁계약해지결정),2024-10-23,KOSPI,101500.0,98200.0,97800.0,96300.0,-0.03251231527093601,-0.03645320197044333,-0.05123152709359602,
558808,20241112000137,00161383,한미반도체,042700,주요사항보고서(자기주식취득신탁계약체결결정),2024-11-12,KOSPI,84700.0,82100.0,81100.0,80800.0,-0.030696576151121646,-0.04250295159386064,-0.046044864226682414,
519445,20250122000503,00161383,한미반도체,042700,주요사항보고서(자기주식취득신탁계약해지결정),2025-01-22,KOSPI,126100.0,121900.0,120600.0,106100.0,-0.03330689928628072,-0.04361617763679615,-0.1586042823156225,
467242,20250324000703,00161383,한미반도체,042700,주요사항보고서(자기주식취득신탁계약해지결정),2025-03-24,KOSPI,87000.0,85200.0,85000.0,68200.0,-0.020689655172413834,-0.02298850574712641,-0.21609195402298853,
402934,20250512000550,00161383,한미반도체,042700,주요사항보고서(자기주식취득신탁계약해지결정),2025-05-12,KOSPI,83000.0,81000.0,83800.0,85700.0,-0.02409638554216864,0.009638554216867545,0.032530120481927716,
1126865,20220509000709,00260930,에스엠,041510,주요사항보고서(자기주식취득신탁계약체결결정),2022-05-09,KOSDAQ,61200.0,61700.0,61500.0,61300.0,0.008169934640522847,0.004901960784313708,0.0016339869281045694,
984472,20230227006069,00260930,에스엠,041510,주요사항보고서(자기주식취득신탁계약체결결정),2023-02-27,KOSDAQ,120300.0,127600.0,128000.0,149700.0,0.060681629260182834,0.06400665004156281,0.24438902743142155,
731906,20240312000515,00260930,에스엠,041510,[연장결정]주요사항보고서(자기주식취득신탁계약체결결정),2024-03-12,KOSDAQ,75300.0,75300.0,75100.0,75800.0,0.0,-0.0026560424966799445,0.006640106241699861,
606475,20240808000377,00260930,에스엠,041510,주요사항보고서(자기주식취득신탁계약해지결정),2024-08-08,KOSDAQ,70400.0,68200.0,68100.0,65600.0,-0.03125,-0.032670454545454586,-0.06818181818181823,
1126583,20220510000242,00366942,미코,059090,주요사항보고서(자기주식취득신탁계약체결결정),2022-05-10,KOSDAQ,10450.0,10600.0,10200.0,10500.0,0.014354066985645897,-0.02392344497607657,0.004784688995215225,
1126540,20220510000299,00997812,코미코,183300,주요사항보고서(자기주식취득신탁계약체결결정),2022-05-10,KOSDAQ,29234.0,32086.0,31017.0,31628.0,0.09755763836628573,0.06099062735171379,0.08189094889512205,
607973,20240806000023,00997812,코미코,183300,주요사항보고서(자기주식취득신탁계약체결결정),2024-08-06,KOSDAQ,31781.0,31730.0,31832.0,34429.0,-0.0016047323872754315,0.0016047323872754315,0.0833202227746137,
573875,20241007000146,00997812,코미코,183300,주요사항보고서(자기주식취득신탁계약체결결정),2024-10-07,KOSDAQ,29896.0,29540.0,28165.0,29183.0,-0.011907947551511922,-0.05790072250468292,-0.023849344393898853,
527430,20250102000333,00997812,코미코,183300,주요사항보고서(자기주식취득신탁계약체결결정),2025-01-02,KOSDAQ,18590.0,19506.0,20245.0,21518.0,0.04927380311995688,0.08902635825712757,0.15750403442711125,
1125707,20220511000625,00359580,아이디스홀딩스,054800,주요사항보고서(자기주식취득결정),2022-05-11,KOSDAQ,12100.0,12100.0,12300.0,12700.0,0.0,0.016528925619834656,0.04958677685950419,
1078181,20220816000652,00359580,아이디스홀딩스,054800,자기주식취득결과보고서,2022-08-16,KOSDAQ,13000.0,12650.0,12650.0,12700.0,-0.02692307692307694,-0.02692307692307694,-0.023076923076923106,
613276,20240724000434,00359580,아이디스홀딩스,054800,주요사항보고서(자기주식취득결정),2024-07-24,KOSDAQ,9210.0,9780.0,9380.0,9790.0,0.061889250814332275,0.018458197611292082,0.06297502714440828,
574369,20241004000082,00359580,아이디스홀딩스,054800,자기주식취득결과보고서,2024-10-04,KOSDAQ,9260.0,9300.0,9290.0,9200.0,0.004319654427645814,0.003239740820734305,-0.006479481641468721,
514206,20250205000481,00359580,아이디스홀딩스,054800,주요사항보고서(자기주식취득결정),2025-02-05,KOSDAQ,9160.0,9480.0,9310.0,9490.0,0.03493449781659397,0.01637554585152845,0.0360262008733625,
485970,20250310000365,00359580,아이디스홀딩스,054800,자기주식취득결과보고서,2025-03-10,KOSDAQ,8900.0,8800.0,8800.0,9040.0,-0.011235955056179803,-0.011235955056179803,0.01573033707865168,
1125700,20220511000641,00136457,SH에너지화학,002360,[연장결정]주요사항보고서(자기주식취득신탁계약체결결정),2022-05-11,KOSPI,13100.0,12050.0,11700.0,12050.0,-0.08015267175572516,-0.10687022900763354,-0.08015267175572516,
898771,20230503000545,00136457,SH에너지화학,002360,[연장결정]주요사항보고서(자기주식취득신탁계약체결결정),2023-05-03,KOSPI,7920.0,7880.0,8010.0,8010.0,-0.005050505050505083,0.011363636363636465,0.011363636363636465,
654178,20240508000320,00136457,SH에너지화학,002360,[연장결정]주요사항보고서(자기주식취득신탁계약체결결정),2024-05-08,KOSPI,6420.0,6450.0,6440.0,6470.0,0.004672897196261738,0.0031152647975076775,0.007788161993769416,
409054,20250428000668,00136457,SH에너지화학,002360,[연장결정]주요사항보고서(자기주식취득신탁계약체결결정),2025-04-28,KOSPI,4560.0,4580.0,4510.0,4540.0,0.004385964912280604,-0.010964912280701733,-0.004385964912280715,
19838,20260429000458,00136457,SH에너지화학,002360,자기주식취득결과보고서,2026-04-29,KOSPI,3580.0,3580.0,3580.0,3580.0,0.0,0.0,0.0,
11546,20260513000321,00136457,SH에너지화학,002360,주요사항보고서(자기주식취득신탁계약해지결정),2026-05-13,KOSPI,3580.0,3580.0,3580.0,3580.0,0.0,0.0,0.0,
1125602,20220511000747,01368637,유일에너테크,340930,주요사항보고서(자기주식취득결정),2022-05-11,KOSDAQ,3746.0,3544.0,3612.0,3802.0,-0.0539241857981847,-0.03577148958889487,0.014949279231179835,
1112112,20220531001928,01368637,유일에너테크,340930,자기주식취득결과보고서,2022-05-31,KOSDAQ,3960.0,3893.0,3893.0,3724.0,-0.01691919191919189,-0.01691919191919189,-0.05959595959595965,
1125187,20220512000444,00136864,신원,009270,주요사항보고서(자기주식취득결정),2022-05-12,KOSPI,1770.0,1965.0,2030.0,1940.0,0.11016949152542366,0.14689265536723162,0.09604519774011289,
1104295,20220617000196,00136864,신원,009270,자기주식취득결과보고서,2022-06-17,KOSPI,1655.0,1590.0,1650.0,1540.0,-0.0392749244712991,-0.0030211480362537513,-0.06948640483383683,
1104283,20220617000203,00136864,신원,009270,주요사항보고서(자기주식취득결정),2022-06-17,KOSPI,1655.0,1590.0,1650.0,1540.0,-0.0392749244712991,-0.0030211480362537513,-0.06948640483383683,
1066494,20220902000170,00136864,신원,009270,자기주식취득결과보고서,2022-09-02,KOSPI,1625.0,1595.0,1655.0,1685.0,-0.018461538461538418,0.01846153846153853,0.036923076923076836,
1066484,20220902000171,00136864,신원,009270,주요사항보고서(자기주식취득결정),2022-09-02,KOSPI,1625.0,1595.0,1655.0,1685.0,-0.018461538461538418,0.01846153846153853,0.036923076923076836,
1058127,20220928000266,00136864,신원,009270,자기주식취득결과보고서,2022-09-28,KOSPI,1460.0,1485.0,1475.0,1525.0,0.017123287671232834,0.010273972602739656,0.044520547945205546,
1058118,20220928000268,00136864,신원,009270,주요사항보고서(자기주식취득결정),2022-09-28,KOSPI,1460.0,1485.0,1475.0,1525.0,0.017123287671232834,0.010273972602739656,0.044520547945205546,
1015215,20221226000217,00136864,신원,009270,자기주식취득결과보고서,2022-12-26,KOSPI,1580.0,1620.0,1620.0,1450.0,0.025316455696202445,0.025316455696202445,-0.08227848101265822,
1015208,20221226000221,00136864,신원,009270,주요사항보고서(자기주식취득결정),2022-12-26,KOSPI,1580.0,1620.0,1620.0,1450.0,0.025316455696202445,0.025316455696202445,-0.08227848101265822,
985889,20230224004424,00136864,신원,009270,자기주식취득결과보고서,2023-02-24,KOSPI,1559.0,1522.0,1523.0,1520.0,-0.023733162283515075,-0.02309172546504168,-0.025016035920461865,
972120,20230313000393,00136864,신원,009270,주요사항보고서(자기주식취득결정),2023-03-13,KOSPI,1484.0,1440.0,1445.0,1467.0,-0.029649595687331498,-0.026280323450134757,-0.011455525606469008,
894509,20230512000970,00136864,신원,009270,자기주식취득결과보고서,2023-05-12,KOSPI,1472.0,1448.0,1438.0,1473.0,-0.016304347826086918,-0.02309782608695654,0.0006793478260869179,
860483,20230719000224,00136864,신원,009270,주요사항보고서(자기주식취득결정),2023-07-19,KOSPI,1301.0,1341.0,1318.0,1211.0,0.030745580322828703,0.013066871637202215,-0.0691775557263643,
838098,20230828000539,00136864,신원,009270,자기주식취득결과보고서,2023-08-28,KOSPI,1317.0,1315.0,1312.0,1300.0,-0.0015186028853454436,-0.0037965072133636646,-0.012908124525436548,
824774,20230925000231,00136864,신원,009270,주요사항보고서(자기주식취득결정),2023-09-25,KOSPI,1238.0,1238.0,1240.0,1279.0,0.0,0.001615508885298933,0.033117932148626794,
806716,20231109000480,00136864,신원,009270,자기주식취득결과보고서,2023-11-09,KOSPI,1391.0,1353.0,1339.0,1355.0,-0.027318475916606744,-0.03738317757009346,-0.025880661394680038,
130381,20260528000480,00136864,신원,009270,주요사항보고서(자기주식취득결정),2026-05-28,KOSPI,1134.0,1133.0,1099.0,1097.0,-0.0008818342151675207,-0.030864197530864224,-0.032627865961199265,
1124308,20220513000548,00140955,한솔케미칼,014680,주요사항보고서(자기주식취득결정),2022-05-13,KOSPI,243000.0,243500.0,265500.0,270500.0,0.002057613168724215,0.09259259259259256,0.11316872427983538,
1075889,20220817000108,00140955,한솔케미칼,014680,자기주식취득결과보고서,2022-08-17,KOSPI,230500.0,230500.0,226000.0,226000.0,0.0,-0.0195227765726681,-0.0195227765726681,
569599,20241017000095,00140955,한솔케미칼,014680,주요사항보고서(자기주식취득결정),2024-10-17,KOSPI,125800.0,126600.0,129100.0,124400.0,0.006359300476947549,0.026232114467408696,-0.011128775834658211,
541976,20241209000253,00140955,한솔케미칼,014680,자기주식취득결과보고서,2024-12-09,KOSPI,89900.0,97400.0,103500.0,101400.0,0.08342602892102335,0.15127919911012233,0.12791991101223577,
397036,20250516000342,00140955,한솔케미칼,014680,주요사항보고서(자기주식취득결정),2025-05-16,KOSPI,124000.0,128100.0,125000.0,118200.0,0.03306451612903216,0.008064516129032251,-0.04677419354838708,
355661,20250812000479,00140955,한솔케미칼,014680,자기주식취득결과보고서,2025-08-12,KOSPI,174000.0,176000.0,171600.0,168500.0,0.011494252873563315,-0.01379310344827589,-0.031609195402298895,
5777,20260518000158,00140955,한솔케미칼,014680,주요사항보고서(자기주식취득결정),2026-05-18,KOSPI,319500.0,308500.0,276500.0,305500.0,-0.03442879499217533,-0.13458528951486703,-0.04381846635367759,
115403,20260619000203,00140955,한솔케미칼,014680,자기주식취득결과보고서,2026-06-19,KOSPI,280500.0,283500.0,256000.0,260000.0,0.010695187165775444,-0.08734402852049916,-0.07308377896613194,
1122503,20220516000659,01326224,원바이오젠,307280,주요사항보고서(자기주식취득신탁계약체결결정),2022-05-16,KOSDAQ,9758.0,9508.0,10133.0,10233.0,-0.02562000409920062,0.03843000614880099,0.04867800778848119,
294419,20251208000199,01326224,원바이오젠,307280,주요사항보고서(자기주식취득신탁계약체결결정),2025-12-08,KOSDAQ,6420.0,6130.0,6300.0,6380.0,-0.04517133956386288,-0.01869158878504673,-0.006230529595015577,
1121962,20220516001100,00441243,형지엘리트,093240,[연장결정]주요사항보고서(자기주식취득신탁계약체결결정),2022-05-16,KOSPI,1802.0,1802.0,1745.0,1645.0,0.0,-0.03163152053274143,-0.08712541620421754,
889509,20230519000354,00441243,형지엘리트,093240,주요사항보고서(자기주식취득신탁계약해지결정),2023-05-19,KOSPI,1173.0,1351.0,1314.0,1308.0,0.15174765558397274,0.12020460358056262,0.11508951406649626,
1120333,20220517000012,01108248,지노믹트리,228760,주요사항보고서(자기주식취득신탁계약체결결정),2022-05-17,KOSDAQ,12750.0,12700.0,12400.0,12300.0,-0.0039215686274509665,-0.027450980392156876,-0.03529411764705881,
1120267,20220517000077,00411446,큐에스아이,066310,[연장결정]주요사항보고서(자기주식취득신탁계약체결결정),2022-05-17,KOSDAQ,16250.0,15900.0,15250.0,15050.0,-0.021538461538461506,-0.06153846153846154,-0.0738461538461539,
890076,20230518000205,00411446,큐에스아이,066310,[연장결정]주요사항보고서(자기주식취득신탁계약체결결정),2023-05-18,KOSDAQ,9870.0,10060.0,10000.0,10490.0,0.019250253292806496,0.01317122593718345,0.0628166160081054,
817555,20231016000113,00411446,큐에스아이,066310,주요사항보고서(자기주식취득신탁계약체결결정),2023-10-16,KOSDAQ,9080.0,9300.0,9240.0,8980.0,0.02422907488986792,0.017621145374449254,-0.011013215859030812,
662846,20240423000167,00411446,큐에스아이,066310,주요사항보고서(자기주식취득신탁계약체결결정),2024-04-23,KOSDAQ,9030.0,9070.0,9260.0,9370.0,0.0044296788482836025,0.025470653377630104,0.037652270210409844,
616627,20240716000077,00411446,큐에스아이,066310,주요사항보고서(자기주식취득신탁계약체결결정),2024-07-16,KOSDAQ,8600.0,8450.0,8450.0,8250.0,-0.01744186046511631,-0.01744186046511631,-0.04069767441860461,
552125,20241121000308,00411446,큐에스아이,066310,주요사항보고서(자기주식취득신탁계약체결결정),2024-11-21,KOSDAQ,5850.0,5940.0,6180.0,6290.0,0.01538461538461533,0.05641025641025643,0.07521367521367517,
1120247,20220517000110,00135962,신라교역,004970,[연장결정]주요사항보고서(자기주식취득신탁계약체결결정),2022-05-17,KOSPI,12500.0,12350.0,12200.0,11950.0,-0.01200000000000001,-0.02400000000000002,-0.04400000000000004,
890973,20230516000098,00135962,신라교역,004970,[연장결정]주요사항보고서(자기주식취득신탁계약체결결정),2023-05-16,KOSPI,10400.0,10480.0,10450.0,10490.0,0.007692307692307665,0.004807692307692291,0.008653846153846123,
651272,20240514000286,00135962,신라교역,004970,주요사항보고서(자기주식취득신탁계약해지결정),2024-05-14,KOSPI,8950.0,9300.0,9710.0,10400.0,0.03910614525139655,0.08491620111731835,0.16201117318435765,
1120176,20220517000218,00115065,동남합성,023450,주요사항보고서(자기주식취득결정),2022-05-17,KOSPI,58100.0,59400.0,59500.0,60800.0,0.022375215146299476,0.024096385542168752,0.04647160068846823,
1084120,20220803000116,00115065,동남합성,023450,자기주식취득결과보고서,2022-08-03,KOSPI,57900.0,57300.0,58500.0,58800.0,-0.010362694300518172,0.010362694300518172,0.015544041450777257,
1083162,20220805000235,00115065,동남합성,023450,주요사항보고서(자기주식취득결정),2022-08-05,KOSPI,58500.0,58500.0,58800.0,58900.0,0.0,0.00512820512820511,0.006837606837606813,
1052105,20221013000156,00115065,동남합성,023450,자기주식취득결과보고서,2022-10-13,KOSPI,53300.0,53800.0,54500.0,54400.0,0.009380863039399667,0.022514071294559068,0.02063789868667909,
1051436,20221014000078,00115065,동남합성,023450,주요사항보고서(자기주식취득결정),2022-10-14,KOSPI,53800.0,54500.0,54600.0,53800.0,0.013011152416356975,0.014869888475836479,0.0,
1025081,20221206000287,00115065,동남합성,023450,자기주식취득결과보고서,2022-12-06,KOSPI,53000.0,54100.0,53700.0,54300.0,0.020754716981132182,0.013207547169811429,0.02452830188679256,
1024761,20221207000123,00115065,동남합성,023450,주요사항보고서(자기주식취득결정),2022-12-07,KOSPI,54100.0,53700.0,53900.0,54000.0,-0.007393715341959317,-0.003696857670979714,-0.001848428835489857,
977045,20230307000469,00115065,동남합성,023450,자기주식취득결과보고서,2023-03-07,KOSPI,48700.0,48100.0,46800.0,43450.0,-0.012320328542094416,-0.03901437371663241,-0.1078028747433265,
722300,20240320000288,00115065,동남합성,023450,주요사항보고서(자기주식취득결정),2024-03-20,KOSPI,29450.0,30450.0,31550.0,30950.0,0.03395585738539908,0.07130730050933787,0.05093378607809851,
630351,20240619000072,00115065,동남합성,023450,자기주식취득결과보고서,2024-06-19,KOSPI,33500.0,33500.0,33500.0,33600.0,0.0,0.0,0.0029850746268655914,
540739,20241211000099,00115065,동남합성,023450,주요사항보고서(자기주식취득결정),2024-12-11,KOSPI,30100.0,32300.0,31550.0,31550.0,0.07308970099667778,0.04817275747508298,0.04817275747508298,
498700,20250225002094,00115065,동남합성,023450,자기주식취득결과보고서,2025-02-25,KOSPI,32200.0,33300.0,34350.0,34500.0,0.03416149068322971,0.06677018633540377,0.0714285714285714,
497438,20250226002401,00115065,동남합성,023450,주요사항보고서(자기주식취득결정),2025-02-26,KOSPI,33300.0,34350.0,33900.0,34500.0,0.03153153153153143,0.018018018018018056,0.03603603603603611,
405128,20250507000387,00115065,동남합성,023450,자기주식취득결과보고서,2025-05-07,KOSPI,33050.0,33950.0,34650.0,34200.0,0.027231467473525006,0.04841149773071107,0.03479576399394846,
404691,20250508000172,00115065,동남합성,023450,주요사항보고서(자기주식취득결정),2025-05-08,KOSPI,33950.0,34650.0,33450.0,33750.0,0.020618556701030855,-0.014727540500736325,-0.00589101620029453,
365905,20250722000037,00115065,동남합성,023450,자기주식취득결과보고서,2025-07-22,KOSPI,32500.0,32500.0,32300.0,32050.0,0.0,-0.006153846153846176,-0.013846153846153841,
334132,20250915000128,00115065,동남합성,023450,주요사항보고서(자기주식취득결정),2025-09-15,KOSPI,32750.0,32950.0,33050.0,33850.0,0.006106870229007688,0.009160305343511421,0.03358778625954195,
306196,20251117000100,00115065,동남합성,023450,자기주식취득결과보고서,2025-11-17,KOSPI,30500.0,30400.0,30300.0,29850.0,-0.003278688524590123,-0.006557377049180357,-0.021311475409836023,
293418,20251210000169,00115065,동남합성,023450,주요사항보고서(자기주식취득결정),2025-12-10,KOSPI,30950.0,31600.0,31500.0,32500.0,0.02100161550888524,0.017770597738287597,0.050080775444264924,
248628,20260223000557,00115065,동남합성,023450,자기주식취득결과보고서,2026-02-23,KOSPI,31850.0,31600.0,31350.0,31000.0,-0.00784929356357933,-0.015698587127158548,-0.026687598116169498,
16409,20260504000041,00115065,동남합성,023450,주요사항보고서(자기주식취득결정),2026-05-04,KOSPI,30900.0,31150.0,31000.0,30350.0,0.008090614886731462,0.003236245954692629,-0.017799352750809017,
1119835,20220518000107,00603348,케이아이엔엑스,093320,주요사항보고서(자기주식취득신탁계약체결결정),2022-05-18,KOSDAQ,54300.0,54300.0,54500.0,52000.0,0.0,0.0036832412523020164,-0.0423572744014733,
1119704,20220518000244,00663669,폴라리스우노,114630,주요사항보고서(자기주식취득결정),2022-05-18,KOSDAQ,6115.0,6195.0,6245.0,6375.0,0.013082583810302584,0.021259198691741643,0.042518397383483286,
1074832,20220819000364,00663669,폴라리스우노,114630,자기주식취득결과보고서,2022-08-19,KOSDAQ,7545.0,7230.0,7230.0,7640.0,-0.041749502982107334,-0.041749502982107334,0.012591119946984808,
1118986,20220520000183,00332927,제이에스코퍼레이션,194370,주요사항보고서(자기주식취득신탁계약체결결정),2022-05-20,KOSPI,10725.0,10500.0,10375.0,10500.0,-0.020979020979020935,-0.03263403263403264,-0.020979020979020935,
1033870,20221121000169,00332927,제이에스코퍼레이션,194370,주요사항보고서(자기주식취득신탁계약해지결정),2022-11-21,KOSPI,7250.0,7200.0,7275.0,7150.0,-0.006896551724137945,0.0034482758620688614,-0.01379310344827589,
1118384,20220523000058,00223434,에프에스티,036810,주요사항보고서(자기주식취득신탁계약체결결정),2022-05-23,KOSDAQ,19071.0,18530.0,18628.0,18973.0,-0.028367678674427133,-0.023228986419170483,-0.005138692255256649,
1117144,20220525000251,00646732,진양홀딩스,100250,주요사항보고서(자기주식취득신탁계약체결결정),2022-05-25,KOSPI,3556.0,3561.0,3576.0,3720.0,0.0014060742407198124,0.0056242969628796935,0.046119235095613,
1032014,20221125000090,00646732,진양홀딩스,100250,주요사항보고서(자기주식취득신탁계약해지결정),2022-11-25,KOSPI,3204.0,3209.0,3267.0,3301.0,0.0015605493133583614,0.0196629213483146,0.03027465667915097,
1116481,20220526000232,01524093,DL이앤씨,375500,주요사항보고서(자기주식취득신탁계약체결결정),2022-05-26,KOSPI,50600.0,50900.0,51700.0,51000.0,0.005928853754940677,0.021739130434782705,0.007905138339920903,
1031489,20221125000672,01524093,DL이앤씨,375500,주요사항보고서(자기주식취득신탁계약해지결정),2022-11-25,KOSPI,40700.0,40050.0,40350.0,40350.0,-0.01597051597051602,-0.008599508599508643,-0.008599508599508643,
958412,20230323000576,01524093,DL이앤씨,375500,주요사항보고서(자기주식취득신탁계약체결결정),2023-03-23,KOSPI,31950.0,31500.0,31150.0,32350.0,-0.014084507042253502,-0.025039123630672955,0.012519561815336422,
816464,20231018000323,01524093,DL이앤씨,375500,주요사항보고서(자기주식취득신탁계약해지결정),2023-10-18,KOSPI,32150.0,33200.0,33700.0,34200.0,0.03265940902021769,0.04821150855365475,0.0637636080870918,
816463,20231018000324,01524093,DL이앤씨,375500,주요사항보고서(자기주식취득결정),2023-10-18,KOSPI,32150.0,33200.0,33700.0,34200.0,0.03265940902021769,0.04821150855365475,0.0637636080870918,
768311,20240119000589,01524093,DL이앤씨,375500,자기주식취득결과보고서,2024-01-19,KOSPI,37250.0,36750.0,37100.0,38800.0,-0.01342281879194629,-0.004026845637583931,0.041610738255033475,
634289,20240610000394,01524093,DL이앤씨,375500,주요사항보고서(자기주식취득신탁계약체결결정),2024-06-10,KOSPI,34600.0,34200.0,34800.0,34900.0,-0.011560693641618491,0.005780346820809301,0.00867052023121384,
529425,20241227000719,01524093,DL이앤씨,375500,주요사항보고서(자기주식취득신탁계약해지결정),2024-12-27,KOSPI,31800.0,32150.0,30700.0,32550.0,0.011006289308176154,-0.03459119496855345,0.02358490566037741,
360953,20250731000545,01524093,DL이앤씨,375500,주요사항보고서(자기주식취득신탁계약체결결정),2025-07-31,KOSPI,47150.0,43900.0,44550.0,47450.0,-0.06892895015906686,-0.0551431601272534,0.006362672322375307,
283386,20251224000399,01524093,DL이앤씨,375500,주요사항보고서(자기주식취득신탁계약해지결정),2025-12-24,KOSPI,41800.0,40800.0,41150.0,41350.0,-0.02392344497607657,-0.015550239234449759,-0.010765550239234423,
1116479,20220526800249,00109693,DL,000210,주요사항보고서(자기주식취득신탁계약체결결정)(자회사의 주요경영사항),2022-05-26,KOSPI,61100.0,66700.0,69400.0,69200.0,0.09165302782324058,0.1358428805237315,0.13256955810147297,
1031486,20221125800629,00109693,DL,000210,주요사항보고서(자기주식취득신탁계약해지결정)(자회사의 주요경영사항),2022-11-25,KOSPI,70100.0,70100.0,69500.0,67400.0,0.0,-0.008559201141226769,-0.03851640513552068,
958401,20230323800685,00109693,DL,000210,주요사항보고서(자기주식취득신탁계약체결결정)(자회사의 주요경영사항),2023-03-23,KOSPI,51800.0,51100.0,51500.0,52900.0,-0.013513513513513487,-0.00579150579150578,0.021235521235521304,
816454,20231018800355,00109693,DL,000210,주요사항보고서(자기주식취득신탁계약해지결정)(자회사의 주요경영사항),2023-10-18,KOSPI,41950.0,41500.0,40600.0,41450.0,-0.010727056019070313,-0.03218116805721094,-0.011918951132300348,
816453,20231018800356,00109693,DL,000210,주요사항보고서(자기주식취득결정)(자회사의 주요경영사항),2023-10-18,KOSPI,41950.0,41500.0,40600.0,41450.0,-0.010727056019070313,-0.03218116805721094,-0.011918951132300348,
634285,20240610800564,00109693,DL,000210,주요사항보고서(자기주식취득신탁계약체결결정)(자회사의 주요경영사항),2024-06-10,KOSPI,58100.0,59500.0,59200.0,56500.0,0.024096385542168752,0.018932874354561147,-0.027538726333907082,
529399,20241227800910,00109693,DL,000210,주요사항보고서(자기주식취득신탁계약해지결정)(자회사의 주요경영사항),2024-12-27,KOSPI,32100.0,31600.0,31050.0,32450.0,-0.015576323987538943,-0.032710280373831724,0.010903426791277315,
360946,20250731800747,00109693,DL,000210,주요사항보고서(자기주식취득신탁계약체결결정)(자회사의 주요경영사항),2025-07-31,KOSPI,50500.0,45350.0,45300.0,46600.0,-0.10198019801980196,-0.10297029702970295,-0.07722772277227719,
283375,20251224800369,00109693,DL,000210,주요사항보고서(자기주식취득신탁계약해지결정)(자회사의 주요경영사항),2025-12-24,KOSPI,38550.0,37650.0,37550.0,36450.0,-0.023346303501945553,-0.025940337224383936,-0.054474708171206254,
1116035,20220527000198,00155276,포스코퓨처엠,003670,주요사항보고서(자기주식취득결정),2022-05-27,KOSPI,124557.0,127949.0,126495.0,125041.0,0.027232512022608013,0.015559141597822679,0.0038857711730373445,
1104886,20220616000128,00155276,포스코퓨처엠,003670,자기주식취득결과보고서,2022-06-16,KOSPI,122618.0,122618.0,121649.0,108563.0,0.0,-0.007902591789133773,-0.11462428028511307,
467453,20250324000551,00155276,포스코퓨처엠,003670,주요사항보고서(자기주식취득결정),2025-03-24,KOSPI,132311.0,131536.0,134250.0,116608.0,-0.005857411704242255,0.014654866186484927,-0.11868249805382769,
464248,20250326000885,00155276,포스코퓨처엠,003670,자기주식취득결과보고서,2025-03-26,KOSPI,134250.0,130954.0,124557.0,110986.0,-0.024551210428305437,-0.0722011173184357,-0.1732886405959032,
1115191,20220530000223,00109781,대림제지,017650,주요사항보고서(자기주식취득결정),2022-05-30,KOSDAQ,9800.0,9850.0,9740.0,9590.0,0.005102040816326481,-0.006122448979591799,-0.021428571428571463,
1099437,20220629000028,00109781,대림제지,017650,자기주식취득결과보고서,2022-06-29,KOSDAQ,8400.0,8300.0,8400.0,8450.0,-0.011904761904761862,0.0,0.005952380952380931,
1097853,20220630000670,00109781,대림제지,017650,주요사항보고서(자기주식취득결정),2022-06-30,KOSDAQ,8300.0,8400.0,8290.0,8440.0,0.012048192771084265,-0.001204819277108471,0.01686746987951815,
1072856,20220825000215,00109781,대림제지,017650,자기주식취득결과보고서,2022-08-25,KOSDAQ,9420.0,9350.0,9290.0,9170.0,-0.007430997876857748,-0.013800424628450103,-0.026539278131634814,
1061302,20220920000142,00109781,대림제지,017650,주요사항보고서(자기주식취득결정),2022-09-20,KOSDAQ,8460.0,8590.0,8590.0,7810.0,0.015366430260047359,0.015366430260047359,-0.07683215130023646,
1040010,20221111000140,00109781,대림제지,017650,자기주식취득결과보고서,2022-11-11,KOSDAQ,8300.0,8490.0,8440.0,8600.0,0.02289156626506017,0.01686746987951815,0.03614457831325302,
989222,20230221001453,00109781,대림제지,017650,주요사항보고서(자기주식취득결정),2023-02-21,KOSDAQ,9130.0,9150.0,9120.0,9010.0,0.0021905805038335835,-0.0010952902519167917,-0.013143483023001057,
954905,20230327000374,00109781,대림제지,017650,자기주식취득결과보고서,2023-03-27,KOSDAQ,8590.0,8660.0,8860.0,8850.0,0.008149010477299212,0.03143189755529696,0.030267753201397074,
953439,20230328000449,00109781,대림제지,017650,주요사항보고서(자기주식취득결정),2023-03-28,KOSDAQ,8660.0,8860.0,8850.0,8880.0,0.023094688221708903,0.021939953810623525,0.025404157043879882,
905902,20230421000200,00109781,대림제지,017650,자기주식취득결과보고서,2023-04-21,KOSDAQ,8490.0,8490.0,8420.0,8510.0,0.0,-0.00824499411071844,0.002355712603062443,
905046,20230424000132,00109781,대림제지,017650,주요사항보고서(자기주식취득결정),2023-04-24,KOSDAQ,8490.0,8420.0,8420.0,8570.0,-0.00824499411071844,-0.00824499411071844,0.009422850412249772,
888655,20230523000054,00109781,대림제지,017650,자기주식취득결과보고서,2023-05-23,KOSDAQ,8870.0,8860.0,8960.0,9050.0,-0.0011273957158962622,0.01014656144306647,0.02029312288613294,
887514,20230525000224,00109781,대림제지,017650,주요사항보고서(자기주식취득결정),2023-05-25,KOSDAQ,8960.0,8970.0,9090.0,9090.0,0.0011160714285713969,0.014508928571428603,0.014508928571428603,
865411,20230707000012,00109781,대림제지,017650,자기주식취득결과보고서,2023-07-07,KOSDAQ,8720.0,8740.0,8880.0,8950.0,0.002293577981651307,0.0183486238532109,0.026376146788990917,
864643,20230710000063,00109781,대림제지,017650,주요사항보고서(자기주식취득결정),2023-07-10,KOSDAQ,8740.0,8880.0,8860.0,8900.0,0.016018306636155666,0.013729977116704761,0.01830663615560635,
855307,20230731000027,00109781,대림제지,017650,자기주식취득결과보고서,2023-07-31,KOSDAQ,8850.0,8850.0,8890.0,8880.0,0.0,0.004519774011299438,0.003389830508474523,
854676,20230801000022,00109781,대림제지,017650,주요사항보고서(자기주식취득결정),2023-08-01,KOSDAQ,8850.0,8890.0,8900.0,8820.0,0.004519774011299438,0.005649717514124353,-0.003389830508474523,
841652,20230821000026,00109781,대림제지,017650,자기주식취득결과보고서,2023-08-21,KOSDAQ,8560.0,8570.0,8630.0,8520.0,0.001168224299065379,0.008177570093457875,-0.004672897196261627,
841009,20230822000021,00109781,대림제지,017650,주요사항보고서(자기주식취득결정),2023-08-22,KOSDAQ,8570.0,8630.0,8500.0,8560.0,0.007001166861143604,-0.008168028004667427,-0.001166861143523934,
829544,20230912000367,00109781,대림제지,017650,자기주식취득결과보고서,2023-09-12,KOSDAQ,8550.0,8570.0,8550.0,8560.0,0.002339181286549641,0.0,0.0011695906432749315,
829360,20230913000027,00109781,대림제지,017650,주요사항보고서(자기주식취득결정),2023-09-13,KOSDAQ,8570.0,8550.0,8540.0,8550.0,-0.002333722287047868,-0.003500583430571802,-0.002333722287047868,
813272,20231026000089,00109781,대림제지,017650,자기주식취득결과보고서,2023-10-26,KOSDAQ,7770.0,7700.0,7740.0,7780.0,-0.009009009009009028,-0.0038610038610038533,0.0012870012870012104,
768742,20240119000068,00109781,대림제지,017650,주요사항보고서(자기주식취득결정),2024-01-19,KOSDAQ,7960.0,8040.0,8040.0,8050.0,0.01005025125628145,0.01005025125628145,0.011306532663316604,
666912,20240415000578,00109781,대림제지,017650,자기주식취득결과보고서,2024-04-15,KOSDAQ,8170.0,8110.0,8130.0,8200.0,-0.007343941248470043,-0.004895960832313362,0.003671970624234966,
1110873,20220531002893,01051065,엔비티,236810,주요사항보고서(자기주식취득신탁계약체결결정),2022-05-31,KOSDAQ,9090.0,9100.0,9180.0,9130.0,0.0011001100110010764,0.00990099009900991,0.004400440044004306,
908572,20230414002569,01051065,엔비티,236810,주요사항보고서(자기주식취득신탁계약체결결정),2023-04-14,KOSDAQ,5650.0,5680.0,5570.0,5400.0,0.005309734513274433,-0.01415929203539823,-0.04424778761061943,
818569,20231012000327,01051065,엔비티,236810,[연장결정]주요사항보고서(자기주식취득신탁계약체결결정),2023-10-12,KOSDAQ,5760.0,5630.0,5450.0,5070.0,-0.02256944444444442,-0.05381944444444442,-0.11979166666666663,
1110272,20220602000265,01326792,비투엔,307870,주요사항보고서(자기주식취득신탁계약체결결정),2022-06-02,KOSDAQ,2640.0,2630.0,2550.0,2600.0,-0.0037878787878787845,-0.03409090909090906,-0.015151515151515138,
821780,20231004000423,01326792,비투엔,307870,주요사항보고서(자기주식취득신탁계약체결결정),2023-10-04,KOSDAQ,2105.0,2115.0,2145.0,2180.0,0.004750593824228044,0.019002375296912177,0.03562945368171011,
1109664,20220603000077,00298340,에스티아이,039440,주요사항보고서(자기주식취득신탁계약체결결정),2022-06-03,KOSDAQ,21450.0,19850.0,19800.0,18050.0,-0.07459207459207462,-0.07692307692307687,-0.15850815850815847,
1055485,20221004000046,00298340,에스티아이,039440,[첨부추가]주요사항보고서(자기주식취득신탁계약체결결정),2022-10-04,KOSDAQ,13000.0,12950.0,13350.0,13050.0,-0.0038461538461538325,0.026923076923076827,0.0038461538461538325,
940613,20230403001778,00298340,에스티아이,039440,[연장결정]주요사항보고서(자기주식취득신탁계약체결결정),2023-04-03,KOSDAQ,13390.0,12990.0,13100.0,13010.0,-0.02987303958177745,-0.02165795369678869,-0.028379387602688544,
822184,20231004000079,00298340,에스티아이,039440,[연장결정]주요사항보고서(자기주식취득신탁계약체결결정),2023-10-04,KOSDAQ,26450.0,27150.0,27250.0,29200.0,0.026465028355387554,0.030245746691871522,0.10396975425330823,
1107738,20220609000468,00922304,아셈스,136410,주요사항보고서(자기주식취득신탁계약체결결정),2022-06-09,KOSDAQ,14650.0,15850.0,14300.0,13150.0,0.08191126279863492,-0.023890784982935176,-0.10238907849829348,
1023214,20221209000570,00922304,아셈스,136410,자기주식취득결과보고서,2022-12-09,KOSDAQ,10450.0,10350.0,10250.0,10150.0,-0.009569377990430672,-0.019138755980861233,-0.028708133971291905,
808221,20231107000163,00922304,아셈스,136410,주요사항보고서(자기주식취득신탁계약체결결정),2023-11-07,KOSDAQ,6310.0,6620.0,6450.0,6320.0,0.04912836767036444,0.022187004754358197,0.0015847860538826808,
607451,20240807000135,00922304,아셈스,136410,주요사항보고서(자기주식취득신탁계약체결결정),2024-08-07,KOSDAQ,6750.0,6760.0,6960.0,6890.0,0.001481481481481417,0.03111111111111109,0.020740740740740726,
296585,20251202000116,00922304,아셈스,136410,주요사항보고서(자기주식취득신탁계약체결결정),2025-12-02,KOSDAQ,11560.0,11080.0,11050.0,10730.0,-0.04152249134948094,-0.044117647058823484,-0.07179930795847755,
1106338,20220613000260,00150165,브이티,018290,주요사항보고서(자기주식취득결정),2022-06-13,KOSDAQ,5900.0,5800.0,5630.0,5450.0,-0.016949152542372836,-0.045762711864406724,-0.07627118644067798,
1094197,20220708000427,00150165,브이티,018290,자기주식취득결과보고서,2022-07-08,KOSDAQ,5270.0,5270.0,5200.0,5170.0,0.0,-0.013282732447817858,-0.018975332068311146,
774743,20240104000115,00150165,브이티,018290,주요사항보고서(자기주식취득결정),2024-01-04,KOSDAQ,15300.0,15250.0,15750.0,16690.0,-0.0032679738562091387,0.02941176470588225,0.09084967320261428,
768563,20240119000400,00150165,브이티,018290,자기주식취득결과보고서,2024-01-19,KOSDAQ,15790.0,15490.0,16540.0,16740.0,-0.01899936668777702,0.04749841671944277,0.06016466117796071,
362544,20250729000276,00150165,브이티,018290,주요사항보고서(자기주식취득결정),2025-07-29,KOSDAQ,37500.0,37650.0,36100.0,35000.0,0.0040000000000000036,-0.03733333333333333,-0.06666666666666665,
333914,20250915000313,00150165,브이티,018290,자기주식취득결과보고서,2025-09-15,KOSDAQ,30150.0,30150.0,29800.0,30350.0,0.0,-0.011608623548922004,0.0066334991708125735,
1106033,20220614000086,00985686,큐브엔터,182360,주요사항보고서(자기주식취득결정),2022-06-14,KOSDAQ,13550.0,12950.0,13600.0,13150.0,-0.044280442804428,0.0036900369003689537,-0.029520295202952074,
1097020,20220701000297,00985686,큐브엔터,182360,자기주식취득결과보고서,2022-07-01,KOSDAQ,12500.0,12500.0,12650.0,13150.0,0.0,0.01200000000000001,0.052000000000000046,
588228,20240830001788,00985686,큐브엔터,182360,주요사항보고서(자기주식취득결정),2024-08-30,KOSDAQ,13900.0,14520.0,14580.0,13800.0,0.04460431654676267,0.048920863309352525,-0.007194244604316502,
576528,20240927000690,00985686,큐브엔터,182360,자기주식취득결과보고서,2024-09-27,KOSDAQ,14700.0,13910.0,13420.0,13020.0,-0.05374149659863947,-0.0870748299319728,-0.11428571428571432,
354046,20250813001079,00985686,큐브엔터,182360,주요사항보고서(자기주식취득결정),2025-08-13,KOSDAQ,16700.0,17010.0,17450.0,18400.0,0.01856287425149694,0.04491017964071853,0.10179640718562877,
333960,20250915000281,00985686,큐브엔터,182360,자기주식취득결과보고서,2025-09-15,KOSDAQ,15960.0,15960.0,15810.0,15980.0,0.0,-0.009398496240601517,0.0012531328320801727,
1105813,20220614800415,01562589,LX홀딩스,383800,주요사항보고서(자기주식취득신탁계약해지결정)(자회사의 주요경영사항),2022-06-14,KOSPI,9320.0,9150.0,9150.0,9160.0,-0.018240343347639465,-0.018240343347639465,-0.01716738197424894,
1105594,20220615000021,00523936,HB솔루션,297890,주요사항보고서(자기주식취득신탁계약체결결정),2022-06-15,KOSDAQ,3401.0,3439.0,3414.0,3239.0,0.011173184357541999,0.0038224051749484733,-0.04763304910320498,
1020217,20221215000230,00523936,HB솔루션,297890,주요사항보고서(자기주식취득신탁계약해지결정),2022-12-15,KOSDAQ,3451.0,3439.0,3414.0,3239.0,-0.003477252970153555,-0.010721529991306822,-0.06143146913937991,
1105581,20220615000022,00608440,티앤엘,340570,주요사항보고서(자기주식취득신탁계약체결결정),2022-06-15,KOSDAQ,35000.0,36700.0,35800.0,31100.0,0.04857142857142849,0.02285714285714291,-0.11142857142857143,
1022217,20221213000095,00608440,티앤엘,340570,[연장결정]주요사항보고서(자기주식취득신탁계약체결결정),2022-12-13,KOSDAQ,35600.0,35800.0,35800.0,36150.0,0.00561797752808979,0.00561797752808979,0.015449438202247201,
330981,20250923000355,00608440,티앤엘,340570,주요사항보고서(자기주식취득신탁계약체결결정),2025-09-23,KOSDAQ,49900.0,50300.0,51200.0,49450.0,0.008016032064128265,0.02605210420841675,-0.009018036072144242,
1105419,20220615000169,00252269,아이에이,038880,주요사항보고서(자기주식취득결정),2022-06-15,KOSDAQ,8010.0,8400.0,8080.0,7170.0,0.04868913857677892,0.008739076154806513,-0.10486891385767794,
1065181,20220907000098,00252269,아이에이,038880,자기주식취득결과보고서,2022-09-07,KOSDAQ,7130.0,7390.0,7480.0,7800.0,0.036465638148667656,0.04908835904628339,0.09396914446002813,
1064548,20220908000192,00252269,아이에이,038880,주요사항보고서(자기주식취득결정),2022-09-08,KOSDAQ,7390.0,7480.0,7890.0,7680.0,0.012178619756427533,0.06765899864682012,0.03924221921515558,
1058154,20220928000234,00252269,아이에이,038880,자기주식취득결과보고서,2022-09-28,KOSDAQ,7010.0,6970.0,7030.0,7300.0,-0.005706134094151216,0.0028530670470756636,0.041369472182596345,
1056807,20220930000094,00252269,아이에이,038880,주요사항보고서(자기주식취득결정),2022-09-30,KOSDAQ,7030.0,7250.0,7180.0,7120.0,0.031294452347083945,0.021337126600284417,0.012802275960170695,
1015374,20221226000084,00252269,아이에이,038880,자기주식취득결과보고서,2022-12-26,KOSDAQ,6520.0,6440.0,6280.0,6120.0,-0.012269938650306789,-0.036809815950920255,-0.06134969325153372,
1015218,20221226000194,00252269,아이에이,038880,주요사항보고서(자기주식취득결정),2022-12-26,KOSDAQ,6520.0,6440.0,6280.0,6120.0,-0.012269938650306789,-0.036809815950920255,-0.06134969325153372,
954959,20230327000324,00252269,아이에이,038880,자기주식취득결과보고서,2023-03-27,KOSDAQ,6370.0,6540.0,6580.0,6860.0,0.02668759811616961,0.03296703296703307,0.07692307692307687,
897625,20230508000282,00252269,아이에이,038880,주요사항보고서(자기주식취득결정),2023-05-08,KOSDAQ,5790.0,5800.0,5900.0,5750.0,0.0017271157167531026,0.01899827288428324,-0.006908462867012077,
856206,20230728000018,00252269,아이에이,038880,자기주식취득결과보고서,2023-07-28,KOSDAQ,5420.0,5410.0,5450.0,5250.0,-0.0018450184501844769,0.005535055350553542,-0.03136531365313655,
856135,20230728000122,00252269,아이에이,038880,주요사항보고서(자기주식취득결정),2023-07-28,KOSDAQ,5420.0,5410.0,5450.0,5250.0,-0.0018450184501844769,0.005535055350553542,-0.03136531365313655,
812443,20231027000159,00252269,아이에이,038880,자기주식취득결과보고서,2023-10-27,KOSDAQ,3990.0,4000.0,3900.0,4120.0,0.0025062656641603454,-0.022556390977443663,0.032581453634085156,
1105382,20220615000208,00925587,위드텍,348350,주요사항보고서(자기주식취득결정),2022-06-15,KOSDAQ,13200.0,14000.0,14200.0,15200.0,0.06060606060606055,0.07575757575757569,0.1515151515151516,
1074357,20220822000210,00925587,위드텍,348350,자기주식취득결과보고서,2022-08-22,KOSDAQ,16600.0,16350.0,16450.0,15550.0,-0.015060240963855387,-0.009036144578313254,-0.06325301204819278,
597246,20240819000072,00925587,위드텍,348350,주요사항보고서(자기주식취득결정),2024-08-19,KOSDAQ,7830.0,8600.0,8700.0,9340.0,0.09833971902937422,0.11111111111111116,0.19284802043422733,
574341,20241004000107,00925587,위드텍,348350,자기주식취득결과보고서,2024-10-04,KOSDAQ,8730.0,8740.0,8590.0,8390.0,0.001145475372279492,-0.016036655211912998,-0.038946162657502836,
1105193,20220615000341,00172291,더존비즈온,012510,주요사항보고서(자기주식취득결정),2022-06-15,KOSPI,30600.0,32350.0,34900.0,34300.0,0.05718954248366015,0.1405228758169934,0.12091503267973858,
1062063,20220916000324,00172291,더존비즈온,012510,자기주식취득결과보고서,2022-09-16,KOSPI,34200.0,34400.0,33600.0,31300.0,0.005847953216374213,-0.01754385964912286,-0.08479532163742687,
1045072,20221031000090,00172291,더존비즈온,012510,주요사항보고서(자기주식취득결정),2022-10-31,KOSPI,30500.0,31700.0,31300.0,31250.0,0.03934426229508192,0.026229508196721207,0.024590163934426146,
999082,20230202000017,00172291,더존비즈온,012510,자기주식취득결과보고서,2023-02-02,KOSPI,34750.0,36150.0,36300.0,36650.0,0.04028776978417259,0.04460431654676267,0.054676258992805815,
1104945,20220616000064,00939942,포시에스,189690,[연장결정]주요사항보고서(자기주식취득신탁계약체결결정),2022-06-16,KOSDAQ,2360.0,2322.0,2360.0,2277.0,-0.01610169491525426,0.0,-0.0351694915254237,
876029,20230614000376,00939942,포시에스,189690,[연장결정]주요사항보고서(자기주식취득신탁계약체결결정),2023-06-14,KOSDAQ,3253.0,3227.0,2940.0,2856.0,-0.007992622194897048,-0.0962188748847218,-0.12204119274515834,
875754,20230615000022,00939942,포시에스,189690,[연장결정]주요사항보고서(자기주식취득신탁계약체결결정),2023-06-15,KOSDAQ,3227.0,2940.0,2763.0,2910.0,-0.08893709327548804,-0.14378679888441281,-0.09823365354818714,
786874,20231212000268,00939942,포시에스,189690,[연장결정]주요사항보고서(자기주식취득신탁계약체결결정),2023-12-12,KOSDAQ,2560.0,2520.0,2505.0,2480.0,-0.015625,-0.021484375,-0.03125,
539668,20241212000292,00939942,포시에스,189690,[연장결정]주요사항보고서(자기주식취득신탁계약체결결정),2024-12-12,KOSDAQ,2100.0,2100.0,2150.0,2165.0,0.0,0.023809523809523725,0.030952380952380842,
1104881,20220616000133,01237540,이녹스첨단소재,272290,주요사항보고서(자기주식취득신탁계약체결결정),2022-06-16,KOSDAQ,38150.0,37250.0,36300.0,33300.0,-0.023591087811271283,-0.04849279161205766,-0.12712975098296198,
1083778,20220804000019,01237540,이녹스첨단소재,272290,주요사항보고서(자기주식취득신탁계약체결결정),2022-08-04,KOSDAQ,34650.0,34400.0,34100.0,33150.0,-0.00721500721500723,-0.015873015873015928,-0.04329004329004327,
1018660,20221216000482,01237540,이녹스첨단소재,272290,주요사항보고서(자기주식취득신탁계약해지결정),2022-12-16,KOSDAQ,29900.0,30250.0,29000.0,30150.0,0.0117056856187292,-0.030100334448160515,0.008361204013378032,
607558,20240807000039,01237540,이녹스첨단소재,272290,주요사항보고서(자기주식취득신탁계약체결결정),2024-08-07,KOSDAQ,27250.0,26550.0,27200.0,28350.0,-0.025688073394495414,-0.0018348623853210455,0.04036697247706411,
565045,20241029000104,01237540,이녹스첨단소재,272290,주요사항보고서(자기주식취득신탁계약체결결정),2024-10-29,KOSDAQ,24550.0,24200.0,24650.0,24800.0,-0.014256619144602856,0.004073319755600879,0.010183299389002087,
1104868,20220616900194,00494476,이녹스,088390,주요사항보고서(자기주식취득신탁계약체결결정)(자회사의 주요경영사항),2022-06-16,KOSDAQ,26550.0,27150.0,26650.0,22000.0,0.02259887005649719,0.0037664783427495685,-0.1713747645951036,
1083777,20220804900104,00494476,이녹스,088390,주요사항보고서(자기주식취득신탁계약체결결정)(자회사의 주요경영사항),2022-08-04,KOSDAQ,24650.0,24800.0,25400.0,25050.0,0.006085192697768749,0.030425963488843744,0.016227180527383478,
1018658,20221216901265,00494476,이녹스,088390,주요사항보고서(자기주식취득신탁계약해지결정)(자회사의 주요경영사항),2022-12-16,KOSDAQ,23400.0,23400.0,22000.0,21500.0,0.0,-0.05982905982905984,-0.08119658119658124,
607554,20240807900132,00494476,이녹스,088390,주요사항보고서(자기주식취득신탁계약체결결정)(자회사의 주요경영사항),2024-08-07,KOSDAQ,12600.0,12120.0,12780.0,13570.0,-0.03809523809523807,0.014285714285714235,0.07698412698412693,
565035,20241029900167,00494476,이녹스,088390,주요사항보고서(자기주식취득신탁계약체결결정)(자회사의 주요경영사항),2024-10-29,KOSDAQ,10360.0,10460.0,10420.0,10770.0,0.009652509652509744,0.005791505791505891,0.03957528957528966,
1104306,20220617000175,00404288,아진엑스텍,059120,주요사항보고서(자기주식취득신탁계약체결결정),2022-06-17,KOSDAQ,5478.0,5077.0,5103.0,4662.0,-0.07320189850310332,-0.06845564074479737,-0.14895947426067913,
1018340,20221219000113,00404288,아진엑스텍,059120,[연장결정]주요사항보고서(자기주식취득신탁계약체결결정),2022-12-19,KOSDAQ,4307.0,4187.0,4192.0,3962.0,-0.027861620617599225,-0.02670071975853261,-0.08010215927559783,
874139,20230619000155,00404288,아진엑스텍,059120,[연장결정]주요사항보고서(자기주식취득신탁계약체결결정),2023-06-19,KOSDAQ,5047.0,5143.0,5037.0,5012.0,0.01902120071329505,-0.001981375074301517,-0.006934812760055475,
874108,20230619000183,00404288,아진엑스텍,059120,[연장결정]주요사항보고서(자기주식취득신탁계약체결결정),2023-06-19,KOSDAQ,5047.0,5143.0,5037.0,5012.0,0.01902120071329505,-0.001981375074301517,-0.006934812760055475,
1103794,20220620000087,00562245,태웅로직스,124560,주요사항보고서(자기주식취득신탁계약체결결정),2022-06-20,KOSDAQ,5730.0,5610.0,5220.0,5460.0,-0.020942408376963373,-0.08900523560209428,-0.04712041884816753,
1008568,20230109000089,00562245,태웅로직스,124560,주요사항보고서(자기주식취득신탁계약체결결정),2023-01-09,KOSDAQ,4610.0,4680.0,4725.0,4865.0,0.015184381778741818,0.024945770065075923,0.05531453362255956,
434880,20250407001929,00562245,태웅로직스,124560,주요사항보고서(자기주식취득결정),2025-04-07,KOSDAQ,2695.0,2700.0,2645.0,2780.0,0.0018552875695732052,-0.01855287569573283,0.03153988868274582,
403538,20250509000766,00562245,태웅로직스,124560,주요사항보고서(자기주식취득결정),2025-05-09,KOSDAQ,2845.0,2925.0,2945.0,2920.0,0.02811950790861162,0.03514938488576447,0.026362038664323295,
403189,20250512000242,00562245,태웅로직스,124560,자기주식취득결과보고서,2025-05-12,KOSDAQ,2925.0,2945.0,2965.0,2885.0,0.006837606837606813,0.013675213675213627,-0.013675213675213627,
370558,20250709000407,00562245,태웅로직스,124560,주요사항보고서(자기주식취득결정),2025-07-09,KOSDAQ,3235.0,3200.0,3300.0,3380.0,-0.010819165378670781,0.020092735703245657,0.04482225656877903,
356171,20250811000554,00562245,태웅로직스,124560,자기주식취득결과보고서,2025-08-11,KOSDAQ,3225.0,3200.0,3195.0,3060.0,-0.007751937984496138,-0.009302325581395321,-0.051162790697674376,
275531,20260109000414,00562245,태웅로직스,124560,주요사항보고서(자기주식취득결정),2026-01-09,KOSDAQ,2555.0,2495.0,2510.0,2520.0,-0.023483365949119372,-0.017612524461839585,-0.013698630136986356,
256206,20260211000054,00562245,태웅로직스,124560,자기주식취득결과보고서,2026-02-11,KOSDAQ,2740.0,2860.0,2765.0,2900.0,0.04379562043795615,0.009124087591240837,0.058394160583941535,
1103776,20220620000098,00204262,한글과컴퓨터,030520,주요사항보고서(자기주식취득신탁계약체결결정),2022-06-20,KOSDAQ,15500.0,16900.0,16450.0,18300.0,0.0903225806451613,0.06129032258064515,0.1806451612903226,
314493,20251105000057,00204262,한글과컴퓨터,030520,주요사항보고서(자기주식취득신탁계약체결결정),2025-11-05,KOSDAQ,24800.0,24200.0,23700.0,25400.0,-0.024193548387096753,-0.04435483870967738,0.024193548387096753,
1103752,20220620000136,00409371,인베니아,079950,주요사항보고서(자기주식취득신탁계약체결결정),2022-06-20,KOSDAQ,6054.0,6039.0,5726.0,6039.0,-0.0024777006937561907,-0.05417905517013544,-0.0024777006937561907,
1019910,20221215000404,00409371,인베니아,079950,[연장결정]주요사항보고서(자기주식취득신탁계약체결결정),2022-12-15,KOSDAQ,4938.0,4938.0,4878.0,4953.0,0.0,-0.012150668286755817,0.0030376670716889542,
1103732,20220620000160,01219155,네오크레마,311390,주요사항보고서(자기주식취득신탁계약체결결정),2022-06-20,KOSDAQ,10950.0,11800.0,10900.0,12150.0,0.07762557077625565,-0.004566210045662156,0.1095890410958904,
1019068,20221216000276,01219155,네오크레마,311390,[연장결정]주요사항보고서(자기주식취득신탁계약체결결정),2022-12-16,KOSDAQ,8680.0,8250.0,7990.0,7740.0,-0.04953917050691248,-0.07949308755760365,-0.10829493087557607,
874828,20230616000257,01219155,네오크레마,311390,[연장결정]주요사항보고서(자기주식취득신탁계약체결결정),2023-06-16,KOSDAQ,8650.0,8810.0,8690.0,8650.0,0.018497109826589586,0.0046242774566473965,0.0,
781858,20231219000301,01219155,네오크레마,311390,주요사항보고서(자기주식취득신탁계약해지결정),2023-12-19,KOSDAQ,7160.0,7060.0,7050.0,7120.0,-0.013966480446927387,-0.015363128491620137,-0.005586592178770999,
1103692,20220620000195,00660291,옵티시스,109080,주요사항보고서(자기주식취득신탁계약체결결정),2022-06-20,KOSDAQ,11450.0,11850.0,11400.0,11500.0,0.03493449781659397,-0.004366812227074246,0.004366812227074135,
873666,20230620000203,00660291,옵티시스,109080,[연장결정]주요사항보고서(자기주식취득신탁계약체결결정),2023-06-20,KOSDAQ,12960.0,12860.0,12770.0,13400.0,-0.007716049382716084,-0.014660493827160503,0.033950617283950546,
646195,20240521000233,00660291,옵티시스,109080,주요사항보고서(자기주식취득신탁계약체결결정),2024-05-21,KOSDAQ,8960.0,9100.0,9100.0,9210.0,0.015625,0.015625,0.02790178571428581,
549314,20241127000406,00660291,옵티시스,109080,주요사항보고서(자기주식취득신탁계약체결결정),2024-11-27,KOSDAQ,7430.0,7730.0,7550.0,7250.0,0.04037685060565277,0.016150740242261152,-0.024226110363391617,
332800,20250918000185,00660291,옵티시스,109080,주요사항보고서(자기주식취득신탁계약해지결정),2025-09-18,KOSDAQ,9410.0,9400.0,9380.0,9150.0,-0.0010626992561104665,-0.0031880977683315104,-0.02763018065887357,
1103552,20220620000291,00209780,케이씨,029460,주요사항보고서(자기주식취득신탁계약체결결정),2022-06-20,KOSPI,17700.0,18300.0,17700.0,19400.0,0.03389830508474567,0.0,0.09604519774011289,
1040347,20221110000526,00209780,케이씨,029460,주요사항보고서(자기주식취득신탁계약해지결정),2022-11-10,KOSPI,15650.0,15950.0,16000.0,17500.0,0.019169329073482455,0.022364217252396124,0.1182108626198084,
612542,20240725000385,00209780,케이씨,029460,주요사항보고서(자기주식취득신탁계약체결결정),2024-07-25,KOSPI,19210.0,19850.0,20000.0,20750.0,0.03331598125976054,0.041124414367516904,0.08016657990629872,
579802,20240920000296,00209780,케이씨,029460,주요사항보고서(자기주식취득신탁계약체결결정),2024-09-20,KOSPI,17590.0,18990.0,19650.0,20650.0,0.07959067652075036,0.11711199545196127,0.17396247868106873,
516526,20250131000518,00209780,케이씨,029460,주요사항보고서(자기주식취득신탁계약해지결정),2025-01-31,KOSPI,16020.0,15710.0,15960.0,17150.0,-0.019350811485642994,-0.0037453183520599342,0.07053682896379532,
467050,20250324000905,00209780,케이씨,029460,주요사항보고서(자기주식취득신탁계약해지결정),2025-03-24,KOSPI,18350.0,18010.0,18050.0,17740.0,-0.018528610354223485,-0.016348773841961872,-0.03324250681198915,
289548,20251215000475,00209780,케이씨,029460,주요사항보고서(자기주식취득신탁계약체결결정),2025-12-15,KOSPI,23850.0,24600.0,24750.0,26150.0,0.03144654088050314,0.037735849056603765,0.09643605870020955,
261284,20260205000391,00209780,케이씨,029460,주요사항보고서(자기주식취득신탁계약해지결정),2026-02-05,KOSPI,32500.0,31400.0,33000.0,31950.0,-0.03384615384615386,0.01538461538461533,-0.01692307692307693,
1103373,20220621000056,00569646,영우디에스피,143540,주요사항보고서(자기주식취득신탁계약체결결정),2022-06-21,KOSDAQ,1490.0,1525.0,1390.0,1580.0,0.02348993288590595,-0.06711409395973156,0.06040268456375841,
873026,20230621000286,00569646,영우디에스피,143540,주요사항보고서(자기주식취득신탁계약해지결정),2023-06-21,KOSDAQ,1374.0,1345.0,1308.0,1286.0,-0.021106259097525504,-0.048034934497816595,-0.06404657933042213,
1102417,20220622000358,00176914,다우기술,023590,주요사항보고서(자기주식취득결정),2022-06-22,KOSPI,17150.0,16950.0,17750.0,17750.0,-0.011661807580174877,0.03498542274052485,0.03498542274052485,
1057105,20220929000580,00176914,다우기술,023590,자기주식취득결과보고서,2022-09-29,KOSPI,17150.0,17000.0,17400.0,17850.0,-0.008746355685131157,0.014577259475218707,0.04081632653061229,
1101885,20220623000116,00164706,현대약품,004310,주요사항보고서(자기주식취득신탁계약체결결정),2022-06-23,KOSPI,3830.0,3985.0,4760.0,4555.0,0.04046997389033935,0.24281984334203655,0.18929503916449075,
872669,20230622000162,00164706,현대약품,004310,주요사항보고서(자기주식취득신탁계약해지결정),2023-06-22,KOSPI,4325.0,4275.0,4260.0,4105.0,-0.011560693641618491,-0.015028901734104094,-0.05086705202312136,
862174,20230714000144,00164706,현대약품,004310,주요사항보고서(자기주식취득신탁계약체결결정),2023-07-14,KOSPI,3940.0,3900.0,3880.0,4110.0,-0.010152284263959421,-0.015228426395939132,0.043147208121827374,
617667,20240712000113,00164706,현대약품,004310,주요사항보고서(자기주식취득신탁계약해지결정),2024-07-12,KOSPI,3505.0,3520.0,3545.0,3555.0,0.004279600570613384,0.011412268188302432,0.014265335235378096,
1101595,20220623000437,01261893,케이씨텍,281820,주요사항보고서(자기주식취득신탁계약체결결정),2022-06-23,KOSPI,14700.0,15900.0,16550.0,18050.0,0.08163265306122458,0.12585034013605445,0.22789115646258495,
1041114,20221109000394,01261893,케이씨텍,281820,주요사항보고서(자기주식취득신탁계약해지결정),2022-11-09,KOSPI,15650.0,15500.0,15950.0,16950.0,-0.009584664536741228,0.019169329073482455,0.08306709265175716,
612562,20240725000371,01261893,케이씨텍,281820,주요사항보고서(자기주식취득신탁계약체결결정),2024-07-25,KOSPI,40100.0,40700.0,40750.0,41200.0,0.014962593516209433,0.016209476309226867,0.027431421446383997,
579766,20240920000346,01261893,케이씨텍,281820,주요사항보고서(자기주식취득신탁계약체결결정),2024-09-20,KOSPI,31400.0,32400.0,33100.0,35750.0,0.031847133757961776,0.05414012738853513,0.13853503184713367,
516537,20250131000515,01261893,케이씨텍,281820,주요사항보고서(자기주식취득신탁계약해지결정),2025-01-31,KOSPI,30400.0,29200.0,29200.0,31600.0,-0.03947368421052633,-0.03947368421052633,0.03947368421052633,
467749,20250324000328,01261893,케이씨텍,281820,주요사항보고서(자기주식취득신탁계약해지결정),2025-03-24,KOSPI,36850.0,36400.0,38050.0,32600.0,-0.012211668928086894,0.03256445047489831,-0.11533242876526462,
1101331,20220624000059,00863038,캐리,313760,주요사항보고서(자기주식취득신탁계약체결결정),2022-06-24,KOSDAQ,11000.0,11700.0,12450.0,11400.0,0.06363636363636371,0.13181818181818183,0.036363636363636376,
1014960,20221226000405,00863038,캐리,313760,주요사항보고서(자기주식취득신탁계약해지결정),2022-12-26,KOSDAQ,6940.0,7210.0,7000.0,6770.0,0.03890489913544659,0.008645533141210304,-0.02449567723342938,
1101303,20220624000094,00255044,현대에이치티,039010,주요사항보고서(자기주식취득신탁계약체결결정),2022-06-24,KOSDAQ,7920.0,8100.0,8090.0,7900.0,0.022727272727272707,0.02146464646464641,-0.002525252525252486,
1101152,20220624000271,00528515,한라IMS,092460,주요사항보고서(자기주식취득신탁계약체결결정),2022-06-24,KOSDAQ,4895.0,4900.0,5090.0,5040.0,0.0010214504596526286,0.039836567926455624,0.02962206332992845,
1085690,20220729000112,00528515,한라IMS,092460,주요사항보고서(자기주식취득신탁계약체결결정),2022-07-29,KOSDAQ,5340.0,5430.0,5490.0,5490.0,0.016853932584269593,0.028089887640449396,0.028089887640449396,
1051059,20221014000451,00528515,한라IMS,092460,주요사항보고서(자기주식취득신탁계약체결결정),2022-10-14,KOSDAQ,4600.0,4815.0,4880.0,4790.0,0.046739130434782616,0.0608695652173914,0.04130434782608705,
878739,20230608000206,00528515,한라IMS,092460,주요사항보고서(자기주식취득신탁계약해지결정),2023-06-08,KOSDAQ,6780.0,6620.0,6670.0,6420.0,-0.02359882005899705,-0.016224188790560423,-0.053097345132743334,
821560,20231005000093,00528515,한라IMS,092460,주요사항보고서(자기주식취득신탁계약체결결정),2023-10-05,KOSDAQ,5410.0,5870.0,5850.0,5870.0,0.08502772643253231,0.0813308687615526,0.08502772643253231,
799474,20231120000630,00528515,한라IMS,092460,주요사항보고서(자기주식취득신탁계약체결결정),2023-11-20,KOSDAQ,6580.0,6610.0,6760.0,6840.0,0.004559270516717229,0.02735562310030404,0.03951367781155013,
574287,20241004000121,00528515,한라IMS,092460,[연장결정]주요사항보고서(자기주식취득신탁계약체결결정),2024-10-04,KOSDAQ,6570.0,6780.0,6740.0,6480.0,0.03196347031963476,0.025875190258751957,-0.013698630136986356,
553165,20241119000091,00528515,한라IMS,092460,[연장결정]주요사항보고서(자기주식취득신탁계약체결결정),2024-11-19,KOSDAQ,7120.0,7170.0,6860.0,7750.0,0.0070224719101124045,-0.0365168539325843,0.08848314606741581,
529118,20241230000075,00528515,한라IMS,092460,[연장결정]주요사항보고서(자기주식취득신탁계약체결결정),2024-12-30,KOSDAQ,8150.0,8340.0,8210.0,8410.0,0.02331288343558291,0.007361963190184007,0.031901840490797584,
529117,20241230000076,00528515,한라IMS,092460,[연장결정]주요사항보고서(자기주식취득신탁계약체결결정),2024-12-30,KOSDAQ,8150.0,8340.0,8210.0,8410.0,0.02331288343558291,0.007361963190184007,0.031901840490797584,
408318,20250429000558,00528515,한라IMS,092460,주요사항보고서(자기주식취득신탁계약해지결정),2025-04-29,KOSDAQ,9440.0,9200.0,9210.0,9910.0,-0.025423728813559365,-0.024364406779661008,0.04978813559322037,
375252,20250630000224,00528515,한라IMS,092460,주요사항보고서(자기주식취득신탁계약해지결정),2025-06-30,KOSDAQ,8790.0,8600.0,8560.0,8700.0,-0.021615472127417545,-0.026166097838452806,-0.010238907849829393,
1100588,20220627000109,00422284,메가스터디,072870,주요사항보고서(자기주식취득결정),2022-06-27,KOSDAQ,10800.0,11000.0,11350.0,10850.0,0.0185185185185186,0.05092592592592582,0.004629629629629539,
1084902,20220801000095,00422284,메가스터디,072870,자기주식취득결과보고서,2022-08-01,KOSDAQ,11500.0,11450.0,11300.0,11400.0,-0.004347826086956497,-0.017391304347826098,-0.008695652173912993,
1099349,20220629000119,00397191,팬엔터테인먼트,068050,주요사항보고서(자기주식취득신탁계약체결결정),2022-06-29,KOSDAQ,3230.0,3235.0,3175.0,3200.0,0.001547987616099089,-0.017027863777089758,-0.009287925696594423,
1098944,20220629000457,01170865,네오셈,253590,주요사항보고서(자기주식취득신탁계약체결결정),2022-06-29,KOSDAQ,3340.0,3355.0,3260.0,3275.0,0.004491017964071808,-0.0239520958083832,-0.019461077844311392,
1098435,20220630000161,01310773,엔시스,333620,주요사항보고서(자기주식취득신탁계약체결결정),2022-06-30,KOSDAQ,13050.0,12750.0,12500.0,13400.0,-0.02298850574712641,-0.04214559386973182,0.026819923371647514,
1098271,20220630000311,00610083,비아트론,141000,주요사항보고서(자기주식취득신탁계약체결결정),2022-06-30,KOSDAQ,8330.0,8220.0,8180.0,8250.0,-0.013205282112845107,-0.01800720288115243,-0.009603841536614643,
1012671,20221229000344,00610083,비아트론,141000,[연장결정]주요사항보고서(자기주식취득신탁계약체결결정),2022-12-29,KOSDAQ,8630.0,8690.0,8720.0,8790.0,0.006952491309385911,0.010428736964078755,0.018539976825028948,
958579,20230323000440,00610083,비아트론,141000,주요사항보고서(자기주식취득신탁계약체결결정),2023-03-23,KOSDAQ,9860.0,10770.0,10550.0,10910.0,0.09229208924949295,0.06997971602434072,0.10649087221095344,
869275,20230629000450,00610083,비아트론,141000,주요사항보고서(자기주식취득신탁계약해지결정),2023-06-29,KOSDAQ,9310.0,9300.0,9440.0,9260.0,-0.0010741138560687036,0.013963480128893702,-0.00537056928034374,
825444,20230922000149,00610083,비아트론,141000,[연장결정]주요사항보고서(자기주식취득신탁계약체결결정),2023-09-22,KOSDAQ,8710.0,8600.0,8440.0,8060.0,-0.012629161882893203,-0.030998851894374235,-0.07462686567164178,
544833,20241202000138,00610083,비아트론,141000,주요사항보고서(자기주식취득신탁계약체결결정),2024-12-02,KOSDAQ,6740.0,6750.0,6550.0,6250.0,0.0014836795252226587,-0.028189910979228516,-0.07270029673590506,
419486,20250411002908,00610083,비아트론,141000,주요사항보고서(자기주식취득신탁계약체결결정),2025-04-11,KOSDAQ,6480.0,7240.0,7330.0,7480.0,0.11728395061728403,0.13117283950617287,0.154320987654321,
282640,20251226000130,00610083,비아트론,141000,주요사항보고서(자기주식취득신탁계약해지결정),2025-12-26,KOSDAQ,7220.0,7170.0,7300.0,7120.0,-0.006925207756232732,0.011080332409972193,-0.013850415512465353,
1097872,20220630000648,00372882,KTcs,058850,주요사항보고서(자기주식취득신탁계약체결결정),2022-06-30,KOSPI,1965.0,1975.0,1955.0,2005.0,0.0050890585241729624,-0.0050890585241730735,0.020356234096692072,
1011916,20221230000144,00372882,KTcs,058850,주요사항보고서(자기주식취득신탁계약해지결정),2022-12-30,KOSPI,2155.0,2115.0,2135.0,2180.0,-0.018561484918793503,-0.009280742459396807,0.011600928074245953,
1097732,20220630000744,00372873,KTis,058860,주요사항보고서(자기주식취득신탁계약체결결정),2022-06-30,KOSPI,2355.0,2480.0,2450.0,2595.0,0.05307855626326963,0.04033970276008492,0.10191082802547768,
1011283,20230102000060,00372873,KTis,058860,주요사항보고서(자기주식취득신탁계약해지결정),2023-01-02,KOSPI,2365.0,2370.0,2390.0,2440.0,0.0021141649048626032,0.010570824524312794,0.031712473572938604,
1097162,20220701000149,01264872,이노뎁,303530,주요사항보고서(자기주식취득신탁계약체결결정),2022-07-01,KOSDAQ,13750.0,13000.0,14000.0,14600.0,-0.054545454545454564,0.018181818181818077,0.06181818181818177,
1011291,20230102000055,01264872,이노뎁,303530,주요사항보고서(자기주식취득신탁계약해지결정),2023-01-02,KOSDAQ,11700.0,11500.0,11800.0,12200.0,-0.017094017094017144,0.008547008547008517,0.042735042735042805,
1096914,20220701000375,00244561,그래디언트,035080,주요사항보고서(자기주식취득신탁계약체결결정),2022-07-01,KOSDAQ,17700.0,16600.0,17600.0,18000.0,-0.062146892655367214,-0.005649717514124242,0.016949152542372836,
1096913,20220701000380,00244561,그래디언트,035080,주요사항보고서(자기주식취득신탁계약체결결정),2022-07-01,KOSDAQ,17700.0,16600.0,17600.0,18000.0,-0.062146892655367214,-0.005649717514124242,0.016949152542372836,
559741,20241108000470,00244561,그래디언트,035080,주요사항보고서(자기주식취득결정),2024-11-08,KOSDAQ,12090.0,13850.0,13810.0,13860.0,0.14557485525227465,0.14226633581472292,0.14640198511166247,
542145,20241209000060,00244561,그래디언트,035080,자기주식취득결과보고서,2024-12-09,KOSDAQ,12290.0,12950.0,13570.0,13390.0,0.05370219690805533,0.10414971521562255,0.08950366151342548,
504490,20250214002566,00244561,그래디언트,035080,주요사항보고서(자기주식취득신탁계약체결결정),2025-02-14,KOSDAQ,11230.0,12210.0,12860.0,13020.0,0.08726625111308994,0.14514692787177208,0.15939447907390925,
103986,20260309001469,00244561,그래디언트,035080,주요사항보고서(자기주식취득신탁계약체결결정),2026-03-09,KOSDAQ,9600.0,10430.0,11200.0,14090.0,0.0864583333333333,0.16666666666666674,0.4677083333333334,
1096619,20220704000063,00522007,크리스에프앤씨,110790,주요사항보고서(자기주식취득신탁계약체결결정),2022-07-04,KOSDAQ,33350.0,34300.0,33750.0,35100.0,0.028485757121439192,0.011994002998500841,0.052473763118440875,
857029,20230727000026,00522007,크리스에프앤씨,110790,주요사항보고서(자기주식취득신탁계약체결결정),2023-07-27,KOSDAQ,16840.0,17350.0,17270.0,17130.0,0.030285035629453727,0.025534441805225683,0.017220902612826494,
715877,20240325000275,00522007,크리스에프앤씨,110790,주요사항보고서(자기주식취득신탁계약체결결정),2024-03-25,KOSDAQ,7760.0,7990.0,8150.0,8500.0,0.029639175257731853,0.05025773195876293,0.09536082474226815,
1096618,20220704000067,00579971,칩스앤미디어,094360,주요사항보고서(자기주식취득신탁계약체결결정),2022-07-04,KOSDAQ,7175.0,7625.0,7475.0,7700.0,0.06271777003484313,0.04181184668989557,0.07317073170731714,
1025709,20221205000032,00579971,칩스앤미디어,094360,주요사항보고서(자기주식취득신탁계약체결결정),2022-12-05,KOSDAQ,8050.0,8125.0,8075.0,7800.0,0.009316770186335477,0.0031055900621117516,-0.03105590062111796,
661883,20240424000260,00579971,칩스앤미디어,094360,주요사항보고서(자기주식취득신탁계약체결결정),2024-04-24,KOSDAQ,22300.0,21200.0,21550.0,21900.0,-0.04932735426008972,-0.03363228699551568,-0.017937219730941756,
645617,20240522000412,00579971,칩스앤미디어,094360,주요사항보고서(자기주식취득신탁계약체결결정),2024-05-22,KOSDAQ,20000.0,21500.0,20800.0,25700.0,0.07499999999999996,0.040000000000000036,0.2849999999999999,
610944,20240730000106,00579971,칩스앤미디어,094360,주요사항보고서(자기주식취득신탁계약체결결정),2024-07-30,KOSDAQ,17940.0,17660.0,17890.0,15690.0,-0.015607580824972156,-0.00278706800445927,-0.12541806020066892,
568054,20241022000046,00579971,칩스앤미디어,094360,주요사항보고서(자기주식취득신탁계약체결결정),2024-10-22,KOSDAQ,13000.0,13710.0,13020.0,13790.0,0.05461538461538451,0.0015384615384614886,0.06076923076923069,
1096505,20220704000153,00838962,알서포트,131370,주요사항보고서(자기주식취득신탁계약체결결정),2022-07-04,KOSDAQ,4295.0,4545.0,4605.0,4950.0,0.05820721769499415,0.0721769499417928,0.1525029103608848,
1010514,20230103000458,00838962,알서포트,131370,주요사항보고서(자기주식취득신탁계약해지결정),2023-01-03,KOSDAQ,4000.0,4100.0,4140.0,4240.0,0.02499999999999991,0.03499999999999992,0.06000000000000005,
486805,20250307001030,00838962,알서포트,131370,주요사항보고서(자기주식취득결정),2025-03-07,KOSDAQ,2855.0,2860.0,2835.0,2880.0,0.0017513134851139256,-0.007005253940455369,0.008756567425569184,
384885,20250609000304,00838962,알서포트,131370,자기주식취득결과보고서,2025-06-09,KOSDAQ,3480.0,3425.0,3390.0,3295.0,-0.015804597701149392,-0.025862068965517238,-0.053160919540229834,
1096228,20220705000017,00564562,엠씨넥스,097520,주요사항보고서(자기주식취득신탁계약체결결정),2022-07-05,KOSPI,31400.0,31150.0,31200.0,30050.0,-0.0079617834394905,-0.006369426751592355,-0.042993630573248454,
1009522,20230105000455,00564562,엠씨넥스,097520,주요사항보고서(자기주식취득신탁계약해지결정),2023-01-05,KOSPI,27700.0,28200.0,28650.0,29400.0,0.018050541516245522,0.03429602888086647,0.06137184115523464,
1009337,20230106000081,00564562,엠씨넥스,097520,주요사항보고서(자기주식취득결정),2023-01-06,KOSPI,28200.0,28650.0,28450.0,28850.0,0.015957446808510634,0.00886524822695045,0.023049645390070816,
921152,20230410003067,00564562,엠씨넥스,097520,자기주식취득결과보고서,2023-04-10,KOSPI,31500.0,31800.0,33250.0,32200.0,0.00952380952380949,0.05555555555555558,0.022222222222222143,
728171,20240314000209,00564562,엠씨넥스,097520,주요사항보고서(자기주식취득결정),2024-03-14,KOSPI,24950.0,25100.0,25100.0,25050.0,0.006012024048096087,0.006012024048096087,0.004008016032064132,
655418,20240503000436,00564562,엠씨넥스,097520,자기주식취득결과보고서,2024-05-03,KOSPI,26200.0,26650.0,26600.0,25850.0,0.01717557251908386,0.01526717557251911,-0.013358778625954248,
619862,20240708000187,00564562,엠씨넥스,097520,주요사항보고서(자기주식취득결정),2024-07-08,KOSPI,22200.0,22500.0,22650.0,22750.0,0.013513513513513598,0.020270270270270174,0.024774774774774855,
605711,20240809000596,00564562,엠씨넥스,097520,자기주식취득결과보고서,2024-08-09,KOSPI,18690.0,19440.0,19250.0,19830.0,0.0401284109149278,0.029962546816479474,0.0609951845906902,
562221,20241104000031,00564562,엠씨넥스,097520,주요사항보고서(자기주식취득결정),2024-11-04,KOSPI,17800.0,18550.0,18980.0,18700.0,0.042134831460674205,0.06629213483146068,0.050561797752809,
537696,20241213000441,00564562,엠씨넥스,097520,자기주식취득결과보고서,2024-12-13,KOSPI,20250.0,20700.0,20750.0,20450.0,0.022222222222222143,0.024691358024691468,0.009876543209876631,
520982,20250120000028,00564562,엠씨넥스,097520,주요사항보고서(자기주식취득결정),2025-01-20,KOSPI,22700.0,23350.0,23050.0,23050.0,0.028634361233480066,0.01541850220264318,0.01541850220264318,
469083,20250321001384,00564562,엠씨넥스,097520,자기주식취득결과보고서,2025-03-21,KOSPI,24250.0,24800.0,24850.0,24000.0,0.02268041237113394,0.024742268041237025,-0.010309278350515427,
330079,20250925000210,00564562,엠씨넥스,097520,주요사항보고서(자기주식취득결정),2025-09-25,KOSPI,28350.0,28000.0,28550.0,29800.0,-0.012345679012345734,0.007054673721340388,0.051146384479717755,
308167,20251114001446,00564562,엠씨넥스,097520,자기주식취득결과보고서,2025-11-14,KOSPI,26050.0,26200.0,25000.0,25350.0,0.0057581573896352545,-0.040307101727447225,-0.026871401151631447,
123919,20260602000125,00564562,엠씨넥스,097520,주요사항보고서(자기주식취득결정),2026-06-02,KOSPI,21500.0,21200.0,20600.0,20550.0,-0.013953488372092981,-0.041860465116279055,-0.04418604651162794,
1096147,20220705000091,00292434,인트론바이오,048530,주요사항보고서(자기주식취득신탁계약체결결정),2022-07-05,KOSDAQ,9330.0,9450.0,9730.0,10200.0,0.012861736334405238,0.04287245444801724,0.09324758842443726,
1061373,20220920000058,00292434,인트론바이오,048530,주요사항보고서(자기주식취득신탁계약체결결정),2022-09-20,KOSDAQ,10300.0,10200.0,10050.0,10100.0,-0.009708737864077666,-0.024271844660194164,-0.01941747572815533,
1026386,20221202000111,00292434,인트론바이오,048530,주요사항보고서(자기주식취득신탁계약체결결정),2022-12-02,KOSDAQ,8780.0,9250.0,9150.0,9240.0,0.05353075170842825,0.04214123006833703,0.05239179954441919,
853301,20230803000383,00292434,인트론바이오,048530,주요사항보고서(자기주식취득신탁계약해지결정),2023-08-03,KOSDAQ,6120.0,6040.0,6090.0,6290.0,-0.013071895424836555,-0.004901960784313708,0.02777777777777768,
853299,20230803000387,00292434,인트론바이오,048530,주요사항보고서(자기주식취득신탁계약해지결정),2023-08-03,KOSDAQ,6120.0,6040.0,6090.0,6290.0,-0.013071895424836555,-0.004901960784313708,0.02777777777777768,
630362,20240619000039,00292434,인트론바이오,048530,주요사항보고서(자기주식취득신탁계약체결결정),2024-06-19,KOSDAQ,6000.0,6210.0,6240.0,6190.0,0.03499999999999992,0.040000000000000036,0.03166666666666673,
574821,20241002000302,00292434,인트론바이오,048530,주요사항보고서(자기주식취득신탁계약체결결정),2024-10-02,KOSDAQ,5660.0,6060.0,6090.0,5960.0,0.07067137809187285,0.07597173144876335,0.053003533568904526,
542060,20241209000163,00292434,인트론바이오,048530,주요사항보고서(자기주식취득신탁계약체결결정),2024-12-09,KOSDAQ,4460.0,4750.0,5150.0,5850.0,0.06502242152466375,0.1547085201793721,0.311659192825112,
426496,20250409002314,00292434,인트론바이오,048530,주요사항보고서(자기주식취득신탁계약해지결정),2025-04-09,KOSDAQ,3575.0,3800.0,4025.0,4100.0,0.06293706293706292,0.12587412587412583,0.14685314685314688,
426494,20250409002324,00292434,인트론바이오,048530,주요사항보고서(자기주식취득신탁계약해지결정),2025-04-09,KOSDAQ,3575.0,3800.0,4025.0,4100.0,0.06293706293706292,0.12587412587412583,0.14685314685314688,
383171,20250612000329,00292434,인트론바이오,048530,주요사항보고서(자기주식취득신탁계약해지결정),2025-06-12,KOSDAQ,4350.0,4210.0,4135.0,3950.0,-0.03218390804597704,-0.04942528735632179,-0.09195402298850575,
270176,20260122000300,00292434,인트론바이오,048530,주요사항보고서(자기주식취득신탁계약체결결정),2026-01-22,KOSDAQ,2980.0,3330.0,3470.0,4020.0,0.1174496644295302,0.16442953020134232,0.34899328859060397,
58868,20260402002903,00292434,인트론바이오,048530,주요사항보고서(자기주식취득신탁계약해지결정),2026-04-02,KOSDAQ,3715.0,3725.0,3655.0,3690.0,0.0026917900403768957,-0.016150740242261152,-0.006729475100942128,
1095472,20220706000230,00604426,인터로조,119610,주요사항보고서(자기주식취득신탁계약체결결정),2022-07-06,KOSDAQ,19373.0,19265.0,19337.0,20566.0,-0.005574769008413805,-0.0018582563361378979,0.061580550250348365,
1063495,20220914000064,00604426,인터로조,119610,주요사항보고서(자기주식취득신탁계약체결결정),2022-09-14,KOSDAQ,20277.0,19807.0,19590.0,19228.0,-0.02317897124821222,-0.03388075159047199,-0.051733491147605615,
1047670,20221025000272,00604426,인터로조,119610,주요사항보고서(자기주식취득신탁계약체결결정),2022-10-25,KOSDAQ,18253.0,17783.0,17783.0,18108.0,-0.025749191913657987,-0.025749191913657987,-0.007943899632937068,
1008861,20230106000645,00604426,인터로조,119610,주요사항보고서(자기주식취득신탁계약해지결정),2023-01-06,KOSDAQ,20385.0,20963.0,20963.0,21000.0,0.02835418199656603,0.02835418199656603,0.030169242089771897,
402433,20250513000338,00604426,인터로조,119610,주요사항보고서(자기주식취득결정),2025-05-13,KOSDAQ,16640.0,16350.0,17910.0,17230.0,-0.01742788461538458,0.07632211538461542,0.03545673076923084,
381980,20250616000191,00604426,인터로조,119610,자기주식취득결과보고서,2025-06-16,KOSDAQ,16620.0,17020.0,16770.0,16400.0,0.024067388688327362,0.00902527075812265,-0.013237063778580027,
370306,20250710000112,00604426,인터로조,119610,주요사항보고서(자기주식취득신탁계약체결결정),2025-07-10,KOSDAQ,17200.0,18430.0,18920.0,19710.0,0.07151162790697674,0.10000000000000009,0.14593023255813953,
347101,20250821000339,00604426,인터로조,119610,주요사항보고서(자기주식취득신탁계약해지결정),2025-08-21,KOSDAQ,18440.0,17950.0,18000.0,18000.0,-0.026572668112798237,-0.02386117136659438,-0.02386117136659438,
303706,20251124000071,00604426,인터로조,119610,주요사항보고서(자기주식취득신탁계약체결결정),2025-11-24,KOSDAQ,15350.0,15620.0,15600.0,17520.0,0.017589576547231367,0.016286644951140072,0.1413680781758957,
3186,20260522000348,00604426,인터로조,119610,주요사항보고서(자기주식취득신탁계약해지결정),2026-05-22,KOSDAQ,22150.0,21650.0,21450.0,19470.0,-0.02257336343115124,-0.03160270880361171,-0.12099322799097068,
1095292,20220706000396,01067516,골프존,215000,주요사항보고서(자기주식취득신탁계약체결결정),2022-07-06,KOSDAQ,133400.0,139000.0,139900.0,137900.0,0.04197901049475261,0.04872563718140932,0.033733133433283324,
628041,20240624000316,01067516,골프존,215000,주요사항보고서(자기주식취득신탁계약체결결정),2024-06-24,KOSDAQ,76500.0,76700.0,77600.0,77000.0,0.002614379084967311,0.01437908496732021,0.006535947712418277,
1095282,20220706000416,01080252,넥스틴,348210,주요사항보고서(자기주식취득결정),2022-07-06,KOSDAQ,54300.0,57500.0,59000.0,60700.0,0.058931860036832484,0.0865561694290975,0.11786372007366475,
1053018,20221011000458,01080252,넥스틴,348210,자기주식취득결과보고서,2022-10-11,KOSDAQ,44800.0,47900.0,48000.0,48050.0,0.0691964285714286,0.0714285714285714,0.0725446428571428,
583019,20240911000067,01080252,넥스틴,348210,주요사항보고서(자기주식취득결정),2024-09-11,KOSDAQ,43100.0,45000.0,44500.0,45750.0,0.044083526682134666,0.03248259860788871,0.061484918793503374,
539124,20241212000653,01080252,넥스틴,348210,자기주식취득결과보고서,2024-12-12,KOSDAQ,51000.0,51000.0,52500.0,50900.0,0.0,0.02941176470588225,-0.0019607843137254832,
379247,20250623000152,01080252,넥스틴,348210,주요사항보고서(자기주식취득결정),2025-06-23,KOSDAQ,49850.0,50900.0,51800.0,50700.0,0.02106318956870612,0.03911735205616851,0.01705115346038122,
361998,20250730000321,01080252,넥스틴,348210,자기주식취득결과보고서,2025-07-30,KOSDAQ,46950.0,47450.0,45850.0,46950.0,0.010649627263045858,-0.023429179978700754,0.0,
1095280,20220706900456,00674498,골프존홀딩스,121440,주요사항보고서(자기주식취득신탁계약체결결정)(자회사의 주요경영사항),2022-07-06,KOSDAQ,6990.0,7030.0,7050.0,6830.0,0.005722460658083017,0.008583690987124415,-0.022889842632331958,
965662,20230316001215,00674498,골프존홀딩스,121440,주요사항보고서(자기주식취득신탁계약체결결정),2023-03-16,KOSDAQ,4770.0,5000.0,4990.0,4925.0,0.048218029350104885,0.04612159329140453,0.032494758909853205,
628056,20240624000308,00674498,골프존홀딩스,121440,주요사항보고서(자기주식취득신탁계약체결결정),2024-06-24,KOSDAQ,3570.0,3760.0,3805.0,3940.0,0.053221288515406195,0.06582633053221287,0.10364145658263313,
628023,20240624900523,00674498,골프존홀딩스,121440,주요사항보고서(자기주식취득신탁계약체결결정)(자회사의 주요경영사항),2024-06-24,KOSDAQ,3570.0,3760.0,3805.0,3940.0,0.053221288515406195,0.06582633053221287,0.10364145658263313,
479812,20250313001149,00674498,골프존홀딩스,121440,주요사항보고서(자기주식취득신탁계약체결결정),2025-03-13,KOSDAQ,3540.0,4000.0,4150.0,4030.0,0.12994350282485878,0.17231638418079087,0.1384180790960452,
1093468,20220711000399,00365457,제이티,089790,주요사항보고서(자기주식취득신탁계약체결결정),2022-07-11,KOSDAQ,6850.0,6950.0,7100.0,7150.0,0.014598540145985384,0.03649635036496357,0.04379562043795615,
944350,20230331002805,00365457,제이티,089790,주요사항보고서(자기주식취득신탁계약해지결정),2023-03-31,KOSDAQ,9040.0,8920.0,8720.0,8930.0,-0.013274336283185861,-0.03539823008849563,-0.012168141592920345,
1092860,20220712000424,00141556,오로라,039830,주요사항보고서(자기주식취득결정),2022-07-12,KOSDAQ,7750.0,8080.0,8260.0,8340.0,0.04258064516129023,0.06580645161290333,0.07612903225806456,
1064224,20220908000549,00141556,오로라,039830,자기주식취득결과보고서,2022-09-08,KOSDAQ,8210.0,8330.0,8170.0,7870.0,0.014616321559074219,-0.00487210718635811,-0.04141291108404388,
829499,20230912000405,00141556,오로라,039830,주요사항보고서(자기주식취득결정),2023-09-12,KOSDAQ,6600.0,6810.0,6960.0,6810.0,0.031818181818181746,0.05454545454545445,0.031818181818181746,
808622,20231106000257,00141556,오로라,039830,자기주식취득결과보고서,2023-11-06,KOSDAQ,6770.0,6780.0,6820.0,6760.0,0.001477104874446189,0.007385524372230501,-0.001477104874446078,
684858,20240405003417,00141556,오로라,039830,주요사항보고서(자기주식취득결정),2024-04-05,KOSDAQ,6640.0,6770.0,6820.0,6790.0,0.01957831325301207,0.027108433734939652,0.02259036144578319,
646536,20240520000219,00141556,오로라,039830,자기주식취득결과보고서,2024-05-20,KOSDAQ,6910.0,6810.0,6920.0,6840.0,-0.01447178002894356,0.0014471780028944004,-0.01013024602026047,
519614,20250122000325,00141556,오로라,039830,주요사항보고서(자기주식취득결정),2025-01-22,KOSDAQ,5850.0,6200.0,6480.0,6500.0,0.05982905982905984,0.10769230769230775,0.11111111111111116,
455278,20250331002847,00141556,오로라,039830,자기주식취득결과보고서,2025-03-31,KOSDAQ,5950.0,6150.0,6040.0,5720.0,0.03361344537815136,0.015126050420168013,-0.03865546218487392,
1092396,20220713000236,00531014,유진테크,084370,주요사항보고서(자기주식취득결정),2022-07-13,KOSDAQ,28900.0,29550.0,29500.0,31100.0,0.02249134948096887,0.02076124567474058,0.0761245674740485,
1062642,20220915000357,00531014,유진테크,084370,자기주식취득결과보고서,2022-09-15,KOSDAQ,25850.0,25300.0,24900.0,22950.0,-0.021276595744680882,-0.03675048355899424,-0.11218568665377171,
1092170,20220714000031,01258710,이노메트리,302430,주요사항보고서(자기주식취득신탁계약체결결정),2022-07-14,KOSDAQ,10500.0,10650.0,10850.0,11150.0,0.014285714285714235,0.03333333333333344,0.06190476190476191,
1006045,20230113000447,01258710,이노메트리,302430,주요사항보고서(자기주식취득신탁계약해지결정),2023-01-13,KOSDAQ,13450.0,13500.0,13400.0,13650.0,0.0037174721189590088,-0.0037174721189591198,0.014869888475836479,
29561,20260414001763,01258710,이노메트리,302430,주요사항보고서(자기주식취득신탁계약체결결정),2026-04-14,KOSDAQ,7270.0,7320.0,7830.0,8080.0,0.00687757909215958,0.07702888583218703,0.11141678129298493,
1092152,20220714000045,01199727,샘씨엔에스,252990,주요사항보고서(자기주식취득신탁계약체결결정),2022-07-14,KOSDAQ,4845.0,5060.0,4990.0,5060.0,0.044375644994840036,0.029927760577915352,0.044375644994840036,
1091906,20220714000367,00255275,HB테크놀러지,078150,주요사항보고서(자기주식취득신탁계약체결결정),2022-07-14,KOSDAQ,2190.0,1920.0,2005.0,2000.0,-0.12328767123287676,-0.08447488584474883,-0.08675799086757996,
1006038,20230113000446,00255275,HB테크놀러지,078150,주요사항보고서(자기주식취득신탁계약해지결정),2023-01-13,KOSDAQ,1955.0,1945.0,1930.0,1965.0,-0.005115089514066473,-0.012787723785166238,0.005115089514066584,
1091407,20220715000200,01435489,범한퓨얼셀,382900,주요사항보고서(자기주식취득결정),2022-07-15,KOSDAQ,28850.0,29600.0,29700.0,30400.0,0.025996533795493937,0.029462738301559765,0.05372616984402079,
1071966,20220826000439,01435489,범한퓨얼셀,382900,자기주식취득결과보고서,2022-08-26,KOSDAQ,41050.0,41100.0,40000.0,37350.0,0.0012180267965895553,-0.025578562728379994,-0.09013398294762487,
1055771,20221004000196,01435489,범한퓨얼셀,382900,주요사항보고서(자기주식취득결정),2022-10-04,KOSDAQ,27050.0,26300.0,27900.0,27800.0,-0.027726432532347522,0.031423290203327126,0.02772643253234741,
1034387,20221118000519,01435489,범한퓨얼셀,382900,자기주식취득결과보고서,2022-11-18,KOSDAQ,29650.0,28550.0,28450.0,28850.0,-0.03709949409780777,-0.0404721753794266,-0.026981450252951067,
1091127,20220715000459,00158963,유나이티드,033270,주요사항보고서(자기주식취득신탁계약체결결정),2022-07-15,KOSPI,24600.0,25450.0,26250.0,25600.0,0.03455284552845539,0.06707317073170738,0.04065040650406515,
861903,20230714000437,00158963,유나이티드,033270,주요사항보고서(자기주식취득신탁계약해지결정),2023-07-14,KOSPI,25000.0,24650.0,26650.0,27900.0,-0.014000000000000012,0.06600000000000006,0.1160000000000001,
469233,20250321001180,00158963,유나이티드,033270,주요사항보고서(자기주식취득신탁계약체결결정),2025-03-21,KOSPI,19740.0,20850.0,20450.0,19750.0,0.05623100303951367,0.03596757852077004,0.0005065856129686797,
329637,20250925000621,00158963,유나이티드,033270,주요사항보고서(자기주식취득신탁계약해지결정),2025-09-25,KOSPI,19450.0,18950.0,18920.0,19070.0,-0.02570694087403602,-0.027249357326478152,-0.01953727506426739,
1090228,20220719000261,00244747,파크시스템스,140860,주요사항보고서(자기주식취득신탁계약체결결정),2022-07-19,KOSDAQ,94100.0,96800.0,99500.0,97600.0,0.02869287991498415,0.057385759829968075,0.037194473963868324,
1089982,20220720000039,00133511,SG세계물산,004060,주요사항보고서(자기주식취득신탁계약체결결정),2022-07-20,KOSPI,5780.0,5930.0,5820.0,5850.0,0.02595155709342567,0.006920415224913601,0.01211072664359869,
1003880,20230119000411,00133511,SG세계물산,004060,주요사항보고서(자기주식취득신탁계약해지결정),2023-01-19,KOSPI,5660.0,5660.0,5740.0,5700.0,0.0,0.014134275618374659,0.007067137809187329,
440248,20250404000588,00133511,SG세계물산,004060,주요사항보고서(자기주식취득신탁계약체결결정),2025-04-04,KOSPI,3180.0,3120.0,3140.0,3180.0,-0.018867924528301883,-0.012578616352201255,0.0,
324815,20251010000185,00133511,SG세계물산,004060,주요사항보고서(자기주식취득신탁계약해지결정),2025-10-10,KOSPI,3120.0,3140.0,3120.0,3120.0,0.0064102564102563875,0.0,0.0,
1089844,20220720000187,00204226,소프트센,032680,주요사항보고서(자기주식취득신탁계약체결결정),2022-07-20,KOSDAQ,3755.0,3905.0,3755.0,3865.0,0.03994673768308932,0.0,0.02929427430093212,
1003567,20230120000247,00204226,소프트센,032680,주요사항보고서(자기주식취득신탁계약해지결정),2023-01-20,KOSDAQ,3225.0,3390.0,3405.0,3715.0,0.051162790697674376,0.05581395348837215,0.15193798449612395,
1089479,20220721000074,00132202,선진뷰티사이언스,086710,주요사항보고서(자기주식취득결정),2022-07-21,KOSDAQ,6210.0,6390.0,6320.0,6140.0,0.02898550724637672,0.017713365539452575,-0.011272141706924366,
1060914,20220921000019,00132202,선진뷰티사이언스,086710,자기주식취득결과보고서,2022-09-21,KOSDAQ,6100.0,6150.0,5950.0,5020.0,0.008196721311475308,-0.024590163934426257,-0.17704918032786887,
1089155,20220721000463,00574611,SDN,099220,주요사항보고서(자기주식취득결정),2022-07-21,KOSDAQ,2540.0,2585.0,2475.0,2660.0,0.017716535433070835,-0.025590551181102317,0.04724409448818889,
1054746,20221006000201,00574611,SDN,099220,자기주식취득결과보고서,2022-10-06,KOSDAQ,2240.0,2195.0,2050.0,2005.0,-0.0200892857142857,-0.0848214285714286,-0.1049107142857143,
1088062,20220725000051,00657002,에이디테크놀로지,200710,주요사항보고서(자기주식취득신탁계약체결결정),2022-07-25,KOSDAQ,14050.0,14250.0,14350.0,14400.0,0.014234875444839812,0.021352313167259718,0.02491103202846978,
1008481,20230109000192,00657002,에이디테크놀로지,200710,주요사항보고서(자기주식취득신탁계약체결결정),2023-01-09,KOSDAQ,13650.0,13600.0,13500.0,14500.0,-0.00366300366300365,-0.01098901098901095,0.06227106227106227,
613528,20240724000110,00657002,에이디테크놀로지,200710,주요사항보고서(자기주식취득신탁계약체결결정),2024-07-24,KOSDAQ,23000.0,21450.0,21100.0,22000.0,-0.06739130434782614,-0.08260869565217388,-0.04347826086956519,
1087785,20220725000310,01013311,헥토이노베이션,214180,주요사항보고서(자기주식취득신탁계약체결결정),2022-07-25,KOSDAQ,15300.0,15500.0,15600.0,14900.0,0.013071895424836555,0.019607843137254832,-0.02614379084967322,
870184,20230628000254,01013311,헥토이노베이션,214180,주요사항보고서(자기주식취득신탁계약체결결정),2023-06-28,KOSDAQ,12840.0,12860.0,13090.0,13240.0,0.0015576323987538387,0.01947040498442365,0.031152647975077885,
372914,20250703000069,01013311,헥토이노베이션,214180,주요사항보고서(자기주식취득신탁계약체결결정),2025-07-03,KOSDAQ,14690.0,14260.0,14680.0,15370.0,-0.029271613342409797,-0.000680735194009574,0.04628999319264815,
335320,20250911000199,01013311,헥토이노베이션,214180,주요사항보고서(자기주식취득신탁계약해지결정),2025-09-11,KOSDAQ,17800.0,18050.0,18310.0,17810.0,0.014044943820224809,0.028651685393258353,0.0005617977528089568,
335246,20250911000230,01013311,헥토이노베이션,214180,주요사항보고서(자기주식취득신탁계약체결결정),2025-09-11,KOSDAQ,17800.0,18050.0,18310.0,17810.0,0.014044943820224809,0.028651685393258353,0.0005617977528089568,
1087743,20220725000330,00105280,현대지에프홀딩스,005440,주요사항보고서(자기주식취득신탁계약체결결정),2022-07-25,KOSPI,5038.0,5111.0,5091.0,5117.0,0.01448987693529169,0.010520047637951668,0.015680825724493808,
1087742,20220725000332,00105280,현대지에프홀딩스,005440,주요사항보고서(자기주식취득신탁계약체결결정),2022-07-25,KOSPI,5038.0,5111.0,5091.0,5117.0,0.01448987693529169,0.010520047637951668,0.015680825724493808,
793497,20231129001432,00105280,현대지에프홀딩스,005440,주요사항보고서(자기주식취득신탁계약해지결정),2023-11-29,KOSPI,3725.0,3800.0,3785.0,3760.0,0.020134228187919545,0.016107382550335503,0.00939597315436247,
793496,20231129001434,00105280,현대지에프홀딩스,005440,주요사항보고서(자기주식취득신탁계약해지결정),2023-11-29,KOSPI,3725.0,3800.0,3785.0,3760.0,0.020134228187919545,0.016107382550335503,0.00939597315436247,
560814,20241107800155,00105280,현대지에프홀딩스,005440,주요사항보고서(자기주식취득결정)(자회사의 주요경영사항),2024-11-07,KOSPI,4980.0,4920.0,4830.0,4675.0,-0.012048192771084376,-0.030120481927710885,-0.0612449799196787,
517878,20250124800285,00105280,현대지에프홀딩스,005440,주요사항보고서(자기주식취득결정)(자회사의 주요경영사항),2025-01-24,KOSPI,4895.0,4885.0,4765.0,5130.0,-0.002042900919305368,-0.026557711950970342,0.04800817160367732,
500736,20250221800415,00105280,현대지에프홀딩스,005440,주요사항보고서(자기주식취득결정)(자회사의 주요경영사항),2025-02-21,KOSPI,5480.0,5770.0,5750.0,5450.0,0.05291970802919699,0.0492700729927007,-0.005474452554744547,
404584,20250508800286,00105280,현대지에프홀딩스,005440,주요사항보고서(자기주식취득결정)(자회사의 주요경영사항),2025-05-08,KOSPI,5620.0,5580.0,5970.0,6200.0,-0.007117437722419906,0.06227758007117434,0.10320284697508897,
403777,20250509800456,00105280,현대지에프홀딩스,005440,주요사항보고서(자기주식취득결정)(자회사의 주요경영사항),2025-05-09,KOSPI,5580.0,5970.0,6030.0,6550.0,0.06989247311827951,0.08064516129032251,0.1738351254480286,
358845,20250805800448,00105280,현대지에프홀딩스,005440,주요사항보고서(자기주식취득결정)(자회사의 주요경영사항),2025-08-05,KOSPI,8350.0,8760.0,8570.0,8110.0,0.049101796407185594,0.026347305389221587,-0.028742514970059863,
314839,20251104800280,00105280,현대지에프홀딩스,005440,주요사항보고서(자기주식취득결정)(자회사의 주요경영사항),2025-11-04,KOSPI,7720.0,7520.0,8160.0,8470.0,-0.025906735751295318,0.05699481865284972,0.09715025906735741,
258084,20260209800678,00105280,현대지에프홀딩스,005440,주요사항보고서(자기주식취득결정)(자회사의 주요경영사항),2026-02-09,KOSPI,10420.0,10670.0,12100.0,14500.0,0.02399232245681393,0.1612284069097889,0.3915547024952015,
255937,20260211000412,00105280,현대지에프홀딩스,005440,주요사항보고서(자기주식취득결정),2026-02-11,KOSPI,12100.0,13930.0,14420.0,15600.0,0.1512396694214877,0.19173553719008263,0.28925619834710736,
255949,20260211800434,00105280,현대지에프홀딩스,005440,주요사항보고서(자기주식취득결정)(자회사의 주요경영사항),2026-02-11,KOSPI,12100.0,13930.0,14420.0,15600.0,0.1512396694214877,0.19173553719008263,0.28925619834710736,
26795,20260417000188,00105280,현대지에프홀딩스,005440,자기주식취득결과보고서,2026-04-17,KOSPI,14080.0,14230.0,15280.0,14800.0,0.010653409090909172,0.08522727272727271,0.051136363636363535,
15540,20260506800797,00105280,현대지에프홀딩스,005440,주요사항보고서(자기주식취득결정)(자회사의 주요경영사항),2026-05-06,KOSPI,15050.0,14770.0,14880.0,14720.0,-0.018604651162790753,-0.011295681063122953,-0.021926910299003288,
1087476,20220726000157,00825959,하이비젼시스템,126700,주요사항보고서(자기주식취득신탁계약체결결정),2022-07-26,KOSDAQ,15900.0,16800.0,16700.0,16500.0,0.05660377358490565,0.05031446540880502,0.037735849056603765,
828742,20230914000091,00825959,하이비젼시스템,126700,주요사항보고서(자기주식취득신탁계약체결결정),2023-09-14,KOSDAQ,20050.0,19850.0,19650.0,18630.0,-0.009975062344139696,-0.01995012468827928,-0.0708229426433915,
813864,20231025000232,00825959,하이비젼시스템,126700,주요사항보고서(자기주식취득신탁계약체결결정),2023-10-25,KOSDAQ,18210.0,17840.0,18300.0,18850.0,-0.02031850631521137,0.0049423393739702615,0.03514552443712238,
767461,20240123000177,00825959,하이비젼시스템,126700,주요사항보고서(자기주식취득신탁계약체결결정),2024-01-23,KOSDAQ,19160.0,18950.0,18650.0,19410.0,-0.01096033402922758,-0.02661795407098122,0.013048016701461274,
552814,20241120000095,00825959,하이비젼시스템,126700,주요사항보고서(자기주식취득신탁계약체결결정),2024-11-20,KOSDAQ,16100.0,16250.0,16050.0,16280.0,0.009316770186335477,-0.0031055900621117516,0.011180124223602483,
1086940,20220727000172,00165413,롯데케미칼,011170,주요사항보고서(자기주식취득신탁계약체결결정),2022-07-27,KOSPI,164307.0,168594.0,168117.0,169546.0,0.026091402070514302,0.02318829995070204,0.031885433974206734,
996217,20230208000559,00165413,롯데케미칼,011170,주요사항보고서(자기주식취득신탁계약해지결정),2023-02-08,KOSPI,173200.0,174200.0,174200.0,173700.0,0.005773672055427337,0.005773672055427337,0.0028868360277136684,
812909,20231026000359,00165413,롯데케미칼,011170,주요사항보고서(자기주식취득신탁계약체결결정),2023-10-26,KOSPI,135100.0,136600.0,146100.0,148900.0,0.011102886750555152,0.08142116950407097,0.10214655810510731,
652886,20240510000512,00165413,롯데케미칼,011170,주요사항보고서(자기주식취득신탁계약해지결정),2024-05-10,KOSPI,108600.0,111700.0,117500.0,121700.0,0.028545119705340793,0.08195211786372014,0.12062615101289142,
1086935,20220727800264,00120562,롯데지주,004990,주요사항보고서(자기주식취득신탁계약체결결정)(자회사의 주요경영사항),2022-07-27,KOSPI,37150.0,37250.0,37350.0,37150.0,0.0026917900403768957,0.0053835800807537915,0.0,
996207,20230208800939,00120562,롯데지주,004990,주요사항보고서(자기주식취득신탁계약해지결정)(자회사의 주요경영사항),2023-02-08,KOSPI,32250.0,31600.0,31450.0,30850.0,-0.020155038759689936,-0.024806201550387597,-0.04341085271317835,
812867,20231026800599,00120562,롯데지주,004990,주요사항보고서(자기주식취득신탁계약체결결정)(자회사의 주요경영사항),2023-10-26,KOSPI,25300.0,25100.0,25850.0,26350.0,-0.007905138339920903,0.021739130434782705,0.04150197628458496,
652873,20240510800400,00120562,롯데지주,004990,주요사항보고서(자기주식취득신탁계약해지결정)(자회사의 주요경영사항),2024-05-10,KOSPI,27200.0,26850.0,26850.0,26550.0,-0.012867647058823484,-0.012867647058823484,-0.023897058823529438,
1086322,20220728000214,00148993,하이트진로홀딩스,000140,주요사항보고서(자기주식취득신탁계약체결결정),2022-07-28,KOSPI,11500.0,11650.0,11750.0,11800.0,0.01304347826086949,0.021739130434782705,0.026086956521739202,
1058769,20220927000180,00148993,하이트진로홀딩스,000140,주요사항보고서(자기주식취득신탁계약체결결정),2022-09-27,KOSPI,10300.0,10000.0,9910.0,10100.0,-0.029126213592232997,-0.03786407766990296,-0.01941747572815533,
1058768,20220927000183,00148993,하이트진로홀딩스,000140,주요사항보고서(자기주식취득신탁계약체결결정),2022-09-27,KOSPI,10300.0,10000.0,9910.0,10100.0,-0.029126213592232997,-0.03786407766990296,-0.01941747572815533,
949294,20230330000707,00148993,하이트진로홀딩스,000140,주요사항보고서(자기주식취득신탁계약체결결정),2023-03-30,KOSPI,9250.0,9280.0,9440.0,9300.0,0.00324324324324321,0.020540540540540553,0.00540540540540535,
97853,20260312001082,00148993,하이트진로홀딩스,000140,주요사항보고서(자기주식취득신탁계약해지결정),2026-03-12,KOSPI,9170.0,9130.0,9030.0,9070.0,-0.004362050163576936,-0.01526717557251911,-0.010905125408942173,
1084329,20220802000328,00490151,파트론,091700,주요사항보고서(자기주식취득결정),2022-08-02,KOSDAQ,8370.0,8780.0,8790.0,8600.0,0.04898446833930703,0.05017921146953408,0.027479091995221028,
1060215,20220922000311,00490151,파트론,091700,자기주식취득결과보고서,2022-09-22,KOSDAQ,8030.0,8080.0,7950.0,7760.0,0.0062266500622665255,-0.00996264009962644,-0.03362391033623913,
1057044,20220929000596,00490151,파트론,091700,주요사항보고서(자기주식취득결정),2022-09-29,KOSDAQ,7760.0,7590.0,7990.0,8150.0,-0.021907216494845394,0.029639175257731853,0.05025773195876293,
1034406,20221118000506,00490151,파트론,091700,자기주식취득결과보고서,2022-11-18,KOSDAQ,8930.0,8900.0,8790.0,8850.0,-0.0033594624860022737,-0.015677491601343796,-0.00895856662933936,
1026171,20221202000439,00490151,파트론,091700,주요사항보고서(자기주식취득결정),2022-12-02,KOSDAQ,8510.0,8700.0,8610.0,8880.0,0.02232667450058745,0.011750881316098694,0.04347826086956519,
989626,20230220002194,00490151,파트론,091700,자기주식취득결과보고서,2023-02-20,KOSDAQ,8420.0,8410.0,8200.0,8050.0,-0.001187648456057011,-0.026128266033254133,-0.0439429928741093,
908631,20230414002516,00490151,파트론,091700,주요사항보고서(자기주식취득결정),2023-04-14,KOSDAQ,8270.0,8170.0,8200.0,7960.0,-0.01209189842805325,-0.008464328899637219,-0.037484885126964906,
861394,20230717000222,00490151,파트론,091700,자기주식취득결과보고서,2023-07-17,KOSDAQ,9160.0,9050.0,8980.0,8340.0,-0.012008733624454093,-0.01965065502183405,-0.08951965065502188,
842982,20230816000231,00490151,파트론,091700,주요사항보고서(자기주식취득결정),2023-08-16,KOSDAQ,7950.0,8080.0,8080.0,8130.0,0.01635220125786163,0.01635220125786163,0.02264150943396226,
814860,20231023000155,00490151,파트론,091700,자기주식취득결과보고서,2023-10-23,KOSDAQ,8610.0,8660.0,8640.0,8720.0,0.005807200929152101,0.0034843205574912606,0.012775842044134622,
704511,20240329003499,00490151,파트론,091700,주요사항보고서(자기주식취득결정),2024-03-29,KOSDAQ,7870.0,8020.0,8000.0,8070.0,0.019059720457433205,0.016518424396442244,0.02541296060991116,
637447,20240531002670,00490151,파트론,091700,자기주식취득결과보고서,2024-05-31,KOSDAQ,7670.0,7720.0,7750.0,7710.0,0.006518904823989535,0.010430247718383301,0.0052151238591917615,
634378,20240610000311,00490151,파트론,091700,주요사항보고서(자기주식취득결정),2024-06-10,KOSDAQ,7710.0,7660.0,7780.0,7790.0,-0.006485084306095956,0.009079118028534339,0.01037613488975353,
619402,20240709000279,00490151,파트론,091700,자기주식취득결과보고서,2024-07-09,KOSDAQ,7590.0,7740.0,7750.0,7690.0,0.01976284584980248,0.021080368906455815,0.013175230566534912,
619329,20240709000346,00490151,파트론,091700,주요사항보고서(자기주식취득결정),2024-07-09,KOSDAQ,7590.0,7740.0,7750.0,7690.0,0.01976284584980248,0.021080368906455815,0.013175230566534912,
607767,20240806000245,00490151,파트론,091700,자기주식취득결과보고서,2024-08-06,KOSDAQ,7240.0,7240.0,7120.0,7370.0,0.0,-0.016574585635359074,0.017955801104972302,
597128,20240819000197,00490151,파트론,091700,주요사항보고서(자기주식취득결정),2024-08-19,KOSDAQ,7430.0,7520.0,7540.0,7470.0,0.01211305518169592,0.014804845222072593,0.0053835800807537915,
580403,20240919000219,00490151,파트론,091700,자기주식취득결과보고서,2024-09-19,KOSDAQ,7220.0,7440.0,7500.0,7450.0,0.030470914127423754,0.03878116343490312,0.03185595567867039,
580312,20240919000285,00490151,파트론,091700,주요사항보고서(자기주식취득결정),2024-09-19,KOSDAQ,7220.0,7440.0,7500.0,7450.0,0.030470914127423754,0.03878116343490312,0.03185595567867039,
558615,20241112000328,00490151,파트론,091700,자기주식취득결과보고서,2024-11-12,KOSDAQ,6900.0,6780.0,6940.0,7100.0,-0.017391304347826098,0.005797101449275255,0.02898550724637672,
397971,20250515002514,00490151,파트론,091700,주요사항보고서(자기주식취득결정),2025-05-15,KOSDAQ,6680.0,6730.0,6600.0,6500.0,0.007485029940119681,-0.0119760479041916,-0.026946107784431184,
373264,20250702000378,00490151,파트론,091700,자기주식취득결과보고서,2025-07-02,KOSDAQ,6380.0,6470.0,6480.0,6410.0,0.014106583072100332,0.01567398119122254,0.004702194357366851,
358810,20250805000286,00490151,파트론,091700,주요사항보고서(자기주식취득결정),2025-08-05,KOSDAQ,6290.0,6410.0,6530.0,6490.0,0.019077901430842648,0.038155802861685295,0.031796502384737746,
326143,20251001000526,00490151,파트론,091700,자기주식취득결과보고서,2025-10-01,KOSDAQ,6480.0,6490.0,6760.0,,0.0015432098765431057,0.043209876543209846,,
1083706,20220804000094,00668600,케이옥션,102370,주요사항보고서(자기주식취득신탁계약체결결정),2022-08-04,KOSDAQ,7350.0,7410.0,7260.0,7380.0,0.008163265306122547,-0.01224489795918371,0.004081632653061273,
994934,20230210000379,00668600,케이옥션,102370,주요사항보고서(자기주식취득신탁계약체결결정),2023-02-10,KOSDAQ,6940.0,6690.0,6400.0,5820.0,-0.03602305475504319,-0.0778097982708934,-0.16138328530259372,
818031,20231013000408,00668600,케이옥션,102370,주요사항보고서(자기주식취득신탁계약해지결정),2023-10-13,KOSDAQ,3650.0,3515.0,3560.0,3205.0,-0.03698630136986303,-0.024657534246575352,-0.12191780821917808,
1083459,20220804000310,01305249,스톤브릿지벤처스,330730,주요사항보고서(자기주식취득신탁계약체결결정),2022-08-04,KOSDAQ,6730.0,6830.0,6250.0,6130.0,0.014858841010401136,-0.07132243684992567,-0.08915304606240715,
1083310,20220805000058,00544577,브이엠,089970,주요사항보고서(자기주식취득신탁계약체결결정),2022-08-05,KOSDAQ,17100.0,17050.0,17150.0,18050.0,-0.0029239766081871066,0.0029239766081872176,0.05555555555555558,
1083214,20220805000158,00154718,비츠로셀,082920,주요사항보고서(자기주식취득결정),2022-08-05,KOSDAQ,6409.0,6787.0,6762.0,6712.0,0.05897955999375881,0.055078795443906925,0.04727726634420337,
1075601,20220818000080,00154718,비츠로셀,082920,자기주식취득결과보고서,2022-08-18,KOSDAQ,6787.0,6989.0,6712.0,7040.0,0.02976278178871361,-0.011050537792839266,0.037277147487844386,
811829,20231030000054,00154718,비츠로셀,082920,주요사항보고서(자기주식취득신탁계약체결결정),2023-10-30,KOSDAQ,8852.0,8554.0,8675.0,8599.0,-0.03366470854044279,-0.01999548124717576,-0.028581111613194765,
1083206,20220805900260,00103644,비츠로테크,042370,주요사항보고서(자기주식취득결정)(자회사의 주요경영사항),2022-08-05,KOSDAQ,7180.0,7180.0,7170.0,7300.0,0.0,-0.0013927576601671099,0.01671309192200554,
811820,20231030900116,00103644,비츠로테크,042370,주요사항보고서(자기주식취득신탁계약체결결정)(자회사의 주요경영사항),2023-10-30,KOSDAQ,7300.0,7470.0,7610.0,7830.0,0.023287671232876672,0.042465753424657526,0.07260273972602738,
1080853,20220811000310,00105952,LS,006260,주요사항보고서(자기주식취득결정),2022-08-11,KOSPI,62300.0,62900.0,62300.0,64200.0,0.009630818619582593,0.0,0.03049759229534521,
1041117,20221109000391,00105952,LS,006260,자기주식취득결과보고서,2022-11-09,KOSPI,68900.0,67600.0,69000.0,68700.0,-0.018867924528301883,0.0014513788098693414,-0.002902757619738794,
798861,20231121000289,00105952,LS,006260,주요사항보고서(자기주식취득결정),2023-11-21,KOSPI,83000.0,85500.0,85100.0,84700.0,0.030120481927710774,0.025301204819277112,0.02048192771084345,
746147,20240226005402,00105952,LS,006260,자기주식취득결과보고서,2024-02-26,KOSPI,89800.0,87300.0,89200.0,94900.0,-0.027839643652561197,-0.006681514476614692,0.056792873051225046,
1077040,20220816001688,00167192,넥센,005720,주요사항보고서(자기주식취득신탁계약체결결정),2022-08-16,KOSPI,3645.0,3765.0,3760.0,3805.0,0.03292181069958855,0.03155006858710552,0.04389574759945125,
992247,20230215000698,00167192,넥센,005720,주요사항보고서(자기주식취득신탁계약해지결정),2023-02-15,KOSPI,3985.0,4000.0,4030.0,4045.0,0.0037641154328733606,0.01129234629861986,0.015056461731492998,
882944,20230531001684,00167192,넥센,005720,주요사항보고서(자기주식취득신탁계약체결결정),2023-05-31,KOSPI,4385.0,4520.0,4575.0,4570.0,0.03078677309007971,0.04332953249714944,0.04218928164196134,
792222,20231130001161,00167192,넥센,005720,주요사항보고서(자기주식취득신탁계약해지결정),2023-11-30,KOSPI,4215.0,4220.0,4220.0,4200.0,0.0011862396204034287,0.0011862396204034287,-0.003558718861209953,
645336,20240523000136,00167192,넥센,005720,주요사항보고서(자기주식취득신탁계약체결결정),2024-05-23,KOSPI,4500.0,4540.0,4565.0,4435.0,0.008888888888888946,0.014444444444444482,-0.014444444444444482,
551576,20241122000270,00167192,넥센,005720,주요사항보고서(자기주식취득신탁계약해지결정),2024-11-22,KOSPI,4615.0,4605.0,4600.0,4620.0,-0.0021668472372697867,-0.00325027085590468,0.0010834236186347823,
1074421,20220822000146,01419135,이노진,344860,주요사항보고서(자기주식취득결정),2022-08-22,KOSDAQ,7590.0,7580.0,7600.0,7400.0,-0.0013175230566534468,0.0013175230566535578,-0.025032938076416378,
1074401,20220822000166,01419135,이노진,344860,자기주식취득결과보고서,2022-08-22,KOSDAQ,7590.0,7580.0,7600.0,7400.0,-0.0013175230566534468,0.0013175230566535578,-0.025032938076416378,
501965,20250220000425,01419135,이노진,344860,주요사항보고서(자기주식취득결정),2025-02-20,KOSDAQ,1592.0,1647.0,1640.0,1678.0,0.03454773869346739,0.03015075376884413,0.05402010050251249,
457871,20250331000540,01419135,이노진,344860,자기주식취득결과보고서,2025-03-31,KOSDAQ,1566.0,1617.0,1601.0,1702.0,0.03256704980842917,0.022349936143039484,0.0868454661558109,
385223,20250609000026,01419135,이노진,344860,주요사항보고서(자기주식취득결정),2025-06-09,KOSDAQ,2245.0,2330.0,2290.0,2130.0,0.03786191536748329,0.020044543429844186,-0.05122494432071267,
362323,20250730000060,01419135,이노진,344860,자기주식취득결과보고서,2025-07-30,KOSDAQ,1900.0,1896.0,1860.0,1876.0,-0.002105263157894721,-0.021052631578947323,-0.012631578947368438,
5131,20260519000241,01419135,이노진,344860,주요사항보고서(자기주식취득결정),2026-05-19,KOSDAQ,1386.0,1526.0,1500.0,1461.0,0.101010101010101,0.08225108225108224,0.05411255411255422,
1074186,20220822000354,00267854,메디앙스,014100,주요사항보고서(자기주식취득신탁계약체결결정),2022-08-22,KOSDAQ,3770.0,3810.0,3950.0,3860.0,0.010610079575596787,0.04774535809018565,0.023872679045092937,
988428,20230222900346,00267854,메디앙스,014100,자기주식취득신탁계약해지결정,2023-02-22,KOSDAQ,3060.0,3310.0,3170.0,4805.0,0.08169934640522869,0.03594771241830075,0.5702614379084967,
1072985,20220825000071,00303396,한국컴퓨터,054040,주요사항보고서(자기주식취득신탁계약체결결정),2022-08-25,KOSDAQ,3865.0,3910.0,3835.0,3910.0,0.011642949547218562,-0.0077619663648124115,0.011642949547218562,
1023722,20221209000323,00303396,한국컴퓨터,054040,주요사항보고서(자기주식취득신탁계약체결결정),2022-12-09,KOSDAQ,4620.0,4600.0,4620.0,4685.0,-0.0043290043290042934,0.0,0.01406926406926412,
902666,20230427000524,00303396,한국컴퓨터,054040,주요사항보고서(자기주식취득신탁계약체결결정),2023-04-27,KOSDAQ,3965.0,4030.0,4115.0,4230.0,0.016393442622950838,0.03783102143757877,0.06683480453972268,
619910,20240708000103,00303396,한국컴퓨터,054040,주요사항보고서(자기주식취득신탁계약체결결정),2024-07-08,KOSDAQ,5340.0,5450.0,5430.0,5440.0,0.020599250936329527,0.016853932584269593,0.01872659176029967,
580032,20240920000108,00303396,한국컴퓨터,054040,주요사항보고서(자기주식취득신탁계약체결결정),2024-09-20,KOSDAQ,5380.0,5490.0,5570.0,5580.0,0.020446096654274992,0.03531598513011147,0.037174721189590976,
1072906,20220825000165,01142075,핑거,163730,주요사항보고서(자기주식취득신탁계약체결결정),2022-08-25,KOSDAQ,11900.0,11700.0,11250.0,11500.0,-0.01680672268907568,-0.054621848739495826,-0.03361344537815125,
975228,20230309000187,01142075,핑거,163730,주요사항보고서(자기주식취득신탁계약해지결정),2023-03-09,KOSDAQ,14500.0,14800.0,14330.0,13950.0,0.020689655172413834,-0.01172413793103444,-0.037931034482758585,
1071425,20220826000766,00256043,비씨월드제약,200780,주요사항보고서(자기주식취득결정),2022-08-29,KOSDAQ,7473.0,7431.0,7498.0,6880.0,-0.005620232838217554,0.003345376689415147,-0.07935233507292916,
1030224,20221129000459,00256043,비씨월드제약,200780,자기주식취득결과보고서,2022-11-29,KOSDAQ,7081.0,6822.0,6930.0,6830.0,-0.03657675469566446,-0.021324671656545724,-0.03544697076684089,
1070826,20220829000535,00543107,오킨스전자,080580,주요사항보고서(자기주식취득신탁계약체결결정),2022-08-29,KOSDAQ,22500.0,22050.0,22200.0,20500.0,-0.020000000000000018,-0.013333333333333308,-0.0888888888888889,
871408,20230626000158,00543107,오킨스전자,080580,주요사항보고서(자기주식취득신탁계약체결결정),2023-06-26,KOSDAQ,15100.0,16130.0,16130.0,15210.0,0.0682119205298013,0.0682119205298013,0.007284768211920589,
1070611,20220830000002,01010110,더블유게임즈,192080,주요사항보고서(자기주식취득신탁계약체결결정),2022-08-30,KOSPI,36541.0,36414.0,35736.0,36032.0,-0.00347554801455896,-0.022030048438740013,-0.013929558578035683,
981604,20230228005607,01010110,더블유게임즈,192080,주요사항보고서(자기주식취득신탁계약해지결정),2023-02-28,KOSPI,39208.0,39039.0,38615.0,38023.0,-0.004310344827586188,-0.015124464395021464,-0.03022342379106302,
370949,20250709000003,01010110,더블유게임즈,192080,주요사항보고서(자기주식취득신탁계약체결결정),2025-07-09,KOSPI,60700.0,60700.0,59900.0,58100.0,0.0,-0.01317957166392092,-0.04283360790774304,
275317,20260109000635,01010110,더블유게임즈,192080,주요사항보고서(자기주식취득신탁계약해지결정),2026-01-09,KOSPI,53100.0,53400.0,52600.0,51000.0,0.005649717514124353,-0.00941619585687381,-0.039548022598870025,
1069846,20220830000756,00152437,케이프,064820,주요사항보고서(자기주식취득결정),2022-08-30,KOSDAQ,5170.0,5040.0,5020.0,5030.0,-0.025145067698259194,-0.029013539651837505,-0.027079303675048405,
1053337,20221011000146,00152437,케이프,064820,자기주식취득결과보고서,2022-10-11,KOSDAQ,4220.0,4215.0,4100.0,4290.0,-0.0011848341232227888,-0.028436018957345932,0.016587677725118377,
1042413,20221107000101,00152437,케이프,064820,주요사항보고서(자기주식취득결정),2022-11-07,KOSDAQ,5020.0,5040.0,5100.0,5210.0,0.003984063745019917,0.015936254980079667,0.03784860557768921,
1018390,20221219000075,00152437,케이프,064820,자기주식취득결과보고서,2022-12-19,KOSDAQ,4840.0,4780.0,4770.0,4540.0,-0.012396694214875992,-0.01446280991735538,-0.06198347107438018,
897068,20230509000361,00152437,케이프,064820,주요사항보고서(자기주식취득결정),2023-05-09,KOSDAQ,3730.0,3920.0,3880.0,4245.0,0.05093833780160861,0.04021447721179627,0.13806970509383376,
852185,20230807000259,00152437,케이프,064820,자기주식취득결과보고서,2023-08-07,KOSDAQ,4550.0,4520.0,4635.0,4500.0,-0.00659340659340657,0.018681318681318615,-0.01098901098901095,
829873,20230912000095,00152437,케이프,064820,주요사항보고서(자기주식취득결정),2023-09-12,KOSDAQ,4205.0,4480.0,4465.0,4550.0,0.06539833531510109,0.061831153388822724,0.08204518430439944,
798570,20231122000129,00152437,케이프,064820,자기주식취득결과보고서,2023-11-22,KOSDAQ,4125.0,4130.0,4190.0,4055.0,0.00121212121212122,0.01575757575757586,-0.016969696969696968,
787031,20231212000136,00152437,케이프,064820,주요사항보고서(자기주식취득결정),2023-12-12,KOSDAQ,4000.0,4220.0,4215.0,4235.0,0.05499999999999994,0.053749999999999964,0.05875000000000008,
736297,20240307000169,00152437,케이프,064820,자기주식취득결과보고서,2024-03-07,KOSDAQ,4590.0,4590.0,4485.0,4485.0,0.0,-0.022875816993464082,-0.022875816993464082,
575514,20240930000446,00152437,케이프,064820,주요사항보고서(자기주식취득결정),2024-09-30,KOSDAQ,4810.0,4800.0,4750.0,4985.0,-0.0020790020790020236,-0.012474012474012475,0.0363825363825363,
561518,20241105000196,00152437,케이프,064820,자기주식취득결과보고서,2024-11-05,KOSDAQ,4680.0,4790.0,5060.0,5170.0,0.02350427350427342,0.08119658119658113,0.10470085470085477,
1069191,20220830001411,00181712,SK,034730,주요사항보고서(자기주식취득신탁계약체결결정),2022-08-30,KOSPI,227500.0,233000.0,223500.0,221000.0,0.02417582417582409,-0.01758241758241763,-0.02857142857142858,
979645,20230302000564,00181712,SK,034730,주요사항보고서(자기주식취득신탁계약해지결정),2023-03-02,KOSPI,182100.0,181800.0,184400.0,174300.0,-0.0016474464579900872,0.012630422844590816,-0.04283360790774304,
857061,20230727800007,00181712,SK,034730,주요사항보고서(자기주식취득신탁계약체결결정)(자회사의 주요경영사항),2023-07-27,KOSPI,148400.0,150700.0,152800.0,155500.0,0.015498652291105142,0.029649595687331498,0.04784366576819399,
810825,20231031000380,00181712,SK,034730,주요사항보고서(자기주식취득신탁계약체결결정),2023-10-31,KOSPI,142000.0,144900.0,148900.0,159900.0,0.02042253521126769,0.048591549295774694,0.12605633802816896,
765435,20240126800073,00181712,SK,034730,주요사항보고서(자기주식취득신탁계약해지결정)(자회사의 주요경영사항),2024-01-26,KOSPI,160200.0,176100.0,174600.0,196800.0,0.09925093632958792,0.0898876404494382,0.22846441947565532,
656016,20240502000415,00181712,SK,034730,주요사항보고서(자기주식취득신탁계약해지결정),2024-05-02,KOSPI,162000.0,160500.0,164900.0,163500.0,-0.0092592592592593,0.01790123456790127,0.0092592592592593,
1066564,20220902000063,00122551,백산,035150,주요사항보고서(자기주식취득결정),2022-09-02,KOSPI,11050.0,11300.0,11350.0,11900.0,0.02262443438914019,0.02714932126696823,0.07692307692307687,
1038670,20221114000232,00122551,백산,035150,자기주식취득결과보고서,2022-11-14,KOSPI,9470.0,9250.0,9370.0,9120.0,-0.023231256599788752,-0.010559662090813049,-0.03695881731784578,
1010683,20230103000296,00122551,백산,035150,주요사항보고서(자기주식취득결정),2023-01-03,KOSPI,7810.0,8240.0,8240.0,8460.0,0.055057618437900135,0.055057618437900135,0.08322663252240714,
939588,20230403002880,00122551,백산,035150,자기주식취득결과보고서,2023-04-03,KOSPI,8690.0,8640.0,8710.0,8390.0,-0.005753739930955071,0.0023014959723819395,-0.03452243958573076,
867384,20230703000080,00122551,백산,035150,주요사항보고서(자기주식취득결정),2023-07-03,KOSPI,8580.0,8500.0,8280.0,8200.0,-0.009324009324009341,-0.034965034965035,-0.044289044289044344,
837677,20230829000263,00122551,백산,035150,자기주식취득결과보고서,2023-08-29,KOSPI,7980.0,8020.0,8020.0,8180.0,0.005012531328320913,0.005012531328320913,0.02506265664160412,
734558,20240308000366,00122551,백산,035150,주요사항보고서(자기주식취득결정),2024-03-08,KOSPI,11150.0,11540.0,11900.0,12290.0,0.034977578475336335,0.06726457399103136,0.1022421524663677,
636813,20240603000086,00122551,백산,035150,자기주식취득결과보고서,2024-06-03,KOSPI,13600.0,13590.0,13510.0,13750.0,-0.0007352941176470562,-0.006617647058823506,0.011029411764705843,
631500,20240617000057,00122551,백산,035150,주요사항보고서(자기주식취득결정),2024-06-17,KOSPI,14990.0,15220.0,15240.0,15830.0,0.01534356237491652,0.016677785190126748,0.05603735823882583,
615384,20240718000270,00122551,백산,035150,자기주식취득결과보고서,2024-07-18,KOSPI,13690.0,14500.0,14180.0,13710.0,0.059167275383491535,0.035792549306062904,0.0014609203798392478,
615067,20240719000126,00122551,백산,035150,주요사항보고서(자기주식취득결정),2024-07-19,KOSPI,14500.0,14180.0,14480.0,13770.0,-0.022068965517241357,-0.0013793103448276334,-0.05034482758620684,
607470,20240807000110,00122551,백산,035150,자기주식취득결과보고서,2024-08-07,KOSPI,12370.0,12450.0,13700.0,14200.0,0.006467259498787348,0.10751818916734024,0.14793856103476144,
557941,20241113000398,00122551,백산,035150,주요사항보고서(자기주식취득결정),2024-11-13,KOSPI,12240.0,12680.0,12320.0,12550.0,0.03594771241830075,0.006535947712418277,0.025326797385620825,
525934,20250107000265,00122551,백산,035150,자기주식취득결과보고서,2025-01-07,KOSPI,12680.0,12860.0,12850.0,12910.0,0.014195583596214423,0.0134069400630914,0.018138801261829762,
397087,20250516000293,00122551,백산,035150,주요사항보고서(자기주식취득결정),2025-05-16,KOSPI,13920.0,14700.0,14740.0,14400.0,0.056034482758620774,0.05890804597701149,0.034482758620689724,
374113,20250701000135,00122551,백산,035150,자기주식취득결과보고서,2025-07-01,KOSPI,15180.0,14860.0,15590.0,15330.0,-0.021080368906455815,0.027009222661396493,0.009881422924901129,
346359,20250822000232,00122551,백산,035150,주요사항보고서(자기주식취득결정),2025-08-22,KOSPI,13210.0,14180.0,14260.0,15060.0,0.07342922028766097,0.07948523845571542,0.14004542013626042,
318981,20251027000090,00122551,백산,035150,자기주식취득결과보고서,2025-10-27,KOSPI,13630.0,13720.0,13640.0,13300.0,0.006603081438004477,0.0007336757153337814,-0.02421129860601612,
297012,20251201000546,00122551,백산,035150,주요사항보고서(자기주식취득결정),2025-12-01,KOSPI,12900.0,13620.0,13530.0,13330.0,0.05581395348837215,0.04883720930232549,0.03333333333333344,
272837,20260115000061,00122551,백산,035150,자기주식취득결과보고서,2026-01-15,KOSPI,12610.0,12490.0,12640.0,12280.0,-0.009516256938937317,0.0023790642347343294,-0.026169706582077734,
269448,20260123000355,00122551,백산,035150,주요사항보고서(자기주식취득결정),2026-01-23,KOSPI,12300.0,12750.0,12620.0,12710.0,0.03658536585365857,0.026016260162601723,0.03333333333333344,
39770,20260409002116,00122551,백산,035150,자기주식취득결과보고서,2026-04-09,KOSPI,12700.0,12730.0,12730.0,12980.0,0.0023622047244094,0.0023622047244094,0.022047244094488105,
11311,20260513000521,00122551,백산,035150,주요사항보고서(자기주식취득결정),2026-05-13,KOSPI,11040.0,11650.0,11600.0,11100.0,0.055253623188405765,0.050724637681159424,0.005434782608695565,
114512,20260622000237,00122551,백산,035150,자기주식취득결과보고서,2026-06-22,KOSPI,9920.0,9650.0,9660.0,,-0.027217741935483875,-0.02620967741935487,,
1063497,20220914000067,00870861,와이엠씨,155650,주요사항보고서(자기주식취득신탁계약체결결정),2022-09-14,KOSDAQ,6190.0,6360.0,6290.0,6200.0,0.02746365105008075,0.016155088852988664,0.001615508885298933,
587462,20240902000033,00870861,와이엠씨,155650,주요사항보고서(자기주식취득신탁계약체결결정),2024-09-02,KOSDAQ,4020.0,4075.0,4050.0,4065.0,0.013681592039801016,0.00746268656716409,0.011194029850746245,
1062592,20220915000372,01061327,클래시스,214150,주요사항보고서(자기주식취득신탁계약체결결정),2022-09-15,KOSDAQ,14350.0,15400.0,14850.0,14950.0,0.07317073170731714,0.03484320557491283,0.04181184668989557,
971370,20230313000913,01061327,클래시스,214150,[연장결정]주요사항보고서(자기주식취득신탁계약체결결정),2023-03-13,KOSDAQ,19590.0,18950.0,19520.0,18750.0,-0.032669729453802976,-0.0035732516590096797,-0.04287901990811638,
832597,20230904000272,01061327,클래시스,214150,[연장결정]주요사항보고서(자기주식취득신탁계약체결결정),2023-09-04,KOSDAQ,38650.0,38650.0,40150.0,40500.0,0.0,0.03880983182406217,0.047865459249676556,
808372,20231107000060,01061327,클래시스,214150,주요사항보고서(자기주식취득신탁계약해지결정),2023-11-07,KOSDAQ,34100.0,37250.0,37500.0,37750.0,0.09237536656891487,0.0997067448680351,0.10703812316715533,
541495,20241210000150,01061327,클래시스,214150,주요사항보고서(자기주식취득신탁계약체결결정),2024-12-10,KOSDAQ,43350.0,44850.0,46150.0,48600.0,0.03460207612456756,0.06459054209919257,0.12110726643598624,
541494,20241210000151,01061327,클래시스,214150,주요사항보고서(자기주식취득신탁계약체결결정),2024-12-10,KOSDAQ,43350.0,44850.0,46150.0,48600.0,0.03460207612456756,0.06459054209919257,0.12110726643598624,
384994,20250609000228,01061327,클래시스,214150,[연장결정]주요사항보고서(자기주식취득신탁계약체결결정),2025-06-09,KOSDAQ,58500.0,57600.0,60200.0,60600.0,-0.01538461538461533,0.029059829059828957,0.03589743589743599,
384597,20250610000179,01061327,클래시스,214150,[연장결정]주요사항보고서(자기주식취득신탁계약체결결정),2025-06-10,KOSDAQ,57600.0,60200.0,61400.0,60700.0,0.04513888888888884,0.06597222222222232,0.05381944444444442,
384596,20250610000211,01061327,클래시스,214150,[연장결정]주요사항보고서(자기주식취득신탁계약체결결정),2025-06-10,KOSDAQ,57600.0,60200.0,61400.0,60700.0,0.04513888888888884,0.06597222222222232,0.05381944444444442,
1062242,20220916000145,00115931,디오,039840,주요사항보고서(자기주식취득신탁계약체결결정),2022-09-16,KOSDAQ,22100.0,21600.0,21600.0,21000.0,-0.022624434389140302,-0.022624434389140302,-0.04977375565610864,
1017273,20221221000211,00115931,디오,039840,주요사항보고서(자기주식취득결정),2022-12-21,KOSDAQ,18550.0,20250.0,19650.0,20150.0,0.09164420485175206,0.059299191374662996,0.08625336927223715,
1017270,20221221000214,00115931,디오,039840,주요사항보고서(자기주식취득결정),2022-12-21,KOSDAQ,18550.0,20250.0,19650.0,20150.0,0.09164420485175206,0.059299191374662996,0.08625336927223715,
956278,20230324000700,00115931,디오,039840,자기주식취득결과보고서,2023-03-24,KOSDAQ,23500.0,22750.0,22750.0,24850.0,-0.03191489361702127,-0.03191489361702127,0.057446808510638325,
607243,20240807000307,00115931,디오,039840,주요사항보고서(자기주식취득신탁계약체결결정),2024-08-07,KOSDAQ,19150.0,16500.0,16170.0,15830.0,-0.13838120104438645,-0.15561357702349865,-0.17336814621409924,
401794,20250514000239,00115931,디오,039840,주요사항보고서(자기주식취득신탁계약체결결정),2025-05-14,KOSDAQ,20950.0,19700.0,18990.0,19850.0,-0.059665871121718395,-0.09355608591885445,-0.05250596658711215,
248495,20260223001863,00115931,디오,039840,주요사항보고서(자기주식취득신탁계약체결결정),2026-02-23,KOSDAQ,18280.0,18360.0,17900.0,17160.0,0.004376367614879584,-0.020787746170678356,-0.06126914660831506,
1061764,20220919000008,00144818,유유제약,000220,주요사항보고서(자기주식취득결정),2022-09-19,KOSPI,6220.0,6210.0,6180.0,5580.0,-0.001607717041800627,-0.006430868167202619,-0.10289389067524113,
1048090,20221024000208,00144818,유유제약,000220,자기주식취득결과보고서,2022-10-24,KOSPI,5880.0,5930.0,5870.0,6070.0,0.008503401360544283,-0.00170068027210879,0.03231292517006801,
421459,20250411000966,00144818,유유제약,000220,주요사항보고서(자기주식취득결정),2025-04-11,KOSPI,4475.0,4545.0,4640.0,4665.0,0.015642458100558754,0.036871508379888285,0.042458100558659284,
368289,20250715000298,00144818,유유제약,000220,자기주식취득결과보고서,2025-07-15,KOSPI,4690.0,4685.0,4770.0,4610.0,-0.0010660980810234255,0.017057569296375252,-0.017057569296375252,
1061642,20220919000132,00158325,NICE평가정보,030190,주요사항보고서(자기주식취득신탁계약체결결정),2022-09-19,KOSPI,14400.0,14800.0,14500.0,14600.0,0.02777777777777768,0.00694444444444442,0.01388888888888884,
827500,20230918000158,00158325,NICE평가정보,030190,주요사항보고서(자기주식취득신탁계약해지결정),2023-09-18,KOSPI,10170.0,10180.0,10350.0,10020.0,0.000983284169124854,0.017699115044247815,-0.014749262536873142,
799098,20231121000031,00158325,NICE평가정보,030190,주요사항보고서(자기주식취득신탁계약체결결정),2023-11-21,KOSPI,8800.0,8800.0,8930.0,9110.0,0.0,0.014772727272727382,0.03522727272727266,
534558,20241218000191,00158325,NICE평가정보,030190,주요사항보고서(자기주식취득신탁계약해지결정),2024-12-18,KOSPI,12470.0,12500.0,12390.0,12680.0,0.002405773857257376,-0.006415396952686447,0.016840417000801855,
316103,20251031000182,00158325,NICE평가정보,030190,주요사항보고서(자기주식취득신탁계약체결결정),2025-10-31,KOSPI,14490.0,14590.0,14580.0,15400.0,0.0069013112491373985,0.006211180124223503,0.06280193236714982,
1061526,20220919000243,00264945,나이스정보통신,036800,주요사항보고서(자기주식취득신탁계약체결결정),2022-09-19,KOSDAQ,27300.0,27800.0,28050.0,26000.0,0.01831501831501825,0.027472527472527375,-0.04761904761904767,
963163,20230320000520,00264945,나이스정보통신,036800,주요사항보고서(자기주식취득신탁계약해지결정),2023-03-20,KOSDAQ,26450.0,26150.0,25550.0,25250.0,-0.011342155009451793,-0.03402646502835538,-0.04536862003780717,
872645,20230622000168,00264945,나이스정보통신,036800,주요사항보고서(자기주식취득신탁계약체결결정),2023-06-22,KOSDAQ,23950.0,24250.0,24050.0,24600.0,0.012526096033402823,0.0041753653444676075,0.02713987473903967,
799099,20231121000023,00264945,나이스정보통신,036800,주요사항보고서(자기주식취득신탁계약체결결정),2023-11-21,KOSDAQ,21950.0,22250.0,22400.0,21850.0,0.013667425968109326,0.0205011389521641,-0.004555808656036442,
640897,20240530001317,00264945,나이스정보통신,036800,주요사항보고서(자기주식취득신탁계약해지결정),2024-05-30,KOSDAQ,21650.0,21600.0,22000.0,21500.0,-0.002309468822170868,0.01616628175519641,-0.006928406466512715,
551012,20241125000122,00264945,나이스정보통신,036800,주요사항보고서(자기주식취득신탁계약해지결정),2024-11-25,KOSDAQ,18310.0,18290.0,18330.0,18320.0,-0.0010922992900054274,0.0010922992900055384,0.0005461496450027692,
123383,20260602000537,00264945,나이스정보통신,036800,주요사항보고서(자기주식취득신탁계약체결결정),2026-06-02,KOSDAQ,26450.0,29100.0,27800.0,28200.0,0.10018903591682427,0.051039697542533125,0.06616257088846877,
1061380,20220920000046,00111999,대원제약,003220,주요사항보고서(자기주식취득결정),2022-09-20,KOSPI,16050.0,15950.0,15600.0,15400.0,-0.006230529595015577,-0.028037383177570097,-0.04049844236760125,
1016104,20221223000041,00111999,대원제약,003220,자기주식취득결과보고서,2022-12-23,KOSPI,19000.0,19450.0,18600.0,18650.0,0.023684210526315752,-0.021052631578947323,-0.018421052631578894,
1061258,20220920000173,00121686,엠케이전자,033160,주요사항보고서(자기주식취득신탁계약체결결정),2022-09-20,KOSDAQ,11400.0,11300.0,11200.0,10050.0,-0.00877192982456143,-0.01754385964912286,-0.11842105263157898,
963044,20230320000629,00121686,엠케이전자,033160,[연장결정]주요사항보고서(자기주식취득신탁계약체결결정),2023-03-20,KOSDAQ,14670.0,14960.0,15000.0,15850.0,0.019768234492160808,0.02249488752556239,0.08043626448534424,
826463,20230920000326,00121686,엠케이전자,033160,[연장결정]주요사항보고서(자기주식취득신탁계약체결결정),2023-09-20,KOSDAQ,13900.0,13400.0,13200.0,12210.0,-0.03597122302158273,-0.05035971223021585,-0.1215827338129496,
722168,20240320000399,00121686,엠케이전자,033160,[연장결정]주요사항보고서(자기주식취득신탁계약체결결정),2024-03-20,KOSDAQ,13350.0,13850.0,13850.0,13750.0,0.03745318352059934,0.03745318352059934,0.029962546816479474,
1060920,20220921000013,00983040,한진칼,180640,주요사항보고서(자기주식취득신탁계약체결결정),2022-09-21,KOSPI,42200.0,41000.0,39800.0,40650.0,-0.028436018957345932,-0.056872037914691975,-0.03672985781990523,
959494,20230322001041,00983040,한진칼,180640,주요사항보고서(자기주식취득신탁계약해지결정),2023-03-22,KOSPI,43350.0,43250.0,42750.0,43950.0,-0.0023068050749711633,-0.01384083044982698,0.01384083044982698,
1060463,20220921000430,00113243,대한제분,001130,주요사항보고서(자기주식취득신탁계약체결결정),2022-09-22,KOSPI,14250.0,14200.0,13550.0,12850.0,-0.0035087719298245723,-0.0491228070175439,-0.09824561403508769,
1060387,20220922000095,00488989,한양디지텍,078350,주요사항보고서(자기주식취득신탁계약체결결정),2022-09-22,KOSDAQ,11500.0,10750.0,10350.0,10000.0,-0.06521739130434778,-0.09999999999999998,-0.13043478260869568,
597172,20240819000128,00488989,한양디지텍,078350,주요사항보고서(자기주식취득신탁계약체결결정),2024-08-19,KOSDAQ,15230.0,16000.0,15850.0,14810.0,0.050558108995403916,0.040709126723571964,-0.0275771503611294,
531552,20241224000192,00488989,한양디지텍,078350,주요사항보고서(자기주식취득신탁계약체결결정),2024-12-24,KOSDAQ,8380.0,7980.0,8230.0,8930.0,-0.04773269689737469,-0.017899761336515496,0.0656324582338903,
367995,20250716000166,00488989,한양디지텍,078350,주요사항보고서(자기주식취득신탁계약해지결정),2025-07-16,KOSDAQ,9230.0,9160.0,9250.0,9070.0,-0.007583965330444253,0.0021668472372697867,-0.017334777898158182,
367993,20250716000170,00488989,한양디지텍,078350,주요사항보고서(자기주식취득신탁계약해지결정),2025-07-16,KOSDAQ,9230.0,9160.0,9250.0,9070.0,-0.007583965330444253,0.0021668472372697867,-0.017334777898158182,
1060349,20220922000141,00155124,평화홀딩스,010770,주요사항보고서(자기주식취득신탁계약체결결정),2022-09-22,KOSPI,3275.0,3235.0,3085.0,2950.0,-0.012213740458015265,-0.05801526717557248,-0.0992366412213741,
1029609,20221129001000,00155124,평화홀딩스,010770,주요사항보고서(자기주식취득신탁계약해지결정),2022-11-29,KOSPI,4975.0,5010.0,5010.0,4240.0,0.007035175879396949,0.007035175879396949,-0.1477386934673367,
1029428,20221129001191,00155124,평화홀딩스,010770,[연장결정]주요사항보고서(자기주식취득신탁계약체결결정),2022-11-29,KOSPI,4975.0,5010.0,5010.0,4240.0,0.007035175879396949,0.007035175879396949,-0.1477386934673367,
861892,20230714000420,00155124,평화홀딩스,010770,주요사항보고서(자기주식취득신탁계약해지결정),2023-07-14,KOSPI,3755.0,3695.0,3485.0,3515.0,-0.015978695073235683,-0.07190412782956057,-0.06391478029294273,
1059821,20220923000227,00187415,코미팜,041960,주요사항보고서(자기주식취득결정),2022-09-23,KOSDAQ,6292.0,6211.0,6274.0,6456.0,-0.012873490146217414,-0.0028607755880483143,0.026064844246662444,
1018601,20221216000517,00187415,코미팜,041960,자기주식취득결과보고서,2022-12-16,KOSDAQ,6611.0,6720.0,6629.0,6502.0,0.01648767206171531,0.002722734835879592,-0.01648767206171531,
720011,20240321000012,00187415,코미팜,041960,주요사항보고서(자기주식취득결정),2024-03-21,KOSDAQ,4175.0,4255.0,4290.0,4685.0,0.01916167664670665,0.02754491017964078,0.12215568862275439,
643299,20240528000495,00187415,코미팜,041960,자기주식취득결과보고서,2024-05-28,KOSDAQ,4150.0,4150.0,4115.0,4060.0,0.0,-0.008433734939759074,-0.02168674698795181,
643083,20240529000068,00187415,코미팜,041960,주요사항보고서(자기주식취득결정),2024-05-29,KOSDAQ,4150.0,4115.0,4115.0,4060.0,-0.008433734939759074,-0.008433734939759074,-0.02168674698795181,
609719,20240731000621,00187415,코미팜,041960,자기주식취득결과보고서,2024-07-31,KOSDAQ,4105.0,4120.0,4065.0,3995.0,0.0036540803897686658,-0.00974421437271622,-0.02679658952496955,
609700,20240731000624,00187415,코미팜,041960,주요사항보고서(자기주식취득결정),2024-07-31,KOSDAQ,4105.0,4120.0,4065.0,3995.0,0.0036540803897686658,-0.00974421437271622,-0.02679658952496955,
568791,20241018000440,00187415,코미팜,041960,자기주식취득결과보고서,2024-10-18,KOSDAQ,4290.0,4415.0,4370.0,4295.0,0.029137529137529095,0.018648018648018683,0.0011655011655011815,
464475,20250326000694,00187415,코미팜,041960,주요사항보고서(자기주식취득결정),2025-03-26,KOSDAQ,4040.0,4135.0,4050.0,4120.0,0.023514851485148425,0.0024752475247524774,0.01980198019801982,
379773,20250620000475,00187415,코미팜,041960,자기주식취득결과보고서,2025-06-20,KOSDAQ,5230.0,5300.0,5270.0,5350.0,0.013384321223709472,0.007648183556405286,0.02294455066921608,
379635,20250620000626,00187415,코미팜,041960,주요사항보고서(자기주식취득결정),2025-06-20,KOSDAQ,5230.0,5300.0,5270.0,5350.0,0.013384321223709472,0.007648183556405286,0.02294455066921608,
331513,20250922000184,00187415,코미팜,041960,자기주식취득결과보고서,2025-09-22,KOSDAQ,6550.0,6740.0,6860.0,6300.0,0.02900763358778624,0.047328244274809084,-0.03816793893129766,
314491,20251105000058,00187415,코미팜,041960,주요사항보고서(자기주식취득결정),2025-11-05,KOSDAQ,6320.0,5960.0,5890.0,6220.0,-0.05696202531645567,-0.06803797468354433,-0.015822784810126556,
258902,20260206001953,00187415,코미팜,041960,자기주식취득결과보고서,2026-02-06,KOSDAQ,7500.0,7770.0,8350.0,9550.0,0.03600000000000003,0.11333333333333329,0.27333333333333343,
1059314,20220926000067,00397058,엠게임,058630,주요사항보고서(자기주식취득신탁계약체결결정),2022-09-26,KOSDAQ,5700.0,5810.0,5760.0,5960.0,0.019298245614035148,0.010526315789473717,0.04561403508771922,
608335,20240805000170,00397058,엠게임,058630,주요사항보고서(자기주식취득신탁계약체결결정),2024-08-05,KOSDAQ,4995.0,5350.0,5510.0,5720.0,0.07107107107107113,0.10310310310310311,0.1451451451451451,
514759,20250205000050,00397058,엠게임,058630,주요사항보고서(자기주식취득신탁계약해지결정),2025-02-05,KOSDAQ,5090.0,5090.0,5020.0,5030.0,0.0,-0.013752455795677854,-0.011787819253438081,
10619,20260514000324,00397058,엠게임,058630,주요사항보고서(자기주식취득결정),2026-05-14,KOSDAQ,5270.0,5010.0,4890.0,4720.0,-0.04933586337760909,-0.07210626185958258,-0.10436432637571158,
113508,20260624000191,00397058,엠게임,058630,자기주식취득결과보고서,2026-06-24,KOSDAQ,3975.0,3970.0,4040.0,,-0.0012578616352201255,0.01635220125786163,,
1058718,20220927000231,00115977,아이에스동서,010780,주요사항보고서(자기주식취득신탁계약체결결정),2022-09-27,KOSPI,31200.0,31600.0,30050.0,30250.0,0.012820512820512775,-0.03685897435897434,-0.03044871794871795,
954135,20230327000928,00115977,아이에스동서,010780,주요사항보고서(자기주식취득신탁계약해지결정),2023-03-27,KOSPI,41000.0,41150.0,40850.0,41500.0,0.003658536585365857,-0.003658536585365857,0.012195121951219523,
952776,20230328000914,00115977,아이에스동서,010780,주요사항보고서(자기주식취득신탁계약해지결정),2023-03-28,KOSPI,41150.0,40850.0,40550.0,42100.0,-0.007290400972053468,-0.014580801944106936,0.023086269744835963,
553687,20241118000014,00115977,아이에스동서,010780,주요사항보고서(자기주식취득신탁계약체결결정),2024-11-18,KOSPI,18760.0,19030.0,19550.0,20850.0,0.014392324093816633,0.04211087420042636,0.11140724946695091,
396606,20250519000287,00115977,아이에스동서,010780,주요사항보고서(자기주식취득신탁계약해지결정),2025-05-19,KOSPI,18260.0,18270.0,18210.0,19200.0,0.0005476451259582849,-0.0027382256297918683,0.05147864184008766,
1058566,20220927000373,00130091,샘표,007540,주요사항보고서(자기주식취득신탁계약체결결정),2022-09-27,KOSPI,40750.0,52900.0,49950.0,56400.0,0.29815950920245404,0.2257668711656442,0.38404907975460123,
904396,20230425000377,00130091,샘표,007540,주요사항보고서(자기주식취득신탁계약해지결정),2023-04-25,KOSPI,57600.0,59400.0,54000.0,58700.0,0.03125,-0.0625,0.01909722222222232,
1058483,20220927000436,01429840,아이티아이즈,372800,주요사항보고서(자기주식취득신탁계약체결결정),2022-09-27,KOSDAQ,7490.0,7530.0,7950.0,8090.0,0.005340453938584844,0.06141522029372504,0.08010680907877177,
1058360,20220928900094,01429840,아이티아이즈,372800,기타주요경영사항(자기주식취득 신탁계약 체결 결정 철회),2022-09-28,KOSDAQ,7530.0,7950.0,7790.0,8270.0,0.055776892430278835,0.03452855245683928,0.09827357237715795,
992767,20230214001245,01429840,아이티아이즈,372800,주요사항보고서(자기주식취득신탁계약체결결정),2023-02-14,KOSDAQ,10250.0,10140.0,10160.0,10290.0,-0.01073170731707318,-0.008780487804878057,0.0039024390243902474,
846453,20230814000105,01429840,아이티아이즈,372800,주요사항보고서(자기주식취득신탁계약해지결정),2023-08-14,KOSDAQ,7760.0,7630.0,7530.0,7800.0,-0.01675257731958768,-0.029639175257731964,0.005154639175257714,
1058443,20220927000485,01160363,에코프로비엠,247540,주요사항보고서(자기주식취득결정),2022-09-27,KOSDAQ,95100.0,92100.0,90800.0,91400.0,-0.03154574132492116,-0.045215562565720346,-0.03890641430073605,
1053754,20221007000482,01160363,에코프로비엠,247540,자기주식취득결과보고서,2022-10-07,KOSDAQ,97000.0,98400.0,99500.0,109100.0,0.014432989690721598,0.025773195876288568,0.12474226804123711,
1052891,20221011000548,01160363,에코프로비엠,247540,주요사항보고서(자기주식취득결정),2022-10-11,KOSDAQ,98400.0,99500.0,104700.0,104800.0,0.011178861788617933,0.06402439024390238,0.06504065040650397,
1043341,20221103000305,01160363,에코프로비엠,247540,자기주식취득결과보고서,2022-11-03,KOSDAQ,111600.0,110000.0,108700.0,106900.0,-0.014336917562724039,-0.025985663082437327,-0.04211469534050183,
1058257,20220928000123,00105606,금호에이치티,214330,주요사항보고서(자기주식취득신탁계약체결결정),2022-09-28,KOSPI,9280.0,10900.0,10800.0,11050.0,0.17456896551724133,0.1637931034482758,0.19073275862068972,
954365,20230327000807,00105606,금호에이치티,214330,주요사항보고서(자기주식취득신탁계약해지결정),2023-03-27,KOSPI,8090.0,8030.0,8120.0,8480.0,-0.007416563658838027,0.003708281829418958,0.04820766378244756,
435424,20250407001481,00105606,금호에이치티,214330,주요사항보고서(자기주식취득신탁계약체결결정),2025-04-07,KOSPI,6030.0,6130.0,5870.0,5990.0,0.016583747927031434,-0.026533996683250405,-0.0066334991708125735,
324690,20251010000320,00105606,금호에이치티,214330,주요사항보고서(자기주식취득신탁계약해지결정),2025-10-10,KOSPI,5790.0,6020.0,6090.0,6320.0,0.039723661485319584,0.051813471502590636,0.09153713298791022,
1058245,20220928000141,01513699,포바이포,389140,주요사항보고서(자기주식취득신탁계약체결결정),2022-09-28,KOSDAQ,11907.0,11907.0,12139.0,12465.0,0.0,0.019484336944654457,0.046863189720332654,
1016975,20221221000454,01513699,포바이포,389140,주요사항보고서(자기주식취득신탁계약해지결정),2022-12-21,KOSDAQ,10604.0,10418.0,9767.0,10325.0,-0.01754055073557148,-0.07893247831007166,-0.02631082610335722,
1058096,20220928000297,00113128,대한약품,023910,주요사항보고서(자기주식취득결정),2022-09-28,KOSDAQ,25000.0,25750.0,25800.0,25750.0,0.030000000000000027,0.03200000000000003,0.030000000000000027,
1010988,20230102000313,00113128,대한약품,023910,자기주식취득결과보고서,2023-01-03,KOSDAQ,29950.0,30500.0,30000.0,30050.0,0.01836393989983298,0.0016694490818029983,0.0033388981636059967,
1057964,20220928000394,00148443,제일파마홀딩스,002620,주요사항보고서(자기주식취득신탁계약체결결정),2022-09-28,KOSPI,9210.0,9350.0,9500.0,9690.0,0.015200868621064068,0.03148751357220414,0.05211726384364823,
1057401,20220929000298,01058101,라파스,214260,주요사항보고서(자기주식취득신탁계약체결결정),2022-09-29,KOSDAQ,20850.0,19650.0,20200.0,19700.0,-0.05755395683453235,-0.031175059952038398,-0.05515587529976018,
1007179,20230111000315,01058101,라파스,214260,주요사항보고서(자기주식취득신탁계약체결결정),2023-01-11,KOSDAQ,18750.0,19100.0,18900.0,19400.0,0.01866666666666661,0.008000000000000007,0.03466666666666662,
752457,20240215000540,01058101,라파스,214260,주요사항보고서(자기주식취득신탁계약체결결정),2024-02-15,KOSDAQ,17410.0,18120.0,17950.0,16860.0,0.04078116025272838,0.031016657093624334,-0.03159103963239518,
1057323,20220929000392,00104786,미래아이앤지,007120,주요사항보고서(자기주식취득결정),2022-09-29,KOSPI,1130.0,1465.0,1500.0,1645.0,0.29646017699115035,0.32743362831858414,0.45575221238938046,
1011553,20221230000489,00104786,미래아이앤지,007120,자기주식취득결과보고서,2022-12-30,KOSPI,1390.0,1365.0,1360.0,1425.0,-0.017985611510791366,-0.021582733812949617,0.02517985611510798,
1057072,20220929000590,01489648,솔브레인,357780,주요사항보고서(자기주식취득신탁계약체결결정),2022-09-29,KOSDAQ,179400.0,177900.0,187200.0,199500.0,-0.00836120401337792,0.04347826086956519,0.11204013377926425,
415679,20250415000327,01489648,솔브레인,357780,주요사항보고서(자기주식취득신탁계약체결결정),2025-04-15,KOSDAQ,177500.0,173000.0,178000.0,176700.0,-0.025352112676056304,0.0028169014084507005,-0.004507042253521165,
1057069,20220929900643,00247975,솔브레인홀딩스,036830,주요사항보고서(자기주식취득신탁계약체결결정)(자회사의 주요경영사항),2022-09-29,KOSDAQ,21900.0,21700.0,22550.0,22700.0,-0.0091324200913242,0.029680365296803624,0.0365296803652968,
543102,20241205000432,00247975,솔브레인홀딩스,036830,주요사항보고서(자기주식취득신탁계약체결결정),2024-12-05,KOSDAQ,35950.0,35550.0,34000.0,39200.0,-0.011126564673157202,-0.05424200278164115,0.09040333796940203,
415678,20250415000332,00247975,솔브레인홀딩스,036830,주요사항보고서(자기주식취득신탁계약체결결정),2025-04-15,KOSDAQ,29200.0,30250.0,30700.0,30650.0,0.03595890410958913,0.051369863013698724,0.04965753424657526,
415656,20250415900500,00247975,솔브레인홀딩스,036830,주요사항보고서(자기주식취득신탁계약체결결정)(자회사의 주요경영사항),2025-04-15,KOSDAQ,29200.0,30250.0,30700.0,30650.0,0.03595890410958913,0.051369863013698724,0.04965753424657526,
1056770,20220930000138,01011438,에이치엘사이언스,239610,주요사항보고서(자기주식취득신탁계약체결결정),2022-09-30,KOSDAQ,21550.0,21350.0,20900.0,19900.0,-0.009280742459396807,-0.030162412993039456,-0.07656612529002316,
887449,20230525000308,01011438,에이치엘사이언스,239610,주요사항보고서(자기주식취득신탁계약해지결정),2023-05-25,KOSDAQ,17970.0,17680.0,17800.0,17760.0,-0.016138007790762354,-0.009460211463550361,-0.011686143572620988,
1056521,20220930000357,00114093,덕성,004830,주요사항보고서(자기주식취득신탁계약체결결정),2022-09-30,KOSPI,4410.0,4555.0,5090.0,4715.0,0.03287981859410438,0.1541950113378685,0.06916099773242634,
954752,20230327000478,00114093,덕성,004830,[연장결정]주요사항보고서(자기주식취득신탁계약체결결정),2023-03-27,KOSPI,5020.0,5030.0,5030.0,5130.0,0.0019920318725099584,0.0019920318725099584,0.021912350597609542,
900888,20230428001204,00114093,덕성,004830,주요사항보고서(자기주식취득신탁계약해지결정),2023-04-28,KOSPI,4460.0,4590.0,4485.0,4575.0,0.029147982062780242,0.005605381165919354,0.02578475336322872,
822206,20231004000067,00114093,덕성,004830,주요사항보고서(자기주식취득신탁계약해지결정),2023-10-04,KOSPI,6490.0,6230.0,6650.0,6530.0,-0.04006163328197232,0.024653312788905923,0.006163328197226425,
805256,20231113000349,00114093,덕성,004830,[연장결정]주요사항보고서(자기주식취득신탁계약체결결정),2023-11-13,KOSPI,5100.0,5060.0,5230.0,5140.0,-0.007843137254901933,0.025490196078431282,0.007843137254901933,
804964,20231113000572,00114093,덕성,004830,[연장결정]주요사항보고서(자기주식취득신탁계약체결결정),2023-11-13,KOSPI,5100.0,5060.0,5230.0,5140.0,-0.007843137254901933,0.025490196078431282,0.007843137254901933,
1056369,20220930000470,00131054,유진증권,001200,주요사항보고서(자기주식취득결정),2022-09-30,KOSPI,2240.0,2350.0,2360.0,2285.0,0.049107142857142794,0.0535714285714286,0.02008928571428581,
1024189,20221208000317,00131054,유진증권,001200,자기주식취득결과보고서,2022-12-08,KOSPI,2545.0,2600.0,2615.0,2610.0,0.0216110019646365,0.027504911591355707,0.025540275049115824,
1055350,20221005000108,00529815,오디텍,080520,주요사항보고서(자기주식취득신탁계약체결결정),2022-10-05,KOSDAQ,4205.0,4350.0,4380.0,3900.0,0.034482758620689724,0.041617122473246226,-0.07253269916765759,
616563,20240716000132,00529815,오디텍,080520,주요사항보고서(자기주식취득신탁계약체결결정),2024-07-16,KOSDAQ,4180.0,4180.0,4130.0,4095.0,0.0,-0.011961722488038284,-0.020334928229665095,
1055185,20221005000255,00127042,SYTS,002170,주요사항보고서(자기주식취득신탁계약체결결정),2022-10-05,KOSPI,48500.0,50500.0,51400.0,49950.0,0.04123711340206193,0.0597938144329897,0.02989690721649474,
934724,20230404002955,00127042,SYTS,002170,주요사항보고서(자기주식취득신탁계약해지결정),2023-04-04,KOSPI,51500.0,51200.0,51500.0,50600.0,-0.005825242718446644,0.0,-0.01747572815533982,
780488,20231221000437,00127042,SYTS,002170,주요사항보고서(자기주식취득신탁계약체결결정),2023-12-21,KOSPI,46700.0,49100.0,49000.0,48300.0,0.051391862955032064,0.04925053533190571,0.03426124197002145,
629124,20240621000259,00127042,SYTS,002170,주요사항보고서(자기주식취득신탁계약해지결정),2024-06-21,KOSPI,49300.0,49350.0,49200.0,47850.0,0.0010141987829614951,-0.0020283975659228792,-0.02941176470588236,
565417,20241028000251,00127042,SYTS,002170,주요사항보고서(자기주식취득신탁계약체결결정),2024-10-28,KOSPI,48700.0,48800.0,48650.0,49000.0,0.002053388090349051,-0.0010266940451745254,0.006160164271047153,
409350,20250428000401,00127042,SYTS,002170,주요사항보고서(자기주식취득신탁계약해지결정),2025-04-28,KOSPI,47500.0,47150.0,46200.0,47200.0,-0.00736842105263158,-0.027368421052631597,-0.0063157894736841635,
118121,20260612000628,00127042,SYTS,002170,주요사항보고서(자기주식취득신탁계약체결결정),2026-06-12,KOSPI,50500.0,54500.0,55200.0,53900.0,0.07920792079207928,0.09306930693069315,0.06732673267326739,
1053797,20221007000412,00104388,국도화학,007690,주요사항보고서(자기주식취득결정),2022-10-07,KOSPI,44400.0,44100.0,44650.0,45250.0,-0.006756756756756799,0.005630630630630629,0.019144144144144226,
1033099,20221123000134,00104388,국도화학,007690,자기주식취득결과보고서,2022-11-23,KOSPI,45850.0,45850.0,46000.0,45800.0,0.0,0.0032715376226826187,-0.0010905125408942062,
995818,20230209000323,00104388,국도화학,007690,주요사항보고서(자기주식취득결정),2023-02-09,KOSPI,42200.0,42100.0,42350.0,42200.0,-0.0023696682464454666,0.0035545023696681444,0.0,
945593,20230331002090,00104388,국도화학,007690,자기주식취득결과보고서,2023-03-31,KOSPI,47100.0,47050.0,47000.0,45750.0,-0.0010615711252653925,-0.002123142250530785,-0.0286624203821656,
1053675,20221007000566,00875307,야스,255440,주요사항보고서(자기주식취득신탁계약체결결정),2022-10-07,KOSDAQ,7520.0,7570.0,7400.0,7410.0,0.0066489361702126715,-0.015957446808510634,-0.0146276595744681,
934592,20230404003101,00875307,야스,255440,[연장결정]주요사항보고서(자기주식취득신탁계약체결결정),2023-04-04,KOSDAQ,12330.0,12140.0,11630.0,12030.0,-0.01540957015409572,-0.05677210056772097,-0.024330900243308973,
617014,20240715000173,00875307,야스,255440,주요사항보고서(자기주식취득신탁계약체결결정),2024-07-15,KOSDAQ,8570.0,8980.0,8690.0,7640.0,0.04784130688448074,0.014002333722286986,-0.10851808634772464,
522950,20250114000204,00875307,야스,255440,[연장결정]주요사항보고서(자기주식취득신탁계약체결결정),2025-01-14,KOSDAQ,8350.0,8080.0,8340.0,8390.0,-0.03233532934131733,-0.0011976047904191933,0.004790419161676551,
418032,20250414000766,00875307,야스,255440,[연장결정]주요사항보고서(자기주식취득신탁계약체결결정),2025-04-14,KOSDAQ,7150.0,7140.0,6950.0,6900.0,-0.0013986013986013734,-0.027972027972028024,-0.034965034965035,
379935,20250620000274,00875307,야스,255440,주요사항보고서(자기주식취득신탁계약해지결정),2025-06-20,KOSDAQ,6940.0,6790.0,6800.0,6710.0,-0.021613832853025983,-0.02017291066282423,-0.033141210374639796,
1053597,20221007000631,00139889,SKC,011790,주요사항보고서(자기주식취득결정),2022-10-07,KOSPI,87038.0,78954.0,87038.0,94463.0,-0.09287897240285847,0.0,0.08530756680989904,
1017687,20221220000437,00139889,SKC,011790,자기주식취득결과보고서,2022-12-20,KOSPI,90515.0,88072.0,90609.0,87320.0,-0.026990001657183904,0.0010385019057614908,-0.03529801690327572,
1053126,20221011000352,01311055,쿠콘,294570,주요사항보고서(자기주식취득신탁계약체결결정),2022-10-11,KOSDAQ,24900.0,25300.0,24250.0,26100.0,0.016064257028112428,-0.026104417670682722,0.04819277108433728,
799959,20231117000160,01311055,쿠콘,294570,주요사항보고서(자기주식취득신탁계약체결결정),2023-11-17,KOSDAQ,19290.0,19740.0,19740.0,20250.0,0.023328149300155587,0.023328149300155587,0.04976671850699854,
486020,20250310000295,01311055,쿠콘,294570,주요사항보고서(자기주식취득신탁계약체결결정),2025-03-10,KOSDAQ,18620.0,18770.0,18940.0,19520.0,0.008055853920515554,0.017185821697099923,0.04833512352309355,
1052639,20221012000159,00778235,TS인베스트먼트,246690,주요사항보고서(자기주식취득신탁계약체결결정),2022-10-12,KOSDAQ,1705.0,1585.0,1655.0,1720.0,-0.0703812316715543,-0.029325513196480912,0.008797653958944274,
1050763,20221017000117,00599285,서플러스글로벌,140070,주요사항보고서(자기주식취득신탁계약체결결정),2022-10-17,KOSDAQ,2540.0,2610.0,2635.0,2530.0,0.027559055118110187,0.03740157480314954,-0.003937007874015741,
898655,20230503000635,00599285,서플러스글로벌,140070,주요사항보고서(자기주식취득신탁계약체결결정),2023-05-03,KOSDAQ,3775.0,3710.0,3795.0,3685.0,-0.017218543046357615,0.005298013245033095,-0.02384105960264904,
810964,20231031000266,00599285,서플러스글로벌,140070,주요사항보고서(자기주식취득신탁계약체결결정),2023-10-31,KOSDAQ,2905.0,2955.0,3140.0,3200.0,0.01721170395869187,0.08089500860585197,0.10154905335628217,
657294,20240430000677,00599285,서플러스글로벌,140070,[연장결정]주요사항보고서(자기주식취득신탁계약체결결정),2024-04-30,KOSDAQ,3610.0,3720.0,3735.0,3710.0,0.030470914127423754,0.03462603878116344,0.027700831024930705,
1050753,20221017000120,00596677,매커스,093520,주요사항보고서(자기주식취득결정),2022-10-17,KOSDAQ,6250.0,6360.0,6310.0,6420.0,0.01760000000000006,0.009600000000000053,0.02719999999999989,
1033548,20221122000084,00596677,매커스,093520,자기주식취득결과보고서,2022-11-22,KOSDAQ,8060.0,8300.0,8390.0,8800.0,0.02977667493796532,0.04094292803970223,0.09181141439205964,
1033458,20221122000160,00596677,매커스,093520,주요사항보고서(자기주식취득결정),2022-11-22,KOSDAQ,8060.0,8300.0,8390.0,8800.0,0.02977667493796532,0.04094292803970223,0.09181141439205964,
997679,20230206000269,00596677,매커스,093520,자기주식취득결과보고서,2023-02-06,KOSDAQ,8870.0,8920.0,9470.0,8630.0,0.005636978579481422,0.06764374295377684,-0.027057497181510737,
905014,20230424000188,00596677,매커스,093520,주요사항보고서(자기주식취득결정),2023-04-24,KOSDAQ,9740.0,9960.0,9890.0,10210.0,0.022587268993839782,0.015400410677617993,0.04825462012320325,
856662,20230727000452,00596677,매커스,093520,자기주식취득결과보고서,2023-07-27,KOSDAQ,12870.0,13080.0,13060.0,12340.0,0.01631701631701632,0.01476301476301467,-0.041181041181041156,
838362,20230828000307,00596677,매커스,093520,주요사항보고서(자기주식취득결정),2023-08-28,KOSDAQ,10720.0,11000.0,11080.0,11320.0,0.026119402985074647,0.033582089552238736,0.05597014925373145,
795842,20231128000400,00596677,매커스,093520,자기주식취득결과보고서,2023-11-28,KOSDAQ,9420.0,9240.0,9300.0,8790.0,-0.019108280254777066,-0.01273885350318471,-0.06687898089171973,
607821,20240806000201,00596677,매커스,093520,주요사항보고서(자기주식취득결정),2024-08-06,KOSDAQ,8380.0,8760.0,8680.0,9410.0,0.04534606205250591,0.03579952267303099,0.1229116945107398,
572351,20241010000434,00596677,매커스,093520,자기주식취득결과보고서,2024-10-10,KOSDAQ,9620.0,9510.0,9620.0,9200.0,-0.011434511434511463,0.0,-0.043659043659043606,
558155,20241113000199,00596677,매커스,093520,주요사항보고서(자기주식취득결정),2024-11-13,KOSDAQ,7960.0,8410.0,8420.0,8490.0,0.05653266331658302,0.057788944723618174,0.06658291457286425,
526042,20250107000126,00596677,매커스,093520,자기주식취득결과보고서,2025-01-07,KOSDAQ,9290.0,9320.0,9220.0,9200.0,0.0032292787944026013,-0.00753498385360607,-0.009687836383207804,
525882,20250107000309,00596677,매커스,093520,주요사항보고서(자기주식취득결정),2025-01-07,KOSDAQ,9290.0,9320.0,9220.0,9200.0,0.0032292787944026013,-0.00753498385360607,-0.009687836383207804,
460713,20250328000857,00596677,매커스,093520,자기주식취득결과보고서,2025-03-28,KOSDAQ,9490.0,9200.0,10080.0,10370.0,-0.030558482613277094,0.06217070600632235,0.09272918861959956,
455365,20250331002633,00596677,매커스,093520,주요사항보고서(자기주식취득결정),2025-03-31,KOSDAQ,9200.0,10080.0,10220.0,9710.0,0.09565217391304337,0.11086956521739122,0.05543478260869561,
394184,20250526000214,00596677,매커스,093520,자기주식취득결과보고서,2025-05-26,KOSDAQ,11770.0,11860.0,12290.0,13200.0,0.007646559048428259,0.04418011894647411,0.12149532710280364,
266635,20260129000256,00596677,매커스,093520,주요사항보고서(자기주식취득결정),2026-01-29,KOSDAQ,23450.0,23900.0,23100.0,22250.0,0.019189765458422103,-0.014925373134328401,-0.05117270788912576,
21816,20260427000310,00596677,매커스,093520,자기주식취득결과보고서,2026-04-27,KOSDAQ,27550.0,26400.0,27000.0,27600.0,-0.04174228675136116,-0.019963702359346636,0.001814882032667775,
1049896,20221019000031,01160974,바이오에프디엔씨,251120,주요사항보고서(자기주식취득신탁계약체결결정),2022-10-19,KOSDAQ,16000.0,15800.0,15900.0,16250.0,-0.012499999999999956,-0.006249999999999978,0.015625,
1049320,20221020000066,00390365,토비스,051360,주요사항보고서(자기주식취득결정),2022-10-20,KOSDAQ,8090.0,8250.0,8350.0,8650.0,0.01977750309023496,0.03213844252163156,0.06922126081582203,
1035817,20221115000140,00390365,토비스,051360,자기주식취득결과보고서,2022-11-15,KOSDAQ,8880.0,8860.0,8820.0,8770.0,-0.0022522522522522292,-0.006756756756756799,-0.012387387387387427,
733752,20240311000112,00390365,토비스,051360,주요사항보고서(자기주식취득결정),2024-03-11,KOSDAQ,16250.0,16760.0,16650.0,16180.0,0.031384615384615344,0.024615384615384706,-0.004307692307692346,
697787,20240402001792,00390365,토비스,051360,자기주식취득결과보고서,2024-04-02,KOSDAQ,16300.0,16370.0,16570.0,16440.0,0.004294478527607337,0.016564417177914015,0.008588957055214674,
540807,20241211000066,00390365,토비스,051360,주요사항보고서(자기주식취득결정),2024-12-11,KOSDAQ,17420.0,17750.0,17770.0,19770.0,0.01894374282433975,0.020091848450057403,0.134902411021814,
524201,20250110000514,00390365,토비스,051360,자기주식취득결과보고서,2025-01-10,KOSDAQ,21300.0,21200.0,20850.0,20650.0,-0.0046948356807511304,-0.021126760563380254,-0.030516431924882625,
400300,20250515000438,00390365,토비스,051360,주요사항보고서(자기주식취득결정),2025-05-15,KOSDAQ,16310.0,16550.0,16520.0,15600.0,0.014714898835070489,0.012875536480686733,-0.04353157572041688,
387242,20250602000679,00390365,토비스,051360,자기주식취득결과보고서,2025-06-02,KOSDAQ,14850.0,14810.0,14870.0,15110.0,-0.002693602693602748,0.0013468013468014295,0.017508417508417473,
275734,20260109000149,00390365,토비스,051360,주요사항보고서(자기주식취득결정),2026-01-09,KOSDAQ,15740.0,15640.0,15360.0,15020.0,-0.006353240152477735,-0.02414231257941546,-0.04574332909783985,
264602,20260202000030,00390365,토비스,051360,자기주식취득결과보고서,2026-02-02,KOSDAQ,15050.0,15750.0,15860.0,15860.0,0.04651162790697683,0.05382059800664463,0.05382059800664463,
1048747,20221021000089,00103662,광명전기,017040,주요사항보고서(자기주식취득신탁계약체결결정),2022-10-21,KOSPI,2010.0,2075.0,2050.0,2080.0,0.03233830845771135,0.01990049751243772,0.03482587064676612,
906530,20230420000180,00103662,광명전기,017040,[연장결정]주요사항보고서(자기주식취득신탁계약체결결정),2023-04-20,KOSPI,3090.0,2980.0,2810.0,2730.0,-0.035598705501618144,-0.09061488673139162,-0.11650485436893199,
663887,20240419000519,00103662,광명전기,017040,주요사항보고서(자기주식취득신탁계약해지결정),2024-04-19,KOSPI,2610.0,2555.0,2550.0,2720.0,-0.021072796934865856,-0.02298850574712641,0.04214559386973171,
562713,20241101000127,00103662,광명전기,017040,주요사항보고서(자기주식취득신탁계약체결결정),2024-11-01,KOSPI,1374.0,1403.0,1460.0,1565.0,0.021106259097525504,0.06259097525473067,0.1390101892285298,
407230,20250430000481,00103662,광명전기,017040,[연장결정]주요사항보고서(자기주식취득신탁계약체결결정),2025-04-30,KOSPI,1425.0,1426.0,1427.0,1629.0,0.00070175438596487,0.00140350877192974,0.14315789473684215,
366650,20250718000485,00103662,광명전기,017040,주요사항보고서(자기주식취득신탁계약해지결정),2025-07-18,KOSPI,1716.0,1715.0,1663.0,1113.0,-0.0005827505827505908,-0.030885780885780867,-0.35139860139860135,
1048677,20221021000163,00857480,사람인,143240,주요사항보고서(자기주식취득신탁계약체결결정),2022-10-21,KOSDAQ,31350.0,32050.0,31300.0,31700.0,0.022328548644338087,-0.0015948963317384823,0.011164274322169154,
982374,20230228003988,00857480,사람인,143240,주요사항보고서(자기주식취득신탁계약체결결정),2023-02-28,KOSDAQ,25900.0,25600.0,26150.0,25200.0,-0.01158301158301156,0.009652509652509744,-0.027027027027026973,
562131,20241104000151,00857480,사람인,143240,주요사항보고서(자기주식취득신탁계약체결결정),2024-11-04,KOSDAQ,16070.0,15950.0,15910.0,15510.0,-0.007467330429371533,-0.00995644057249534,-0.034847542003733634,
119242,20260611000454,00857480,사람인,143240,주요사항보고서(자기주식취득신탁계약체결결정),2026-06-11,KOSDAQ,15850.0,16770.0,16800.0,16500.0,0.05804416403785484,0.05993690851735023,0.04100946372239744,
1048647,20221021000199,00616290,이엠넷,123570,주요사항보고서(자기주식취득신탁계약체결결정),2022-10-21,KOSDAQ,3620.0,3700.0,3670.0,3680.0,0.022099447513812098,0.013812154696132506,0.016574585635359185,
904669,20230424000544,00616290,이엠넷,123570,주요사항보고서(자기주식취득신탁계약해지결정),2023-04-25,KOSDAQ,3835.0,3765.0,3755.0,3835.0,-0.018252933507170832,-0.020860495436766602,0.0,
904668,20230424000548,00616290,이엠넷,123570,주요사항보고서(자기주식취득신탁계약해지결정),2023-04-25,KOSDAQ,3835.0,3765.0,3755.0,3835.0,-0.018252933507170832,-0.020860495436766602,0.0,
1048640,20221021000211,00261373,마크로젠,038290,주요사항보고서(자기주식취득신탁계약체결결정),2022-10-21,KOSDAQ,19000.0,19650.0,19650.0,20000.0,0.03421052631578947,0.03421052631578947,0.05263157894736836,
1048229,20221024000055,01454341,플래티어,367000,주요사항보고서(자기주식취득신탁계약체결결정),2022-10-24,KOSDAQ,9450.0,9460.0,9440.0,9590.0,0.0010582010582009804,-0.0010582010582010914,0.014814814814814836,
904979,20230424000258,01454341,플래티어,367000,[연장결정]주요사항보고서(자기주식취득신탁계약체결결정),2023-04-24,KOSDAQ,12090.0,12170.0,12040.0,12010.0,0.006617038875103454,-0.0041356492969396585,-0.006617038875103343,
1047055,20221026000213,00956930,동아에스티,170900,주요사항보고서(자기주식취득결정),2022-10-26,KOSPI,46547.0,47717.0,48077.0,51138.0,0.025135884160096156,0.0328700023632027,0.09863149075128375,
1002821,20230125000309,00956930,동아에스티,170900,자기주식취득결과보고서,2023-01-25,KOSPI,56623.0,57632.0,59100.0,59100.0,0.017819613937799073,0.04374547445384391,0.04374547445384391,
1002553,20230126000063,00956930,동아에스티,170900,주요사항보고서(자기주식취득결정),2023-01-26,KOSPI,57632.0,59100.0,58733.0,59100.0,0.025471960022209972,0.019103970016657312,0.025471960022209972,
903815,20230426000199,00956930,동아에스티,170900,자기주식취득결과보고서,2023-04-26,KOSPI,50290.0,50198.0,50198.0,51943.0,-0.0018293895406641392,-0.0018293895406641392,0.03286935772519395,
903791,20230426000218,00956930,동아에스티,170900,주요사항보고서(자기주식취득결정),2023-04-26,KOSPI,50290.0,50198.0,50198.0,51943.0,-0.0018293895406641392,-0.0018293895406641392,0.03286935772519395,
857749,20230726000013,00956930,동아에스티,170900,자기주식취득결과보고서,2023-07-26,KOSPI,46253.0,47537.0,48179.0,49464.0,0.027760361490065444,0.04164054223509828,0.06942252394439286,
857598,20230726000183,00956930,동아에스티,170900,주요사항보고서(자기주식취득결정),2023-07-26,KOSPI,46253.0,47537.0,48179.0,49464.0,0.027760361490065444,0.04164054223509828,0.06942252394439286,
815966,20231019000284,00956930,동아에스티,170900,자기주식취득결과보고서,2023-10-19,KOSPI,51759.0,51208.0,51300.0,49831.0,-0.010645491605324686,-0.008868022952529975,-0.03724956046291461,
1046872,20221026000391,00129509,한익스프레스,014130,주요사항보고서(자기주식취득결정),2022-10-26,KOSPI,4280.0,4395.0,4455.0,4550.0,0.026869158878504606,0.04088785046728982,0.06308411214953269,
1018262,20221219000191,00129509,한익스프레스,014130,자기주식취득결과보고서,2022-12-19,KOSPI,5210.0,5170.0,5180.0,5300.0,-0.007677543186180413,-0.0057581573896353655,0.017274472168905985,
1046784,20221026000460,01135941,원익IPS,240810,주요사항보고서(자기주식취득신탁계약체결결정),2022-10-26,KOSDAQ,26900.0,27350.0,26100.0,26550.0,0.016728624535315983,-0.029739776951672847,-0.013011152416356864,
1047044,20221026800267,00116824,동아쏘시오홀딩스,000640,주요사항보고서(자기주식취득결정)(자회사의 주요경영사항),2022-10-26,KOSPI,93402.0,95761.0,96232.0,97648.0,0.025256418492109356,0.030299137063446224,0.0454594120040257,
1002552,20230126800123,00116824,동아쏘시오홀딩스,000640,주요사항보고서(자기주식취득결정)(자회사의 주요경영사항),2023-01-26,KOSPI,96138.0,94345.0,93685.0,93874.0,-0.01865027356508353,-0.025515404938733943,-0.0235494809544613,
903784,20230426800178,00116824,동아쏘시오홀딩스,000640,주요사항보고서(자기주식취득결정)(자회사의 주요경영사항),2023-04-26,KOSPI,78213.0,77552.0,78024.0,77930.0,-0.008451280477669965,-0.002416478079091733,-0.003618324319486499,
857592,20230726800249,00116824,동아쏘시오홀딩스,000640,주요사항보고서(자기주식취득결정)(자회사의 주요경영사항),2023-07-26,KOSPI,74344.0,77364.0,79251.0,78024.0,0.04062197352846231,0.06600398149144526,0.04949962337243097,
1046782,20221026900589,00216647,원익홀딩스,030530,주요사항보고서(자기주식취득신탁계약체결결정)(자회사의 주요경영사항),2022-10-26,KOSDAQ,3215.0,3330.0,3205.0,3230.0,0.035769828926905056,-0.0031104199066873672,0.004665629860031162,
1046387,20221027000260,00154329,TP,007980,주요사항보고서(자기주식취득신탁계약체결결정),2022-10-27,KOSPI,1195.0,1190.0,1200.0,1245.0,-0.004184100418409997,0.004184100418409997,0.04184100418410042,
903390,20230426000633,00154329,TP,007980,주요사항보고서(자기주식취득신탁계약해지결정),2023-04-26,KOSPI,1546.0,1526.0,1512.0,1523.0,-0.012936610608020649,-0.021992238033635148,-0.01487710219922378,
544703,20241202000286,00154329,TP,007980,주요사항보고서(자기주식취득신탁계약체결결정),2024-12-02,KOSPI,1356.0,1373.0,1500.0,1310.0,0.012536873156342221,0.10619469026548667,-0.03392330383480824,
386431,20250602001338,00154329,TP,007980,주요사항보고서(자기주식취득신탁계약해지결정),2025-06-02,KOSPI,1458.0,1490.0,1510.0,1482.0,0.021947873799725626,0.03566529492455417,0.016460905349794164,
309955,20251113000803,00154329,TP,007980,주요사항보고서(자기주식취득신탁계약체결결정),2025-11-13,KOSPI,1786.0,1872.0,2010.0,1826.0,0.04815229563269874,0.12541993281075037,0.022396416573348343,
12145,20260512000587,00154329,TP,007980,주요사항보고서(자기주식취득신탁계약해지결정),2026-05-12,KOSPI,2050.0,1993.0,2000.0,1926.0,-0.027804878048780513,-0.024390243902439046,-0.060487804878048834,
1045735,20221028000104,00164724,현대엘리베이터,017800,주요사항보고서(자기주식취득결정),2022-10-28,KOSPI,25950.0,25200.0,25500.0,25550.0,-0.028901734104046284,-0.017341040462427793,-0.015414258188824692,
999843,20230131000300,00164724,현대엘리베이터,017800,자기주식취득결과보고서,2023-01-31,KOSPI,29800.0,30150.0,29200.0,28700.0,0.011744966442952975,-0.020134228187919434,-0.03691275167785235,
898404,20230504000100,00164724,현대엘리베이터,017800,주요사항보고서(자기주식취득신탁계약체결결정),2023-05-04,KOSPI,35900.0,35050.0,36500.0,42100.0,-0.0236768802228412,0.01671309192200554,0.1727019498607243,
865818,20230706000041,00164724,현대엘리베이터,017800,주요사항보고서(자기주식취득신탁계약체결결정),2023-07-06,KOSPI,39050.0,39450.0,39650.0,40650.0,0.010243277848911658,0.015364916773367376,0.04097311139564663,
825202,20230922000378,00164724,현대엘리베이터,017800,주요사항보고서(자기주식취득신탁계약체결결정),2023-09-22,KOSPI,43250.0,43650.0,43000.0,42800.0,0.009248554913294793,-0.005780346820809301,-0.010404624277456698,
811897,20231027000543,00164724,현대엘리베이터,017800,[연장결정]주요사항보고서(자기주식취득신탁계약체결결정),2023-10-30,KOSPI,44150.0,43200.0,42350.0,47000.0,-0.021517553793884536,-0.040770101925254765,0.06455266138165339,
811896,20231027000545,00164724,현대엘리베이터,017800,주요사항보고서(자기주식취득신탁계약해지결정),2023-10-30,KOSPI,44150.0,43200.0,42350.0,47000.0,-0.021517553793884536,-0.040770101925254765,0.06455266138165339,
773937,20240105000453,00164724,현대엘리베이터,017800,주요사항보고서(자기주식취득신탁계약해지결정),2024-01-05,KOSPI,41650.0,41150.0,41750.0,40300.0,-0.01200480192076836,0.0024009603841537164,-0.032412965186074394,
718386,20240321001626,00164724,현대엘리베이터,017800,주요사항보고서(자기주식취득신탁계약해지결정),2024-03-21,KOSPI,41300.0,40950.0,40400.0,41450.0,-0.008474576271186418,-0.021791767554479424,0.00363196125907983,
654619,20240507000454,00164724,현대엘리베이터,017800,주요사항보고서(자기주식취득신탁계약해지결정),2024-05-07,KOSPI,40350.0,40500.0,40450.0,41150.0,0.0037174721189590088,0.0024783147459728205,0.019826517967781898,
1044552,20221101000008,00155948,로젠,033290,주요사항보고서(자기주식취득결정),2022-11-01,KOSDAQ,4360.0,4386.0,4275.0,4505.0,0.00596330275229362,-0.019495412844036664,0.03325688073394506,
1017964,20221220000170,00155948,로젠,033290,자기주식취득결과보고서,2022-12-20,KOSDAQ,4011.0,4173.0,4190.0,4122.0,0.04038893044128655,0.04462727499376706,0.027673896783844354,
1017904,20221220000229,00155948,로젠,033290,주요사항보고서(자기주식취득결정),2022-12-20,KOSDAQ,4011.0,4173.0,4190.0,4122.0,0.04038893044128655,0.04462727499376706,0.027673896783844354,
962115,20230321000367,00155948,로젠,033290,자기주식취득결과보고서,2023-03-21,KOSDAQ,4249.0,4139.0,3900.0,3998.0,-0.02588844433984472,-0.08213697340550719,-0.05907272299364552,
624490,20240628000242,00155948,로젠,033290,주요사항보고서(자기주식취득결정),2024-06-28,KOSDAQ,2665.0,2750.0,2670.0,2660.0,0.031894934333958735,0.0018761726078799779,-0.0018761726078799779,
608468,20240805000051,00155948,로젠,033290,자기주식취득결과보고서,2024-08-05,KOSDAQ,2155.0,2335.0,2320.0,2335.0,0.08352668213457082,0.07656612529002316,0.08352668213457082,
542742,20241206000109,00155948,로젠,033290,주요사항보고서(자기주식취득결정),2024-12-06,KOSDAQ,1985.0,1850.0,2010.0,2115.0,-0.06801007556675065,0.012594458438287104,0.06549118387909325,
518912,20250123000227,00155948,로젠,033290,자기주식취득결과보고서,2025-01-23,KOSDAQ,2125.0,2120.0,2110.0,,-0.0023529411764705577,-0.007058823529411784,,
1044535,20221101000020,00577380,신진에스엠,138070,주요사항보고서(자기주식취득신탁계약체결결정),2022-11-01,KOSDAQ,2860.0,2885.0,2920.0,2935.0,0.00874125874125875,0.020979020979021046,0.02622377622377625,
901907,20230428000039,00577380,신진에스엠,138070,[연장결정]주요사항보고서(자기주식취득신탁계약체결결정),2023-04-28,KOSDAQ,2565.0,2615.0,2620.0,2600.0,0.01949317738791434,0.021442495126705596,0.013645224171539905,
809703,20231102000231,00577380,신진에스엠,138070,주요사항보고서(자기주식취득신탁계약해지결정),2023-11-02,KOSDAQ,2735.0,2750.0,2760.0,2775.0,0.005484460694698434,0.009140767824497242,0.014625228519195677,
1043585,20221103000041,00561732,아스플로,159010,주요사항보고서(자기주식취득신탁계약체결결정),2022-11-03,KOSDAQ,9750.0,9290.0,9570.0,10100.0,-0.04717948717948717,-0.018461538461538418,0.03589743589743599,
799683,20231120000376,00561732,아스플로,159010,주요사항보고서(자기주식취득신탁계약체결결정),2023-11-20,KOSDAQ,10000.0,9970.0,10280.0,10170.0,-0.0030000000000000027,0.028000000000000025,0.016999999999999904,
644199,20240527000036,00561732,아스플로,159010,주요사항보고서(자기주식취득신탁계약체결결정),2024-05-27,KOSDAQ,9820.0,10100.0,10010.0,10090.0,0.02851323828920571,0.019348268839103788,0.027494908350305547,
1042458,20221107000057,00398808,디지털대성,068930,주요사항보고서(자기주식취득신탁계약체결결정),2022-11-07,KOSDAQ,6650.0,6640.0,6710.0,7070.0,-0.0015037593984962294,0.009022556390977376,0.06315789473684208,
897348,20230508000672,00398808,디지털대성,068930,주요사항보고서(자기주식취득신탁계약해지결정),2023-05-08,KOSDAQ,6320.0,6280.0,6270.0,6180.0,-0.006329113924050667,-0.007911392405063333,-0.022151898734177222,
893216,20230515000721,00398808,디지털대성,068930,주요사항보고서(자기주식취득신탁계약체결결정),2023-05-15,KOSDAQ,6180.0,6100.0,6220.0,6160.0,-0.012944983818770184,0.006472491909385036,-0.003236245954692518,
801154,20231115000285,00398808,디지털대성,068930,주요사항보고서(자기주식취득신탁계약해지결정),2023-11-15,KOSDAQ,6060.0,6000.0,6000.0,6190.0,-0.00990099009900991,-0.00990099009900991,0.021452145214521545,
306283,20251117000030,00398808,디지털대성,068930,주요사항보고서(자기주식취득신탁계약체결결정),2025-11-17,KOSDAQ,7640.0,7490.0,7540.0,7650.0,-0.01963350785340312,-0.01308900523560208,0.0013089005235602524,
48579,20260407000582,00398808,디지털대성,068930,주요사항보고서(자기주식취득신탁계약해지결정),2026-04-07,KOSDAQ,8030.0,8050.0,7890.0,8040.0,0.00249066002490661,-0.01743462017434616,0.001245330012453305,
1042447,20221107000085,00899556,제룡산업,147830,주요사항보고서(자기주식취득신탁계약체결결정),2022-11-07,KOSDAQ,3035.0,3040.0,3085.0,3105.0,0.0016474464579900872,0.016474464579901094,0.023064250411861664,
1040420,20221110000485,00331016,에프앤가이드,064850,주요사항보고서(자기주식취득신탁계약체결결정),2022-11-10,KOSDAQ,6260.0,6590.0,6760.0,6630.0,0.05271565495207664,0.07987220447284349,0.0591054313099042,
806250,20231110000285,00331016,에프앤가이드,064850,주요사항보고서(자기주식취득신탁계약해지결정),2023-11-10,KOSDAQ,6400.0,6490.0,6520.0,6480.0,0.014062500000000089,0.018750000000000044,0.012499999999999956,
1035931,20221115000031,00447609,비에이치,090460,주요사항보고서(자기주식취득신탁계약체결결정),2022-11-15,KOSPI,26000.0,26800.0,27750.0,26600.0,0.03076923076923066,0.06730769230769229,0.023076923076922995,
892961,20230515001143,00447609,비에이치,090460,주요사항보고서(자기주식취득신탁계약해지결정),2023-05-15,KOSPI,23700.0,23150.0,23600.0,24000.0,-0.02320675105485237,-0.00421940928270037,0.012658227848101333,
750495,20240220000313,00447609,비에이치,090460,주요사항보고서(자기주식취득신탁계약체결결정),2024-02-20,KOSPI,17640.0,17420.0,17620.0,17100.0,-0.012471655328798237,-0.0011337868480725266,-0.030612244897959218,
597197,20240819000117,00447609,비에이치,090460,주요사항보고서(자기주식취득신탁계약해지결정),2024-08-19,KOSPI,21000.0,21050.0,21000.0,20050.0,0.0023809523809523725,0.0,-0.04523809523809519,
539795,20241212000169,00447609,비에이치,090460,주요사항보고서(자기주식취득신탁계약체결결정),2024-12-12,KOSPI,17130.0,17490.0,18050.0,17810.0,0.021015761821365997,0.05370694687682431,0.039696438995913574,
384060,20250611000229,00447609,비에이치,090460,주요사항보고서(자기주식취득신탁계약해지결정),2025-06-11,KOSPI,12600.0,12570.0,12670.0,12730.0,-0.0023809523809523725,0.005555555555555536,0.01031746031746028,
1035747,20221115000212,00108038,엔피씨,004250,주요사항보고서(자기주식취득결정),2022-11-15,KOSPI,7230.0,7460.0,7510.0,6950.0,0.03181189488243441,0.03872752420470271,-0.0387275242047026,
989547,20230220002436,00108038,엔피씨,004250,자기주식취득결과보고서,2023-02-20,KOSPI,7220.0,7160.0,6970.0,6860.0,-0.008310249307479256,-0.03462603878116344,-0.049861495844875314,
697163,20240402002387,00108038,엔피씨,004250,주요사항보고서(자기주식취득결정),2024-04-02,KOSPI,5030.0,5040.0,5190.0,5130.0,0.001988071570576455,0.031809145129224614,0.01988071570576544,
643114,20240529000044,00108038,엔피씨,004250,자기주식취득결과보고서,2024-05-29,KOSPI,5110.0,5010.0,4985.0,5040.0,-0.019569471624266144,-0.024461839530332652,-0.013698630136986356,
607867,20240806000163,00108038,엔피씨,004250,주요사항보고서(자기주식취득결정),2024-08-06,KOSPI,3885.0,4150.0,4165.0,4285.0,0.06821106821106815,0.072072072072072,0.10296010296010305,
582149,20240912000423,00108038,엔피씨,004250,자기주식취득결과보고서,2024-09-12,KOSPI,4420.0,4475.0,4545.0,5000.0,0.012443438914027105,0.02828054298642524,0.13122171945701355,
579372,20240923000134,00108038,엔피씨,004250,주요사항보고서(자기주식취득결정),2024-09-23,KOSPI,4855.0,5000.0,4965.0,5030.0,0.029866117404737436,0.022657054582904124,0.036045314109165894,
555125,20241114002305,00108038,엔피씨,004250,자기주식취득결과보고서,2024-11-14,KOSPI,4400.0,4350.0,4380.0,4445.0,-0.011363636363636354,-0.004545454545454519,0.010227272727272751,
1035230,20221117000062,00129235,삼화왕관,004450,주요사항보고서(자기주식취득결정),2022-11-17,KOSPI,36400.0,36300.0,36800.0,37300.0,-0.0027472527472527375,0.01098901098901095,0.024725274725274637,
988653,20230222000209,00129235,삼화왕관,004450,자기주식취득결과보고서,2023-02-22,KOSPI,38800.0,38550.0,37550.0,39200.0,-0.006443298969072142,-0.03221649484536082,0.010309278350515427,
807112,20231109000160,00129235,삼화왕관,004450,주요사항보고서(자기주식취득결정),2023-11-09,KOSPI,32150.0,32150.0,32200.0,32650.0,0.0,0.0015552099533437946,0.015552099533437058,
751764,20240216000304,00129235,삼화왕관,004450,자기주식취득결과보고서,2024-02-16,KOSPI,32800.0,33300.0,33100.0,32750.0,0.015243902439024293,0.009146341463414531,-0.0015243902439023849,
539676,20241212000238,00129235,삼화왕관,004450,주요사항보고서(자기주식취득결정),2024-12-12,KOSPI,30800.0,30950.0,30950.0,30500.0,0.004870129870129913,0.004870129870129913,-0.009740259740259716,
478591,20250314000597,00129235,삼화왕관,004450,자기주식취득결과보고서,2025-03-14,KOSPI,30950.0,30800.0,30900.0,30750.0,-0.004846526655896577,-0.001615508885298822,-0.00646203554119551,
1032382,20221124000316,00137915,엠엑스로보틱스,007820,주요사항보고서(자기주식취득신탁계약체결결정),2022-11-24,KOSDAQ,5890.0,6060.0,5970.0,6070.0,0.028862478777589073,0.013582342954159499,0.03056027164685915,
887951,20230524000431,00137915,엠엑스로보틱스,007820,주요사항보고서(자기주식취득신탁계약해지결정),2023-05-24,KOSDAQ,7190.0,7230.0,6980.0,6870.0,0.0055632823365785455,-0.029207232267037586,-0.0445062586926287,
1031192,20221128000110,01366000,태성,323280,주요사항보고서(자기주식취득신탁계약체결결정),2022-11-28,KOSDAQ,1714.0,1724.0,1743.0,1762.0,0.005834305717619559,0.016919486581096876,0.028004667444574194,
1030831,20221128000475,00521390,뉴파워프라즈마,144960,주요사항보고서(자기주식취득결정),2022-11-28,KOSDAQ,3525.0,3680.0,3695.0,3750.0,0.04397163120567371,0.04822695035461,0.06382978723404253,
977800,20230306000446,00521390,뉴파워프라즈마,144960,자기주식취득결과보고서,2023-03-06,KOSDAQ,4435.0,4440.0,4430.0,4275.0,0.0011273957158963732,-0.0011273957158962622,-0.036076662908680945,
1028766,20221130000219,00157991,한국석유공업,004090,주요사항보고서(자기주식취득결정),2022-11-30,KOSPI,11350.0,11550.0,11600.0,11000.0,0.017621145374449254,0.022026431718061623,-0.03083700440528636,
1011248,20230102000098,00157991,한국석유공업,004090,자기주식취득결과보고서,2023-01-02,KOSPI,10000.0,10300.0,10300.0,10450.0,0.030000000000000027,0.030000000000000027,0.04499999999999993,
1028011,20221130001044,00132628,성문전자,014910,주요사항보고서(자기주식취득결정),2022-11-30,KOSPI,1810.0,1755.0,1735.0,1730.0,-0.03038674033149169,-0.04143646408839774,-0.04419889502762431,
991029,20230216001385,00132628,성문전자,014910,자기주식취득결과보고서,2023-02-16,KOSPI,1751.0,1720.0,1750.0,1737.0,-0.017704169046259266,-0.0005711022272987254,-0.0079954311821816,
1026336,20221202000221,00128412,삼진제약,005500,주요사항보고서(자기주식취득신탁계약체결결정),2022-12-02,KOSPI,26250.0,26500.0,26050.0,27650.0,0.00952380952380949,-0.007619047619047636,0.05333333333333323,
956764,20230324000229,00128412,삼진제약,005500,주요사항보고서(자기주식취득신탁계약체결결정),2023-03-24,KOSPI,20850.0,21350.0,21200.0,21200.0,0.023980815347721895,0.01678657074340517,0.01678657074340517,
880801,20230601000293,00128412,삼진제약,005500,주요사항보고서(자기주식취득신탁계약해지결정),2023-06-01,KOSPI,22550.0,22600.0,22700.0,21600.0,0.0022172949002217113,0.006651884700665134,-0.04212860310421285,
874921,20230616000117,00128412,삼진제약,005500,주요사항보고서(자기주식취득신탁계약체결결정),2023-06-16,KOSPI,21400.0,22100.0,22200.0,22400.0,0.032710280373831724,0.03738317757009346,0.04672897196261672,
825262,20230922000335,00128412,삼진제약,005500,주요사항보고서(자기주식취득신탁계약해지결정),2023-09-22,KOSPI,22200.0,21850.0,21950.0,21800.0,-0.015765765765765716,-0.011261261261261257,-0.018018018018018056,
783155,20231215000376,00128412,삼진제약,005500,주요사항보고서(자기주식취득신탁계약해지결정),2023-12-15,KOSPI,21750.0,21750.0,21700.0,21750.0,0.0,-0.0022988505747126853,0.0,
636864,20240603000028,00128412,삼진제약,005500,주요사항보고서(자기주식취득신탁계약체결결정),2024-06-03,KOSPI,19660.0,19700.0,19880.0,20050.0,0.0020345879959309254,0.011190233977619535,0.01983723296032558,
558210,20241113000118,00128412,삼진제약,005500,주요사항보고서(자기주식취득신탁계약체결결정),2024-11-13,KOSPI,17630.0,16920.0,16950.0,18760.0,-0.040272263187748125,-0.038570618264322176,0.06409529211571185,
544608,20241202000363,00128412,삼진제약,005500,주요사항보고서(자기주식취득신탁계약해지결정),2024-12-02,KOSPI,18690.0,18570.0,18300.0,17110.0,-0.006420545746388395,-0.020866773675762396,-0.08453718566078117,
403118,20250512000346,00128412,삼진제약,005500,주요사항보고서(자기주식취득신탁계약해지결정),2025-05-12,KOSPI,17880.0,17770.0,17840.0,17430.0,-0.00615212527964204,-0.0022371364653244186,-0.025167785234899376,
1019885,20221215000391,00143651,웅진,016880,주요사항보고서(자기주식취득신탁계약체결결정),2022-12-15,KOSPI,1200.0,1185.0,1165.0,1160.0,-0.012499999999999956,-0.029166666666666674,-0.033333333333333326,
875321,20230615000513,00143651,웅진,016880,주요사항보고서(자기주식취득신탁계약해지결정),2023-06-15,KOSPI,1515.0,1517.0,1520.0,1510.0,0.0013201320132012473,0.0033003300330032292,-0.0033003300330033403,
1016580,20221222000274,00121570,문배철강,008420,주요사항보고서(자기주식취득결정),2022-12-22,KOSPI,3395.0,3365.0,3355.0,3220.0,-0.008836524300441795,-0.01178203240058906,-0.05154639175257736,
960407,20230322000268,00121570,문배철강,008420,자기주식취득결과보고서,2023-03-22,KOSPI,3410.0,3360.0,3375.0,3445.0,-0.014662756598240456,-0.01026392961876832,0.01026392961876832,
760918,20240202000483,00121570,문배철강,008420,주요사항보고서(자기주식취득결정),2024-02-02,KOSPI,3140.0,3150.0,3090.0,3115.0,0.0031847133757962887,-0.015923566878980888,-0.0079617834394905,
715989,20240325000210,00121570,문배철강,008420,자기주식취득결과보고서,2024-03-25,KOSPI,2985.0,2995.0,2955.0,2900.0,0.003350083752093891,-0.01005025125628145,-0.028475711892797295,
554056,20241115000151,00121570,문배철강,008420,주요사항보고서(자기주식취득결정),2024-11-15,KOSPI,2290.0,2355.0,2495.0,2550.0,0.028384279475982543,0.08951965065502177,0.11353711790393017,
503914,20250217001439,00121570,문배철강,008420,자기주식취득결과보고서,2025-02-17,KOSPI,2175.0,2180.0,2210.0,2440.0,0.0022988505747125743,0.016091954022988464,0.12183908045977021,
1015162,20221226000280,00372226,티에스이,131290,주요사항보고서(자기주식취득결정),2022-12-26,KOSDAQ,38450.0,38950.0,38700.0,34000.0,0.013003901170351106,0.006501950585175553,-0.11573472041612487,
953850,20230328000166,00372226,티에스이,131290,자기주식취득결과보고서,2023-03-28,KOSDAQ,42300.0,43150.0,44800.0,41600.0,0.02009456264775422,0.05910165484633567,-0.01654846335697402,
1011161,20230102000177,01516368,산돌,419120,주요사항보고서(자기주식취득신탁계약체결결정),2023-01-02,KOSDAQ,6267.0,6369.0,6472.0,6780.0,0.016275730014361,0.03271102600925491,0.0818573480134035,
878846,20230608000001,01516368,산돌,419120,주요사항보고서(자기주식취득결정),2023-06-08,KOSDAQ,5866.0,5953.0,6411.0,6077.0,0.01483123082168425,0.09290828503239013,0.03596999659052158,
867062,20230703000357,01516368,산돌,419120,주요사항보고서(자기주식취득신탁계약해지결정),2023-07-03,KOSDAQ,5959.0,5887.0,5763.0,5563.0,-0.012082564188622302,-0.03289142473569395,-0.06645410303742239,
832366,20230905000204,01516368,산돌,419120,자기주식취득결과보고서,2023-09-05,KOSDAQ,4952.0,5034.0,4941.0,4890.0,0.016558966074313508,-0.0022213247172859774,-0.012520193861066287,
613567,20240724000068,01516368,산돌,419120,주요사항보고서(자기주식취득결정),2024-07-24,KOSDAQ,3688.0,3796.0,3899.0,3950.0,0.029284164859002093,0.05721258134490248,0.07104121475054237,
574806,20241002000326,01516368,산돌,419120,자기주식취득결과보고서,2024-10-02,KOSDAQ,3482.0,3482.0,3534.0,3477.0,0.0,0.014933946008041321,-0.0014359563469270586,
256724,20260210000733,01516368,산돌,419120,주요사항보고서(자기주식취득결정),2026-02-10,KOSDAQ,4140.0,4450.0,4430.0,4275.0,0.07487922705314021,0.07004830917874405,0.032608695652173836,
13651,20260508000893,01516368,산돌,419120,자기주식취득결과보고서,2026-05-08,KOSDAQ,3925.0,3825.0,3780.0,3715.0,-0.02547770700636942,-0.03694267515923566,-0.053503184713375784,
1010346,20230104000129,00626464,지엔씨에너지,119850,주요사항보고서(자기주식취득결정),2023-01-04,KOSDAQ,3720.0,3710.0,3765.0,3870.0,-0.0026881720430107503,0.012096774193548487,0.040322580645161255,
989186,20230221001688,00626464,지엔씨에너지,119850,자기주식취득결과보고서,2023-02-21,KOSDAQ,3920.0,3890.0,3865.0,3740.0,-0.007653061224489832,-0.014030612244897989,-0.04591836734693877,
805368,20231113000225,00626464,지엔씨에너지,119850,주요사항보고서(자기주식취득결정),2023-11-13,KOSDAQ,3920.0,4050.0,4110.0,4160.0,0.03316326530612246,0.04846938775510212,0.061224489795918435,
782035,20231219000162,00626464,지엔씨에너지,119850,자기주식취득결과보고서,2023-12-19,KOSDAQ,4270.0,4290.0,4295.0,4245.0,0.004683840749414525,0.005854800936768045,-0.005854800936768156,
271061,20260120000325,00626464,지엔씨에너지,119850,주요사항보고서(자기주식취득결정),2026-01-20,KOSDAQ,35750.0,34500.0,34400.0,36450.0,-0.034965034965035,-0.03776223776223775,0.019580419580419672,
264928,20260130000685,00626464,지엔씨에너지,119850,자기주식취득결과보고서,2026-01-30,KOSDAQ,36600.0,34350.0,36300.0,37800.0,-0.061475409836065587,-0.008196721311475419,0.032786885245901676,
1010321,20230104000159,00167031,흥국,010240,주요사항보고서(자기주식취득신탁계약체결결정),2023-01-04,KOSDAQ,5720.0,6050.0,6040.0,6020.0,0.05769230769230771,0.05594405594405605,0.0524475524475525,
1009534,20230105000420,01109715,DSC인베스트먼트,241520,주요사항보고서(자기주식취득신탁계약체결결정),2023-01-05,KOSDAQ,3420.0,3545.0,3640.0,3780.0,0.03654970760233911,0.06432748538011701,0.10526315789473695,
607950,20240806000055,01109715,DSC인베스트먼트,241520,주요사항보고서(자기주식취득신탁계약체결결정),2024-08-06,KOSDAQ,2680.0,2770.0,2885.0,3095.0,0.033582089552238736,0.07649253731343286,0.1548507462686568,
557040,20241114000403,01109715,DSC인베스트먼트,241520,주요사항보고서(자기주식취득신탁계약체결결정),2024-11-14,KOSDAQ,2645.0,2655.0,2725.0,2795.0,0.003780718336483968,0.030245746691871522,0.05671077504725908,
1004467,20230118000535,00101220,KG케미칼,001390,주요사항보고서(자기주식취득결정),2023-01-18,KOSPI,4480.0,4460.0,4510.0,4710.0,-0.004464285714285698,0.006696428571428603,0.05133928571428581,
917363,20230411002840,00101220,KG케미칼,001390,자기주식취득결과보고서,2023-04-11,KOSPI,9450.0,9420.0,8760.0,10500.0,-0.0031746031746031633,-0.07301587301587298,0.11111111111111116,
356192,20250811000531,00101220,KG케미칼,001390,주요사항보고서(자기주식취득결정),2025-08-11,KOSPI,4485.0,4870.0,4830.0,4770.0,0.0858416945373468,0.07692307692307687,0.0635451505016722,
326943,20250930000847,00101220,KG케미칼,001390,자기주식취득결과보고서,2025-09-30,KOSPI,4795.0,5100.0,5150.0,5200.0,0.06360792492179357,0.07403545359749741,0.08446298227320126,
46850,20260407002269,00101220,KG케미칼,001390,주요사항보고서(자기주식취득결정),2026-04-07,KOSPI,5220.0,5510.0,5470.0,5770.0,0.05555555555555558,0.04789272030651337,0.1053639846743295,
15490,20260506000629,00101220,KG케미칼,001390,자기주식취득결과보고서,2026-05-06,KOSPI,6320.0,6140.0,6110.0,5430.0,-0.02848101265822789,-0.03322784810126578,-0.14082278481012656,
1001476,20230127000213,01032404,콜마비앤에이치,200130,주요사항보고서(자기주식취득신탁계약체결결정),2023-01-27,KOSDAQ,30500.0,29550.0,29500.0,29150.0,-0.031147540983606503,-0.032786885245901676,-0.04426229508196722,
856527,20230727000502,01032404,콜마비앤에이치,200130,주요사항보고서(자기주식취득신탁계약해지결정),2023-07-27,KOSDAQ,17290.0,17280.0,17120.0,17630.0,-0.0005783689994216523,-0.009832272990167756,0.019664545980335513,
557712,20241113000526,01032404,콜마비앤에이치,200130,주요사항보고서(자기주식취득신탁계약체결결정),2024-11-13,KOSDAQ,11650.0,12800.0,12570.0,12600.0,0.09871244635193133,0.07896995708154497,0.0815450643776825,
401398,20250514000671,01032404,콜마비앤에이치,200130,주요사항보고서(자기주식취득신탁계약해지결정),2025-05-14,KOSDAQ,14120.0,14030.0,13700.0,14030.0,-0.006373937677053854,-0.029745042492917873,-0.006373937677053854,
998947,20230202000177,00858364,BNK금융지주,138930,주요사항보고서(자기주식취득신탁계약체결결정),2023-02-02,KOSPI,6860.0,6900.0,6820.0,6920.0,0.005830903790087438,-0.005830903790087438,0.008746355685131268,
854207,20230802000002,00858364,BNK금융지주,138930,주요사항보고서(자기주식취득신탁계약해지결정),2023-08-02,KOSPI,6710.0,6680.0,6750.0,6730.0,-0.0044709388971684305,0.005961251862891315,0.0029806259314455463,
760188,20240205000427,00858364,BNK금융지주,138930,주요사항보고서(자기주식취득신탁계약체결결정),2024-02-06,KOSPI,7500.0,7710.0,7820.0,7720.0,0.028000000000000025,0.04266666666666663,0.029333333333333433,
610061,20240731000319,00858364,BNK금융지주,138930,주요사항보고서(자기주식취득신탁계약체결결정),2024-07-31,KOSPI,9520.0,9630.0,9440.0,9210.0,0.011554621848739455,-0.008403361344537785,-0.03256302521008403,
597588,20240816000064,00858364,BNK금융지주,138930,주요사항보고서(자기주식취득신탁계약해지결정),2024-08-16,KOSPI,9500.0,9750.0,9920.0,10030.0,0.026315789473684292,0.04421052631578948,0.05578947368421061,
513606,20250206000430,00858364,BNK금융지주,138930,주요사항보고서(자기주식취득신탁계약체결결정),2025-02-06,KOSPI,11760.0,11660.0,11550.0,11230.0,-0.008503401360544172,-0.017857142857142905,-0.04506802721088432,
502791,20250219000082,00858364,BNK금융지주,138930,주요사항보고서(자기주식취득신탁계약해지결정),2025-02-19,KOSPI,11800.0,11800.0,11700.0,11810.0,0.0,-0.008474576271186418,0.0008474576271186862,
364047,20250725000256,00858364,BNK금융지주,138930,주요사항보고서(자기주식취득신탁계약해지결정),2025-07-25,KOSPI,15180.0,14430.0,14480.0,13810.0,-0.04940711462450598,-0.04611330698287219,-0.09025032938076416,
361257,20250731000352,00858364,BNK금융지주,138930,주요사항보고서(자기주식취득신탁계약체결결정),2025-07-31,KOSPI,14590.0,13810.0,14090.0,14620.0,-0.05346127484578478,-0.03427004797806721,0.0020562028786841324,
295172,20251205000031,00858364,BNK금융지주,138930,주요사항보고서(자기주식취득신탁계약해지결정),2025-12-05,KOSPI,15710.0,15600.0,15540.0,15260.0,-0.00700190961171232,-0.010821133036282626,-0.028644175684277573,
18005,20260430000910,00858364,BNK금융지주,138930,주요사항보고서(자기주식취득신탁계약체결결정),2026-04-30,KOSPI,18730.0,18200.0,18130.0,17640.0,-0.02829684997330484,-0.03203416978109985,-0.05819540843566473,
997896,20230206000062,00489243,동아엘텍,088130,주요사항보고서(자기주식취득신탁계약체결결정),2023-02-06,KOSDAQ,4030.0,4110.0,4100.0,4085.0,0.01985111662531014,0.017369727047146455,0.013647642679900818,
852198,20230807000222,00489243,동아엘텍,088130,주요사항보고서(자기주식취득신탁계약해지결정),2023-08-07,KOSDAQ,3540.0,3545.0,3530.0,3495.0,0.0014124293785311437,-0.0028248587570621764,-0.012711864406779627,
997484,20230206000356,00349097,케이티스카이라이프,053210,주요사항보고서(자기주식취득신탁계약체결결정),2023-02-06,KOSPI,8530.0,8240.0,8270.0,8140.0,-0.03399765533411492,-0.030480656506447823,-0.04572098475967179,
843056,20230816000172,00349097,케이티스카이라이프,053210,주요사항보고서(자기주식취득신탁계약해지결정),2023-08-16,KOSPI,6430.0,6420.0,6280.0,6270.0,-0.0015552099533436836,-0.023328149300155476,-0.02488335925349927,
997087,20230207000294,00688996,KB금융,105560,주요사항보고서(자기주식취득결정),2023-02-07,KOSPI,55500.0,55700.0,54200.0,53000.0,0.003603603603603567,-0.023423423423423406,-0.04504504504504503,
950380,20230329001436,00688996,KB금융,105560,자기주식취득결과보고서,2023-03-29,KOSPI,48050.0,47200.0,47650.0,47850.0,-0.01768990634755463,-0.008324661810613976,-0.004162330905306932,
858152,20230725000254,00688996,KB금융,105560,주요사항보고서(자기주식취득신탁계약체결결정),2023-07-25,KOSPI,47650.0,49600.0,51700.0,52800.0,0.04092339979013637,0.08499475341028329,0.1080797481636937,
758788,20240207000618,00688996,KB금융,105560,주요사항보고서(자기주식취득신탁계약체결결정),2024-02-07,KOSPI,64700.0,67600.0,69700.0,67700.0,0.04482225656877903,0.07727975270479126,0.04636785162287471,
613890,20240723000179,00688996,KB금융,105560,주요사항보고서(자기주식취득신탁계약체결결정),2024-07-23,KOSPI,88300.0,84600.0,84000.0,89300.0,-0.04190260475651186,-0.04869762174405434,0.011325028312570762,
609875,20240731000479,00688996,KB금융,105560,주요사항보고서(자기주식취득신탁계약해지결정),2024-07-31,KOSPI,87900.0,88300.0,83200.0,81600.0,0.004550625711035261,-0.05346985210466437,-0.07167235494880542,
607296,20240807000277,00688996,KB금융,105560,주요사항보고서(자기주식취득신탁계약해지결정),2024-08-07,KOSPI,81600.0,82200.0,81900.0,84400.0,0.007352941176470562,0.003676470588235281,0.03431372549019618,
566855,20241024000237,00688996,KB금융,105560,주요사항보고서(자기주식취득신탁계약체결결정),2024-10-24,KOSPI,93200.0,101000.0,96200.0,90300.0,0.08369098712446355,0.032188841201716833,-0.0311158798283262,
514498,20250205000299,00688996,KB금융,105560,주요사항보고서(자기주식취득결정),2025-02-05,KOSPI,91000.0,84900.0,86000.0,82000.0,-0.06703296703296702,-0.05494505494505497,-0.09890109890109888,
490604,20250304000411,00688996,KB금융,105560,주요사항보고서(자기주식취득신탁계약해지결정),2025-03-04,KOSPI,77900.0,76600.0,78600.0,77400.0,-0.016688061617458283,0.00898587933247752,-0.006418485237484006,
416682,20250414002206,00688996,KB금융,105560,자기주식취득결과보고서,2025-04-14,KOSPI,76100.0,78000.0,80000.0,82800.0,0.024967148488830526,0.05124835742444156,0.08804204993429687,
411258,20250424000368,00688996,KB금융,105560,주요사항보고서(자기주식취득결정),2025-04-24,KOSPI,84600.0,86900.0,86600.0,93200.0,0.027186761229314405,0.023640661938534313,0.10165484633569744,
406725,20250430001042,00688996,KB금융,105560,주요사항보고서(자기주식취득신탁계약해지결정),2025-04-30,KOSPI,90200.0,93200.0,93600.0,92200.0,0.03325942350332589,0.037694013303769314,0.022172949002217335,
374899,20250630000522,00688996,KB금융,105560,자기주식취득결과보고서,2025-06-30,KOSPI,110900.0,110800.0,113500.0,114400.0,-0.0009017132551848439,0.023444544634806164,0.03155996393146987,
364762,20250724000324,00688996,KB금융,105560,주요사항보고서(자기주식취득신탁계약체결결정),2025-07-24,KOSPI,117200.0,118800.0,110500.0,110900.0,0.013651877133105783,-0.057167235494880564,-0.05375426621160406,
275516,20260109000437,00688996,KB금융,105560,주요사항보고서(자기주식취득신탁계약해지결정),2026-01-09,KOSPI,126600.0,125500.0,128500.0,130900.0,-0.008688783570300118,0.01500789889415488,0.033965244865718835,
261346,20260205000367,00688996,KB금융,105560,주요사항보고서(자기주식취득결정),2026-02-05,KOSPI,139500.0,149300.0,151400.0,168500.0,0.07025089605734758,0.08530465949820787,0.20788530465949817,
40369,20260409001480,00688996,KB금융,105560,자기주식취득결과보고서,2026-04-09,KOSPI,154200.0,158300.0,156600.0,162300.0,0.02658884565499342,0.015564202334630295,0.05252918287937747,
23576,20260423000431,00688996,KB금융,105560,주요사항보고서(자기주식취득결정),2026-04-23,KOSPI,158000.0,157400.0,157400.0,160500.0,-0.0037974683544304,-0.0037974683544304,0.015822784810126667,
995757,20230209000394,00190321,케이티,030200,주요사항보고서(자기주식취득신탁계약체결결정),2023-02-09,KOSPI,33950.0,33500.0,33550.0,32250.0,-0.013254786450662692,-0.01178203240058906,-0.050073637702503726,
895655,20230511000450,00190321,케이티,030200,주요사항보고서(자기주식취득결정),2023-05-11,KOSPI,31250.0,31800.0,32000.0,31250.0,0.01760000000000006,0.02400000000000002,0.0,
854374,20230801000324,00190321,케이티,030200,자기주식취득결과보고서,2023-08-01,KOSPI,31050.0,30650.0,30400.0,31950.0,-0.012882447665056307,-0.020933977455716568,0.02898550724637672,
850703,20230809000692,00190321,케이티,030200,주요사항보고서(자기주식취득신탁계약해지결정),2023-08-09,KOSPI,31900.0,31900.0,32300.0,32350.0,0.0,0.012539184952978122,0.014106583072100332,
757832,20240208000001,00190321,케이티,030200,주요사항보고서(자기주식취득결정),2024-02-08,KOSPI,37650.0,38350.0,37850.0,42200.0,0.01859229747675961,0.005312084993359889,0.12084993359893748,
725614,20240315000185,00190321,케이티,030200,자기주식취득결과보고서,2024-03-15,KOSPI,38250.0,38000.0,37350.0,38750.0,-0.006535947712418277,-0.02352941176470591,0.013071895424836555,
507816,20250213000806,00190321,케이티,030200,주요사항보고서(자기주식취득신탁계약체결결정),2025-02-13,KOSPI,45200.0,46950.0,46800.0,47650.0,0.03871681415929196,0.03539823008849563,0.05420353982300874,
354471,20250813000724,00190321,케이티,030200,주요사항보고서(자기주식취득신탁계약해지결정),2025-08-13,KOSPI,54100.0,55700.0,55300.0,55400.0,0.02957486136783727,0.022181146025878062,0.02402957486136792,
257087,20260210000397,00190321,케이티,030200,주요사항보고서(자기주식취득신탁계약체결결정),2026-02-10,KOSPI,60700.0,62700.0,64300.0,68900.0,0.03294892915980241,0.05930807248764425,0.13509060955518937,
995650,20230209000456,00547583,하나금융지주,086790,주요사항보고서(자기주식취득신탁계약체결결정),2023-02-09,KOSPI,47850.0,48850.0,49000.0,44400.0,0.020898641588296796,0.024033437826541215,-0.07210031347962387,
842580,20230817000200,00547583,하나금융지주,086790,주요사항보고서(자기주식취득신탁계약해지결정),2023-08-17,KOSPI,38000.0,37550.0,38050.0,38550.0,-0.011842105263157876,0.001315789473684159,0.014473684210526416,
763060,20240131000244,00547583,하나금융지주,086790,주요사항보고서(자기주식취득신탁계약체결결정),2024-01-31,KOSPI,47800.0,52000.0,55900.0,55600.0,0.08786610878661083,0.16945606694560666,0.16317991631799167,
607318,20240807000261,00547583,하나금융지주,086790,주요사항보고서(자기주식취득신탁계약해지결정),2024-08-07,KOSPI,59400.0,59600.0,60300.0,61200.0,0.0033670033670034627,0.015151515151515138,0.030303030303030276,
565009,20241029000123,00547583,하나금융지주,086790,주요사항보고서(자기주식취득신탁계약체결결정),2024-10-29,KOSPI,65000.0,62600.0,59900.0,60700.0,-0.03692307692307695,-0.07846153846153847,-0.06615384615384612,
515435,20250204000177,00547583,하나금융지주,086790,주요사항보고서(자기주식취득신탁계약체결결정),2025-02-04,KOSPI,61500.0,61800.0,61400.0,60600.0,0.004878048780487809,-0.001626016260162566,-0.014634146341463428,
403034,20250512000462,00547583,하나금융지주,086790,주요사항보고서(자기주식취득신탁계약해지결정),2025-05-12,KOSPI,64900.0,64900.0,65500.0,66400.0,0.0,0.009244992295839749,0.023112480739599484,
372716,20250703000264,00547583,하나금융지주,086790,주요사항보고서(자기주식취득신탁계약해지결정),2025-07-03,KOSPI,87500.0,85400.0,85700.0,92200.0,-0.02400000000000002,-0.020571428571428574,0.0537142857142856,
363929,20250725000416,00547583,하나금융지주,086790,주요사항보고서(자기주식취득결정),2025-07-25,KOSPI,92500.0,84300.0,86000.0,82300.0,-0.08864864864864863,-0.07027027027027022,-0.11027027027027025,
322279,20251017000294,00547583,하나금융지주,086790,자기주식취득결과보고서,2025-10-17,KOSPI,86100.0,88400.0,88300.0,88000.0,0.026713124274099886,0.025551684088269466,0.022067363530778206,
318292,20251028000206,00547583,하나금융지주,086790,주요사항보고서(자기주식취득결정),2025-10-28,KOSPI,87900.0,85800.0,85900.0,87900.0,-0.023890784982935176,-0.022753128555176305,0.0,
270817,20260121000306,00547583,하나금융지주,086790,자기주식취득결과보고서,2026-01-21,KOSPI,99800.0,100500.0,101100.0,102700.0,0.007014028056112176,0.013026052104208485,0.029058116232465014,
265362,20260130000357,00547583,하나금융지주,086790,주요사항보고서(자기주식취득결정),2026-01-30,KOSPI,100100.0,103300.0,110200.0,114600.0,0.031968031968031996,0.10089910089910092,0.14485514485514495,
25733,20260420000380,00547583,하나금융지주,086790,자기주식취득결과보고서,2026-04-20,KOSPI,122700.0,123000.0,119500.0,124000.0,0.0024449877750611915,-0.026079869600652006,0.010594947025264867,
22656,20260424000404,00547583,하나금융지주,086790,주요사항보고서(자기주식취득결정),2026-04-24,KOSPI,123300.0,124000.0,127000.0,126600.0,0.005677210056772131,0.030008110300081103,0.02676399026763998,
995571,20230209000491,00137289,이엘씨,041520,주요사항보고서(자기주식취득신탁계약체결결정),2023-02-09,KOSDAQ,5220.0,5250.0,5080.0,5030.0,0.005747126436781658,-0.026819923371647514,-0.036398467432950166,
896847,20230509000622,00137289,이엘씨,041520,주요사항보고서(자기주식취득신탁계약체결결정),2023-05-09,KOSDAQ,5370.0,5430.0,5500.0,5410.0,0.011173184357541999,0.024208566108007368,0.007448789571694592,
849776,20230810000814,00137289,이엘씨,041520,주요사항보고서(자기주식취득신탁계약해지결정),2023-08-10,KOSDAQ,8320.0,8150.0,8180.0,7680.0,-0.02043269230769229,-0.016826923076923128,-0.07692307692307687,
806104,20231110000422,00137289,이엘씨,041520,주요사항보고서(자기주식취득신탁계약해지결정),2023-11-10,KOSDAQ,6770.0,6650.0,7090.0,7180.0,-0.017725258493353047,0.04726735598227472,0.06056129985228953,
995564,20230209000519,00253985,국보디자인,066620,주요사항보고서(자기주식취득결정),2023-02-09,KOSDAQ,17710.0,18490.0,18820.0,19700.0,0.04404291360813106,0.0626764539808018,0.11236589497459071,
918081,20230411002124,00253985,국보디자인,066620,자기주식취득결과보고서,2023-04-11,KOSDAQ,17890.0,18440.0,18100.0,17410.0,0.030743432084963773,0.01173840134153159,-0.02683063163778643,
988444,20230222001629,01074862,메가스터디교육,215200,주요사항보고서(자기주식취득신탁계약체결결정),2023-02-22,KOSDAQ,69100.0,71300.0,70000.0,67500.0,0.03183791606367592,0.013024602026049159,-0.02315484804630974,
829658,20230912000259,01074862,메가스터디교육,215200,주요사항보고서(자기주식취득신탁계약해지결정),2023-09-12,KOSDAQ,53200.0,53300.0,53500.0,52000.0,0.001879699248120259,0.005639097744360999,-0.022556390977443663,
780045,20231222000120,01074862,메가스터디교육,215200,주요사항보고서(자기주식취득신탁계약체결결정),2023-12-22,KOSDAQ,62200.0,62200.0,61100.0,63000.0,0.0,-0.01768488745980712,0.012861736334405238,
769001,20240118000186,01074862,메가스터디교육,215200,주요사항보고서(자기주식취득신탁계약체결결정),2024-01-18,KOSDAQ,56900.0,58400.0,58500.0,61500.0,0.026362038664323295,0.02811950790861162,0.08084358523725843,
740774,20240229001115,01074862,메가스터디교육,215200,주요사항보고서(자기주식취득신탁계약체결결정),2024-02-29,KOSDAQ,62000.0,63900.0,63600.0,62600.0,0.030645161290322687,0.02580645161290329,0.00967741935483879,
663391,20240422000180,01074862,메가스터디교육,215200,주요사항보고서(자기주식취득신탁계약체결결정),2024-04-22,KOSDAQ,63400.0,61700.0,61400.0,61900.0,-0.02681388012618302,-0.03154574132492116,-0.023659305993690816,
628384,20240624000039,01074862,메가스터디교육,215200,주요사항보고서(자기주식취득신탁계약해지결정),2024-06-24,KOSDAQ,57000.0,57100.0,56900.0,55600.0,0.0017543859649122862,-0.0017543859649122862,-0.024561403508771895,
619947,20240708000022,01074862,메가스터디교육,215200,주요사항보고서(자기주식취득신탁계약체결결정),2024-07-08,KOSDAQ,53700.0,55700.0,54700.0,53700.0,0.03724394785847296,0.01862197392923659,0.0,
612051,20240726000221,01074862,메가스터디교육,215200,주요사항보고서(자기주식취득신탁계약해지결정),2024-07-26,KOSDAQ,52100.0,51700.0,50500.0,51300.0,-0.007677543186180413,-0.030710172744721653,-0.015355086372360827,
589158,20240830000654,01074862,메가스터디교육,215200,주요사항보고서(자기주식취득신탁계약해지결정),2024-08-30,KOSDAQ,49250.0,48750.0,48050.0,47900.0,-0.010152284263959421,-0.024365482233502544,-0.02741116751269035,
566272,20241025000173,01074862,메가스터디교육,215200,주요사항보고서(자기주식취득신탁계약해지결정),2024-10-25,KOSDAQ,42100.0,42650.0,42900.0,43100.0,0.013064133016627011,0.019002375296912177,0.02375296912114022,
524377,20250110000293,01074862,메가스터디교육,215200,주요사항보고서(자기주식취득신탁계약해지결정),2025-01-10,KOSDAQ,40450.0,40550.0,40250.0,39750.0,0.0024721878862794533,-0.0049443757725586845,-0.017305315203955507,
429973,20250408002414,01074862,메가스터디교육,215200,주요사항보고서(자기주식취득신탁계약체결결정),2025-04-08,KOSDAQ,40950.0,44350.0,46000.0,46700.0,0.08302808302808296,0.12332112332112333,0.14041514041514036,
324841,20251010000194,01074862,메가스터디교육,215200,주요사항보고서(자기주식취득신탁계약해지결정),2025-10-10,KOSDAQ,43350.0,43900.0,42100.0,43850.0,0.012687427912341454,-0.028835063437139596,0.011534025374855927,
988366,20230222002107,00139454,애경산업,018250,주요사항보고서(자기주식취득신탁계약체결결정),2023-02-22,KOSPI,18480.0,18540.0,18580.0,19040.0,0.0032467532467532756,0.005411255411255311,0.030303030303030276,
840899,20230822000149,00139454,애경산업,018250,주요사항보고서(자기주식취득신탁계약해지결정),2023-08-22,KOSPI,21800.0,21100.0,21450.0,21400.0,-0.032110091743119296,-0.016055045871559592,-0.01834862385321101,
719524,20240321000567,00139454,애경산업,018250,주요사항보고서(자기주식취득신탁계약체결결정),2024-03-21,KOSPI,16260.0,16310.0,16290.0,18250.0,0.0030750307503075724,0.0018450184501845879,0.12238622386223863,
579401,20240923000085,00139454,애경산업,018250,주요사항보고서(자기주식취득신탁계약해지결정),2024-09-23,KOSPI,18070.0,18020.0,18660.0,18650.0,-0.0027670171555063128,0.0326508024349752,0.03209739900387376,
988321,20230222800445,00125080,AK홀딩스,006840,주요사항보고서(자기주식취득신탁계약체결결정)(자회사의 주요경영사항),2023-02-22,KOSPI,17630.0,17800.0,17770.0,18130.0,0.0096426545660806,0.00794100964265465,0.02836074872376626,
840893,20230822800169,00125080,AK홀딩스,006840,주요사항보고서(자기주식취득신탁계약해지결정)(자회사의 주요경영사항),2023-08-22,KOSPI,19270.0,18980.0,19380.0,19440.0,-0.015049299429164553,0.00570835495589006,0.008822003113648114,
719501,20240321800638,00125080,AK홀딩스,006840,주요사항보고서(자기주식취득신탁계약체결결정)(자회사의 주요경영사항),2024-03-21,KOSPI,15400.0,15700.0,15540.0,15560.0,0.01948051948051943,0.009090909090909038,0.010389610389610393,
579392,20240923800221,00125080,AK홀딩스,006840,주요사항보고서(자기주식취득신탁계약해지결정)(자회사의 주요경영사항),2024-09-23,KOSPI,13130.0,13130.0,12820.0,12890.0,0.0,-0.02361005331302357,-0.018278750952018252,
987417,20230223002423,00541163,이엠텍,091120,주요사항보고서(자기주식취득신탁계약체결결정),2023-02-23,KOSDAQ,20700.0,21550.0,21600.0,21800.0,0.04106280193236711,0.04347826086956519,0.0531400966183575,
841450,20230821000270,00541163,이엠텍,091120,[연장결정]주요사항보고서(자기주식취득신탁계약체결결정),2023-08-21,KOSDAQ,54500.0,54900.0,57700.0,54500.0,0.007339449541284404,0.05871559633027523,0.0,
748641,20240222001704,00541163,이엠텍,091120,주요사항보고서(자기주식취득신탁계약해지결정),2024-02-22,KOSDAQ,41050.0,39700.0,39000.0,36200.0,-0.032886723507917215,-0.049939098660170544,-0.11814859926918397,
488656,20250306000327,00541163,이엠텍,091120,주요사항보고서(자기주식취득신탁계약체결결정),2025-03-06,KOSDAQ,17110.0,16590.0,17000.0,17130.0,-0.03039158386908236,-0.006428988895382792,0.0011689070718878813,
438401,20250404002949,00541163,이엠텍,091120,주요사항보고서(자기주식취득신탁계약해지결정),2025-04-04,KOSDAQ,12600.0,11500.0,11440.0,12900.0,-0.08730158730158732,-0.09206349206349207,0.023809523809523725,
428351,20250409000499,00541163,이엠텍,091120,주요사항보고서(자기주식취득신탁계약체결결정),2025-04-09,KOSDAQ,11300.0,12600.0,12900.0,12800.0,0.11504424778761058,0.1415929203539823,0.1327433628318584,
985957,20230224004173,00169215,에너토크,019990,주요사항보고서(자기주식취득결정),2023-02-24,KOSDAQ,9580.0,9610.0,9700.0,10000.0,0.0031315240083507057,0.012526096033402823,0.04384133611691032,
899702,20230502000528,00169215,에너토크,019990,자기주식취득결과보고서,2023-05-02,KOSDAQ,8750.0,8740.0,8800.0,8720.0,-0.0011428571428571122,0.005714285714285783,-0.0034285714285714475,
984552,20230227005934,01459212,원준,382840,주요사항보고서(자기주식취득신탁계약체결결정),2023-02-27,KOSDAQ,22200.0,22350.0,23650.0,24550.0,0.006756756756756799,0.06531531531531543,0.10585585585585577,
982330,20230228004094,00219848,서희건설,035890,주요사항보고서(자기주식취득신탁계약체결결정),2023-02-28,KOSDAQ,2267.0,2344.0,2379.0,2322.0,0.033965593295103735,0.049404499338332686,0.024261138067931176,
878700,20230608000224,00219848,서희건설,035890,주요사항보고서(자기주식취득신탁계약체결결정),2023-06-08,KOSDAQ,2965.0,2994.0,3063.0,2916.0,0.009780775716694778,0.03305227655986509,-0.016526138279932545,
821849,20231004000325,00219848,서희건설,035890,주요사항보고서(자기주식취득신탁계약체결결정),2023-10-04,KOSDAQ,2574.0,2622.0,2685.0,2711.0,0.018648018648018683,0.04312354312354305,0.05322455322455322,
599156,20240814003161,00219848,서희건설,035890,주요사항보고서(자기주식취득신탁계약체결결정),2024-08-14,KOSDAQ,2645.0,2714.0,2697.0,2772.0,0.026086956521739202,0.019659735349716545,0.04801512287334586,
547615,20241128001211,00219848,서희건설,035890,주요사항보고서(자기주식취득신탁계약체결결정),2024-11-28,KOSDAQ,2791.0,2991.0,2987.0,3093.0,0.0716589036187747,0.07022572554639916,0.1082049444643498,
981085,20230228006473,00203290,콜마홀딩스,024720,주요사항보고서(자기주식취득신탁계약체결결정),2023-02-28,KOSPI,8010.0,8175.0,8245.0,8310.0,0.020599250936329527,0.02933832709113604,0.03745318352059934,
838470,20230828000175,00203290,콜마홀딩스,024720,주요사항보고서(자기주식취득신탁계약해지결정),2023-08-28,KOSPI,7690.0,7825.0,7775.0,7450.0,0.017555266579974083,0.01105331599479853,-0.031209362808842678,
798637,20231122000054,00203290,콜마홀딩스,024720,주요사항보고서(자기주식취득신탁계약체결결정),2023-11-22,KOSPI,7560.0,7100.0,7080.0,7200.0,-0.060846560846560815,-0.06349206349206349,-0.04761904761904767,
634906,20240607000376,00203290,콜마홀딩스,024720,주요사항보고서(자기주식취득신탁계약해지결정),2024-06-07,KOSPI,8860.0,8800.0,8710.0,9040.0,-0.006772009029345383,-0.0169300225733634,0.020316027088036037,
979340,20230303000107,00136378,신세계,004170,주요사항보고서(자기주식취득결정),2023-03-03,KOSPI,218500.0,214500.0,213000.0,207500.0,-0.01830663615560646,-0.02517162471395884,-0.05034324942791757,
880064,20230602000426,00136378,신세계,004170,자기주식취득결과보고서,2023-06-02,KOSPI,195700.0,197800.0,196500.0,192700.0,0.01073071027082273,0.004087889626980035,-0.015329586101175297,
654094,20240508000361,00136378,신세계,004170,주요사항보고서(자기주식취득신탁계약체결결정),2024-05-08,KOSPI,173200.0,177100.0,176700.0,172800.0,0.022517321016166214,0.020207852193995457,-0.002309468822170868,
556646,20241114000721,00136378,신세계,004170,주요사항보고서(자기주식취득신탁계약해지결정),2024-11-14,KOSPI,129400.0,130000.0,132000.0,129600.0,0.004636785162287493,0.020092735703245657,0.0015455950540959051,
978988,20230303000407,00352064,프리엠스,053160,주요사항보고서(자기주식취득결정),2023-03-03,KOSDAQ,7340.0,7700.0,7820.0,7490.0,0.04904632152588562,0.06539509536784749,0.02043596730245234,
879298,20230607000108,00352064,프리엠스,053160,자기주식취득결과보고서,2023-06-07,KOSDAQ,9030.0,9030.0,9170.0,9120.0,0.0,0.015503875968992276,0.009966777408637828,
245793,20260225003990,00352064,프리엠스,053160,주요사항보고서(자기주식취득결정),2026-02-25,KOSDAQ,6690.0,7380.0,7620.0,7470.0,0.10313901345291487,0.13901345291479816,0.11659192825112097,
78362,20260327000099,00352064,프리엠스,053160,자기주식취득결과보고서,2026-03-27,KOSDAQ,7480.0,7130.0,6920.0,8980.0,-0.046791443850267345,-0.07486631016042777,0.20053475935828868,
69391,20260331003102,00352064,프리엠스,053160,주요사항보고서(자기주식취득결정),2026-03-31,KOSDAQ,6920.0,8220.0,7980.0,9010.0,0.18786127167630062,0.15317919075144504,0.30202312138728327,
119552,20260611000124,00352064,프리엠스,053160,자기주식취득결과보고서,2026-06-11,KOSDAQ,7670.0,8000.0,8050.0,9460.0,0.0430247718383312,0.049543676662320735,0.2333767926988266,
117644,20260615000211,00352064,프리엠스,053160,주요사항보고서(자기주식취득결정),2026-06-15,KOSDAQ,8050.0,9240.0,9450.0,9600.0,0.14782608695652177,0.17391304347826098,0.1925465838509317,
978073,20230306000242,01310269,IPARK현대산업개발,294870,주요사항보고서(자기주식취득결정),2023-03-06,KOSPI,10430.0,11190.0,11080.0,11430.0,0.07286673058485138,0.06232023010546506,0.09587727708533067,
879884,20230602000576,01310269,IPARK현대산업개발,294870,자기주식취득결과보고서,2023-06-02,KOSPI,12520.0,12600.0,12620.0,12420.0,0.006389776357827559,0.007987220447284393,-0.007987220447284393,
463728,20250326001103,01310269,IPARK현대산업개발,294870,주요사항보고서(자기주식취득결정),2025-03-26,KOSPI,19770.0,21050.0,20800.0,21750.0,0.06474456246838645,0.05209914011127981,0.10015174506828539,
377649,20250625000603,01310269,IPARK현대산업개발,294870,자기주식취득결과보고서,2025-06-25,KOSPI,24950.0,24250.0,24300.0,22750.0,-0.028056112224448926,-0.02605210420841686,-0.0881763527054108,
304516,20251120000540,01310269,IPARK현대산업개발,294870,주요사항보고서(자기주식취득결정),2025-11-20,KOSPI,19030.0,20300.0,19810.0,19500.0,0.06673673147661585,0.04098791382028377,0.024697845507094085,
248049,20260223003876,01310269,IPARK현대산업개발,294870,자기주식취득결과보고서,2026-02-23,KOSPI,23900.0,23900.0,24300.0,22700.0,0.0,0.01673640167364021,-0.05020920502092052,
978019,20230306000272,00164636,HDC,012630,주요사항보고서(자기주식취득결정),2023-03-06,KOSPI,6470.0,6740.0,6680.0,6790.0,0.04173106646058722,0.032457496136012454,0.04945904173106652,
978037,20230306800472,00164636,HDC,012630,주요사항보고서(자기주식취득결정)(자회사의 주요경영사항),2023-03-06,KOSPI,6470.0,6740.0,6680.0,6790.0,0.04173106646058722,0.032457496136012454,0.04945904173106652,
879197,20230607000231,00164636,HDC,012630,자기주식취득결과보고서,2023-06-07,KOSPI,6650.0,6650.0,6700.0,6560.0,0.0,0.007518796992481258,-0.013533834586466176,
761853,20240201000561,00164636,HDC,012630,주요사항보고서(자기주식취득결정),2024-02-01,KOSPI,7910.0,8520.0,8480.0,8710.0,0.07711757269279396,0.07206068268015176,0.10113780025284447,
655395,20240503000464,00164636,HDC,012630,자기주식취득결과보고서,2024-05-03,KOSPI,8560.0,8530.0,8410.0,8170.0,-0.003504672897196248,-0.017523364485981352,-0.04556074766355145,
463805,20250326001064,00164636,HDC,012630,주요사항보고서(자기주식취득결정),2025-03-26,KOSPI,13920.0,14520.0,14750.0,15660.0,0.0431034482758621,0.05962643678160928,0.125,
463686,20250326802533,00164636,HDC,012630,주요사항보고서(자기주식취득결정)(자회사의 주요경영사항),2025-03-26,KOSPI,13920.0,14520.0,14750.0,15660.0,0.0431034482758621,0.05962643678160928,0.125,
377077,20250626000525,00164636,HDC,012630,자기주식취득결과보고서,2025-06-26,KOSPI,23100.0,22450.0,23500.0,23050.0,-0.02813852813852813,0.017316017316017396,-0.0021645021645021467,
304505,20251120800712,00164636,HDC,012630,주요사항보고서(자기주식취득결정)(자회사의 주요경영사항),2025-11-20,KOSPI,17200.0,17810.0,17440.0,17270.0,0.035465116279069786,0.013953488372093092,0.0040697674418603835,
977999,20230306000307,00357935,HDC현대EP,089470,주요사항보고서(자기주식취득결정),2023-03-06,KOSPI,4110.0,4265.0,4330.0,4330.0,0.03771289537712885,0.05352798053527974,0.05352798053527974,
879188,20230607000239,00357935,HDC현대EP,089470,자기주식취득결과보고서,2023-06-07,KOSPI,4960.0,4865.0,5000.0,4825.0,-0.019153225806451624,0.008064516129032251,-0.027217741935483875,
812230,20231027000338,00357935,HDC현대EP,089470,주요사항보고서(자기주식취득결정),2023-10-27,KOSPI,3775.0,4070.0,4065.0,4260.0,0.07814569536423832,0.07682119205298021,0.12847682119205306,
778924,20231226000316,00357935,HDC현대EP,089470,자기주식취득결과보고서,2023-12-26,KOSPI,4595.0,4475.0,4560.0,4455.0,-0.026115342763873728,-0.007616974972796564,-0.030467899891186034,
612473,20240725000414,00357935,HDC현대EP,089470,주요사항보고서(자기주식취득결정),2024-07-25,KOSPI,4050.0,4400.0,4445.0,4530.0,0.08641975308641969,0.09753086419753076,0.11851851851851847,
571552,20241011000475,00357935,HDC현대EP,089470,자기주식취득결과보고서,2024-10-11,KOSPI,4155.0,4140.0,4145.0,4020.0,-0.0036101083032491488,-0.002406738868832692,-0.032490974729241895,
976793,20230307000648,00160843,DB하이텍,000990,주요사항보고서(자기주식취득신탁계약체결결정),2023-03-07,KOSPI,45200.0,53000.0,50200.0,45150.0,0.17256637168141586,0.11061946902654873,-0.0011061946902655162,
831346,20230907000212,00160843,DB하이텍,000990,주요사항보고서(자기주식취득신탁계약해지결정),2023-09-07,KOSPI,52700.0,51500.0,51200.0,51800.0,-0.022770398481973486,-0.028462998102466774,-0.017077798861480087,
654631,20240507000423,00160843,DB하이텍,000990,주요사항보고서(자기주식취득신탁계약체결결정),2024-05-07,KOSPI,42800.0,44450.0,43350.0,42800.0,0.03855140186915884,0.012850467289719614,0.0,
560574,20241107000203,00160843,DB하이텍,000990,주요사항보고서(자기주식취득신탁계약해지결정),2024-11-07,KOSPI,36100.0,36000.0,34000.0,32350.0,-0.0027700831024930483,-0.05817174515235457,-0.10387811634349031,
528919,20241230000248,00160843,DB하이텍,000990,주요사항보고서(자기주식취득신탁계약체결결정),2024-12-30,KOSPI,33150.0,32900.0,33050.0,34400.0,-0.007541478129713397,-0.003016591251885359,0.03770739064856721,
375855,20250627000676,00160843,DB하이텍,000990,주요사항보고서(자기주식취득신탁계약해지결정),2025-06-27,KOSPI,46100.0,46800.0,46700.0,46000.0,0.015184381778741818,0.013015184381778733,-0.002169197396963085,
976777,20230307800978,00163345,DB,012030,주요사항보고서(자기주식취득신탁계약체결결정)(자회사의 주요경영사항),2023-03-07,KOSPI,1410.0,1441.0,1435.0,1450.0,0.021985815602836967,0.01773049645390068,0.028368794326241176,
560539,20241107800436,00163345,DB,012030,주요사항보고서(자기주식취득신탁계약해지결정)(자회사의 주요경영사항),2024-11-07,KOSPI,1554.0,1534.0,1475.0,1340.0,-0.012870012870012881,-0.05083655083655081,-0.13770913770913773,
528916,20241230800380,00163345,DB,012030,주요사항보고서(자기주식취득신탁계약체결결정)(자회사의 주요경영사항),2024-12-30,KOSPI,1304.0,1293.0,1299.0,1296.0,-0.008435582822085896,-0.0038343558282208923,-0.006134969325153339,
973449,20230310000595,00178754,동아지질,028100,주요사항보고서(자기주식취득신탁계약체결결정),2023-03-10,KOSPI,12220.0,12050.0,11630.0,12070.0,-0.013911620294599025,-0.048281505728314245,-0.01227495908346976,
829680,20230912000241,00178754,동아지질,028100,[연장결정]주요사항보고서(자기주식취득신탁계약체결결정),2023-09-12,KOSPI,12070.0,12140.0,12720.0,12520.0,0.0057995028997515075,0.05385252692626352,0.03728251864125931,
819672,20231010000642,00178754,동아지질,028100,주요사항보고서(자기주식취득신탁계약체결결정),2023-10-10,KOSPI,12700.0,13350.0,13370.0,13080.0,0.051181102362204633,0.052755905511810974,0.029921259842519587,
731452,20240312000825,00178754,동아지질,028100,주요사항보고서(자기주식취득신탁계약해지결정),2024-03-12,KOSPI,12890.0,13120.0,13130.0,12950.0,0.01784328937160584,0.018619084561675825,0.004654771140419012,
715166,20240325000854,00178754,동아지질,028100,주요사항보고서(자기주식취득신탁계약체결결정),2024-03-25,KOSPI,13110.0,13120.0,13260.0,12780.0,0.0007627765064837089,0.011441647597254079,-0.02517162471395884,
667775,20240412003833,00178754,동아지질,028100,주요사항보고서(자기주식취득신탁계약해지결정),2024-04-12,KOSPI,12680.0,12500.0,12060.0,12150.0,-0.014195583596214534,-0.04889589905362779,-0.04179810725552047,
607979,20240806000024,00178754,동아지질,028100,주요사항보고서(자기주식취득신탁계약체결결정),2024-08-06,KOSPI,12390.0,12910.0,12730.0,13910.0,0.04196933010492332,0.027441485068603777,0.1226795803066989,
577363,20240926000391,00178754,동아지질,028100,주요사항보고서(자기주식취득신탁계약해지결정),2024-09-26,KOSPI,12590.0,12640.0,12400.0,12090.0,0.003971405877680745,-0.015091342335186608,-0.039714058776807004,
571733,20241011000185,00178754,동아지질,028100,주요사항보고서(자기주식취득신탁계약체결결정),2024-10-11,KOSPI,12510.0,12900.0,12800.0,12560.0,0.031175059952038398,0.0231814548361311,0.003996802557953538,
514198,20250205000486,00178754,동아지질,028100,주요사항보고서(자기주식취득신탁계약해지결정),2025-02-05,KOSPI,13730.0,14010.0,13840.0,13430.0,0.02039329934450107,0.008011653313911182,-0.021849963583394083,
416308,20250414002372,00178754,동아지질,028100,[연장결정]주요사항보고서(자기주식취득신탁계약체결결정),2025-04-14,KOSPI,14080.0,14080.0,14200.0,14640.0,0.0,0.008522727272727293,0.03977272727272729,
413733,20250418000411,00178754,동아지질,028100,주요사항보고서(자기주식취득신탁계약해지결정),2025-04-18,KOSPI,14370.0,14640.0,14500.0,14540.0,0.018789144050104456,0.009046624913013224,0.011830201809325036,
397037,20250516000341,00178754,동아지질,028100,주요사항보고서(자기주식취득신탁계약체결결정),2025-05-16,KOSPI,14840.0,14850.0,15180.0,15390.0,0.0006738544474393926,0.022911051212938016,0.03706199460916437,
334789,20250912000117,00178754,동아지질,028100,주요사항보고서(자기주식취득신탁계약해지결정),2025-09-12,KOSPI,15320.0,15920.0,15850.0,15560.0,0.039164490861618884,0.034595300261096584,0.015665796344647598,
334629,20250912000253,00178754,동아지질,028100,주요사항보고서(자기주식취득신탁계약체결결정),2025-09-12,KOSPI,15320.0,15920.0,15850.0,15560.0,0.039164490861618884,0.034595300261096584,0.015665796344647598,
313299,20251107000099,00178754,동아지질,028100,주요사항보고서(자기주식취득신탁계약해지결정),2025-11-07,KOSPI,13480.0,15020.0,15340.0,15590.0,0.1142433234421365,0.13798219584569726,0.15652818991097917,
313069,20251107000304,00178754,동아지질,028100,주요사항보고서(자기주식취득신탁계약체결결정),2025-11-07,KOSPI,13480.0,15020.0,15340.0,15590.0,0.1142433234421365,0.13798219584569726,0.15652818991097917,
92510,20260317000484,00178754,동아지질,028100,주요사항보고서(자기주식취득신탁계약해지결정),2026-03-17,KOSPI,16410.0,18160.0,17800.0,17610.0,0.10664229128580138,0.08470444850700787,0.07312614259597816,
92243,20260317000694,00178754,동아지질,028100,주요사항보고서(자기주식취득신탁계약체결결정),2026-03-17,KOSPI,16410.0,18160.0,17800.0,17610.0,0.10664229128580138,0.08470444850700787,0.07312614259597816,
120465,20260610000089,00178754,동아지질,028100,주요사항보고서(자기주식취득신탁계약해지결정),2026-06-10,KOSPI,14220.0,14900.0,16080.0,16800.0,0.047819971870604716,0.13080168776371304,0.18143459915611815,
120258,20260610000346,00178754,동아지질,028100,주요사항보고서(자기주식취득신탁계약체결결정),2026-06-10,KOSPI,14220.0,14900.0,16080.0,16800.0,0.047819971870604716,0.13080168776371304,0.18143459915611815,
972430,20230313000122,00127255,삼영,003720,주요사항보고서(자기주식취득결정),2023-03-13,KOSPI,3160.0,2995.0,3130.0,3215.0,-0.05221518987341767,-0.009493670886076,0.017405063291139333,
874748,20230616000368,00127255,삼영,003720,자기주식취득결과보고서,2023-06-16,KOSPI,4230.0,4245.0,4100.0,4025.0,0.0035460992907800915,-0.030732860520094607,-0.048463356973995286,
561050,20241106000265,00127255,삼영,003720,주요사항보고서(자기주식취득결정),2024-11-06,KOSPI,4150.0,4160.0,4205.0,3785.0,0.002409638554216942,0.013253012048192847,-0.08795180722891571,
544630,20241202000351,00127255,삼영,003720,자기주식취득결과보고서,2024-12-02,KOSPI,3460.0,3515.0,3395.0,3115.0,0.01589595375722541,-0.018786127167630062,-0.0997109826589595,
971728,20230313000661,00141413,영화금속,012280,주요사항보고서(자기주식취득신탁계약체결결정),2023-03-13,KOSPI,897.0,923.0,1083.0,1008.0,0.02898550724637672,0.20735785953177266,0.12374581939799323,
762842,20240131000412,00141413,영화금속,012280,주요사항보고서(자기주식취득신탁계약해지결정),2024-01-31,KOSPI,893.0,916.0,925.0,918.0,0.025755879059350395,0.035834266517357216,0.027995520716685318,
650744,20240514000805,00141413,영화금속,012280,주요사항보고서(자기주식취득신탁계약체결결정),2024-05-14,KOSPI,880.0,895.0,896.0,956.0,0.017045454545454586,0.018181818181818077,0.08636363636363642,
545947,20241129001234,00141413,영화금속,012280,주요사항보고서(자기주식취득신탁계약체결결정),2024-11-29,KOSPI,816.0,811.0,828.0,827.0,-0.006127450980392135,0.014705882352941124,0.013480392156862697,
400970,20250514001104,00141413,영화금속,012280,주요사항보고서(자기주식취득신탁계약해지결정),2025-05-14,KOSPI,865.0,866.0,864.0,830.0,0.0011560693641619046,-0.0011560693641619046,-0.040462427745664775,
392794,20250528000361,00141413,영화금속,012280,주요사항보고서(자기주식취득신탁계약해지결정),2025-05-28,KOSPI,824.0,828.0,819.0,843.0,0.004854368932038833,-0.0060679611650485965,0.02305825242718451,
250536,20260213002783,00141413,영화금속,012280,주요사항보고서(자기주식취득신탁계약체결결정),2026-02-13,KOSPI,982.0,1043.0,1034.0,1123.0,0.062118126272912466,0.05295315682281054,0.14358452138492872,
114146,20260623000084,00141413,영화금속,012280,주요사항보고서(자기주식취득신탁계약체결결정),2026-06-23,KOSPI,793.0,850.0,789.0,,0.07187894073139978,-0.0050441361916772065,,
971446,20230313000872,00131780,SK네트웍스,001740,주요사항보고서(자기주식취득신탁계약체결결정),2023-03-13,KOSPI,4595.0,4540.0,4415.0,4155.0,-0.01196953210010876,-0.03917301414581065,-0.09575625680087052,
826465,20230920000379,00131780,SK네트웍스,001740,주요사항보고서(자기주식취득신탁계약해지결정),2023-09-20,KOSPI,6560.0,6400.0,6330.0,6100.0,-0.024390243902439046,-0.03506097560975607,-0.07012195121951215,
971303,20230313000953,01133217,카카오뱅크,323410,주요사항보고서(자기주식취득신탁계약체결결정),2023-03-14,KOSPI,24300.0,24350.0,24150.0,24500.0,0.002057613168724215,-0.006172839506172867,0.008230452674897082,
821318,20231005000313,01133217,카카오뱅크,323410,주요사항보고서(자기주식취득신탁계약해지결정),2023-10-05,KOSPI,22700.0,23200.0,23400.0,23250.0,0.022026431718061623,0.03083700440528636,0.02422907488986792,
961619,20230321000784,00128111,포스코엠텍,009520,주요사항보고서(자기주식취득결정),2023-03-21,KOSDAQ,12740.0,12970.0,13720.0,19130.0,0.018053375196232402,0.07692307692307687,0.5015698587127158,
871911,20230623000394,00128111,포스코엠텍,009520,자기주식취득결과보고서,2023-06-23,KOSDAQ,25750.0,25100.0,24450.0,23100.0,-0.025242718446601975,-0.05048543689320384,-0.1029126213592233,
961264,20230321001093,00155258,포스코스틸리온,058430,주요사항보고서(자기주식취득결정),2023-03-21,KOSPI,3370.0,3400.0,3285.0,4150.0,0.008902077151335286,-0.02522255192878342,0.2314540059347181,
913168,20230413000967,00155258,포스코스틸리온,058430,자기주식취득결과보고서,2023-04-13,KOSPI,4050.0,4650.0,6040.0,6200.0,0.14814814814814814,0.49135802469135803,0.5308641975308641,
958236,20230323000674,00920379,티엘비,356860,주요사항보고서(자기주식취득신탁계약체결결정),2023-03-23,KOSDAQ,16080.0,16867.0,16687.0,18052.0,0.048942786069651634,0.03774875621890539,0.1226368159203981,
825981,20230921000124,00920379,티엘비,356860,[연장결정]주요사항보고서(자기주식취득신탁계약체결결정),2023-09-21,KOSDAQ,22044.0,21902.0,22234.0,21617.0,-0.006441662130284853,0.008619125385592508,-0.019370350208673615,
715221,20240325000802,00920379,티엘비,356860,주요사항보고서(자기주식취득신탁계약해지결정),2024-03-25,KOSDAQ,25410.0,25078.0,24035.0,25600.0,-0.013065722156631265,-0.05411255411255411,0.00747737111373481,
573995,20241007000033,00920379,티엘비,356860,주요사항보고서(자기주식취득신탁계약체결결정),2024-10-07,KOSDAQ,12582.0,12344.0,12193.0,12259.0,-0.01891591161977424,-0.030917183277698324,-0.025671594341122206,
957925,20230323000953,00138729,아세아제지,002310,주요사항보고서(자기주식취득신탁계약체결결정),2023-03-23,KOSPI,6910.0,6960.0,6990.0,7110.0,0.00723589001447178,0.011577424023154759,0.02894356005788712,
861371,20230717000237,00138729,아세아제지,002310,주요사항보고서(자기주식취득신탁계약체결결정),2023-07-17,KOSPI,7860.0,7940.0,7880.0,7940.0,0.010178117048346147,0.0025445292620864812,0.010178117048346147,
825105,20230922000464,00138729,아세아제지,002310,주요사항보고서(자기주식취득신탁계약해지결정),2023-09-22,KOSPI,7760.0,7740.0,7690.0,7630.0,-0.002577319587628857,-0.009020618556700999,-0.01675257731958768,
772319,20240110000471,00138729,아세아제지,002310,주요사항보고서(자기주식취득신탁계약체결결정),2024-01-10,KOSPI,8170.0,8450.0,8420.0,8320.0,0.03427172582619331,0.030599755201958345,0.01835985312117505,
769918,20240116000183,00138729,아세아제지,002310,주요사항보고서(자기주식취득신탁계약해지결정),2024-01-16,KOSPI,8490.0,8320.0,8360.0,8400.0,-0.020023557126030656,-0.01531213191990577,-0.010600706713780883,
530565,20241226000358,00138729,아세아제지,002310,주요사항보고서(자기주식취득신탁계약해지결정),2024-12-26,KOSPI,7470.0,7400.0,7300.0,7030.0,-0.009370816599732268,-0.022757697456492587,-0.058902275769745605,
525895,20250107000287,00138729,아세아제지,002310,주요사항보고서(자기주식취득신탁계약체결결정),2025-01-07,KOSPI,7060.0,7250.0,7240.0,7500.0,0.026912181303116123,0.025495750708215192,0.062322946175637384,
371684,20250707000211,00138729,아세아제지,002310,주요사항보고서(자기주식취득신탁계약해지결정),2025-07-07,KOSPI,8390.0,8420.0,8640.0,8810.0,0.0035756853396902155,0.029797377830750982,0.05005959475566146,
370701,20250709000310,00138729,아세아제지,002310,주요사항보고서(자기주식취득신탁계약체결결정),2025-07-09,KOSPI,8640.0,9080.0,8930.0,8720.0,0.05092592592592582,0.03356481481481488,0.0092592592592593,
280315,20251230000675,00138729,아세아제지,002310,주요사항보고서(자기주식취득신탁계약해지결정),2025-12-30,KOSPI,7970.0,7780.0,7870.0,7680.0,-0.023839397741530766,-0.012547051442910906,-0.03638644918444167,
278623,20260105000037,00138729,아세아제지,002310,주요사항보고서(자기주식취득신탁계약체결결정),2026-01-05,KOSPI,7870.0,7690.0,7700.0,7720.0,-0.02287166454891998,-0.021601016518424387,-0.019059720457433316,
49977,20260406003799,00138729,아세아제지,002310,주요사항보고서(자기주식취득신탁계약해지결정),2026-04-06,KOSPI,9400.0,9230.0,9090.0,9180.0,-0.018085106382978777,-0.03297872340425534,-0.023404255319148914,
8586,20260515000711,00138729,아세아제지,002310,주요사항보고서(자기주식취득신탁계약체결결정),2026-05-15,KOSPI,8500.0,8300.0,8160.0,8350.0,-0.02352941176470591,-0.040000000000000036,-0.01764705882352946,
953148,20230328000635,00760971,크래프톤,259960,주요사항보고서(자기주식취득결정),2023-03-28,KOSPI,179500.0,174300.0,179100.0,189400.0,-0.028969359331476374,-0.0022284122562674646,0.05515320334261831,
886490,20230526000684,00760971,크래프톤,259960,자기주식취득결과보고서,2023-05-26,KOSPI,185200.0,189000.0,189100.0,191500.0,0.02051835853131756,0.021058315334773203,0.034017278617710645,
713975,20240326000777,00760971,크래프톤,259960,주요사항보고서(자기주식취득결정),2024-03-26,KOSPI,246500.0,257000.0,250000.0,252000.0,0.04259634888438124,0.014198782961460488,0.022312373225152227,
645222,20240523000295,00760971,크래프톤,259960,자기주식취득결과보고서,2024-05-23,KOSPI,256000.0,260000.0,260000.0,251000.0,0.015625,0.015625,-0.01953125,
463957,20250326000967,00760971,크래프톤,259960,주요사항보고서(자기주식취득결정),2025-03-26,KOSPI,338500.0,338500.0,359000.0,347000.0,0.0,0.06056129985228953,0.025110782865583436,
401322,20250514000779,00760971,크래프톤,259960,자기주식취득결과보고서,2025-05-14,KOSPI,373000.0,375000.0,382500.0,386000.0,0.00536193029490617,0.025469168900804195,0.034852546916890104,
257928,20260209000388,00760971,크래프톤,259960,주요사항보고서(자기주식취득결정),2026-02-09,KOSPI,236500.0,246500.0,259000.0,262000.0,0.04228329809725162,0.09513742071881603,0.10782241014799165,
46575,20260407002668,00760971,크래프톤,259960,자기주식취득결과보고서,2026-04-07,KOSPI,233000.0,234000.0,234000.0,239000.0,0.0042918454935623185,0.0042918454935623185,0.025751072961373467,
17928,20260430001009,00760971,크래프톤,259960,주요사항보고서(자기주식취득결정),2026-04-30,KOSPI,265000.0,288500.0,284000.0,284500.0,0.08867924528301896,0.07169811320754715,0.07358490566037745,
952722,20230328000994,00385415,일신바이오,068330,주요사항보고서(자기주식취득결정),2023-03-28,KOSDAQ,1613.0,1812.0,1774.0,1890.0,0.12337259764414132,0.09981401115933042,0.17172969621822687,
868522,20230630000308,00385415,일신바이오,068330,자기주식취득결과보고서,2023-06-30,KOSDAQ,1882.0,1849.0,1895.0,1720.0,-0.017534537725823585,0.006907545164718476,-0.08607863974495222,
952221,20230329000166,01064069,토박스코리아,215480,주요사항보고서(자기주식취득신탁계약체결결정),2023-03-29,KOSDAQ,4360.0,4440.0,4390.0,4545.0,0.0183486238532109,0.006880733944954143,0.04243119266055051,
275735,20260109000030,01064069,토박스코리아,215480,주요사항보고서(자기주식취득결정),2026-01-09,KOSDAQ,1940.0,2035.0,2015.0,2120.0,0.0489690721649485,0.038659793814433074,0.09278350515463907,
84060,20260324000226,01064069,토박스코리아,215480,자기주식취득결과보고서,2026-03-24,KOSDAQ,2125.0,2110.0,2105.0,2175.0,-0.007058823529411784,-0.009411764705882342,0.0235294117647058,
950746,20230329001144,01063954,수젠텍,253840,주요사항보고서(자기주식취득신탁계약체결결정),2023-03-29,KOSDAQ,8260.0,8250.0,8100.0,9250.0,-0.001210653753026647,-0.01937046004842613,0.11985472154963683,
822840,20230927000441,01063954,수젠텍,253840,[연장결정]주요사항보고서(자기주식취득신탁계약체결결정),2023-09-27,KOSDAQ,7170.0,6960.0,6950.0,6930.0,-0.029288702928870314,-0.030683403068340276,-0.03347280334728031,
777464,20231228000262,01063954,수젠텍,253840,주요사항보고서(자기주식취득신탁계약해지결정),2023-12-28,KOSDAQ,7750.0,7790.0,7600.0,7560.0,0.005161290322580614,-0.01935483870967747,-0.024516129032258083,
950577,20230329001223,00441650,케이씨에스,115500,주요사항보고서(자기주식취득결정),2023-03-29,KOSDAQ,11260.0,10770.0,10900.0,10900.0,-0.043516873889875685,-0.03197158081705154,-0.03197158081705154,
866530,20230704000456,00441650,케이씨에스,115500,자기주식취득결과보고서,2023-07-04,KOSDAQ,7700.0,7660.0,7250.0,7630.0,-0.0051948051948051965,-0.058441558441558406,-0.009090909090909038,
24239,20260422000572,00441650,케이씨에스,115500,주요사항보고서(자기주식취득결정),2026-04-22,KOSDAQ,19000.0,17330.0,16080.0,15810.0,-0.08789473684210525,-0.15368421052631576,-0.1678947368421052,
949767,20230330000315,00392691,포니링크,064800,주요사항보고서(자기주식취득결정),2023-03-30,KOSDAQ,6155.0,6450.0,6835.0,6990.0,0.04792851340373683,0.11047928513403726,0.13566206336311937,
894389,20230512001110,00392691,포니링크,064800,자기주식취득결과보고서,2023-05-12,KOSDAQ,6230.0,6255.0,6260.0,6370.0,0.0040128410914928025,0.0048154093097914075,0.022471910112359605,
948668,20230330001208,01596425,SK스퀘어,402340,주요사항보고서(자기주식취득신탁계약체결결정),2023-03-30,KOSPI,39300.0,39750.0,39000.0,38450.0,0.011450381679389388,-0.007633587786259555,-0.021628498727735423,
851365,20230809000001,01596425,SK스퀘어,402340,주요사항보고서(자기주식취득신탁계약체결결정),2023-08-09,KOSPI,45450.0,46050.0,46000.0,43950.0,0.013201320132013139,0.012101210121012063,-0.03300330033003296,
821652,20231005000003,01596425,SK스퀘어,402340,주요사항보고서(자기주식취득신탁계약해지결정),2023-10-05,KOSPI,42750.0,42700.0,43400.0,44650.0,-0.0011695906432748204,0.015204678362572999,0.04444444444444451,
710507,20240328000977,01596425,SK스퀘어,402340,주요사항보고서(자기주식취득신탁계약체결결정),2024-03-28,KOSPI,78600.0,79000.0,75500.0,78000.0,0.0050890585241729624,-0.039440203562341014,-0.007633587786259555,
700416,20240401003703,01596425,SK스퀘어,402340,주요사항보고서(자기주식취득신탁계약해지결정),2024-04-01,KOSPI,75500.0,77200.0,76500.0,73900.0,0.02251655629139071,0.013245033112582849,-0.021192052980132492,
575511,20240930000458,01596425,SK스퀘어,402340,주요사항보고서(자기주식취득신탁계약해지결정),2024-09-30,KOSPI,80800.0,78200.0,78600.0,84100.0,-0.03217821782178221,-0.027227722772277252,0.04084158415841577,
552069,20241121000352,01596425,SK스퀘어,402340,주요사항보고서(자기주식취득결정),2024-11-21,KOSPI,80400.0,87500.0,87700.0,74000.0,0.0883084577114428,0.09079601990049757,-0.07960199004975121,
498801,20250225001201,01596425,SK스퀘어,402340,자기주식취득결과보고서,2025-02-25,KOSPI,94800.0,96100.0,94500.0,91000.0,0.01371308016877637,-0.0031645569620253333,-0.04008438818565396,
462619,20250327000754,01596425,SK스퀘어,402340,주요사항보고서(자기주식취득신탁계약체결결정),2025-03-27,KOSPI,97900.0,96000.0,93400.0,91600.0,-0.019407558733401387,-0.04596527068437184,-0.06435137895812049,
327057,20250930000751,01596425,SK스퀘어,402340,주요사항보고서(자기주식취득신탁계약해지결정),2025-09-30,KOSPI,201500.0,205500.0,238000.0,234500.0,0.01985111662531014,0.18114143920595538,0.16377171215880892,
310205,20251113000603,01596425,SK스퀘어,402340,주요사항보고서(자기주식취득결정),2025-11-13,KOSPI,323500.0,291000.0,304500.0,293500.0,-0.10046367851622873,-0.0587326120556414,-0.09273570324574965,
249997,20260219002328,01596425,SK스퀘어,402340,자기주식취득결과보고서,2026-02-19,KOSPI,566000.0,580000.0,580000.0,679000.0,0.02473498233215543,0.02473498233215543,0.19964664310954072,
82032,20260325000832,01596425,SK스퀘어,402340,주요사항보고서(자기주식취득결정),2026-03-25,KOSPI,605000.0,558000.0,544000.0,501000.0,-0.07768595041322313,-0.10082644628099169,-0.17190082644628102,
946510,20230331001193,00407285,아이컴포넌트,059100,주요사항보고서(자기주식취득신탁계약체결결정),2023-03-31,KOSDAQ,7070.0,6910.0,6870.0,7200.0,-0.022630834512022635,-0.028288543140028266,0.018387553041018467,
806233,20231110000281,00407285,아이컴포넌트,059100,주요사항보고서(자기주식취득신탁계약체결결정),2023-11-10,KOSDAQ,5460.0,5750.0,5800.0,5850.0,0.05311355311355315,0.06227106227106227,0.0714285714285714,
457258,20250331000955,00407285,아이컴포넌트,059100,주요사항보고서(자기주식취득신탁계약체결결정),2025-03-31,KOSDAQ,5070.0,5180.0,5200.0,5120.0,0.021696252465483346,0.02564102564102555,0.009861932938856066,
939460,20230403002972,01441611,원티드랩,376980,주요사항보고서(자기주식취득신탁계약체결결정),2023-04-03,KOSDAQ,14090.0,13980.0,13850.0,13330.0,-0.007806955287437911,-0.017033356990773574,-0.05393896380411645,
851884,20230808000014,01441611,원티드랩,376980,주요사항보고서(자기주식취득신탁계약체결결정),2023-08-08,KOSDAQ,10550.0,10670.0,10780.0,10180.0,0.011374407582938284,0.02180094786729847,-0.035071090047393394,
939125,20230403003115,00526696,웨이브일렉트로,095270,주요사항보고서(자기주식취득결정),2023-04-03,KOSDAQ,4760.0,5020.0,5190.0,5150.0,0.054621848739495826,0.09033613445378141,0.08193277310924363,
881019,20230601000084,00526696,웨이브일렉트로,095270,자기주식취득결과보고서,2023-06-01,KOSDAQ,6540.0,6420.0,6340.0,6230.0,-0.01834862385321101,-0.030581039755351647,-0.04740061162079512,
874906,20230616000126,00526696,웨이브일렉트로,095270,주요사항보고서(자기주식취득결정),2023-06-16,KOSDAQ,6940.0,7380.0,7400.0,7080.0,0.06340057636887608,0.06628242074927959,0.020172910662824117,
831563,20230907000017,00526696,웨이브일렉트로,095270,자기주식취득결과보고서,2023-09-07,KOSDAQ,6290.0,6180.0,6070.0,5840.0,-0.01748807631160576,-0.03497615262321141,-0.07154213036565982,
829747,20230912000194,00526696,웨이브일렉트로,095270,주요사항보고서(자기주식취득결정),2023-09-12,KOSDAQ,6260.0,5980.0,5840.0,5650.0,-0.04472843450479236,-0.06709265175718848,-0.097444089456869,
785112,20231214000189,00526696,웨이브일렉트로,095270,자기주식취득결과보고서,2023-12-14,KOSDAQ,5090.0,5100.0,5440.0,5020.0,0.0019646365422396617,0.06876227897838905,-0.013752455795677854,
933803,20230405000569,00129615,상보,027580,주요사항보고서(자기주식취득신탁계약체결결정),2023-04-05,KOSDAQ,8895.0,8730.0,9045.0,8615.0,-0.018549747048903886,0.01686340640809436,-0.03147835862844295,
680677,20240408003856,00129615,상보,027580,주요사항보고서(자기주식취득신탁계약체결결정),2024-04-08,KOSDAQ,8400.0,8505.0,8505.0,8500.0,0.012499999999999956,0.012499999999999956,0.011904761904761862,
931992,20230405002330,00415868,펩트론,087010,주요사항보고서(자기주식취득신탁계약체결결정),2023-04-05,KOSDAQ,7433.0,7530.0,7549.0,7559.0,0.013049912552132392,0.015606080990179017,0.016951432799677146,
821943,20231004000294,00415868,펩트론,087010,주요사항보고서(자기주식취득신탁계약해지결정),2023-10-04,KOSDAQ,29945.0,29558.0,32707.0,34306.0,-0.012923693437969619,0.09223576557021196,0.14563366171314085,
917293,20230411002888,00103592,광동제약,009290,주요사항보고서(자기주식취득결정),2023-04-11,KOSPI,5700.0,5890.0,5900.0,5900.0,0.03333333333333344,0.03508771929824572,0.03508771929824572,
867879,20230630000797,00103592,광동제약,009290,자기주식취득결과보고서,2023-06-30,KOSPI,6620.0,6640.0,6590.0,6440.0,0.0030211480362538623,-0.004531722054380682,-0.027190332326283984,
558530,20241112000380,00103592,광동제약,009290,주요사항보고서(자기주식취득결정),2024-11-12,KOSPI,5510.0,5440.0,5140.0,5460.0,-0.012704174228675091,-0.06715063520871145,-0.00907441016333943,
521834,20250116000260,00103592,광동제약,009290,자기주식취득결과보고서,2025-01-16,KOSPI,5590.0,5590.0,5550.0,5470.0,0.0,-0.007155635062611854,-0.02146690518783545,
907119,20230419000164,01108442,에치에프알,230240,주요사항보고서(자기주식취득신탁계약체결결정),2023-04-19,KOSDAQ,30150.0,29500.0,29050.0,28450.0,-0.021558872305140975,-0.036484245439469265,-0.056384742951907096,
878757,20230608000190,01108442,에치에프알,230240,주요사항보고서(자기주식취득신탁계약체결결정),2023-06-08,KOSDAQ,21700.0,22250.0,23050.0,23050.0,0.025345622119815614,0.062211981566820285,0.062211981566820285,
816456,20231018000326,01108442,에치에프알,230240,주요사항보고서(자기주식취득신탁계약해지결정),2023-10-18,KOSDAQ,19200.0,18670.0,18330.0,19000.0,-0.027604166666666652,-0.04531249999999998,-0.01041666666666663,
787603,20231211000241,01108442,에치에프알,230240,주요사항보고서(자기주식취득신탁계약해지결정),2023-12-11,KOSDAQ,18890.0,18790.0,18660.0,18360.0,-0.0052938062466914015,-0.012175754367390157,-0.02805717310746425,
550205,20241126000514,01108442,에치에프알,230240,주요사항보고서(자기주식취득신탁계약체결결정),2024-11-26,KOSDAQ,10490.0,12160.0,12220.0,12500.0,0.15919923736892283,0.16491897044804582,0.19161105815061963,
905919,20230421000134,00111193,대양전기공업,108380,주요사항보고서(자기주식취득신탁계약체결결정),2023-04-21,KOSDAQ,11280.0,11520.0,11530.0,11390.0,0.02127659574468077,0.022163120567375794,0.009751773049645474,
815633,20231020000167,00111193,대양전기공업,108380,주요사항보고서(자기주식취득신탁계약해지결정),2023-10-20,KOSDAQ,10850.0,10720.0,10680.0,10800.0,-0.011981566820276512,-0.015668202764976935,-0.004608294930875556,
905587,20230421000526,01350869,우리금융지주,316140,주요사항보고서(자기주식취득신탁계약체결결정),2023-04-21,KOSPI,11750.0,11670.0,11920.0,11730.0,-0.006808510638297904,0.014468085106382977,-0.0017021276595744483,
814444,20231024000130,01350869,우리금융지주,316140,주요사항보고서(자기주식취득신탁계약해지결정),2023-10-24,KOSPI,12280.0,12370.0,12200.0,11900.0,0.0073289902280129215,-0.006514657980456029,-0.030944625407166138,
728990,20240313001515,01350869,우리금융지주,316140,주요사항보고서(자기주식취득결정),2024-03-13,KOSPI,14600.0,15160.0,15230.0,14710.0,0.03835616438356171,0.043150684931506866,0.007534246575342518,
724003,20240318000613,01350869,우리금융지주,316140,자기주식취득결과보고서,2024-03-18,KOSPI,14910.0,14660.0,14710.0,15130.0,-0.016767270288397085,-0.01341381623071769,0.014755197853789426,
512490,20250207000515,01350869,우리금융지주,316140,주요사항보고서(자기주식취득신탁계약체결결정),2025-02-07,KOSPI,15390.0,16310.0,16400.0,17050.0,0.05977907732293697,0.06562703053931118,0.10786224821312551,
335191,20250911000314,01350869,우리금융지주,316140,주요사항보고서(자기주식취득신탁계약해지결정),2025-09-11,KOSPI,25450.0,25650.0,26450.0,26100.0,0.007858546168958647,0.03929273084479368,0.025540275049115824,
259745,20260206001097,01350869,우리금융지주,316140,주요사항보고서(자기주식취득신탁계약체결결정),2026-02-06,KOSPI,32450.0,34550.0,35600.0,38950.0,0.06471494607087824,0.09707241910631748,0.20030816640986138,
120090,20260610000461,01350869,우리금융지주,316140,주요사항보고서(자기주식취득신탁계약해지결정),2026-06-10,KOSPI,29800.0,30150.0,31150.0,32150.0,0.011744966442952975,0.04530201342281881,0.07885906040268464,
904773,20230424000484,01166109,예선테크,250930,주요사항보고서(자기주식취득결정),2023-04-24,KOSDAQ,983.0,976.0,972.0,1000.0,-0.007121057985757906,-0.011190233977619535,0.01729399796541209,
886969,20230526000146,01166109,예선테크,250930,자기주식취득결과보고서,2023-05-26,KOSDAQ,1000.0,999.0,1000.0,1028.0,-0.0010000000000000009,0.0,0.028000000000000025,
899452,20230502000777,00624509,디바이스,187870,주요사항보고서(자기주식취득신탁계약해지결정),2023-05-02,KOSDAQ,8767.0,8787.0,8721.0,8844.0,0.0022812820805293565,-0.005246948785217254,0.008782936010037545,
596792,20240820000081,00624509,디바이스,187870,주요사항보고서(자기주식취득신탁계약체결결정),2024-08-20,KOSDAQ,6942.0,6957.0,6870.0,6860.0,0.002160760587726962,-0.01037165082108904,-0.01181215787957357,
897687,20230508000136,00231707,비트컴퓨터,032850,주요사항보고서(자기주식취득결정),2023-05-08,KOSDAQ,6380.0,6230.0,6270.0,6550.0,-0.023510971786833812,-0.017241379310344862,0.026645768025078453,
856010,20230728000293,00231707,비트컴퓨터,032850,자기주식취득결과보고서,2023-07-28,KOSDAQ,5870.0,5900.0,6000.0,6040.0,0.005110732538330387,0.022146507666098714,0.028960817717206044,
613523,20240724000102,00231707,비트컴퓨터,032850,주요사항보고서(자기주식취득결정),2024-07-24,KOSDAQ,5680.0,5640.0,5650.0,5600.0,-0.007042253521126751,-0.005281690140845119,-0.014084507042253502,
604121,20240813000293,00231707,비트컴퓨터,032850,자기주식취득결과보고서,2024-08-13,KOSDAQ,5330.0,5420.0,5550.0,5570.0,0.016885553470919357,0.0412757973733584,0.045028142589118136,
558689,20241112000252,00231707,비트컴퓨터,032850,주요사항보고서(자기주식취득결정),2024-11-12,KOSDAQ,4715.0,4550.0,4595.0,4880.0,-0.03499469777306474,-0.02545068928950156,0.03499469777306463,
539907,20241212000103,00231707,비트컴퓨터,032850,자기주식취득결과보고서,2024-12-12,KOSDAQ,4995.0,5010.0,5270.0,5130.0,0.0030030030030030463,0.055055055055055035,0.027027027027026973,
508017,20250213000520,00231707,비트컴퓨터,032850,주요사항보고서(자기주식취득결정),2025-02-13,KOSDAQ,4885.0,4920.0,4985.0,5020.0,0.007164790174001956,0.020470829068577334,0.02763561924257929,
451000,20250401002328,00231707,비트컴퓨터,032850,자기주식취득결과보고서,2025-04-01,KOSDAQ,4625.0,4545.0,4535.0,4585.0,-0.017297297297297343,-0.019459459459459483,-0.008648648648648671,
365498,20250723000073,00231707,비트컴퓨터,032850,주요사항보고서(자기주식취득결정),2025-07-23,KOSDAQ,5160.0,5210.0,5180.0,5180.0,0.009689922480620172,0.003875968992248069,0.003875968992248069,
322926,20251016000105,00231707,비트컴퓨터,032850,자기주식취득결과보고서,2025-10-16,KOSDAQ,4740.0,4685.0,4670.0,4740.0,-0.011603375527426185,-0.014767932489451518,0.0,
316196,20251031000110,00231707,비트컴퓨터,032850,주요사항보고서(자기주식취득결정),2025-10-31,KOSDAQ,4750.0,4740.0,4780.0,4765.0,-0.002105263157894721,0.006315789473684275,0.0031578947368420263,
271728,20260119000052,00231707,비트컴퓨터,032850,자기주식취득결과보고서,2026-01-19,KOSDAQ,4620.0,4760.0,4640.0,4800.0,0.030303030303030276,0.0043290043290042934,0.03896103896103886,
271548,20260119000183,00231707,비트컴퓨터,032850,주요사항보고서(자기주식취득결정),2026-01-19,KOSDAQ,4620.0,4760.0,4640.0,4800.0,0.030303030303030276,0.0043290043290042934,0.03896103896103886,
24667,20260422000181,00231707,비트컴퓨터,032850,자기주식취득결과보고서,2026-04-22,KOSDAQ,5310.0,5240.0,5350.0,5680.0,-0.013182674199623379,0.007532956685499137,0.06967984934086635,
10594,20260514000362,00231707,비트컴퓨터,032850,주요사항보고서(자기주식취득결정),2026-05-14,KOSDAQ,5010.0,4880.0,4825.0,4590.0,-0.02594810379241519,-0.036926147704590795,-0.08383233532934131,
128919,20260529000601,00231707,비트컴퓨터,032850,자기주식취득결과보고서,2026-05-29,KOSDAQ,4365.0,4485.0,4325.0,4000.0,0.027491408934707806,-0.009163802978235935,-0.08361970217640324,
127925,20260529001351,00231707,비트컴퓨터,032850,주요사항보고서(자기주식취득결정),2026-05-29,KOSDAQ,4365.0,4485.0,4325.0,4000.0,0.027491408934707806,-0.009163802978235935,-0.08361970217640324,
114516,20260622000233,00231707,비트컴퓨터,032850,자기주식취득결과보고서,2026-06-22,KOSDAQ,3920.0,3820.0,3875.0,,-0.025510204081632626,-0.011479591836734748,,
114351,20260622000324,00231707,비트컴퓨터,032850,주요사항보고서(자기주식취득결정),2026-06-22,KOSDAQ,3920.0,3820.0,3875.0,,-0.025510204081632626,-0.011479591836734748,,
897076,20230509000355,01288827,HPSP,403870,주요사항보고서(자기주식취득신탁계약체결결정),2023-05-09,KOSDAQ,22650.0,22800.0,22750.0,22500.0,0.0066225165562914245,0.004415011037527616,-0.0066225165562914245,
808154,20231107000197,01288827,HPSP,403870,[연장결정]주요사항보고서(자기주식취득신탁계약체결결정),2023-11-07,KOSDAQ,37000.0,36400.0,37300.0,36100.0,-0.01621621621621616,0.008108108108108025,-0.024324324324324298,
650819,20240514000741,01288827,HPSP,403870,주요사항보고서(자기주식취득신탁계약체결결정),2024-05-14,KOSDAQ,36850.0,41200.0,41250.0,41600.0,0.11804613297150612,0.11940298507462677,0.12890094979647215,
607362,20240807000220,01288827,HPSP,403870,주요사항보고서(자기주식취득신탁계약체결결정),2024-08-07,KOSDAQ,26150.0,26050.0,26400.0,28450.0,-0.003824091778202643,0.009560229445506607,0.08795411089866167,
895867,20230511000177,00609661,티쓰리,204610,주요사항보고서(자기주식취득결정),2023-05-11,KOSDAQ,1746.0,1780.0,1760.0,1691.0,0.019473081328751363,0.008018327605956443,-0.03150057273768614,
877420,20230612000211,00609661,티쓰리,204610,자기주식취득결과보고서,2023-06-12,KOSDAQ,1794.0,1772.0,1730.0,1690.0,-0.012263099219620988,-0.035674470457079166,-0.05797101449275366,
877344,20230612000272,00609661,티쓰리,204610,주요사항보고서(자기주식취득결정),2023-06-12,KOSDAQ,1794.0,1772.0,1730.0,1690.0,-0.012263099219620988,-0.035674470457079166,-0.05797101449275366,
861347,20230717000263,00609661,티쓰리,204610,자기주식취득결과보고서,2023-07-17,KOSDAQ,1535.0,1488.0,1487.0,1392.0,-0.030618892508143314,-0.03127035830618896,-0.09315960912052113,
746599,20240226002906,00609661,티쓰리,204610,주요사항보고서(자기주식취득결정),2024-02-26,KOSDAQ,1317.0,1323.0,1333.0,1313.0,0.004555808656036442,0.012148823082763771,-0.0030372057706909983,
665752,20240416000344,00609661,티쓰리,204610,자기주식취득결과보고서,2024-04-16,KOSDAQ,1100.0,1107.0,1124.0,1115.0,0.006363636363636349,0.021818181818181737,0.013636363636363669,
617628,20240712000171,00609661,티쓰리,204610,주요사항보고서(자기주식취득결정),2024-07-12,KOSDAQ,1151.0,1187.0,1195.0,1201.0,0.0312771503040834,0.038227628149435366,0.04344048653344923,
569044,20241018000164,00609661,티쓰리,204610,자기주식취득결과보고서,2024-10-18,KOSDAQ,1350.0,1370.0,1400.0,1405.0,0.014814814814814836,0.03703703703703698,0.040740740740740744,
553677,20241118000028,00609661,티쓰리,204610,주요사항보고서(자기주식취득결정),2024-11-18,KOSDAQ,1398.0,1459.0,1408.0,1429.0,0.043633762517882646,0.007153075822603716,0.022174535050071498,
499447,20250224003414,00609661,티쓰리,204610,자기주식취득결과보고서,2025-02-24,KOSDAQ,1745.0,1764.0,1783.0,1784.0,0.010888252148997024,0.02177650429799427,0.022349570200573154,
366312,20250721000021,00609661,티쓰리,204610,주요사항보고서(자기주식취득결정),2025-07-21,KOSDAQ,2130.0,2105.0,2110.0,2090.0,-0.011737089201877882,-0.009389671361502372,-0.018779342723004744,
355049,20250813000126,00609661,티쓰리,204610,자기주식취득결과보고서,2025-08-13,KOSDAQ,2175.0,2235.0,2270.0,2325.0,0.02758620689655178,0.04367816091954024,0.06896551724137923,
324983,20251010000022,00609661,티쓰리,204610,주요사항보고서(자기주식취득결정),2025-10-10,KOSDAQ,2035.0,2100.0,2045.0,2025.0,0.03194103194103204,0.004914004914004844,-0.004914004914004955,
304331,20251121000008,00609661,티쓰리,204610,자기주식취득결과보고서,2025-11-21,KOSDAQ,1921.0,1931.0,1929.0,1943.0,0.005205622071837501,0.004164497657470179,0.01145236855804277,
304228,20251121000141,00609661,티쓰리,204610,주요사항보고서(자기주식취득결정),2025-11-21,KOSDAQ,1921.0,1931.0,1929.0,1943.0,0.005205622071837501,0.004164497657470179,0.01145236855804277,
259376,20260206001517,00609661,티쓰리,204610,자기주식취득결과보고서,2026-02-06,KOSDAQ,1798.0,1813.0,1823.0,1910.0,0.008342602892102313,0.013904338153504003,0.06229143492769751,
87542,20260320000643,00609661,티쓰리,204610,주요사항보고서(자기주식취득결정),2026-03-20,KOSDAQ,2660.0,2630.0,2850.0,2840.0,-0.011278195488721776,0.0714285714285714,0.06766917293233088,
3139,20260522000408,00609661,티쓰리,204610,자기주식취득결과보고서,2026-05-22,KOSDAQ,3025.0,2940.0,2810.0,2535.0,-0.028099173553719048,-0.07107438016528922,-0.16198347107438016,
894344,20230512001085,00878915,iM금융지주,139130,주요사항보고서(자기주식취득신탁계약체결결정),2023-05-12,KOSPI,7010.0,7040.0,6950.0,7020.0,0.004279600570613384,-0.008559201141226769,0.0014265335235377208,
801358,20231115000038,00878915,iM금융지주,139130,주요사항보고서(자기주식취득신탁계약해지결정),2023-11-15,KOSPI,8270.0,8380.0,8270.0,8360.0,0.01330108827085863,0.0,0.010882708585247869,
530481,20241226800589,00878915,iM금융지주,139130,자기주식취득결정(자회사의 주요경영사항),2024-12-26,KOSPI,8440.0,8320.0,8180.0,8210.0,-0.014218009478673022,-0.03080568720379151,-0.027251184834123254,
512356,20250207000625,00878915,iM금융지주,139130,주요사항보고서(자기주식취득신탁계약체결결정),2025-02-07,KOSPI,9280.0,9300.0,9350.0,9610.0,0.0021551724137931494,0.007543103448275801,0.0355603448275863,
377881,20250625000388,00878915,iM금융지주,139130,주요사항보고서(자기주식취득신탁계약해지결정),2025-06-25,KOSPI,12580.0,12420.0,12550.0,13130.0,-0.012718600953895098,-0.0023847376788552754,0.043720190779014345,
363122,20250728000211,00878915,iM금융지주,139130,주요사항보고서(자기주식취득신탁계약체결결정),2025-07-28,KOSPI,13390.0,13910.0,13870.0,13480.0,0.03883495145631066,0.03584764749813285,0.006721433905899854,
296733,20251201000787,00878915,iM금융지주,139130,주요사항보고서(자기주식취득신탁계약해지결정),2025-12-01,KOSPI,14400.0,14590.0,14540.0,14480.0,0.013194444444444509,0.009722222222222188,0.005555555555555536,
258802,20260206001985,00878915,iM금융지주,139130,주요사항보고서(자기주식취득신탁계약체결결정),2026-02-06,KOSPI,17500.0,17870.0,18510.0,20800.0,0.02114285714285713,0.05771428571428561,0.1885714285714286,
114103,20260623000139,00878915,iM금융지주,139130,주요사항보고서(자기주식취득신탁계약해지결정),2026-06-23,KOSPI,16200.0,15930.0,15900.0,,-0.01666666666666672,-0.01851851851851849,,
893310,20230515000777,01341630,이노에이엑스,296640,주요사항보고서(자기주식취득신탁계약체결결정),2023-05-15,KOSDAQ,9430.0,9300.0,9210.0,9940.0,-0.01378579003181335,-0.02332979851537642,0.054082714740190774,
650522,20240514000832,01341630,이노에이엑스,296640,[연장결정]주요사항보고서(자기주식취득신탁계약체결결정),2024-05-14,KOSDAQ,7450.0,7460.0,8400.0,8200.0,0.0013422818791946067,0.12751677852348986,0.10067114093959728,
890891,20230516000200,01288410,셀바이오휴먼텍,318160,주요사항보고서(자기주식취득결정),2023-05-16,KOSDAQ,7740.0,7900.0,7900.0,7430.0,0.02067183462532296,0.02067183462532296,-0.040051679586563305,
880259,20230602000207,01288410,셀바이오휴먼텍,318160,자기주식취득결과보고서,2023-06-02,KOSDAQ,7010.0,6860.0,6880.0,7450.0,-0.021398002853067033,-0.01854493580599148,0.06276747503566327,
714690,20240326000300,01288410,셀바이오휴먼텍,318160,주요사항보고서(자기주식취득신탁계약체결결정),2024-03-26,KOSDAQ,4375.0,4030.0,3910.0,3990.0,-0.07885714285714285,-0.10628571428571432,-0.08799999999999997,
563622,20241031000087,01288410,셀바이오휴먼텍,318160,주요사항보고서(자기주식취득신탁계약체결결정),2024-10-31,KOSDAQ,3710.0,4145.0,3925.0,3970.0,0.11725067385444743,0.05795148247978443,0.07008086253369261,
501418,20250220002127,01288410,셀바이오휴먼텍,318160,주요사항보고서(자기주식취득신탁계약체결결정),2025-02-20,KOSDAQ,3625.0,3805.0,3915.0,3845.0,0.049655172413793025,0.08000000000000007,0.06068965517241387,
343495,20250828000473,01288410,셀바이오휴먼텍,318160,주요사항보고서(자기주식취득신탁계약해지결정),2025-08-28,KOSDAQ,9310.0,10460.0,10500.0,9580.0,0.12352309344790546,0.1278195488721805,0.029001074113855996,
343494,20250828000490,01288410,셀바이오휴먼텍,318160,주요사항보고서(자기주식취득신탁계약해지결정),2025-08-28,KOSDAQ,9310.0,10460.0,10500.0,9580.0,0.12352309344790546,0.1278195488721805,0.029001074113855996,
29990,20260414001305,01288410,셀바이오휴먼텍,318160,주요사항보고서(자기주식취득신탁계약체결결정),2026-04-14,KOSDAQ,7260.0,7490.0,7470.0,7560.0,0.031680440771349794,0.02892561983471076,0.04132231404958686,
121094,20260609000068,01288410,셀바이오휴먼텍,318160,주요사항보고서(자기주식취득신탁계약해지결정),2026-06-09,KOSDAQ,5470.0,5580.0,5660.0,5790.0,0.02010968921389389,0.034734917733089565,0.058500914076782484,
120385,20260610000207,01288410,셀바이오휴먼텍,318160,주요사항보고서(자기주식취득신탁계약체결결정),2026-06-10,KOSDAQ,5580.0,5660.0,5860.0,5870.0,0.014336917562723928,0.05017921146953408,0.051971326164874654,
890597,20230517000112,01436479,토마토시스템,393210,주요사항보고서(자기주식취득신탁계약체결결정),2023-05-17,KOSDAQ,4198.0,4134.0,4405.0,4290.0,-0.015245354930919497,0.04930919485469265,0.021915197713196832,
888582,20230523000118,00305297,코텍,052330,주요사항보고서(자기주식취득결정),2023-05-23,KOSDAQ,9060.0,9040.0,9140.0,9250.0,-0.002207505518763808,0.008830022075055233,0.020971302428256067,
839228,20230825000180,00305297,코텍,052330,자기주식취득결과보고서,2023-08-25,KOSDAQ,7880.0,7900.0,7860.0,7690.0,0.002538071065989911,-0.0025380710659898,-0.024111675126903598,
698511,20240402000945,00305297,코텍,052330,주요사항보고서(자기주식취득결정),2024-04-02,KOSDAQ,7690.0,7600.0,7830.0,7960.0,-0.011703511053316018,0.01820546163849146,0.03511053315994794,
652051,20240513000246,00305297,코텍,052330,자기주식취득결과보고서,2024-05-13,KOSDAQ,7550.0,7610.0,7560.0,7960.0,0.007947019867549754,0.0013245033112583293,0.054304635761589504,
613816,20240723000237,00305297,코텍,052330,주요사항보고서(자기주식취득결정),2024-07-23,KOSDAQ,7130.0,7350.0,7320.0,7310.0,0.030855539971949453,0.026647966339411022,0.02524544179523147,
586224,20240904000094,00305297,코텍,052330,자기주식취득결과보고서,2024-09-04,KOSDAQ,7260.0,7500.0,7330.0,7530.0,0.03305785123966931,0.009641873278236845,0.037190082644628086,
586082,20240904000270,00305297,코텍,052330,주요사항보고서(자기주식취득결정),2024-09-04,KOSDAQ,7260.0,7500.0,7330.0,7530.0,0.03305785123966931,0.009641873278236845,0.037190082644628086,
552071,20241121000358,00305297,코텍,052330,자기주식취득결과보고서,2024-11-21,KOSDAQ,7610.0,7680.0,7770.0,7750.0,0.009198423127463773,0.021024967148488782,0.018396846254927768,
514367,20250205000359,00305297,코텍,052330,주요사항보고서(자기주식취득결정),2025-02-05,KOSDAQ,8070.0,8500.0,8430.0,8460.0,0.053283767038413865,0.044609665427509215,0.048327137546468446,
486251,20250310000096,00305297,코텍,052330,자기주식취득결과보고서,2025-03-10,KOSDAQ,8250.0,8250.0,8770.0,9260.0,0.0,0.06303030303030299,0.12242424242424232,
482622,20250312000395,00305297,코텍,052330,주요사항보고서(자기주식취득결정),2025-03-12,KOSDAQ,8770.0,8840.0,8960.0,9260.0,0.007981755986316896,0.02166476624857472,0.05587229190421894,
393542,20250527000260,00305297,코텍,052330,자기주식취득결과보고서,2025-05-27,KOSDAQ,9740.0,9680.0,9740.0,9790.0,-0.006160164271047264,0.0,0.005133470225872738,
887572,20230525000134,00121039,명문제약,017180,주요사항보고서(자기주식취득신탁계약체결결정),2023-05-25,KOSPI,2740.0,2725.0,2700.0,2710.0,-0.005474452554744547,-0.014598540145985384,-0.010948905109489093,
791695,20231130001693,00121039,명문제약,017180,주요사항보고서(자기주식취득신탁계약해지결정),2023-11-30,KOSPI,2175.0,2165.0,2155.0,2450.0,-0.0045977011494252595,-0.00919540229885063,0.12643678160919536,
619451,20240709000185,00121039,명문제약,017180,주요사항보고서(자기주식취득신탁계약체결결정),2024-07-09,KOSPI,1927.0,1970.0,1981.0,1995.0,0.02231447846393353,0.02802283341982359,0.03528801245459268,
524662,20250109000312,00121039,명문제약,017180,주요사항보고서(자기주식취득신탁계약해지결정),2025-01-09,KOSPI,1920.0,1902.0,1841.0,1819.0,-0.009375000000000022,-0.041145833333333326,-0.052604166666666674,
887346,20230525000427,00126201,삼성공조,006660,주요사항보고서(자기주식취득신탁계약체결결정),2023-05-25,KOSPI,12250.0,11950.0,11860.0,11740.0,-0.024489795918367308,-0.0318367346938776,-0.041632653061224545,
797217,20231124000360,00126201,삼성공조,006660,주요사항보고서(자기주식취득신탁계약해지결정),2023-11-24,KOSPI,9050.0,9050.0,9050.0,9000.0,0.0,0.0,-0.0055248618784530246,
886929,20230526000181,00390903,우주일렉트로,065680,주요사항보고서(자기주식취득결정),2023-05-26,KOSDAQ,13330.0,13620.0,13530.0,14710.0,0.02175543885971498,0.015003750937734539,0.10352588147036768,
834311,20230831001001,00390903,우주일렉트로,065680,자기주식취득결과보고서,2023-08-31,KOSDAQ,14800.0,14460.0,14900.0,14110.0,-0.02297297297297296,0.006756756756756799,-0.046621621621621645,
885564,20230530000643,00117726,DYP,092780,주요사항보고서(자기주식취득신탁계약체결결정),2023-05-30,KOSPI,4780.0,4930.0,4980.0,5000.0,0.03138075313807542,0.04184100418410042,0.046025104602510414,
880274,20230602000176,00244783,한네트,052600,주요사항보고서(자기주식취득결정),2023-06-02,KOSDAQ,5780.0,5860.0,5800.0,5730.0,0.01384083044982698,0.0034602076124568004,-0.00865051903114189,
856806,20230727000316,00244783,한네트,052600,자기주식취득결과보고서,2023-07-27,KOSDAQ,4465.0,4555.0,4645.0,4610.0,0.02015677491601342,0.04031354983202684,0.03247480403135494,
877446,20230612000167,00670766,엠엑스온,347890,주요사항보고서(자기주식취득신탁계약체결결정),2023-06-12,KOSDAQ,10000.0,10080.0,10170.0,10040.0,0.008000000000000007,0.016999999999999904,0.0040000000000000036,
787035,20231212000133,00670766,엠엑스온,347890,주요사항보고서(자기주식취득신탁계약해지결정),2023-12-12,KOSDAQ,7800.0,7740.0,7800.0,7820.0,-0.007692307692307665,0.0,0.002564102564102555,
613555,20240724000085,00670766,엠엑스온,347890,주요사항보고서(자기주식취득신탁계약체결결정),2024-07-24,KOSDAQ,6410.0,6300.0,6390.0,6600.0,-0.01716068642745705,-0.0031201248049922414,0.029641185647425905,
875731,20230615000047,00573269,에스코넥,096630,주요사항보고서(자기주식취득신탁계약체결결정),2023-06-15,KOSDAQ,7440.0,7530.0,8365.0,7680.0,0.012096774193548487,0.12432795698924726,0.032258064516129004,
830747,20230908000389,00573269,에스코넥,096630,주요사항보고서(자기주식취득신탁계약해지결정),2023-09-08,KOSDAQ,7500.0,8145.0,7940.0,8595.0,0.08600000000000008,0.058666666666666645,0.1459999999999999,
829483,20230912000396,00573269,에스코넥,096630,주요사항보고서(자기주식취득신탁계약체결결정),2023-09-12,KOSDAQ,7940.0,7610.0,7800.0,9055.0,-0.041561712846347576,-0.017632241813602012,0.14042821158690177,
814834,20231023000161,00573269,에스코넥,096630,주요사항보고서(자기주식취득신탁계약체결결정),2023-10-23,KOSDAQ,9035.0,9360.0,8935.0,8970.0,0.03597122302158273,-0.011068068622025473,-0.007194244604316502,
798368,20231122000311,00573269,에스코넥,096630,주요사항보고서(자기주식취득신탁계약해지결정),2023-11-22,KOSDAQ,10850.0,10700.0,11150.0,11350.0,-0.01382488479262678,0.02764976958525356,0.04608294930875578,
798366,20231122000315,00573269,에스코넥,096630,주요사항보고서(자기주식취득신탁계약해지결정),2023-11-22,KOSDAQ,10850.0,10700.0,11150.0,11350.0,-0.01382488479262678,0.02764976958525356,0.04608294930875578,
788728,20231207000463,00573269,에스코넥,096630,주요사항보고서(자기주식취득신탁계약체결결정),2023-12-07,KOSDAQ,9060.0,8700.0,8850.0,8880.0,-0.039735099337748325,-0.023178807947019875,-0.019867549668874163,
788004,20231208000598,00573269,에스코넥,096630,주요사항보고서(자기주식취득신탁계약체결결정),2023-12-08,KOSDAQ,8700.0,8850.0,9130.0,9060.0,0.01724137931034475,0.0494252873563219,0.04137931034482767,
778151,20231227000382,00573269,에스코넥,096630,주요사항보고서(자기주식취득신탁계약해지결정),2023-12-27,KOSDAQ,8675.0,8435.0,8430.0,8710.0,-0.02766570605187324,-0.028242074927953942,0.004034582132564912,
731667,20240312000708,00573269,에스코넥,096630,주요사항보고서(자기주식취득신탁계약해지결정),2024-03-12,KOSDAQ,7520.0,9215.0,9465.0,9340.0,0.22539893617021267,0.2586436170212767,0.24202127659574457,
731632,20240312000732,00573269,에스코넥,096630,주요사항보고서(자기주식취득결정),2024-03-12,KOSDAQ,7520.0,9215.0,9465.0,9340.0,0.22539893617021267,0.2586436170212767,0.24202127659574457,
657056,20240430001017,00573269,에스코넥,096630,자기주식취득결과보고서,2024-04-30,KOSDAQ,8450.0,8450.0,8435.0,9515.0,0.0,-0.0017751479289941363,0.1260355029585798,
642225,20240530000123,00573269,에스코넥,096630,주요사항보고서(자기주식취득신탁계약체결결정),2024-05-30,KOSDAQ,9375.0,9255.0,9230.0,9500.0,-0.012800000000000034,-0.015466666666666629,0.01333333333333342,
873271,20230621000056,00243757,인포뱅크,039290,주요사항보고서(자기주식취득신탁계약체결결정),2023-06-21,KOSDAQ,12710.0,12960.0,12680.0,12510.0,0.019669551534225116,-0.002360346184106965,-0.015735641227380026,
119507,20260611000182,00243757,인포뱅크,039290,주요사항보고서(자기주식취득신탁계약체결결정),2026-06-11,KOSDAQ,2975.0,3000.0,3260.0,3635.0,0.008403361344537785,0.0957983193277312,0.22184873949579842,
873072,20230621000247,00599957,슈프리마에이치큐,094840,주요사항보고서(자기주식취득신탁계약체결결정),2023-06-21,KOSDAQ,8790.0,9120.0,8650.0,8100.0,0.03754266211604085,-0.015927189988623414,-0.07849829351535831,
631456,20240617000079,00599957,슈프리마에이치큐,094840,[연장결정]주요사항보고서(자기주식취득신탁계약체결결정),2024-06-17,KOSDAQ,7180.0,7130.0,7120.0,6800.0,-0.0069637883008356605,-0.00835654596100277,-0.05292479108635095,
25187,20260421000306,00599957,슈프리마에이치큐,094840,주요사항보고서(자기주식취득신탁계약체결결정),2026-04-21,KOSDAQ,9000.0,10300.0,10700.0,11290.0,0.14444444444444438,0.18888888888888888,0.2544444444444445,
870576,20230627000442,00656289,코스맥스엔비티,222040,주요사항보고서(자기주식취득결정),2023-06-27,KOSDAQ,5920.0,5920.0,5900.0,5960.0,0.0,-0.0033783783783783994,0.006756756756756799,
860577,20230719000100,00656289,코스맥스엔비티,222040,자기주식취득결과보고서,2023-07-19,KOSDAQ,5640.0,5550.0,5400.0,5180.0,-0.015957446808510634,-0.04255319148936165,-0.08156028368794321,
870252,20230628000172,00842619,리가켐바이오,141080,주요사항보고서(자기주식취득신탁계약체결결정),2023-06-28,KOSDAQ,36000.0,36200.0,36450.0,35400.0,0.005555555555555536,0.012499999999999956,-0.01666666666666672,
777624,20231228000096,00842619,리가켐바이오,141080,주요사항보고서(자기주식취득신탁계약해지결정),2023-12-28,KOSDAQ,65000.0,64800.0,62000.0,57200.0,-0.003076923076923088,-0.0461538461538461,-0.12,
570803,20241014000310,00842619,리가켐바이오,141080,주요사항보고서(자기주식취득신탁계약체결결정),2024-10-14,KOSDAQ,121200.0,125900.0,124000.0,130700.0,0.03877887788778889,0.02310231023102305,0.0783828382838283,
466507,20250325000471,00842619,리가켐바이오,141080,주요사항보고서(자기주식취득신탁계약체결결정),2025-03-25,KOSDAQ,100100.0,98500.0,96000.0,99000.0,-0.015984015984015998,-0.040959040959040904,-0.01098901098901095,
429839,20250408002584,00842619,리가켐바이오,141080,주요사항보고서(자기주식취득신탁계약해지결정),2025-04-08,KOSDAQ,94700.0,93700.0,99600.0,109500.0,-0.010559662090813049,0.05174234424498425,0.15628299894403375,
870264,20230628900190,00184889,이건홀딩스,039020,주요사항보고서(자기주식취득신탁계약체결결정)(자회사의 주요경영사항),2023-06-28,KOSDAQ,3080.0,3060.0,3050.0,3110.0,-0.00649350649350644,-0.009740259740259716,0.009740259740259827,
807834,20231108900223,00184889,이건홀딩스,039020,주요사항보고서(자기주식취득신탁계약해지결정)(자회사의 주요경영사항),2023-11-08,KOSDAQ,3120.0,3130.0,3125.0,3180.0,0.0032051282051281937,0.0016025641025640969,0.019230769230769162,
375331,20250630900147,00184889,이건홀딩스,039020,주요사항보고서(자기주식취득신탁계약해지결정)(자회사의 주요경영사항),2025-06-30,KOSDAQ,4665.0,4800.0,4905.0,4975.0,0.02893890675241151,0.05144694533762051,0.06645230439442651,
869491,20230629000287,00296263,YW,051390,주요사항보고서(자기주식취득신탁계약체결결정),2023-06-29,KOSDAQ,4010.0,4060.0,4145.0,4005.0,0.012468827930174564,0.03366583541147139,-0.0012468827930174342,
627082,20240625000236,00296263,YW,051390,[연장결정]주요사항보고서(자기주식취득신탁계약체결결정),2024-06-25,KOSDAQ,3725.0,3735.0,3705.0,3725.0,0.0026845637583892135,-0.005369127516778538,0.0,
868895,20230629000685,00156600,한주라이트메탈,198940,주요사항보고서(자기주식취득결정),2023-06-30,KOSDAQ,7810.0,7754.0,7868.0,8080.0,-0.007170294494238116,0.007426376440460958,0.03457106274007682,
866583,20230704000409,00156600,한주라이트메탈,198940,자기주식취득결과보고서,2023-07-04,KOSDAQ,7868.0,8166.0,8378.0,7712.0,0.037874936451449015,0.06481952211489572,-0.019827147941026912,
867457,20230703000025,01276327,위지윅스튜디오,299900,주요사항보고서(자기주식취득신탁계약체결결정),2023-07-03,KOSDAQ,3165.0,3110.0,3100.0,3005.0,-0.017377567140600347,-0.020537124802527673,-0.050552922590837324,
775519,20240102000333,01276327,위지윅스튜디오,299900,주요사항보고서(자기주식취득신탁계약해지결정),2024-01-02,KOSDAQ,3880.0,3800.0,3495.0,4035.0,-0.020618556701030966,-0.09922680412371132,0.0399484536082475,
867382,20230703000093,00833064,엠플러스,259630,주요사항보고서(자기주식취득결정),2023-07-03,KOSDAQ,12490.0,12590.0,12530.0,13010.0,0.008006405124099336,0.0032025620496396456,0.04163330664531628,
854675,20230801000027,00833064,엠플러스,259630,자기주식취득결과보고서,2023-08-01,KOSDAQ,13800.0,13900.0,14070.0,13740.0,0.007246376811594235,0.019565217391304346,-0.004347826086956497,
544773,20241202000210,00833064,엠플러스,259630,주요사항보고서(자기주식취득결정),2024-12-02,KOSDAQ,7670.0,8310.0,8630.0,7190.0,0.08344198174706641,0.12516297262059983,-0.06258148631029992,
530944,20241226000007,00833064,엠플러스,259630,자기주식취득결과보고서,2024-12-26,KOSDAQ,7410.0,7450.0,7700.0,8080.0,0.005398110661268607,0.03913630229419707,0.09041835357624839,
379214,20250623000190,00833064,엠플러스,259630,주요사항보고서(자기주식취득결정),2025-06-23,KOSDAQ,8080.0,8270.0,8400.0,8020.0,0.023514851485148425,0.03960396039603964,-0.007425742574257432,
368121,20250716000019,00833064,엠플러스,259630,자기주식취득결과보고서,2025-07-16,KOSDAQ,8800.0,8910.0,8990.0,8990.0,0.012499999999999956,0.021590909090908994,0.021590909090908994,
867156,20230703000255,00135777,신대양제지,016590,주요사항보고서(자기주식취득신탁계약체결결정),2023-07-03,KOSPI,5240.0,5330.0,5370.0,5270.0,0.01717557251908386,0.024809160305343525,0.005725190839694694,
817426,20231016000207,00135777,신대양제지,016590,주요사항보고서(자기주식취득신탁계약체결결정),2023-10-16,KOSPI,5180.0,5460.0,5520.0,5450.0,0.054054054054053946,0.06563706563706573,0.05212355212355213,
775703,20240102000156,00135777,신대양제지,016590,주요사항보고서(자기주식취득신탁계약해지결정),2024-01-02,KOSPI,5700.0,5730.0,5730.0,5750.0,0.0052631578947368585,0.0052631578947368585,0.00877192982456143,
760442,20240205000290,00135777,신대양제지,016590,주요사항보고서(자기주식취득신탁계약체결결정),2024-02-05,KOSPI,6250.0,6400.0,6550.0,6260.0,0.02400000000000002,0.04800000000000004,0.0016000000000000458,
666707,20240415000755,00135777,신대양제지,016590,주요사항보고서(자기주식취득신탁계약해지결정),2024-04-15,KOSPI,5670.0,5610.0,5560.0,5700.0,-0.010582010582010581,-0.01940035273368612,0.005291005291005346,
657235,20240430000807,00135777,신대양제지,016590,주요사항보고서(자기주식취득신탁계약체결결정),2024-04-30,KOSPI,5710.0,6020.0,6020.0,6050.0,0.05429071803852881,0.05429071803852881,0.05954465849387036,
608272,20240805000208,00135777,신대양제지,016590,주요사항보고서(자기주식취득신탁계약해지결정),2024-08-05,KOSPI,4915.0,5080.0,5480.0,5650.0,0.033570701932858604,0.11495422177009162,0.14954221770091558,
607807,20240806000211,00135777,신대양제지,016590,주요사항보고서(자기주식취득신탁계약체결결정),2024-08-06,KOSPI,5080.0,5480.0,5590.0,5720.0,0.07874015748031504,0.10039370078740162,0.12598425196850394,
564965,20241029000144,00135777,신대양제지,016590,주요사항보고서(자기주식취득신탁계약해지결정),2024-10-29,KOSPI,5890.0,5870.0,5880.0,5930.0,-0.00339558573853993,-0.001697792869269965,0.00679117147707986,
542473,20241206000398,00135777,신대양제지,016590,주요사항보고서(자기주식취득신탁계약체결결정),2024-12-06,KOSPI,5510.0,5740.0,5890.0,5980.0,0.04174228675136127,0.06896551724137923,0.08529945553539009,
514571,20250205000271,00135777,신대양제지,016590,주요사항보고서(자기주식취득신탁계약해지결정),2025-02-05,KOSPI,5870.0,5920.0,5930.0,5940.0,0.008517887563884052,0.010221465076660996,0.011925042589437718,
385808,20250605000175,00135777,신대양제지,016590,주요사항보고서(자기주식취득신탁계약해지결정),2025-06-05,KOSPI,10270.0,11570.0,12860.0,12980.0,0.12658227848101267,0.252190847127556,0.26387536514118803,
866270,20230705000069,00962223,지니언스,263860,주요사항보고서(자기주식취득결정),2023-07-05,KOSDAQ,12090.0,12200.0,11810.0,12420.0,0.009098428453267138,-0.023159636062861866,0.027295285359801413,
844323,20230814002266,00962223,지니언스,263860,자기주식취득결과보고서,2023-08-14,KOSDAQ,11570.0,11110.0,11090.0,11210.0,-0.039757994814174635,-0.04148660328435605,-0.03111495246326712,
862445,20230713000383,00855163,미원화학,134380,주요사항보고서(자기주식취득결정),2023-07-13,KOSPI,6420.0,6500.0,6480.0,6400.0,0.012461059190031154,0.009345794392523255,-0.0031152647975077885,
837769,20230829000164,00855163,미원화학,134380,자기주식취득결과보고서,2023-08-29,KOSPI,7050.0,7470.0,7320.0,7360.0,0.05957446808510647,0.038297872340425476,0.04397163120567371,
369841,20250710000621,00855163,미원화학,134380,주요사항보고서(자기주식취득결정),2025-07-10,KOSPI,7830.0,8150.0,8260.0,8510.0,0.040868454661558085,0.054916985951468655,0.0868454661558109,
351732,20250814001620,00855163,미원화학,134380,자기주식취득결과보고서,2025-08-14,KOSPI,8430.0,8400.0,8400.0,8180.0,-0.003558718861209953,-0.003558718861209953,-0.029655990510083052,
337350,20250905000462,00855163,미원화학,134380,주요사항보고서(자기주식취득결정),2025-09-05,KOSPI,8450.0,8500.0,8550.0,8610.0,0.00591715976331364,0.01183431952662728,0.018934911242603603,
327521,20250930000317,00855163,미원화학,134380,자기주식취득결과보고서,2025-09-30,KOSPI,8470.0,8490.0,8580.0,8410.0,0.0023612750885477762,0.01298701298701288,-0.00708382526564344,
322640,20251016000328,00855163,미원화학,134380,주요사항보고서(자기주식취득결정),2025-10-16,KOSPI,8510.0,8840.0,8900.0,8800.0,0.03877790834312567,0.04582843713278506,0.034077555816686145,
303693,20251124000086,00855163,미원화학,134380,자기주식취득결과보고서,2025-11-24,KOSPI,8600.0,8710.0,8700.0,8900.0,0.012790697674418539,0.011627906976744207,0.03488372093023262,
301824,20251126000554,00855163,미원화학,134380,주요사항보고서(자기주식취득결정),2025-11-26,KOSPI,8700.0,8790.0,8890.0,9100.0,0.010344827586206806,0.02183908045977012,0.04597701149425282,
263027,20260203000230,00855163,미원화학,134380,자기주식취득결과보고서,2026-02-03,KOSPI,9550.0,9540.0,9500.0,10430.0,-0.0010471204188481353,-0.005235602094240788,0.0921465968586388,
861492,20230717000103,00990165,아세아시멘트,183190,주요사항보고서(자기주식취득신탁계약체결결정),2023-07-17,KOSPI,9740.0,9420.0,9340.0,9270.0,-0.03285420944558526,-0.04106776180698157,-0.04825462012320325,
808757,20231106000141,00990165,아세아시멘트,183190,주요사항보고서(자기주식취득신탁계약체결결정),2023-11-06,KOSPI,10450.0,10680.0,10650.0,10780.0,0.02200956937799048,0.019138755980861344,0.03157894736842115,
769948,20240116000166,00990165,아세아시멘트,183190,주요사항보고서(자기주식취득신탁계약해지결정),2024-01-16,KOSPI,10140.0,9990.0,9930.0,10020.0,-0.014792899408283988,-0.020710059171597628,-0.011834319526627168,
654738,20240507000293,00990165,아세아시멘트,183190,주요사항보고서(자기주식취득신탁계약해지결정),2024-05-07,KOSPI,10070.0,10070.0,10110.0,10510.0,0.0,0.003972194637537285,0.04369414101290969,
601284,20240814001265,00990165,아세아시멘트,183190,주요사항보고서(자기주식취득신탁계약체결결정),2024-08-14,KOSPI,11260.0,11160.0,11370.0,11660.0,-0.008880994671403242,0.009769094138543544,0.035523978685612745,
554037,20241115000171,00990165,아세아시멘트,183190,주요사항보고서(자기주식취득신탁계약체결결정),2024-11-15,KOSPI,10740.0,10670.0,10590.0,10250.0,-0.0065176908752327956,-0.013966480446927387,-0.04562383612662946,
506890,20250213001650,00990165,아세아시멘트,183190,주요사항보고서(자기주식취득신탁계약해지결정),2025-02-13,KOSPI,10280.0,10350.0,10110.0,10140.0,0.006809338521400754,-0.0165369649805448,-0.013618677042801508,
497522,20250226001800,00990165,아세아시멘트,183190,주요사항보고서(자기주식취득신탁계약체결결정),2025-02-26,KOSPI,10360.0,10250.0,10140.0,10310.0,-0.010617760617760652,-0.021235521235521193,-0.004826254826254872,
401137,20250514000930,00990165,아세아시멘트,183190,주요사항보고서(자기주식취득신탁계약해지결정),2025-05-14,KOSPI,11290.0,11110.0,11220.0,11180.0,-0.01594331266607618,-0.00620017714791854,-0.009743135518157642,
345723,20250825000331,00990165,아세아시멘트,183190,주요사항보고서(자기주식취득신탁계약해지결정),2025-08-25,KOSPI,13400.0,13240.0,13450.0,13480.0,-0.011940298507462699,0.003731343283582156,0.005970149253731405,
322827,20251016000183,00990165,아세아시멘트,183190,주요사항보고서(자기주식취득신탁계약체결결정),2025-10-16,KOSPI,12380.0,12480.0,12560.0,12300.0,0.008077544426494443,0.01453957996768973,-0.00646203554119551,
28056,20260415000471,00990165,아세아시멘트,183190,주요사항보고서(자기주식취득신탁계약해지결정),2026-04-15,KOSPI,11690.0,11940.0,11790.0,11700.0,0.021385799828913532,0.008554319931565413,0.0008554319931566301,
859159,20230721000447,00122898,벽산,007210,주요사항보고서(자기주식취득신탁계약체결결정),2023-07-21,KOSPI,2180.0,2230.0,2170.0,2305.0,0.022935779816513735,-0.004587155963302725,0.05733944954128445,
767727,20240122000352,00122898,벽산,007210,주요사항보고서(자기주식취득신탁계약해지결정),2024-01-22,KOSPI,2435.0,2435.0,2395.0,2410.0,0.0,-0.01642710472279263,-0.010266940451745366,
858206,20230725000167,01250374,에스에스알,275630,주요사항보고서(자기주식취득신탁계약체결결정),2023-07-25,KOSDAQ,4560.0,4350.0,4675.0,5240.0,-0.046052631578947345,0.025219298245614086,0.14912280701754388,
816585,20231018000188,01250374,에스에스알,275630,주요사항보고서(자기주식취득신탁계약체결결정),2023-10-18,KOSDAQ,4315.0,4345.0,4300.0,4400.0,0.006952491309385911,-0.0034762456546929554,0.01969872537659323,
766921,20240124000158,01250374,에스에스알,275630,주요사항보고서(자기주식취득신탁계약해지결정),2024-01-24,KOSDAQ,4895.0,4880.0,4880.0,4945.0,-0.003064351378958108,-0.003064351378958108,0.010214504596527174,
665355,20240417000236,01250374,에스에스알,275630,주요사항보고서(자기주식취득신탁계약해지결정),2024-04-17,KOSDAQ,4175.0,4180.0,4235.0,4165.0,0.0011976047904191933,0.014371257485029876,-0.0023952095808382756,
595577,20240822000192,01250374,에스에스알,275630,주요사항보고서(자기주식취득신탁계약체결결정),2024-08-22,KOSDAQ,3570.0,3570.0,3515.0,3705.0,0.0,-0.01540616246498594,0.037815126050420256,
500850,20250221001034,01250374,에스에스알,275630,[연장결정]주요사항보고서(자기주식취득신탁계약체결결정),2025-02-21,KOSDAQ,3275.0,3260.0,3215.0,3195.0,-0.004580152671755711,-0.018320610687022953,-0.02442748091603053,
86216,20260323000249,01250374,에스에스알,275630,주요사항보고서(자기주식취득신탁계약체결결정),2026-03-23,KOSDAQ,3010.0,3080.0,3070.0,3665.0,0.023255813953488413,0.019933554817275656,0.21760797342192695,
857573,20230726000193,00125938,삼보판지,023600,주요사항보고서(자기주식취득결정),2023-07-26,KOSDAQ,9060.0,9250.0,9490.0,9580.0,0.020971302428256067,0.04746136865342154,0.05739514348785879,
833388,20230901000133,00125938,삼보판지,023600,자기주식취득결과보고서,2023-09-01,KOSDAQ,9250.0,9230.0,9060.0,9000.0,-0.00216216216216214,-0.020540540540540553,-0.027027027027026973,
618850,20240710000443,00125938,삼보판지,023600,주요사항보고서(자기주식취득결정),2024-07-10,KOSDAQ,9710.0,9750.0,9710.0,9910.0,0.004119464469618972,0.0,0.020597322348094638,
584248,20240909000098,00125938,삼보판지,023600,자기주식취득결과보고서,2024-09-09,KOSDAQ,9150.0,9120.0,9060.0,9180.0,-0.003278688524590123,-0.00983606557377048,0.003278688524590123,
857584,20230726000206,00980122,JB금융지주,175330,주요사항보고서(자기주식취득신탁계약체결결정),2023-07-26,KOSPI,8470.0,8730.0,8580.0,8580.0,0.030696576151121535,0.01298701298701288,0.01298701298701288,
764867,20240126000543,00980122,JB금융지주,175330,주요사항보고서(자기주식취득신탁계약해지결정),2024-01-26,KOSPI,10840.0,11160.0,11270.0,12260.0,0.029520295202952074,0.03966789667896675,0.13099630996309952,
612798,20240725000167,00980122,JB금융지주,175330,주요사항보고서(자기주식취득신탁계약체결결정),2024-07-25,KOSPI,14320.0,14300.0,14410.0,14480.0,-0.0013966480446927498,0.006284916201117374,0.011173184357541999,
517951,20250124000314,00980122,JB금융지주,175330,주요사항보고서(자기주식취득신탁계약해지결정),2025-01-24,KOSPI,19370.0,19770.0,19500.0,19600.0,0.02065049044914824,0.006711409395973256,0.011874032008260205,
463075,20250327000365,00980122,JB금융지주,175330,주요사항보고서(자기주식취득신탁계약체결결정),2025-03-27,KOSPI,17320.0,17440.0,17410.0,18130.0,0.006928406466512715,0.0051963048498844255,0.04676674364896072,
368302,20250715000268,00980122,JB금융지주,175330,주요사항보고서(자기주식취득신탁계약해지결정),2025-07-15,KOSPI,24700.0,23900.0,24200.0,24500.0,-0.03238866396761131,-0.020242914979757054,-0.0080971659919028,
364752,20250724000340,00980122,JB금융지주,175330,주요사항보고서(자기주식취득신탁계약체결결정),2025-07-24,KOSPI,24350.0,23750.0,22550.0,23100.0,-0.024640657084188944,-0.07392197125256672,-0.05133470225872694,
318707,20251027000294,00980122,JB금융지주,175330,주요사항보고서(자기주식취득신탁계약해지결정),2025-10-27,KOSPI,22150.0,21950.0,22050.0,22550.0,-0.009029345372460473,-0.004514672686230292,0.018058690744920947,
318173,20251028000287,00980122,JB금융지주,175330,주요사항보고서(자기주식취득신탁계약체결결정),2025-10-28,KOSPI,21950.0,22050.0,22850.0,22750.0,0.004555808656036442,0.04100227790432798,0.036446469248291535,
262770,20260203000406,00980122,JB금융지주,175330,주요사항보고서(자기주식취득신탁계약해지결정),2026-02-03,KOSPI,26500.0,28050.0,28400.0,29800.0,0.05849056603773595,0.07169811320754715,0.12452830188679243,
261160,20260205000460,00980122,JB금융지주,175330,주요사항보고서(자기주식취득신탁계약체결결정),2026-02-05,KOSPI,28400.0,28400.0,29550.0,34050.0,0.0,0.040492957746478764,0.198943661971831,
857469,20230726000310,00402110,시큐브,131090,주요사항보고서(자기주식취득신탁계약체결결정),2023-07-26,KOSDAQ,4575.0,4865.0,5075.0,5315.0,0.06338797814207653,0.1092896174863387,0.16174863387978133,
617512,20240712000279,00402110,시큐브,131090,주요사항보고서(자기주식취득신탁계약체결결정),2024-07-12,KOSDAQ,4155.0,4375.0,4340.0,4525.0,0.05294825511432011,0.044524669073405576,0.08904933814681115,
452,20260527000261,00402110,시큐브,131090,주요사항보고서(자기주식취득신탁계약체결결정),2026-05-27,KOSDAQ,4070.0,4010.0,3855.0,3645.0,-0.014742014742014753,-0.05282555282555279,-0.10442260442260443,
857374,20230726000396,01003040,케이사인,192250,주요사항보고서(자기주식취득신탁계약체결결정),2023-07-26,KOSDAQ,13070.0,13510.0,14470.0,15110.0,0.033664881407804215,0.10711553175210398,0.1560826319816373,
269597,20260123000189,01003040,케이사인,192250,주요사항보고서(자기주식취득신탁계약체결결정),2026-01-23,KOSDAQ,9800.0,10150.0,10750.0,10410.0,0.03571428571428581,0.09693877551020402,0.06224489795918364,
857066,20230727000001,00159023,SK텔레콤,017670,주요사항보고서(자기주식취득신탁계약체결결정),2023-07-27,KOSPI,46300.0,45800.0,46100.0,46150.0,-0.010799136069114423,-0.004319654427645814,-0.003239740820734305,
765438,20240126000018,00159023,SK텔레콤,017670,주요사항보고서(자기주식취득신탁계약해지결정),2024-01-26,KOSPI,49600.0,49600.0,50000.0,50300.0,0.0,0.008064516129032251,0.014112903225806495,
856850,20230727000260,00111810,대웅,003090,주요사항보고서(자기주식취득신탁계약체결결정),2023-07-27,KOSPI,12420.0,12920.0,13000.0,14080.0,0.040257648953301084,0.04669887278582929,0.13365539452495967,
762790,20240131000404,00111810,대웅,003090,주요사항보고서(자기주식취득신탁계약해지결정),2024-01-31,KOSPI,23200.0,25700.0,26100.0,23900.0,0.10775862068965525,0.125,0.030172413793103425,
856892,20230727800313,00163673,한진중공업홀딩스,003480,자기주식취득결정(자회사의 주요경영사항),2023-07-27,KOSPI,3450.0,3435.0,3405.0,3395.0,-0.004347826086956497,-0.013043478260869601,-0.01594202898550723,
856138,20230728000118,00938721,필옵틱스,161580,주요사항보고서(자기주식취득신탁계약체결결정),2023-07-28,KOSDAQ,10570.0,10910.0,11120.0,10080.0,0.032166508987701015,0.05203405865657529,-0.04635761589403975,
764303,20240129000320,00938721,필옵틱스,161580,주요사항보고서(자기주식취득신탁계약해지결정),2024-01-29,KOSDAQ,9900.0,10380.0,10110.0,9560.0,0.048484848484848575,0.021212121212121238,-0.03434343434343434,
855085,20230731000216,01365038,자람테크놀로지,389020,주요사항보고서(자기주식취득신탁계약체결결정),2023-07-31,KOSDAQ,28850.0,29400.0,30700.0,29900.0,0.01906412478336228,0.06412478336221827,0.03639514731369142,
854074,20230802000151,01139965,스튜디오미르,408900,주요사항보고서(자기주식취득결정),2023-08-02,KOSDAQ,5097.0,4872.0,5222.0,4621.0,-0.04414361389052379,0.02452422993917991,-0.09338826760839714,
828145,20230915000168,01139965,스튜디오미르,408900,자기주식취득결과보고서,2023-09-15,KOSDAQ,4229.0,4304.0,4137.0,3896.0,0.017734689051785324,-0.021754551903523267,-0.07874201938992664,
331478,20250922000195,01139965,스튜디오미르,408900,주요사항보고서(자기주식취득결정),2025-09-22,KOSDAQ,4425.0,4530.0,4390.0,4140.0,0.023728813559322104,-0.00790960451977396,-0.06440677966101693,
330077,20250925000213,01139965,스튜디오미르,408900,자기주식취득결과보고서,2025-09-25,KOSDAQ,4210.0,4185.0,4140.0,4165.0,-0.005938242280285055,-0.016627078384798155,-0.0106888361045131,
851133,20230809000223,00838005,서진시스템,178320,주요사항보고서(자기주식취득결정),2023-08-09,KOSDAQ,15730.0,15380.0,15500.0,15580.0,-0.022250476795931395,-0.014621741894469187,-0.009535918626827677,
805786,20231110000709,00838005,서진시스템,178320,자기주식취득결과보고서,2023-11-10,KOSDAQ,17770.0,17810.0,17020.0,18620.0,0.0022509848058525073,-0.04220596510973551,0.047833427124367,
544367,20241203900062,00838005,서진시스템,178320,수시공시의무관련사항(공정공시)              (주주가치 제고를 위한 주주환원계획(자기주식 취득 및 소각 계획) 수립),2024-12-03,KOSDAQ,27950.0,27550.0,27400.0,27900.0,-0.014311270125223596,-0.019677996422182487,-0.0017889087656529634,
330694,20250924000110,00838005,서진시스템,178320,주요사항보고서(자기주식취득결정),2025-09-24,KOSDAQ,22450.0,22100.0,21550.0,20950.0,-0.015590200445434244,-0.04008908685968815,-0.06681514476614703,
292806,20251211000053,00838005,서진시스템,178320,자기주식취득결과보고서,2025-12-11,KOSDAQ,26800.0,27000.0,26500.0,26050.0,0.00746268656716409,-0.011194029850746245,-0.027985074626865725,
842220,20230818000081,01047169,지란지교시큐리티,208350,주요사항보고서(자기주식취득신탁계약체결결정),2023-08-18,KOSDAQ,3950.0,4020.0,4030.0,4195.0,0.017721518987341867,0.020253164556962133,0.06202531645569631,
750961,20240219000834,01047169,지란지교시큐리티,208350,주요사항보고서(자기주식취득신탁계약해지결정),2024-02-19,KOSDAQ,4060.0,4070.0,4020.0,4000.0,0.0024630541871921707,-0.009852216748768461,-0.014778325123152691,
661155,20240425000308,01047169,지란지교시큐리티,208350,주요사항보고서(자기주식취득신탁계약체결결정),2024-04-25,KOSDAQ,3625.0,3855.0,3905.0,4160.0,0.06344827586206891,0.0772413793103448,0.14758620689655166,
585363,20240905000322,01047169,지란지교시큐리티,208350,주요사항보고서(자기주식취득신탁계약체결결정),2024-09-05,KOSDAQ,2980.0,3135.0,3205.0,3160.0,0.052013422818791843,0.07550335570469802,0.06040268456375841,
86108,20260323000357,01047169,지란지교시큐리티,208350,주요사항보고서(자기주식취득신탁계약체결결정),2026-03-23,KOSDAQ,2895.0,2930.0,2970.0,3070.0,0.012089810017271052,0.02590673575129543,0.060449050086355705,
842086,20230818000238,00423177,텔레칩스,054450,주요사항보고서(자기주식취득신탁계약체결결정),2023-08-18,KOSDAQ,18870.0,19030.0,19650.0,20400.0,0.008479067302596732,0.04133545310015907,0.08108108108108114,
840865,20230822000173,00532059,그린생명과학,114450,주요사항보고서(자기주식취득신탁계약체결결정),2023-08-22,KOSDAQ,2422.0,2475.0,2486.0,2460.0,0.021882741535920625,0.02642444260941379,0.015689512799339278,
737220,20240306000287,00532059,그린생명과학,114450,[연장결정]주요사항보고서(자기주식취득신탁계약체결결정),2024-03-06,KOSDAQ,2215.0,2190.0,2240.0,2255.0,-0.011286681715575675,0.011286681715575675,0.018058690744920947,
584880,20240906000314,00532059,그린생명과학,114450,[연장결정]주요사항보고서(자기주식취득신탁계약체결결정),2024-09-06,KOSDAQ,2120.0,2180.0,2105.0,2295.0,0.028301886792452935,-0.007075471698113178,0.08254716981132071,
488593,20250306000376,00532059,그린생명과학,114450,[연장결정]주요사항보고서(자기주식취득신탁계약체결결정),2025-03-06,KOSDAQ,1688.0,1709.0,1686.0,1661.0,0.012440758293838838,-0.0011848341232227888,-0.015995260663507094,
336821,20250908000227,00532059,그린생명과학,114450,주요사항보고서(자기주식취득신탁계약해지결정),2025-09-08,KOSDAQ,2720.0,2700.0,2740.0,2720.0,-0.007352941176470562,0.007352941176470562,0.0,
839827,20230824000167,00400060,이씨에스,067010,주요사항보고서(자기주식취득신탁계약체결결정),2023-08-24,KOSDAQ,3080.0,3180.0,3200.0,3230.0,0.032467532467532534,0.03896103896103886,0.04870129870129869,
566391,20241025000118,00400060,이씨에스,067010,주요사항보고서(자기주식취득신탁계약체결결정),2024-10-25,KOSDAQ,2925.0,2995.0,3045.0,3045.0,0.023931623931623847,0.0410256410256411,0.0410256410256411,
408498,20250429000340,00400060,이씨에스,067010,주요사항보고서(자기주식취득신탁계약해지결정),2025-04-29,KOSDAQ,2985.0,3000.0,2890.0,2880.0,0.005025125628140614,-0.031825795644891075,-0.035175879396984966,
837697,20230829000226,00482426,인화정공,101930,주요사항보고서(자기주식취득신탁계약체결결정),2023-08-29,KOSDAQ,2206.0,2268.0,2322.0,2332.0,0.02810516772438798,0.05258386219401623,0.05711695376246606,
585569,20240905000122,00482426,인화정공,101930,주요사항보고서(자기주식취득신탁계약체결결정),2024-09-05,KOSDAQ,3990.0,4060.0,3982.0,3970.0,0.01754385964912286,-0.002005012531328343,-0.005012531328320802,
496813,20250226005166,00482426,인화정공,101930,[연장결정]주요사항보고서(자기주식취득신탁계약체결결정),2025-02-26,KOSDAQ,7140.0,7000.0,6760.0,6630.0,-0.019607843137254943,-0.053221288515406195,-0.0714285714285714,
368410,20250715000162,00482426,인화정공,101930,주요사항보고서(자기주식취득신탁계약해지결정),2025-07-15,KOSDAQ,6680.0,6670.0,6750.0,6870.0,-0.0014970059880239361,0.010479041916167775,0.02844311377245501,
107865,20260304001211,00482426,인화정공,101930,주요사항보고서(자기주식취득신탁계약체결결정),2026-03-04,KOSDAQ,7500.0,8750.0,8780.0,9930.0,0.16666666666666674,0.17066666666666674,0.32400000000000007,
3328,20260522000207,00482426,인화정공,101930,주요사항보고서(자기주식취득신탁계약해지결정),2026-05-22,KOSDAQ,11790.0,11700.0,11070.0,9610.0,-0.007633587786259555,-0.06106870229007633,-0.18490245971162,
837605,20230829000317,00158112,한국수출포장공업,002200,주요사항보고서(자기주식취득신탁계약체결결정),2023-08-29,KOSPI,3120.0,3085.0,3050.0,3005.0,-0.011217948717948678,-0.022435897435897467,-0.03685897435897434,
742697,20240228007346,00158112,한국수출포장공업,002200,주요사항보고서(자기주식취득신탁계약해지결정),2024-02-28,KOSPI,3050.0,3045.0,3110.0,2940.0,-0.0016393442622950616,0.01967213114754096,-0.0360655737704918,
606126,20240809000203,00158112,한국수출포장공업,002200,주요사항보고서(자기주식취득신탁계약체결결정),2024-08-09,KOSPI,2400.0,2360.0,2400.0,2390.0,-0.01666666666666672,0.0,-0.004166666666666652,
511173,20250210000649,00158112,한국수출포장공업,002200,주요사항보고서(자기주식취득신탁계약해지결정),2025-02-10,KOSPI,2685.0,2665.0,2645.0,2635.0,-0.007448789571694592,-0.014897579143389184,-0.01862197392923648,
379109,20250623000300,00158112,한국수출포장공업,002200,주요사항보고서(자기주식취득신탁계약체결결정),2025-06-23,KOSPI,2950.0,2985.0,3025.0,3030.0,0.011864406779660941,0.025423728813559254,0.027118644067796627,
311793,20251111000245,00158112,한국수출포장공업,002200,주요사항보고서(자기주식취득신탁계약해지결정),2025-11-11,KOSPI,2960.0,3000.0,3115.0,3115.0,0.013513513513513598,0.05236486486486491,0.05236486486486491,
310548,20251113000260,00158112,한국수출포장공업,002200,주요사항보고서(자기주식취득신탁계약체결결정),2025-11-13,KOSPI,3115.0,3130.0,3130.0,3115.0,0.0048154093097914075,0.0048154093097914075,0.0,
267542,20260128000110,00158112,한국수출포장공업,002200,주요사항보고서(자기주식취득신탁계약해지결정),2026-01-28,KOSPI,3225.0,3240.0,3215.0,3190.0,0.0046511627906977715,-0.0031007751937984773,-0.010852713178294615,
265377,20260130000346,00158112,한국수출포장공업,002200,주요사항보고서(자기주식취득신탁계약체결결정),2026-01-30,KOSPI,3215.0,3165.0,3150.0,3190.0,-0.015552099533437058,-0.02021772939346811,-0.007776049766718529,
41374,20260409000408,00158112,한국수출포장공업,002200,주요사항보고서(자기주식취득신탁계약해지결정),2026-04-09,KOSPI,2800.0,2825.0,2830.0,2890.0,0.008928571428571397,0.010714285714285676,0.03214285714285725,
835942,20230830001038,01201970,셀레스트라,352770,주요사항보고서(자기주식취득결정),2023-08-30,KOSDAQ,36075.0,36825.0,35325.0,43575.0,0.02079002079002068,-0.02079002079002079,0.2079002079002079,
835752,20230830001266,01201970,셀레스트라,352770,자기주식취득결과보고서,2023-08-30,KOSDAQ,36075.0,36825.0,35325.0,43575.0,0.02079002079002068,-0.02079002079002079,0.2079002079002079,
833919,20230831001353,00118451,동일제강,002690,주요사항보고서(자기주식취득신탁계약체결결정),2023-08-31,KOSPI,1852.0,1899.0,1901.0,1900.0,0.025377969762419017,0.026457883369330526,0.02591792656587466,
648808,20240516000976,00118451,동일제강,002690,주요사항보고서(자기주식취득신탁계약해지결정),2024-05-16,KOSPI,1878.0,1817.0,1797.0,1803.0,-0.032481363152289666,-0.04313099041533541,-0.039936102236421744,
832902,20230904000023,01085026,유진테크놀로지,240600,주요사항보고서(자기주식취득결정),2023-09-04,KOSDAQ,,,,,,,,no_price_data
831320,20230907000260,00378628,KH바텍,060720,주요사항보고서(자기주식취득신탁계약체결결정),2023-09-07,KOSDAQ,15060.0,14900.0,15000.0,15280.0,-0.010624169986719778,-0.003984063745019917,0.014608233731739695,
605692,20240809000594,00378628,KH바텍,060720,주요사항보고서(자기주식취득결정),2024-08-09,KOSDAQ,10650.0,11300.0,11250.0,11240.0,0.06103286384976525,0.05633802816901401,0.05539906103286385,
579197,20240923000329,00378628,KH바텍,060720,자기주식취득결과보고서,2024-09-23,KOSDAQ,10310.0,10300.0,10260.0,10050.0,-0.0009699321047527132,-0.004849660523763344,-0.02521823472356932,
113510,20260624000185,00378628,KH바텍,060720,주요사항보고서(자기주식취득결정),2026-06-24,KOSDAQ,10640.0,10350.0,9880.0,,-0.02725563909774431,-0.0714285714285714,,
830275,20230911000247,00138446,아가방컴퍼니,013990,주요사항보고서(자기주식취득신탁계약체결결정),2023-09-11,KOSDAQ,3540.0,3455.0,3515.0,3495.0,-0.02401129943502822,-0.007062146892655385,-0.012711864406779627,
607675,20240806000300,00138446,아가방컴퍼니,013990,주요사항보고서(자기주식취득신탁계약체결결정),2024-08-06,KOSDAQ,3800.0,4055.0,4170.0,4075.0,0.06710526315789478,0.09736842105263155,0.07236842105263164,
570671,20241015000081,00138446,아가방컴퍼니,013990,주요사항보고서(자기주식취득신탁계약체결결정),2024-10-15,KOSDAQ,4450.0,4415.0,4450.0,4370.0,-0.00786516853932584,0.0,-0.017977528089887618,
558232,20241113000108,00138446,아가방컴퍼니,013990,주요사항보고서(자기주식취득신탁계약체결결정),2024-11-13,KOSDAQ,4105.0,4230.0,4345.0,4470.0,0.030450669914738215,0.0584652862362971,0.08891595615103531,
268179,20260127000105,00138446,아가방컴퍼니,013990,주요사항보고서(자기주식취득신탁계약체결결정),2026-01-27,KOSDAQ,4570.0,4720.0,4690.0,4610.0,0.03282275711159732,0.026258205689277947,0.00875273522975939,
13994,20260508000493,00138446,아가방컴퍼니,013990,주요사항보고서(자기주식취득신탁계약해지결정),2026-05-08,KOSDAQ,4860.0,5150.0,5000.0,4940.0,0.05967078189300401,0.028806584362139898,0.016460905349794164,
13908,20260508000573,00138446,아가방컴퍼니,013990,주요사항보고서(자기주식취득신탁계약체결결정),2026-05-08,KOSDAQ,4860.0,5150.0,5000.0,4940.0,0.05967078189300401,0.028806584362139898,0.016460905349794164,
830234,20230911000267,01013694,인카금융서비스,211050,주요사항보고서(자기주식취득신탁계약체결결정),2023-09-11,KOSDAQ,2918.0,3078.0,3136.0,3106.0,0.054832076764907534,0.07470870459218637,0.06442769019876637,
607640,20240806000322,01013694,인카금융서비스,211050,주요사항보고서(자기주식취득신탁계약체결결정),2024-08-06,KOSDAQ,4320.0,4790.0,4730.0,5250.0,0.10879629629629628,0.09490740740740744,0.21527777777777768,
121520,20260608000243,01013694,인카금융서비스,211050,주요사항보고서(자기주식취득신탁계약체결결정),2026-06-08,KOSDAQ,8850.0,9330.0,9310.0,10350.0,0.05423728813559325,0.051977401129943424,0.1694915254237288,
829327,20230913000087,00641171,인지소프트,100030,주요사항보고서(자기주식취득신탁계약체결결정),2023-09-13,KOSDAQ,17530.0,17620.0,18450.0,18140.0,0.005134055904164381,0.0524814603536794,0.03479749001711352,
730466,20240313000456,00641171,인지소프트,100030,주요사항보고서(자기주식취득신탁계약해지결정),2024-03-13,KOSDAQ,18980.0,18550.0,18900.0,18670.0,-0.02265542676501575,-0.004214963119072657,-0.016332982086406767,
568523,20241021000034,00641171,인지소프트,100030,주요사항보고서(자기주식취득신탁계약체결결정),2024-10-21,KOSDAQ,16790.0,16770.0,16940.0,16930.0,-0.001191185229303171,0.008933889219773672,0.008338296605122197,
554078,20241115000139,00641171,인지소프트,100030,주요사항보고서(자기주식취득신탁계약체결결정),2024-11-15,KOSDAQ,15620.0,17090.0,17230.0,17240.0,0.09411011523687574,0.10307298335467352,0.10371318822023046,
314911,20251104000105,00641171,인지소프트,100030,주요사항보고서(자기주식취득신탁계약체결결정),2025-11-04,KOSDAQ,19880.0,21100.0,21700.0,21700.0,0.06136820925553321,0.09154929577464799,0.09154929577464799,
15735,20260506000350,00641171,인지소프트,100030,주요사항보고서(자기주식취득결정),2026-05-06,KOSDAQ,19000.0,20250.0,20500.0,20050.0,0.06578947368421062,0.07894736842105265,0.0552631578947369,
829216,20230913000184,00155151,피에이치에이,043370,주요사항보고서(자기주식취득신탁계약체결결정),2023-09-13,KOSDAQ,8940.0,8960.0,9170.0,9490.0,0.0022371364653244186,0.02572706935123037,0.06152125279642062,
782529,20231218000137,00155151,피에이치에이,043370,주요사항보고서(자기주식취득신탁계약체결결정),2023-12-18,KOSDAQ,9130.0,9200.0,9790.0,9810.0,0.00766703176341732,0.07228915662650603,0.07447973713033962,
828156,20230915000120,00986898,팜스빌,318010,주요사항보고서(자기주식취득신탁계약체결결정),2023-09-15,KOSDAQ,8670.0,8560.0,8500.0,8190.0,-0.012687427912341454,-0.019607843137254943,-0.05536332179930792,
827119,20230919000111,00533191,비보존 제약,082800,주요사항보고서(자기주식취득결정),2023-09-19,KOSDAQ,2931.0,2907.0,2855.0,2874.0,-0.008188331627430934,-0.025929716820197846,-0.019447287615148467,
826009,20230921000107,00533191,비보존 제약,082800,자기주식취득결과보고서,2023-09-21,KOSDAQ,2855.0,2827.0,2860.0,,-0.009807355516637473,0.0017513134851139256,,
826736,20230920000013,00231901,LB인베스트먼트,309960,주요사항보고서(자기주식취득신탁계약체결결정),2023-09-20,KOSDAQ,3845.0,4330.0,4230.0,4395.0,0.1261378413524057,0.10013003901170348,0.14304291287386217,
723353,20240319000209,00231901,LB인베스트먼트,309960,주요사항보고서(자기주식취득신탁계약해지결정),2024-03-19,KOSDAQ,4495.0,4385.0,4420.0,4270.0,-0.024471635150166815,-0.016685205784204626,-0.05005561735261399,
826693,20230920000115,00911229,라온로보틱스,232680,주요사항보고서(자기주식취득신탁계약체결결정),2023-09-20,KOSDAQ,9580.0,9380.0,9150.0,9000.0,-0.02087682672233826,-0.044885177453027114,-0.06054279749478075,
567571,20241023000084,00911229,라온로보틱스,232680,주요사항보고서(자기주식취득신탁계약체결결정),2024-10-23,KOSDAQ,6430.0,6790.0,6830.0,7370.0,0.055987558320373276,0.06220839813374801,0.14618973561430804,
824863,20230925000110,00159740,KISCO홀딩스,001940,주요사항보고서(자기주식취득신탁계약체결결정),2023-09-25,KOSPI,19940.0,20350.0,22600.0,21100.0,0.020561685055165535,0.13340020060180535,0.05817452357071207,
723439,20240319800109,00159740,KISCO홀딩스,001940,주요사항보고서(자기주식취득신탁계약체결결정)(자회사의 주요경영사항),2024-03-19,KOSPI,25700.0,25800.0,26200.0,23950.0,0.0038910505836575737,0.01945525291828787,-0.06809338521400776,
715398,20240325000692,00159740,KISCO홀딩스,001940,주요사항보고서(자기주식취득신탁계약해지결정),2024-03-25,KOSPI,24150.0,23950.0,23000.0,22750.0,-0.008281573498964856,-0.04761904761904767,-0.05797101449275366,
580457,20240919800212,00159740,KISCO홀딩스,001940,주요사항보고서(자기주식취득신탁계약해지결정)(자회사의 주요경영사항),2024-09-19,KOSPI,19150.0,19280.0,19270.0,18960.0,0.006788511749347359,0.0062663185378590835,-0.00992167101827679,
347740,20250820000063,00159740,KISCO홀딩스,001940,주요사항보고서(자기주식취득신탁계약체결결정),2025-08-20,KOSPI,25700.0,25800.0,25800.0,25650.0,0.0038910505836575737,0.0038910505836575737,-0.0019455252918287869,
347739,20250820800056,00159740,KISCO홀딩스,001940,주요사항보고서(자기주식취득신탁계약체결결정)(자회사의 주요경영사항),2025-08-20,KOSPI,25700.0,25800.0,25800.0,25650.0,0.0038910505836575737,0.0038910505836575737,-0.0019455252918287869,
248942,20260220002338,00159740,KISCO홀딩스,001940,주요사항보고서(자기주식취득신탁계약해지결정),2026-02-20,KOSPI,25250.0,25600.0,25450.0,26200.0,0.013861386138613874,0.007920792079207928,0.03762376237623766,
249007,20260220800948,00159740,KISCO홀딩스,001940,주요사항보고서(자기주식취득신탁계약해지결정)(자회사의 주요경영사항),2026-02-20,KOSPI,25250.0,25600.0,25450.0,26200.0,0.013861386138613874,0.007920792079207928,0.03762376237623766,
120759,20260609000407,00159740,KISCO홀딩스,001940,주요사항보고서(자기주식취득신탁계약체결결정),2026-06-09,KOSPI,21200.0,23500.0,23250.0,24350.0,0.10849056603773577,0.09669811320754707,0.1485849056603774,
120732,20260609800642,00159740,KISCO홀딩스,001940,주요사항보고서(자기주식취득신탁계약체결결정)(자회사의 주요경영사항),2026-06-09,KOSPI,21200.0,23500.0,23250.0,24350.0,0.10849056603773577,0.09669811320754707,0.1485849056603774,
824705,20230925000302,01311408,에코프로머티,450080,주요사항보고서(자기주식취득결정),2023-09-25,KOSPI,,,,,,,,no_price_data
824150,20230926000122,01134216,트루엔,417790,주요사항보고서(자기주식취득신탁계약체결결정),2023-09-26,KOSDAQ,9820.0,10090.0,10090.0,10570.0,0.027494908350305547,0.027494908350305547,0.07637474541751521,
290656,20251215000083,01134216,트루엔,417790,주요사항보고서(자기주식취득신탁계약체결결정),2025-12-15,KOSDAQ,8550.0,8540.0,8470.0,8500.0,-0.0011695906432748204,-0.009356725146198785,-0.005847953216374324,
821941,20231004000305,00103042,케이씨티시,009070,주요사항보고서(자기주식취득신탁계약체결결정),2023-10-04,KOSPI,3700.0,3665.0,3630.0,3715.0,-0.009459459459459474,-0.018918918918918948,0.004054054054054124,
345755,20250825000305,00103042,케이씨티시,009070,주요사항보고서(자기주식취득신탁계약해지결정),2025-08-25,KOSPI,5730.0,5360.0,5510.0,5480.0,-0.06457242582897038,-0.03839441535776611,-0.04363001745200701,
821861,20231004000355,01140837,이지트로닉스,377330,주요사항보고서(자기주식취득신탁계약체결결정),2023-10-04,KOSDAQ,7640.0,7890.0,8270.0,8400.0,0.0327225130890052,0.08246073298429324,0.09947643979057585,
821598,20231005000045,00109268,대동스틸,048470,주요사항보고서(자기주식취득신탁계약체결결정),2023-10-05,KOSDAQ,3475.0,3575.0,3545.0,3635.0,0.02877697841726623,0.020143884892086295,0.04604316546762588,
694786,20240403000768,00109268,대동스틸,048470,주요사항보고서(자기주식취득신탁계약체결결정),2024-04-03,KOSDAQ,3790.0,3855.0,3770.0,3750.0,0.01715039577836408,-0.00527704485488123,-0.01055408970976257,
686553,20240405002004,00109268,대동스틸,048470,주요사항보고서(자기주식취득신탁계약해지결정),2024-04-05,KOSDAQ,3770.0,3755.0,3750.0,3720.0,-0.003978779840848823,-0.0053050397877983935,-0.01326259946949604,
574883,20241002000214,00109268,대동스틸,048470,주요사항보고서(자기주식취득신탁계약해지결정),2024-10-02,KOSDAQ,3650.0,3640.0,3725.0,3770.0,-0.002739726027397249,0.020547945205479534,0.03287671232876721,
573837,20241007000176,00109268,대동스틸,048470,주요사항보고서(자기주식취득신탁계약체결결정),2024-10-07,KOSDAQ,3725.0,3780.0,3725.0,3850.0,0.014765100671140896,0.0,0.033557046979865834,
434863,20250407001910,00109268,대동스틸,048470,주요사항보고서(자기주식취득신탁계약해지결정),2025-04-07,KOSDAQ,3705.0,3900.0,5070.0,4700.0,0.05263157894736836,0.368421052631579,0.26855600539811064,
434718,20250407002062,00109268,대동스틸,048470,주요사항보고서(자기주식취득신탁계약해지결정),2025-04-07,KOSDAQ,3705.0,3900.0,5070.0,4700.0,0.05263157894736836,0.368421052631579,0.26855600539811064,
820865,20231006000139,00130383,서부T&D,006730,주요사항보고서(자기주식취득결정),2023-10-06,KOSDAQ,6768.0,6677.0,6768.0,6732.0,-0.013445626477541328,0.0,-0.005319148936170248,
792799,20231130000612,00130383,서부T&D,006730,자기주식취득결과보고서,2023-11-30,KOSDAQ,6924.0,6905.0,6851.0,6823.0,-0.0027440785673021884,-0.010543038705950303,-0.014586943963027177,
532771,20241220000536,00130383,서부T&D,006730,주요사항보고서(자기주식취득결정),2024-12-20,KOSDAQ,5060.0,5520.0,5500.0,5420.0,0.09090909090909083,0.08695652173913038,0.07114624505928857,
466222,20250325000693,00130383,서부T&D,006730,자기주식취득결과보고서,2025-03-25,KOSDAQ,5670.0,5740.0,5620.0,5600.0,0.012345679012345734,-0.00881834215167554,-0.012345679012345734,
820099,20231010000247,00361488,텔코웨어,078000,주요사항보고서(자기주식취득신탁계약체결결정),2023-10-10,KOSPI,9890.0,10140.0,10190.0,10070.0,0.025278058645096024,0.030333670374115274,0.018200202224469164,
679366,20240409000726,00361488,텔코웨어,078000,[연장결정]주요사항보고서(자기주식취득신탁계약체결결정),2024-04-09,KOSPI,10150.0,10070.0,10190.0,10150.0,-0.007881773399014746,0.003940886699507429,0.0,
619521,20240709000078,00361488,텔코웨어,078000,주요사항보고서(자기주식취득신탁계약해지결정),2024-07-09,KOSPI,10720.0,10590.0,10670.0,10580.0,-0.012126865671641784,-0.004664179104477584,-0.013059701492537323,
818131,20231013000304,01534577,청담글로벌,362320,주요사항보고서(자기주식취득신탁계약체결결정),2023-10-13,KOSDAQ,6690.0,6540.0,6710.0,6240.0,-0.022421524663677084,0.002989536621823552,-0.06726457399103136,
543353,20241205000145,01534577,청담글로벌,362320,주요사항보고서(자기주식취득신탁계약체결결정),2024-12-05,KOSDAQ,5000.0,4930.0,4600.0,5340.0,-0.014000000000000012,-0.07999999999999996,0.06800000000000006,
120327,20260610000270,01534577,청담글로벌,362320,주요사항보고서(자기주식취득결정),2026-06-10,KOSDAQ,4000.0,4070.0,4450.0,4650.0,0.01750000000000007,0.11250000000000004,0.1625000000000001,
817598,20231016000083,01383229,저스템,417840,주요사항보고서(자기주식취득결정),2023-10-16,KOSDAQ,4001.0,4444.0,4394.0,4082.0,0.11072231942014499,0.09822544363909014,0.02024493876530875,
795865,20231128000371,01383229,저스템,417840,자기주식취득결과보고서,2023-11-28,KOSDAQ,4289.0,4217.0,4289.0,4123.0,-0.016787129867101847,0.0,-0.03870366052692931,
113355,20260624000318,01383229,저스템,417840,주요사항보고서(자기주식취득결정),2026-06-24,KOSDAQ,12270.0,14310.0,13440.0,,0.16625916870415658,0.0953545232273838,,
817581,20231016000090,01360875,탑머티리얼,360070,주요사항보고서(자기주식취득신탁계약체결결정),2023-10-16,KOSDAQ,53900.0,54000.0,52900.0,64600.0,0.0018552875695732052,-0.01855287569573283,0.1985157699443414,
661069,20240425000361,01360875,탑머티리얼,360070,주요사항보고서(자기주식취득신탁계약체결결정),2024-04-25,KOSDAQ,55300.0,57000.0,58600.0,57200.0,0.030741410488245968,0.05967450271247743,0.03435804701627476,
401685,20250514000365,01360875,탑머티리얼,360070,주요사항보고서(자기주식취득신탁계약체결결정),2025-05-14,KOSDAQ,26600.0,26200.0,25500.0,24550.0,-0.015037593984962405,-0.041353383458646586,-0.07706766917293228,
817483,20231016000169,00246620,케이엘넷,039420,주요사항보고서(자기주식취득신탁계약체결결정),2023-10-16,KOSDAQ,2430.0,2495.0,2500.0,2470.0,0.026748971193415683,0.028806584362139898,0.016460905349794164,
569025,20241018000177,00246620,케이엘넷,039420,주요사항보고서(자기주식취득신탁계약체결결정),2024-10-18,KOSDAQ,2650.0,2605.0,2595.0,2605.0,-0.016981132075471694,-0.02075471698113207,-0.016981132075471694,
322367,20251017000175,00246620,케이엘넷,039420,[연장결정]주요사항보고서(자기주식취득신탁계약체결결정),2025-10-17,KOSDAQ,2970.0,2970.0,2950.0,2900.0,0.0,-0.006734006734006703,-0.023569023569023573,
42253,20260408002907,00246620,케이엘넷,039420,주요사항보고서(자기주식취득신탁계약해지결정),2026-04-08,KOSDAQ,2825.0,2830.0,3000.0,3080.0,0.001769911504424737,0.06194690265486735,0.09026548672566381,
36657,20260410001746,00246620,케이엘넷,039420,주요사항보고서(자기주식취득신탁계약체결결정),2026-04-10,KOSDAQ,3000.0,3030.0,3030.0,3080.0,0.010000000000000009,0.010000000000000009,0.026666666666666616,
817201,20231017000032,00885906,에이치와이티씨,148930,주요사항보고서(자기주식취득신탁계약체결결정),2023-10-17,KOSDAQ,6990.0,6810.0,6430.0,6360.0,-0.025751072961373356,-0.08011444921316169,-0.09012875536480691,
665978,20240416000139,00885906,에이치와이티씨,148930,[연장결정]주요사항보고서(자기주식취득신탁계약체결결정),2024-04-16,KOSDAQ,6160.0,6430.0,6600.0,6440.0,0.043831168831168776,0.0714285714285714,0.045454545454545414,
122434,20260605000150,00885906,에이치와이티씨,148930,주요사항보고서(자기주식취득신탁계약체결결정),2026-06-05,KOSDAQ,2800.0,2720.0,2765.0,2870.0,-0.02857142857142858,-0.012499999999999956,0.02499999999999991,
814990,20231023000050,00365387,AJ네트웍스,095570,주요사항보고서(자기주식취득신탁계약체결결정),2023-10-23,KOSPI,3790.0,3920.0,3935.0,3885.0,0.03430079155672816,0.03825857519788922,0.02506596306068598,
665828,20240416000271,00365387,AJ네트웍스,095570,[연장결정]주요사항보고서(자기주식취득신탁계약체결결정),2024-04-16,KOSPI,4700.0,4690.0,4695.0,4870.0,-0.0021276595744680327,-0.0010638297872340718,0.036170212765957555,
570425,20241015000309,00365387,AJ네트웍스,095570,[연장결정]주요사항보고서(자기주식취득신탁계약체결결정),2024-10-15,KOSPI,4855.0,4970.0,4850.0,4860.0,0.023686920700308978,-0.001029866117404743,0.001029866117404632,
415704,20250415000300,00365387,AJ네트웍스,095570,[연장결정]주요사항보고서(자기주식취득신탁계약체결결정),2025-04-15,KOSPI,3795.0,3730.0,3615.0,3700.0,-0.017127799736495364,-0.04743083003952564,-0.025032938076416378,
320172,20251023000248,00365387,AJ네트웍스,095570,주요사항보고서(자기주식취득신탁계약해지결정),2025-10-23,KOSPI,4390.0,4415.0,4310.0,4360.0,0.005694760820045497,-0.018223234624145768,-0.006833712984054663,
814445,20231024000124,00161426,한미사이언스,008930,주요사항보고서(자기주식취득결정),2023-10-24,KOSPI,31200.0,31600.0,31400.0,31650.0,0.012820512820512775,0.0064102564102563875,0.014423076923076872,
765064,20240126000420,00161426,한미사이언스,008930,자기주식취득결과보고서,2024-01-26,KOSPI,43650.0,41650.0,41000.0,40900.0,-0.04581901489117979,-0.060710194730813294,-0.06300114547537228,
811834,20231030000047,00819374,나무가,190510,주요사항보고서(자기주식취득신탁계약체결결정),2023-10-30,KOSDAQ,11110.0,10680.0,11190.0,12570.0,-0.03870387038703871,0.007200720072007227,0.1314131413141315,
666874,20240415000594,00819374,나무가,190510,주요사항보고서(자기주식취득신탁계약체결결정),2024-04-15,KOSDAQ,14340.0,14110.0,14380.0,13540.0,-0.016039051603905174,0.002789400278939924,-0.05578800557880059,
657320,20240430000764,00819374,나무가,190510,주요사항보고서(자기주식취득신탁계약해지결정),2024-04-30,KOSDAQ,14500.0,14610.0,14570.0,14600.0,0.0075862068965517615,0.004827586206896495,0.006896551724137945,
596814,20240820000037,00819374,나무가,190510,주요사항보고서(자기주식취득신탁계약체결결정),2024-08-20,KOSDAQ,12560.0,12570.0,12590.0,13580.0,0.0007961783439489611,0.0023885350318471055,0.08121019108280247,
571099,20241014000058,00819374,나무가,190510,주요사항보고서(자기주식취득신탁계약해지결정),2024-10-14,KOSDAQ,12700.0,12780.0,12720.0,12420.0,0.006299212598425141,0.0015748031496063408,-0.022047244094488216,
558229,20241113000096,00819374,나무가,190510,주요사항보고서(자기주식취득신탁계약체결결정),2024-11-13,KOSDAQ,11290.0,11600.0,12000.0,12690.0,0.027457927369353374,0.06288751107174484,0.12400354295837035,
503455,20250218000496,00819374,나무가,190510,주요사항보고서(자기주식취득신탁계약체결결정),2025-02-18,KOSDAQ,13170.0,13060.0,13060.0,12970.0,-0.008352315869400107,-0.008352315869400107,-0.01518602885345477,
501814,20250220001139,00819374,나무가,190510,주요사항보고서(자기주식취득신탁계약해지결정),2025-02-20,KOSDAQ,13060.0,13060.0,13200.0,13390.0,0.0,0.010719754977029039,0.025267993874425798,
403243,20250512000117,00819374,나무가,190510,주요사항보고서(자기주식취득신탁계약해지결정),2025-05-12,KOSDAQ,13470.0,13640.0,13660.0,13180.0,0.012620638455827837,0.01410541945063093,-0.02152932442464739,
348525,20250818000051,00819374,나무가,190510,주요사항보고서(자기주식취득신탁계약해지결정),2025-08-18,KOSDAQ,16500.0,15590.0,15870.0,16850.0,-0.055151515151515174,-0.038181818181818206,0.021212121212121238,
347344,20250821000036,00819374,나무가,190510,주요사항보고서(자기주식취득신탁계약체결결정),2025-08-21,KOSDAQ,16210.0,16210.0,16850.0,17270.0,0.0,0.03948180135718693,0.06539173349784089,
287743,20251217000075,00819374,나무가,190510,주요사항보고서(자기주식취득신탁계약해지결정),2025-12-17,KOSDAQ,17870.0,17870.0,18550.0,18500.0,0.0,0.03805260212646888,0.03525461667599328,
811696,20231030000182,01021639,나라셀라,405920,주요사항보고서(자기주식취득결정),2023-10-30,KOSDAQ,4955.0,4865.0,4900.0,5280.0,-0.01816347124117057,-0.011099899091826404,0.06559031281533811,
760635,20240205000128,01021639,나라셀라,405920,자기주식취득결과보고서,2024-02-05,KOSDAQ,5710.0,5630.0,5640.0,5800.0,-0.014010507880910628,-0.012259194395796813,0.015761821366024442,
809400,20231103000053,01215618,와이엠텍,273640,주요사항보고서(자기주식취득신탁계약체결결정),2023-11-03,KOSDAQ,13990.0,14530.0,14190.0,14060.0,0.03859899928520383,0.014295925661186537,0.005003573981415377,
583824,20240910000101,01215618,와이엠텍,273640,주요사항보고서(자기주식취득신탁계약체결결정),2024-09-10,KOSDAQ,11410.0,12030.0,12280.0,12220.0,0.054338299737072715,0.0762489044697634,0.07099035933391762,
808822,20231106000081,00188089,한섬,020000,주요사항보고서(자기주식취득결정),2023-11-06,KOSPI,20050.0,19770.0,19800.0,19820.0,-0.013965087281795463,-0.012468827930174564,-0.011471321695760595,
759600,20240206000515,00188089,한섬,020000,자기주식취득결과보고서,2024-02-06,KOSPI,19980.0,21550.0,20950.0,20400.0,0.07857857857857864,0.04854854854854862,0.021021021021021102,
808773,20231106000123,01047840,미스터블루,207760,주요사항보고서(자기주식취득신탁계약체결결정),2023-11-06,KOSDAQ,1670.0,1713.0,1737.0,1621.0,0.02574850299401188,0.04011976047904198,-0.02934131736526946,
655068,20240503000786,01047840,미스터블루,207760,[연장결정]주요사항보고서(자기주식취득신탁계약체결결정),2024-05-03,KOSDAQ,2700.0,2710.0,2655.0,2685.0,0.0037037037037037646,-0.01666666666666672,-0.005555555555555536,
637400,20240531002687,01047840,미스터블루,207760,주요사항보고서(자기주식취득신탁계약해지결정),2024-05-31,KOSDAQ,2610.0,2730.0,2655.0,2765.0,0.04597701149425282,0.01724137931034475,0.059386973180076685,
807111,20231109000157,01213586,아이디피,332370,주요사항보고서(자기주식취득결정),2023-11-09,KOSDAQ,3465.0,3455.0,3410.0,3365.0,-0.0028860028860029363,-0.015873015873015928,-0.028860028860028808,
756052,20240213000683,01213586,아이디피,332370,자기주식취득결과보고서,2024-02-13,KOSDAQ,3550.0,3555.0,3665.0,3735.0,0.0014084507042253502,0.032394366197183055,0.05211267605633796,
613490,20240724000203,01213586,아이디피,332370,주요사항보고서(자기주식취득결정),2024-07-24,KOSDAQ,3345.0,3340.0,3375.0,3350.0,-0.001494768310911776,0.008968609865470878,0.001494768310911887,
565618,20241028000124,01213586,아이디피,332370,자기주식취득결과보고서,2024-10-28,KOSDAQ,3745.0,3765.0,3715.0,3805.0,0.005340453938584844,-0.008010680907877155,0.01602136181575431,
513860,20250206000194,01213586,아이디피,332370,주요사항보고서(자기주식취득결정),2025-02-06,KOSDAQ,4220.0,4370.0,4365.0,4455.0,0.035545023696682554,0.034360189573459765,0.0556872037914693,
412742,20250422000065,01213586,아이디피,332370,자기주식취득결과보고서,2025-04-22,KOSDAQ,4205.0,4215.0,4210.0,4465.0,0.0023781212841855748,0.0011890606420927874,0.061831153388822724,
807084,20231109000193,00102858,고려아연,010130,주요사항보고서(자기주식취득신탁계약체결결정),2023-11-09,KOSPI,480000.0,479500.0,480500.0,483500.0,-0.0010416666666667185,0.0010416666666666075,0.007291666666666696,
655116,20240503000740,00102858,고려아연,010130,주요사항보고서(자기주식취득신탁계약체결결정),2024-05-03,KOSPI,463000.0,473000.0,493000.0,494000.0,0.021598272138228847,0.06479481641468676,0.06695464362850978,
654185,20240508000305,00102858,고려아연,010130,주요사항보고서(자기주식취득신탁계약해지결정),2024-05-08,KOSPI,493000.0,495000.0,496500.0,514000.0,0.0040567951318457585,0.007099391480730244,0.04259634888438124,
607434,20240807000156,00102858,고려아연,010130,주요사항보고서(자기주식취득신탁계약체결결정),2024-08-07,KOSPI,508000.0,515000.0,514000.0,512000.0,0.013779527559055094,0.011811023622047223,0.007874015748031482,
574951,20241002000155,00102858,고려아연,010130,주요사항보고서(자기주식취득결정),2024-10-02,KOSPI,713000.0,776000.0,780000.0,794000.0,0.08835904628330993,0.09396914446002813,0.1136044880785414,
565287,20241028000358,00102858,고려아연,010130,자기주식취득결과보고서,2024-10-28,KOSPI,1301000.0,1543000.0,1081000.0,1085000.0,0.18601076095311297,-0.1691006917755573,-0.16602613374327435,
559770,20241108000441,00102858,고려아연,010130,주요사항보고서(자기주식취득신탁계약해지결정),2024-11-08,KOSPI,1146000.0,1125000.0,1142000.0,1033000.0,-0.01832460732984298,-0.003490401396160525,-0.09860383944153572,
405073,20250507000438,00102858,고려아연,010130,주요사항보고서(자기주식취득신탁계약해지결정),2025-05-07,KOSPI,771000.0,791000.0,848000.0,839000.0,0.025940337224383825,0.09987029831387817,0.08819714656290523,
806906,20231109000319,01367586,제이아이테크,417500,주요사항보고서(자기주식취득신탁계약체결결정),2023-11-09,KOSDAQ,3430.0,3355.0,3260.0,3495.0,-0.02186588921282795,-0.04956268221574345,0.01895043731778423,
621041,20240704000141,01367586,제이아이테크,417500,주요사항보고서(자기주식취득신탁계약체결결정),2024-07-04,KOSDAQ,3885.0,3900.0,4010.0,4200.0,0.0038610038610038533,0.03217503217503226,0.08108108108108114,
551355,20241122000500,01367586,제이아이테크,417500,주요사항보고서(자기주식취득신탁계약체결결정),2024-11-22,KOSDAQ,2745.0,3075.0,3005.0,2880.0,0.12021857923497259,0.09471766848816032,0.049180327868852514,
801363,20231115000033,01290381,피엔케이피부임상연구센타,347740,주요사항보고서(자기주식취득신탁계약체결결정),2023-11-15,KOSDAQ,2485.0,2525.0,2475.0,2515.0,0.016096579476861272,-0.004024144869215318,0.012072434607645954,
554481,20241114002578,01290381,피엔케이피부임상연구센타,347740,주요사항보고서(자기주식취득신탁계약해지결정),2024-11-14,KOSDAQ,2015.0,2075.0,2105.0,2120.0,0.02977667493796532,0.04466501240694787,0.05210918114143914,
800805,20231116000103,00161781,아난티,025980,주요사항보고서(자기주식취득결정),2023-11-16,KOSDAQ,6860.0,6650.0,6840.0,6760.0,-0.030612244897959218,-0.002915451895043719,-0.014577259475218707,
786499,20231213000062,00161781,아난티,025980,자기주식취득결과보고서,2023-12-13,KOSDAQ,6410.0,6520.0,6530.0,6690.0,0.01716068642745716,0.018720748829953227,0.043681747269890714,
711301,20240328000541,00161781,아난티,025980,주요사항보고서(자기주식취득결정),2024-03-28,KOSDAQ,6420.0,6390.0,6510.0,6320.0,-0.004672897196261627,0.014018691588784993,-0.015576323987538943,
654338,20240508000110,00161781,아난티,025980,자기주식취득결과보고서,2024-05-08,KOSDAQ,6200.0,6140.0,6220.0,6160.0,-0.009677419354838679,0.003225806451612856,-0.006451612903225823,
561284,20241106000099,00161781,아난티,025980,주요사항보고서(자기주식취득결정),2024-11-06,KOSDAQ,5600.0,5450.0,5520.0,5010.0,-0.0267857142857143,-0.014285714285714235,-0.10535714285714282,
532949,20241220000407,00161781,아난티,025980,자기주식취득결과보고서,2024-12-20,KOSDAQ,5380.0,5360.0,5300.0,5300.0,-0.0037174721189591198,-0.014869888475836479,-0.014869888475836479,
800093,20231117000056,00131504,서한,011370,주요사항보고서(자기주식취득신탁계약체결결정),2023-11-17,KOSDAQ,963.0,976.0,971.0,970.0,0.01349948078920038,0.008307372793354029,0.007268951194184803,
800086,20231117000074,00260657,오상헬스케어,036220,주요사항보고서(자기주식취득결정),2023-11-17,KOSDAQ,29350.0,26200.0,25200.0,23600.0,-0.10732538330494035,-0.141396933560477,-0.19591141396933565,
631366,20240617000172,00260657,오상헬스케어,036220,주요사항보고서(자기주식취득결정),2024-06-17,KOSDAQ,13420.0,13770.0,15210.0,15400.0,0.02608047690014903,0.1333830104321907,0.14754098360655732,
579336,20240923000193,00260657,오상헬스케어,036220,자기주식취득결과보고서,2024-09-23,KOSDAQ,13260.0,13170.0,13040.0,12730.0,-0.006787330316742057,-0.016591251885369585,-0.039969834087481115,
799937,20231117000202,00615723,알엔티엑스,123010,주요사항보고서(자기주식취득결정),2023-11-17,KOSDAQ,1489.0,1489.0,1488.0,1531.0,0.0,-0.000671591672263272,0.02820685023505698,
799933,20231117000213,00615723,알엔티엑스,123010,자기주식취득결과보고서,2023-11-17,KOSDAQ,1489.0,1489.0,1488.0,1531.0,0.0,-0.000671591672263272,0.02820685023505698,
799512,20231120000584,00165060,하이록코리아,013030,주요사항보고서(자기주식취득신탁계약체결결정),2023-11-20,KOSDAQ,26100.0,27000.0,27400.0,27600.0,0.034482758620689724,0.04980842911877392,0.05747126436781613,
717085,20240322000467,00165060,하이록코리아,013030,주요사항보고서(자기주식취득신탁계약체결결정),2024-03-22,KOSDAQ,26750.0,25700.0,26450.0,25950.0,-0.03925233644859816,-0.01121495327102806,-0.029906542056074792,
499553,20250224002905,00165060,하이록코리아,013030,주요사항보고서(자기주식취득신탁계약체결결정),2025-02-24,KOSDAQ,28700.0,29250.0,28700.0,29050.0,0.019163763066202044,0.0,0.012195121951219523,
799074,20231121000059,00493325,에이엘티,172670,주요사항보고서(자기주식취득신탁계약체결결정),2023-11-21,KOSDAQ,19180.0,18730.0,18600.0,22200.0,-0.023461939520333708,-0.030239833159541152,0.15745568300312818,
652700,20240510000771,00493325,에이엘티,172670,[연장결정]주요사항보고서(자기주식취득신탁계약체결결정),2024-05-10,KOSDAQ,20450.0,20750.0,21400.0,20550.0,0.014669926650366705,0.046454767726161306,0.004889975550122161,
798333,20231122000329,00877174,엠브레인,169330,주요사항보고서(자기주식취득결정),2023-11-22,KOSDAQ,3035.0,3170.0,3240.0,3190.0,0.04448105436573302,0.06754530477759468,0.05107084019769359,
745265,20240227004601,00877174,엠브레인,169330,자기주식취득결과보고서,2024-02-27,KOSDAQ,2995.0,3020.0,2995.0,2995.0,0.008347245409014992,0.0,0.0,
798125,20231123000087,01181515,엘앤씨바이오,290650,주요사항보고서(자기주식취득결정),2023-11-23,KOSDAQ,34250.0,34000.0,34100.0,33400.0,-0.007299270072992692,-0.004379562043795637,-0.02481751824817513,
788202,20231208000423,01181515,엘앤씨바이오,290650,자기주식취득결과보고서,2023-12-08,KOSDAQ,30900.0,30850.0,30350.0,29650.0,-0.0016181229773463146,-0.017799352750809017,-0.04045307443365698,
379254,20250623000129,01181515,엘앤씨바이오,290650,주요사항보고서(자기주식취득결정),2025-06-23,KOSDAQ,29000.0,28900.0,27700.0,27750.0,-0.0034482758620689724,-0.04482758620689653,-0.0431034482758621,
345001,20250826000458,01181515,엘앤씨바이오,290650,자기주식취득결과보고서,2025-08-26,KOSDAQ,30550.0,29750.0,30900.0,30300.0,-0.026186579378068786,0.011456628477905184,-0.008183306055646433,
797108,20231124000465,01203376,유비쿼스,264450,주요사항보고서(자기주식취득결정),2023-11-24,KOSDAQ,10033.0,10540.0,10526.0,10706.0,0.050533240306986915,0.04913784511113328,0.067078640486395,
781406,20231220000268,01203376,유비쿼스,264450,자기주식취득결과보고서,2023-12-20,KOSDAQ,11100.0,11333.0,11266.0,10833.0,0.020990990990990888,0.014954954954955024,-0.02405405405405403,
669344,20240412002099,01203376,유비쿼스,264450,주요사항보고서(자기주식취득신탁계약체결결정),2024-04-12,KOSDAQ,11400.0,11380.0,11200.0,10913.0,-0.0017543859649122862,-0.01754385964912286,-0.042719298245614046,
570902,20241014000234,01203376,유비쿼스,264450,주요사항보고서(자기주식취득신탁계약해지결정),2024-10-14,KOSDAQ,8613.0,8980.0,8933.0,8906.0,0.04261000812724958,0.0371531406014165,0.03401834436317186,
420900,20250411001620,01203376,유비쿼스,264450,주요사항보고서(자기주식취득신탁계약체결결정),2025-04-11,KOSDAQ,7170.0,7360.0,7330.0,7270.0,0.02649930264993028,0.02231520223152028,0.013947001394700065,
322938,20251016000088,01203376,유비쿼스,264450,주요사항보고서(자기주식취득신탁계약해지결정),2025-10-16,KOSDAQ,9250.0,9160.0,9170.0,8900.0,-0.009729729729729741,-0.008648648648648671,-0.037837837837837784,
789105,20231207000108,00761183,신성에스티,416180,주요사항보고서(자기주식취득신탁계약체결결정),2023-12-07,KOSDAQ,22800.0,24050.0,24600.0,23550.0,0.054824561403508776,0.07894736842105265,0.03289473684210531,
767466,20240123000163,00761183,신성에스티,416180,주요사항보고서(자기주식취득신탁계약체결결정),2024-01-23,KOSDAQ,24300.0,25350.0,25500.0,25250.0,0.043209876543209846,0.04938271604938271,0.039094650205761416,
606099,20240809000233,00761183,신성에스티,416180,주요사항보고서(자기주식취득신탁계약체결결정),2024-08-09,KOSDAQ,28050.0,31300.0,30350.0,29300.0,0.1158645276292336,0.08199643493761144,0.04456327985739761,
519538,20250122000435,00761183,신성에스티,416180,[연장결정]주요사항보고서(자기주식취득신탁계약체결결정),2025-01-22,KOSDAQ,29850.0,29350.0,32200.0,,-0.01675041876046901,0.07872696817420444,,
789090,20231207000129,00367710,동인기연,111380,주요사항보고서(자기주식취득신탁계약체결결정),2023-12-07,KOSPI,23250.0,23250.0,22200.0,21500.0,0.0,-0.04516129032258065,-0.07526881720430112,
615105,20240719000061,00367710,동인기연,111380,주요사항보고서(자기주식취득신탁계약체결결정),2024-07-19,KOSPI,22900.0,21950.0,21450.0,20300.0,-0.04148471615720528,-0.0633187772925764,-0.11353711790393017,
577315,20240926000467,00367710,동인기연,111380,주요사항보고서(자기주식취득신탁계약체결결정),2024-09-26,KOSPI,18280.0,20400.0,19540.0,20400.0,0.11597374179431075,0.06892778993435456,0.11597374179431075,
551749,20241122000029,00367710,동인기연,111380,[연장결정]주요사항보고서(자기주식취득신탁계약체결결정),2024-11-22,KOSPI,15600.0,16000.0,16250.0,15800.0,0.02564102564102555,0.04166666666666674,0.012820512820512775,
366851,20250718000264,00367710,동인기연,111380,주요사항보고서(자기주식취득신탁계약해지결정),2025-07-18,KOSPI,16120.0,16110.0,15770.0,15140.0,-0.0006203473945409765,-0.021712158808932958,-0.06079404466501237,
328153,20250929000308,00367710,동인기연,111380,주요사항보고서(자기주식취득신탁계약해지결정),2025-09-29,KOSPI,13980.0,13740.0,13840.0,13650.0,-0.01716738197424894,-0.010014306151645225,-0.023605150214592308,
294948,20251205000285,00367710,동인기연,111380,주요사항보고서(자기주식취득신탁계약해지결정),2025-12-05,KOSPI,14080.0,14000.0,13890.0,14030.0,-0.005681818181818232,-0.013494318181818232,-0.0035511363636363535,
783366,20231215000285,00317104,라이온켐텍,171120,주요사항보고서(자기주식취득결정),2023-12-15,KOSDAQ,3280.0,3340.0,3345.0,3370.0,0.018292682926829285,0.01981707317073167,0.027439024390243816,
752556,20240215000326,00317104,라이온켐텍,171120,자기주식취득결과보고서,2024-02-15,KOSDAQ,3545.0,3565.0,3700.0,3535.0,0.005641748942172065,0.0437235543018335,-0.0028208744710860323,
780534,20231221000366,00913689,세경하이테크,148150,주요사항보고서(자기주식취득신탁계약체결결정),2023-12-21,KOSDAQ,6530.0,6400.0,6120.0,6170.0,-0.019908116385911168,-0.06278713629402755,-0.05513016845329255,
534667,20241218000097,00913689,세경하이테크,148150,주요사항보고서(자기주식취득신탁계약체결결정),2024-12-18,KOSDAQ,8580.0,9180.0,9130.0,8620.0,0.06993006993007,0.0641025641025641,0.004662004662004726,
380922,20250618000258,00913689,세경하이테크,148150,주요사항보고서(자기주식취득신탁계약체결결정),2025-06-18,KOSDAQ,6030.0,6200.0,6400.0,6400.0,0.028192371475953548,0.06135986733001664,0.06135986733001664,
779941,20231222000229,00297934,피씨디렉트,051380,주요사항보고서(자기주식취득신탁계약체결결정),2023-12-22,KOSDAQ,4150.0,4185.0,4260.0,4400.0,0.008433734939758963,0.026506024096385472,0.06024096385542177,
629812,20240620000103,00297934,피씨디렉트,051380,[연장결정]주요사항보고서(자기주식취득신탁계약체결결정),2024-06-20,KOSDAQ,3490.0,3450.0,3315.0,3395.0,-0.011461318051575908,-0.05014326647564471,-0.027220630372492782,
549504,20241127000303,00297934,피씨디렉트,051380,주요사항보고서(자기주식취득신탁계약체결결정),2024-11-27,KOSDAQ,2635.0,2620.0,2595.0,2450.0,-0.005692599620493399,-0.015180265654648917,-0.0702087286527514,
117760,20260615000145,00297934,피씨디렉트,051380,주요사항보고서(자기주식취득결정),2026-06-15,KOSDAQ,1715.0,1676.0,1705.0,1602.0,-0.022740524781341143,-0.005830903790087438,-0.06588921282798832,
779237,20231226000002,00137207,유니켐,011330,주요사항보고서(자기주식취득결정),2023-12-26,KOSPI,1913.0,2025.0,2110.0,2265.0,0.05854678515420808,0.10297961317302673,0.1840041819132252,
713058,20240327000487,00137207,유니켐,011330,자기주식취득결과보고서,2024-03-27,KOSPI,1935.0,1901.0,1891.0,1886.0,-0.017571059431524594,-0.02273901808785528,-0.02532299741602062,
304967,20251120000095,00137207,유니켐,011330,주요사항보고서(자기주식취득결정),2025-11-20,KOSPI,1350.0,1349.0,1307.0,1295.0,-0.0007407407407407085,-0.0318518518518518,-0.040740740740740744,
247696,20260224000045,00137207,유니켐,011330,자기주식취득결과보고서,2026-02-24,KOSPI,1173.0,1169.0,1151.0,1078.0,-0.0034100596760443525,-0.018755328218243772,-0.08098891730605284,
767527,20240123000039,00301422,스모트로닉,066590,주요사항보고서(자기주식취득결정),2024-01-23,KOSDAQ,2810.0,2860.0,2805.0,2810.0,0.017793594306049876,-0.001779359430605032,0.0,
660979,20240425000491,00301422,스모트로닉,066590,자기주식취득결과보고서,2024-04-25,KOSDAQ,2875.0,2830.0,2900.0,2970.0,-0.01565217391304352,0.008695652173912993,0.03304347826086951,
767248,20240123000390,00330424,LS증권,078020,주요사항보고서(자기주식취득결정),2024-01-23,KOSDAQ,4205.0,4360.0,4200.0,4410.0,0.03686087990487508,-0.0011890606420927874,0.04875148632580251,
750322,20240220001436,00330424,LS증권,078020,자기주식취득결과보고서,2024-02-20,KOSDAQ,4370.0,4625.0,4370.0,4310.0,0.0583524027459954,0.0,-0.013729977116704761,
766954,20240124000106,01301252,티이엠씨,425040,주요사항보고서(자기주식취득신탁계약체결결정),2024-01-24,KOSDAQ,21800.0,22000.0,22000.0,18620.0,0.00917431192660545,0.00917431192660545,-0.14587155963302756,
378223,20250625000046,01301252,티이엠씨,425040,주요사항보고서(자기주식취득신탁계약체결결정),2025-06-25,KOSDAQ,7100.0,7140.0,6970.0,7230.0,0.005633802816901401,-0.018309859154929553,0.018309859154929553,
763703,20240130000294,01393721,포커스에이아이,331380,주요사항보고서(자기주식취득신탁계약체결결정),2024-01-30,KOSDAQ,2225.0,2245.0,2200.0,2250.0,0.008988764044943753,-0.011235955056179803,0.011235955056179803,
564242,20241030000202,01393721,포커스에이아이,331380,주요사항보고서(자기주식취득신탁계약체결결정),2024-10-30,KOSDAQ,3695.0,3715.0,3755.0,2635.0,0.005412719891745521,0.016238159675236785,-0.28687415426251694,
760073,20240206000131,01205842,HD건설기계,267270,주요사항보고서(자기주식취득신탁계약체결결정),2024-02-06,KOSPI,53000.0,54900.0,53100.0,53600.0,0.03584905660377369,0.0018867924528302993,0.01132075471698113,
597112,20240819000208,01205842,HD건설기계,267270,주요사항보고서(자기주식취득신탁계약해지결정),2024-08-19,KOSPI,55000.0,54800.0,57100.0,56100.0,-0.0036363636363636598,0.038181818181818095,0.020000000000000018,
513911,20250206000164,01205842,HD건설기계,267270,주요사항보고서(자기주식취득신탁계약체결결정),2025-02-06,KOSPI,70900.0,72900.0,72900.0,82800.0,0.028208744710860323,0.028208744710860323,0.16784203102961914,
357885,20250807000268,01205842,HD건설기계,267270,주요사항보고서(자기주식취득신탁계약해지결정),2025-08-07,KOSPI,99900.0,104400.0,106500.0,101000.0,0.04504504504504503,0.06606606606606613,0.011011011011011096,
260051,20260206000810,01205842,HD건설기계,267270,주요사항보고서(자기주식취득신탁계약체결결정),2026-02-06,KOSPI,124700.0,123500.0,130200.0,140900.0,-0.009623095429029727,0.04410585404971923,0.12991178829190053,
758587,20240207000724,00193328,수산인더스트리,126720,주요사항보고서(자기주식취득신탁계약체결결정),2024-02-07,KOSPI,20000.0,20750.0,20600.0,20650.0,0.03750000000000009,0.030000000000000027,0.03249999999999997,
598915,20240814003435,00193328,수산인더스트리,126720,주요사항보고서(자기주식취득신탁계약해지결정),2024-08-14,KOSPI,22600.0,22150.0,21450.0,22950.0,-0.019911504424778736,-0.05088495575221241,0.015486725663716783,
755858,20240213000900,00171636,한솔홀딩스,004150,주요사항보고서(자기주식취득신탁계약체결결정),2024-02-13,KOSPI,3030.0,3085.0,3075.0,3175.0,0.018151815181518094,0.014851485148514865,0.04785478547854782,
603247,20240813001056,00171636,한솔홀딩스,004150,주요사항보고서(자기주식취득신탁계약해지결정),2024-08-13,KOSPI,2575.0,2580.0,2590.0,2570.0,0.001941747572815622,0.005825242718446644,-0.001941747572815511,
9783,20260514001204,00171636,한솔홀딩스,004150,주요사항보고서(자기주식취득결정),2026-05-14,KOSPI,3800.0,3700.0,3600.0,3665.0,-0.02631578947368418,-0.052631578947368474,-0.03552631578947374,
118280,20260612000542,00171636,한솔홀딩스,004150,자기주식취득결과보고서,2026-06-12,KOSPI,3530.0,3640.0,3500.0,3445.0,0.031161473087818692,-0.008498583569405138,-0.024079320113314484,
751560,20240216000972,01060814,삼양패키징,272550,주요사항보고서(자기주식취득신탁계약체결결정),2024-02-16,KOSPI,17700.0,18120.0,17870.0,17940.0,0.023728813559322104,0.009604519774011333,0.013559322033898313,
607787,20240806000226,01060814,삼양패키징,272550,주요사항보고서(자기주식취득신탁계약체결결정),2024-08-06,KOSPI,18420.0,18790.0,18810.0,18760.0,0.02008686210640609,0.021172638436482094,0.018458197611292082,
597387,20240816000275,01060814,삼양패키징,272550,주요사항보고서(자기주식취득신탁계약해지결정),2024-08-16,KOSPI,17580.0,17570.0,17500.0,17530.0,-0.0005688282138793799,-0.004550625711035261,-0.0028441410693970104,
514724,20250205000126,01060814,삼양패키징,272550,주요사항보고서(자기주식취득신탁계약해지결정),2025-02-05,KOSPI,15250.0,15300.0,15140.0,14740.0,0.003278688524590123,-0.00721311475409836,-0.03344262295081968,
397185,20250516000205,01060814,삼양패키징,272550,주요사항보고서(자기주식취득신탁계약체결결정),2025-05-16,KOSPI,13430.0,13300.0,13300.0,13020.0,-0.00967982129560685,-0.00967982129560685,-0.03052866716306779,
306148,20251117000137,01060814,삼양패키징,272550,주요사항보고서(자기주식취득신탁계약해지결정),2025-11-17,KOSPI,13710.0,13590.0,13700.0,13730.0,-0.008752735229759279,-0.0007293946024798936,0.0014587892049597873,
749667,20240221000803,00361594,DMS,068790,주요사항보고서(자기주식취득결정),2024-02-21,KOSDAQ,9486.0,9732.0,9717.0,9732.0,0.025932953826691918,0.024351676154332758,0.025932953826691918,
724409,20240318000249,00361594,DMS,068790,자기주식취득결과보고서,2024-03-18,KOSDAQ,9284.0,9818.0,9934.0,10555.0,0.057518311072813466,0.07001292546316251,0.13690219732873765,
724192,20240318000434,00361594,DMS,068790,주요사항보고서(자기주식취득결정),2024-03-18,KOSDAQ,9284.0,9818.0,9934.0,10555.0,0.057518311072813466,0.07001292546316251,0.13690219732873765,
690971,20240404001016,00361594,DMS,068790,자기주식취득결과보고서,2024-04-04,KOSDAQ,9414.0,9399.0,9038.0,9024.0,-0.0015933715742511012,-0.03994051412789468,-0.041427660930528964,
601751,20240814000815,00361594,DMS,068790,주요사항보고서(자기주식취득결정),2024-08-14,KOSDAQ,8461.0,8692.0,8894.0,9125.0,0.027301737383288005,0.05117598392624978,0.07847772130953778,
584994,20240906000142,00361594,DMS,068790,자기주식취득결과보고서,2024-09-06,KOSDAQ,8129.0,8114.0,8273.0,8519.0,-0.0018452454176405286,0.01771435600934934,0.04797638085865419,
546441,20241129000796,00361594,DMS,068790,주요사항보고서(자기주식취득결정),2024-11-29,KOSDAQ,7840.0,8085.0,8461.0,8172.0,0.03125,0.07920918367346941,0.04234693877551021,
532327,20241223000090,00361594,DMS,068790,자기주식취득결과보고서,2024-12-23,KOSDAQ,9010.0,9082.0,9067.0,8302.0,0.007991120976692523,0.0063263041065482195,-0.07857935627081025,
83806,20260324000361,00361594,DMS,068790,주요사항보고서(자기주식취득결정),2026-03-24,KOSDAQ,7800.0,8050.0,7820.0,7600.0,0.03205128205128216,0.002564102564102555,-0.02564102564102566,
25245,20260421000257,00361594,DMS,068790,자기주식취득결과보고서,2026-04-21,KOSDAQ,8190.0,8060.0,8160.0,8890.0,-0.015873015873015928,-0.00366300366300365,0.08547008547008539,
749483,20240221001401,00364403,쏠리드,050890,주요사항보고서(자기주식취득신탁계약체결결정),2024-02-21,KOSDAQ,6220.0,6340.0,6300.0,6060.0,0.019292604501607746,0.012861736334405238,-0.025723472668810254,
486629,20250307001157,00364403,쏠리드,050890,주요사항보고서(자기주식취득신탁계약체결결정),2025-03-07,KOSDAQ,6800.0,7120.0,6910.0,7000.0,0.04705882352941182,0.016176470588235237,0.02941176470588225,
333090,20250917000314,00364403,쏠리드,050890,주요사항보고서(자기주식취득신탁계약해지결정),2025-09-17,KOSDAQ,6780.0,6850.0,6940.0,6730.0,0.010324483775811188,0.02359882005899716,-0.007374631268436627,
96075,20260313000814,00364403,쏠리드,050890,주요사항보고서(자기주식취득신탁계약체결결정),2026-03-13,KOSDAQ,12750.0,12340.0,12650.0,13120.0,-0.03215686274509799,-0.007843137254901933,0.029019607843137285,
748761,20240222001335,00309831,알에프텍,061040,주요사항보고서(자기주식취득신탁계약체결결정),2024-02-22,KOSDAQ,20010.0,20010.0,19860.0,19685.0,0.0,-0.007496251874062998,-0.01624187906046981,
546028,20241129001160,00309831,알에프텍,061040,주요사항보고서(자기주식취득신탁계약체결결정),2024-11-29,KOSDAQ,17158.0,18384.0,19410.0,17509.0,0.07145354936472792,0.1312507285231379,0.020456929712087568,
741285,20240229000484,00102113,경인양행,012610,주요사항보고서(자기주식취득신탁계약체결결정),2024-02-29,KOSPI,3535.0,3550.0,3650.0,3515.0,0.004243281471004279,0.032531824611032434,-0.005657708628005631,
524423,20250110000191,00102113,경인양행,012610,주요사항보고서(자기주식취득신탁계약체결결정),2025-01-10,KOSPI,2905.0,2870.0,2850.0,2880.0,-0.012048192771084376,-0.018932874354561147,-0.008605851979345935,
492958,20250228002281,00102113,경인양행,012610,주요사항보고서(자기주식취득신탁계약해지결정),2025-02-28,KOSPI,2880.0,2840.0,2920.0,2900.0,-0.01388888888888884,0.01388888888888884,0.00694444444444442,
275636,20260109000294,00102113,경인양행,012610,주요사항보고서(자기주식취득신탁계약해지결정),2026-01-09,KOSPI,4670.0,4415.0,4545.0,5000.0,-0.054603854389721596,-0.02676659528907921,0.07066381156316925,
739621,20240229002230,00125646,삼목에스폼,018310,주요사항보고서(자기주식취득신탁계약체결결정),2024-02-29,KOSDAQ,18250.0,23700.0,22450.0,24900.0,0.29863013698630136,0.2301369863013698,0.36438356164383556,
737319,20240306000198,00861076,케이탑리츠,145270,주요사항보고서(자기주식취득결정),2024-03-06,KOSPI,1012.0,1006.0,1009.0,1010.0,-0.005928853754940677,-0.0029644268774703386,-0.0019762845849802257,
446199,20250402002714,00861076,케이탑리츠,145270,자기주식취득결과보고서,2025-04-02,KOSPI,953.0,950.0,959.0,917.0,-0.0031479538300105414,0.006295907660021083,-0.03777544596012594,
736067,20240307000267,00595182,아톤,158430,주요사항보고서(자기주식취득신탁계약체결결정),2024-03-07,KOSDAQ,4450.0,4385.0,4285.0,4390.0,-0.014606741573033655,-0.03707865168539326,-0.013483146067415741,
732578,20240312000001,00120182,NH투자증권,005940,주요사항보고서(자기주식취득결정),2024-03-12,KOSPI,12050.0,12840.0,13060.0,12730.0,0.06556016597510372,0.08381742738589204,0.056431535269709565,
688591,20240405000018,00120182,NH투자증권,005940,자기주식취득결과보고서,2024-04-05,KOSPI,11610.0,11640.0,11430.0,11120.0,0.0025839793281654533,-0.015503875968992276,-0.042204995693367775,
488003,20250306000734,00120182,NH투자증권,005940,주요사항보고서(자기주식취득결정),2025-03-06,KOSPI,14940.0,14850.0,14610.0,14730.0,-0.0060240963855421326,-0.02208835341365467,-0.014056224899598346,
396620,20250519000297,00120182,NH투자증권,005940,자기주식취득결과보고서,2025-05-19,KOSPI,15580.0,15840.0,16160.0,16250.0,0.016688061617458283,0.037227214377406836,0.043003851091142575,
732154,20240312000365,00133876,세보엠이씨,011560,주요사항보고서(자기주식취득신탁계약체결결정),2024-03-12,KOSDAQ,9420.0,9520.0,9490.0,9270.0,0.010615711252653925,0.007430997876857859,-0.015923566878980888,
483998,20250311000706,00133876,세보엠이씨,011560,[연장결정]주요사항보고서(자기주식취득신탁계약체결결정),2025-03-11,KOSDAQ,9930.0,10090.0,10040.0,10300.0,0.01611278952668682,0.011077542799597273,0.03726082578046319,
283591,20251224000160,00133876,세보엠이씨,011560,주요사항보고서(자기주식취득신탁계약해지결정),2025-12-24,KOSDAQ,14410.0,14450.0,13680.0,15320.0,0.002775850104094424,-0.05065926439972246,0.06315058986814703,
21916,20260427000109,00133876,세보엠이씨,011560,주요사항보고서(자기주식취득신탁계약체결결정),2026-04-27,KOSDAQ,22000.0,22650.0,23600.0,21950.0,0.02954545454545454,0.07272727272727275,-0.002272727272727315,
726119,20240314001630,00242378,이지홀딩스,035810,주요사항보고서(자기주식취득신탁계약체결결정),2024-03-14,KOSDAQ,2945.0,2960.0,2905.0,3140.0,0.005093378607809784,-0.01358234295415961,0.06621392190152808,
594022,20240826900459,00242378,이지홀딩스,035810,주요사항보고서(자기주식취득신탁계약체결결정)(자회사의 주요경영사항),2024-08-26,KOSDAQ,2685.0,2690.0,2665.0,2665.0,0.0018621973929235924,-0.007448789571694592,-0.007448789571694592,
723988,20240318000555,00128661,에스에이엠티,031330,주요사항보고서(자기주식취득신탁계약체결결정),2024-03-18,KOSDAQ,2820.0,2875.0,2875.0,2970.0,0.019503546099290725,0.019503546099290725,0.05319148936170204,
723445,20240319000057,00687711,한국철강,104700,주요사항보고서(자기주식취득신탁계약체결결정),2024-03-19,KOSPI,8470.0,9210.0,9330.0,9360.0,0.08736717827626928,0.10153482880755615,0.10507674144037771,
580473,20240919000151,00687711,한국철강,104700,주요사항보고서(자기주식취득신탁계약해지결정),2024-09-19,KOSPI,8360.0,8260.0,8670.0,8500.0,-0.011961722488038284,0.037081339712918604,0.01674641148325362,
347741,20250820000061,00687711,한국철강,104700,주요사항보고서(자기주식취득신탁계약체결결정),2025-08-20,KOSPI,10040.0,10090.0,10110.0,9900.0,0.004980079681274896,0.006972111553784854,-0.013944223107569709,
249014,20260220002155,00687711,한국철강,104700,주요사항보고서(자기주식취득신탁계약해지결정),2026-02-20,KOSPI,9450.0,9730.0,9900.0,10200.0,0.029629629629629672,0.04761904761904767,0.0793650793650793,
120761,20260609000403,00687711,한국철강,104700,주요사항보고서(자기주식취득신탁계약체결결정),2026-06-09,KOSPI,8260.0,8910.0,8520.0,8980.0,0.07869249394673128,0.0314769975786926,0.0871670702179177,
722770,20240319000668,00335076,오픈베이스,049480,주요사항보고서(자기주식취득신탁계약체결결정),2024-03-19,KOSDAQ,2505.0,2505.0,2535.0,2545.0,0.0,0.011976047904191711,0.015968063872255467,
582845,20240911000216,00335076,오픈베이스,049480,주요사항보고서(자기주식취득신탁계약체결결정),2024-09-11,KOSDAQ,2220.0,2355.0,2325.0,2280.0,0.060810810810810745,0.04729729729729737,0.027027027027026973,
550843,20241125000270,00335076,오픈베이스,049480,주요사항보고서(자기주식취득신탁계약체결결정),2024-11-25,KOSDAQ,2300.0,2370.0,2375.0,2330.0,0.0304347826086957,0.032608695652173836,0.01304347826086949,
722171,20240320000404,00593032,LF,093050,주요사항보고서(자기주식취득결정),2024-03-20,KOSPI,14220.0,14430.0,14760.0,15620.0,0.014767932489451407,0.03797468354430378,0.09845288326300983,
665245,20240417000391,00593032,LF,093050,자기주식취득결과보고서,2024-04-17,KOSPI,14280.0,14590.0,14790.0,15140.0,0.02170868347338928,0.03571428571428581,0.06022408963585435,
597079,20240819000217,00593032,LF,093050,주요사항보고서(자기주식취득결정),2024-08-19,KOSPI,13850.0,14200.0,14640.0,14590.0,0.025270758122743597,0.05703971119133566,0.053429602888086736,
585415,20240905000296,00593032,LF,093050,자기주식취득결과보고서,2024-09-05,KOSPI,14190.0,14190.0,14940.0,14770.0,0.0,0.052854122621564414,0.04087385482734329,
584808,20240906000404,00593032,LF,093050,주요사항보고서(자기주식취득결정),2024-09-06,KOSPI,14190.0,14940.0,14870.0,14870.0,0.052854122621564414,0.047921071176885155,0.047921071176885155,
575336,20240930000592,00593032,LF,093050,자기주식취득결과보고서,2024-09-30,KOSPI,14890.0,14890.0,15280.0,15370.0,0.0,0.026192075218267385,0.03223640026863661,
574739,20241002000330,00593032,LF,093050,주요사항보고서(자기주식취득결정),2024-10-02,KOSPI,14890.0,15280.0,15270.0,15360.0,0.026192075218267385,0.025520483546004114,0.03156480859637334,
566764,20241024000341,00593032,LF,093050,자기주식취득결과보고서,2024-10-24,KOSPI,14990.0,14930.0,15050.0,14970.0,-0.004002668445630464,0.004002668445630464,-0.0013342228152101177,
386924,20250602000876,00593032,LF,093050,주요사항보고서(자기주식취득결정),2025-06-02,KOSPI,16410.0,17730.0,17640.0,17310.0,0.08043875685557578,0.07495429616087756,0.054844606946983454,
363742,20250725000593,00593032,LF,093050,자기주식취득결과보고서,2025-07-25,KOSPI,19260.0,18710.0,19710.0,19380.0,-0.02855659397715471,0.02336448598130847,0.006230529595015577,
363095,20250728000233,00593032,LF,093050,주요사항보고서(자기주식취득결정),2025-07-28,KOSPI,18710.0,19710.0,19830.0,19680.0,0.05344735435595949,0.0598610368786745,0.05184393372528051,
351628,20250814001719,00593032,LF,093050,자기주식취득결과보고서,2025-08-14,KOSPI,18640.0,18830.0,18650.0,18720.0,0.010193133047210257,0.0005364806866952065,0.0042918454935623185,
348421,20250818000125,00593032,LF,093050,주요사항보고서(자기주식취득결정),2025-08-18,KOSPI,18830.0,18650.0,18630.0,18600.0,-0.009559214020180562,-0.010621348911311723,-0.01221455124800852,
338629,20250903000225,00593032,LF,093050,자기주식취득결과보고서,2025-09-03,KOSPI,17920.0,18220.0,18400.0,18800.0,0.016741071428571397,0.02678571428571419,0.049107142857142794,
338163,20250904000299,00593032,LF,093050,주요사항보고서(자기주식취득결정),2025-09-04,KOSPI,18220.0,18400.0,18250.0,18600.0,0.009879253567508295,0.0016465422612512715,0.020856201975850697,
331091,20250923000305,00593032,LF,093050,자기주식취득결과보고서,2025-09-23,KOSPI,17950.0,17790.0,17690.0,17500.0,-0.008913649025069637,-0.014484679665738187,-0.02506963788300831,
261317,20260205000375,00593032,LF,093050,주요사항보고서(자기주식취득결정),2026-02-05,KOSPI,19780.0,20200.0,20500.0,21850.0,0.02123356926188058,0.03640040444893833,0.10465116279069764,
110696,20260227007356,00593032,LF,093050,자기주식취득결과보고서,2026-02-27,KOSPI,22550.0,21750.0,20000.0,20550.0,-0.03547671840354771,-0.11308203991130816,-0.08869179600886923,
721799,20240320000766,00234412,신세계인터내셔날,031430,주요사항보고서(자기주식취득결정),2024-03-20,KOSPI,16030.0,16670.0,17300.0,18170.0,0.03992514036182149,0.07922645040548981,0.13349968808484092,
631859,20240614000428,00234412,신세계인터내셔날,031430,자기주식취득결과보고서,2024-06-14,KOSPI,17420.0,18000.0,17930.0,16970.0,0.03329506314580932,0.029276693455797975,-0.025832376578645233,
721366,20240320001095,00195229,미스토홀딩스,081660,주요사항보고서(자기주식취득신탁계약체결결정),2024-03-20,KOSPI,39150.0,39900.0,38900.0,38550.0,0.019157088122605304,-0.0063856960408684715,-0.01532567049808431,
632668,20240613000206,00195229,미스토홀딩스,081660,주요사항보고서(자기주식취득신탁계약체결결정),2024-06-13,KOSPI,38700.0,39400.0,40150.0,39900.0,0.01808785529715773,0.03746770025839785,0.03100775193798455,
582115,20240912000408,00195229,미스토홀딩스,081660,[연장결정]주요사항보고서(자기주식취득신탁계약체결결정),2024-09-12,KOSPI,41900.0,42700.0,41050.0,42800.0,0.019093078758949833,-0.02028639618138428,0.021479713603818507,
582111,20240912000420,00195229,미스토홀딩스,081660,주요사항보고서(자기주식취득신탁계약체결결정),2024-09-12,KOSPI,41900.0,42700.0,41050.0,42800.0,0.019093078758949833,-0.02028639618138428,0.021479713603818507,
558544,20241112000352,00195229,미스토홀딩스,081660,주요사항보고서(자기주식취득신탁계약체결결정),2024-11-12,KOSPI,38500.0,39000.0,38250.0,39050.0,0.01298701298701288,-0.00649350649350644,0.014285714285714235,
537593,20241213000440,00195229,미스토홀딩스,081660,주요사항보고서(자기주식취득신탁계약해지결정),2024-12-13,KOSPI,41850.0,40750.0,40900.0,40000.0,-0.02628434886499398,-0.022700119474313052,-0.044205495818399054,
479794,20250313001155,00195229,미스토홀딩스,081660,주요사항보고서(자기주식취득신탁계약해지결정),2025-03-13,KOSPI,34950.0,35350.0,38000.0,39500.0,0.011444921316166035,0.08726752503576529,0.1301859799713876,
477087,20250314001638,00195229,미스토홀딩스,081660,주요사항보고서(자기주식취득결정),2025-03-14,KOSPI,35350.0,38000.0,38750.0,39400.0,0.074964639321075,0.09618104667609617,0.11456859971711464,
402803,20250512000719,00195229,미스토홀딩스,081660,자기주식취득결과보고서,2025-05-12,KOSPI,37100.0,36950.0,38900.0,37050.0,-0.0040431266846361336,0.04851752021563338,-0.0013477088948786742,
402165,20250513000662,00195229,미스토홀딩스,081660,주요사항보고서(자기주식취득결정),2025-05-13,KOSPI,36950.0,38900.0,37850.0,35950.0,0.05277401894451961,0.02435723951285529,-0.02706359945872805,
378475,20250624000379,00195229,미스토홀딩스,081660,자기주식취득결과보고서,2025-06-24,KOSPI,33650.0,33500.0,34650.0,36400.0,-0.004457652303120341,0.029717682020802272,0.08172362555720647,
377797,20250625000421,00195229,미스토홀딩스,081660,주요사항보고서(자기주식취득결정),2025-06-25,KOSPI,33500.0,34650.0,35200.0,38800.0,0.0343283582089553,0.05074626865671639,0.15820895522388057,
334459,20250912000414,00195229,미스토홀딩스,081660,자기주식취득결과보고서,2025-09-12,KOSPI,40300.0,39500.0,41800.0,40400.0,-0.01985111662531014,0.037220843672456594,0.002481389578163684,
333983,20250915000235,00195229,미스토홀딩스,081660,주요사항보고서(자기주식취득결정),2025-09-15,KOSPI,39500.0,41800.0,41500.0,39750.0,0.05822784810126591,0.05063291139240511,0.006329113924050667,
332036,20250919000475,00195229,미스토홀딩스,081660,주요사항보고서(자기주식취득신탁계약해지결정),2025-09-19,KOSPI,40400.0,39750.0,39600.0,39100.0,-0.016089108910891103,-0.01980198019801982,-0.03217821782178221,
309723,20251113001037,00195229,미스토홀딩스,081660,주요사항보고서(자기주식취득신탁계약해지결정),2025-11-13,KOSPI,41150.0,40100.0,41500.0,41500.0,-0.025516403402187082,0.008505467800729027,0.008505467800729027,
289605,20251215000448,00195229,미스토홀딩스,081660,자기주식취득결과보고서,2025-12-15,KOSPI,43350.0,43100.0,46050.0,44100.0,-0.005767012687427964,0.06228373702422152,0.01730103806228378,
288272,20251216000367,00195229,미스토홀딩스,081660,주요사항보고서(자기주식취득결정),2025-12-16,KOSPI,43100.0,46050.0,44950.0,44200.0,0.06844547563805103,0.04292343387470998,0.025522041763341052,
95676,20260313001241,00195229,미스토홀딩스,081660,자기주식취득결과보고서,2026-03-13,KOSPI,47550.0,48000.0,48750.0,44550.0,0.009463722397476282,0.025236593059936974,-0.06309148264984232,
74251,20260330001327,00195229,미스토홀딩스,081660,주요사항보고서(자기주식취득결정),2026-03-30,KOSPI,40350.0,41000.0,41850.0,40900.0,0.01610904584882289,0.037174721189590976,0.013630731102850069,
12177,20260512000563,00195229,미스토홀딩스,081660,자기주식취득결과보고서,2026-05-12,KOSPI,37050.0,36100.0,38000.0,40300.0,-0.02564102564102566,0.02564102564102555,0.08771929824561409,
11214,20260513000673,00195229,미스토홀딩스,081660,주요사항보고서(자기주식취득결정),2026-05-13,KOSPI,36100.0,38000.0,39200.0,39150.0,0.05263157894736836,0.08587257617728539,0.08448753462603875,
716642,20240322000830,00560849,에스앤디,260970,주요사항보고서(자기주식취득결정),2024-03-22,KOSDAQ,27550.0,28200.0,28300.0,27900.0,0.023593466424682408,0.02722323049001818,0.012704174228675091,
664184,20240419000205,00560849,에스앤디,260970,자기주식취득결과보고서,2024-04-19,KOSDAQ,29800.0,31200.0,36250.0,32200.0,0.046979865771812124,0.21644295302013417,0.08053691275167796,
716132,20240325000045,00108940,대성홀딩스,016710,주요사항보고서(자기주식취득신탁계약체결결정),2024-03-25,KOSPI,9590.0,9640.0,9520.0,9380.0,0.005213764337852034,-0.007299270072992692,-0.021897810218978075,
578387,20240925000136,00108940,대성홀딩스,016710,[연장결정]주요사항보고서(자기주식취득신탁계약체결결정),2024-09-25,KOSPI,7970.0,8050.0,8020.0,7940.0,0.010037641154328814,0.006273525721455453,-0.0037641154328732496,
466772,20250325000255,00108940,대성홀딩스,016710,[연장결정]주요사항보고서(자기주식취득신탁계약체결결정),2025-03-25,KOSPI,7060.0,7030.0,7060.0,6990.0,-0.004249291784702569,0.0,-0.009915014164305958,
329875,20250925000428,00108940,대성홀딩스,016710,주요사항보고서(자기주식취득신탁계약해지결정),2025-09-25,KOSPI,8480.0,8410.0,8380.0,8370.0,-0.008254716981132115,-0.011792452830188704,-0.01297169811320753,
711839,20240328000020,00131939,선도전기,007610,자기주식취득결과보고서,2024-03-28,KOSPI,3000.0,3000.0,3000.0,3000.0,0.0,0.0,0.0,
710504,20240328001064,01437858,진시스템,363250,주요사항보고서(자기주식취득신탁계약체결결정),2024-03-28,KOSDAQ,8970.0,8740.0,8310.0,8060.0,-0.02564102564102566,-0.0735785953177257,-0.10144927536231885,
706355,20240329001996,01407158,이노테나,333050,주요사항보고서(자기주식취득신탁계약체결결정),2024-03-29,KOSDAQ,6684.0,6919.0,6884.0,6894.0,0.0351585876720526,0.029922202274087484,0.0314183123877918,
575815,20240930000203,01407158,이노테나,333050,주요사항보고서(자기주식취득신탁계약해지결정),2024-09-30,KOSDAQ,6649.0,6629.0,6479.0,6379.0,-0.003007971123477171,-0.025567754549556287,-0.040607610166942365,
701841,20240401002170,00260745,서울평가정보,036120,주요사항보고서(자기주식취득신탁계약체결결정),2024-04-01,KOSDAQ,2935.0,2980.0,2935.0,2865.0,0.015332197614991383,0.0,-0.023850085178875657,
701837,20240401002180,00260745,서울평가정보,036120,주요사항보고서(자기주식취득신탁계약체결결정),2024-04-01,KOSDAQ,2935.0,2980.0,2935.0,2865.0,0.015332197614991383,0.0,-0.023850085178875657,
120491,20260610000076,00260745,서울평가정보,036120,주요사항보고서(자기주식취득신탁계약체결결정),2026-06-10,KOSDAQ,1684.0,1654.0,1688.0,1665.0,-0.017814726840855055,0.002375296912114022,-0.01128266033254155,
698742,20240402000782,00261009,감성코퍼레이션,036620,주요사항보고서(자기주식취득결정),2024-04-02,KOSDAQ,3620.0,3675.0,3635.0,3540.0,0.015193370165745845,0.004143646408839796,-0.02209944751381221,
666028,20240416000096,00261009,감성코퍼레이션,036620,자기주식취득결과보고서,2024-04-16,KOSDAQ,3325.0,3360.0,3755.0,3440.0,0.010526315789473717,0.12932330827067662,0.03458646616541361,
450083,20250401003126,00261009,감성코퍼레이션,036620,주요사항보고서(자기주식취득결정),2025-04-01,KOSDAQ,3810.0,3890.0,3845.0,3615.0,0.0209973753280841,0.009186351706036655,-0.051181102362204745,
412038,20250423000231,00261009,감성코퍼레이션,036620,자기주식취득결과보고서,2025-04-23,KOSDAQ,3770.0,3785.0,3800.0,3625.0,0.003978779840848823,0.007957559681697646,-0.038461538461538436,
380955,20250618000242,00261009,감성코퍼레이션,036620,주요사항보고서(자기주식취득결정),2025-06-18,KOSDAQ,6000.0,6070.0,5820.0,6050.0,0.011666666666666714,-0.030000000000000027,0.008333333333333304,
366317,20250721000017,00261009,감성코퍼레이션,036620,자기주식취득결과보고서,2025-07-21,KOSDAQ,5950.0,5880.0,6090.0,5820.0,-0.0117647058823529,0.0235294117647058,-0.021848739495798353,
338701,20250903000147,00261009,감성코퍼레이션,036620,주요사항보고서(자기주식취득결정),2025-09-03,KOSDAQ,5520.0,5870.0,5840.0,5790.0,0.06340579710144922,0.05797101449275366,0.048913043478260976,
332039,20250919000490,00261009,감성코퍼레이션,036620,자기주식취득결과보고서,2025-09-19,KOSDAQ,6680.0,6530.0,6540.0,5970.0,-0.022455089820359264,-0.020958083832335328,-0.10628742514970058,
107995,20260304001042,00261009,감성코퍼레이션,036620,주요사항보고서(자기주식취득결정),2026-03-04,KOSDAQ,5160.0,5530.0,5830.0,5890.0,0.07170542635658905,0.1298449612403101,0.1414728682170543,
92075,20260317000828,00261009,감성코퍼레이션,036620,자기주식취득결과보고서,2026-03-17,KOSDAQ,5640.0,5600.0,5480.0,5320.0,-0.007092198581560294,-0.028368794326241176,-0.05673758865248224,
114051,20260623000188,00261009,감성코퍼레이션,036620,주요사항보고서(자기주식취득결정),2026-06-23,KOSDAQ,4220.0,4155.0,3760.0,,-0.0154028436018957,-0.1090047393364929,,
696720,20240402002768,01702017,유니드비티플러스,446070,주요사항보고서(자기주식취득신탁계약체결결정),2024-04-02,KOSPI,4715.0,4730.0,4770.0,5020.0,0.0031813361611876534,0.01166489925768821,0.06468716861081658,
573750,20241007000304,01702017,유니드비티플러스,446070,주요사항보고서(자기주식취득신탁계약해지결정),2024-10-07,KOSPI,4515.0,4585.0,4615.0,4530.0,0.015503875968992276,0.02214839424141757,0.0033222591362125353,
485560,20250310000602,01702017,유니드비티플러스,446070,주요사항보고서(자기주식취득신탁계약체결결정),2025-03-10,KOSPI,3710.0,3870.0,3885.0,4040.0,0.043126684636118684,0.04716981132075482,0.08894878706199472,
333998,20250915000239,01702017,유니드비티플러스,446070,주요사항보고서(자기주식취득신탁계약해지결정),2025-09-15,KOSPI,3960.0,3960.0,3960.0,3915.0,0.0,0.0,-0.011363636363636354,
114590,20260622000157,01702017,유니드비티플러스,446070,주요사항보고서(자기주식취득신탁계약체결결정),2026-06-22,KOSPI,2950.0,2860.0,3120.0,,-0.03050847457627115,0.057627118644067776,,
694602,20240403001041,01476219,코스텍시스,355150,주요사항보고서(자기주식취득결정),2024-04-03,KOSDAQ,8390.0,9200.0,8880.0,8960.0,0.09654350417163293,0.05840286054827182,0.0679380214541121,
645391,20240523000077,01476219,코스텍시스,355150,자기주식취득결과보고서,2024-05-23,KOSDAQ,12650.0,11580.0,12800.0,15510.0,-0.0845849802371541,0.011857707509881354,0.22608695652173916,
544325,20241203000070,01476219,코스텍시스,355150,주요사항보고서(자기주식취득결정),2024-12-03,KOSDAQ,5740.0,5800.0,5260.0,4635.0,0.010452961672473782,-0.08362369337979092,-0.19250871080139376,
511618,20250210000269,01476219,코스텍시스,355150,자기주식취득결과보고서,2025-02-10,KOSDAQ,5090.0,4980.0,4870.0,5030.0,-0.0216110019646365,-0.04322200392927311,-0.011787819253438081,
687440,20240405001083,00606886,엔지켐생명과학,183490,주요사항보고서(자기주식취득신탁계약체결결정),2024-04-05,KOSDAQ,1805.0,1785.0,1805.0,1794.0,-0.011080332409972304,0.0,-0.006094182825484795,
541470,20241210000181,00606886,엔지켐생명과학,183490,주요사항보고서(자기주식취득신탁계약체결결정),2024-12-10,KOSDAQ,1263.0,1296.0,1299.0,1379.0,0.026128266033254244,0.028503562945368266,0.09184481393507515,
347645,20250820000160,00606886,엔지켐생명과학,183490,주요사항보고서(자기주식취득신탁계약체결결정),2025-08-20,KOSDAQ,985.0,1030.0,1029.0,1013.0,0.045685279187817285,0.044670050761421276,0.028426395939086246,
108173,20260304000852,00606886,엔지켐생명과학,183490,주요사항보고서(자기주식취득신탁계약체결결정),2026-03-04,KOSDAQ,1048.0,1096.0,1102.0,1022.0,0.04580152671755733,0.0515267175572518,-0.024809160305343525,
682135,20240408002271,00365758,아이앤씨,052860,주요사항보고서(자기주식취득신탁계약체결결정),2024-04-08,KOSDAQ,2640.0,2570.0,2685.0,2710.0,-0.02651515151515149,0.017045454545454586,0.026515151515151603,
666903,20240415000475,01146220,팸텍,271830,주요사항보고서(자기주식취득신탁계약체결결정),2024-04-15,KOSDAQ,3340.0,3185.0,3210.0,3255.0,-0.046407185628742464,-0.038922155688622784,-0.025449101796407136,
666053,20240416000071,00370918,케이디켐,221980,주요사항보고서(자기주식취득신탁계약체결결정),2024-04-16,KOSDAQ,12000.0,12390.0,12360.0,12490.0,0.03249999999999997,0.030000000000000027,0.04083333333333328,
570655,20241015000108,00370918,케이디켐,221980,주요사항보고서(자기주식취득신탁계약해지결정),2024-10-15,KOSDAQ,12690.0,12650.0,12460.0,12500.0,-0.0031520882584712417,-0.01812450748620964,-0.014972419227738398,
665985,20240416000129,00112679,대창단조,015230,주요사항보고서(자기주식취득신탁계약체결결정),2024-04-16,KOSPI,5480.0,5450.0,5640.0,5940.0,-0.005474452554744547,0.029197080291970767,0.08394160583941601,
664794,20240418000161,00239596,쎄니트,037760,주요사항보고서(자기주식취득결정),2024-04-18,KOSDAQ,1423.0,1515.0,1533.0,1585.0,0.06465214335910052,0.07730147575544621,0.11384399156711167,
629230,20240621000093,00239596,쎄니트,037760,자기주식취득결과보고서,2024-06-21,KOSDAQ,1479.0,1469.0,1468.0,1475.0,-0.006761325219743042,-0.007437457741717335,-0.0027045300878972833,
664749,20240418000218,00135917,한화손해보험,000370,주요사항보고서(자기주식취득결정),2024-04-18,KOSPI,4385.0,4415.0,4665.0,4915.0,0.0068415051311288,0.06385404789053584,0.1208665906499431,
632174,20240614000125,00135917,한화손해보험,000370,자기주식취득결과보고서,2024-06-14,KOSPI,4665.0,4585.0,4705.0,4955.0,-0.017148981779206873,0.008574490889603492,0.06216505894962476,
664675,20240418000299,00843900,육일씨엔에쓰,191410,주요사항보고서(자기주식취득결정),2024-04-18,KOSDAQ,2075.0,2150.0,2125.0,2030.0,0.03614457831325302,0.024096385542168752,-0.02168674698795181,
664598,20240418000387,00843900,육일씨엔에쓰,191410,자기주식취득결과보고서,2024-04-18,KOSDAQ,2075.0,2150.0,2125.0,2030.0,0.03614457831325302,0.024096385542168752,-0.02168674698795181,
384578,20250610000225,00843900,육일씨엔에쓰,191410,주요사항보고서(자기주식취득결정),2025-06-10,KOSDAQ,1942.0,1910.0,1942.0,1880.0,-0.016477857878475777,0.0,-0.03192584963954681,
384557,20250610000254,00843900,육일씨엔에쓰,191410,자기주식취득결과보고서,2025-06-10,KOSDAQ,1942.0,1910.0,1942.0,1880.0,-0.016477857878475777,0.0,-0.03192584963954681,
661130,20240425000318,00125488,삼륭물산,014970,주요사항보고서(자기주식취득결정),2024-04-25,KOSDAQ,4030.0,3850.0,3815.0,3795.0,-0.04466501240694787,-0.053349875930521096,-0.058312655086848686,
611364,20240729000114,00125488,삼륭물산,014970,자기주식취득결과보고서,2024-07-29,KOSDAQ,4095.0,4090.0,4085.0,3685.0,-0.0012210012210012167,-0.0024420024420024333,-0.1001221001221001,
579930,20240920000189,00125488,삼륭물산,014970,주요사항보고서(자기주식취득결정),2024-09-20,KOSDAQ,3655.0,3755.0,3880.0,4000.0,0.02735978112175097,0.061559507523939905,0.09439124487004102,
556480,20241114000959,00125488,삼륭물산,014970,자기주식취득결과보고서,2024-11-14,KOSDAQ,3530.0,3545.0,3545.0,3620.0,0.004249291784702569,0.004249291784702569,0.025495750708215192,
659145,20240429000297,01398151,밸로프,331520,주요사항보고서(자기주식취득신탁계약체결결정),2024-04-29,KOSDAQ,4145.0,4225.0,4490.0,4615.0,0.0193003618817853,0.08323281061519894,0.11338962605548852,
565051,20241029000101,01398151,밸로프,331520,주요사항보고서(자기주식취득신탁계약해지결정),2024-10-29,KOSDAQ,3420.0,3415.0,3420.0,3480.0,-0.0014619883040936088,0.0,0.01754385964912286,
15774,20260506000324,01398151,밸로프,331520,주요사항보고서(자기주식취득신탁계약체결결정),2026-05-06,KOSDAQ,2575.0,2600.0,2665.0,2850.0,0.009708737864077666,0.03495145631067964,0.10679611650485432,
659058,20240429000358,00442570,제우스,079370,주요사항보고서(자기주식취득신탁계약체결결정),2024-04-29,KOSDAQ,17180.0,16860.0,17590.0,17580.0,-0.01862630966239809,0.023864959254947582,0.02328288707799775,
585008,20240906000120,00442570,제우스,079370,주요사항보고서(자기주식취득신탁계약체결결정),2024-09-06,KOSDAQ,13130.0,13600.0,13430.0,13240.0,0.035795887281035776,0.022848438690022954,0.008377760853008454,
565068,20241029000082,00442570,제우스,079370,주요사항보고서(자기주식취득신탁계약해지결정),2024-10-29,KOSDAQ,12990.0,12850.0,13740.0,13600.0,-0.010777521170130866,0.05773672055427248,0.046959199384141614,
460654,20250328000877,00442570,제우스,079370,주요사항보고서(자기주식취득신탁계약체결결정),2025-03-28,KOSDAQ,14090.0,13500.0,13660.0,12800.0,-0.04187366926898506,-0.030518097941802713,-0.09155429382540814,
119101,20260611000550,00442570,제우스,079370,주요사항보고서(자기주식취득신탁계약체결결정),2026-06-11,KOSDAQ,11550.0,12120.0,12010.0,11380.0,0.049350649350649256,0.039826839826839766,-0.014718614718614687,
658413,20240429001044,00447487,제주반도체,080220,주요사항보고서(자기주식취득결정),2024-04-29,KOSDAQ,22400.0,22450.0,22350.0,23100.0,0.0022321428571427937,-0.0022321428571429047,0.03125,
655427,20240503000423,00447487,제주반도체,080220,자기주식취득결과보고서,2024-05-03,KOSDAQ,23200.0,23300.0,23100.0,22250.0,0.004310344827586299,-0.004310344827586188,-0.04094827586206895,
657688,20240430000293,00360036,백금T&A,046310,주요사항보고서(자기주식취득신탁계약체결결정),2024-04-30,KOSDAQ,2795.0,2855.0,2835.0,3140.0,0.02146690518783534,0.014311270125223707,0.1234347048300537,
565098,20241029000044,00360036,백금T&A,046310,주요사항보고서(자기주식취득신탁계약해지결정),2024-10-29,KOSDAQ,2420.0,2380.0,2385.0,2455.0,-0.016528925619834656,-0.01446280991735538,0.01446280991735538,
657025,20240430000984,01468061,레뷰코퍼레이션,443250,주요사항보고서(자기주식취득신탁계약체결결정),2024-04-30,KOSDAQ,9670.0,10240.0,10330.0,10550.0,0.058945191313340306,0.06825232678386772,0.09100310237849007,
607953,20240806000045,01468061,레뷰코퍼레이션,443250,주요사항보고서(자기주식취득신탁계약체결결정),2024-08-06,KOSDAQ,7670.0,7900.0,8010.0,8810.0,0.02998696219035213,0.04432855280312897,0.1486310299869622,
298100,20251128001765,01468061,레뷰코퍼레이션,443250,주요사항보고서(자기주식취득신탁계약체결결정),2025-11-28,KOSDAQ,10950.0,11100.0,11060.0,11400.0,0.013698630136986356,0.010045662100456543,0.041095890410958846,
656212,20240502000238,01343665,RF머트리얼즈,327260,주요사항보고서(자기주식취득결정),2024-05-02,KOSDAQ,8939.0,9057.0,8969.0,9796.0,0.013200581720550497,0.0033560800984451244,0.0958720214789126,
613568,20240724000069,01343665,RF머트리얼즈,327260,자기주식취득결과보고서,2024-07-24,KOSDAQ,10416.0,9944.0,9757.0,9254.0,-0.04531490015360984,-0.06326804915514594,-0.11155913978494625,
586094,20240904000247,01343665,RF머트리얼즈,327260,주요사항보고서(자기주식취득결정),2024-09-04,KOSDAQ,6596.0,6872.0,6478.0,6212.0,0.041843541540327545,-0.017889630078835705,-0.058217101273499106,
560200,20241108000122,01343665,RF머트리얼즈,327260,자기주식취득결과보고서,2024-11-08,KOSDAQ,6793.0,6724.0,6586.0,6872.0,-0.010157515089062263,-0.03047254526718679,0.01162961872515833,
654229,20240508000254,00374020,이엘피,063760,주요사항보고서(자기주식취득신탁계약체결결정),2024-05-08,KOSDAQ,3080.0,3110.0,3100.0,3090.0,0.009740259740259827,0.006493506493506551,0.0032467532467532756,
652923,20240510000470,00389110,지어소프트,051160,주요사항보고서(자기주식취득결정),2024-05-10,KOSDAQ,8540.0,8700.0,9280.0,10340.0,0.0187353629976581,0.08665105386416871,0.2107728337236534,
612903,20240725000092,00389110,지어소프트,051160,자기주식취득결과보고서,2024-07-25,KOSDAQ,10430.0,9920.0,9600.0,9610.0,-0.04889741131351866,-0.07957813998082452,-0.0786193672099712,
475492,20250318000096,00389110,지어소프트,051160,주요사항보고서(자기주식취득결정),2025-03-18,KOSDAQ,9430.0,9540.0,9510.0,9640.0,0.01166489925768821,0.008483563096500557,0.022269353128313796,
383152,20250612000355,00389110,지어소프트,051160,자기주식취득결과보고서,2025-06-12,KOSDAQ,10880.0,10600.0,10830.0,11280.0,-0.02573529411764708,-0.004595588235294157,0.03676470588235303,
648043,20240516001776,00367844,자이에스앤디,317400,주요사항보고서(자기주식취득신탁계약체결결정),2024-05-16,KOSPI,4150.0,4395.0,4345.0,4410.0,0.05903614457831319,0.04698795180722892,0.06265060240963849,
553561,20241118000148,00367844,자이에스앤디,317400,주요사항보고서(자기주식취득신탁계약해지결정),2024-11-18,KOSPI,3375.0,3330.0,3315.0,3505.0,-0.013333333333333308,-0.01777777777777778,0.03851851851851862,
646356,20240521000046,00365989,모나용평,070960,주요사항보고서(자기주식취득신탁계약체결결정),2024-05-21,KOSPI,3100.0,3125.0,3140.0,3170.0,0.008064516129032251,0.012903225806451646,0.022580645161290214,
550465,20241126000199,00365989,모나용평,070960,주요사항보고서(자기주식취득신탁계약해지결정),2024-11-26,KOSPI,3265.0,3305.0,3265.0,3150.0,0.012251148545176171,0.0,-0.03522205206738127,
644777,20240524000152,01159853,휴온스,243070,주요사항보고서(자기주식취득신탁계약체결결정),2024-05-24,KOSDAQ,33600.0,33550.0,33600.0,31150.0,-0.0014880952380952328,0.0,-0.07291666666666663,
535621,20241216000322,01159853,휴온스,243070,주요사항보고서(자기주식취득신탁계약체결결정),2024-12-16,KOSDAQ,24400.0,26950.0,27900.0,27300.0,0.10450819672131151,0.14344262295081966,0.11885245901639352,
644422,20240524000521,01033591,큐알티,405100,주요사항보고서(자기주식취득신탁계약체결결정),2024-05-24,KOSDAQ,20900.0,21450.0,22350.0,20800.0,0.026315789473684292,0.06937799043062198,-0.004784688995215336,
611962,20240726000300,01033591,큐알티,405100,주요사항보고서(자기주식취득신탁계약체결결정),2024-07-26,KOSDAQ,16120.0,16060.0,15500.0,14860.0,-0.003722084367245637,-0.038461538461538436,-0.07816377171215882,
642756,20240529000403,01540815,스튜디오삼익,415380,주요사항보고서(자기주식취득신탁계약체결결정),2024-05-29,KOSDAQ,3785.0,3969.0,4011.0,4039.0,0.048612945838837573,0.05970937912813734,0.067107001321004,
553550,20241118000156,01540815,스튜디오삼익,415380,주요사항보고서(자기주식취득신탁계약체결결정),2024-11-18,KOSDAQ,2622.0,2747.0,2778.0,2934.0,0.04767353165522503,0.059496567505720854,0.11899313501144171,
547829,20241128001064,01540815,스튜디오삼익,415380,주요사항보고서(자기주식취득신탁계약해지결정),2024-11-28,KOSDAQ,2955.0,2851.0,2847.0,2844.0,-0.0351945854483926,-0.03654822335025376,-0.03756345177664977,
396632,20250519000278,01540815,스튜디오삼익,415380,주요사항보고서(자기주식취득신탁계약해지결정),2025-05-19,KOSDAQ,2858.0,2844.0,2858.0,2837.0,-0.004898530440867743,0.0,-0.007347795661301615,
637868,20240531002323,01335143,로킷헬스케어,376900,주요사항보고서(자기주식취득결정),2024-05-31,KOSDAQ,,,,,,,,no_price_data
637724,20240531002362,01587056,엔젯,419080,주요사항보고서(자기주식취득신탁계약체결결정),2024-05-31,KOSDAQ,11760.0,12730.0,12640.0,12760.0,0.08248299319727881,0.0748299319727892,0.08503401360544216,
572253,20241010000502,01587056,엔젯,419080,주요사항보고서(자기주식취득신탁계약체결결정),2024-10-10,KOSDAQ,9040.0,9050.0,9720.0,9450.0,0.0011061946902655162,0.0752212389380531,0.045353982300885054,
424123,20250410001749,01587056,엔젯,419080,[연장결정]주요사항보고서(자기주식취득신탁계약체결결정),2025-04-10,KOSDAQ,8190.0,8320.0,8410.0,8250.0,0.015873015873015817,0.026862026862026767,0.0073260073260073,
636689,20240603000182,00138747,아세아텍,050860,주요사항보고서(자기주식취득신탁계약체결결정),2024-06-03,KOSDAQ,2305.0,2450.0,2545.0,2605.0,0.06290672451193058,0.10412147505422986,0.13015184381778733,
383792,20250611000432,00138747,아세아텍,050860,주요사항보고서(자기주식취득결정),2025-06-11,KOSDAQ,2275.0,2365.0,2320.0,2295.0,0.03956043956043964,0.01978021978021971,0.00879120879120876,
370527,20250709000433,00138747,아세아텍,050860,자기주식취득결과보고서,2025-07-09,KOSDAQ,2165.0,2175.0,2170.0,2175.0,0.004618937644341736,0.002309468822170979,0.004618937644341736,
635784,20240605000086,01263527,카이노스메드,284620,주요사항보고서(자기주식취득결정),2024-06-05,KOSDAQ,4020.0,4430.0,4380.0,4820.0,0.10199004975124382,0.08955223880597019,0.1990049751243781,
635728,20240605000137,01263527,카이노스메드,284620,자기주식취득결과보고서,2024-06-05,KOSDAQ,4020.0,4430.0,4380.0,4820.0,0.10199004975124382,0.08955223880597019,0.1990049751243781,
634512,20240610000216,00632304,JW홀딩스,096760,주요사항보고서(자기주식취득결정),2024-06-10,KOSPI,2895.0,3075.0,3080.0,3245.0,0.06217616580310881,0.06390328151986191,0.12089810017271163,
585640,20240905000042,00632304,JW홀딩스,096760,자기주식취득결과보고서,2024-09-05,KOSPI,3060.0,3020.0,3070.0,3095.0,-0.013071895424836555,0.0032679738562091387,0.011437908496731986,
535233,20241217000253,00632304,JW홀딩스,096760,주요사항보고서(자기주식취득결정),2024-12-17,KOSPI,2960.0,3045.0,3040.0,3045.0,0.028716216216216228,0.027027027027026973,0.028716216216216228,
535224,20241217800353,00632304,JW홀딩스,096760,주요사항보고서(자기주식취득결정)(자회사의 주요경영사항),2024-12-17,KOSPI,2960.0,3045.0,3040.0,3045.0,0.028716216216216228,0.027027027027026973,0.028716216216216228,
473512,20250319000501,00632304,JW홀딩스,096760,자기주식취득결과보고서,2025-03-19,KOSPI,3010.0,3015.0,3015.0,3055.0,0.0016611295681063787,0.0016611295681063787,0.014950166112956742,
467385,20250324000613,00632304,JW홀딩스,096760,주요사항보고서(자기주식취득결정),2025-03-24,KOSPI,2990.0,3075.0,3055.0,2970.0,0.028428093645485042,0.021739130434782705,-0.006688963210702337,
467353,20250324800802,00632304,JW홀딩스,096760,주요사항보고서(자기주식취득결정)(자회사의 주요경영사항),2025-03-24,KOSPI,2990.0,3075.0,3055.0,2970.0,0.028428093645485042,0.021739130434782705,-0.006688963210702337,
378146,20250625000239,00632304,JW홀딩스,096760,자기주식취득결과보고서,2025-06-25,KOSPI,3640.0,3500.0,3455.0,3660.0,-0.038461538461538436,-0.050824175824175866,0.005494505494505475,
634349,20240610000355,00776820,영원무역,111770,주요사항보고서(자기주식취득신탁계약체결결정),2024-06-10,KOSPI,32500.0,35200.0,34300.0,33950.0,0.08307692307692305,0.055384615384615365,0.04461538461538472,
559080,20241111000386,00776820,영원무역,111770,[연장결정]주요사항보고서(자기주식취득신탁계약체결결정),2024-11-11,KOSPI,40000.0,38650.0,39000.0,39300.0,-0.03374999999999995,-0.025000000000000022,-0.01749999999999996,
384633,20250610000152,00776820,영원무역,111770,주요사항보고서(자기주식취득신탁계약해지결정),2025-06-10,KOSPI,62100.0,60800.0,60800.0,60100.0,-0.020933977455716568,-0.020933977455716568,-0.032206119162640934,
634346,20240610800505,00140964,영원무역홀딩스,009970,주요사항보고서(자기주식취득신탁계약체결결정)(자회사의 주요경영사항),2024-06-10,KOSPI,81000.0,81200.0,81300.0,82100.0,0.0024691358024691024,0.0037037037037037646,0.013580246913580174,
384631,20250610800226,00140964,영원무역홀딩스,009970,주요사항보고서(자기주식취득신탁계약해지결정)(자회사의 주요경영사항),2025-06-10,KOSPI,127700.0,128400.0,133500.0,132800.0,0.005481597494126911,0.045418950665622626,0.039937353171495715,
630846,20240618000200,00807379,신흥에스이씨,243840,주요사항보고서(자기주식취득신탁계약체결결정),2024-06-18,KOSDAQ,9290.0,9420.0,9360.0,8970.0,0.013993541442411273,0.00753498385360607,-0.034445640473627526,
630735,20240618000286,00664853,제이씨케미칼,137950,주요사항보고서(자기주식취득신탁계약체결결정),2024-06-18,KOSDAQ,5280.0,5330.0,5440.0,5460.0,0.009469696969697017,0.030303030303030276,0.03409090909090917,
628408,20240624000014,01190568,에이피알,278470,주요사항보고서(자기주식취득신탁계약체결결정),2024-06-24,KOSPI,80000.0,75800.0,80500.0,76000.0,-0.05249999999999999,0.006250000000000089,-0.050000000000000044,
532289,20241223000121,01190568,에이피알,278470,주요사항보고서(자기주식취득신탁계약해지결정),2024-12-23,KOSPI,48150.0,50900.0,50200.0,51100.0,0.05711318795430942,0.04257528556593981,0.061266874350986544,
515272,20250204000318,01190568,에이피알,278470,주요사항보고서(자기주식취득신탁계약체결결정),2025-02-04,KOSPI,45100.0,47500.0,49100.0,51500.0,0.053215077605321515,0.08869179600886912,0.14190687361419063,
359487,20250804000080,01190568,에이피알,278470,주요사항보고서(자기주식취득신탁계약해지결정),2025-08-04,KOSPI,178600.0,187300.0,208500.0,226000.0,0.048712206047032414,0.16741321388577823,0.26539753639417696,
628141,20240624000246,00107598,남양유업,003920,주요사항보고서(자기주식취득신탁계약체결결정),2024-06-24,KOSPI,53100.0,55200.0,56400.0,57600.0,0.039548022598870025,0.062146892655367214,0.0847457627118644,
567393,20241023000266,00107598,남양유업,003920,주요사항보고서(자기주식취득신탁계약체결결정),2024-10-23,KOSPI,59500.0,63500.0,65900.0,67500.0,0.0672268907563025,0.1075630252100841,0.134453781512605,
531186,20241224000440,00107598,남양유업,003920,주요사항보고서(자기주식취득신탁계약해지결정),2024-12-24,KOSPI,58300.0,58500.0,58500.0,60300.0,0.0034305317324185847,0.0034305317324185847,0.03430531732418518,
503052,20250218001435,00107598,남양유업,003920,주요사항보고서(자기주식취득신탁계약체결결정),2025-02-18,KOSPI,72300.0,77000.0,76800.0,76300.0,0.06500691562932226,0.06224066390041494,0.05532503457814664,
486889,20250307000943,00107598,남양유업,003920,주요사항보고서(자기주식취득신탁계약해지결정),2025-03-07,KOSPI,75400.0,74200.0,74200.0,72500.0,-0.01591511936339518,-0.01591511936339518,-0.038461538461538436,
380821,20250618000354,00107598,남양유업,003920,주요사항보고서(자기주식취득신탁계약해지결정),2025-06-18,KOSPI,67000.0,65900.0,66400.0,64800.0,-0.016417910447761197,-0.008955223880596996,-0.032835820895522394,
97822,20260312001101,00107598,남양유업,003920,주요사항보고서(자기주식취득신탁계약체결결정),2026-03-12,KOSPI,51000.0,55900.0,55900.0,54700.0,0.09607843137254912,0.09607843137254912,0.0725490196078431,
626630,20240626000092,01335453,조이웍스앤코,309930,주요사항보고서(자기주식취득신탁계약체결결정),2024-06-26,KOSDAQ,2708.0,2568.0,2562.0,2682.0,-0.05169867060561295,-0.05391432791728212,-0.009601181683899562,
621276,20240703000597,00119140,핸즈코퍼레이션,143210,주요사항보고서(자기주식취득결정),2024-07-03,KOSPI,2175.0,2195.0,2185.0,2335.0,0.009195402298850519,0.0045977011494253706,0.0735632183908046,
493984,20250227006899,00119140,핸즈코퍼레이션,143210,주요사항보고서(자기주식취득결정),2025-02-27,KOSPI,1953.0,1969.0,1956.0,1927.0,0.008192524321556593,0.001536098310291889,-0.013312852022529409,
619455,20240709000188,00664048,우리넷,115440,주요사항보고서(자기주식취득신탁계약체결결정),2024-07-09,KOSDAQ,6700.0,6670.0,6640.0,6470.0,-0.004477611940298498,-0.008955223880596996,-0.03432835820895519,
554605,20241114002567,00664048,우리넷,115440,주요사항보고서(자기주식취득신탁계약체결결정),2024-11-14,KOSDAQ,7730.0,7050.0,7050.0,6720.0,-0.0879689521345407,-0.0879689521345407,-0.13065976714100902,
401125,20250514000873,00664048,우리넷,115440,[연장결정]주요사항보고서(자기주식취득신탁계약체결결정),2025-05-14,KOSDAQ,7130.0,7020.0,6660.0,6700.0,-0.015427769985974726,-0.06591865357643756,-0.060308555399719466,
617700,20240712000097,00155319,POSCO홀딩스,005490,주요사항보고서(자기주식취득결정),2024-07-12,KOSPI,392000.0,386000.0,373000.0,370500.0,-0.015306122448979553,-0.04846938775510201,-0.05484693877551017,
609199,20240801000207,00155319,POSCO홀딩스,005490,자기주식취득결과보고서,2024-08-01,KOSPI,362500.0,356500.0,314500.0,319000.0,-0.016551724137931045,-0.13241379310344825,-0.12,
616642,20240716000023,00132318,성광벤드,014620,주요사항보고서(자기주식취득결정),2024-07-16,KOSDAQ,13330.0,14000.0,13910.0,14290.0,0.050262565641410406,0.04351087771942996,0.07201800450112539,
571829,20241011000057,00132318,성광벤드,014620,자기주식취득결과보고서,2024-10-11,KOSDAQ,13620.0,13750.0,13750.0,13780.0,0.009544787077826689,0.009544787077826689,0.011747430249632984,
616579,20240716000114,00638487,파수AI,150900,주요사항보고서(자기주식취득신탁계약체결결정),2024-07-16,KOSDAQ,5750.0,5910.0,5880.0,5700.0,0.027826086956521667,0.022608695652173827,-0.008695652173912993,
616514,20240716000190,01214743,더네이쳐홀딩스,298540,주요사항보고서(자기주식취득결정),2024-07-16,KOSDAQ,12390.0,12450.0,12000.0,11650.0,0.004842615012106588,-0.03147699757869249,-0.05972558514931392,
611942,20240726000326,01214743,더네이쳐홀딩스,298540,주요사항보고서(자기주식취득결정),2024-07-26,KOSDAQ,11630.0,12220.0,12150.0,11930.0,0.050730868443680244,0.044711951848667164,0.02579535683576961,
608873,20240802000155,01214743,더네이쳐홀딩스,298540,자기주식취득결과보고서,2024-08-02,KOSDAQ,11930.0,10920.0,10950.0,10910.0,-0.08466051969823973,-0.08214585079631187,-0.08549874266554902,
594266,20240826000222,01214743,더네이쳐홀딩스,298540,자기주식취득결과보고서,2024-08-26,KOSDAQ,10660.0,10720.0,10630.0,10690.0,0.0056285178236397115,-0.0028142589118198558,0.0028142589118198558,
561260,20241106000117,01214743,더네이쳐홀딩스,298540,주요사항보고서(자기주식취득결정),2024-11-06,KOSDAQ,10210.0,10300.0,10340.0,9260.0,0.008814887365328206,0.01273261508325163,-0.09304603330068562,
544429,20241202000519,01214743,더네이쳐홀딩스,298540,자기주식취득결과보고서,2024-12-02,KOSDAQ,9380.0,9780.0,9770.0,8990.0,0.04264392324093813,0.041577825159914816,-0.041577825159914705,
616120,20240717000081,00965813,미투온,201490,주요사항보고서(자기주식취득결정),2024-07-17,KOSDAQ,2380.0,2410.0,2475.0,2410.0,0.012605042016806678,0.0399159663865547,0.012605042016806678,
567773,20241022000287,00965813,미투온,201490,자기주식취득결과보고서,2024-10-22,KOSDAQ,2180.0,2140.0,2145.0,2180.0,-0.01834862385321101,-0.016055045871559592,0.0,
614413,20240722000087,00116949,DN오토모티브,007340,주요사항보고서(자기주식취득신탁계약체결결정),2024-07-22,KOSPI,16524.0,16444.0,16584.0,17004.0,-0.004841442749939473,0.0036310820624545492,0.029048656499636838,
519654,20250122000268,00116949,DN오토모티브,007340,주요사항보고서(자기주식취득신탁계약해지결정),2025-01-22,KOSPI,20400.0,20550.0,21000.0,,0.007352941176470562,0.02941176470588225,,
613856,20240723000214,00545716,롯데렌탈,089860,주요사항보고서(자기주식취득결정),2024-07-23,KOSPI,30650.0,30950.0,30950.0,30150.0,0.00978792822185981,0.00978792822185981,-0.01631321370309946,
574751,20241002000360,00545716,롯데렌탈,089860,자기주식취득결과보고서,2024-10-02,KOSPI,30300.0,30700.0,30700.0,30250.0,0.013201320132013139,0.013201320132013139,-0.0016501650165016146,
613685,20240723000338,00146436,엔브이에이치코리아,067570,주요사항보고서(자기주식취득결정),2024-07-23,KOSDAQ,2315.0,2400.0,2355.0,2360.0,0.036717062634989306,0.017278617710583255,0.01943844492440605,
565224,20241028000398,00146436,엔브이에이치코리아,067570,자기주식취득결과보고서,2024-10-28,KOSDAQ,2480.0,2505.0,2470.0,2500.0,0.010080645161290258,-0.0040322580645161255,0.008064516129032251,
613525,20240724000100,01211232,코윈테크,282880,주요사항보고서(자기주식취득신탁계약체결결정),2024-07-24,KOSDAQ,16164.0,15916.0,15887.0,15964.0,-0.015342736946300395,-0.017136847315021075,-0.012373174956693878,
113618,20260624000088,01211232,코윈테크,282880,주요사항보고서(자기주식취득신탁계약체결결정),2026-06-24,KOSDAQ,10690.0,10220.0,9960.0,,-0.0439663236669785,-0.06828811973807292,,
613414,20240724000308,00178790,동양이엔피,079960,주요사항보고서(자기주식취득신탁계약체결결정),2024-07-24,KOSDAQ,19000.0,18980.0,18850.0,18730.0,-0.001052631578947416,-0.007894736842105288,-0.014210526315789451,
586055,20240904000290,00178790,동양이엔피,079960,주요사항보고서(자기주식취득신탁계약체결결정),2024-09-04,KOSDAQ,18460.0,18990.0,18940.0,18740.0,0.028710725893824396,0.026002166847237218,0.015167930660888507,
518724,20250123000348,00178790,동양이엔피,079960,주요사항보고서(자기주식취득신탁계약해지결정),2025-01-23,KOSDAQ,17880.0,18010.0,17810.0,17830.0,0.00727069351230436,-0.0039149888143176215,-0.002796420581655523,
478155,20250314000873,00178790,동양이엔피,079960,주요사항보고서(자기주식취득신탁계약체결결정),2025-03-14,KOSDAQ,20400.0,20300.0,20200.0,20000.0,-0.004901960784313708,-0.009803921568627416,-0.019607843137254943,
613272,20240724000428,00883980,아이디스,143160,주요사항보고서(자기주식취득결정),2024-07-24,KOSDAQ,14960.0,15980.0,16000.0,16680.0,0.06818181818181812,0.06951871657754016,0.11497326203208558,
575587,20240930000419,00883980,아이디스,143160,자기주식취득결과보고서,2024-09-30,KOSDAQ,15950.0,15550.0,15280.0,15800.0,-0.025078369905956133,-0.04200626959247644,-0.009404388714733591,
515863,20250203000315,00883980,아이디스,143160,주요사항보고서(자기주식취득결정),2025-02-03,KOSDAQ,14580.0,16120.0,16600.0,15750.0,0.1056241426611797,0.13854595336076825,0.08024691358024683,
480248,20250313000897,00883980,아이디스,143160,자기주식취득결과보고서,2025-03-13,KOSDAQ,15750.0,15370.0,15150.0,15130.0,-0.024126984126984108,-0.03809523809523807,-0.03936507936507938,
471399,20250320001041,00883980,아이디스,143160,주요사항보고서(자기주식취득결정),2025-03-20,KOSDAQ,15130.0,15750.0,16070.0,16790.0,0.04097818902842043,0.06212822207534696,0.10971579643093188,
395957,20250521000083,00883980,아이디스,143160,자기주식취득결과보고서,2025-05-21,KOSDAQ,15900.0,15840.0,15320.0,15320.0,-0.0037735849056603765,-0.03647798742138364,-0.03647798742138364,
612900,20240725000086,00297095,나라엠앤디,051490,주요사항보고서(자기주식취득결정),2024-07-25,KOSDAQ,4465.0,4600.0,4735.0,4775.0,0.03023516237402024,0.06047032474804026,0.06942889137737951,
574831,20241002000307,00297095,나라엠앤디,051490,자기주식취득결과보고서,2024-10-02,KOSDAQ,4450.0,4390.0,4885.0,4845.0,-0.013483146067415741,0.09775280898876404,0.08876404494382029,
612899,20240725000089,01601222,씨피시스템,413630,주요사항보고서(자기주식취득신탁계약체결결정),2024-07-25,KOSDAQ,3215.0,3215.0,3280.0,3100.0,0.0,0.02021772939346822,-0.03576982892690517,
548169,20241128000713,01601222,씨피시스템,413630,주요사항보고서(자기주식취득신탁계약체결결정),2024-11-28,KOSDAQ,2505.0,2370.0,2220.0,2305.0,-0.053892215568862256,-0.11377245508982037,-0.07984031936127745,
610905,20240730000140,00447502,바이오톡스텍,086040,주요사항보고서(자기주식취득신탁계약체결결정),2024-07-30,KOSDAQ,4795.0,4725.0,4875.0,4345.0,-0.014598540145985384,0.016684045881126153,-0.09384775808133472,
344778,20250827000051,00447502,바이오톡스텍,086040,주요사항보고서(자기주식취득신탁계약체결결정),2025-08-27,KOSDAQ,2870.0,2940.0,2995.0,3205.0,0.024390243902439046,0.04355400696864109,0.11672473867595823,
610653,20240730000313,00977641,하이로닉,149980,주요사항보고서(자기주식취득신탁계약체결결정),2024-07-30,KOSDAQ,14546.0,14188.0,14239.0,12278.0,-0.024611577065860035,-0.021105458545304545,-0.1559191530317613,
559827,20241108000384,00977641,하이로닉,149980,주요사항보고서(자기주식취득신탁계약체결결정),2024-11-08,KOSDAQ,10300.0,10760.0,10470.0,10197.0,0.044660194174757306,0.01650485436893212,-0.010000000000000009,
540679,20241211000176,00977641,하이로닉,149980,주요사항보고서(자기주식취득신탁계약체결결정),2024-12-11,KOSDAQ,10709.0,10913.0,11101.0,11596.0,0.019049397702866733,0.03660472499766554,0.08282752824726858,
469150,20250321001216,00977641,하이로닉,149980,주요사항보고서(자기주식취득신탁계약체결결정),2025-03-21,KOSDAQ,10129.0,9174.0,9293.0,9140.0,-0.094283739757133,-0.08253529469839072,-0.09764043834534508,
402946,20250512000544,00977641,하이로닉,149980,주요사항보고서(자기주식취득신탁계약해지결정),2025-05-12,KOSDAQ,8680.0,8680.0,8680.0,8680.0,0.0,0.0,0.0,
610176,20240731000214,00692254,아이패밀리에스씨,114840,주요사항보고서(자기주식취득신탁계약체결결정),2024-07-31,KOSDAQ,32800.0,33250.0,29350.0,29750.0,0.013719512195121908,-0.10518292682926833,-0.09298780487804881,
321777,20251020000063,00692254,아이패밀리에스씨,114840,주요사항보고서(자기주식취득신탁계약체결결정),2025-10-20,KOSDAQ,17710.0,18300.0,18020.0,18190.0,0.033314511575381234,0.017504234895539206,0.02710333145115751,
4321,20260521000136,00692254,아이패밀리에스씨,114840,주요사항보고서(자기주식취득신탁계약체결결정),2026-05-21,KOSDAQ,9650.0,10040.0,10190.0,10490.0,0.040414507772020825,0.05595854922279786,0.08704663212435237,
119377,20260611000295,00692254,아이패밀리에스씨,114840,주요사항보고서(자기주식취득신탁계약해지결정),2026-06-11,KOSDAQ,9040.0,9120.0,9470.0,8900.0,0.008849557522123908,0.047566371681415864,-0.015486725663716783,
608929,20240802000090,00622787,바이오노트,377740,주요사항보고서(자기주식취득신탁계약체결결정),2024-08-02,KOSPI,4180.0,4050.0,4340.0,4710.0,-0.031100478468899517,0.038277511961722466,0.1267942583732058,
515663,20250203000466,00622787,바이오노트,377740,주요사항보고서(자기주식취득신탁계약해지결정),2025-02-03,KOSPI,4815.0,4890.0,4850.0,4795.0,0.015576323987538832,0.007268951194184803,-0.004153686396677014,
371194,20250708000233,00622787,바이오노트,377740,주요사항보고서(자기주식취득신탁계약체결결정),2025-07-08,KOSPI,5240.0,5250.0,5240.0,5340.0,0.001908396946564972,0.0,0.01908396946564883,
276908,20260107000391,00622787,바이오노트,377740,주요사항보고서(자기주식취득신탁계약해지결정),2026-01-07,KOSPI,5520.0,5430.0,5360.0,5190.0,-0.016304347826086918,-0.02898550724637683,-0.05978260869565222,
608438,20240805000079,01685251,컨텍,451760,주요사항보고서(자기주식취득신탁계약체결결정),2024-08-05,KOSDAQ,8880.0,9310.0,9380.0,10120.0,0.04842342342342332,0.056306306306306286,0.13963963963963955,
542162,20241209000029,01685251,컨텍,451760,주요사항보고서(자기주식취득신탁계약체결결정),2024-12-09,KOSDAQ,8840.0,9070.0,9720.0,10150.0,0.02601809954751122,0.09954751131221728,0.1481900452488687,
384667,20250610000123,01685251,컨텍,451760,주요사항보고서(자기주식취득신탁계약체결결정),2025-06-10,KOSDAQ,9400.0,9330.0,9470.0,9390.0,-0.007446808510638281,0.007446808510638281,-0.0010638297872340718,
607902,20240806000117,00534701,세아메카닉스,396300,주요사항보고서(자기주식취득신탁계약체결결정),2024-08-06,KOSDAQ,2600.0,2720.0,2675.0,2780.0,0.04615384615384621,0.028846153846153744,0.0692307692307692,
514739,20250205000098,00534701,세아메카닉스,396300,[연장결정]주요사항보고서(자기주식취득신탁계약체결결정),2025-02-05,KOSDAQ,2250.0,2200.0,2210.0,2215.0,-0.022222222222222254,-0.01777777777777778,-0.015555555555555545,
607826,20240806000181,00579139,한국맥널티,222980,주요사항보고서(자기주식취득신탁계약체결결정),2024-08-06,KOSDAQ,3540.0,3825.0,3915.0,3960.0,0.0805084745762712,0.10593220338983045,0.11864406779661008,
514729,20250205000121,00579139,한국맥널티,222980,[연장결정]주요사항보고서(자기주식취득신탁계약체결결정),2025-02-05,KOSDAQ,3355.0,3480.0,3470.0,3475.0,0.037257824143070106,0.03427719821162434,0.03576751117734722,
607766,20240806000215,01493535,모비데이즈,363260,주요사항보고서(자기주식취득결정),2024-08-06,KOSDAQ,1770.0,1956.0,1911.0,1953.0,0.10508474576271176,0.07966101694915251,0.10338983050847461,
561582,20241105000150,01493535,모비데이즈,363260,자기주식취득결과보고서,2024-11-05,KOSDAQ,2040.0,1865.0,1856.0,1671.0,-0.08578431372549022,-0.09019607843137256,-0.1808823529411765,
607353,20240807000236,01243161,인산가,277410,주요사항보고서(자기주식취득결정),2024-08-07,KOSDAQ,1515.0,1515.0,1570.0,1616.0,0.0,0.03630363036303641,0.06666666666666665,
586063,20240904000301,01243161,인산가,277410,자기주식취득결과보고서,2024-09-04,KOSDAQ,1486.0,1475.0,1415.0,1414.0,-0.007402422611036297,-0.04777927321668907,-0.048452220726783346,
607300,20240807000258,00373447,서린바이오,038070,주요사항보고서(자기주식취득신탁계약체결결정),2024-08-07,KOSDAQ,7690.0,8150.0,8150.0,8342.0,0.05981794538361518,0.05981794538361518,0.08478543563068919,
607217,20240807000331,00113234,대한제당,001790,주요사항보고서(자기주식취득신탁계약체결결정),2024-08-07,KOSPI,3025.0,2980.0,3020.0,3010.0,-0.014876033057851235,-0.0016528925619834212,-0.0049586776859503745,
357934,20250807000233,00113234,대한제당,001790,주요사항보고서(자기주식취득신탁계약해지결정),2025-08-07,KOSPI,3035.0,3020.0,3020.0,3000.0,-0.0049423393739703725,-0.0049423393739703725,-0.011532125205930832,
606737,20240808000185,00411048,에스앤에스텍,101490,주요사항보고서(자기주식취득신탁계약체결결정),2024-08-08,KOSDAQ,26050.0,26950.0,27000.0,28000.0,0.03454894433781197,0.03646833013435691,0.0748560460652592,
511462,20250210000415,00411048,에스앤에스텍,101490,주요사항보고서(자기주식취득신탁계약해지결정),2025-02-10,KOSDAQ,30700.0,30300.0,30350.0,31550.0,-0.013029315960912058,-0.01140065146579805,0.027687296416938123,
606710,20240808000194,01358463,현대무벡스,319400,주요사항보고서(자기주식취득신탁계약체결결정),2024-08-08,KOSDAQ,2785.0,2890.0,2930.0,2925.0,0.037701974865349985,0.05206463195691202,0.050269299820466795,
542092,20241209000125,01358463,현대무벡스,319400,주요사항보고서(자기주식취득신탁계약체결결정),2024-12-09,KOSDAQ,2855.0,2985.0,3150.0,3380.0,0.04553415061295962,0.10332749562171628,0.18388791593695264,
512126,20250207000823,01358463,현대무벡스,319400,주요사항보고서(자기주식취득신탁계약해지결정),2025-02-07,KOSDAQ,4170.0,4295.0,4340.0,4100.0,0.029976019184652314,0.04076738609112707,-0.016786570743405282,
384894,20250609000274,01358463,현대무벡스,319400,주요사항보고서(자기주식취득신탁계약해지결정),2025-06-09,KOSDAQ,4150.0,4160.0,4190.0,4175.0,0.002409638554216942,0.009638554216867545,0.006024096385542244,
606688,20240808000237,01359736,프로이천,321260,주요사항보고서(자기주식취득신탁계약체결결정),2024-08-08,KOSDAQ,2185.0,2420.0,2605.0,2560.0,0.10755148741418763,0.19221967963386732,0.17162471395881007,
514682,20250205000168,01359736,프로이천,321260,[연장결정]주요사항보고서(자기주식취득신탁계약체결결정),2025-02-05,KOSDAQ,2200.0,2225.0,2225.0,2210.0,0.011363636363636465,0.011363636363636465,0.00454545454545463,
410356,20250425000534,01359736,프로이천,321260,주요사항보고서(자기주식취득신탁계약해지결정),2025-04-25,KOSDAQ,2225.0,2165.0,2195.0,2120.0,-0.026966292134831482,-0.013483146067415741,-0.04719101123595504,
606417,20240808000427,00596260,투비소프트,079970,주요사항보고서(자기주식취득결정),2024-08-08,KOSDAQ,188.0,188.0,188.0,188.0,0.0,0.0,0.0,
596208,20240821000146,00596260,투비소프트,079970,자기주식취득결과보고서,2024-08-21,KOSDAQ,1577.0,1385.0,1415.0,1400.0,-0.12175015852885229,-0.10272669625871911,-0.11223842739378564,
605232,20240812000281,01038693,드림시큐리티,203650,주요사항보고서(자기주식취득신탁계약체결결정),2024-08-12,KOSDAQ,1332.0,1314.0,1347.0,1399.0,-0.013513513513513487,0.011261261261261257,0.050300300300300194,
585846,20240904000474,01038693,드림시큐리티,203650,주요사항보고서(자기주식취득신탁계약체결결정),2024-09-04,KOSDAQ,1462.0,1522.0,1557.0,1494.0,0.041039671682626455,0.06497948016415878,0.02188782489740082,
573306,20241008000093,01038693,드림시큐리티,203650,주요사항보고서(자기주식취득신탁계약체결결정),2024-10-08,KOSDAQ,1529.0,1589.0,1577.0,1664.0,0.03924133420536302,0.03139306736429037,0.08829300196206669,
565706,20241028000036,01038693,드림시큐리티,203650,주요사항보고서(자기주식취득신탁계약체결결정),2024-10-28,KOSDAQ,1649.0,1694.0,1709.0,1756.0,0.0272892662219526,0.036385688295937024,0.06488781079442085,
603818,20240813000536,00365934,코세스,089890,주요사항보고서(자기주식취득신탁계약체결결정),2024-08-13,KOSDAQ,10500.0,10810.0,10840.0,10640.0,0.029523809523809508,0.0323809523809524,0.01333333333333342,
603290,20240813001035,00138057,써니전자,004770,주요사항보고서(자기주식취득신탁계약체결결정),2024-08-13,KOSPI,1516.0,1562.0,1557.0,1587.0,0.03034300791556732,0.02704485488126651,0.04683377308707115,
510973,20250210000731,00138057,써니전자,004770,[연장결정]주요사항보고서(자기주식취득신탁계약체결결정),2025-02-10,KOSPI,1967.0,1988.0,1955.0,2060.0,0.01067615658362997,-0.006100660904931332,0.047280122013218184,
355502,20250812000614,00138057,써니전자,004770,주요사항보고서(자기주식취득신탁계약해지결정),2025-08-12,KOSPI,1709.0,1686.0,1693.0,1655.0,-0.01345816266822708,-0.009362200117027486,-0.03159742539496779,
601601,20240814000984,00360674,코위버,056360,주요사항보고서(자기주식취득결정),2024-08-14,KOSDAQ,4440.0,4510.0,4500.0,4690.0,0.015765765765765716,0.013513513513513598,0.056306306306306286,
559094,20241111000397,00360674,코위버,056360,자기주식취득결과보고서,2024-11-11,KOSDAQ,4740.0,4405.0,4325.0,4390.0,-0.07067510548523204,-0.08755274261603374,-0.07383966244725737,
597564,20240816000093,00442048,아바텍,149950,주요사항보고서(자기주식취득신탁계약체결결정),2024-08-16,KOSDAQ,11440.0,11420.0,11810.0,11760.0,-0.0017482517482517723,0.03234265734265729,0.027972027972027913,
503925,20250217001365,00442048,아바텍,149950,주요사항보고서(자기주식취득신탁계약해지결정),2025-02-17,KOSDAQ,9190.0,9370.0,9320.0,9150.0,0.019586507072905324,0.014145810663764857,-0.0043525571273123065,
594356,20240826000144,00338170,이닉스,452400,주요사항보고서(자기주식취득신탁계약체결결정),2024-08-26,KOSDAQ,17700.0,17090.0,16410.0,15270.0,-0.03446327683615824,-0.07288135593220335,-0.13728813559322028,
594341,20240826000155,00269922,인바디,041830,주요사항보고서(자기주식취득신탁계약체결결정),2024-08-26,KOSDAQ,23100.0,24050.0,24950.0,25400.0,0.04112554112554112,0.08008658008657998,0.09956709956709964,
553578,20241118000124,00269922,인바디,041830,주요사항보고서(자기주식취득신탁계약체결결정),2024-11-18,KOSDAQ,22200.0,22500.0,22200.0,22950.0,0.013513513513513598,0.0,0.03378378378378377,
429762,20250408002654,00269922,인바디,041830,주요사항보고서(자기주식취득신탁계약체결결정),2025-04-08,KOSDAQ,21400.0,22200.0,22950.0,23400.0,0.03738317757009346,0.07242990654205617,0.09345794392523366,
594026,20240826000414,01480568,이지바이오,353810,주요사항보고서(자기주식취득신탁계약체결결정),2024-08-26,KOSDAQ,3590.0,3730.0,3785.0,3935.0,0.03899721448467974,0.054317548746518174,0.09610027855153214,
593484,20240827000606,00121534,MH에탄올,023150,주요사항보고서(자기주식취득결정),2024-08-27,KOSPI,5600.0,6030.0,6080.0,6110.0,0.07678571428571423,0.08571428571428563,0.09107142857142847,
573072,20241008000324,00121534,MH에탄올,023150,자기주식취득결과보고서,2024-10-08,KOSPI,5810.0,5870.0,5880.0,5890.0,0.010327022375215211,0.012048192771084265,0.013769363166953541,
125647,20260601000804,00121534,MH에탄올,023150,주요사항보고서(자기주식취득결정),2026-06-01,KOSPI,3910.0,3885.0,3905.0,4140.0,-0.006393861892583175,-0.0012787723785165905,0.05882352941176472,
114524,20260622000224,00121534,MH에탄올,023150,자기주식취득결과보고서,2026-06-22,KOSPI,4040.0,3940.0,3985.0,,-0.024752475247524774,-0.013613861386138626,,
593439,20240827000661,01204056,하이브,352820,주요사항보고서(자기주식취득결정),2024-08-27,KOSPI,176800.0,182000.0,187500.0,180400.0,0.02941176470588225,0.06052036199095023,0.020361990950226172,
578200,20240925000357,01204056,하이브,352820,자기주식취득결과보고서,2024-09-25,KOSPI,159700.0,169900.0,172900.0,173500.0,0.06386975579211018,0.08265497808390743,0.08641202254226665,
253810,20260212001232,01204056,하이브,352820,주요사항보고서(자기주식취득결정),2026-02-12,KOSPI,380500.0,390000.0,404500.0,399000.0,0.024967148488830526,0.06307490144546657,0.04862023653088032,
5066,20260519000290,01204056,하이브,352820,주요사항보고서(자기주식취득결정),2026-05-19,KOSPI,236000.0,226500.0,231000.0,233000.0,-0.0402542372881356,-0.021186440677966156,-0.012711864406779627,
592862,20240828000103,01596656,메쎄이상,408920,주요사항보고서(자기주식취득신탁계약체결결정),2024-08-28,KOSDAQ,2180.0,2180.0,2165.0,2160.0,0.0,-0.006880733944954143,-0.00917431192660545,
590403,20240829001269,00122579,BYC,001460,주요사항보고서(자기주식취득신탁계약체결결정),2024-08-29,KOSPI,34050.0,34300.0,34500.0,33800.0,0.007342143906020615,0.013215859030837107,-0.007342143906020504,
490252,20250304000662,00122579,BYC,001460,주요사항보고서(자기주식취득신탁계약해지결정),2025-03-04,KOSPI,27400.0,27400.0,27400.0,26800.0,0.0,0.0,-0.021897810218978075,
401126,20250514000889,00122579,BYC,001460,주요사항보고서(자기주식취득신탁계약체결결정),2025-05-14,KOSPI,32900.0,33750.0,32900.0,33250.0,0.02583586626139822,0.0,0.010638297872340496,
327991,20250929000386,00122579,BYC,001460,주요사항보고서(자기주식취득신탁계약해지결정),2025-09-29,KOSPI,38700.0,38600.0,37800.0,37200.0,-0.0025839793281653423,-0.023255813953488413,-0.03875968992248058,
316642,20251030000412,00122579,BYC,001460,주요사항보고서(자기주식취득신탁계약체결결정),2025-10-30,KOSPI,36200.0,37500.0,38700.0,37500.0,0.035911602209944826,0.06906077348066297,0.035911602209944826,
256822,20260210000634,00122579,BYC,001460,주요사항보고서(자기주식취득신탁계약해지결정),2026-02-10,KOSPI,54100.0,57000.0,57000.0,58000.0,0.05360443622920519,0.05360443622920519,0.07208872458410354,
587328,20240902000165,00455875,와토스코리아,079000,주요사항보고서(자기주식취득신탁계약체결결정),2024-09-02,KOSDAQ,5190.0,5100.0,5100.0,5090.0,-0.017341040462427793,-0.017341040462427793,-0.019267822736030782,
566070,20241025000365,00455875,와토스코리아,079000,주요사항보고서(자기주식취득신탁계약체결결정),2024-10-25,KOSDAQ,5080.0,5670.0,5690.0,5700.0,0.11614173228346458,0.12007874015748032,0.1220472440944882,
490400,20250304000586,00455875,와토스코리아,079000,주요사항보고서(자기주식취득신탁계약해지결정),2025-03-04,KOSDAQ,5210.0,5310.0,5350.0,5230.0,0.019193857965451144,0.026871401151631558,0.0038387715930903177,
490214,20250304000720,00455875,와토스코리아,079000,자기주식취득결과보고서,2025-03-04,KOSDAQ,5210.0,5310.0,5350.0,5230.0,0.019193857965451144,0.026871401151631558,0.0038387715930903177,
412682,20250422000140,00455875,와토스코리아,079000,[연장결정]주요사항보고서(자기주식취득신탁계약체결결정),2025-04-22,KOSDAQ,5350.0,5450.0,5340.0,5350.0,0.01869158878504673,-0.0018691588785046953,0.0,
364901,20250724000175,00455875,와토스코리아,079000,주요사항보고서(자기주식취득신탁계약해지결정),2025-07-24,KOSDAQ,5040.0,5110.0,5130.0,5590.0,0.01388888888888884,0.017857142857142794,0.10912698412698418,
364904,20250724000179,00455875,와토스코리아,079000,자기주식취득결과보고서,2025-07-24,KOSDAQ,5040.0,5110.0,5130.0,5590.0,0.01388888888888884,0.017857142857142794,0.10912698412698418,
363074,20250728000245,00455875,와토스코리아,079000,주요사항보고서(자기주식취득신탁계약체결결정),2025-07-28,KOSDAQ,5130.0,5610.0,5650.0,5390.0,0.0935672514619883,0.10136452241715399,0.050682261208577106,
327639,20250930000175,00455875,와토스코리아,079000,자기주식취득결과보고서,2025-09-30,KOSDAQ,5480.0,5610.0,5610.0,5430.0,0.02372262773722622,0.02372262773722622,-0.009124087591240837,
327560,20250930000264,00455875,와토스코리아,079000,주요사항보고서(자기주식취득신탁계약해지결정),2025-09-30,KOSDAQ,5480.0,5610.0,5610.0,5430.0,0.02372262773722622,0.02372262773722622,-0.009124087591240837,
312433,20251110000183,00455875,와토스코리아,079000,주요사항보고서(자기주식취득신탁계약체결결정),2025-11-10,KOSDAQ,5210.0,5500.0,5450.0,5450.0,0.05566218809980805,0.04606525911708248,0.04606525911708248,
13134,20260511000268,00455875,와토스코리아,079000,자기주식취득결과보고서,2026-05-11,KOSDAQ,7010.0,6830.0,6610.0,6150.0,-0.025677603423680417,-0.05706134094151216,-0.12268188302425109,
586724,20240903000125,00659976,영화테크,265560,주요사항보고서(자기주식취득신탁계약체결결정),2024-09-03,KOSDAQ,8110.0,8050.0,7980.0,7990.0,-0.007398273736128225,-0.01602959309494456,-0.01479654747225645,
586112,20240904000225,00657224,아이스크림미디어,461300,주요사항보고서(자기주식취득신탁계약체결결정),2024-09-04,KOSDAQ,20450.0,18820.0,17510.0,17450.0,-0.07970660146699271,-0.1437652811735941,-0.1466992665036675,
564983,20241029000145,00657224,아이스크림미디어,461300,주요사항보고서(자기주식취득신탁계약체결결정),2024-10-29,KOSDAQ,14560.0,15480.0,15030.0,18300.0,0.06318681318681318,0.03228021978021989,0.25686813186813184,
515891,20250203000278,00657224,아이스크림미디어,461300,주요사항보고서(자기주식취득신탁계약체결결정),2025-02-03,KOSDAQ,10740.0,11850.0,11910.0,13030.0,0.1033519553072626,0.1089385474860336,0.21322160148975788,
343227,20250828000764,00657224,아이스크림미디어,461300,주요사항보고서(자기주식취득신탁계약해지결정),2025-08-28,KOSDAQ,19640.0,20450.0,20300.0,20300.0,0.04124236252545832,0.033604887983706755,0.033604887983706755,
343224,20250828000778,00657224,아이스크림미디어,461300,주요사항보고서(자기주식취득신탁계약해지결정),2025-08-28,KOSDAQ,19640.0,20450.0,20300.0,20300.0,0.04124236252545832,0.033604887983706755,0.033604887983706755,
338719,20250903000123,00657224,아이스크림미디어,461300,주요사항보고서(자기주식취득신탁계약해지결정),2025-09-03,KOSDAQ,19300.0,20300.0,20150.0,20250.0,0.051813471502590636,0.04404145077720201,0.04922279792746109,
585608,20240905000079,00115676,KG스틸,016380,주요사항보고서(자기주식취득신탁계약체결결정),2024-09-05,KOSPI,5840.0,5790.0,5740.0,6240.0,-0.008561643835616417,-0.017123287671232834,0.06849315068493156,
489335,20250305000694,00115676,KG스틸,016380,주요사항보고서(자기주식취득신탁계약해지결정),2025-03-05,KOSPI,6720.0,6900.0,6990.0,6770.0,0.02678571428571419,0.0401785714285714,0.007440476190476275,
585455,20240905000252,01014055,에스트래픽,234300,주요사항보고서(자기주식취득신탁계약체결결정),2024-09-05,KOSDAQ,3615.0,3765.0,3825.0,4455.0,0.04149377593361003,0.05809128630705396,0.23236514522821583,
585606,20240905900112,00366137,KG에코솔루션,151860,주요사항보고서(자기주식취득신탁계약체결결정)(자회사의 주요경영사항),2024-09-05,KOSDAQ,5570.0,5480.0,5480.0,5960.0,-0.016157989228007152,-0.016157989228007152,0.07001795332136451,
489277,20250305901080,00366137,KG에코솔루션,151860,주요사항보고서(자기주식취득신탁계약해지결정)(자회사의 주요경영사항),2025-03-05,KOSDAQ,5460.0,5480.0,5470.0,5200.0,0.00366300366300365,0.001831501831501825,-0.04761904761904767,
585032,20240906000082,01023318,센코,347000,주요사항보고서(자기주식취득결정),2024-09-06,KOSDAQ,2245.0,2190.0,2130.0,2280.0,-0.024498886414253906,-0.05122494432071267,0.015590200445434244,
569660,20241017000031,01023318,센코,347000,자기주식취득결과보고서,2024-10-17,KOSDAQ,2415.0,2435.0,2485.0,2455.0,0.008281573498964745,0.02898550724637672,0.016563146997929712,
584930,20240906000238,00695969,동운아나텍,094170,주요사항보고서(자기주식취득신탁계약체결결정),2024-09-06,KOSDAQ,16141.0,16442.0,17007.0,17144.0,0.018648163063007317,0.05365219007496447,0.06213989219998761,
584244,20240909000092,00492353,파이오링크,170790,주요사항보고서(자기주식취득신탁계약체결결정),2024-09-09,KOSDAQ,8230.0,8200.0,8350.0,8430.0,-0.0036452004860266785,0.014580801944106936,0.024301336573511634,
487631,20250307000233,00492353,파이오링크,170790,[연장결정]주요사항보고서(자기주식취득신탁계약체결결정),2025-03-07,KOSDAQ,8030.0,8050.0,8060.0,7650.0,0.00249066002490661,0.0037359900373599153,-0.04732254047322537,
346293,20250822000264,00492353,파이오링크,170790,주요사항보고서(자기주식취득신탁계약해지결정),2025-08-22,KOSDAQ,7810.0,8110.0,8010.0,8240.0,0.03841229193341866,0.025608194622279035,0.055057618437900135,
345989,20250825000087,00492353,파이오링크,170790,주요사항보고서(자기주식취득신탁계약체결결정),2025-08-25,KOSDAQ,8110.0,8010.0,8210.0,8220.0,-0.012330456226880449,0.012330456226880449,0.013563501849568338,
306172,20251117000114,00492353,파이오링크,170790,주요사항보고서(자기주식취득신탁계약해지결정),2025-11-17,KOSDAQ,9110.0,9040.0,9200.0,9190.0,-0.007683863885839748,0.009879253567508295,0.008781558726673966,
583663,20240910000384,00549891,케어젠,214370,주요사항보고서(자기주식취득결정),2024-09-10,KOSDAQ,17300.0,18350.0,18550.0,18670.0,0.06069364161849711,0.07225433526011571,0.0791907514450867,
570661,20241015000106,00549891,케어젠,214370,자기주식취득결과보고서,2024-10-15,KOSDAQ,18130.0,17500.0,17420.0,16400.0,-0.03474903474903479,-0.03916161059018197,-0.09542195256480968,
579463,20240923000047,01146822,아이퀘스트,262840,주요사항보고서(자기주식취득신탁계약체결결정),2024-09-23,KOSDAQ,4244.0,4236.0,4290.0,4346.0,-0.0018850141376060003,0.01083883129123464,0.024033930254476976,
579341,20240923000173,01035368,티에프이,425420,주요사항보고서(자기주식취득신탁계약체결결정),2024-09-23,KOSDAQ,15510.0,17090.0,17610.0,18480.0,0.10186976144422943,0.1353965183752417,0.1914893617021276,
517229,20250124000823,01035368,티에프이,425420,주요사항보고서(자기주식취득신탁계약해지결정),2025-01-24,KOSDAQ,17020.0,15400.0,14710.0,,-0.09518213866039948,-0.13572267920094006,,
579127,20240923000378,00769158,케이엔제이,272110,주요사항보고서(자기주식취득신탁계약체결결정),2024-09-23,KOSDAQ,14950.0,16090.0,16750.0,16750.0,0.07625418060200673,0.12040133779264206,0.12040133779264206,
470008,20250321000509,00769158,케이엔제이,272110,주요사항보고서(자기주식취득신탁계약해지결정),2025-03-21,KOSDAQ,18050.0,18050.0,17470.0,16470.0,0.0,-0.03213296398891963,-0.08753462603878115,
578894,20240924000094,00226316,호전실업,111110,주요사항보고서(자기주식취득신탁계약체결결정),2024-09-24,KOSPI,7510.0,7210.0,7350.0,7300.0,-0.039946737683089206,-0.02130492676431428,-0.0279627163781625,
467224,20250324000753,00226316,호전실업,111110,주요사항보고서(자기주식취득신탁계약해지결정),2025-03-24,KOSPI,8040.0,8070.0,8110.0,8000.0,0.003731343283582156,0.008706467661691475,-0.00497512437810943,
333086,20250917000322,00226316,호전실업,111110,주요사항보고서(자기주식취득신탁계약체결결정),2025-09-17,KOSPI,7390.0,7810.0,7880.0,7950.0,0.05683355886332886,0.06630581867388363,0.0757780784844384,
92315,20260317000632,00226316,호전실업,111110,주요사항보고서(자기주식취득신탁계약해지결정),2026-03-17,KOSPI,7450.0,7430.0,7450.0,7500.0,-0.0026845637583892135,0.0,0.006711409395973256,
578163,20240925000376,00127200,삼영전자공업,005680,주요사항보고서(자기주식취득신탁계약체결결정),2024-09-25,KOSPI,8760.0,9240.0,9370.0,9360.0,0.0547945205479452,0.06963470319634713,0.06849315068493156,
467165,20250324000819,00127200,삼영전자공업,005680,주요사항보고서(자기주식취득신탁계약해지결정),2025-03-24,KOSPI,9880.0,10020.0,9960.0,10030.0,0.014170040485830038,0.00809716599190291,0.015182186234817818,
576761,20240927000440,00413523,한미글로벌,053690,주요사항보고서(자기주식취득신탁계약체결결정),2024-09-27,KOSPI,15100.0,14720.0,14490.0,14640.0,-0.025165562913907258,-0.04039735099337749,-0.030463576158940353,
451126,20250401002076,00413523,한미글로벌,053690,주요사항보고서(자기주식취득신탁계약해지결정),2025-04-01,KOSPI,15300.0,15130.0,15000.0,14020.0,-0.011111111111111072,-0.019607843137254943,-0.08366013071895428,
575984,20240930000001,00266961,NAVER,035420,주요사항보고서(자기주식취득결정),2024-09-30,KOSPI,169400.0,168200.0,170700.0,172400.0,-0.00708382526564344,0.007674144037780328,0.017709563164108655,
564181,20241030000274,00266961,NAVER,035420,자기주식취득결과보고서,2024-10-30,KOSPI,174400.0,170000.0,169700.0,176300.0,-0.025229357798165153,-0.026949541284403633,0.01089449541284404,
575338,20240930000531,00303192,디에이피,066900,주요사항보고서(자기주식취득결정),2024-09-30,KOSDAQ,2080.0,2180.0,2130.0,2285.0,0.04807692307692313,0.024038461538461453,0.09855769230769229,
549148,20241127000657,00303192,디에이피,066900,자기주식취득결과보고서,2024-11-27,KOSDAQ,1950.0,1964.0,1969.0,1966.0,0.007179487179487243,0.009743589743589798,0.00820512820512831,
542674,20241206000180,00303192,디에이피,066900,주요사항보고서(자기주식취득결정),2024-12-06,KOSDAQ,2040.0,2000.0,2140.0,2365.0,-0.019607843137254943,0.0490196078431373,0.15931372549019618,
499363,20250224003662,00303192,디에이피,066900,자기주식취득결과보고서,2025-02-24,KOSDAQ,2190.0,2180.0,2065.0,2030.0,-0.004566210045662156,-0.057077625570776225,-0.0730593607305936,
476419,20250317000407,00303192,디에이피,066900,주요사항보고서(자기주식취득결정),2025-03-17,KOSDAQ,2225.0,2370.0,2430.0,2470.0,0.06516853932584277,0.09213483146067425,0.11011235955056176,
386561,20250602001242,00303192,디에이피,066900,자기주식취득결과보고서,2025-06-02,KOSDAQ,2625.0,2500.0,2405.0,2570.0,-0.04761904761904767,-0.08380952380952378,-0.020952380952380945,
574987,20241002000134,01112700,에스엘에스바이오,246250,주요사항보고서(자기주식취득신탁계약체결결정),2024-10-02,KOSDAQ,3835.0,3920.0,3930.0,3015.0,0.022164276401564598,0.024771838331160367,-0.2138200782268579,
573723,20241007000305,00671978,그리티,204020,주요사항보고서(자기주식취득신탁계약체결결정),2024-10-07,KOSDAQ,2745.0,2815.0,2815.0,2790.0,0.02550091074681249,0.02550091074681249,0.016393442622950838,
573231,20241008000126,00407294,유라클,088340,주요사항보고서(자기주식취득결정),2024-10-08,KOSDAQ,13540.0,13730.0,14000.0,13330.0,0.014032496307237796,0.033973412112259904,-0.015509601181683874,
564846,20241029000246,00407294,유라클,088340,자기주식취득결과보고서,2024-10-29,KOSDAQ,11470.0,11170.0,11210.0,10910.0,-0.026155187445510042,-0.022667829119441985,-0.048823016564952026,
535369,20241217000111,00407294,유라클,088340,주요사항보고서(자기주식취득결정),2024-12-17,KOSDAQ,12040.0,11840.0,11450.0,11120.0,-0.01661129568106312,-0.04900332225913617,-0.07641196013289031,
502674,20250219000870,00407294,유라클,088340,자기주식취득결과보고서,2025-02-19,KOSDAQ,12020.0,11660.0,11530.0,11240.0,-0.029950083194675514,-0.040765391014975005,-0.06489184692179706,
572293,20241010000456,00255619,강원랜드,035250,주요사항보고서(자기주식취득결정),2024-10-10,KOSPI,16480.0,16640.0,16630.0,16810.0,0.009708737864077666,0.00910194174757284,0.020024271844660158,
542766,20241206000086,00255619,강원랜드,035250,자기주식취득결과보고서,2024-12-06,KOSPI,17080.0,16460.0,16800.0,17120.0,-0.03629976580796257,-0.016393442622950838,0.0023419203747072626,
305782,20251118000162,00255619,강원랜드,035250,주요사항보고서(자기주식취득결정),2025-11-18,KOSPI,17390.0,17560.0,17630.0,17530.0,0.009775733179988588,0.013801035077630752,0.00805060379528455,
262304,20260204000307,00255619,강원랜드,035250,자기주식취득결과보고서,2026-02-04,KOSPI,17600.0,17730.0,17690.0,18550.0,0.00738636363636358,0.005113636363636376,0.05397727272727271,
568542,20241021000008,00298270,안랩,053800,주요사항보고서(자기주식취득결정),2024-10-21,KOSDAQ,55400.0,55700.0,58200.0,57700.0,0.005415162454873723,0.05054151624548742,0.041516245487364545,
520279,20250121000138,00298270,안랩,053800,자기주식취득결과보고서,2025-01-21,KOSDAQ,72900.0,71900.0,72000.0,75600.0,-0.013717421124828544,-0.012345679012345734,0.03703703703703698,
316579,20251030000473,00298270,안랩,053800,주요사항보고서(자기주식취득결정),2025-10-30,KOSDAQ,58600.0,60700.0,61100.0,60600.0,0.03583617747440271,0.04266211604095571,0.03412969283276457,
296616,20251202000093,00298270,안랩,053800,자기주식취득결과보고서,2025-12-02,KOSDAQ,60900.0,61600.0,61300.0,61000.0,0.011494252873563315,0.006568144499178974,0.0016420361247948545,
293204,20251210000369,00298270,안랩,053800,주요사항보고서(자기주식취득결정),2025-12-10,KOSDAQ,61300.0,63100.0,64100.0,62100.0,0.029363784665579207,0.04567699836867867,0.013050570962479524,
279885,20251231000100,00298270,안랩,053800,자기주식취득결과보고서,2025-12-31,KOSDAQ,60400.0,60200.0,60200.0,59900.0,-0.0033112582781457123,-0.0033112582781457123,-0.008278145695364225,
565623,20241028000110,00957373,펨트론,168360,주요사항보고서(자기주식취득신탁계약체결결정),2024-10-28,KOSDAQ,7620.0,7490.0,7220.0,8100.0,-0.017060367454068248,-0.05249343832021003,0.06299212598425208,
409572,20250428000122,00957373,펨트론,168360,주요사항보고서(자기주식취득신탁계약해지결정),2025-04-28,KOSDAQ,9330.0,10150.0,9950.0,9840.0,0.08788853161843524,0.06645230439442651,0.05466237942122176,
563327,20241031000311,00311216,에이치엔에스하이텍,044990,주요사항보고서(자기주식취득결정),2024-10-31,KOSDAQ,16970.0,17060.0,17570.0,17610.0,0.005303476723629963,0.03535651149086627,0.037713612256923934,
543817,20241204000148,00311216,에이치엔에스하이텍,044990,자기주식취득결과보고서,2024-12-04,KOSDAQ,16120.0,16100.0,16250.0,15170.0,-0.001240694789081842,0.008064516129032251,-0.05893300248138955,
536398,20241216000135,00311216,에이치엔에스하이텍,044990,주요사항보고서(자기주식취득결정),2024-12-16,KOSDAQ,16380.0,17050.0,17020.0,16530.0,0.04090354090354098,0.039072039072039155,0.009157509157509125,
490763,20250304000323,00311216,에이치엔에스하이텍,044990,자기주식취득결과보고서,2025-03-04,KOSDAQ,17190.0,16890.0,17080.0,16650.0,-0.017452006980802848,-0.006399069226294407,-0.03141361256544506,
419200,20250411003139,00311216,에이치엔에스하이텍,044990,주요사항보고서(자기주식취득결정),2025-04-11,KOSDAQ,15480.0,16560.0,17590.0,17740.0,0.06976744186046502,0.1363049095607236,0.14599483204134356,
384056,20250611000237,00311216,에이치엔에스하이텍,044990,자기주식취득결과보고서,2025-06-11,KOSDAQ,16830.0,16420.0,15890.0,15080.0,-0.024361259655377276,-0.05585264408793822,-0.1039809863339275,
563044,20241031000494,00106119,금양,001570,주요사항보고서(자기주식취득결정),2024-10-31,KOSPI,41500.0,43800.0,43950.0,41000.0,0.055421686746987886,0.05903614457831319,-0.012048192771084376,
544666,20241202000324,00106119,금양,001570,자기주식취득결과보고서,2024-12-02,KOSPI,29400.0,27000.0,25700.0,22350.0,-0.08163265306122447,-0.12585034013605445,-0.23979591836734693,
561733,20241105000055,00173698,신일전자,002700,주요사항보고서(자기주식취득결정),2024-11-05,KOSPI,1457.0,1490.0,1498.0,1455.0,0.02264927934111194,0.028140013726835944,-0.0013726835964310569,
526252,20250106000331,00173698,신일전자,002700,자기주식취득결과보고서,2025-01-06,KOSPI,1424.0,1424.0,1415.0,1439.0,0.0,-0.006320224719101097,0.010533707865168607,
298763,20251128001108,00173698,신일전자,002700,주요사항보고서(자기주식취득결정),2025-11-28,KOSPI,1368.0,1354.0,1335.0,1343.0,-0.010233918128654929,-0.02412280701754388,-0.018274853801169555,
285356,20251222000254,00173698,신일전자,002700,자기주식취득결과보고서,2025-12-22,KOSPI,1327.0,1313.0,1313.0,1308.0,-0.010550113036925435,-0.010550113036925435,-0.014318010550113058,
116652,20260617000178,00173698,신일전자,002700,주요사항보고서(자기주식취득결정),2026-06-17,KOSPI,1270.0,1221.0,1167.0,1104.0,-0.03858267716535435,-0.08110236220472444,-0.13070866141732285,
561195,20241106000167,00446901,코칩,126730,주요사항보고서(자기주식취득신탁계약체결결정),2024-11-06,KOSDAQ,11870.0,11410.0,11560.0,9950.0,-0.03875315922493683,-0.02611625947767482,-0.16175231676495372,
454123,20250331003652,00446901,코칩,126730,주요사항보고서(자기주식취득신탁계약체결결정),2025-03-31,KOSDAQ,10590.0,11000.0,10720.0,9800.0,0.03871576959395662,0.01227573182247399,-0.07459867799811137,
306066,20251117000192,00446901,코칩,126730,주요사항보고서(자기주식취득신탁계약체결결정),2025-11-17,KOSDAQ,12260.0,12160.0,11980.0,11870.0,-0.00815660685154973,-0.022838499184339334,-0.03181076672104399,
560815,20241107000057,01721809,현대그린푸드,453340,주요사항보고서(자기주식취득결정),2024-11-07,KOSPI,12870.0,13090.0,13300.0,12910.0,0.017094017094017033,0.03341103341103335,0.0031080031080030768,
520317,20250121000097,01721809,현대그린푸드,453340,자기주식취득결과보고서,2025-01-21,KOSPI,13880.0,13900.0,13860.0,13850.0,0.0014409221902016434,-0.0014409221902017544,-0.002161383285302576,
500745,20250221001315,01721809,현대그린푸드,453340,주요사항보고서(자기주식취득결정),2025-02-21,KOSPI,13880.0,14480.0,14320.0,13720.0,0.043227665706051965,0.03170028818443793,-0.011527377521613813,
405220,20250507000267,01721809,현대그린푸드,453340,자기주식취득결과보고서,2025-05-07,KOSPI,15150.0,15540.0,15510.0,15500.0,0.025742574257425765,0.023762376237623783,0.02310231023102305,
404601,20250508000357,01721809,현대그린푸드,453340,주요사항보고서(자기주식취득결정),2025-05-08,KOSPI,15540.0,15510.0,15500.0,16160.0,-0.0019305019305019266,-0.002574002574002532,0.039897039897039965,
358994,20250805000170,01721809,현대그린푸드,453340,자기주식취득결과보고서,2025-08-05,KOSPI,16560.0,17540.0,16940.0,16540.0,0.0591787439613527,0.022946859903381744,-0.0012077294685990392,
358849,20250805000272,01721809,현대그린푸드,453340,주요사항보고서(자기주식취득결정),2025-08-05,KOSPI,16560.0,17540.0,16940.0,16540.0,0.0591787439613527,0.022946859903381744,-0.0012077294685990392,
315812,20251031000434,01721809,현대그린푸드,453340,자기주식취득결과보고서,2025-10-31,KOSPI,15050.0,15000.0,15850.0,16400.0,-0.0033222591362126463,0.0531561461794019,0.0897009966777409,
314841,20251104000181,01721809,현대그린푸드,453340,주요사항보고서(자기주식취득결정),2025-11-04,KOSPI,15850.0,15910.0,16860.0,16900.0,0.003785488958990557,0.06372239747634079,0.06624605678233442,
266685,20260129000169,01721809,현대그린푸드,453340,자기주식취득결과보고서,2026-01-29,KOSPI,15380.0,15270.0,14950.0,15560.0,-0.007152145643693153,-0.0279583875162549,0.011703511053315907,
258089,20260209000267,01721809,현대그린푸드,453340,주요사항보고서(자기주식취득결정),2026-02-09,KOSPI,15350.0,15850.0,16050.0,16500.0,0.032573289902280145,0.0456026058631922,0.07491856677524433,
17131,20260430001753,01721809,현대그린푸드,453340,자기주식취득결과보고서,2026-04-30,KOSPI,16540.0,16350.0,16900.0,19140.0,-0.011487303506650504,0.021765417170495738,0.1571946795646917,
15543,20260506000525,01721809,현대그린푸드,453340,주요사항보고서(자기주식취득결정),2026-05-06,KOSPI,16900.0,18140.0,19300.0,18100.0,0.07337278106508882,0.1420118343195267,0.07100591715976323,
560198,20241108000114,00356389,프럼파스트,035200,주요사항보고서(자기주식취득신탁계약체결결정),2024-11-08,KOSDAQ,3035.0,2985.0,2945.0,3010.0,-0.016474464579901205,-0.029654036243822124,-0.008237232289950547,
324393,20251013000112,00356389,프럼파스트,035200,주요사항보고서(자기주식취득신탁계약해지결정),2025-10-13,KOSDAQ,3660.0,3580.0,3650.0,3560.0,-0.021857923497267784,-0.002732240437158473,-0.02732240437158473,
317675,20251029000145,00356389,프럼파스트,035200,주요사항보고서(자기주식취득신탁계약체결결정),2025-10-29,KOSDAQ,3320.0,3525.0,3580.0,3395.0,0.06174698795180733,0.07831325301204828,0.02259036144578319,
292613,20251211000129,00356389,프럼파스트,035200,주요사항보고서(자기주식취득신탁계약해지결정),2025-12-11,KOSDAQ,3470.0,3455.0,3570.0,3805.0,-0.004322766570605152,0.028818443804034644,0.09654178674351588,
287607,20251217000208,00356389,프럼파스트,035200,주요사항보고서(자기주식취득신탁계약체결결정),2025-12-17,KOSDAQ,3615.0,3805.0,3735.0,3795.0,0.052558782849239316,0.03319502074688807,0.049792531120331995,
89618,20260319000290,00356389,프럼파스트,035200,주요사항보고서(자기주식취득신탁계약해지결정),2026-03-19,KOSDAQ,3560.0,3530.0,3480.0,3490.0,-0.008426966292134797,-0.022471910112359605,-0.0196629213483146,
113474,20260624000220,00356389,프럼파스트,035200,주요사항보고서(자기주식취득신탁계약체결결정),2026-06-24,KOSDAQ,2645.0,2750.0,2760.0,,0.03969754253308122,0.04347826086956519,,
559045,20241111000426,00306454,한국정보인증,053300,주요사항보고서(자기주식취득신탁계약체결결정),2024-11-11,KOSDAQ,3915.0,3900.0,3880.0,3935.0,-0.003831417624521105,-0.008939974457215838,0.005108556832694733,
38168,20260410000295,00306454,한국정보인증,053300,주요사항보고서(자기주식취득신탁계약체결결정),2026-04-10,KOSDAQ,6080.0,6080.0,6280.0,6690.0,0.0,0.03289473684210531,0.10032894736842102,
557801,20241113000498,00305941,노브랜드,145170,주요사항보고서(자기주식취득결정),2024-11-13,KOSDAQ,6111.0,7945.0,8734.0,8452.0,0.300114547537228,0.4292259859270169,0.38307969235804284,
542468,20241206000426,00305941,노브랜드,145170,자기주식취득결과보고서,2024-12-06,KOSDAQ,8775.0,7846.0,8525.0,8577.0,-0.10586894586894591,-0.028490028490028463,-0.022564102564102573,
554101,20241115000087,00273439,메디아나,041920,주요사항보고서(자기주식취득신탁계약체결결정),2024-11-15,KOSDAQ,4555.0,4985.0,4955.0,4760.0,0.09440175631174541,0.08781558726673988,0.04500548847420416,
554055,20241115000152,00116301,NI스틸,008260,주요사항보고서(자기주식취득결정),2024-11-15,KOSPI,3860.0,3900.0,3880.0,3905.0,0.010362694300518172,0.005181347150259086,0.011658031088082943,
503937,20250217001352,00116301,NI스틸,008260,자기주식취득결과보고서,2025-02-17,KOSPI,3410.0,3425.0,3430.0,3510.0,0.004398826979472137,0.0058651026392961825,0.029325513196480912,
553715,20241115000375,00126380,삼성전자,005930,주요사항보고서(자기주식취득결정),2024-11-18,KOSPI,56700.0,56300.0,55300.0,57900.0,-0.007054673721340388,-0.024691358024691357,0.021164021164021163,
503652,20250217001961,00126380,삼성전자,005930,자기주식취득결과보고서,2025-02-17,KOSPI,56000.0,56900.0,58700.0,57300.0,0.016071428571428514,0.048214285714285765,0.023214285714285632,
503526,20250218000019,00126380,삼성전자,005930,주요사항보고서(자기주식취득결정),2025-02-18,KOSPI,56900.0,58700.0,58400.0,57200.0,0.03163444639718804,0.026362038664323295,0.005272407732864748,
396974,20250516000403,00126380,삼성전자,005930,자기주식취득결과보고서,2025-05-16,KOSPI,56800.0,55800.0,55900.0,54200.0,-0.017605633802816878,-0.015845070422535246,-0.045774647887323994,
371423,20250708000011,00126380,삼성전자,005930,주요사항보고서(자기주식취득결정),2025-07-08,KOSPI,61400.0,60400.0,61000.0,63700.0,-0.016286644951140072,-0.006514657980456029,0.037459283387622166,
325186,20251002000524,00126380,삼성전자,005930,자기주식취득결과보고서,2025-10-02,KOSPI,89000.0,94400.0,93300.0,97700.0,0.06067415730337089,0.04831460674157295,0.09775280898876404,
276628,20260107000715,00126380,삼성전자,005930,주요사항보고서(자기주식취득결정),2026-01-07,KOSPI,141000.0,138800.0,139000.0,140300.0,-0.015602836879432647,-0.014184397163120588,-0.00496453900709215,
267856,20260127000392,00126380,삼성전자,005930,자기주식취득결과보고서,2026-01-27,KOSPI,159500.0,162400.0,160700.0,167500.0,0.018181818181818077,0.007523510971786829,0.050156739811912265,
266786,20260129000003,00126380,삼성전자,005930,주요사항보고서(자기주식취득결정),2026-01-29,KOSPI,160700.0,160500.0,150400.0,159300.0,-0.001244555071561959,-0.06409458618543873,-0.00871188550093338,
98140,20260312000961,00126380,삼성전자,005930,자기주식취득결과보고서,2026-03-12,KOSPI,187900.0,183500.0,188700.0,200500.0,-0.023416711016498115,0.004257583821181576,0.06705694518360827,
90705,20260318001062,00126380,삼성전자,005930,주요사항보고서(자기주식취득결정),2026-03-18,KOSPI,208500.0,200500.0,199400.0,189000.0,-0.0383693045563549,-0.04364508393285371,-0.09352517985611508,
22215,20260424000778,00126380,삼성전자,005930,자기주식취득결과보고서,2026-04-24,KOSPI,219500.0,224500.0,222000.0,232500.0,0.02277904328018221,0.011389521640091216,0.059225512528473745,
553103,20241119000173,00146861,자화전자,033240,주요사항보고서(자기주식취득신탁계약체결결정),2024-11-19,KOSPI,12790.0,13110.0,13530.0,13350.0,0.02501954652071925,0.05785770132916346,0.0437842064112588,
396736,20250519000196,00146861,자화전자,033240,주요사항보고서(자기주식취득신탁계약해지결정),2025-05-19,KOSPI,12070.0,11950.0,11910.0,11550.0,-0.009942004971002505,-0.013256006628003303,-0.04308202154101082,
384695,20250610000101,00146861,자화전자,033240,주요사항보고서(자기주식취득신탁계약체결결정),2025-06-10,KOSPI,13200.0,13200.0,13410.0,15110.0,0.0,0.015909090909090873,0.14469696969696977,
293286,20251210000284,00146861,자화전자,033240,주요사항보고서(자기주식취득신탁계약해지결정),2025-12-10,KOSPI,22100.0,24500.0,24600.0,22850.0,0.10859728506787336,0.1131221719457014,0.03393665158371051,
552837,20241120000068,00602172,와이엠티,251370,주요사항보고서(자기주식취득신탁계약체결결정),2024-11-20,KOSDAQ,8940.0,9250.0,10110.0,10690.0,0.034675615212528044,0.1308724832214765,0.19574944071588374,
415465,20250415000514,00602172,와이엠티,251370,주요사항보고서(자기주식취득신탁계약해지결정),2025-04-15,KOSDAQ,8800.0,8640.0,8690.0,8990.0,-0.018181818181818188,-0.012499999999999956,0.021590909090908994,
550941,20241125000205,00442145,아바코,083930,주요사항보고서(자기주식취득신탁계약체결결정),2024-11-25,KOSDAQ,13500.0,13790.0,13560.0,12690.0,0.021481481481481435,0.004444444444444473,-0.06000000000000005,
268054,20260127000237,00442145,아바코,083930,주요사항보고서(자기주식취득신탁계약체결결정),2026-01-27,KOSDAQ,14120.0,14740.0,15000.0,15450.0,0.0439093484419264,0.062322946175637384,0.09419263456090654,
550327,20241126000337,00405278,KG파이낸셜,046440,주요사항보고서(자기주식취득결정),2024-11-26,KOSDAQ,4500.0,4570.0,4615.0,4645.0,0.015555555555555545,0.025555555555555554,0.03222222222222215,
518997,20250123000177,00405278,KG파이낸셜,046440,자기주식취득결과보고서,2025-01-23,KOSDAQ,4550.0,4550.0,4510.0,,0.0,-0.00879120879120876,,
544542,20241202000413,00665676,아시아경제,127710,주요사항보고서(자기주식취득신탁계약체결결정),2024-12-02,KOSDAQ,1431.0,1478.0,1480.0,1443.0,0.03284416491963671,0.03424178895877006,0.008385744234800763,
493980,20250227007331,00665676,아시아경제,127710,주요사항보고서(자기주식취득신탁계약해지결정),2025-02-27,KOSDAQ,1452.0,1446.0,1410.0,1391.0,-0.004132231404958664,-0.02892561983471076,-0.04201101928374651,
110384,20260227007806,00665676,아시아경제,127710,주요사항보고서(자기주식취득신탁계약체결결정),2026-02-27,KOSDAQ,1148.0,1192.0,1136.0,1184.0,0.03832752613240409,-0.010452961672473893,0.03135888501742157,
544231,20241203000170,00163318,모헨즈,006920,주요사항보고서(자기주식취득신탁계약체결결정),2024-12-03,KOSDAQ,2515.0,2820.0,2770.0,3090.0,0.12127236580516909,0.10139165009940365,0.2286282306163021,
378175,20250625000152,00163318,모헨즈,006920,주요사항보고서(자기주식취득신탁계약체결결정),2025-06-25,KOSDAQ,3100.0,3040.0,3000.0,3045.0,-0.01935483870967747,-0.032258064516129004,-0.01774193548387093,
544196,20241203000217,01182240,배럴,267790,주요사항보고서(자기주식취득결정),2024-12-03,KOSDAQ,4600.0,4620.0,4680.0,4650.0,0.004347826086956497,0.017391304347825987,0.010869565217391353,
498163,20250225004335,01182240,배럴,267790,자기주식취득결과보고서,2025-02-25,KOSDAQ,5010.0,5060.0,4975.0,4915.0,0.009980039920159722,-0.006986027944111739,-0.01896207584830334,
117368,20260615000433,01182240,배럴,267790,주요사항보고서(자기주식취득결정),2026-06-15,KOSDAQ,3270.0,3480.0,3435.0,3355.0,0.06422018348623859,0.050458715596330306,0.025993883792049033,
543902,20241204000049,00533003,디케이락,105740,주요사항보고서(자기주식취득신탁계약체결결정),2024-12-04,KOSDAQ,6680.0,6570.0,6520.0,6840.0,-0.01646706586826352,-0.0239520958083832,0.0239520958083832,
543398,20241205000066,00485177,일진파워,094820,주요사항보고서(자기주식취득신탁계약체결결정),2024-12-05,KOSDAQ,8050.0,7460.0,7110.0,7940.0,-0.07329192546583851,-0.1167701863354037,-0.013664596273291973,
542495,20241206000358,00128315,삼지전자,037460,주요사항보고서(자기주식취득신탁계약체결결정),2024-12-06,KOSDAQ,8300.0,8050.0,8260.0,8580.0,-0.030120481927710885,-0.004819277108433773,0.033734939759036076,
410014,20250425000813,00128315,삼지전자,037460,주요사항보고서(자기주식취득신탁계약체결결정),2025-04-25,KOSDAQ,10050.0,10610.0,10700.0,10490.0,0.05572139303482593,0.06467661691542292,0.04378109452736312,
278823,20260102000296,00128315,삼지전자,037460,주요사항보고서(자기주식취득신탁계약체결결정),2026-01-02,KOSDAQ,14690.0,16500.0,16200.0,16000.0,0.12321307011572502,0.10279101429543913,0.08917631041524854,
542119,20241209000079,00480048,모다이노칩,080420,주요사항보고서(자기주식취득결정),2024-12-09,KOSDAQ,1645.0,1722.0,1805.0,2010.0,0.04680851063829783,0.09726443768996962,0.22188449848024305,
518070,20250124000098,00480048,모다이노칩,080420,자기주식취득결과보고서,2025-01-24,KOSDAQ,2000.0,1999.0,1973.0,1962.0,-0.0004999999999999449,-0.013499999999999956,-0.019000000000000017,
507428,20250213001104,00480048,모다이노칩,080420,주요사항보고서(자기주식취득결정),2025-02-13,KOSDAQ,1983.0,2150.0,2235.0,2240.0,0.08421583459404935,0.1270801815431164,0.12960161371659096,
443030,20250403002097,00480048,모다이노칩,080420,자기주식취득결과보고서,2025-04-03,KOSDAQ,2180.0,2210.0,2200.0,2090.0,0.013761467889908285,0.00917431192660545,-0.041284403669724745,
293908,20251209000158,00480048,모다이노칩,080420,주요사항보고서(자기주식취득결정),2025-12-09,KOSDAQ,1942.0,1886.0,1999.0,1999.0,-0.028836251287332693,0.02935118434603501,0.02935118434603501,
270622,20260121000479,00480048,모다이노칩,080420,자기주식취득결과보고서,2026-01-21,KOSDAQ,2065.0,1955.0,1940.0,2020.0,-0.053268765133171914,-0.060532687651331685,-0.021791767554479424,
541469,20241210000184,01042085,엑셈,205100,주요사항보고서(자기주식취득결정),2024-12-10,KOSDAQ,1737.0,1949.0,1930.0,1953.0,0.12204951065054681,0.11111111111111116,0.12435233160621761,
482996,20250312000105,01042085,엑셈,205100,자기주식취득결과보고서,2025-03-12,KOSDAQ,1995.0,1989.0,2025.0,1999.0,-0.003007518796992459,0.015037593984962516,0.002005012531328232,
96558,20260313000510,01042085,엑셈,205100,주요사항보고서(자기주식취득결정),2026-03-13,KOSDAQ,2020.0,1920.0,1913.0,1938.0,-0.04950495049504955,-0.05297029702970302,-0.04059405940594063,
82298,20260325000574,01042085,엑셈,205100,자기주식취득결과보고서,2026-03-25,KOSDAQ,1881.0,1869.0,1842.0,1814.0,-0.006379585326953707,-0.020733652312599715,-0.035619351408825106,
128610,20260529000753,01042085,엑셈,205100,주요사항보고서(자기주식취득결정),2026-05-29,KOSDAQ,1741.0,1788.0,1803.0,1638.0,0.026995979322228525,0.03561171740379088,-0.05916140149339455,
119219,20260611000479,01042085,엑셈,205100,자기주식취득결과보고서,2026-06-11,KOSDAQ,1723.0,1663.0,1605.0,1518.0,-0.03482298316889143,-0.06848520023215321,-0.11897852582704582,
116546,20260617000328,01042085,엑셈,205100,주요사항보고서(자기주식취득결정),2026-06-17,KOSDAQ,1569.0,1518.0,1503.0,1402.0,-0.0325047801147228,-0.042065009560229405,-0.10643722115997456,
541210,20241210000439,00256380,유아이엘,049520,주요사항보고서(자기주식취득신탁계약체결결정),2024-12-10,KOSDAQ,3257.0,3494.0,3447.0,3494.0,0.07276634940128957,0.05833589192508448,0.07276634940128957,
284764,20251223000193,00256380,유아이엘,049520,주요사항보고서(자기주식취득신탁계약체결결정),2025-12-23,KOSDAQ,3410.0,3470.0,3480.0,3255.0,0.017595307917888547,0.02052785923753664,-0.045454545454545414,
246373,20260225001583,00256380,유아이엘,049520,주요사항보고서(자기주식취득신탁계약해지결정),2026-02-25,KOSDAQ,4135.0,4130.0,4050.0,3880.0,-0.0012091898428052694,-0.02055622732769047,-0.061668681983071294,
541111,20241210000490,01283974,삐아,451250,주요사항보고서(자기주식취득신탁계약체결결정),2024-12-10,KOSDAQ,9180.0,9650.0,9630.0,9720.0,0.05119825708060999,0.0490196078431373,0.05882352941176472,
120943,20260609000231,01283974,삐아,451250,주요사항보고서(자기주식취득신탁계약체결결정),2026-06-09,KOSDAQ,7290.0,7170.0,7320.0,7970.0,-0.016460905349794275,0.004115226337448652,0.09327846364883396,
540843,20241211000034,01506848,비스토스,419540,주요사항보고서(자기주식취득신탁계약체결결정),2024-12-11,KOSDAQ,9190.0,9040.0,9215.0,8645.0,-0.016322089227421066,0.002720348204570122,-0.059303590859629995,
119259,20260611000364,01506848,비스토스,419540,주요사항보고서(자기주식취득신탁계약체결결정),2026-06-11,KOSDAQ,2600.0,2715.0,3200.0,3170.0,0.044230769230769296,0.23076923076923084,0.21923076923076934,
539853,20241212000134,00262266,삼현,437730,주요사항보고서(자기주식취득신탁계약체결결정),2024-12-12,KOSDAQ,6550.0,6500.0,6660.0,6290.0,-0.007633587786259555,0.016793893129771087,-0.03969465648854964,
402496,20250513000261,00262266,삼현,437730,주요사항보고서(자기주식취득신탁계약해지결정),2025-05-13,KOSDAQ,14540.0,15080.0,15150.0,14230.0,0.037138927097661645,0.04195323246217342,-0.021320495185694677,
333225,20250917000168,00262266,삼현,437730,주요사항보고서(자기주식취득결정),2025-09-17,KOSDAQ,20950.0,23600.0,22250.0,21900.0,0.12649164677804303,0.06205250596658707,0.04534606205250591,
324809,20251010000222,00262266,삼현,437730,자기주식취득결과보고서,2025-10-10,KOSDAQ,27200.0,27850.0,28300.0,29100.0,0.023897058823529438,0.040441176470588314,0.06985294117647056,
92820,20260317000306,00262266,삼현,437730,주요사항보고서(자기주식취득결정),2026-03-17,KOSDAQ,54700.0,56200.0,56000.0,51600.0,0.027422303473491727,0.02376599634369292,-0.05667276051188297,
122971,20260604000393,00262266,삼현,437730,자기주식취득결과보고서,2026-06-04,KOSDAQ,47900.0,46500.0,42300.0,52400.0,-0.029227557411273475,-0.1169102296450939,0.09394572025052184,
536967,20241216000024,01267222,에피소드컴퍼니,317530,주요사항보고서(자기주식취득신탁계약체결결정),2024-12-16,KOSDAQ,5280.0,5240.0,5000.0,4870.0,-0.007575757575757569,-0.05303030303030298,-0.07765151515151514,
535232,20241217000258,00149947,JW중외제약,001060,주요사항보고서(자기주식취득결정),2024-12-17,KOSPI,23650.0,24250.0,23900.0,23750.0,0.025369978858351017,0.010570824524312794,0.0042283298097252064,
473511,20250319000502,00149947,JW중외제약,001060,자기주식취득결과보고서,2025-03-19,KOSPI,21950.0,21900.0,21900.0,22600.0,-0.002277904328018221,-0.002277904328018221,0.029612756264236983,
467382,20250324000615,00149947,JW중외제약,001060,주요사항보고서(자기주식취득결정),2025-03-24,KOSPI,22400.0,22550.0,22600.0,20750.0,0.006696428571428603,0.008928571428571397,-0.0736607142857143,
378097,20250625000257,00149947,JW중외제약,001060,자기주식취득결과보고서,2025-06-25,KOSPI,23150.0,22550.0,22300.0,22850.0,-0.02591792656587477,-0.036717062634989195,-0.01295896328293733,
533757,20241219000341,00124090,한국특강,007280,주요사항보고서(자기주식취득신탁계약체결결정),2024-12-19,KOSPI,2969.0,3202.0,3202.0,3392.0,0.07847760188615704,0.07847760188615704,0.14247221286628498,
380837,20250618000335,00124090,한국특강,007280,주요사항보고서(자기주식취득신탁계약해지결정),2025-06-18,KOSPI,3170.0,3216.0,3144.0,3031.0,0.014511041009463765,-0.008201892744479466,-0.04384858044164042,
533278,20241220000097,00569691,디엔에프,092070,주요사항보고서(자기주식취득신탁계약체결결정),2024-12-20,KOSDAQ,8600.0,8660.0,8650.0,8820.0,0.006976744186046435,0.005813953488372103,0.0255813953488373,
396462,20250520000066,00569691,디엔에프,092070,주요사항보고서(자기주식취득신탁계약체결결정),2025-05-20,KOSDAQ,10550.0,10480.0,10340.0,10800.0,-0.006635071090047351,-0.019905213270142164,0.023696682464454888,
533224,20241220000173,00497631,티플랙스,081150,주요사항보고서(자기주식취득신탁계약체결결정),2024-12-20,KOSDAQ,3005.0,3040.0,3065.0,2925.0,0.011647254575707144,0.019966722129783676,-0.0266222961730449,
374445,20250630000819,00497631,티플랙스,081150,주요사항보고서(자기주식취득신탁계약체결결정),2025-06-30,KOSDAQ,3150.0,3240.0,3350.0,3450.0,0.02857142857142847,0.06349206349206349,0.09523809523809534,
275269,20260109000643,00497631,티플랙스,081150,주요사항보고서(자기주식취득신탁계약체결결정),2026-01-09,KOSDAQ,2865.0,3075.0,2995.0,2970.0,0.0732984293193717,0.04537521815008727,0.03664921465968596,
26345,20260417000598,00497631,티플랙스,081150,주요사항보고서(자기주식취득신탁계약해지결정),2026-04-17,KOSDAQ,3820.0,3735.0,3640.0,3545.0,-0.022251308900523514,-0.04712041884816753,-0.07198952879581155,
533157,20241220000217,00172228,엔케이,085310,주요사항보고서(자기주식취득신탁계약체결결정),2024-12-20,KOSPI,7330.0,7530.0,7580.0,8620.0,0.027285129604365688,0.034106412005457054,0.17598908594815832,
380564,20250619000095,00172228,엔케이,085310,주요사항보고서(자기주식취득신탁계약해지결정),2025-06-19,KOSPI,8430.0,8410.0,8290.0,8200.0,-0.0023724792408066353,-0.016607354685646447,-0.027283511269276417,
532341,20241223000070,00958664,신스틸,162300,주요사항보고서(자기주식취득신탁계약체결결정),2024-12-23,KOSDAQ,2500.0,2510.0,2475.0,2615.0,0.0040000000000000036,-0.010000000000000009,0.04600000000000004,
532113,20241223000245,01130849,파라택시스이더리움,290560,주요사항보고서(자기주식취득신탁계약체결결정),2024-12-23,KOSDAQ,1200.0,1210.0,1190.0,1206.0,0.008333333333333304,-0.008333333333333304,0.004999999999999893,
378598,20250624000288,01130849,파라택시스이더리움,290560,주요사항보고서(자기주식취득신탁계약체결결정),2025-06-24,KOSDAQ,1420.0,1480.0,1440.0,1394.0,0.04225352112676051,0.014084507042253502,-0.018309859154929553,
527671,20250102000141,01147487,뷰티스킨,406820,주요사항보고서(자기주식취득결정),2025-01-02,KOSDAQ,2906.0,2911.0,3054.0,3226.0,0.0017205781142464183,0.05092911218169305,0.11011699931176877,
441960,20250403003145,01147487,뷰티스킨,406820,자기주식취득결과보고서,2025-04-03,KOSDAQ,3294.0,3327.0,3139.0,3189.0,0.010018214936247771,-0.04705525197328475,-0.031876138433515444,
526832,20250103000379,01448544,셀로맥스사이언스,471820,주요사항보고서(자기주식취득신탁계약체결결정),2025-01-03,KOSDAQ,5020.0,5190.0,5080.0,5530.0,0.03386454183266929,0.01195219123505975,0.10159362549800788,
370653,20250709000325,01448544,셀로맥스사이언스,471820,주요사항보고서(자기주식취득신탁계약체결결정),2025-07-09,KOSDAQ,4925.0,5100.0,5360.0,5370.0,0.035532994923857864,0.08832487309644677,0.09035532994923856,
25974,20260420000147,01448544,셀로맥스사이언스,471820,주요사항보고서(자기주식취득신탁계약체결결정),2026-04-20,KOSDAQ,5400.0,5380.0,5240.0,5280.0,-0.0037037037037036535,-0.029629629629629672,-0.022222222222222254,
520247,20250121000201,01073678,얼라인드,238120,주요사항보고서(자기주식취득신탁계약체결결정),2025-01-21,KOSDAQ,3315.0,3290.0,3290.0,,-0.007541478129713397,-0.007541478129713397,,
518432,20250123000566,01335578,애니플러스,310200,주요사항보고서(자기주식취득신탁계약체결결정),2025-01-23,KOSDAQ,2650.0,2745.0,2680.0,2725.0,0.03584905660377369,0.01132075471698113,0.028301886792452935,
390622,20250530000514,01335578,애니플러스,310200,주요사항보고서(자기주식취득신탁계약해지결정),2025-05-30,KOSDAQ,3545.0,3625.0,3700.0,3995.0,0.02256699576868826,0.0437235543018335,0.12693935119887167,
517911,20250124000346,00412597,현대홈쇼핑,057050,주요사항보고서(자기주식취득결정),2025-01-24,KOSPI,46800.0,48400.0,48900.0,51300.0,0.03418803418803429,0.044871794871794934,0.09615384615384626,
469378,20250321001131,00412597,현대홈쇼핑,057050,자기주식취득결과보고서,2025-03-21,KOSPI,51100.0,50100.0,49650.0,49150.0,-0.019569471624266144,-0.02837573385518588,-0.03816046966731901,
255960,20260211800413,00412597,현대홈쇼핑,057050,주요사항보고서(자기주식취득결정)(자회사의 주요경영사항),2026-02-11,KOSPI,72400.0,77500.0,79300.0,84000.0,0.07044198895027631,0.09530386740331487,0.16022099447513805,
516844,20250131000181,00245472,티씨케이,064760,주요사항보고서(자기주식취득신탁계약체결결정),2025-01-31,KOSDAQ,73800.0,70000.0,72300.0,85700.0,-0.051490514905149,-0.020325203252032575,0.1612466124661247,
291030,20251212000506,00245472,티씨케이,064760,주요사항보고서(자기주식취득신탁계약해지결정),2025-12-12,KOSDAQ,145500.0,146800.0,138500.0,140800.0,0.008934707903780037,-0.04810996563573888,-0.03230240549828178,
516123,20250203000127,01016309,한켐,457370,주요사항보고서(자기주식취득신탁계약체결결정),2025-02-03,KOSDAQ,8910.0,9250.0,9280.0,9920.0,0.038159371492704874,0.041526374859708115,0.11335578002244673,
515472,20250204000132,00163196,한일철강,002220,주요사항보고서(자기주식취득신탁계약체결결정),2025-02-04,KOSPI,1819.0,1890.0,1845.0,1879.0,0.03903243540406809,0.014293567894447579,0.03298515667949431,
262781,20260203000397,00163196,한일철강,002220,주요사항보고서(자기주식취득신탁계약해지결정),2026-02-03,KOSPI,4850.0,4830.0,4845.0,5410.0,-0.004123711340206171,-0.0010309278350515427,0.11546391752577323,
514389,20250205000368,00109754,대림바스,005750,주요사항보고서(자기주식취득결정),2025-02-05,KOSPI,3640.0,3740.0,3830.0,3980.0,0.027472527472527375,0.052197802197802234,0.0934065934065933,
404984,20250507000529,00109754,대림바스,005750,자기주식취득결과보고서,2025-05-07,KOSPI,3885.0,3960.0,3970.0,3995.0,0.019305019305019266,0.02187902187902191,0.028314028314028405,
512547,20250207000440,00238001,블루콤,033560,주요사항보고서(자기주식취득신탁계약체결결정),2025-02-07,KOSDAQ,3345.0,3605.0,3540.0,3370.0,0.07772795216741413,0.058295964125560484,0.007473841554558991,
356445,20250811000334,00238001,블루콤,033560,주요사항보고서(자기주식취득신탁계약체결결정),2025-08-11,KOSDAQ,3195.0,3310.0,3310.0,3270.0,0.03599374021909241,0.03599374021909241,0.023474178403755763,
254133,20260212000904,00238001,블루콤,033560,주요사항보고서(자기주식취득신탁계약체결결정),2026-02-12,KOSDAQ,3190.0,3190.0,3110.0,3120.0,0.0,-0.025078369905956133,-0.021943573667711602,
508636,20250212001041,00361169,한국전자인증,041460,주요사항보고서(자기주식취득신탁계약체결결정),2025-02-12,KOSDAQ,3100.0,3230.0,3230.0,3345.0,0.041935483870967794,0.041935483870967794,0.07903225806451619,
346428,20250822000177,00361169,한국전자인증,041460,자기주식취득결과보고서,2025-08-22,KOSDAQ,4215.0,4270.0,4225.0,4145.0,0.013048635824436605,0.0023724792408066353,-0.016607354685646447,
118975,20260611000681,00361169,한국전자인증,041460,주요사항보고서(자기주식취득신탁계약체결결정),2026-06-11,KOSDAQ,3195.0,3455.0,3470.0,3420.0,0.08137715179968708,0.0860719874804381,0.07042253521126751,
507994,20250213000521,00524786,비엠티,086670,주요사항보고서(자기주식취득신탁계약체결결정),2025-02-13,KOSDAQ,8180.0,8230.0,8280.0,8800.0,0.006112469437652868,0.012224938875305513,0.07579462102689494,
501955,20250220000539,00173944,우진,105840,주요사항보고서(자기주식취득결정),2025-02-20,KOSPI,8030.0,8160.0,7890.0,7750.0,0.016189290161892966,-0.01743462017434616,-0.03486924034869243,
466771,20250325000268,00173944,우진,105840,자기주식취득결과보고서,2025-03-25,KOSPI,7420.0,7460.0,7250.0,7000.0,0.005390835579514919,-0.022911051212938016,-0.05660377358490565,
499538,20250224002882,00550994,아이센스,099190,주요사항보고서(자기주식취득신탁계약체결결정),2025-02-24,KOSDAQ,16600.0,16340.0,16300.0,15780.0,-0.015662650602409678,-0.01807228915662651,-0.04939759036144575,
415836,20250415000182,00550994,아이센스,099190,주요사항보고서(자기주식취득신탁계약해지결정),2025-04-15,KOSDAQ,15190.0,14900.0,15170.0,15700.0,-0.019091507570770272,-0.0013166556945358732,0.03357472021066488,
499449,20250224003155,00364847,이글루,067920,주요사항보고서(자기주식취득신탁계약체결결정),2025-02-24,KOSDAQ,5080.0,5180.0,5230.0,5130.0,0.019685039370078705,0.029527559055118058,0.009842519685039353,
498703,20250225001777,01390399,솔트웨어,328380,주요사항보고서(자기주식취득신탁계약체결결정),2025-02-25,KOSDAQ,4725.0,4915.0,4890.0,4625.0,0.04021164021164014,0.03492063492063502,-0.021164021164021163,
345853,20250825000235,01390399,솔트웨어,328380,주요사항보고서(자기주식취득신탁계약해지결정),2025-08-25,KOSDAQ,5030.0,5185.0,5080.0,4975.0,0.030815109343936387,0.00994035785288272,-0.010934393638170947,
130331,20260528000521,01390399,솔트웨어,328380,주요사항보고서(자기주식취득신탁계약체결결정),2026-05-28,KOSDAQ,3080.0,3100.0,2810.0,2960.0,0.006493506493506551,-0.08766233766233766,-0.038961038961038974,
498010,20250225004700,01168684,스튜디오드래곤,253450,주요사항보고서(자기주식취득결정),2025-02-25,KOSDAQ,49500.0,48650.0,51100.0,49600.0,-0.01717171717171717,0.03232323232323231,0.002020202020202033,
490963,20250304000093,01168684,스튜디오드래곤,253450,자기주식취득결과보고서,2025-03-04,KOSDAQ,49500.0,49600.0,48350.0,47900.0,0.002020202020202033,-0.02323232323232327,-0.03232323232323231,
247062,20260224003170,01168684,스튜디오드래곤,253450,주요사항보고서(자기주식취득결정),2026-02-24,KOSDAQ,46350.0,46000.0,44950.0,37500.0,-0.007551240560949246,-0.030204962243797207,-0.1909385113268608,
109600,20260303000183,01168684,스튜디오드래곤,253450,자기주식취득결과보고서,2026-03-03,KOSDAQ,41500.0,37500.0,38900.0,40000.0,-0.09638554216867468,-0.0626506024096386,-0.03614457831325302,
497397,20250226002617,01462739,비아이매트릭스,413640,주요사항보고서(자기주식취득신탁계약체결결정),2025-02-26,KOSDAQ,10270.0,10040.0,9550.0,11200.0,-0.022395326192794496,-0.07010710808179166,0.09055501460564752,
493085,20250228800176,01128613,화승엔터프라이즈,241590,자기주식취득결정(자회사의 주요경영사항),2025-02-28,KOSPI,10030.0,10090.0,9730.0,8780.0,0.005982053838484491,-0.029910269192422678,-0.12462612163509468,
490695,20250304000371,00438036,팅크웨어,084730,주요사항보고서(자기주식취득결정),2025-03-04,KOSDAQ,9810.0,10530.0,10400.0,10240.0,0.07339449541284404,0.060142711518858416,0.04383282364933749,
385492,20250605000463,00438036,팅크웨어,084730,자기주식취득결과보고서,2025-06-05,KOSDAQ,9290.0,9320.0,9390.0,9230.0,0.0032292787944026013,0.010764262648008671,-0.006458557588805203,
121445,20260608000267,00438036,팅크웨어,084730,주요사항보고서(자기주식취득결정),2026-06-08,KOSDAQ,6800.0,7190.0,7150.0,7170.0,0.057352941176470607,0.05147058823529416,0.05441176470588238,
116518,20260617000361,00438036,팅크웨어,084730,자기주식취득결과보고서,2026-06-17,KOSDAQ,7110.0,6990.0,7000.0,6190.0,-0.016877637130801704,-0.015471167369901506,-0.12939521800281295,
486092,20250310000264,00409672,티비에이치글로벌,084870,주요사항보고서(자기주식취득신탁계약체결결정),2025-03-10,KOSPI,1129.0,1123.0,1123.0,1155.0,-0.005314437555358764,-0.005314437555358764,0.023029229406554386,
336162,20250910000096,00409672,티비에이치글로벌,084870,주요사항보고서(자기주식취득신탁계약해지결정),2025-09-10,KOSPI,1407.0,1415.0,1407.0,1396.0,0.005685856432125158,0.0,-0.00781805259417201,
249573,20260220000002,00409672,티비에이치글로벌,084870,주요사항보고서(자기주식취득신탁계약체결결정),2026-02-20,KOSPI,1601.0,1751.0,1798.0,2205.0,0.09369144284821984,0.12304809494066205,0.3772642098688319,
483284,20250311001233,00158565,한국알콜,017890,주요사항보고서(자기주식취득결정),2025-03-11,KOSDAQ,8550.0,8880.0,8850.0,9020.0,0.03859649122807007,0.03508771929824572,0.054970760233918226,
408158,20250429000727,00158565,한국알콜,017890,자기주식취득결과보고서,2025-04-29,KOSDAQ,9110.0,9110.0,9120.0,9300.0,0.0,0.001097694840834329,0.020856201975850697,
478723,20250314000451,00157070,한국단자공업,025540,주요사항보고서(자기주식취득결정),2025-03-14,KOSPI,70500.0,72600.0,70700.0,69300.0,0.029787234042553123,0.0028368794326241176,-0.017021276595744705,
415184,20250416000231,00157070,한국단자공업,025540,자기주식취득결과보고서,2025-04-16,KOSPI,60700.0,60700.0,62700.0,62900.0,0.0,0.03294892915980241,0.036243822075782584,
470019,20250321000523,01096341,넥슨게임즈,225570,주요사항보고서(자기주식취득신탁계약체결결정),2025-03-21,KOSDAQ,12690.0,13050.0,13120.0,12850.0,0.028368794326241176,0.03388494877856574,0.012608353033884967,
331593,20250922000107,01096341,넥슨게임즈,225570,주요사항보고서(자기주식취득신탁계약해지결정),2025-09-22,KOSDAQ,14580.0,14310.0,14080.0,13970.0,-0.01851851851851849,-0.03429355281207136,-0.041838134430727036,
467490,20250324000519,00407036,선바이오,067370,주요사항보고서(자기주식취득신탁계약체결결정),2025-03-24,KOSDAQ,6240.0,6440.0,6540.0,6440.0,0.03205128205128216,0.04807692307692313,0.03205128205128216,
377060,20250626000547,00407036,선바이오,067370,자기주식취득결과보고서,2025-06-26,KOSDAQ,6970.0,6960.0,6830.0,6950.0,-0.0014347202295552641,-0.020086083213773365,-0.0028694404591105283,
466790,20250325000241,00602136,디와이피엔에프,104460,주요사항보고서(자기주식취득신탁계약체결결정),2025-03-25,KOSDAQ,14820.0,15480.0,15300.0,15170.0,0.044534412955465674,0.03238866396761142,0.02361673414304999,
462007,20250327001242,00917861,슈피겐코리아,192440,주요사항보고서(자기주식취득결정),2025-03-27,KOSDAQ,24400.0,25300.0,24250.0,25900.0,0.03688524590163933,-0.006147540983606592,0.061475409836065475,
394096,20250526000322,00917861,슈피겐코리아,192440,자기주식취득결과보고서,2025-05-26,KOSDAQ,23800.0,23850.0,24200.0,24100.0,0.0021008403361344463,0.01680672268907557,0.012605042016806678,
461970,20250327001273,00137997,현대차증권,001500,주요사항보고서(자기주식취득결정),2025-03-27,KOSPI,5840.0,5700.0,5630.0,5400.0,-0.023972602739726012,-0.03595890410958902,-0.07534246575342463,
405364,20250507000015,00137997,현대차증권,001500,자기주식취득결과보고서,2025-05-07,KOSPI,6580.0,6550.0,6450.0,6560.0,-0.00455927051671734,-0.019756838905775065,-0.003039513677811523,
461073,20250328000562,00349811,오션인더블유,052300,주요사항보고서(자기주식취득신탁계약체결결정),2025-03-28,KOSDAQ,2090.0,2090.0,2130.0,2147.0,0.0,0.019138755980861344,0.027272727272727337,
358492,20250806000189,00349811,오션인더블유,052300,주요사항보고서(자기주식취득신탁계약해지결정),2025-08-06,KOSDAQ,2275.0,2271.0,2275.0,2356.0,-0.0017582417582417964,0.0,0.035604395604395656,
89383,20260319000469,00349811,오션인더블유,052300,주요사항보고서(자기주식취득신탁계약체결결정),2026-03-19,KOSDAQ,1543.0,1708.0,1660.0,1604.0,0.10693454309786121,0.07582631237848347,0.03953337653920941,
460239,20250328001153,00109189,대덕,008060,주요사항보고서(자기주식취득신탁계약체결결정),2025-03-28,KOSPI,7150.0,7040.0,7310.0,7310.0,-0.01538461538461533,0.02237762237762242,0.02237762237762242,
415013,20250416800497,00109189,대덕,008060,주요사항보고서(자기주식취득신탁계약체결결정)(자회사의 주요경영사항),2025-04-16,KOSPI,7610.0,7720.0,7830.0,7950.0,0.014454664914586024,0.028909329829172048,0.0446780551905388,
320628,20251022800290,00109189,대덕,008060,주요사항보고서(자기주식취득신탁계약해지결정)(자회사의 주요경영사항),2025-10-22,KOSPI,9060.0,9160.0,9140.0,9100.0,0.011037527593819041,0.008830022075055233,0.004415011037527616,
103890,20260309001524,00109189,대덕,008060,주요사항보고서(자기주식취득신탁계약해지결정),2026-03-09,KOSPI,11440.0,12700.0,12470.0,12960.0,0.11013986013986021,0.090034965034965,0.13286713286713292,
98074,20260312801544,00109189,대덕,008060,주요사항보고서(자기주식취득신탁계약체결결정)(자회사의 주요경영사항),2026-03-12,KOSPI,12780.0,12860.0,12960.0,13520.0,0.006259780907668322,0.014084507042253502,0.05790297339593109,
450785,20250401002466,01641600,에이럭스,475580,주요사항보고서(자기주식취득신탁계약체결결정),2025-04-01,KOSDAQ,10680.0,10300.0,10200.0,9440.0,-0.035580524344569264,-0.0449438202247191,-0.11610486891385763,
325833,20251001000759,01641600,에이럭스,475580,주요사항보고서(자기주식취득신탁계약해지결정),2025-10-01,KOSDAQ,11800.0,11640.0,11900.0,,-0.013559322033898313,0.008474576271186418,,
443855,20250403001249,01275665,리메드,302550,주요사항보고서(자기주식취득신탁계약체결결정),2025-04-03,KOSDAQ,3225.0,3280.0,3155.0,3265.0,0.01705426356589146,-0.02170542635658912,0.01240310077519391,
257646,20260209000564,01275665,리메드,302550,주요사항보고서(자기주식취득신탁계약체결결정),2026-02-09,KOSDAQ,2965.0,3100.0,3145.0,3185.0,0.045531197301855064,0.06070826306914001,0.07419898819561555,
4705,20260520000269,01275665,리메드,302550,주요사항보고서(자기주식취득신탁계약해지결정),2026-05-20,KOSDAQ,2800.0,2990.0,3040.0,2960.0,0.06785714285714284,0.08571428571428563,0.05714285714285716,
4628,20260520000306,01275665,리메드,302550,주요사항보고서(자기주식취득신탁계약체결결정),2026-05-20,KOSDAQ,2800.0,2990.0,3040.0,2960.0,0.06785714285714284,0.08571428571428563,0.05714285714285716,
434632,20250407002217,00445160,APS이노베이션,079810,주요사항보고서(자기주식취득신탁계약체결결정),2025-04-07,KOSDAQ,4905.0,4845.0,4730.0,5380.0,-0.012232415902140636,-0.03567787971457692,0.09683995922528044,
324259,20251013000226,00445160,APS이노베이션,079810,주요사항보고서(자기주식취득신탁계약해지결정),2025-10-13,KOSDAQ,6050.0,6120.0,6080.0,6630.0,0.011570247933884392,0.0049586776859504855,0.09586776859504131,
431448,20250408000958,01491607,오에스피,368970,주요사항보고서(자기주식취득신탁계약체결결정),2025-04-08,KOSDAQ,3179.0,3112.0,3226.0,3326.0,-0.021075810003145623,0.014784523435042551,0.046240956275558354,
428036,20250409000873,00165343,혜인,003010,주요사항보고서(자기주식취득신탁계약체결결정),2025-04-09,KOSPI,4715.0,4840.0,4910.0,4995.0,0.026511134676564074,0.04135737009544016,0.05938494167550368,
39493,20260409002298,00165343,혜인,003010,주요사항보고서(자기주식취득신탁계약해지결정),2026-04-09,KOSPI,5950.0,6050.0,5930.0,5990.0,0.01680672268907557,-0.003361344537815114,0.006722689075630228,
416900,20250414001913,01493793,코셈,360350,주요사항보고서(자기주식취득신탁계약체결결정),2025-04-14,KOSDAQ,7300.0,7570.0,7690.0,7990.0,0.03698630136986303,0.05342465753424652,0.09452054794520537,
111463,20260227005163,01493793,코셈,360350,주요사항보고서(자기주식취득신탁계약체결결정),2026-02-27,KOSDAQ,7690.0,8500.0,8060.0,9210.0,0.10533159947984405,0.04811443433029905,0.19765929778933677,
415885,20250415000117,00962393,포인트모바일,318020,주요사항보고서(자기주식취득신탁계약체결결정),2025-04-15,KOSDAQ,3070.0,3025.0,3040.0,3405.0,-0.014657980456026065,-0.009771986970684043,0.10912052117263848,
415037,20250416000369,00759294,와이솔,122990,주요사항보고서(자기주식취득신탁계약체결결정),2025-04-16,KOSDAQ,6170.0,6540.0,6570.0,6800.0,0.05996758508914102,0.06482982171799034,0.10210696920583473,
320634,20251022000181,00759294,와이솔,122990,주요사항보고서(자기주식취득신탁계약해지결정),2025-10-22,KOSDAQ,5630.0,5630.0,5620.0,5680.0,0.0,-0.001776198934280604,0.008880994671403242,
98098,20260312000816,00759294,와이솔,122990,주요사항보고서(자기주식취득신탁계약체결결정),2026-03-12,KOSDAQ,7270.0,7580.0,7580.0,7460.0,0.04264099037138935,0.04264099037138935,0.026134800550206227,
413948,20250418000198,00143226,엠투엔,033310,주요사항보고서(자기주식취득결정),2025-04-18,KOSDAQ,1700.0,1748.0,2270.0,2145.0,0.028235294117647136,0.33529411764705874,0.2617647058823529,
413868,20250418000298,00143226,엠투엔,033310,자기주식취득결과보고서,2025-04-18,KOSDAQ,1700.0,1748.0,2270.0,2145.0,0.028235294117647136,0.33529411764705874,0.2617647058823529,
26629,20260417000328,00143226,엠투엔,033310,주요사항보고서(자기주식취득결정),2026-04-17,KOSDAQ,1932.0,1953.0,1928.0,1901.0,0.010869565217391353,-0.0020703933747412417,-0.016045548654244346,
26576,20260417000452,00143226,엠투엔,033310,자기주식취득결과보고서,2026-04-17,KOSDAQ,1932.0,1953.0,1928.0,1901.0,0.010869565217391353,-0.0020703933747412417,-0.016045548654244346,
412527,20250422000318,00186452,광무,029480,주요사항보고서(자기주식취득신탁계약체결결정),2025-04-22,KOSDAQ,2690.0,2800.0,3130.0,3240.0,0.040892193308550207,0.16356877323420083,0.20446096654275103,
281992,20251229000090,00186452,광무,029480,주요사항보고서(자기주식취득결정),2025-12-29,KOSDAQ,2125.0,2190.0,2325.0,2280.0,0.030588235294117583,0.09411764705882364,0.07294117647058829,
263921,20260202000802,00186452,광무,029480,자기주식취득결과보고서,2026-02-02,KOSDAQ,2220.0,2190.0,2265.0,2505.0,-0.013513513513513487,0.020270270270270174,0.1283783783783783,
412113,20250423000131,00876908,모트렉스,118990,주요사항보고서(자기주식취득신탁계약체결결정),2025-04-23,KOSDAQ,8800.0,8800.0,8770.0,8550.0,0.0,-0.003409090909090917,-0.02840909090909094,
247500,20260224001091,00876908,모트렉스,118990,주요사항보고서(자기주식취득신탁계약해지결정),2026-02-24,KOSDAQ,9760.0,9850.0,9690.0,7620.0,0.009221311475409832,-0.0071721311475410054,-0.21926229508196726,
411335,20250424000296,00400857,에이블씨엔씨,078520,주요사항보고서(자기주식취득신탁계약체결결정),2025-04-24,KOSPI,7070.0,6960.0,6870.0,7030.0,-0.01555869872701554,-0.028288543140028266,-0.005657708628005631,
255042,20260211001074,00400857,에이블씨엔씨,078520,주요사항보고서(자기주식취득신탁계약해지결정),2026-02-11,KOSPI,11250.0,12020.0,11490.0,11840.0,0.06844444444444453,0.021333333333333426,0.052444444444444516,
254988,20260211001124,00400857,에이블씨엔씨,078520,주요사항보고서(자기주식취득신탁계약체결결정),2026-02-11,KOSPI,11250.0,12020.0,11490.0,11840.0,0.06844444444444453,0.021333333333333426,0.052444444444444516,
405043,20250507000456,00403632,현대퓨처넷,126560,주요사항보고서(자기주식취득결정),2025-05-07,KOSPI,2905.0,3170.0,3165.0,3200.0,0.09122203098106718,0.0895008605851979,0.10154905335628217,
366752,20250718000414,00403632,현대퓨처넷,126560,자기주식취득결과보고서,2025-07-18,KOSPI,3440.0,3480.0,3435.0,3345.0,0.011627906976744207,-0.0014534883720930258,-0.02761627906976749,
255980,20260211000382,00403632,현대퓨처넷,126560,주요사항보고서(자기주식취득결정),2026-02-11,KOSPI,3395.0,3435.0,3420.0,3515.0,0.01178203240058906,0.007363770250368162,0.0353460972017674,
18371,20260430000550,00403632,현대퓨처넷,126560,자기주식취득결과보고서,2026-04-30,KOSPI,3345.0,3330.0,3310.0,3195.0,-0.004484304932735439,-0.010463378176382654,-0.04484304932735428,
404678,20250508000204,00656951,현대이지웰,090850,주요사항보고서(자기주식취득결정),2025-05-08,KOSDAQ,6010.0,6210.0,6230.0,6410.0,0.03327787021630613,0.03660565723793674,0.06655574043261225,
366564,20250718000562,00656951,현대이지웰,090850,자기주식취득결과보고서,2025-07-18,KOSDAQ,6390.0,6500.0,6540.0,6550.0,0.017214397496087663,0.023474178403755763,0.025039123630672844,
359080,20250805000099,00656951,현대이지웰,090850,주요사항보고서(자기주식취득결정),2025-08-05,KOSDAQ,7000.0,7040.0,6860.0,6760.0,0.005714285714285783,-0.020000000000000018,-0.03428571428571425,
326013,20251001000618,00656951,현대이지웰,090850,자기주식취득결과보고서,2025-10-01,KOSDAQ,5850.0,5900.0,5870.0,,0.008547008547008517,0.0034188034188034067,,
404529,20250508000381,00390514,이루온,065440,주요사항보고서(자기주식취득신탁계약체결결정),2025-05-08,KOSDAQ,1571.0,1588.0,1579.0,1530.0,0.010821133036282626,0.005092297899427223,-0.02609802673456396,
404236,20250508000714,00170558,코웨이,021240,주요사항보고서(자기주식취득신탁계약체결결정),2025-05-08,KOSPI,84900.0,89300.0,92000.0,96800.0,0.051825677267373305,0.08362779740871606,0.14016489988221448,
282703,20251226000069,00170558,코웨이,021240,주요사항보고서(자기주식취득신탁계약해지결정),2025-12-26,KOSPI,87500.0,86700.0,86900.0,82900.0,-0.00914285714285712,-0.006857142857142895,-0.0525714285714286,
260760,20260206000002,00170558,코웨이,021240,주요사항보고서(자기주식취득신탁계약체결결정),2026-02-06,KOSPI,78200.0,82600.0,87300.0,89600.0,0.05626598465473154,0.11636828644501285,0.1457800511508951,
15646,20260506000467,00170558,코웨이,021240,주요사항보고서(자기주식취득신탁계약해지결정),2026-05-06,KOSPI,83200.0,86900.0,87600.0,94600.0,0.044471153846153744,0.05288461538461542,0.13701923076923084,
403791,20250509000528,00428251,현대백화점,069960,주요사항보고서(자기주식취득결정),2025-05-09,KOSPI,61300.0,67600.0,66000.0,65800.0,0.102773246329527,0.07667210440456773,0.0734094616639478,
363599,20250725000720,00428251,현대백화점,069960,자기주식취득결과보고서,2025-07-25,KOSPI,72900.0,71800.0,71700.0,69000.0,-0.015089163237311354,-0.016460905349794275,-0.053497942386831254,
255952,20260211000385,00428251,현대백화점,069960,주요사항보고서(자기주식취득결정),2026-02-11,KOSPI,107100.0,110900.0,109800.0,108800.0,0.03548085901027087,0.025210084033613356,0.015873015873015817,
17745,20260430001247,00428251,현대백화점,069960,자기주식취득결과보고서,2026-04-30,KOSPI,108900.0,111700.0,107700.0,111200.0,0.025711662075298403,-0.011019283746556474,0.02112029384756653,
402854,20250512000665,01384787,시프트업,462870,주요사항보고서(자기주식취득신탁계약체결결정),2025-05-12,KOSPI,54600.0,53000.0,54800.0,55000.0,-0.02930402930402931,0.00366300366300365,0.0073260073260073,
311068,20251112000393,01384787,시프트업,462870,주요사항보고서(자기주식취득신탁계약해지결정),2025-11-12,KOSPI,39150.0,39150.0,38550.0,35650.0,0.0,-0.01532567049808431,-0.08939974457215838,
101985,20260310002972,01384787,시프트업,462870,주요사항보고서(자기주식취득신탁계약체결결정),2026-03-10,KOSPI,30650.0,31200.0,30850.0,30150.0,0.01794453507340954,0.006525285481239873,-0.01631321370309946,
401556,20250514000473,01293485,제닉스로보틱스,381620,주요사항보고서(자기주식취득신탁계약체결결정),2025-05-14,KOSDAQ,8500.0,8030.0,7790.0,7480.0,-0.05529411764705883,-0.08352941176470585,-0.12,
398909,20250515001718,00602279,그린플러스,186230,주요사항보고서(자기주식취득결정),2025-05-15,KOSDAQ,7800.0,7760.0,7650.0,7600.0,-0.00512820512820511,-0.019230769230769273,-0.02564102564102566,
398709,20250515002028,00602279,그린플러스,186230,자기주식취득결과보고서,2025-05-15,KOSDAQ,7800.0,7760.0,7650.0,7600.0,-0.00512820512820511,-0.019230769230769273,-0.02564102564102566,
395666,20250521000352,00364467,드림어스컴퍼니,060570,주요사항보고서(자기주식취득결정),2025-05-21,KOSDAQ,1885.0,2010.0,1940.0,1950.0,0.06631299734748008,0.02917771883289122,0.034482758620689724,
383340,20250612000202,00364467,드림어스컴퍼니,060570,자기주식취득결과보고서,2025-06-12,KOSDAQ,1752.0,1810.0,1760.0,1730.0,0.033105022831050324,0.004566210045662045,-0.01255707762557079,
394962,20250523000183,01210677,씨케이솔루션,480370,주요사항보고서(자기주식취득신탁계약체결결정),2025-05-23,KOSPI,3556.0,3688.0,3691.0,3607.0,0.03712035995500562,0.0379640044994376,0.014341957255343152,
341946,20250829000226,01210677,씨케이솔루션,480370,주요사항보고서(자기주식취득신탁계약해지결정),2025-08-29,KOSPI,3307.0,3290.0,3253.0,3452.0,-0.005140610825521641,-0.016328999092833363,0.04384638645297856,
394779,20250523000446,00123541,보해양조,000890,주요사항보고서(자기주식취득결정),2025-05-23,KOSPI,2515.0,2700.0,2655.0,2730.0,0.07355864811133195,0.055666003976143186,0.08548707753479134,
373538,20250702000112,00123541,보해양조,000890,자기주식취득결과보고서,2025-07-02,KOSPI,2455.0,2455.0,2425.0,2435.0,0.0,-0.012219959266802416,-0.008146639511201648,
353830,20250813001301,00123541,보해양조,000890,주요사항보고서(자기주식취득결정),2025-08-13,KOSPI,2235.0,2250.0,2275.0,2290.0,0.006711409395973256,0.017897091722595126,0.02460850111856816,
344570,20250827000305,00123541,보해양조,000890,자기주식취득결과보고서,2025-08-27,KOSPI,2250.0,2250.0,2265.0,2265.0,0.0,0.006666666666666599,0.006666666666666599,
337545,20250905000267,00123541,보해양조,000890,주요사항보고서(자기주식취득결정),2025-09-05,KOSPI,2280.0,2295.0,2305.0,2305.0,0.006578947368421018,0.010964912280701844,0.010964912280701844,
332243,20250919000244,00123541,보해양조,000890,자기주식취득결과보고서,2025-09-19,KOSPI,2240.0,2250.0,2215.0,2195.0,0.0044642857142858094,-0.011160714285714302,-0.0200892857142857,
323813,20251014000220,00123541,보해양조,000890,주요사항보고서(자기주식취득결정),2025-10-14,KOSPI,2205.0,2285.0,2235.0,2215.0,0.03628117913832196,0.013605442176870763,0.0045351473922903285,
312531,20251110000096,00123541,보해양조,000890,자기주식취득결과보고서,2025-11-10,KOSPI,2105.0,2070.0,2115.0,2220.0,-0.016627078384798155,0.004750593824228044,0.05463182897862229,
283116,20251224000560,00123541,보해양조,000890,주요사항보고서(자기주식취득결정),2025-12-24,KOSPI,2100.0,2120.0,2115.0,2120.0,0.00952380952380949,0.0071428571428571175,0.00952380952380949,
266472,20260129000505,00123541,보해양조,000890,자기주식취득결과보고서,2026-01-29,KOSPI,2060.0,2055.0,2025.0,2065.0,-0.0024271844660194164,-0.016990291262135915,0.0024271844660195274,
110561,20260227007541,00123541,보해양조,000890,주요사항보고서(자기주식취득결정),2026-02-27,KOSPI,2470.0,2425.0,2230.0,2245.0,-0.018218623481781382,-0.09716599190283404,-0.09109311740890691,
100881,20260311003709,00123541,보해양조,000890,자기주식취득결과보고서,2026-03-11,KOSPI,2270.0,2250.0,2225.0,2135.0,-0.008810572687224627,-0.01982378854625555,-0.05947136563876654,
383563,20250611000561,00362201,세운메디칼,100700,주요사항보고서(자기주식취득신탁계약체결결정),2025-06-12,KOSDAQ,2635.0,2580.0,2585.0,2575.0,-0.020872865275142316,-0.018975332068311146,-0.022770398481973486,
377178,20250626000437,00140858,와이엠,007530,주요사항보고서(자기주식취득신탁계약체결결정),2025-06-26,KOSDAQ,2305.0,2600.0,2600.0,2715.0,0.12798264642082424,0.12798264642082424,0.1778741865509761,
376152,20250627000442,00123781,부국철강,026940,주요사항보고서(자기주식취득신탁계약체결결정),2025-06-27,KOSPI,2300.0,2295.0,2340.0,2350.0,-0.0021739130434782483,0.017391304347825987,0.021739130434782705,
336027,20250910000336,00123781,부국철강,026940,주요사항보고서(자기주식취득신탁계약해지결정),2025-09-10,KOSPI,2540.0,2530.0,2500.0,2475.0,-0.003937007874015741,-0.015748031496062964,-0.025590551181102317,
368190,20250715000370,00117966,동원개발,013120,주요사항보고서(자기주식취득신탁계약체결결정),2025-07-15,KOSDAQ,3535.0,3370.0,3315.0,3200.0,-0.04667609618104662,-0.062234794908062274,-0.09476661951909482,
271723,20260119000059,00117966,동원개발,013120,주요사항보고서(자기주식취득신탁계약체결결정),2026-01-19,KOSDAQ,2960.0,2940.0,2915.0,2940.0,-0.006756756756756799,-0.015202702702702742,-0.006756756756756799,
359536,20250804000036,00398668,휴비츠,065510,주요사항보고서(자기주식취득신탁계약체결결정),2025-08-04,KOSDAQ,9170.0,9240.0,9110.0,9190.0,0.007633587786259444,-0.0065430752453653485,0.0021810250817884125,
123887,20260602000141,00398668,휴비츠,065510,주요사항보고서(자기주식취득신탁계약해지결정),2026-06-02,KOSDAQ,6990.0,6940.0,6900.0,7040.0,-0.007153075822603716,-0.012875536480686733,0.007153075822603716,
121063,20260609000097,00398668,휴비츠,065510,주요사항보고서(자기주식취득신탁계약체결결정),2026-06-09,KOSDAQ,7120.0,7040.0,7000.0,7200.0,-0.011235955056179803,-0.016853932584269704,0.011235955056179803,
354272,20250813000915,01139035,티에스아이,277880,주요사항보고서(자기주식취득결정),2025-08-13,KOSDAQ,5790.0,5620.0,5490.0,5400.0,-0.029360967184801412,-0.051813471502590636,-0.06735751295336789,
328362,20250929000116,01139035,티에스아이,277880,자기주식취득결과보고서,2025-09-29,KOSDAQ,5080.0,5020.0,5020.0,5100.0,-0.011811023622047223,-0.011811023622047223,0.003937007874015741,
320263,20251023000141,01139035,티에스아이,277880,주요사항보고서(자기주식취득결정),2025-10-23,KOSDAQ,5880.0,6100.0,6080.0,6010.0,0.03741496598639449,0.03401360544217691,0.022108843537415046,
294421,20251208000200,01139035,티에스아이,277880,자기주식취득결과보고서,2025-12-08,KOSDAQ,5420.0,5580.0,5530.0,5460.0,0.029520295202952074,0.02029520295202958,0.007380073800737907,
272786,20260115000108,01139035,티에스아이,277880,주요사항보고서(자기주식취득결정),2026-01-15,KOSDAQ,5270.0,5220.0,5400.0,5740.0,-0.009487666034155628,0.024667931688804545,0.08918406072106255,
265313,20260130000409,01139035,티에스아이,277880,자기주식취득결과보고서,2026-01-30,KOSDAQ,6180.0,5950.0,6050.0,5630.0,-0.03721682847896435,-0.021035598705501646,-0.0889967637540453,
349920,20250814003240,00164645,HMM,011200,주요사항보고서(자기주식취득결정),2025-08-14,KOSPI,22100.0,23650.0,22950.0,22600.0,0.07013574660633481,0.03846153846153855,0.02262443438914019,
333245,20250917000162,00164645,HMM,011200,자기주식취득결과보고서,2025-09-17,KOSPI,23500.0,23000.0,22450.0,21300.0,-0.021276595744680882,-0.044680851063829796,-0.09361702127659577,
336933,20250908000153,00199076,동일기연,032960,주요사항보고서(자기주식취득결정),2025-09-08,KOSDAQ,11710.0,11620.0,11790.0,12630.0,-0.0076857386848847575,0.0068317677198974636,0.0785653287788215,
323445,20251015000098,00199076,동일기연,032960,자기주식취득결과보고서,2025-10-15,KOSDAQ,11480.0,11490.0,11760.0,16320.0,0.0008710801393727596,0.024390243902439046,0.4216027874564461,
321481,20251020000268,00199076,동일기연,032960,주요사항보고서(자기주식취득결정),2025-10-20,KOSDAQ,11800.0,15340.0,16320.0,14830.0,0.30000000000000004,0.3830508474576271,0.25677966101694905,
308566,20251114001047,00199076,동일기연,032960,자기주식취득결과보고서,2025-11-14,KOSDAQ,12840.0,13030.0,12910.0,13100.0,0.014797507788161912,0.005451713395638658,0.02024922118380057,
288783,20251216000240,00199076,동일기연,032960,주요사항보고서(자기주식취득결정),2025-12-16,KOSDAQ,15480.0,16750.0,16740.0,17430.0,0.08204134366925064,0.08139534883720922,0.12596899224806202,
268935,20260126000121,00199076,동일기연,032960,자기주식취득결과보고서,2026-01-26,KOSDAQ,15190.0,14970.0,15000.0,14020.0,-0.014483212639894716,-0.012508229098090795,-0.07702435813034891,
336573,20250909000086,00108612,DS단석,017860,주요사항보고서(자기주식취득결정),2025-09-09,KOSPI,21539.0,21737.0,21589.0,21539.0,0.009192627327174074,0.0023213705371651905,0.0,
332395,20250919000033,00108612,DS단석,017860,자기주식취득결과보고서,2025-09-19,KOSPI,22034.0,21787.0,21341.0,20153.0,-0.011209948261777236,-0.031451393301261676,-0.085368067531996,
321793,20251020000054,01407909,원텍,336570,주요사항보고서(자기주식취득신탁계약체결결정),2025-10-20,KOSDAQ,8710.0,8610.0,8650.0,8780.0,-0.01148105625717566,-0.006888633754305373,0.008036739380022917,
283618,20251224000122,01407909,원텍,336570,주요사항보고서(자기주식취득신탁계약해지결정),2025-12-24,KOSDAQ,7250.0,7070.0,7300.0,8110.0,-0.024827586206896513,0.006896551724137945,0.11862068965517247,
37244,20260410001265,01407909,원텍,336570,주요사항보고서(자기주식취득신탁계약체결결정),2026-04-10,KOSDAQ,7160.0,7420.0,7460.0,7650.0,0.036312849162011274,0.04189944134078205,0.06843575418994408,
12441,20260512000176,01407909,원텍,336570,주요사항보고서(자기주식취득신탁계약해지결정),2026-05-12,KOSDAQ,8300.0,8130.0,7870.0,7270.0,-0.02048192771084334,-0.051807228915662695,-0.12409638554216873,
114669,20260622000092,01407909,원텍,336570,주요사항보고서(자기주식취득신탁계약체결결정),2026-06-22,KOSDAQ,5930.0,5810.0,5910.0,,-0.0202360876897133,-0.003372681281618939,,
305873,20251118000073,01538528,에이에스텍,453860,주요사항보고서(자기주식취득결정),2025-11-18,KOSDAQ,16060.0,16050.0,15850.0,15750.0,-0.0006226650062266526,-0.013075965130759704,-0.019302615193026118,
297760,20251128002094,01538528,에이에스텍,453860,자기주식취득결과보고서,2025-11-28,KOSDAQ,15110.0,15070.0,15400.0,15740.0,-0.002647253474520217,0.019192587690271434,0.041694242223693,
305438,20251119000029,01563667,더즌,462860,주요사항보고서(자기주식취득결정),2025-11-19,KOSDAQ,3640.0,3770.0,3660.0,3800.0,0.03571428571428581,0.005494505494505475,0.04395604395604402,
280797,20251230000363,01563667,더즌,462860,자기주식취득결과보고서,2025-12-30,KOSDAQ,3780.0,4000.0,4050.0,3760.0,0.05820105820105814,0.0714285714285714,-0.005291005291005346,
80765,20260326000258,01563667,더즌,462860,주요사항보고서(자기주식취득결정),2026-03-26,KOSDAQ,3370.0,3420.0,3290.0,3115.0,0.014836795252225476,-0.023738872403560873,-0.07566765578635015,
5755,20260518000190,01563667,더즌,462860,자기주식취득결과보고서,2026-05-18,KOSDAQ,2960.0,2890.0,2795.0,2960.0,-0.023648648648648685,-0.0557432432432432,0.0,
301893,20251126000481,01325429,지아이에스,306620,주요사항보고서(자기주식취득신탁계약체결결정),2025-11-26,KOSDAQ,1834.0,1994.0,2050.0,2110.0,0.08724100327153761,0.11777535441657583,0.15049073064340246,
2320,20260526000409,01325429,지아이에스,306620,주요사항보고서(자기주식취득신탁계약해지결정),2026-05-26,KOSDAQ,3800.0,3450.0,3375.0,2595.0,-0.09210526315789469,-0.11184210526315785,-0.3171052631578948,
300805,20251127000769,00128607,삼천리자전거,024950,주요사항보고서(자기주식취득결정),2025-11-27,KOSDAQ,4467.0,4602.0,4569.0,4623.0,0.030221625251846795,0.022834116856951026,0.0349227669576897,
108871,20260303002735,00128607,삼천리자전거,024950,자기주식취득결과보고서,2026-03-03,KOSDAQ,4425.0,4425.0,4425.0,4425.0,0.0,0.0,0.0,
300605,20251127000963,01267967,마이크로디지탈,305090,주요사항보고서(자기주식취득결정),2025-11-27,KOSDAQ,7420.0,7990.0,8150.0,8930.0,0.07681940700808632,0.09838274932614555,0.20350404312668458,
297200,20251201000387,01381391,에스피소프트,443670,주요사항보고서(자기주식취득신탁계약체결결정),2025-12-01,KOSDAQ,5490.0,6220.0,6040.0,6190.0,0.13296903460837894,0.10018214936247727,0.127504553734062,
296494,20251202000219,00269940,하나투어,039130,주요사항보고서(자기주식취득결정),2025-12-02,KOSPI,47000.0,49400.0,49350.0,48750.0,0.051063829787234116,0.050000000000000044,0.037234042553191404,
108670,20260303003129,00269940,하나투어,039130,자기주식취득결과보고서,2026-03-03,KOSPI,44900.0,39950.0,42400.0,41900.0,-0.11024498886414258,-0.055679287305122505,-0.06681514476614703,
295664,20251204000145,00384762,파커스,065690,주요사항보고서(자기주식취득신탁계약체결결정),2025-12-04,KOSDAQ,1222.0,1319.0,1163.0,1297.0,0.07937806873977094,-0.048281505728314245,0.06137479541734869,
294539,20251208000067,00118804,동진쎄미켐,005290,주요사항보고서(자기주식취득신탁계약체결결정),2025-12-08,KOSDAQ,39100.0,38650.0,38350.0,36550.0,-0.011508951406649648,-0.019181585677749413,-0.06521739130434778,
33422,20260413001191,00118804,동진쎄미켐,005290,주요사항보고서(자기주식취득신탁계약해지결정),2026-04-13,KOSDAQ,52200.0,52300.0,56500.0,53800.0,0.0019157088122605526,0.0823754789272031,0.03065134099616862,
286756,20251218000269,01551042,애드포러스,397810,주요사항보고서(자기주식취득신탁계약체결결정),2025-12-18,KOSDAQ,7160.0,8100.0,8360.0,8170.0,0.13128491620111737,0.16759776536312843,0.1410614525139664,
276786,20260107000552,01041828,JTC,950170,주요사항보고서(자기주식취득결정),2026-01-07,KOSDAQ,3830.0,4045.0,4470.0,4845.0,0.05613577023498695,0.16710182767624016,0.26501305483028714,
42509,20260408002906,01041828,JTC,950170,자기주식취득결과보고서,2026-04-08,KOSDAQ,4750.0,4665.0,4700.0,4630.0,-0.017894736842105297,-0.010526315789473717,-0.025263157894736876,
17423,20260430001425,01041828,JTC,950170,주요사항보고서(자기주식취득결정),2026-04-30,KOSDAQ,4105.0,4970.0,4910.0,4860.0,0.21071863580998773,0.1961023142509135,0.18392204628501818,
276369,20260108000200,01063884,솔디펜스,215090,주요사항보고서(자기주식취득결정),2026-01-08,KOSDAQ,3265.0,3505.0,3380.0,3105.0,0.07350689127105658,0.03522205206738138,-0.049004594180704464,
79429,20260326001146,01063884,솔디펜스,215090,자기주식취득결과보고서,2026-03-26,KOSDAQ,2730.0,2640.0,2600.0,2675.0,-0.03296703296703296,-0.04761904761904767,-0.020146520146520186,
272794,20260115000102,00306162,상상인,038540,주요사항보고서(자기주식취득신탁계약체결결정),2026-01-15,KOSDAQ,1782.0,1896.0,1895.0,1936.0,0.06397306397306401,0.06341189674523018,0.08641975308641969,
32027,20260413002501,00306162,상상인,038540,주요사항보고서(자기주식취득신탁계약해지결정),2026-04-13,KOSDAQ,2180.0,2150.0,2290.0,2260.0,-0.013761467889908285,0.050458715596330306,0.03669724770642202,
28254,20260415000243,00306162,상상인,038540,주요사항보고서(자기주식취득신탁계약체결결정),2026-04-15,KOSDAQ,2290.0,2290.0,2245.0,2235.0,0.0,-0.01965065502183405,-0.024017467248908297,
119410,20260611000256,00306162,상상인,038540,주요사항보고서(자기주식취득신탁계약해지결정),2026-06-11,KOSDAQ,1900.0,1915.0,1890.0,2140.0,0.007894736842105177,-0.0052631578947368585,0.12631578947368416,
117038,20260616000253,00306162,상상인,038540,주요사항보고서(자기주식취득신탁계약체결결정),2026-06-16,KOSDAQ,1888.0,2065.0,2140.0,2000.0,0.09375,0.13347457627118642,0.05932203389830515,
272710,20260115000181,00453284,교촌에프앤비,339770,주요사항보고서(자기주식취득신탁계약체결결정),2026-01-15,KOSPI,4175.0,4270.0,4195.0,4250.0,0.022754491017964007,0.004790419161676551,0.017964071856287456,
270774,20260121000334,00531078,유비온,084440,주요사항보고서(자기주식취득신탁계약체결결정),2026-01-21,KOSDAQ,1045.0,1086.0,1085.0,1065.0,0.03923444976076551,0.038277511961722466,0.019138755980861344,
55690,20260403002091,00531078,유비온,084440,주요사항보고서(자기주식취득신탁계약해지결정),2026-04-03,KOSDAQ,1016.0,977.0,1048.0,1011.0,-0.038385826771653586,0.03149606299212593,-0.004921259842519676,
31792,20260413002731,00531078,유비온,084440,주요사항보고서(자기주식취득신탁계약체결결정),2026-04-13,KOSDAQ,1043.0,1110.0,1097.0,1140.0,0.0642377756471717,0.05177372962607851,0.09300095877277093,
266592,20260129000359,00401731,LG전자,066570,주요사항보고서(자기주식취득신탁계약체결결정),2026-01-29,KOSPI,100900.0,99100.0,96600.0,100300.0,-0.01783944499504464,-0.04261645193260655,-0.00594648166501488,
257923,20260209000391,01663569,하스,450330,주요사항보고서(자기주식취득신탁계약체결결정),2026-02-09,KOSDAQ,6120.0,6490.0,6500.0,6670.0,0.06045751633986929,0.06209150326797386,0.08986928104575154,
18000,20260430000937,01663569,하스,450330,주요사항보고서(자기주식취득신탁계약해지결정),2026-04-30,KOSDAQ,7140.0,7060.0,7500.0,7000.0,-0.011204481792717047,0.050420168067226934,-0.019607843137254943,
257904,20260209000400,01760738,OCI,456040,주요사항보고서(자기주식취득신탁계약체결결정),2026-02-09,KOSPI,78400.0,78300.0,79000.0,86900.0,-0.0012755102040816757,0.007653061224489832,0.10841836734693877,
257656,20260209000553,00563837,제로투세븐,159580,주요사항보고서(자기주식취득신탁계약체결결정),2026-02-09,KOSDAQ,3740.0,3940.0,4220.0,4120.0,0.053475935828877,0.12834224598930488,0.10160427807486627,
255653,20260211000707,00486097,KT나스미디어,089600,주요사항보고서(자기주식취득신탁계약체결결정),2026-02-11,KOSDAQ,12760.0,13640.0,13690.0,13970.0,0.06896551724137923,0.07288401253918497,0.09482758620689657,
253326,20260212001645,01284876,인스피언,465480,주요사항보고서(자기주식취득신탁계약체결결정),2026-02-12,KOSDAQ,5010.0,5260.0,5310.0,5390.0,0.04990019960079839,0.05988023952095811,0.07584830339321358,
249471,20260220000866,00145914,인터엠,017250,주요사항보고서(자기주식취득결정),2026-02-20,KOSDAQ,1099.0,1104.0,1100.0,1058.0,0.0045495905368517775,0.0009099181073703999,-0.03730664240218384,
27969,20260415000589,00145914,인터엠,017250,자기주식취득결과보고서,2026-04-15,KOSDAQ,1089.0,1115.0,1109.0,1085.0,0.023875114784205786,0.018365472910927494,-0.0036730945821854544,
5712,20260518000214,00145914,인터엠,017250,주요사항보고서(자기주식취득결정),2026-05-18,KOSDAQ,1071.0,1091.0,1127.0,1083.0,0.01867413632119508,0.05228758169934644,0.011204481792717047,
114667,20260622000094,00145914,인터엠,017250,자기주식취득결과보고서,2026-06-22,KOSDAQ,1007.0,971.0,985.0,,-0.03574975173783512,-0.021847070506454846,,
107724,20260304001334,00355089,토탈소프트,045340,주요사항보고서(자기주식취득신탁계약체결결정),2026-03-04,KOSDAQ,6070.0,7050.0,7050.0,6950.0,0.1614497528830312,0.1614497528830312,0.1449752883031301,
121956,20260605000594,00355089,토탈소프트,045340,자기주식취득결과보고서,2026-06-05,KOSDAQ,6650.0,6660.0,7070.0,6870.0,0.0015037593984963404,0.06315789473684208,0.03308270676691727,
107611,20260304001541,00111704,한화오션,042660,주요사항보고서(자기주식취득결정),2026-03-04,KOSPI,108500.0,122100.0,126700.0,133600.0,0.1253456221198157,0.16774193548387095,0.23133640552995383,
46739,20260407002509,00111704,한화오션,042660,자기주식취득결과보고서,2026-04-07,KOSPI,120900.0,127700.0,123500.0,124100.0,0.05624483043837891,0.021505376344086002,0.026468155500413593,
107012,20260305000578,00301112,삼화네트웍스,046390,주요사항보고서(자기주식취득신탁계약체결결정),2026-03-05,KOSDAQ,2002.0,2034.0,2107.0,2274.0,0.015984015984015887,0.0524475524475525,0.13586413586413593,
116489,20260617000379,00301112,삼화네트웍스,046390,주요사항보고서(자기주식취득신탁계약해지결정),2026-06-17,KOSDAQ,1500.0,1950.0,1526.0,1590.0,0.30000000000000004,0.017333333333333423,0.06000000000000005,
116128,20260618000072,00301112,삼화네트웍스,046390,주요사항보고서(자기주식취득신탁계약체결결정),2026-06-18,KOSDAQ,1950.0,1526.0,1606.0,1776.0,-0.21743589743589742,-0.17641025641025643,-0.08923076923076922,
103011,20260310002285,00182696,대한조선,439260,주요사항보고서(자기주식취득신탁계약체결결정),2026-03-10,KOSPI,99600.0,99500.0,100500.0,97200.0,-0.0010040160642570406,0.009036144578313143,-0.02409638554216864,
20976,20260428000299,00182696,대한조선,439260,주요사항보고서(자기주식취득신탁계약해지결정),2026-04-28,KOSPI,91900.0,90200.0,89500.0,84900.0,-0.018498367791077275,-0.026115342763873728,-0.0761697497279652,
99550,20260311004589,00152783,코메론,049430,주요사항보고서(자기주식취득신탁계약체결결정),2026-03-11,KOSDAQ,16800.0,18750.0,18900.0,18740.0,0.1160714285714286,0.125,0.11547619047619051,
119996,20260610000585,00152783,코메론,049430,주요사항보고서(자기주식취득신탁계약해지결정),2026-06-10,KOSDAQ,18000.0,18000.0,18200.0,19220.0,0.0,0.011111111111111072,0.06777777777777771,
117777,20260615000119,00152783,코메론,049430,주요사항보고서(자기주식취득신탁계약체결결정),2026-06-15,KOSDAQ,19630.0,19350.0,19220.0,20400.0,-0.01426388181355065,-0.020886398369842074,0.03922567498726437,
90541,20260318001220,00138516,아남전자,008700,주요사항보고서(자기주식취득결정),2026-03-18,KOSPI,1211.0,1574.0,1774.0,1586.0,0.2997522708505367,0.46490503715937237,0.3096614368290669,
29096,20260414002279,00138516,아남전자,008700,자기주식취득결과보고서,2026-04-14,KOSPI,1508.0,1481.0,1503.0,1447.0,-0.017904509283819592,-0.003315649867373982,-0.04045092838196285,
130487,20260528000311,00138516,아남전자,008700,주요사항보고서(자기주식취득신탁계약체결결정),2026-05-28,KOSPI,1210.0,1282.0,1204.0,1260.0,0.05950413223140494,-0.0049586776859503745,0.04132231404958686,
85283,20260323000943,01010615,세나테크놀로지,061090,주요사항보고서(자기주식취득신탁계약체결결정),2026-03-23,KOSDAQ,34400.0,37250.0,38100.0,35600.0,0.08284883720930236,0.10755813953488369,0.03488372093023262,
123163,20260604000139,01010615,세나테크놀로지,061090,주요사항보고서(자기주식취득신탁계약해지결정),2026-06-04,KOSDAQ,49800.0,50100.0,43300.0,43300.0,0.006024096385542244,-0.1305220883534136,-0.1305220883534136,
84012,20260324000240,00612188,에스티오,098660,주요사항보고서(자기주식취득신탁계약체결결정),2026-03-24,KOSDAQ,1442.0,1561.0,1560.0,1717.0,0.08252427184466016,0.08183079056865461,0.19070735090152557,
83949,20260324000334,01467503,뉴키즈온,462310,주요사항보고서(자기주식취득신탁계약체결결정),2026-03-24,KOSDAQ,4270.0,4240.0,4100.0,4190.0,-0.007025761124121788,-0.03981264637002346,-0.0187353629976581,
177,20260527000501,01467503,뉴키즈온,462310,주요사항보고서(자기주식취득신탁계약해지결정),2026-05-27,KOSDAQ,3125.0,2985.0,3270.0,3645.0,-0.04479999999999995,0.0464,0.1664000000000001,
130259,20260528000528,01467503,뉴키즈온,462310,주요사항보고서(자기주식취득신탁계약체결결정),2026-05-28,KOSDAQ,2985.0,3270.0,3390.0,3575.0,0.09547738693467345,0.13567839195979903,0.19765494137353423,
83804,20260324000362,00367604,SM Life Design,063440,주요사항보고서(자기주식취득신탁계약체결결정),2026-03-24,KOSDAQ,1479.0,1560.0,1557.0,1533.0,0.05476673427991896,0.05273833671399597,0.03651115618661249,
31468,20260413003122,00367604,SM Life Design,063440,주요사항보고서(자기주식취득신탁계약해지결정),2026-04-13,KOSDAQ,1447.0,1490.0,1501.0,1497.0,0.029716655148583238,0.03731859018659289,0.03455425017277136,
81717,20260325001142,00526599,덴티움,145720,주요사항보고서(자기주식취득신탁계약체결결정),2026-03-25,KOSPI,51100.0,53800.0,53000.0,52700.0,0.052837573385518644,0.03718199608610573,0.03131115459882583,
81700,20260325001167,00904672,넷마블,251270,주요사항보고서(자기주식취득신탁계약체결결정),2026-03-25,KOSPI,51400.0,51500.0,52200.0,51400.0,0.0019455252918287869,0.015564202334630295,0.0,
81543,20260325001241,01136977,마녀공장,439090,주요사항보고서(자기주식취득신탁계약체결결정),2026-03-25,KOSDAQ,11770.0,12040.0,12410.0,12440.0,0.022939677145284554,0.054375531011044975,0.0569243840271878,
123838,20260602000177,01136977,마녀공장,439090,주요사항보고서(자기주식취득신탁계약해지결정),2026-06-02,KOSDAQ,13150.0,13850.0,13240.0,13870.0,0.05323193916349811,0.00684410646387823,0.05475285171102651,
123657,20260602000317,01136977,마녀공장,439090,주요사항보고서(자기주식취득신탁계약체결결정),2026-06-02,KOSDAQ,13150.0,13850.0,13240.0,13870.0,0.05323193916349811,0.00684410646387823,0.05475285171102651,
113527,20260624000155,01136977,마녀공장,439090,주요사항보고서(자기주식취득신탁계약해지결정),2026-06-24,KOSDAQ,12790.0,14360.0,13470.0,,0.12275215011727902,0.05316653635652857,,
113368,20260624000284,01136977,마녀공장,439090,주요사항보고서(자기주식취득신탁계약체결결정),2026-06-24,KOSDAQ,12790.0,14360.0,13470.0,,0.12275215011727902,0.05316653635652857,,
78692,20260326001479,00927558,유바이오로직스,206650,주요사항보고서(자기주식취득신탁계약체결결정),2026-03-26,KOSDAQ,13830.0,14240.0,13750.0,13330.0,0.029645697758496015,-0.005784526391901634,-0.03615328994938538,
77658,20260327000722,00761952,아나패스,123860,주요사항보고서(자기주식취득결정),2026-03-27,KOSDAQ,17420.0,17210.0,16910.0,17100.0,-0.012055109070034487,-0.029276693455797975,-0.018369690011481032,
116552,20260617000330,00761952,아나패스,123860,자기주식취득결과보고서,2026-06-17,KOSDAQ,16500.0,16610.0,16770.0,15110.0,0.006666666666666599,0.016363636363636358,-0.08424242424242423,
75707,20260330000083,00362122,나래나노텍,137080,주요사항보고서(자기주식취득결정),2026-03-30,KOSDAQ,5460.0,4870.0,5280.0,5520.0,-0.10805860805860801,-0.03296703296703296,0.01098901098901095,
5892,20260518000051,00362122,나래나노텍,137080,자기주식취득결과보고서,2026-05-18,KOSDAQ,5500.0,5490.0,5340.0,5160.0,-0.0018181818181818299,-0.029090909090909056,-0.06181818181818177,
117178,20260616000124,00362122,나래나노텍,137080,주요사항보고서(자기주식취득결정),2026-06-16,KOSDAQ,5150.0,5090.0,5230.0,5210.0,-0.011650485436893177,0.01553398058252431,0.011650485436893288,
71754,20260331001668,01455492,데이원컴퍼니,373160,주요사항보고서(자기주식취득신탁계약체결결정),2026-03-31,KOSDAQ,4700.0,5170.0,5200.0,5030.0,0.10000000000000009,0.1063829787234043,0.07021276595744674,
69185,20260331003716,01703849,노머스,473980,주요사항보고서(자기주식취득결정),2026-03-31,KOSDAQ,17060.0,18650.0,17650.0,17250.0,0.09320046893317713,0.034583821805392656,0.011137162954278912,
8783,20260515000569,01703849,노머스,473980,자기주식취득결과보고서,2026-05-15,KOSDAQ,17010.0,16540.0,16070.0,15450.0,-0.027630805408583203,-0.05526161081716641,-0.09171075837742504,
119943,20260610000586,01703849,노머스,473980,주요사항보고서(자기주식취득결정),2026-06-10,KOSDAQ,12520.0,14500.0,13680.0,12870.0,0.15814696485622992,0.09265175718849838,0.027955271565495154,
113301,20260624000372,01703849,노머스,473980,자기주식취득결과보고서,2026-06-24,KOSDAQ,10400.0,10140.0,9460.0,,-0.025000000000000022,-0.0903846153846154,,
113152,20260624000491,01703849,노머스,473980,주요사항보고서(자기주식취득신탁계약체결결정),2026-06-24,KOSDAQ,10400.0,10140.0,9460.0,,-0.025000000000000022,-0.0903846153846154,,
67542,20260331004988,00159616,두산에너빌리티,034020,주요사항보고서(자기주식취득결정),2026-04-01,KOSPI,99600.0,93600.0,96600.0,101200.0,-0.06024096385542166,-0.030120481927710885,0.016064257028112428,
25804,20260420000329,00159616,두산에너빌리티,034020,자기주식취득결과보고서,2026-04-20,KOSPI,111000.0,115700.0,115900.0,128900.0,0.042342342342342354,0.04414414414414414,0.16126126126126117,
65170,20260401002181,00140131,키다리스튜디오,020120,주요사항보고서(자기주식취득신탁계약체결결정),2026-04-01,KOSPI,3330.0,3250.0,3255.0,3310.0,-0.024024024024024038,-0.022522522522522515,-0.006006006006005982,
113645,20260624000047,00140131,키다리스튜디오,020120,주요사항보고서(자기주식취득신탁계약해지결정),2026-06-24,KOSPI,3125.0,3015.0,3080.0,,-0.03520000000000001,-0.014399999999999968,,
113552,20260624000152,00140131,키다리스튜디오,020120,주요사항보고서(자기주식취득신탁계약체결결정),2026-06-24,KOSPI,3125.0,3015.0,3080.0,,-0.03520000000000001,-0.014399999999999968,,
50979,20260406002853,00295547,디지아이,043360,주요사항보고서(자기주식취득신탁계약체결결정),2026-04-06,KOSDAQ,2645.0,2715.0,2620.0,2600.0,0.026465028355387554,-0.009451795841209809,-0.017013232514177745,
28690,20260414002600,01098792,본느,226340,주요사항보고서(자기주식취득신탁계약체결결정),2026-04-14,KOSDAQ,3310.0,3315.0,3305.0,3180.0,0.0015105740181269312,-0.0015105740181269312,-0.0392749244712991,
24849,20260421000527,01649204,달바글로벌,483650,주요사항보고서(자기주식취득신탁계약체결결정),2026-04-22,KOSPI,213000.0,229500.0,241000.0,238500.0,0.07746478873239426,0.13145539906103276,0.11971830985915499,
122717,20260604000650,01649204,달바글로벌,483650,주요사항보고서(자기주식취득신탁계약해지결정),2026-06-04,KOSPI,198100.0,193900.0,184000.0,211000.0,-0.021201413427561877,-0.07117617364967188,0.06511862695608284,
20520,20260428000715,01319899,SK바이오사이언스,302440,주요사항보고서(자기주식취득결정),2026-04-28,KOSPI,43400.0,43650.0,43050.0,42000.0,0.005760368663594528,-0.008064516129032251,-0.032258064516129004,
117100,20260616000207,01319899,SK바이오사이언스,302440,자기주식취득결과보고서,2026-06-16,KOSPI,40000.0,41150.0,39400.0,35150.0,0.028750000000000053,-0.015000000000000013,-0.12124999999999997,
10637,20260514000293,01236532,와이즈버즈,273060,주요사항보고서(자기주식취득신탁계약체결결정),2026-05-14,KOSDAQ,1197.0,1105.0,1229.0,1162.0,-0.07685881370091896,0.026733500417710943,-0.0292397660818714,
4828,20260520000175,00157636,케이피에프,024880,주요사항보고서(자기주식취득결정),2026-05-20,KOSDAQ,5340.0,5620.0,5720.0,5190.0,0.05243445692883886,0.07116104868913853,-0.028089887640449396,
115413,20260619000191,00157636,케이피에프,024880,자기주식취득결과보고서,2026-06-19,KOSDAQ,4170.0,4080.0,3855.0,3685.0,-0.021582733812949617,-0.07553956834532372,-0.1163069544364509,
3779,20260521000710,00803425,코리아에프티,123410,주요사항보고서(자기주식취득신탁계약체결결정),2026-05-21,KOSDAQ,6670.0,7120.0,7060.0,6860.0,0.06746626686656665,0.058470764617691184,0.028485757121439192,
2652,20260526000118,00815095,우리이앤엘하루틴,153490,주요사항보고서(자기주식취득결정),2026-05-26,KOSDAQ,810.0,791.0,794.0,706.0,-0.023456790123456805,-0.01975308641975304,-0.1283950617283951,
2596,20260526000181,01226410,씨앤씨인터내셔널,352480,주요사항보고서(자기주식취득신탁계약체결결정),2026-05-26,KOSDAQ,22700.0,21150.0,21050.0,19290.0,-0.06828193832599116,-0.07268722466960353,-0.1502202643171806,
2410,20260526000333,01299106,우듬지팜,403490,주요사항보고서(자기주식취득신탁계약체결결정),2026-05-26,KOSDAQ,876.0,912.0,906.0,825.0,0.041095890410958846,0.03424657534246567,-0.05821917808219179,
284,20260527000416,00109587,대륙제관,004780,주요사항보고서(자기주식취득신탁계약체결결정),2026-05-27,KOSDAQ,3920.0,4075.0,3905.0,3845.0,0.039540816326530503,-0.003826530612244916,-0.01913265306122447,
128129,20260529001131,01383779,에스켐,475660,주요사항보고서(자기주식취득결정),2026-05-29,KOSDAQ,4240.0,4825.0,4200.0,3995.0,0.13797169811320753,-0.009433962264150941,-0.057783018867924474,
126247,20260601000347,00127158,씨아이테크,004920,주요사항보고서(자기주식취득결정),2026-06-01,KOSPI,1020.0,978.0,980.0,982.0,-0.04117647058823526,-0.039215686274509776,-0.03725490196078429,
114951,20260619000638,00127158,씨아이테크,004920,자기주식취득결과보고서,2026-06-19,KOSPI,956.0,948.0,958.0,943.0,-0.008368200836820106,0.0020920502092049986,-0.013598326359832602,
126189,20260601000391,01657197,바이오비쥬,489460,주요사항보고서(자기주식취득결정),2026-06-01,KOSDAQ,6970.0,6730.0,6720.0,6590.0,-0.03443328550932567,-0.03586800573888094,-0.05451936872309904,
126087,20260601000479,01453670,휴럼,353190,주요사항보고서(자기주식취득결정),2026-06-01,KOSDAQ,2740.0,2625.0,2770.0,2970.0,-0.041970802919708006,0.010948905109489093,0.08394160583941601,
125888,20260601000628,00578538,티피씨글로벌,130740,주요사항보고서(자기주식취득신탁계약체결결정),2026-06-01,KOSDAQ,1821.0,2015.0,2035.0,2135.0,0.10653487095002756,0.11751784733662829,0.17243272926963216,
125423,20260601000993,01806951,폰드그룹,472850,주요사항보고서(자기주식취득신탁계약체결결정),2026-06-01,KOSDAQ,4215.0,4215.0,4075.0,4370.0,0.0,-0.033214709371293005,0.03677342823250296,
125005,20260601001298,00423690,삼성출판사,068290,주요사항보고서(자기주식취득신탁계약체결결정),2026-06-01,KOSPI,6100.0,7930.0,6710.0,6520.0,0.30000000000000004,0.10000000000000009,0.06885245901639347,
124401,20260601001757,01157846,바이오포트,188040,주요사항보고서(자기주식취득결정),2026-06-01,KOSDAQ,4610.0,4810.0,4800.0,4420.0,0.04338394793926237,0.04121475054229928,-0.041214750542299394,
123955,20260602000084,00910840,윈하이텍,192390,주요사항보고서(자기주식취득신탁계약체결결정),2026-06-02,KOSDAQ,1510.0,1729.0,1812.0,1780.0,0.1450331125827815,0.19999999999999996,0.17880794701986757,
122967,20260604000344,01559637,블루엠텍,439580,주요사항보고서(자기주식취득신탁계약체결결정),2026-06-04,KOSDAQ,2200.0,2355.0,2100.0,2425.0,0.07045454545454555,-0.045454545454545414,0.10227272727272729,
122342,20260605000266,01210190,모비릭스,348030,주요사항보고서(자기주식취득신탁계약체결결정),2026-06-05,KOSDAQ,2595.0,2680.0,2600.0,2665.0,0.032755298651252485,0.0019267822736031004,0.026974951830443183,
122169,20260605000397,01466373,알트,459550,주요사항보고서(자기주식취득신탁계약체결결정),2026-06-05,KOSDAQ,1878.0,2020.0,1991.0,1799.0,0.07561235356762519,0.06017039403620883,-0.042066027689030894,
121724,20260608000061,00110875,대신정보통신,020180,주요사항보고서(자기주식취득신탁계약체결결정),2026-06-08,KOSDAQ,993.0,999.0,966.0,1049.0,0.0060422960725075026,-0.027190332326283984,0.056394763343403875,
121706,20260608000094,00163761,한창제지,009460,주요사항보고서(자기주식취득결정),2026-06-08,KOSPI,2070.0,2145.0,2315.0,2350.0,0.03623188405797095,0.1183574879227054,0.13526570048309172,
121566,20260608000199,00351375,뉴보텍,060260,주요사항보고서(자기주식취득신탁계약체결결정),2026-06-08,KOSDAQ,1059.0,1160.0,1144.0,1417.0,0.0953729933899905,0.08026440037771487,0.33805476864966955,
120929,20260609000237,01214248,뉴트리,270870,주요사항보고서(자기주식취득신탁계약체결결정),2026-06-09,KOSDAQ,3695.0,3615.0,3510.0,4060.0,-0.021650879566982417,-0.05006765899864685,0.0987821380243572,
120776,20260609000374,01152470,펄어비스,263750,주요사항보고서(자기주식취득신탁계약체결결정),2026-06-09,KOSDAQ,38600.0,40100.0,41050.0,40150.0,0.03886010362694292,0.06347150259067358,0.04015544041450769,
120673,20260609000457,00239514,삼진엘앤디,054090,주요사항보고서(자기주식취득신탁계약체결결정),2026-06-09,KOSDAQ,884.0,928.0,919.0,940.0,0.04977375565610864,0.039592760180995556,0.06334841628959276,
120317,20260610000263,01462605,지투파워,388050,주요사항보고서(자기주식취득신탁계약체결결정),2026-06-10,KOSDAQ,8790.0,8470.0,8660.0,9570.0,-0.03640500568828209,-0.014789533560864654,0.0887372013651877,
120240,20260610000366,00152260,카스,016920,주요사항보고서(자기주식취득결정),2026-06-10,KOSDAQ,821.0,840.0,854.0,935.0,0.023142509135200884,0.04019488428745421,0.13885505481120575,
119494,20260611000219,01026157,쏘카,403550,주요사항보고서(자기주식취득신탁계약체결결정),2026-06-11,KOSPI,11200.0,11120.0,11410.0,11200.0,-0.0071428571428571175,0.018750000000000044,0.0,
119392,20260611000290,01185566,휴엠앤씨,263920,주요사항보고서(자기주식취득신탁계약체결결정),2026-06-11,KOSDAQ,3105.0,3175.0,3330.0,3135.0,0.02254428341384873,0.07246376811594213,0.009661835748792313,
119356,20260611000319,00191287,대동금속,020400,주요사항보고서(자기주식취득신탁계약체결결정),2026-06-11,KOSDAQ,3110.0,3185.0,3225.0,3395.0,0.02411575562700974,0.036977491961414755,0.09163987138263674,
118141,20260612000592,00265005,옴니시스템,057540,주요사항보고서(자기주식취득결정),2026-06-12,KOSDAQ,721.0,739.0,814.0,890.0,0.02496532593619971,0.12898751733703184,0.23439667128987507,
117745,20260615000137,01217795,엠에프씨,432980,주요사항보고서(자기주식취득결정),2026-06-15,KOSDAQ,3110.0,3330.0,3365.0,3025.0,0.07073954983922826,0.08199356913183276,-0.02733118971061088,
117124,20260616000133,01336443,디와이씨,310870,주요사항보고서(자기주식취득신탁계약체결결정),2026-06-16,KOSDAQ,1276.0,1273.0,1293.0,1232.0,-0.0023510971786834256,0.013322884012539227,-0.03448275862068961,
116710,20260617000116,00450931,우양에이치씨,101970,주요사항보고서(자기주식취득신탁계약체결결정),2026-06-17,KOSDAQ,10400.0,9670.0,9150.0,9620.0,-0.07019230769230766,-0.12019230769230771,-0.07499999999999996,
116406,20260617000461,00351427,와이즈넛,096250,주요사항보고서(자기주식취득결정),2026-06-17,KOSDAQ,5750.0,7470.0,6230.0,6870.0,0.2991304347826087,0.08347826086956522,0.19478260869565212,
116038,20260618000129,01023211,와이제이링크,209640,주요사항보고서(자기주식취득신탁계약체결결정),2026-06-18,KOSDAQ,4815.0,4415.0,4395.0,4665.0,-0.08307372793354106,-0.08722741433021808,-0.031152647975077885,
115375,20260619000219,00540571,엘디티,096870,주요사항보고서(자기주식취득결정),2026-06-19,KOSDAQ,1904.0,2185.0,2185.0,2150.0,0.1475840336134453,0.1475840336134453,0.1292016806722689,
114466,20260622000235,00154055,태원물산,001420,주요사항보고서(자기주식취득결정),2026-06-22,KOSPI,2370.0,2490.0,2550.0,,0.05063291139240511,0.07594936708860756,,
114176,20260623000051,00813389,베셀,177350,주요사항보고서(자기주식취득신탁계약체결결정),2026-06-23,KOSDAQ,734.0,592.0,650.0,,-0.19346049046321523,-0.114441416893733,,
113480,20260624000198,01379563,에스팀,458350,주요사항보고서(자기주식취득신탁계약체결결정),2026-06-24,KOSDAQ,3865.0,3940.0,3585.0,,0.019404915912031084,-0.07244501940491588,,
