id,receipt_no,corp_code,corp_name,stock_code,report_name,event_date,market,t0_close,t+1_close,t+2_close,t+5_close,ret_1d,ret_2d,ret_5d,error,t0_date,t+1_date,t+2_date,t+5_date,benchmark_source,benchmark_symbol,benchmark_t0_close,benchmark_t1_close,benchmark_t2_close,benchmark_t5_close,benchmark_ret_1d,benchmark_ret_2d,benchmark_ret_5d,abnormal_ret_1d,abnormal_ret_2d,abnormal_ret_5d,benchmark_alignment
1253418,20211122000054,01344831,딥노이드,315640,주요사항보고서(무상증자결정),2021-11-22,KOSDAQ,10374.0,9212.0,9458.0,9570.0,-0.11201079622132248,-0.08829766724503563,-0.07750144592249852,,2021-11-22,2021-11-23,2021-11-24,2021-11-29,NAVER_FINANCE_DOMESTIC_INDEX_DAILY,KOSDAQ,1032.31,1013.72,1020.13,992.34,-0.018008156464627834,-0.011798781373812073,-0.03871898945084318,-0.09400263975669465,-0.07649888587122355,-0.03878245647165535,complete
1253419,20211122900124,01344831,딥노이드,315640,주권매매거래정지(무상증자),2021-11-22,KOSDAQ,10374.0,9212.0,9458.0,9570.0,-0.11201079622132248,-0.08829766724503563,-0.07750144592249852,,2021-11-22,2021-11-23,2021-11-24,2021-11-29,NAVER_FINANCE_DOMESTIC_INDEX_DAILY,KOSDAQ,1032.31,1013.72,1020.13,992.34,-0.018008156464627834,-0.011798781373812073,-0.03871898945084318,-0.09400263975669465,-0.07649888587122355,-0.03878245647165535,complete
1245168,20211203900386,01344831,딥노이드,315640,권리락(무상증자),2021-12-03,KOSDAQ,9771.0,9481.0,8877.0,9123.0,-0.029679664312762255,-0.09149524101934292,-0.06631869818851699,,2021-12-03,2021-12-06,2021-12-07,2021-12-10,NAVER_FINANCE_DOMESTIC_INDEX_DAILY,KOSDAQ,998.47,991.87,996.64,1011.57,-0.0066101134736146205,-0.001832804190411319,0.013120073712780567,-0.023069550839147634,-0.0896624368289316,-0.07943877190129756,complete
715551,20240325000572,01344831,딥노이드,315640,주요사항보고서(무상증자결정),2024-03-25,KOSDAQ,8344.0,8160.0,7874.0,8261.0,-0.02205177372962608,-0.056327900287631794,-0.009947267497603107,,2024-03-25,2024-03-26,2024-03-27,2024-04-01,NAVER_FINANCE_DOMESTIC_INDEX_DAILY,KOSDAQ,913.69,916.09,911.25,912.45,0.0026267114666900238,-0.00267048999113495,-0.001357134257789827,-0.024678485196316102,-0.053657410296496844,-0.00859013323981328,complete
715553,20240325900567,01344831,딥노이드,315640,주권매매거래정지              (무상증자),2024-03-25,KOSDAQ,8344.0,8160.0,7874.0,8261.0,-0.02205177372962608,-0.056327900287631794,-0.009947267497603107,,2024-03-25,2024-03-26,2024-03-27,2024-04-01,NAVER_FINANCE_DOMESTIC_INDEX_DAILY,KOSDAQ,913.69,916.09,911.25,912.45,0.0026267114666900238,-0.00267048999113495,-0.001357134257789827,-0.024678485196316102,-0.053657410296496844,-0.00859013323981328,complete
685139,20240405900844,01344831,딥노이드,315640,권리락              (무상증자),2024-04-05,KOSDAQ,7667.0,7225.0,6968.0,6581.0,-0.05764966740576494,-0.09116994913264642,-0.14164601539063515,,2024-04-05,2024-04-08,2024-04-09,2024-04-15,NAVER_FINANCE_DOMESTIC_INDEX_DAILY,KOSDAQ,872.29,860.57,859.33,852.42,-0.013435898611700137,-0.014857444198603575,-0.02277912162239626,-0.0442137687940648,-0.07631250493404285,-0.11886689376823889,complete
1252285,20211124900336,00357740,NHN KCP,060250,권리락(무상증자),2021-11-24,KOSDAQ,35155.0,33045.0,31743.0,29588.0,-0.060019911819086946,-0.09705589532072256,-0.1583558526525387,,2021-11-24,2021-11-25,2021-11-26,2021-12-01,NAVER_FINANCE_DOMESTIC_INDEX_DAILY,KOSDAQ,1020.13,1015.66,1005.89,977.15,-0.004381794477174461,-0.013959005224824295,-0.04213188515189248,-0.055638117341912485,-0.08309689009589827,-0.11622396750064623,complete
1252284,20211124900342,00892526,디케이앤디,263020,권리락(무상증자),2021-11-24,KOSDAQ,5750.0,5600.0,4760.0,4295.0,-0.02608695652173909,-0.1721739130434783,-0.2530434782608696,,2021-11-24,2021-11-25,2021-11-26,2021-12-01,NAVER_FINANCE_DOMESTIC_INDEX_DAILY,KOSDAQ,1020.13,1015.66,1005.89,977.15,-0.004381794477174461,-0.013959005224824295,-0.04213188515189248,-0.02170516204456463,-0.158214907818654,-0.2109115931089771,complete
1251910,20211125000028,00875237,씨앤투스,352700,주요사항보고서(무상증자결정),2021-11-25,KOSDAQ,9217.0,10134.0,10575.0,11458.0,0.09949007269176513,0.14733644352826292,0.24313768037322347,,2021-11-25,2021-11-26,2021-11-29,2021-12-02,NAVER_FINANCE_DOMESTIC_INDEX_DAILY,KOSDAQ,1015.66,1005.89,992.34,977.43,-0.009619360809719812,-0.022960439517161202,-0.03764054900261904,0.10910943350148494,0.17029688304542412,0.2807782293758425,complete
1251909,20211125900190,00875237,씨앤투스,352700,주권매매거래정지(무상증자),2021-11-25,KOSDAQ,9217.0,10134.0,10575.0,11458.0,0.09949007269176513,0.14733644352826292,0.24313768037322347,,2021-11-25,2021-11-26,2021-11-29,2021-12-02,NAVER_FINANCE_DOMESTIC_INDEX_DAILY,KOSDAQ,1015.66,1005.89,992.34,977.43,-0.009619360809719812,-0.022960439517161202,-0.03764054900261904,0.10910943350148494,0.17029688304542412,0.2807782293758425,complete
1243746,20211208900318,00875237,씨앤투스,352700,권리락(무상증자),2021-12-08,KOSDAQ,9930.0,12900.0,10700.0,9980.0,0.29909365558912393,0.07754279959718025,0.0050352467270895485,,2021-12-08,2021-12-09,2021-12-10,2021-12-15,NAVER_FINANCE_DOMESTIC_INDEX_DAILY,KOSDAQ,1006.04,1022.87,1011.57,1003.52,0.016728957099121367,0.005496799332034508,-0.00250487058168658,0.28236469849000256,0.07204600026514574,0.007540117308776129,complete
1250735,20211126900354,01014718,제노코,361390,권리락(무상증자),2021-11-26,KOSDAQ,46700.0,60700.0,60700.0,45950.0,0.2997858672376874,0.2997858672376874,-0.016059957173447548,,2021-11-26,2021-11-29,2021-11-30,2021-12-03,NAVER_FINANCE_DOMESTIC_INDEX_DAILY,KOSDAQ,1005.89,992.34,965.63,998.47,-0.01347065782540835,-0.04002425712553059,-0.007376552108083301,0.31325652506309576,0.339810124363218,-0.008683405065364247,complete
1246271,20211201900462,01309795,알로이스,297570,권리락(무상증자),2021-12-01,KOSDAQ,3170.0,2975.0,2870.0,2790.0,-0.061514195583596165,-0.09463722397476337,-0.11987381703470035,,2021-12-01,2021-12-02,2021-12-03,2021-12-08,NAVER_FINANCE_DOMESTIC_INDEX_DAILY,KOSDAQ,977.15,977.43,998.47,1006.04,0.00028654761295610065,0.02181855395793897,0.029565573351072016,-0.061800743196552266,-0.11645577793270234,-0.14943939038577236,complete
1245681,20211202000328,01343665,RF머트리얼즈,327260,주요사항보고서(무상증자결정),2021-12-02,KOSDAQ,14298.0,16492.0,15777.0,16147.0,0.15344803469016655,0.10344104070499371,0.129318785844174,,2021-12-02,2021-12-03,2021-12-06,2021-12-09,NAVER_FINANCE_DOMESTIC_INDEX_DAILY,KOSDAQ,977.43,998.47,991.87,1022.87,0.02152583816743925,0.014773436460923106,0.04648926265819564,0.1319221965227273,0.08866760424407061,0.08282952318597836,complete
1245680,20211202900442,01343665,RF머트리얼즈,327260,주권매매거래정지(무상증자),2021-12-02,KOSDAQ,14298.0,16492.0,15777.0,16147.0,0.15344803469016655,0.10344104070499371,0.129318785844174,,2021-12-02,2021-12-03,2021-12-06,2021-12-09,NAVER_FINANCE_DOMESTIC_INDEX_DAILY,KOSDAQ,977.43,998.47,991.87,1022.87,0.02152583816743925,0.014773436460923106,0.04648926265819564,0.1319221965227273,0.08866760424407061,0.08282952318597836,complete
1238615,20211216901389,01343665,RF머트리얼즈,327260,권리락(무상증자),2021-12-16,KOSDAQ,15408.0,14423.0,13882.0,13636.0,-0.06392782969885769,-0.09903946002076847,-0.11500519210799587,,2021-12-16,2021-12-17,2021-12-20,2021-12-23,NAVER_FINANCE_DOMESTIC_INDEX_DAILY,KOSDAQ,1007.86,1001.26,990.51,1003.31,-0.006548528565475387,-0.017214692516817842,-0.00451451590498686,-0.0573793011333823,-0.08182476750395062,-0.11049067620300901,complete
1245169,20211203900385,00554352,아이큐어,175250,권리락(무상증자),2021-12-03,KOSDAQ,16001.0,15397.0,15359.0,16416.0,-0.03774764077245174,-0.04012249234422849,0.025935879007562113,,2021-12-03,2021-12-06,2021-12-07,2021-12-10,NAVER_FINANCE_DOMESTIC_INDEX_DAILY,KOSDAQ,998.47,991.87,996.64,1011.57,-0.0066101134736146205,-0.001832804190411319,0.013120073712780567,-0.03113752729883712,-0.03828968815381717,0.012815805294781546,complete
1061497,20220919000261,00554352,아이큐어,175250,주요사항보고서(유무상증자결정),2022-09-19,KOSDAQ,7359.0,5155.0,4846.0,4287.0,-0.29949721429542053,-0.34148661502921596,-0.4174480228291888,,2022-09-19,2022-09-20,2022-09-21,2022-09-26,NAVER_FINANCE_DOMESTIC_INDEX_DAILY,KOSDAQ,751.91,760.35,754.89,692.37,0.011224747642670119,0.003963240281416702,-0.07918500884414359,-0.31072196193809065,-0.34544985531063266,-0.3382630139850452,complete
1061498,20220919900395,00554352,아이큐어,175250,주권매매거래정지(무상증자),2022-09-19,KOSDAQ,7359.0,5155.0,4846.0,4287.0,-0.29949721429542053,-0.34148661502921596,-0.4174480228291888,,2022-09-19,2022-09-20,2022-09-21,2022-09-26,NAVER_FINANCE_DOMESTIC_INDEX_DAILY,KOSDAQ,751.91,760.35,754.89,692.37,0.011224747642670119,0.003963240281416702,-0.07918500884414359,-0.31072196193809065,-0.34544985531063266,-0.3382630139850452,complete
1021795,20221213900697,00554352,아이큐어,175250,권리락(무상증자),2022-12-13,KOSDAQ,3115.0,3555.0,3270.0,3865.0,0.1412520064205458,0.049759229534510396,0.2407704654895666,,2022-12-13,2022-12-14,2022-12-15,2022-12-20,NAVER_FINANCE_DOMESTIC_INDEX_DAILY,KOSDAQ,715.16,729.0,722.68,703.13,0.0193523127691706,0.010515129481514673,-0.01682141059343356,0.12189969365137521,0.03924410005299572,0.25759187608300016,complete
1244631,20211206000320,00145109,유한양행,000100,주요사항보고서(무상증자결정),2021-12-06,KOSPI,52658.0,54323.0,54587.0,55462.0,0.031619127198146524,0.03663261042956445,0.05324926886702874,,2021-12-06,2021-12-07,2021-12-08,2021-12-13,NAVER_FINANCE_DOMESTIC_INDEX_DAILY,KOSPI,2973.25,2991.72,3001.8,3001.66,0.006212057512822611,0.009602287059614856,0.009555200538131636,0.025407069685323913,0.027030323369949594,0.04369406832889711,complete
1033557,20221122000074,00145109,유한양행,000100,주요사항보고서(무상증자결정),2022-11-22,KOSPI,53375.0,53008.0,53558.0,52551.0,-0.006875878220140463,0.0034285714285713365,-0.015437939110070298,,2022-11-22,2022-11-23,2022-11-24,2022-11-29,NAVER_FINANCE_DOMESTIC_INDEX_DAILY,KOSPI,2405.27,2418.01,2441.33,2433.39,0.005296702657082264,0.014992079891238852,0.01169099518972927,-0.012172580877222727,-0.011563508462667516,-0.027128934299799567,complete
797299,20231124000264,00145109,유한양행,000100,주요사항보고서(무상증자결정),2023-11-24,KOSPI,59243.0,59243.0,60104.0,58860.0,0.0,0.014533362591361065,-0.006464898806610053,,2023-11-24,2023-11-27,2023-11-28,2023-12-01,NAVER_FINANCE_DOMESTIC_INDEX_DAILY,KOSPI,2496.63,2495.66,2521.76,2505.01,-0.0003885237299880995,0.010065568386184554,0.003356524595154342,0.0003885237299880995,0.004467794205176512,-0.009821423401764395,complete
1243088,20211209000421,00992871,종근당,185750,주요사항보고서(무상증자결정),2021-12-09,KOSPI,96796.0,96380.0,95134.0,98873.0,-0.004297698251993887,-0.01717013099714859,0.021457498243729,,2021-12-09,2021-12-10,2021-12-13,2021-12-16,NAVER_FINANCE_DOMESTIC_INDEX_DAILY,KOSPI,3029.57,3010.23,3001.66,3006.41,-0.006383744227728694,-0.0092125285106468,-0.007644649240651447,0.002086045975734807,-0.007957602486501791,0.029102147484380447,complete
1024226,20221208000282,00992871,종근당,185750,주요사항보고서(무상증자결정),2022-12-08,KOSPI,74422.0,76511.0,74856.0,78861.0,0.02806965682190743,0.005831608932842514,0.05964634113568579,,2022-12-08,2022-12-09,2022-12-12,2022-12-15,NAVER_FINANCE_DOMESTIC_INDEX_DAILY,KOSPI,2371.08,2389.04,2373.02,2360.97,0.007574607351924056,0.0008181925536043799,-0.004263879750999622,0.020495049469983373,0.005013416379238134,0.06391022088668541,complete
784394,20231214000549,00992871,종근당,185750,주요사항보고서(무상증자결정),2023-12-14,KOSPI,115779.0,115050.0,117146.0,120246.0,-0.006296478636022118,0.01180697708565459,0.03858212629233271,,2023-12-14,2023-12-15,2023-12-18,2023-12-21,NAVER_FINANCE_DOMESTIC_INDEX_DAILY,KOSPI,2544.18,2563.56,2566.86,2600.02,0.00761738556234226,0.008914463599273725,0.021948132600680736,-0.013913864198364378,0.0028925134863808655,0.01663399369165197,complete
535615,20241216000316,00992871,종근당,185750,주요사항보고서(무상증자결정),2024-12-16,KOSPI,86452.0,88553.0,88171.0,88553.0,0.024302503123120323,0.01988386619164384,0.024302503123120323,,2024-12-16,2024-12-17,2024-12-18,2024-12-23,NAVER_FINANCE_DOMESTIC_INDEX_DAILY,KOSPI,2488.97,2456.81,2484.43,2442.01,-0.012921007485023894,-0.0018240476984455745,-0.018867242272907925,0.03722351060814422,0.021707913890089414,0.04316974539602825,complete
1243081,20211209800513,00149354,종근당홀딩스,001630,주요사항보고서(무상증자결정)(자회사의 주요경영사항),2021-12-09,KOSPI,76000.0,73600.0,74200.0,74500.0,-0.03157894736842104,-0.023684210526315752,-0.019736842105263164,,2021-12-09,2021-12-10,2021-12-13,2021-12-16,NAVER_FINANCE_DOMESTIC_INDEX_DAILY,KOSPI,3029.57,3010.23,3001.66,3006.41,-0.006383744227728694,-0.0092125285106468,-0.007644649240651447,-0.025195203140692346,-0.014471682015668952,-0.012092192864611717,complete
1024223,20221208800248,00149354,종근당홀딩스,001630,주요사항보고서(무상증자결정)(자회사의 주요경영사항),2022-12-08,KOSPI,55300.0,54700.0,54800.0,56400.0,-0.010849909584086825,-0.009041591320072317,0.019891500904159143,,2022-12-08,2022-12-09,2022-12-12,2022-12-15,NAVER_FINANCE_DOMESTIC_INDEX_DAILY,KOSPI,2371.08,2389.04,2373.02,2360.97,0.007574607351924056,0.0008181925536043799,-0.004263879750999622,-0.018424516936010882,-0.009859783873676697,0.024155380655158765,complete
784385,20231214801569,00149354,종근당홀딩스,001630,주요사항보고서(무상증자결정)(자회사의 주요경영사항),2023-12-14,KOSPI,60000.0,59900.0,59600.0,59200.0,-0.0016666666666667052,-0.00666666666666671,-0.013333333333333308,,2023-12-14,2023-12-15,2023-12-18,2023-12-21,NAVER_FINANCE_DOMESTIC_INDEX_DAILY,KOSPI,2544.18,2563.56,2566.86,2600.02,0.00761738556234226,0.008914463599273725,0.021948132600680736,-0.009284052229008966,-0.015581130265940435,-0.035281465934014045,complete
535603,20241216801786,00149354,종근당홀딩스,001630,주요사항보고서(무상증자결정)(자회사의 주요경영사항),2024-12-16,KOSPI,49750.0,50300.0,50400.0,50400.0,0.011055276381909618,0.01306532663316573,0.01306532663316573,,2024-12-16,2024-12-17,2024-12-18,2024-12-23,NAVER_FINANCE_DOMESTIC_INDEX_DAILY,KOSPI,2488.97,2456.81,2484.43,2442.01,-0.012921007485023894,-0.0018240476984455745,-0.018867242272907925,0.023976283866933512,0.014889374331611305,0.031932568906073655,complete
1242966,20211210000071,01136001,나노실리칸첨단소재,286750,주요사항보고서(무상증자결정),2021-12-10,KOSDAQ,3796.0,3801.0,3774.0,3605.0,0.0013171759747101497,-0.005795574288725014,-0.05031612223393045,,2021-12-10,2021-12-13,2021-12-14,2021-12-17,NAVER_FINANCE_DOMESTIC_INDEX_DAILY,KOSDAQ,1011.57,1005.96,1002.81,1001.26,-0.0055458346926066104,-0.00865980604407024,-0.010192077661457022,0.00686301066731676,0.0028642317553452257,-0.04012404457247343,complete
1242967,20211210900140,01136001,나노실리칸첨단소재,286750,주권매매거래정지(무상증자),2021-12-10,KOSDAQ,3796.0,3801.0,3774.0,3605.0,0.0013171759747101497,-0.005795574288725014,-0.05031612223393045,,2021-12-10,2021-12-13,2021-12-14,2021-12-17,NAVER_FINANCE_DOMESTIC_INDEX_DAILY,KOSDAQ,1011.57,1005.96,1002.81,1001.26,-0.0055458346926066104,-0.00865980604407024,-0.010192077661457022,0.00686301066731676,0.0028642317553452257,-0.04012404457247343,complete
1233168,20211228900710,01136001,나노실리칸첨단소재,286750,권배락(무상증자 및 배당),2021-12-28,KOSDAQ,4110.0,4080.0,3940.0,3960.0,-0.007299270072992692,-0.041362530413625254,-0.03649635036496346,,2021-12-28,2021-12-29,2021-12-30,2022-01-05,NAVER_FINANCE_DOMESTIC_INDEX_DAILY,KOSDAQ,1027.44,1028.05,1033.98,1009.62,0.0005937086350540355,0.006365335202055622,-0.017344078486335013,-0.007892978708046727,-0.047727865615680876,-0.019152271878628446,complete
1242080,20211213000117,00397252,조이시티,067000,주요사항보고서(무상증자결정),2021-12-13,KOSDAQ,9067.0,9200.0,9133.0,8533.0,0.01466857836108959,0.007279144149112238,-0.05889489357008937,,2021-12-13,2021-12-14,2021-12-15,2021-12-20,NAVER_FINANCE_DOMESTIC_INDEX_DAILY,KOSDAQ,1005.96,1002.81,1003.52,990.51,-0.0031313372301086106,-0.0024255437591952367,-0.015358463557199165,0.0177999155911982,0.009704687908307474,-0.043536430012890204,complete
1242081,20211213900263,00397252,조이시티,067000,주권매매거래정지(무상증자),2021-12-13,KOSDAQ,9067.0,9200.0,9133.0,8533.0,0.01466857836108959,0.007279144149112238,-0.05889489357008937,,2021-12-13,2021-12-14,2021-12-15,2021-12-20,NAVER_FINANCE_DOMESTIC_INDEX_DAILY,KOSDAQ,1005.96,1002.81,1003.52,990.51,-0.0031313372301086106,-0.0024255437591952367,-0.015358463557199165,0.0177999155911982,0.009704687908307474,-0.043536430012890204,complete
1233163,20211228900713,00397252,조이시티,067000,권배락(무상증자 및 배당),2021-12-28,KOSDAQ,10100.0,10250.0,10250.0,9550.0,0.014851485148514865,0.014851485148514865,-0.054455445544554504,,2021-12-28,2021-12-29,2021-12-30,2022-01-05,NAVER_FINANCE_DOMESTIC_INDEX_DAILY,KOSDAQ,1027.44,1028.05,1033.98,1009.62,0.0005937086350540355,0.006365335202055622,-0.017344078486335013,0.01425777651346083,0.008486149946459243,-0.03711136705821949,complete
1242016,20211213000179,00359395,헬릭스미스,084990,주요사항보고서(무상증자결정),2021-12-13,KOSDAQ,22145.0,23964.0,23964.0,23509.0,0.0821404380221269,0.0821404380221269,0.06159403928652063,,2021-12-13,2021-12-14,2021-12-15,2021-12-20,NAVER_FINANCE_DOMESTIC_INDEX_DAILY,KOSDAQ,1005.96,1002.81,1003.52,990.51,-0.0031313372301086106,-0.0024255437591952367,-0.015358463557199165,0.0852717752522355,0.08456598178132213,0.0769525028437198,complete
1233162,20211228900717,00359395,헬릭스미스,084990,권배락(무상증자 및 배당),2021-12-28,KOSDAQ,23600.0,22350.0,22700.0,21800.0,-0.052966101694915224,-0.03813559322033899,-0.07627118644067798,,2021-12-28,2021-12-29,2021-12-30,2022-01-05,NAVER_FINANCE_DOMESTIC_INDEX_DAILY,KOSDAQ,1027.44,1028.05,1033.98,1009.62,0.0005937086350540355,0.006365335202055622,-0.017344078486335013,-0.05355981032996926,-0.044500928422394614,-0.05892710795434297,complete
1240541,20211215000107,00149947,JW중외제약,001060,주요사항보고서(무상증자결정),2021-12-15,KOSPI,22453.0,22267.0,21712.0,21341.0,-0.008283970961564191,-0.03300227141139267,-0.04952567585623302,,2021-12-15,2021-12-16,2021-12-17,2021-12-22,NAVER_FINANCE_DOMESTIC_INDEX_DAILY,KOSPI,2989.39,3006.41,3017.73,2984.48,0.005693469236198734,0.009480194956161592,-0.001642475555213574,-0.013977440197762925,-0.04248246636755426,-0.047883200301019446,complete
985145,20230227003394,00149947,JW중외제약,001060,주요사항보고서(무상증자결정),2023-02-27,KOSPI,19908.0,19813.0,19861.0,20528.0,-0.004771950974482575,-0.0023608599557967125,0.03114325899136028,,2023-02-27,2023-02-28,2023-03-02,2023-03-07,NAVER_FINANCE_DOMESTIC_INDEX_DAILY,KOSPI,2402.64,2412.85,2427.85,2463.35,0.004249492225218976,0.010492624779409265,0.02526803849099335,-0.009021443199701551,-0.012853484735205978,0.005875220500366929,complete
782823,20231215000524,00149947,JW중외제약,001060,주요사항보고서(무상증자결정),2023-12-15,KOSPI,33053.0,35456.0,34770.0,36829.0,0.07270141893322846,0.05194687320364255,0.11424076483223922,,2023-12-15,2023-12-18,2023-12-19,2023-12-22,NAVER_FINANCE_DOMESTIC_INDEX_DAILY,KOSPI,2563.56,2566.86,2568.55,2599.51,0.0012872723868371239,0.0019465118819144145,0.014023467365694708,0.07141414654639133,0.05000036132172814,0.10021729746654451,complete
1240491,20211215000122,00110431,JW신약,067290,주요사항보고서(무상증자결정),2021-12-15,KOSDAQ,3377.0,3350.0,3256.0,3200.0,-0.007995262066923359,-0.03583061889250816,-0.0524133846609417,,2021-12-15,2021-12-16,2021-12-17,2021-12-22,NAVER_FINANCE_DOMESTIC_INDEX_DAILY,KOSDAQ,1003.52,1007.86,1001.26,1000.13,0.004324776785714413,-0.0022520727040816757,-0.003378109056122458,-0.012320038852637771,-0.033578546188426484,-0.04903527560481924,complete
1233171,20211228900705,00110431,JW신약,067290,권배락(무상증자 및 배당),2021-12-28,KOSDAQ,3248.0,3331.0,3326.0,4257.0,0.025554187192118327,0.02401477832512322,0.31065270935960587,,2021-12-28,2021-12-29,2021-12-30,2022-01-05,NAVER_FINANCE_DOMESTIC_INDEX_DAILY,KOSDAQ,1027.44,1028.05,1033.98,1009.62,0.0005937086350540355,0.006365335202055622,-0.017344078486335013,0.024960478557064292,0.0176494431230676,0.3279967878459409,complete
1020114,20221215000285,00110431,JW신약,067290,주요사항보고서(무상증자결정),2022-12-15,KOSDAQ,3009.0,3088.0,3038.0,3207.0,0.026254569624460045,0.009637753406447347,0.06580259222333007,,2022-12-15,2022-12-16,2022-12-19,2022-12-22,NAVER_FINANCE_DOMESTIC_INDEX_DAILY,KOSDAQ,722.68,717.41,717.22,715.02,-0.007292300880057501,-0.00755521115846558,-0.010599435434770488,0.033546870504517545,0.017192964564912927,0.07640202765810056,complete
1014013,20221227900874,00110431,JW신약,067290,권배락(무상증자 및 배당),2022-12-27,KOSDAQ,3146.0,3249.0,3137.0,2959.0,0.03273998728544192,-0.0028607755880483143,-0.05944055944055948,,2022-12-27,2022-12-28,2022-12-29,2023-01-04,NAVER_FINANCE_DOMESTIC_INDEX_DAILY,KOSDAQ,704.19,692.37,679.29,683.67,-0.016785242619179574,-0.0353597750607082,-0.029139862821113804,0.04952522990462149,0.032498999472659884,-0.030300696619445677,complete
782830,20231215000521,00110431,JW신약,067290,주요사항보고서(무상증자결정),2023-12-15,KOSDAQ,2122.0,2164.0,2186.0,2234.0,0.019792648444863392,0.03016022620169645,0.0527803958529689,,2023-12-15,2023-12-18,2023-12-19,2023-12-22,NAVER_FINANCE_DOMESTIC_INDEX_DAILY,KOSDAQ,838.31,850.96,858.3,854.62,0.015089883217425548,0.023845594111963297,0.019455809903257792,0.004702765227437844,0.006314632089733152,0.033324585949711105,complete
778608,20231226900907,00110431,JW신약,067290,권배락(무상증자 및 배당),2023-12-26,KOSDAQ,2199.0,2249.0,2249.0,2222.0,0.02273760800363811,0.02273760800363811,0.010459299681673473,,2023-12-26,2023-12-27,2023-12-28,2024-01-04,NAVER_FINANCE_DOMESTIC_INDEX_DAILY,KOSDAQ,848.34,859.79,866.57,866.25,0.013496946978805546,0.021489025626517666,0.021111818374708324,0.009240661024832564,0.001248582377120444,-0.010652518693034851,complete
535523,20241216000369,00110431,JW신약,067290,주요사항보고서(무상증자결정),2024-12-16,KOSDAQ,1569.0,1531.0,1537.0,1440.0,-0.02421924792861696,-0.020395156150414318,-0.0822179732313576,,2024-12-16,2024-12-17,2024-12-18,2024-12-23,NAVER_FINANCE_DOMESTIC_INDEX_DAILY,KOSDAQ,698.53,694.47,697.57,679.24,-0.005812205631826717,-0.0013743146321559818,-0.02761513463988652,-0.018407042296790244,-0.019020841518258336,-0.05460283859147108,complete
530310,20241226901037,00110431,JW신약,067290,권배락              (무상증자 및 배당),2024-12-26,KOSDAQ,1459.0,1412.0,1437.0,1543.0,-0.03221384509938319,-0.015078821110349527,0.05757368060315282,,2024-12-26,2024-12-27,2024-12-30,2025-01-06,NAVER_FINANCE_DOMESTIC_INDEX_DAILY,KOSDAQ,675.64,665.97,678.19,717.96,-0.01431235569238054,0.0037741992777220457,0.06263690722870185,-0.017901489407002646,-0.018853020388071573,-0.005063226625549033,complete
288720,20251216000254,00110431,JW신약,067290,주요사항보고서(무상증자결정),2025-12-16,KOSDAQ,1802.0,2053.0,1846.0,1920.0,0.13928967813540516,0.02441731409544956,0.06548279689234193,,2025-12-16,2025-12-17,2025-12-18,2025-12-23,NAVER_FINANCE_DOMESTIC_INDEX_DAILY,KOSDAQ,916.11,911.07,901.33,919.56,-0.005501522742902054,-0.01613343375795484,0.0037659233061531072,0.1447912008783072,0.0405507478534044,0.061716873586188825,complete
281518,20251229900727,00110431,JW신약,067290,권리락              (무상증자),2025-12-29,KOSDAQ,2025.0,2130.0,2100.0,1906.0,0.051851851851851816,0.03703703703703698,-0.05876543209876539,,2025-12-29,2025-12-30,2026-01-02,2026-01-07,NAVER_FINANCE_DOMESTIC_INDEX_DAILY,KOSDAQ,932.59,925.47,945.57,947.39,-0.0076346518834643495,0.013918227731371857,0.015869782004953814,0.059486503735316165,0.023118809305665122,-0.0746352141037192,complete
1240473,20211215000135,00632304,JW홀딩스,096760,주요사항보고서(무상증자결정),2021-12-15,KOSPI,3263.0,3270.0,3248.0,3160.0,0.0021452650934723483,-0.004596996628869143,-0.031566043518234776,,2021-12-15,2021-12-16,2021-12-17,2021-12-22,NAVER_FINANCE_DOMESTIC_INDEX_DAILY,KOSPI,2989.39,3006.41,3017.73,2984.48,0.005693469236198734,0.009480194956161592,-0.001642475555213574,-0.0035482041427263855,-0.014077191585030735,-0.029923567963021203,complete
1240539,20211215800441,00632304,JW홀딩스,096760,주요사항보고서(무상증자결정)(자회사의 주요경영사항),2021-12-15,KOSPI,3263.0,3270.0,3248.0,3160.0,0.0021452650934723483,-0.004596996628869143,-0.031566043518234776,,2021-12-15,2021-12-16,2021-12-17,2021-12-22,NAVER_FINANCE_DOMESTIC_INDEX_DAILY,KOSPI,2989.39,3006.41,3017.73,2984.48,0.005693469236198734,0.009480194956161592,-0.001642475555213574,-0.0035482041427263855,-0.014077191585030735,-0.029923567963021203,complete
985182,20230227003208,00632304,JW홀딩스,096760,주요사항보고서(무상증자결정),2023-02-27,KOSPI,2914.0,2976.0,3014.0,3043.0,0.02127659574468077,0.034317089910775644,0.044269045984900446,,2023-02-27,2023-02-28,2023-03-02,2023-03-07,NAVER_FINANCE_DOMESTIC_INDEX_DAILY,KOSPI,2402.64,2412.85,2427.85,2463.35,0.004249492225218976,0.010492624779409265,0.02526803849099335,0.017027103519461795,0.02382446513136638,0.019001007493907096,complete
985097,20230227800311,00632304,JW홀딩스,096760,주요사항보고서(무상증자결정)(자회사의 주요경영사항),2023-02-27,KOSPI,2914.0,2976.0,3014.0,3043.0,0.02127659574468077,0.034317089910775644,0.044269045984900446,,2023-02-27,2023-02-28,2023-03-02,2023-03-07,NAVER_FINANCE_DOMESTIC_INDEX_DAILY,KOSPI,2402.64,2412.85,2427.85,2463.35,0.004249492225218976,0.010492624779409265,0.02526803849099335,0.017027103519461795,0.02382446513136638,0.019001007493907096,complete
782835,20231215000515,00632304,JW홀딩스,096760,주요사항보고서(무상증자결정),2023-12-15,KOSPI,3285.0,3408.0,3427.0,3560.0,0.037442922374429255,0.043226788432267904,0.08371385083713845,,2023-12-15,2023-12-18,2023-12-19,2023-12-22,NAVER_FINANCE_DOMESTIC_INDEX_DAILY,KOSPI,2563.56,2566.86,2568.55,2599.51,0.0012872723868371239,0.0019465118819144145,0.014023467365694708,0.03615564998759213,0.04128027655035349,0.06969038347144374,complete
782818,20231215801953,00632304,JW홀딩스,096760,주요사항보고서(무상증자결정)(자회사의 주요경영사항),2023-12-15,KOSPI,3285.0,3408.0,3427.0,3560.0,0.037442922374429255,0.043226788432267904,0.08371385083713845,,2023-12-15,2023-12-18,2023-12-19,2023-12-22,NAVER_FINANCE_DOMESTIC_INDEX_DAILY,KOSPI,2563.56,2566.86,2568.55,2599.51,0.0012872723868371239,0.0019465118819144145,0.014023467365694708,0.03615564998759213,0.04128027655035349,0.06969038347144374,complete
1239986,20211215000323,01112889,피엔에이치테크,239890,주요사항보고서(무상증자결정),2021-12-15,KOSDAQ,26850.0,26350.0,25300.0,24650.0,-0.01862197392923648,-0.05772811918063314,-0.08193668528864062,,2021-12-15,2021-12-16,2021-12-17,2021-12-22,NAVER_FINANCE_DOMESTIC_INDEX_DAILY,KOSDAQ,1003.52,1007.86,1001.26,1000.13,0.004324776785714413,-0.0022520727040816757,-0.003378109056122458,-0.022946750714950892,-0.055476046476551466,-0.07855857623251816,complete
1239984,20211215901098,01112889,피엔에이치테크,239890,주권매매거래정지(무상증자),2021-12-15,KOSDAQ,26850.0,26350.0,25300.0,24650.0,-0.01862197392923648,-0.05772811918063314,-0.08193668528864062,,2021-12-15,2021-12-16,2021-12-17,2021-12-22,NAVER_FINANCE_DOMESTIC_INDEX_DAILY,KOSDAQ,1003.52,1007.86,1001.26,1000.13,0.004324776785714413,-0.0022520727040816757,-0.003378109056122458,-0.022946750714950892,-0.055476046476551466,-0.07855857623251816,complete
1233019,20211228900892,01112889,피엔에이치테크,239890,권리락(무상증자),2021-12-28,KOSDAQ,26550.0,28950.0,29200.0,27650.0,0.09039548022598876,0.09981167608286245,0.04143126177024481,,2021-12-28,2021-12-29,2021-12-30,2022-01-05,NAVER_FINANCE_DOMESTIC_INDEX_DAILY,KOSDAQ,1027.44,1028.05,1033.98,1009.62,0.0005937086350540355,0.006365335202055622,-0.017344078486335013,0.08980177159093472,0.09344634088080683,0.05877534025657982,complete
1239936,20211215000350,00264228,위즈코프,038620,주요사항보고서(무상증자결정),2021-12-15,KOSDAQ,12740.0,13435.0,13315.0,12835.0,0.05455259026687598,0.04513343799058078,0.007456828885400224,,2021-12-15,2021-12-16,2021-12-17,2021-12-22,NAVER_FINANCE_DOMESTIC_INDEX_DAILY,KOSDAQ,1003.52,1007.86,1001.26,1000.13,0.004324776785714413,-0.0022520727040816757,-0.003378109056122458,0.050227813481161565,0.04738551069466246,0.010834937941522682,complete
1233017,20211228900894,00264228,위즈코프,038620,권리락(무상증자),2021-12-28,KOSDAQ,12050.0,12550.0,12050.0,10425.0,0.04149377593361003,0.0,-0.13485477178423233,,2021-12-28,2021-12-29,2021-12-30,2022-01-05,NAVER_FINANCE_DOMESTIC_INDEX_DAILY,KOSDAQ,1027.44,1028.05,1033.98,1009.62,0.0005937086350540355,0.006365335202055622,-0.017344078486335013,0.040900067298556,-0.006365335202055622,-0.11751069329789732,complete
1239785,20211215901370,00445054,하나마이크론,067310,권리락(무상증자),2021-12-15,KOSDAQ,15472.0,16327.0,15771.0,16199.0,0.055261116856256454,0.019325232678386817,0.04698810754912097,,2021-12-15,2021-12-16,2021-12-17,2021-12-22,NAVER_FINANCE_DOMESTIC_INDEX_DAILY,KOSDAQ,1003.52,1007.86,1001.26,1000.13,0.004324776785714413,-0.0022520727040816757,-0.003378109056122458,0.05093634007054204,0.021577305382468492,0.05036621660524343,complete
646932,20240517000362,00445054,하나마이크론,067310,주요사항보고서(유무상증자결정),2024-05-17,KOSDAQ,22610.0,19533.0,20516.0,19361.0,-0.13609022556390982,-0.0926138876603273,-0.14369747899159668,,2024-05-17,2024-05-20,2024-05-21,2024-05-24,NAVER_FINANCE_DOMESTIC_INDEX_DAILY,KOSDAQ,855.06,847.08,846.51,839.41,-0.00933267840853258,-0.009999298294856462,-0.01830280915959115,-0.12675754715537724,-0.08261458936547084,-0.12539466983200553,complete
607173,20240807900536,00445054,하나마이크론,067310,권리락              (무상증자),2024-08-07,KOSDAQ,15160.0,14420.0,15000.0,15350.0,-0.04881266490765168,-0.01055408970976257,0.01253298153034299,,2024-08-07,2024-08-08,2024-08-09,2024-08-14,NAVER_FINANCE_DOMESTIC_INDEX_DAILY,KOSDAQ,748.54,745.28,764.43,776.83,-0.004355144681646883,0.021227990488150272,0.03779357148582574,-0.0444575202260048,-0.03178208019791284,-0.02526058995548275,complete
1238918,20211216000268,00983271,NHN,181710,주요사항보고서(무상증자결정),2021-12-16,KOSPI,46426.0,49086.0,47938.0,49190.0,0.05729548098048509,0.03256795760996001,0.0595356050488951,,2021-12-16,2021-12-17,2021-12-20,2021-12-23,NAVER_FINANCE_DOMESTIC_INDEX_DAILY,KOSPI,3006.41,3017.73,2963.0,2998.17,0.003765288167615344,-0.01443914835301896,-0.002740810468299326,0.05353019281286975,0.04700710596297897,0.06227641551719443,complete
1238738,20211216000367,00828497,한미약품,128940,주요사항보고서(무상증자결정),2021-12-16,KOSPI,260870.0,265595.0,262760.0,262760.0,0.018112469812550325,0.007244987925020041,0.007244987925020041,,2021-12-16,2021-12-17,2021-12-20,2021-12-23,NAVER_FINANCE_DOMESTIC_INDEX_DAILY,KOSPI,3006.41,3017.73,2963.0,2998.17,0.003765288167615344,-0.01443914835301896,-0.002740810468299326,0.014347181644934981,0.021684136278039,0.009985798393319367,complete
1019898,20221215000392,00828497,한미약품,128940,주요사항보고서(무상증자결정),2022-12-15,KOSPI,279912.0,279912.0,279912.0,293883.0,0.0,0.0,0.04991211523621719,,2022-12-15,2022-12-16,2022-12-19,2022-12-22,NAVER_FINANCE_DOMESTIC_INDEX_DAILY,KOSPI,2360.97,2360.02,2352.17,2356.73,-0.00040237698911882447,-0.0037272815834168416,-0.0017958720356462399,0.00040237698911882447,0.0037272815834168416,0.05170798727186343,complete
784820,20231214000332,00828497,한미약품,128940,주요사항보고서(무상증자결정),2023-12-14,KOSPI,326716.0,322301.0,324264.0,322301.0,-0.0135132653436012,-0.0075049890424711,-0.0135132653436012,,2023-12-14,2023-12-15,2023-12-18,2023-12-21,NAVER_FINANCE_DOMESTIC_INDEX_DAILY,KOSPI,2544.18,2563.56,2566.86,2600.02,0.00761738556234226,0.008914463599273725,0.021948132600680736,-0.02113065090594346,-0.016419452641744825,-0.035461397944281936,complete
1238732,20211216000370,00161426,한미사이언스,008930,주요사항보고서(무상증자결정),2021-12-16,KOSPI,53355.0,54704.0,53645.0,52682.0,0.025283478586824115,0.005435291912660567,-0.012613625714553489,,2021-12-16,2021-12-17,2021-12-20,2021-12-23,NAVER_FINANCE_DOMESTIC_INDEX_DAILY,KOSPI,3006.41,3017.73,2963.0,2998.17,0.003765288167615344,-0.01443914835301896,-0.002740810468299326,0.02151819041920877,0.019874440265679527,-0.009872815246254163,complete
1238672,20211216801271,00161426,한미사이언스,008930,주요사항보고서(무상증자결정)(자회사의 주요경영사항),2021-12-16,KOSPI,53355.0,54704.0,53645.0,52682.0,0.025283478586824115,0.005435291912660567,-0.012613625714553489,,2021-12-16,2021-12-17,2021-12-20,2021-12-23,NAVER_FINANCE_DOMESTIC_INDEX_DAILY,KOSPI,3006.41,3017.73,2963.0,2998.17,0.003765288167615344,-0.01443914835301896,-0.002740810468299326,0.02151819041920877,0.019874440265679527,-0.009872815246254163,complete
1019886,20221215000401,00161426,한미사이언스,008930,주요사항보고서(무상증자결정),2022-12-15,KOSPI,34949.0,34949.0,34360.0,35096.0,0.0,-0.01685312884488832,0.004206128930727582,,2022-12-15,2022-12-16,2022-12-19,2022-12-22,NAVER_FINANCE_DOMESTIC_INDEX_DAILY,KOSPI,2360.97,2360.02,2352.17,2356.73,-0.00040237698911882447,-0.0037272815834168416,-0.0017958720356462399,0.00040237698911882447,-0.01312584726147148,0.006002000966373822,complete
1019865,20221215801355,00161426,한미사이언스,008930,주요사항보고서(무상증자결정)(자회사의 주요경영사항),2022-12-15,KOSPI,34949.0,34949.0,34360.0,35096.0,0.0,-0.01685312884488832,0.004206128930727582,,2022-12-15,2022-12-16,2022-12-19,2022-12-22,NAVER_FINANCE_DOMESTIC_INDEX_DAILY,KOSPI,2360.97,2360.02,2352.17,2356.73,-0.00040237698911882447,-0.0037272815834168416,-0.0017958720356462399,0.00040237698911882447,-0.01312584726147148,0.006002000966373822,complete
784785,20231214801023,00161426,한미사이언스,008930,주요사항보고서(무상증자결정)(자회사의 주요경영사항),2023-12-14,KOSPI,37100.0,36100.0,36450.0,37000.0,-0.02695417789757415,-0.01752021563342321,-0.0026954177897574594,,2023-12-14,2023-12-15,2023-12-18,2023-12-21,NAVER_FINANCE_DOMESTIC_INDEX_DAILY,KOSPI,2544.18,2563.56,2566.86,2600.02,0.00761738556234226,0.008914463599273725,0.021948132600680736,-0.03457156345991641,-0.026434679232696934,-0.024643550390438196,complete
1237929,20211217000406,00365624,아이윈,090150,주요사항보고서(무상증자결정),2021-12-17,KOSDAQ,5689.0,5373.0,4960.0,4936.0,-0.05554579012128669,-0.1281420284760063,-0.13236069608015466,,2021-12-17,2021-12-20,2021-12-21,2021-12-24,NAVER_FINANCE_DOMESTIC_INDEX_DAILY,KOSDAQ,1001.26,990.51,996.6,1007.42,-0.010736472045222989,-0.004654135788905944,0.006152248167309082,-0.0448093180760637,-0.12348789268710036,-0.13851294424746374,complete
1237928,20211217900556,00365624,아이윈,090150,주권매매거래정지(무상증자),2021-12-17,KOSDAQ,5689.0,5373.0,4960.0,4936.0,-0.05554579012128669,-0.1281420284760063,-0.13236069608015466,,2021-12-17,2021-12-20,2021-12-21,2021-12-24,NAVER_FINANCE_DOMESTIC_INDEX_DAILY,KOSDAQ,1001.26,990.51,996.6,1007.42,-0.010736472045222989,-0.004654135788905944,0.006152248167309082,-0.0448093180760637,-0.12348789268710036,-0.13851294424746374,complete
1233157,20211228900755,00365624,아이윈,090150,권배락(무상증자 및 배당),2021-12-28,KOSDAQ,4960.0,5500.0,5340.0,4545.0,0.1088709677419355,0.0766129032258065,-0.08366935483870963,,2021-12-28,2021-12-29,2021-12-30,2022-01-05,NAVER_FINANCE_DOMESTIC_INDEX_DAILY,KOSDAQ,1027.44,1028.05,1033.98,1009.62,0.0005937086350540355,0.006365335202055622,-0.017344078486335013,0.10827725910688146,0.07024756802375087,-0.06632527635237462,complete
1238027,20211217900462,01264438,자이언트스텝,289220,권리락(무상증자),2021-12-17,KOSDAQ,64000.0,73000.0,68600.0,75300.0,0.140625,0.07187499999999991,0.17656249999999996,,2021-12-17,2021-12-20,2021-12-21,2021-12-24,NAVER_FINANCE_DOMESTIC_INDEX_DAILY,KOSDAQ,1001.26,990.51,996.6,1007.42,-0.010736472045222989,-0.004654135788905944,0.006152248167309082,0.151361472045223,0.07652913578890586,0.17041025183269087,complete
1234702,20211224900649,01014055,에스트래픽,234300,권리락(무상증자),2021-12-24,KOSDAQ,5210.0,5240.0,5290.0,5280.0,0.0057581573896352545,0.015355086372360827,0.013435700575815668,,2021-12-24,2021-12-27,2021-12-28,2022-01-03,NAVER_FINANCE_DOMESTIC_INDEX_DAILY,KOSDAQ,1007.42,1011.36,1027.44,1037.83,0.003910980524508112,0.01987254571082575,0.03018601973357682,0.0018471768651271425,-0.004517459338464924,-0.01675031915776115,complete
1230014,20220103000315,00396925,엠로,058970,주요사항보고서(무상증자결정),2022-01-03,KOSDAQ,20275.0,20925.0,20750.0,21075.0,0.03205918618988912,0.023427866831072786,0.039457459926017346,,2022-01-03,2022-01-04,2022-01-05,2022-01-10,NAVER_FINANCE_DOMESTIC_INDEX_DAILY,KOSDAQ,1037.83,1031.66,1009.62,980.38,-0.005945096981201048,-0.02718171569524863,-0.055355886802270104,0.03800428317109017,0.05060958252632142,0.09481334672828745,complete
1230015,20220103900611,00396925,엠로,058970,주권매매거래정지(무상증자),2022-01-03,KOSDAQ,20275.0,20925.0,20750.0,21075.0,0.03205918618988912,0.023427866831072786,0.039457459926017346,,2022-01-03,2022-01-04,2022-01-05,2022-01-10,NAVER_FINANCE_DOMESTIC_INDEX_DAILY,KOSDAQ,1037.83,1031.66,1009.62,980.38,-0.005945096981201048,-0.02718171569524863,-0.055355886802270104,0.03800428317109017,0.05060958252632142,0.09481334672828745,complete
1224897,20220114900468,00396925,엠로,058970,권리락(무상증자),2022-01-14,KOSDAQ,20850.0,20750.0,20600.0,19350.0,-0.004796163069544335,-0.011990407673860948,-0.07194244604316546,,2022-01-14,2022-01-17,2022-01-18,2022-01-21,NAVER_FINANCE_DOMESTIC_INDEX_DAILY,KOSDAQ,971.39,957.9,943.94,942.85,-0.013887316114022163,-0.028258474968859026,-0.029380578346493103,0.009091153044477829,0.01626806729499808,-0.04256186769667236,complete
1224895,20220114900469,01274310,이오플로우,294090,권리락(무상증자),2022-01-14,KOSDAQ,22981.0,23919.0,23919.0,23591.0,0.04081632653061229,0.04081632653061229,0.026543666507114594,,2022-01-14,2022-01-17,2022-01-18,2022-01-21,NAVER_FINANCE_DOMESTIC_INDEX_DAILY,KOSDAQ,971.39,957.9,943.94,942.85,-0.013887316114022163,-0.028258474968859026,-0.029380578346493103,0.054703642644634454,0.06907480149947132,0.055924244853607696,complete
1221678,20220124000013,00604268,에이프로,262260,주요사항보고서(무상증자결정),2022-01-24,KOSDAQ,18625.0,19400.0,18625.0,17750.0,0.041610738255033475,0.0,-0.046979865771812124,,2022-01-24,2022-01-25,2022-01-26,2022-02-03,NAVER_FINANCE_DOMESTIC_INDEX_DAILY,KOSDAQ,915.4,889.44,882.09,891.6,-0.028359187240550532,-0.03638846405942753,-0.02599956303255402,0.069969925495584,0.03638846405942753,-0.020980302739258105,complete
1221677,20220124900077,00604268,에이프로,262260,주권매매거래정지(무상증자),2022-01-24,KOSDAQ,18625.0,19400.0,18625.0,17750.0,0.041610738255033475,0.0,-0.046979865771812124,,2022-01-24,2022-01-25,2022-01-26,2022-02-03,NAVER_FINANCE_DOMESTIC_INDEX_DAILY,KOSDAQ,915.4,889.44,882.09,891.6,-0.028359187240550532,-0.03638846405942753,-0.02599956303255402,0.069969925495584,0.03638846405942753,-0.020980302739258105,complete
1216896,20220204900774,00604268,에이프로,262260,권리락(무상증자),2022-02-04,KOSDAQ,18050.0,17300.0,16850.0,15650.0,-0.04155124653739617,-0.06648199445983383,-0.13296398891966754,,2022-02-04,2022-02-07,2022-02-08,2022-02-11,NAVER_FINANCE_DOMESTIC_INDEX_DAILY,KOSDAQ,902.87,899.4,895.27,877.42,-0.003843299699846092,-0.00841760164807781,-0.028187889729418436,-0.03770794683755008,-0.058064392811756016,-0.1047760991902491,complete
1221650,20220124000054,01409095,비트맥스,377030,주요사항보고서(유무상증자결정),2022-01-24,KOSDAQ,96043.0,90451.0,87651.0,75644.0,-0.05822392053559344,-0.08737752881521821,-0.2123944483200233,,2022-01-24,2022-01-25,2022-01-26,2022-02-03,NAVER_FINANCE_DOMESTIC_INDEX_DAILY,KOSDAQ,915.4,889.44,882.09,891.6,-0.028359187240550532,-0.03638846405942753,-0.02599956303255402,-0.02986473329504291,-0.05098906475579068,-0.18639488528746928,complete
1221651,20220124900208,01409095,비트맥스,377030,주권매매거래정지(무상증자),2022-01-24,KOSDAQ,96043.0,90451.0,87651.0,75644.0,-0.05822392053559344,-0.08737752881521821,-0.2123944483200233,,2022-01-24,2022-01-25,2022-01-26,2022-02-03,NAVER_FINANCE_DOMESTIC_INDEX_DAILY,KOSDAQ,915.4,889.44,882.09,891.6,-0.028359187240550532,-0.03638846405942753,-0.02599956303255402,-0.02986473329504291,-0.05098906475579068,-0.18639488528746928,complete
1132020,20220415900820,01409095,비트맥스,377030,권리락(무상증자),2022-04-15,KOSDAQ,87689.0,97473.0,93045.0,82704.0,0.1115761383982028,0.0610794968582149,-0.05684863551870811,,2022-04-15,2022-04-18,2022-04-19,2022-04-22,NAVER_FINANCE_DOMESTIC_INDEX_DAILY,KOSDAQ,924.44,918.23,931.56,922.78,-0.0067175803729826455,0.007701960105577221,-0.0017956817100083233,0.11829371877118544,0.05337753675263768,-0.05505295380869979,complete
1214338,20220209000473,00877174,엠브레인,169330,주요사항보고서(무상증자결정),2022-02-09,KOSDAQ,4455.0,5775.0,5825.0,5375.0,0.2962962962962963,0.3075196408529741,0.20650953984287312,,2022-02-09,2022-02-10,2022-02-11,2022-02-16,NAVER_FINANCE_DOMESTIC_INDEX_DAILY,KOSDAQ,910.53,895.68,877.42,878.15,-0.016309182564001157,-0.03636343667973596,-0.03556170581968743,0.31260547886029744,0.3438830775327101,0.24207124566256055,complete
1214343,20220209900902,00877174,엠브레인,169330,주권매매거래정지(무상증자),2022-02-09,KOSDAQ,4455.0,5775.0,5825.0,5375.0,0.2962962962962963,0.3075196408529741,0.20650953984287312,,2022-02-09,2022-02-10,2022-02-11,2022-02-16,NAVER_FINANCE_DOMESTIC_INDEX_DAILY,KOSDAQ,910.53,895.68,877.42,878.15,-0.016309182564001157,-0.03636343667973596,-0.03556170581968743,0.31260547886029744,0.3438830775327101,0.24207124566256055,complete
1205677,20220223900966,00877174,엠브레인,169330,권리락(무상증자),2022-02-23,KOSDAQ,5700.0,5170.0,5060.0,5050.0,-0.09298245614035083,-0.11228070175438598,-0.11403508771929827,,2022-02-23,2022-02-24,2022-02-25,2022-03-03,NAVER_FINANCE_DOMESTIC_INDEX_DAILY,KOSDAQ,877.33,848.21,872.98,912.32,-0.03319161546966365,-0.004958225525172999,0.039882370373747644,-0.059790840670687184,-0.10732247622921298,-0.1539174580930459,complete
1212838,20220211000093,00218575,황금에스티,032560,주요사항보고서(무상증자결정),2022-02-11,KOSPI,8175.0,8335.0,7968.0,8420.0,0.01957186544342515,-0.025321100917431227,0.02996941896024463,,2022-02-11,2022-02-14,2022-02-15,2022-02-18,NAVER_FINANCE_DOMESTIC_INDEX_DAILY,KOSPI,2747.71,2704.48,2676.54,2744.52,-0.015733101382605863,-0.025901568942865216,-0.0011609667686910408,0.035304966826031015,0.0005804680254339889,0.031130385728935672,complete
1211026,20220215000072,00238153,파세코,037070,주요사항보고서(무상증자결정),2022-02-15,KOSDAQ,17782.0,17466.0,16940.0,16695.0,-0.017770779439883033,-0.04735125407715668,-0.06112923180744578,,2022-02-15,2022-02-16,2022-02-17,2022-02-22,NAVER_FINANCE_DOMESTIC_INDEX_DAILY,KOSDAQ,839.92,878.15,874.22,868.11,0.04551623964187068,0.0408372225926279,0.033562720259072254,-0.06328701908175371,-0.08818847666978458,-0.09469195206651804,complete
1211027,20220215900133,00238153,파세코,037070,주권매매거래정지(무상증자),2022-02-15,KOSDAQ,17782.0,17466.0,16940.0,16695.0,-0.017770779439883033,-0.04735125407715668,-0.06112923180744578,,2022-02-15,2022-02-16,2022-02-17,2022-02-22,NAVER_FINANCE_DOMESTIC_INDEX_DAILY,KOSDAQ,839.92,878.15,874.22,868.11,0.04551623964187068,0.0408372225926279,0.033562720259072254,-0.06328701908175371,-0.08818847666978458,-0.09469195206651804,complete
1201880,20220225901039,00238153,파세코,037070,권리락(무상증자),2022-02-25,KOSDAQ,16800.0,19150.0,19700.0,19900.0,0.13988095238095233,0.17261904761904767,0.18452380952380953,,2022-02-25,2022-02-28,2022-03-02,2022-03-07,NAVER_FINANCE_DOMESTIC_INDEX_DAILY,KOSDAQ,872.98,881.07,895.45,881.54,0.009267108066622454,0.025739421292584108,0.009805493825746137,0.13061384431432987,0.14687962632646356,0.1747183156980634,complete
1210863,20220215000621,00657783,모델솔루션,417970,무상증자결정,2022-02-15,KOSDAQ,,,,,,,,no_price_data,,,,,NAVER_FINANCE_DOMESTIC_INDEX_DAILY,KOSDAQ,,,,,,,,,,,complete
1210180,20220216000607,00132202,선진뷰티사이언스,086710,주요사항보고서(무상증자결정),2022-02-16,KOSDAQ,7618.0,9899.0,9924.0,9347.0,0.2994224205828302,0.3027041218167499,0.2269624573378839,,2022-02-16,2022-02-17,2022-02-18,2022-02-23,NAVER_FINANCE_DOMESTIC_INDEX_DAILY,KOSDAQ,878.15,874.22,881.71,877.33,-0.004475317428685233,0.004053977110971996,-0.0009337812446620353,0.30389773801151543,0.2986501447057779,0.22789623858254593,complete
1210181,20220216900415,00132202,선진뷰티사이언스,086710,주권매매거래정지(무상증자),2022-02-16,KOSDAQ,7618.0,9899.0,9924.0,9347.0,0.2994224205828302,0.3027041218167499,0.2269624573378839,,2022-02-16,2022-02-17,2022-02-18,2022-02-23,NAVER_FINANCE_DOMESTIC_INDEX_DAILY,KOSDAQ,878.15,874.22,881.71,877.33,-0.004475317428685233,0.004053977110971996,-0.0009337812446620353,0.30389773801151543,0.2986501447057779,0.22789623858254593,complete
1194159,20220308901131,00132202,선진뷰티사이언스,086710,권리락(무상증자),2022-03-08,KOSDAQ,10500.0,9950.0,9320.0,8600.0,-0.05238095238095242,-0.11238095238095236,-0.18095238095238098,,2022-03-08,2022-03-10,2022-03-11,2022-03-16,NAVER_FINANCE_DOMESTIC_INDEX_DAILY,KOSDAQ,870.14,889.08,891.71,891.8,0.02176661226929011,0.02478911439538467,0.024892546027076135,-0.07414756465024253,-0.13717006677633703,-0.2058449269794571,complete
1207804,20220221001654,00111999,대원제약,003220,주요사항보고서(무상증자결정),2022-02-21,KOSPI,19038.0,19574.0,19087.0,18210.0,0.028154217880029364,0.002573799768883278,-0.04349196344153794,,2022-02-21,2022-02-22,2022-02-23,2022-02-28,NAVER_FINANCE_DOMESTIC_INDEX_DAILY,KOSPI,2743.8,2706.79,2719.53,2699.18,-0.013488592463007598,-0.008845396894817448,-0.016262118230191858,0.04164281034303696,0.011419196663700726,-0.027229845211346082,complete
1197568,20220303000447,00870481,에코캡,128540,주요사항보고서(유무상증자결정),2022-03-03,KOSDAQ,6884.0,6444.0,6135.0,5883.0,-0.06391632771644395,-0.10880302149912846,-0.14540964555490998,,2022-03-03,2022-03-04,2022-03-07,2022-03-11,NAVER_FINANCE_DOMESTIC_INDEX_DAILY,KOSDAQ,912.32,900.96,881.54,891.71,-0.012451771308312876,-0.033738162048404186,-0.02259075762890217,-0.05146455640813108,-0.07506485945072428,-0.12281888792600781,complete
1197567,20220303900575,00870481,에코캡,128540,주권매매거래정지(무상증자),2022-03-03,KOSDAQ,6884.0,6444.0,6135.0,5883.0,-0.06391632771644395,-0.10880302149912846,-0.14540964555490998,,2022-03-03,2022-03-04,2022-03-07,2022-03-11,NAVER_FINANCE_DOMESTIC_INDEX_DAILY,KOSDAQ,912.32,900.96,881.54,891.71,-0.012451771308312876,-0.033738162048404186,-0.02259075762890217,-0.05146455640813108,-0.07506485945072428,-0.12281888792600781,complete
1106793,20220610900529,00870481,에코캡,128540,권리락(무상증자),2022-06-10,KOSDAQ,8480.0,11000.0,9630.0,9570.0,0.2971698113207548,0.13561320754716988,0.1285377358490567,,2022-06-10,2022-06-13,2022-06-14,2022-06-17,NAVER_FINANCE_DOMESTIC_INDEX_DAILY,KOSDAQ,869.86,828.77,823.58,798.69,-0.04723748649207926,-0.0532039638562527,-0.08181776377807914,0.3444072978128341,0.18881717140342258,0.21035549962713584,complete
1196822,20220304000056,00104722,국제약품,002720,주요사항보고서(무상증자결정),2022-03-04,KOSPI,5012.0,5039.0,4938.0,4938.0,0.005387071029529178,-0.014764565043894673,-0.014764565043894673,,2022-03-04,2022-03-07,2022-03-08,2022-03-14,NAVER_FINANCE_DOMESTIC_INDEX_DAILY,KOSPI,2713.43,2651.31,2622.4,2645.65,-0.02289353327706989,-0.03354794485208745,-0.024979454048934313,0.028280604306599066,0.01878337980819278,0.01021488900503964,complete
982996,20230228001544,00104722,국제약품,002720,주요사항보고서(무상증자결정),2023-02-28,KOSPI,4474.0,4450.0,4436.0,4532.0,-0.00536432722396063,-0.008493518104604414,0.012963790791238328,,2023-02-28,2023-03-02,2023-03-03,2023-03-08,NAVER_FINANCE_DOMESTIC_INDEX_DAILY,KOSPI,2412.85,2427.85,2432.07,2431.91,0.006216714673518808,0.007965683735002171,0.007899372111817904,-0.011581041897479438,-0.016459201839606585,0.005064418679420424,complete
1187244,20220315000755,00454399,이상네트웍스,080010,주요사항보고서(무상증자결정),2022-03-15,KOSDAQ,7395.0,7549.0,7477.0,7414.0,0.020824881676808626,0.011088573360378717,0.0025693035835023803,,2022-03-15,2022-03-16,2022-03-17,2022-03-22,NAVER_FINANCE_DOMESTIC_INDEX_DAILY,KOSDAQ,871.22,891.8,914.13,924.67,0.023622047244094446,0.04925277197493161,0.06135074952365649,-0.0027971655672858198,-0.03816419861455289,-0.05878144594015411,complete
1170259,20220329902178,00454399,이상네트웍스,080010,권리락(무상증자),2022-03-29,KOSDAQ,7170.0,7170.0,7340.0,7760.0,0.0,0.023709902370990132,0.08228730822873076,,2022-03-29,2022-03-30,2022-03-31,2022-04-05,NAVER_FINANCE_DOMESTIC_INDEX_DAILY,KOSDAQ,937.83,939.07,944.53,952.47,0.0013222012518261383,0.007144151925188913,0.015610505102203964,-0.0013222012518261383,0.01656575044580122,0.0666768031265268,complete
1187150,20220315000847,00490179,플랜티넷,075130,주요사항보고서(무상증자결정),2022-03-15,KOSDAQ,3602.0,4681.0,4718.0,4761.0,0.2995558023320377,0.3098278734036646,0.32176568573014985,,2022-03-15,2022-03-16,2022-03-17,2022-03-22,NAVER_FINANCE_DOMESTIC_INDEX_DAILY,KOSDAQ,871.22,891.8,914.13,924.67,0.023622047244094446,0.04925277197493161,0.06135074952365649,0.27593375508794327,0.26057510142873297,0.26041493620649336,complete
1187152,20220315901308,00490179,플랜티넷,075130,주권매매거래정지(무상증자),2022-03-15,KOSDAQ,3602.0,4681.0,4718.0,4761.0,0.2995558023320377,0.3098278734036646,0.32176568573014985,,2022-03-15,2022-03-16,2022-03-17,2022-03-22,NAVER_FINANCE_DOMESTIC_INDEX_DAILY,KOSDAQ,871.22,891.8,914.13,924.67,0.023622047244094446,0.04925277197493161,0.06135074952365649,0.27593375508794327,0.26057510142873297,0.26041493620649336,complete
1170251,20220329902180,00490179,플랜티넷,075130,권리락(무상증자),2022-03-29,KOSDAQ,4810.0,4915.0,4890.0,4650.0,0.021829521829521914,0.016632016632016633,-0.033264033264033266,,2022-03-29,2022-03-30,2022-03-31,2022-04-05,NAVER_FINANCE_DOMESTIC_INDEX_DAILY,KOSDAQ,937.83,939.07,944.53,952.47,0.0013222012518261383,0.007144151925188913,0.015610505102203964,0.020507320577695776,0.00948786470682772,-0.04887453836623723,complete
1186097,20220316000285,00545114,랩지노믹스,084650,주요사항보고서(무상증자결정),2022-03-16,KOSDAQ,5299.0,5441.0,5524.0,5984.0,0.026797508963955385,0.04246084166823927,0.12926967352330632,,2022-03-16,2022-03-17,2022-03-18,2022-03-23,NAVER_FINANCE_DOMESTIC_INDEX_DAILY,KOSDAQ,891.8,914.13,922.96,930.57,0.025039246467817966,0.03494056963444736,0.04347387306570982,0.0017582624961374194,0.007520272033791908,0.0857958004575965,complete
1186098,20220316900476,00545114,랩지노믹스,084650,주권매매거래정지(무상증자),2022-03-16,KOSDAQ,5299.0,5441.0,5524.0,5984.0,0.026797508963955385,0.04246084166823927,0.12926967352330632,,2022-03-16,2022-03-17,2022-03-18,2022-03-23,NAVER_FINANCE_DOMESTIC_INDEX_DAILY,KOSDAQ,891.8,914.13,922.96,930.57,0.025039246467817966,0.03494056963444736,0.04347387306570982,0.0017582624961374194,0.007520272033791908,0.0857958004575965,complete
1168031,20220330901867,00545114,랩지노믹스,084650,권리락(무상증자),2022-03-30,KOSDAQ,5625.0,5900.0,5400.0,5100.0,0.04888888888888898,-0.040000000000000036,-0.09333333333333338,,2022-03-30,2022-03-31,2022-04-01,2022-04-06,NAVER_FINANCE_DOMESTIC_INDEX_DAILY,KOSDAQ,939.07,944.53,940.57,943.13,0.005814263047483115,0.0015973250130447703,0.004323426368641359,0.04307462584140587,-0.041597325013044806,-0.09765675970197474,complete
858593,20230724000170,00545114,랩지노믹스,084650,주요사항보고서(무상증자결정),2023-07-24,KOSDAQ,4915.0,4945.0,4750.0,4460.0,0.006103763987792554,-0.033570701932858604,-0.09257375381485244,,2023-07-24,2023-07-25,2023-07-26,2023-07-31,NAVER_FINANCE_DOMESTIC_INDEX_DAILY,KOSDAQ,929.9,939.96,900.63,935.97,0.010818367566405085,-0.03147650284976877,0.006527583611141141,-0.004714603578612531,-0.0020941990830898316,-0.09910133742599359,complete
858592,20230724900277,00545114,랩지노믹스,084650,주권매매거래정지(무상증자),2023-07-24,KOSDAQ,4915.0,4945.0,4750.0,4460.0,0.006103763987792554,-0.033570701932858604,-0.09257375381485244,,2023-07-24,2023-07-25,2023-07-26,2023-07-31,NAVER_FINANCE_DOMESTIC_INDEX_DAILY,KOSDAQ,929.9,939.96,900.63,935.97,0.010818367566405085,-0.03147650284976877,0.006527583611141141,-0.004714603578612531,-0.0020941990830898316,-0.09910133742599359,complete
852676,20230804900439,00545114,랩지노믹스,084650,권리락(무상증자),2023-08-04,KOSDAQ,4495.0,4480.0,4780.0,5420.0,-0.0033370411568409697,0.06340378197997776,0.20578420467185765,,2023-08-04,2023-08-07,2023-08-08,2023-08-11,NAVER_FINANCE_DOMESTIC_INDEX_DAILY,KOSDAQ,918.43,898.22,892.34,912.2,-0.02200494321831814,-0.028407173110634343,-0.006783315004953994,0.01866790206147717,0.0918109550906121,0.21256751967681164,complete
1183904,20220317000537,01423916,온코크로스,382150,주요사항보고서(무상증자결정),2022-03-17,KOSDAQ,,,,,,,,no_price_data,,,,,NAVER_FINANCE_DOMESTIC_INDEX_DAILY,KOSDAQ,,,,,,,,,,,complete
1179383,20220322000039,00808022,메지온,140410,주요사항보고서(무상증자결정),2022-03-22,KOSDAQ,28039.0,26203.0,25101.0,24066.0,-0.06548022397375086,-0.10478262420200435,-0.14169549555975602,,2022-03-22,2022-03-23,2022-03-24,2022-03-29,NAVER_FINANCE_DOMESTIC_INDEX_DAILY,KOSDAQ,924.67,930.57,931.75,937.83,0.00638065472006244,0.0076567856640747944,0.014232104426444181,-0.0718608786938133,-0.11243940986607914,-0.1559275999862002,complete
1179382,20220322900124,00808022,메지온,140410,주권매매거래정지(무상증자),2022-03-22,KOSDAQ,28039.0,26203.0,25101.0,24066.0,-0.06548022397375086,-0.10478262420200435,-0.14169549555975602,,2022-03-22,2022-03-23,2022-03-24,2022-03-29,NAVER_FINANCE_DOMESTIC_INDEX_DAILY,KOSDAQ,924.67,930.57,931.75,937.83,0.00638065472006244,0.0076567856640747944,0.014232104426444181,-0.0718608786938133,-0.11243940986607914,-0.1559275999862002,complete
1156931,20220404900694,00808022,메지온,140410,권리락(무상증자),2022-04-04,KOSDAQ,24200.0,24200.0,23600.0,23000.0,0.0,-0.024793388429752095,-0.04958677685950408,,2022-04-04,2022-04-05,2022-04-06,2022-04-11,NAVER_FINANCE_DOMESTIC_INDEX_DAILY,KOSDAQ,947.32,952.47,943.13,921.83,0.005436388970991857,-0.004423003842418671,-0.02690748638263729,-0.005436388970991857,-0.020370384587333423,-0.022679290476866787,complete
1179302,20220322000175,01109937,티앤알바이오팹,246710,주요사항보고서(무상증자결정),2022-03-22,KOSDAQ,17451.0,17026.0,16991.0,17098.0,-0.024353905220331207,-0.02635952094435845,-0.020228067159475116,,2022-03-22,2022-03-23,2022-03-24,2022-03-29,NAVER_FINANCE_DOMESTIC_INDEX_DAILY,KOSDAQ,924.67,930.57,931.75,937.83,0.00638065472006244,0.0076567856640747944,0.014232104426444181,-0.030734559940393646,-0.034016306608433244,-0.0344601715859193,complete
1179303,20220322900217,01109937,티앤알바이오팹,246710,주권매매거래정지(무상증자),2022-03-22,KOSDAQ,17451.0,17026.0,16991.0,17098.0,-0.024353905220331207,-0.02635952094435845,-0.020228067159475116,,2022-03-22,2022-03-23,2022-03-24,2022-03-29,NAVER_FINANCE_DOMESTIC_INDEX_DAILY,KOSDAQ,924.67,930.57,931.75,937.83,0.00638065472006244,0.0076567856640747944,0.014232104426444181,-0.030734559940393646,-0.034016306608433244,-0.0344601715859193,complete
1156930,20220404900695,01109937,티앤알바이오팹,246710,권리락(무상증자),2022-04-04,KOSDAQ,17062.0,19005.0,19677.0,20524.0,0.11387879498300313,0.15326456452936355,0.20290704489508848,,2022-04-04,2022-04-05,2022-04-06,2022-04-11,NAVER_FINANCE_DOMESTIC_INDEX_DAILY,KOSDAQ,947.32,952.47,943.13,921.83,0.005436388970991857,-0.004423003842418671,-0.02690748638263729,0.10844240601201127,0.15768756837178222,0.22981453127772578,complete
359878,20250801000893,01109937,티앤알바이오팹,246710,주요사항보고서(유무상증자결정),2025-08-01,KOSDAQ,2751.0,2161.0,2154.0,2140.0,-0.21446746637586334,-0.21701199563794982,-0.2221010541621229,,2025-08-01,2025-08-04,2025-08-05,2025-08-08,NAVER_FINANCE_DOMESTIC_INDEX_DAILY,KOSDAQ,772.79,784.06,798.6,809.27,0.01458352204350466,0.03339846530105217,0.047205579782347185,-0.229050988419368,-0.250410460939002,-0.2693066339444701,complete
359877,20250801900933,01109937,티앤알바이오팹,246710,주권매매거래정지              (무상증자),2025-08-01,KOSDAQ,2751.0,2161.0,2154.0,2140.0,-0.21446746637586334,-0.21701199563794982,-0.2221010541621229,,2025-08-01,2025-08-04,2025-08-05,2025-08-08,NAVER_FINANCE_DOMESTIC_INDEX_DAILY,KOSDAQ,772.79,784.06,798.6,809.27,0.01458352204350466,0.03339846530105217,0.047205579782347185,-0.229050988419368,-0.250410460939002,-0.2693066339444701,complete
318069,20251028900648,01109937,티앤알바이오팹,246710,권리락              (무상증자),2025-10-28,KOSDAQ,1954.0,1950.0,1866.0,1652.0,-0.0020470829068577334,-0.045035823950870024,-0.15455475946775843,,2025-10-28,2025-10-29,2025-10-30,2025-11-04,NAVER_FINANCE_DOMESTIC_INDEX_DAILY,KOSDAQ,903.3,901.59,890.86,926.57,-0.0018930587844568914,-0.013771725893944375,0.025761098195505427,-0.00015402412240084207,-0.03126409805692565,-0.18031585766326386,complete
1176193,20220324000038,00766106,엣지파운드리,105550,주요사항보고서(무상증자결정),2022-03-24,KOSDAQ,4060.0,3995.0,3975.0,3935.0,-0.016009852216748777,-0.020935960591133007,-0.030788177339901468,,2022-03-24,2022-03-25,2022-03-28,2022-03-31,NAVER_FINANCE_DOMESTIC_INDEX_DAILY,KOSDAQ,931.75,934.69,927.11,944.53,0.003155352830694902,-0.004979876576334807,0.013716125570163662,-0.01916520504744368,-0.0159560840147982,-0.04450430291006513,complete
1176194,20220324900117,00766106,엣지파운드리,105550,주권매매거래정지(무상증자),2022-03-24,KOSDAQ,4060.0,3995.0,3975.0,3935.0,-0.016009852216748777,-0.020935960591133007,-0.030788177339901468,,2022-03-24,2022-03-25,2022-03-28,2022-03-31,NAVER_FINANCE_DOMESTIC_INDEX_DAILY,KOSDAQ,931.75,934.69,927.11,944.53,0.003155352830694902,-0.004979876576334807,0.013716125570163662,-0.01916520504744368,-0.0159560840147982,-0.04450430291006513,complete
1150441,20220406900716,00766106,엣지파운드리,105550,권리락(무상증자),2022-04-06,KOSDAQ,3930.0,3965.0,4000.0,3865.0,0.008905852417302906,0.01781170483460559,-0.01653944020356235,,2022-04-06,2022-04-07,2022-04-08,2022-04-13,NAVER_FINANCE_DOMESTIC_INDEX_DAILY,KOSDAQ,943.13,927.95,934.73,927.31,-0.016095342105542088,-0.00890651341808657,-0.016773933604063096,0.025001194522844994,0.02671821825269216,0.00023449340050074596,complete
1175610,20220324000482,01524093,DL이앤씨,375500,주요사항보고서(무상증자결정),2022-03-24,KOSPI,65351.0,67104.0,67605.0,66353.0,0.02682437912197222,0.034490673440345176,0.015332588636746136,,2022-03-24,2022-03-25,2022-03-28,2022-03-31,NAVER_FINANCE_DOMESTIC_INDEX_DAILY,KOSPI,2729.66,2729.98,2729.56,2757.65,0.00011723071737868018,-3.6634599180795924e-05,0.010254024310720089,0.02670714840459354,0.03452730803952597,0.005078564326026047,complete
1168381,20220330001150,00471068,덕산하이메탈,077360,주요사항보고서(무상증자결정),2022-03-30,KOSDAQ,9300.0,9425.0,9550.0,9525.0,0.013440860215053752,0.026881720430107503,0.024193548387096753,,2022-03-30,2022-03-31,2022-04-01,2022-04-06,NAVER_FINANCE_DOMESTIC_INDEX_DAILY,KOSDAQ,939.07,944.53,940.57,943.13,0.005814263047483115,0.0015973250130447703,0.004323426368641359,0.007626597167570637,0.025284395417062733,0.019870122018455394,complete
1168383,20220330901441,00471068,덕산하이메탈,077360,주권매매거래정지(무상증자),2022-03-30,KOSDAQ,9300.0,9425.0,9550.0,9525.0,0.013440860215053752,0.026881720430107503,0.024193548387096753,,2022-03-30,2022-03-31,2022-04-01,2022-04-06,NAVER_FINANCE_DOMESTIC_INDEX_DAILY,KOSDAQ,939.07,944.53,940.57,943.13,0.005814263047483115,0.0015973250130447703,0.004323426368641359,0.007626597167570637,0.025284395417062733,0.019870122018455394,complete
1135411,20220413900588,00471068,덕산하이메탈,077360,권리락(무상증자),2022-04-13,KOSDAQ,9650.0,9930.0,9590.0,9380.0,0.02901554404145079,-0.006217616580310836,-0.02797927461139893,,2022-04-13,2022-04-14,2022-04-15,2022-04-20,NAVER_FINANCE_DOMESTIC_INDEX_DAILY,KOSDAQ,927.31,928.01,924.44,928.93,0.0007548716179055504,-0.003094973633412712,0.001746988601438515,0.02826067242354524,-0.0031226429468981243,-0.029726263212837445,complete
1167627,20220330001744,00838005,서진시스템,178320,주요사항보고서(무상증자결정),2022-03-30,KOSDAQ,18574.0,19700.0,19750.0,19700.0,0.060622375363411196,0.06331431032626256,0.060622375363411196,,2022-03-30,2022-03-31,2022-04-01,2022-04-06,NAVER_FINANCE_DOMESTIC_INDEX_DAILY,KOSDAQ,939.07,944.53,940.57,943.13,0.005814263047483115,0.0015973250130447703,0.004323426368641359,0.05480811231592808,0.06171698531321779,0.05629894899476984,complete
1167628,20220330902458,00838005,서진시스템,178320,주권매매거래정지(무상증자),2022-03-30,KOSDAQ,18574.0,19700.0,19750.0,19700.0,0.060622375363411196,0.06331431032626256,0.060622375363411196,,2022-03-30,2022-03-31,2022-04-01,2022-04-06,NAVER_FINANCE_DOMESTIC_INDEX_DAILY,KOSDAQ,939.07,944.53,940.57,943.13,0.005814263047483115,0.0015973250130447703,0.004323426368641359,0.05480811231592808,0.06171698531321779,0.05629894899476984,complete
1138474,20220412900415,00838005,서진시스템,178320,권리락(무상증자),2022-04-12,KOSDAQ,19750.0,19000.0,19100.0,19550.0,-0.03797468354430378,-0.032911392405063244,-0.010126582278481067,,2022-04-12,2022-04-13,2022-04-14,2022-04-19,NAVER_FINANCE_DOMESTIC_INDEX_DAILY,KOSDAQ,913.82,927.31,928.01,931.56,0.014762206999190175,0.015528222188176954,0.01941301350375335,-0.05273689054349395,-0.0484396145932402,-0.029539595782234418,complete
1160811,20220401002258,00765462,씨에스베어링,297090,주요사항보고서(유무상증자결정),2022-04-01,KOSDAQ,8842.0,7635.0,7542.0,7983.0,-0.13650757747116038,-0.14702555982809318,-0.09714996607102466,,2022-04-01,2022-04-04,2022-04-05,2022-04-08,NAVER_FINANCE_DOMESTIC_INDEX_DAILY,KOSDAQ,940.57,947.32,952.47,934.73,0.007176499356773114,0.012651902569718265,-0.006209000924971009,-0.1436840768279335,-0.15967746239781144,-0.09094096514605365,complete
1160813,20220401900581,00765462,씨에스베어링,297090,주권매매거래정지(무상증자),2022-04-01,KOSDAQ,8842.0,7635.0,7542.0,7983.0,-0.13650757747116038,-0.14702555982809318,-0.09714996607102466,,2022-04-01,2022-04-04,2022-04-05,2022-04-08,NAVER_FINANCE_DOMESTIC_INDEX_DAILY,KOSDAQ,940.57,947.32,952.47,934.73,0.007176499356773114,0.012651902569718265,-0.006209000924971009,-0.1436840768279335,-0.15967746239781144,-0.09094096514605365,complete
1104035,20220617900528,00765462,씨에스베어링,297090,권리락(무상증자),2022-06-17,KOSDAQ,8980.0,11650.0,10450.0,8360.0,0.29732739420935417,0.1636971046770601,-0.06904231625835189,,2022-06-17,2022-06-20,2022-06-21,2022-06-24,NAVER_FINANCE_DOMESTIC_INDEX_DAILY,KOSDAQ,798.69,769.92,778.3,750.3,-0.03602148518198567,-0.025529304235686112,-0.060586710738834926,0.33334887939133984,0.18922640891274622,-0.008455605519516962,complete
1158210,20220404001497,00911229,라온로보틱스,232680,주요사항보고서(무상증자결정),2022-04-04,KOSDAQ,17018.0,17378.0,17618.0,19820.0,0.021154072158890536,0.035256786931484374,0.16464919497003172,,2022-04-04,2022-04-05,2022-04-06,2022-04-11,NAVER_FINANCE_DOMESTIC_INDEX_DAILY,KOSDAQ,947.32,952.47,943.13,921.83,0.005436388970991857,-0.004423003842418671,-0.02690748638263729,0.01571768318789868,0.039679790773903045,0.191556681352669,complete
1158215,20220404900277,00911229,라온로보틱스,232680,주권매매거래정지(무상증자),2022-04-04,KOSDAQ,17018.0,17378.0,17618.0,19820.0,0.021154072158890536,0.035256786931484374,0.16464919497003172,,2022-04-04,2022-04-05,2022-04-06,2022-04-11,NAVER_FINANCE_DOMESTIC_INDEX_DAILY,KOSDAQ,947.32,952.47,943.13,921.83,0.005436388970991857,-0.004423003842418671,-0.02690748638263729,0.01571768318789868,0.039679790773903045,0.191556681352669,complete
1131424,20220418900441,00911229,라온로보틱스,232680,권리락(무상증자),2022-04-18,KOSDAQ,19400.0,19700.0,19000.0,19600.0,0.015463917525773141,-0.020618556701030966,0.010309278350515427,,2022-04-18,2022-04-19,2022-04-20,2022-04-25,NAVER_FINANCE_DOMESTIC_INDEX_DAILY,KOSDAQ,918.23,931.56,928.93,899.84,0.014517059995861503,0.011652853860143919,-0.02002766191477079,0.0009468575299116377,-0.032271410561174885,0.030336940265286216,complete
1150973,20220406002324,01160363,에코프로비엠,247540,주요사항보고서(유무상증자결정),2022-04-06,KOSDAQ,104714.0,106270.0,115758.0,114745.0,0.014859522126936309,0.10546822774414122,0.09579425864736324,,2022-04-06,2022-04-07,2022-04-08,2022-04-13,NAVER_FINANCE_DOMESTIC_INDEX_DAILY,KOSDAQ,943.13,927.95,934.73,927.31,-0.016095342105542088,-0.00890651341808657,-0.016773933604063096,0.030954864232478396,0.11437474116222779,0.11256819225142634,complete
1150979,20220406900545,01160363,에코프로비엠,247540,주권매매거래정지(무상증자),2022-04-06,KOSDAQ,104714.0,106270.0,115758.0,114745.0,0.014859522126936309,0.10546822774414122,0.09579425864736324,,2022-04-06,2022-04-07,2022-04-08,2022-04-13,NAVER_FINANCE_DOMESTIC_INDEX_DAILY,KOSDAQ,943.13,927.95,934.73,927.31,-0.016095342105542088,-0.00890651341808657,-0.016773933604063096,0.030954864232478396,0.11437474116222779,0.11256819225142634,complete
1100966,20220624900454,01160363,에코프로비엠,247540,권리락(무상증자),2022-06-24,KOSDAQ,124700.0,135900.0,127900.0,108600.0,0.08981555733761026,0.02566158781074579,-0.12910986367281474,,2022-06-24,2022-06-27,2022-06-28,2022-07-01,NAVER_FINANCE_DOMESTIC_INDEX_DAILY,KOSDAQ,750.3,770.6,769.51,729.48,0.027055844328935263,0.025603092096494695,-0.02774890043982403,0.062759713008675,5.8495714251094455e-05,-0.10136096323299071,complete
1150900,20220406900550,00536541,에코프로,086520,주요사항보고서(유무상증자결정)(자회사의 주요경영사항),2022-04-06,KOSDAQ,19342.0,18676.0,18980.0,17913.0,-0.03443284045083239,-0.018715748112914876,-0.07388067418053978,,2022-04-06,2022-04-07,2022-04-08,2022-04-13,NAVER_FINANCE_DOMESTIC_INDEX_DAILY,KOSDAQ,943.13,927.95,934.73,927.31,-0.016095342105542088,-0.00890651341808657,-0.016773933604063096,-0.018337498345290304,-0.009809234694828306,-0.05710674057647669,complete
1145055,20220408002136,01110678,유틸렉스,263050,주요사항보고서(유무상증자결정),2022-04-08,KOSDAQ,11149.0,9164.0,8858.0,8950.0,-0.17804287380034078,-0.20548928154991475,-0.1972374203964481,,2022-04-08,2022-04-11,2022-04-12,2022-04-15,NAVER_FINANCE_DOMESTIC_INDEX_DAILY,KOSDAQ,934.73,921.83,913.82,924.44,-0.01380077669487445,-0.02237009617750574,-0.011008526526376516,-0.16424209710546633,-0.183119185372409,-0.18622889387007158,complete
1145060,20220408900443,01110678,유틸렉스,263050,주권매매거래정지(무상증자),2022-04-08,KOSDAQ,11149.0,9164.0,8858.0,8950.0,-0.17804287380034078,-0.20548928154991475,-0.1972374203964481,,2022-04-08,2022-04-11,2022-04-12,2022-04-15,NAVER_FINANCE_DOMESTIC_INDEX_DAILY,KOSDAQ,934.73,921.83,913.82,924.44,-0.01380077669487445,-0.02237009617750574,-0.011008526526376516,-0.16424209710546633,-0.183119185372409,-0.18622889387007158,complete
1093273,20220711900630,01110678,유틸렉스,263050,권리락(무상증자),2022-07-11,KOSDAQ,6800.0,6630.0,6220.0,6300.0,-0.025000000000000022,-0.08529411764705885,-0.07352941176470584,,2022-07-11,2022-07-12,2022-07-13,2022-07-18,NAVER_FINANCE_DOMESTIC_INDEX_DAILY,KOSDAQ,767.04,750.78,763.18,776.72,-0.021198372966207746,-0.005032332081768898,0.012619941593658757,-0.0038016270337922764,-0.08026178556528996,-0.0861493533583646,complete
1144243,20220408003018,00879020,유니트론텍,142210,주요사항보고서(유무상증자결정),2022-04-08,KOSDAQ,4967.0,4758.0,4662.0,4662.0,-0.04207771290517415,-0.061405274813770894,-0.061405274813770894,,2022-04-08,2022-04-11,2022-04-12,2022-04-15,NAVER_FINANCE_DOMESTIC_INDEX_DAILY,KOSDAQ,934.73,921.83,913.82,924.44,-0.01380077669487445,-0.02237009617750574,-0.011008526526376516,-0.028276936210299697,-0.039035178636265155,-0.05039674828739438,complete
1104717,20220616900343,00879020,유니트론텍,142210,권리락(무상증자),2022-06-16,KOSDAQ,4420.0,4225.0,4170.0,3740.0,-0.044117647058823484,-0.0565610859728507,-0.15384615384615385,,2022-06-16,2022-06-17,2022-06-20,2022-06-23,NAVER_FINANCE_DOMESTIC_INDEX_DAILY,KOSDAQ,802.15,798.69,769.92,714.38,-0.004313407716761142,-0.040179517546593546,-0.10941843794801465,-0.03980423934206234,-0.016381568426257154,-0.04442771589813921,complete
1143424,20220411000466,01215618,와이엠텍,273640,주요사항보고서(무상증자결정),2022-04-11,KOSDAQ,19426.0,18976.0,19051.0,18375.0,-0.023164830639349376,-0.01930402553279109,-0.05410274889323585,,2022-04-11,2022-04-12,2022-04-13,2022-04-18,NAVER_FINANCE_DOMESTIC_INDEX_DAILY,KOSDAQ,921.83,913.82,927.31,918.23,-0.008689237711942521,0.0059446969614787015,-0.003905275376153927,-0.014475592927406855,-0.025248722494269793,-0.050197473517081925,complete
1143425,20220411900122,01215618,와이엠텍,273640,주권매매거래정지(무상증자),2022-04-11,KOSDAQ,19426.0,18976.0,19051.0,18375.0,-0.023164830639349376,-0.01930402553279109,-0.05410274889323585,,2022-04-11,2022-04-12,2022-04-13,2022-04-18,NAVER_FINANCE_DOMESTIC_INDEX_DAILY,KOSDAQ,921.83,913.82,927.31,918.23,-0.008689237711942521,0.0059446969614787015,-0.003905275376153927,-0.014475592927406855,-0.025248722494269793,-0.050197473517081925,complete
1138515,20220412001832,00160302,코스모화학,005420,주요사항보고서(유무상증자결정),2022-04-12,KOSPI,13940.0,13294.0,13079.0,14198.0,-0.04634146341463419,-0.061764705882352944,0.018507890961262596,,2022-04-12,2022-04-13,2022-04-14,2022-04-19,NAVER_FINANCE_DOMESTIC_INDEX_DAILY,KOSPI,2666.76,2716.49,2716.71,2718.89,0.01864809731659367,0.01873059442919489,0.019548065817696303,-0.06498956073122786,-0.08049530031154783,-0.0010401748564337066,complete
1131180,20220419000064,00642897,브레인즈컴퍼니,099390,주요사항보고서(무상증자결정),2022-04-19,KOSDAQ,14236.0,14161.0,13883.0,13833.0,-0.005268333801629721,-0.02479629109300363,-0.02830851362742348,,2022-04-19,2022-04-20,2022-04-21,2022-04-26,NAVER_FINANCE_DOMESTIC_INDEX_DAILY,KOSDAQ,931.56,928.93,929.68,911.16,-0.0028232212632572917,-0.0020181201425565343,-0.02189875048306067,-0.0024451125383724293,-0.022778170950447096,-0.006409763144362812,complete
1131181,20220419900161,00642897,브레인즈컴퍼니,099390,주권매매거래정지(무상증자),2022-04-19,KOSDAQ,14236.0,14161.0,13883.0,13833.0,-0.005268333801629721,-0.02479629109300363,-0.02830851362742348,,2022-04-19,2022-04-20,2022-04-21,2022-04-26,NAVER_FINANCE_DOMESTIC_INDEX_DAILY,KOSDAQ,931.56,928.93,929.68,911.16,-0.0028232212632572917,-0.0020181201425565343,-0.02189875048306067,-0.0024451125383724293,-0.022778170950447096,-0.006409763144362812,complete
1128158,20220504900484,00642897,브레인즈컴퍼니,099390,권리락(무상증자),2022-05-04,KOSDAQ,12800.0,12900.0,12000.0,11450.0,0.0078125,-0.0625,-0.10546875,,2022-05-04,2022-05-06,2022-05-09,2022-05-12,NAVER_FINANCE_DOMESTIC_INDEX_DAILY,KOSDAQ,900.06,884.22,860.84,833.66,-0.017598826744883556,-0.0435748727862586,-0.07377285958713864,0.025411326744883556,-0.0189251272137414,-0.03169589041286136,complete
1127209,20220509000198,01189438,HLB바이오스텝,278650,주요사항보고서(무상증자결정),2022-05-09,KOSDAQ,,,,,,,,fetch_failed:ConnectionError,,,,,NAVER_FINANCE_DOMESTIC_INDEX_DAILY,KOSDAQ,,,,,,,,,,,complete
1127210,20220509900146,01189438,HLB바이오스텝,278650,주권매매거래정지(무상증자),2022-05-09,KOSDAQ,,,,,,,,fetch_failed:ConnectionError,,,,,NAVER_FINANCE_DOMESTIC_INDEX_DAILY,KOSDAQ,,,,,,,,,,,complete
1114579,20220530900671,01189438,HLB바이오스텝,278650,권리락(무상증자),2022-05-30,KOSDAQ,,,,,,,,fetch_failed:ConnectionError,,,,,NAVER_FINANCE_DOMESTIC_INDEX_DAILY,KOSDAQ,,,,,,,,,,,complete
1126204,20220510900585,00961570,신도기연,290520,권리락(무상증자),2022-05-10,KOSDAQ,7090.0,7010.0,6730.0,6960.0,-0.01128349788434413,-0.05077574047954869,-0.01833568406205921,,2022-05-10,2022-05-11,2022-05-12,2022-05-17,NAVER_FINANCE_DOMESTIC_INDEX_DAILY,KOSDAQ,856.14,866.34,833.66,865.98,0.011913939308991539,-0.026257387810404875,0.011493447333380091,-0.023197437193335668,-0.024518352669143817,-0.0298291313954393,complete
1125945,20220511000131,00562245,태웅로직스,124560,주요사항보고서(무상증자결정),2022-05-11,KOSDAQ,6365.0,6595.0,6722.0,8046.0,0.03613511390416346,0.05608798114689706,0.264100549882168,,2022-05-11,2022-05-12,2022-05-13,2022-05-18,NAVER_FINANCE_DOMESTIC_INDEX_DAILY,KOSDAQ,866.34,833.66,853.08,871.57,-0.037721910566290484,-0.015305769097582966,0.006036890828081454,0.07385702447045395,0.07139375024448003,0.25806365905408657,complete
1125946,20220511900143,00562245,태웅로직스,124560,주권매매거래정지(무상증자),2022-05-11,KOSDAQ,6365.0,6595.0,6722.0,8046.0,0.03613511390416346,0.05608798114689706,0.264100549882168,,2022-05-11,2022-05-12,2022-05-13,2022-05-18,NAVER_FINANCE_DOMESTIC_INDEX_DAILY,KOSDAQ,866.34,833.66,853.08,871.57,-0.037721910566290484,-0.015305769097582966,0.006036890828081454,0.07385702447045395,0.07139375024448003,0.25806365905408657,complete
1117688,20220524900370,00562245,태웅로직스,124560,권리락(무상증자),2022-05-24,KOSDAQ,6620.0,6260.0,8130.0,7300.0,-0.05438066465256797,0.22809667673716016,0.10271903323262843,,2022-05-24,2022-05-25,2022-05-26,2022-05-31,NAVER_FINANCE_DOMESTIC_INDEX_DAILY,KOSDAQ,865.07,872.69,871.43,893.36,0.008808535725432609,0.007352006196030159,0.032702555862531346,-0.06318920037800058,0.22074467054113,0.07001647737009709,complete
1125273,20220512000296,01267967,마이크로디지탈,305090,주요사항보고서(무상증자결정),2022-05-12,KOSDAQ,7781.0,7355.0,7080.0,7280.0,-0.05474874694769305,-0.09009124791157952,-0.0643876108469349,,2022-05-12,2022-05-13,2022-05-16,2022-05-19,NAVER_FINANCE_DOMESTIC_INDEX_DAILY,KOSDAQ,833.66,853.08,856.25,863.8,0.023294868411582792,0.027097377827891567,0.036153827699541674,-0.07804361535927584,-0.11718862573947109,-0.10054143854647657,complete
1125274,20220512900197,01267967,마이크로디지탈,305090,주권매매거래정지(무상증자),2022-05-12,KOSDAQ,7781.0,7355.0,7080.0,7280.0,-0.05474874694769305,-0.09009124791157952,-0.0643876108469349,,2022-05-12,2022-05-13,2022-05-16,2022-05-19,NAVER_FINANCE_DOMESTIC_INDEX_DAILY,KOSDAQ,833.66,853.08,856.25,863.8,0.023294868411582792,0.027097377827891567,0.036153827699541674,-0.07804361535927584,-0.11718862573947109,-0.10054143854647657,complete
1117019,20220525900422,01267967,마이크로디지탈,305090,권리락(무상증자),2022-05-25,KOSDAQ,6980.0,7110.0,7020.0,7080.0,0.018624641833810962,0.005730659025787954,0.014326647564469885,,2022-05-25,2022-05-26,2022-05-27,2022-06-02,NAVER_FINANCE_DOMESTIC_INDEX_DAILY,KOSDAQ,872.69,871.43,873.97,891.14,-0.00144381166278984,0.0014667293082308852,0.021141527919421588,0.020068453496600802,0.004263929717557069,-0.006814880354951702,complete
1122623,20220516000533,01051065,엔비티,236810,주요사항보고서(무상증자결정),2022-05-16,KOSDAQ,9625.0,9275.0,9250.0,9200.0,-0.036363636363636376,-0.038961038961038974,-0.04415584415584417,,2022-05-16,2022-05-17,2022-05-18,2022-05-23,NAVER_FINANCE_DOMESTIC_INDEX_DAILY,KOSDAQ,856.25,865.98,871.57,883.59,0.01136350364963512,0.01789197080291971,0.03192992700729924,-0.047727140013271496,-0.056853009763958684,-0.07608577116314341,complete
1122624,20220516900550,01051065,엔비티,236810,주권매매거래정지(무상증자),2022-05-16,KOSDAQ,9625.0,9275.0,9250.0,9200.0,-0.036363636363636376,-0.038961038961038974,-0.04415584415584417,,2022-05-16,2022-05-17,2022-05-18,2022-05-23,NAVER_FINANCE_DOMESTIC_INDEX_DAILY,KOSDAQ,856.25,865.98,871.57,883.59,0.01136350364963512,0.01789197080291971,0.03192992700729924,-0.047727140013271496,-0.056853009763958684,-0.07608577116314341,complete
1115796,20220527900359,01051065,엔비티,236810,권리락(무상증자),2022-05-27,KOSDAQ,8800.0,9010.0,9090.0,8990.0,0.02386363636363642,0.03295454545454546,0.021590909090908994,,2022-05-27,2022-05-30,2022-05-31,2022-06-07,NAVER_FINANCE_DOMESTIC_INDEX_DAILY,KOSDAQ,873.97,886.44,893.36,873.78,0.014268224309758937,0.022186116228245734,-0.00021739876654813806,0.009595412053877483,0.010768429226299725,0.021808307857457132,complete
1120217,20220517000148,00876908,모트렉스,118990,주요사항보고서(무상증자결정),2022-05-17,KOSDAQ,12922.0,13577.0,13191.0,12401.0,0.05068874787184652,0.020817210958056,-0.04031883609348397,,2022-05-17,2022-05-18,2022-05-19,2022-05-24,NAVER_FINANCE_DOMESTIC_INDEX_DAILY,KOSDAQ,865.98,871.57,863.8,865.07,0.006455114436823006,-0.0025173791542530966,-0.0010508325827386367,0.04423363343502351,0.023334590112309095,-0.03926800351074533,complete
1120219,20220517900214,00876908,모트렉스,118990,주권매매거래정지(무상증자),2022-05-17,KOSDAQ,12922.0,13577.0,13191.0,12401.0,0.05068874787184652,0.020817210958056,-0.04031883609348397,,2022-05-17,2022-05-18,2022-05-19,2022-05-24,NAVER_FINANCE_DOMESTIC_INDEX_DAILY,KOSDAQ,865.98,871.57,863.8,865.07,0.006455114436823006,-0.0025173791542530966,-0.0010508325827386367,0.04423363343502351,0.023334590112309095,-0.03926800351074533,complete
1111333,20220531900660,00876908,모트렉스,118990,권리락(무상증자),2022-05-31,KOSDAQ,12300.0,13000.0,12450.0,12100.0,0.05691056910569103,0.012195121951219523,-0.016260162601625994,,2022-05-31,2022-06-02,2022-06-03,2022-06-09,NAVER_FINANCE_DOMESTIC_INDEX_DAILY,KOSDAQ,893.36,891.14,891.51,877.18,-0.0024850004477479093,-0.002070833706456554,-0.018111399659711758,0.05939556955343894,0.014265955657676077,0.001851237058085764,complete
1118380,20220523000062,00692254,아이패밀리에스씨,114840,주요사항보고서(무상증자결정),2022-05-23,KOSDAQ,7352.0,7464.0,7389.0,7427.0,0.015233949945593128,0.005032644178454948,0.01020130576713818,,2022-05-23,2022-05-24,2022-05-25,2022-05-30,NAVER_FINANCE_DOMESTIC_INDEX_DAILY,KOSDAQ,883.59,865.07,872.69,886.44,-0.02095994748695662,-0.012336038207765965,0.003225477880012262,0.03619389743254975,0.017368682386220913,0.006975827887125918,complete
1118381,20220523900134,00692254,아이패밀리에스씨,114840,주권매매거래정지(무상증자),2022-05-23,KOSDAQ,7352.0,7464.0,7389.0,7427.0,0.015233949945593128,0.005032644178454948,0.01020130576713818,,2022-05-23,2022-05-24,2022-05-25,2022-05-30,NAVER_FINANCE_DOMESTIC_INDEX_DAILY,KOSDAQ,883.59,865.07,872.69,886.44,-0.02095994748695662,-0.012336038207765965,0.003225477880012262,0.03619389743254975,0.017368682386220913,0.006975827887125918,complete
1110109,20220602900460,00692254,아이패밀리에스씨,114840,권리락(무상증자),2022-06-02,KOSDAQ,7402.0,7152.0,7052.0,7677.0,-0.033774655498513884,-0.047284517697919526,0.037152121048365405,,2022-06-02,2022-06-03,2022-06-07,2022-06-10,NAVER_FINANCE_DOMESTIC_INDEX_DAILY,KOSDAQ,891.14,891.51,873.78,869.86,0.0004151985097740063,-0.019480665215342197,-0.023879525102677435,-0.03418985400828789,-0.02780385248257733,0.06103164615104284,complete
754145,20240214001439,00692254,아이패밀리에스씨,114840,주요사항보고서(무상증자결정),2024-02-14,KOSDAQ,17154.0,16954.0,17529.0,17129.0,-0.011659088259298178,0.021860790486184056,-0.0014573860324123,,2024-02-14,2024-02-15,2024-02-16,2024-02-21,NAVER_FINANCE_DOMESTIC_INDEX_DAILY,KOSDAQ,853.3,859.21,857.6,864.07,0.0069260517988984915,0.005039259346068192,0.012621586780733773,-0.01858514005819667,0.016821531140115864,-0.014078972813146073,complete
754146,20240214900582,00692254,아이패밀리에스씨,114840,주권매매거래정지              (무상증자),2024-02-14,KOSDAQ,17154.0,16954.0,17529.0,17129.0,-0.011659088259298178,0.021860790486184056,-0.0014573860324123,,2024-02-14,2024-02-15,2024-02-16,2024-02-21,NAVER_FINANCE_DOMESTIC_INDEX_DAILY,KOSDAQ,853.3,859.21,857.6,864.07,0.0069260517988984915,0.005039259346068192,0.012621586780733773,-0.01858514005819667,0.016821531140115864,-0.014078972813146073,complete
744790,20240227900909,00692254,아이패밀리에스씨,114840,권리락              (무상증자),2024-02-27,KOSDAQ,17580.0,17380.0,18000.0,17170.0,-0.011376564277588153,0.023890784982935065,-0.023321956769055796,,2024-02-27,2024-02-28,2024-02-29,2024-03-06,NAVER_FINANCE_DOMESTIC_INDEX_DAILY,KOSDAQ,853.75,863.39,862.96,870.67,0.011291361639824249,0.010787701317716003,0.019818448023426027,-0.0226679259174124,0.013103083665219062,-0.043140404792481823,complete
1118268,20220523000183,00361008,한화엔진,082740,주요사항보고서(유무상증자결정),2022-05-23,KOSPI,7099.0,6299.0,6480.0,6676.0,-0.11269192844062548,-0.08719537963093393,-0.059585857162980704,,2022-05-23,2022-05-24,2022-05-25,2022-05-30,NAVER_FINANCE_DOMESTIC_INDEX_DAILY,KOSPI,2647.38,2605.87,2617.22,2669.66,-0.015679653090980628,-0.01139239550045712,0.008415867763600149,-0.09701227534964485,-0.07580298413047681,-0.06800172492658085,complete
1117034,20220525000375,01335790,바이젠셀,308080,주요사항보고서(무상증자결정),2022-05-25,KOSDAQ,11724.0,13102.0,12751.0,12501.0,0.11753667690208114,0.08759808938928693,0.06627430910951904,,2022-05-25,2022-05-26,2022-05-27,2022-06-02,NAVER_FINANCE_DOMESTIC_INDEX_DAILY,KOSDAQ,872.69,871.43,873.97,891.14,-0.00144381166278984,0.0014667293082308852,0.021141527919421588,0.11898048856487098,0.08613136008105604,0.04513278119009745,complete
1117035,20220525900399,01335790,바이젠셀,308080,주권매매거래정지(무상증자),2022-05-25,KOSDAQ,11724.0,13102.0,12751.0,12501.0,0.11753667690208114,0.08759808938928693,0.06627430910951904,,2022-05-25,2022-05-26,2022-05-27,2022-06-02,NAVER_FINANCE_DOMESTIC_INDEX_DAILY,KOSDAQ,872.69,871.43,873.97,891.14,-0.00144381166278984,0.0014667293082308852,0.021141527919421588,0.11898048856487098,0.08613136008105604,0.04513278119009745,complete
1108805,20220607900410,01335790,바이젠셀,308080,권리락(무상증자),2022-06-07,KOSDAQ,12100.0,13900.0,15900.0,12050.0,0.14876033057851235,0.31404958677685957,-0.004132231404958664,,2022-06-07,2022-06-08,2022-06-09,2022-06-14,NAVER_FINANCE_DOMESTIC_INDEX_DAILY,KOSDAQ,873.78,874.95,877.18,823.58,0.00133900981940549,0.003891139646135189,-0.057451532422348794,0.14742132075910686,0.3101584471307244,0.05331930101739013,complete
1109096,20220607000005,00819073,인크로스,216050,주요사항보고서(무상증자결정),2022-06-07,KOSDAQ,22174.0,22393.0,22017.0,21891.0,0.009876431857130052,-0.0070803643907279,-0.012762695048254669,,2022-06-07,2022-06-08,2022-06-09,2022-06-14,NAVER_FINANCE_DOMESTIC_INDEX_DAILY,KOSDAQ,873.78,874.95,877.18,823.58,0.00133900981940549,0.003891139646135189,-0.057451532422348794,0.008537422037724562,-0.010971504036863089,0.044688837374094126,complete
1109097,20220607900068,00819073,인크로스,216050,주권매매거래정지(무상증자),2022-06-07,KOSDAQ,22174.0,22393.0,22017.0,21891.0,0.009876431857130052,-0.0070803643907279,-0.012762695048254669,,2022-06-07,2022-06-08,2022-06-09,2022-06-14,NAVER_FINANCE_DOMESTIC_INDEX_DAILY,KOSDAQ,873.78,874.95,877.18,823.58,0.00133900981940549,0.003891139646135189,-0.057451532422348794,0.008537422037724562,-0.010971504036863089,0.044688837374094126,complete
1103625,20220620900592,00819073,인크로스,216050,권리락(무상증자),2022-06-20,KOSDAQ,21200.0,21300.0,19000.0,18000.0,0.004716981132075526,-0.10377358490566035,-0.15094339622641506,,2022-06-20,2022-06-21,2022-06-22,2022-06-27,NAVER_FINANCE_DOMESTIC_INDEX_DAILY,KOSDAQ,769.92,778.3,746.96,770.6,0.010884247714048279,-0.029821280133000783,0.0008832086450540899,-0.006167266581972752,-0.07395230477265957,-0.15182660487146915,complete
1108820,20220607000209,00811372,노바렉스,194700,주요사항보고서(유무상증자결정),2022-06-07,KOSDAQ,17837.0,17215.0,17500.0,16643.0,-0.034871334865728576,-0.018893311655547418,-0.06693950776475865,,2022-06-07,2022-06-08,2022-06-09,2022-06-14,NAVER_FINANCE_DOMESTIC_INDEX_DAILY,KOSDAQ,873.78,874.95,877.18,823.58,0.00133900981940549,0.003891139646135189,-0.057451532422348794,-0.036210344685134066,-0.022784451301682607,-0.00948797534240986,complete
1108821,20220607900393,00811372,노바렉스,194700,주권매매거래정지(무상증자),2022-06-07,KOSDAQ,17837.0,17215.0,17500.0,16643.0,-0.034871334865728576,-0.018893311655547418,-0.06693950776475865,,2022-06-07,2022-06-08,2022-06-09,2022-06-14,NAVER_FINANCE_DOMESTIC_INDEX_DAILY,KOSDAQ,873.78,874.95,877.18,823.58,0.00133900981940549,0.003891139646135189,-0.057451532422348794,-0.036210344685134066,-0.022784451301682607,-0.00948797534240986,complete
1075767,20220817900317,00811372,노바렉스,194700,권리락(무상증자),2022-08-17,KOSDAQ,18950.0,17000.0,17000.0,16800.0,-0.1029023746701847,-0.1029023746701847,-0.11345646437994727,,2022-08-17,2022-08-18,2022-08-19,2022-08-24,NAVER_FINANCE_DOMESTIC_INDEX_DAILY,KOSDAQ,827.42,826.06,814.17,793.14,-0.0016436634357400726,-0.016013632737908234,-0.04142998718909374,-0.10125871123444463,-0.08688874193227647,-0.07202647719085353,complete
1108560,20220608000072,01013694,인카금융서비스,211050,주요사항보고서(무상증자결정),2022-06-08,KOSDAQ,1995.0,1830.0,2045.0,1940.0,-0.08270676691729328,0.02506265664160412,-0.027568922305764465,,2022-06-08,2022-06-09,2022-06-10,2022-06-15,NAVER_FINANCE_DOMESTIC_INDEX_DAILY,KOSDAQ,874.95,877.18,869.86,799.41,0.0025487170695466244,-0.005817475284301987,-0.08633636207783313,-0.08525548398683991,0.030880131925906107,0.058767439772068664,complete
1108561,20220608900161,01013694,인카금융서비스,211050,주권매매거래정지(무상증자),2022-06-08,KOSDAQ,1995.0,1830.0,2045.0,1940.0,-0.08270676691729328,0.02506265664160412,-0.027568922305764465,,2022-06-08,2022-06-09,2022-06-10,2022-06-15,NAVER_FINANCE_DOMESTIC_INDEX_DAILY,KOSDAQ,874.95,877.18,869.86,799.41,0.0025487170695466244,-0.005817475284301987,-0.08633636207783313,-0.08525548398683991,0.030880131925906107,0.058767439772068664,complete
1103111,20220621900375,01013694,인카금융서비스,211050,권리락(무상증자),2022-06-21,KOSDAQ,1810.0,1736.0,1600.0,1726.0,-0.04088397790055254,-0.11602209944751385,-0.04640883977900556,,2022-06-21,2022-06-22,2022-06-23,2022-06-28,NAVER_FINANCE_DOMESTIC_INDEX_DAILY,KOSDAQ,778.3,746.96,714.38,769.51,-0.04026724913272506,-0.08212771424900422,-0.011293845560837679,-0.0006167287678274791,-0.033894385198509625,-0.03511499421816788,complete
1106020,20220614000102,01307335,공구우먼,366030,주요사항보고서(무상증자결정),2022-06-14,KOSDAQ,13265.0,17236.0,14399.0,11329.0,0.2993592159819072,0.08548812664907657,-0.14594798341500193,,2022-06-14,2022-06-15,2022-06-16,2022-06-21,NAVER_FINANCE_DOMESTIC_INDEX_DAILY,KOSDAQ,823.58,799.41,802.15,778.3,-0.029347482940333736,-0.026020544452269423,-0.05497947983195328,0.3287066989222409,0.11150867110134599,-0.09096850358304864,complete
1106021,20220614900217,01307335,공구우먼,366030,주권매매거래정지(무상증자),2022-06-14,KOSDAQ,13265.0,17236.0,14399.0,11329.0,0.2993592159819072,0.08548812664907657,-0.14594798341500193,,2022-06-14,2022-06-15,2022-06-16,2022-06-21,NAVER_FINANCE_DOMESTIC_INDEX_DAILY,KOSDAQ,823.58,799.41,802.15,778.3,-0.029347482940333736,-0.026020544452269423,-0.05497947983195328,0.3287066989222409,0.11150867110134599,-0.09096850358304864,complete
1099704,20220628900575,01307335,공구우먼,366030,권리락(무상증자),2022-06-28,KOSDAQ,15000.0,19500.0,25350.0,42800.0,0.30000000000000004,0.69,1.8533333333333335,,2022-06-28,2022-06-29,2022-06-30,2022-07-05,NAVER_FINANCE_DOMESTIC_INDEX_DAILY,KOSDAQ,769.51,762.35,745.44,750.95,-0.00930462242206076,-0.03127964548868756,-0.02411924471416871,0.3093046224220608,0.7212796454886875,1.8774525780475022,complete
1104944,20220616000068,00939942,포시에스,189690,주요사항보고서(무상증자결정),2022-06-16,KOSDAQ,2360.0,2322.0,2360.0,2277.0,-0.01610169491525426,0.0,-0.0351694915254237,,2022-06-16,2022-06-17,2022-06-20,2022-06-23,NAVER_FINANCE_DOMESTIC_INDEX_DAILY,KOSDAQ,802.15,798.69,769.92,714.38,-0.004313407716761142,-0.040179517546593546,-0.10941843794801465,-0.01178828719849312,0.040179517546593546,0.07424894642259094,complete
1098905,20220629900580,00939942,포시에스,189690,권리락(무상증자),2022-06-29,KOSDAQ,2446.0,2376.0,2436.0,2409.0,-0.02861815208503682,-0.00408830744071953,-0.015126737530662293,,2022-06-29,2022-06-30,2022-07-01,2022-07-06,NAVER_FINANCE_DOMESTIC_INDEX_DAILY,KOSDAQ,762.35,745.44,729.48,744.63,-0.02218141273693186,-0.043116678690889976,-0.023243916836098943,-0.006436739348104958,0.039028371250170446,0.00811717930543665,complete
874941,20230616000100,00939942,포시에스,189690,주요사항보고서(무상증자결정),2023-06-16,KOSDAQ,2940.0,2763.0,2806.0,3010.0,-0.060204081632653006,-0.045578231292517035,0.023809523809523725,,2023-06-16,2023-06-19,2023-06-20,2023-06-23,NAVER_FINANCE_DOMESTIC_INDEX_DAILY,KOSDAQ,887.95,888.61,886.41,874.84,0.0007432850948814185,-0.0017343318880568281,-0.014764344839236498,-0.060947366727534424,-0.04384389940446021,0.03857386864876022,complete
874940,20230616900127,00939942,포시에스,189690,주권매매거래정지(무상증자),2023-06-16,KOSDAQ,2940.0,2763.0,2806.0,3010.0,-0.060204081632653006,-0.045578231292517035,0.023809523809523725,,2023-06-16,2023-06-19,2023-06-20,2023-06-23,NAVER_FINANCE_DOMESTIC_INDEX_DAILY,KOSDAQ,887.95,888.61,886.41,874.84,0.0007432850948814185,-0.0017343318880568281,-0.014764344839236498,-0.060947366727534424,-0.04384389940446021,0.03857386864876022,complete
869143,20230629900604,00939942,포시에스,189690,권리락(무상증자),2023-06-29,KOSDAQ,3100.0,3070.0,3990.0,3500.0,-0.009677419354838679,0.2870967741935484,0.12903225806451624,,2023-06-29,2023-06-30,2023-07-03,2023-07-06,NAVER_FINANCE_DOMESTIC_INDEX_DAILY,KOSDAQ,861.79,868.24,889.29,870.53,0.0074844219589460526,0.03191032618155232,0.010141681848246042,-0.01716184131378473,0.2551864480119961,0.1188905762162702,complete
1103042,20220621000430,00668600,케이옥션,102370,주요사항보고서(무상증자결정),2022-06-21,KOSDAQ,7086.0,9204.0,7370.0,7870.0,0.29889923793395434,0.04007902907140837,0.11064069997177528,,2022-06-21,2022-06-22,2022-06-23,2022-06-28,NAVER_FINANCE_DOMESTIC_INDEX_DAILY,KOSDAQ,778.3,746.96,714.38,769.51,-0.04026724913272506,-0.08212771424900422,-0.011293845560837679,0.3391664870666794,0.12220674332041259,0.12193454553261296,complete
1103044,20220621900438,00668600,케이옥션,102370,주권매매거래정지(무상증자),2022-06-21,KOSDAQ,7086.0,9204.0,7370.0,7870.0,0.29889923793395434,0.04007902907140837,0.11064069997177528,,2022-06-21,2022-06-22,2022-06-23,2022-06-28,NAVER_FINANCE_DOMESTIC_INDEX_DAILY,KOSDAQ,778.3,746.96,714.38,769.51,-0.04026724913272506,-0.08212771424900422,-0.011293845560837679,0.3391664870666794,0.12220674332041259,0.12193454553261296,complete
1096411,20220704900566,00668600,케이옥션,102370,권리락(무상증자),2022-07-04,KOSDAQ,8320.0,10800.0,14000.0,11300.0,0.29807692307692313,0.6826923076923077,0.35817307692307687,,2022-07-04,2022-07-05,2022-07-06,2022-07-11,NAVER_FINANCE_DOMESTIC_INDEX_DAILY,KOSDAQ,722.73,750.95,744.63,767.04,0.039046393535622004,0.030301772446141628,0.06130920260678252,0.2590305295413011,0.6523905352461661,0.29686387431629435,complete
1103259,20220621900217,00982023,실리콘투,257720,수시공시의무관련사항(공정공시)(무상증자 검토 계획),2022-06-21,KOSDAQ,2625.0,2775.0,2517.0,3358.0,0.05714285714285716,-0.04114285714285715,0.2792380952380953,,2022-06-21,2022-06-22,2022-06-23,2022-06-28,NAVER_FINANCE_DOMESTIC_INDEX_DAILY,KOSDAQ,778.3,746.96,714.38,769.51,-0.04026724913272506,-0.08212771424900422,-0.011293845560837679,0.09741010627558222,0.04098485710614708,0.29053194079893296,complete
1098232,20220630000343,00982023,실리콘투,257720,주요사항보고서(무상증자결정),2022-06-30,KOSDAQ,4467.0,4000.0,4250.0,4267.0,-0.10454443698231475,-0.04857846429370938,-0.04477277815088421,,2022-06-30,2022-07-01,2022-07-04,2022-07-07,NAVER_FINANCE_DOMESTIC_INDEX_DAILY,KOSDAQ,745.44,729.48,722.73,757.97,-0.021410173857050907,-0.030465228589826143,0.016808864563210957,-0.08313426312526384,-0.018113235703883235,-0.061581642714095164,complete
1098235,20220630900317,00982023,실리콘투,257720,주권매매거래정지(무상증자),2022-06-30,KOSDAQ,4467.0,4000.0,4250.0,4267.0,-0.10454443698231475,-0.04857846429370938,-0.04477277815088421,,2022-06-30,2022-07-01,2022-07-04,2022-07-07,NAVER_FINANCE_DOMESTIC_INDEX_DAILY,KOSDAQ,745.44,729.48,722.73,757.97,-0.021410173857050907,-0.030465228589826143,0.016808864563210957,-0.08313426312526384,-0.018113235703883235,-0.061581642714095164,complete
1092416,20220713900263,00982023,실리콘투,257720,권리락(무상증자),2022-07-13,KOSDAQ,4075.0,5290.0,6870.0,4995.0,0.29815950920245404,0.6858895705521473,0.2257668711656442,,2022-07-13,2022-07-14,2022-07-15,2022-07-20,NAVER_FINANCE_DOMESTIC_INDEX_DAILY,KOSDAQ,763.18,766.08,762.39,790.72,0.0037998899342226444,-0.0010351424303571832,0.03608585130637598,0.2943596192682314,0.6869247129825045,0.18968101985926822,complete
1102690,20220622000022,01251489,라온피플,300120,주요사항보고서(무상증자결정),2022-06-22,KOSDAQ,3858.0,3302.0,3843.0,4338.0,-0.14411612234318305,-0.0038880248833592645,0.12441679626749602,,2022-06-22,2022-06-23,2022-06-24,2022-06-29,NAVER_FINANCE_DOMESTIC_INDEX_DAILY,KOSDAQ,746.96,714.38,750.3,762.35,-0.04361679340259195,0.004471457641640697,0.020603512905644106,-0.1004993289405911,-0.008359482524999962,0.10381328336185192,complete
1102691,20220622900078,01251489,라온피플,300120,주권매매거래정지(무상증자),2022-06-22,KOSDAQ,3858.0,3302.0,3843.0,4338.0,-0.14411612234318305,-0.0038880248833592645,0.12441679626749602,,2022-06-22,2022-06-23,2022-06-24,2022-06-29,NAVER_FINANCE_DOMESTIC_INDEX_DAILY,KOSDAQ,746.96,714.38,750.3,762.35,-0.04361679340259195,0.004471457641640697,0.020603512905644106,-0.1004993289405911,-0.008359482524999962,0.10381328336185192,complete
1090594,20220718900481,01251489,라온피플,300120,권리락(무상증자),2022-07-18,KOSDAQ,4473.0,4938.0,4593.0,4253.0,0.10395707578806168,0.02682763246143538,-0.04918399284596464,,2022-07-18,2022-07-19,2022-07-20,2022-07-25,NAVER_FINANCE_DOMESTIC_INDEX_DAILY,KOSDAQ,776.72,782.33,790.72,789.69,0.007222679987640257,0.018024513338139814,0.016698424142548296,0.09673439580042142,0.008803119123295566,-0.06588241698851294,complete
304058,20251121000348,01251489,라온피플,300120,주요사항보고서(유무상증자결정),2025-11-21,KOSDAQ,1616.0,1137.0,1122.0,1214.0,-0.2964108910891089,-0.30569306930693074,-0.24876237623762376,,2025-11-21,2025-11-24,2025-11-25,2025-11-28,NAVER_FINANCE_DOMESTIC_INDEX_DAILY,KOSDAQ,863.95,856.44,856.03,912.67,-0.008692632675502021,-0.009167197175762531,0.05639215232362971,-0.2877182584136069,-0.2965258721311682,-0.30515452856125347,complete
304056,20251121900507,01251489,라온피플,300120,주권매매거래정지              (무상증자),2025-11-21,KOSDAQ,1616.0,1137.0,1122.0,1214.0,-0.2964108910891089,-0.30569306930693074,-0.24876237623762376,,2025-11-21,2025-11-24,2025-11-25,2025-11-28,NAVER_FINANCE_DOMESTIC_INDEX_DAILY,KOSDAQ,863.95,856.44,856.03,912.67,-0.008692632675502021,-0.009167197175762531,0.05639215232362971,-0.2877182584136069,-0.2965258721311682,-0.30515452856125347,complete
243241,20260226901417,01251489,라온피플,300120,권리락              (무상증자),2026-02-26,KOSDAQ,1607.0,1735.0,1585.0,1089.0,0.07965152457996272,-0.013690105787181106,-0.3223397635345364,,2026-02-26,2026-02-27,2026-03-03,2026-03-06,NAVER_FINANCE_DOMESTIC_INDEX_DAILY,KOSDAQ,1188.15,1192.78,1137.7,1154.67,0.003896814375289326,-0.04246096873290417,-0.028178260320666615,0.07575471020467339,0.028770862945723064,-0.2941615032138698,complete
1101913,20220623000096,01459212,원준,382840,주요사항보고서(무상증자결정),2022-06-23,KOSDAQ,40034.0,38899.0,39600.0,39400.0,-0.0283509017335265,-0.010840785332467351,-0.015836538941899403,,2022-06-23,2022-06-24,2022-06-27,2022-06-30,NAVER_FINANCE_DOMESTIC_INDEX_DAILY,KOSDAQ,714.38,750.3,770.6,745.44,0.05028136286010243,0.07869761191522717,0.04347826086956541,-0.07863226459362893,-0.08953839724769452,-0.05931479981146481,complete
1101914,20220623900178,01459212,원준,382840,주권매매거래정지(무상증자),2022-06-23,KOSDAQ,40034.0,38899.0,39600.0,39400.0,-0.0283509017335265,-0.010840785332467351,-0.015836538941899403,,2022-06-23,2022-06-24,2022-06-27,2022-06-30,NAVER_FINANCE_DOMESTIC_INDEX_DAILY,KOSDAQ,714.38,750.3,770.6,745.44,0.05028136286010243,0.07869761191522717,0.04347826086956541,-0.07863226459362893,-0.08953839724769452,-0.05931479981146481,complete
1093277,20220711900628,01459212,원준,382840,권리락(무상증자),2022-07-11,KOSDAQ,39700.0,40200.0,38200.0,36450.0,0.012594458438287104,-0.03778337531486142,-0.08186397984886651,,2022-07-11,2022-07-12,2022-07-13,2022-07-18,NAVER_FINANCE_DOMESTIC_INDEX_DAILY,KOSDAQ,767.04,750.78,763.18,776.72,-0.021198372966207746,-0.005032332081768898,0.012619941593658757,0.03379283140449485,-0.032751043233092525,-0.09448392144252526,complete
1099294,20220629000178,01494154,지니너스,389030,주요사항보고서(무상증자결정),2022-06-29,KOSDAQ,4087.0,4020.0,3803.0,4203.0,-0.016393442622950838,-0.06948862246146315,0.028382676780034144,,2022-06-29,2022-06-30,2022-07-01,2022-07-06,NAVER_FINANCE_DOMESTIC_INDEX_DAILY,KOSDAQ,762.35,745.44,729.48,744.63,-0.02218141273693186,-0.043116678690889976,-0.023243916836098943,0.0057879701139810225,-0.02637194377057317,0.05162659361613309,complete
1099293,20220629900216,01494154,지니너스,389030,주권매매거래정지(무상증자),2022-06-29,KOSDAQ,4087.0,4020.0,3803.0,4203.0,-0.016393442622950838,-0.06948862246146315,0.028382676780034144,,2022-06-29,2022-06-30,2022-07-01,2022-07-06,NAVER_FINANCE_DOMESTIC_INDEX_DAILY,KOSDAQ,762.35,745.44,729.48,744.63,-0.02218141273693186,-0.043116678690889976,-0.023243916836098943,0.0057879701139810225,-0.02637194377057317,0.05162659361613309,complete
1092802,20220712900393,01494154,지니너스,389030,권리락(무상증자),2022-07-12,KOSDAQ,4070.0,4240.0,3790.0,3865.0,0.041769041769041726,-0.06879606879606881,-0.05036855036855037,,2022-07-12,2022-07-13,2022-07-14,2022-07-19,NAVER_FINANCE_DOMESTIC_INDEX_DAILY,KOSDAQ,750.78,763.18,766.08,782.33,0.016516156530541615,0.020378806041716713,0.04202296278536988,0.02525288523850011,-0.08917487483778552,-0.09239151315392025,complete
1096414,20220704000216,01053540,퓨쳐켐,220100,주요사항보고서(유무상증자결정),2022-07-04,KOSDAQ,13938.0,13058.0,13352.0,12178.0,-0.06313674845745443,-0.04204333476825939,-0.12627349691490886,,2022-07-04,2022-07-05,2022-07-06,2022-07-11,NAVER_FINANCE_DOMESTIC_INDEX_DAILY,KOSDAQ,722.73,750.95,744.63,767.04,0.039046393535622004,0.030301772446141628,0.06130920260678252,-0.10218314199307643,-0.07234510721440102,-0.18758269952169138,complete
1096416,20220704900557,01053540,퓨쳐켐,220100,주권매매거래정지(무상증자),2022-07-04,KOSDAQ,13938.0,13058.0,13352.0,12178.0,-0.06313674845745443,-0.04204333476825939,-0.12627349691490886,,2022-07-04,2022-07-05,2022-07-06,2022-07-11,NAVER_FINANCE_DOMESTIC_INDEX_DAILY,KOSDAQ,722.73,750.95,744.63,767.04,0.039046393535622004,0.030301772446141628,0.06130920260678252,-0.10218314199307643,-0.07234510721440102,-0.18758269952169138,complete
1048547,20221021900393,01053540,퓨쳐켐,220100,권리락(무상증자),2022-10-21,KOSDAQ,10000.0,9500.0,9500.0,9790.0,-0.050000000000000044,-0.050000000000000044,-0.02100000000000002,,2022-10-21,2022-10-24,2022-10-25,2022-10-28,NAVER_FINANCE_DOMESTIC_INDEX_DAILY,KOSDAQ,674.48,688.5,688.85,687.63,0.02078638358439089,0.021305301862175385,0.01949650100818401,-0.07078638358439093,-0.07130530186217543,-0.04049650100818403,complete
127540,20260529001682,01053540,퓨쳐켐,220100,주요사항보고서(유무상증자결정),2026-05-29,KOSDAQ,15100.0,12880.0,12100.0,10870.0,-0.1470198675496689,-0.19867549668874174,-0.2801324503311259,,2026-05-29,2026-06-01,2026-06-02,2026-06-08,NAVER_FINANCE_DOMESTIC_INDEX_DAILY,KOSDAQ,1074.8,1050.03,1026.03,911.39,-0.02304614812058059,-0.04537588388537406,-0.15203758838853743,-0.1239737194290883,-0.15329961280336768,-0.12809486194258846,complete
127553,20260529901518,01053540,퓨쳐켐,220100,주권매매거래정지              (무상증자),2026-05-29,KOSDAQ,15100.0,12880.0,12100.0,10870.0,-0.1470198675496689,-0.19867549668874174,-0.2801324503311259,,2026-05-29,2026-06-01,2026-06-02,2026-06-08,NAVER_FINANCE_DOMESTIC_INDEX_DAILY,KOSDAQ,1074.8,1050.03,1026.03,911.39,-0.02304614812058059,-0.04537588388537406,-0.15203758838853743,-0.1239737194290883,-0.15329961280336768,-0.12809486194258846,complete
1096169,20220705000077,01423837,모아데이타,288980,주요사항보고서(무상증자결정),2022-07-05,KOSDAQ,3276.0,4252.0,3743.0,3751.0,0.297924297924298,0.1425518925518925,0.14499389499389492,,2022-07-05,2022-07-06,2022-07-07,2022-07-12,NAVER_FINANCE_DOMESTIC_INDEX_DAILY,KOSDAQ,750.95,744.63,757.97,750.78,-0.008416006391903652,0.009348158998601752,-0.00022637991876961472,0.30634030431620163,0.13320373355329074,0.14522027491266454,complete
1096168,20220705900139,01423837,모아데이타,288980,주권매매거래정지(무상증자),2022-07-05,KOSDAQ,3276.0,4252.0,3743.0,3751.0,0.297924297924298,0.1425518925518925,0.14499389499389492,,2022-07-05,2022-07-06,2022-07-07,2022-07-12,NAVER_FINANCE_DOMESTIC_INDEX_DAILY,KOSDAQ,750.95,744.63,757.97,750.78,-0.008416006391903652,0.009348158998601752,-0.00022637991876961472,0.30634030431620163,0.13320373355329074,0.14522027491266454,complete
1090665,20220718900416,01423837,모아데이타,288980,권리락(무상증자),2022-07-18,KOSDAQ,4710.0,6120.0,6120.0,5570.0,0.2993630573248407,0.2993630573248407,0.18259023354564752,,2022-07-18,2022-07-19,2022-07-20,2022-07-25,NAVER_FINANCE_DOMESTIC_INDEX_DAILY,KOSDAQ,776.72,782.33,790.72,789.69,0.007222679987640257,0.018024513338139814,0.016698424142548296,0.29214037733720044,0.2813385439867009,0.16589180940309922,complete
1093102,20220712000133,01290381,피엔케이피부임상연구센타,347740,주요사항보고서(무상증자결정),2022-07-12,KOSDAQ,5388.0,5125.0,5025.0,5350.0,-0.04881217520415737,-0.06737193763919824,-0.007052709725315465,,2022-07-12,2022-07-13,2022-07-14,2022-07-19,NAVER_FINANCE_DOMESTIC_INDEX_DAILY,KOSDAQ,750.78,763.18,766.08,782.33,0.016516156530541615,0.020378806041716713,0.04202296278536988,-0.06532833173469899,-0.08775074368091496,-0.04907567251068534,complete
1093103,20220712900107,01290381,피엔케이피부임상연구센타,347740,주권매매거래정지(무상증자),2022-07-12,KOSDAQ,5388.0,5125.0,5025.0,5350.0,-0.04881217520415737,-0.06737193763919824,-0.007052709725315465,,2022-07-12,2022-07-13,2022-07-14,2022-07-19,NAVER_FINANCE_DOMESTIC_INDEX_DAILY,KOSDAQ,750.78,763.18,766.08,782.33,0.016516156530541615,0.020378806041716713,0.04202296278536988,-0.06532833173469899,-0.08775074368091496,-0.04907567251068534,complete
1087865,20220725900350,01290381,피엔케이피부임상연구센타,347740,권리락(무상증자),2022-07-25,KOSDAQ,5000.0,6500.0,7460.0,5010.0,0.30000000000000004,0.492,0.0020000000000000018,,2022-07-25,2022-07-26,2022-07-27,2022-08-01,NAVER_FINANCE_DOMESTIC_INDEX_DAILY,KOSDAQ,789.69,789.93,795.7,807.61,0.0003039167268166221,0.007610581367371916,0.022692448935658138,0.2996960832731834,0.4843894186326281,-0.020692448935658136,complete
1093062,20220712900141,00442826,대봉엘에스,078140,무상증자결정(종속회사의주요경영사항),2022-07-12,KOSDAQ,9510.0,8700.0,8780.0,9270.0,-0.08517350157728709,-0.0767613038906414,-0.025236593059936863,,2022-07-12,2022-07-13,2022-07-14,2022-07-19,NAVER_FINANCE_DOMESTIC_INDEX_DAILY,KOSDAQ,750.78,763.18,766.08,782.33,0.016516156530541615,0.020378806041716713,0.04202296278536988,-0.1016896581078287,-0.09714010993235811,-0.06725955584530674,complete
1092595,20220713000014,00535676,테크윙,089030,주요사항보고서(무상증자결정),2022-07-13,KOSDAQ,8278.0,8278.0,8354.0,8532.0,0.0,0.009180961584923875,0.03068374003382468,,2022-07-13,2022-07-14,2022-07-15,2022-07-20,NAVER_FINANCE_DOMESTIC_INDEX_DAILY,KOSDAQ,763.18,766.08,762.39,790.72,0.0037998899342226444,-0.0010351424303571832,0.03608585130637598,-0.0037998899342226444,0.010216104015281058,-0.005402111272551302,complete
1092594,20220713900065,00535676,테크윙,089030,주권매매거래정지(무상증자),2022-07-13,KOSDAQ,8278.0,8278.0,8354.0,8532.0,0.0,0.009180961584923875,0.03068374003382468,,2022-07-13,2022-07-14,2022-07-15,2022-07-20,NAVER_FINANCE_DOMESTIC_INDEX_DAILY,KOSDAQ,763.18,766.08,762.39,790.72,0.0037998899342226444,-0.0010351424303571832,0.03608585130637598,-0.0037998899342226444,0.010216104015281058,-0.005402111272551302,complete
1085232,20220729900651,00535676,테크윙,089030,권리락(무상증자),2022-07-29,KOSDAQ,8810.0,8830.0,8620.0,8320.0,0.002270147559591429,-0.02156640181611802,-0.055618615209988675,,2022-07-29,2022-08-01,2022-08-02,2022-08-05,NAVER_FINANCE_DOMESTIC_INDEX_DAILY,KOSDAQ,803.62,807.61,804.34,831.64,0.004965033224658466,0.0008959458450512603,0.03486722580324031,-0.002694885665067037,-0.02246234766116928,-0.09048584101322898,complete
1092556,20220713000059,00980043,비큐AI,148780,주요사항보고서(무상증자결정),2022-07-13,KOSDAQ,2380.0,2210.0,2230.0,2930.0,-0.0714285714285714,-0.06302521008403361,0.23109243697478998,,2022-07-13,2022-07-14,2022-07-15,2022-07-20,NAVER_FINANCE_DOMESTIC_INDEX_DAILY,KOSDAQ,763.18,766.08,762.39,790.72,0.0037998899342226444,-0.0010351424303571832,0.03608585130637598,-0.07522846136279404,-0.06199006765367643,0.195006585668414,complete
1092557,20220713900108,00980043,비큐AI,148780,주권매매거래정지(무상증자),2022-07-13,KOSDAQ,2380.0,2210.0,2230.0,2930.0,-0.0714285714285714,-0.06302521008403361,0.23109243697478998,,2022-07-13,2022-07-14,2022-07-15,2022-07-20,NAVER_FINANCE_DOMESTIC_INDEX_DAILY,KOSDAQ,763.18,766.08,762.39,790.72,0.0037998899342226444,-0.0010351424303571832,0.03608585130637598,-0.07522846136279404,-0.06199006765367643,0.195006585668414,complete
1087374,20220726900324,00980043,비큐AI,148780,권리락(무상증자),2022-07-26,KOSDAQ,2390.0,3105.0,2580.0,2200.0,0.2991631799163179,0.07949790794979084,-0.07949790794979084,,2022-07-26,2022-07-27,2022-07-28,2022-08-02,NAVER_FINANCE_DOMESTIC_INDEX_DAILY,KOSDAQ,789.93,795.7,798.32,804.34,0.007304444697631585,0.010621194283037871,0.018242122719734688,0.2918587352186863,0.06887671366675296,-0.09774003066952552,complete
1092262,20220713000350,00164618,현대사료,016790,주요사항보고서(무상증자결정),2022-07-13,KOSDAQ,15107.0,14140.0,12523.0,13573.0,-0.06401006156086586,-0.17104653471900444,-0.10154233136956381,,2022-07-13,2022-07-14,2022-07-15,2022-07-20,NAVER_FINANCE_DOMESTIC_INDEX_DAILY,KOSDAQ,763.18,766.08,762.39,790.72,0.0037998899342226444,-0.0010351424303571832,0.03608585130637598,-0.0678099514950885,-0.17001139228864726,-0.1376281826759398,complete
1092263,20220713900427,00164618,현대사료,016790,주권매매거래정지(무상증자),2022-07-13,KOSDAQ,15107.0,14140.0,12523.0,13573.0,-0.06401006156086586,-0.17104653471900444,-0.10154233136956381,,2022-07-13,2022-07-14,2022-07-15,2022-07-20,NAVER_FINANCE_DOMESTIC_INDEX_DAILY,KOSDAQ,763.18,766.08,762.39,790.72,0.0037998899342226444,-0.0010351424303571832,0.03608585130637598,-0.0678099514950885,-0.17001139228864726,-0.1376281826759398,complete
857977,20230725900515,00164618,현대사료,016790,권리락(무상증자),2023-07-25,KOSDAQ,6570.0,6750.0,5930.0,6350.0,0.027397260273972712,-0.0974124809741248,-0.0334855403348554,,2023-07-25,2023-07-26,2023-07-27,2023-08-01,NAVER_FINANCE_DOMESTIC_INDEX_DAILY,KOSDAQ,939.96,900.63,883.79,939.67,-0.041842206051321384,-0.05975786203668254,-0.0003085237669688823,0.0692394663252941,-0.037654618937442264,-0.03317701656788652,complete
1092074,20220714000163,00577380,신진에스엠,138070,주요사항보고서(무상증자결정),2022-07-14,KOSDAQ,4661.0,4108.0,4174.0,4964.0,-0.11864406779661019,-0.10448401630551385,0.06500750911821496,,2022-07-14,2022-07-15,2022-07-18,2022-07-21,NAVER_FINANCE_DOMESTIC_INDEX_DAILY,KOSDAQ,766.08,762.39,776.72,795.15,-0.004816729323308344,0.01388888888888884,0.03794642857142838,-0.11382733847330184,-0.11837290519440269,0.027061080546786576,complete
1092075,20220714900186,00577380,신진에스엠,138070,주권매매거래정지(무상증자),2022-07-14,KOSDAQ,4661.0,4108.0,4174.0,4964.0,-0.11864406779661019,-0.10448401630551385,0.06500750911821496,,2022-07-14,2022-07-15,2022-07-18,2022-07-21,NAVER_FINANCE_DOMESTIC_INDEX_DAILY,KOSDAQ,766.08,762.39,776.72,795.15,-0.004816729323308344,0.01388888888888884,0.03794642857142838,-0.11382733847330184,-0.11837290519440269,0.027061080546786576,complete
1082989,20220805900473,00577380,신진에스엠,138070,권리락(무상증자),2022-08-05,KOSDAQ,4405.0,4550.0,4320.0,4950.0,0.03291713961407483,-0.0192962542565267,0.12372304199772977,,2022-08-05,2022-08-08,2022-08-09,2022-08-12,NAVER_FINANCE_DOMESTIC_INDEX_DAILY,KOSDAQ,831.64,830.86,833.65,831.63,-0.0009379058246355987,0.002416911163484192,-1.2024433649115984e-05,0.03385504543871043,-0.021713165420010894,0.12373506643137888,complete
1090413,20220719000084,00561732,아스플로,159010,주요사항보고서(무상증자결정),2022-07-19,KOSDAQ,8854.0,8637.0,9037.0,8954.0,-0.024508696634289562,0.020668624350576037,0.011294330246216289,,2022-07-19,2022-07-20,2022-07-21,2022-07-26,NAVER_FINANCE_DOMESTIC_INDEX_DAILY,KOSDAQ,782.33,790.72,795.15,789.93,0.01072437462451914,0.016386946684902703,0.009714570577633364,-0.0352330712588087,0.0042816776656733335,0.0015797596685829252,complete
1090412,20220719900127,00561732,아스플로,159010,주권매매거래정지(무상증자),2022-07-19,KOSDAQ,8854.0,8637.0,9037.0,8954.0,-0.024508696634289562,0.020668624350576037,0.011294330246216289,,2022-07-19,2022-07-20,2022-07-21,2022-07-26,NAVER_FINANCE_DOMESTIC_INDEX_DAILY,KOSDAQ,782.33,790.72,795.15,789.93,0.01072437462451914,0.016386946684902703,0.009714570577633364,-0.0352330712588087,0.0042816776656733335,0.0015797596685829252,complete
1084761,20220801900329,00561732,아스플로,159010,권리락(무상증자),2022-08-01,KOSDAQ,8320.0,10800.0,9870.0,10400.0,0.29807692307692313,0.18629807692307687,0.25,,2022-08-01,2022-08-02,2022-08-03,2022-08-08,NAVER_FINANCE_DOMESTIC_INDEX_DAILY,KOSDAQ,807.61,804.34,815.36,830.86,-0.004048984039325854,0.009596215995344215,0.028788647986032867,0.302125907116249,0.17670186092773266,0.22121135201396713,complete
1088489,20220722000408,00346610,시지메드텍,056090,주요사항보고서(무상증자결정),2022-07-22,KOSDAQ,6440.0,7740.0,5880.0,6500.0,0.20186335403726718,-0.08695652173913049,0.009316770186335477,,2022-07-22,2022-07-25,2022-07-26,2022-07-29,NAVER_FINANCE_DOMESTIC_INDEX_DAILY,KOSDAQ,789.75,789.69,789.93,803.62,-7.597340930665109e-05,0.00022792022792006428,0.017562519784741992,0.20193932744657384,-0.08718444196705055,-0.008245749598406515,complete
1088488,20220722900412,00346610,시지메드텍,056090,주권매매거래정지(무상증자),2022-07-22,KOSDAQ,6440.0,7740.0,5880.0,6500.0,0.20186335403726718,-0.08695652173913049,0.009316770186335477,,2022-07-22,2022-07-25,2022-07-26,2022-07-29,NAVER_FINANCE_DOMESTIC_INDEX_DAILY,KOSDAQ,789.75,789.69,789.93,803.62,-7.597340930665109e-05,0.00022792022792006428,0.017562519784741992,0.20193932744657384,-0.08718444196705055,-0.008245749598406515,complete
1083510,20220804900431,00346610,시지메드텍,056090,권리락(무상증자),2022-08-04,KOSDAQ,5220.0,6780.0,8810.0,8700.0,0.29885057471264376,0.6877394636015326,0.6666666666666667,,2022-08-04,2022-08-05,2022-08-08,2022-08-11,NAVER_FINANCE_DOMESTIC_INDEX_DAILY,KOSDAQ,825.16,831.64,830.86,832.15,0.007853022444131996,0.006907751224004999,0.008471084395753614,0.29099755226851176,0.6808317123775276,0.6581955822709131,complete
1087044,20220727000070,01462605,지투파워,388050,주요사항보고서(무상증자결정),2022-07-27,KOSDAQ,9443.0,11133.0,10789.0,9939.0,0.1789685481308907,0.14253944720957312,0.05252568039817862,,2022-07-27,2022-07-28,2022-07-29,2022-08-03,NAVER_FINANCE_DOMESTIC_INDEX_DAILY,KOSDAQ,795.7,798.32,803.62,815.36,0.0032926982531105153,0.009953500062837684,0.02470780444891285,0.17567584987778018,0.13258594714673544,0.02781787594926577,complete
1087045,20220727900148,01462605,지투파워,388050,주권매매거래정지(무상증자),2022-07-27,KOSDAQ,9443.0,11133.0,10789.0,9939.0,0.1789685481308907,0.14253944720957312,0.05252568039817862,,2022-07-27,2022-07-28,2022-07-29,2022-08-03,NAVER_FINANCE_DOMESTIC_INDEX_DAILY,KOSDAQ,795.7,798.32,803.62,815.36,0.0032926982531105153,0.009953500062837684,0.02470780444891285,0.17567584987778018,0.13258594714673544,0.02781787594926577,complete
1081983,20220809900394,01462605,지투파워,388050,권리락(무상증자),2022-08-09,KOSDAQ,9220.0,11950.0,15500.0,15150.0,0.29609544468546645,0.6811279826464207,0.6431670281995661,,2022-08-09,2022-08-10,2022-08-11,2022-08-17,NAVER_FINANCE_DOMESTIC_INDEX_DAILY,KOSDAQ,833.65,820.27,832.15,827.42,-0.01604990103760573,-0.0017993162598212153,-0.007473160199124362,0.3121453457230722,0.6829272989062419,0.6506401883986904,complete
1087037,20220727000082,00606886,엔지켐생명과학,183490,주요사항보고서(무상증자결정),2022-07-27,KOSDAQ,4360.0,4044.0,3685.0,3560.0,-0.07247706422018352,-0.15481651376146788,-0.1834862385321101,,2022-07-27,2022-07-28,2022-07-29,2022-08-03,NAVER_FINANCE_DOMESTIC_INDEX_DAILY,KOSDAQ,795.7,798.32,803.62,815.36,0.0032926982531105153,0.009953500062837684,0.02470780444891285,-0.07576976247329403,-0.16477001382430556,-0.20819404298102295,complete
1087036,20220727900160,00606886,엔지켐생명과학,183490,주권매매거래정지(무상증자),2022-07-27,KOSDAQ,4360.0,4044.0,3685.0,3560.0,-0.07247706422018352,-0.15481651376146788,-0.1834862385321101,,2022-07-27,2022-07-28,2022-07-29,2022-08-03,NAVER_FINANCE_DOMESTIC_INDEX_DAILY,KOSDAQ,795.7,798.32,803.62,815.36,0.0032926982531105153,0.009953500062837684,0.02470780444891285,-0.07576976247329403,-0.16477001382430556,-0.20819404298102295,complete
1076350,20220816902653,00606886,엔지켐생명과학,183490,권리락(무상증자),2022-08-16,KOSDAQ,3385.0,4400.0,4535.0,3750.0,0.2998522895125555,0.3397341211225997,0.10782865583456425,,2022-08-16,2022-08-17,2022-08-18,2022-08-23,NAVER_FINANCE_DOMESTIC_INDEX_DAILY,KOSDAQ,834.74,827.42,826.06,783.42,-0.008769197594460598,-0.010398447420753798,-0.06148022138629994,0.3086214871070161,0.3501325685433535,0.16930887722086418,complete
1085309,20220729000447,00151605,THE CUBE&,013720,주요사항보고서(무상증자결정),2022-07-29,KOSDAQ,6240.0,5210.0,5500.0,5510.0,-0.16506410256410253,-0.11858974358974361,-0.11698717948717952,,2022-07-29,2022-08-01,2022-08-02,2022-08-05,NAVER_FINANCE_DOMESTIC_INDEX_DAILY,KOSDAQ,803.62,807.61,804.34,831.64,0.004965033224658466,0.0008959458450512603,0.03486722580324031,-0.170029135788761,-0.11948568943479487,-0.15185440529041982,complete
1085310,20220729900570,00151605,THE CUBE&,013720,주권매매거래정지(무상증자),2022-07-29,KOSDAQ,6240.0,5210.0,5500.0,5510.0,-0.16506410256410253,-0.11858974358974361,-0.11698717948717952,,2022-07-29,2022-08-01,2022-08-02,2022-08-05,NAVER_FINANCE_DOMESTIC_INDEX_DAILY,KOSDAQ,803.62,807.61,804.34,831.64,0.004965033224658466,0.0008959458450512603,0.03486722580324031,-0.170029135788761,-0.11948568943479487,-0.15185440529041982,complete
1080796,20220811900520,00151605,THE CUBE&,013720,권리락(무상증자),2022-08-11,KOSDAQ,5050.0,6560.0,6740.0,5600.0,0.29900990099009905,0.33465346534653473,0.10891089108910901,,2022-08-11,2022-08-12,2022-08-16,2022-08-19,NAVER_FINANCE_DOMESTIC_INDEX_DAILY,KOSDAQ,832.15,831.63,834.74,814.17,-0.0006248873400228616,0.003112419635882935,-0.02160668148771261,0.2996347883301219,0.3315410457106518,0.13051757257682162,complete
1075953,20220817000024,00663669,폴라리스우노,114630,주요사항보고서(무상증자결정),2022-08-17,KOSDAQ,7940.0,7545.0,7545.0,7475.0,-0.049748110831234205,-0.049748110831234205,-0.058564231738035266,,2022-08-17,2022-08-18,2022-08-19,2022-08-24,NAVER_FINANCE_DOMESTIC_INDEX_DAILY,KOSDAQ,827.42,826.06,814.17,793.14,-0.0016436634357400726,-0.016013632737908234,-0.04142998718909374,-0.04810444739549413,-0.03373447809332597,-0.017134244548941524,complete
1075952,20220817900087,00663669,폴라리스우노,114630,주권매매거래정지(무상증자),2022-08-17,KOSDAQ,7940.0,7545.0,7545.0,7475.0,-0.049748110831234205,-0.049748110831234205,-0.058564231738035266,,2022-08-17,2022-08-18,2022-08-19,2022-08-24,NAVER_FINANCE_DOMESTIC_INDEX_DAILY,KOSDAQ,827.42,826.06,814.17,793.14,-0.0016436634357400726,-0.016013632737908234,-0.04142998718909374,-0.04810444739549413,-0.03373447809332597,-0.017134244548941524,complete
1067191,20220831900654,00663669,폴라리스우노,114630,권리락(무상증자),2022-08-31,KOSDAQ,6975.0,9050.0,7900.0,6750.0,0.29749103942652333,0.13261648745519716,-0.032258064516129004,,2022-08-31,2022-09-01,2022-09-02,2022-09-07,NAVER_FINANCE_DOMESTIC_INDEX_DAILY,KOSDAQ,807.04,788.32,785.88,768.19,-0.02319587628865971,-0.026219270420301255,-0.0481388778747025,0.32068691571518304,0.15883575787549842,0.015880813358573498,complete
1075428,20220818000211,00615723,알엔티엑스,123010,주요사항보고서(무상증자결정),2022-08-18,KOSDAQ,3080.0,2980.0,3080.0,3100.0,-0.03246753246753242,0.0,0.006493506493506551,,2022-08-18,2022-08-19,2022-08-22,2022-08-25,NAVER_FINANCE_DOMESTIC_INDEX_DAILY,KOSDAQ,826.06,814.17,795.87,807.37,-0.01439362758153162,-0.036546982059414534,-0.022625475147083685,-0.018073904886000802,0.036546982059414534,0.029118981640590236,complete
1075429,20220818900209,00615723,알엔티엑스,123010,주권매매거래정지(무상증자),2022-08-18,KOSDAQ,3080.0,2980.0,3080.0,3100.0,-0.03246753246753242,0.0,0.006493506493506551,,2022-08-18,2022-08-19,2022-08-22,2022-08-25,NAVER_FINANCE_DOMESTIC_INDEX_DAILY,KOSDAQ,826.06,814.17,795.87,807.37,-0.01439362758153162,-0.036546982059414534,-0.022625475147083685,-0.018073904886000802,0.036546982059414534,0.029118981640590236,complete
1067193,20220831900652,00615723,알엔티엑스,123010,권리락(무상증자),2022-08-31,KOSDAQ,3130.0,3100.0,3125.0,2965.0,-0.009584664536741228,-0.0015974440894568342,-0.05271565495207664,,2022-08-31,2022-09-01,2022-09-02,2022-09-07,NAVER_FINANCE_DOMESTIC_INDEX_DAILY,KOSDAQ,807.04,788.32,785.88,768.19,-0.02319587628865971,-0.026219270420301255,-0.0481388778747025,0.013611211751918484,0.02462182633084442,-0.004576777077374139,complete
1073924,20220823000011,01201590,에브리봇,270660,주요사항보고서(무상증자결정),2022-08-23,KOSDAQ,21100.0,20525.0,20550.0,19600.0,-0.027251184834123254,-0.026066350710900466,-0.07109004739336489,,2022-08-23,2022-08-24,2022-08-25,2022-08-30,NAVER_FINANCE_DOMESTIC_INDEX_DAILY,KOSDAQ,783.42,793.14,807.37,797.02,0.012407137933675427,0.03057108575221479,0.01735978147098627,-0.03965832276779868,-0.056637436463115254,-0.08844982886435115,complete
1073925,20220823900066,01201590,에브리봇,270660,주권매매거래정지(무상증자),2022-08-23,KOSDAQ,21100.0,20525.0,20550.0,19600.0,-0.027251184834123254,-0.026066350710900466,-0.07109004739336489,,2022-08-23,2022-08-24,2022-08-25,2022-08-30,NAVER_FINANCE_DOMESTIC_INDEX_DAILY,KOSDAQ,783.42,793.14,807.37,797.02,0.012407137933675427,0.03057108575221479,0.01735978147098627,-0.03965832276779868,-0.056637436463115254,-0.08844982886435115,complete
1065858,20220905900530,01201590,에브리봇,270660,권리락(무상증자),2022-09-05,KOSDAQ,19300.0,19600.0,17950.0,17850.0,0.015544041450777257,-0.06994818652849744,-0.07512953367875652,,2022-09-05,2022-09-06,2022-09-07,2022-09-14,NAVER_FINANCE_DOMESTIC_INDEX_DAILY,KOSDAQ,771.43,779.46,768.19,782.93,0.010409239982889007,-0.004199992222236437,0.014907379801148535,0.00513480146788825,-0.065748194306261,-0.09003691347990506,complete
1071366,20220829000037,01213586,아이디피,332370,주요사항보고서(무상증자결정),2022-08-29,KOSDAQ,4645.0,4655.0,4665.0,4600.0,0.0021528525296017342,0.0043057050592034685,-0.009687836383207804,,2022-08-29,2022-08-30,2022-08-31,2022-09-05,NAVER_FINANCE_DOMESTIC_INDEX_DAILY,KOSDAQ,779.89,797.02,807.04,771.43,0.021964636038415586,0.03481260177717371,-0.010847683647693951,-0.01981178350881385,-0.030506896717970244,0.0011598472644861468,complete
1071367,20220829900074,01213586,아이디피,332370,주권매매거래정지(무상증자),2022-08-29,KOSDAQ,4645.0,4655.0,4665.0,4600.0,0.0021528525296017342,0.0043057050592034685,-0.009687836383207804,,2022-08-29,2022-08-30,2022-08-31,2022-09-05,NAVER_FINANCE_DOMESTIC_INDEX_DAILY,KOSDAQ,779.89,797.02,807.04,771.43,0.021964636038415586,0.03481260177717371,-0.010847683647693951,-0.01981178350881385,-0.030506896717970244,0.0011598472644861468,complete
1064191,20220908900477,01213586,아이디피,332370,권리락(무상증자),2022-09-08,KOSDAQ,4745.0,4630.0,4600.0,4400.0,-0.02423603793466811,-0.030558482613277094,-0.07270811380400422,,2022-09-08,2022-09-13,2022-09-14,2022-09-19,NAVER_FINANCE_DOMESTIC_INDEX_DAILY,KOSDAQ,777.81,796.79,782.93,751.91,0.024401846209228584,0.006582584435787631,-0.03329862048572274,-0.04863788414389669,-0.037141067049064724,-0.039409493318281474,complete
1067152,20220831001559,01405451,알체라,347860,[첨부추가]주요사항보고서(유무상증자결정),2022-08-31,KOSDAQ,9220.0,8831.0,8928.0,8700.0,-0.04219088937093274,-0.031670281995661576,-0.05639913232104121,,2022-08-31,2022-09-01,2022-09-02,2022-09-07,NAVER_FINANCE_DOMESTIC_INDEX_DAILY,KOSDAQ,807.04,788.32,785.88,768.19,-0.02319587628865971,-0.026219270420301255,-0.0481388778747025,-0.018995013082273027,-0.0054510115753603205,-0.00826025444633871,complete
1067337,20220831900555,01405451,알체라,347860,주권매매거래정지(무상증자),2022-08-31,KOSDAQ,9220.0,8831.0,8928.0,8700.0,-0.04219088937093274,-0.031670281995661576,-0.05639913232104121,,2022-08-31,2022-09-01,2022-09-02,2022-09-07,NAVER_FINANCE_DOMESTIC_INDEX_DAILY,KOSDAQ,807.04,788.32,785.88,768.19,-0.02319587628865971,-0.026219270420301255,-0.0481388778747025,-0.018995013082273027,-0.0054510115753603205,-0.00826025444633871,complete
1041740,20221108900448,01405451,알체라,347860,권리락(무상증자),2022-11-08,KOSDAQ,7632.0,8292.0,7929.0,8135.0,0.08647798742138368,0.03891509433962259,0.06590670859538794,,2022-11-08,2022-11-09,2022-11-10,2022-11-15,NAVER_FINANCE_DOMESTIC_INDEX_DAILY,KOSDAQ,713.33,714.6,707.78,744.96,0.0017803821513184825,-0.007780410188832798,0.04434132869779761,0.0846976052700652,0.04669550452845539,0.02156537989759033,complete
1065947,20220905000156,01365825,피에스케이,319660,주요사항보고서(무상증자결정),2022-09-05,KOSDAQ,16375.0,16250.0,16300.0,16575.0,-0.007633587786259555,-0.004580152671755711,0.012213740458015376,,2022-09-05,2022-09-06,2022-09-07,2022-09-14,NAVER_FINANCE_DOMESTIC_INDEX_DAILY,KOSDAQ,771.43,779.46,768.19,782.93,0.010409239982889007,-0.004199992222236437,0.014907379801148535,-0.01804282776914856,-0.0003801604495192734,-0.0026936393431331584,complete
1065946,20220905900411,01365825,피에스케이,319660,주권매매거래정지(무상증자),2022-09-05,KOSDAQ,16375.0,16250.0,16300.0,16575.0,-0.007633587786259555,-0.004580152671755711,0.012213740458015376,,2022-09-05,2022-09-06,2022-09-07,2022-09-14,NAVER_FINANCE_DOMESTIC_INDEX_DAILY,KOSDAQ,771.43,779.46,768.19,782.93,0.010409239982889007,-0.004199992222236437,0.014907379801148535,-0.01804282776914856,-0.0003801604495192734,-0.0026936393431331584,complete
1061104,20220920900378,01365825,피에스케이,319660,권리락(무상증자),2022-09-20,KOSDAQ,16800.0,16400.0,15550.0,15050.0,-0.023809523809523836,-0.07440476190476186,-0.10416666666666663,,2022-09-20,2022-09-21,2022-09-22,2022-09-27,NAVER_FINANCE_DOMESTIC_INDEX_DAILY,KOSDAQ,760.35,754.89,751.41,698.11,-0.007180903531268545,-0.011757743144604538,-0.0818570395212731,-0.01662862027825529,-0.06264701876015732,-0.02230962714539353,complete
1063455,20220914000102,01046391,싸이토젠,217330,주요사항보고서(무상증자결정),2022-09-14,KOSDAQ,20105.0,19702.0,19702.0,19333.0,-0.020044764983834895,-0.020044764983834895,-0.03839840835613029,,2022-09-14,2022-09-15,2022-09-16,2022-09-21,NAVER_FINANCE_DOMESTIC_INDEX_DAILY,KOSDAQ,782.93,781.38,770.04,754.89,-0.001979742761166303,-0.016463796252538576,-0.035814185176197055,-0.018065022222668592,-0.003580968731296319,-0.0025842231799332316,complete
1063456,20220914900149,01046391,싸이토젠,217330,주권매매거래정지(무상증자),2022-09-14,KOSDAQ,20105.0,19702.0,19702.0,19333.0,-0.020044764983834895,-0.020044764983834895,-0.03839840835613029,,2022-09-14,2022-09-15,2022-09-16,2022-09-21,NAVER_FINANCE_DOMESTIC_INDEX_DAILY,KOSDAQ,782.93,781.38,770.04,754.89,-0.001979742761166303,-0.016463796252538576,-0.035814185176197055,-0.018065022222668592,-0.003580968731296319,-0.0025842231799332316,complete
1058546,20220927900480,01046391,싸이토젠,217330,권리락(무상증자),2022-09-27,KOSDAQ,19400.0,20000.0,20300.0,21100.0,0.030927835051546282,0.046391752577319645,0.08762886597938135,,2022-09-27,2022-09-28,2022-09-29,2022-10-05,NAVER_FINANCE_DOMESTIC_INDEX_DAILY,KOSDAQ,698.11,673.87,675.07,685.34,-0.034722321697153724,-0.03300339488046289,-0.018292246207617713,0.0656501567487,0.07939514745778253,0.10592111218699907,complete
1059000,20220926000307,00545929,제넥신,095700,주요사항보고서(유무상증자결정),2022-09-26,KOSDAQ,17069.0,15035.0,15943.0,16996.0,-0.11916339562950373,-0.06596754349991207,-0.0042767590368504305,,2022-09-26,2022-09-27,2022-09-28,2022-10-04,NAVER_FINANCE_DOMESTIC_INDEX_DAILY,KOSDAQ,692.37,698.11,673.87,696.79,0.008290364978263076,-0.026719817438652704,0.006383869896153804,-0.1274537606077668,-0.03924772606125937,-0.010660628933004235,complete
1059001,20220926900463,00545929,제넥신,095700,주권매매거래정지(무상증자),2022-09-26,KOSDAQ,17069.0,15035.0,15943.0,16996.0,-0.11916339562950373,-0.06596754349991207,-0.0042767590368504305,,2022-09-26,2022-09-27,2022-09-28,2022-10-04,NAVER_FINANCE_DOMESTIC_INDEX_DAILY,KOSDAQ,692.37,698.11,673.87,696.79,0.008290364978263076,-0.026719817438652704,0.006383869896153804,-0.1274537606077668,-0.03924772606125937,-0.010660628933004235,complete
1007773,20230110900595,00545929,제넥신,095700,권리락(무상증자),2023-01-10,KOSDAQ,14600.0,14650.0,16900.0,14750.0,0.003424657534246478,0.15753424657534243,0.010273972602739656,,2023-01-10,2023-01-11,2023-01-12,2023-01-17,NAVER_FINANCE_DOMESTIC_INDEX_DAILY,KOSDAQ,696.05,709.77,710.82,709.71,0.01971122764169242,0.021219739961209738,0.019625026937720058,-0.01628657010744594,0.1363145066141327,-0.009351054334980402,complete
1053454,20221011000021,00989619,알테오젠,196170,주요사항보고서(무상증자결정),2022-10-11,KOSDAQ,30320.0,29903.0,28694.0,35242.0,-0.013753298153034277,-0.05362796833773087,0.16233509234828492,,2022-10-11,2022-10-12,2022-10-13,2022-10-18,NAVER_FINANCE_DOMESTIC_INDEX_DAILY,KOSDAQ,669.5,671.67,651.59,697.09,0.0032412247946227435,-0.026751306945481668,0.04120985810306199,-0.01699452294765702,-0.0268766613922492,0.12112523424522292,complete
1053455,20221011900079,00989619,알테오젠,196170,주권매매거래정지(무상증자),2022-10-11,KOSDAQ,30320.0,29903.0,28694.0,35242.0,-0.013753298153034277,-0.05362796833773087,0.16233509234828492,,2022-10-11,2022-10-12,2022-10-13,2022-10-18,NAVER_FINANCE_DOMESTIC_INDEX_DAILY,KOSDAQ,669.5,671.67,651.59,697.09,0.0032412247946227435,-0.026751306945481668,0.04120985810306199,-0.01699452294765702,-0.0268766613922492,0.12112523424522292,complete
1047975,20221024900433,00989619,알테오젠,196170,권리락(무상증자),2022-10-24,KOSDAQ,35200.0,35900.0,34950.0,36700.0,0.019886363636363535,-0.007102272727272707,0.042613636363636465,,2022-10-24,2022-10-25,2022-10-26,2022-10-31,NAVER_FINANCE_DOMESTIC_INDEX_DAILY,KOSDAQ,688.5,688.85,683.17,695.33,0.0005083514887436191,-0.007741466957153276,0.009920116194626072,0.019378012147619916,0.0006391942298805686,0.03269352016901039,complete
1051702,20221013000498,00667425,에이팩트,200470,주요사항보고서(유무상증자결정),2022-10-13,KOSDAQ,3459.0,3191.0,3296.0,3235.0,-0.0774790401850246,-0.04712344608268282,-0.06475860075166229,,2022-10-13,2022-10-14,2022-10-17,2022-10-20,NAVER_FINANCE_DOMESTIC_INDEX_DAILY,KOSDAQ,651.59,678.24,682.0,680.44,0.040899952424070296,0.046670452278273045,0.04427630872174215,-0.1183789926090949,-0.09379389836095586,-0.10903490947340444,complete
1051703,20221013900556,00667425,에이팩트,200470,주권매매거래정지(무상증자),2022-10-13,KOSDAQ,3459.0,3191.0,3296.0,3235.0,-0.0774790401850246,-0.04712344608268282,-0.06475860075166229,,2022-10-13,2022-10-14,2022-10-17,2022-10-20,NAVER_FINANCE_DOMESTIC_INDEX_DAILY,KOSDAQ,651.59,678.24,682.0,680.44,0.040899952424070296,0.046670452278273045,0.04427630872174215,-0.1183789926090949,-0.09379389836095586,-0.10903490947340444,complete
1043344,20221103900436,00667425,에이팩트,200470,권리락(무상증자),2022-11-03,KOSDAQ,3425.0,3260.0,3405.0,3210.0,-0.04817518248175179,-0.005839416058394109,-0.06277372262773717,,2022-11-03,2022-11-04,2022-11-07,2022-11-10,NAVER_FINANCE_DOMESTIC_INDEX_DAILY,KOSDAQ,694.13,693.89,700.48,707.78,-0.0003457565585697209,0.00914814227882399,0.01966490426865275,-0.04782942592318207,-0.014987558337218099,-0.08243862689638992,complete
1049292,20221020000105,01302853,아이씨에이치,368600,주요사항보고서(무상증자결정),2022-10-20,KOSDAQ,7481.0,6701.0,6942.0,6551.0,-0.10426413581072047,-0.07204919128458764,-0.12431493115893599,,2022-10-20,2022-10-21,2022-10-24,2022-10-27,NAVER_FINANCE_DOMESTIC_INDEX_DAILY,KOSDAQ,680.44,674.48,688.5,695.09,-0.008759038269355202,0.01184527658573864,0.021530186350008806,-0.09550509754136527,-0.08389446787032628,-0.1458451175089448,complete
1049291,20221020900177,01302853,아이씨에이치,368600,주권매매거래정지(무상증자),2022-10-20,KOSDAQ,7481.0,6701.0,6942.0,6551.0,-0.10426413581072047,-0.07204919128458764,-0.12431493115893599,,2022-10-20,2022-10-21,2022-10-24,2022-10-27,NAVER_FINANCE_DOMESTIC_INDEX_DAILY,KOSDAQ,680.44,674.48,688.5,695.09,-0.008759038269355202,0.01184527658573864,0.021530186350008806,-0.09550509754136527,-0.08389446787032628,-0.1458451175089448,complete
1043819,20221102900438,01302853,아이씨에이치,368600,권리락(무상증자),2022-11-02,KOSDAQ,6042.0,7850.0,7337.0,6744.0,0.2992386626944721,0.2143330023171135,0.11618669314796426,,2022-11-02,2022-11-03,2022-11-04,2022-11-09,NAVER_FINANCE_DOMESTIC_INDEX_DAILY,KOSDAQ,697.37,694.13,693.89,714.6,-0.00464602721654217,-0.004990177380730487,0.024707113870685582,0.30388468991101425,0.21932317969784398,0.09147957927727868,complete
1049149,20221020000257,00356839,메디콕스,054180,주요사항보고서(무상증자결정),2022-10-20,KOSDAQ,84105.0,73590.0,71865.0,67275.0,-0.12502229356161942,-0.14553237025147137,-0.20010700909577317,,2022-10-20,2022-10-21,2022-10-24,2022-10-27,NAVER_FINANCE_DOMESTIC_INDEX_DAILY,KOSDAQ,680.44,674.48,688.5,695.09,-0.008759038269355202,0.01184527658573864,0.021530186350008806,-0.11626325529226422,-0.15737764683721,-0.22163719544578198,complete
1049150,20221020900329,00356839,메디콕스,054180,주권매매거래정지(무상증자),2022-10-20,KOSDAQ,84105.0,73590.0,71865.0,67275.0,-0.12502229356161942,-0.14553237025147137,-0.20010700909577317,,2022-10-20,2022-10-21,2022-10-24,2022-10-27,NAVER_FINANCE_DOMESTIC_INDEX_DAILY,KOSDAQ,680.44,674.48,688.5,695.09,-0.008759038269355202,0.01184527658573864,0.021530186350008806,-0.11626325529226422,-0.15737764683721,-0.22163719544578198,complete
1035630,20221115900434,00356839,메디콕스,054180,권리락(무상증자),2022-11-15,KOSDAQ,59850.0,63300.0,61575.0,58125.0,0.057644110275689275,0.028822055137844638,-0.028822055137844638,,2022-11-15,2022-11-16,2022-11-17,2022-11-22,NAVER_FINANCE_DOMESTIC_INDEX_DAILY,KOSDAQ,744.96,743.1,737.54,712.26,-0.0024967783505154273,-0.009960266323024158,-0.04389497422680422,0.0601408886262047,0.038782321460868796,0.01507291908895958,complete
1043801,20221102000369,00920379,티엘비,356860,주요사항보고서(무상증자결정),2022-11-02,KOSDAQ,17825.0,20195.0,20266.0,20503.0,0.13295932678821876,0.13694249649368873,0.1502384291725105,,2022-11-02,2022-11-03,2022-11-04,2022-11-09,NAVER_FINANCE_DOMESTIC_INDEX_DAILY,KOSDAQ,697.37,694.13,693.89,714.6,-0.00464602721654217,-0.004990177380730487,0.024707113870685582,0.13760535400476093,0.1419326738744192,0.12553131530182493,complete
1043800,20221102900460,00920379,티엘비,356860,주권매매거래정지(무상증자),2022-11-02,KOSDAQ,17825.0,20195.0,20266.0,20503.0,0.13295932678821876,0.13694249649368873,0.1502384291725105,,2022-11-02,2022-11-03,2022-11-04,2022-11-09,NAVER_FINANCE_DOMESTIC_INDEX_DAILY,KOSDAQ,697.37,694.13,693.89,714.6,-0.00464602721654217,-0.004990177380730487,0.024707113870685582,0.13760535400476093,0.1419326738744192,0.12553131530182493,complete
1035629,20221115900435,00920379,티엘비,356860,권리락(무상증자),2022-11-15,KOSDAQ,20574.0,20527.0,19769.0,21902.0,-0.0022844366676387784,-0.03912705356274915,0.06454748711966563,,2022-11-15,2022-11-16,2022-11-17,2022-11-22,NAVER_FINANCE_DOMESTIC_INDEX_DAILY,KOSDAQ,744.96,743.1,737.54,712.26,-0.0024967783505154273,-0.009960266323024158,-0.04389497422680422,0.0002123416828766489,-0.02916678723972499,0.10844246134646984,complete
35823,20260410002733,00920379,티엘비,356860,주요사항보고서(유무상증자결정),2026-04-10,KOSDAQ,70637.0,70637.0,75662.0,77274.0,0.0,0.07113835525291279,0.09395925648031489,,2026-04-10,2026-04-13,2026-04-14,2026-04-17,NAVER_FINANCE_DOMESTIC_INDEX_DAILY,KOSDAQ,1093.63,1099.84,1121.88,1170.04,0.005678337280432988,0.025831405502775073,0.06986823697228473,-0.005678337280432988,0.045306949750137715,0.024091019508030165,complete
35829,20260410900715,00920379,티엘비,356860,주권매매거래정지              (무상증자),2026-04-10,KOSDAQ,70637.0,70637.0,75662.0,77274.0,0.0,0.07113835525291279,0.09395925648031489,,2026-04-10,2026-04-13,2026-04-14,2026-04-17,NAVER_FINANCE_DOMESTIC_INDEX_DAILY,KOSDAQ,1093.63,1099.84,1121.88,1170.04,0.005678337280432988,0.025831405502775073,0.06986823697228473,-0.005678337280432988,0.045306949750137715,0.024091019508030165,complete
1042488,20221107000035,00604028,피코그램,376180,주요사항보고서(무상증자결정),2022-11-07,KOSDAQ,13221.0,11613.0,11630.0,11698.0,-0.12162468799636938,-0.12033885485212914,-0.11519552227516827,,2022-11-07,2022-11-08,2022-11-09,2022-11-14,NAVER_FINANCE_DOMESTIC_INDEX_DAILY,KOSDAQ,700.48,713.33,714.6,729.54,0.018344563727729524,0.02015760621288254,0.041485838282320664,-0.1399692517240989,-0.14049646106501168,-0.15668136055748894,complete
1042489,20221107900121,00604028,피코그램,376180,주권매매거래정지(무상증자),2022-11-07,KOSDAQ,13221.0,11613.0,11630.0,11698.0,-0.12162468799636938,-0.12033885485212914,-0.11519552227516827,,2022-11-07,2022-11-08,2022-11-09,2022-11-14,NAVER_FINANCE_DOMESTIC_INDEX_DAILY,KOSDAQ,700.48,713.33,714.6,729.54,0.018344563727729524,0.02015760621288254,0.041485838282320664,-0.1399692517240989,-0.14049646106501168,-0.15668136055748894,complete
1034383,20221118900485,00604028,피코그램,376180,권리락(무상증자),2022-11-18,KOSDAQ,9800.0,12700.0,16500.0,14600.0,0.29591836734693877,0.6836734693877551,0.48979591836734704,,2022-11-18,2022-11-21,2022-11-22,2022-11-25,NAVER_FINANCE_DOMESTIC_INDEX_DAILY,KOSDAQ,731.92,718.57,712.26,733.56,-0.018239698327686016,-0.02686085911028524,0.002240682041753095,0.3141580656746248,0.7105343284980403,0.48755523632559394,complete
1042304,20221107000174,00150633,지누스,013890,주요사항보고서(무상증자결정),2022-11-07,KOSPI,26471.0,24651.0,24386.0,25523.0,-0.06875448604132828,-0.07876544142646669,-0.03581277624570289,,2022-11-07,2022-11-08,2022-11-09,2022-11-14,NAVER_FINANCE_DOMESTIC_INDEX_DAILY,KOSPI,2371.79,2399.04,2424.41,2474.65,0.011489212788653225,0.022185775300511468,0.04336808908039935,-0.0802436988299815,-0.10095121672697815,-0.07918086532610225,complete
808675,20231106000184,00150633,지누스,013890,주요사항보고서(무상증자결정),2023-11-06,KOSPI,15549.0,15739.0,16463.0,15531.0,0.012219435333461925,0.05878191523570653,-0.0011576307158016608,,2023-11-06,2023-11-07,2023-11-08,2023-11-13,NAVER_FINANCE_DOMESTIC_INDEX_DAILY,KOSPI,2502.37,2443.96,2421.62,2403.76,-0.023341871905433575,-0.03226940860064664,-0.03940664250290715,0.0355613072388955,0.09105132383635317,0.03824901178710549,complete
562214,20241104000041,00150633,지누스,013890,주요사항보고서(무상증자결정),2024-11-04,KOSPI,23705.0,22383.0,23933.0,24800.0,-0.05576882514237502,0.009618224003374864,0.046192786331997526,,2024-11-04,2024-11-05,2024-11-06,2024-11-11,NAVER_FINANCE_DOMESTIC_INDEX_DAILY,KOSPI,2588.97,2576.88,2563.51,2531.66,-0.004669810774168726,-0.009834026659250483,-0.022136216333136338,-0.0510990143682063,0.019452250662625348,0.06832900266513386,complete
1041580,20221109000011,00636656,바이오플러스,099430,주요사항보고서(무상증자결정),2022-11-09,KOSDAQ,7107.0,7120.0,7232.0,7182.0,0.0018291824961305103,0.01758829323202482,0.010552975939214893,,2022-11-09,2022-11-10,2022-11-11,2022-11-16,NAVER_FINANCE_DOMESTIC_INDEX_DAILY,KOSDAQ,714.6,707.78,731.22,743.1,-0.009543800727679908,0.02325776658270362,0.03988245172124261,0.011372983223810418,-0.0056694733506788,-0.029329475782027714,complete
1041581,20221109900078,00636656,바이오플러스,099430,주권매매거래정지(무상증자),2022-11-09,KOSDAQ,7107.0,7120.0,7232.0,7182.0,0.0018291824961305103,0.01758829323202482,0.010552975939214893,,2022-11-09,2022-11-10,2022-11-11,2022-11-16,NAVER_FINANCE_DOMESTIC_INDEX_DAILY,KOSDAQ,714.6,707.78,731.22,743.1,-0.009543800727679908,0.02325776658270362,0.03988245172124261,0.011372983223810418,-0.0056694733506788,-0.029329475782027714,complete
1033269,20221122900444,00636656,바이오플러스,099430,권리락(무상증자),2022-11-22,KOSDAQ,7270.0,7890.0,7420.0,7150.0,0.08528198074277848,0.02063273727647874,-0.016506189821182904,,2022-11-22,2022-11-23,2022-11-24,2022-11-29,NAVER_FINANCE_DOMESTIC_INDEX_DAILY,KOSDAQ,712.26,725.59,738.22,727.54,0.018715075955409555,0.03644736472636412,0.021452840254962968,0.06656690478736893,-0.015814627449885377,-0.03795903007614587,complete
1030761,20221128000539,00113191,코리안리,003690,주요사항보고서(무상증자결정),2022-11-28,KOSPI,5009.0,5151.0,5194.0,5212.0,0.02834897185066887,0.036933519664603676,0.04052705130764633,,2022-11-28,2022-11-29,2022-11-30,2022-12-05,NAVER_FINANCE_DOMESTIC_INDEX_DAILY,KOSPI,2408.27,2433.39,2472.53,2419.32,0.01043072412976942,0.026683054640883386,0.004588355956765655,0.01791824772089945,0.01025046502372029,0.03593869535088068,complete
808694,20231106000177,00113191,코리안리,003690,주요사항보고서(무상증자결정),2023-11-06,KOSPI,6177.0,6475.0,6323.0,6583.0,0.04824348389185684,0.023636069289298955,0.06572769953051649,,2023-11-06,2023-11-07,2023-11-08,2023-11-13,NAVER_FINANCE_DOMESTIC_INDEX_DAILY,KOSPI,2502.37,2443.96,2421.62,2403.76,-0.023341871905433575,-0.03226940860064664,-0.03940664250290715,0.07158535579729042,0.0559054778899456,0.10513434203342364,complete
567312,20241023000303,00113191,코리안리,003690,주요사항보고서(무상증자결정),2024-10-23,KOSPI,7621.0,7723.0,7808.0,7944.0,0.013384070331977416,0.024537462275291855,0.042382889384595224,,2024-10-23,2024-10-24,2024-10-25,2024-10-30,NAVER_FINANCE_DOMESTIC_INDEX_DAILY,KOSPI,2599.62,2581.03,2583.27,2593.79,-0.0071510451527529995,-0.006289380755648888,-0.002242635462106013,0.020535115484730415,0.030826843030940743,0.04462552484670124,complete
1025409,20221205000355,01047840,미스터블루,207760,주요사항보고서(무상증자결정),2022-12-05,KOSDAQ,2487.0,2320.0,2600.0,2373.0,-0.06714917571371126,0.04543626859670291,-0.045838359469240086,,2022-12-05,2022-12-06,2022-12-07,2022-12-12,NAVER_FINANCE_DOMESTIC_INDEX_DAILY,KOSDAQ,733.32,719.44,718.14,715.22,-0.018927616865761165,-0.0207003763704795,-0.024682266950308174,-0.0482215588479501,0.06613664496718241,-0.021156092518931913,complete
1025410,20221205900607,01047840,미스터블루,207760,주권매매거래정지(무상증자),2022-12-05,KOSDAQ,2487.0,2320.0,2600.0,2373.0,-0.06714917571371126,0.04543626859670291,-0.045838359469240086,,2022-12-05,2022-12-06,2022-12-07,2022-12-12,NAVER_FINANCE_DOMESTIC_INDEX_DAILY,KOSDAQ,733.32,719.44,718.14,715.22,-0.018927616865761165,-0.0207003763704795,-0.024682266950308174,-0.0482215588479501,0.06613664496718241,-0.021156092518931913,complete
1018632,20221216901285,01047840,미스터블루,207760,권리락(무상증자),2022-12-16,KOSDAQ,2610.0,3390.0,3585.0,3355.0,0.29885057471264376,0.37356321839080464,0.2854406130268199,,2022-12-16,2022-12-19,2022-12-20,2022-12-23,NAVER_FINANCE_DOMESTIC_INDEX_DAILY,KOSDAQ,717.41,717.22,703.13,691.25,-0.00026484158291628646,-0.01990493581076369,-0.036464504258373776,0.29911541629556004,0.39346815420156833,0.32190511728519366,complete
1025388,20221205000369,01033591,큐알티,405100,주요사항보고서(무상증자결정),2022-12-05,KOSDAQ,13052.0,12200.0,12501.0,12034.0,-0.06527735212994179,-0.04221575237511488,-0.07799570946981305,,2022-12-05,2022-12-06,2022-12-07,2022-12-12,NAVER_FINANCE_DOMESTIC_INDEX_DAILY,KOSDAQ,733.32,719.44,718.14,715.22,-0.018927616865761165,-0.0207003763704795,-0.024682266950308174,-0.046349735264180625,-0.021515376004635378,-0.05331344251950487,complete
1025389,20221205900626,01033591,큐알티,405100,주권매매거래정지(무상증자),2022-12-05,KOSDAQ,13052.0,12200.0,12501.0,12034.0,-0.06527735212994179,-0.04221575237511488,-0.07799570946981305,,2022-12-05,2022-12-06,2022-12-07,2022-12-12,NAVER_FINANCE_DOMESTIC_INDEX_DAILY,KOSDAQ,733.32,719.44,718.14,715.22,-0.018927616865761165,-0.0207003763704795,-0.024682266950308174,-0.046349735264180625,-0.021515376004635378,-0.05331344251950487,complete
1018633,20221216901284,01033591,큐알티,405100,권리락(무상증자),2022-12-16,KOSDAQ,11850.0,15400.0,12600.0,11850.0,0.29957805907172985,0.06329113924050622,0.0,,2022-12-16,2022-12-19,2022-12-20,2022-12-23,NAVER_FINANCE_DOMESTIC_INDEX_DAILY,KOSDAQ,717.41,717.22,703.13,691.25,-0.00026484158291628646,-0.01990493581076369,-0.036464504258373776,0.29984290065464614,0.08319607505126991,0.036464504258373776,complete
1024834,20221207000051,01259311,푸드나무,290720,주요사항보고서(무상증자결정),2022-12-07,KOSDAQ,11856.0,11171.0,10866.0,10993.0,-0.057776653171390024,-0.083502024291498,-0.07279014844804321,,2022-12-07,2022-12-08,2022-12-09,2022-12-14,NAVER_FINANCE_DOMESTIC_INDEX_DAILY,KOSDAQ,718.14,712.52,719.49,729.0,-0.007825772133567277,0.0018798562954298603,0.015122399532124575,-0.04995088103782275,-0.08538188058692786,-0.08791254798016779,complete
1024835,20221207900103,01259311,푸드나무,290720,주권매매거래정지(무상증자),2022-12-07,KOSDAQ,11856.0,11171.0,10866.0,10993.0,-0.057776653171390024,-0.083502024291498,-0.07279014844804321,,2022-12-07,2022-12-08,2022-12-09,2022-12-14,NAVER_FINANCE_DOMESTIC_INDEX_DAILY,KOSDAQ,718.14,712.52,719.49,729.0,-0.007825772133567277,0.0018798562954298603,0.015122399532124575,-0.04995088103782275,-0.08538188058692786,-0.08791254798016779,complete
1013211,20221228900840,01259311,푸드나무,290720,권리락(무상증자),2022-12-28,KOSDAQ,11450.0,10300.0,10000.0,10050.0,-0.10043668122270744,-0.1266375545851528,-0.12227074235807855,,2022-12-28,2022-12-29,2023-01-02,2023-01-05,NAVER_FINANCE_DOMESTIC_INDEX_DAILY,KOSDAQ,692.37,679.29,671.51,679.92,-0.018891633086355664,-0.03012839955515112,-0.017981714978985264,-0.08154504813635177,-0.09650915503000168,-0.10428902737909329,complete
1023824,20221209000117,00103006,고려제강,002240,주요사항보고서(무상증자결정),2022-12-09,KOSPI,20406.0,19597.0,19086.0,18915.0,-0.03964520239145353,-0.06468685680682151,-0.0730667450749779,,2022-12-09,2022-12-12,2022-12-13,2022-12-16,NAVER_FINANCE_DOMESTIC_INDEX_DAILY,KOSPI,2389.04,2373.02,2372.4,2360.02,-0.006705622342028539,-0.0069651408096975675,-0.012147138599604812,-0.03293958004942499,-0.057721715997123946,-0.06091960647537309,complete
560110,20241108000189,00103006,고려제강,002240,주요사항보고서(무상증자결정),2024-11-08,KOSPI,18134.0,17958.0,17735.0,17309.0,-0.00970552553214954,-0.022002867541634497,-0.04549465093195104,,2024-11-08,2024-11-11,2024-11-12,2024-11-15,NAVER_FINANCE_DOMESTIC_INDEX_DAILY,KOSPI,2561.15,2531.66,2482.57,2416.86,-0.011514358784139977,-0.03068152978154337,-0.05633797317611233,0.0018088332519904382,0.008678662239908874,0.010843322244161291,complete
1021628,20221214000039,00668965,지오엘리먼트,311320,주요사항보고서(무상증자결정),2022-12-14,KOSDAQ,11300.0,11476.0,11125.0,10774.0,0.015575221238937953,-0.015486725663716783,-0.04654867256637163,,2022-12-14,2022-12-15,2022-12-16,2022-12-21,NAVER_FINANCE_DOMESTIC_INDEX_DAILY,KOSDAQ,729.0,722.68,717.41,705.7,-0.008669410150891732,-0.015898491083676358,-0.031961591220850405,0.024244631389829685,0.0004117654199595755,-0.014587081345521224,complete
1021627,20221214900145,00668965,지오엘리먼트,311320,주권매매거래정지(무상증자),2022-12-14,KOSDAQ,11300.0,11476.0,11125.0,10774.0,0.015575221238937953,-0.015486725663716783,-0.04654867256637163,,2022-12-14,2022-12-15,2022-12-16,2022-12-21,NAVER_FINANCE_DOMESTIC_INDEX_DAILY,KOSDAQ,729.0,722.68,717.41,705.7,-0.008669410150891732,-0.015898491083676358,-0.031961591220850405,0.024244631389829685,0.0004117654199595755,-0.014587081345521224,complete
1021626,20221214900151,00668965,지오엘리먼트,311320,주주명부폐쇄기간또는기준일설정(무상증자),2022-12-14,KOSDAQ,11300.0,11476.0,11125.0,10774.0,0.015575221238937953,-0.015486725663716783,-0.04654867256637163,,2022-12-14,2022-12-15,2022-12-16,2022-12-21,NAVER_FINANCE_DOMESTIC_INDEX_DAILY,KOSDAQ,729.0,722.68,717.41,705.7,-0.008669410150891732,-0.015898491083676358,-0.031961591220850405,0.024244631389829685,0.0004117654199595755,-0.014587081345521224,complete
1007771,20230110900596,00668965,지오엘리먼트,311320,권리락(무상증자),2023-01-10,KOSDAQ,11250.0,11400.0,10900.0,10800.0,0.01333333333333342,-0.03111111111111109,-0.040000000000000036,,2023-01-10,2023-01-11,2023-01-12,2023-01-17,NAVER_FINANCE_DOMESTIC_INDEX_DAILY,KOSDAQ,696.05,709.77,710.82,709.71,0.01971122764169242,0.021219739961209738,0.019625026937720058,-0.006377894308359,-0.05233085107232083,-0.059625026937720094,complete
1018923,20221216000348,00838500,엘브이엠씨,900140,주요사항보고서(유무상증자결정),2022-12-16,KOSPI,1936.0,1859.0,1856.0,1818.0,-0.03977272727272729,-0.04132231404958675,-0.06095041322314054,,2022-12-16,2022-12-19,2022-12-20,2022-12-23,NAVER_FINANCE_DOMESTIC_INDEX_DAILY,KOSPI,2360.02,2352.17,2333.29,2313.69,-0.0033262429979407093,-0.011326175201905042,-0.019631189566190033,-0.036446484274786584,-0.029996138847681708,-0.04131922365695051,complete
1015351,20221226000094,00445841,MDS테크,086960,주요사항보고서(무상증자결정),2022-12-26,KOSDAQ,5922.0,5780.0,5022.0,4709.0,-0.02397838568051336,-0.15197568389057747,-0.20482944951030058,,2022-12-26,2022-12-27,2022-12-28,2023-01-03,NAVER_FINANCE_DOMESTIC_INDEX_DAILY,KOSDAQ,694.68,704.19,692.37,674.95,0.01368975643461745,-0.003325272067714602,-0.028401566188748673,-0.03766814211513081,-0.14865041182286287,-0.1764278833215519,complete
1015352,20221226900421,00445841,MDS테크,086960,주권매매거래정지(무상증자),2022-12-26,KOSDAQ,5922.0,5780.0,5022.0,4709.0,-0.02397838568051336,-0.15197568389057747,-0.20482944951030058,,2022-12-26,2022-12-27,2022-12-28,2023-01-03,NAVER_FINANCE_DOMESTIC_INDEX_DAILY,KOSDAQ,694.68,704.19,692.37,674.95,0.01368975643461745,-0.003325272067714602,-0.028401566188748673,-0.03766814211513081,-0.14865041182286287,-0.1764278833215519,complete
1008928,20230106900515,00445841,MDS테크,086960,권리락(무상증자),2023-01-06,KOSDAQ,4428.0,5755.0,6793.0,6218.0,0.29968383017163513,0.5341011743450768,0.4042457091237579,,2023-01-06,2023-01-09,2023-01-10,2023-01-13,NAVER_FINANCE_DOMESTIC_INDEX_DAILY,KOSDAQ,688.94,701.21,696.05,711.82,0.017809968937788412,0.010320202049525218,0.03321043922547684,0.2818738612338467,0.5237809722955515,0.37103526989828106,complete
1003402,20230120000475,00977641,하이로닉,149980,주요사항보고서(무상증자결정),2023-01-20,KOSDAQ,10335.0,10310.0,10777.0,10537.0,-0.002418964683115643,0.04276729559748427,0.01954523463957436,,2023-01-20,2023-01-25,2023-01-26,2023-01-31,NAVER_FINANCE_DOMESTIC_INDEX_DAILY,KOSDAQ,717.97,732.35,738.94,740.49,0.02002869200662971,0.029207348496455232,0.031366213072969495,-0.022447656689745354,0.013559947101029035,-0.011820978433395135,complete
998839,20230202900474,00977641,하이로닉,149980,권리락(무상증자),2023-02-02,KOSDAQ,11150.0,11773.0,11309.0,10716.0,0.05587443946188331,0.01426008968609871,-0.03892376681614351,,2023-02-02,2023-02-03,2023-02-06,2023-02-09,NAVER_FINANCE_DOMESTIC_INDEX_DAILY,KOSDAQ,764.62,766.79,761.33,784.58,0.0028380110381627244,-0.004302790928827349,0.02610447019434492,0.05303642842372058,0.01856288061492606,-0.06502823701048843,complete
766896,20240124000196,00977641,하이로닉,149980,주요사항보고서(무상증자결정),2024-01-24,KOSDAQ,15206.0,14046.0,13888.0,13337.0,-0.07628567670656317,-0.08667631198211234,-0.12291200841772987,,2024-01-24,2024-01-25,2024-01-26,2024-01-31,NAVER_FINANCE_DOMESTIC_INDEX_DAILY,KOSDAQ,836.21,823.74,837.24,799.24,-0.014912521974145276,0.0012317480058836594,-0.04421138230827193,-0.06137315473241789,-0.087908059987996,-0.07870062610945794,complete
766897,20240124900222,00977641,하이로닉,149980,주권매매거래정지(무상증자),2024-01-24,KOSDAQ,15206.0,14046.0,13888.0,13337.0,-0.07628567670656317,-0.08667631198211234,-0.12291200841772987,,2024-01-24,2024-01-25,2024-01-26,2024-01-31,NAVER_FINANCE_DOMESTIC_INDEX_DAILY,KOSDAQ,836.21,823.74,837.24,799.24,-0.014912521974145276,0.0012317480058836594,-0.04421138230827193,-0.06137315473241789,-0.087908059987996,-0.07870062610945794,complete
759530,20240206900876,00977641,하이로닉,149980,권리락              (무상증자),2024-02-06,KOSDAQ,14409.0,13761.0,13847.0,16012.0,-0.04497189256714551,-0.03900340065237007,0.11124991324866396,,2024-02-06,2024-02-07,2024-02-08,2024-02-15,NAVER_FINANCE_DOMESTIC_INDEX_DAILY,KOSDAQ,807.03,811.92,826.58,859.21,0.0060592543028139545,0.02422462609816245,0.06465682812287032,-0.051031146869959465,-0.06322802675053252,0.04659308512579363,complete
995785,20230209000353,01026616,지구홀딩스,221800,주요사항보고서(무상증자결정),2023-02-09,KOSDAQ,25000.0,25000.0,25700.0,25200.0,0.0,0.028000000000000025,0.008000000000000007,,2023-02-09,2023-02-10,2023-02-13,2023-02-16,NAVER_FINANCE_DOMESTIC_INDEX_DAILY,KOSDAQ,784.58,772.44,772.55,784.71,-0.015473246832700238,-0.015333044431415699,0.00016569374697295025,0.015473246832700238,0.043333044431415724,0.007834306253027057,complete
995784,20230209600382,01026616,지구홀딩스,221800,주권매매거래정지(무상증자),2023-02-09,KOSDAQ,25000.0,25000.0,25700.0,25200.0,0.0,0.028000000000000025,0.008000000000000007,,2023-02-09,2023-02-10,2023-02-13,2023-02-16,NAVER_FINANCE_DOMESTIC_INDEX_DAILY,KOSDAQ,784.58,772.44,772.55,784.71,-0.015473246832700238,-0.015333044431415699,0.00016569374697295025,0.015473246832700238,0.043333044431415724,0.007834306253027057,complete
988212,20230222600642,01026616,지구홀딩스,221800,권리락(무상증자),2023-02-22,KOSDAQ,26300.0,7190.0,6320.0,6490.0,-0.7266159695817491,-0.7596958174904943,-0.7532319391634981,,2023-02-22,2023-02-23,2023-02-24,2023-03-02,NAVER_FINANCE_DOMESTIC_INDEX_DAILY,KOSDAQ,778.51,783.28,778.88,787.19,0.006127088926282331,0.0004752668559171447,0.01114950353881139,-0.7327430585080315,-0.7601710843464115,-0.7643814427023095,complete
994976,20230210000322,00298447,아모텍,052710,주요사항보고서(무상증자결정),2023-02-10,KOSDAQ,19981.0,19032.0,18998.0,19097.0,-0.04749512036434611,-0.049196736900055105,-0.04424202992843196,,2023-02-10,2023-02-13,2023-02-14,2023-02-17,NAVER_FINANCE_DOMESTIC_INDEX_DAILY,KOSDAQ,772.44,772.55,779.58,775.62,0.00014240588265734822,0.00924343638340841,0.004116824607736547,-0.04763752624700346,-0.058440173283463515,-0.048358854536168505,complete
994975,20230210900345,00298447,아모텍,052710,주권매매거래정지(무상증자),2023-02-10,KOSDAQ,19981.0,19032.0,18998.0,19097.0,-0.04749512036434611,-0.049196736900055105,-0.04424202992843196,,2023-02-10,2023-02-13,2023-02-14,2023-02-17,NAVER_FINANCE_DOMESTIC_INDEX_DAILY,KOSDAQ,772.44,772.55,779.58,775.62,0.00014240588265734822,0.00924343638340841,0.004116824607736547,-0.04763752624700346,-0.058440173283463515,-0.048358854536168505,complete
987226,20230223900924,00298447,아모텍,052710,권리락(무상증자),2023-02-23,KOSDAQ,20015.0,19289.0,20162.0,21094.0,-0.03627279540344741,0.007344491631276595,0.05390956782413192,,2023-02-23,2023-02-24,2023-02-27,2023-03-03,NAVER_FINANCE_DOMESTIC_INDEX_DAILY,KOSDAQ,783.28,778.88,780.3,802.42,-0.005617403738126803,-0.003804514349913246,0.024435706260851786,-0.030655391665320608,0.011149005981189841,0.029473861563280135,complete
2809,20260522000661,00298447,아모텍,052710,주요사항보고서(유무상증자결정),2026-05-22,KOSDAQ,22369.0,29041.0,29286.0,23400.0,0.29826992713129785,0.3092225848272163,0.04609057177343656,,2026-05-22,2026-05-26,2026-05-27,2026-06-01,NAVER_FINANCE_DOMESTIC_INDEX_DAILY,KOSDAQ,1161.13,1172.52,1133.13,1050.03,0.009809409799074853,-0.0241144402435558,-0.09568265396639486,0.288460517332223,0.3333370250707721,0.14177322573983142,complete
994622,20230210000753,00203023,시노펙스,025320,주요사항보고서(무상증자결정),2023-02-10,KOSDAQ,2370.0,2446.0,2396.0,2328.0,0.032067510548523304,0.010970464135021007,-0.017721518987341756,,2023-02-10,2023-02-13,2023-02-14,2023-02-17,NAVER_FINANCE_DOMESTIC_INDEX_DAILY,KOSDAQ,772.44,772.55,779.58,775.62,0.00014240588265734822,0.00924343638340841,0.004116824607736547,0.031925104665865955,0.0017270277516125976,-0.021838343595078302,complete
986175,20230224900715,00203023,시노펙스,025320,권리락(무상증자),2023-02-24,KOSDAQ,2446.0,2442.0,2373.0,2511.0,-0.0016353229762877675,-0.029844644317252644,0.02657399836467711,,2023-02-24,2023-02-27,2023-02-28,2023-03-06,NAVER_FINANCE_DOMESTIC_INDEX_DAILY,KOSDAQ,778.88,780.3,791.6,816.51,0.0018231306491371946,0.016331142152834932,0.04831296220213632,-0.003458453625424962,-0.046175786470087576,-0.021738963837459213,complete
788371,20231208000273,00203023,시노펙스,025320,주요사항보고서(무상증자결정),2023-12-08,KOSDAQ,4137.0,4311.0,4193.0,4367.0,0.042059463379260364,0.013536379018612488,0.05559584239787285,,2023-12-08,2023-12-11,2023-12-12,2023-12-15,NAVER_FINANCE_DOMESTIC_INDEX_DAILY,KOSDAQ,830.37,835.25,839.53,838.31,0.005876898250177565,0.01103122704336612,0.00956200248082184,0.0361825651290828,0.002505151975246367,0.04603383991705101,complete
778607,20231226900909,00203023,시노펙스,025320,권배락(무상증자 및 배당),2023-12-26,KOSDAQ,5534.0,6043.0,6850.0,7013.0,0.09197687025659551,0.2378026743765811,0.26725695699313334,,2023-12-26,2023-12-27,2023-12-28,2024-01-04,NAVER_FINANCE_DOMESTIC_INDEX_DAILY,KOSDAQ,848.34,859.79,866.57,866.25,0.013496946978805546,0.021489025626517666,0.021111818374708324,0.07847992327778996,0.21631364875006343,0.24614513861842502,complete
558720,20241112000223,00203023,시노펙스,025320,주요사항보고서(무상증자결정),2024-11-12,KOSDAQ,6332.0,5308.0,5408.0,5543.0,-0.16171825647504734,-0.14592545799115608,-0.12460518003790266,,2024-11-12,2024-11-13,2024-11-14,2024-11-19,NAVER_FINANCE_DOMESTIC_INDEX_DAILY,KOSDAQ,710.52,689.65,681.56,686.12,-0.02937285368462539,-0.040758880819681376,-0.034341045994482844,-0.13234540279042195,-0.1051665771714747,-0.09026413404341982,complete
530309,20241226901038,00203023,시노펙스,025320,권배락              (무상증자 및 배당),2024-12-26,KOSDAQ,6351.0,5818.0,5647.0,5970.0,-0.08392379152889307,-0.11084868524641789,-0.05999055266887099,,2024-12-26,2024-12-27,2024-12-30,2025-01-06,NAVER_FINANCE_DOMESTIC_INDEX_DAILY,KOSDAQ,675.64,665.97,678.19,717.96,-0.01431235569238054,0.0037741992777220457,0.06263690722870185,-0.06961143583651253,-0.11462288452413993,-0.12262745989757284,complete
311250,20251112000279,00203023,시노펙스,025320,주요사항보고서(무상증자결정),2025-11-12,KOSDAQ,5799.0,5856.0,5685.0,5628.0,0.009829280910501836,-0.019658561821003673,-0.029487842731505398,,2025-11-12,2025-11-13,2025-11-14,2025-11-19,NAVER_FINANCE_DOMESTIC_INDEX_DAILY,KOSDAQ,906.51,918.37,897.9,871.32,0.013083143043099321,-0.009497964721845387,-0.03881920773074754,-0.003253862132597485,-0.010160597099158286,0.009331364999242142,complete
282272,20251226900729,00203023,시노펙스,025320,권배락              (무상증자 및 배당),2025-12-26,KOSDAQ,6390.0,6260.0,6070.0,6040.0,-0.020344287949921713,-0.0500782472613458,-0.05477308294209704,,2025-12-26,2025-12-29,2025-12-30,2026-01-06,NAVER_FINANCE_DOMESTIC_INDEX_DAILY,KOSDAQ,919.67,932.59,925.47,955.97,0.01404851740298163,0.0063066099796667,0.03947067970032747,-0.034392805352903344,-0.0563848572410125,-0.09424376264242451,complete
992846,20230214001159,01265251,압타머사이언스,291650,주요사항보고서(무상증자결정),2023-02-14,KOSDAQ,4213.0,3969.0,4012.0,4076.0,-0.057915974365060574,-0.04770947068597198,-0.03251839544267743,,2023-02-14,2023-02-15,2023-02-16,2023-02-21,NAVER_FINANCE_DOMESTIC_INDEX_DAILY,KOSDAQ,779.58,765.46,784.71,793.42,-0.01811231688858106,0.0065804664049873285,0.017753149131583656,-0.039803657476479515,-0.054289937090959306,-0.050271544574261084,complete
992849,20230214900911,01265251,압타머사이언스,291650,주권매매거래정지(무상증자),2023-02-14,KOSDAQ,4213.0,3969.0,4012.0,4076.0,-0.057915974365060574,-0.04770947068597198,-0.03251839544267743,,2023-02-14,2023-02-15,2023-02-16,2023-02-21,NAVER_FINANCE_DOMESTIC_INDEX_DAILY,KOSDAQ,779.58,765.46,784.71,793.42,-0.01811231688858106,0.0065804664049873285,0.017753149131583656,-0.039803657476479515,-0.054289937090959306,-0.050271544574261084,complete
983934,20230227901031,01265251,압타머사이언스,291650,권리락(무상증자),2023-02-27,KOSDAQ,4021.0,3978.0,3841.0,3833.0,-0.010693857249440386,-0.044764983834866934,-0.0467545386719721,,2023-02-27,2023-02-28,2023-03-02,2023-03-07,NAVER_FINANCE_DOMESTIC_INDEX_DAILY,KOSDAQ,780.3,791.6,787.19,815.76,0.014481609637319037,0.008829937203639782,0.045444059976931905,-0.025175466886759423,-0.053594921038506715,-0.092198598648904,complete
989618,20230220002189,01437432,디티앤씨알오,383930,주요사항보고서(무상증자결정),2023-02-20,KOSDAQ,6260.0,6055.0,5815.0,6025.0,-0.03274760383386577,-0.07108626198083068,-0.03753993610223638,,2023-02-20,2023-02-21,2023-02-22,2023-02-27,NAVER_FINANCE_DOMESTIC_INDEX_DAILY,KOSDAQ,788.89,793.42,778.51,780.3,0.005742245433457027,-0.013157727946861986,-0.010888717058144981,-0.038489849267322795,-0.05792853403396869,-0.0266512190440914,complete
989617,20230220900768,01437432,디티앤씨알오,383930,주권매매거래정지(무상증자),2023-02-20,KOSDAQ,6260.0,6055.0,5815.0,6025.0,-0.03274760383386577,-0.07108626198083068,-0.03753993610223638,,2023-02-20,2023-02-21,2023-02-22,2023-02-27,NAVER_FINANCE_DOMESTIC_INDEX_DAILY,KOSDAQ,788.89,793.42,778.51,780.3,0.005742245433457027,-0.013157727946861986,-0.010888717058144981,-0.038489849267322795,-0.05792853403396869,-0.0266512190440914,complete
975607,20230308901115,01437432,디티앤씨알오,383930,권리락(무상증자),2023-03-08,KOSDAQ,6280.0,5730.0,5460.0,5060.0,-0.08757961783439494,-0.13057324840764328,-0.19426751592356684,,2023-03-08,2023-03-09,2023-03-10,2023-03-15,NAVER_FINANCE_DOMESTIC_INDEX_DAILY,KOSDAQ,813.95,809.22,788.6,781.17,-0.005811167762147629,-0.031144419190368033,-0.04027274402604597,-0.08176845007224731,-0.09942882921727525,-0.15399477189752087,complete
983449,20230228000122,00552859,HLB테라퓨틱스,115450,주요사항보고서(무상증자결정),2023-02-28,KOSDAQ,5171.0,5214.0,5245.0,5228.0,0.008315606265712594,0.01431057822471482,0.011023012956874911,,2023-02-28,2023-03-02,2023-03-03,2023-03-08,NAVER_FINANCE_DOMESTIC_INDEX_DAILY,KOSDAQ,791.6,787.19,802.42,813.95,-0.005570995452248595,0.013668519454269834,0.028233956543709082,0.013886601717961189,0.0006420587704449865,-0.01721094358683417,complete
983448,20230228900049,00552859,HLB테라퓨틱스,115450,주권매매거래정지(무상증자),2023-02-28,KOSDAQ,5171.0,5214.0,5245.0,5228.0,0.008315606265712594,0.01431057822471482,0.011023012956874911,,2023-02-28,2023-03-02,2023-03-03,2023-03-08,NAVER_FINANCE_DOMESTIC_INDEX_DAILY,KOSDAQ,791.6,787.19,802.42,813.95,-0.005570995452248595,0.013668519454269834,0.028233956543709082,0.013886601717961189,0.0006420587704449865,-0.01721094358683417,complete
969886,20230314901742,00552859,HLB테라퓨틱스,115450,권리락(무상증자),2023-03-14,KOSDAQ,4911.0,5007.0,4868.0,4938.0,0.019547953573610277,-0.008755854204846258,0.005497861942577842,,2023-03-14,2023-03-15,2023-03-16,2023-03-21,NAVER_FINANCE_DOMESTIC_INDEX_DAILY,KOSDAQ,758.05,781.17,781.98,802.53,0.030499307433546674,0.03156783853307843,0.058676868280456373,-0.010951353859936397,-0.04032369273792469,-0.05317900633787853,complete
533934,20241219000153,00552859,HLB테라퓨틱스,115450,주요사항보고서(무상증자결정),2024-12-19,KOSDAQ,9683.0,9702.0,9539.0,10447.0,0.001962201796963825,-0.014871424145409429,0.07890116699370031,,2024-12-19,2024-12-20,2024-12-23,2024-12-27,NAVER_FINANCE_DOMESTIC_INDEX_DAILY,KOSDAQ,684.36,668.31,679.24,665.97,-0.02345256882342639,-0.007481442515635095,-0.026871821848150068,0.025414770620390215,-0.007389981629774334,0.10577298884185038,complete
523377,20250113900429,00552859,HLB테라퓨틱스,115450,권리락              (무상증자),2025-01-13,KOSDAQ,12462.0,11833.0,10909.0,10880.0,-0.050473439255336205,-0.12461884127748357,-0.12694591558337343,,2025-01-13,2025-01-14,2025-01-15,2025-01-20,NAVER_FINANCE_DOMESTIC_INDEX_DAILY,KOSDAQ,708.21,718.04,711.61,727.66,0.01388006382287732,0.004800835910252488,0.0274636054277686,-0.06435350307821353,-0.12941967718773606,-0.15440952101114203,complete
242998,20260226006884,00552859,HLB테라퓨틱스,115450,주요사항보고서(무상증자결정),2026-02-26,KOSDAQ,2591.0,2672.0,2686.0,2743.0,0.031262060980316475,0.036665380162099526,0.058664608259359374,,2026-02-26,2026-02-27,2026-03-03,2026-03-06,NAVER_FINANCE_DOMESTIC_INDEX_DAILY,KOSDAQ,1188.15,1192.78,1137.7,1154.67,0.003896814375289326,-0.04246096873290417,-0.028178260320666615,0.02736524660502715,0.0791263488950037,0.08684286858002599,complete
99850,20260311902222,00552859,HLB테라퓨틱스,115450,권리락              (무상증자),2026-03-11,KOSDAQ,2925.0,3025.0,2970.0,3130.0,0.03418803418803429,0.01538461538461533,0.07008547008547006,,2026-03-11,2026-03-12,2026-03-13,2026-03-18,NAVER_FINANCE_DOMESTIC_INDEX_DAILY,KOSDAQ,1136.83,1148.4,1152.96,1164.38,0.010177423185524725,0.014188577007995917,0.02423405434409731,0.024010611002509563,0.0011960383766194127,0.04585141574137275,complete
983133,20230228000994,00359261,빛샘전자,072950,주요사항보고서(무상증자결정),2023-02-28,KOSDAQ,4987.0,4940.0,5010.0,4855.0,-0.009424503709645093,0.004611991177060348,-0.02646881892921593,,2023-02-28,2023-03-02,2023-03-03,2023-03-08,NAVER_FINANCE_DOMESTIC_INDEX_DAILY,KOSDAQ,791.6,787.19,802.42,813.95,-0.005570995452248595,0.013668519454269834,0.028233956543709082,-0.0038535082573964985,-0.009056528277209486,-0.054702775472925014,complete
983134,20230228900152,00359261,빛샘전자,072950,주권매매거래정지(무상증자),2023-02-28,KOSDAQ,4987.0,4940.0,5010.0,4855.0,-0.009424503709645093,0.004611991177060348,-0.02646881892921593,,2023-02-28,2023-03-02,2023-03-03,2023-03-08,NAVER_FINANCE_DOMESTIC_INDEX_DAILY,KOSDAQ,791.6,787.19,802.42,813.95,-0.005570995452248595,0.013668519454269834,0.028233956543709082,-0.0038535082573964985,-0.009056528277209486,-0.054702775472925014,complete
971603,20230313901135,00359261,빛샘전자,072950,권리락(무상증자),2023-03-13,KOSDAQ,4770.0,4930.0,4850.0,4625.0,0.03354297693920327,0.016771488469601747,-0.03039832285115307,,2023-03-13,2023-03-14,2023-03-15,2023-03-20,NAVER_FINANCE_DOMESTIC_INDEX_DAILY,KOSDAQ,788.89,758.05,781.17,802.2,-0.03909290268605259,-0.009785901709997602,0.0168718072228069,0.07263587962525586,0.02655739017959935,-0.04727013007395997,complete
981475,20230228005789,00550994,아이센스,099190,주요사항보고서(무상증자결정),2023-02-28,KOSDAQ,16214.0,16814.0,19266.0,18040.0,0.03700505735783888,0.18823239176020712,0.11261872455902311,,2023-02-28,2023-03-02,2023-03-03,2023-03-08,NAVER_FINANCE_DOMESTIC_INDEX_DAILY,KOSDAQ,791.6,787.19,802.42,813.95,-0.005570995452248595,0.013668519454269834,0.028233956543709082,0.04257605281008747,0.17456387230593728,0.08438476801531403,complete
981474,20230228901062,00550994,아이센스,099190,주권매매거래정지(무상증자),2023-02-28,KOSDAQ,16214.0,16814.0,19266.0,18040.0,0.03700505735783888,0.18823239176020712,0.11261872455902311,,2023-02-28,2023-03-02,2023-03-03,2023-03-08,NAVER_FINANCE_DOMESTIC_INDEX_DAILY,KOSDAQ,791.6,787.19,802.42,813.95,-0.005570995452248595,0.013668519454269834,0.028233956543709082,0.04257605281008747,0.17456387230593728,0.08438476801531403,complete
971598,20230313901136,00550994,아이센스,099190,권리락(무상증자),2023-03-13,KOSDAQ,17940.0,16500.0,17520.0,17750.0,-0.08026755852842804,-0.02341137123745818,-0.010590858416945403,,2023-03-13,2023-03-14,2023-03-15,2023-03-20,NAVER_FINANCE_DOMESTIC_INDEX_DAILY,KOSDAQ,788.89,758.05,781.17,802.2,-0.03909290268605259,-0.009785901709997602,0.0168718072228069,-0.04117465584237545,-0.013625469527460576,-0.027462665639752304,complete
980194,20230302000205,01288827,HPSP,403870,주요사항보고서(무상증자결정),2023-03-02,KOSDAQ,15675.0,16425.0,17225.0,16625.0,0.04784688995215314,0.09888357256778302,0.06060606060606055,,2023-03-02,2023-03-03,2023-03-06,2023-03-09,NAVER_FINANCE_DOMESTIC_INDEX_DAILY,KOSDAQ,787.19,802.42,816.51,809.22,0.019347298619138753,0.03724640810985913,0.027985619736023093,0.028499591333014385,0.06163716445792389,0.03262044087003746,complete
980192,20230302900380,01288827,HPSP,403870,주권매매거래정지(무상증자),2023-03-02,KOSDAQ,15675.0,16425.0,17225.0,16625.0,0.04784688995215314,0.09888357256778302,0.06060606060606055,,2023-03-02,2023-03-03,2023-03-06,2023-03-09,NAVER_FINANCE_DOMESTIC_INDEX_DAILY,KOSDAQ,787.19,802.42,816.51,809.22,0.019347298619138753,0.03724640810985913,0.027985619736023093,0.028499591333014385,0.06163716445792389,0.03262044087003746,complete
967727,20230315902060,01288827,HPSP,403870,권리락(무상증자),2023-03-15,KOSDAQ,16000.0,16220.0,18580.0,23050.0,0.013749999999999929,0.1612499999999999,0.44062500000000004,,2023-03-15,2023-03-16,2023-03-17,2023-03-22,NAVER_FINANCE_DOMESTIC_INDEX_DAILY,KOSDAQ,781.17,781.98,797.39,813.43,0.0010369061791928313,0.02076372620556355,0.041297028815750814,0.012713093820807098,0.14048627379443634,0.39932797118424923,complete
975139,20230309000219,00128032,삼일제약,000520,주요사항보고서(무상증자결정),2023-03-09,KOSPI,7345.0,7134.0,7116.0,7006.0,-0.02872702518720216,-0.03117767188563647,-0.0461538461538461,,2023-03-09,2023-03-10,2023-03-13,2023-03-16,NAVER_FINANCE_DOMESTIC_INDEX_DAILY,KOSPI,2419.09,2394.59,2410.6,2377.91,-0.01012777532047171,-0.0035095841824819285,-0.017022930110082823,-0.01859924986673045,-0.027668087703154542,-0.029130916043763277,complete
973512,20230310000538,01042979,휴마시스,205470,주요사항보고서(무상증자결정),2023-03-10,KOSDAQ,22715.0,25365.0,23505.0,22755.0,0.11666299801893021,0.034778780541492305,0.0017609509134932644,,2023-03-10,2023-03-13,2023-03-14,2023-03-17,NAVER_FINANCE_DOMESTIC_INDEX_DAILY,KOSDAQ,788.6,788.89,758.05,797.39,0.00036774029926456286,-0.03873953842252098,0.011146335277707253,0.11629525771966565,0.07351831896401329,-0.009385384364213989,complete
973511,20230310900602,01042979,휴마시스,205470,주권매매거래정지(무상증자),2023-03-10,KOSDAQ,22715.0,25365.0,23505.0,22755.0,0.11666299801893021,0.034778780541492305,0.0017609509134932644,,2023-03-10,2023-03-13,2023-03-14,2023-03-17,NAVER_FINANCE_DOMESTIC_INDEX_DAILY,KOSDAQ,788.6,788.89,758.05,797.39,0.00036774029926456286,-0.03873953842252098,0.011146335277707253,0.11629525771966565,0.07351831896401329,-0.009385384364213989,complete
957469,20230323901829,01042979,휴마시스,205470,권리락(무상증자),2023-03-23,KOSDAQ,20150.0,26150.0,28350.0,23525.0,0.29776674937965253,0.4069478908188586,0.16749379652605456,,2023-03-23,2023-03-24,2023-03-27,2023-03-30,NAVER_FINANCE_DOMESTIC_INDEX_DAILY,KOSDAQ,812.19,824.11,827.69,850.48,0.014676368829953601,0.01908420443492287,0.04714414114923837,0.28309038054969893,0.38786368638393576,0.12034965537681619,complete
952290,20230329000081,00403793,바이브컴퍼니,301300,주요사항보고서(무상증자결정),2023-03-29,KOSDAQ,14328.0,13551.0,13226.0,13125.0,-0.05422948073701839,-0.07691233947515352,-0.08396147403685095,,2023-03-29,2023-03-30,2023-03-31,2023-04-05,NAVER_FINANCE_DOMESTIC_INDEX_DAILY,KOSDAQ,843.94,850.48,847.52,872.36,0.007749366068677821,0.004242007725667518,0.03367537976633406,-0.06197884680569621,-0.08115434720082104,-0.117636853803185,complete
952288,20230329900124,00403793,바이브컴퍼니,301300,주권매매거래정지(무상증자),2023-03-29,KOSDAQ,14328.0,13551.0,13226.0,13125.0,-0.05422948073701839,-0.07691233947515352,-0.08396147403685095,,2023-03-29,2023-03-30,2023-03-31,2023-04-05,NAVER_FINANCE_DOMESTIC_INDEX_DAILY,KOSDAQ,843.94,850.48,847.52,872.36,0.007749366068677821,0.004242007725667518,0.03367537976633406,-0.06197884680569621,-0.08115434720082104,-0.117636853803185,complete
914914,20230412900499,00403793,바이브컴퍼니,301300,권리락(무상증자),2023-04-12,KOSDAQ,12950.0,12830.0,12760.0,12030.0,-0.009266409266409315,-0.014671814671814665,-0.07104247104247108,,2023-04-12,2023-04-13,2023-04-14,2023-04-19,NAVER_FINANCE_DOMESTIC_INDEX_DAILY,KOSDAQ,890.62,894.25,903.84,909.2,0.004075812355437858,0.014843592104376802,0.020861871505243545,-0.013342221621847172,-0.029515406776191466,-0.09190434254771462,complete
949154,20230330000816,00117230,TYM,002900,주요사항보고서(무상증자결정),2023-03-30,KOSPI,7981.0,8032.0,8083.0,8083.0,0.006390176669590186,0.012780353339180595,0.012780353339180595,,2023-03-30,2023-03-31,2023-04-03,2023-04-06,NAVER_FINANCE_DOMESTIC_INDEX_DAILY,KOSPI,2453.16,2476.86,2472.34,2459.23,0.009661008658220505,0.007818487175724531,0.0024743596014935587,-0.0032708319886303183,0.0049618661634560635,0.010305993737687036,complete
940567,20230403001827,01062177,제놀루션,225220,주요사항보고서(무상증자결정),2023-04-03,KOSDAQ,6182.0,6193.0,6358.0,6322.0,0.001779359430605032,0.028469750889679624,0.022646392753154387,,2023-04-03,2023-04-04,2023-04-05,2023-04-10,NAVER_FINANCE_DOMESTIC_INDEX_DAILY,KOSDAQ,854.96,857.18,872.36,887.78,0.002596612707027157,0.020351829325348625,0.038387760830915996,-0.0008172532764221252,0.008117921564330999,-0.01574136807776161,complete
940571,20230403900284,01062177,제놀루션,225220,주권매매거래정지(무상증자),2023-04-03,KOSDAQ,6182.0,6193.0,6358.0,6322.0,0.001779359430605032,0.028469750889679624,0.022646392753154387,,2023-04-03,2023-04-04,2023-04-05,2023-04-10,NAVER_FINANCE_DOMESTIC_INDEX_DAILY,KOSDAQ,854.96,857.18,872.36,887.78,0.002596612707027157,0.020351829325348625,0.038387760830915996,-0.0008172532764221252,0.008117921564330999,-0.01574136807776161,complete
907456,20230418900493,01062177,제놀루션,225220,권리락(무상증자),2023-04-18,KOSDAQ,6550.0,6230.0,5910.0,5700.0,-0.04885496183206106,-0.09770992366412212,-0.1297709923664122,,2023-04-18,2023-04-19,2023-04-20,2023-04-25,NAVER_FINANCE_DOMESTIC_INDEX_DAILY,KOSDAQ,909.02,909.2,885.71,838.71,0.0001980154452048133,-0.025643000154011997,-0.07734703306857926,-0.049052977277265875,-0.07206692351011013,-0.052423959297832945,complete
934524,20230404003162,00141404,블루산업개발,006740,주요사항보고서(무상증자결정),2023-04-04,KOSPI,27891.0,26497.0,26696.0,26548.0,-0.049980280377182607,-0.04284536230325198,-0.04815173353411495,,2023-04-04,2023-04-05,2023-04-06,2023-04-11,NAVER_FINANCE_DOMESTIC_INDEX_DAILY,KOSPI,2480.51,2495.21,2459.23,2547.86,0.005926200660347991,-0.00857888095593251,0.02715167445404365,-0.0559064810375306,-0.034266481347319466,-0.0753034079881586,complete
931209,20230405800894,00111111,대양금속,009190,무상증자결정(종속회사의주요경영사항),2023-04-05,KOSPI,3610.0,3610.0,3525.0,3800.0,0.0,-0.023545706371191133,0.05263157894736836,,2023-04-05,2023-04-06,2023-04-07,2023-04-12,NAVER_FINANCE_DOMESTIC_INDEX_DAILY,KOSPI,2495.21,2459.23,2490.41,2550.64,-0.014419628007261931,-0.0019236857819583397,0.02221456310290515,0.014419628007261931,-0.021622020589232793,0.030417015844463213,complete
910335,20230414000753,01276327,위지윅스튜디오,299900,주요사항보고서(무상증자결정),2023-04-14,KOSDAQ,4340.0,4348.0,4250.0,3948.0,0.0018433179723502668,-0.020737327188940058,-0.0903225806451613,,2023-04-14,2023-04-17,2023-04-18,2023-04-21,NAVER_FINANCE_DOMESTIC_INDEX_DAILY,KOSDAQ,903.84,909.5,909.02,868.82,0.006262170295627589,0.005731102850061953,-0.038745795716055964,-0.0044188523232773225,-0.02646843003900201,-0.051576784929105335,complete
910338,20230414900175,01276327,위지윅스튜디오,299900,주권매매거래정지(무상증자),2023-04-14,KOSDAQ,4340.0,4348.0,4250.0,3948.0,0.0018433179723502668,-0.020737327188940058,-0.0903225806451613,,2023-04-14,2023-04-17,2023-04-18,2023-04-21,NAVER_FINANCE_DOMESTIC_INDEX_DAILY,KOSDAQ,903.84,909.5,909.02,868.82,0.006262170295627589,0.005731102850061953,-0.038745795716055964,-0.0044188523232773225,-0.02646843003900201,-0.051576784929105335,complete
900781,20230428900779,01276327,위지윅스튜디오,299900,권리락(무상증자),2023-04-28,KOSDAQ,4390.0,5050.0,4765.0,4770.0,0.1503416856492028,0.08542141230068334,0.0865603644646924,,2023-04-28,2023-05-02,2023-05-03,2023-05-09,NAVER_FINANCE_DOMESTIC_INDEX_DAILY,KOSDAQ,842.83,855.61,843.18,835.85,0.01516320017085282,0.00041526761031285275,-0.008281622628525387,0.13517848547834999,0.08500614469037049,0.09484198709321778,complete
901909,20230428000042,01023318,센코,347000,주요사항보고서(무상증자결정),2023-04-28,KOSDAQ,3690.0,3927.0,3787.0,3937.0,0.06422764227642275,0.026287262872628725,0.06693766937669388,,2023-04-28,2023-05-02,2023-05-03,2023-05-09,NAVER_FINANCE_DOMESTIC_INDEX_DAILY,KOSDAQ,842.83,855.61,843.18,835.85,0.01516320017085282,0.00041526761031285275,-0.008281622628525387,0.04906444210556993,0.025871995262315872,0.07521929200521926,complete
901910,20230428900089,01023318,센코,347000,주권매매거래정지(무상증자),2023-04-28,KOSDAQ,3690.0,3927.0,3787.0,3937.0,0.06422764227642275,0.026287262872628725,0.06693766937669388,,2023-04-28,2023-05-02,2023-05-03,2023-05-09,NAVER_FINANCE_DOMESTIC_INDEX_DAILY,KOSDAQ,842.83,855.61,843.18,835.85,0.01516320017085282,0.00041526761031285275,-0.008281622628525387,0.04906444210556993,0.025871995262315872,0.07521929200521926,complete
895507,20230511900599,01023318,센코,347000,권리락(무상증자),2023-05-11,KOSDAQ,3945.0,3865.0,3500.0,3370.0,-0.020278833967046883,-0.11280101394169839,-0.1457541191381495,,2023-05-11,2023-05-12,2023-05-15,2023-05-18,NAVER_FINANCE_DOMESTIC_INDEX_DAILY,KOSDAQ,824.54,822.43,814.53,835.89,-0.0025590025953865503,-0.012140102360103766,0.01376525092779013,-0.017719831371660333,-0.10066091158159463,-0.15951937006593964,complete
897654,20230508000250,01367586,제이아이테크,417500,주요사항보고서(무상증자결정),2023-05-08,KOSDAQ,5615.0,4810.0,4902.0,4857.0,-0.1433659839715049,-0.12698130008904718,-0.13499554764024935,,2023-05-08,2023-05-09,2023-05-10,2023-05-15,NAVER_FINANCE_DOMESTIC_INDEX_DAILY,KOSDAQ,842.28,835.85,829.74,814.53,-0.007634040936505659,-0.01488816070665333,-0.03294628864510618,-0.13573194303499925,-0.11209313938239385,-0.10204925899514317,complete
897655,20230508900172,01367586,제이아이테크,417500,주권매매거래정지(무상증자),2023-05-08,KOSDAQ,5615.0,4810.0,4902.0,4857.0,-0.1433659839715049,-0.12698130008904718,-0.13499554764024935,,2023-05-08,2023-05-09,2023-05-10,2023-05-15,NAVER_FINANCE_DOMESTIC_INDEX_DAILY,KOSDAQ,842.28,835.85,829.74,814.53,-0.007634040936505659,-0.01488816070665333,-0.03294628864510618,-0.13573194303499925,-0.11209313938239385,-0.10204925899514317,complete
889365,20230519900510,01367586,제이아이테크,417500,권리락(무상증자),2023-05-19,KOSDAQ,5440.0,7070.0,7660.0,6410.0,0.2996323529411764,0.40808823529411775,0.1783088235294117,,2023-05-19,2023-05-22,2023-05-23,2023-05-26,NAVER_FINANCE_DOMESTIC_INDEX_DAILY,KOSDAQ,841.72,852.04,859.16,843.23,0.012260609228722075,0.02071947916171646,0.0017939457301714423,0.28737174371245433,0.3873687561324013,0.17651487779924024,complete
890871,20230516000216,00118521,진원생명과학,011000,주요사항보고서(유무상증자결정),2023-05-16,KOSPI,5200.0,4865.0,4615.0,5230.0,-0.06442307692307692,-0.11250000000000004,0.005769230769230749,,2023-05-16,2023-05-17,2023-05-18,2023-05-23,NAVER_FINANCE_DOMESTIC_INDEX_DAILY,KOSPI,2480.24,2494.66,2515.4,2567.55,0.005813953488372103,0.014176047479276255,0.035202238493049265,-0.07023703041144902,-0.1266760474792763,-0.029433007723818516,complete
889529,20230519000332,01201970,셀레스트라,352770,주요사항보고서(유무상증자결정),2023-05-19,KOSDAQ,77400.0,63255.0,60090.0,59295.0,-0.18275193798449607,-0.22364341085271322,-0.23391472868217056,,2023-05-19,2023-05-22,2023-05-23,2023-05-26,NAVER_FINANCE_DOMESTIC_INDEX_DAILY,KOSDAQ,841.72,852.04,859.16,843.23,0.012260609228722075,0.02071947916171646,0.0017939457301714423,-0.19501254721321815,-0.24436289001442968,-0.235708674412342,complete
889527,20230519900324,01201970,셀레스트라,352770,주권매매거래정지(무상증자),2023-05-19,KOSDAQ,77400.0,63255.0,60090.0,59295.0,-0.18275193798449607,-0.22364341085271322,-0.23391472868217056,,2023-05-19,2023-05-22,2023-05-23,2023-05-26,NAVER_FINANCE_DOMESTIC_INDEX_DAILY,KOSDAQ,841.72,852.04,859.16,843.23,0.012260609228722075,0.02071947916171646,0.0017939457301714423,-0.19501254721321815,-0.24436289001442968,-0.235708674412342,complete
850697,20230809900559,01201970,셀레스트라,352770,권리락(무상증자),2023-08-09,KOSDAQ,48675.0,49800.0,55350.0,48375.0,0.023112480739599484,0.13713405238828957,-0.006163328197226536,,2023-08-09,2023-08-10,2023-08-11,2023-08-17,NAVER_FINANCE_DOMESTIC_INDEX_DAILY,KOSDAQ,908.98,911.29,912.2,886.04,0.002541310039824829,0.003542432176725674,-0.025237078923628697,0.020571170699774655,0.1335916202115639,0.01907375072640216,complete
887335,20230525000438,01586455,꿈비,407400,주요사항보고서(유무상증자결정),2023-05-25,KOSDAQ,14433.0,12994.0,12644.0,13150.0,-0.09970207164137745,-0.12395205431996115,-0.0888935079332086,,2023-05-25,2023-05-26,2023-05-30,2023-06-02,NAVER_FINANCE_DOMESTIC_INDEX_DAILY,KOSDAQ,847.72,843.23,851.5,868.06,-0.005296560184966714,0.004459019487566662,0.023993771528334706,-0.09440551145641074,-0.1284110738075278,-0.11288727946154331,complete
887334,20230525900370,01586455,꿈비,407400,주권매매거래정지(무상증자),2023-05-25,KOSDAQ,14433.0,12994.0,12644.0,13150.0,-0.09970207164137745,-0.12395205431996115,-0.0888935079332086,,2023-05-25,2023-05-26,2023-05-30,2023-06-02,NAVER_FINANCE_DOMESTIC_INDEX_DAILY,KOSDAQ,847.72,843.23,851.5,868.06,-0.005296560184966714,0.004459019487566662,0.023993771528334706,-0.09440551145641074,-0.1284110738075278,-0.11288727946154331,complete
871778,20230623900503,01586455,꿈비,407400,권리락(무상증자),2023-06-23,KOSDAQ,14130.0,17430.0,16200.0,16900.0,0.23354564755838636,0.14649681528662417,0.19603680113234256,,2023-06-23,2023-06-26,2023-06-27,2023-06-30,NAVER_FINANCE_DOMESTIC_INDEX_DAILY,KOSDAQ,874.84,879.5,874.14,868.24,0.005326688308719296,-0.0008001463124686081,-0.0075442366604179245,0.22821895924966706,0.14729696159909278,0.2035810377927605,complete
885330,20230530000812,01051092,피씨엘,241820,주요사항보고서(유무상증자결정),2023-05-30,KOSDAQ,62400.0,54000.0,50320.0,50200.0,-0.13461538461538458,-0.19358974358974357,-0.19551282051282048,,2023-05-30,2023-05-31,2023-06-01,2023-06-07,NAVER_FINANCE_DOMESTIC_INDEX_DAILY,KOSDAQ,851.5,856.94,863.78,880.72,0.0063887257780388396,0.014421608925425655,0.034315913094539185,-0.14100411039342342,-0.20801135251516922,-0.22982873360735967,complete
885329,20230530900516,01051092,피씨엘,241820,주권매매거래정지(무상증자),2023-05-30,KOSDAQ,62400.0,54000.0,50320.0,50200.0,-0.13461538461538458,-0.19358974358974357,-0.19551282051282048,,2023-05-30,2023-05-31,2023-06-01,2023-06-07,NAVER_FINANCE_DOMESTIC_INDEX_DAILY,KOSDAQ,851.5,856.94,863.78,880.72,0.0063887257780388396,0.014421608925425655,0.034315913094539185,-0.14100411039342342,-0.20801135251516922,-0.22982873360735967,complete
829061,20230913900380,01051092,피씨엘,241820,권리락(무상증자),2023-09-13,KOSDAQ,61300.0,79600.0,77500.0,65300.0,0.298531810766721,0.264274061990212,0.06525285481239806,,2023-09-13,2023-09-14,2023-09-15,2023-09-20,NAVER_FINANCE_DOMESTIC_INDEX_DAILY,KOSDAQ,882.72,899.47,899.03,882.72,0.018975439550480422,0.018476980242885466,0.0,0.27955637121624055,0.2457970817473265,0.06525285481239806,complete
878081,20230609000264,01231786,엑스페릭스,317770,주요사항보고서(무상증자결정),2023-06-09,KOSDAQ,12046.0,12617.0,11603.0,11831.0,0.04740162709613149,-0.03677569317615803,-0.017848248381205356,,2023-06-09,2023-06-12,2023-06-13,2023-06-16,NAVER_FINANCE_DOMESTIC_INDEX_DAILY,KOSDAQ,883.71,885.76,896.81,887.95,0.0023197655339419754,0.014823867558361847,0.004797954079958311,0.04508186156218952,-0.05159956073451988,-0.022646202461163667,complete
878080,20230609900239,01231786,엑스페릭스,317770,주권매매거래정지(무상증자),2023-06-09,KOSDAQ,12046.0,12617.0,11603.0,11831.0,0.04740162709613149,-0.03677569317615803,-0.017848248381205356,,2023-06-09,2023-06-12,2023-06-13,2023-06-16,NAVER_FINANCE_DOMESTIC_INDEX_DAILY,KOSDAQ,883.71,885.76,896.81,887.95,0.0023197655339419754,0.014823867558361847,0.004797954079958311,0.04508186156218952,-0.05159956073451988,-0.022646202461163667,complete
872468,20230622900415,01231786,엑스페릭스,317770,권리락(무상증자),2023-06-22,KOSDAQ,11660.0,15150.0,19690.0,16750.0,0.29931389365351624,0.6886792452830188,0.4365351629502572,,2023-06-22,2023-06-23,2023-06-26,2023-06-29,NAVER_FINANCE_DOMESTIC_INDEX_DAILY,KOSDAQ,876.38,874.84,879.5,861.79,-0.001757228599465921,0.00356009950021674,-0.016648029393642072,0.30107112225298216,0.6851191457828021,0.45318319234389925,complete
878032,20230609000323,01110474,풍전약품,298060,주요사항보고서(유무상증자결정),2023-06-09,KOSDAQ,35680.0,28475.0,28590.0,25155.0,-0.20193385650224216,-0.1987107623318386,-0.29498318385650224,,2023-06-09,2023-06-12,2023-06-13,2023-06-16,NAVER_FINANCE_DOMESTIC_INDEX_DAILY,KOSDAQ,883.71,885.76,896.81,887.95,0.0023197655339419754,0.014823867558361847,0.004797954079958311,-0.20425362203618413,-0.21353462989020044,-0.29978113793646055,complete
878031,20230609900277,01110474,풍전약품,298060,주권매매거래정지(무상증자),2023-06-09,KOSDAQ,35680.0,28475.0,28590.0,25155.0,-0.20193385650224216,-0.1987107623318386,-0.29498318385650224,,2023-06-09,2023-06-12,2023-06-13,2023-06-16,NAVER_FINANCE_DOMESTIC_INDEX_DAILY,KOSDAQ,883.71,885.76,896.81,887.95,0.0023197655339419754,0.014823867558361847,0.004797954079958311,-0.20425362203618413,-0.21353462989020044,-0.29978113793646055,complete
878014,20230609900292,01110474,풍전약품,298060,주주명부폐쇄기간또는기준일설정(무상증자),2023-06-09,KOSDAQ,35680.0,28475.0,28590.0,25155.0,-0.20193385650224216,-0.1987107623318386,-0.29498318385650224,,2023-06-09,2023-06-12,2023-06-13,2023-06-16,NAVER_FINANCE_DOMESTIC_INDEX_DAILY,KOSDAQ,883.71,885.76,896.81,887.95,0.0023197655339419754,0.014823867558361847,0.004797954079958311,-0.20425362203618413,-0.21353462989020044,-0.29978113793646055,complete
828478,20230914900419,01110474,풍전약품,298060,권리락(무상증자),2023-09-14,KOSDAQ,23375.0,23200.0,22675.0,19700.0,-0.007486631016042744,-0.029946524064171087,-0.1572192513368984,,2023-09-14,2023-09-15,2023-09-18,2023-09-21,NAVER_FINANCE_DOMESTIC_INDEX_DAILY,KOSDAQ,899.47,899.03,891.29,860.68,-0.0004891769597652473,-0.00909424438836215,-0.04312539606657262,-0.006997454056277497,-0.020852279675808938,-0.11409385527032578,complete
876896,20230613000083,01436479,토마토시스템,393210,주요사항보고서(무상증자결정),2023-06-13,KOSDAQ,5751.0,5633.0,5301.0,5480.0,-0.020518170752912512,-0.07824726134585291,-0.04712223961050255,,2023-06-13,2023-06-14,2023-06-15,2023-06-20,NAVER_FINANCE_DOMESTIC_INDEX_DAILY,KOSDAQ,896.81,871.83,878.04,886.41,-0.02785428351601782,-0.020929739855710783,-0.011596659270079468,0.007336112763105307,-0.05731752149014213,-0.03552558034042308,complete
876895,20230613900097,01436479,토마토시스템,393210,주권매매거래정지(무상증자),2023-06-13,KOSDAQ,5751.0,5633.0,5301.0,5480.0,-0.020518170752912512,-0.07824726134585291,-0.04712223961050255,,2023-06-13,2023-06-14,2023-06-15,2023-06-20,NAVER_FINANCE_DOMESTIC_INDEX_DAILY,KOSDAQ,896.81,871.83,878.04,886.41,-0.02785428351601782,-0.020929739855710783,-0.011596659270079468,0.007336112763105307,-0.05731752149014213,-0.03552558034042308,complete
871166,20230626900484,01436479,토마토시스템,393210,권리락(무상증자),2023-06-26,KOSDAQ,5910.0,5710.0,5230.0,4930.0,-0.03384094754653133,-0.11505922165820648,-0.16582064297800336,,2023-06-26,2023-06-27,2023-06-28,2023-07-03,NAVER_FINANCE_DOMESTIC_INDEX_DAILY,KOSDAQ,879.5,874.14,866.97,889.29,-0.0060943718021603255,-0.014246731097214305,0.011131324616259208,-0.027746575744371005,-0.10081249056099217,-0.17695196759426257,complete
874019,20230619000246,01327746,보로노이,310210,주요사항보고서(유무상증자결정),2023-06-19,KOSDAQ,36448.0,38700.0,38618.0,40215.0,0.06178665496049174,0.05953687445127298,0.1033527216856891,,2023-06-19,2023-06-20,2023-06-21,2023-06-26,NAVER_FINANCE_DOMESTIC_INDEX_DAILY,KOSDAQ,888.61,886.41,875.7,879.5,-0.0024757767749632453,-0.014528308256715472,-0.010251966554506442,0.06426243173545498,0.07406518270798845,0.11360468824019554,complete
874020,20230619900570,01327746,보로노이,310210,주권매매거래정지(무상증자),2023-06-19,KOSDAQ,36448.0,38700.0,38618.0,40215.0,0.06178665496049174,0.05953687445127298,0.1033527216856891,,2023-06-19,2023-06-20,2023-06-21,2023-06-26,NAVER_FINANCE_DOMESTIC_INDEX_DAILY,KOSDAQ,888.61,886.41,875.7,879.5,-0.0024757767749632453,-0.014528308256715472,-0.010251966554506442,0.06426243173545498,0.07406518270798845,0.11360468824019554,complete
829626,20230912900368,01327746,보로노이,310210,권리락(무상증자),2023-09-12,KOSDAQ,65800.0,58300.0,59000.0,56600.0,-0.11398176291793316,-0.10334346504559266,-0.13981762917933127,,2023-09-12,2023-09-13,2023-09-14,2023-09-19,NAVER_FINANCE_DOMESTIC_INDEX_DAILY,KOSDAQ,898.04,882.72,899.47,883.89,-0.017059373747271733,0.0015923566878981443,-0.015756536457173342,-0.09692238917066143,-0.10493582173349081,-0.12406109272215793,complete
873782,20230620000066,01303029,알비더블유,361570,주요사항보고서(무상증자결정),2023-06-20,KOSDAQ,6374.0,5843.0,5770.0,5863.0,-0.08330718544085347,-0.09475996234703488,-0.0801694383432695,,2023-06-20,2023-06-21,2023-06-22,2023-06-27,NAVER_FINANCE_DOMESTIC_INDEX_DAILY,KOSDAQ,886.41,875.7,876.38,874.14,-0.012082444918265711,-0.011315305558375899,-0.013842352861542562,-0.07122474052258776,-0.08344465678865898,-0.06632708548172694,complete
873781,20230620900125,01303029,알비더블유,361570,주권매매거래정지(무상증자),2023-06-20,KOSDAQ,6374.0,5843.0,5770.0,5863.0,-0.08330718544085347,-0.09475996234703488,-0.0801694383432695,,2023-06-20,2023-06-21,2023-06-22,2023-06-27,NAVER_FINANCE_DOMESTIC_INDEX_DAILY,KOSDAQ,886.41,875.7,876.38,874.14,-0.012082444918265711,-0.011315305558375899,-0.013842352861542562,-0.07122474052258776,-0.08344465678865898,-0.06632708548172694,complete
867117,20230703900488,01303029,알비더블유,361570,권리락(무상증자),2023-07-03,KOSDAQ,5740.0,6020.0,5630.0,5420.0,0.04878048780487809,-0.019163763066202044,-0.05574912891986061,,2023-07-03,2023-07-04,2023-07-05,2023-07-10,NAVER_FINANCE_DOMESTIC_INDEX_DAILY,KOSDAQ,889.29,890.0,891.18,860.35,0.0007983897266359286,0.0021252909624531746,-0.032542815054706464,0.047982098078242164,-0.02128905402865522,-0.02320631386515415,complete
870373,20230628000057,00523936,HB솔루션,297890,주요사항보고서(무상증자결정),2023-06-28,KOSDAQ,4855.0,4827.0,4754.0,4900.0,-0.005767250257466494,-0.020803295571575675,0.009268795056642576,,2023-06-28,2023-06-29,2023-06-30,2023-07-05,NAVER_FINANCE_DOMESTIC_INDEX_DAILY,KOSDAQ,866.97,861.79,868.24,891.18,-0.005974831885763088,0.0014648719102159369,0.02792484169002374,0.00020758162829659366,-0.022268167481791612,-0.018656046633381163,complete
870374,20230628900105,00523936,HB솔루션,297890,주권매매거래정지(무상증자),2023-06-28,KOSDAQ,4855.0,4827.0,4754.0,4900.0,-0.005767250257466494,-0.020803295571575675,0.009268795056642576,,2023-06-28,2023-06-29,2023-06-30,2023-07-05,NAVER_FINANCE_DOMESTIC_INDEX_DAILY,KOSDAQ,866.97,861.79,868.24,891.18,-0.005974831885763088,0.0014648719102159369,0.02792484169002374,0.00020758162829659366,-0.022268167481791612,-0.018656046633381163,complete
863651,20230711900365,00523936,HB솔루션,297890,권리락(무상증자),2023-07-11,KOSDAQ,4780.0,4970.0,4670.0,5170.0,0.03974895397489542,-0.023012552301255207,0.08158995815899583,,2023-07-11,2023-07-12,2023-07-13,2023-07-18,NAVER_FINANCE_DOMESTIC_INDEX_DAILY,KOSDAQ,878.73,879.88,893.07,914.14,0.0013087068837982496,0.016319005837970746,0.04029679196112568,0.03844024709109717,-0.03933155813922595,0.04129316619787016,complete
868052,20230630000655,00317104,라이온켐텍,171120,주요사항보고서(무상증자결정),2023-06-30,KOSDAQ,5975.0,5945.0,5920.0,5925.0,-0.005020920502092019,-0.009205020920502127,-0.008368200836820106,,2023-06-30,2023-07-03,2023-07-04,2023-07-07,NAVER_FINANCE_DOMESTIC_INDEX_DAILY,KOSDAQ,868.24,889.29,890.0,867.27,0.024244448539574304,0.025062194784852165,-0.0011172026167880489,-0.029265369041666323,-0.03426721570535429,-0.007250998220032057,complete
868056,20230630900707,00317104,라이온켐텍,171120,주권매매거래정지(무상증자),2023-06-30,KOSDAQ,5975.0,5945.0,5920.0,5925.0,-0.005020920502092019,-0.009205020920502127,-0.008368200836820106,,2023-06-30,2023-07-03,2023-07-04,2023-07-07,NAVER_FINANCE_DOMESTIC_INDEX_DAILY,KOSDAQ,868.24,889.29,890.0,867.27,0.024244448539574304,0.025062194784852165,-0.0011172026167880489,-0.029265369041666323,-0.03426721570535429,-0.007250998220032057,complete
860798,20230718900434,00317104,라이온켐텍,171120,권리락(무상증자),2023-07-18,KOSDAQ,6030.0,5250.0,4940.0,4605.0,-0.12935323383084574,-0.1807628524046434,-0.23631840796019898,,2023-07-18,2023-07-19,2023-07-20,2023-07-25,NAVER_FINANCE_DOMESTIC_INDEX_DAILY,KOSDAQ,914.14,923.72,931.6,939.96,0.010479795217362753,0.019099919049598624,0.028245126567046697,-0.1398330290482085,-0.19986277145424203,-0.2645635345272457,complete
867659,20230630000948,01118281,피플바이오,304840,주요사항보고서(유무상증자결정),2023-06-30,KOSDAQ,10410.0,8161.0,8344.0,8627.0,-0.21604226705091256,-0.1984630163304515,-0.17127761767531224,,2023-06-30,2023-07-03,2023-07-04,2023-07-07,NAVER_FINANCE_DOMESTIC_INDEX_DAILY,KOSDAQ,868.24,889.29,890.0,867.27,0.024244448539574304,0.025062194784852165,-0.0011172026167880489,-0.24028671559048687,-0.22352521111530366,-0.1701604150585242,complete
867660,20230630901072,01118281,피플바이오,304840,주권매매거래정지(무상증자),2023-06-30,KOSDAQ,10410.0,8161.0,8344.0,8627.0,-0.21604226705091256,-0.1984630163304515,-0.17127761767531224,,2023-06-30,2023-07-03,2023-07-04,2023-07-07,NAVER_FINANCE_DOMESTIC_INDEX_DAILY,KOSDAQ,868.24,889.29,890.0,867.27,0.024244448539574304,0.025062194784852165,-0.0011172026167880489,-0.24028671559048687,-0.22352521111530366,-0.1701604150585242,complete
815196,20231020900663,01118281,피플바이오,304840,권리락(무상증자),2023-10-20,KOSDAQ,5530.0,4955.0,5230.0,4520.0,-0.10397830018083187,-0.054249547920434016,-0.18264014466546108,,2023-10-20,2023-10-23,2023-10-24,2023-10-27,NAVER_FINANCE_DOMESTIC_INDEX_DAILY,KOSDAQ,769.25,763.69,784.86,748.49,-0.0072278193045173245,0.02029249268768285,-0.026987325316867095,-0.09675048087631455,-0.07454204060811687,-0.15565281934859398,complete
866609,20230704000373,01494118,노을,376930,주요사항보고서(유무상증자결정),2023-07-04,KOSDAQ,2591.0,1816.0,1733.0,1756.0,-0.299112311848707,-0.3311462755692782,-0.3222693940563489,,2023-07-04,2023-07-05,2023-07-06,2023-07-11,NAVER_FINANCE_DOMESTIC_INDEX_DAILY,KOSDAQ,890.0,891.18,870.53,878.73,0.0013258426966291648,-0.021876404494382107,-0.012662921348314593,-0.3004381545453362,-0.3092698710748961,-0.3096064727080343,complete
866608,20230704900602,01494118,노을,376930,주권매매거래정지(무상증자),2023-07-04,KOSDAQ,2591.0,1816.0,1733.0,1756.0,-0.299112311848707,-0.3311462755692782,-0.3222693940563489,,2023-07-04,2023-07-05,2023-07-06,2023-07-11,NAVER_FINANCE_DOMESTIC_INDEX_DAILY,KOSDAQ,890.0,891.18,870.53,878.73,0.0013258426966291648,-0.021876404494382107,-0.012662921348314593,-0.3004381545453362,-0.3092698710748961,-0.3096064727080343,complete
825101,20230922900573,01494118,노을,376930,권리락(무상증자),2023-09-22,KOSDAQ,5148.0,6629.0,6990.0,,0.2876845376845376,0.35780885780885785,,,2023-09-22,2023-09-25,2023-09-26,2023-10-05,NAVER_FINANCE_DOMESTIC_INDEX_DAILY,KOSDAQ,857.35,839.17,827.82,801.02,-0.021204875488423758,-0.03444334285880912,-0.06570245523998375,0.30888941317296137,0.392252200667667,,complete
865032,20230707000446,01221752,지에프씨생명과학,388610,주요사항보고서(무상증자결정),2023-07-07,KOSDAQ,14000.0,16100.0,15230.0,16200.0,0.1499999999999999,0.08785714285714286,0.15714285714285725,,2023-07-07,2023-07-10,2023-07-11,2023-07-14,NAVER_FINANCE_DOMESTIC_INDEX_DAILY,KOSDAQ,867.27,860.35,878.73,896.28,-0.007979060730798904,0.013213878031063109,0.03344979072261234,0.15797906073079881,0.07464326482607975,0.12369306642024491,complete
865031,20230707600402,01221752,지에프씨생명과학,388610,주권매매거래정지(무상증자),2023-07-07,KOSDAQ,14000.0,16100.0,15230.0,16200.0,0.1499999999999999,0.08785714285714286,0.15714285714285725,,2023-07-07,2023-07-10,2023-07-11,2023-07-14,NAVER_FINANCE_DOMESTIC_INDEX_DAILY,KOSDAQ,867.27,860.35,878.73,896.28,-0.007979060730798904,0.013213878031063109,0.03344979072261234,0.15797906073079881,0.07464326482607975,0.12369306642024491,complete
859097,20230721600523,01221752,지에프씨생명과학,388610,권리락(무상증자),2023-07-21,KOSDAQ,15500.0,5280.0,5300.0,5000.0,-0.6593548387096775,-0.6580645161290323,-0.6774193548387097,,2023-07-21,2023-07-24,2023-07-25,2023-07-28,NAVER_FINANCE_DOMESTIC_INDEX_DAILY,KOSDAQ,934.58,929.9,939.96,913.74,-0.005007596995441843,0.005756596546041992,-0.02229878662072804,-0.6543472417142356,-0.6638211126750743,-0.6551205682179817,complete
860567,20230719000110,00199252,HLB,028300,주요사항보고서(무상증자결정),2023-07-19,KOSDAQ,29567.0,32476.0,31952.0,29233.0,0.09838671491865925,0.08066425406703415,-0.011296377718402306,,2023-07-19,2023-07-20,2023-07-21,2023-07-26,NAVER_FINANCE_DOMESTIC_INDEX_DAILY,KOSDAQ,923.72,931.6,934.58,900.63,0.008530723595894907,0.01175680942276891,-0.02499675226259046,0.08985599132276434,0.06890744464426524,0.013700374544188154,complete
854364,20230801900500,00199252,HLB,028300,권리락(무상증자),2023-08-01,KOSDAQ,32000.0,30850.0,31800.0,30100.0,-0.035937499999999956,-0.006249999999999978,-0.059374999999999956,,2023-08-01,2023-08-02,2023-08-03,2023-08-08,NAVER_FINANCE_DOMESTIC_INDEX_DAILY,KOSDAQ,939.67,909.76,920.32,892.34,-0.031830323411410344,-0.0205923356071811,-0.05036874647482614,-0.004107176588589612,0.014342335607181123,-0.009006253525173813,complete
859654,20230720000535,01309388,LS티라유텍,322180,주요사항보고서(유무상증자결정),2023-07-20,KOSDAQ,6053.0,5266.0,5003.0,5316.0,-0.13001817280687267,-0.17346770196596728,-0.12175780604658848,,2023-07-20,2023-07-21,2023-07-24,2023-07-27,NAVER_FINANCE_DOMESTIC_INDEX_DAILY,KOSDAQ,931.6,934.58,929.9,883.79,0.0031987977672820467,-0.0018248175182482562,-0.051320309145556076,-0.13321697057415471,-0.17164288444771902,-0.0704374969010324,complete
859653,20230720900617,01309388,LS티라유텍,322180,주권매매거래정지(무상증자),2023-07-20,KOSDAQ,6053.0,5266.0,5003.0,5316.0,-0.13001817280687267,-0.17346770196596728,-0.12175780604658848,,2023-07-20,2023-07-21,2023-07-24,2023-07-27,NAVER_FINANCE_DOMESTIC_INDEX_DAILY,KOSDAQ,931.6,934.58,929.9,883.79,0.0031987977672820467,-0.0018248175182482562,-0.051320309145556076,-0.13321697057415471,-0.17164288444771902,-0.0704374969010324,complete
847524,20230811901094,01309388,LS티라유텍,322180,권리락(무상증자),2023-08-11,KOSDAQ,6450.0,7750.0,6870.0,6850.0,0.20155038759689914,0.06511627906976747,0.0620155038759691,,2023-08-11,2023-08-14,2023-08-16,2023-08-21,NAVER_FINANCE_DOMESTIC_INDEX_DAILY,KOSDAQ,912.2,901.68,878.29,888.71,-0.011532558649419045,-0.03717386538039913,-0.025750931813198874,0.21308294624631818,0.1022901444501666,0.08776643568916798,complete
858269,20230725000109,01021639,나라셀라,405920,주요사항보고서(무상증자결정),2023-07-25,KOSDAQ,8585.0,6994.0,7694.0,7899.0,-0.18532323820617358,-0.10378567268491556,-0.0799068142108329,,2023-07-25,2023-07-26,2023-07-27,2023-08-01,NAVER_FINANCE_DOMESTIC_INDEX_DAILY,KOSDAQ,939.96,900.63,883.79,939.67,-0.041842206051321384,-0.05975786203668254,-0.0003085237669688823,-0.1434810321548522,-0.04402781064823302,-0.07959829044386402,complete
858268,20230725900130,01021639,나라셀라,405920,주권매매거래정지(무상증자),2023-07-25,KOSDAQ,8585.0,6994.0,7694.0,7899.0,-0.18532323820617358,-0.10378567268491556,-0.0799068142108329,,2023-07-25,2023-07-26,2023-07-27,2023-08-01,NAVER_FINANCE_DOMESTIC_INDEX_DAILY,KOSDAQ,939.96,900.63,883.79,939.67,-0.041842206051321384,-0.05975786203668254,-0.0003085237669688823,-0.1434810321548522,-0.04402781064823302,-0.07959829044386402,complete
852058,20230807900428,01021639,나라셀라,405920,권리락(무상증자),2023-08-07,KOSDAQ,7930.0,7930.0,7960.0,7060.0,0.0,0.003783102143757988,-0.10970996216897855,,2023-08-07,2023-08-08,2023-08-09,2023-08-14,NAVER_FINANCE_DOMESTIC_INDEX_DAILY,KOSDAQ,898.22,892.34,908.98,901.68,-0.006546280421277584,0.011979247845739449,0.0038520629689831054,0.006546280421277584,-0.008196145701981461,-0.11356202513796165,complete
857567,20230726000217,00187415,코미팜,041960,주요사항보고서(무상증자결정),2023-07-26,KOSDAQ,5301.0,5538.0,5519.0,5483.0,0.04470854555744208,0.04112431616676093,0.034333144689681294,,2023-07-26,2023-07-27,2023-07-28,2023-08-02,NAVER_FINANCE_DOMESTIC_INDEX_DAILY,KOSDAQ,900.63,883.79,913.74,909.76,-0.01869802249536434,0.014556477132673828,0.010137348300633953,0.06340656805280642,0.026567839034087104,0.02419579638904734,complete
842947,20230816900450,00187415,코미팜,041960,권리락(무상증자),2023-08-16,KOSDAQ,5820.0,5700.0,5540.0,5480.0,-0.020618556701030966,-0.04810996563573888,-0.05841924398625431,,2023-08-16,2023-08-17,2023-08-18,2023-08-23,NAVER_FINANCE_DOMESTIC_INDEX_DAILY,KOSDAQ,878.29,886.04,877.32,882.87,0.008823964749683944,-0.001104418813831276,0.00521467852303914,-0.02944252145071491,-0.04700554682190761,-0.06363392250929345,complete
853435,20230803000235,00197759,미래산업,025560,주요사항보고서(무상증자결정),2023-08-03,KOSPI,65444.0,62272.0,56712.0,64904.0,-0.04846891999266545,-0.13342705213617745,-0.008251329380844719,,2023-08-03,2023-08-04,2023-08-07,2023-08-10,NAVER_FINANCE_DOMESTIC_INDEX_DAILY,KOSPI,2605.39,2602.8,2580.71,2601.56,-0.0009940930148651939,-0.009472670118485071,-0.001470029438970677,-0.047474826977800255,-0.12395438201769238,-0.006781299941874042,complete
853018,20230804000010,01405390,핌스,347770,주요사항보고서(무상증자결정),2023-08-04,KOSDAQ,6163.0,6406.0,6023.0,5773.0,0.03942884958624049,-0.02271620963816323,-0.06328086970631186,,2023-08-04,2023-08-07,2023-08-08,2023-08-11,NAVER_FINANCE_DOMESTIC_INDEX_DAILY,KOSDAQ,918.43,898.22,892.34,912.2,-0.02200494321831814,-0.028407173110634343,-0.006783315004953994,0.06143379280455863,0.005690963472471111,-0.056497554701357866,complete
853019,20230804900055,01405390,핌스,347770,주권매매거래정지(무상증자),2023-08-04,KOSDAQ,6163.0,6406.0,6023.0,5773.0,0.03942884958624049,-0.02271620963816323,-0.06328086970631186,,2023-08-04,2023-08-07,2023-08-08,2023-08-11,NAVER_FINANCE_DOMESTIC_INDEX_DAILY,KOSDAQ,918.43,898.22,892.34,912.2,-0.02200494321831814,-0.028407173110634343,-0.006783315004953994,0.06143379280455863,0.005690963472471111,-0.056497554701357866,complete
842497,20230817900374,01405390,핌스,347770,권리락(무상증자),2023-08-17,KOSDAQ,5930.0,5980.0,5940.0,5540.0,0.008431703204047292,0.001686340640809414,-0.06576728499156825,,2023-08-17,2023-08-18,2023-08-21,2023-08-24,NAVER_FINANCE_DOMESTIC_INDEX_DAILY,KOSDAQ,886.04,877.32,888.71,901.74,-0.009841542142566828,0.003013407972552118,0.017719290325493242,0.01827324534661412,-0.001327067331742704,-0.0834865753170615,complete
852020,20230807000362,01335851,박셀바이오,323990,주요사항보고서(유무상증자결정),2023-08-07,KOSDAQ,27294.0,22093.0,24909.0,24088.0,-0.19055470066681324,-0.08738184216311273,-0.11746171319703969,,2023-08-07,2023-08-08,2023-08-09,2023-08-14,NAVER_FINANCE_DOMESTIC_INDEX_DAILY,KOSDAQ,898.22,892.34,908.98,901.68,-0.006546280421277584,0.011979247845739449,0.0038520629689831054,-0.18400842024553565,-0.09936109000885218,-0.12131377616602279,complete
852021,20230807900470,01335851,박셀바이오,323990,주권매매거래정지(무상증자),2023-08-07,KOSDAQ,27294.0,22093.0,24909.0,24088.0,-0.19055470066681324,-0.08738184216311273,-0.11746171319703969,,2023-08-07,2023-08-08,2023-08-09,2023-08-14,NAVER_FINANCE_DOMESTIC_INDEX_DAILY,KOSDAQ,898.22,892.34,908.98,901.68,-0.006546280421277584,0.011979247845739449,0.0038520629689831054,-0.18400842024553565,-0.09936109000885218,-0.12131377616602279,complete
806846,20231109900486,01335851,박셀바이오,323990,권리락(무상증자),2023-11-09,KOSDAQ,20000.0,21250.0,20150.0,21150.0,0.0625,0.007500000000000062,0.05750000000000011,,2023-11-09,2023-11-10,2023-11-13,2023-11-16,NAVER_FINANCE_DOMESTIC_INDEX_DAILY,KOSDAQ,802.87,789.31,774.42,811.11,-0.016889409244336018,-0.035435375590070706,0.010263180838741004,0.07938940924433602,0.04293537559007077,0.0472368191612591,complete
842707,20230817000019,01526806,삼기에너지솔루션즈,419050,주요사항보고서(무상증자결정),2023-08-17,KOSDAQ,4677.0,4159.0,4309.0,4572.0,-0.11075475732307039,-0.07868291639940128,-0.022450288646568284,,2023-08-17,2023-08-18,2023-08-21,2023-08-24,NAVER_FINANCE_DOMESTIC_INDEX_DAILY,KOSDAQ,886.04,877.32,888.71,901.74,-0.009841542142566828,0.003013407972552118,0.017719290325493242,-0.10091321518050356,-0.0816963243719534,-0.040169578972061526,complete
842706,20230817900053,01526806,삼기에너지솔루션즈,419050,주권매매거래정지(무상증자),2023-08-17,KOSDAQ,4677.0,4159.0,4309.0,4572.0,-0.11075475732307039,-0.07868291639940128,-0.022450288646568284,,2023-08-17,2023-08-18,2023-08-21,2023-08-24,NAVER_FINANCE_DOMESTIC_INDEX_DAILY,KOSDAQ,886.04,877.32,888.71,901.74,-0.009841542142566828,0.003013407972552118,0.017719290325493242,-0.10091321518050356,-0.0816963243719534,-0.040169578972061526,complete
835485,20230830900523,01526806,삼기에너지솔루션즈,419050,권리락(무상증자),2023-08-30,KOSDAQ,4625.0,6010.0,5940.0,5600.0,0.2994594594594595,0.2843243243243243,0.21081081081081088,,2023-08-30,2023-08-31,2023-09-01,2023-09-06,NAVER_FINANCE_DOMESTIC_INDEX_DAILY,KOSDAQ,923.81,928.4,919.74,917.95,0.004968554139920478,-0.0044056678321299225,-0.006343295699332008,0.29449090531953903,0.28872999215645423,0.21715410651014289,complete
840979,20230822000063,00532059,그린생명과학,114450,주요사항보고서(무상증자결정),2023-08-22,KOSDAQ,2422.0,2475.0,2486.0,2460.0,0.021882741535920625,0.02642444260941379,0.015689512799339278,,2023-08-22,2023-08-23,2023-08-24,2023-08-29,NAVER_FINANCE_DOMESTIC_INDEX_DAILY,KOSDAQ,893.33,882.87,901.74,916.24,-0.011708998914175095,0.009414214232142726,0.025645618080664345,0.03359174045009572,0.017010228377271064,-0.009956105281325067,complete
832684,20230904900721,00532059,그린생명과학,114450,권리락(무상증자),2023-09-04,KOSDAQ,2490.0,2565.0,2595.0,2575.0,0.030120481927710774,0.04216867469879526,0.034136546184738936,,2023-09-04,2023-09-05,2023-09-06,2023-09-11,NAVER_FINANCE_DOMESTIC_INDEX_DAILY,KOSDAQ,919.16,921.48,917.95,912.55,0.002524043692066824,-0.001316419339396746,-0.007191348622655469,0.02759643823564395,0.04348509403819201,0.041327894807394405,complete
840130,20230823000409,01397620,루닛,328130,주요사항보고서(유무상증자결정),2023-08-23,KOSDAQ,32815.0,35213.0,35235.0,39354.0,0.07307633704098726,0.07374676215145515,0.19926862715221705,,2023-08-23,2023-08-24,2023-08-25,2023-08-30,NAVER_FINANCE_DOMESTIC_INDEX_DAILY,KOSDAQ,882.87,901.74,899.38,923.81,0.021373475143565912,0.018700374913633855,0.04637149297178511,0.05170286189742135,0.05504638723782129,0.15289713418043194,complete
840129,20230823900404,01397620,루닛,328130,주권매매거래정지(무상증자),2023-08-23,KOSDAQ,32815.0,35213.0,35235.0,39354.0,0.07307633704098726,0.07374676215145515,0.19926862715221705,,2023-08-23,2023-08-24,2023-08-25,2023-08-30,NAVER_FINANCE_DOMESTIC_INDEX_DAILY,KOSDAQ,882.87,901.74,899.38,923.81,0.021373475143565912,0.018700374913633855,0.04637149297178511,0.05170286189742135,0.05504638723782129,0.15289713418043194,complete
807485,20231108900624,01397620,루닛,328130,권리락(무상증자),2023-11-08,KOSDAQ,39983.0,42280.0,45280.0,44483.0,0.05744941600180087,0.13248130455443574,0.1125478328289522,,2023-11-08,2023-11-09,2023-11-10,2023-11-15,NAVER_FINANCE_DOMESTIC_INDEX_DAILY,KOSDAQ,811.02,802.87,789.31,809.36,-0.0100490740055732,-0.02676876032650244,-0.0020468052575768336,0.06749849000737407,0.15925006488093818,0.11459463808652903,complete
265078,20260130000569,01397620,루닛,328130,주요사항보고서(유무상증자결정),2026-01-30,KOSDAQ,18843.0,18468.0,19101.0,18866.0,-0.019901289603566297,0.013692087247253681,0.0012206124290188303,,2026-01-30,2026-02-02,2026-02-03,2026-02-06,NAVER_FINANCE_DOMESTIC_INDEX_DAILY,KOSDAQ,1149.44,1098.36,1144.33,1080.77,-0.044439031180401045,-0.004445643095768448,-0.05974213530066819,0.02453774157683475,0.01813773034302213,0.06096274772968702,complete
265076,20260130901006,01397620,루닛,328130,주권매매거래정지              (무상증자),2026-01-30,KOSDAQ,18843.0,18468.0,19101.0,18866.0,-0.019901289603566297,0.013692087247253681,0.0012206124290188303,,2026-01-30,2026-02-02,2026-02-03,2026-02-06,NAVER_FINANCE_DOMESTIC_INDEX_DAILY,KOSDAQ,1149.44,1098.36,1144.33,1080.77,-0.044439031180401045,-0.004445643095768448,-0.05974213530066819,0.02453774157683475,0.01813773034302213,0.06096274772968702,complete
17130,20260430901423,01397620,루닛,328130,권리락              (무상증자),2026-04-30,KOSDAQ,20750.0,20800.0,22300.0,19070.0,0.002409638554216942,0.07469879518072298,-0.08096385542168671,,2026-04-30,2026-05-04,2026-05-06,2026-05-11,NAVER_FINANCE_DOMESTIC_INDEX_DAILY,KOSDAQ,1192.35,1213.74,1210.17,1207.34,0.01793936344194247,0.014945276135363006,0.012571811967962532,-0.015529724887725527,0.05975351904535997,-0.09353566738964925,complete
838792,20230825000610,01049167,롤링스톤,214610,주요사항보고서(유무상증자결정),2023-08-25,KOSDAQ,29405.0,24200.0,25460.0,24096.0,-0.17701071246386668,-0.13416085699710933,-0.18054752593096413,,2023-08-25,2023-08-28,2023-08-29,2023-09-01,NAVER_FINANCE_DOMESTIC_INDEX_DAILY,KOSDAQ,899.38,909.38,916.24,919.74,0.011118770708710368,0.01874624741488584,0.022637817162934448,-0.18812948317257705,-0.15290710441199518,-0.20318534309389857,complete
800974,20231115900548,01049167,롤링스톤,214610,권리락(무상증자),2023-11-15,KOSDAQ,28624.0,29145.0,29665.0,29249.0,0.018201509223029655,0.036368082727780804,0.02183482392397984,,2023-11-15,2023-11-16,2023-11-17,2023-11-22,NAVER_FINANCE_DOMESTIC_INDEX_DAILY,KOSDAQ,809.36,811.11,799.06,814.61,0.0021622022338638747,-0.01272610457645551,0.006486606701591402,0.01603930698916578,0.049094187304236314,0.015348217222388438,complete
829091,20230913000303,01488320,필에너지,378340,주요사항보고서(무상증자결정),2023-09-13,KOSDAQ,31250.0,36950.0,35850.0,33100.0,0.1823999999999999,0.1472,0.05919999999999992,,2023-09-13,2023-09-14,2023-09-15,2023-09-20,NAVER_FINANCE_DOMESTIC_INDEX_DAILY,KOSDAQ,882.72,899.47,899.03,882.72,0.018975439550480422,0.018476980242885466,0.0,0.16342456044951947,0.12872301975711453,0.05919999999999992,complete
829093,20230913900337,01488320,필에너지,378340,주권매매거래정지(무상증자),2023-09-13,KOSDAQ,31250.0,36950.0,35850.0,33100.0,0.1823999999999999,0.1472,0.05919999999999992,,2023-09-13,2023-09-14,2023-09-15,2023-09-20,NAVER_FINANCE_DOMESTIC_INDEX_DAILY,KOSDAQ,882.72,899.47,899.03,882.72,0.018975439550480422,0.018476980242885466,0.0,0.16342456044951947,0.12872301975711453,0.05919999999999992,complete
823611,20230926900711,01488320,필에너지,378340,권리락(무상증자),2023-09-26,KOSDAQ,33000.0,32200.0,29500.0,,-0.024242424242424288,-0.10606060606060608,,,2023-09-26,2023-09-27,2023-10-04,2023-10-10,NAVER_FINANCE_DOMESTIC_INDEX_DAILY,KOSDAQ,827.82,841.02,807.4,795.0,0.01594549539755019,-0.024667198183179972,-0.039646299920272576,-0.04018791963997448,-0.0813934078774261,,complete
828170,20230915000126,00545734,아미코젠,092040,주요사항보고서(유무상증자결정),2023-09-15,KOSDAQ,6716.0,6368.0,6210.0,6094.0,-0.051816557474687275,-0.07534246575342463,-0.09261465157832038,,2023-09-15,2023-09-18,2023-09-19,2023-09-22,NAVER_FINANCE_DOMESTIC_INDEX_DAILY,KOSDAQ,899.03,891.29,883.89,857.35,-0.008609278889469718,-0.016840372401365933,-0.04636107805078804,-0.04320727858521756,-0.05850209335205869,-0.04625357352753234,complete
828169,20230915900240,00545734,아미코젠,092040,주권매매거래정지(무상증자),2023-09-15,KOSDAQ,6716.0,6368.0,6210.0,6094.0,-0.051816557474687275,-0.07534246575342463,-0.09261465157832038,,2023-09-15,2023-09-18,2023-09-19,2023-09-22,NAVER_FINANCE_DOMESTIC_INDEX_DAILY,KOSDAQ,899.03,891.29,883.89,857.35,-0.008609278889469718,-0.016840372401365933,-0.04636107805078804,-0.04320727858521756,-0.05850209335205869,-0.04625357352753234,complete
786718,20231212900691,00545734,아미코젠,092040,권리락(무상증자),2023-12-12,KOSDAQ,6940.0,7200.0,7000.0,7090.0,0.03746397694524495,0.008645533141210304,0.021613832853025983,,2023-12-12,2023-12-13,2023-12-14,2023-12-19,NAVER_FINANCE_DOMESTIC_INDEX_DAILY,KOSDAQ,839.53,829.31,840.59,858.3,-0.012173478017462158,0.0012626112229463526,0.022357747787452587,0.049637454962707106,0.007382921918263952,-0.0007439149344266038,complete
827863,20230915000442,00813389,베셀,177350,주요사항보고서(유무상증자결정),2023-09-15,KOSDAQ,5020.0,4655.0,4410.0,3796.0,-0.07270916334661359,-0.12151394422310757,-0.24382470119521915,,2023-09-15,2023-09-18,2023-09-19,2023-09-22,NAVER_FINANCE_DOMESTIC_INDEX_DAILY,KOSDAQ,899.03,891.29,883.89,857.35,-0.008609278889469718,-0.016840372401365933,-0.04636107805078804,-0.06409988445714387,-0.10467357182174164,-0.1974636231444311,complete
827864,20230915900564,00813389,베셀,177350,주권매매거래정지(무상증자),2023-09-15,KOSDAQ,5020.0,4655.0,4410.0,3796.0,-0.07270916334661359,-0.12151394422310757,-0.24382470119521915,,2023-09-15,2023-09-18,2023-09-19,2023-09-22,NAVER_FINANCE_DOMESTIC_INDEX_DAILY,KOSDAQ,899.03,891.29,883.89,857.35,-0.008609278889469718,-0.016840372401365933,-0.04636107805078804,-0.06409988445714387,-0.10467357182174164,-0.1974636231444311,complete
785816,20231213900856,00813389,베셀,177350,권리락(무상증자),2023-12-13,KOSDAQ,3716.0,4830.0,6278.0,9755.0,0.2997847147470398,0.6894510226049515,1.6251345532831003,,2023-12-13,2023-12-14,2023-12-15,2023-12-20,NAVER_FINANCE_DOMESTIC_INDEX_DAILY,KOSDAQ,829.31,840.59,838.31,862.98,0.013601668857242899,0.01085239536482141,0.04060001688150394,0.2861830458897969,0.6785986272401301,1.5845345364015964,complete
827431,20230918000210,01042650,큐리언트,115180,주요사항보고서(유무상증자결정),2023-09-18,KOSDAQ,4663.0,4467.0,4419.0,4286.0,-0.04203302594895986,-0.052326828222174604,-0.08084923868754024,,2023-09-18,2023-09-19,2023-09-20,2023-09-25,NAVER_FINANCE_DOMESTIC_INDEX_DAILY,KOSDAQ,891.29,883.89,882.72,839.17,-0.008302572675560116,-0.009615276733722977,-0.05847703889867495,-0.03373045327339974,-0.04271155148845163,-0.022372199788865288,complete
827433,20230918900300,01042650,큐리언트,115180,주권매매거래정지(무상증자),2023-09-18,KOSDAQ,4663.0,4467.0,4419.0,4286.0,-0.04203302594895986,-0.052326828222174604,-0.08084923868754024,,2023-09-18,2023-09-19,2023-09-20,2023-09-25,NAVER_FINANCE_DOMESTIC_INDEX_DAILY,KOSDAQ,891.29,883.89,882.72,839.17,-0.008302572675560116,-0.009615276733722977,-0.05847703889867495,-0.03373045327339974,-0.04271155148845163,-0.022372199788865288,complete
782824,20231215901939,01042650,큐리언트,115180,권리락(무상증자),2023-12-15,KOSDAQ,4730.0,4810.0,6250.0,4970.0,0.016913319238900604,0.32135306553911214,0.05073995771670181,,2023-12-15,2023-12-18,2023-12-19,2023-12-22,NAVER_FINANCE_DOMESTIC_INDEX_DAILY,KOSDAQ,838.31,850.96,858.3,854.62,0.015089883217425548,0.023845594111963297,0.019455809903257792,0.0018234360214750556,0.29750747142714884,0.03128414781344402,complete
826034,20230921000079,00601988,코난테크놀로지,402030,주요사항보고서(무상증자결정),2023-09-21,KOSDAQ,39097.0,35872.0,33966.0,38706.0,-0.08248714735145923,-0.13123769087142234,-0.01000076732230093,,2023-09-21,2023-09-22,2023-09-25,2023-10-04,NAVER_FINANCE_DOMESTIC_INDEX_DAILY,KOSDAQ,860.68,857.35,839.17,807.4,-0.0038690337872379077,-0.024991866895942683,-0.061904540595807966,-0.07861811356422133,-0.10624582397547966,0.05190377327350704,complete
826036,20230921900106,00601988,코난테크놀로지,402030,주권매매거래정지(무상증자),2023-09-21,KOSDAQ,39097.0,35872.0,33966.0,38706.0,-0.08248714735145923,-0.13123769087142234,-0.01000076732230093,,2023-09-21,2023-09-22,2023-09-25,2023-10-04,NAVER_FINANCE_DOMESTIC_INDEX_DAILY,KOSDAQ,860.68,857.35,839.17,807.4,-0.0038690337872379077,-0.024991866895942683,-0.061904540595807966,-0.07861811356422133,-0.10624582397547966,0.05190377327350704,complete
819780,20231010900627,00601988,코난테크놀로지,402030,권리락(무상증자),2023-10-10,KOSDAQ,34748.0,37338.0,36409.0,32500.0,0.07453666398066083,0.04780131230574414,-0.0646943708990445,,2023-10-10,2023-10-11,2023-10-12,2023-10-17,NAVER_FINANCE_DOMESTIC_INDEX_DAILY,KOSDAQ,795.0,817.12,835.49,820.38,0.027823899371069105,0.050930817610062906,0.031924528301886745,0.04671276460959173,-0.0031295053043187693,-0.09661889920093125,complete
825223,20230922000358,00808086,HLB펩,196300,주요사항보고서(유무상증자결정),2023-09-22,KOSDAQ,16990.0,12920.0,12560.0,14960.0,-0.2395526780459094,-0.2607416127133608,-0.11948204826368447,,2023-09-22,2023-09-25,2023-09-26,2023-10-05,NAVER_FINANCE_DOMESTIC_INDEX_DAILY,KOSDAQ,857.35,839.17,827.82,801.02,-0.021204875488423758,-0.03444334285880912,-0.06570245523998375,-0.21834780255748565,-0.2262982698545517,-0.05377959302370072,complete
825222,20230922900387,00808086,HLB펩,196300,주권매매거래정지(무상증자),2023-09-22,KOSDAQ,16990.0,12920.0,12560.0,14960.0,-0.2395526780459094,-0.2607416127133608,-0.11948204826368447,,2023-09-22,2023-09-25,2023-09-26,2023-10-05,NAVER_FINANCE_DOMESTIC_INDEX_DAILY,KOSDAQ,857.35,839.17,827.82,801.02,-0.021204875488423758,-0.03444334285880912,-0.06570245523998375,-0.21834780255748565,-0.2262982698545517,-0.05377959302370072,complete
760961,20240202900879,00808086,HLB펩,196300,기타주요경영사항(유무상증자결정 철회),2024-02-02,KOSDAQ,17600.0,16920.0,16250.0,16230.0,-0.03863636363636369,-0.07670454545454541,-0.07784090909090913,,2024-02-02,2024-02-05,2024-02-06,2024-02-13,NAVER_FINANCE_DOMESTIC_INDEX_DAILY,KOSDAQ,814.77,807.99,807.03,845.15,-0.008321366766081195,-0.009499613387827233,0.03728659621733743,-0.030314996870282496,-0.06720493206671818,-0.11512750530824656,complete
824646,20230925000338,00916826,드림씨아이에스,223250,주요사항보고서(무상증자결정),2023-09-25,KOSDAQ,7196.0,5194.0,5970.0,5770.0,-0.2782101167315175,-0.1703724291272929,-0.19816564758198996,,2023-09-25,2023-09-26,2023-09-27,2023-10-06,NAVER_FINANCE_DOMESTIC_INDEX_DAILY,KOSDAQ,839.17,827.82,841.02,816.39,-0.01352526901581319,0.002204559266894668,-0.027145870324248977,-0.26468484771570433,-0.17257698839418756,-0.17101977725774098,complete
824647,20230925900380,00916826,드림씨아이에스,223250,주권매매거래정지(무상증자),2023-09-25,KOSDAQ,7196.0,5194.0,5970.0,5770.0,-0.2782101167315175,-0.1703724291272929,-0.19816564758198996,,2023-09-25,2023-09-26,2023-09-27,2023-10-06,NAVER_FINANCE_DOMESTIC_INDEX_DAILY,KOSDAQ,839.17,827.82,841.02,816.39,-0.01352526901581319,0.002204559266894668,-0.027145870324248977,-0.26468484771570433,-0.17257698839418756,-0.17101977725774098,complete
820565,20231006900461,00916826,드림씨아이에스,223250,권리락(무상증자),2023-10-06,KOSDAQ,5770.0,7500.0,7840.0,6390.0,0.2998266897746966,0.3587521663778164,0.10745233968804158,,2023-10-06,2023-10-10,2023-10-11,2023-10-16,NAVER_FINANCE_DOMESTIC_INDEX_DAILY,KOSDAQ,816.39,795.0,817.12,810.54,-0.026200712894572376,0.0008941804774678097,-0.007165692867379558,0.326027402669269,0.35785798590034856,0.11461803255542113,complete
823624,20230926000614,01042085,엑셈,205100,주요사항보고서(무상증자결정),2023-09-26,KOSDAQ,2946.0,2886.0,2744.0,2570.0,-0.020366598778004064,-0.06856754921928043,-0.12763068567549218,,2023-09-26,2023-09-27,2023-10-04,2023-10-10,NAVER_FINANCE_DOMESTIC_INDEX_DAILY,KOSDAQ,827.82,841.02,807.4,795.0,0.01594549539755019,-0.024667198183179972,-0.039646299920272576,-0.036312094175554255,-0.04390035103610046,-0.08798438575521961,complete
823623,20230926900688,01042085,엑셈,205100,주권매매거래정지(무상증자),2023-09-26,KOSDAQ,2946.0,2886.0,2744.0,2570.0,-0.020366598778004064,-0.06856754921928043,-0.12763068567549218,,2023-09-26,2023-09-27,2023-10-04,2023-10-10,NAVER_FINANCE_DOMESTIC_INDEX_DAILY,KOSDAQ,827.82,841.02,807.4,795.0,0.01594549539755019,-0.024667198183179972,-0.039646299920272576,-0.036312094175554255,-0.04390035103610046,-0.08798438575521961,complete
820559,20231006900466,01042085,엑셈,205100,권리락(무상증자),2023-10-06,KOSDAQ,2785.0,2570.0,2630.0,2440.0,-0.07719928186714542,-0.055655296229802476,-0.12387791741472176,,2023-10-06,2023-10-10,2023-10-11,2023-10-16,NAVER_FINANCE_DOMESTIC_INDEX_DAILY,KOSDAQ,816.39,795.0,817.12,810.54,-0.026200712894572376,0.0008941804774678097,-0.007165692867379558,-0.050998568972573044,-0.056549476707270285,-0.1167122245473422,complete
821555,20231005000098,00203290,콜마홀딩스,024720,주요사항보고서(무상증자결정),2023-10-05,KOSPI,6864.0,6944.0,6829.0,7170.0,0.011655011655011593,-0.0050990675990676415,0.044580419580419584,,2023-10-05,2023-10-06,2023-10-10,2023-10-13,NAVER_FINANCE_DOMESTIC_INDEX_DAILY,KOSPI,2403.6,2408.73,2402.58,2456.15,0.0021342985521717317,-0.0004243634548177777,0.021863038775170596,0.009520713102839862,-0.004674704144249864,0.022717380805248988,complete
819391,20231011000134,00958327,지앤비에스 에코,382800,주요사항보고서(무상증자결정),2023-10-11,KOSDAQ,7350.0,7237.0,7200.0,7250.0,-0.015374149659863945,-0.020408163265306145,-0.013605442176870763,,2023-10-11,2023-10-12,2023-10-13,2023-10-18,NAVER_FINANCE_DOMESTIC_INDEX_DAILY,KOSDAQ,817.12,835.49,822.78,808.89,0.022481398081065196,0.0069267671822987875,-0.01007196005482669,-0.03785554774092914,-0.027334930447604933,-0.0035334821220440737,complete
819392,20231011900160,00958327,지앤비에스 에코,382800,주권매매거래정지(무상증자),2023-10-11,KOSDAQ,7350.0,7237.0,7200.0,7250.0,-0.015374149659863945,-0.020408163265306145,-0.013605442176870763,,2023-10-11,2023-10-12,2023-10-13,2023-10-18,NAVER_FINANCE_DOMESTIC_INDEX_DAILY,KOSDAQ,817.12,835.49,822.78,808.89,0.022481398081065196,0.0069267671822987875,-0.01007196005482669,-0.03785554774092914,-0.027334930447604933,-0.0035334821220440737,complete
813659,20231025900502,00958327,지앤비에스 에코,382800,권리락(무상증자),2023-10-25,KOSDAQ,6500.0,6480.0,6100.0,5810.0,-0.003076923076923088,-0.06153846153846154,-0.10615384615384615,,2023-10-25,2023-10-26,2023-10-27,2023-11-01,NAVER_FINANCE_DOMESTIC_INDEX_DAILY,KOSDAQ,770.84,743.85,748.49,739.23,-0.035013751232421786,-0.028994343832702052,-0.04100721291059106,0.0319368281554987,-0.03254411770575949,-0.06514663324325509,complete
817196,20231017000037,01375822,에이프릴바이오,397030,주요사항보고서(무상증자결정),2023-10-17,KOSDAQ,11705.0,10805.0,10505.0,10805.0,-0.07689021785561723,-0.10252029047415634,-0.07689021785561723,,2023-10-17,2023-10-18,2023-10-19,2023-10-24,NAVER_FINANCE_DOMESTIC_INDEX_DAILY,KOSDAQ,820.38,808.89,784.04,784.86,-0.014005704673443975,-0.04429654550330342,-0.04329700870328379,-0.06288451318217325,-0.05822374497085292,-0.033593209152333436,complete
817197,20231017900117,01375822,에이프릴바이오,397030,주권매매거래정지(무상증자),2023-10-17,KOSDAQ,11705.0,10805.0,10505.0,10805.0,-0.07689021785561723,-0.10252029047415634,-0.07689021785561723,,2023-10-17,2023-10-18,2023-10-19,2023-10-24,NAVER_FINANCE_DOMESTIC_INDEX_DAILY,KOSDAQ,820.38,808.89,784.04,784.86,-0.014005704673443975,-0.04429654550330342,-0.04329700870328379,-0.06288451318217325,-0.05822374497085292,-0.033593209152333436,complete
811481,20231030900530,01375822,에이프릴바이오,397030,권리락(무상증자),2023-10-30,KOSDAQ,10330.0,10580.0,10870.0,11600.0,0.02420135527589551,0.0522749273959342,0.1229428848015488,,2023-10-30,2023-10-31,2023-11-01,2023-11-06,NAVER_FINANCE_DOMESTIC_INDEX_DAILY,KOSDAQ,757.12,736.1,739.23,839.45,-0.02776310228233303,-0.023629015215553606,0.10874101859678786,0.05196445755822854,0.0759039426114878,0.014201866204760938,complete
815589,20231020000213,00351427,와이즈넛,096250,주요사항보고서(무상증자결정),2023-10-20,KOSDAQ,,,,,,,,no_price_data,,,,,NAVER_FINANCE_DOMESTIC_INDEX_DAILY,KOSDAQ,,,,,,,,,,,complete
814966,20231023000071,01073678,얼라인드,238120,주요사항보고서(무상증자결정),2023-10-23,KOSDAQ,4165.0,3895.0,3735.0,3585.0,-0.0648259303721489,-0.10324129651860747,-0.13925570228091233,,2023-10-23,2023-10-24,2023-10-25,2023-10-30,NAVER_FINANCE_DOMESTIC_INDEX_DAILY,KOSDAQ,763.69,784.86,770.84,757.12,0.027720672000419055,0.009362437638308796,-0.00860296717254394,-0.09254660237256795,-0.11260373415691627,-0.1306527351083684,complete
814965,20231023900134,01073678,얼라인드,238120,주권매매거래정지(무상증자),2023-10-23,KOSDAQ,4165.0,3895.0,3735.0,3585.0,-0.0648259303721489,-0.10324129651860747,-0.13925570228091233,,2023-10-23,2023-10-24,2023-10-25,2023-10-30,NAVER_FINANCE_DOMESTIC_INDEX_DAILY,KOSDAQ,763.69,784.86,770.84,757.12,0.027720672000419055,0.009362437638308796,-0.00860296717254394,-0.09254660237256795,-0.11260373415691627,-0.1306527351083684,complete
808574,20231106900567,01073678,얼라인드,238120,권리락(무상증자),2023-11-06,KOSDAQ,3930.0,3900.0,3800.0,3845.0,-0.007633587786259555,-0.0330788804071247,-0.021628498727735423,,2023-11-06,2023-11-07,2023-11-08,2023-11-13,NAVER_FINANCE_DOMESTIC_INDEX_DAILY,KOSDAQ,839.45,824.37,811.02,774.42,-0.017964143188992865,-0.033867413187205986,-0.07746738936208242,0.01033055540273331,0.0007885327800812858,0.055838890634346994,complete
813743,20231025000352,00565154,이노션,214320,주요사항보고서(무상증자결정),2023-10-25,KOSPI,22375.0,22025.0,21875.0,21925.0,-0.015642458100558643,-0.022346368715083775,-0.020111731843575398,,2023-10-25,2023-10-26,2023-10-27,2023-11-01,NAVER_FINANCE_DOMESTIC_INDEX_DAILY,KOSPI,2363.17,2299.08,2302.81,2301.56,-0.02712035105388111,-0.025541962702640975,-0.026070913222493552,0.011477892953322466,0.0031955939875571993,0.005959181378918155,complete
811833,20231030000053,00579971,칩스앤미디어,094360,주요사항보고서(무상증자결정),2023-10-30,KOSDAQ,17750.0,17000.0,18025.0,19450.0,-0.04225352112676062,0.015492957746478853,0.09577464788732404,,2023-10-30,2023-10-31,2023-11-01,2023-11-06,NAVER_FINANCE_DOMESTIC_INDEX_DAILY,KOSDAQ,757.12,736.1,739.23,839.45,-0.02776310228233303,-0.023629015215553606,0.10874101859678786,-0.014490418844427588,0.03912197296203246,-0.012966370709463826,complete
811831,20231030900109,00579971,칩스앤미디어,094360,주권매매거래정지(무상증자),2023-10-30,KOSDAQ,17750.0,17000.0,18025.0,19450.0,-0.04225352112676062,0.015492957746478853,0.09577464788732404,,2023-10-30,2023-10-31,2023-11-01,2023-11-06,NAVER_FINANCE_DOMESTIC_INDEX_DAILY,KOSDAQ,757.12,736.1,739.23,839.45,-0.02776310228233303,-0.023629015215553606,0.10874101859678786,-0.014490418844427588,0.03912197296203246,-0.012966370709463826,complete
805837,20231110900782,00579971,칩스앤미디어,094360,권리락(무상증자),2023-11-10,KOSDAQ,19750.0,19460.0,19140.0,20500.0,-0.01468354430379748,-0.030886075949367098,0.03797468354430378,,2023-11-10,2023-11-13,2023-11-14,2023-11-17,NAVER_FINANCE_DOMESTIC_INDEX_DAILY,KOSDAQ,789.31,774.42,794.19,799.06,-0.0188645779224893,0.006182615195550634,0.01235256109766758,0.004181033618691821,-0.03706869114491773,0.025622122446636197,complete
811522,20231030000314,01228515,앱튼,270520,주요사항보고서(무상증자결정),2023-10-30,KOSDAQ,28810.0,26340.0,24380.0,29350.0,-0.0857341200971885,-0.1537660534536619,0.018743491843109972,,2023-10-30,2023-10-31,2023-11-01,2023-11-06,NAVER_FINANCE_DOMESTIC_INDEX_DAILY,KOSDAQ,757.12,736.1,739.23,839.45,-0.02776310228233303,-0.023629015215553606,0.10874101859678786,-0.057971017814855474,-0.1301370382381083,-0.08999752675367789,complete
811523,20231030900500,01228515,앱튼,270520,주권매매거래정지(무상증자),2023-10-30,KOSDAQ,28810.0,26340.0,24380.0,29350.0,-0.0857341200971885,-0.1537660534536619,0.018743491843109972,,2023-10-30,2023-10-31,2023-11-01,2023-11-06,NAVER_FINANCE_DOMESTIC_INDEX_DAILY,KOSDAQ,757.12,736.1,739.23,839.45,-0.02776310228233303,-0.023629015215553606,0.10874101859678786,-0.057971017814855474,-0.1301370382381083,-0.08999752675367789,complete
805843,20231110900774,01228515,앱튼,270520,권리락(무상증자),2023-11-10,KOSDAQ,27350.0,27350.0,28200.0,28800.0,0.0,0.031078610603290757,0.05301645338208405,,2023-11-10,2023-11-13,2023-11-14,2023-11-17,NAVER_FINANCE_DOMESTIC_INDEX_DAILY,KOSDAQ,789.31,774.42,794.19,799.06,-0.0188645779224893,0.006182615195550634,0.01235256109766758,0.0188645779224893,0.024895995407740124,0.04066389228441647,complete
801357,20231115000040,00913689,세경하이테크,148150,주요사항보고서(무상증자결정),2023-11-15,KOSDAQ,5022.0,4895.0,4888.0,5643.0,-0.02528872958980488,-0.02668259657506966,0.12365591397849451,,2023-11-15,2023-11-16,2023-11-17,2023-11-22,NAVER_FINANCE_DOMESTIC_INDEX_DAILY,KOSDAQ,809.36,811.11,799.06,814.61,0.0021622022338638747,-0.01272610457645551,0.006486606701591402,-0.027450931823668756,-0.013956491998614151,0.11716930727690311,complete
801356,20231115900087,00913689,세경하이테크,148150,주권매매거래정지(무상증자),2023-11-15,KOSDAQ,5022.0,4895.0,4888.0,5643.0,-0.02528872958980488,-0.02668259657506966,0.12365591397849451,,2023-11-15,2023-11-16,2023-11-17,2023-11-22,NAVER_FINANCE_DOMESTIC_INDEX_DAILY,KOSDAQ,809.36,811.11,799.06,814.61,0.0021622022338638747,-0.01272610457645551,0.006486606701591402,-0.027450931823668756,-0.013956491998614151,0.11716930727690311,complete
795286,20231128900435,00913689,세경하이테크,148150,권리락(무상증자),2023-11-28,KOSDAQ,5880.0,5890.0,5560.0,5890.0,0.001700680272108901,-0.05442176870748294,0.001700680272108901,,2023-11-28,2023-11-29,2023-11-30,2023-12-05,NAVER_FINANCE_DOMESTIC_INDEX_DAILY,KOSDAQ,816.44,822.44,831.68,813.38,0.007348978491989566,0.01866640536965347,-0.0037479790309147276,-0.005648298219880665,-0.07308817407713641,0.0054486593030236286,complete
789795,20231206000059,00977650,엔케이젠바이오텍코리아,182400,주요사항보고서(무상증자결정),2023-12-06,KOSDAQ,11608.0,11972.0,12108.0,12017.0,0.03135768435561692,0.04307374224672644,0.0352343211578221,,2023-12-06,2023-12-07,2023-12-08,2023-12-13,NAVER_FINANCE_DOMESTIC_INDEX_DAILY,KOSDAQ,819.54,813.2,830.37,829.31,-0.007736047050784456,0.013214730214510695,0.01192132171706084,0.03909373140640138,0.029859012032215748,0.023312999440761262,complete
789796,20231206900089,00977650,엔케이젠바이오텍코리아,182400,주권매매거래정지(무상증자),2023-12-06,KOSDAQ,11608.0,11972.0,12108.0,12017.0,0.03135768435561692,0.04307374224672644,0.0352343211578221,,2023-12-06,2023-12-07,2023-12-08,2023-12-13,NAVER_FINANCE_DOMESTIC_INDEX_DAILY,KOSDAQ,819.54,813.2,830.37,829.31,-0.007736047050784456,0.013214730214510695,0.01192132171706084,0.03909373140640138,0.029859012032215748,0.023312999440761262,complete
781127,20231220900670,00977650,엔케이젠바이오텍코리아,182400,권리락(무상증자),2023-12-20,KOSDAQ,11045.0,10718.0,10918.0,11318.0,-0.0296061566319602,-0.011498415572657295,0.024717066545948407,,2023-12-20,2023-12-21,2023-12-22,2023-12-28,NAVER_FINANCE_DOMESTIC_INDEX_DAILY,KOSDAQ,862.98,859.44,854.62,866.57,-0.004102064937773764,-0.009687362395420562,0.004160003708081339,-0.025504091694186437,-0.0018110531772367322,0.02055706283786707,complete
789786,20231206000069,00297934,피씨디렉트,051380,주요사항보고서(무상증자결정),2023-12-06,KOSDAQ,3930.0,3855.0,3870.0,4080.0,-0.01908396946564883,-0.01526717557251911,0.03816793893129766,,2023-12-06,2023-12-07,2023-12-08,2023-12-13,NAVER_FINANCE_DOMESTIC_INDEX_DAILY,KOSDAQ,819.54,813.2,830.37,829.31,-0.007736047050784456,0.013214730214510695,0.01192132171706084,-0.011347922414864375,-0.028481905787029804,0.026246617214236823,complete
789785,20231206900099,00297934,피씨디렉트,051380,주권매매거래정지(무상증자),2023-12-06,KOSDAQ,3930.0,3855.0,3870.0,4080.0,-0.01908396946564883,-0.01526717557251911,0.03816793893129766,,2023-12-06,2023-12-07,2023-12-08,2023-12-13,NAVER_FINANCE_DOMESTIC_INDEX_DAILY,KOSDAQ,819.54,813.2,830.37,829.31,-0.007736047050784456,0.013214730214510695,0.01192132171706084,-0.011347922414864375,-0.028481905787029804,0.026246617214236823,complete
781854,20231219900516,00297934,피씨디렉트,051380,권리락(무상증자),2023-12-19,KOSDAQ,4010.0,4435.0,4180.0,4260.0,0.10598503740648368,0.04239401496259343,0.06234413965087282,,2023-12-19,2023-12-20,2023-12-21,2023-12-27,NAVER_FINANCE_DOMESTIC_INDEX_DAILY,KOSDAQ,858.3,862.98,859.44,859.79,0.0054526389374345285,0.001328206920657271,0.0017359897471747043,0.10053239846904916,0.04106580804193616,0.060608149903698116,complete
789048,20231207000170,00226547,오상자이엘,053980,주요사항보고서(무상증자결정),2023-12-07,KOSDAQ,5295.0,5380.0,5351.0,5314.0,0.016052880075543063,0.010576015108592962,0.0035882908404154534,,2023-12-07,2023-12-08,2023-12-11,2023-12-14,NAVER_FINANCE_DOMESTIC_INDEX_DAILY,KOSDAQ,813.2,830.37,835.25,840.59,0.02111411706837174,0.0271151008362025,0.03368175110673888,-0.005061236992828677,-0.016539085727609537,-0.030093460266323424,complete
778686,20231226900778,00226547,오상자이엘,053980,권리락(무상증자),2023-12-26,KOSDAQ,5380.0,5530.0,5550.0,5340.0,0.027881040892193232,0.03159851301115246,-0.0074349442379182396,,2023-12-26,2023-12-27,2023-12-28,2024-01-04,NAVER_FINANCE_DOMESTIC_INDEX_DAILY,KOSDAQ,848.34,859.79,866.57,866.25,0.013496946978805546,0.021489025626517666,0.021111818374708324,0.014384093913387686,0.010109487384634797,-0.028546762612626564,complete
788851,20231207000351,00605522,소룩스,290690,주요사항보고서(무상증자결정),2023-12-07,KOSDAQ,9998.0,12364.0,9813.0,8498.0,0.23664732946589329,-0.018503700740148066,-0.1500300060012002,,2023-12-07,2023-12-08,2023-12-11,2023-12-14,NAVER_FINANCE_DOMESTIC_INDEX_DAILY,KOSDAQ,813.2,830.37,835.25,840.59,0.02111411706837174,0.0271151008362025,0.03368175110673888,0.21553321239752155,-0.045618801576350565,-0.18371175710793908,complete
788852,20231207900395,00605522,소룩스,290690,주권매매거래정지(무상증자),2023-12-07,KOSDAQ,9998.0,12364.0,9813.0,8498.0,0.23664732946589329,-0.018503700740148066,-0.1500300060012002,,2023-12-07,2023-12-08,2023-12-11,2023-12-14,NAVER_FINANCE_DOMESTIC_INDEX_DAILY,KOSDAQ,813.2,830.37,835.25,840.59,0.02111411706837174,0.0271151008362025,0.03368175110673888,0.21553321239752155,-0.045618801576350565,-0.18371175710793908,complete
779566,20231222900732,00605522,소룩스,290690,권리락(무상증자),2023-12-22,KOSDAQ,9168.0,11904.0,15455.0,26059.0,0.2984293193717278,0.6857547993019197,1.842386561954625,,2023-12-22,2023-12-26,2023-12-27,2024-01-03,NAVER_FINANCE_DOMESTIC_INDEX_DAILY,KOSDAQ,854.62,848.34,859.79,871.57,-0.00734829514872104,0.0060494722800776835,0.01983337623739212,0.3057776145204488,0.679705327021842,1.8225531857172328,complete
788499,20231208000121,00957373,펨트론,168360,주요사항보고서(무상증자결정),2023-12-08,KOSDAQ,7575.0,7930.0,8225.0,8070.0,0.04686468646864683,0.08580858085808574,0.0653465346534654,,2023-12-08,2023-12-11,2023-12-12,2023-12-15,NAVER_FINANCE_DOMESTIC_INDEX_DAILY,KOSDAQ,830.37,835.25,839.53,838.31,0.005876898250177565,0.01103122704336612,0.00956200248082184,0.04098778821846927,0.07477735381471962,0.055784532172643564,complete
788500,20231208900107,00957373,펨트론,168360,주권매매거래정지(무상증자),2023-12-08,KOSDAQ,7575.0,7930.0,8225.0,8070.0,0.04686468646864683,0.08580858085808574,0.0653465346534654,,2023-12-08,2023-12-11,2023-12-12,2023-12-15,NAVER_FINANCE_DOMESTIC_INDEX_DAILY,KOSDAQ,830.37,835.25,839.53,838.31,0.005876898250177565,0.01103122704336612,0.00956200248082184,0.04098778821846927,0.07477735381471962,0.055784532172643564,complete
777952,20231227900682,00957373,펨트론,168360,권리락(무상증자),2023-12-27,KOSDAQ,9650.0,8960.0,9000.0,8590.0,-0.07150259067357512,-0.06735751295336789,-0.10984455958549222,,2023-12-27,2023-12-28,2024-01-02,2024-01-05,NAVER_FINANCE_DOMESTIC_INDEX_DAILY,KOSDAQ,859.79,866.57,878.93,878.33,0.007885646495074505,0.022261249840077157,0.021563405017504422,-0.07938823716864962,-0.08961876279344505,-0.13140796460299664,complete
787743,20231211000093,00409964,하이텍팜,106190,주요사항보고서(무상증자결정),2023-12-11,KOSDAQ,9880.0,9613.0,9539.0,9346.0,-0.027024291497975694,-0.03451417004048585,-0.05404858299595139,,2023-12-11,2023-12-12,2023-12-13,2023-12-18,NAVER_FINANCE_DOMESTIC_INDEX_DAILY,KOSDAQ,835.25,839.53,829.31,850.96,0.005124214307093755,-0.007111643220592656,0.018808739898234172,-0.03214850580506945,-0.02740252681989319,-0.07285732289418556,complete
787744,20231211900260,00409964,하이텍팜,106190,주권매매거래정지(무상증자),2023-12-11,KOSDAQ,9880.0,9613.0,9539.0,9346.0,-0.027024291497975694,-0.03451417004048585,-0.05404858299595139,,2023-12-11,2023-12-12,2023-12-13,2023-12-18,NAVER_FINANCE_DOMESTIC_INDEX_DAILY,KOSDAQ,835.25,839.53,829.31,850.96,0.005124214307093755,-0.007111643220592656,0.018808739898234172,-0.03214850580506945,-0.02740252681989319,-0.07285732289418556,complete
778606,20231226900911,00409964,하이텍팜,106190,권배락(무상증자 및 배당),2023-12-26,KOSDAQ,9660.0,9170.0,9330.0,9540.0,-0.050724637681159424,-0.03416149068322982,-0.012422360248447228,,2023-12-26,2023-12-27,2023-12-28,2024-01-04,NAVER_FINANCE_DOMESTIC_INDEX_DAILY,KOSDAQ,848.34,859.79,866.57,866.25,0.013496946978805546,0.021489025626517666,0.021111818374708324,-0.06422158465996497,-0.05565051630974749,-0.03353417862315555,complete
782658,20231218000033,01301252,티이엠씨,425040,주요사항보고서(무상증자결정),2023-12-18,KOSDAQ,22675.0,24050.0,23900.0,25450.0,0.06063947078280041,0.05402425578831305,0.12238147739801541,,2023-12-18,2023-12-19,2023-12-20,2023-12-26,NAVER_FINANCE_DOMESTIC_INDEX_DAILY,KOSDAQ,850.96,858.3,862.98,848.34,0.008625552317382601,0.014125223277239751,-0.0030788756228259384,0.05201391846541781,0.039899032511073296,0.12546035302084135,complete
782660,20231218900087,01301252,티이엠씨,425040,주권매매거래정지(무상증자),2023-12-18,KOSDAQ,22675.0,24050.0,23900.0,25450.0,0.06063947078280041,0.05402425578831305,0.12238147739801541,,2023-12-18,2023-12-19,2023-12-20,2023-12-26,NAVER_FINANCE_DOMESTIC_INDEX_DAILY,KOSDAQ,850.96,858.3,862.98,848.34,0.008625552317382601,0.014125223277239751,-0.0030788756228259384,0.05201391846541781,0.039899032511073296,0.12546035302084135,complete
776995,20231228900852,01301252,티이엠씨,425040,권리락(무상증자),2023-12-28,KOSDAQ,51600.0,25100.0,23900.0,22800.0,-0.5135658914728682,-0.5368217054263567,-0.5581395348837209,,2023-12-28,2024-01-02,2024-01-03,2024-01-08,NAVER_FINANCE_DOMESTIC_INDEX_DAILY,KOSDAQ,866.57,878.93,871.57,879.34,0.014263129349042725,0.005769874332137048,0.014736259044277888,-0.527829020821911,-0.5425915797584937,-0.5728757939279988,complete
780546,20231221000370,01412822,솔루스첨단소재,336370,주요사항보고서(무상증자결정),2023-12-21,KOSPI,11500.0,13150.0,12600.0,13350.0,0.14347826086956528,0.09565217391304337,0.16086956521739126,,2023-12-21,2023-12-22,2023-12-26,2024-01-02,NAVER_FINANCE_DOMESTIC_INDEX_DAILY,KOSPI,2600.02,2599.51,2602.59,2669.81,-0.00019615233728964565,0.000988453934969824,0.026842101214606062,0.14367441320685492,0.09466371997807355,0.1340274640027852,complete
777919,20231227000533,01207761,프로브잇,227100,주요사항보고서(무상증자결정),2023-12-27,KOSDAQ,3920.0,3495.0,3435.0,3730.0,-0.10841836734693877,-0.12372448979591832,-0.04846938775510201,,2023-12-27,2023-12-28,2024-01-02,2024-01-05,NAVER_FINANCE_DOMESTIC_INDEX_DAILY,KOSDAQ,859.79,866.57,878.93,878.33,0.007885646495074505,0.022261249840077157,0.021563405017504422,-0.11630401384201328,-0.14598573963599548,-0.07003279277260643,complete
777918,20231227900704,01207761,프로브잇,227100,주권매매거래정지(무상증자),2023-12-27,KOSDAQ,3920.0,3495.0,3435.0,3730.0,-0.10841836734693877,-0.12372448979591832,-0.04846938775510201,,2023-12-27,2023-12-28,2024-01-02,2024-01-05,NAVER_FINANCE_DOMESTIC_INDEX_DAILY,KOSDAQ,859.79,866.57,878.93,878.33,0.007885646495074505,0.022261249840077157,0.021563405017504422,-0.11630401384201328,-0.14598573963599548,-0.07003279277260643,complete
775859,20240102000018,00442570,제우스,079370,주요사항보고서(무상증자결정),2024-01-02,KOSDAQ,16833.0,17766.0,17166.0,17700.0,0.055426840135448296,0.019782569951880324,0.05150597041525584,,2024-01-02,2024-01-03,2024-01-04,2024-01-09,NAVER_FINANCE_DOMESTIC_INDEX_DAILY,KOSDAQ,878.93,871.57,866.25,884.64,-0.008373818165269054,-0.014426632382556037,0.006496535560283512,0.06380065830071735,0.03420920233443636,0.04500943485497233,complete
775858,20240102900126,00442570,제우스,079370,주권매매거래정지(무상증자),2024-01-02,KOSDAQ,16833.0,17766.0,17166.0,17700.0,0.055426840135448296,0.019782569951880324,0.05150597041525584,,2024-01-02,2024-01-03,2024-01-04,2024-01-09,NAVER_FINANCE_DOMESTIC_INDEX_DAILY,KOSDAQ,878.93,871.57,866.25,884.64,-0.008373818165269054,-0.014426632382556037,0.006496535560283512,0.06380065830071735,0.03420920233443636,0.04500943485497233,complete
770290,20240115900710,00442570,제우스,079370,권리락(무상증자),2024-01-15,KOSDAQ,17600.0,17770.0,17650.0,21550.0,0.009659090909091006,0.0028409090909091717,0.22443181818181812,,2024-01-15,2024-01-16,2024-01-17,2024-01-22,NAVER_FINANCE_DOMESTIC_INDEX_DAILY,KOSDAQ,859.71,854.83,833.05,839.69,-0.005676332716846422,-0.03101045701457472,-0.02328692233427554,0.015335423625937428,0.03385136610548389,0.24771874051609366,complete
775399,20240103000002,01010110,더블유게임즈,192080,주요사항보고서(무상증자결정),2024-01-03,KOSPI,43019.0,41537.0,41410.0,41410.0,-0.03444989423278089,-0.03740207815151442,-0.03740207815151442,,2024-01-03,2024-01-04,2024-01-05,2024-01-10,NAVER_FINANCE_DOMESTIC_INDEX_DAILY,KOSPI,2607.31,2587.02,2578.08,2541.98,-0.007781966854727651,-0.01121078813029519,-0.02505647583141246,-0.026667927378053236,-0.026191290021219227,-0.012345602320101956,complete
774828,20240104000068,01351080,지아이이노베이션,358570,주요사항보고서(무상증자결정),2024-01-04,KOSDAQ,9640.0,10037.0,9598.0,10994.0,0.04118257261410796,-0.00435684647302903,0.14045643153526965,,2024-01-04,2024-01-05,2024-01-08,2024-01-11,NAVER_FINANCE_DOMESTIC_INDEX_DAILY,KOSDAQ,866.25,878.33,879.34,882.53,0.013945165945165927,0.015111111111111075,0.018793650793650807,0.027237406668942032,-0.019467957584140105,0.12166278074161885,complete
774829,20240104900119,01351080,지아이이노베이션,358570,주권매매거래정지(무상증자),2024-01-04,KOSDAQ,9640.0,10037.0,9598.0,10994.0,0.04118257261410796,-0.00435684647302903,0.14045643153526965,,2024-01-04,2024-01-05,2024-01-08,2024-01-11,NAVER_FINANCE_DOMESTIC_INDEX_DAILY,KOSDAQ,866.25,878.33,879.34,882.53,0.013945165945165927,0.015111111111111075,0.018793650793650807,0.027237406668942032,-0.019467957584140105,0.12166278074161885,complete
768977,20240118900392,01351080,지아이이노베이션,358570,권리락(무상증자),2024-01-18,KOSDAQ,10016.0,9657.0,9150.0,9491.0,-0.03584265175718848,-0.08646166134185307,-0.05241613418530355,,2024-01-18,2024-01-19,2024-01-22,2024-01-25,NAVER_FINANCE_DOMESTIC_INDEX_DAILY,KOSDAQ,840.33,842.67,839.69,823.74,0.0027846203277281933,-0.0007616055597206017,-0.019742244118382102,-0.038627272084916675,-0.08570005578213247,-0.03267389006692145,complete
532751,20241220000553,01351080,지아이이노베이션,358570,주요사항보고서(유무상증자결정),2024-12-20,KOSDAQ,7676.0,7026.0,6894.0,7351.0,-0.08467952058363726,-0.1018759770713914,-0.04233976029181863,,2024-12-20,2024-12-23,2024-12-24,2024-12-30,NAVER_FINANCE_DOMESTIC_INDEX_DAILY,KOSDAQ,668.31,679.24,680.11,678.19,0.016354685699750293,0.017656476784725816,0.014783558528228102,-0.10103420628338755,-0.11953245385611722,-0.05712331882004673,complete
449181,20250401901130,01351080,지아이이노베이션,358570,권리락              (무상증자),2025-04-01,KOSDAQ,12910.0,12900.0,13060.0,11740.0,-0.0007745933384972759,0.01161890007745936,-0.09062742060418283,,2025-04-01,2025-04-02,2025-04-03,2025-04-08,NAVER_FINANCE_DOMESTIC_INDEX_DAILY,KOSDAQ,691.45,684.85,683.49,658.45,-0.009545158724419744,-0.011512039916118377,-0.0477257936220985,0.008770565385922469,0.023130939993577737,-0.04290162698208433,complete
763726,20240130000281,01514698,엑스플러스,373200,주요사항보고서(무상증자결정),2024-01-30,KOSDAQ,9580.0,8770.0,6145.0,7545.0,-0.08455114822546972,-0.3585594989561587,-0.2124217118997912,,2024-01-30,2024-01-31,2024-02-01,2024-02-06,NAVER_FINANCE_DOMESTIC_INDEX_DAILY,KOSDAQ,818.86,799.24,798.73,807.03,-0.02396013970642108,-0.024582956793591126,-0.014446914002393618,-0.06059100851904864,-0.33397654216256756,-0.19797479789739758,complete
763727,20240130900451,01514698,엑스플러스,373200,주권매매거래정지(무상증자),2024-01-30,KOSDAQ,9580.0,8770.0,6145.0,7545.0,-0.08455114822546972,-0.3585594989561587,-0.2124217118997912,,2024-01-30,2024-01-31,2024-02-01,2024-02-06,NAVER_FINANCE_DOMESTIC_INDEX_DAILY,KOSDAQ,818.86,799.24,798.73,807.03,-0.02396013970642108,-0.024582956793591126,-0.014446914002393618,-0.06059100851904864,-0.33397654216256756,-0.19797479789739758,complete
750095,20240220900683,01514698,엑스플러스,373200,권리락              (무상증자),2024-02-20,KOSDAQ,5285.0,6870.0,8930.0,8515.0,0.2999053926206243,0.6896877956480605,0.6111636707663197,,2024-02-20,2024-02-21,2024-02-22,2024-02-27,NAVER_FINANCE_DOMESTIC_INDEX_DAILY,KOSDAQ,866.17,864.07,870.11,853.75,-0.0024244663287805723,0.0045487606359029265,-0.01433898657307453,0.3023298589494049,0.6851390350121576,0.6255026573393943,complete
754717,20240214000674,01117413,바이오다인,314930,주요사항보고서(무상증자결정),2024-02-14,KOSDAQ,10578.0,10932.0,10557.0,11035.0,0.03346568349404433,-0.001985252410663607,0.043202873889204074,,2024-02-14,2024-02-15,2024-02-16,2024-02-21,NAVER_FINANCE_DOMESTIC_INDEX_DAILY,KOSDAQ,853.3,859.21,857.6,864.07,0.0069260517988984915,0.005039259346068192,0.012621586780733773,0.026539631695145838,-0.007024511756731799,0.0305812871084703,complete
754718,20240214900276,01117413,바이오다인,314930,주권매매거래정지              (무상증자),2024-02-14,KOSDAQ,10578.0,10932.0,10557.0,11035.0,0.03346568349404433,-0.001985252410663607,0.043202873889204074,,2024-02-14,2024-02-15,2024-02-16,2024-02-21,NAVER_FINANCE_DOMESTIC_INDEX_DAILY,KOSDAQ,853.3,859.21,857.6,864.07,0.0069260517988984915,0.005039259346068192,0.012621586780733773,0.026539631695145838,-0.007024511756731799,0.0305812871084703,complete
744785,20240227900922,01117413,바이오다인,314930,권리락              (무상증자),2024-02-27,KOSDAQ,12470.0,13980.0,11890.0,13010.0,0.1210906174819566,-0.046511627906976716,0.04330392943063344,,2024-02-27,2024-02-28,2024-02-29,2024-03-06,NAVER_FINANCE_DOMESTIC_INDEX_DAILY,KOSDAQ,853.75,863.39,862.96,870.67,0.011291361639824249,0.010787701317716003,0.019818448023426027,0.10979925584213235,-0.05729932922469272,0.02348548140720741,complete
753294,20240214002225,00155531,풍산홀딩스,005810,주요사항보고서(무상증자결정),2024-02-14,KOSPI,26006.0,26006.0,26919.0,28711.0,0.0,0.03510728293470744,0.10401445820195332,,2024-02-14,2024-02-15,2024-02-16,2024-02-21,NAVER_FINANCE_DOMESTIC_INDEX_DAILY,KOSPI,2620.42,2613.8,2648.76,2653.31,-0.0025263125758465677,0.010815060181192493,0.012551423054319555,0.0025263125758465677,0.024292222753514947,0.09146303514763376,complete
749766,20240221000261,01068737,에이치피오,357230,주요사항보고서(무상증자결정),2024-02-21,KOSDAQ,4678.0,4745.0,4892.0,4734.0,0.014322359982898769,0.04574604531851212,0.01197092774690045,,2024-02-21,2024-02-22,2024-02-23,2024-02-28,NAVER_FINANCE_DOMESTIC_INDEX_DAILY,KOSDAQ,864.07,870.11,868.57,863.39,0.006990174407166094,0.005207911396067466,-0.0007869732776280003,0.007332185575732675,0.04053813392244465,0.01275790102452845,complete
749767,20240221900101,01068737,에이치피오,357230,주권매매거래정지              (무상증자),2024-02-21,KOSDAQ,4678.0,4745.0,4892.0,4734.0,0.014322359982898769,0.04574604531851212,0.01197092774690045,,2024-02-21,2024-02-22,2024-02-23,2024-02-28,NAVER_FINANCE_DOMESTIC_INDEX_DAILY,KOSDAQ,864.07,870.11,868.57,863.39,0.006990174407166094,0.005207911396067466,-0.0007869732776280003,0.007332185575732675,0.04053813392244465,0.01275790102452845,complete
737885,20240305900870,01068737,에이치피오,357230,권리락              (무상증자),2024-03-05,KOSDAQ,4745.0,4520.0,4530.0,4740.0,-0.04741833508956794,-0.045310853530031614,-0.0010537407797681642,,2024-03-05,2024-03-06,2024-03-07,2024-03-12,NAVER_FINANCE_DOMESTIC_INDEX_DAILY,KOSDAQ,866.37,870.67,863.37,889.71,0.004963237415884558,-0.0034627237785241904,0.02693999099691813,-0.0523815725054525,-0.041848129751507424,-0.027993731776686293,complete
745363,20240227900328,01203376,유비쿼스,264450,수시공시의무관련사항(공정공시)              (주주환원정책 및 무상증자 안내),2024-02-27,KOSDAQ,11453.0,11660.0,11553.0,11446.0,0.018073867109054342,0.008731336767659137,-0.0006111935737361796,,2024-02-27,2024-02-28,2024-02-29,2024-03-06,NAVER_FINANCE_DOMESTIC_INDEX_DAILY,KOSDAQ,853.75,863.39,862.96,870.67,0.011291361639824249,0.010787701317716003,0.019818448023426027,0.0067825054692300935,-0.002056364550056866,-0.020429641597162207,complete
567475,20241023000199,01203376,유비쿼스,264450,주요사항보고서(무상증자결정),2024-10-23,KOSDAQ,9140.0,9446.0,9326.0,9126.0,0.033479212253829216,0.020350109409190464,-0.0015317286652078987,,2024-10-23,2024-10-24,2024-10-25,2024-10-30,NAVER_FINANCE_DOMESTIC_INDEX_DAILY,KOSDAQ,745.19,734.59,727.41,738.19,-0.014224560179283197,-0.023859686791288248,-0.009393577476885073,0.04770377243311241,0.04420979620047871,0.007861848811677175,complete
567476,20241023900236,01203376,유비쿼스,264450,주권매매거래정지              (무상증자),2024-10-23,KOSDAQ,9140.0,9446.0,9326.0,9126.0,0.033479212253829216,0.020350109409190464,-0.0015317286652078987,,2024-10-23,2024-10-24,2024-10-25,2024-10-30,NAVER_FINANCE_DOMESTIC_INDEX_DAILY,KOSDAQ,745.19,734.59,727.41,738.19,-0.014224560179283197,-0.023859686791288248,-0.009393577476885073,0.04770377243311241,0.04420979620047871,0.007861848811677175,complete
558506,20241112900598,01203376,유비쿼스,264450,권리락              (무상증자),2024-11-12,KOSDAQ,9040.0,8550.0,8400.0,8450.0,-0.05420353982300885,-0.07079646017699115,-0.06526548672566368,,2024-11-12,2024-11-13,2024-11-14,2024-11-19,NAVER_FINANCE_DOMESTIC_INDEX_DAILY,KOSDAQ,710.52,689.65,681.56,686.12,-0.02937285368462539,-0.040758880819681376,-0.034341045994482844,-0.024830686138383462,-0.030037579357309774,-0.030924440731180836,complete
742159,20240228008569,01217865,프롬바이오,377220,주요사항보고서(무상증자결정),2024-02-28,KOSDAQ,2895.0,2890.0,2860.0,2835.0,-0.0017271157167529916,-0.012089810017271163,-0.020725388601036232,,2024-02-28,2024-02-29,2024-03-04,2024-03-07,NAVER_FINANCE_DOMESTIC_INDEX_DAILY,KOSDAQ,863.39,862.96,872.97,863.37,-0.000498036808394775,0.01109579680098216,-2.3164502715999902e-05,-0.0012290789083582165,-0.023185606818253324,-0.020702224098320232,complete
742160,20240228901423,01217865,프롬바이오,377220,주권매매거래정지              (무상증자),2024-02-28,KOSDAQ,2895.0,2890.0,2860.0,2835.0,-0.0017271157167529916,-0.012089810017271163,-0.020725388601036232,,2024-02-28,2024-02-29,2024-03-04,2024-03-07,NAVER_FINANCE_DOMESTIC_INDEX_DAILY,KOSDAQ,863.39,862.96,872.97,863.37,-0.000498036808394775,0.01109579680098216,-2.3164502715999902e-05,-0.0012290789083582165,-0.023185606818253324,-0.020702224098320232,complete
731624,20240312901143,01217865,프롬바이오,377220,권리락              (무상증자),2024-03-12,KOSDAQ,2755.0,2835.0,2775.0,2755.0,0.029038112522685955,0.007259528130671544,0.0,,2024-03-12,2024-03-13,2024-03-14,2024-03-19,NAVER_FINANCE_DOMESTIC_INDEX_DAILY,KOSDAQ,889.71,889.93,887.52,891.91,0.0002472715828751859,-0.0024614762113498445,0.0024727158287531914,0.02879084093981077,0.009721004342021389,-0.0024727158287531914,complete
723463,20240319000035,00592653,유비벨록스,089850,주요사항보고서(무상증자결정),2024-03-19,KOSDAQ,9215.0,9301.0,9316.0,9741.0,0.009332609875203568,0.010960390667390074,0.05708084644601197,,2024-03-19,2024-03-20,2024-03-21,2024-03-26,NAVER_FINANCE_DOMESTIC_INDEX_DAILY,KOSDAQ,891.91,891.45,904.29,916.09,-0.0005157471045283968,0.01388032424796215,0.027110358668475554,0.009848356979731965,-0.002919933580572076,0.029970487777536414,complete
723464,20240319900087,00592653,유비벨록스,089850,주권매매거래정지              (무상증자),2024-03-19,KOSDAQ,9215.0,9301.0,9316.0,9741.0,0.009332609875203568,0.010960390667390074,0.05708084644601197,,2024-03-19,2024-03-20,2024-03-21,2024-03-26,NAVER_FINANCE_DOMESTIC_INDEX_DAILY,KOSDAQ,891.91,891.45,904.29,916.09,-0.0005157471045283968,0.01388032424796215,0.027110358668475554,0.009848356979731965,-0.002919933580572076,0.029970487777536414,complete
700048,20240401901396,00592653,유비벨록스,089850,권리락              (무상증자),2024-04-01,KOSDAQ,9980.0,9220.0,9460.0,9150.0,-0.0761523046092184,-0.05210420841683372,-0.08316633266533069,,2024-04-01,2024-04-02,2024-04-03,2024-04-08,NAVER_FINANCE_DOMESTIC_INDEX_DAILY,KOSDAQ,912.45,891.59,879.96,860.57,-0.02286152665899499,-0.035607430544139396,-0.056857910022466984,-0.05329077795022341,-0.016496777872694324,-0.026308422642863705,complete
719859,20240321000270,01139965,스튜디오미르,408900,주요사항보고서(무상증자결정),2024-03-21,KOSDAQ,5622.0,5414.0,5364.0,5739.0,-0.03699750978299543,-0.04589114194236932,0.020811099252934895,,2024-03-21,2024-03-22,2024-03-25,2024-03-28,NAVER_FINANCE_DOMESTIC_INDEX_DAILY,KOSDAQ,904.29,903.98,913.69,910.05,-0.00034281038162531363,0.010394895442833674,0.006369638058587368,-0.03665469940137012,-0.05628603738520299,0.014441461194347527,complete
719860,20240321900224,01139965,스튜디오미르,408900,주권매매거래정지              (무상증자),2024-03-21,KOSDAQ,5622.0,5414.0,5364.0,5739.0,-0.03699750978299543,-0.04589114194236932,0.020811099252934895,,2024-03-21,2024-03-22,2024-03-25,2024-03-28,NAVER_FINANCE_DOMESTIC_INDEX_DAILY,KOSDAQ,904.29,903.98,913.69,910.05,-0.00034281038162531363,0.010394895442833674,0.006369638058587368,-0.03665469940137012,-0.05628603738520299,0.014441461194347527,complete
689400,20240404900537,01139965,스튜디오미르,408900,권리락              (무상증자),2024-04-04,KOSDAQ,5990.0,7780.0,10110.0,9170.0,0.2988313856427378,0.687813021702838,0.5308848080133557,,2024-04-04,2024-04-05,2024-04-08,2024-04-12,NAVER_FINANCE_DOMESTIC_INDEX_DAILY,KOSDAQ,882.9,872.29,860.57,860.47,-0.012017215992751185,-0.02529165250877785,-0.025404915618982837,0.310848601635489,0.7131046742116158,0.5562897236323385,complete
708709,20240329000044,00648721,SNT에너지,100840,주요사항보고서(무상증자결정),2024-03-29,KOSPI,11088.0,10598.0,10761.0,11596.0,-0.04419191919191923,-0.029491341991341957,0.04581529581529575,,2024-03-29,2024-04-01,2024-04-02,2024-04-05,NAVER_FINANCE_DOMESTIC_INDEX_DAILY,KOSPI,2746.63,2747.86,2753.16,2714.21,0.0004478215121803686,0.002377458922388387,-0.011803555629990248,-0.044639740704099595,-0.031868800913730344,0.057618851445286,complete
708708,20240329800292,00225159,SNT홀딩스,036530,주요사항보고서(무상증자결정)(자회사의 주요경영사항),2024-03-29,KOSPI,23450.0,23350.0,22750.0,23850.0,-0.004264392324093813,-0.02985074626865669,0.017057569296375252,,2024-03-29,2024-04-01,2024-04-02,2024-04-05,NAVER_FINANCE_DOMESTIC_INDEX_DAILY,KOSPI,2746.63,2747.86,2753.16,2714.21,0.0004478215121803686,0.002377458922388387,-0.011803555629990248,-0.004712213836274182,-0.03222820519104508,0.0288611249263655,complete
523100,20250114800048,00225159,SNT홀딩스,036530,주요사항보고서(무상증자결정)(자회사의 주요경영사항),2025-01-14,KOSPI,22000.0,22200.0,23100.0,23500.0,0.009090909090909038,0.050000000000000044,0.06818181818181812,,2025-01-14,2025-01-15,2025-01-16,2025-01-21,NAVER_FINANCE_DOMESTIC_INDEX_DAILY,KOSPI,2497.4,2496.81,2527.49,2518.03,-0.00023624569552338492,0.01204853047169041,0.008260591014655372,0.009327154786432423,0.037951469528309634,0.05992122716716275,complete
704083,20240401000071,01368637,유일에너테크,340930,주요사항보고서(무상증자결정),2024-04-01,KOSDAQ,3686.0,3465.0,3285.0,3049.0,-0.05995659251220831,-0.10879001627780793,-0.17281606077048295,,2024-04-01,2024-04-02,2024-04-03,2024-04-08,NAVER_FINANCE_DOMESTIC_INDEX_DAILY,KOSDAQ,912.45,891.59,879.96,860.57,-0.02286152665899499,-0.035607430544139396,-0.056857910022466984,-0.037095065853213316,-0.07318258573366854,-0.11595815074801596,complete
704085,20240401900070,01368637,유일에너테크,340930,주권매매거래정지              (무상증자),2024-04-01,KOSDAQ,3686.0,3465.0,3285.0,3049.0,-0.05995659251220831,-0.10879001627780793,-0.17281606077048295,,2024-04-01,2024-04-02,2024-04-03,2024-04-08,NAVER_FINANCE_DOMESTIC_INDEX_DAILY,KOSDAQ,912.45,891.59,879.96,860.57,-0.02286152665899499,-0.035607430544139396,-0.056857910022466984,-0.037095065853213316,-0.07318258573366854,-0.11595815074801596,complete
666292,20240415900633,01368637,유일에너테크,340930,권리락              (무상증자),2024-04-15,KOSDAQ,3540.0,3526.0,3452.0,3221.0,-0.00395480225988698,-0.024858757062146908,-0.09011299435028253,,2024-04-15,2024-04-16,2024-04-17,2024-04-22,NAVER_FINANCE_DOMESTIC_INDEX_DAILY,KOSDAQ,852.42,832.81,833.03,845.82,-0.02300509138687501,-0.02274700265127516,-0.007742662067994566,0.01905028912698803,-0.0021117544108717468,-0.08237033228228796,complete
283391,20251224000396,01368637,유일에너테크,340930,주요사항보고서(무상증자결정),2025-12-24,KOSDAQ,1310.0,1323.0,1356.0,1754.0,0.00992366412213741,0.03511450381679393,0.3389312977099237,,2025-12-24,2025-12-26,2025-12-29,2026-01-05,NAVER_FINANCE_DOMESTIC_INDEX_DAILY,KOSDAQ,915.2,919.67,932.59,957.5,0.004884178321678201,0.01900131118881121,0.04621940559440563,0.005039485800459209,0.01611319262798272,0.29271189211551807,complete
283392,20251224900352,01368637,유일에너테크,340930,주권매매거래정지              (무상증자),2025-12-24,KOSDAQ,1310.0,1323.0,1356.0,1754.0,0.00992366412213741,0.03511450381679393,0.3389312977099237,,2025-12-24,2025-12-26,2025-12-29,2026-01-05,NAVER_FINANCE_DOMESTIC_INDEX_DAILY,KOSDAQ,915.2,919.67,932.59,957.5,0.004884178321678201,0.01900131118881121,0.04621940559440563,0.005039485800459209,0.01611319262798272,0.29271189211551807,complete
277705,20260106900581,01368637,유일에너테크,340930,권리락              (무상증자),2026-01-06,KOSDAQ,1616.0,1900.0,1330.0,1123.0,0.17574257425742568,-0.17698019801980203,-0.30507425742574257,,2026-01-06,2026-01-07,2026-01-08,2026-01-13,NAVER_FINANCE_DOMESTIC_INDEX_DAILY,KOSDAQ,955.97,947.39,944.06,948.98,-0.008975177045304816,-0.012458549954496578,-0.0073119449355105726,0.1847177513027305,-0.16452164806530545,-0.297762312490232,complete
703306,20240401000800,00352499,링네트,042500,주요사항보고서(무상증자결정),2024-04-01,KOSDAQ,5281.0,4875.0,5536.0,5434.0,-0.07687937890551033,0.04828630941109635,0.02897178564665781,,2024-04-01,2024-04-02,2024-04-03,2024-04-08,NAVER_FINANCE_DOMESTIC_INDEX_DAILY,KOSDAQ,912.45,891.59,879.96,860.57,-0.02286152665899499,-0.035607430544139396,-0.056857910022466984,-0.05401785224651534,0.08389373995523575,0.0858296956691248,complete
703305,20240401900261,00352499,링네트,042500,주권매매거래정지              (무상증자),2024-04-01,KOSDAQ,5281.0,4875.0,5536.0,5434.0,-0.07687937890551033,0.04828630941109635,0.02897178564665781,,2024-04-01,2024-04-02,2024-04-03,2024-04-08,NAVER_FINANCE_DOMESTIC_INDEX_DAILY,KOSDAQ,912.45,891.59,879.96,860.57,-0.02286152665899499,-0.035607430544139396,-0.056857910022466984,-0.05401785224651534,0.08389373995523575,0.0858296956691248,complete
666303,20240415900630,00352499,링네트,042500,권리락              (무상증자),2024-04-15,KOSDAQ,5544.0,5339.0,5159.0,5844.0,-0.036976911976912,-0.06944444444444442,0.05411255411255422,,2024-04-15,2024-04-16,2024-04-17,2024-04-22,NAVER_FINANCE_DOMESTIC_INDEX_DAILY,KOSDAQ,852.42,832.81,833.03,845.82,-0.02300509138687501,-0.02274700265127516,-0.007742662067994566,-0.013971820590036987,-0.04669744179316926,0.06185521618054879,complete
346045,20250825000020,00352499,링네트,042500,주요사항보고서(무상증자결정),2025-08-25,KOSDAQ,3940.0,3918.0,3940.0,3944.0,-0.005583756345177715,0.0,0.0010152284263960087,,2025-08-25,2025-08-26,2025-08-27,2025-09-01,NAVER_FINANCE_DOMESTIC_INDEX_DAILY,KOSDAQ,798.02,801.66,801.72,785.0,0.004561289190747164,0.004636475276308838,-0.01631538056690307,-0.01014504553592488,-0.004636475276308838,0.01733060899329908,complete
346046,20250825900040,00352499,링네트,042500,주권매매거래정지              (무상증자),2025-08-25,KOSDAQ,3940.0,3918.0,3940.0,3944.0,-0.005583756345177715,0.0,0.0010152284263960087,,2025-08-25,2025-08-26,2025-08-27,2025-09-01,NAVER_FINANCE_DOMESTIC_INDEX_DAILY,KOSDAQ,798.02,801.66,801.72,785.0,0.004561289190747164,0.004636475276308838,-0.01631538056690307,-0.01014504553592488,-0.004636475276308838,0.01733060899329908,complete
333070,20250917900417,00352499,링네트,042500,권리락              (무상증자),2025-09-17,KOSDAQ,4120.0,4005.0,4000.0,3990.0,-0.027912621359223344,-0.029126213592232997,-0.03155339805825241,,2025-09-17,2025-09-18,2025-09-19,2025-09-24,NAVER_FINANCE_DOMESTIC_INDEX_DAILY,KOSDAQ,845.53,857.11,863.11,860.94,0.013695551902357161,0.0207916927844074,0.018225255165399412,-0.041608173261580506,-0.0499179063766404,-0.049778653223651825,complete
691763,20240404000167,01146822,아이퀘스트,262840,주요사항보고서(무상증자결정),2024-04-04,KOSDAQ,6342.0,6470.0,6528.0,6342.0,0.020182907600126088,0.029328287606433356,0.0,,2024-04-04,2024-04-05,2024-04-08,2024-04-12,NAVER_FINANCE_DOMESTIC_INDEX_DAILY,KOSDAQ,882.9,872.29,860.57,860.47,-0.012017215992751185,-0.02529165250877785,-0.025404915618982837,0.03220012359287727,0.05461994011521121,0.025404915618982837,complete
691765,20240404900106,01146822,아이퀘스트,262840,주권매매거래정지              (무상증자),2024-04-04,KOSDAQ,6342.0,6470.0,6528.0,6342.0,0.020182907600126088,0.029328287606433356,0.0,,2024-04-04,2024-04-05,2024-04-08,2024-04-12,NAVER_FINANCE_DOMESTIC_INDEX_DAILY,KOSDAQ,882.9,872.29,860.57,860.47,-0.012017215992751185,-0.02529165250877785,-0.025404915618982837,0.03220012359287727,0.05461994011521121,0.025404915618982837,complete
665234,20240417900459,01146822,아이퀘스트,262840,권리락              (무상증자),2024-04-17,KOSDAQ,6080.0,6116.0,6948.0,6016.0,0.005921052631578938,0.14276315789473681,-0.010526315789473717,,2024-04-17,2024-04-18,2024-04-19,2024-04-24,NAVER_FINANCE_DOMESTIC_INDEX_DAILY,KOSDAQ,833.03,855.65,841.91,862.23,0.02715388401378105,0.010659880196391525,0.03505275920435036,-0.02123283138220211,0.1321032776983453,-0.045579074993824076,complete
417149,20250414001687,01146822,아이퀘스트,262840,주요사항보고서(무상증자결정),2025-04-14,KOSDAQ,4254.0,4336.0,4446.0,4446.0,0.01927597555242122,0.04513399153737652,0.04513399153737652,,2025-04-14,2025-04-15,2025-04-16,2025-04-21,NAVER_FINANCE_DOMESTIC_INDEX_DAILY,KOSDAQ,708.98,711.92,699.11,715.45,0.004146802448588005,-0.013921408220260112,0.009125786340940634,0.015129173103833216,0.05905539975763663,0.03600820519643588,complete
410026,20250425900713,01146822,아이퀘스트,262840,권리락              (무상증자),2025-04-25,KOSDAQ,4620.0,4530.0,4480.0,4470.0,-0.01948051948051943,-0.030303030303030276,-0.03246753246753242,,2025-04-25,2025-04-28,2025-04-29,2025-05-07,NAVER_FINANCE_DOMESTIC_INDEX_DAILY,KOSDAQ,729.69,719.41,726.46,722.81,-0.014088174430237577,-0.004426537296660205,-0.00942866148638477,-0.005392345050281855,-0.02587649300637007,-0.023038870981147652,complete
685798,20240405002812,00156600,한주라이트메탈,198940,주요사항보고서(유무상증자결정),2024-04-05,KOSDAQ,3818.0,2862.0,2930.0,2868.0,-0.25039287585123104,-0.23258250392875857,-0.24882137244630698,,2024-04-05,2024-04-08,2024-04-09,2024-04-15,NAVER_FINANCE_DOMESTIC_INDEX_DAILY,KOSDAQ,872.29,860.57,859.33,852.42,-0.013435898611700137,-0.014857444198603575,-0.02277912162239626,-0.2369569772395309,-0.217725059730155,-0.22604225082391072,complete
685799,20240405900580,00156600,한주라이트메탈,198940,주권매매거래정지              (무상증자),2024-04-05,KOSDAQ,3818.0,2862.0,2930.0,2868.0,-0.25039287585123104,-0.23258250392875857,-0.24882137244630698,,2024-04-05,2024-04-08,2024-04-09,2024-04-15,NAVER_FINANCE_DOMESTIC_INDEX_DAILY,KOSDAQ,872.29,860.57,859.33,852.42,-0.013435898611700137,-0.014857444198603575,-0.02277912162239626,-0.2369569772395309,-0.217725059730155,-0.22604225082391072,complete
625216,20240627900743,00156600,한주라이트메탈,198940,권리락              (무상증자),2024-06-27,KOSDAQ,3640.0,3642.0,3632.0,3614.0,0.0005494505494505475,-0.00219780219780219,-0.0071428571428571175,,2024-06-27,2024-06-28,2024-07-01,2024-07-04,NAVER_FINANCE_DOMESTIC_INDEX_DAILY,KOSDAQ,838.65,840.44,847.15,840.81,0.0021343826387647535,0.010135336552793195,0.0025755678769450174,-0.001584932089314206,-0.012333138750595385,-0.009718425019802135,complete
667067,20240415000402,01602638,한싹,430690,주요사항보고서(무상증자결정),2024-04-15,KOSDAQ,8189.0,8004.0,8014.0,8869.0,-0.0225912809866895,-0.021370130663084574,0.08303822200512889,,2024-04-15,2024-04-16,2024-04-17,2024-04-22,NAVER_FINANCE_DOMESTIC_INDEX_DAILY,KOSDAQ,852.42,832.81,833.03,845.82,-0.02300509138687501,-0.02274700265127516,-0.007742662067994566,0.0004138104001855103,0.0013768719881905866,0.09078088407312346,complete
667068,20240415900186,01602638,한싹,430690,주권매매거래정지              (무상증자),2024-04-15,KOSDAQ,8189.0,8004.0,8014.0,8869.0,-0.0225912809866895,-0.021370130663084574,0.08303822200512889,,2024-04-15,2024-04-16,2024-04-17,2024-04-22,NAVER_FINANCE_DOMESTIC_INDEX_DAILY,KOSDAQ,852.42,832.81,833.03,845.82,-0.02300509138687501,-0.02274700265127516,-0.007742662067994566,0.0004138104001855103,0.0013768719881905866,0.09078088407312346,complete
659732,20240426900746,01602638,한싹,430690,권리락              (무상증자),2024-04-26,KOSDAQ,8890.0,10390.0,12000.0,11630.0,0.16872890888638925,0.34983127109111356,0.30821147356580436,,2024-04-26,2024-04-29,2024-04-30,2024-05-07,NAVER_FINANCE_DOMESTIC_INDEX_DAILY,KOSDAQ,856.82,869.72,868.93,871.26,0.015055670969398527,0.014133657010807266,0.016853014635512586,0.15367323791699072,0.3356976140803063,0.2913584589302918,complete
665824,20240416000288,00863533,삼양엔씨켐,482630,무상증자결정,2024-04-16,KOSDAQ,8980.0,8050.0,8255.0,11075.0,-0.10356347438752789,-0.08073496659242763,0.23329621380846333,,2025-02-03,2025-02-04,2025-02-05,2025-02-10,NAVER_FINANCE_DOMESTIC_INDEX_DAILY,KOSDAQ,703.8,719.92,730.98,749.67,0.022904234157431036,0.03861892583120219,0.06517476555839719,-0.12646770854495892,-0.11935389242362981,0.16812144825006614,complete
262490,20260204000156,00863533,삼양엔씨켐,482630,주요사항보고서(무상증자결정),2026-02-04,KOSDAQ,17600.0,18825.0,19750.0,20200.0,0.06960227272727271,0.12215909090909083,0.1477272727272727,,2026-02-04,2026-02-05,2026-02-06,2026-02-11,NAVER_FINANCE_DOMESTIC_INDEX_DAILY,KOSDAQ,1149.43,1108.41,1080.77,1114.87,-0.03568725368225989,-0.05973395509078416,-0.030067076724985542,0.1052895264095326,0.181893045999875,0.17779434945225825,complete
262491,20260204900332,00863533,삼양엔씨켐,482630,주권매매거래정지              (무상증자),2026-02-04,KOSDAQ,17600.0,18825.0,19750.0,20200.0,0.06960227272727271,0.12215909090909083,0.1477272727272727,,2026-02-04,2026-02-05,2026-02-06,2026-02-11,NAVER_FINANCE_DOMESTIC_INDEX_DAILY,KOSDAQ,1149.43,1108.41,1080.77,1114.87,-0.03568725368225989,-0.05973395509078416,-0.030067076724985542,0.1052895264095326,0.181893045999875,0.17779434945225825,complete
249934,20260219900712,00863533,삼양엔씨켐,482630,권리락              (무상증자),2026-02-19,KOSDAQ,20350.0,22650.0,20850.0,19760.0,0.11302211302211296,0.024570024570024662,-0.028992628992629,,2026-02-19,2026-02-20,2026-02-23,2026-02-26,NAVER_FINANCE_DOMESTIC_INDEX_DAILY,KOSDAQ,1160.71,1154.0,1151.99,1188.15,-0.005780944421948653,-0.007512643123605445,0.023640702673363823,0.11880305744406161,0.03208266769363011,-0.05263333166599282,complete
661782,20240424000389,01227039,파라택시스코리아,288330,주요사항보고서(유무상증자결정),2024-04-24,KOSDAQ,1917.0,1714.0,1706.0,1579.0,-0.10589462702138763,-0.11006781429316637,-0.17631716223265514,,2024-04-24,2024-04-25,2024-04-26,2024-05-02,NAVER_FINANCE_DOMESTIC_INDEX_DAILY,KOSDAQ,862.23,853.26,856.82,867.48,-0.01040325667165376,-0.006274427936861393,0.0060888626004662605,-0.09549137034973387,-0.10379338635630497,-0.1824060248331214,complete
661784,20240424900438,01227039,파라택시스코리아,288330,주권매매거래정지              (무상증자),2024-04-24,KOSDAQ,1917.0,1714.0,1706.0,1579.0,-0.10589462702138763,-0.11006781429316637,-0.17631716223265514,,2024-04-24,2024-04-25,2024-04-26,2024-05-02,NAVER_FINANCE_DOMESTIC_INDEX_DAILY,KOSDAQ,862.23,853.26,856.82,867.48,-0.01040325667165376,-0.006274427936861393,0.0060888626004662605,-0.09549137034973387,-0.10379338635630497,-0.1824060248331214,complete
611708,20240726900724,01227039,파라택시스코리아,288330,권리락              (무상증자),2024-07-26,KOSDAQ,2570.0,2350.0,2515.0,2780.0,-0.08560311284046696,-0.021400778210116767,0.08171206225680927,,2024-07-26,2024-07-29,2024-07-30,2024-08-02,NAVER_FINANCE_DOMESTIC_INDEX_DAILY,KOSDAQ,797.56,807.99,803.78,779.33,0.01307738602738362,0.007798786298209626,-0.022857214504237833,-0.09868049886785057,-0.029199564508326392,0.1045692767610471,complete
656115,20240502000338,00347062,현대바이오랜드,052260,주요사항보고서(무상증자결정),2024-05-02,KOSDAQ,4620.0,5850.0,5820.0,6100.0,0.26623376623376616,0.2597402597402598,0.3203463203463204,,2024-05-02,2024-05-03,2024-05-07,2024-05-10,NAVER_FINANCE_DOMESTIC_INDEX_DAILY,KOSDAQ,867.48,865.59,871.26,864.16,-0.002178724581546554,0.004357449163093108,-0.003827177571817275,0.2684124908153127,0.2553828105771667,0.32417349791813765,complete
656116,20240502900389,00347062,현대바이오랜드,052260,주권매매거래정지              (무상증자),2024-05-02,KOSDAQ,4620.0,5850.0,5820.0,6100.0,0.26623376623376616,0.2597402597402598,0.3203463203463204,,2024-05-02,2024-05-03,2024-05-07,2024-05-10,NAVER_FINANCE_DOMESTIC_INDEX_DAILY,KOSDAQ,867.48,865.59,871.26,864.16,-0.002178724581546554,0.004357449163093108,-0.003827177571817275,0.2684124908153127,0.2553828105771667,0.32417349791813765,complete
648156,20240516901807,00347062,현대바이오랜드,052260,권리락              (무상증자),2024-05-16,KOSDAQ,6500.0,6980.0,6610.0,6170.0,0.0738461538461539,0.01692307692307682,-0.05076923076923079,,2024-05-16,2024-05-17,2024-05-20,2024-05-23,NAVER_FINANCE_DOMESTIC_INDEX_DAILY,KOSDAQ,870.37,855.06,847.08,846.58,-0.01759022025115764,-0.026758734790950922,-0.027333203120511906,0.09143637409731153,0.04368181171402774,-0.023436027648718882,complete
654874,20240507000095,00148470,제일일렉트릭,199820,주요사항보고서(무상증자결정),2024-05-07,KOSDAQ,11704.0,11905.0,11529.0,11004.0,0.017173615857826396,-0.014952153110047828,-0.05980861244019142,,2024-05-07,2024-05-08,2024-05-09,2024-05-14,NAVER_FINANCE_DOMESTIC_INDEX_DAILY,KOSDAQ,871.26,872.42,870.15,862.15,0.0013314050914767783,-0.001274016940982059,-0.010456121020131826,0.015842210766349618,-0.013678136169065769,-0.0493524914200596,complete
654876,20240507900162,00148470,제일일렉트릭,199820,주권매매거래정지              (무상증자),2024-05-07,KOSDAQ,11704.0,11905.0,11529.0,11004.0,0.017173615857826396,-0.014952153110047828,-0.05980861244019142,,2024-05-07,2024-05-08,2024-05-09,2024-05-14,NAVER_FINANCE_DOMESTIC_INDEX_DAILY,KOSDAQ,871.26,872.42,870.15,862.15,0.0013314050914767783,-0.001274016940982059,-0.010456121020131826,0.015842210766349618,-0.013678136169065769,-0.0493524914200596,complete
646529,20240520900360,00148470,제일일렉트릭,199820,권리락              (무상증자),2024-05-20,KOSDAQ,11730.0,12740.0,11830.0,13310.0,0.08610400682011932,0.008525149190110826,0.1346973572037511,,2024-05-20,2024-05-21,2024-05-22,2024-05-27,NAVER_FINANCE_DOMESTIC_INDEX_DAILY,KOSDAQ,847.08,846.51,845.72,847.99,-0.0006728998441706269,-0.001605515417670178,0.0010742786985880048,0.08677690666428994,0.010130664607781004,0.13362307850516308,complete
634026,20240611000197,00540863,GST,083450,주요사항보고서(무상증자결정),2024-06-11,KOSDAQ,22526.0,22551.0,22627.0,23303.0,0.0011098286424575665,0.00448370771552864,0.03449347420758242,,2024-06-11,2024-06-12,2024-06-13,2024-06-18,NAVER_FINANCE_DOMESTIC_INDEX_DAILY,KOSDAQ,868.36,870.67,871.33,858.95,0.0026601870192086707,0.003420240453268164,-0.010836519415910462,-0.0015503583767511042,0.0010634672622604757,0.04532999362349288,complete
634028,20240611900207,00540863,GST,083450,주권매매거래정지              (무상증자),2024-06-11,KOSDAQ,22526.0,22551.0,22627.0,23303.0,0.0011098286424575665,0.00448370771552864,0.03449347420758242,,2024-06-11,2024-06-12,2024-06-13,2024-06-18,NAVER_FINANCE_DOMESTIC_INDEX_DAILY,KOSDAQ,868.36,870.67,871.33,858.95,0.0026601870192086707,0.003420240453268164,-0.010836519415910462,-0.0015503583767511042,0.0010634672622604757,0.04532999362349288,complete
626884,20240625900508,00540863,GST,083450,권리락              (무상증자),2024-06-25,KOSDAQ,21700.0,21600.0,21200.0,20000.0,-0.004608294930875556,-0.02304147465437789,-0.07834101382488479,,2024-06-25,2024-06-26,2024-06-27,2024-07-02,NAVER_FINANCE_DOMESTIC_INDEX_DAILY,KOSDAQ,841.99,842.12,838.65,829.91,0.0001543961329706356,-0.003966792954785747,-0.014346963740662022,-0.004762691063846192,-0.019074681699592144,-0.06399405008422276,complete
633435,20240612000049,01222113,인스웨이브,450520,주요사항보고서(무상증자결정),2024-06-12,KOSDAQ,6273.0,6857.0,6924.0,6773.0,0.09309740156225099,0.10377809660449544,0.07970667941973542,,2024-06-12,2024-06-13,2024-06-14,2024-06-19,NAVER_FINANCE_DOMESTIC_INDEX_DAILY,KOSDAQ,870.67,871.33,862.19,861.17,0.0007580369141007015,-0.009739625805414098,-0.010911137399933435,0.09233936464815029,0.11351772240990954,0.09061781681966885,complete
633436,20240612900078,01222113,인스웨이브,450520,주권매매거래정지              (무상증자),2024-06-12,KOSDAQ,6273.0,6857.0,6924.0,6773.0,0.09309740156225099,0.10377809660449544,0.07970667941973542,,2024-06-12,2024-06-13,2024-06-14,2024-06-19,NAVER_FINANCE_DOMESTIC_INDEX_DAILY,KOSDAQ,870.67,871.33,862.19,861.17,0.0007580369141007015,-0.009739625805414098,-0.010911137399933435,0.09233936464815029,0.11351772240990954,0.09061781681966885,complete
625218,20240627900740,01222113,인스웨이브,450520,권리락              (무상증자),2024-06-27,KOSDAQ,6280.0,7400.0,6980.0,6100.0,0.17834394904458595,0.11146496815286633,-0.0286624203821656,,2024-06-27,2024-06-28,2024-07-01,2024-07-04,NAVER_FINANCE_DOMESTIC_INDEX_DAILY,KOSDAQ,838.65,840.44,847.15,840.81,0.0021343826387647535,0.010135336552793195,0.0025755678769450174,0.1762095664058212,0.10132963160007313,-0.031237988259110616,complete
631413,20240617000143,01402995,케이엔에스,432470,주요사항보고서(무상증자결정),2024-06-17,KOSDAQ,19200.0,19200.0,18000.0,18250.0,0.0,-0.0625,-0.04947916666666663,,2024-06-17,2024-06-18,2024-06-19,2024-06-24,NAVER_FINANCE_DOMESTIC_INDEX_DAILY,KOSDAQ,858.96,858.95,861.17,841.52,-1.1641985657062648e-05,0.0025728788302132877,-0.020303622985936576,1.1641985657062648e-05,-0.06507287883021329,-0.029175543680730054,complete
631414,20240617900206,01402995,케이엔에스,432470,주권매매거래정지              (무상증자),2024-06-17,KOSDAQ,19200.0,19200.0,18000.0,18250.0,0.0,-0.0625,-0.04947916666666663,,2024-06-17,2024-06-18,2024-06-19,2024-06-24,NAVER_FINANCE_DOMESTIC_INDEX_DAILY,KOSDAQ,858.96,858.95,861.17,841.52,-1.1641985657062648e-05,0.0025728788302132877,-0.020303622985936576,1.1641985657062648e-05,-0.06507287883021329,-0.029175543680730054,complete
623814,20240628900964,01402995,케이엔에스,432470,권리락              (무상증자),2024-06-28,KOSDAQ,17750.0,16850.0,16030.0,15510.0,-0.05070422535211272,-0.09690140845070427,-0.12619718309859151,,2024-06-28,2024-07-01,2024-07-02,2024-07-05,NAVER_FINANCE_DOMESTIC_INDEX_DAILY,KOSDAQ,840.44,847.15,829.91,847.49,0.007983913188329916,-0.012529151396887483,0.008388463185950101,-0.058688138540442636,-0.08437225705381679,-0.13458564628454162,complete
628451,20240621000094,01381984,SKAI,357880,[첨부추가]주요사항보고서(유무상증자결정),2024-06-21,KOSDAQ,1581.0,1434.0,1499.0,1451.0,-0.09297912713472489,-0.05186590765338395,-0.08222643896268189,,2024-06-21,2024-06-24,2024-06-25,2024-06-28,NAVER_FINANCE_DOMESTIC_INDEX_DAILY,KOSDAQ,852.67,841.52,841.99,840.44,-0.013076571240925539,-0.01252536151148742,-0.014343180831974722,-0.07990255589379935,-0.039340546141896526,-0.06788325813070717,complete
629226,20240621900115,01381984,SKAI,357880,주권매매거래정지              (무상증자),2024-06-21,KOSDAQ,1581.0,1434.0,1499.0,1451.0,-0.09297912713472489,-0.05186590765338395,-0.08222643896268189,,2024-06-21,2024-06-24,2024-06-25,2024-06-28,NAVER_FINANCE_DOMESTIC_INDEX_DAILY,KOSDAQ,852.67,841.52,841.99,840.44,-0.013076571240925539,-0.01252536151148742,-0.014343180831974722,-0.07990255589379935,-0.039340546141896526,-0.06788325813070717,complete
561128,20241106900369,01381984,SKAI,357880,권리락              (무상증자),2024-11-06,KOSDAQ,2190.0,2215.0,2120.0,1499.0,0.011415525114155223,-0.03196347031963476,-0.3155251141552512,,2024-11-06,2024-11-07,2024-11-08,2024-11-13,NAVER_FINANCE_DOMESTIC_INDEX_DAILY,KOSDAQ,743.31,733.52,743.38,689.65,-0.013170817021162073,9.417335970196561e-05,-0.07219060688003653,0.024586342135317296,-0.03205764367933672,-0.24333450727521466,complete
627183,20240625000165,01112700,에스엘에스바이오,246250,주요사항보고서(무상증자결정),2024-06-25,KOSDAQ,2307.0,2177.0,2175.0,2107.0,-0.05635023840485476,-0.05721716514954489,-0.08669267446900741,,2024-06-25,2024-06-26,2024-06-27,2024-07-02,NAVER_FINANCE_DOMESTIC_INDEX_DAILY,KOSDAQ,841.99,842.12,838.65,829.91,0.0001543961329706356,-0.003966792954785747,-0.014346963740662022,-0.05650463453782539,-0.053250372194759144,-0.07234571072834539,complete
627184,20240625900164,01112700,에스엘에스바이오,246250,주권매매거래정지              (무상증자),2024-06-25,KOSDAQ,2307.0,2177.0,2175.0,2107.0,-0.05635023840485476,-0.05721716514954489,-0.08669267446900741,,2024-06-25,2024-06-26,2024-06-27,2024-07-02,NAVER_FINANCE_DOMESTIC_INDEX_DAILY,KOSDAQ,841.99,842.12,838.65,829.91,0.0001543961329706356,-0.003966792954785747,-0.014346963740662022,-0.05650463453782539,-0.053250372194759144,-0.07234571072834539,complete
618031,20240711900268,01112700,에스엘에스바이오,246250,권리락              (무상증자),2024-07-11,KOSDAQ,2435.0,2600.0,2780.0,2955.0,0.06776180698151957,0.1416837782340863,0.21355236139630396,,2024-07-11,2024-07-12,2024-07-15,2024-07-18,NAVER_FINANCE_DOMESTIC_INDEX_DAILY,KOSDAQ,852.42,850.37,852.88,822.48,-0.00240491776354379,0.0005396400835269155,-0.035123530653902946,0.07016672474506336,0.14114413815055937,0.2486758920502069,complete
624427,20240628000319,00360595,현대글로비스,086280,주요사항보고서(무상증자결정),2024-06-28,KOSPI,109543.0,120297.0,119297.0,122798.0,0.09817149429904237,0.08904265904713227,0.12100271126406992,,2024-06-28,2024-07-01,2024-07-02,2024-07-05,NAVER_FINANCE_DOMESTIC_INDEX_DAILY,KOSPI,2797.82,2804.31,2780.86,2862.23,0.002319663166322261,-0.006061862450050359,0.023021495307060436,0.09585183113272011,0.09510452149718263,0.09798121595700948,complete
617386,20240712000393,01153293,제이엘케이,322510,주요사항보고서(유무상증자결정),2024-07-12,KOSDAQ,10784.0,8440.0,8710.0,11879.0,-0.21735905044510384,-0.1923219584569733,0.1015393175074184,,2024-07-12,2024-07-15,2024-07-16,2024-07-19,NAVER_FINANCE_DOMESTIC_INDEX_DAILY,KOSDAQ,850.37,852.88,839.61,828.72,0.0029516563378293448,-0.012653315615555605,-0.025459505862154064,-0.22031070678293319,-0.1796686428414177,0.12699882336957247,complete
617388,20240712900479,01153293,제이엘케이,322510,주권매매거래정지              (무상증자),2024-07-12,KOSDAQ,10784.0,8440.0,8710.0,11879.0,-0.21735905044510384,-0.1923219584569733,0.1015393175074184,,2024-07-12,2024-07-15,2024-07-16,2024-07-19,NAVER_FINANCE_DOMESTIC_INDEX_DAILY,KOSDAQ,850.37,852.88,839.61,828.72,0.0029516563378293448,-0.012653315615555605,-0.025459505862154064,-0.22031070678293319,-0.1796686428414177,0.12699882336957247,complete
569843,20241016900387,01153293,제이엘케이,322510,권리락              (무상증자),2024-10-16,KOSDAQ,12070.0,12180.0,11970.0,11140.0,0.009113504556752305,-0.008285004142502106,-0.07705053852526922,,2024-10-16,2024-10-17,2024-10-18,2024-10-23,NAVER_FINANCE_DOMESTIC_INDEX_DAILY,KOSDAQ,765.79,765.06,753.22,745.19,-0.0009532639496467876,-0.016414421708301097,-0.02690032515441554,0.010066768506399093,0.008129417565798991,-0.05015021337085368,complete
617575,20240712800290,00124540,대우건설,047040,유무상증자결정(종속회사의주요경영사항),2024-07-12,KOSPI,3990.0,4260.0,4100.0,4120.0,0.06766917293233088,0.027568922305764465,0.032581453634085156,,2024-07-12,2024-07-15,2024-07-16,2024-07-19,NAVER_FINANCE_DOMESTIC_INDEX_DAILY,KOSPI,2857.0,2860.92,2866.09,2795.46,0.0013720686034301988,0.0031816590829540914,-0.02154007700385019,0.06629710432890068,0.024387263222810374,0.054121530637935344,complete
297242,20251201800465,00124540,대우건설,047040,유무상증자결정(종속회사의주요경영사항),2025-12-01,KOSPI,3475.0,3470.0,3560.0,3705.0,-0.0014388489208633226,0.02446043165467615,0.06618705035971217,,2025-12-01,2025-12-02,2025-12-03,2025-12-08,NAVER_FINANCE_DOMESTIC_INDEX_DAILY,KOSPI,3920.37,3994.93,4036.3,4154.85,0.019018613039075483,0.029571188433744844,0.059810681134689014,-0.020457461959938805,-0.0051107567790686925,0.00637636922502316,complete
615301,20240718000366,01022142,엠디바이스,226590,주요사항보고서(무상증자결정),2024-07-18,KOSDAQ,,,,,,,,no_price_data,,,,,NAVER_FINANCE_DOMESTIC_INDEX_DAILY,KOSDAQ,,,,,,,,,,,complete
614509,20240722000016,01276026,지놈앤컴퍼니,314130,주요사항보고서(무상증자결정),2024-07-22,KOSDAQ,5015.0,4855.0,5075.0,4975.0,-0.031904287138584286,0.011964107676968982,-0.0079760717846461,,2024-07-22,2024-07-23,2024-07-24,2024-07-29,NAVER_FINANCE_DOMESTIC_INDEX_DAILY,KOSDAQ,809.96,812.12,814.25,807.99,0.0026667983604127254,0.005296557854708839,-0.00243221887500622,-0.03457108549899701,0.006667549822260144,-0.005543852909639879,complete
614510,20240722900111,01276026,지놈앤컴퍼니,314130,주권매매거래정지              (무상증자),2024-07-22,KOSDAQ,5015.0,4855.0,5075.0,4975.0,-0.031904287138584286,0.011964107676968982,-0.0079760717846461,,2024-07-22,2024-07-23,2024-07-24,2024-07-29,NAVER_FINANCE_DOMESTIC_INDEX_DAILY,KOSDAQ,809.96,812.12,814.25,807.99,0.0026667983604127254,0.005296557854708839,-0.00243221887500622,-0.03457108549899701,0.006667549822260144,-0.005543852909639879,complete
608159,20240805900776,01276026,지놈앤컴퍼니,314130,권리락              (무상증자),2024-08-05,KOSDAQ,4190.0,4530.0,5160.0,5190.0,0.0811455847255369,0.23150357995226734,0.23866348448687358,,2024-08-05,2024-08-06,2024-08-07,2024-08-12,NAVER_FINANCE_DOMESTIC_INDEX_DAILY,KOSDAQ,691.28,732.87,748.54,772.72,0.060163754195116326,0.08283184816572153,0.11781043860664275,0.020981830530420575,0.1486717317865458,0.12085304588023082,complete
614027,20240723000111,00619640,에코앤드림,101360,주요사항보고서(무상증자결정),2024-07-23,KOSDAQ,32188.0,31268.0,33442.0,32773.0,-0.02858208027836462,0.0389586181185535,0.01817447495961222,,2024-07-23,2024-07-24,2024-07-25,2024-07-30,NAVER_FINANCE_DOMESTIC_INDEX_DAILY,KOSDAQ,812.12,814.25,797.29,803.78,0.0026227651086045967,-0.01826084815051965,-0.010269418312564671,-0.031204845386969216,0.05721946626907315,0.02844389327217689,complete
614028,20240723900184,00619640,에코앤드림,101360,주권매매거래정지              (무상증자),2024-07-23,KOSDAQ,32188.0,31268.0,33442.0,32773.0,-0.02858208027836462,0.0389586181185535,0.01817447495961222,,2024-07-23,2024-07-24,2024-07-25,2024-07-30,NAVER_FINANCE_DOMESTIC_INDEX_DAILY,KOSDAQ,812.12,814.25,797.29,803.78,0.0026227651086045967,-0.01826084815051965,-0.010269418312564671,-0.031204845386969216,0.05721946626907315,0.02844389327217689,complete
608162,20240805900773,00619640,에코앤드림,101360,권리락              (무상증자),2024-08-05,KOSDAQ,30600.0,34150.0,32000.0,31500.0,0.11601307189542487,0.045751633986928164,0.02941176470588225,,2024-08-05,2024-08-06,2024-08-07,2024-08-12,NAVER_FINANCE_DOMESTIC_INDEX_DAILY,KOSDAQ,691.28,732.87,748.54,772.72,0.060163754195116326,0.08283184816572153,0.11781043860664275,0.05584931770030854,-0.03708021417879337,-0.0883986739007605,complete
613691,20240723000334,01498974,큐리옥스바이오시스템즈,445680,주요사항보고서(무상증자결정),2024-07-23,KOSDAQ,23031.0,22956.0,22156.0,24131.0,-0.003256480395988026,-0.037992271286526824,0.0477617124744909,,2024-07-23,2024-07-24,2024-07-25,2024-07-30,NAVER_FINANCE_DOMESTIC_INDEX_DAILY,KOSDAQ,812.12,814.25,797.29,803.78,0.0026227651086045967,-0.01826084815051965,-0.010269418312564671,-0.005879245504592623,-0.019731423136007176,0.058031130787055574,complete
613693,20240723900537,01498974,큐리옥스바이오시스템즈,445680,주권매매거래정지              (무상증자),2024-07-23,KOSDAQ,23031.0,22956.0,22156.0,24131.0,-0.003256480395988026,-0.037992271286526824,0.0477617124744909,,2024-07-23,2024-07-24,2024-07-25,2024-07-30,NAVER_FINANCE_DOMESTIC_INDEX_DAILY,KOSDAQ,812.12,814.25,797.29,803.78,0.0026227651086045967,-0.01826084815051965,-0.010269418312564671,-0.005879245504592623,-0.019731423136007176,0.058031130787055574,complete
608153,20240805900781,01498974,큐리옥스바이오시스템즈,445680,권리락              (무상증자),2024-08-05,KOSDAQ,18030.0,20550.0,20600.0,22500.0,0.13976705490848595,0.1425402107598448,0.24792013311148087,,2024-08-05,2024-08-06,2024-08-07,2024-08-12,NAVER_FINANCE_DOMESTIC_INDEX_DAILY,KOSDAQ,691.28,732.87,748.54,772.72,0.060163754195116326,0.08283184816572153,0.11781043860664275,0.07960330071336963,0.059708362594123265,0.1301096945048381,complete
608302,20240805000191,01817081,SK이터닉스,475150,주요사항보고서(무상증자결정),2024-08-05,KOSPI,11467.0,13917.0,14376.0,15834.0,0.21365657975058872,0.25368448591610715,0.3808319525595185,,2024-08-05,2024-08-06,2024-08-07,2024-08-12,NAVER_FINANCE_DOMESTIC_INDEX_DAILY,KOSPI,2441.55,2522.15,2568.41,2618.3,0.03301181626425831,0.05195879666605219,0.07239253752739039,0.1806447634863304,0.20172568925005496,0.30843941503212813,complete
597570,20240816000089,01226270,스톰테크,352090,주요사항보고서(무상증자결정),2024-08-16,KOSDAQ,3965.0,3970.0,4035.0,3965.0,0.0012610340479193294,0.017654476670870167,0.0,,2024-08-16,2024-08-19,2024-08-20,2024-08-23,NAVER_FINANCE_DOMESTIC_INDEX_DAILY,KOSDAQ,786.33,777.47,787.44,773.26,-0.011267533987002976,0.001411621075121161,-0.016621520226876796,0.012528568034922305,0.016242855595749006,0.016621520226876796,complete
597571,20240816900123,01226270,스톰테크,352090,주권매매거래정지              (무상증자),2024-08-16,KOSDAQ,3965.0,3970.0,4035.0,3965.0,0.0012610340479193294,0.017654476670870167,0.0,,2024-08-16,2024-08-19,2024-08-20,2024-08-23,NAVER_FINANCE_DOMESTIC_INDEX_DAILY,KOSDAQ,786.33,777.47,787.44,773.26,-0.011267533987002976,0.001411621075121161,-0.016621520226876796,0.012528568034922305,0.016242855595749006,0.016621520226876796,complete
590643,20240829900344,01226270,스톰테크,352090,권리락              (무상증자),2024-08-29,KOSDAQ,3995.0,3945.0,3810.0,3770.0,-0.01251564455569465,-0.04630788485607007,-0.05632040050062581,,2024-08-29,2024-08-30,2024-09-02,2024-09-05,NAVER_FINANCE_DOMESTIC_INDEX_DAILY,KOSDAQ,756.04,767.66,769.21,725.28,0.015369557166287517,0.017419713242685653,-0.04068567800645473,-0.027885201721982167,-0.06372759809875572,-0.015634722494171083,complete
583003,20240911000083,00453488,다이나믹디자인,145210,주요사항보고서(무상증자결정),2024-09-11,KOSPI,2549.0,2584.0,2604.0,2629.0,0.01373087485288349,0.021577089054531262,0.031384856806590866,,2024-09-11,2024-09-12,2024-09-13,2024-09-23,NAVER_FINANCE_DOMESTIC_INDEX_DAILY,KOSPI,2513.37,2572.09,2575.41,2602.01,0.023363054385148407,0.024683990021365787,0.03526738999828938,-0.009632179532264917,-0.003106900966834525,-0.0038825331916985117,complete
575001,20241002000120,00262266,삼현,437730,주요사항보고서(무상증자결정),2024-10-02,KOSDAQ,8322.0,8389.0,8656.0,8489.0,0.008050949291035892,0.04013458303292472,0.02006729151646236,,2024-10-02,2024-10-04,2024-10-07,2024-10-11,NAVER_FINANCE_DOMESTIC_INDEX_DAILY,KOSDAQ,762.13,768.98,781.01,770.98,0.0089879679319802,0.02477267657748672,0.011612192145696865,-0.0009370186409443093,0.015361906455438001,0.008455099370765495,complete
575003,20241002900167,00262266,삼현,437730,주권매매거래정지              (무상증자),2024-10-02,KOSDAQ,8322.0,8389.0,8656.0,8489.0,0.008050949291035892,0.04013458303292472,0.02006729151646236,,2024-10-02,2024-10-04,2024-10-07,2024-10-11,NAVER_FINANCE_DOMESTIC_INDEX_DAILY,KOSDAQ,762.13,768.98,781.01,770.98,0.0089879679319802,0.02477267657748672,0.011612192145696865,-0.0009370186409443093,0.015361906455438001,0.008455099370765495,complete
569849,20241016900384,00262266,삼현,437730,권리락              (무상증자),2024-10-16,KOSDAQ,8990.0,8600.0,8450.0,7770.0,-0.04338153503893216,-0.06006674082313679,-0.13570634037819795,,2024-10-16,2024-10-17,2024-10-18,2024-10-23,NAVER_FINANCE_DOMESTIC_INDEX_DAILY,KOSDAQ,765.79,765.06,753.22,745.19,-0.0009532639496467876,-0.016414421708301097,-0.02690032515441554,-0.042428271089285374,-0.04365231911483569,-0.10880601522378242,complete
570979,20241014000180,01409022,페니트리움바이오,187660,주요사항보고서(무상증자결정),2024-10-14,KOSDAQ,1660.0,1812.0,1779.0,1929.0,0.0915662650602409,0.07168674698795185,0.1620481927710844,,2024-10-14,2024-10-15,2024-10-16,2024-10-21,NAVER_FINANCE_DOMESTIC_INDEX_DAILY,KOSDAQ,770.26,773.81,765.79,759.95,0.004608833380936206,-0.0058032352712071855,-0.013385090748578299,0.0869574316793047,0.07748998225915904,0.1754332835196627,complete
570980,20241014900310,01409022,페니트리움바이오,187660,주권매매거래정지              (무상증자),2024-10-14,KOSDAQ,1660.0,1812.0,1779.0,1929.0,0.0915662650602409,0.07168674698795185,0.1620481927710844,,2024-10-14,2024-10-15,2024-10-16,2024-10-21,NAVER_FINANCE_DOMESTIC_INDEX_DAILY,KOSDAQ,770.26,773.81,765.79,759.95,0.004608833380936206,-0.0058032352712071855,-0.013385090748578299,0.0869574316793047,0.07748998225915904,0.1754332835196627,complete
550092,20241126900456,01409022,페니트리움바이오,187660,권리락              (무상증자),2024-11-26,KOSDAQ,1820.0,1720.0,1651.0,1585.0,-0.05494505494505497,-0.09285714285714286,-0.1291208791208791,,2024-11-26,2024-11-27,2024-11-28,2024-12-03,NAVER_FINANCE_DOMESTIC_INDEX_DAILY,KOSDAQ,693.15,692.0,694.39,690.8,-0.001659092548510377,0.0017889345740460527,-0.003390319555651722,-0.053285962396544595,-0.09464607743118891,-0.12573055956522738,complete
570445,20241015000300,00551920,네오팜,092730,주요사항보고서(무상증자결정),2024-10-15,KOSDAQ,13134.0,13467.0,13262.0,13185.0,0.025354042941982735,0.009745698187909158,0.0038830516217451816,,2024-10-15,2024-10-16,2024-10-17,2024-10-22,NAVER_FINANCE_DOMESTIC_INDEX_DAILY,KOSDAQ,773.81,765.79,765.06,738.34,-0.010364301314276125,-0.011307685349116747,-0.04583812563807643,0.03571834425625886,0.021053383537025905,0.049721177259821614,complete
570443,20241015900361,00551920,네오팜,092730,주권매매거래정지              (무상증자),2024-10-15,KOSDAQ,13134.0,13467.0,13262.0,13185.0,0.025354042941982735,0.009745698187909158,0.0038830516217451816,,2024-10-15,2024-10-16,2024-10-17,2024-10-22,NAVER_FINANCE_DOMESTIC_INDEX_DAILY,KOSDAQ,773.81,765.79,765.06,738.34,-0.010364301314276125,-0.011307685349116747,-0.04583812563807643,0.03571834425625886,0.021053383537025905,0.049721177259821614,complete
564731,20241029900549,00551920,네오팜,092730,권리락              (무상증자),2024-10-29,KOSDAQ,13570.0,13400.0,12920.0,14230.0,-0.012527634487840777,-0.04789977892409725,0.048636698599852535,,2024-10-29,2024-10-30,2024-10-31,2024-11-05,NAVER_FINANCE_DOMESTIC_INDEX_DAILY,KOSDAQ,744.18,738.19,743.06,751.81,-0.00804912789916401,-0.0015050122282244116,0.010252895804778506,-0.004478506588676767,-0.046394766695872836,0.03838380279507403,complete
570260,20241015800539,00911955,잇츠한불,226320,무상증자결정(종속회사의주요경영사항),2024-10-15,KOSPI,12090.0,11890.0,12240.0,11860.0,-0.016542597187758523,0.012406947890818865,-0.019023986765922207,,2024-10-15,2024-10-16,2024-10-17,2024-10-22,NAVER_FINANCE_DOMESTIC_INDEX_DAILY,KOSPI,2633.45,2610.36,2609.3,2570.7,-0.008767965976190784,-0.009170479788869978,-0.023828058250583872,-0.00777463121156774,0.021577427679688843,0.004804071484661665,complete
567589,20241023000058,00489243,동아엘텍,088130,주요사항보고서(무상증자결정),2024-10-23,KOSDAQ,4495.0,4480.0,4515.0,4720.0,-0.0033370411568409697,0.004449388209121219,0.0500556173526141,,2024-10-23,2024-10-24,2024-10-25,2024-10-30,NAVER_FINANCE_DOMESTIC_INDEX_DAILY,KOSDAQ,745.19,734.59,727.41,738.19,-0.014224560179283197,-0.023859686791288248,-0.009393577476885073,0.010887519022442227,0.028309075000409467,0.059449194829499175,complete
567590,20241023900093,00489243,동아엘텍,088130,주권매매거래정지              (무상증자),2024-10-23,KOSDAQ,4495.0,4480.0,4515.0,4720.0,-0.0033370411568409697,0.004449388209121219,0.0500556173526141,,2024-10-23,2024-10-24,2024-10-25,2024-10-30,NAVER_FINANCE_DOMESTIC_INDEX_DAILY,KOSDAQ,745.19,734.59,727.41,738.19,-0.014224560179283197,-0.023859686791288248,-0.009393577476885073,0.010887519022442227,0.028309075000409467,0.059449194829499175,complete
561548,20241105900427,00489243,동아엘텍,088130,권리락              (무상증자),2024-11-05,KOSDAQ,4650.0,4460.0,4425.0,4465.0,-0.04086021505376347,-0.048387096774193505,-0.03978494623655915,,2024-11-05,2024-11-06,2024-11-07,2024-11-12,NAVER_FINANCE_DOMESTIC_INDEX_DAILY,KOSDAQ,751.81,743.31,733.52,710.52,-0.01130604807065616,-0.02432795520144715,-0.054920791157340276,-0.02955416698310731,-0.024059141572746356,0.015135844920781127,complete
560237,20241108000063,00261355,레드캡투어,038390,주요사항보고서(무상증자결정),2024-11-08,KOSDAQ,8575.0,8485.0,8515.0,8435.0,-0.010495626822157433,-0.006997084548104993,-0.01632653061224487,,2024-11-08,2024-11-11,2024-11-12,2024-11-15,NAVER_FINANCE_DOMESTIC_INDEX_DAILY,KOSDAQ,743.38,728.84,710.52,685.42,-0.019559310177836298,-0.04420350291909925,-0.07796819930587318,0.009063683355678864,0.037206418370994254,0.061641668693628304,complete
560238,20241108900108,00261355,레드캡투어,038390,주권매매거래정지              (무상증자),2024-11-08,KOSDAQ,8575.0,8485.0,8515.0,8435.0,-0.010495626822157433,-0.006997084548104993,-0.01632653061224487,,2024-11-08,2024-11-11,2024-11-12,2024-11-15,NAVER_FINANCE_DOMESTIC_INDEX_DAILY,KOSDAQ,743.38,728.84,710.52,685.42,-0.019559310177836298,-0.04420350291909925,-0.07796819930587318,0.009063683355678864,0.037206418370994254,0.061641668693628304,complete
552032,20241121900397,00261355,레드캡투어,038390,권리락              (무상증자),2024-11-21,KOSDAQ,8860.0,8870.0,8980.0,9050.0,0.0011286681715576563,0.013544018058690765,0.021444695259593693,,2024-11-21,2024-11-22,2024-11-25,2024-11-28,NAVER_FINANCE_DOMESTIC_INDEX_DAILY,KOSDAQ,680.67,677.01,696.83,694.39,-0.005377054960553518,0.02374131370561372,0.020156610398577968,0.006505723132111174,-0.010197295646922955,0.0012880848610157258,complete
559406,20241111000109,00108612,DS단석,017860,주요사항보고서(무상증자결정),2024-11-11,KOSPI,55050.0,51945.0,51979.0,46331.0,-0.05640326975476839,-0.0557856494096276,-0.1583832879200726,,2024-11-11,2024-11-12,2024-11-13,2024-11-18,NAVER_FINANCE_DOMESTIC_INDEX_DAILY,KOSPI,2531.66,2482.57,2417.08,2469.07,-0.019390439474494925,-0.0452588420246004,-0.0247229090794181,-0.03701283028027347,-0.010526807385027204,-0.13366037884065451,complete
559198,20241111000294,00550082,캔버스엔,210120,주요사항보고서(무상증자결정),2024-11-11,KOSDAQ,4182.0,3761.0,3768.0,3368.0,-0.10066953610712581,-0.09899569583931134,-0.19464371114299384,,2024-11-11,2024-11-12,2024-11-13,2024-11-18,NAVER_FINANCE_DOMESTIC_INDEX_DAILY,KOSDAQ,728.84,710.52,689.65,689.55,-0.025135832281433568,-0.05377037484221514,-0.05390757916689548,-0.07553370382569224,-0.0452253209970962,-0.14073613197609836,complete
559199,20241111900455,00550082,캔버스엔,210120,주권매매거래정지              (무상증자),2024-11-11,KOSDAQ,4182.0,3761.0,3768.0,3368.0,-0.10066953610712581,-0.09899569583931134,-0.19464371114299384,,2024-11-11,2024-11-12,2024-11-13,2024-11-18,NAVER_FINANCE_DOMESTIC_INDEX_DAILY,KOSDAQ,728.84,710.52,689.65,689.55,-0.025135832281433568,-0.05377037484221514,-0.05390757916689548,-0.07553370382569224,-0.0452253209970962,-0.14073613197609836,complete
517306,20250124900977,00550082,캔버스엔,210120,권리락              (무상증자),2025-01-24,KOSDAQ,3435.0,3545.0,3355.0,,0.03202328966521106,-0.02328966521106257,,,2025-01-24,2025-01-31,2025-02-03,2025-02-06,NAVER_FINANCE_DOMESTIC_INDEX_DAILY,KOSDAQ,728.74,728.29,703.8,740.32,-0.0006175041853062613,-0.03422345418118955,0.015890441035211422,0.032640793850517325,0.010933788970126979,,complete
543776,20241204000188,00305941,노브랜드,145170,주요사항보고서(무상증자결정),2024-12-04,KOSDAQ,9596.0,9872.0,8775.0,8551.0,0.02876198416006659,-0.0855564818674448,-0.10889954147561487,,2024-12-04,2024-12-05,2024-12-06,2024-12-11,NAVER_FINANCE_DOMESTIC_INDEX_DAILY,KOSDAQ,677.15,670.94,661.33,675.92,-0.00917078933766513,-0.023362622757143847,-0.001816436535479582,0.03793277349773172,-0.06219385911030095,-0.10708310494013529,complete
543777,20241204900245,00305941,노브랜드,145170,주권매매거래정지              (무상증자),2024-12-04,KOSDAQ,9596.0,9872.0,8775.0,8551.0,0.02876198416006659,-0.0855564818674448,-0.10889954147561487,,2024-12-04,2024-12-05,2024-12-06,2024-12-11,NAVER_FINANCE_DOMESTIC_INDEX_DAILY,KOSDAQ,677.15,670.94,661.33,675.92,-0.00917078933766513,-0.023362622757143847,-0.001816436535479582,0.03793277349773172,-0.06219385911030095,-0.10708310494013529,complete
535089,20241217900573,00305941,노브랜드,145170,권리락              (무상증자),2024-12-17,KOSDAQ,8870.0,8610.0,8210.0,7990.0,-0.02931228861330326,-0.07440811724915442,-0.09921082299887263,,2024-12-17,2024-12-18,2024-12-19,2024-12-24,NAVER_FINANCE_DOMESTIC_INDEX_DAILY,KOSDAQ,694.47,697.57,684.36,680.11,0.004463835730845078,-0.014557864270594911,-0.020677639062882558,-0.03377612434414834,-0.059850252978559504,-0.07853318393599007,complete
542152,20241209000042,01042711,글로벌텍스프리,204620,주요사항보고서(무상증자결정),2024-12-09,KOSDAQ,3047.0,3278.0,3334.0,3500.0,0.07581227436823101,0.09419100754840826,0.14867082376107654,,2024-12-09,2024-12-10,2024-12-11,2024-12-16,NAVER_FINANCE_DOMESTIC_INDEX_DAILY,KOSDAQ,627.01,661.59,675.92,698.53,0.05515063555605182,0.07800513548428256,0.11406516642477782,0.020661638812179195,0.016185872064125695,0.03460565733629872,complete
529517,20241227900822,01042711,글로벌텍스프리,204620,권리락              (무상증자),2024-12-27,KOSDAQ,3500.0,3405.0,3440.0,3435.0,-0.027142857142857135,-0.017142857142857126,-0.018571428571428572,,2024-12-27,2024-12-30,2025-01-02,2025-01-07,NAVER_FINANCE_DOMESTIC_INDEX_DAILY,KOSDAQ,665.97,678.19,686.63,718.29,0.01834917488775778,0.031022418427256504,0.07856209739177422,-0.045492032030614915,-0.04816527557011363,-0.0971335259632028,complete
541574,20241210000096,01222867,제테마,216080,주요사항보고서(무상증자결정),2024-12-10,KOSDAQ,8395.0,8425.0,8300.0,7710.0,0.003573555687909513,-0.011316259678380014,-0.08159618820726622,,2024-12-10,2024-12-11,2024-12-12,2024-12-17,NAVER_FINANCE_DOMESTIC_INDEX_DAILY,KOSDAQ,661.59,675.92,683.35,694.47,0.02165994044649988,0.03289046085944469,0.04969845372511683,-0.018086384758590368,-0.044206720537824706,-0.13129464193238305,complete
541575,20241210900134,01222867,제테마,216080,주권매매거래정지              (무상증자),2024-12-10,KOSDAQ,8395.0,8425.0,8300.0,7710.0,0.003573555687909513,-0.011316259678380014,-0.08159618820726622,,2024-12-10,2024-12-11,2024-12-12,2024-12-17,NAVER_FINANCE_DOMESTIC_INDEX_DAILY,KOSDAQ,661.59,675.92,683.35,694.47,0.02165994044649988,0.03289046085944469,0.04969845372511683,-0.018086384758590368,-0.044206720537824706,-0.13129464193238305,complete
527441,20250102900587,01222867,제테마,216080,권리락              (무상증자),2025-01-02,KOSDAQ,7630.0,7540.0,7480.0,7380.0,-0.011795543905635641,-0.019659239842726106,-0.032765399737876844,,2025-01-02,2025-01-03,2025-01-06,2025-01-09,NAVER_FINANCE_DOMESTIC_INDEX_DAILY,KOSDAQ,686.63,705.76,717.96,723.52,0.027860711008840244,0.04562865007354766,0.05372616984402079,-0.039656254914475886,-0.06528788991627377,-0.08649156958189763,complete
539895,20241212000102,00118026,동원산업,006040,주요사항보고서(무상증자결정),2024-12-12,KOSPI,34417.0,34872.0,35645.0,35190.0,0.013220210942266997,0.03568004183978846,0.022459830897521682,,2024-12-12,2024-12-13,2024-12-16,2024-12-19,NAVER_FINANCE_DOMESTIC_INDEX_DAILY,KOSPI,2482.12,2494.46,2488.97,2435.93,0.004971556572607394,0.002759737643627247,-0.018609092227611868,0.008248654369659603,0.03292030419616121,0.04106892312513355,complete
538481,20241213000129,00453284,교촌에프앤비,339770,주요사항보고서(무상증자결정),2024-12-13,KOSPI,5549.0,5754.0,5704.0,5584.0,0.03694359344025955,0.027932960893854775,0.006307442782483408,,2024-12-13,2024-12-16,2024-12-17,2024-12-20,NAVER_FINANCE_DOMESTIC_INDEX_DAILY,KOSPI,2494.46,2488.97,2456.81,2404.15,-0.0022008771437506125,-0.015093447078726507,-0.0362042285705122,0.03914447058401016,0.04302640797258128,0.042511671352995606,complete
526031,20250107000137,01293485,제닉스로보틱스,381620,주요사항보고서(무상증자결정),2025-01-07,KOSDAQ,9803.0,9586.0,9703.0,10153.0,-0.02213608079159446,-0.010200958890135725,0.03570335611547493,,2025-01-07,2025-01-08,2025-01-09,2025-01-14,NAVER_FINANCE_DOMESTIC_INDEX_DAILY,KOSDAQ,718.29,719.63,723.52,718.04,0.0018655417728214996,0.007281181695415473,-0.0003480488382129332,-0.02400162256441596,-0.017482140585551198,0.03605140495368786,complete
526032,20250107900096,01293485,제닉스로보틱스,381620,주권매매거래정지              (무상증자),2025-01-07,KOSDAQ,9803.0,9586.0,9703.0,10153.0,-0.02213608079159446,-0.010200958890135725,0.03570335611547493,,2025-01-07,2025-01-08,2025-01-09,2025-01-14,NAVER_FINANCE_DOMESTIC_INDEX_DAILY,KOSDAQ,718.29,719.63,723.52,718.04,0.0018655417728214996,0.007281181695415473,-0.0003480488382129332,-0.02400162256441596,-0.017482140585551198,0.03605140495368786,complete
518643,20250123900638,01293485,제닉스로보틱스,381620,권리락              (무상증자),2025-01-23,KOSDAQ,9870.0,9370.0,8920.0,,-0.050658561296859195,-0.09625126646403237,,,2025-01-23,2025-01-24,2025-01-31,2025-02-05,NAVER_FINANCE_DOMESTIC_INDEX_DAILY,KOSDAQ,724.01,728.74,728.29,730.98,0.006533058935650038,0.005911520559108263,0.009626938854435663,-0.05719162023250923,-0.10216278702314063,,complete
523101,20250114000010,00398792,SNT모티브,064960,주요사항보고서(무상증자결정),2025-01-14,KOSPI,24683.0,25620.0,26088.0,28044.0,0.037961349916946885,0.05692176801847415,0.1361665923915245,,2025-01-14,2025-01-15,2025-01-16,2025-01-21,NAVER_FINANCE_DOMESTIC_INDEX_DAILY,KOSPI,2497.4,2496.81,2527.49,2518.03,-0.00023624569552338492,0.01204853047169041,0.008260591014655372,0.03819759561247027,0.04487323754678374,0.12790600137686914,complete
512900,20250207000178,00256380,유아이엘,049520,주요사항보고서(무상증자결정),2025-02-07,KOSDAQ,3967.0,4123.0,4271.0,4183.0,0.03932442651877999,0.07663221578018664,0.05444920594907998,,2025-02-07,2025-02-10,2025-02-11,2025-02-14,NAVER_FINANCE_DOMESTIC_INDEX_DAILY,KOSDAQ,742.9,749.67,749.59,756.32,0.009112935792165766,0.0090052496971329,0.018064342441782344,0.03021149072661422,0.06762696608305374,0.03638486350729764,complete
512902,20250207900199,00256380,유아이엘,049520,주권매매거래정지              (무상증자),2025-02-07,KOSDAQ,3967.0,4123.0,4271.0,4183.0,0.03932442651877999,0.07663221578018664,0.05444920594907998,,2025-02-07,2025-02-10,2025-02-11,2025-02-14,NAVER_FINANCE_DOMESTIC_INDEX_DAILY,KOSDAQ,742.9,749.67,749.59,756.32,0.009112935792165766,0.0090052496971329,0.018064342441782344,0.03021149072661422,0.06762696608305374,0.03638486350729764,complete
501515,20250220900726,00256380,유아이엘,049520,권리락              (무상증자),2025-02-20,KOSDAQ,4380.0,4285.0,4220.0,4320.0,-0.02168949771689499,-0.0365296803652968,-0.013698630136986356,,2025-02-20,2025-02-21,2025-02-24,2025-02-27,NAVER_FINANCE_DOMESTIC_INDEX_DAILY,KOSDAQ,768.27,774.65,773.33,770.85,0.00830437216082891,0.006586226196519496,0.0033581943847866835,-0.0299938698777239,-0.0431159065618163,-0.01705682452177304,complete
508960,20250212000715,00384717,비엘팜텍,065170,주요사항보고서(무상증자결정),2025-02-12,KOSDAQ,637.0,828.0,730.0,798.0,0.2998430141287285,0.14599686028257453,0.25274725274725274,,2025-02-12,2025-02-13,2025-02-14,2025-02-19,NAVER_FINANCE_DOMESTIC_INDEX_DAILY,KOSDAQ,745.18,749.28,756.32,778.27,0.005502026356048129,0.01494940819667745,0.044405378566252596,0.29434098777268036,0.13104745208589708,0.20834187418100014,complete
508962,20250212900719,00384717,비엘팜텍,065170,주권매매거래정지              (무상증자),2025-02-12,KOSDAQ,637.0,828.0,730.0,798.0,0.2998430141287285,0.14599686028257453,0.25274725274725274,,2025-02-12,2025-02-13,2025-02-14,2025-02-19,NAVER_FINANCE_DOMESTIC_INDEX_DAILY,KOSDAQ,745.18,749.28,756.32,778.27,0.005502026356048129,0.01494940819667745,0.044405378566252596,0.29434098777268036,0.13104745208589708,0.20834187418100014,complete
498095,20250225901160,00384717,비엘팜텍,065170,권리락              (무상증자),2025-02-25,KOSDAQ,1112.0,1445.0,1878.0,2120.0,0.2994604316546763,0.6888489208633093,0.9064748201438848,,2025-02-25,2025-02-26,2025-02-27,2025-03-05,NAVER_FINANCE_DOMESTIC_INDEX_DAILY,KOSDAQ,769.43,771.41,770.85,746.95,0.002573333506621811,0.0018455220097994829,-0.029216432943867443,0.2968870981480545,0.6870033988535098,0.9356912530877523,complete
473843,20250319000044,00332927,제이에스코퍼레이션,194370,주요사항보고서(무상증자결정),2025-03-19,KOSPI,8925.0,8715.0,8770.0,8770.0,-0.02352941176470591,-0.017366946778711534,-0.017366946778711534,,2025-03-19,2025-03-20,2025-03-21,2025-03-26,NAVER_FINANCE_DOMESTIC_INDEX_DAILY,KOSPI,2628.62,2637.1,2643.13,2643.94,0.0032260273451469867,0.005520006695528545,0.005828153175430506,-0.026755439109852897,-0.02288695347424008,-0.02319509995414204,complete
449947,20250401003296,01181807,형지글로벌,308100,주요사항보고서(유무상증자결정),2025-04-01,KOSDAQ,7261.0,9436.0,9436.0,10573.0,0.29954551714639854,0.29954551714639854,0.45613551852361933,,2025-04-01,2025-04-02,2025-04-03,2025-04-08,NAVER_FINANCE_DOMESTIC_INDEX_DAILY,KOSDAQ,691.45,684.85,683.49,658.45,-0.009545158724419744,-0.011512039916118377,-0.0477257936220985,0.3090906758708183,0.3110575570625169,0.5038613121457178,complete
449951,20250401900783,01181807,형지글로벌,308100,주권매매거래정지              (무상증자),2025-04-01,KOSDAQ,7261.0,9436.0,9436.0,10573.0,0.29954551714639854,0.29954551714639854,0.45613551852361933,,2025-04-01,2025-04-02,2025-04-03,2025-04-08,NAVER_FINANCE_DOMESTIC_INDEX_DAILY,KOSDAQ,691.45,684.85,683.49,658.45,-0.009545158724419744,-0.011512039916118377,-0.0477257936220985,0.3090906758708183,0.3110575570625169,0.5038613121457178,complete
366084,20250721900432,01181807,형지글로벌,308100,권리락              (무상증자),2025-07-21,KOSDAQ,4475.0,3890.0,4045.0,3200.0,-0.13072625698324025,-0.09608938547486034,-0.2849162011173184,,2025-07-21,2025-07-22,2025-07-23,2025-07-28,NAVER_FINANCE_DOMESTIC_INDEX_DAILY,KOSDAQ,821.69,812.97,813.56,804.4,-0.010612274702138325,-0.009894242354172578,-0.02104199880733615,-0.12011398228110193,-0.08619514312068777,-0.26387420230998226,complete
436190,20250407000700,01563667,더즌,462860,주요사항보고서(무상증자결정),2025-04-07,KOSDAQ,2709.0,2479.0,2549.0,2749.0,-0.08490217792543375,-0.05906238464378,0.014765596160944972,,2025-04-07,2025-04-08,2025-04-09,2025-04-14,NAVER_FINANCE_DOMESTIC_INDEX_DAILY,KOSDAQ,651.3,658.45,643.39,708.98,0.010978043912175828,-0.012144940887455768,0.08856133886074025,-0.09588022183760958,-0.04691744375632423,-0.07379574269979527,complete
436191,20250407900353,01563667,더즌,462860,주권매매거래정지              (무상증자),2025-04-07,KOSDAQ,2709.0,2479.0,2549.0,2749.0,-0.08490217792543375,-0.05906238464378,0.014765596160944972,,2025-04-07,2025-04-08,2025-04-09,2025-04-14,NAVER_FINANCE_DOMESTIC_INDEX_DAILY,KOSDAQ,651.3,658.45,643.39,708.98,0.010978043912175828,-0.012144940887455768,0.08856133886074025,-0.09588022183760958,-0.04691744375632423,-0.07379574269979527,complete
413620,20250418900945,01563667,더즌,462860,권리락              (무상증자),2025-04-18,KOSDAQ,2850.0,3370.0,3040.0,3075.0,0.1824561403508771,0.06666666666666665,0.07894736842105265,,2025-04-18,2025-04-21,2025-04-22,2025-04-25,NAVER_FINANCE_DOMESTIC_INDEX_DAILY,KOSDAQ,717.77,715.45,716.12,729.69,-0.003232233166613141,-0.0022987865193585533,0.016606991097426915,0.18568837351749024,0.0689654531860252,0.06234037732362574,complete
415714,20250415000288,01559637,블루엠텍,439580,주요사항보고서(무상증자결정),2025-04-15,KOSDAQ,3752.0,4229.0,4159.0,4272.0,0.12713219616204685,0.10847547974413652,0.1385927505330491,,2025-04-15,2025-04-16,2025-04-17,2025-04-22,NAVER_FINANCE_DOMESTIC_INDEX_DAILY,KOSDAQ,711.92,699.11,711.75,716.12,-0.017993594785930878,-0.00023879087537914678,0.005899539274075716,0.14512579094797773,0.10871427061951566,0.13269321125897338,complete
415713,20250415900442,01559637,블루엠텍,439580,주권매매거래정지              (무상증자),2025-04-15,KOSDAQ,3752.0,4229.0,4159.0,4272.0,0.12713219616204685,0.10847547974413652,0.1385927505330491,,2025-04-15,2025-04-16,2025-04-17,2025-04-22,NAVER_FINANCE_DOMESTIC_INDEX_DAILY,KOSDAQ,711.92,699.11,711.75,716.12,-0.017993594785930878,-0.00023879087537914678,0.005899539274075716,0.14512579094797773,0.10871427061951566,0.13269321125897338,complete
404860,20250507900722,01559637,블루엠텍,439580,권리락              (무상증자),2025-05-07,KOSDAQ,5770.0,7500.0,8410.0,8010.0,0.2998266897746966,0.45753899480069316,0.38821490467937614,,2025-05-07,2025-05-08,2025-05-09,2025-05-14,NAVER_FINANCE_DOMESTIC_INDEX_DAILY,KOSDAQ,722.81,729.59,722.52,739.05,0.009380058383254397,-0.00040121193674680367,0.022467868457824336,0.2904466313914422,0.45794020673743996,0.3657470362215518,complete
412173,20250423000048,01218299,에코아이,448280,주요사항보고서(무상증자결정),2025-04-23,KOSDAQ,9966.0,9500.0,9900.0,10516.0,-0.046758980533815,-0.0066225165562914245,0.05518763796909498,,2025-04-23,2025-04-24,2025-04-25,2025-04-30,NAVER_FINANCE_DOMESTIC_INDEX_DAILY,KOSDAQ,726.08,726.08,729.69,717.24,0.0,0.004971903922432741,-0.012174966945791121,-0.046758980533815,-0.011594420478724166,0.0673626049148861,complete
412174,20250423900078,01218299,에코아이,448280,주권매매거래정지              (무상증자),2025-04-23,KOSDAQ,9966.0,9500.0,9900.0,10516.0,-0.046758980533815,-0.0066225165562914245,0.05518763796909498,,2025-04-23,2025-04-24,2025-04-25,2025-04-30,NAVER_FINANCE_DOMESTIC_INDEX_DAILY,KOSDAQ,726.08,726.08,729.69,717.24,0.0,0.004971903922432741,-0.012174966945791121,-0.046758980533815,-0.011594420478724166,0.0673626049148861,complete
404859,20250507900723,01218299,에코아이,448280,권리락              (무상증자),2025-05-07,KOSDAQ,10300.0,13390.0,14130.0,14300.0,0.30000000000000004,0.3718446601941747,0.38834951456310685,,2025-05-07,2025-05-08,2025-05-09,2025-05-14,NAVER_FINANCE_DOMESTIC_INDEX_DAILY,KOSDAQ,722.81,729.59,722.52,739.05,0.009380058383254397,-0.00040121193674680367,0.022467868457824336,0.29061994161674565,0.37224587213092153,0.3658816461052825,complete
406566,20250430001118,01605282,닷밀,464580,주요사항보고서(무상증자결정),2025-04-30,KOSDAQ,3000.0,3120.0,3000.0,3210.0,0.040000000000000036,0.0,0.07000000000000006,,2025-04-30,2025-05-02,2025-05-07,2025-05-12,NAVER_FINANCE_DOMESTIC_INDEX_DAILY,KOSDAQ,717.24,721.86,722.81,725.4,0.006441358541074083,0.0077658803190006065,0.011376944955663326,0.03355864145892595,-0.0077658803190006065,0.058623055044336736,complete
406569,20250430900781,01605282,닷밀,464580,주권매매거래정지              (무상증자),2025-04-30,KOSDAQ,3000.0,3120.0,3000.0,3210.0,0.040000000000000036,0.0,0.07000000000000006,,2025-04-30,2025-05-02,2025-05-07,2025-05-12,NAVER_FINANCE_DOMESTIC_INDEX_DAILY,KOSDAQ,717.24,721.86,722.81,725.4,0.006441358541074083,0.0077658803190006065,0.011376944955663326,0.03355864145892595,-0.0077658803190006065,0.058623055044336736,complete
383735,20250611900588,01605282,닷밀,464580,권리락              (무상증자),2025-06-11,KOSDAQ,3500.0,3240.0,3020.0,2965.0,-0.07428571428571429,-0.13714285714285712,-0.1528571428571428,,2025-06-11,2025-06-12,2025-06-13,2025-06-18,NAVER_FINANCE_DOMESTIC_INDEX_DAILY,KOSDAQ,786.29,789.45,768.86,779.73,0.004018873443640381,-0.02216739370969989,-0.008342977781734429,-0.07830458772935467,-0.11497546343315723,-0.14451416507540837,complete
402446,20250513000324,00560982,바이오솔루션,086820,주요사항보고서(무상증자결정),2025-05-13,KOSDAQ,9528.0,11464.0,11313.0,11481.0,0.2031905961376994,0.18734256926952142,0.20497481108312332,,2025-05-13,2025-05-14,2025-05-15,2025-05-20,NAVER_FINANCE_DOMESTIC_INDEX_DAILY,KOSDAQ,731.88,739.05,733.23,715.55,0.009796687981636243,0.0018445646827349726,-0.02231240094004483,0.19339390815606317,0.18549800458678645,0.22728721202316815,complete
402447,20250513900419,00560982,바이오솔루션,086820,주권매매거래정지              (무상증자),2025-05-13,KOSDAQ,9528.0,11464.0,11313.0,11481.0,0.2031905961376994,0.18734256926952142,0.20497481108312332,,2025-05-13,2025-05-14,2025-05-15,2025-05-20,NAVER_FINANCE_DOMESTIC_INDEX_DAILY,KOSDAQ,731.88,739.05,733.23,715.55,0.009796687981636243,0.0018445646827349726,-0.02231240094004483,0.19339390815606317,0.18549800458678645,0.22728721202316815,complete
394004,20250526900728,00560982,바이오솔루션,086820,권리락              (무상증자),2025-05-26,KOSDAQ,11650.0,11530.0,11350.0,10920.0,-0.01030042918454932,-0.025751072961373356,-0.06266094420600854,,2025-05-26,2025-05-27,2025-05-28,2025-06-02,NAVER_FINANCE_DOMESTIC_INDEX_DAILY,KOSDAQ,725.27,727.11,728.79,740.29,0.0025369862258193265,0.004853364953741446,0.020709528865112237,-0.012837415410368647,-0.0306044379151148,-0.08337047307112078,complete
400384,20250515000352,00814582,탑런토탈솔루션,336680,주요사항보고서(무상증자결정),2025-05-15,KOSDAQ,5100.0,5365.0,5190.0,5150.0,0.05196078431372553,0.01764705882352935,0.009803921568627416,,2025-05-15,2025-05-16,2025-05-19,2025-05-22,NAVER_FINANCE_DOMESTIC_INDEX_DAILY,KOSDAQ,733.23,725.07,713.75,717.67,-0.011128840882124291,-0.02656737994899283,-0.021221172074246897,0.06308962519584982,0.04421443877252218,0.031025093642874313,complete
400386,20250515900317,00814582,탑런토탈솔루션,336680,주권매매거래정지              (무상증자),2025-05-15,KOSDAQ,5100.0,5365.0,5190.0,5150.0,0.05196078431372553,0.01764705882352935,0.009803921568627416,,2025-05-15,2025-05-16,2025-05-19,2025-05-22,NAVER_FINANCE_DOMESTIC_INDEX_DAILY,KOSDAQ,733.23,725.07,713.75,717.67,-0.011128840882124291,-0.02656737994899283,-0.021221172074246897,0.06308962519584982,0.04421443877252218,0.031025093642874313,complete
392660,20250528900424,00814582,탑런토탈솔루션,336680,권리락              (무상증자),2025-05-28,KOSDAQ,5480.0,5360.0,4920.0,5040.0,-0.021897810218978075,-0.1021897810218978,-0.08029197080291972,,2025-05-28,2025-05-29,2025-05-30,2025-06-05,NAVER_FINANCE_DOMESTIC_INDEX_DAILY,KOSDAQ,728.79,736.29,734.35,756.23,0.01029103033795753,0.007629083823872618,0.03765144966314038,-0.032188840556935605,-0.10981886484577041,-0.1179434204660601,complete
397060,20250516000332,00683007,엑스큐어,070300,주요사항보고서(유무상증자결정),2025-05-16,KOSDAQ,1957.0,1672.0,1678.0,1587.0,-0.1456310679611651,-0.14256515074093,-0.18906489524782832,,2025-05-16,2025-05-19,2025-05-20,2025-05-23,NAVER_FINANCE_DOMESTIC_INDEX_DAILY,KOSDAQ,725.07,713.75,715.55,715.98,-0.01561228571034523,-0.01312976678113853,-0.012536720592494555,-0.13001878225081986,-0.12943538395979148,-0.17652817465533377,complete
397061,20250516900382,00683007,엑스큐어,070300,주권매매거래정지              (무상증자),2025-05-16,KOSDAQ,1957.0,1672.0,1678.0,1587.0,-0.1456310679611651,-0.14256515074093,-0.18906489524782832,,2025-05-16,2025-05-19,2025-05-20,2025-05-23,NAVER_FINANCE_DOMESTIC_INDEX_DAILY,KOSDAQ,725.07,713.75,715.55,715.98,-0.01561228571034523,-0.01312976678113853,-0.012536720592494555,-0.13001878225081986,-0.12943538395979148,-0.17652817465533377,complete
348030,20250819900304,00683007,엑스큐어,070300,권리락              (무상증자),2025-08-19,KOSDAQ,1738.0,1509.0,1471.0,1250.0,-0.13176064441887225,-0.15362485615650168,-0.28078250863060994,,2025-08-19,2025-08-20,2025-08-21,2025-08-26,NAVER_FINANCE_DOMESTIC_INDEX_DAILY,KOSDAQ,787.96,777.61,777.24,801.66,-0.013135184527133359,-0.013604751510228996,0.017386669374079844,-0.1186254598917389,-0.14002010464627268,-0.2981691780046898,complete
394628,20250523000564,00608802,텔콘RF제약,200230,주요사항보고서(유무상증자결정),2025-05-23,KOSDAQ,1074.0,981.0,890.0,934.0,-0.08659217877094971,-0.17132216014897583,-0.13035381750465547,,2025-05-23,2025-05-26,2025-05-27,2025-05-30,NAVER_FINANCE_DOMESTIC_INDEX_DAILY,KOSDAQ,715.98,725.27,727.11,734.35,0.012975222771585804,0.015545126958853572,0.025657141260928995,-0.09956740154253552,-0.1868672871078294,-0.15601095876558446,complete
394629,20250523900556,00608802,텔콘RF제약,200230,주권매매거래정지              (무상증자),2025-05-23,KOSDAQ,1074.0,981.0,890.0,934.0,-0.08659217877094971,-0.17132216014897583,-0.13035381750465547,,2025-05-23,2025-05-26,2025-05-27,2025-05-30,NAVER_FINANCE_DOMESTIC_INDEX_DAILY,KOSDAQ,715.98,725.27,727.11,734.35,0.012975222771585804,0.015545126958853572,0.025657141260928995,-0.09956740154253552,-0.1868672871078294,-0.15601095876558446,complete
346921,20250821900469,00608802,텔콘RF제약,200230,권리락              (무상증자),2025-08-21,KOSDAQ,1917.0,2490.0,3235.0,3270.0,0.29890453834115815,0.6875326030255609,0.7057902973395931,,2025-08-21,2025-08-22,2025-08-25,2025-08-28,NAVER_FINANCE_DOMESTIC_INDEX_DAILY,KOSDAQ,777.24,782.51,798.02,798.43,0.006780402449693801,0.02673562863465584,0.027263136225618823,0.29212413589146435,0.660796974390905,0.6785271611139743,complete
393953,20250526000418,00413046,셀트리온,068270,주요사항보고서(무상증자결정),2025-05-26,KOSPI,140469.0,142855.0,143223.0,147814.0,0.016985954196299557,0.01960574931123582,0.052289117171760324,,2025-05-26,2025-05-27,2025-05-28,2025-06-02,NAVER_FINANCE_DOMESTIC_INDEX_DAILY,KOSPI,2644.4,2637.22,2670.15,2698.97,-0.0027151716835578377,0.009737558614430597,0.02063606111027072,0.019701125879857395,0.009868190696805224,0.031653056061489604,complete
4355,20260521000101,00413046,셀트리온,068270,주요사항보고서(무상증자결정),2026-05-21,KOSPI,180720.0,189394.0,185867.0,183865.0,0.04799690128375378,0.028480522355024407,0.017402611775121812,,2026-05-21,2026-05-22,2026-05-26,2026-05-29,NAVER_FINANCE_DOMESTIC_INDEX_DAILY,KOSPI,7815.59,7847.71,8047.51,8476.15,0.004109734517803609,0.029674023330292343,0.08451825134122948,0.04388716676595017,-0.001193500975267936,-0.06711563956610767,complete
384785,20250610000015,01237434,플리토,300080,주요사항보고서(무상증자결정),2025-06-10,KOSDAQ,9439.0,9289.0,8989.0,9806.0,-0.01589151393156052,-0.04767454179468167,0.03888123741921823,,2025-06-10,2025-06-11,2025-06-12,2025-06-17,NAVER_FINANCE_DOMESTIC_INDEX_DAILY,KOSDAQ,771.2,786.29,789.45,775.65,0.019566908713692932,0.0236644190871369,0.005770228215767448,-0.03545842264525345,-0.07133896088181857,0.03311100920345078,complete
384786,20250610900058,01237434,플리토,300080,주권매매거래정지              (무상증자),2025-06-10,KOSDAQ,9439.0,9289.0,8989.0,9806.0,-0.01589151393156052,-0.04767454179468167,0.03888123741921823,,2025-06-10,2025-06-11,2025-06-12,2025-06-17,NAVER_FINANCE_DOMESTIC_INDEX_DAILY,KOSDAQ,771.2,786.29,789.45,775.65,0.019566908713692932,0.0236644190871369,0.005770228215767448,-0.03545842264525345,-0.07133896088181857,0.03311100920345078,complete
379107,20250623900404,01237434,플리토,300080,권리락              (무상증자),2025-06-23,KOSDAQ,10340.0,11330.0,11140.0,11660.0,0.0957446808510638,0.07736943907156668,0.12765957446808507,,2025-06-23,2025-06-24,2025-06-25,2025-06-30,NAVER_FINANCE_DOMESTIC_INDEX_DAILY,KOSDAQ,784.79,800.93,798.21,781.5,0.020566011289644415,0.017100115954586714,-0.0041922042839485085,0.07517866956141939,0.06026932311697997,0.13185177875203358,complete
382094,20250616000087,01110182,SCL사이언스,246960,주요사항보고서(무상증자결정),2025-06-16,KOSDAQ,2550.0,2512.0,2572.0,2797.0,-0.014901960784313717,0.008627450980392082,0.09686274509803927,,2025-06-16,2025-06-17,2025-06-18,2025-06-23,NAVER_FINANCE_DOMESTIC_INDEX_DAILY,KOSDAQ,777.26,775.65,779.73,784.79,-0.0020713789465558463,0.003177829812418098,0.009687877930165012,-0.01283058183775787,0.005449621167973984,0.08717486716787426,complete
382095,20250616900273,01110182,SCL사이언스,246960,주권매매거래정지              (무상증자),2025-06-16,KOSDAQ,2550.0,2512.0,2572.0,2797.0,-0.014901960784313717,0.008627450980392082,0.09686274509803927,,2025-06-16,2025-06-17,2025-06-18,2025-06-23,NAVER_FINANCE_DOMESTIC_INDEX_DAILY,KOSDAQ,777.26,775.65,779.73,784.79,-0.0020713789465558463,0.003177829812418098,0.009687877930165012,-0.01283058183775787,0.005449621167973984,0.08717486716787426,complete
375606,20250627900914,01110182,SCL사이언스,246960,권리락              (무상증자),2025-06-27,KOSDAQ,3110.0,4040.0,3505.0,3240.0,0.2990353697749195,0.12700964630225076,0.04180064308681675,,2025-06-27,2025-06-30,2025-07-01,2025-07-04,NAVER_FINANCE_DOMESTIC_INDEX_DAILY,KOSDAQ,781.56,781.5,783.67,775.8,-7.676953784729879e-05,0.0026997287476329124,-0.007369875633348677,0.2991121393127668,0.12430991755461784,0.049170518720165424,complete
375860,20250627000646,01135084,에스와이스틸텍,365330,주요사항보고서(유무상증자결정),2025-06-27,KOSDAQ,4934.0,4060.0,3995.0,3945.0,-0.1771382245642481,-0.19031211998378594,-0.20044588569112287,,2025-06-27,2025-06-30,2025-07-01,2025-07-04,NAVER_FINANCE_DOMESTIC_INDEX_DAILY,KOSDAQ,781.56,781.5,783.67,775.8,-7.676953784729879e-05,0.0026997287476329124,-0.007369875633348677,-0.1770614550264008,-0.19301184873141886,-0.1930760100577742,complete
335092,20250911900406,01135084,에스와이스틸텍,365330,권리락              (무상증자),2025-09-11,KOSDAQ,4190.0,4250.0,4265.0,4095.0,0.014319809069212486,0.017899761336515496,-0.022673031026252954,,2025-09-11,2025-09-12,2025-09-15,2025-09-18,NAVER_FINANCE_DOMESTIC_INDEX_DAILY,KOSDAQ,834.76,847.08,852.69,857.11,0.0147587330490202,0.02147922756241316,0.026774162633571352,-0.0004389239798077149,-0.003579466225897665,-0.04944719365982431,complete
375054,20250630000389,00876865,네오오토,212560,주요사항보고서(무상증자결정),2025-06-30,KOSDAQ,5565.0,5906.0,6193.0,6546.0,0.06127583108715173,0.1128481581311771,0.17628032345013467,,2025-06-30,2025-07-01,2025-07-02,2025-07-07,NAVER_FINANCE_DOMESTIC_INDEX_DAILY,KOSDAQ,781.5,783.67,782.17,778.46,0.0027767114523351566,0.0008573256557899978,-0.003889955214331331,0.058499119634816577,0.1119908324753871,0.180170278664466,complete
375053,20250630900356,00876865,네오오토,212560,주권매매거래정지              (무상증자),2025-06-30,KOSDAQ,5565.0,5906.0,6193.0,6546.0,0.06127583108715173,0.1128481581311771,0.17628032345013467,,2025-06-30,2025-07-01,2025-07-02,2025-07-07,NAVER_FINANCE_DOMESTIC_INDEX_DAILY,KOSDAQ,781.5,783.67,782.17,778.46,0.0027767114523351566,0.0008573256557899978,-0.003889955214331331,0.058499119634816577,0.1119908324753871,0.180170278664466,complete
369300,20250711900396,00876865,네오오토,212560,권리락              (무상증자),2025-07-11,KOSDAQ,6420.0,6150.0,6220.0,6130.0,-0.04205607476635509,-0.031152647975077885,-0.04517133956386288,,2025-07-11,2025-07-14,2025-07-15,2025-07-18,NAVER_FINANCE_DOMESTIC_INDEX_DAILY,KOSDAQ,800.47,799.37,812.88,820.67,-0.0013741926618112688,0.01550339175734261,0.025235174335078048,-0.04068188210454382,-0.046656039732420496,-0.07040651389894093,complete
370374,20250710000053,00763701,헥토파이낸셜,234340,주요사항보고서(무상증자결정),2025-07-10,KOSDAQ,19013.0,19149.0,18777.0,18269.0,0.007153000578551616,-0.012412559827486458,-0.039131120812075926,,2025-07-10,2025-07-11,2025-07-14,2025-07-17,NAVER_FINANCE_DOMESTIC_INDEX_DAILY,KOSDAQ,797.7,800.47,799.37,818.27,0.0034724833897454843,0.002093518866741917,0.025786636580168,0.0036805171888061317,-0.014506078694228375,-0.06491775739224392,complete
370375,20250710900056,00763701,헥토파이낸셜,234340,주권매매거래정지              (무상증자),2025-07-10,KOSDAQ,19013.0,19149.0,18777.0,18269.0,0.007153000578551616,-0.012412559827486458,-0.039131120812075926,,2025-07-10,2025-07-11,2025-07-14,2025-07-17,NAVER_FINANCE_DOMESTIC_INDEX_DAILY,KOSDAQ,797.7,800.47,799.37,818.27,0.0034724833897454843,0.002093518866741917,0.025786636580168,0.0036805171888061317,-0.014506078694228375,-0.06491775739224392,complete
365270,20250723900424,00763701,헥토파이낸셜,234340,권리락              (무상증자),2025-07-23,KOSDAQ,18980.0,18220.0,20250.0,18340.0,-0.04004214963119068,0.0669125395152792,-0.0337197049525817,,2025-07-23,2025-07-24,2025-07-25,2025-07-30,NAVER_FINANCE_DOMESTIC_INDEX_DAILY,KOSDAQ,813.56,809.89,806.95,803.67,-0.004511037907468318,-0.008124784896012427,-0.012156448202959802,-0.035531111723722364,0.07503732441129163,-0.021563256749621895,complete
370082,20250710000399,00313649,현대바이오,048410,주요사항보고서(무상증자결정),2025-07-10,KOSDAQ,5410.0,6960.0,7050.0,7010.0,0.2865064695009243,0.3031423290203328,0.29574861367837335,,2025-07-10,2025-07-11,2025-07-14,2025-07-17,NAVER_FINANCE_DOMESTIC_INDEX_DAILY,KOSDAQ,797.7,800.47,799.37,818.27,0.0034724833897454843,0.002093518866741917,0.025786636580168,0.2830339861111788,0.30104881015359086,0.26996197709820535,complete
370084,20250710900301,00313649,현대바이오,048410,주권매매거래정지              (무상증자),2025-07-10,KOSDAQ,5410.0,6960.0,7050.0,7010.0,0.2865064695009243,0.3031423290203328,0.29574861367837335,,2025-07-10,2025-07-11,2025-07-14,2025-07-17,NAVER_FINANCE_DOMESTIC_INDEX_DAILY,KOSDAQ,797.7,800.47,799.37,818.27,0.0034724833897454843,0.002093518866741917,0.025786636580168,0.2830339861111788,0.30104881015359086,0.26996197709820535,complete
365269,20250723900426,00313649,현대바이오,048410,권리락              (무상증자),2025-07-23,KOSDAQ,7090.0,6780.0,6320.0,5950.0,-0.04372355430183361,-0.10860366713681247,-0.16078984485190406,,2025-07-23,2025-07-24,2025-07-25,2025-07-30,NAVER_FINANCE_DOMESTIC_INDEX_DAILY,KOSDAQ,813.56,809.89,806.95,803.67,-0.004511037907468318,-0.008124784896012427,-0.012156448202959802,-0.03921251639436529,-0.10047888224080004,-0.14863339664894426,complete
366579,20250718000542,01516368,산돌,419120,주요사항보고서(무상증자결정),2025-07-18,KOSDAQ,5573.0,6205.0,7428.0,8784.0,0.11340391171720787,0.3328548358155392,0.5761708236138525,,2025-07-18,2025-07-21,2025-07-22,2025-07-25,NAVER_FINANCE_DOMESTIC_INDEX_DAILY,KOSDAQ,820.67,821.69,812.97,806.95,0.0012428869094764927,-0.00938257764996886,-0.01671804744903549,0.11216102480773138,0.34223741346550807,0.592888871062888,complete
366580,20250718900557,01516368,산돌,419120,주권매매거래정지              (무상증자),2025-07-18,KOSDAQ,5573.0,6205.0,7428.0,8784.0,0.11340391171720787,0.3328548358155392,0.5761708236138525,,2025-07-18,2025-07-21,2025-07-22,2025-07-25,NAVER_FINANCE_DOMESTIC_INDEX_DAILY,KOSDAQ,820.67,821.69,812.97,806.95,0.0012428869094764927,-0.00938257764996886,-0.01671804744903549,0.11216102480773138,0.34223741346550807,0.592888871062888,complete
359271,20250804900413,01516368,산돌,419120,권리락              (무상증자),2025-08-04,KOSDAQ,7870.0,7220.0,6730.0,6550.0,-0.08259212198221089,-0.14485387547649298,-0.16772554002541296,,2025-08-04,2025-08-05,2025-08-06,2025-08-11,NAVER_FINANCE_DOMESTIC_INDEX_DAILY,KOSDAQ,784.06,798.6,803.49,811.85,0.018544499145473736,0.02478126673979042,0.035443716042139695,-0.10113662112768462,-0.1696351422162834,-0.20316925606755265,complete
365001,20250724000063,01233465,동국생명과학,303810,주요사항보고서(무상증자결정),2025-07-24,KOSDAQ,4830.0,4900.0,5015.0,5150.0,0.01449275362318847,0.038302277432712195,0.0662525879917184,,2025-07-24,2025-07-25,2025-07-28,2025-07-31,NAVER_FINANCE_DOMESTIC_INDEX_DAILY,KOSDAQ,809.89,806.95,804.4,805.24,-0.003630122609243114,-0.006778698341750156,-0.005741520453394933,0.018122876232431584,0.04508097577446235,0.07199410844511334,complete
365002,20250724900076,01233465,동국생명과학,303810,주권매매거래정지              (무상증자),2025-07-24,KOSDAQ,4830.0,4900.0,5015.0,5150.0,0.01449275362318847,0.038302277432712195,0.0662525879917184,,2025-07-24,2025-07-25,2025-07-28,2025-07-31,NAVER_FINANCE_DOMESTIC_INDEX_DAILY,KOSDAQ,809.89,806.95,804.4,805.24,-0.003630122609243114,-0.006778698341750156,-0.005741520453394933,0.018122876232431584,0.04508097577446235,0.07199410844511334,complete
358373,20250806900481,01233465,동국생명과학,303810,권리락              (무상증자),2025-08-06,KOSDAQ,4890.0,4620.0,4570.0,4415.0,-0.05521472392638038,-0.06543967280163598,-0.09713701431492838,,2025-08-06,2025-08-07,2025-08-08,2025-08-13,NAVER_FINANCE_DOMESTIC_INDEX_DAILY,KOSDAQ,803.49,805.81,809.27,814.1,0.0028874037013528753,0.007193617842163436,0.013204893651445504,-0.05810212762773326,-0.07263329064379942,-0.11034190796637389,complete
359557,20250804000008,01370863,그린리소스,402490,주요사항보고서(무상증자결정),2025-08-04,KOSDAQ,8284.0,8425.0,8204.0,8610.0,0.01702076291646537,-0.00965717044905845,0.03935296957991308,,2025-08-04,2025-08-05,2025-08-06,2025-08-11,NAVER_FINANCE_DOMESTIC_INDEX_DAILY,KOSDAQ,784.06,798.6,803.49,811.85,0.018544499145473736,0.02478126673979042,0.035443716042139695,-0.0015237362290083656,-0.03443843718884887,0.003909253537773383,complete
359558,20250804900066,01370863,그린리소스,402490,주권매매거래정지              (무상증자),2025-08-04,KOSDAQ,8284.0,8425.0,8204.0,8610.0,0.01702076291646537,-0.00965717044905845,0.03935296957991308,,2025-08-04,2025-08-05,2025-08-06,2025-08-11,NAVER_FINANCE_DOMESTIC_INDEX_DAILY,KOSDAQ,784.06,798.6,803.49,811.85,0.018544499145473736,0.02478126673979042,0.035443716042139695,-0.0015237362290083656,-0.03443843718884887,0.003909253537773383,complete
348344,20250818900419,01370863,그린리소스,402490,권리락              (무상증자),2025-08-18,KOSDAQ,8410.0,7850.0,7490.0,10800.0,-0.06658739595719376,-0.10939357907253267,0.2841854934601664,,2025-08-18,2025-08-19,2025-08-20,2025-08-25,NAVER_FINANCE_DOMESTIC_INDEX_DAILY,KOSDAQ,798.05,787.96,777.61,798.02,-0.012643318087839028,-0.025612430298853406,-3.7591629597155674e-05,-0.053944077869354734,-0.08378114877367926,0.28422308508976357,complete
359446,20250804000119,01217829,엔에프씨,265740,주요사항보고서(무상증자결정),2025-08-04,KOSDAQ,5280.0,5915.0,5800.0,5490.0,0.1202651515151516,0.0984848484848484,0.03977272727272729,,2025-08-04,2025-08-05,2025-08-06,2025-08-11,NAVER_FINANCE_DOMESTIC_INDEX_DAILY,KOSDAQ,784.06,798.6,803.49,811.85,0.018544499145473736,0.02478126673979042,0.035443716042139695,0.10172065236967787,0.07370358174505798,0.004329011230587598,complete
359447,20250804900202,01217829,엔에프씨,265740,주권매매거래정지              (무상증자),2025-08-04,KOSDAQ,5280.0,5915.0,5800.0,5490.0,0.1202651515151516,0.0984848484848484,0.03977272727272729,,2025-08-04,2025-08-05,2025-08-06,2025-08-11,NAVER_FINANCE_DOMESTIC_INDEX_DAILY,KOSDAQ,784.06,798.6,803.49,811.85,0.018544499145473736,0.02478126673979042,0.035443716042139695,0.10172065236967787,0.07370358174505798,0.004329011230587598,complete
348343,20250818900420,01217829,엔에프씨,265740,권리락              (무상증자),2025-08-18,KOSDAQ,5700.0,5280.0,5230.0,5210.0,-0.0736842105263158,-0.08245614035087723,-0.0859649122807018,,2025-08-18,2025-08-19,2025-08-20,2025-08-25,NAVER_FINANCE_DOMESTIC_INDEX_DAILY,KOSDAQ,798.05,787.96,777.61,798.02,-0.012643318087839028,-0.025612430298853406,-3.7591629597155674e-05,-0.06104089243847677,-0.05684371005202382,-0.08592732065110464,complete
348257,20250818000226,01700587,이노스페이스,462350,주요사항보고서(유무상증자결정),2025-08-18,KOSDAQ,7430.0,5579.0,5579.0,5932.0,-0.24912516823687747,-0.24912516823687747,-0.20161507402422607,,2025-08-18,2025-08-19,2025-08-20,2025-08-25,NAVER_FINANCE_DOMESTIC_INDEX_DAILY,KOSDAQ,798.05,787.96,777.61,798.02,-0.012643318087839028,-0.025612430298853406,-3.7591629597155674e-05,-0.23648185014903844,-0.22351273793802406,-0.20157748239462892,complete
348256,20250818900523,01700587,이노스페이스,462350,주권매매거래정지              (무상증자),2025-08-18,KOSDAQ,7430.0,5579.0,5579.0,5932.0,-0.24912516823687747,-0.24912516823687747,-0.20161507402422607,,2025-08-18,2025-08-19,2025-08-20,2025-08-25,NAVER_FINANCE_DOMESTIC_INDEX_DAILY,KOSDAQ,798.05,787.96,777.61,798.02,-0.012643318087839028,-0.025612430298853406,-3.7591629597155674e-05,-0.23648185014903844,-0.22351273793802406,-0.20157748239462892,complete
305238,20251119900416,01700587,이노스페이스,462350,권리락              (무상증자),2025-11-19,KOSDAQ,9538.0,10521.0,9671.0,7777.0,0.10306143845669946,0.013944223107569709,-0.1846299014468442,,2025-11-19,2025-11-20,2025-11-21,2025-11-26,NAVER_FINANCE_DOMESTIC_INDEX_DAILY,KOSDAQ,871.32,891.94,863.95,877.32,0.02366524353853916,-0.008458430886471136,0.006886103842445923,0.0793961949181603,0.022402653994040844,-0.19151600528929014,complete
122594,20260604000654,01700587,이노스페이스,462350,주요사항보고서(무상증자결정),2026-06-05,KOSDAQ,11809.0,12551.0,12743.0,13168.0,0.06283343212803794,0.0790922177999831,0.11508171733423667,,2026-06-05,2026-06-08,2026-06-09,2026-06-12,NAVER_FINANCE_DOMESTIC_INDEX_DAILY,KOSDAQ,1002.44,911.39,967.81,1029.05,-0.09082837875583583,-0.034545708471330094,0.02654522963967909,0.15366181088387376,0.1136379262713132,0.08853648769455758,complete
116442,20260617900526,01700587,이노스페이스,462350,권리락              (무상증자),2026-06-17,KOSDAQ,12660.0,11910.0,11110.0,8700.0,-0.05924170616113744,-0.12243285939968407,-0.3127962085308057,,2026-06-17,2026-06-18,2026-06-19,2026-06-24,NAVER_FINANCE_DOMESTIC_INDEX_DAILY,KOSDAQ,1031.96,1000.93,966.59,909.31,-0.030068994922283876,-0.06334547850691885,-0.11885150587232074,-0.029172711238853566,-0.05908738089276522,-0.19394470265848496,complete
347210,20250821000203,01023211,와이제이링크,209640,주요사항보고서(무상증자결정),2025-08-21,KOSDAQ,3775.0,3635.0,3715.0,3755.0,-0.03708609271523178,-0.015894039735099286,-0.005298013245033095,,2025-08-21,2025-08-22,2025-08-25,2025-08-28,NAVER_FINANCE_DOMESTIC_INDEX_DAILY,KOSDAQ,777.24,782.51,798.02,798.43,0.006780402449693801,0.02673562863465584,0.027263136225618823,-0.04386649516492558,-0.042629668369755125,-0.03256114947065192,complete
347209,20250821900136,01023211,와이제이링크,209640,주권매매거래정지              (무상증자),2025-08-21,KOSDAQ,3775.0,3635.0,3715.0,3755.0,-0.03708609271523178,-0.015894039735099286,-0.005298013245033095,,2025-08-21,2025-08-22,2025-08-25,2025-08-28,NAVER_FINANCE_DOMESTIC_INDEX_DAILY,KOSDAQ,777.24,782.51,798.02,798.43,0.006780402449693801,0.02673562863465584,0.027263136225618823,-0.04386649516492558,-0.042629668369755125,-0.03256114947065192,complete
338554,20250903900318,01023211,와이제이링크,209640,권리락              (무상증자),2025-09-03,KOSDAQ,3830.0,3820.0,3610.0,4075.0,-0.0026109660574412663,-0.057441253263707526,0.06396866840731064,,2025-09-03,2025-09-04,2025-09-05,2025-09-10,NAVER_FINANCE_DOMESTIC_INDEX_DAILY,KOSDAQ,796.81,805.42,811.4,833.0,0.010805587279276052,0.018310513171270415,0.045418606694193064,-0.013416553336717318,-0.07575176643497794,0.01855006171311757,complete
345954,20250825000144,01540815,스튜디오삼익,415380,주요사항보고서(무상증자결정),2025-08-25,KOSDAQ,3872.0,3653.0,4063.0,4146.0,-0.056559917355371914,0.049328512396694224,0.07076446280991733,,2025-08-25,2025-08-26,2025-08-27,2025-09-01,NAVER_FINANCE_DOMESTIC_INDEX_DAILY,KOSDAQ,798.02,801.66,801.72,785.0,0.004561289190747164,0.004636475276308838,-0.01631538056690307,-0.06112120654611908,0.044692037120385386,0.0870798433768204,complete
345953,20250825900114,01540815,스튜디오삼익,415380,주권매매거래정지              (무상증자),2025-08-25,KOSDAQ,3872.0,3653.0,4063.0,4146.0,-0.056559917355371914,0.049328512396694224,0.07076446280991733,,2025-08-25,2025-08-26,2025-08-27,2025-09-01,NAVER_FINANCE_DOMESTIC_INDEX_DAILY,KOSDAQ,798.02,801.66,801.72,785.0,0.004561289190747164,0.004636475276308838,-0.01631538056690307,-0.06112120654611908,0.044692037120385386,0.0870798433768204,complete
337382,20250905900431,01540815,스튜디오삼익,415380,권리락              (무상증자),2025-09-05,KOSDAQ,4185.0,4540.0,4280.0,4025.0,0.08482676224611718,0.022700119474313052,-0.03823178016726403,,2025-09-05,2025-09-08,2025-09-09,2025-09-12,NAVER_FINANCE_DOMESTIC_INDEX_DAILY,KOSDAQ,811.4,818.6,824.82,847.08,0.008873551885629771,0.016539314764604462,0.04397337934434309,0.07595321036048741,0.006160804709708589,-0.08220515951160712,complete
340054,20250829002060,00977377,에이비온,203400,주요사항보고서(유무상증자결정),2025-08-29,KOSDAQ,2813.0,2457.0,2609.0,2542.0,-0.12655527906150021,-0.07252044081052256,-0.0963384287237824,,2025-08-29,2025-09-01,2025-09-02,2025-09-05,NAVER_FINANCE_DOMESTIC_INDEX_DAILY,KOSDAQ,796.91,785.0,794.0,811.4,-0.014945225935174555,-0.0036516043216925365,0.018182730797706048,-0.11161005312632566,-0.06886883648883002,-0.11452115952148845,complete
340056,20250829900783,00977377,에이비온,203400,주권매매거래정지              (무상증자),2025-08-29,KOSDAQ,2813.0,2457.0,2609.0,2542.0,-0.12655527906150021,-0.07252044081052256,-0.0963384287237824,,2025-08-29,2025-09-01,2025-09-02,2025-09-05,NAVER_FINANCE_DOMESTIC_INDEX_DAILY,KOSDAQ,796.91,785.0,794.0,811.4,-0.014945225935174555,-0.0036516043216925365,0.018182730797706048,-0.11161005312632566,-0.06886883648883002,-0.11452115952148845,complete
297982,20251128901058,00977377,에이비온,203400,권리락              (무상증자),2025-11-28,KOSDAQ,2725.0,3155.0,4100.0,3825.0,0.15779816513761458,0.5045871559633028,0.4036697247706422,,2025-11-28,2025-12-01,2025-12-02,2025-12-05,NAVER_FINANCE_DOMESTIC_INDEX_DAILY,KOSDAQ,912.67,922.38,928.42,924.74,0.010639113808934342,0.017257058958878968,0.01322493343705844,0.14715905132868023,0.48733009700442387,0.3904447913335838,complete
333350,20250917000048,01632912,온코닉테라퓨틱스,476060,주요사항보고서(무상증자결정),2025-09-17,KOSDAQ,11175.0,10187.0,11275.0,13150.0,-0.08841163310961964,0.008948545861297452,0.1767337807606264,,2025-09-17,2025-09-18,2025-09-19,2025-09-24,NAVER_FINANCE_DOMESTIC_INDEX_DAILY,KOSDAQ,845.53,857.11,863.11,860.94,0.013695551902357161,0.0207916927844074,0.018225255165399412,-0.1021071850119768,-0.011843146923109948,0.158508525595227,complete
333351,20250917900072,01632912,온코닉테라퓨틱스,476060,주권매매거래정지              (무상증자),2025-09-17,KOSDAQ,11175.0,10187.0,11275.0,13150.0,-0.08841163310961964,0.008948545861297452,0.1767337807606264,,2025-09-17,2025-09-18,2025-09-19,2025-09-24,NAVER_FINANCE_DOMESTIC_INDEX_DAILY,KOSDAQ,845.53,857.11,863.11,860.94,0.013695551902357161,0.0207916927844074,0.018225255165399412,-0.1021071850119768,-0.011843146923109948,0.158508525595227,complete
325165,20251002900645,01632912,온코닉테라퓨틱스,476060,권리락              (무상증자),2025-10-02,KOSDAQ,16300.0,21150.0,21750.0,,0.2975460122699387,0.33435582822085896,,,2025-10-02,2025-10-10,2025-10-13,,NAVER_FINANCE_DOMESTIC_INDEX_DAILY,KOSDAQ,854.25,859.49,860.49,,0.006134035703833751,0.0073046532045655255,,0.29141197656610496,0.32705117501629344,,complete
320781,20251022000060,01577952,지투지바이오,456160,주요사항보고서(무상증자결정),2025-10-22,KOSDAQ,56864.0,59932.0,57164.0,58031.0,0.053953292065278546,0.005275745638716911,0.020522650534609,,2025-10-22,2025-10-23,2025-10-24,2025-10-29,NAVER_FINANCE_DOMESTIC_INDEX_DAILY,KOSDAQ,879.15,872.03,883.08,901.59,-0.008098731729511477,0.004470226923733334,0.025524654495819865,0.06205202379479002,0.0008055187149835774,-0.005002003961210866,complete
320780,20251022900106,01577952,지투지바이오,456160,주권매매거래정지              (무상증자),2025-10-22,KOSDAQ,56864.0,59932.0,57164.0,58031.0,0.053953292065278546,0.005275745638716911,0.020522650534609,,2025-10-22,2025-10-23,2025-10-24,2025-10-29,NAVER_FINANCE_DOMESTIC_INDEX_DAILY,KOSDAQ,879.15,872.03,883.08,901.59,-0.008098731729511477,0.004470226923733334,0.025524654495819865,0.06205202379479002,0.0008055187149835774,-0.005002003961210866,complete
314753,20251104900404,01577952,지투지바이오,456160,권리락              (무상증자),2025-11-04,KOSDAQ,61700.0,61700.0,59300.0,89600.0,0.0,-0.03889789303079416,0.4521880064829822,,2025-11-04,2025-11-05,2025-11-06,2025-11-11,NAVER_FINANCE_DOMESTIC_INDEX_DAILY,KOSDAQ,926.57,901.89,898.17,884.27,-0.026635872087376056,-0.030650679387418167,-0.04565224429886583,0.026635872087376056,-0.008247213643375995,0.497840250781848,complete
319555,20251024000220,01419205,피앤에스로보틱스,460940,주요사항보고서(무상증자결정),2025-10-24,KOSDAQ,8795.0,8995.0,10650.0,10650.0,0.022740193291642896,0.21091529277998866,0.21091529277998866,,2025-10-24,2025-10-27,2025-10-28,2025-10-31,NAVER_FINANCE_DOMESTIC_INDEX_DAILY,KOSDAQ,883.08,902.7,903.3,900.42,0.02221769262128004,0.022897132762603523,0.019635820084250577,0.0005225006703628576,0.18801816001738514,0.19127947269573808,complete
319556,20251024900203,01419205,피앤에스로보틱스,460940,주권매매거래정지              (무상증자),2025-10-24,KOSDAQ,8795.0,8995.0,10650.0,10650.0,0.022740193291642896,0.21091529277998866,0.21091529277998866,,2025-10-24,2025-10-27,2025-10-28,2025-10-31,NAVER_FINANCE_DOMESTIC_INDEX_DAILY,KOSDAQ,883.08,902.7,903.3,900.42,0.02221769262128004,0.022897132762603523,0.019635820084250577,0.0005225006703628576,0.18801816001738514,0.19127947269573808,complete
313639,20251106900564,01419205,피앤에스로보틱스,460940,권리락              (무상증자),2025-11-06,KOSDAQ,10250.0,9550.0,9500.0,12110.0,-0.06829268292682922,-0.07317073170731703,0.18146341463414628,,2025-11-06,2025-11-07,2025-11-10,2025-11-13,NAVER_FINANCE_DOMESTIC_INDEX_DAILY,KOSDAQ,898.17,876.81,888.35,918.37,-0.023781689435184883,-0.010933342240333044,0.022490174465858326,-0.044510993491644335,-0.06223738946698398,0.15897324016828795,complete
317703,20251029000121,01376715,디앤디파마텍,347850,주요사항보고서(무상증자결정),2025-10-29,KOSDAQ,49699.0,55555.0,69569.0,80080.0,0.11782933258214445,0.39980683715970144,0.6113000261574679,,2025-10-29,2025-10-30,2025-10-31,2025-11-05,NAVER_FINANCE_DOMESTIC_INDEX_DAILY,KOSDAQ,901.59,890.86,900.42,901.89,-0.01190119677458712,-0.0012977073836223374,0.0003327454829800125,0.12973052935673157,0.4011045445433238,0.6109672806744879,complete
317704,20251029900245,01376715,디앤디파마텍,347850,주권매매거래정지              (무상증자),2025-10-29,KOSDAQ,49699.0,55555.0,69569.0,80080.0,0.11782933258214445,0.39980683715970144,0.6113000261574679,,2025-10-29,2025-10-30,2025-10-31,2025-11-05,NAVER_FINANCE_DOMESTIC_INDEX_DAILY,KOSDAQ,901.59,890.86,900.42,901.89,-0.01190119677458712,-0.0012977073836223374,0.0003327454829800125,0.12973052935673157,0.4011045445433238,0.6109672806744879,complete
311020,20251112900695,01376715,디앤디파마텍,347850,권리락              (무상증자),2025-11-12,KOSDAQ,74700.0,81800.0,85200.0,90300.0,0.09504685408299873,0.1405622489959839,0.20883534136546178,,2025-11-12,2025-11-13,2025-11-14,2025-11-19,NAVER_FINANCE_DOMESTIC_INDEX_DAILY,KOSDAQ,906.51,918.37,897.9,871.32,0.013083143043099321,-0.009497964721845387,-0.03881920773074754,0.08196371103989941,0.1500602137178293,0.24765454909620932,complete
315328,20251103000108,01038693,드림시큐리티,203650,주요사항보고서(무상증자결정),2025-11-03,KOSDAQ,1674.0,1834.0,1854.0,1829.0,0.09557945041816018,0.10752688172043001,0.09259259259259256,,2025-11-03,2025-11-04,2025-11-05,2025-11-10,NAVER_FINANCE_DOMESTIC_INDEX_DAILY,KOSDAQ,914.55,926.57,901.89,888.35,0.013143075829643136,-0.013842873544366086,-0.028647968946476365,0.08243637458851705,0.1213697552647961,0.12124056153906893,complete
315327,20251103900344,01038693,드림시큐리티,203650,주권매매거래정지              (무상증자),2025-11-03,KOSDAQ,1674.0,1834.0,1854.0,1829.0,0.09557945041816018,0.10752688172043001,0.09259259259259256,,2025-11-03,2025-11-04,2025-11-05,2025-11-10,NAVER_FINANCE_DOMESTIC_INDEX_DAILY,KOSDAQ,914.55,926.57,901.89,888.35,0.013143075829643136,-0.013842873544366086,-0.028647968946476365,0.08243637458851705,0.1213697552647961,0.12124056153906893,complete
306111,20251117900413,01038693,드림시큐리티,203650,권리락              (무상증자),2025-11-17,KOSDAQ,1747.0,1623.0,1634.0,1552.0,-0.07097882083571838,-0.06468231253577561,-0.11161991986262165,,2025-11-17,2025-11-18,2025-11-19,2025-11-24,NAVER_FINANCE_DOMESTIC_INDEX_DAILY,KOSDAQ,902.67,878.7,871.32,856.44,-0.02655455482069846,-0.03473030010967448,-0.051214729635414846,-0.04442426601501992,-0.029952012426101127,-0.060405190227206806,complete
312572,20251110000063,00666204,제너셈,217190,주요사항보고서(무상증자결정),2025-11-10,KOSDAQ,6076.0,6330.0,6296.0,5789.0,0.04180381830151414,0.03620803159973662,-0.047235023041474644,,2025-11-10,2025-11-11,2025-11-12,2025-11-17,NAVER_FINANCE_DOMESTIC_INDEX_DAILY,KOSDAQ,888.35,884.27,906.51,902.67,-0.004592784375527681,0.02044239320087793,0.016119772612146033,0.04639660267704182,0.015765638398858695,-0.06335479565362068,complete
312573,20251110900136,00666204,제너셈,217190,주권매매거래정지              (무상증자),2025-11-10,KOSDAQ,6076.0,6330.0,6296.0,5789.0,0.04180381830151414,0.03620803159973662,-0.047235023041474644,,2025-11-10,2025-11-11,2025-11-12,2025-11-17,NAVER_FINANCE_DOMESTIC_INDEX_DAILY,KOSDAQ,888.35,884.27,906.51,902.67,-0.004592784375527681,0.02044239320087793,0.016119772612146033,0.04639660267704182,0.015765638398858695,-0.06335479565362068,complete
304030,20251121900555,00666204,제너셈,217190,권리락              (무상증자),2025-11-21,KOSDAQ,5910.0,5100.0,5270.0,5450.0,-0.13705583756345174,-0.10829103214890012,-0.07783417935702197,,2025-11-21,2025-11-24,2025-11-25,2025-11-28,NAVER_FINANCE_DOMESTIC_INDEX_DAILY,KOSDAQ,863.95,856.44,856.03,912.67,-0.008692632675502021,-0.009167197175762531,0.05639215232362971,-0.12836320488794972,-0.09912383497313759,-0.13422633168065168,complete
311827,20251111000220,00527464,에이치시티,072990,주요사항보고서(무상증자결정),2025-11-11,KOSDAQ,6383.0,6846.0,6841.0,6998.0,0.0725364248785838,0.07175309415635289,0.09634967883440382,,2025-11-11,2025-11-12,2025-11-13,2025-11-18,NAVER_FINANCE_DOMESTIC_INDEX_DAILY,KOSDAQ,884.27,906.51,918.37,878.7,0.02515068926911468,0.03856288237755434,-0.006298981080439137,0.047385735609469126,0.03319021177879855,0.10264865991484295,complete
311828,20251111900425,00527464,에이치시티,072990,주권매매거래정지              (무상증자),2025-11-11,KOSDAQ,6383.0,6846.0,6841.0,6998.0,0.0725364248785838,0.07175309415635289,0.09634967883440382,,2025-11-11,2025-11-12,2025-11-13,2025-11-18,NAVER_FINANCE_DOMESTIC_INDEX_DAILY,KOSDAQ,884.27,906.51,918.37,878.7,0.02515068926911468,0.03856288237755434,-0.006298981080439137,0.047385735609469126,0.03319021177879855,0.10264865991484295,complete
302714,20251125900441,00527464,에이치시티,072990,권리락              (무상증자),2025-11-25,KOSDAQ,6246.0,6097.0,6057.0,6316.0,-0.02385526737111754,-0.030259365994236287,0.011207172590457892,,2025-11-25,2025-11-26,2025-11-27,2025-12-02,NAVER_FINANCE_DOMESTIC_INDEX_DAILY,KOSDAQ,856.03,877.32,880.06,928.42,0.024870623693094895,0.028071446094178887,0.0845647932899547,-0.048725891064212434,-0.058330812088415174,-0.0733576206994968,complete
311409,20251112000122,01116265,카티스,140430,주요사항보고서(무상증자결정),2025-11-12,KOSDAQ,6615.0,7000.0,6500.0,6740.0,0.05820105820105814,-0.017384731670445963,0.01889644746787611,,2025-11-12,2025-11-13,2025-11-14,2025-11-19,NAVER_FINANCE_DOMESTIC_INDEX_DAILY,KOSDAQ,906.51,918.37,897.9,871.32,0.013083143043099321,-0.009497964721845387,-0.03881920773074754,0.04511791515795882,-0.007886766948600576,0.05771565519862365,complete
311410,20251112900194,01116265,카티스,140430,주권매매거래정지              (무상증자),2025-11-12,KOSDAQ,6615.0,7000.0,6500.0,6740.0,0.05820105820105814,-0.017384731670445963,0.01889644746787611,,2025-11-12,2025-11-13,2025-11-14,2025-11-19,NAVER_FINANCE_DOMESTIC_INDEX_DAILY,KOSDAQ,906.51,918.37,897.9,871.32,0.013083143043099321,-0.009497964721845387,-0.03881920773074754,0.04511791515795882,-0.007886766948600576,0.05771565519862365,complete
301908,20251126900512,01116265,카티스,140430,권리락              (무상증자),2025-11-26,KOSDAQ,6430.0,6230.0,6125.0,8925.0,-0.031104199066874005,-0.04743390357698285,0.38802488335925345,,2025-11-26,2025-11-27,2025-11-28,2025-12-03,NAVER_FINANCE_DOMESTIC_INDEX_DAILY,KOSDAQ,877.32,880.06,912.67,932.01,0.003123147768202994,0.04029316554962836,0.06233757351935432,-0.034227346835077,-0.08772706912661121,0.32568730983989913,complete
302255,20251126000177,00154718,비츠로셀,082920,주요사항보고서(무상증자결정),2025-11-26,KOSDAQ,14786.0,14534.0,15140.0,17638.0,-0.017043148924658413,0.023941566346544096,0.1928851616393885,,2025-11-26,2025-11-27,2025-11-28,2025-12-03,NAVER_FINANCE_DOMESTIC_INDEX_DAILY,KOSDAQ,877.32,880.06,912.67,932.01,0.003123147768202994,0.04029316554962836,0.06233757351935432,-0.020166296692861407,-0.016351599203084266,0.1305475881200342,complete
302256,20251126900134,00154718,비츠로셀,082920,주권매매거래정지              (무상증자),2025-11-26,KOSDAQ,14786.0,14534.0,15140.0,17638.0,-0.017043148924658413,0.023941566346544096,0.1928851616393885,,2025-11-26,2025-11-27,2025-11-28,2025-12-03,NAVER_FINANCE_DOMESTIC_INDEX_DAILY,KOSDAQ,877.32,880.06,912.67,932.01,0.003123147768202994,0.04029316554962836,0.06233757351935432,-0.020166296692861407,-0.016351599203084266,0.1305475881200342,complete
293724,20251209900505,00154718,비츠로셀,082920,권리락              (무상증자),2025-12-09,KOSDAQ,19430.0,17820.0,17360.0,18850.0,-0.0828615542974781,-0.10653628409675764,-0.02985074626865669,,2025-12-09,2025-12-10,2025-12-11,2025-12-16,NAVER_FINANCE_DOMESTIC_INDEX_DAILY,KOSDAQ,931.35,935.0,934.64,916.11,0.003919042250496663,0.0035325065764750807,-0.016363343533580266,-0.08678059654797476,-0.11006879067323272,-0.013487402735076426,complete
302241,20251126900135,00103644,비츠로테크,042370,주요사항보고서(무상증자결정)(자회사의 주요경영사항),2025-11-26,KOSDAQ,8100.0,7900.0,7980.0,8370.0,-0.024691358024691357,-0.014814814814814836,0.03333333333333344,,2025-11-26,2025-11-27,2025-11-28,2025-12-03,NAVER_FINANCE_DOMESTIC_INDEX_DAILY,KOSDAQ,877.32,880.06,912.67,932.01,0.003123147768202994,0.04029316554962836,0.06233757351935432,-0.02781450579289435,-0.0551079803644432,-0.02900424018602088,complete
295810,20251203000369,00490090,이지케어텍,099750,주요사항보고서(무상증자결정),2025-12-04,KOSDAQ,9888.0,10659.0,11385.0,11210.0,0.07797330097087385,0.15139563106796117,0.1336974110032363,,2025-12-04,2025-12-05,2025-12-08,2025-12-11,NAVER_FINANCE_DOMESTIC_INDEX_DAILY,KOSDAQ,929.83,924.74,927.79,934.64,-0.005474118924964855,-0.0021939494316166597,0.005172988610821383,0.0834474198958387,0.15358958049957783,0.1285244223924149,complete
287334,20251217900716,00490090,이지케어텍,099750,권리락              (무상증자),2025-12-17,KOSDAQ,11110.0,10130.0,10130.0,9560.0,-0.08820882088208826,-0.08820882088208826,-0.13951395139513956,,2025-12-17,2025-12-18,2025-12-19,2025-12-24,NAVER_FINANCE_DOMESTIC_INDEX_DAILY,KOSDAQ,911.07,901.33,915.27,915.2,-0.010690726288869135,0.004609964108136522,0.0045331313730010425,-0.07751809459321912,-0.09281878499022478,-0.1440470827681406,complete
294002,20251209000084,01806951,폰드그룹,472850,주요사항보고서(무상증자결정),2025-12-09,KOSDAQ,5795.0,6014.0,5733.0,6020.0,0.03779119930974972,-0.010698878343399443,0.03882657463330452,,2025-12-09,2025-12-10,2025-12-11,2025-12-16,NAVER_FINANCE_DOMESTIC_INDEX_DAILY,KOSDAQ,931.35,935.0,934.64,916.11,0.003919042250496663,0.0035325065764750807,-0.016363343533580266,0.03387215705925306,-0.014231384919874523,0.05518991816688479,complete
294003,20251209900138,01806951,폰드그룹,472850,주권매매거래정지              (무상증자),2025-12-09,KOSDAQ,5795.0,6014.0,5733.0,6020.0,0.03779119930974972,-0.010698878343399443,0.03882657463330452,,2025-12-09,2025-12-10,2025-12-11,2025-12-16,NAVER_FINANCE_DOMESTIC_INDEX_DAILY,KOSDAQ,931.35,935.0,934.64,916.11,0.003919042250496663,0.0035325065764750807,-0.016363343533580266,0.03387215705925306,-0.014231384919874523,0.05518991816688479,complete
280343,20251230900950,01806951,폰드그룹,472850,권리락              (무상증자),2025-12-30,KOSDAQ,10060.0,5300.0,5240.0,5130.0,-0.47316103379721675,-0.47912524850894633,-0.4900596421471173,,2025-12-30,2026-01-02,2026-01-05,2026-01-08,NAVER_FINANCE_DOMESTIC_INDEX_DAILY,KOSDAQ,925.47,945.57,957.5,944.06,0.02171869428506601,0.03460944168908764,0.020087090883550873,-0.49487972808228275,-0.513734690198034,-0.5101467330306682,complete
290978,20251212000517,00403766,한국첨단소재,062970,주요사항보고서(유무상증자결정),2025-12-12,KOSDAQ,1847.0,1698.0,1670.0,1481.0,-0.0806713589604765,-0.09583107742284791,-0.19815917704385488,,2025-12-12,2025-12-15,2025-12-16,2025-12-19,NAVER_FINANCE_DOMESTIC_INDEX_DAILY,KOSDAQ,937.34,938.83,916.11,915.27,0.0015896046258561114,-0.02264919879659466,-0.023545351740030362,-0.08226096358633261,-0.07318187862625325,-0.17461382530382452,complete
290981,20251212901385,00403766,한국첨단소재,062970,주권매매거래정지              (무상증자),2025-12-12,KOSDAQ,1847.0,1698.0,1670.0,1481.0,-0.0806713589604765,-0.09583107742284791,-0.19815917704385488,,2025-12-12,2025-12-15,2025-12-16,2025-12-19,NAVER_FINANCE_DOMESTIC_INDEX_DAILY,KOSDAQ,937.34,938.83,916.11,915.27,0.0015896046258561114,-0.02264919879659466,-0.023545351740030362,-0.08226096358633261,-0.07318187862625325,-0.17461382530382452,complete
85078,20260323901834,00403766,한국첨단소재,062970,권리락              (무상증자),2026-03-23,KOSDAQ,1806.0,2345.0,3045.0,2875.0,0.29844961240310086,0.6860465116279071,0.5919158361018826,,2026-03-23,2026-03-24,2026-03-25,2026-03-30,NAVER_FINANCE_DOMESTIC_INDEX_DAILY,KOSDAQ,1096.89,1121.44,1159.55,1107.05,0.022381460310514134,0.05712514472736552,0.009262551395308405,0.2760681520925867,0.6289213669005416,0.5826532847065742,complete
286913,20251218000111,01383229,저스템,417840,주요사항보고서(무상증자결정),2025-12-18,KOSDAQ,4468.0,4786.0,5179.0,5365.0,0.07117278424350948,0.15913160250671443,0.20076096687555944,,2025-12-18,2025-12-19,2025-12-22,2025-12-26,NAVER_FINANCE_DOMESTIC_INDEX_DAILY,KOSDAQ,901.33,915.27,929.14,919.67,0.015466033528230394,0.03085440404735218,0.020347708386495356,0.055706750715279085,0.12827719845936225,0.1804132584890641,complete
286914,20251218900170,01383229,저스템,417840,주권매매거래정지              (무상증자),2025-12-18,KOSDAQ,4468.0,4786.0,5179.0,5365.0,0.07117278424350948,0.15913160250671443,0.20076096687555944,,2025-12-18,2025-12-19,2025-12-22,2025-12-26,NAVER_FINANCE_DOMESTIC_INDEX_DAILY,KOSDAQ,901.33,915.27,929.14,919.67,0.015466033528230394,0.03085440404735218,0.020347708386495356,0.055706750715279085,0.12827719845936225,0.1804132584890641,complete
281519,20251229900726,01383229,저스템,417840,권리락              (무상증자),2025-12-29,KOSDAQ,5220.0,5810.0,5580.0,4900.0,0.11302681992337171,0.06896551724137923,-0.06130268199233713,,2025-12-29,2025-12-30,2026-01-02,2026-01-07,NAVER_FINANCE_DOMESTIC_INDEX_DAILY,KOSDAQ,932.59,925.47,945.57,947.39,-0.0076346518834643495,0.013918227731371857,0.015869782004953814,0.12066147180683606,0.05504728951000737,-0.07717246399729094,complete
285480,20251222000129,00113225,대한제강,084010,주요사항보고서(무상증자결정),2025-12-22,KOSPI,13136.0,13870.0,13403.0,12849.0,0.055876979293544515,0.02032582216808776,-0.021848355663824592,,2025-12-22,2025-12-23,2025-12-24,2025-12-30,NAVER_FINANCE_DOMESTIC_INDEX_DAILY,KOSPI,4105.93,4117.32,4108.62,4214.17,0.0027740365763662123,0.0006551499903797442,0.026361871731860997,0.0531029427171783,0.019670672177708015,-0.04821022739568559,complete
284820,20251223000100,01147487,뷰티스킨,406820,주요사항보고서(무상증자결정),2025-12-23,KOSDAQ,4830.0,4492.0,4777.0,4697.0,-0.06997929606625264,-0.01097308488612836,-0.02753623188405796,,2025-12-23,2025-12-24,2025-12-26,2026-01-02,NAVER_FINANCE_DOMESTIC_INDEX_DAILY,KOSDAQ,919.56,915.2,919.67,945.57,-0.0047413980599415595,0.0001196224281179159,0.02828526686676258,-0.06523789800631108,-0.011092707314246275,-0.05582149875082054,complete
284823,20251223900087,01147487,뷰티스킨,406820,주권매매거래정지              (무상증자),2025-12-23,KOSDAQ,4830.0,4492.0,4777.0,4697.0,-0.06997929606625264,-0.01097308488612836,-0.02753623188405796,,2025-12-23,2025-12-24,2025-12-26,2026-01-02,NAVER_FINANCE_DOMESTIC_INDEX_DAILY,KOSDAQ,919.56,915.2,919.67,945.57,-0.0047413980599415595,0.0001196224281179159,0.02828526686676258,-0.06523789800631108,-0.011092707314246275,-0.05582149875082054,complete
277706,20260106900579,01147487,뷰티스킨,406820,권리락              (무상증자),2026-01-06,KOSDAQ,4055.0,5270.0,6850.0,5130.0,0.29963008631319354,0.6892725030826141,0.2651048088779284,,2026-01-06,2026-01-07,2026-01-08,2026-01-13,NAVER_FINANCE_DOMESTIC_INDEX_DAILY,KOSDAQ,955.97,947.39,944.06,948.98,-0.008975177045304816,-0.012458549954496578,-0.0073119449355105726,0.30860526335849836,0.7017310530371107,0.272416753813439,complete
273234,20260114000093,00404288,아진엑스텍,059120,주요사항보고서(무상증자결정),2026-01-14,KOSDAQ,7204.0,8064.0,7934.0,8379.0,0.11937812326485275,0.10133259300388664,0.16310383120488625,,2026-01-14,2026-01-15,2026-01-16,2026-01-21,NAVER_FINANCE_DOMESTIC_INDEX_DAILY,KOSDAQ,942.18,951.16,954.59,951.29,0.009531087477976596,0.013171580801969895,0.00966906535906098,0.10984703578687616,0.08816101220191674,0.15343476584582527,complete
273236,20260114900160,00404288,아진엑스텍,059120,주권매매거래정지              (무상증자),2026-01-14,KOSDAQ,7204.0,8064.0,7934.0,8379.0,0.11937812326485275,0.10133259300388664,0.16310383120488625,,2026-01-14,2026-01-15,2026-01-16,2026-01-21,NAVER_FINANCE_DOMESTIC_INDEX_DAILY,KOSDAQ,942.18,951.16,954.59,951.29,0.009531087477976596,0.013171580801969895,0.00966906535906098,0.10984703578687616,0.08816101220191674,0.15343476584582527,complete
267892,20260127900663,00404288,아진엑스텍,059120,권리락              (무상증자),2026-01-27,KOSDAQ,8490.0,9880.0,9640.0,10610.0,0.1637220259128387,0.1354534746760896,0.2497055359246172,,2026-01-27,2026-01-28,2026-01-29,2026-02-03,NAVER_FINANCE_DOMESTIC_INDEX_DAILY,KOSDAQ,1082.59,1133.52,1164.41,1144.33,0.04704458751697316,0.07557801198976555,0.05702990051635437,0.11667743839586553,0.059875462686324044,0.19267563540826282,complete
268944,20260126000094,01497142,엠아이큐브솔루션,373170,주요사항보고서(무상증자결정),2026-01-26,KOSDAQ,3442.0,3649.0,4069.0,3999.0,0.06013945380592678,0.1821615339918652,0.16182452062754216,,2026-01-26,2026-01-27,2026-01-28,2026-02-02,NAVER_FINANCE_DOMESTIC_INDEX_DAILY,KOSDAQ,1064.41,1082.59,1133.52,1098.36,0.017079884630922137,0.06492798827519453,0.03189560413750314,0.04305956917500464,0.11723354571667066,0.12992891649003901,complete
268946,20260126900248,01497142,엠아이큐브솔루션,373170,주권매매거래정지              (무상증자),2026-01-26,KOSDAQ,3442.0,3649.0,4069.0,3999.0,0.06013945380592678,0.1821615339918652,0.16182452062754216,,2026-01-26,2026-01-27,2026-01-28,2026-02-02,NAVER_FINANCE_DOMESTIC_INDEX_DAILY,KOSDAQ,1064.41,1082.59,1133.52,1098.36,0.017079884630922137,0.06492798827519453,0.03189560413750314,0.04305956917500464,0.11723354571667066,0.12992891649003901,complete
258984,20260206902199,01497142,엠아이큐브솔루션,373170,권리락              (무상증자),2026-02-06,KOSDAQ,4480.0,4560.0,4450.0,4115.0,0.017857142857142794,-0.006696428571428603,-0.0814732142857143,,2026-02-06,2026-02-09,2026-02-10,2026-02-13,NAVER_FINANCE_DOMESTIC_INDEX_DAILY,KOSDAQ,1080.77,1127.55,1115.2,1106.08,0.04328395495803905,0.03185691682781733,0.023418488670114757,-0.025426812100896257,-0.03855334539924593,-0.10489170295582906,complete
254701,20260212000138,01210677,씨케이솔루션,480370,주요사항보고서(무상증자결정),2026-02-12,KOSPI,4009.0,3864.0,3911.0,3745.0,-0.03616862060364179,-0.024444998752806146,-0.06585183337490641,,2026-02-12,2026-02-13,2026-02-19,2026-02-24,NAVER_FINANCE_DOMESTIC_INDEX_DAILY,KOSPI,5522.27,5507.01,5677.25,5969.64,-0.0027633563733754363,0.02806454592042762,0.08101197514790104,-0.03340526423026635,-0.052509544673233766,-0.14686380852280745,complete
248450,20260223002229,01663116,에어레인,163280,주요사항보고서(무상증자결정),2026-02-23,KOSDAQ,6610.0,7630.0,7640.0,6825.0,0.1543116490166414,0.15582450832072614,0.03252647503782158,,2026-02-23,2026-02-24,2026-02-25,2026-03-03,NAVER_FINANCE_DOMESTIC_INDEX_DAILY,KOSDAQ,1151.99,1165.0,1165.25,1137.7,0.011293500811639046,0.011510516584345432,-0.012404621567895568,0.14301814820500236,0.1443139917363807,0.04493109660571715,complete
248449,20260223900475,01663116,에어레인,163280,주권매매거래정지              (무상증자),2026-02-23,KOSDAQ,6610.0,7630.0,7640.0,6825.0,0.1543116490166414,0.15582450832072614,0.03252647503782158,,2026-02-23,2026-02-24,2026-02-25,2026-03-03,NAVER_FINANCE_DOMESTIC_INDEX_DAILY,KOSDAQ,1151.99,1165.0,1165.25,1137.7,0.011293500811639046,0.011510516584345432,-0.012404621567895568,0.14301814820500236,0.1443139917363807,0.04493109660571715,complete
104837,20260306901385,01663116,에어레인,163280,권리락              (무상증자),2026-03-06,KOSDAQ,7120.0,6230.0,6230.0,6350.0,-0.125,-0.125,-0.1081460674157303,,2026-03-06,2026-03-09,2026-03-10,2026-03-13,NAVER_FINANCE_DOMESTIC_INDEX_DAILY,KOSDAQ,1154.67,1102.28,1137.68,1152.96,-0.04537227086526896,-0.01471416075588694,-0.0014809426069786191,-0.07962772913473104,-0.11028583924411306,-0.10666512480875168,complete
108116,20260304000946,00201733,TJ미디어,032540,주요사항보고서(무상증자결정),2026-03-04,KOSDAQ,4208.0,4195.0,4295.0,4168.0,-0.0030893536121673337,0.020674904942965755,-0.009505703422053258,,2026-03-04,2026-03-05,2026-03-06,2026-03-11,NAVER_FINANCE_DOMESTIC_INDEX_DAILY,KOSDAQ,978.44,1116.41,1154.67,1136.83,0.14101017946935945,0.18011324148644792,0.16188013572625803,-0.1440995330815268,-0.15943833654348216,-0.1713858391483113,complete
108117,20260304900865,00201733,TJ미디어,032540,주권매매거래정지              (무상증자),2026-03-04,KOSDAQ,4208.0,4195.0,4295.0,4168.0,-0.0030893536121673337,0.020674904942965755,-0.009505703422053258,,2026-03-04,2026-03-05,2026-03-06,2026-03-11,NAVER_FINANCE_DOMESTIC_INDEX_DAILY,KOSDAQ,978.44,1116.41,1154.67,1136.83,0.14101017946935945,0.18011324148644792,0.16188013572625803,-0.1440995330815268,-0.15943833654348216,-0.1713858391483113,complete
88686,20260319901564,00201733,TJ미디어,032540,권리락              (무상증자),2026-03-19,KOSDAQ,4115.0,4020.0,3860.0,3880.0,-0.023086269744835963,-0.06196840826245442,-0.05710814094775207,,2026-03-19,2026-03-20,2026-03-23,2026-03-26,NAVER_FINANCE_DOMESTIC_INDEX_DAILY,KOSDAQ,1143.48,1161.52,1096.89,1136.64,0.015776401860985834,-0.040744044495749754,-0.005981739951726239,-0.0388626716058218,-0.021224363766704668,-0.051126400996025834,complete
103222,20260310001956,01514227,씨어스,458870,주요사항보고서(무상증자결정),2026-03-10,KOSDAQ,47992.0,49293.0,53529.0,55496.0,0.027108684780796866,0.11537339556592774,0.15635939323220538,,2026-03-10,2026-03-11,2026-03-12,2026-03-17,NAVER_FINANCE_DOMESTIC_INDEX_DAILY,KOSDAQ,1137.68,1136.83,1148.4,1136.94,-0.0007471345193729162,0.009422684761971833,-0.0006504465227480383,0.027855819300169782,0.1059507108039559,0.15700983975495342,complete
103223,20260310900148,01514227,씨어스,458870,주권매매거래정지              (무상증자),2026-03-10,KOSDAQ,47992.0,49293.0,53529.0,55496.0,0.027108684780796866,0.11537339556592774,0.15635939323220538,,2026-03-10,2026-03-11,2026-03-12,2026-03-17,NAVER_FINANCE_DOMESTIC_INDEX_DAILY,KOSDAQ,1137.68,1136.83,1148.4,1136.94,-0.0007471345193729162,0.009422684761971833,-0.0006504465227480383,0.027855819300169782,0.1059507108039559,0.15700983975495342,complete
85087,20260323901827,01514227,씨어스,458870,권리락              (무상증자),2026-03-23,KOSDAQ,61000.0,54600.0,52300.0,52000.0,-0.10491803278688527,-0.14262295081967213,-0.14754098360655743,,2026-03-23,2026-03-24,2026-03-25,2026-03-30,NAVER_FINANCE_DOMESTIC_INDEX_DAILY,KOSDAQ,1096.89,1121.44,1159.55,1107.05,0.022381460310514134,0.05712514472736552,0.009262551395308405,-0.1272994930973994,-0.19974809554703765,-0.15680353500186583,complete
79388,20260326001131,00191287,대동금속,020400,주요사항보고서(무상증자결정),2026-03-26,KOSDAQ,3613.0,4694.0,6100.0,4834.0,0.29919734292831435,0.6883476335455301,0.33794630500968714,,2026-03-26,2026-03-27,2026-03-30,2026-04-02,NAVER_FINANCE_DOMESTIC_INDEX_DAILY,KOSDAQ,1136.64,1141.51,1107.05,1056.34,0.0042845579954953195,-0.026032868806306397,-0.07064681869369382,0.294912784932819,0.7143805023518365,0.40859312370338097,complete
79390,20260326902560,00191287,대동금속,020400,주권매매거래정지              (무상증자),2026-03-26,KOSDAQ,3613.0,4694.0,6100.0,4834.0,0.29919734292831435,0.6883476335455301,0.33794630500968714,,2026-03-26,2026-03-27,2026-03-30,2026-04-02,NAVER_FINANCE_DOMESTIC_INDEX_DAILY,KOSDAQ,1136.64,1141.51,1107.05,1056.34,0.0042845579954953195,-0.026032868806306397,-0.07064681869369382,0.294912784932819,0.7143805023518365,0.40859312370338097,complete
39116,20260409901026,00191287,대동금속,020400,권리락              (무상증자),2026-04-09,KOSDAQ,5400.0,7020.0,8100.0,6410.0,0.30000000000000004,0.5,0.1870370370370371,,2026-04-09,2026-04-10,2026-04-13,2026-04-16,NAVER_FINANCE_DOMESTIC_INDEX_DAILY,KOSDAQ,1076.0,1093.63,1099.84,1162.97,0.016384758364312413,0.022156133828996172,0.08082713754646842,0.28361524163568763,0.47784386617100383,0.1062098994905687,complete
37620,20260410000865,00624509,디바이스,187870,주요사항보고서(무상증자결정),2026-04-10,KOSDAQ,14160.0,15081.0,14825.0,19017.0,0.06504237288135584,0.046963276836158085,0.34300847457627115,,2026-04-10,2026-04-13,2026-04-14,2026-04-17,NAVER_FINANCE_DOMESTIC_INDEX_DAILY,KOSDAQ,1093.63,1099.84,1121.88,1170.04,0.005678337280432988,0.025831405502775073,0.06986823697228473,0.05936403560092285,0.021131871333383012,0.2731402376039864,complete
37625,20260410900242,00624509,디바이스,187870,주권매매거래정지              (무상증자),2026-04-10,KOSDAQ,14160.0,15081.0,14825.0,19017.0,0.06504237288135584,0.046963276836158085,0.34300847457627115,,2026-04-10,2026-04-13,2026-04-14,2026-04-17,NAVER_FINANCE_DOMESTIC_INDEX_DAILY,KOSDAQ,1093.63,1099.84,1121.88,1170.04,0.005678337280432988,0.025831405502775073,0.06986823697228473,0.05936403560092285,0.021131871333383012,0.2731402376039864,complete
21420,20260427900859,00624509,디바이스,187870,권리락              (무상증자),2026-04-27,KOSDAQ,19580.0,20600.0,19870.0,18080.0,0.052093973442288055,0.014811031664964336,-0.07660878447395303,,2026-04-27,2026-04-28,2026-04-29,2026-05-06,NAVER_FINANCE_DOMESTIC_INDEX_DAILY,KOSDAQ,1226.18,1215.58,1220.26,1210.17,-0.00864473405209687,-0.004828002414001276,-0.013056810582459333,0.060738707494384925,0.01963903407896561,-0.0635519738914937,complete
26714,20260417000278,01335453,조이웍스앤코,309930,주요사항보고서(무상증자결정),2026-04-17,KOSDAQ,1912.0,1970.0,2072.0,2167.0,0.030334728033472702,0.08368200836820083,0.13336820083682,,2026-04-17,2026-04-20,2026-04-21,2026-04-24,NAVER_FINANCE_DOMESTIC_INDEX_DAILY,KOSDAQ,1170.04,1174.85,1179.03,1203.84,0.004110970565108785,0.0076834980000684006,0.02888790126833274,0.026223757468363917,0.07599851036813243,0.10448029956848726,complete
26715,20260417900332,01335453,조이웍스앤코,309930,주권매매거래정지              (무상증자),2026-04-17,KOSDAQ,1912.0,1970.0,2072.0,2167.0,0.030334728033472702,0.08368200836820083,0.13336820083682,,2026-04-17,2026-04-20,2026-04-21,2026-04-24,NAVER_FINANCE_DOMESTIC_INDEX_DAILY,KOSDAQ,1170.04,1174.85,1179.03,1203.84,0.004110970565108785,0.0076834980000684006,0.02888790126833274,0.026223757468363917,0.07599851036813243,0.10448029956848726,complete
24449,20260422000454,00109310,대동기어,008830,주요사항보고서(유무상증자결정),2026-04-22,KOSDAQ,18049.0,16450.0,16871.0,17291.0,-0.08859216577095685,-0.06526677378248102,-0.04199678652556926,,2026-04-22,2026-04-23,2026-04-24,2026-04-29,NAVER_FINANCE_DOMESTIC_INDEX_DAILY,KOSDAQ,1181.12,1174.31,1203.84,1220.26,-0.00576571389867242,0.01923597940937416,0.03313803847195884,-0.08282645187228443,-0.08450275319185518,-0.0751348249975281,complete
24451,20260422900411,00109310,대동기어,008830,주권매매거래정지              (무상증자),2026-04-22,KOSDAQ,18049.0,16450.0,16871.0,17291.0,-0.08859216577095685,-0.06526677378248102,-0.04199678652556926,,2026-04-22,2026-04-23,2026-04-24,2026-04-29,NAVER_FINANCE_DOMESTIC_INDEX_DAILY,KOSDAQ,1181.12,1174.31,1203.84,1220.26,-0.00576571389867242,0.01923597940937416,0.03313803847195884,-0.08282645187228443,-0.08450275319185518,-0.0751348249975281,complete
24437,20260422800437,00109286,대동,000490,유무상증자결정(종속회사의주요경영사항),2026-04-22,KOSPI,10170.0,9880.0,10020.0,10270.0,-0.02851524090462143,-0.014749262536873142,0.009832841691248762,,2026-04-22,2026-04-23,2026-04-24,2026-04-29,NAVER_FINANCE_DOMESTIC_INDEX_DAILY,KOSPI,6417.93,6475.81,6475.63,6690.9,0.009018484152990114,0.008990437726805967,0.04253240530825342,-0.037533725057611544,-0.02373970026367911,-0.03269956361700466,complete
22456,20260424000588,01336461,뉴로메카,348340,주요사항보고서(유무상증자결정),2026-04-24,KOSDAQ,66608.0,62987.0,64607.0,64416.0,-0.054362839298582766,-0.03004143646408841,-0.03290895988469855,,2026-04-24,2026-04-27,2026-04-28,2026-05-04,NAVER_FINANCE_DOMESTIC_INDEX_DAILY,KOSDAQ,1203.84,1226.18,1215.58,1213.74,0.018557283359915022,0.009752126528442373,0.008223684210526327,-0.07292012265849779,-0.039793562992530784,-0.04113264409522488,complete
22459,20260424900624,01336461,뉴로메카,348340,주권매매거래정지              (무상증자),2026-04-24,KOSDAQ,66608.0,62987.0,64607.0,64416.0,-0.054362839298582766,-0.03004143646408841,-0.03290895988469855,,2026-04-24,2026-04-27,2026-04-28,2026-05-04,NAVER_FINANCE_DOMESTIC_INDEX_DAILY,KOSDAQ,1203.84,1226.18,1215.58,1213.74,0.018557283359915022,0.009752126528442373,0.008223684210526327,-0.07292012265849779,-0.039793562992530784,-0.04113264409522488,complete
11964,20260512000722,00997812,코미코,183300,주요사항보고서(무상증자결정),2026-05-12,KOSDAQ,73290.0,95242.0,91167.0,73850.0,0.2995224450811844,0.24392140810478913,0.00764087870105068,,2026-05-12,2026-05-13,2026-05-14,2026-05-19,NAVER_FINANCE_DOMESTIC_INDEX_DAILY,KOSDAQ,1179.29,1176.93,1191.09,1084.36,-0.002001204114339905,0.010006020571699858,-0.08049758753148084,0.3015236491955243,0.23391538753308927,0.08813846623253152,complete
11965,20260512900980,00997812,코미코,183300,주권매매거래정지              (무상증자),2026-05-12,KOSDAQ,73290.0,95242.0,91167.0,73850.0,0.2995224450811844,0.24392140810478913,0.00764087870105068,,2026-05-12,2026-05-13,2026-05-14,2026-05-19,NAVER_FINANCE_DOMESTIC_INDEX_DAILY,KOSDAQ,1179.29,1176.93,1191.09,1084.36,-0.002001204114339905,0.010006020571699858,-0.08049758753148084,0.3015236491955243,0.23391538753308927,0.08813846623253152,complete
2851,20260522900968,00997812,코미코,183300,권리락              (무상증자),2026-05-22,KOSDAQ,90200.0,94500.0,99800.0,95600.0,0.047671840354767125,0.10643015521064303,0.05986696230598665,,2026-05-22,2026-05-26,2026-05-27,2026-06-01,NAVER_FINANCE_DOMESTIC_INDEX_DAILY,KOSDAQ,1161.13,1172.52,1133.13,1050.03,0.009809409799074853,-0.0241144402435558,-0.09568265396639486,0.03786243055569227,0.13054459545419883,0.1555496162723815,complete
129206,20260529000302,00103547,우진비앤지,018620,주요사항보고서(무상증자결정),2026-05-29,KOSDAQ,2310.0,2477.0,2552.0,2585.0,0.0722943722943723,0.10476190476190483,0.11904761904761907,,2026-05-29,2026-06-01,2026-06-02,2026-06-08,NAVER_FINANCE_DOMESTIC_INDEX_DAILY,KOSDAQ,1074.8,1050.03,1026.03,911.39,-0.02304614812058059,-0.04537588388537406,-0.15203758838853743,0.09534052041495289,0.1501377886472789,0.2710852074361565,complete
129208,20260529900416,00103547,우진비앤지,018620,주권매매거래정지              (무상증자),2026-05-29,KOSDAQ,2310.0,2477.0,2552.0,2585.0,0.0722943722943723,0.10476190476190483,0.11904761904761907,,2026-05-29,2026-06-01,2026-06-02,2026-06-08,NAVER_FINANCE_DOMESTIC_INDEX_DAILY,KOSDAQ,1074.8,1050.03,1026.03,911.39,-0.02304614812058059,-0.04537588388537406,-0.15203758838853743,0.09534052041495289,0.1501377886472789,0.2710852074361565,complete
119007,20260611900840,00103547,우진비앤지,018620,권리락              (무상증자),2026-06-11,KOSDAQ,2615.0,2590.0,2600.0,2705.0,-0.009560229445506718,-0.005736137667303964,0.03441682600382401,,2026-06-11,2026-06-12,2026-06-15,2026-06-18,NAVER_FINANCE_DOMESTIC_INDEX_DAILY,KOSDAQ,996.93,1029.05,1034.03,1000.93,0.03221891206002425,0.03721424774056348,0.004012317815694111,-0.04177914150553097,-0.04295038540786744,0.030404508188129897,complete
123198,20260604000091,01491607,오에스피,368970,주요사항보고서(무상증자결정),2026-06-04,KOSDAQ,1899.0,2022.0,1906.0,2019.0,0.06477093206951023,0.0036861506055818616,0.06319115323854652,,2026-06-04,2026-06-05,2026-06-08,2026-06-11,NAVER_FINANCE_DOMESTIC_INDEX_DAILY,KOSDAQ,1049.73,1002.44,911.39,996.93,-0.045049679441380164,-0.13178626885008526,-0.05029864822382901,0.1098206115108904,0.13547241945566713,0.11348980146237553,complete
123200,20260604900233,01491607,오에스피,368970,주권매매거래정지              (무상증자),2026-06-04,KOSDAQ,1899.0,2022.0,1906.0,2019.0,0.06477093206951023,0.0036861506055818616,0.06319115323854652,,2026-06-04,2026-06-05,2026-06-08,2026-06-11,NAVER_FINANCE_DOMESTIC_INDEX_DAILY,KOSDAQ,1049.73,1002.44,911.39,996.93,-0.045049679441380164,-0.13178626885008526,-0.05029864822382901,0.1098206115108904,0.13547241945566713,0.11348980146237553,complete
115750,20260618900729,01491607,오에스피,368970,권리락              (무상증자),2026-06-18,KOSDAQ,1963.0,1937.0,1825.0,2200.0,-0.013245033112582738,-0.07030056036678556,0.12073357106469684,,2026-06-18,2026-06-19,2026-06-22,2026-06-25,NAVER_FINANCE_DOMESTIC_INDEX_DAILY,KOSDAQ,1000.93,966.59,968.4,887.81,-0.034308093473069956,-0.03249977520905556,-0.11301489614658367,0.021063060360487218,-0.03780078515773,0.2337484672112805,complete
118652,20260612000174,01519790,엠앤씨솔루션,484870,주요사항보고서(무상증자결정),2026-06-12,KOSPI,29833.0,29433.0,29766.0,28433.0,-0.013407971038782551,-0.0022458351489961226,-0.046927898635738985,,2026-06-12,2026-06-15,2026-06-16,2026-06-19,NAVER_FINANCE_DOMESTIC_INDEX_DAILY,KOSPI,8123.62,8545.98,8726.6,9052.42,0.05199159980402812,0.07422552999771037,0.1143332652192004,-0.06539957084281067,-0.0764713651467065,-0.16126116385493938,complete
117489,20260615000321,01596920,알지노믹스,476830,주요사항보고서(무상증자결정),2026-06-15,KOSDAQ,88700.0,101500.0,105100.0,89600.0,0.14430665163472378,0.1848928974069899,0.01014656144306647,,2026-06-15,2026-06-16,2026-06-17,2026-06-22,NAVER_FINANCE_DOMESTIC_INDEX_DAILY,KOSDAQ,1034.03,1018.68,1031.96,968.4,-0.014844830420780886,-0.0020018761544635666,-0.06347011208572284,0.15915148205550467,0.18689477356145345,0.07361667352878931,complete
117490,20260615900752,01596920,알지노믹스,476830,주권매매거래정지              (무상증자),2026-06-15,KOSDAQ,88700.0,101500.0,105100.0,89600.0,0.14430665163472378,0.1848928974069899,0.01014656144306647,,2026-06-15,2026-06-16,2026-06-17,2026-06-22,NAVER_FINANCE_DOMESTIC_INDEX_DAILY,KOSDAQ,1034.03,1018.68,1031.96,968.4,-0.014844830420780886,-0.0020018761544635666,-0.06347011208572284,0.15915148205550467,0.18689477356145345,0.07361667352878931,complete
117062,20260616000211,00104768,가온전선,000500,주요사항보고서(무상증자결정),2026-06-16,KOSPI,262500.0,341000.0,385500.0,331500.0,0.299047619047619,0.46857142857142864,0.2628571428571429,,2026-06-16,2026-06-17,2026-06-18,2026-06-23,NAVER_FINANCE_DOMESTIC_INDEX_DAILY,KOSPI,8726.6,8864.24,9063.84,8203.84,0.01577246579423819,0.038645062223546356,-0.059904200948823205,0.2832751532533808,0.4299263663478823,0.3227613438059661,complete
