id,receipt_no,corp_code,corp_name,stock_code,report_name,event_date,market,t0_close,t+1_close,t+2_close,t+5_close,ret_1d,ret_2d,ret_5d,error
627322,20240625800001,00503668,LIG디펜스앤에어로스페이스,079550,단일판매ㆍ공급계약체결,2024-06-25,KOSPI,204500.0,200000.0,200500.0,195700.0,-0.022004889975550168,-0.019559902200488977,-0.04303178484107584,
627246,20240625800097,00503668,LIG디펜스앤에어로스페이스,079550,단일판매ㆍ공급계약체결,2024-06-25,KOSPI,204500.0,200000.0,200500.0,195700.0,-0.022004889975550168,-0.019559902200488977,-0.04303178484107584,
580075,20240920800002,00503668,LIG디펜스앤에어로스페이스,079550,단일판매ㆍ공급계약체결,2024-09-20,KOSPI,211000.0,214500.0,220000.0,210500.0,0.016587677725118377,0.042654028436019065,-0.0023696682464454666,
563545,20241031800206,00503668,LIG디펜스앤에어로스페이스,079550,단일판매ㆍ공급계약체결,2024-10-31,KOSPI,248000.0,243000.0,244500.0,269000.0,-0.020161290322580627,-0.014112903225806495,0.08467741935483875,
563544,20241031800207,00503668,LIG디펜스앤에어로스페이스,079550,단일판매ㆍ공급계약체결,2024-10-31,KOSPI,248000.0,243000.0,244500.0,269000.0,-0.020161290322580627,-0.014112903225806495,0.08467741935483875,
534062,20241219800080,00503668,LIG디펜스앤에어로스페이스,079550,단일판매ㆍ공급계약체결(자율공시),2024-12-19,KOSPI,203500.0,202500.0,212000.0,206500.0,-0.004914004914004955,0.041769041769041726,0.014742014742014753,
531621,20241224800101,00503668,LIG디펜스앤에어로스페이스,079550,단일판매ㆍ공급계약체결,2024-12-24,KOSPI,211000.0,210500.0,206500.0,260000.0,-0.0023696682464454666,-0.021327014218009532,0.23222748815165883,
409452,20250428800278,00503668,LIG디펜스앤에어로스페이스,079550,단일판매ㆍ공급계약체결,2025-04-28,KOSPI,318500.0,321000.0,320500.0,372500.0,0.007849293563579218,0.006279434850863463,0.1695447409733124,
406263,20250430801123,00503668,LIG디펜스앤에어로스페이스,079550,단일판매ㆍ공급계약체결,2025-04-30,KOSPI,320500.0,330000.0,336500.0,381500.0,0.029641185647425905,0.0499219968798752,0.19032761310452417,
401327,20250514800672,00503668,LIG디펜스앤에어로스페이스,079550,단일판매ㆍ공급계약체결,2025-05-14,KOSPI,380000.0,388000.0,405000.0,418500.0,0.021052631578947434,0.06578947368421062,0.10131578947368425,
386321,20250604800068,00503668,LIG디펜스앤에어로스페이스,079550,단일판매ㆍ공급계약체결,2025-06-04,KOSPI,452000.0,449500.0,440000.0,460000.0,-0.00553097345132747,-0.026548672566371723,0.017699115044247815,
380396,20250619800589,00503668,LIG디펜스앤에어로스페이스,079550,단일판매ㆍ공급계약체결,2025-06-19,KOSPI,593000.0,609000.0,630000.0,524000.0,0.026981450252951067,0.062394603709949426,-0.11635750421585156,
331252,20250923800146,00503668,LIG디펜스앤에어로스페이스,079550,단일판매ㆍ공급계약체결,2025-09-23,KOSPI,493500.0,496000.0,494000.0,513000.0,0.005065856129685908,0.0010131712259371373,0.03951367781155013,
327327,20250930800482,00503668,LIG디펜스앤에어로스페이스,079550,단일판매ㆍ공급계약체결,2025-09-30,KOSPI,513000.0,507000.0,505000.0,447000.0,-0.011695906432748537,-0.015594541910331383,-0.1286549707602339,
316697,20251030800492,00503668,LIG디펜스앤에어로스페이스,079550,단일판매ㆍ공급계약체결,2025-10-30,KOSPI,513000.0,519000.0,533000.0,481000.0,0.011695906432748648,0.03898635477582846,-0.06237816764132553,
300659,20251127800671,00503668,LIG디펜스앤에어로스페이스,079550,단일판매ㆍ공급계약체결,2025-11-27,KOSPI,389500.0,383000.0,368000.0,368000.0,-0.016688061617458283,-0.05519897304236199,-0.05519897304236199,
292480,20251211800413,00503668,LIG디펜스앤에어로스페이스,079550,단일판매ㆍ공급계약체결,2025-12-11,KOSPI,372500.0,383000.0,387000.0,383000.0,0.028187919463087185,0.03892617449664426,0.028187919463087185,
292476,20251211800416,00503668,LIG디펜스앤에어로스페이스,079550,단일판매ㆍ공급계약체결,2025-12-11,KOSPI,372500.0,383000.0,387000.0,383000.0,0.028187919463087185,0.03892617449664426,0.028187919463087185,
283545,20251224800153,00503668,LIG디펜스앤에어로스페이스,079550,단일판매ㆍ공급계약체결,2025-12-24,KOSPI,414000.0,398000.0,431000.0,468500.0,-0.03864734299516903,0.04106280193236711,0.1316425120772946,
283305,20251224800405,00503668,LIG디펜스앤에어로스페이스,079550,단일판매ㆍ공급계약체결,2025-12-24,KOSPI,414000.0,398000.0,431000.0,468500.0,-0.03864734299516903,0.04106280193236711,0.1316425120772946,
280868,20251230800270,00503668,LIG디펜스앤에어로스페이스,079550,단일판매ㆍ공급계약체결,2025-12-30,KOSPI,421000.0,439000.0,468500.0,531000.0,0.04275534441805218,0.11282660332541572,0.26128266033254155,
280812,20251230800344,00503668,LIG디펜스앤에어로스페이스,079550,단일판매ㆍ공급계약체결,2025-12-30,KOSPI,421000.0,439000.0,468500.0,531000.0,0.04275534441805218,0.11282660332541572,0.26128266033254155,
277743,20260106800434,00503668,LIG디펜스앤에어로스페이스,079550,단일판매ㆍ공급계약체결,2026-01-06,KOSPI,495000.0,489500.0,531000.0,570000.0,-0.011111111111111072,0.07272727272727275,0.1515151515151516,
24974,20260421800653,00503668,LIG디펜스앤에어로스페이스,079550,단일판매ㆍ공급계약체결,2026-04-21,KOSPI,909000.0,1020000.0,966000.0,933000.0,0.12211221122112215,0.06270627062706269,0.0264026402640265,
627269,20240625800059,00309503,한국항공우주,047810,단일판매ㆍ공급계약체결,2024-06-25,KOSPI,53500.0,52000.0,51600.0,48750.0,-0.028037383177570097,-0.03551401869158877,-0.08878504672897192,
542171,20241209800032,00309503,한국항공우주,047810,단일판매ㆍ공급계약체결,2024-12-09,KOSPI,51900.0,52900.0,55300.0,55200.0,0.019267822736030782,0.06551059730250475,0.06358381502890165,
541596,20241210800085,00309503,한국항공우주,047810,단일판매ㆍ공급계약체결,2024-12-10,KOSPI,52900.0,55300.0,55100.0,54400.0,0.04536862003780717,0.041587901701323204,0.02835538752362954,
531850,20241223800707,00309503,한국항공우주,047810,단일판매ㆍ공급계약체결,2024-12-23,KOSPI,55900.0,55900.0,55700.0,55800.0,0.0,-0.003577817531305927,-0.0017889087656529634,
464731,20250326800989,00309503,한국항공우주,047810,단일판매ㆍ공급계약체결,2025-03-26,KOSPI,79000.0,77500.0,74700.0,75400.0,-0.01898734177215189,-0.0544303797468354,-0.04556962025316458,
386334,20250604800028,00309503,한국항공우주,047810,단일판매ㆍ공급계약체결,2025-06-04,KOSPI,87200.0,89200.0,84700.0,90500.0,0.022935779816513735,-0.028669724770642224,0.037844036697247674,
377297,20250626800313,00309503,한국항공우주,047810,단일판매ㆍ공급계약체결,2025-06-26,KOSPI,94700.0,91200.0,89800.0,88900.0,-0.03695881731784578,-0.05174234424498414,-0.06124604012671597,
376300,20250627800228,00309503,한국항공우주,047810,단일판매ㆍ공급계약체결,2025-06-27,KOSPI,91200.0,89800.0,89800.0,84700.0,-0.015350877192982448,-0.015350877192982448,-0.07127192982456143,
343880,20250828800020,00309503,한국항공우주,047810,단일판매ㆍ공급계약체결,2025-08-28,KOSPI,96300.0,95200.0,93500.0,95700.0,-0.011422637590861928,-0.029075804776739322,-0.006230529595015577,
335164,20250911800254,00309503,한국항공우주,047810,단일판매ㆍ공급계약체결,2025-09-11,KOSPI,102000.0,99100.0,97600.0,107400.0,-0.028431372549019618,-0.04313725490196074,0.05294117647058827,
322937,20251016800131,00309503,한국항공우주,047810,단일판매ㆍ공급계약체결,2025-10-16,KOSPI,98700.0,95600.0,97500.0,101300.0,-0.0314083080040527,-0.012158054711246202,0.02634245187436668,
322936,20251016800133,00309503,한국항공우주,047810,단일판매ㆍ공급계약체결,2025-10-16,KOSPI,98700.0,95600.0,97500.0,101300.0,-0.0314083080040527,-0.012158054711246202,0.02634245187436668,
305021,20251120800099,00309503,한국항공우주,047810,단일판매ㆍ공급계약체결,2025-11-20,KOSPI,107300.0,106600.0,103900.0,108900.0,-0.006523765144454852,-0.03168685927306614,0.01491146318732528,
286781,20251218800301,00309503,한국항공우주,047810,단일판매ㆍ공급계약체결,2025-12-18,KOSPI,109400.0,108800.0,113000.0,110100.0,-0.005484460694698323,0.03290676416819016,0.006398537477148025,
285592,20251222800106,00309503,한국항공우주,047810,단일판매ㆍ공급계약체결,2025-12-22,KOSPI,113000.0,113800.0,113800.0,114400.0,0.0070796460176991705,0.0070796460176991705,0.012389380530973382,
284739,20251223800187,00309503,한국항공우주,047810,단일판매ㆍ공급계약체결,2025-12-23,KOSPI,113800.0,113800.0,110100.0,116800.0,0.0,-0.032513181019332205,0.026362038664323295,
282746,20251226800113,00309503,한국항공우주,047810,단일판매ㆍ공급계약체결,2025-12-26,KOSPI,110100.0,117500.0,114400.0,136100.0,0.06721162579473217,0.03905540417802,0.23614895549500448,
282596,20251226800326,00309503,한국항공우주,047810,단일판매ㆍ공급계약체결,2025-12-26,KOSPI,110100.0,117500.0,114400.0,136100.0,0.06721162579473217,0.03905540417802,0.23614895549500448,
260638,20260206800170,00309503,한국항공우주,047810,단일판매ㆍ공급계약체결,2026-02-06,KOSPI,158300.0,162600.0,161300.0,176700.0,0.027163613392293007,0.01895135818066951,0.11623499684144023,
95111,20260316800297,00309503,한국항공우주,047810,단일판매ㆍ공급계약체결,2026-03-16,KOSPI,191200.0,202000.0,194300.0,169900.0,0.05648535564853563,0.01621338912133896,-0.1114016736401674,
627268,20240625800065,00339391,한화시스템,272210,단일판매ㆍ공급계약체결,2024-06-25,KOSPI,18720.0,18610.0,18370.0,17930.0,-0.005876068376068355,-0.01869658119658124,-0.04220085470085466,
619476,20240709800274,00339391,한화시스템,272210,단일판매ㆍ공급계약체결,2024-07-09,KOSPI,19120.0,18860.0,18800.0,20150.0,-0.013598326359832602,-0.01673640167364021,0.05387029288702938,
606167,20240809800192,00339391,한화시스템,272210,단일판매ㆍ공급계약체결,2024-08-09,KOSPI,19360.0,19340.0,19090.0,19140.0,-0.0010330578512396382,-0.01394628099173556,-0.011363636363636354,
549558,20241127800141,00339391,한화시스템,272210,단일판매ㆍ공급계약체결,2024-11-27,KOSPI,23400.0,23400.0,23100.0,22500.0,0.0,-0.012820512820512775,-0.038461538461538436,
544289,20241203800169,00339391,한화시스템,272210,단일판매ㆍ공급계약체결,2024-12-03,KOSPI,23100.0,22500.0,21700.0,19960.0,-0.025974025974025983,-0.06060606060606055,-0.1359307359307359,
539635,20241212800464,00339391,한화시스템,272210,단일판매ㆍ공급계약체결,2024-12-12,KOSPI,21250.0,21750.0,21450.0,20650.0,0.0235294117647058,0.009411764705882453,-0.028235294117647025,
538028,20241213801056,00339391,한화시스템,272210,단일판매ㆍ공급계약체결,2024-12-13,KOSPI,21750.0,21450.0,20600.0,20400.0,-0.01379310344827589,-0.05287356321839076,-0.06206896551724139,
534660,20241218800133,00339391,한화시스템,272210,단일판매ㆍ공급계약체결,2024-12-18,KOSPI,20850.0,20650.0,20400.0,23000.0,-0.00959232613908878,-0.021582733812949617,0.10311750599520386,
533796,20241219800325,00339391,한화시스템,272210,단일판매ㆍ공급계약체결,2024-12-19,KOSPI,20650.0,20400.0,23200.0,21900.0,-0.01210653753026636,0.12348668280871666,0.060532687651331685,
530052,20241227800228,00339391,한화시스템,272210,단일판매ㆍ공급계약체결,2024-12-27,KOSPI,21900.0,22600.0,23900.0,24700.0,0.03196347031963476,0.091324200913242,0.1278538812785388,
484341,20250311800754,00339391,한화시스템,272210,단일판매ㆍ공급계약체결,2025-03-11,KOSPI,38000.0,35250.0,35050.0,41300.0,-0.07236842105263153,-0.07763157894736838,0.08684210526315783,
454601,20250331802788,00339391,한화시스템,272210,단일판매ㆍ공급계약체결,2025-03-31,KOSPI,32100.0,33900.0,33400.0,30150.0,0.05607476635514019,0.04049844236760114,-0.06074766355140182,
454628,20250331802829,00339391,한화시스템,272210,단일판매ㆍ공급계약체결,2025-03-31,KOSPI,32100.0,33900.0,33400.0,30150.0,0.05607476635514019,0.04049844236760114,-0.06074766355140182,
406705,20250430800689,00339391,한화시스템,272210,단일판매ㆍ공급계약체결,2025-04-30,KOSPI,39000.0,41700.0,44650.0,42950.0,0.0692307692307692,0.1448717948717948,0.10128205128205137,
377173,20250626800406,00339391,한화시스템,272210,단일판매ㆍ공급계약체결,2025-06-26,KOSPI,58700.0,59300.0,58000.0,54700.0,0.010221465076660996,-0.011925042589437829,-0.0681431005110733,
325102,20251002800710,00339391,한화시스템,272210,단일판매ㆍ공급계약체결,2025-10-02,KOSPI,59800.0,57900.0,55400.0,52700.0,-0.0317725752508361,-0.0735785953177257,-0.11872909698996659,
318928,20251027800233,00339391,한화시스템,272210,단일판매ㆍ공급계약체결,2025-10-27,KOSPI,56300.0,55800.0,55000.0,59400.0,-0.008880994671403242,-0.023090586145648295,0.05506216696269983,
303421,20251124800549,00339391,한화시스템,272210,단일판매ㆍ공급계약체결,2025-11-24,KOSPI,47400.0,46200.0,46650.0,45350.0,-0.025316455696202556,-0.015822784810126556,-0.043248945147679296,
292798,20251211800069,00339391,한화시스템,272210,단일판매ㆍ공급계약체결,2025-12-11,KOSPI,48050.0,53100.0,52700.0,48950.0,0.1050988553590011,0.09677419354838701,0.018730489073881307,
287640,20251217800304,00339391,한화시스템,272210,단일판매ㆍ공급계약체결,2025-12-17,KOSPI,49750.0,48950.0,54300.0,56300.0,-0.016080402010050232,0.09145728643216078,0.13165829145728636,
282919,20251224800883,00339391,한화시스템,272210,단일판매ㆍ공급계약체결,2025-12-24,KOSPI,56300.0,54700.0,55400.0,58000.0,-0.028419182948490218,-0.01598579040852577,0.030195381882770933,
77860,20260327800632,00339391,한화시스템,272210,단일판매ㆍ공급계약체결,2026-03-27,KOSPI,124100.0,120700.0,114100.0,135400.0,-0.0273972602739726,-0.08058017727639,0.09105560032232063,
70964,20260331801356,00339391,한화시스템,272210,단일판매ㆍ공급계약체결,2026-03-31,KOSPI,114100.0,128800.0,129200.0,131700.0,0.12883435582822078,0.13234005258545145,0.15425065731814191,
25617,20260420800684,00339391,한화시스템,272210,단일판매ㆍ공급계약체결,2026-04-20,KOSPI,130500.0,131400.0,134100.0,126100.0,0.006896551724137945,0.02758620689655178,-0.03371647509578546,
627261,20240625800087,00126566,한화에어로스페이스,012450,단일판매ㆍ공급계약체결,2024-06-25,KOSPI,236838.0,233781.0,239384.0,239384.0,-0.01290755706432245,0.010749964110489119,0.010749964110489119,
619048,20240710800031,00126566,한화에어로스페이스,012450,단일판매ㆍ공급계약체결,2024-07-10,KOSPI,261285.0,261285.0,258230.0,280131.0,0.0,-0.011692213483361136,0.07212813594350997,
585560,20240905800161,00126566,한화에어로스페이스,012450,단일판매ㆍ공급계약체결,2024-09-05,KOSPI,295411.0,295411.0,295411.0,295411.0,0.0,0.0,0.0,
553908,20241115800453,00126566,한화에어로스페이스,012450,단일판매ㆍ공급계약체결,2024-11-15,KOSPI,400775.0,386497.0,375172.0,373695.0,-0.03562597467406903,-0.0638837252822656,-0.06756908489801006,
550711,20241125800465,00126566,한화에어로스페이스,012450,단일판매ㆍ공급계약체결,2024-11-25,KOSPI,353509.0,314613.0,317567.0,316090.0,-0.1100283161107638,-0.10167209321403414,-0.10585020466239903,
534574,20241218800236,00126566,한화에어로스페이스,012450,단일판매ㆍ공급계약체결,2024-12-18,KOSPI,300827.0,304274.0,300335.0,318552.0,0.011458412974899135,-0.0016354914951117738,0.05892090803019667,
530817,20241226800223,00126566,한화에어로스페이스,012450,단일판매ㆍ공급계약체결,2024-12-26,KOSPI,318552.0,314121.0,321506.0,360402.0,-0.013909816921570117,0.009273211281046745,0.13137572515633233,
530816,20241226800224,00126566,한화에어로스페이스,012450,단일판매ㆍ공급계약체결,2024-12-26,KOSPI,318552.0,314121.0,321506.0,360402.0,-0.013909816921570117,0.009273211281046745,0.13137572515633233,
517669,20250124800528,00126566,한화에어로스페이스,012450,단일판매ㆍ공급계약체결,2025-01-24,KOSPI,405206.0,393882.0,386497.0,414068.0,-0.027946279176517597,-0.046171576926304136,0.021870357299743848,
443048,20250403800374,00126566,한화에어로스페이스,012450,단일판매ㆍ공급계약체결,2025-04-03,KOSPI,686340.0,691263.0,632181.0,728682.0,0.007172829792813973,-0.07890986974385872,0.061692455634233756,
432604,20250407801158,00126566,한화에어로스페이스,012450,단일판매ㆍ공급계약체결,2025-04-07,KOSPI,632181.0,687324.0,680431.0,779887.0,0.0872266012423657,0.07632307835888774,0.2336451111311475,
377282,20250626800320,00126566,한화에어로스페이스,012450,단일판매ㆍ공급계약체결,2025-06-26,KOSPI,878000.0,890000.0,848000.0,817000.0,0.013667425968109326,-0.034168564920273314,-0.0694760820045558,
348481,20250818800211,00126566,한화에어로스페이스,012450,단일판매ㆍ공급계약체결,2025-08-18,KOSPI,888000.0,827000.0,816000.0,903000.0,-0.06869369369369371,-0.08108108108108103,0.016891891891891886,
318903,20251027800248,00126566,한화에어로스페이스,012450,단일판매ㆍ공급계약체결,2025-10-27,KOSPI,1039000.0,996000.0,993000.0,1042000.0,-0.04138594802694895,-0.04427333974975933,0.002887391722810495,
299857,20251128800081,00126566,한화에어로스페이스,012450,단일판매ㆍ공급계약체결,2025-11-28,KOSPI,852000.0,813000.0,824000.0,895000.0,-0.045774647887323994,-0.032863849765258246,0.05046948356807501,
288938,20251216800679,00126566,한화에어로스페이스,012450,단일판매ㆍ공급계약체결,2025-12-16,KOSPI,875000.0,870000.0,851000.0,900000.0,-0.005714285714285672,-0.02742857142857147,0.02857142857142847,
285633,20251222800010,00126566,한화에어로스페이스,012450,단일판매ㆍ공급계약체결,2025-12-22,KOSPI,886000.0,900000.0,878000.0,941000.0,0.015801354401805856,-0.009029345372460473,0.06207674943566599,
284244,20251223800540,00126566,한화에어로스페이스,012450,단일판매ㆍ공급계약체결,2025-12-23,KOSPI,900000.0,878000.0,870000.0,946000.0,-0.02444444444444449,-0.033333333333333326,0.05111111111111111,
264628,20260202800006,00126566,한화에어로스페이스,012450,단일판매ㆍ공급계약체결,2026-02-02,KOSPI,1239000.0,1299000.0,1324000.0,1193000.0,0.04842615012106544,0.06860371267150933,-0.03712671509281684,
62440,20260401801406,00126566,한화에어로스페이스,012450,단일판매ㆍ공급계약체결,2026-04-01,KOSPI,1333000.0,1417000.0,1449000.0,1484000.0,0.06301575393848458,0.0870217554388597,0.11327831957989498,
62322,20260401801472,00126566,한화에어로스페이스,012450,단일판매ㆍ공급계약체결,2026-04-01,KOSPI,1333000.0,1417000.0,1449000.0,1484000.0,0.06301575393848458,0.0870217554388597,0.11327831957989498,
38490,20260410800003,00126566,한화에어로스페이스,012450,단일판매ㆍ공급계약체결,2026-04-10,KOSPI,1507000.0,1530000.0,1523000.0,1423000.0,0.015262110152621133,0.010617120106171107,-0.05573988055739876,
627232,20240625800113,00878696,에스케이바이오팜,326030,단일판매ㆍ공급계약체결,2024-06-25,KOSPI,78800.0,77000.0,75700.0,78400.0,-0.022842639593908642,-0.03934010152284262,-0.005076142131979711,
615578,20240718800100,00878696,에스케이바이오팜,326030,단일판매ㆍ공급계약체결,2024-07-18,KOSPI,86300.0,86400.0,85300.0,84300.0,0.0011587485515642815,-0.011587485515643148,-0.023174971031286185,
584204,20240909800168,00878696,에스케이바이오팜,326030,단일판매ㆍ공급계약체결,2024-09-09,KOSPI,104400.0,104000.0,99800.0,105800.0,-0.003831417624521105,-0.044061302681992376,0.013409961685823646,
564259,20241030800286,00878696,에스케이바이오팜,326030,단일판매ㆍ공급계약체결,2024-10-30,KOSPI,119600.0,117900.0,114400.0,120900.0,-0.014214046822742521,-0.04347826086956519,0.010869565217391353,
550279,20241126800261,00878696,에스케이바이오팜,326030,단일판매ㆍ공급계약체결,2024-11-26,KOSPI,97700.0,99900.0,103000.0,104600.0,0.022517911975435068,0.054247697031729825,0.07062436028659169,
540547,20241211800391,00878696,에스케이바이오팜,326030,단일판매ㆍ공급계약체결,2024-12-11,KOSPI,98800.0,105000.0,105900.0,106300.0,0.06275303643724706,0.07186234817813775,0.07591093117408909,
520805,20250120800626,00878696,에스케이바이오팜,326030,단일판매ㆍ공급계약체결,2025-01-20,KOSPI,108700.0,107700.0,108800.0,109100.0,-0.009199632014719406,0.0009199632014720294,0.0036798528058876734,
502650,20250219800380,00878696,에스케이바이오팜,326030,단일판매ㆍ공급계약체결,2025-02-19,KOSPI,119100.0,115600.0,115100.0,118100.0,-0.029387069689336687,-0.033585222502099055,-0.008396305625524736,
378760,20250624800185,00878696,에스케이바이오팜,326030,단일판매ㆍ공급계약체결,2025-06-24,KOSPI,92900.0,92400.0,91900.0,92400.0,-0.005382131324004336,-0.01076426264800856,-0.005382131324004336,
362753,20250729800141,00878696,에스케이바이오팜,326030,단일판매ㆍ공급계약체결,2025-07-29,KOSPI,100900.0,99800.0,98700.0,111400.0,-0.010901883052527261,-0.021803766105054523,0.10406342913776023,
328231,20250929800257,00878696,에스케이바이오팜,326030,단일판매ㆍ공급계약체결,2025-09-29,KOSPI,101100.0,101400.0,103200.0,102400.0,0.0029673590504450953,0.020771513353115667,0.01285855588526208,
321206,20251021800205,00878696,에스케이바이오팜,326030,단일판매ㆍ공급계약체결,2025-10-21,KOSPI,107100.0,108200.0,106300.0,115900.0,0.010270774976657293,-0.007469654528478031,0.08216619981325857,
293822,20251209800325,00878696,에스케이바이오팜,326030,단일판매ㆍ공급계약체결,2025-12-09,KOSPI,135100.0,136100.0,135700.0,132200.0,0.007401924500370027,0.004441154700222105,-0.021465581051073324,
270250,20260122800292,00878696,에스케이바이오팜,326030,단일판매ㆍ공급계약체결,2026-01-22,KOSPI,116200.0,120400.0,120700.0,119300.0,0.03614457831325302,0.03872633390705671,0.026678141135972444,
247604,20260224800167,00878696,에스케이바이오팜,326030,단일판매ㆍ공급계약체결,2026-02-24,KOSPI,118500.0,117700.0,117700.0,97500.0,-0.006751054852320637,-0.006751054852320637,-0.17721518987341767,
80443,20260326800819,00878696,에스케이바이오팜,326030,단일판매ㆍ공급계약체결,2026-03-26,KOSPI,94700.0,100300.0,97400.0,94300.0,0.05913410770855343,0.028511087645195277,-0.004223864836325197,
355,20260527800495,00878696,에스케이바이오팜,326030,단일판매ㆍ공급계약체결,2026-05-27,KOSPI,94700.0,93500.0,89700.0,90500.0,-0.012671594508975703,-0.05279831045406547,-0.04435058078141496,
627038,20240625800286,00877059,삼성바이오로직스,207940,단일판매ㆍ공급계약체결,2024-06-25,KOSPI,1086147.0,1072901.0,1077316.0,1192113.0,-0.01219540264807617,-0.008130575327280787,0.09756137981322976,
622258,20240702800160,00877059,삼성바이오로직스,207940,단일판매ㆍ공급계약체결,2024-07-02,KOSPI,1192113.0,1192113.0,1181810.0,1171508.0,0.0,-0.00864263706544599,-0.017284435284238953,
581548,20240913800007,00877059,삼성바이오로직스,207940,단일판매ㆍ공급계약체결,2024-09-13,KOSPI,1457027.0,1543859.0,1560049.0,1540916.0,0.05959532664803047,0.0707069944482841,0.057575460166489734,
568086,20241022800030,00877059,삼성바이오로직스,207940,단일판매ㆍ공급계약체결,2024-10-22,KOSPI,1558577.0,1558577.0,1532085.0,1540916.0,0.0,-0.016997556104061617,-0.011331490199072647,
552909,20241120800003,00877059,삼성바이오로직스,207940,단일판매ㆍ공급계약체결,2024-11-20,KOSPI,1380496.0,1371665.0,1374609.0,1402572.0,-0.006396976159293466,-0.004264409313753936,0.015991353832245814,
552908,20241120800004,00877059,삼성바이오로직스,207940,단일판매ㆍ공급계약체결,2024-11-20,KOSPI,1380496.0,1371665.0,1374609.0,1402572.0,-0.006396976159293466,-0.004264409313753936,0.015991353832245814,
534968,20241217800698,00877059,삼성바이오로직스,207940,단일판매ㆍ공급계약체결,2024-12-17,KOSPI,1433479.0,1442309.0,1409931.0,1380496.0,0.006159839104723508,-0.016427167750626248,-0.036961127438909114,
523104,20250114800022,00877059,삼성바이오로직스,207940,단일판매ㆍ공급계약체결,2025-01-14,KOSPI,1507066.0,1501179.0,1533557.0,1473216.0,-0.003906265551740895,0.017577863212360878,-0.02246086103727374,
409699,20250428800048,00877059,삼성바이오로직스,207940,단일판매ㆍ공급계약체결,2025-04-28,KOSPI,1526199.0,1549746.0,1548275.0,1524727.0,0.015428525375786428,0.014464693005302731,-0.0009644875930333585,
394316,20250526800003,00877059,삼성바이오로직스,207940,단일판매ㆍ공급계약체결,2025-05-26,KOSPI,1535029.0,1510009.0,1512953.0,1517368.0,-0.01629936633118978,-0.014381487255289649,-0.011505320094929772,
394315,20250526800004,00877059,삼성바이오로직스,207940,단일판매ㆍ공급계약체결,2025-05-26,KOSPI,1535029.0,1510009.0,1512953.0,1517368.0,-0.01629936633118978,-0.014381487255289649,-0.011505320094929772,
384708,20250610800119,00877059,삼성바이오로직스,207940,단일판매ㆍ공급계약체결(자율공시),2025-06-10,KOSPI,1530614.0,1535029.0,1514425.0,1486461.0,0.0028844633591487145,-0.010576801205267938,-0.028846593589239355,
345366,20250826800080,00877059,삼성바이오로직스,207940,단일판매ㆍ공급계약체결(자율공시),2025-08-26,KOSPI,1499707.0,1501179.0,1489405.0,1467329.0,0.0009815250578946166,-0.006869341811433838,-0.02158955049219613,
336671,20250909800017,00877059,삼성바이오로직스,207940,단일판매ㆍ공급계약체결,2025-09-09,KOSPI,1532085.0,1521783.0,1524727.0,1524727.0,-0.006724170003622465,-0.004802605599558807,-0.004802605599558807,
285638,20251222800003,00877059,삼성바이오로직스,207940,단일판매ㆍ공급계약체결(자율공시),2025-12-22,KOSPI,1724000.0,1720000.0,1691000.0,1695000.0,-0.002320185614849146,-0.019141531322505845,-0.016821345707656588,
285636,20251222800004,00877059,삼성바이오로직스,207940,단일판매ㆍ공급계약체결(자율공시),2025-12-22,KOSPI,1724000.0,1720000.0,1691000.0,1695000.0,-0.002320185614849146,-0.019141531322505845,-0.016821345707656588,
285635,20251222800005,00877059,삼성바이오로직스,207940,단일판매ㆍ공급계약체결,2025-12-22,KOSPI,1724000.0,1720000.0,1691000.0,1695000.0,-0.002320185614849146,-0.019141531322505845,-0.016821345707656588,
97147,20260313800095,00877059,삼성바이오로직스,207940,단일판매ㆍ공급계약체결,2026-03-13,KOSPI,1592000.0,1568000.0,1587000.0,1601000.0,-0.015075376884422065,-0.003140703517587995,0.005653266331658191,
626937,20240625800442,00178754,동아지질,028100,단일판매ㆍ공급계약체결,2024-06-25,KOSPI,14000.0,13730.0,13720.0,13200.0,-0.01928571428571424,-0.020000000000000018,-0.05714285714285716,
553574,20241118800228,00178754,동아지질,028100,단일판매ㆍ공급계약체결,2024-11-18,KOSPI,13870.0,13990.0,13780.0,14050.0,0.008651766402307137,-0.006488824801730408,0.012977649603460817,
546244,20241129800202,00178754,동아지질,028100,단일판매ㆍ공급계약체결,2024-11-29,KOSPI,13560.0,13610.0,13600.0,12500.0,0.0036873156342183133,0.002949852507374562,-0.07817109144542778,
543034,20241205800473,00178754,동아지질,028100,단일판매ㆍ공급계약체결,2024-12-05,KOSPI,12720.0,12500.0,12220.0,13580.0,-0.01729559748427678,-0.03930817610062898,0.0676100628930818,
542031,20241209800174,00178754,동아지질,028100,단일판매ㆍ공급계약체결,2024-12-09,KOSPI,12220.0,13000.0,13530.0,14280.0,0.06382978723404253,0.10720130932896899,0.16857610474631746,
541459,20241210800249,00178754,동아지질,028100,단일판매ㆍ공급계약체결,2024-12-10,KOSPI,13000.0,13530.0,13580.0,14480.0,0.04076923076923067,0.04461538461538472,0.11384615384615393,
533276,20241220800100,00178754,동아지질,028100,단일판매ㆍ공급계약체결,2024-12-20,KOSPI,14030.0,13970.0,13800.0,13560.0,-0.004276550249465383,-0.016393442622950838,-0.03349964362081259,
513471,20250206800720,00178754,동아지질,028100,단일판매ㆍ공급계약체결,2025-02-06,KOSPI,14010.0,13840.0,13710.0,13830.0,-0.012134189864382638,-0.021413276231263434,-0.012847965738758016,
412834,20250421800727,00178754,동아지질,028100,단일판매ㆍ공급계약체결,2025-04-21,KOSPI,14640.0,14500.0,14680.0,14290.0,-0.0095628415300546,0.002732240437158362,-0.02390710382513661,
384917,20250609800471,00178754,동아지질,028100,단일판매ㆍ공급계약체결(자율공시),2025-06-09,KOSPI,16970.0,16420.0,16410.0,17150.0,-0.03241013553329408,-0.0329994107248085,0.010606953447259926,
373565,20250702800084,00178754,동아지질,028100,단일판매ㆍ공급계약체결,2025-07-02,KOSPI,16860.0,16970.0,17590.0,16860.0,0.006524317912218303,0.04329774614472126,0.0,
340823,20250829800389,00178754,동아지질,028100,단일판매ㆍ공급계약체결,2025-08-29,KOSPI,15400.0,15020.0,15150.0,14800.0,-0.024675324675324628,-0.016233766233766267,-0.038961038961038974,
313162,20251107800290,00178754,동아지질,028100,단일판매ㆍ공급계약체결,2025-11-07,KOSPI,13480.0,15020.0,15340.0,15590.0,0.1142433234421365,0.13798219584569726,0.15652818991097917,
275520,20260109800362,00178754,동아지질,028100,단일판매ㆍ공급계약체결,2026-01-09,KOSPI,16520.0,16760.0,16960.0,16960.0,0.014527845036319542,0.026634382566586012,0.026634382566586012,
41191,20260409800475,00178754,동아지질,028100,단일판매ㆍ공급계약체결,2026-04-09,KOSPI,18300.0,18250.0,17770.0,17890.0,-0.002732240437158473,-0.02896174863387979,-0.022404371584699434,
626903,20240625800462,00126414,삼성제약,001360,단일판매ㆍ공급계약체결,2024-06-25,KOSPI,1572.0,1559.0,1532.0,1535.0,-0.008269720101781175,-0.025445292620865145,-0.023536895674300284,
626827,20240625800549,00156150,엑시큐어하이트론,019490,단일판매ㆍ공급계약체결,2024-06-25,KOSPI,997.0,990.0,990.0,966.0,-0.007021063189568744,-0.007021063189568744,-0.031093279839518595,
593264,20240827800548,00156150,엑시큐어하이트론,019490,단일판매ㆍ공급계약체결,2024-08-27,KOSPI,885.0,892.0,904.0,914.0,0.00790960451977396,0.021468926553672274,0.03276836158192098,
328307,20250929800209,00156150,엑시큐어하이트론,019490,단일판매ㆍ공급계약체결,2025-09-29,KOSPI,722.0,785.0,699.0,678.0,0.0872576177285318,-0.03185595567867039,-0.06094182825484762,
322978,20251016800081,00156150,엑시큐어하이트론,019490,단일판매ㆍ공급계약체결,2025-10-16,KOSPI,703.0,670.0,664.0,648.0,-0.04694167852062592,-0.05547652916073964,-0.07823613086770986,
626820,20240625800555,00193328,수산인더스트리,126720,단일판매ㆍ공급계약체결,2024-06-25,KOSPI,25450.0,25050.0,24650.0,23950.0,-0.015717092337917515,-0.03143418467583492,-0.058939096267190516,
610225,20240731800087,00193328,수산인더스트리,126720,단일판매ㆍ공급계약체결,2024-07-31,KOSPI,22400.0,22050.0,21550.0,21050.0,-0.015625,-0.0379464285714286,-0.060267857142857095,
374202,20250701800088,00193328,수산인더스트리,126720,단일판매ㆍ공급계약체결,2025-07-01,KOSPI,26700.0,25900.0,25950.0,24750.0,-0.029962546816479363,-0.028089887640449396,-0.0730337078651685,
374201,20250701800089,00193328,수산인더스트리,126720,단일판매ㆍ공급계약체결,2025-07-01,KOSPI,26700.0,25900.0,25950.0,24750.0,-0.029962546816479363,-0.028089887640449396,-0.0730337078651685,
323621,20251014800593,00193328,수산인더스트리,126720,단일판매ㆍ공급계약체결,2025-10-14,KOSPI,21100.0,22300.0,21850.0,21400.0,0.056872037914691864,0.035545023696682554,0.014218009478673022,
293649,20251209800578,00193328,수산인더스트리,126720,단일판매ㆍ공급계약체결(자율공시),2025-12-09,KOSPI,22000.0,21900.0,22000.0,21600.0,-0.004545454545454519,0.0,-0.018181818181818188,
627276,20240625900041,00867098,티로보틱스,117730,단일판매ㆍ공급계약체결,2024-06-25,KOSDAQ,13620.0,13530.0,13010.0,12150.0,-0.0066079295154185536,-0.04478707782672542,-0.10792951541850215,
123217,20260604900202,00867098,티로보틱스,117730,단일판매ㆍ공급계약체결,2026-06-04,KOSDAQ,17850.0,16770.0,15610.0,15710.0,-0.060504201680672276,-0.12549019607843137,-0.11988795518207285,
627193,20240625900155,01190124,미디어젠,279600,단일판매ㆍ공급계약체결,2024-06-25,KOSDAQ,15774.0,16028.0,15532.0,15604.0,0.016102447064790137,-0.015341701534170138,-0.010777228350450141,
554391,20241114903164,01190124,미디어젠,279600,단일판매ㆍ공급계약체결,2024-11-14,KOSDAQ,13680.0,13680.0,13680.0,13680.0,0.0,0.0,0.0,
373503,20250702900148,01190124,미디어젠,279600,단일판매ㆍ공급계약체결,2025-07-02,KOSDAQ,12620.0,12210.0,11960.0,12020.0,-0.032488114104595844,-0.05229793977812991,-0.047543581616481756,
627166,20240625900183,00569646,영우디에스피,143540,단일판매ㆍ공급계약체결(자율공시),2024-06-25,KOSDAQ,905.0,908.0,910.0,875.0,0.0033149171270718814,0.005524861878453136,-0.03314917127071826,
607956,20240806900523,00569646,영우디에스피,143540,단일판매ㆍ공급계약체결(자율공시),2024-08-06,KOSDAQ,727.0,787.0,786.0,823.0,0.08253094910591474,0.08115543328748287,0.13204951856946345,
607226,20240807900438,00569646,영우디에스피,143540,단일판매ㆍ공급계약체결(자율공시),2024-08-07,KOSDAQ,787.0,786.0,811.0,867.0,-0.0012706480304955914,0.030495552731893305,0.1016518424396442,
563765,20241030900373,00569646,영우디에스피,143540,단일판매ㆍ공급계약체결(자율공시),2024-10-30,KOSDAQ,706.0,712.0,707.0,712.0,0.008498583569405138,0.0014164305949009304,0.008498583569405138,
543331,20241205900143,00569646,영우디에스피,143540,단일판매ㆍ공급계약체결(자율공시),2024-12-05,KOSDAQ,654.0,652.0,618.0,646.0,-0.003058103975535187,-0.05504587155963303,-0.012232415902140636,
536397,20241216900823,00569646,영우디에스피,143540,단일판매ㆍ공급계약체결(자율공시),2024-12-16,KOSDAQ,653.0,649.0,678.0,674.0,-0.006125574272588086,0.038284839203675425,0.03215926493108734,
490009,20250305900222,00569646,영우디에스피,143540,단일판매ㆍ공급계약체결,2025-03-05,KOSDAQ,661.0,660.0,654.0,625.0,-0.001512859304084735,-0.010590015128593033,-0.0544629349470499,
472302,20250320900345,00569646,영우디에스피,143540,단일판매ㆍ공급계약체결(자율공시),2025-03-20,KOSDAQ,604.0,607.0,609.0,614.0,0.004966887417218624,0.008278145695364225,0.01655629139072845,
387359,20250602900291,00569646,영우디에스피,143540,단일판매ㆍ공급계약체결(자율공시),2025-06-02,KOSDAQ,588.0,595.0,596.0,612.0,0.011904761904761862,0.013605442176870763,0.04081632653061229,
381646,20250617900115,00569646,영우디에스피,143540,단일판매ㆍ공급계약체결(자율공시),2025-06-17,KOSDAQ,599.0,597.0,597.0,578.0,-0.0033388981636059967,-0.0033388981636059967,-0.035058430717863076,
345228,20250826900194,00569646,영우디에스피,143540,단일판매ㆍ공급계약체결,2025-08-26,KOSDAQ,679.0,671.0,666.0,672.0,-0.01178203240058906,-0.019145802650957333,-0.010309278350515427,
339146,20250901900927,00569646,영우디에스피,143540,단일판매ㆍ공급계약체결,2025-09-01,KOSDAQ,661.0,672.0,670.0,675.0,0.016641452344931862,0.013615733736762392,0.021180030257186067,
330678,20250924900155,00569646,영우디에스피,143540,단일판매ㆍ공급계약체결(자율공시),2025-09-24,KOSDAQ,720.0,732.0,725.0,752.0,0.016666666666666607,0.00694444444444442,0.04444444444444451,
270264,20260122900263,00569646,영우디에스피,143540,단일판매ㆍ공급계약체결,2026-01-22,KOSDAQ,948.0,940.0,927.0,1004.0,-0.008438818565400852,-0.022151898734177222,0.05907172995780585,
254523,20260212900253,00569646,영우디에스피,143540,단일판매ㆍ공급계약체결(자율공시),2026-02-12,KOSDAQ,1174.0,1182.0,1230.0,1195.0,0.006814310051107331,0.047700170357751315,0.017887563884156688,
113475,20260624900525,00569646,영우디에스피,143540,단일판매ㆍ공급계약체결(자율공시),2026-06-24,KOSDAQ,1069.0,1014.0,988.0,,-0.05144995322731527,-0.07577174929840969,,
627152,20240625900193,00184889,이건홀딩스,039020,단일판매ㆍ공급계약체결(자회사의 주요경영사항),2024-06-25,KOSDAQ,2045.0,2115.0,2155.0,2170.0,0.03422982885085579,0.05378973105134466,0.06112469437652801,
290458,20251215900610,00184889,이건홀딩스,039020,단일판매ㆍ공급계약체결(자회사의 주요경영사항),2025-12-15,KOSDAQ,4200.0,4110.0,4090.0,4250.0,-0.021428571428571463,-0.02619047619047621,0.011904761904761862,
626652,20240626800096,00102432,계룡건설산업,013580,단일판매ㆍ공급계약체결,2024-06-26,KOSPI,13510.0,13440.0,13460.0,13420.0,-0.005181347150259086,-0.0037009622501850137,-0.006661732050333047,
618140,20240711800128,00102432,계룡건설산업,013580,단일판매ㆍ공급계약체결,2024-07-11,KOSPI,13560.0,13730.0,14210.0,14930.0,0.012536873156342221,0.04793510324483785,0.10103244837758107,
618054,20240711800206,00102432,계룡건설산업,013580,단일판매ㆍ공급계약체결,2024-07-11,KOSPI,13560.0,13730.0,14210.0,14930.0,0.012536873156342221,0.04793510324483785,0.10103244837758107,
615130,20240719800085,00102432,계룡건설산업,013580,단일판매ㆍ공급계약체결,2024-07-19,KOSPI,14840.0,14700.0,14710.0,15100.0,-0.009433962264150941,-0.008760107816711549,0.017520215633423097,
610934,20240730800188,00102432,계룡건설산업,013580,단일판매ㆍ공급계약체결,2024-07-30,KOSPI,15100.0,15250.0,15100.0,14120.0,0.009933774834437026,0.0,-0.06490066225165558,
596140,20240821800162,00102432,계룡건설산업,013580,단일판매ㆍ공급계약체결,2024-08-21,KOSPI,15470.0,15060.0,15080.0,14770.0,-0.02650290885585005,-0.025210084033613467,-0.04524886877828049,
587166,20240902800549,00102432,계룡건설산업,013580,단일판매ㆍ공급계약체결,2024-09-02,KOSPI,14640.0,14630.0,14000.0,13800.0,-0.000683060109289646,-0.04371584699453557,-0.05737704918032782,
584667,20240906800435,00102432,계룡건설산업,013580,단일판매ㆍ공급계약체결,2024-09-06,KOSPI,13850.0,13800.0,13670.0,14140.0,-0.0036101083032491488,-0.012996389891696714,0.02093862815884484,
582269,20240912800271,00102432,계룡건설산업,013580,단일판매ㆍ공급계약체결,2024-09-12,KOSPI,13980.0,14140.0,14200.0,14380.0,0.011444921316166035,0.01573676680972813,0.028612303290414864,
574551,20241002800705,00102432,계룡건설산업,013580,단일판매ㆍ공급계약체결,2024-10-02,KOSPI,14090.0,13940.0,13920.0,13820.0,-0.010645848119233525,-0.012065294535131277,-0.019162526614620257,
560795,20241107800175,00102432,계룡건설산업,013580,단일판매ㆍ공급계약체결,2024-11-07,KOSPI,13300.0,13290.0,13010.0,12590.0,-0.0007518796992481702,-0.021804511278195493,-0.05338345864661653,
558258,20241113800118,00102432,계룡건설산업,013580,단일판매ㆍ공급계약체결,2024-11-13,KOSPI,12570.0,12590.0,12770.0,12920.0,0.0015910898965791898,0.015910898965791676,0.027844073190135266,
554028,20241115800232,00102432,계룡건설산업,013580,단일판매ㆍ공급계약체결,2024-11-15,KOSPI,12770.0,12880.0,12920.0,12970.0,0.008613938919342257,0.011746280344557603,0.01566170712607673,
553634,20241118800157,00102432,계룡건설산업,013580,단일판매ㆍ공급계약체결,2024-11-18,KOSPI,12880.0,12920.0,12920.0,13150.0,0.0031055900621117516,0.0031055900621117516,0.020962732919254767,
543792,20241204800210,00102432,계룡건설산업,013580,단일판매ㆍ공급계약체결,2024-12-04,KOSPI,12710.0,12550.0,12560.0,12770.0,-0.012588512981903999,-0.011801730920535047,0.00472069236821393,
532274,20241223800195,00102432,계룡건설산업,013580,단일판매ㆍ공급계약체결,2024-12-23,KOSPI,13340.0,13240.0,13080.0,12890.0,-0.007496251874062998,-0.019490254872563728,-0.033733133433283324,
532273,20241223800196,00102432,계룡건설산업,013580,단일판매ㆍ공급계약체결,2024-12-23,KOSPI,13340.0,13240.0,13080.0,12890.0,-0.007496251874062998,-0.019490254872563728,-0.033733133433283324,
518562,20250123800720,00102432,계룡건설산업,013580,단일판매ㆍ공급계약체결,2025-01-23,KOSPI,12330.0,12500.0,12380.0,12200.0,0.013787510137875048,0.0040551500405514584,-0.010543390105433925,
496808,20250226800870,00102432,계룡건설산업,013580,단일판매ㆍ공급계약체결,2025-02-26,KOSPI,13490.0,13500.0,13300.0,13700.0,0.000741289844329085,-0.014084507042253502,0.015567086730911894,
496806,20250226800876,00102432,계룡건설산업,013580,단일판매ㆍ공급계약체결,2025-02-26,KOSPI,13490.0,13500.0,13300.0,13700.0,0.000741289844329085,-0.014084507042253502,0.015567086730911894,
483459,20250311801665,00102432,계룡건설산업,013580,단일판매ㆍ공급계약체결,2025-03-11,KOSPI,13530.0,13460.0,13400.0,13310.0,-0.005173688100517326,-0.00960827790096086,-0.016260162601625994,
469188,20250321801394,00102432,계룡건설산업,013580,단일판매ㆍ공급계약체결,2025-03-21,KOSPI,13320.0,13270.0,13060.0,13060.0,-0.0037537537537537524,-0.019519519519519468,-0.019519519519519468,
451266,20250401800395,00102432,계룡건설산업,013580,단일판매ㆍ공급계약체결,2025-04-01,KOSPI,12990.0,12870.0,13200.0,20500.0,-0.009237875288683584,0.01616628175519641,0.5781370284834488,
392793,20250528800286,00102432,계룡건설산업,013580,단일판매ㆍ공급계약체결,2025-05-28,KOSPI,20050.0,21000.0,21050.0,21900.0,0.04738154613466339,0.04987531172069826,0.09226932668329169,
380588,20250619800370,00102432,계룡건설산업,013580,단일판매ㆍ공급계약체결,2025-06-19,KOSPI,21100.0,22100.0,21500.0,20800.0,0.04739336492891,0.018957345971563955,-0.014218009478673022,
344206,20250827800516,00102432,계룡건설산업,013580,단일판매ㆍ공급계약체결,2025-08-27,KOSPI,20050.0,20150.0,19840.0,19990.0,0.004987531172069737,-0.010473815461346625,-0.0029925187032419087,
339195,20250901800849,00102432,계룡건설산업,013580,단일판매ㆍ공급계약체결,2025-09-01,KOSPI,19550.0,20000.0,19990.0,20750.0,0.023017902813299296,0.02250639386189257,0.0613810741687979,
302196,20251126800172,00102432,계룡건설산업,013580,단일판매ㆍ공급계약체결,2025-11-26,KOSPI,18210.0,18380.0,18690.0,19700.0,0.009335529928610642,0.02635914332784184,0.08182317408017581,
300904,20251127800534,00102432,계룡건설산업,013580,단일판매ㆍ공급계약체결,2025-11-27,KOSPI,18380.0,18690.0,18750.0,20200.0,0.0168661588683352,0.020130576713819348,0.09902067464635467,
299527,20251128800157,00102432,계룡건설산업,013580,단일판매ㆍ공급계약체결,2025-11-28,KOSPI,18690.0,18750.0,19110.0,21250.0,0.0032102728731941976,0.022471910112359605,0.13697164258962014,
297668,20251128801327,00102432,계룡건설산업,013580,단일판매ㆍ공급계약체결,2025-11-28,KOSPI,18690.0,18750.0,19110.0,21250.0,0.0032102728731941976,0.022471910112359605,0.13697164258962014,
293314,20251210800314,00102432,계룡건설산업,013580,단일판매ㆍ공급계약체결,2025-12-10,KOSPI,20150.0,20850.0,21450.0,21050.0,0.03473945409429291,0.06451612903225801,0.04466501240694787,
293312,20251210800317,00102432,계룡건설산업,013580,단일판매ㆍ공급계약체결,2025-12-10,KOSPI,20150.0,20850.0,21450.0,21050.0,0.03473945409429291,0.06451612903225801,0.04466501240694787,
282917,20251224800918,00102432,계룡건설산업,013580,단일판매ㆍ공급계약체결,2025-12-24,KOSPI,21050.0,20400.0,20050.0,20400.0,-0.030878859857482177,-0.04750593824228033,-0.030878859857482177,
280154,20251230801130,00102432,계룡건설산업,013580,단일판매ㆍ공급계약체결,2025-12-30,KOSPI,20350.0,20300.0,20400.0,19590.0,-0.002457002457002422,0.002457002457002533,-0.03734643734643739,
277798,20260106800360,00102432,계룡건설산업,013580,단일판매ㆍ공급계약체결,2026-01-06,KOSPI,20350.0,19810.0,19590.0,20250.0,-0.026535626535626577,-0.03734643734643739,-0.004914004914004955,
245723,20260225801091,00102432,계룡건설산업,013580,단일판매ㆍ공급계약체결,2026-02-25,KOSPI,29550.0,29550.0,28350.0,26150.0,0.0,-0.040609137055837574,-0.11505922165820648,
109427,20260303800232,00102432,계룡건설산업,013580,단일판매ㆍ공급계약체결,2026-03-03,KOSPI,27650.0,24200.0,26150.0,25000.0,-0.12477396021699816,-0.054249547920434016,-0.0958408679927667,
81611,20260325801247,00102432,계룡건설산업,013580,단일판매ㆍ공급계약체결,2026-03-25,KOSPI,26950.0,25650.0,25400.0,26750.0,-0.04823747680890533,-0.0575139146567718,-0.007421150278293154,
70536,20260331801643,00102432,계룡건설산업,013580,단일판매ㆍ공급계약체결,2026-03-31,KOSPI,25100.0,26750.0,24600.0,25200.0,0.06573705179282863,-0.019920318725099584,0.003984063745019917,
22503,20260424800545,00102432,계룡건설산업,013580,단일판매ㆍ공급계약체결,2026-04-24,KOSPI,29550.0,29400.0,30050.0,28700.0,-0.005076142131979711,0.016920473773265554,-0.02876480541455162,
14781,20260507800675,00102432,계룡건설산업,013580,단일판매ㆍ공급계약체결,2026-05-07,KOSPI,29000.0,28300.0,27250.0,25450.0,-0.024137931034482807,-0.06034482758620685,-0.12241379310344824,
2524,20260526800355,00102432,계룡건설산업,013580,단일판매ㆍ공급계약체결,2026-05-26,KOSPI,22350.0,21550.0,21100.0,20350.0,-0.03579418344519014,-0.055928411633109576,-0.08948545861297541,
122198,20260605800533,00102432,계룡건설산업,013580,단일판매ㆍ공급계약체결,2026-06-05,KOSPI,20000.0,18750.0,19920.0,20100.0,-0.0625,-0.0040000000000000036,0.004999999999999893,
626602,20240626800172,00150828,진흥기업,002780,단일판매ㆍ공급계약체결,2024-06-26,KOSPI,884.0,892.0,888.0,893.0,0.009049773755656076,0.004524886877828038,0.010180995475113086,
610120,20240731800184,00150828,진흥기업,002780,단일판매ㆍ공급계약체결,2024-07-31,KOSPI,905.0,917.0,893.0,845.0,0.013259668508287303,-0.013259668508287303,-0.06629834254143652,
610116,20240731800193,00150828,진흥기업,002780,단일판매ㆍ공급계약체결,2024-07-31,KOSPI,905.0,917.0,893.0,845.0,0.013259668508287303,-0.013259668508287303,-0.06629834254143652,
602929,20240813800938,00150828,진흥기업,002780,단일판매ㆍ공급계약체결,2024-08-13,KOSPI,875.0,886.0,885.0,870.0,0.012571428571428678,0.011428571428571344,-0.005714285714285672,
587199,20240902800521,00150828,진흥기업,002780,단일판매ㆍ공급계약체결,2024-09-02,KOSPI,854.0,854.0,834.0,830.0,0.0,-0.023419203747072626,-0.02810304449648715,
586785,20240903800098,00150828,진흥기업,002780,단일판매ㆍ공급계약체결,2024-09-03,KOSPI,854.0,834.0,830.0,825.0,-0.023419203747072626,-0.02810304449648715,-0.03395784543325531,
584801,20240906800327,00150828,진흥기업,002780,단일판매ㆍ공급계약체결,2024-09-06,KOSPI,824.0,830.0,825.0,831.0,0.00728155339805836,0.0012135922330096527,0.008495145631068013,
570700,20241015800058,00150828,진흥기업,002780,단일판매ㆍ공급계약체결,2024-10-15,KOSPI,815.0,811.0,812.0,779.0,-0.004907975460122671,-0.0036809815950920033,-0.04417177914110426,
559417,20241111800170,00150828,진흥기업,002780,단일판매ㆍ공급계약체결,2024-11-11,KOSPI,759.0,817.0,785.0,821.0,0.07641633728590258,0.03425559947299073,0.08168642951251637,
544514,20241202800517,00150828,진흥기업,002780,단일판매ㆍ공급계약체결,2024-12-02,KOSPI,765.0,772.0,772.0,788.0,0.009150326797385588,0.009150326797385588,0.030065359477124076,
532965,20241220800449,00150828,진흥기업,002780,단일판매ㆍ공급계약체결,2024-12-20,KOSPI,815.0,819.0,814.0,795.0,0.004907975460122671,-0.0012269938650306678,-0.024539877300613466,
528080,20241231800347,00150828,진흥기업,002780,단일판매ㆍ공급계약체결,2024-12-31,KOSPI,829.0,840.0,836.0,826.0,0.013268998793727338,0.008443908323281013,-0.003618817852834688,
522968,20250114800228,00150828,진흥기업,002780,단일판매ㆍ공급계약체결,2025-01-14,KOSPI,808.0,800.0,802.0,811.0,-0.00990099009900991,-0.007425742574257432,0.003712871287128605,
450368,20250401800599,00150828,진흥기업,002780,단일판매ㆍ공급계약체결,2025-04-01,KOSPI,754.0,736.0,734.0,785.0,-0.023872679045092826,-0.02652519893899208,0.04111405835543769,
396019,20250521800034,00150828,진흥기업,002780,단일판매ㆍ공급계약체결,2025-05-21,KOSPI,746.0,740.0,757.0,763.0,-0.008042895442359255,0.014745308310991856,0.02278820375335111,
387760,20250602800173,00150828,진흥기업,002780,단일판매ㆍ공급계약체결,2025-06-02,KOSPI,766.0,779.0,782.0,772.0,0.016971279373368064,0.02088772845953013,0.007832898172323688,
376130,20250627800396,00150828,진흥기업,002780,단일판매ㆍ공급계약체결,2025-06-27,KOSPI,779.0,765.0,769.0,782.0,-0.01797175866495504,-0.012836970474967901,0.0038510911424902705,
347730,20250820800077,00150828,진흥기업,002780,단일판매ㆍ공급계약체결,2025-08-20,KOSPI,738.0,742.0,742.0,720.0,0.005420054200542035,0.005420054200542035,-0.024390243902439046,
339756,20250901800322,00150828,진흥기업,002780,단일판매ㆍ공급계약체결,2025-09-01,KOSPI,711.0,712.0,715.0,734.0,0.0014064697609001975,0.005625879043600568,0.03234880450070321,
330164,20250925800046,00150828,진흥기업,002780,단일판매ㆍ공급계약체결,2025-09-25,KOSPI,717.0,717.0,718.0,726.0,0.0,0.001394700139470073,0.012552301255230214,
318471,20251028800090,00150828,진흥기업,002780,단일판매ㆍ공급계약체결,2025-10-28,KOSPI,698.0,699.0,696.0,666.0,0.0014326647564470996,-0.002865329512893977,-0.045845272206303744,
292076,20251212800080,00150828,진흥기업,002780,단일판매ㆍ공급계약체결,2025-12-12,KOSPI,729.0,729.0,742.0,759.0,0.0,0.017832647462277196,0.04115226337448563,
266734,20260129800149,00150828,진흥기업,002780,단일판매ㆍ공급계약체결(자율공시),2026-01-29,KOSPI,681.0,675.0,676.0,760.0,-0.008810572687224627,-0.007342143906020504,0.11600587371512483,
264585,20260202800226,00150828,진흥기업,002780,단일판매ㆍ공급계약체결,2026-02-02,KOSPI,676.0,795.0,770.0,768.0,0.17603550295857984,0.13905325443786976,0.13609467455621305,
263100,20260203800369,00150828,진흥기업,002780,단일판매ㆍ공급계약체결,2026-02-03,KOSPI,795.0,770.0,760.0,787.0,-0.03144654088050314,-0.04402515723270439,-0.010062893081761004,
20498,20260428800799,00150828,진흥기업,002780,단일판매ㆍ공급계약체결,2026-04-28,KOSPI,1355.0,1458.0,1387.0,1449.0,0.07601476014760156,0.023616236162361526,0.06937269372693722,
15440,20260506800865,00150828,진흥기업,002780,단일판매ㆍ공급계약체결,2026-05-06,KOSPI,1338.0,1449.0,1396.0,1205.0,0.08295964125560529,0.0433482810164425,-0.09940209267563527,
5928,20260518800213,00150828,진흥기업,002780,단일판매ㆍ공급계약체결,2026-05-18,KOSPI,1117.0,1114.0,1078.0,1068.0,-0.0026857654431512445,-0.034914950760966845,-0.043867502238137845,
114950,20260619800907,00150828,진흥기업,002780,단일판매ㆍ공급계약체결,2026-06-19,KOSPI,855.0,853.0,789.0,715.0,-0.002339181286549752,-0.07719298245614037,-0.16374269005847952,
626448,20240626800332,00633835,HJ중공업,097230,단일판매ㆍ공급계약체결,2024-06-26,KOSPI,3575.0,3510.0,3585.0,3390.0,-0.018181818181818188,0.002797202797202747,-0.051748251748251706,
618219,20240711800042,00633835,HJ중공업,097230,단일판매ㆍ공급계약체결,2024-07-11,KOSPI,3375.0,3375.0,3405.0,3445.0,0.0,0.008888888888888946,0.020740740740740726,
611945,20240726800419,00633835,HJ중공업,097230,단일판매ㆍ공급계약체결,2024-07-26,KOSPI,3270.0,3450.0,3360.0,3165.0,0.05504587155963292,0.02752293577981657,-0.032110091743119296,
582916,20240911800171,00633835,HJ중공업,097230,단일판매ㆍ공급계약체결,2024-09-11,KOSPI,2655.0,2700.0,2770.0,2735.0,0.016949152542372836,0.043314500941619594,0.030131826741996326,
580031,20240920800170,00633835,HJ중공업,097230,단일판매ㆍ공급계약체결,2024-09-20,KOSPI,2675.0,2735.0,2715.0,2660.0,0.02242990654205612,0.01495327102803734,-0.005607476635513975,
577905,20240925800628,00633835,HJ중공업,097230,단일판매ㆍ공급계약체결,2024-09-25,KOSPI,2700.0,2735.0,2660.0,2635.0,0.012962962962963065,-0.014814814814814836,-0.024074074074074026,
577725,20240926800060,00633835,HJ중공업,097230,단일판매ㆍ공급계약체결,2024-09-26,KOSPI,2735.0,2660.0,2655.0,2650.0,-0.027422303473491727,-0.029250457038391242,-0.031078610603290646,
575660,20240930800437,00633835,HJ중공업,097230,단일판매ㆍ공급계약체결,2024-09-30,KOSPI,2655.0,2600.0,2635.0,2575.0,-0.020715630885122405,-0.007532956685499026,-0.030131826741996215,
562647,20241101800265,00633835,HJ중공업,097230,단일판매ㆍ공급계약체결,2024-11-01,KOSPI,2205.0,2250.0,2370.0,2750.0,0.020408163265306145,0.0748299319727892,0.24716553287981857,
558156,20241113800246,00633835,HJ중공업,097230,단일판매ㆍ공급계약체결,2024-11-13,KOSPI,2840.0,2920.0,2945.0,3165.0,0.028169014084507005,0.0369718309859155,0.11443661971830976,
551763,20241122800027,00633835,HJ중공업,097230,단일판매ㆍ공급계약체결,2024-11-22,KOSPI,3930.0,4345.0,4070.0,4555.0,0.1055979643765903,0.03562340966921118,0.15903307888040707,
550895,20241125800260,00633835,HJ중공업,097230,단일판매ㆍ공급계약체결,2024-11-25,KOSPI,4345.0,4070.0,4665.0,4500.0,-0.06329113924050633,0.07364787111622562,0.03567318757192184,
550485,20241126800180,00633835,HJ중공업,097230,단일판매ㆍ공급계약체결,2024-11-26,KOSPI,4070.0,4665.0,4480.0,4350.0,0.14619164619164615,0.10073710073710074,0.0687960687960687,
547626,20241128800706,00633835,HJ중공업,097230,단일판매ㆍ공급계약체결,2024-11-28,KOSPI,4480.0,4555.0,4500.0,3705.0,0.016741071428571397,0.0044642857142858094,-0.1729910714285714,
535527,20241216801865,00633835,HJ중공업,097230,단일판매ㆍ공급계약체결,2024-12-16,KOSPI,3905.0,4200.0,5390.0,6660.0,0.07554417413572345,0.380281690140845,0.7055057618437901,
534083,20241219800036,00633835,HJ중공업,097230,단일판매ㆍ공급계약체결,2024-12-19,KOSPI,5190.0,5850.0,6660.0,6060.0,0.12716763005780352,0.2832369942196531,0.16763005780346818,
534023,20241219800110,00633835,HJ중공업,097230,단일판매ㆍ공급계약체결,2024-12-19,KOSPI,5190.0,5850.0,6660.0,6060.0,0.12716763005780352,0.2832369942196531,0.16763005780346818,
533329,20241220800050,00633835,HJ중공업,097230,단일판매ㆍ공급계약체결,2024-12-20,KOSPI,5850.0,6660.0,6560.0,5930.0,0.1384615384615384,0.12136752136752138,0.013675213675213627,
529581,20241227800727,00633835,HJ중공업,097230,단일판매ㆍ공급계약체결,2024-12-27,KOSPI,6060.0,5930.0,6080.0,7190.0,-0.021452145214521434,0.0033003300330032292,0.18646864686468656,
528900,20241230800401,00633835,HJ중공업,097230,단일판매ㆍ공급계약체결,2024-12-30,KOSPI,5930.0,6080.0,5890.0,7270.0,0.025295109612141653,-0.006745362563237767,0.22596964586846546,
528899,20241230800402,00633835,HJ중공업,097230,단일판매ㆍ공급계약체결,2024-12-30,KOSPI,5930.0,6080.0,5890.0,7270.0,0.025295109612141653,-0.006745362563237767,0.22596964586846546,
511766,20250210800065,00633835,HJ중공업,097230,단일판매ㆍ공급계약체결,2025-02-10,KOSPI,6350.0,6610.0,7180.0,6760.0,0.04094488188976375,0.13070866141732274,0.0645669291338582,
472508,20250320800142,00633835,HJ중공업,097230,단일판매ㆍ공급계약체결,2025-03-20,KOSPI,7240.0,7200.0,7130.0,6200.0,-0.0055248618784530246,-0.015193370165745845,-0.14364640883977897,
409631,20250428800143,00633835,HJ중공업,097230,단일판매ㆍ공급계약체결,2025-04-28,KOSPI,8110.0,7920.0,7850.0,7680.0,-0.023427866831072786,-0.03205918618988901,-0.053020961775585684,
361579,20250731800062,00633835,HJ중공업,097230,단일판매ㆍ공급계약체결,2025-07-31,KOSPI,8910.0,8720.0,10200.0,13700.0,-0.021324354657688005,0.14478114478114468,0.537598204264871,
359039,20250805800193,00633835,HJ중공업,097230,단일판매ㆍ공급계약체결,2025-08-05,KOSPI,10440.0,11430.0,13700.0,14440.0,0.09482758620689657,0.3122605363984674,0.3831417624521072,
336653,20250909800046,00633835,HJ중공업,097230,단일판매ㆍ공급계약체결,2025-09-09,KOSPI,27250.0,33100.0,33350.0,33050.0,0.21467889908256876,0.2238532110091742,0.21284403669724772,
312625,20251110800052,00633835,HJ중공업,097230,단일판매ㆍ공급계약체결,2025-11-10,KOSPI,22000.0,20950.0,21250.0,24150.0,-0.04772727272727273,-0.03409090909090906,0.09772727272727266,
301102,20251127800440,00633835,HJ중공업,097230,단일판매ㆍ공급계약체결,2025-11-27,KOSPI,20700.0,20800.0,21450.0,21800.0,0.004830917874396157,0.03623188405797095,0.0531400966183575,
300742,20251127800601,00633835,HJ중공업,097230,단일판매ㆍ공급계약체결,2025-11-27,KOSPI,20700.0,20800.0,21450.0,21800.0,0.004830917874396157,0.03623188405797095,0.0531400966183575,
294311,20251208800417,00633835,HJ중공업,097230,단일판매ㆍ공급계약체결,2025-12-08,KOSPI,21850.0,22700.0,22450.0,23200.0,0.0389016018306636,0.027459954233409523,0.06178489702517154,
287448,20251217800479,00633835,HJ중공업,097230,단일판매ㆍ공급계약체결,2025-12-17,KOSPI,21500.0,22000.0,21950.0,22200.0,0.023255813953488413,0.020930232558139528,0.032558139534883734,
283709,20251224800003,00633835,HJ중공업,097230,단일판매ㆍ공급계약체결,2025-12-24,KOSPI,22200.0,21700.0,21600.0,20900.0,-0.022522522522522515,-0.027027027027026973,-0.058558558558558516,
279432,20251231800547,00633835,HJ중공업,097230,단일판매ㆍ공급계약체결,2025-12-31,KOSPI,21300.0,20900.0,22050.0,26250.0,-0.018779342723004744,0.035211267605633756,0.232394366197183,
277114,20260107800221,00633835,HJ중공업,097230,단일판매ㆍ공급계약체결,2026-01-07,KOSPI,24300.0,24650.0,26250.0,24850.0,0.014403292181069949,0.08024691358024683,0.02263374485596703,
272340,20260116800164,00633835,HJ중공업,097230,단일판매ㆍ공급계약체결,2026-01-16,KOSPI,26800.0,26200.0,25250.0,23750.0,-0.02238805970149249,-0.057835820895522416,-0.11380597014925375,
256194,20260211800125,00633835,HJ중공업,097230,단일판매ㆍ공급계약체결,2026-02-11,KOSPI,23750.0,23850.0,23950.0,25600.0,0.004210526315789442,0.008421052631578885,0.07789473684210524,
244689,20260226800053,00633835,HJ중공업,097230,단일판매ㆍ공급계약체결,2026-02-26,KOSPI,25200.0,25300.0,23350.0,23150.0,0.003968253968253954,-0.07341269841269837,-0.0813492063492064,
110098,20260227801809,00633835,HJ중공업,097230,단일판매ㆍ공급계약체결,2026-02-27,KOSPI,25300.0,23350.0,19340.0,23600.0,-0.07707509881422925,-0.23557312252964424,-0.06719367588932801,
105451,20260306800575,00633835,HJ중공업,097230,단일판매ㆍ공급계약체결,2026-03-06,KOSPI,23150.0,23600.0,23150.0,26900.0,0.01943844492440605,0.0,0.16198704103671702,
97048,20260313800208,00633835,HJ중공업,097230,단일판매ㆍ공급계약체결,2026-03-13,KOSPI,26900.0,26550.0,26150.0,28450.0,-0.013011152416356864,-0.027881040892193343,0.05762081784386619,
37519,20260410800253,00633835,HJ중공업,097230,단일판매ㆍ공급계약체결,2026-04-10,KOSPI,25900.0,26000.0,27700.0,28550.0,0.0038610038610038533,0.06949806949806958,0.10231660231660222,
24755,20260422800059,00633835,HJ중공업,097230,단일판매ㆍ공급계약체결,2026-04-22,KOSPI,31000.0,32650.0,32050.0,30450.0,0.0532258064516129,0.03387096774193554,-0.01774193548387093,
22044,20260427800078,00633835,HJ중공업,097230,단일판매ㆍ공급계약체결,2026-04-27,KOSPI,31000.0,30300.0,30450.0,27850.0,-0.022580645161290325,-0.01774193548387093,-0.1016129032258064,
4622,20260520800639,00633835,HJ중공업,097230,단일판매ㆍ공급계약체결,2026-05-20,KOSPI,21000.0,22050.0,22550.0,20750.0,0.050000000000000044,0.07380952380952377,-0.011904761904761862,
626348,20240626800441,00115612,동부건설,005960,단일판매ㆍ공급계약체결,2024-06-26,KOSPI,4825.0,4800.0,4795.0,4775.0,-0.005181347150259086,-0.006217616580310836,-0.010362694300518172,
623579,20240628801129,00115612,동부건설,005960,단일판매ㆍ공급계약체결,2024-06-28,KOSPI,4795.0,4795.0,4780.0,4780.0,0.0,-0.0031282586027111536,-0.0031282586027111536,
615587,20240718800086,00115612,동부건설,005960,단일판매ㆍ공급계약체결,2024-07-18,KOSPI,4930.0,4945.0,4905.0,4805.0,0.0030425963488844854,-0.005070993914807254,-0.02535496957403649,
587253,20240902800463,00115612,동부건설,005960,단일판매ㆍ공급계약체결,2024-09-02,KOSPI,4615.0,4600.0,4500.0,4330.0,-0.00325027085590468,-0.024918743228602436,-0.061755146262188476,
574618,20241002800607,00115612,동부건설,005960,단일판매ㆍ공급계약체결,2024-10-02,KOSPI,4270.0,4240.0,4265.0,4190.0,-0.007025761124121788,-0.0011709601873536313,-0.0187353629976581,
544598,20241202800402,00115612,동부건설,005960,단일판매ㆍ공급계약체결,2024-12-02,KOSPI,3985.0,4030.0,3950.0,3580.0,0.01129234629861986,-0.008782936010037656,-0.1016311166875784,
528980,20241230800306,00115612,동부건설,005960,단일판매ㆍ공급계약체결,2024-12-30,KOSPI,3825.0,3820.0,3825.0,3790.0,-0.0013071895424836555,0.0,-0.009150326797385588,
518461,20250123800873,00115612,동부건설,005960,단일판매ㆍ공급계약체결,2025-01-23,KOSPI,3580.0,3605.0,3590.0,3430.0,0.006983240223463749,0.0027932960893854997,-0.04189944134078216,
430379,20250408800592,00115612,동부건설,005960,단일판매ㆍ공급계약체결,2025-04-08,KOSPI,3500.0,3440.0,3505.0,3590.0,-0.017142857142857126,0.0014285714285713347,0.0257142857142858,
380791,20250618800588,00115612,동부건설,005960,단일판매ㆍ공급계약체결,2025-06-18,KOSPI,5490.0,5480.0,5460.0,5430.0,-0.0018214936247723523,-0.005464480874316946,-0.010928961748633892,
374813,20250630800586,00115612,동부건설,005960,단일판매ㆍ공급계약체결,2025-06-30,KOSPI,5300.0,5530.0,5430.0,5150.0,0.04339622641509444,0.02452830188679256,-0.028301886792452824,
365894,20250722800105,00115612,동부건설,005960,단일판매ㆍ공급계약체결,2025-07-22,KOSPI,5530.0,5600.0,5470.0,5470.0,0.012658227848101333,-0.010849909584086825,-0.010849909584086825,
359840,20250801800982,00115612,동부건설,005960,단일판매ㆍ공급계약체결,2025-08-01,KOSPI,5410.0,5550.0,5570.0,5870.0,0.025878003696857776,0.02957486136783727,0.08502772643253231,
347510,20250820800404,00115612,동부건설,005960,단일판매ㆍ공급계약체결,2025-08-20,KOSPI,5410.0,5450.0,5430.0,5210.0,0.007393715341959428,0.003696857670979714,-0.0369685767097967,
327675,20250930800080,00115612,동부건설,005960,단일판매ㆍ공급계약체결,2025-09-30,KOSPI,5820.0,5750.0,5790.0,5590.0,-0.012027491408934665,-0.005154639175257714,-0.03951890034364258,
326635,20251001800118,00115612,동부건설,005960,단일판매ㆍ공급계약체결,2025-10-01,KOSPI,5750.0,5790.0,5600.0,5630.0,0.006956521739130528,-0.02608695652173909,-0.02086956521739125,
318321,20251028800297,00115612,동부건설,005960,단일판매ㆍ공급계약체결,2025-10-28,KOSPI,6040.0,5920.0,5900.0,5580.0,-0.019867549668874163,-0.023178807947019875,-0.07615894039735094,
317321,20251029800735,00115612,동부건설,005960,단일판매ㆍ공급계약체결,2025-10-29,KOSPI,5920.0,5900.0,5770.0,5520.0,-0.0033783783783783994,-0.02533783783783783,-0.06756756756756754,
300547,20251127800745,00115612,동부건설,005960,단일판매ㆍ공급계약체결,2025-11-27,KOSPI,5480.0,5500.0,5380.0,5940.0,0.0036496350364962904,-0.018248175182481785,0.08394160583941601,
297007,20251201800662,00115612,동부건설,005960,단일판매ㆍ공급계약체결,2025-12-01,KOSPI,5380.0,5470.0,5730.0,5740.0,0.016728624535315983,0.06505576208178443,0.06691449814126393,
293368,20251210800264,00115612,동부건설,005960,단일판매ㆍ공급계약체결,2025-12-10,KOSPI,5670.0,5800.0,5940.0,5880.0,0.022927689594356204,0.04761904761904767,0.03703703703703698,
292445,20251211800456,00115612,동부건설,005960,단일판매ㆍ공급계약체결,2025-12-11,KOSPI,5800.0,5940.0,5860.0,5800.0,0.024137931034482696,0.010344827586206806,0.0,
291510,20251212800712,00115612,동부건설,005960,단일판매ㆍ공급계약체결,2025-12-12,KOSPI,5940.0,5860.0,5740.0,5820.0,-0.013468013468013518,-0.03367003367003363,-0.02020202020202022,
284841,20251223800061,00115612,동부건설,005960,단일판매ㆍ공급계약체결,2025-12-23,KOSPI,5780.0,5800.0,5750.0,5600.0,0.0034602076124568004,-0.00519031141868509,-0.03114186851211076,
283081,20251224800629,00115612,동부건설,005960,단일판매ㆍ공급계약체결,2025-12-24,KOSPI,5800.0,5750.0,5550.0,5520.0,-0.008620689655172376,-0.0431034482758621,-0.0482758620689655,
279307,20251231800750,00115612,동부건설,005960,단일판매ㆍ공급계약체결,2025-12-31,KOSPI,5600.0,5520.0,5520.0,5350.0,-0.014285714285714235,-0.014285714285714235,-0.044642857142857095,
272652,20260115800332,00115612,동부건설,005960,단일판매ㆍ공급계약체결,2026-01-15,KOSPI,5400.0,5410.0,5370.0,5380.0,0.0018518518518517713,-0.005555555555555536,-0.0037037037037036535,
110251,20260227801544,00115612,동부건설,005960,단일판매ㆍ공급계약체결,2026-02-27,KOSPI,9120.0,8880.0,7900.0,7490.0,-0.02631578947368418,-0.13377192982456143,-0.17872807017543857,
82278,20260325800466,00115612,동부건설,005960,단일판매ㆍ공급계약체결,2026-03-25,KOSPI,9020.0,8670.0,8510.0,8430.0,-0.03880266075388028,-0.05654101995565408,-0.06541019955654104,
80437,20260326800880,00115612,동부건설,005960,단일판매ㆍ공급계약체결,2026-03-26,KOSPI,8670.0,8510.0,8180.0,8210.0,-0.018454440599769306,-0.056516724336793556,-0.053056516724336755,
21140,20260428800105,00115612,동부건설,005960,단일판매ㆍ공급계약체결,2026-04-28,KOSPI,9790.0,9650.0,9630.0,9390.0,-0.01430030643513791,-0.01634320735444328,-0.04085801838610825,
17925,20260430800717,00115612,동부건설,005960,단일판매ㆍ공급계약체결,2026-04-30,KOSPI,9630.0,9540.0,9730.0,8760.0,-0.009345794392523366,0.010384215991692702,-0.09034267912772587,
128784,20260529800687,00115612,동부건설,005960,단일판매ㆍ공급계약체결,2026-05-29,KOSPI,6940.0,6570.0,6490.0,5820.0,-0.053314121037464024,-0.06484149855907784,-0.16138328530259372,
626690,20240626900048,00601988,코난테크놀로지,402030,단일판매ㆍ공급계약체결,2024-06-26,KOSDAQ,20281.0,20428.0,20135.0,19548.0,0.007248163305556998,-0.007198856072185844,-0.03614220206104235,
606623,20240808900378,00601988,코난테크놀로지,402030,단일판매ㆍ공급계약체결(자율공시),2024-08-08,KOSDAQ,12716.0,13361.0,13996.0,14163.0,0.05072349795533193,0.10066058508965092,0.11379364580056617,
339554,20250901900441,00601988,코난테크놀로지,402030,단일판매ㆍ공급계약체결,2025-09-01,KOSDAQ,24800.0,25250.0,24850.0,25300.0,0.01814516129032251,0.002016129032258007,0.02016129032258074,
626287,20240626900579,00808068,앤로보틱스,138360,단일판매ㆍ공급계약체결,2024-06-26,KOSDAQ,904.0,898.0,902.0,883.0,-0.006637168141592875,-0.0022123893805309214,-0.023230088495575174,
597063,20240819900409,00808068,앤로보틱스,138360,단일판매ㆍ공급계약체결,2024-08-19,KOSDAQ,841.0,845.0,839.0,828.0,0.0047562425683709275,-0.0023781212841854638,-0.015457788347205681,
574180,20241004900358,00808068,앤로보틱스,138360,단일판매ㆍ공급계약체결,2024-10-04,KOSDAQ,846.0,855.0,857.0,871.0,0.010638297872340496,0.013002364066193817,0.029550827423167947,
557103,20241114900351,00808068,앤로보틱스,138360,단일판매ㆍ공급계약체결,2024-11-14,KOSDAQ,736.0,772.0,789.0,794.0,0.048913043478260976,0.0720108695652173,0.07880434782608692,
625870,20240627800059,00353878,다스코,058730,단일판매ㆍ공급계약체결(자율공시),2024-06-27,KOSPI,3125.0,3120.0,3125.0,3130.0,-0.0016000000000000458,0.0,0.0016000000000000458,
614068,20240723800056,00353878,다스코,058730,단일판매ㆍ공급계약체결,2024-07-23,KOSPI,3290.0,3175.0,3975.0,4090.0,-0.03495440729483279,0.20820668693009114,0.24316109422492405,
598394,20240814803140,00353878,다스코,058730,단일판매ㆍ공급계약체결(자율공시),2024-08-14,KOSPI,3520.0,3460.0,3365.0,3590.0,-0.017045454545454586,-0.04403409090909094,0.019886363636363535,
592440,20240828800235,00353878,다스코,058730,단일판매ㆍ공급계약체결,2024-08-28,KOSPI,3305.0,3290.0,3315.0,3230.0,-0.004538577912254205,0.00302571860816947,-0.0226928895612708,
584286,20240909800111,00353878,다스코,058730,단일판매ㆍ공급계약체결(자율공시),2024-09-09,KOSPI,3175.0,3140.0,3105.0,3100.0,-0.011023622047244053,-0.022047244094488216,-0.023622047244094446,
562823,20241101800085,00353878,다스코,058730,단일판매ㆍ공급계약체결,2024-11-01,KOSPI,3205.0,3195.0,3200.0,3480.0,-0.0031201248049922414,-0.0015600624024960652,0.08580343213728558,
562810,20241101800109,00353878,다스코,058730,단일판매ㆍ공급계약체결(자율공시),2024-11-01,KOSPI,3205.0,3195.0,3200.0,3480.0,-0.0031201248049922414,-0.0015600624024960652,0.08580343213728558,
536691,20241216800537,00353878,다스코,058730,단일판매ㆍ공급계약체결(자율공시),2024-12-16,KOSPI,3035.0,3045.0,3000.0,2935.0,0.0032948929159801743,-0.011532125205930832,-0.0329489291598023,
396469,20250520800134,00353878,다스코,058730,단일판매ㆍ공급계약체결(자율공시),2025-05-20,KOSPI,3065.0,3025.0,3000.0,2995.0,-0.013050570962479635,-0.021207177814029365,-0.022838499184339334,
369652,20250711800045,00353878,다스코,058730,단일판매ㆍ공급계약체결(자율공시),2025-07-11,KOSPI,3125.0,3150.0,3110.0,3060.0,0.008000000000000007,-0.0048000000000000265,-0.02080000000000004,
347655,20250820800204,00353878,다스코,058730,단일판매ㆍ공급계약체결,2025-08-20,KOSPI,3095.0,3070.0,3040.0,2980.0,-0.008077544426494332,-0.017770597738287597,-0.037156704361874016,
308465,20251114801222,00353878,다스코,058730,단일판매ㆍ공급계약체결,2025-11-14,KOSPI,2800.0,2700.0,2630.0,3040.0,-0.0357142857142857,-0.06071428571428572,0.08571428571428563,
301465,20251127800326,00353878,다스코,058730,단일판매ㆍ공급계약체결(자율공시),2025-11-27,KOSPI,3215.0,3165.0,3305.0,3255.0,-0.015552099533437058,0.027993779160186527,0.012441679626749691,
625838,20240627800086,00129420,까뮤이앤씨,013700,단일판매ㆍ공급계약체결,2024-06-27,KOSPI,1471.0,1433.0,1436.0,1400.0,-0.0258327668252889,-0.023793337865397723,-0.048266485384092506,
557150,20241114800305,00129420,까뮤이앤씨,013700,단일판매ㆍ공급계약체결,2024-11-14,KOSPI,1240.0,1243.0,1229.0,1261.0,0.0024193548387096975,-0.00887096774193552,0.01693548387096766,
544841,20241202800098,00129420,까뮤이앤씨,013700,단일판매ㆍ공급계약체결,2024-12-02,KOSPI,1213.0,1213.0,1233.0,1370.0,0.0,0.016488046166529324,0.12943116240725483,
484456,20250311800546,00129420,까뮤이앤씨,013700,단일판매ㆍ공급계약체결,2025-03-11,KOSPI,1242.0,1267.0,1249.0,1230.0,0.020128824476650653,0.005636070853462183,-0.009661835748792313,
291788,20251212800425,00129420,까뮤이앤씨,013700,단일판매ㆍ공급계약체결,2025-12-12,KOSPI,1200.0,1220.0,1192.0,1212.0,0.016666666666666607,-0.00666666666666671,0.010000000000000009,
285513,20251222800252,00129420,까뮤이앤씨,013700,단일판매ㆍ공급계약체결,2025-12-22,KOSPI,1228.0,1214.0,1192.0,1234.0,-0.01140065146579805,-0.02931596091205213,0.004885993485342022,
625781,20240627800155,00159218,한전KPS,051600,단일판매ㆍ공급계약체결,2024-06-27,KOSPI,37150.0,37950.0,36850.0,36000.0,0.021534320323014722,-0.008075370121130576,-0.030955585464333746,
607328,20240807800314,00159218,한전KPS,051600,단일판매ㆍ공급계약체결,2024-08-07,KOSPI,38800.0,39750.0,41000.0,41850.0,0.02448453608247414,0.05670103092783507,0.07860824742268036,
564219,20241030800335,00159218,한전KPS,051600,단일판매ㆍ공급계약체결,2024-10-30,KOSPI,45350.0,44850.0,43450.0,44700.0,-0.011025358324145529,-0.04189636163175303,-0.01433296582138921,
533043,20241220800366,00159218,한전KPS,051600,단일판매ㆍ공급계약체결,2024-12-20,KOSPI,47200.0,46900.0,47400.0,44100.0,-0.006355932203389814,0.004237288135593209,-0.06567796610169496,
373997,20250701800377,00159218,한전KPS,051600,단일판매ㆍ공급계약체결,2025-07-01,KOSPI,58700.0,57900.0,56600.0,55500.0,-0.013628620102214661,-0.035775127768313486,-0.054514480408858645,
373996,20250701800379,00159218,한전KPS,051600,단일판매ㆍ공급계약체결,2025-07-01,KOSPI,58700.0,57900.0,56600.0,55500.0,-0.013628620102214661,-0.035775127768313486,-0.054514480408858645,
373995,20250701800381,00159218,한전KPS,051600,단일판매ㆍ공급계약체결,2025-07-01,KOSPI,58700.0,57900.0,56600.0,55500.0,-0.013628620102214661,-0.035775127768313486,-0.054514480408858645,
373994,20250701800382,00159218,한전KPS,051600,단일판매ㆍ공급계약체결,2025-07-01,KOSPI,58700.0,57900.0,56600.0,55500.0,-0.013628620102214661,-0.035775127768313486,-0.054514480408858645,
347084,20250821800242,00159218,한전KPS,051600,단일판매ㆍ공급계약체결,2025-08-21,KOSPI,52500.0,51200.0,51500.0,50700.0,-0.024761904761904763,-0.01904761904761909,-0.03428571428571425,
279439,20251231800622,00159218,한전KPS,051600,단일판매ㆍ공급계약체결(자율공시),2025-12-31,KOSPI,48900.0,50000.0,50300.0,49850.0,0.02249488752556239,0.02862985685071573,0.01942740286298572,
625638,20240627800323,00302926,현대로템,064350,단일판매ㆍ공급계약체결,2024-06-27,KOSPI,39600.0,40800.0,40100.0,38100.0,0.030303030303030276,0.012626262626262541,-0.037878787878787845,
612241,20240726800109,00302926,현대로템,064350,단일판매ㆍ공급계약체결,2024-07-26,KOSPI,47750.0,49950.0,49600.0,48550.0,0.04607329842931929,0.03874345549738223,0.01675392670157061,
611506,20240729800010,00302926,현대로템,064350,단일판매ㆍ공급계약체결,2024-07-29,KOSPI,49950.0,49600.0,48900.0,44700.0,-0.00700700700700696,-0.02102102102102099,-0.10510510510510507,
611505,20240729800013,00302926,현대로템,064350,단일판매ㆍ공급계약체결,2024-07-29,KOSPI,49950.0,49600.0,48900.0,44700.0,-0.00700700700700696,-0.02102102102102099,-0.10510510510510507,
594441,20240826800037,00302926,현대로템,064350,단일판매ㆍ공급계약체결,2024-08-26,KOSPI,53700.0,53500.0,53500.0,52200.0,-0.003724394785847296,-0.003724394785847296,-0.027932960893854775,
544388,20241203800009,00302926,현대로템,064350,단일판매ㆍ공급계약체결,2024-12-03,KOSPI,53600.0,51300.0,47800.0,46000.0,-0.042910447761194015,-0.10820895522388063,-0.14179104477611937,
535728,20241216801629,00302926,현대로템,064350,단일판매ㆍ공급계약체결,2024-12-16,KOSPI,49550.0,48500.0,48450.0,49950.0,-0.021190716448032276,-0.02219979818365292,0.008072653884964698,
530120,20241227800136,00302926,현대로템,064350,단일판매ㆍ공급계약체결,2024-12-27,KOSPI,48750.0,49700.0,52100.0,55700.0,0.019487179487179596,0.06871794871794878,0.14256410256410246,
497772,20250226800006,00302926,현대로템,064350,단일판매ㆍ공급계약체결,2025-02-26,KOSPI,85600.0,82600.0,78200.0,88800.0,-0.03504672897196259,-0.08644859813084116,0.03738317757009346,
459322,20250328802869,00302926,현대로템,064350,단일판매ㆍ공급계약체결,2025-03-28,KOSPI,101700.0,105000.0,105900.0,98800.0,0.032448377581120846,0.041297935103244754,-0.02851524090462143,
433677,20250407800743,00302926,현대로템,064350,단일판매ㆍ공급계약체결,2025-04-07,KOSPI,90400.0,91600.0,91900.0,104400.0,0.01327433628318575,0.0165929203539823,0.15486725663716805,
404967,20250507800534,00302926,현대로템,064350,단일판매ㆍ공급계약체결,2025-05-07,KOSPI,118300.0,116300.0,125400.0,107600.0,-0.01690617075232459,0.06001690617075228,-0.09044801352493659,
393512,20250527800286,00302926,현대로템,064350,단일판매ㆍ공급계약체결,2025-05-27,KOSPI,141200.0,139300.0,145400.0,156100.0,-0.013456090651558061,0.02974504249291776,0.10552407932011332,
359571,20250804800039,00302926,현대로템,064350,단일판매ㆍ공급계약체결,2025-08-04,KOSPI,200000.0,201000.0,197400.0,181100.0,0.004999999999999893,-0.013000000000000012,-0.09450000000000003,
294077,20251209800033,00302926,현대로템,064350,단일판매ㆍ공급계약체결,2025-12-09,KOSPI,192200.0,187000.0,179200.0,181400.0,-0.027055150884495283,-0.06763787721123826,-0.05619146722164414,
285585,20251222800117,00302926,현대로템,064350,단일판매ㆍ공급계약체결,2025-12-22,KOSPI,183000.0,188700.0,183600.0,187900.0,0.031147540983606614,0.003278688524590123,0.02677595628415297,
264939,20260130801210,00302926,현대로템,064350,단일판매ㆍ공급계약체결,2026-01-30,KOSPI,230500.0,214500.0,222000.0,202500.0,-0.06941431670281994,-0.03687635574837311,-0.12147505422993488,
262523,20260204800269,00302926,현대로템,064350,단일판매ㆍ공급계약체결,2026-02-04,KOSPI,228500.0,207000.0,202500.0,202500.0,-0.0940919037199125,-0.11378555798687084,-0.11378555798687084,
23459,20260423800661,00302926,현대로템,064350,단일판매ㆍ공급계약체결,2026-04-23,KOSPI,235500.0,233000.0,231000.0,268500.0,-0.010615711252653925,-0.019108280254777066,0.14012738853503182,
23458,20260423800664,00302926,현대로템,064350,단일판매ㆍ공급계약체결,2026-04-23,KOSPI,235500.0,233000.0,231000.0,268500.0,-0.010615711252653925,-0.019108280254777066,0.14012738853503182,
115537,20260619800001,00302926,현대로템,064350,단일판매ㆍ공급계약체결,2026-06-19,KOSPI,207000.0,203500.0,193600.0,174200.0,-0.016908212560386437,-0.06473429951690823,-0.15845410628019319,
625506,20240627800411,00126308,삼성E&A,028050,단일판매ㆍ공급계약체결,2024-06-27,KOSPI,23050.0,24150.0,24050.0,23750.0,0.04772234273318876,0.04338394793926237,0.030368763557483636,
625470,20240627800468,00126308,삼성E&A,028050,단일판매ㆍ공급계약체결,2024-06-27,KOSPI,23050.0,24150.0,24050.0,23750.0,0.04772234273318876,0.04338394793926237,0.030368763557483636,
554145,20241115800040,00126308,삼성E&A,028050,단일판매ㆍ공급계약체결,2024-11-15,KOSPI,16850.0,17710.0,17700.0,18260.0,0.05103857566765568,0.05044510385756684,0.08367952522255195,
524328,20250110800218,00126308,삼성E&A,028050,단일판매ㆍ공급계약체결,2025-01-10,KOSPI,17870.0,17520.0,17670.0,18600.0,-0.019585898153329562,-0.011191941801902638,0.04085058757694471,
516183,20250203800490,00126308,삼성E&A,028050,단일판매ㆍ공급계약체결,2025-02-03,KOSPI,18330.0,18070.0,17730.0,17830.0,-0.014184397163120588,-0.032733224222585955,-0.027277686852154925,
468072,20250324800024,00126308,삼성E&A,028050,단일판매ㆍ공급계약체결,2025-03-24,KOSPI,20100.0,20100.0,20450.0,19780.0,0.0,0.017412935323383172,-0.015920398009950265,
366844,20250718800275,00126308,삼성E&A,028050,단일판매ㆍ공급계약체결,2025-07-18,KOSPI,25600.0,25800.0,25300.0,24250.0,0.0078125,-0.01171875,-0.052734375,
319840,20251023800271,00126308,삼성E&A,028050,단일판매ㆍ공급계약체결,2025-10-23,KOSPI,30300.0,29300.0,28400.0,27400.0,-0.03300330033003296,-0.06270627062706269,-0.09570957095709576,
317123,20251030800014,00126308,삼성E&A,028050,단일판매ㆍ공급계약체결,2025-10-30,KOSPI,27400.0,25950.0,26500.0,26350.0,-0.0529197080291971,-0.03284671532846717,-0.038321167883211715,
124907,20260601801154,00126308,삼성E&A,028050,단일판매ㆍ공급계약체결(자율공시),2026-06-01,KOSPI,50300.0,49300.0,49500.0,46450.0,-0.01988071570576544,-0.015904572564612307,-0.07654075546719685,
625228,20240627800710,00107066,남광토건,001260,단일판매ㆍ공급계약체결,2024-06-27,KOSPI,6050.0,6060.0,6250.0,6210.0,0.0016528925619834212,0.03305785123966931,0.026446280991735627,
619014,20240710800085,00107066,남광토건,001260,단일판매ㆍ공급계약체결,2024-07-10,KOSPI,6130.0,6100.0,6090.0,6320.0,-0.004893964110929905,-0.006525285481239762,0.030995106035889064,
584270,20240909800121,00107066,남광토건,001260,단일판매ㆍ공급계약체결,2024-09-09,KOSPI,6310.0,6420.0,6400.0,6350.0,0.017432646592709933,0.014263074484944571,0.006339144215530945,
573751,20241007800340,00107066,남광토건,001260,단일판매ㆍ공급계약체결,2024-10-07,KOSPI,6210.0,6320.0,6330.0,6290.0,0.017713365539452575,0.019323671497584627,0.012882447665056418,
565109,20241029800077,00107066,남광토건,001260,단일판매ㆍ공급계약체결,2024-10-29,KOSPI,6300.0,6320.0,6390.0,6260.0,0.0031746031746031633,0.014285714285714235,-0.006349206349206327,
529610,20241227800644,00107066,남광토건,001260,단일판매ㆍ공급계약체결,2024-12-27,KOSPI,7780.0,7960.0,8130.0,8150.0,0.023136246786632286,0.04498714652956304,0.04755784061696655,
519440,20250122800718,00107066,남광토건,001260,단일판매ㆍ공급계약체결,2025-01-22,KOSPI,8250.0,8000.0,8180.0,7520.0,-0.030303030303030276,-0.00848484848484854,-0.0884848484848485,
513961,20250206800140,00107066,남광토건,001260,단일판매ㆍ공급계약체결,2025-02-06,KOSPI,8030.0,8100.0,8130.0,8470.0,0.008717310087173136,0.012453300124533051,0.0547945205479452,
382832,20250613800122,00107066,남광토건,001260,단일판매ㆍ공급계약체결,2025-06-13,KOSPI,11070.0,10660.0,10190.0,9990.0,-0.03703703703703709,-0.0794941282746161,-0.09756097560975607,
378232,20250625800084,00107066,남광토건,001260,단일판매ㆍ공급계약체결,2025-06-25,KOSPI,10180.0,9620.0,9000.0,9300.0,-0.05500982318271119,-0.11591355599214148,-0.08644400785854622,
339415,20250901800599,00107066,남광토건,001260,단일판매ㆍ공급계약체결,2025-09-01,KOSPI,8890.0,9130.0,9000.0,8950.0,0.02699662542182235,0.012373453318335281,0.006749156355455588,
330592,20250924800249,00107066,남광토건,001260,단일판매ㆍ공급계약체결,2025-09-24,KOSPI,8000.0,7940.0,7770.0,7840.0,-0.007499999999999951,-0.028750000000000053,-0.020000000000000018,
328585,20250926800834,00107066,남광토건,001260,단일판매ㆍ공급계약체결,2025-09-26,KOSPI,7770.0,7930.0,7830.0,7770.0,0.0205920205920207,0.007722007722007707,0.0,
322988,20251016800065,00107066,남광토건,001260,단일판매ㆍ공급계약체결,2025-10-16,KOSPI,8370.0,8250.0,8510.0,8480.0,-0.014336917562724039,0.016726403823178027,0.0131421744324971,
322987,20251016800068,00107066,남광토건,001260,단일판매ㆍ공급계약체결,2025-10-16,KOSPI,8370.0,8250.0,8510.0,8480.0,-0.014336917562724039,0.016726403823178027,0.0131421744324971,
322983,20251016800070,00107066,남광토건,001260,단일판매ㆍ공급계약체결,2025-10-16,KOSPI,8370.0,8250.0,8510.0,8480.0,-0.014336917562724039,0.016726403823178027,0.0131421744324971,
302060,20251126800338,00107066,남광토건,001260,단일판매ㆍ공급계약체결,2025-11-26,KOSPI,7400.0,7280.0,7320.0,7540.0,-0.01621621621621616,-0.010810810810810811,0.018918918918918948,
292809,20251211800050,00107066,남광토건,001260,단일판매ㆍ공급계약체결,2025-12-11,KOSPI,8580.0,8690.0,8390.0,8180.0,0.012820512820512775,-0.022144522144522116,-0.046620046620046596,
271433,20260119800967,00107066,남광토건,001260,단일판매ㆍ공급계약체결,2026-01-19,KOSPI,8050.0,8210.0,7970.0,8150.0,0.019875776397515477,-0.009937888198757738,0.012422360248447228,
248051,20260223801016,00107066,남광토건,001260,단일판매ㆍ공급계약체결,2026-02-23,KOSPI,8990.0,9150.0,9210.0,8450.0,0.017797552836484876,0.024471635150166815,-0.06006674082313679,
107209,20260305800163,00107066,남광토건,001260,단일판매ㆍ공급계약체결,2026-03-05,KOSPI,8350.0,8420.0,8080.0,8880.0,0.008383233532934131,-0.03233532934131733,0.06347305389221547,
63085,20260401801018,00107066,남광토건,001260,단일판매ㆍ공급계약체결,2026-04-01,KOSPI,8980.0,8600.0,8510.0,9560.0,-0.04231625835189312,-0.0523385300668151,0.06458797327394206,
24763,20260422800040,00107066,남광토건,001260,단일판매ㆍ공급계약체결,2026-04-22,KOSPI,9680.0,9510.0,9740.0,10020.0,-0.017561983471074405,0.006198347107438051,0.03512396694214881,
625830,20240627900093,00442145,아바코,083930,단일판매ㆍ공급계약체결,2024-06-27,KOSDAQ,18380.0,18290.0,17400.0,17380.0,-0.004896626768226331,-0.053318824809575616,-0.054406964091403665,
476422,20250317900432,00442145,아바코,083930,단일판매ㆍ공급계약체결(자율공시),2025-03-17,KOSDAQ,16570.0,16350.0,16200.0,15950.0,-0.013277006638503286,-0.022329511164755567,-0.03741701870850933,
250177,20260219900327,00442145,아바코,083930,단일판매ㆍ공급계약체결,2026-02-19,KOSDAQ,16230.0,16170.0,16000.0,15320.0,-0.003696857670979714,-0.014171287738755423,-0.05606900800985826,
625685,20240627900246,00619640,에코앤드림,101360,단일판매ㆍ공급계약체결,2024-06-27,KOSDAQ,46067.0,44227.0,45147.0,45398.0,-0.03994182386523981,-0.019970911932619906,-0.014522326177089928,
575678,20240930900414,00619640,에코앤드림,101360,단일판매ㆍ공급계약체결,2024-09-30,KOSDAQ,45000.0,46250.0,46350.0,44800.0,0.02777777777777768,0.030000000000000027,-0.004444444444444473,
564279,20241030900291,00619640,에코앤드림,101360,단일판매ㆍ공급계약체결,2024-10-30,KOSDAQ,38550.0,38700.0,39050.0,37500.0,0.0038910505836575737,0.012970168612191912,-0.027237354085603127,
547983,20241128900538,00619640,에코앤드림,101360,단일판매ㆍ공급계약체결,2024-11-28,KOSDAQ,27200.0,26600.0,25700.0,24900.0,-0.022058823529411797,-0.05514705882352944,-0.0845588235294118,
530031,20241227900253,00619640,에코앤드림,101360,단일판매ㆍ공급계약체결,2024-12-27,KOSDAQ,21800.0,21900.0,21950.0,24500.0,0.004587155963302836,0.006880733944954143,0.12385321100917435,
518865,20250123900337,00619640,에코앤드림,101360,단일판매ㆍ공급계약체결,2025-01-23,KOSDAQ,26150.0,25900.0,25850.0,24250.0,-0.009560229445506718,-0.01147227533460804,-0.07265774378585088,
495465,20250227900321,00619640,에코앤드림,101360,단일판매ㆍ공급계약체결,2025-02-27,KOSDAQ,31750.0,29250.0,28400.0,27600.0,-0.07874015748031493,-0.10551181102362206,-0.13070866141732285,
363896,20250725900384,00619640,에코앤드림,101360,단일판매ㆍ공급계약체결,2025-07-25,KOSDAQ,22700.0,22950.0,22600.0,21800.0,0.011013215859030812,-0.004405286343612369,-0.03964757709251099,
317038,20251030900157,00619640,에코앤드림,101360,단일판매ㆍ공급계약체결,2025-10-30,KOSDAQ,23700.0,22900.0,23350.0,22650.0,-0.03375527426160341,-0.014767932489451518,-0.044303797468354444,
624691,20240628800040,00648721,SNT에너지,100840,단일판매ㆍ공급계약체결,2024-06-28,KOSPI,11520.0,11580.0,11670.0,12320.0,0.005208333333333259,0.01302083333333326,0.06944444444444442,
597639,20240816800047,00648721,SNT에너지,100840,단일판매ㆍ공급계약체결,2024-08-16,KOSPI,12680.0,12160.0,12420.0,13050.0,-0.04100946372239744,-0.02050473186119872,0.02917981072555209,
571854,20241011800061,00648721,SNT에너지,100840,단일판매ㆍ공급계약체결,2024-10-11,KOSPI,12410.0,12710.0,12710.0,13180.0,0.0241740531829171,0.0241740531829171,0.06204673650282033,
567078,20241024800044,00648721,SNT에너지,100840,단일판매ㆍ공급계약체결,2024-10-24,KOSPI,12790.0,12710.0,12800.0,13120.0,-0.006254886630179812,0.0007818608287724071,0.02580140734949188,
532407,20241223800047,00648721,SNT에너지,100840,단일판매ㆍ공급계약체결,2024-12-23,KOSPI,23450.0,23950.0,24000.0,24750.0,0.021321961620469176,0.023454157782516027,0.05543710021321968,
529198,20241230800049,00648721,SNT에너지,100840,단일판매ㆍ공급계약체결,2024-12-30,KOSPI,23900.0,24750.0,22200.0,22200.0,0.03556485355648542,-0.07112970711297073,-0.07112970711297073,
489062,20250306800044,00648721,SNT에너지,100840,단일판매ㆍ공급계약체결,2025-03-06,KOSPI,36200.0,35750.0,35350.0,34200.0,-0.012430939226519389,-0.023480662983425438,-0.05524861878453036,
488944,20250306800248,00648721,SNT에너지,100840,단일판매ㆍ공급계약체결,2025-03-06,KOSPI,36200.0,35750.0,35350.0,34200.0,-0.012430939226519389,-0.023480662983425438,-0.05524861878453036,
486293,20250310800050,00648721,SNT에너지,100840,단일판매ㆍ공급계약체결,2025-03-10,KOSPI,35350.0,34150.0,31850.0,32800.0,-0.0339462517680339,-0.09900990099009899,-0.07213578500707218,
376559,20250627800042,00648721,SNT에너지,100840,단일판매ㆍ공급계약체결,2025-06-27,KOSPI,40500.0,41650.0,40150.0,35100.0,0.02839506172839501,-0.00864197530864197,-0.1333333333333333,
336973,20250908800192,00648721,SNT에너지,100840,단일판매ㆍ공급계약체결(자율공시),2025-09-08,KOSPI,59900.0,60100.0,61400.0,59400.0,0.0033388981636059967,0.025041736227044975,-0.008347245409014992,
335441,20250911800035,00648721,SNT에너지,100840,단일판매ㆍ공급계약체결,2025-09-11,KOSPI,64100.0,59800.0,59400.0,56200.0,-0.06708268330733225,-0.07332293291731673,-0.12324492979719193,
321844,20251020800076,00648721,SNT에너지,100840,단일판매ㆍ공급계약체결,2025-10-20,KOSPI,49000.0,49000.0,49200.0,51200.0,0.0,0.004081632653061273,0.044897959183673564,
624685,20240628800046,00225159,SNT홀딩스,036530,단일판매ㆍ공급계약체결(자회사의 주요경영사항),2024-06-28,KOSPI,21500.0,20850.0,20450.0,21500.0,-0.03023255813953485,-0.0488372093023256,0.0,
597627,20240816800054,00225159,SNT홀딩스,036530,단일판매ㆍ공급계약체결(자회사의 주요경영사항),2024-08-16,KOSPI,22250.0,22250.0,22550.0,22500.0,0.0,0.01348314606741563,0.011235955056179803,
571852,20241011800073,00225159,SNT홀딩스,036530,단일판매ㆍ공급계약체결(자회사의 주요경영사항),2024-10-11,KOSPI,23000.0,22700.0,22750.0,23000.0,-0.013043478260869601,-0.010869565217391353,0.0,
567076,20241024800053,00225159,SNT홀딩스,036530,단일판매ㆍ공급계약체결(자회사의 주요경영사항),2024-10-24,KOSPI,22550.0,22650.0,22200.0,22750.0,0.0044345898004434225,-0.01552106430155209,0.008869179600886845,
539815,20241212800271,00225159,SNT홀딩스,036530,단일판매ㆍ공급계약체결(자회사의 주요경영사항),2024-12-12,KOSPI,22550.0,22600.0,22650.0,23100.0,0.0022172949002217113,0.0044345898004434225,0.024390243902439046,
532404,20241223800050,00225159,SNT홀딩스,036530,단일판매ㆍ공급계약체결(자회사의 주요경영사항),2024-12-23,KOSPI,23950.0,23950.0,23850.0,22500.0,0.0,-0.0041753653444676075,-0.06054279749478075,
529191,20241230800050,00225159,SNT홀딩스,036530,단일판매ㆍ공급계약체결(자회사의 주요경영사항),2024-12-30,KOSPI,22500.0,22500.0,22150.0,22300.0,0.0,-0.015555555555555545,-0.008888888888888835,
516243,20250203800286,00225159,SNT홀딩스,036530,단일판매ㆍ공급계약체결(자회사의 주요경영사항),2025-02-03,KOSPI,26400.0,26300.0,26500.0,28300.0,-0.0037878787878787845,0.0037878787878788955,0.07196969696969702,
489053,20250306800067,00225159,SNT홀딩스,036530,단일판매ㆍ공급계약체결(자회사의 주요경영사항),2025-03-06,KOSPI,31200.0,31150.0,31450.0,31350.0,-0.0016025641025640969,0.008012820512820484,0.004807692307692291,
488942,20250306800249,00225159,SNT홀딩스,036530,단일판매ㆍ공급계약체결(자회사의 주요경영사항),2025-03-06,KOSPI,31200.0,31150.0,31450.0,31350.0,-0.0016025641025640969,0.008012820512820484,0.004807692307692291,
486284,20250310800054,00225159,SNT홀딩스,036530,단일판매ㆍ공급계약체결(자회사의 주요경영사항),2025-03-10,KOSPI,31450.0,31050.0,30050.0,32100.0,-0.012718600953895098,-0.04451510333863273,0.020667726550079424,
407657,20250430800116,00225159,SNT홀딩스,036530,단일판매ㆍ공급계약체결(자회사의 주요경영사항),2025-04-30,KOSPI,33150.0,32950.0,33850.0,35700.0,-0.006033182503770718,0.02111613876319751,0.07692307692307687,
376532,20250627800046,00225159,SNT홀딩스,036530,단일판매ㆍ공급계약체결(자회사의 주요경영사항),2025-06-27,KOSPI,55100.0,58000.0,60000.0,52000.0,0.05263157894736836,0.08892921960072586,-0.056261343012704135,
335435,20250911800041,00225159,SNT홀딩스,036530,단일판매ㆍ공급계약체결(자회사의 주요경영사항),2025-09-11,KOSPI,88200.0,83400.0,80000.0,77400.0,-0.05442176870748294,-0.09297052154195007,-0.12244897959183676,
321843,20251020800078,00225159,SNT홀딩스,036530,단일판매ㆍ공급계약체결(자회사의 주요경영사항),2025-10-20,KOSPI,68500.0,67200.0,67100.0,65800.0,-0.01897810218978102,-0.020437956204379604,-0.039416058394160625,
86393,20260323800086,00225159,SNT홀딩스,036530,단일판매ㆍ공급계약체결(자회사의 주요경영사항),2026-03-23,KOSPI,62900.0,62700.0,62700.0,59400.0,-0.0031796502384737746,-0.0031796502384737746,-0.055643879173290944,
624154,20240628800517,00164478,현대건설,000720,단일판매ㆍ공급계약체결,2024-06-28,KOSPI,32050.0,33200.0,32200.0,31900.0,0.03588143525741039,0.004680187207488196,-0.004680187207488307,
558883,20241112800101,00164478,현대건설,000720,단일판매ㆍ공급계약체결,2024-11-12,KOSPI,28700.0,28350.0,28800.0,28250.0,-0.012195121951219523,0.0034843205574912606,-0.015679442508710784,
508390,20250213800021,00164478,현대건설,000720,단일판매ㆍ공급계약체결,2025-02-13,KOSPI,33750.0,34600.0,34200.0,35650.0,0.0251851851851852,0.01333333333333342,0.05629629629629629,
503521,20250218800084,00164478,현대건설,000720,단일판매ㆍ공급계약체결,2025-02-18,KOSPI,37000.0,36200.0,35650.0,34450.0,-0.021621621621621623,-0.03648648648648645,-0.06891891891891888,
440674,20250404800360,00164478,현대건설,000720,단일판매ㆍ공급계약체결(자율공시),2025-04-04,KOSPI,35700.0,34550.0,36200.0,38200.0,-0.03221288515406162,0.014005602240896309,0.07002801120448177,
385663,20250605800247,00164478,현대건설,000720,단일판매ㆍ공급계약체결,2025-06-05,KOSPI,68000.0,68300.0,72000.0,73600.0,0.004411764705882337,0.05882352941176472,0.08235294117647052,
352703,20250814800219,00164478,현대건설,000720,단일판매ㆍ공급계약체결,2025-08-14,KOSPI,63800.0,63900.0,61500.0,62500.0,0.0015673981191222097,-0.036050156739811934,-0.020376175548589393,
334252,20250915800004,00164478,현대건설,000720,단일판매ㆍ공급계약체결,2025-09-15,KOSPI,60000.0,61500.0,57900.0,56300.0,0.02499999999999991,-0.03500000000000003,-0.06166666666666665,
287568,20251217800384,00164478,현대건설,000720,단일판매ㆍ공급계약체결,2025-12-17,KOSPI,70800.0,69400.0,69400.0,70000.0,-0.019774011299435013,-0.019774011299435013,-0.011299435028248594,
284854,20251223800049,00164478,현대건설,000720,단일판매ㆍ공급계약체결(자율공시),2025-12-23,KOSPI,70000.0,70000.0,68700.0,69000.0,0.0,-0.018571428571428572,-0.014285714285714235,
267934,20260127800539,00164478,현대건설,000720,단일판매ㆍ공급계약체결,2026-01-27,KOSPI,105900.0,105700.0,108700.0,108600.0,-0.0018885741265344258,0.026440037771482627,0.025495750708215192,
82719,20260325800133,00164478,현대건설,000720,단일판매ㆍ공급계약체결,2026-03-25,KOSPI,157900.0,152400.0,149800.0,159900.0,-0.03483217226092461,-0.05129829005699815,0.012666244458517939,
74628,20260330801083,00164478,현대건설,000720,단일판매ㆍ공급계약체결,2026-03-30,KOSPI,148400.0,142100.0,159900.0,151900.0,-0.04245283018867929,0.07749326145552571,0.02358490566037741,
121782,20260608800044,00164478,현대건설,000720,단일판매ㆍ공급계약체결,2026-06-08,KOSPI,116500.0,122300.0,130300.0,145000.0,0.04978540772532192,0.11845493562231768,0.24463519313304727,
114213,20260623800109,00164478,현대건설,000720,단일판매ㆍ공급계약체결,2026-06-23,KOSPI,115100.0,114700.0,112600.0,,-0.0034752389226759828,-0.021720243266724615,,
624048,20240628800687,00124540,대우건설,047040,단일판매ㆍ공급계약체결(자율공시),2024-06-28,KOSPI,3720.0,3810.0,3735.0,3700.0,0.024193548387096753,0.0040322580645162365,-0.005376344086021501,
609328,20240801800220,00124540,대우건설,047040,단일판매ㆍ공급계약체결,2024-08-01,KOSPI,4120.0,3985.0,3640.0,3885.0,-0.03276699029126218,-0.11650485436893199,-0.05703883495145634,
594947,20240823800231,00124540,대우건설,047040,단일판매ㆍ공급계약체결,2024-08-23,KOSPI,4230.0,4260.0,4230.0,4030.0,0.007092198581560183,0.0,-0.047281323877068515,
594800,20240823800382,00124540,대우건설,047040,단일판매ㆍ공급계약체결,2024-08-23,KOSPI,4230.0,4260.0,4230.0,4030.0,0.007092198581560183,0.0,-0.047281323877068515,
587209,20240902800517,00124540,대우건설,047040,단일판매ㆍ공급계약체결,2024-09-02,KOSPI,4045.0,4000.0,3905.0,3840.0,-0.011124845488257096,-0.034610630407911014,-0.050679851668726794,
575399,20240930800726,00124540,대우건설,047040,단일판매ㆍ공급계약체결,2024-09-30,KOSPI,3830.0,3765.0,3745.0,3760.0,-0.016971279373368175,-0.022193211488250708,-0.018276762402088753,
574802,20241002800380,00124540,대우건설,047040,단일판매ㆍ공급계약체결,2024-10-02,KOSPI,3765.0,3745.0,3795.0,3790.0,-0.005312084993359889,0.007968127490039834,0.006640106241699861,
517931,20250124800250,00124540,대우건설,047040,단일판매ㆍ공급계약체결,2025-01-24,KOSPI,3370.0,3375.0,3200.0,3360.0,0.0014836795252226587,-0.05044510385756673,-0.0029673590504450953,
492666,20250228800355,00124540,대우건설,047040,단일판매ㆍ공급계약체결,2025-02-28,KOSPI,3390.0,3290.0,3465.0,3555.0,-0.029498525073746285,0.022123893805309658,0.04867256637168138,
464228,20250326801705,00124540,대우건설,047040,단일판매ㆍ공급계약체결,2025-03-26,KOSPI,3270.0,3275.0,3210.0,3160.0,0.001529051987767538,-0.01834862385321101,-0.033639143730886834,
413739,20250418800756,00124540,대우건설,047040,단일판매ㆍ공급계약체결,2025-04-18,KOSPI,3295.0,3290.0,3245.0,3375.0,-0.0015174506828528056,-0.015174506828528056,0.02427921092564489,
394307,20250526800282,00124540,대우건설,047040,단일판매ㆍ공급계약체결,2025-05-26,KOSPI,4025.0,4045.0,4190.0,4165.0,0.00496894409937898,0.0409937888198757,0.034782608695652195,
384784,20250610800054,00124540,대우건설,047040,단일판매ㆍ공급계약체결,2025-06-10,KOSPI,4475.0,4440.0,4515.0,4530.0,-0.007821229050279377,0.00893854748603351,0.012290502793296021,
374115,20250701800193,00124540,대우건설,047040,단일판매ㆍ공급계약체결,2025-07-01,KOSPI,4225.0,4160.0,4180.0,4100.0,-0.01538461538461533,-0.010650887573964485,-0.029585798816568087,
359967,20250801800824,00124540,대우건설,047040,단일판매ㆍ공급계약체결,2025-08-01,KOSPI,3665.0,3730.0,3765.0,3830.0,0.017735334242837686,0.027285129604365688,0.045020463847203374,
340799,20250829800405,00124540,대우건설,047040,단일판매ㆍ공급계약체결,2025-08-29,KOSPI,3720.0,3645.0,3680.0,3770.0,-0.020161290322580627,-0.010752688172043001,0.013440860215053752,
311270,20251112800360,00124540,대우건설,047040,단일판매ㆍ공급계약체결,2025-11-12,KOSPI,3460.0,3475.0,3445.0,3450.0,0.004335260115607031,-0.00433526011560692,-0.0028901734104046506,
309509,20251114800141,00124540,대우건설,047040,단일판매ㆍ공급계약체결,2025-11-14,KOSPI,3445.0,3485.0,3395.0,3455.0,0.011611030478954953,-0.014513788098693747,0.002902757619738683,
292719,20251211800144,00124540,대우건설,047040,단일판매ㆍ공급계약체결,2025-12-11,KOSPI,3725.0,3890.0,3765.0,3685.0,0.04429530201342291,0.010738255033557076,-0.010738255033557076,
283687,20251224800042,00124540,대우건설,047040,단일판매ㆍ공급계약체결,2025-12-24,KOSPI,3795.0,3700.0,3710.0,3820.0,-0.025032938076416378,-0.022397891963109373,0.006587615283267567,
260660,20260206800121,00124540,대우건설,047040,단일판매ㆍ공급계약체결,2026-02-06,KOSPI,5520.0,5770.0,7060.0,7300.0,0.04528985507246386,0.2789855072463767,0.32246376811594213,
82743,20260325800110,00124540,대우건설,047040,단일판매ㆍ공급계약체결,2026-03-25,KOSPI,16410.0,15900.0,17260.0,19430.0,-0.031078610603290646,0.05179768433881771,0.1840341255332114,
55841,20260403800798,00124540,대우건설,047040,단일판매ㆍ공급계약체결,2026-04-03,KOSPI,16810.0,17310.0,17350.0,24300.0,0.02974419988102328,0.032123735871504966,0.44556811421772746,
27307,20260416800364,00124540,대우건설,047040,단일판매ㆍ공급계약체결,2026-04-16,KOSPI,28600.0,28700.0,28100.0,33250.0,0.0034965034965035446,-0.0174825174825175,0.1625874125874125,
20798,20260428800476,00124540,대우건설,047040,단일판매ㆍ공급계약체결,2026-04-28,KOSPI,37150.0,36900.0,35000.0,33200.0,-0.006729475100942128,-0.05787348586810226,-0.1063257065948856,
3235,20260522800424,00124540,대우건설,047040,단일판매ㆍ공급계약체결,2026-05-22,KOSPI,28550.0,29450.0,26750.0,24250.0,0.031523642732049106,-0.0630472854640981,-0.15061295971978983,
129487,20260529800181,00124540,대우건설,047040,단일판매ㆍ공급계약체결,2026-05-29,KOSPI,26200.0,24250.0,22800.0,20400.0,-0.07442748091603058,-0.1297709923664122,-0.22137404580152675,
623997,20240628800714,00939687,동일고무벨트,163560,단일판매ㆍ공급계약체결,2024-06-28,KOSPI,7700.0,7980.0,7990.0,7910.0,0.036363636363636376,0.03766233766233773,0.027272727272727337,
624557,20240628900160,01242241,샌즈랩,411080,단일판매ㆍ공급계약체결,2024-06-28,KOSDAQ,8470.0,8680.0,8700.0,8590.0,0.024793388429751984,0.027154663518299982,0.01416765053128688,
529806,20241227900457,01242241,샌즈랩,411080,단일판매ㆍ공급계약체결,2024-12-27,KOSDAQ,6600.0,6580.0,6990.0,7830.0,-0.00303030303030305,0.05909090909090908,0.1863636363636363,
378839,20250624900084,01242241,샌즈랩,411080,단일판매ㆍ공급계약체결,2025-06-24,KOSDAQ,9100.0,8990.0,8650.0,8440.0,-0.012087912087912045,-0.0494505494505495,-0.07252747252747249,
624450,20240628900257,01336461,뉴로메카,348340,단일판매ㆍ공급계약체결,2024-06-28,KOSDAQ,29254.0,29540.0,29158.0,28968.0,0.009776440828604738,-0.0032816025158952655,-0.009776440828604627,
623559,20240628901136,01336461,뉴로메카,348340,단일판매ㆍ공급계약체결,2024-06-28,KOSDAQ,29254.0,29540.0,29158.0,28968.0,0.009776440828604738,-0.0032816025158952655,-0.009776440828604627,
560425,20241107900597,01336461,뉴로메카,348340,단일판매ㆍ공급계약체결,2024-11-07,KOSDAQ,19582.0,19582.0,19058.0,17419.0,0.0,-0.02675926871616796,-0.11045858441425804,
373694,20250701900774,01336461,뉴로메카,348340,단일판매ㆍ공급계약체결,2025-07-01,KOSDAQ,23012.0,23393.0,22583.0,21821.0,0.016556579176081998,-0.018642447418737995,-0.0517556057709021,
624334,20240628900372,01596656,메쎄이상,408920,단일판매ㆍ공급계약체결,2024-06-28,KOSDAQ,2485.0,2405.0,2350.0,2410.0,-0.03219315895372232,-0.05432595573440646,-0.030181086519114664,
624285,20240628900427,01406265,와이랩,432430,단일판매ㆍ공급계약체결,2024-06-28,KOSDAQ,10360.0,9410.0,9090.0,8960.0,-0.09169884169884168,-0.12258687258687262,-0.1351351351351351,
620422,20240705900257,01406265,와이랩,432430,단일판매ㆍ공급계약체결,2024-07-05,KOSDAQ,8960.0,8950.0,8950.0,8140.0,-0.0011160714285713969,-0.0011160714285713969,-0.0915178571428571,
565351,20241028900587,01406265,와이랩,432430,단일판매ㆍ공급계약체결,2024-10-28,KOSDAQ,5030.0,5090.0,5240.0,5190.0,0.011928429423459175,0.041749502982107334,0.031809145129224614,
503783,20250217901001,01406265,와이랩,432430,단일판매ㆍ공급계약체결,2025-02-17,KOSDAQ,4885.0,5500.0,5230.0,6060.0,0.12589559877175027,0.07062436028659169,0.2405322415557829,
20847,20260428900423,01406265,와이랩,432430,단일판매ㆍ공급계약체결,2026-04-28,KOSDAQ,3680.0,3700.0,3640.0,3265.0,0.005434782608695565,-0.010869565217391353,-0.11277173913043481,
624269,20240628900448,00250614,삼영엠텍,054540,단일판매ㆍ공급계약체결,2024-06-28,KOSDAQ,4695.0,4795.0,4605.0,4500.0,0.021299254526091493,-0.019169329073482455,-0.04153354632587858,
280838,20251230900280,00250614,삼영엠텍,054540,단일판매ㆍ공급계약체결,2025-12-30,KOSDAQ,13750.0,14040.0,14570.0,15280.0,0.02109090909090905,0.05963636363636371,0.11127272727272719,
279043,20260102900326,00250614,삼영엠텍,054540,단일판매ㆍ공급계약체결,2026-01-02,KOSDAQ,14040.0,14570.0,14680.0,16100.0,0.03774928774928776,0.045584045584045496,0.1467236467236468,
624252,20240628900450,00526696,웨이브일렉트로,095270,단일판매ㆍ공급계약체결(자율공시),2024-06-28,KOSDAQ,5890.0,6650.0,6360.0,6220.0,0.12903225806451624,0.07979626485568758,0.05602716468590829,
534557,20241218900252,00526696,웨이브일렉트로,095270,단일판매ㆍ공급계약체결(자율공시),2024-12-18,KOSDAQ,3840.0,3890.0,3885.0,3870.0,0.01302083333333326,0.01171875,0.0078125,
524436,20250110900087,00526696,웨이브일렉트로,095270,단일판매ㆍ공급계약체결,2025-01-10,KOSDAQ,3930.0,3895.0,3895.0,3845.0,-0.008905852417302795,-0.008905852417302795,-0.021628498727735423,
378220,20250625900108,00526696,웨이브일렉트로,095270,단일판매ㆍ공급계약체결,2025-06-25,KOSDAQ,4950.0,4750.0,4560.0,4560.0,-0.04040404040404044,-0.07878787878787874,-0.07878787878787874,
623797,20240628900971,01429840,아이티아이즈,372800,단일판매ㆍ공급계약체결(자율공시),2024-06-28,KOSDAQ,5100.0,5140.0,5220.0,5320.0,0.007843137254901933,0.0235294117647058,0.04313725490196085,
559078,20241111900623,01429840,아이티아이즈,372800,단일판매ㆍ공급계약체결,2024-11-11,KOSDAQ,5500.0,5700.0,5390.0,5080.0,0.036363636363636376,-0.020000000000000018,-0.07636363636363641,
623612,20240628901054,01259418,대보마그네틱,290670,단일판매ㆍ공급계약체결,2024-06-28,KOSDAQ,23300.0,23850.0,23550.0,23350.0,0.023605150214592197,0.010729613733905685,0.0021459227467810482,
623156,20240701800084,00111704,한화오션,042660,단일판매ㆍ공급계약체결,2024-07-01,KOSPI,31450.0,31100.0,30050.0,30400.0,-0.011128775834658211,-0.04451510333863273,-0.03338632750397452,
623157,20240701800088,00111704,한화오션,042660,단일판매ㆍ공급계약체결,2024-07-01,KOSPI,31450.0,31100.0,30050.0,30400.0,-0.011128775834658211,-0.04451510333863273,-0.03338632750397452,
594717,20240823800495,00111704,한화오션,042660,단일판매ㆍ공급계약체결,2024-08-23,KOSPI,33150.0,32700.0,33200.0,34550.0,-0.013574660633484115,0.0015082956259426794,0.042232277526395245,
575105,20241002800087,00111704,한화오션,042660,단일판매ㆍ공급계약체결,2024-10-02,KOSPI,30600.0,31300.0,31000.0,30850.0,0.02287581699346397,0.013071895424836555,0.008169934640522847,
572685,20241010800064,00111704,한화오션,042660,단일판매ㆍ공급계약체결,2024-10-10,KOSPI,31700.0,30850.0,30700.0,31350.0,-0.02681388012618302,-0.03154574132492116,-0.01104100946372244,
559478,20241111800103,00111704,한화오션,042660,단일판매ㆍ공급계약체결,2024-11-11,KOSPI,37300.0,36800.0,33800.0,38100.0,-0.013404825737265424,-0.09383378016085786,0.02144772117962468,
553683,20241118800073,00111704,한화오션,042660,단일판매ㆍ공급계약체결,2024-11-18,KOSPI,38100.0,37050.0,37550.0,37750.0,-0.027559055118110187,-0.014435695538057791,-0.009186351706036766,
534016,20241219800118,00111704,한화오션,042660,단일판매ㆍ공급계약체결,2024-12-19,KOSPI,32250.0,33400.0,35750.0,36900.0,0.0356589147286821,0.10852713178294571,0.1441860465116278,
511249,20250210801035,00111704,한화오션,042660,단일판매ㆍ공급계약체결,2025-02-10,KOSPI,58100.0,63300.0,72900.0,77900.0,0.0895008605851979,0.2547332185886402,0.34079173838209975,
498680,20250225800348,00111704,한화오션,042660,단일판매ㆍ공급계약체결,2025-02-25,KOSPI,75200.0,72500.0,74000.0,80500.0,-0.03590425531914898,-0.015957446808510634,0.07047872340425543,
476734,20250317800068,00111704,한화오션,042660,단일판매ㆍ공급계약체결,2025-03-17,KOSPI,76300.0,81400.0,80100.0,73100.0,0.06684141546526878,0.04980340760157276,-0.04193971166448229,
451424,20250401800363,00111704,한화오션,042660,단일판매ㆍ공급계약체결,2025-04-01,KOSPI,69300.0,69600.0,71600.0,67700.0,0.0043290043290042934,0.03318903318903321,-0.023088023088023046,
409664,20250428800105,00111704,한화오션,042660,단일판매ㆍ공급계약체결,2025-04-28,KOSPI,89300.0,78500.0,78500.0,80300.0,-0.12094064949608063,-0.12094064949608063,-0.10078387458006721,
365931,20250722800022,00111704,한화오션,042660,단일판매ㆍ공급계약체결,2025-07-22,KOSPI,86100.0,83500.0,88800.0,96800.0,-0.030197444831591147,0.03135888501742157,0.12427409988385607,
362836,20250729800036,00111704,한화오션,042660,단일판매ㆍ공급계약체결,2025-07-29,KOSPI,96800.0,99000.0,112300.0,116100.0,0.022727272727272707,0.1601239669421488,0.19938016528925617,
362627,20250729800308,00111704,한화오션,042660,단일판매ㆍ공급계약체결,2025-07-29,KOSPI,96800.0,99000.0,112300.0,116100.0,0.022727272727272707,0.1601239669421488,0.19938016528925617,
344849,20250827800001,00111704,한화오션,042660,단일판매ㆍ공급계약체결,2025-08-27,KOSPI,110900.0,109800.0,112000.0,117700.0,-0.009918845807033394,0.009918845807033394,0.06131650135256983,
337754,20250905800030,00111704,한화오션,042660,단일판매ㆍ공급계약체결,2025-09-05,KOSPI,112500.0,110900.0,110000.0,113200.0,-0.014222222222222247,-0.022222222222222254,0.006222222222222129,
333391,20250917800008,00111704,한화오션,042660,단일판매ㆍ공급계약체결,2025-09-17,KOSPI,113000.0,111000.0,111700.0,110600.0,-0.017699115044247815,-0.011504424778761013,-0.0212389380530974,
326679,20251001800067,00111704,한화오션,042660,단일판매ㆍ공급계약체결,2025-10-01,KOSPI,110400.0,111500.0,109300.0,105100.0,0.009963768115942129,-0.009963768115942018,-0.04800724637681164,
303750,20251124800090,00111704,한화오션,042660,단일판매ㆍ공급계약체결,2025-11-24,KOSPI,118800.0,113000.0,113900.0,105000.0,-0.04882154882154888,-0.0412457912457912,-0.11616161616161613,
299803,20251128800098,00111704,한화오션,042660,단일판매ㆍ공급계약체결,2025-11-28,KOSPI,107800.0,105000.0,106100.0,108500.0,-0.025974025974025983,-0.01576994434137291,0.006493506493506551,
296692,20251202800041,00111704,한화오션,042660,단일판매ㆍ공급계약체결,2025-12-02,KOSPI,106100.0,108200.0,106500.0,115200.0,0.019792648444863392,0.0037700282752120007,0.0857681432610744,
286356,20251219800049,00111704,한화오션,042660,단일판매ㆍ공급계약체결,2025-12-19,KOSPI,109500.0,109700.0,123400.0,115600.0,0.0018264840182649067,0.12694063926940635,0.055707762557077656,
284855,20251223800047,00111704,한화오션,042660,단일판매ㆍ공급계약체결,2025-12-23,KOSPI,123400.0,119000.0,116500.0,114700.0,-0.03565640194489461,-0.05591572123176658,-0.07050243111831445,
272868,20260115800042,00111704,한화오션,042660,단일판매ㆍ공급계약체결,2026-01-15,KOSPI,148900.0,147000.0,148800.0,137700.0,-0.012760241773002057,-0.000671591672263272,-0.07521826729348557,
270942,20260121800115,00111704,한화오션,042660,단일판매ㆍ공급계약체결,2026-01-21,KOSPI,141500.0,137700.0,140300.0,143400.0,-0.026855123674911607,-0.008480565371024706,0.013427561837455748,
260581,20260206800258,00111704,한화오션,042660,단일판매ㆍ공급계약체결,2026-02-06,KOSPI,130600.0,133200.0,130900.0,129800.0,0.019908116385911168,0.0022970903522205877,-0.006125574272588086,
82642,20260325800201,00111704,한화오션,042660,단일판매ㆍ공급계약체결,2026-03-25,KOSPI,124700.0,125700.0,123200.0,127000.0,0.008019246190858142,-0.012028869286287103,0.01844426623897344,
82641,20260325800203,00111704,한화오션,042660,단일판매ㆍ공급계약체결,2026-03-25,KOSPI,124700.0,125700.0,123200.0,127000.0,0.008019246190858142,-0.012028869286287103,0.01844426623897344,
41671,20260409800345,00111704,한화오션,042660,단일판매ㆍ공급계약체결,2026-04-09,KOSPI,123500.0,123400.0,120100.0,131900.0,-0.0008097165991902688,-0.027530364372469585,0.06801619433198391,
16414,20260504800235,00111704,한화오션,042660,단일판매ㆍ공급계약체결,2026-05-04,KOSPI,133000.0,130200.0,129900.0,122000.0,-0.021052631578947323,-0.023308270676691722,-0.08270676691729328,
13237,20260511800175,00111704,한화오션,042660,단일판매ㆍ공급계약체결,2026-05-11,KOSPI,130500.0,122000.0,121400.0,115800.0,-0.06513409961685823,-0.06973180076628349,-0.11264367816091958,
129488,20260529800152,00111704,한화오션,042660,단일판매ㆍ공급계약체결,2026-05-29,KOSPI,123300.0,124900.0,116000.0,103100.0,0.012976480129764711,-0.05920519059205187,-0.16382806163828056,
118113,20260612801030,00111704,한화오션,042660,단일판매ㆍ공급계약체결,2026-06-12,KOSPI,112700.0,123400.0,129200.0,128400.0,0.0949423247559893,0.1464063886424134,0.1393078970718722,
623008,20240701800160,00126478,삼성중공업,010140,단일판매ㆍ공급계약체결,2024-07-01,KOSPI,9680.0,9620.0,9440.0,9800.0,-0.006198347107438051,-0.024793388429752095,0.012396694214876103,
575112,20241002800072,00126478,삼성중공업,010140,단일판매ㆍ공급계약체결,2024-10-02,KOSPI,10050.0,10040.0,10010.0,9870.0,-0.0009950248756218638,-0.003980099502487566,-0.017910447761193993,
563665,20241031800038,00126478,삼성중공업,010140,단일판매ㆍ공급계약체결,2024-10-31,KOSPI,9590.0,9470.0,9540.0,10830.0,-0.012513034410844615,-0.005213764337851923,0.1293013555787279,
562745,20241101800164,00126478,삼성중공업,010140,단일판매ㆍ공급계약체결,2024-11-01,KOSPI,9470.0,9540.0,9620.0,11010.0,0.007391763463569179,0.015839493136219573,0.1626187961985217,
551031,20241125800093,00126478,삼성중공업,010140,단일판매ㆍ공급계약체결,2024-11-25,KOSPI,11910.0,11820.0,11900.0,10920.0,-0.007556675062972307,-0.0008396305625524292,-0.08312342569269526,
530935,20241226800085,00126478,삼성중공업,010140,단일판매ㆍ공급계약체결,2024-12-26,KOSPI,11600.0,11310.0,11300.0,11420.0,-0.025000000000000022,-0.025862068965517238,-0.01551724137931032,
520986,20250120800318,00126478,삼성중공업,010140,단일판매ㆍ공급계약체결,2025-01-20,KOSPI,13490.0,13670.0,13300.0,13010.0,0.013343217197924417,-0.014084507042253502,-0.03558191252779841,
476684,20250317800118,00126478,삼성중공업,010140,단일판매ㆍ공급계약체결,2025-03-17,KOSPI,14790.0,15440.0,15210.0,14670.0,0.04394861392833005,0.028397565922920975,-0.008113590263691739,
475476,20250318800145,00126478,삼성중공업,010140,단일판매ㆍ공급계약체결,2025-03-18,KOSPI,15440.0,15210.0,14540.0,14000.0,-0.014896373056994872,-0.05829015544041449,-0.09326424870466321,
431152,20250408800489,00126478,삼성중공업,010140,단일판매ㆍ공급계약체결,2025-04-08,KOSPI,13220.0,13040.0,13950.0,14540.0,-0.013615733736762503,0.05521936459909238,0.09984871406959162,
409687,20250428800076,00126478,삼성중공업,010140,단일판매ㆍ공급계약체결,2025-04-28,KOSPI,15150.0,14970.0,14570.0,14730.0,-0.011881188118811892,-0.03828382838283828,-0.027722772277227747,
371848,20250707800058,00126478,삼성중공업,010140,단일판매ㆍ공급계약체결,2025-07-07,KOSPI,16210.0,17320.0,17770.0,17440.0,0.06847624922887108,0.09623689080814302,0.07587908698334367,
366323,20250721800070,00126478,삼성중공업,010140,단일판매ㆍ공급계약체결,2025-07-21,KOSPI,19400.0,19570.0,19140.0,18630.0,0.008762886597938113,-0.013402061855670055,-0.039690721649484506,
348557,20250818800096,00126478,삼성중공업,010140,단일판매ㆍ공급계약체결,2025-08-18,KOSPI,19290.0,18680.0,18930.0,20000.0,-0.03162260238465531,-0.018662519440124425,0.03680663556246766,
348556,20250818800098,00126478,삼성중공업,010140,단일판매ㆍ공급계약체결,2025-08-18,KOSPI,19290.0,18680.0,18930.0,20000.0,-0.03162260238465531,-0.018662519440124425,0.03680663556246766,
319736,20251024800041,00126478,삼성중공업,010140,단일판매ㆍ공급계약체결,2025-10-24,KOSPI,24800.0,29100.0,29950.0,29550.0,0.1733870967741935,0.20766129032258074,0.19153225806451624,
313350,20251107800084,00126478,삼성중공업,010140,단일판매ㆍ공급계약체결,2025-11-07,KOSPI,26300.0,27050.0,26400.0,26300.0,0.028517110266159662,0.0038022813688212143,0.0,
304996,20251120800137,00126478,삼성중공업,010140,단일판매ㆍ공급계약체결,2025-11-20,KOSPI,26450.0,25350.0,25050.0,25300.0,-0.041587901701323204,-0.052930056710775,-0.04347826086956519,
284784,20251223800127,00126478,삼성중공업,010140,단일판매ㆍ공급계약체결,2025-12-23,KOSPI,25150.0,24500.0,23950.0,24150.0,-0.025844930417495027,-0.04771371769383703,-0.03976143141153077,
279125,20260102800222,00126478,삼성중공업,010140,단일판매ㆍ공급계약체결,2026-01-02,KOSPI,24150.0,24450.0,24800.0,28650.0,0.012422360248447228,0.0269151138716357,0.18633540372670798,
267531,20260128800216,00126478,삼성중공업,010140,단일판매ㆍ공급계약체결,2026-01-28,KOSPI,30200.0,29800.0,29450.0,29250.0,-0.013245033112582738,-0.024834437086092676,-0.0314569536423841,
267530,20260128800218,00126478,삼성중공업,010140,단일판매ㆍ공급계약체결,2026-01-28,KOSPI,30200.0,29800.0,29450.0,29250.0,-0.013245033112582738,-0.024834437086092676,-0.0314569536423841,
256090,20260211800232,00126478,삼성중공업,010140,단일판매ㆍ공급계약체결,2026-02-11,KOSPI,28000.0,28150.0,27700.0,29250.0,0.005357142857142838,-0.010714285714285676,0.044642857142857206,
249513,20260220800213,00126478,삼성중공업,010140,단일판매ㆍ공급계약체결,2026-02-20,KOSPI,29500.0,29250.0,29000.0,28950.0,-0.008474576271186418,-0.016949152542372836,-0.01864406779661021,
102994,20260310800545,00126478,삼성중공업,010140,단일판매ㆍ공급계약체결,2026-03-10,KOSPI,27850.0,28800.0,30850.0,29150.0,0.03411131059245953,0.1077199281867145,0.04667863554757634,
88107,20260320800106,00126478,삼성중공업,010140,단일판매ㆍ공급계약체결,2026-03-20,KOSPI,28550.0,26000.0,26400.0,26000.0,-0.08931698774080565,-0.07530647985989491,-0.08931698774080565,
86356,20260323800137,00126478,삼성중공업,010140,단일판매ㆍ공급계약체결,2026-03-23,KOSPI,26000.0,26400.0,26850.0,24500.0,0.01538461538461533,0.0326923076923078,-0.05769230769230771,
66736,20260401800243,00126478,삼성중공업,010140,단일판매ㆍ공급계약체결,2026-04-01,KOSPI,27000.0,26900.0,27900.0,28300.0,-0.0037037037037036535,0.03333333333333344,0.04814814814814805,
16406,20260504800254,00126478,삼성중공업,010140,단일판매ㆍ공급계약체결,2026-05-04,KOSPI,32250.0,31850.0,33700.0,31400.0,-0.012403100775193798,0.04496124031007742,-0.02635658914728678,
10639,20260514800296,00126478,삼성중공업,010140,단일판매ㆍ공급계약체결,2026-05-14,KOSPI,30150.0,29300.0,29550.0,28650.0,-0.028192371475953548,-0.01990049751243783,-0.04975124378109452,
5923,20260518800216,00126478,삼성중공업,010140,단일판매ㆍ공급계약체결,2026-05-18,KOSPI,29550.0,28550.0,27650.0,30450.0,-0.03384094754653133,-0.06429780033840948,0.030456852791878264,
614,20260527800188,00126478,삼성중공업,010140,단일판매ㆍ공급계약체결,2026-05-27,KOSPI,29450.0,28400.0,27950.0,28400.0,-0.035653650254668934,-0.05093378607809851,-0.035653650254668934,
613,20260527800189,00126478,삼성중공업,010140,단일판매ㆍ공급계약체결,2026-05-27,KOSPI,29450.0,28400.0,27950.0,28400.0,-0.035653650254668934,-0.05093378607809851,-0.035653650254668934,
611,20260527800191,00126478,삼성중공업,010140,단일판매ㆍ공급계약체결,2026-05-27,KOSPI,29450.0,28400.0,27950.0,28400.0,-0.035653650254668934,-0.05093378607809851,-0.035653650254668934,
123914,20260602800254,00126478,삼성중공업,010140,단일판매ㆍ공급계약체결,2026-06-02,KOSPI,27700.0,28400.0,27750.0,26000.0,0.025270758122743597,0.0018050541516245744,-0.06137184115523464,
121774,20260608800137,00126478,삼성중공업,010140,단일판매ㆍ공급계약체결,2026-06-08,KOSPI,26100.0,25850.0,26000.0,28650.0,-0.009578544061302652,-0.003831417624521105,0.09770114942528729,
121486,20260608800714,00126478,삼성중공업,010140,단일판매ㆍ공급계약체결,2026-06-08,KOSPI,26100.0,25850.0,26000.0,28650.0,-0.009578544061302652,-0.003831417624521105,0.09770114942528729,
622982,20240701800169,00406046,HD현대마린엔진,071970,단일판매ㆍ공급계약체결,2024-07-01,KOSPI,19270.0,19050.0,18270.0,17780.0,-0.01141670991178001,-0.051894135962636256,-0.07732226258432795,
584238,20240909800151,00406046,HD현대마린엔진,071970,단일판매ㆍ공급계약체결,2024-09-09,KOSPI,17250.0,17050.0,17000.0,18200.0,-0.011594202898550732,-0.01449275362318836,0.05507246376811592,
579474,20240923800125,00406046,HD현대마린엔진,071970,단일판매ㆍ공급계약체결,2024-09-23,KOSPI,19220.0,19070.0,18740.0,19070.0,-0.007804370447450526,-0.024973985431841816,-0.007804370447450526,
577686,20240926800111,00406046,HD현대마린엔진,071970,단일판매ㆍ공급계약체결,2024-09-26,KOSPI,19320.0,18410.0,19070.0,19880.0,-0.047101449275362306,-0.012939958592132483,0.02898550724637672,
575878,20240930800188,00406046,HD현대마린엔진,071970,단일판매ㆍ공급계약체결,2024-09-30,KOSPI,19070.0,19310.0,19770.0,20700.0,0.012585212375458843,0.03670686942842161,0.0854745673833246,
559413,20241111800175,00406046,HD현대마린엔진,071970,단일판매ㆍ공급계약체결,2024-11-11,KOSPI,19850.0,20150.0,19320.0,18890.0,0.015113350125944613,-0.026700251889168802,-0.048362720403022696,
530096,20241227800169,00406046,HD현대마린엔진,071970,단일판매ㆍ공급계약체결,2024-12-27,KOSPI,24500.0,24450.0,26300.0,24100.0,-0.0020408163265306367,0.07346938775510203,-0.01632653061224487,
519878,20250122800010,00406046,HD현대마린엔진,071970,단일판매ㆍ공급계약체결,2025-01-22,KOSPI,28200.0,26800.0,27350.0,29650.0,-0.049645390070921946,-0.03014184397163122,0.05141843971631199,
481428,20250313800022,00406046,HD현대마린엔진,071970,단일판매ㆍ공급계약체결,2025-03-13,KOSPI,29050.0,28500.0,28050.0,27450.0,-0.018932874354561147,-0.03442340791738385,-0.055077452667814164,
460502,20250328801130,00406046,HD현대마린엔진,071970,단일판매ㆍ공급계약체결,2025-03-28,KOSPI,25550.0,26500.0,27250.0,27900.0,0.03718199608610573,0.066536203522505,0.09197651663405093,
415975,20250415800061,00406046,HD현대마린엔진,071970,단일판매ㆍ공급계약체결,2025-04-15,KOSPI,33900.0,33900.0,34350.0,33550.0,0.0,0.01327433628318575,-0.010324483775811188,
414680,20250417800159,00406046,HD현대마린엔진,071970,단일판매ㆍ공급계약체결,2025-04-17,KOSPI,34350.0,33950.0,33050.0,34700.0,-0.011644832605531286,-0.03784570596797676,0.010189228529839944,
404093,20250509800060,00406046,HD현대마린엔진,071970,단일판매ㆍ공급계약체결,2025-05-09,KOSPI,40850.0,38100.0,39950.0,39500.0,-0.06731946144430845,-0.022031823745410017,-0.033047735618115026,
394999,20250523800034,00406046,HD현대마린엔진,071970,단일판매ㆍ공급계약체결,2025-05-23,KOSPI,41500.0,41950.0,41500.0,42700.0,0.010843373493975905,0.0,0.028915662650602414,
392287,20250529800018,00406046,HD현대마린엔진,071970,단일판매ㆍ공급계약체결,2025-05-29,KOSPI,41950.0,42700.0,42050.0,42300.0,0.017878426698450633,0.0023837902264600697,0.008343265792610355,
324504,20251013800098,00406046,HD현대마린엔진,071970,단일판매ㆍ공급계약체결,2025-10-13,KOSPI,88500.0,85100.0,92400.0,88300.0,-0.03841807909604522,0.04406779661016946,-0.002259887005649719,
316298,20251031800081,00406046,HD현대마린엔진,071970,단일판매ㆍ공급계약체결,2025-10-31,KOSPI,99300.0,98600.0,91600.0,84600.0,-0.007049345417925457,-0.07754279959718025,-0.14803625377643503,
309481,20251114800191,00406046,HD현대마린엔진,071970,단일판매ㆍ공급계약체결,2025-11-14,KOSPI,81300.0,81900.0,79300.0,77500.0,0.007380073800737907,-0.024600246002460024,-0.04674046740467408,
276510,20260108800060,00406046,HD현대마린엔진,071970,단일판매ㆍ공급계약체결,2026-01-08,KOSPI,96200.0,100500.0,100200.0,92800.0,0.04469854469854462,0.04158004158004158,-0.03534303534303529,
275830,20260109800052,00406046,HD현대마린엔진,071970,단일판매ㆍ공급계약체결,2026-01-09,KOSPI,100500.0,100200.0,101200.0,90100.0,-0.0029850746268657025,0.006965174129353269,-0.10348258706467661,
270944,20260121800089,00406046,HD현대마린엔진,071970,단일판매ㆍ공급계약체결,2026-01-21,KOSPI,93100.0,90000.0,92600.0,90300.0,-0.03329752953813103,-0.00537056928034374,-0.03007518796992481,
262602,20260204800106,00406046,HD현대마린엔진,071970,단일판매ㆍ공급계약체결,2026-02-04,KOSPI,89400.0,82900.0,79900.0,83200.0,-0.0727069351230425,-0.10626398210290833,-0.06935123042505598,
99319,20260312800070,00406046,HD현대마린엔진,071970,단일판매ㆍ공급계약체결,2026-03-12,KOSPI,83500.0,81400.0,79900.0,77600.0,-0.025149700598802394,-0.04311377245508985,-0.07065868263473052,
82709,20260325800151,00406046,HD현대마린엔진,071970,단일판매ㆍ공급계약체결,2026-03-25,KOSPI,77500.0,78800.0,76700.0,71400.0,0.016774193548387162,-0.010322580645161339,-0.07870967741935486,
78376,20260327800124,00406046,HD현대마린엔진,071970,단일판매ㆍ공급계약체결,2026-03-27,KOSPI,76700.0,71000.0,68700.0,75800.0,-0.0743155149934811,-0.10430247718383312,-0.011734028683181186,
78371,20260327800130,00406046,HD현대마린엔진,071970,단일판매ㆍ공급계약체결,2026-03-27,KOSPI,76700.0,71000.0,68700.0,75800.0,-0.0743155149934811,-0.10430247718383312,-0.011734028683181186,
34595,20260413800060,00406046,HD현대마린엔진,071970,단일판매ㆍ공급계약체결,2026-04-13,KOSPI,84600.0,85500.0,85200.0,90400.0,0.010638297872340496,0.007092198581560183,0.0685579196217494,
28473,20260415800047,00406046,HD현대마린엔진,071970,단일판매ㆍ공급계약체결,2026-04-15,KOSPI,85200.0,85500.0,91200.0,97200.0,0.0035211267605634866,0.07042253521126751,0.14084507042253525,
19973,20260429800330,00406046,HD현대마린엔진,071970,단일판매ㆍ공급계약체결,2026-04-29,KOSPI,109700.0,105800.0,107100.0,94800.0,-0.03555150410209662,-0.02370100273473108,-0.1358249772105743,
130452,20260528800393,00406046,HD현대마린엔진,071970,단일판매ㆍ공급계약체결,2026-05-28,KOSPI,73200.0,71100.0,69800.0,65800.0,-0.02868852459016391,-0.04644808743169404,-0.10109289617486339,
129014,20260529800510,00406046,HD현대마린엔진,071970,단일판매ㆍ공급계약체결,2026-05-29,KOSPI,71100.0,69800.0,65200.0,59800.0,-0.01828410689170179,-0.08298171589310832,-0.15893108298171588,
118749,20260612800170,00406046,HD현대마린엔진,071970,단일판매ㆍ공급계약체결,2026-06-12,KOSPI,66000.0,71000.0,72000.0,67400.0,0.07575757575757569,0.09090909090909083,0.021212121212121238,
115870,20260618800546,00406046,HD현대마린엔진,071970,단일판매ㆍ공급계약체결,2026-06-18,KOSPI,68800.0,67400.0,65200.0,60000.0,-0.02034883720930236,-0.05232558139534882,-0.12790697674418605,
622825,20240701800268,00458234,아시아나IDT,267850,단일판매ㆍ공급계약체결,2024-07-01,KOSPI,17560.0,17300.0,17260.0,17450.0,-0.014806378132118492,-0.017084282460136713,-0.006264236902050135,
552895,20241120800044,00458234,아시아나IDT,267850,단일판매ㆍ공급계약체결,2024-11-20,KOSPI,18390.0,18230.0,19280.0,20650.0,-0.008700380641653127,0.04839586731919532,0.12289287656334968,
536514,20241216800685,00458234,아시아나IDT,267850,단일판매ㆍ공급계약체결,2024-12-16,KOSPI,13320.0,13060.0,12990.0,12350.0,-0.019519519519519468,-0.024774774774774744,-0.07282282282282282,
367524,20250717800166,00458234,아시아나IDT,267850,단일판매ㆍ공급계약체결,2025-07-17,KOSPI,12470.0,12390.0,12470.0,12020.0,-0.006415396952686447,0.0,-0.03608660785886131,
338902,20250902800323,00458234,아시아나IDT,267850,단일판매ㆍ공급계약체결,2025-09-02,KOSPI,11560.0,11550.0,11560.0,11710.0,-0.0008650519031141446,0.0,0.012975778546712835,
337404,20250905800359,00458234,아시아나IDT,267850,단일판매ㆍ공급계약체결,2025-09-05,KOSPI,11520.0,11610.0,11710.0,11820.0,0.0078125,0.01649305555555558,0.02604166666666674,
317980,20251028800713,00458234,아시아나IDT,267850,단일판매ㆍ공급계약체결,2025-10-28,KOSPI,11770.0,11720.0,11710.0,11550.0,-0.004248088360237934,-0.005097706032285432,-0.01869158878504673,
24938,20260421800678,00458234,아시아나IDT,267850,단일판매ㆍ공급계약체결,2026-04-21,KOSPI,10820.0,10830.0,10760.0,10860.0,0.0009242144177448175,-0.00554528650646946,0.003696857670979714,
622581,20240701800555,01412725,두산퓨얼셀,336260,단일판매ㆍ공급계약체결,2024-07-01,KOSPI,20600.0,20000.0,19940.0,20650.0,-0.029126213592232997,-0.03203883495145632,0.0024271844660195274,
605483,20240812800060,01412725,두산퓨얼셀,336260,단일판매ㆍ공급계약체결,2024-08-12,KOSPI,18300.0,18410.0,18870.0,18750.0,0.006010928961748707,0.031147540983606614,0.024590163934426146,
596844,20240820800069,01412725,두산퓨얼셀,336260,단일판매ㆍ공급계약체결,2024-08-20,KOSPI,18750.0,18780.0,18430.0,18630.0,0.0016000000000000458,-0.017066666666666674,-0.006399999999999961,
586254,20240904800036,01412725,두산퓨얼셀,336260,단일판매ㆍ공급계약체결,2024-09-04,KOSPI,17660.0,17650.0,17120.0,17340.0,-0.0005662514156284937,-0.0305775764439411,-0.01812004530011324,
574666,20241002800608,01412725,두산퓨얼셀,336260,단일판매ㆍ공급계약체결,2024-10-02,KOSPI,18340.0,18100.0,18570.0,17810.0,-0.013086150490730697,0.012540894220283594,-0.0288985823336968,
573347,20241008800090,01412725,두산퓨얼셀,336260,단일판매ㆍ공급계약체결,2024-10-08,KOSPI,18410.0,18000.0,17810.0,17850.0,-0.022270505160238985,-0.03259098316132536,-0.03041825095057038,
551895,20241121800534,01412725,두산퓨얼셀,336260,단일판매ㆍ공급계약체결,2024-11-21,KOSPI,15020.0,15000.0,17050.0,18680.0,-0.0013315579227696217,0.13515312916111855,0.2436750998668442,
551479,20241122800315,01412725,두산퓨얼셀,336260,단일판매ㆍ공급계약체결,2024-11-22,KOSPI,15000.0,17050.0,17890.0,18460.0,0.13666666666666671,0.19266666666666676,0.23066666666666658,
551102,20241125800033,01412725,두산퓨얼셀,336260,단일판매ㆍ공급계약체결,2024-11-25,KOSPI,17050.0,17890.0,16990.0,17530.0,0.04926686217008802,-0.0035190615835777317,0.02815249266862163,
551101,20241125800035,01412725,두산퓨얼셀,336260,단일판매ㆍ공급계약체결,2024-11-25,KOSPI,17050.0,17890.0,16990.0,17530.0,0.04926686217008802,-0.0035190615835777317,0.02815249266862163,
542326,20241206800566,01412725,두산퓨얼셀,336260,단일판매ㆍ공급계약체결,2024-12-06,KOSPI,16450.0,16030.0,16890.0,17050.0,-0.025531914893617058,0.02674772036474171,0.036474164133738496,
508048,20250213800207,01412725,두산퓨얼셀,336260,단일판매ㆍ공급계약체결,2025-02-13,KOSPI,15780.0,15970.0,16280.0,16660.0,0.012040557667934104,0.03168567807351086,0.05576679340937907,
422359,20250411800115,01412725,두산퓨얼셀,336260,단일판매ㆍ공급계약체결,2025-04-11,KOSPI,13870.0,13860.0,14000.0,14310.0,-0.0007209805335256503,0.009372746935832676,0.03172314347512617,
380630,20250619800245,01412725,두산퓨얼셀,336260,단일판매ㆍ공급계약체결,2025-06-19,KOSPI,19400.0,23450.0,23950.0,23050.0,0.20876288659793807,0.23453608247422686,0.18814432989690721,
346551,20250822800038,01412725,두산퓨얼셀,336260,단일판매ㆍ공급계약체결,2025-08-22,KOSPI,26400.0,27300.0,27500.0,28600.0,0.03409090909090917,0.04166666666666674,0.08333333333333326,
346550,20250822800050,01412725,두산퓨얼셀,336260,단일판매ㆍ공급계약체결,2025-08-22,KOSPI,26400.0,27300.0,27500.0,28600.0,0.03409090909090917,0.04166666666666674,0.08333333333333326,
346548,20250822800053,01412725,두산퓨얼셀,336260,단일판매ㆍ공급계약체결,2025-08-22,KOSPI,26400.0,27300.0,27500.0,28600.0,0.03409090909090917,0.04166666666666674,0.08333333333333326,
337086,20250908800039,01412725,두산퓨얼셀,336260,단일판매ㆍ공급계약체결,2025-09-08,KOSPI,25150.0,25200.0,26550.0,33100.0,0.001988071570576455,0.055666003976143186,0.3161033797216699,
337085,20250908800042,01412725,두산퓨얼셀,336260,단일판매ㆍ공급계약체결,2025-09-08,KOSPI,25150.0,25200.0,26550.0,33100.0,0.001988071570576455,0.055666003976143186,0.3161033797216699,
306278,20251117800092,01412725,두산퓨얼셀,336260,단일판매ㆍ공급계약체결,2025-11-17,KOSPI,34000.0,32700.0,30900.0,29550.0,-0.038235294117647034,-0.0911764705882353,-0.13088235294117645,
306268,20251117800128,01412725,두산퓨얼셀,336260,단일판매ㆍ공급계약체결,2025-11-17,KOSPI,34000.0,32700.0,30900.0,29550.0,-0.038235294117647034,-0.0911764705882353,-0.13088235294117645,
88784,20260319801422,01412725,두산퓨얼셀,336260,단일판매ㆍ공급계약체결,2026-03-19,KOSPI,45900.0,41900.0,40000.0,38850.0,-0.08714596949891062,-0.1285403050108932,-0.15359477124183007,
88587,20260319801648,01412725,두산퓨얼셀,336260,단일판매ㆍ공급계약체결,2026-03-19,KOSPI,45900.0,41900.0,40000.0,38850.0,-0.08714596949891062,-0.1285403050108932,-0.15359477124183007,
19670,20260429800551,01412725,두산퓨얼셀,336260,단일판매ㆍ공급계약체결,2026-04-29,KOSPI,58600.0,60800.0,60600.0,86300.0,0.03754266211604085,0.03412969283276457,0.47269624573378843,
19493,20260429800701,01412725,두산퓨얼셀,336260,단일판매ㆍ공급계약체결,2026-04-29,KOSPI,58600.0,60800.0,60600.0,86300.0,0.03754266211604085,0.03412969283276457,0.47269624573378843,
623177,20240701900006,00234227,유진로봇,056080,단일판매ㆍ공급계약체결,2024-07-01,KOSDAQ,7580.0,7390.0,7190.0,7340.0,-0.02506596306068598,-0.05145118733509235,-0.0316622691292876,
616990,20240715900340,00234227,유진로봇,056080,단일판매ㆍ공급계약체결,2024-07-15,KOSDAQ,7660.0,7660.0,7500.0,7120.0,0.0,-0.02088772845953002,-0.07049608355091386,
427394,20250409900272,00234227,유진로봇,056080,단일판매ㆍ공급계약체결,2025-04-09,KOSDAQ,6820.0,7000.0,7110.0,7390.0,0.02639296187683282,0.04252199413489732,0.0835777126099706,
293877,20251209900267,00234227,유진로봇,056080,단일판매ㆍ공급계약체결,2025-12-09,KOSDAQ,13120.0,13660.0,14840.0,15150.0,0.041158536585365946,0.13109756097560976,0.15472560975609762,
623158,20240701900082,01571107,오픈엣지테크놀로지,394280,단일판매ㆍ공급계약체결,2024-07-01,KOSDAQ,21500.0,20600.0,20400.0,21750.0,-0.041860465116279055,-0.051162790697674376,0.011627906976744207,
496214,20250227900034,01571107,오픈엣지테크놀로지,394280,단일판매ㆍ공급계약체결,2025-02-27,KOSDAQ,15440.0,14570.0,14200.0,14040.0,-0.056347150259067336,-0.0803108808290155,-0.09067357512953367,
376562,20250627900039,01571107,오픈엣지테크놀로지,394280,단일판매ㆍ공급계약체결(자율공시),2025-06-27,KOSDAQ,14410.0,14300.0,14190.0,13870.0,-0.007633587786259555,-0.01526717557251911,-0.03747397640527417,
368847,20250714900313,01571107,오픈엣지테크놀로지,394280,단일판매ㆍ공급계약체결,2025-07-14,KOSDAQ,12940.0,13270.0,13300.0,13220.0,0.025502318392581103,0.02782071097372496,0.021638330757341562,
329840,20250925900404,01571107,오픈엣지테크놀로지,394280,단일판매ㆍ공급계약체결,2025-09-25,KOSDAQ,12060.0,11560.0,11660.0,13120.0,-0.041459369817578806,-0.03316749585406298,0.08789386401326693,
327709,20250930900058,01571107,오픈엣지테크놀로지,394280,단일판매ㆍ공급계약체결,2025-09-30,KOSDAQ,11850.0,12320.0,13120.0,13220.0,0.03966244725738388,0.1071729957805907,0.11561181434599166,
65857,20260401900381,01571107,오픈엣지테크놀로지,394280,단일판매ㆍ공급계약체결,2026-04-01,KOSDAQ,15630.0,14370.0,14440.0,15730.0,-0.08061420345489445,-0.07613563659628919,0.006397952655150307,
622747,20240701900352,00355089,토탈소프트,045340,단일판매ㆍ공급계약체결,2024-07-01,KOSDAQ,5330.0,5300.0,5300.0,5140.0,-0.0056285178236398226,-0.0056285178236398226,-0.03564727954971858,
619874,20240708900166,00355089,토탈소프트,045340,단일판매ㆍ공급계약체결,2024-07-08,KOSDAQ,5140.0,5080.0,5240.0,5190.0,-0.011673151750972721,0.01945525291828787,0.009727626459143934,
507142,20250213900915,00355089,토탈소프트,045340,단일판매ㆍ공급계약체결,2025-02-13,KOSDAQ,7830.0,8150.0,8110.0,8200.0,0.040868454661558085,0.03575989782886335,0.04725415070242667,
490218,20250304901040,00355089,토탈소프트,045340,단일판매ㆍ공급계약체결,2025-03-04,KOSDAQ,8260.0,8630.0,9060.0,7930.0,0.044794188861985385,0.09685230024213065,-0.03995157384987891,
455955,20250331901408,00355089,토탈소프트,045340,단일판매ㆍ공급계약체결,2025-03-31,KOSDAQ,7850.0,9810.0,8960.0,9740.0,0.24968152866242033,0.1414012738853503,0.24076433121019103,
434058,20250407900659,00355089,토탈소프트,045340,단일판매ㆍ공급계약체결,2025-04-07,KOSDAQ,9740.0,10000.0,9760.0,9050.0,0.026694045174537884,0.002053388090349051,-0.07084188911704314,
287478,20251217900504,00355089,토탈소프트,045340,단일판매ㆍ공급계약체결,2025-12-17,KOSDAQ,7110.0,7040.0,7140.0,7100.0,-0.009845288326300938,0.00421940928270037,-0.0014064697609000865,
247988,20260223901133,00355089,토탈소프트,045340,단일판매ㆍ공급계약체결,2026-02-23,KOSDAQ,7000.0,8320.0,7660.0,6890.0,0.1885714285714286,0.0942857142857143,-0.01571428571428568,
622749,20240701900361,00441447,케이씨티,089150,단일판매ㆍ공급계약체결,2024-07-01,KOSDAQ,2500.0,2495.0,2450.0,2480.0,-0.0020000000000000018,-0.020000000000000018,-0.008000000000000007,
517672,20250124900526,00441447,케이씨티,089150,단일판매ㆍ공급계약체결,2025-01-24,KOSDAQ,2330.0,2330.0,2235.0,2355.0,0.0,-0.04077253218884125,0.010729613733905685,
490554,20250304900699,00441447,케이씨티,089150,단일판매ㆍ공급계약체결,2025-03-04,KOSDAQ,2310.0,2320.0,2320.0,2240.0,0.0043290043290042934,0.0043290043290042934,-0.030303030303030276,
399113,20250515901216,00441447,케이씨티,089150,단일판매ㆍ공급계약체결,2025-05-15,KOSDAQ,2560.0,2520.0,2415.0,2630.0,-0.015625,-0.056640625,0.02734375,
384047,20250611900224,00441447,케이씨티,089150,단일판매ㆍ공급계약체결,2025-06-11,KOSDAQ,4495.0,4435.0,4325.0,4410.0,-0.013348164627363768,-0.03781979977753058,-0.018909899888765347,
382444,20250613900526,00441447,케이씨티,089150,단일판매ㆍ공급계약체결,2025-06-13,KOSDAQ,4325.0,4370.0,4140.0,4705.0,0.010404624277456698,-0.04277456647398847,0.08786127167630053,
346425,20250822900173,00441447,케이씨티,089150,단일판매ㆍ공급계약체결,2025-08-22,KOSDAQ,3945.0,3995.0,3860.0,4190.0,0.012674271229404344,-0.021546261089987362,0.06210392902408102,
622627,20240701900509,01063884,솔디펜스,215090,단일판매ㆍ공급계약체결,2024-07-01,KOSDAQ,7000.0,7000.0,7000.0,7000.0,0.0,0.0,0.0,
619230,20240709900592,01063884,솔디펜스,215090,단일판매ㆍ공급계약체결,2024-07-09,KOSDAQ,7000.0,7000.0,7000.0,7000.0,0.0,0.0,0.0,
615684,20240717900620,01063884,솔디펜스,215090,단일판매ㆍ공급계약체결,2024-07-17,KOSDAQ,7000.0,7000.0,7000.0,7000.0,0.0,0.0,0.0,
552758,20241120900214,01063884,솔디펜스,215090,단일판매ㆍ공급계약체결,2024-11-20,KOSDAQ,7000.0,7000.0,7000.0,7000.0,0.0,0.0,0.0,
372202,20250704900563,01063884,솔디펜스,215090,단일판매ㆍ공급계약체결,2025-07-04,KOSDAQ,3640.0,4345.0,4105.0,4425.0,0.19368131868131866,0.12774725274725274,0.21565934065934056,
359455,20250804900185,01063884,솔디펜스,215090,단일판매ㆍ공급계약체결,2025-08-04,KOSDAQ,4040.0,4010.0,3970.0,4010.0,-0.007425742574257432,-0.017326732673267342,-0.007425742574257432,
304786,20251120900339,01063884,솔디펜스,215090,단일판매ㆍ공급계약체결,2025-11-20,KOSDAQ,2790.0,2670.0,2585.0,2500.0,-0.043010752688172005,-0.07347670250896055,-0.10394265232974909,
262779,20260203900959,01063884,솔디펜스,215090,단일판매ㆍ공급계약체결,2026-02-03,KOSDAQ,3050.0,3020.0,2905.0,2945.0,-0.00983606557377048,-0.04754098360655734,-0.03442622950819674,
70133,20260331902050,01063884,솔디펜스,215090,단일판매ㆍ공급계약체결,2026-03-31,KOSDAQ,2615.0,2780.0,2675.0,2625.0,0.06309751434034427,0.02294455066921608,0.003824091778202643,
622498,20240701900637,00255433,라온시큐어,042510,단일판매ㆍ공급계약체결(자율공시),2024-07-01,KOSDAQ,11981.0,11681.0,11505.0,11480.0,-0.025039646106335023,-0.03972957182205161,-0.04181620899757954,
536998,20241216900169,00255433,라온시큐어,042510,단일판매ㆍ공급계약체결(자율공시),2024-12-16,KOSDAQ,10155.0,10155.0,10455.0,10205.0,0.0,0.02954209748892178,0.00492368291482026,
622346,20240702800004,01515323,LG에너지솔루션,373220,단일판매ㆍ공급계약체결,2024-07-02,KOSPI,343500.0,358000.0,359000.0,363000.0,0.04221251819505101,0.04512372634643369,0.05676855895196509,
573293,20241008800163,01515323,LG에너지솔루션,373220,단일판매ㆍ공급계약체결,2024-10-08,KOSPI,436500.0,427000.0,411000.0,404500.0,-0.021764032073310458,-0.05841924398625431,-0.0733104238258877,
570534,20241015800258,01515323,LG에너지솔루션,373220,단일판매ㆍ공급계약체결,2024-10-15,KOSPI,403500.0,404500.0,397000.0,381500.0,0.0024783147459728205,-0.01610904584882278,-0.054522924411400275,
570533,20241015800261,01515323,LG에너지솔루션,373220,단일판매ㆍ공급계약체결,2024-10-15,KOSPI,403500.0,404500.0,397000.0,381500.0,0.0024783147459728205,-0.01610904584882278,-0.054522924411400275,
382185,20250616800147,01515323,LG에너지솔루션,373220,단일판매ㆍ공급계약체결,2025-06-16,KOSPI,293000.0,294000.0,292000.0,294000.0,0.0034129692832765013,-0.0034129692832765013,0.0034129692832765013,
362379,20250730800046,01515323,LG에너지솔루션,373220,단일판매ㆍ공급계약체결,2025-07-30,KOSPI,393000.0,382500.0,373000.0,384000.0,-0.026717557251908386,-0.05089058524173029,-0.022900763358778664,
338784,20250903800021,01515323,LG에너지솔루션,373220,단일판매ㆍ공급계약체결,2025-09-03,KOSPI,348500.0,351000.0,343000.0,340500.0,0.007173601147776099,-0.015781922525107572,-0.022955523672883782,
338783,20250903800022,01515323,LG에너지솔루션,373220,단일판매ㆍ공급계약체결,2025-09-03,KOSPI,348500.0,351000.0,343000.0,340500.0,0.007173601147776099,-0.015781922525107572,-0.022955523672883782,
294597,20251208800031,01515323,LG에너지솔루션,373220,단일판매ㆍ공급계약체결,2025-12-08,KOSPI,451500.0,443500.0,441500.0,442500.0,-0.017718715393133966,-0.022148394241417457,-0.019933554817275767,
622308,20240702800090,00118521,진원생명과학,011000,단일판매ㆍ공급계약체결,2024-07-02,KOSPI,2120.0,2060.0,2025.0,2100.0,-0.028301886792452824,-0.04481132075471694,-0.009433962264150941,
614508,20240722800107,00118521,진원생명과학,011000,단일판매ㆍ공급계약체결,2024-07-22,KOSPI,2075.0,2150.0,2205.0,2285.0,0.03614457831325302,0.06265060240963849,0.10120481927710845,
608953,20240802800094,00118521,진원생명과학,011000,단일판매ㆍ공급계약체결,2024-08-02,KOSPI,3145.0,2880.0,3095.0,4210.0,-0.0842607313195548,-0.015898251192368873,0.3386327503974562,
566975,20241024800166,00118521,진원생명과학,011000,단일판매ㆍ공급계약체결,2024-10-24,KOSPI,2290.0,2255.0,2285.0,2500.0,-0.015283842794759805,-0.0021834061135370675,0.09170305676855905,
564447,20241030800060,00118521,진원생명과학,011000,단일판매ㆍ공급계약체결,2024-10-30,KOSPI,2580.0,2500.0,2400.0,2370.0,-0.03100775193798455,-0.06976744186046513,-0.08139534883720934,
621849,20240702800530,00164830,HD한국조선해양,009540,단일판매ㆍ공급계약체결(자회사의 주요경영사항),2024-07-02,KOSPI,157200.0,156700.0,159700.0,159700.0,-0.0031806615776081015,0.01590330788804062,0.01590330788804062,
621111,20240704800367,00164830,HD한국조선해양,009540,단일판매ㆍ공급계약체결(자회사의 주요경영사항),2024-07-04,KOSPI,159700.0,155700.0,160000.0,167100.0,-0.02504696305572951,0.0018785222291797243,0.04633688165309957,
619917,20240708800117,00164830,HD한국조선해양,009540,단일판매ㆍ공급계약체결(자회사의 주요경영사항),2024-07-08,KOSPI,160000.0,159700.0,164100.0,168800.0,-0.00187499999999996,0.02562500000000001,0.05499999999999994,
617100,20240715800155,00164830,HD한국조선해양,009540,단일판매ㆍ공급계약체결(자회사의 주요경영사항),2024-07-15,KOSPI,168800.0,178300.0,179200.0,186600.0,0.05627962085308047,0.06161137440758302,0.10545023696682465,
617097,20240715800158,00164830,HD한국조선해양,009540,단일판매ㆍ공급계약체결(자회사의 주요경영사항),2024-07-15,KOSPI,168800.0,178300.0,179200.0,186600.0,0.05627962085308047,0.06161137440758302,0.10545023696682465,
576917,20240927800190,00164830,HD한국조선해양,009540,단일판매ㆍ공급계약체결(자회사의 주요경영사항),2024-09-27,KOSPI,184500.0,187700.0,183300.0,185000.0,0.017344173441734334,-0.006504065040650375,0.0027100271002709064,
575049,20241002800140,00164830,HD한국조선해양,009540,단일판매ㆍ공급계약체결(자회사의 주요경영사항),2024-10-02,KOSPI,183300.0,185800.0,184000.0,185200.0,0.013638843426077463,0.003818876159301654,0.010365521003818934,
570722,20241015800044,00164830,HD한국조선해양,009540,단일판매ㆍ공급계약체결(자회사의 주요경영사항),2024-10-15,KOSPI,195100.0,192900.0,197200.0,194900.0,-0.011276268580215243,0.010763710917478297,-0.001025115325474113,
560528,20241107800479,00164830,HD한국조선해양,009540,단일판매ㆍ공급계약체결(자회사의 주요경영사항),2024-11-07,KOSPI,197000.0,194000.0,193900.0,192900.0,-0.015228426395939132,-0.015736040609137025,-0.020812182741116736,
553697,20241118800040,00164830,HD한국조선해양,009540,단일판매ㆍ공급계약체결(자회사의 주요경영사항),2024-11-18,KOSPI,194400.0,199200.0,204000.0,216500.0,0.024691358024691468,0.04938271604938271,0.11368312757201648,
545149,20241129800744,00164830,HD한국조선해양,009540,단일판매ㆍ공급계약체결(자회사의 주요경영사항),2024-11-29,KOSPI,204500.0,195500.0,197200.0,189300.0,-0.044009779951100225,-0.035696821515892374,-0.07432762836185824,
520690,20250120800744,00164830,HD한국조선해양,009540,단일판매ㆍ공급계약체결(자회사의 주요경영사항),2025-01-20,KOSPI,244000.0,248500.0,241000.0,232000.0,0.018442622950819665,-0.012295081967213073,-0.049180327868852514,
519144,20250123800037,00164830,HD한국조선해양,009540,단일판매ㆍ공급계약체결(자회사의 주요경영사항),2025-01-23,KOSPI,226000.0,228500.0,232000.0,225500.0,0.01106194690265494,0.026548672566371723,-0.0022123893805309214,
490923,20250304800173,00164830,HD한국조선해양,009540,단일판매ㆍ공급계약체결(자회사의 주요경영사항),2025-03-04,KOSPI,235500.0,251000.0,246500.0,217000.0,0.06581740976645434,0.04670912951167727,-0.07855626326963905,
447063,20250402800276,00164830,HD한국조선해양,009540,단일판매ㆍ공급계약체결(자회사의 주요경영사항),2025-04-02,KOSPI,206000.0,207500.0,204000.0,195500.0,0.00728155339805836,-0.009708737864077666,-0.050970873786407744,
443120,20250403800347,00164830,HD한국조선해양,009540,단일판매ㆍ공급계약체결(자회사의 주요경영사항),2025-04-03,KOSPI,207500.0,204000.0,186200.0,213000.0,-0.016867469879518038,-0.10265060240963853,0.026506024096385472,
410729,20250425800116,00164830,HD한국조선해양,009540,단일판매ㆍ공급계약체결(자회사의 주요경영사항),2025-04-25,KOSPI,265500.0,266500.0,269500.0,280000.0,0.0037664783427495685,0.015065913370998052,0.05461393596986808,
409580,20250428800173,00164830,HD한국조선해양,009540,단일판매ㆍ공급계약체결(자회사의 주요경영사항),2025-04-28,KOSPI,266500.0,269500.0,272000.0,287000.0,0.011257035647279645,0.02063789868667909,0.07692307692307687,
405299,20250507800174,00164830,HD한국조선해양,009540,단일판매ㆍ공급계약체결(자회사의 주요경영사항),2025-05-07,KOSPI,280000.0,287000.0,283500.0,288000.0,0.02499999999999991,0.012499999999999956,0.02857142857142847,
390082,20250530800505,00164830,HD한국조선해양,009540,단일판매ㆍ공급계약체결(자회사의 주요경영사항),2025-05-30,KOSPI,316500.0,312500.0,327500.0,335500.0,-0.012638230647709303,0.034755134281200695,0.0600315955766193,
384749,20250610800115,00164830,HD한국조선해양,009540,단일판매ㆍ공급계약체결(자회사의 주요경영사항),2025-06-10,KOSPI,335500.0,336500.0,340500.0,365000.0,0.0029806259314455463,0.014903129657227954,0.08792846497764528,
379269,20250623800154,00164830,HD한국조선해양,009540,단일판매ㆍ공급계약체결(자회사의 주요경영사항),2025-06-23,KOSPI,375500.0,392000.0,364000.0,366000.0,0.04394141145139807,-0.030625832223701743,-0.025299600532623145,
376431,20250627800140,00164830,HD한국조선해양,009540,단일판매ㆍ공급계약체결(자회사의 주요경영사항),2025-06-27,KOSPI,364000.0,366000.0,365000.0,307000.0,0.005494505494505475,0.0027472527472527375,-0.1565934065934066,
371383,20250708800093,00164830,HD한국조선해양,009540,단일판매ㆍ공급계약체결(자회사의 주요경영사항),2025-07-08,KOSPI,320500.0,327500.0,329000.0,328000.0,0.021840873634945357,0.026521060842433775,0.023400936037441422,
371377,20250708800097,00164830,HD한국조선해양,009540,단일판매ㆍ공급계약체결(자회사의 주요경영사항),2025-07-08,KOSPI,320500.0,327500.0,329000.0,328000.0,0.021840873634945357,0.026521060842433775,0.023400936037441422,
338195,20250904800194,00164830,HD한국조선해양,009540,단일판매ㆍ공급계약체결(자회사의 주요경영사항),2025-09-04,KOSPI,422000.0,428500.0,424500.0,423000.0,0.01540284360189581,0.005924170616113722,0.0023696682464455776,
337053,20250908800061,00164830,HD한국조선해양,009540,단일판매ㆍ공급계약체결(자회사의 주요경영사항),2025-09-08,KOSPI,424500.0,414000.0,414500.0,411500.0,-0.02473498233215543,-0.02355712603062421,-0.03062426383981154,
334223,20250915800100,00164830,HD한국조선해양,009540,단일판매ㆍ공급계약체결(자회사의 주요경영사항),2025-09-15,KOSPI,411500.0,416000.0,416000.0,403000.0,0.010935601458080146,0.010935601458080146,-0.020656136087484844,
321796,20251020800154,00164830,HD한국조선해양,009540,단일판매ㆍ공급계약체결(자회사의 주요경영사항),2025-10-20,KOSPI,423500.0,438500.0,462000.0,473000.0,0.03541912632821731,0.09090909090909083,0.11688311688311681,
317020,20251030800181,00164830,HD한국조선해양,009540,단일판매ㆍ공급계약체결(자회사의 주요경영사항),2025-10-30,KOSPI,461500.0,474000.0,479500.0,418500.0,0.027085590465872222,0.03900325027085594,-0.09317443120260027,
312637,20251110800039,00164830,HD한국조선해양,009540,단일판매ㆍ공급계약체결(자회사의 주요경영사항),2025-11-10,KOSPI,424500.0,418000.0,426000.0,436500.0,-0.01531213191990577,0.0035335689045936647,0.028268551236749095,
305883,20251118800094,00164830,HD한국조선해양,009540,단일판매ㆍ공급계약체결(자회사의 주요경영사항),2025-11-18,KOSPI,426000.0,418000.0,433500.0,420000.0,-0.018779342723004744,0.01760563380281699,-0.014084507042253502,
304099,20251121800424,00164830,HD한국조선해양,009540,단일판매ㆍ공급계약체결(자회사의 주요경영사항),2025-11-21,KOSPI,420000.0,434000.0,420000.0,410000.0,0.03333333333333344,0.0,-0.023809523809523836,
303738,20251124800131,00164830,HD한국조선해양,009540,단일판매ㆍ공급계약체결(자회사의 주요경영사항),2025-11-24,KOSPI,434000.0,420000.0,428000.0,403000.0,-0.032258064516129004,-0.01382488479262678,-0.0714285714285714,
303737,20251124800132,00164830,HD한국조선해양,009540,단일판매ㆍ공급계약체결(자회사의 주요경영사항),2025-11-24,KOSPI,434000.0,420000.0,428000.0,403000.0,-0.032258064516129004,-0.01382488479262678,-0.0714285714285714,
296643,20251202800104,00164830,HD한국조선해양,009540,단일판매ㆍ공급계약체결(자회사의 주요경영사항),2025-12-02,KOSPI,413000.0,423000.0,419000.0,447500.0,0.02421307506053272,0.014527845036319542,0.08353510895883787,
286009,20251219800433,00164830,HD한국조선해양,009540,단일판매ㆍ공급계약체결(자회사의 주요경영사항),2025-12-19,KOSPI,421000.0,418500.0,432000.0,410500.0,-0.005938242280285055,0.026128266033254244,-0.02494061757719712,
283571,20251224800162,00164830,HD한국조선해양,009540,단일판매ㆍ공급계약체결(자회사의 주요경영사항),2025-12-24,KOSPI,416000.0,403000.0,410500.0,401000.0,-0.03125,-0.013221153846153855,-0.03605769230769229,
282176,20251226800855,00164830,HD한국조선해양,009540,단일판매ㆍ공급계약체결(자회사의 주요경영사항),2025-12-26,KOSPI,403000.0,410500.0,407000.0,414000.0,0.018610421836228186,0.00992555831265518,0.027295285359801413,
277999,20260106800156,00164830,HD한국조선해양,009540,단일판매ㆍ공급계약체결(자회사의 주요경영사항),2026-01-06,KOSPI,414000.0,418000.0,424500.0,462500.0,0.009661835748792313,0.0253623188405796,0.11714975845410636,
272337,20260116800207,00164830,HD한국조선해양,009540,단일판매ㆍ공급계약체결(자회사의 주요경영사항),2026-01-16,KOSPI,438500.0,444500.0,443000.0,436000.0,0.0136830102622576,0.010262257696693311,-0.005701254275940704,
271356,20260120800211,00164830,HD한국조선해양,009540,단일판매ㆍ공급계약체결(자회사의 주요경영사항),2026-01-20,KOSPI,443000.0,428500.0,424500.0,426500.0,-0.03273137697516926,-0.04176072234762984,-0.03724604966139955,
264106,20260202800947,00164830,HD한국조선해양,009540,단일판매ㆍ공급계약체결(자회사의 주요경영사항),2026-02-02,KOSPI,401500.0,417500.0,424500.0,390000.0,0.03985056039850554,0.05728518057285181,-0.028642590286425906,
244481,20260226800208,00164830,HD한국조선해양,009540,단일판매ㆍ공급계약체결(자회사의 주요경영사항),2026-02-26,KOSPI,452000.0,450000.0,441500.0,402000.0,-0.004424778761061954,-0.023230088495575174,-0.11061946902654862,
112414,20260227800230,00164830,HD한국조선해양,009540,단일판매ㆍ공급계약체결(자회사의 주요경영사항),2026-02-27,KOSPI,450000.0,441500.0,379000.0,400000.0,-0.018888888888888844,-0.1577777777777778,-0.11111111111111116,
106858,20260305800849,00164830,HD한국조선해양,009540,단일판매ㆍ공급계약체결(자회사의 주요경영사항),2026-03-05,KOSPI,407000.0,402000.0,400000.0,425000.0,-0.012285012285012331,-0.017199017199017175,0.04422604422604426,
105745,20260306800225,00164830,HD한국조선해양,009540,단일판매ㆍ공급계약체결(자회사의 주요경영사항),2026-03-06,KOSPI,402000.0,400000.0,404000.0,416000.0,-0.00497512437810943,0.004975124378109541,0.03482587064676612,
103088,20260310800414,00164830,HD한국조선해양,009540,단일판매ㆍ공급계약체결(자회사의 주요경영사항),2026-03-10,KOSPI,404000.0,420000.0,425000.0,420000.0,0.03960396039603964,0.051980198019802026,0.03960396039603964,
95153,20260316800234,00164830,HD한국조선해양,009540,단일판매ㆍ공급계약체결(자회사의 주요경영사항),2026-03-16,KOSPI,409500.0,420000.0,425000.0,366000.0,0.02564102564102555,0.03785103785103794,-0.10622710622710618,
57031,20260403800582,00164830,HD한국조선해양,009540,단일판매ㆍ공급계약체결(자회사의 주요경영사항),2026-04-03,KOSPI,375000.0,371500.0,376000.0,394000.0,-0.009333333333333305,0.002666666666666595,0.05066666666666664,
56981,20260403800587,00164830,HD한국조선해양,009540,단일판매ㆍ공급계약체결(자회사의 주요경영사항),2026-04-03,KOSPI,375000.0,371500.0,376000.0,394000.0,-0.009333333333333305,0.002666666666666595,0.05066666666666664,
43548,20260408800703,00164830,HD한국조선해양,009540,단일판매ㆍ공급계약체결(자회사의 주요경영사항),2026-04-08,KOSPI,389500.0,391000.0,394000.0,401500.0,0.0038510911424902705,0.011553273427471034,0.030808729139923052,
27515,20260416800167,00164830,HD한국조선해양,009540,단일판매ㆍ공급계약체결(자회사의 주요경영사항),2026-04-16,KOSPI,408000.0,419500.0,413000.0,461000.0,0.02818627450980382,0.01225490196078427,0.1299019607843137,
26801,20260417800196,00164830,HD한국조선해양,009540,단일판매ㆍ공급계약체결(자회사의 주요경영사항),2026-04-17,KOSPI,419500.0,413000.0,427500.0,476000.0,-0.015494636471990453,0.019070321811680557,0.13468414779499405,
24761,20260422800051,00164830,HD한국조선해양,009540,단일판매ㆍ공급계약체결(자회사의 주요경영사항),2026-04-22,KOSPI,463000.0,461000.0,476000.0,472000.0,-0.004319654427645814,0.02807775377969768,0.01943844492440605,
24673,20260422800184,00164830,HD한국조선해양,009540,단일판매ㆍ공급계약체결(자회사의 주요경영사항),2026-04-22,KOSPI,463000.0,461000.0,476000.0,472000.0,-0.004319654427645814,0.02807775377969768,0.01943844492440605,
16372,20260504800307,00164830,HD한국조선해양,009540,단일판매ㆍ공급계약체결(자회사의 주요경영사항),2026-05-04,KOSPI,469500.0,452500.0,467500.0,464500.0,-0.03620873269435565,-0.004259850905218299,-0.010649627263045747,
14324,20260508800186,00164830,HD한국조선해양,009540,단일판매ㆍ공급계약체결(자회사의 주요경영사항),2026-05-08,KOSPI,452000.0,474000.0,464500.0,416000.0,0.04867256637168138,0.02765486725663724,-0.07964601769911506,
11709,20260513800195,00164830,HD한국조선해양,009540,단일판매ㆍ공급계약체결(자회사의 주요경영사항),2026-05-13,KOSPI,460500.0,437500.0,416000.0,399000.0,-0.04994571118349622,-0.09663409337676443,-0.13355048859934848,
10610,20260514800347,00164830,HD한국조선해양,009540,단일판매ㆍ공급계약체결(자회사의 주요경영사항),2026-05-14,KOSPI,437500.0,416000.0,410000.0,415000.0,-0.049142857142857155,-0.06285714285714283,-0.05142857142857138,
4244,20260521800360,00164830,HD한국조선해양,009540,단일판매ㆍ공급계약체결(자회사의 주요경영사항),2026-05-21,KOSPI,415000.0,421000.0,445000.0,423000.0,0.014457831325301207,0.07228915662650603,0.01927710843373487,
126194,20260601800400,00164830,HD한국조선해양,009540,단일판매ㆍ공급계약체결(자회사의 주요경영사항),2026-06-01,KOSPI,404500.0,383500.0,379500.0,362500.0,-0.05191594561186652,-0.06180469715698389,-0.10383189122373304,
621827,20240702800552,01205709,HD현대,267250,단일판매ㆍ공급계약체결(자회사의 주요경영사항),2024-07-02,KOSPI,74000.0,75000.0,74600.0,73200.0,0.013513513513513598,0.008108108108108025,-0.010810810810810811,
621110,20240704800370,01205709,HD현대,267250,단일판매ㆍ공급계약체결(자회사의 주요경영사항),2024-07-04,KOSPI,74600.0,72500.0,72700.0,77000.0,-0.02815013404825739,-0.025469168900804307,0.03217158176943702,
617096,20240715800165,01205709,HD현대,267250,단일판매ㆍ공급계약체결(자회사의 주요경영사항),2024-07-15,KOSPI,76100.0,79900.0,79400.0,79300.0,0.04993429697766105,0.043363994743758294,0.042049934296977565,
576912,20240927800196,01205709,HD현대,267250,단일판매ㆍ공급계약체결(자회사의 주요경영사항),2024-09-27,KOSPI,77100.0,76500.0,77700.0,77300.0,-0.0077821011673151474,0.0077821011673151474,0.0025940337224383825,
575047,20241002800142,01205709,HD현대,267250,단일판매ㆍ공급계약체결(자회사의 주요경영사항),2024-10-02,KOSPI,77700.0,77900.0,76800.0,78100.0,0.002574002574002643,-0.01158301158301156,0.005148005148005064,
560523,20241107800486,01205709,HD현대,267250,단일판매ㆍ공급계약체결(자회사의 주요경영사항),2024-11-07,KOSPI,75200.0,73700.0,75400.0,75700.0,-0.019946808510638347,0.0026595744680850686,0.0066489361702126715,
545105,20241129800761,01205709,HD현대,267250,단일판매ㆍ공급계약체결(자회사의 주요경영사항),2024-11-29,KOSPI,77800.0,77000.0,79700.0,77200.0,-0.010282776349614386,0.024421593830334265,-0.007712082262210762,
520681,20250120800764,01205709,HD현대,267250,단일판매ㆍ공급계약체결(자회사의 주요경영사항),2025-01-20,KOSPI,84400.0,84900.0,84400.0,83100.0,0.005924170616113722,0.0,-0.0154028436018957,
446931,20250402800284,01205709,HD현대,267250,단일판매ㆍ공급계약체결(자회사의 주요경영사항),2025-04-02,KOSPI,74000.0,73700.0,71600.0,66900.0,-0.004054054054054013,-0.032432432432432434,-0.09594594594594597,
442869,20250403800373,01205709,HD현대,267250,단일판매ㆍ공급계약체결(자회사의 주요경영사항),2025-04-03,KOSPI,73700.0,71600.0,67600.0,70800.0,-0.028493894165535938,-0.0827679782903663,-0.03934871099050208,
410724,20250425800122,01205709,HD현대,267250,단일판매ㆍ공급계약체결(자회사의 주요경영사항),2025-04-25,KOSPI,76400.0,77400.0,77900.0,79800.0,0.01308900523560208,0.01963350785340312,0.04450261780104703,
409571,20250428800178,01205709,HD현대,267250,단일판매ㆍ공급계약체결(자회사의 주요경영사항),2025-04-28,KOSPI,77400.0,77900.0,78700.0,79300.0,0.006459948320413522,0.01679586563307489,0.02454780361757103,
405287,20250507800182,01205709,HD현대,267250,단일판매ㆍ공급계약체결(자회사의 주요경영사항),2025-05-07,KOSPI,79800.0,79300.0,79400.0,82100.0,-0.006265664160400974,-0.005012531328320802,0.028822055137844638,
390049,20250530800521,01205709,HD현대,267250,단일판매ㆍ공급계약체결(자회사의 주요경영사항),2025-05-30,KOSPI,111700.0,112900.0,120300.0,121900.0,0.0107430617726052,0.07699194270367049,0.09131602506714409,
379260,20250623800164,01205709,HD현대,267250,단일판매ㆍ공급계약체결(자회사의 주요경영사항),2025-06-23,KOSPI,129300.0,131900.0,129600.0,129500.0,0.02010827532869297,0.002320185614849146,0.0015467904098993568,
376419,20250627800150,01205709,HD현대,267250,단일판매ㆍ공급계약체결(자회사의 주요경영사항),2025-06-27,KOSPI,126800.0,129500.0,130500.0,121800.0,0.021293375394321856,0.02917981072555209,-0.039432176656151396,
371368,20250708800098,01205709,HD현대,267250,단일판매ㆍ공급계약체결(자회사의 주요경영사항),2025-07-08,KOSPI,134300.0,136200.0,137500.0,139000.0,0.014147431124348575,0.023827252419955425,0.034996276991809294,
338177,20250904800211,01205709,HD현대,267250,단일판매ㆍ공급계약체결(자회사의 주요경영사항),2025-09-04,KOSPI,138000.0,144700.0,143300.0,149800.0,0.048550724637681064,0.03840579710144931,0.08550724637681162,
334221,20250915800109,01205709,HD현대,267250,단일판매ㆍ공급계약체결(자회사의 주요경영사항),2025-09-15,KOSPI,164300.0,160400.0,161800.0,159100.0,-0.02373706634205719,-0.015216068167985375,-0.03164942178940966,
305881,20251118800098,01205709,HD현대,267250,단일판매ㆍ공급계약체결(자회사의 주요경영사항),2025-11-18,KOSPI,217500.0,209500.0,213500.0,202500.0,-0.0367816091954023,-0.01839080459770115,-0.06896551724137934,
304077,20251121800460,01205709,HD현대,267250,단일판매ㆍ공급계약체결(자회사의 주요경영사항),2025-11-21,KOSPI,203500.0,200500.0,202500.0,196500.0,-0.014742014742014753,-0.004914004914004955,-0.03439803439803435,
303728,20251124800135,01205709,HD현대,267250,단일판매ㆍ공급계약체결(자회사의 주요경영사항),2025-11-24,KOSPI,200500.0,202500.0,204000.0,188300.0,0.009975062344139696,0.0174563591022443,-0.06084788029925192,
296641,20251202800111,01205709,HD현대,267250,단일판매ㆍ공급계약체결(자회사의 주요경영사항),2025-12-02,KOSPI,190400.0,200500.0,207500.0,214500.0,0.05304621848739499,0.0898109243697478,0.12657563025210083,
285985,20251219800462,01205709,HD현대,267250,단일판매ㆍ공급계약체결(자회사의 주요경영사항),2025-12-19,KOSPI,198800.0,195200.0,193300.0,189000.0,-0.01810865191146882,-0.027665995975855173,-0.04929577464788737,
272331,20260116800213,01205709,HD현대,267250,단일판매ㆍ공급계약체결(자회사의 주요경영사항),2026-01-16,KOSPI,236000.0,245500.0,259500.0,249500.0,0.0402542372881356,0.09957627118644075,0.05720338983050843,
264028,20260202801004,01205709,HD현대,267250,단일판매ㆍ공급계약체결(자회사의 주요경영사항),2026-02-02,KOSPI,223000.0,233500.0,238500.0,245000.0,0.047085201793722,0.06950672645739919,0.09865470852017943,
105736,20260306800235,01205709,HD현대,267250,단일판매ㆍ공급계약체결(자회사의 주요경영사항),2026-03-06,KOSPI,279000.0,263000.0,269000.0,262500.0,-0.05734767025089604,-0.03584229390681004,-0.05913978494623651,
103067,20260310800423,01205709,HD현대,267250,단일판매ㆍ공급계약체결(자회사의 주요경영사항),2026-03-10,KOSPI,269000.0,278000.0,276500.0,268500.0,0.03345724907063197,0.027881040892193232,-0.0018587360594795044,
56941,20260403800588,01205709,HD현대,267250,단일판매ㆍ공급계약체결(자회사의 주요경영사항),2026-04-03,KOSPI,245000.0,243000.0,236500.0,252000.0,-0.008163265306122436,-0.03469387755102038,0.02857142857142847,
43517,20260408800730,01205709,HD현대,267250,단일판매ㆍ공급계약체결(자회사의 주요경영사항),2026-04-08,KOSPI,251000.0,254500.0,252000.0,255000.0,0.013944223107569709,0.003984063745019917,0.015936254980079667,
27511,20260416800176,01205709,HD현대,267250,단일판매ㆍ공급계약체결(자회사의 주요경영사항),2026-04-16,KOSPI,259000.0,259500.0,255000.0,280000.0,0.0019305019305020377,-0.015444015444015413,0.08108108108108114,
11704,20260513800206,01205709,HD현대,267250,단일판매ㆍ공급계약체결(자회사의 주요경영사항),2026-05-13,KOSPI,298500.0,279000.0,269500.0,259000.0,-0.0653266331658291,-0.09715242881072028,-0.13232830820770525,
4242,20260521800367,01205709,HD현대,267250,단일판매ㆍ공급계약체결(자회사의 주요경영사항),2026-05-21,KOSPI,277500.0,282000.0,289500.0,277500.0,0.016216216216216273,0.043243243243243246,0.0,
622307,20240702900091,01442115,소마젠,950200,단일판매ㆍ공급계약체결,2024-07-02,KOSDAQ,4050.0,4315.0,4280.0,4525.0,0.06543209876543199,0.05679012345679002,0.11728395061728403,
596270,20240821900054,01442115,소마젠,950200,단일판매ㆍ공급계약체결,2024-08-21,KOSDAQ,5940.0,5110.0,5020.0,4605.0,-0.1397306397306397,-0.15488215488215484,-0.2247474747474747,
354542,20250813900317,01442115,소마젠,950200,단일판매ㆍ공급계약체결,2025-08-13,KOSDAQ,3780.0,3730.0,3825.0,3785.0,-0.013227513227513255,0.011904761904761862,0.001322751322751392,
622276,20240702900119,00493185,제이스로보틱스,090470,단일판매ㆍ공급계약체결,2024-07-02,KOSDAQ,7060.0,6850.0,6650.0,6650.0,-0.029745042492917873,-0.058073654390934815,-0.058073654390934815,
573301,20241008900149,00493185,제이스로보틱스,090470,단일판매ㆍ공급계약체결(자율공시),2024-10-08,KOSDAQ,5650.0,5460.0,5400.0,5350.0,-0.03362831858407078,-0.04424778761061943,-0.053097345132743334,
561358,20241106900037,00493185,제이스로보틱스,090470,단일판매ㆍ공급계약체결(자율공시),2024-11-06,KOSDAQ,6180.0,6120.0,6130.0,5600.0,-0.009708737864077666,-0.008090614886731351,-0.09385113268608414,
544373,20241203900049,00493185,제이스로보틱스,090470,단일판매ㆍ공급계약체결(자율공시),2024-12-03,KOSDAQ,4800.0,4800.0,4655.0,4505.0,0.0,-0.03020833333333328,-0.06145833333333328,
289014,20251216900642,00493185,제이스로보틱스,090470,단일판매ㆍ공급계약체결,2025-12-16,KOSDAQ,5860.0,5510.0,5120.0,4725.0,-0.059726962457337884,-0.12627986348122866,-0.19368600682593862,
286350,20251219900053,00493185,제이스로보틱스,090470,단일판매ㆍ공급계약체결,2025-12-19,KOSDAQ,4850.0,4865.0,4725.0,4600.0,0.003092783505154628,-0.02577319587628868,-0.05154639175257736,
258226,20260209900326,00493185,제이스로보틱스,090470,단일판매ㆍ공급계약체결,2026-02-09,KOSDAQ,5830.0,5490.0,5630.0,6740.0,-0.05831903945111494,-0.03430531732418529,0.15608919382504283,
621686,20240703900105,01084364,다산디엠씨,208860,단일판매ㆍ공급계약체결,2024-07-03,KOSDAQ,2385.0,2385.0,2385.0,2385.0,0.0,0.0,0.0,
576562,20240927900474,01084364,다산디엠씨,208860,단일판매ㆍ공급계약체결,2024-09-27,KOSDAQ,2385.0,2385.0,2385.0,2385.0,0.0,0.0,0.0,
528228,20241231900184,01084364,다산디엠씨,208860,단일판매ㆍ공급계약체결,2024-12-31,KOSDAQ,2385.0,2385.0,2385.0,2385.0,0.0,0.0,0.0,
524901,20250109900306,01084364,다산디엠씨,208860,단일판매ㆍ공급계약체결,2025-01-09,KOSDAQ,2385.0,2385.0,2385.0,2385.0,0.0,0.0,0.0,
621617,20240703900189,00820352,파인텍,131760,단일판매ㆍ공급계약체결,2024-07-03,KOSDAQ,4420.0,4545.0,4495.0,4260.0,0.02828054298642524,0.016968325791855143,-0.03619909502262442,
616655,20240716900111,00820352,파인텍,131760,단일판매ㆍ공급계약체결,2024-07-16,KOSDAQ,4445.0,4470.0,4415.0,4310.0,0.0056242969628796935,-0.006749156355455588,-0.030371203599550034,
527753,20250102900123,00820352,파인텍,131760,단일판매ㆍ공급계약체결,2025-01-02,KOSDAQ,6135.0,6180.0,6410.0,5800.0,0.007334963325183352,0.04482477587612066,-0.05460472697636509,
476655,20250317900150,00820352,파인텍,131760,단일판매ㆍ공급계약체결,2025-03-17,KOSDAQ,5370.0,5285.0,5200.0,4860.0,-0.01582867783985098,-0.03165735567970207,-0.0949720670391061,
306301,20251117900057,00820352,파인텍,131760,단일판매ㆍ공급계약체결,2025-11-17,KOSDAQ,4210.0,4195.0,4155.0,4005.0,-0.0035629453681710332,-0.013064133016627122,-0.04869358669833734,
621595,20240703900221,01462739,비아이매트릭스,413640,단일판매ㆍ공급계약체결(자율공시),2024-07-03,KOSDAQ,9250.0,9150.0,9200.0,9270.0,-0.010810810810810811,-0.00540540540540535,0.00216216216216214,
550587,20241126900083,01462739,비아이매트릭스,413640,단일판매ㆍ공급계약체결,2024-11-26,KOSDAQ,8780.0,9340.0,8920.0,9350.0,0.06378132118451019,0.015945330296127658,0.06492027334851946,
315473,20251103900121,01462739,비아이매트릭스,413640,단일판매ㆍ공급계약체결(자율공시),2025-11-03,KOSDAQ,14160.0,13900.0,13090.0,12210.0,-0.01836158192090398,-0.07556497175141241,-0.13771186440677963,
621596,20240703900228,00991298,씨이랩,189330,단일판매ㆍ공급계약체결,2024-07-03,KOSDAQ,8462.0,8498.0,8674.0,8489.0,0.004254313401087284,0.025053178917513685,0.003190735050815352,
585041,20240906900081,00991298,씨이랩,189330,단일판매ㆍ공급계약체결,2024-09-06,KOSDAQ,5765.0,5677.0,5465.0,7290.0,-0.015264527320034693,-0.05203816131830008,0.26452732003469204,
580506,20240919900171,00991298,씨이랩,189330,단일판매ㆍ공급계약체결,2024-09-19,KOSDAQ,6946.0,6611.0,6567.0,6770.0,-0.04822919665994818,-0.05456377771379206,-0.02533832421537574,
570908,20241014900405,00991298,씨이랩,189330,단일판매ㆍ공급계약체결,2024-10-14,KOSDAQ,6170.0,6893.0,6276.0,6056.0,0.11717990275526735,0.017179902755267484,-0.018476499189627238,
562232,20241104900114,00991298,씨이랩,189330,단일판매ㆍ공급계약체결,2024-11-04,KOSDAQ,6038.0,6056.0,6064.0,5941.0,0.0029811195760185427,0.004306061609804512,-0.016064922159655493,
561547,20241105900402,00991298,씨이랩,189330,단일판매ㆍ공급계약체결,2024-11-05,KOSDAQ,6056.0,6064.0,5950.0,5606.0,0.0013210039630118242,-0.017503302509907503,-0.07430647291941872,
348518,20250818900148,00991298,씨이랩,189330,단일판매ㆍ공급계약체결,2025-08-18,KOSDAQ,6690.0,6400.0,6020.0,6320.0,-0.0433482810164425,-0.10014947683109121,-0.05530642750373693,
330042,20250925900175,00991298,씨이랩,189330,단일판매ㆍ공급계약체결,2025-09-25,KOSDAQ,5320.0,5130.0,5350.0,5150.0,-0.0357142857142857,0.005639097744360999,-0.03195488721804507,
120926,20260609900423,00991298,씨이랩,189330,단일판매ㆍ공급계약체결,2026-06-09,KOSDAQ,8990.0,8230.0,8220.0,8480.0,-0.08453837597330371,-0.08565072302558396,-0.05672969966629593,
621594,20240703900229,01080687,아우딘퓨쳐스,227610,단일판매ㆍ공급계약체결(자율공시),2024-07-03,KOSDAQ,3374.0,3600.0,3500.0,3430.0,0.06698280972139892,0.03734439834024905,0.016597510373443924,
621081,20240704800396,00165583,E1,017940,단일판매ㆍ공급계약체결,2024-07-04,KOSPI,74100.0,73500.0,74000.0,74000.0,-0.0080971659919028,-0.0013495276653171517,-0.0013495276653171517,
564000,20241030800557,00165583,E1,017940,단일판매ㆍ공급계약체결,2024-10-30,KOSPI,74500.0,74400.0,74700.0,71800.0,-0.0013422818791946067,0.0026845637583892135,-0.03624161073825505,
361572,20250731800070,00165583,E1,017940,단일판매ㆍ공급계약체결,2025-07-31,KOSPI,82500.0,79000.0,81300.0,82600.0,-0.042424242424242475,-0.014545454545454528,0.00121212121212122,
621089,20240704900384,00576798,디아이티,110990,단일판매ㆍ공급계약체결,2024-07-04,KOSDAQ,24450.0,24300.0,24000.0,23100.0,-0.006134969325153339,-0.018404907975460127,-0.05521472392638038,
577681,20240926900115,00576798,디아이티,110990,단일판매ㆍ공급계약체결,2024-09-26,KOSDAQ,15960.0,15610.0,15210.0,15900.0,-0.021929824561403466,-0.046992481203007475,-0.003759398496240629,
523538,20250113900150,00576798,디아이티,110990,단일판매ㆍ공급계약체결,2025-01-13,KOSDAQ,14020.0,14500.0,14800.0,16100.0,0.0342368045649073,0.05563480741797422,0.14835948644793162,
478926,20250314900116,00576798,디아이티,110990,단일판매ㆍ공급계약체결,2025-03-14,KOSDAQ,14710.0,14710.0,14520.0,15550.0,0.0,-0.01291638341264445,0.05710401087695449,
295647,20251204900207,00576798,디아이티,110990,단일판매ㆍ공급계약체결,2025-12-04,KOSDAQ,14570.0,14570.0,14470.0,14380.0,0.0,-0.006863417982155062,-0.013040494166094763,
279145,20260102900175,00576798,디아이티,110990,단일판매ㆍ공급계약체결,2026-01-02,KOSDAQ,15690.0,18390.0,17910.0,17220.0,0.17208413001912048,0.14149139579349912,0.09751434034416828,
268932,20260126900290,00576798,디아이티,110990,단일판매ㆍ공급계약체결,2026-01-26,KOSDAQ,18330.0,18600.0,19350.0,20700.0,0.014729950900163713,0.0556464811783961,0.12929623567921444,
95004,20260316900409,00576798,디아이티,110990,단일판매ㆍ공급계약체결,2026-03-16,KOSDAQ,23500.0,22700.0,22650.0,19950.0,-0.03404255319148941,-0.036170212765957444,-0.1510638297872341,
620469,20240705800216,00115287,동방,004140,단일판매ㆍ공급계약체결,2024-07-05,KOSPI,2845.0,2960.0,2955.0,2775.0,0.040421792618629215,0.03866432337434089,-0.024604569420035194,
365621,20250722800425,00115287,동방,004140,단일판매ㆍ공급계약체결,2025-07-22,KOSPI,3450.0,3580.0,3630.0,3040.0,0.037681159420289934,0.05217391304347818,-0.11884057971014494,
620437,20240705800240,00114552,도화엔지니어링,002150,단일판매ㆍ공급계약체결,2024-07-05,KOSPI,7520.0,7510.0,7500.0,7460.0,-0.0013297872340425343,-0.0026595744680850686,-0.007978723404255317,
574536,20241002800718,00114552,도화엔지니어링,002150,단일판매ㆍ공급계약체결,2024-10-02,KOSPI,6700.0,6650.0,6720.0,6740.0,-0.007462686567164201,0.0029850746268655914,0.005970149253731405,
474763,20250318801012,00114552,도화엔지니어링,002150,단일판매ㆍ공급계약체결,2025-03-18,KOSPI,6660.0,6650.0,6620.0,6460.0,-0.0015015015015015232,-0.006006006006005982,-0.03003003003003002,
620373,20240705800273,00361008,한화엔진,082740,단일판매ㆍ공급계약체결,2024-07-05,KOSPI,13860.0,14480.0,14160.0,14300.0,0.044733044733044736,0.02164502164502169,0.031746031746031855,
618068,20240711800203,00361008,한화엔진,082740,단일판매ㆍ공급계약체결,2024-07-11,KOSPI,14370.0,14300.0,14300.0,15270.0,-0.004871259568545616,-0.004871259568545616,0.06263048016701456,
596802,20240820800106,00361008,한화엔진,082740,단일판매ㆍ공급계약체결,2024-08-20,KOSPI,14120.0,14170.0,13840.0,13550.0,0.003541076487252104,-0.019830028328611915,-0.040368271954674184,
594183,20240826800257,00361008,한화엔진,082740,단일판매ㆍ공급계약체결,2024-08-26,KOSPI,13560.0,13550.0,13550.0,13510.0,-0.0007374631268436405,-0.0007374631268436405,-0.0036873156342183133,
588183,20240830800430,00361008,한화엔진,082740,단일판매ㆍ공급계약체결,2024-08-30,KOSPI,13830.0,13510.0,13270.0,11960.0,-0.02313810556760665,-0.04049168474331166,-0.13521330441070134,
583601,20240910800275,00361008,한화엔진,082740,단일판매ㆍ공급계약체결,2024-09-10,KOSPI,12220.0,12360.0,12700.0,13370.0,0.011456628477905184,0.03927986906710301,0.09410801963993443,
531371,20241224800387,00361008,한화엔진,082740,단일판매ㆍ공급계약체결,2024-12-24,KOSPI,17640.0,18810.0,18720.0,18330.0,0.06632653061224492,0.061224489795918435,0.03911564625850339,
526233,20250106800466,00361008,한화엔진,082740,단일판매ㆍ공급계약체결,2025-01-06,KOSPI,18640.0,19290.0,21850.0,22750.0,0.03487124463519309,0.17221030042918462,0.22049356223175964,
525735,20250107800441,00361008,한화엔진,082740,단일판매ㆍ공급계약체결,2025-01-07,KOSPI,19290.0,21850.0,21950.0,23900.0,0.13271124935199596,0.1378952825298081,0.23898392949714875,
489387,20250305800950,00361008,한화엔진,082740,단일판매ㆍ공급계약체결,2025-03-05,KOSPI,23400.0,24000.0,24450.0,23400.0,0.02564102564102555,0.044871794871794934,0.0,
469714,20250321800837,00361008,한화엔진,082740,단일판매ㆍ공급계약체결,2025-03-21,KOSPI,24450.0,23600.0,22500.0,20950.0,-0.03476482617586907,-0.07975460122699385,-0.14314928425357876,
407067,20250430800430,00361008,한화엔진,082740,단일판매ㆍ공급계약체결,2025-04-30,KOSPI,27250.0,27750.0,28250.0,28750.0,0.0183486238532109,0.03669724770642202,0.05504587155963292,
323520,20251015800058,00361008,한화엔진,082740,단일판매ㆍ공급계약체결,2025-10-15,KOSPI,47250.0,47750.0,46450.0,49100.0,0.010582010582010692,-0.016931216931216908,0.03915343915343916,
314029,20251106800022,00361008,한화엔진,082740,단일판매ㆍ공급계약체결,2025-11-06,KOSPI,45300.0,43650.0,44150.0,42800.0,-0.03642384105960261,-0.025386313465783683,-0.05518763796909487,
273325,20260114800033,00361008,한화엔진,082740,단일판매ㆍ공급계약체결,2026-01-14,KOSPI,52600.0,53300.0,53000.0,53600.0,0.013307984790874583,0.0076045627376426506,0.019011406844106515,
253649,20260212801056,00361008,한화엔진,082740,단일판매ㆍ공급계약체결,2026-02-12,KOSPI,55000.0,54000.0,55200.0,55400.0,-0.018181818181818188,0.0036363636363636598,0.0072727272727273196,
95961,20260313801348,00361008,한화엔진,082740,단일판매ㆍ공급계약체결,2026-03-13,KOSPI,49650.0,48700.0,49250.0,49050.0,-0.019133937562940573,-0.00805639476334341,-0.012084592145015116,
74627,20260330801097,00361008,한화엔진,082740,단일판매ㆍ공급계약체결,2026-03-30,KOSPI,44600.0,43550.0,44700.0,44300.0,-0.023542600896861,0.0022421524663676085,-0.006726457399103158,
11424,20260513800550,00361008,한화엔진,082740,단일판매ㆍ공급계약체결,2026-05-13,KOSPI,78800.0,77400.0,71600.0,69600.0,-0.017766497461928932,-0.09137055837563457,-0.11675126903553301,
619967,20240708800058,01316245,효성중공업,298040,단일판매ㆍ공급계약체결,2024-07-08,KOSPI,331000.0,346000.0,390000.0,392000.0,0.0453172205438066,0.17824773413897277,0.18429003021148027,
562263,20241104800041,01316245,효성중공업,298040,단일판매ㆍ공급계약체결,2024-11-04,KOSPI,443500.0,450000.0,468000.0,493000.0,0.014656144306651742,0.055242390078917625,0.11161217587373162,
553905,20241115800378,01316245,효성중공업,298040,단일판매ㆍ공급계약체결,2024-11-15,KOSPI,466500.0,450500.0,456000.0,406500.0,-0.03429796355841375,-0.022508038585209,-0.1286173633440515,
527926,20241231800493,01316245,효성중공업,298040,단일판매ㆍ공급계약체결,2024-12-31,KOSPI,406500.0,417500.0,407000.0,431000.0,0.027060270602706105,0.0012300123001229846,0.06027060270602713,
523984,20250110800527,01316245,효성중공업,298040,단일판매ㆍ공급계약체결,2025-01-10,KOSPI,425500.0,421500.0,423000.0,480000.0,-0.009400705052878933,-0.005875440658049347,0.12808460634547592,
373851,20250701800540,01316245,효성중공업,298040,단일판매ㆍ공급계약체결,2025-07-01,KOSPI,905000.0,938000.0,907000.0,960000.0,0.03646408839779003,0.0022099447513812542,0.06077348066298338,
312310,20251110800487,01316245,효성중공업,298040,단일판매ㆍ공급계약체결,2025-11-10,KOSPI,2254000.0,2304000.0,2220000.0,2166000.0,0.022182786157941337,-0.015084294587400127,-0.03904170363797688,
306719,20251114802937,01316245,효성중공업,298040,단일판매ㆍ공급계약체결,2025-11-14,KOSPI,2125000.0,2166000.0,2077000.0,1910000.0,0.019294117647058906,-0.022588235294117687,-0.10117647058823531,
278908,20260102800499,01316245,효성중공업,298040,단일판매ㆍ공급계약체결,2026-01-02,KOSPI,1845000.0,1913000.0,1845000.0,1885000.0,0.03685636856368557,0.0,0.021680216802167918,
257365,20260210800044,01316245,효성중공업,298040,단일판매ㆍ공급계약체결,2026-02-10,KOSPI,2347000.0,2401000.0,2405000.0,2633000.0,0.023008095440988585,0.024712398806987723,0.12185769066893903,
253677,20260212801029,01316245,효성중공업,298040,단일판매ㆍ공급계약체결,2026-02-12,KOSPI,2405000.0,2384000.0,2453000.0,2758000.0,-0.008731808731808677,0.01995841995841996,0.14677754677754673,
99461,20260311802668,01316245,효성중공업,298040,단일판매ㆍ공급계약체결,2026-03-11,KOSPI,2533000.0,2561000.0,2593000.0,2731000.0,0.011054086063955859,0.02368732727990519,0.0781681800236873,
113907,20260623800549,01316245,효성중공업,298040,단일판매ㆍ공급계약체결,2026-06-23,KOSPI,3616000.0,3353000.0,3280000.0,,-0.07273230088495575,-0.09292035398230092,,
619965,20240708800061,00117188,효성,004800,단일판매ㆍ공급계약체결(자회사의 주요경영사항),2024-07-08,KOSPI,45450.0,45450.0,45450.0,45450.0,0.0,0.0,0.0,
565410,20241028800434,00117188,효성,004800,단일판매ㆍ공급계약체결(자회사의 주요경영사항),2024-10-28,KOSPI,50400.0,49550.0,49300.0,50400.0,-0.016865079365079416,-0.02182539682539686,0.0,
562259,20241104800058,00117188,효성,004800,단일판매ㆍ공급계약체결(자회사의 주요경영사항),2024-11-04,KOSPI,50400.0,50800.0,51300.0,50700.0,0.007936507936507908,0.017857142857142794,0.005952380952380931,
553895,20241115800473,00117188,효성,004800,단일판매ㆍ공급계약체결(자회사의 주요경영사항),2024-11-15,KOSPI,48800.0,50500.0,50000.0,45050.0,0.0348360655737705,0.024590163934426146,-0.07684426229508201,
527906,20241231800508,00117188,효성,004800,단일판매ㆍ공급계약체결(자회사의 주요경영사항),2024-12-31,KOSPI,45950.0,45550.0,45550.0,46500.0,-0.008705114254624613,-0.008705114254624613,0.01196953210010876,
523845,20250110800557,00117188,효성,004800,단일판매ㆍ공급계약체결(자회사의 주요경영사항),2025-01-10,KOSPI,45600.0,45550.0,45300.0,45800.0,-0.0010964912280702066,-0.006578947368421018,0.004385964912280604,
412908,20250421800661,00117188,효성,004800,단일판매ㆍ공급계약체결(자회사의 주요경영사항),2025-04-21,KOSPI,50000.0,50000.0,50000.0,53400.0,0.0,0.0,0.06800000000000006,
409994,20250425800754,00117188,효성,004800,단일판매ㆍ공급계약체결(자회사의 주요경영사항),2025-04-25,KOSPI,51700.0,53400.0,53300.0,53800.0,0.03288201160541582,0.030947775628626717,0.04061895551257244,
383820,20250611800435,00117188,효성,004800,단일판매ㆍ공급계약체결(자회사의 주요경영사항),2025-06-11,KOSPI,66600.0,66100.0,64600.0,66600.0,-0.007507507507507505,-0.03003003003003002,0.0,
373844,20250701800586,00117188,효성,004800,단일판매ㆍ공급계약체결(자회사의 주요경영사항),2025-07-01,KOSPI,78000.0,76900.0,75800.0,73100.0,-0.014102564102564052,-0.028205128205128216,-0.06282051282051282,
356229,20250811800676,00117188,효성,004800,단일판매ㆍ공급계약체결(자회사의 주요경영사항),2025-08-11,KOSPI,86800.0,87500.0,89000.0,85600.0,0.008064516129032251,0.025345622119815614,-0.01382488479262678,
325336,20251002800418,00117188,효성,004800,단일판매ㆍ공급계약체결(자회사의 주요경영사항),2025-10-02,KOSPI,86000.0,89400.0,88800.0,105200.0,0.03953488372093017,0.032558139534883734,0.22325581395348837,
317438,20251029800608,00117188,효성,004800,단일판매ㆍ공급계약체결(자회사의 주요경영사항),2025-10-29,KOSPI,122900.0,123400.0,126700.0,132800.0,0.00406834825061031,0.030919446704637865,0.08055329536208289,
312303,20251110800501,00117188,효성,004800,단일판매ㆍ공급계약체결(자회사의 주요경영사항),2025-11-10,KOSPI,145700.0,164300.0,151500.0,141000.0,0.12765957446808507,0.03980782429649965,-0.032258064516129004,
306636,20251114803024,00117188,효성,004800,단일판매ㆍ공급계약체결(자회사의 주요경영사항),2025-11-14,KOSPI,134700.0,141000.0,135300.0,122900.0,0.04677060133630295,0.00445434298440972,-0.08760207869339276,
302663,20251125800482,00117188,효성,004800,단일판매ㆍ공급계약체결(자회사의 주요경영사항),2025-11-25,KOSPI,129400.0,131000.0,135600.0,128200.0,0.012364760432766575,0.04791344667697062,-0.009273570324574987,
278904,20260102800518,00117188,효성,004800,단일판매ㆍ공급계약체결(자회사의 주요경영사항),2026-01-02,KOSPI,112500.0,119700.0,117800.0,120500.0,0.06400000000000006,0.047111111111111104,0.07111111111111112,
257364,20260210800049,00117188,효성,004800,단일판매ㆍ공급계약체결(자회사의 주요경영사항),2026-02-10,KOSPI,150300.0,147700.0,150000.0,167700.0,-0.017298735861610126,-0.001996007984031989,0.11576846307385225,
253611,20260212801099,00117188,효성,004800,단일판매ㆍ공급계약체결(자회사의 주요경영사항),2026-02-12,KOSPI,150000.0,161900.0,163300.0,170100.0,0.07933333333333326,0.08866666666666667,0.1339999999999999,
99454,20260311802685,00117188,효성,004800,단일판매ㆍ공급계약체결(자회사의 주요경영사항),2026-03-11,KOSPI,140000.0,138400.0,132400.0,148000.0,-0.011428571428571455,-0.05428571428571427,0.05714285714285716,
24359,20260422800538,00117188,효성,004800,단일판매ㆍ공급계약체결(자회사의 주요경영사항),2026-04-22,KOSPI,160000.0,163900.0,171000.0,224500.0,0.024375000000000036,0.06875000000000009,0.40312499999999996,
22388,20260424800693,00117188,효성,004800,단일판매ㆍ공급계약체결(자회사의 주요경영사항),2026-04-24,KOSPI,171000.0,204500.0,227000.0,221000.0,0.19590643274853803,0.32748538011695905,0.29239766081871355,
113891,20260623800560,00117188,효성,004800,단일판매ㆍ공급계약체결(자회사의 주요경영사항),2026-06-23,KOSPI,177600.0,179700.0,171300.0,,0.011824324324324342,-0.03547297297297303,,
619934,20240708800096,00129989,코스모신소재,005070,단일판매ㆍ공급계약체결,2024-07-08,KOSPI,149800.0,148200.0,148300.0,138000.0,-0.010680907877169576,-0.010013351134846471,-0.07877169559412545,
619919,20240708800114,01390344,HD현대중공업,329180,단일판매ㆍ공급계약체결,2024-07-08,KOSPI,152000.0,152400.0,155300.0,160000.0,0.002631578947368318,0.021710526315789513,0.05263157894736836,
617102,20240715800151,01390344,HD현대중공업,329180,단일판매ㆍ공급계약체결,2024-07-15,KOSPI,160000.0,167500.0,171200.0,170400.0,0.046875,0.07000000000000006,0.06499999999999995,
570724,20241015800035,01390344,HD현대중공업,329180,단일판매ㆍ공급계약체결,2024-10-15,KOSPI,192700.0,194500.0,197200.0,193900.0,0.009340944473274604,0.023352361183186288,0.0062272963155163286,
553699,20241118800037,01390344,HD현대중공업,329180,단일판매ㆍ공급계약체결,2024-11-18,KOSPI,227500.0,224500.0,236000.0,242000.0,-0.01318681318681314,0.03736263736263745,0.06373626373626373,
519145,20250123800036,01390344,HD현대중공업,329180,단일판매ㆍ공급계약체결,2025-01-23,KOSPI,295500.0,301500.0,311000.0,309500.0,0.020304568527918843,0.05245346869712342,0.04737732656514382,
490930,20250304800166,01390344,HD현대중공업,329180,단일판매ㆍ공급계약체결,2025-03-04,KOSPI,314500.0,317000.0,318500.0,297500.0,0.007949125596184325,0.012718600953895098,-0.05405405405405406,
384753,20250610800109,01390344,HD현대중공업,329180,단일판매ㆍ공급계약체결,2025-06-10,KOSPI,427000.0,418000.0,419500.0,436500.0,-0.021077283372365363,-0.01756440281030447,0.022248243559718883,
382838,20250613800119,01390344,HD현대중공업,329180,단일판매ㆍ공급계약체결(자율공시),2025-06-13,KOSPI,427500.0,449000.0,436500.0,443000.0,0.05029239766081872,0.021052631578947434,0.03625730994152043,
371385,20250708800090,01390344,HD현대중공업,329180,단일판매ㆍ공급계약체결,2025-07-08,KOSPI,389500.0,395000.0,400500.0,394500.0,0.01412066752246477,0.028241335044929317,0.012836970474968012,
337062,20250908800058,01390344,HD현대중공업,329180,단일판매ㆍ공급계약체결,2025-09-08,KOSPI,511000.0,504000.0,504000.0,498500.0,-0.013698630136986356,-0.013698630136986356,-0.024461839530332652,
321797,20251020800152,01390344,HD현대중공업,329180,단일판매ㆍ공급계약체결,2025-10-20,KOSPI,512000.0,563000.0,581000.0,624000.0,0.099609375,0.134765625,0.21875,
317024,20251030800164,01390344,HD현대중공업,329180,단일판매ㆍ공급계약체결,2025-10-30,KOSPI,594000.0,600000.0,607000.0,525000.0,0.010101010101010166,0.02188552188552184,-0.11616161616161613,
312638,20251110800036,01390344,HD현대중공업,329180,단일판매ㆍ공급계약체결,2025-11-10,KOSPI,538000.0,534000.0,536000.0,603000.0,-0.0074349442379182396,-0.0037174721189591198,0.1208178438661709,
309282,20251114800376,01390344,HD현대중공업,329180,단일판매ㆍ공급계약체결(자율공시),2025-11-14,KOSPI,586000.0,603000.0,603000.0,555000.0,0.029010238907849928,0.029010238907849928,-0.05290102389078499,
303739,20251124800125,01390344,HD현대중공업,329180,단일판매ㆍ공급계약체결,2025-11-24,KOSPI,552000.0,548000.0,554000.0,515000.0,-0.007246376811594235,0.0036231884057971175,-0.06702898550724634,
292497,20251211800371,01390344,HD현대중공업,329180,단일판매ㆍ공급계약체결(자율공시),2025-12-11,KOSPI,559000.0,573000.0,551000.0,504000.0,0.025044722719141266,-0.014311270125223596,-0.09838998211091232,
283584,20251224800145,01390344,HD현대중공업,329180,단일판매ㆍ공급계약체결,2025-12-24,KOSPI,519000.0,512000.0,523000.0,513000.0,-0.013487475915221592,0.007707129094412402,-0.011560693641618491,
282180,20251226800842,01390344,HD현대중공업,329180,단일판매ㆍ공급계약체결,2025-12-26,KOSPI,512000.0,523000.0,509000.0,550000.0,0.021484375,-0.005859375,0.07421875,
278006,20260106800134,01390344,HD현대중공업,329180,단일판매ㆍ공급계약체결,2026-01-06,KOSPI,550000.0,557000.0,582000.0,645000.0,0.012727272727272698,0.05818181818181811,0.17272727272727262,
271366,20260120800200,01390344,HD현대중공업,329180,단일판매ㆍ공급계약체결,2026-01-20,KOSPI,641000.0,631000.0,613000.0,588000.0,-0.015600624024960985,-0.043681747269890825,-0.08268330733229334,
244496,20260226800192,01390344,HD현대중공업,329180,단일판매ㆍ공급계약체결,2026-02-26,KOSPI,592000.0,603000.0,590000.0,554000.0,0.01858108108108114,-0.0033783783783783994,-0.06418918918918914,
112424,20260227800223,01390344,HD현대중공업,329180,단일판매ㆍ공급계약체결,2026-02-27,KOSPI,603000.0,590000.0,511000.0,576000.0,-0.021558872305140975,-0.15257048092868986,-0.04477611940298509,
106864,20260305800836,01390344,HD현대중공업,329180,단일판매ㆍ공급계약체결,2026-03-05,KOSPI,559000.0,554000.0,576000.0,604000.0,-0.008944543828264706,0.030411449016100267,0.0805008944543828,
95172,20260316800220,01390344,HD현대중공업,329180,단일판매ㆍ공급계약체결,2026-03-16,KOSPI,583000.0,587000.0,590000.0,502000.0,0.006861063464836947,0.012006861063464935,-0.13893653516295024,
57046,20260403800571,01390344,HD현대중공업,329180,단일판매ㆍ공급계약체결,2026-04-03,KOSPI,479500.0,471000.0,470000.0,475000.0,-0.017726798748696537,-0.019812304483837306,-0.009384775808133461,
57036,20260403800577,01390344,HD현대중공업,329180,단일판매ㆍ공급계약체결(자율공시),2026-04-03,KOSPI,479500.0,471000.0,470000.0,475000.0,-0.017726798748696537,-0.019812304483837306,-0.009384775808133461,
27529,20260416800142,01390344,HD현대중공업,329180,단일판매ㆍ공급계약체결(자율공시),2026-04-16,KOSPI,493500.0,514000.0,524000.0,641000.0,0.041540020263424626,0.06180344478216826,0.29888551165146904,
26806,20260417800177,01390344,HD현대중공업,329180,단일판매ㆍ공급계약체결,2026-04-17,KOSPI,514000.0,524000.0,576000.0,671000.0,0.01945525291828787,0.12062256809338523,0.30544747081712065,
24762,20260422800038,01390344,HD현대중공업,329180,단일판매ㆍ공급계약체결,2026-04-22,KOSPI,641000.0,641000.0,671000.0,690000.0,0.0,0.046801872074883066,0.07644305772230897,
24688,20260422800175,01390344,HD현대중공업,329180,단일판매ㆍ공급계약체결,2026-04-22,KOSPI,641000.0,641000.0,671000.0,690000.0,0.0,0.046801872074883066,0.07644305772230897,
16373,20260504800297,01390344,HD현대중공업,329180,단일판매ㆍ공급계약체결,2026-05-04,KOSPI,680000.0,648000.0,693000.0,707000.0,-0.04705882352941182,0.01911764705882346,0.03970588235294126,
14329,20260508800180,01390344,HD현대중공업,329180,단일판매ㆍ공급계약체결,2026-05-08,KOSPI,658000.0,685000.0,707000.0,640000.0,0.04103343465045595,0.07446808510638303,-0.027355623100303927,
14325,20260508800181,01390344,HD현대중공업,329180,단일판매ㆍ공급계약체결(자율공시),2026-05-08,KOSPI,658000.0,685000.0,707000.0,640000.0,0.04103343465045595,0.07446808510638303,-0.027355623100303927,
10616,20260514800315,01390344,HD현대중공업,329180,단일판매ㆍ공급계약체결,2026-05-14,KOSPI,671000.0,640000.0,615000.0,672000.0,-0.046199701937406856,-0.08345752608047685,0.0014903129657228842,
126209,20260601800384,01390344,HD현대중공업,329180,단일판매ㆍ공급계약체결,2026-06-01,KOSPI,684000.0,673000.0,651000.0,612000.0,-0.016081871345029253,-0.04824561403508776,-0.10526315789473684,
121733,20260608800378,01390344,HD현대중공업,329180,단일판매ㆍ공급계약체결(자율공시),2026-06-08,KOSPI,621000.0,612000.0,641000.0,714000.0,-0.01449275362318836,0.03220611916264082,0.1497584541062802,
619913,20240708800120,00148522,퍼스텍,010820,단일판매ㆍ공급계약체결,2024-07-08,KOSPI,3130.0,3155.0,3170.0,3195.0,0.007987220447284393,0.012779552715654896,0.02076677316293929,
534677,20241218800108,00148522,퍼스텍,010820,단일판매ㆍ공급계약체결,2024-12-18,KOSPI,3030.0,2980.0,2900.0,2970.0,-0.01650165016501648,-0.04290429042904287,-0.01980198019801982,
377182,20250626800418,00148522,퍼스텍,010820,단일판매ㆍ공급계약체결,2025-06-26,KOSPI,3865.0,3870.0,3850.0,3840.0,0.001293661060802087,-0.0038809831824062613,-0.0064683053040103244,
330615,20250924800197,00148522,퍼스텍,010820,단일판매ㆍ공급계약체결,2025-09-24,KOSPI,4655.0,4480.0,4390.0,4585.0,-0.03759398496240607,-0.0569280343716434,-0.015037593984962405,
619559,20240709800048,00121969,에쓰씨엔지니어링,023960,단일판매ㆍ공급계약체결,2024-07-09,KOSPI,1430.0,1502.0,1460.0,1452.0,0.05034965034965033,0.020979020979021046,0.01538461538461533,
581549,20240913800004,00121969,에쓰씨엔지니어링,023960,단일판매ㆍ공급계약체결,2024-09-13,KOSPI,1636.0,1636.0,1600.0,1668.0,0.0,-0.022004889975550168,0.019559902200489088,
575000,20241002800171,00121969,에쓰씨엔지니어링,023960,단일판매ㆍ공급계약체결,2024-10-02,KOSPI,2070.0,2230.0,2130.0,1903.0,0.07729468599033806,0.02898550724637672,-0.08067632850241546,
15205,20260507800124,00121969,에쓰씨엔지니어링,023960,단일판매ㆍ공급계약체결,2026-05-07,KOSPI,1380.0,1335.0,1280.0,1210.0,-0.03260869565217395,-0.07246376811594202,-0.12318840579710144,
619522,20240709900213,01292291,파두,440110,단일판매ㆍ공급계약체결,2024-07-09,KOSDAQ,20500.0,20200.0,19630.0,18980.0,-0.014634146341463428,-0.04243902439024394,-0.07414634146341459,
608449,20240805900198,01292291,파두,440110,단일판매ㆍ공급계약체결,2024-08-05,KOSDAQ,14030.0,15210.0,14100.0,14340.0,0.08410548823948671,0.0049893086243764095,0.022095509622238163,
573999,20241007900149,01292291,파두,440110,단일판매ㆍ공급계약체결,2024-10-07,KOSDAQ,15900.0,15500.0,17110.0,19290.0,-0.02515723270440251,0.0761006289308177,0.21320754716981138,
565592,20241028900268,01292291,파두,440110,단일판매ㆍ공급계약체결,2024-10-28,KOSDAQ,21350.0,22600.0,22250.0,20700.0,0.058548009367681564,0.042154566744730726,-0.030444964871194413,
554113,20241115900125,01292291,파두,440110,단일판매ㆍ공급계약체결,2024-11-15,KOSDAQ,18500.0,17560.0,17480.0,15530.0,-0.05081081081081085,-0.05513513513513513,-0.16054054054054057,
550625,20241126900052,01292291,파두,440110,단일판매ㆍ공급계약체결,2024-11-26,KOSDAQ,16680.0,16790.0,16360.0,16650.0,0.00659472422062346,-0.01918465227817745,-0.0017985611510791255,
535318,20241217900221,01292291,파두,440110,단일판매ㆍ공급계약체결,2024-12-17,KOSDAQ,15830.0,15580.0,15200.0,14910.0,-0.015792798483891368,-0.039797852179406235,-0.058117498420720115,
521627,20250117900092,01292291,파두,440110,단일판매ㆍ공급계약체결,2025-01-17,KOSDAQ,14770.0,14940.0,14800.0,14800.0,0.011509817197020933,0.0020311442112390665,0.0020311442112390665,
517905,20250124900257,01292291,파두,440110,단일판매ㆍ공급계약체결,2025-01-24,KOSDAQ,14800.0,14180.0,14020.0,14350.0,-0.04189189189189191,-0.05270270270270272,-0.030405405405405372,
500649,20250221900468,01292291,파두,440110,단일판매ㆍ공급계약체결,2025-02-21,KOSDAQ,17290.0,16380.0,16400.0,14770.0,-0.052631578947368474,-0.05147484094852517,-0.14574898785425106,
383412,20250612900075,01292291,파두,440110,단일판매ㆍ공급계약체결,2025-06-12,KOSDAQ,11000.0,10670.0,10540.0,11630.0,-0.030000000000000027,-0.041818181818181865,0.057272727272727364,
348520,20250818900142,01292291,파두,440110,단일판매ㆍ공급계약체결,2025-08-18,KOSDAQ,12470.0,11930.0,11420.0,12290.0,-0.04330392943063355,-0.08420208500400961,-0.014434643143544479,
348517,20250818900145,01292291,파두,440110,단일판매ㆍ공급계약체결,2025-08-18,KOSDAQ,12470.0,11930.0,11420.0,12290.0,-0.04330392943063355,-0.08420208500400961,-0.014434643143544479,
332866,20250918900084,01292291,파두,440110,단일판매ㆍ공급계약체결,2025-09-18,KOSDAQ,21000.0,21500.0,24200.0,22100.0,0.023809523809523725,0.15238095238095228,0.05238095238095242,
322418,20251017900200,01292291,파두,440110,단일판매ㆍ공급계약체결,2025-10-17,KOSDAQ,22250.0,21650.0,21950.0,23250.0,-0.026966292134831482,-0.013483146067415741,0.04494382022471921,
319013,20251027900122,01292291,파두,440110,단일판매ㆍ공급계약체결,2025-10-27,KOSDAQ,23850.0,24000.0,24000.0,25900.0,0.0062893081761006275,0.0062893081761006275,0.08595387840670865,
314514,20251105900149,01292291,파두,440110,단일판매ㆍ공급계약체결,2025-11-05,KOSDAQ,26450.0,25000.0,24000.0,26750.0,-0.05482041587901698,-0.09262759924385633,0.011342155009451904,
312557,20251110900139,01292291,파두,440110,단일판매ㆍ공급계약체결,2025-11-10,KOSDAQ,26200.0,26000.0,26750.0,24400.0,-0.007633587786259555,0.020992366412213803,-0.06870229007633588,
297453,20251201900318,01292291,파두,440110,단일판매ㆍ공급계약체결,2025-12-01,KOSDAQ,27100.0,26100.0,26300.0,24900.0,-0.03690036900369009,-0.029520295202952074,-0.08118081180811809,
285809,20251219900723,01292291,파두,440110,단일판매ㆍ공급계약체결,2025-12-19,KOSDAQ,21250.0,21250.0,21250.0,21250.0,0.0,0.0,0.0,
273752,20260113900300,01292291,파두,440110,단일판매ㆍ공급계약체결,2026-01-13,KOSDAQ,21250.0,21250.0,21250.0,21250.0,0.0,0.0,0.0,
261613,20260205900151,01292291,파두,440110,단일판매ㆍ공급계약체결,2026-02-05,KOSDAQ,44700.0,45150.0,49100.0,55000.0,0.010067114093959662,0.09843400447427286,0.23042505592841156,
254433,20260212900310,01292291,파두,440110,단일판매ㆍ공급계약체결,2026-02-12,KOSDAQ,55000.0,52200.0,51600.0,54400.0,-0.050909090909090904,-0.06181818181818177,-0.010909090909090868,
99147,20260312900185,01292291,파두,440110,단일판매ㆍ공급계약체결,2026-03-12,KOSDAQ,66600.0,66200.0,69300.0,57000.0,-0.006006006006005982,0.04054054054054057,-0.14414414414414412,
97019,20260313900181,01292291,파두,440110,단일판매ㆍ공급계약체결,2026-03-13,KOSDAQ,66200.0,69300.0,62700.0,59200.0,0.04682779456193353,-0.052870090634441036,-0.10574018126888218,
34327,20260413900118,01292291,파두,440110,단일판매ㆍ공급계약체결,2026-04-13,KOSDAQ,57100.0,56800.0,60900.0,58800.0,-0.005253940455341555,0.06654991243432584,0.02977232924693518,
15929,20260506900280,01292291,파두,440110,단일판매ㆍ공급계약체결,2026-05-06,KOSDAQ,78800.0,83800.0,92400.0,100000.0,0.06345177664974622,0.17258883248730972,0.2690355329949239,
3407,20260522900209,01292291,파두,440110,단일판매ㆍ공급계약체결,2026-05-22,KOSDAQ,128300.0,116800.0,116900.0,111100.0,-0.08963367108339826,-0.08885424785658613,-0.13406079501169132,
130679,20260528900230,01292291,파두,440110,단일판매ㆍ공급계약체결,2026-05-28,KOSDAQ,111400.0,112100.0,111100.0,109800.0,0.006283662477558405,-0.0026929982046678402,-0.014362657091561926,
129394,20260529900216,01292291,파두,440110,단일판매ㆍ공급계약체결,2026-05-29,KOSDAQ,112100.0,111100.0,107100.0,106600.0,-0.008920606601248937,-0.044603033006244464,-0.04906333630686888,
619500,20240709900248,01416642,다보링크,340360,단일판매ㆍ공급계약체결,2024-07-09,KOSDAQ,2340.0,2355.0,2370.0,2520.0,0.0064102564102563875,0.012820512820512775,0.07692307692307687,
586680,20240903900211,01416642,다보링크,340360,단일판매ㆍ공급계약체결,2024-09-03,KOSDAQ,2060.0,2025.0,2050.0,2075.0,-0.016990291262135915,-0.004854368932038833,0.00728155339805836,
428427,20250409900093,01416642,다보링크,340360,단일판매ㆍ공급계약체결,2025-04-09,KOSDAQ,1523.0,1532.0,1522.0,1671.0,0.005909389363099038,-0.0006565988181220783,0.09717662508207492,
324952,20251010900097,01416642,다보링크,340360,단일판매ㆍ공급계약체결,2025-10-10,KOSDAQ,1551.0,1596.0,1569.0,1528.0,0.029013539651837617,0.011605415860735047,-0.014829142488716918,
39738,20260409900741,01416642,다보링크,340360,단일판매ㆍ공급계약체결,2026-04-09,KOSDAQ,1560.0,1643.0,1759.0,1666.0,0.05320512820512824,0.12756410256410255,0.06794871794871793,
619010,20240710900088,01366000,태성,323280,단일판매ㆍ공급계약체결,2024-07-10,KOSDAQ,8709.0,8776.0,8507.0,7789.0,0.0076931909518889174,-0.023194396601217138,-0.10563784590653347,
318296,20251028900298,01366000,태성,323280,단일판매ㆍ공급계약체결(자율공시),2025-10-28,KOSDAQ,25250.0,24450.0,24050.0,30400.0,-0.03168316831683171,-0.04752475247524757,0.20396039603960392,
5318,20260519900252,01366000,태성,323280,단일판매ㆍ공급계약체결,2026-05-19,KOSDAQ,68900.0,62100.0,66300.0,65500.0,-0.09869375907111755,-0.037735849056603765,-0.04934687953555883,
123613,20260602900572,01366000,태성,323280,단일판매ㆍ공급계약체결,2026-06-02,KOSDAQ,51900.0,57000.0,54300.0,50900.0,0.09826589595375723,0.046242774566473965,-0.019267822736030782,
121606,20260608900497,01366000,태성,323280,단일판매ㆍ공급계약체결,2026-06-08,KOSDAQ,47600.0,50900.0,50900.0,54000.0,0.06932773109243695,0.06932773109243695,0.134453781512605,
618618,20240710900488,00252135,주성엔지니어링,036930,단일판매ㆍ공급계약체결(자율공시),2024-07-10,KOSDAQ,35550.0,36250.0,35000.0,33000.0,0.019690576652601877,-0.015471167369901506,-0.07172995780590719,
618204,20240711900068,00445160,APS이노베이션,079810,단일판매ㆍ공급계약체결,2024-07-11,KOSDAQ,10400.0,10250.0,10410.0,9750.0,-0.014423076923076872,0.0009615384615384581,-0.0625,
617105,20240715900140,00445160,APS이노베이션,079810,단일판매ㆍ공급계약체결,2024-07-15,KOSDAQ,10410.0,10110.0,10010.0,9200.0,-0.028818443804034533,-0.03842459173871282,-0.11623439000960611,
536643,20241216900574,00445160,APS이노베이션,079810,단일판매ㆍ공급계약체결(자율공시),2024-12-16,KOSDAQ,5550.0,5360.0,5560.0,5300.0,-0.03423423423423422,0.0018018018018017834,-0.04504504504504503,
618202,20240711900071,01516890,E8,418620,단일판매ㆍ공급계약체결,2024-07-11,KOSDAQ,15425.0,14976.0,14984.0,14454.0,-0.02910858995137766,-0.02858995137763376,-0.0629497568881685,
337736,20250905900051,01516890,E8,418620,단일판매ㆍ공급계약체결,2025-09-05,KOSDAQ,3406.0,3415.0,3411.0,3358.0,0.00264239577216685,0.0014679976512037562,-0.014092777451556127,
86203,20260323900320,01516890,E8,418620,단일판매ㆍ공급계약체결,2026-03-23,KOSDAQ,1341.0,1377.0,1400.0,1292.0,0.02684563758389258,0.04399701715137949,-0.036539895600298244,
617768,20240712800031,00143262,우진아이엔에스,010400,단일판매ㆍ공급계약체결,2024-07-12,KOSPI,3870.0,3820.0,3765.0,3760.0,-0.012919896640826822,-0.027131782945736482,-0.028423772609819098,
617756,20240712800059,00143262,우진아이엔에스,010400,단일판매ㆍ공급계약체결,2024-07-12,KOSPI,3870.0,3820.0,3765.0,3760.0,-0.012919896640826822,-0.027131782945736482,-0.028423772609819098,
550179,20241126800337,00143262,우진아이엔에스,010400,단일판매ㆍ공급계약체결,2024-11-26,KOSPI,3135.0,3185.0,3165.0,2930.0,0.01594896331738438,0.009569377990430672,-0.06539074960127589,
526575,20250106800052,00143262,우진아이엔에스,010400,단일판매ㆍ공급계약체결,2025-01-06,KOSPI,3185.0,3230.0,3240.0,3370.0,0.014128728414442682,0.017268445839874413,0.058084772370486704,
526083,20250107800025,00143262,우진아이엔에스,010400,단일판매ㆍ공급계약체결,2025-01-07,KOSPI,3230.0,3240.0,3280.0,3380.0,0.003095975232198178,0.015479876160990669,0.04643962848297223,
490933,20250304800151,00143262,우진아이엔에스,010400,단일판매ㆍ공급계약체결,2025-03-04,KOSPI,2970.0,2980.0,2975.0,2925.0,0.0033670033670034627,0.0016835016835017313,-0.015151515151515138,
473857,20250319800052,00143262,우진아이엔에스,010400,단일판매ㆍ공급계약체결,2025-03-19,KOSPI,2855.0,2860.0,2810.0,2695.0,0.0017513134851139256,-0.015761821366024553,-0.05604203152364273,
409673,20250428800095,00143262,우진아이엔에스,010400,단일판매ㆍ공급계약체결,2025-04-28,KOSPI,2700.0,2670.0,2650.0,2670.0,-0.011111111111111072,-0.01851851851851849,-0.011111111111111072,
394977,20250523800059,00143262,우진아이엔에스,010400,단일판매ㆍ공급계약체결,2025-05-23,KOSPI,2645.0,2660.0,2720.0,2750.0,0.005671077504725952,0.02835538752362954,0.03969754253308122,
390382,20250530800406,00143262,우진아이엔에스,010400,단일판매ㆍ공급계약체결,2025-05-30,KOSPI,2750.0,2855.0,2845.0,2895.0,0.038181818181818095,0.034545454545454435,0.052727272727272734,
366316,20250721800084,00143262,우진아이엔에스,010400,단일판매ㆍ공급계약체결,2025-07-21,KOSPI,2615.0,2645.0,2580.0,2525.0,0.011472275334607929,-0.013384321223709361,-0.03441682600382412,
314004,20251106800064,00143262,우진아이엔에스,010400,단일판매ㆍ공급계약체결,2025-11-06,KOSPI,2765.0,2720.0,2740.0,2910.0,-0.016274864376130238,-0.009041591320072317,0.05244122965641962,
305914,20251118800034,00143262,우진아이엔에스,010400,단일판매ㆍ공급계약체결,2025-11-18,KOSPI,3470.0,3620.0,3990.0,3640.0,0.043227665706051965,0.1498559077809798,0.04899135446685876,
296561,20251202800221,00143262,우진아이엔에스,010400,단일판매ㆍ공급계약체결,2025-12-02,KOSPI,3920.0,4020.0,3910.0,3940.0,0.025510204081632626,-0.0025510204081632404,0.005102040816326481,
296559,20251202800225,00143262,우진아이엔에스,010400,단일판매ㆍ공급계약체결,2025-12-02,KOSPI,3920.0,4020.0,3910.0,3940.0,0.025510204081632626,-0.0025510204081632404,0.005102040816326481,
252657,20260213800145,00143262,우진아이엔에스,010400,단일판매ㆍ공급계약체결,2026-02-13,KOSPI,4075.0,3935.0,3860.0,3935.0,-0.03435582822085892,-0.05276073619631905,-0.03435582822085892,
36535,20260410800413,00143262,우진아이엔에스,010400,단일판매ㆍ공급계약체결,2026-04-10,KOSPI,3815.0,3965.0,3975.0,4205.0,0.03931847968545221,0.041939711664482404,0.10222804718217571,
21102,20260428800161,00143262,우진아이엔에스,010400,단일판매ㆍ공급계약체결,2026-04-28,KOSPI,4100.0,4175.0,4105.0,4085.0,0.018292682926829285,0.0012195121951219523,-0.003658536585365857,
2671,20260526800158,00143262,우진아이엔에스,010400,단일판매ㆍ공급계약체결,2026-05-26,KOSPI,3895.0,3905.0,3770.0,3385.0,0.0025673940949935137,-0.03209242618741981,-0.13093709884467264,
114712,20260622800225,00143262,우진아이엔에스,010400,단일판매ㆍ공급계약체결,2026-06-22,KOSPI,3535.0,3610.0,3480.0,,0.021216407355021172,-0.01555869872701554,,
617746,20240712900079,00927558,유바이오로직스,206650,단일판매ㆍ공급계약체결,2024-07-12,KOSDAQ,11330.0,11080.0,10820.0,11190.0,-0.02206531332744921,-0.04501323918799649,-0.012356575463371544,
610254,20240731900080,00927558,유바이오로직스,206650,단일판매ㆍ공급계약체결,2024-07-31,KOSDAQ,11300.0,11270.0,10960.0,11180.0,-0.0026548672566372167,-0.030088495575221197,-0.010619469026548645,
595059,20240823900109,00927558,유바이오로직스,206650,단일판매ㆍ공급계약체결(자율공시),2024-08-23,KOSDAQ,11210.0,11050.0,10870.0,10990.0,-0.014272970561998166,-0.030330062444246186,-0.019625334522747506,
582384,20240912900167,00927558,유바이오로직스,206650,단일판매ㆍ공급계약체결(자율공시),2024-09-12,KOSDAQ,11100.0,11190.0,11550.0,11670.0,0.008108108108108025,0.04054054054054057,0.05135135135135127,
571730,20241011900207,00927558,유바이오로직스,206650,단일판매ㆍ공급계약체결(자율공시),2024-10-11,KOSDAQ,12120.0,12010.0,12330.0,12230.0,-0.009075907590759047,0.017326732673267342,0.009075907590759158,
522007,20250116900125,00927558,유바이오로직스,206650,단일판매ㆍ공급계약체결(자율공시),2025-01-16,KOSDAQ,12600.0,12130.0,12280.0,12160.0,-0.03730158730158728,-0.025396825396825418,-0.03492063492063491,
511460,20250210900684,00927558,유바이오로직스,206650,단일판매ㆍ공급계약체결,2025-02-10,KOSDAQ,11460.0,11620.0,11400.0,11480.0,0.013961605584642323,-0.005235602094240788,0.0017452006980802626,
487689,20250307900139,00927558,유바이오로직스,206650,단일판매ㆍ공급계약체결(자율공시),2025-03-07,KOSDAQ,11860.0,11840.0,11840.0,11860.0,-0.001686340640809414,-0.001686340640809414,0.0,
415819,20250415900305,00927558,유바이오로직스,206650,단일판매ㆍ공급계약체결(자율공시),2025-04-15,KOSDAQ,11180.0,11060.0,11120.0,11100.0,-0.01073345259391767,-0.00536672629695889,-0.007155635062611854,
269581,20260123900301,00927558,유바이오로직스,206650,단일판매ㆍ공급계약체결(자율공시),2026-01-23,KOSDAQ,11450.0,11840.0,11810.0,12520.0,0.03406113537117905,0.03144104803493453,0.09344978165938866,
5404,20260519900122,00927558,유바이오로직스,206650,단일판매ㆍ공급계약체결(자율공시),2026-05-19,KOSDAQ,11230.0,10640.0,10630.0,10520.0,-0.05253784505788073,-0.0534283170080142,-0.06322350845948355,
122498,20260605900172,00927558,유바이오로직스,206650,단일판매ㆍ공급계약체결(자율공시),2026-06-05,KOSDAQ,9810.0,8990.0,9300.0,9460.0,-0.08358817533129459,-0.051987767584097844,-0.03567787971457692,
117298,20260616900207,00927558,유바이오로직스,206650,단일판매ㆍ공급계약체결,2026-06-16,KOSDAQ,10110.0,10000.0,9540.0,8590.0,-0.010880316518298683,-0.05637982195845692,-0.1503461918892186,
617591,20240712900272,00524421,테스,095610,단일판매ㆍ공급계약체결(자율공시),2024-07-12,KOSDAQ,23550.0,23450.0,24000.0,22000.0,-0.00424628450106157,0.019108280254777066,-0.06581740976645434,
594326,20240826900154,00524421,테스,095610,단일판매ㆍ공급계약체결,2024-08-26,KOSDAQ,18450.0,18560.0,18850.0,18000.0,0.005962059620596261,0.021680216802167918,-0.024390243902439046,
577657,20240926900123,00524421,테스,095610,단일판매ㆍ공급계약체결(자율공시),2024-09-26,KOSDAQ,17730.0,17760.0,17330.0,17620.0,0.0016920473773265332,-0.022560631697687517,-0.006204173716864103,
562752,20241101900148,00524421,테스,095610,단일판매ㆍ공급계약체결(자율공시),2024-11-01,KOSDAQ,16690.0,17110.0,16890.0,16290.0,0.025164769322947977,0.011983223487118,-0.02396644697423611,
527003,20250103900262,00524421,테스,095610,단일판매ㆍ공급계약체결,2025-01-03,KOSDAQ,16400.0,17150.0,17060.0,17070.0,0.0457317073170731,0.040243902439024426,0.04085365853658529,
519821,20250122900134,00524421,테스,095610,단일판매ㆍ공급계약체결,2025-01-22,KOSDAQ,19200.0,18870.0,19020.0,16950.0,-0.017187500000000022,-0.009375000000000022,-0.1171875,
513928,20250206900180,00524421,테스,095610,단일판매ㆍ공급계약체결(자율공시),2025-02-06,KOSDAQ,22350.0,21750.0,21650.0,22900.0,-0.02684563758389258,-0.031319910514541416,0.02460850111856816,
499756,20250224900200,00524421,테스,095610,단일판매ㆍ공급계약체결(자율공시),2025-02-24,KOSDAQ,22000.0,22200.0,22200.0,20950.0,0.009090909090909038,0.009090909090909038,-0.04772727272727273,
486116,20250310900255,00524421,테스,095610,단일판매ㆍ공급계약체결(자율공시),2025-03-10,KOSDAQ,21500.0,22950.0,23250.0,23900.0,0.06744186046511635,0.08139534883720922,0.1116279069767443,
451297,20250401900320,00524421,테스,095610,단일판매ㆍ공급계약체결(자율공시),2025-04-01,KOSDAQ,21500.0,22000.0,21250.0,18000.0,0.023255813953488413,-0.011627906976744207,-0.16279069767441856,
348465,20250818900192,00524421,테스,095610,단일판매ㆍ공급계약체결(자율공시),2025-08-18,KOSDAQ,27850.0,29050.0,29500.0,29950.0,0.04308797127468589,0.05924596050269293,0.07540394973070019,
347713,20250820900103,00524421,테스,095610,단일판매ㆍ공급계약체결(자율공시),2025-08-20,KOSDAQ,29500.0,29450.0,29450.0,30000.0,-0.0016949152542372614,-0.0016949152542372614,0.016949152542372836,
329903,20250925900317,00524421,테스,095610,단일판매ㆍ공급계약체결(자율공시),2025-09-25,KOSDAQ,43850.0,42000.0,43450.0,45800.0,-0.04218928164196123,-0.009122006841505104,0.04446978335233753,
279132,20260102900196,00524421,테스,095610,단일판매ㆍ공급계약체결(자율공시),2026-01-02,KOSDAQ,53200.0,54600.0,59000.0,52300.0,0.026315789473684292,0.10902255639097747,-0.016917293233082664,
268837,20260126900508,00524421,테스,095610,단일판매ㆍ공급계약체결(자율공시),2026-01-26,KOSDAQ,54200.0,55700.0,66800.0,67300.0,0.027675276752767486,0.2324723247232472,0.2416974169741697,
102863,20260310900617,00524421,테스,095610,단일판매ㆍ공급계약체결(자율공시),2026-03-10,KOSDAQ,68800.0,66500.0,64600.0,65200.0,-0.03343023255813948,-0.061046511627906974,-0.05232558139534882,
97129,20260313900104,00524421,테스,095610,단일판매ㆍ공급계약체결,2026-03-13,KOSDAQ,65300.0,66100.0,65200.0,65800.0,0.012251148545176171,-0.0015313935681470214,0.007656967840734996,
92514,20260317900514,00524421,테스,095610,단일판매ㆍ공급계약체결(자율공시),2026-03-17,KOSDAQ,65200.0,68300.0,66100.0,63000.0,0.04754601226993871,0.013803680981595123,-0.033742331288343586,
4239,20260521900315,00524421,테스,095610,단일판매ㆍ공급계약체결(자율공시),2026-05-21,KOSDAQ,120100.0,129000.0,126800.0,119100.0,0.0741049125728559,0.05578684429641956,-0.008326394671107407,
122442,20260605900283,00524421,테스,095610,단일판매ㆍ공급계약체결(자율공시),2026-06-05,KOSDAQ,139200.0,131500.0,161400.0,182200.0,-0.05531609195402298,0.15948275862068972,0.3089080459770115,
617061,20240715800236,00101044,에이프로젠바이오로직스,003060,단일판매ㆍ공급계약체결,2024-07-15,KOSPI,1110.0,1047.0,1065.0,1229.0,-0.05675675675675673,-0.04054054054054057,0.10720720720720722,
616888,20240715900481,00485177,일진파워,094820,단일판매ㆍ공급계약체결(자율공시),2024-07-15,KOSDAQ,12680.0,12120.0,12010.0,11440.0,-0.04416403785488954,-0.05283911671924291,-0.09779179810725547,
487723,20250307900088,00485177,일진파워,094820,단일판매ㆍ공급계약체결(자율공시),2025-03-07,KOSDAQ,9590.0,9300.0,9060.0,9170.0,-0.030239833159541152,-0.05526590198123049,-0.04379562043795615,
374013,20250701900368,00485177,일진파워,094820,단일판매ㆍ공급계약체결,2025-07-01,KOSDAQ,11820.0,11820.0,11820.0,11820.0,0.0,0.0,0.0,
345441,20250826900046,00485177,일진파워,094820,단일판매ㆍ공급계약체결,2025-08-26,KOSDAQ,10670.0,10580.0,10880.0,10920.0,-0.008434864104967188,0.019681349578256846,0.023430178069353325,
74456,20260330901229,00485177,일진파워,094820,단일판매ㆍ공급계약체결(자율공시),2026-03-30,KOSDAQ,16880.0,16300.0,17480.0,16860.0,-0.034360189573459765,0.035545023696682554,-0.0011848341232227888,
616798,20240715900590,00116408,동신건설,025950,단일판매ㆍ공급계약체결,2024-07-15,KOSDAQ,22200.0,21550.0,21650.0,22300.0,-0.029279279279279313,-0.024774774774774744,0.0045045045045044585,
594730,20240823900478,00116408,동신건설,025950,단일판매ㆍ공급계약체결,2024-08-23,KOSDAQ,20300.0,20100.0,19980.0,19390.0,-0.009852216748768461,-0.015763546798029604,-0.04482758620689653,
317407,20251029900653,00116408,동신건설,025950,단일판매ㆍ공급계약체결,2025-10-29,KOSDAQ,15860.0,15500.0,15300.0,14540.0,-0.022698612862547263,-0.035308953341740223,-0.08322824716267341,
616377,20240716900631,00585538,에스에너지,095910,단일판매ㆍ공급계약체결,2024-07-16,KOSDAQ,1529.0,1638.0,1580.0,1536.0,0.07128842380640932,0.03335513407455859,0.00457815565729236,
615669,20240717800625,00129679,녹십자,006280,단일판매ㆍ공급계약체결,2024-07-17,KOSPI,126900.0,127800.0,127900.0,129700.0,0.007092198581560183,0.007880220646178104,0.022064617809298692,
603302,20240813800570,00129679,녹십자,006280,단일판매ㆍ공급계약체결,2024-08-13,KOSPI,149400.0,150700.0,149600.0,164000.0,0.008701472556894352,0.0013386880856760541,0.09772423025435084,
616128,20240717900083,01014718,제노코,361390,단일판매ㆍ공급계약체결,2024-07-17,KOSDAQ,16460.0,16320.0,16250.0,16640.0,-0.008505467800729027,-0.012758201701093541,0.010935601458080146,
257060,20260210900455,01014718,제노코,361390,단일판매ㆍ공급계약체결,2026-02-10,KOSDAQ,26950.0,27500.0,29600.0,30250.0,0.020408163265306145,0.0983302411873841,0.12244897959183665,
256020,20260211900332,01014718,제노코,361390,단일판매ㆍ공급계약체결(자율공시),2026-02-11,KOSDAQ,27500.0,29600.0,31700.0,28300.0,0.07636363636363641,0.15272727272727282,0.029090909090909056,
101801,20260310901905,01014718,제노코,361390,단일판매ㆍ공급계약체결(자율공시),2026-03-10,KOSDAQ,26800.0,28600.0,29000.0,28800.0,0.0671641791044777,0.08208955223880587,0.07462686567164178,
615665,20240717900616,01109955,링크제니시스,219420,단일판매ㆍ공급계약체결(자율공시),2024-07-17,KOSDAQ,6190.0,5960.0,5790.0,5630.0,-0.037156704361874016,-0.06462035541195477,-0.0904684975767367,
490024,20250305900209,01109955,링크제니시스,219420,단일판매ㆍ공급계약체결(자율공시),2025-03-05,KOSDAQ,5850.0,5710.0,5520.0,5540.0,-0.023931623931623958,-0.05641025641025643,-0.052991452991453025,
370784,20250709900215,01109955,링크제니시스,219420,단일판매ㆍ공급계약체결,2025-07-09,KOSDAQ,5170.0,5180.0,5220.0,5150.0,0.0019342359767891004,0.009671179883945946,-0.003868471953578312,
615513,20240718800178,00131939,선도전기,007610,단일판매ㆍ공급계약체결,2024-07-18,KOSPI,3000.0,3000.0,3000.0,3000.0,0.0,0.0,0.0,
545380,20241129800604,00131939,선도전기,007610,단일판매ㆍ공급계약체결,2024-11-29,KOSPI,3000.0,3000.0,3000.0,3000.0,0.0,0.0,0.0,
510896,20250210801594,00131939,선도전기,007610,단일판매ㆍ공급계약체결,2025-02-10,KOSPI,3000.0,3000.0,3000.0,3000.0,0.0,0.0,0.0,
403091,20250512800285,00131939,선도전기,007610,단일판매ㆍ공급계약체결,2025-05-12,KOSPI,3000.0,3000.0,3000.0,3000.0,0.0,0.0,0.0,
401810,20250514800155,00131939,선도전기,007610,단일판매ㆍ공급계약체결,2025-05-14,KOSPI,3000.0,3000.0,3000.0,3000.0,0.0,0.0,0.0,
384855,20250609800525,00131939,선도전기,007610,단일판매ㆍ공급계약체결,2025-06-09,KOSPI,3000.0,3000.0,3000.0,3000.0,0.0,0.0,0.0,
384854,20250609800527,00131939,선도전기,007610,단일판매ㆍ공급계약체결,2025-06-09,KOSPI,3000.0,3000.0,3000.0,3000.0,0.0,0.0,0.0,
327149,20250930800658,00131939,선도전기,007610,단일판매ㆍ공급계약체결,2025-09-30,KOSPI,3000.0,3000.0,3000.0,3000.0,0.0,0.0,0.0,
315257,20251103800432,00131939,선도전기,007610,단일판매ㆍ공급계약체결,2025-11-03,KOSPI,3000.0,3000.0,3000.0,3000.0,0.0,0.0,0.0,
267586,20260128800078,00131939,선도전기,007610,단일판매ㆍ공급계약체결,2026-01-28,KOSPI,3000.0,3000.0,3000.0,3000.0,0.0,0.0,0.0,
103203,20260310800257,00131939,선도전기,007610,단일판매ㆍ공급계약체결,2026-03-10,KOSPI,3000.0,3000.0,3000.0,3000.0,0.0,0.0,0.0,
89732,20260319800230,00131939,선도전기,007610,단일판매ㆍ공급계약체결,2026-03-19,KOSPI,3000.0,3000.0,3000.0,3000.0,0.0,0.0,0.0,
615608,20240718900056,00476036,에프엔에스테크,083500,단일판매ㆍ공급계약체결,2024-07-18,KOSDAQ,13860.0,13920.0,12940.0,12690.0,0.0043290043290042934,-0.06637806637806642,-0.08441558441558439,
583043,20240911900045,00476036,에프엔에스테크,083500,단일판매ㆍ공급계약체결,2024-09-11,KOSDAQ,10030.0,10350.0,10080.0,10380.0,0.031904287138584175,0.004985044865403854,0.03489531405782653,
568547,20241021900078,00476036,에프엔에스테크,083500,단일판매ㆍ공급계약체결,2024-10-21,KOSDAQ,10100.0,9700.0,9730.0,9550.0,-0.03960396039603964,-0.036633663366336666,-0.054455445544554504,
14883,20260507900530,00476036,에프엔에스테크,083500,단일판매ㆍ공급계약체결(자율공시),2026-05-07,KOSDAQ,20400.0,20250.0,19670.0,21300.0,-0.007352941176470562,-0.03578431372549018,0.044117647058823595,
615065,20240719800172,00116824,동아쏘시오홀딩스,000640,단일판매ㆍ공급계약체결(자회사의 주요경영사항),2024-07-19,KOSPI,102460.0,102837.0,103591.0,105196.0,0.003679484676947009,0.01103845403084125,0.026703103650205007,
597895,20240814803571,00116824,동아쏘시오홀딩스,000640,단일판매ㆍ공급계약체결(자회사의 주요경영사항),2024-08-14,KOSPI,111517.0,114819.0,115102.0,118404.0,0.029609835271752205,0.03214756494525495,0.061757400217007374,
382885,20250613800050,00116824,동아쏘시오홀딩스,000640,단일판매ㆍ공급계약체결(자회사의 주요경영사항),2025-06-13,KOSPI,116157.0,115283.0,114506.0,115671.0,-0.0075242990090997885,-0.014213521354718206,-0.004183992355174415,
373404,20250702800237,00116824,동아쏘시오홀딩스,000640,단일판매ㆍ공급계약체결(자회사의 주요경영사항),2025-07-02,KOSPI,113632.0,117420.0,112952.0,118391.0,0.03333568009011545,-0.005984229794424145,0.04188080822303575,
269605,20260123800255,00116824,동아쏘시오홀딩스,000640,단일판매ㆍ공급계약체결(자회사의 주요경영사항),2026-01-23,KOSPI,104114.0,104697.0,106639.0,105571.0,0.005599631173521358,0.02425226194363872,0.013994275505695652,
102721,20260310800724,00116824,동아쏘시오홀딩스,000640,단일판매ㆍ공급계약체결(자회사의 주요경영사항),2026-03-10,KOSPI,104600.0,105700.0,104300.0,104000.0,0.010516252390057268,-0.002868068833651982,-0.005736137667303964,
95163,20260316800224,00116824,동아쏘시오홀딩스,000640,단일판매ㆍ공급계약체결(자회사의 주요경영사항),2026-03-16,KOSPI,103000.0,104000.0,103900.0,99400.0,0.009708737864077666,0.008737864077669855,-0.03495145631067964,
94508,20260316801066,00116824,동아쏘시오홀딩스,000640,단일판매ㆍ공급계약체결(자회사의 주요경영사항),2026-03-16,KOSPI,103000.0,104000.0,103900.0,99400.0,0.009708737864077666,0.008737864077669855,-0.03495145631067964,
26026,20260420800170,00116824,동아쏘시오홀딩스,000640,단일판매ㆍ공급계약체결(자회사의 주요경영사항),2026-04-20,KOSPI,97100.0,96400.0,96500.0,98600.0,-0.007209062821833201,-0.006179196704428458,0.015447991761071034,
615068,20240719900167,00871833,에스티팜,237690,단일판매ㆍ공급계약체결,2024-07-19,KOSDAQ,91000.0,89100.0,88500.0,93900.0,-0.020879120879120916,-0.027472527472527486,0.03186813186813198,
597899,20240814903546,00871833,에스티팜,237690,단일판매ㆍ공급계약체결,2024-08-14,KOSDAQ,89200.0,95000.0,100300.0,102500.0,0.06502242152466375,0.12443946188340815,0.14910313901345296,
269609,20260123900243,00871833,에스티팜,237690,단일판매ㆍ공급계약체결,2026-01-23,KOSDAQ,139600.0,149500.0,146500.0,159600.0,0.0709169054441261,0.04942693409742116,0.14326647564469908,
94529,20260316901006,00871833,에스티팜,237690,단일판매ㆍ공급계약체결,2026-03-16,KOSDAQ,155100.0,153400.0,155800.0,142500.0,-0.010960670535138606,0.004513217279174642,-0.0812379110251451,
615026,20240719900196,00965512,라온텍,418420,단일판매ㆍ공급계약체결,2024-07-19,KOSDAQ,4900.0,4690.0,4655.0,4250.0,-0.042857142857142816,-0.050000000000000044,-0.13265306122448983,
262439,20260204900420,00965512,라온텍,418420,단일판매ㆍ공급계약체결,2026-02-04,KOSDAQ,6300.0,6200.0,5840.0,5940.0,-0.015873015873015928,-0.07301587301587298,-0.05714285714285716,
615025,20240719900210,01368637,유일에너테크,340930,단일판매ㆍ공급계약체결,2024-07-19,KOSDAQ,1803.0,1689.0,1682.0,1642.0,-0.06322795341098175,-0.06711037160288413,-0.08929561841375488,
614892,20240719900344,00528791,제일엠앤에스,412540,단일판매ㆍ공급계약체결,2024-07-19,KOSDAQ,12080.0,12290.0,11850.0,11200.0,0.01738410596026485,-0.019039735099337762,-0.07284768211920534,
594701,20240823900524,00528791,제일엠앤에스,412540,단일판매ㆍ공급계약체결,2024-08-23,KOSDAQ,10250.0,10390.0,10640.0,11700.0,0.013658536585365866,0.03804878048780491,0.14146341463414625,
614528,20240722800037,00159616,두산에너빌리티,034020,단일판매ㆍ공급계약체결,2024-07-22,KOSPI,20200.0,19880.0,19820.0,18530.0,-0.015841584158415856,-0.01881188118811883,-0.08267326732673264,
481407,20250313800043,00159616,두산에너빌리티,034020,단일판매ㆍ공급계약체결,2025-03-13,KOSPI,25850.0,26750.0,25600.0,25500.0,0.03481624758220514,-0.009671179883945835,-0.013539651837524147,
481406,20250313800045,00159616,두산에너빌리티,034020,단일판매ㆍ공급계약체결,2025-03-13,KOSPI,25850.0,26750.0,25600.0,25500.0,0.03481624758220514,-0.009671179883945835,-0.013539651837524147,
479052,20250314800048,00159616,두산에너빌리티,034020,단일판매ㆍ공급계약체결,2025-03-14,KOSPI,26750.0,25600.0,25800.0,27000.0,-0.04299065420560744,-0.03551401869158877,0.009345794392523255,
385054,20250609800259,00159616,두산에너빌리티,034020,단일판매ㆍ공급계약체결,2025-06-09,KOSPI,47500.0,48000.0,51100.0,59600.0,0.010526315789473717,0.07578947368421063,0.25473684210526315,
346047,20250825800035,00159616,두산에너빌리티,034020,단일판매ㆍ공급계약체결,2025-08-25,KOSPI,65900.0,63300.0,63100.0,59600.0,-0.039453717754172946,-0.04248861911987856,-0.09559939301972686,
288491,20251216801147,00159616,두산에너빌리티,034020,단일판매ㆍ공급계약체결,2025-12-16,KOSPI,77300.0,75500.0,74500.0,77600.0,-0.023285899094437235,-0.036222509702457995,0.0038809831824062613,
288488,20251216801163,00159616,두산에너빌리티,034020,단일판매ㆍ공급계약체결,2025-12-16,KOSPI,77300.0,75500.0,74500.0,77600.0,-0.023285899094437235,-0.036222509702457995,0.0038809831824062613,
287535,20251217800425,00159616,두산에너빌리티,034020,단일판매ㆍ공급계약체결,2025-12-17,KOSPI,75500.0,74500.0,77400.0,75900.0,-0.013245033112582738,0.02516556291390737,0.005298013245033095,
279799,20251231800182,00159616,두산에너빌리티,034020,단일판매ㆍ공급계약체결,2025-12-31,KOSPI,75200.0,83200.0,85900.0,84200.0,0.1063829787234043,0.14228723404255317,0.11968085106382986,
104976,20260306801165,00159616,두산에너빌리티,034020,단일판매ㆍ공급계약체결,2026-03-06,KOSPI,98000.0,96200.0,102500.0,106500.0,-0.01836734693877551,0.04591836734693877,0.08673469387755106,
15422,20260506800911,00159616,두산에너빌리티,034020,단일판매ㆍ공급계약체결,2026-05-06,KOSPI,127000.0,136400.0,129600.0,120000.0,0.07401574803149602,0.020472440944881987,-0.055118110236220486,
124734,20260601801277,00159616,두산에너빌리티,034020,단일판매ㆍ공급계약체결,2026-06-01,KOSPI,106900.0,100000.0,99200.0,92300.0,-0.06454630495790459,-0.07202993451824136,-0.13657623947614594,
117511,20260615800697,00159616,두산에너빌리티,034020,단일판매ㆍ공급계약체결,2026-06-15,KOSPI,99800.0,103300.0,103200.0,94200.0,0.0350701402805611,0.03406813627254501,-0.05611222444889774,
614527,20240722800040,00117212,두산,000150,단일판매ㆍ공급계약체결(자회사의 주요경영사항),2024-07-22,KOSPI,194500.0,203500.0,195000.0,165900.0,0.046272493573264795,0.0025706940874035134,-0.1470437017994859,
481378,20250313800066,00117212,두산,000150,단일판매ㆍ공급계약체결(자회사의 주요경영사항),2025-03-13,KOSPI,331000.0,342000.0,338000.0,319000.0,0.0332326283987916,0.02114803625377637,-0.03625377643504535,
481377,20250313800067,00117212,두산,000150,단일판매ㆍ공급계약체결(자회사의 주요경영사항),2025-03-13,KOSPI,331000.0,342000.0,338000.0,319000.0,0.0332326283987916,0.02114803625377637,-0.03625377643504535,
479051,20250314800055,00117212,두산,000150,단일판매ㆍ공급계약체결(자회사의 주요경영사항),2025-03-14,KOSPI,342000.0,338000.0,343000.0,318000.0,-0.011695906432748537,0.0029239766081872176,-0.07017543859649122,
385047,20250609800281,00117212,두산,000150,단일판매ㆍ공급계약체결(자회사의 주요경영사항),2025-06-09,KOSPI,588000.0,581000.0,585000.0,599000.0,-0.011904761904761862,-0.005102040816326481,0.018707482993197244,
346044,20250825800041,00117212,두산,000150,단일판매ㆍ공급계약체결(자회사의 주요경영사항),2025-08-25,KOSPI,573000.0,562000.0,557000.0,533000.0,-0.01919720767888311,-0.027923211169284423,-0.06980802792321117,
614513,20240722900090,00872656,금양그린파워,282720,단일판매ㆍ공급계약체결,2024-07-22,KOSDAQ,12500.0,12570.0,12840.0,12900.0,0.005600000000000049,0.02719999999999989,0.03200000000000003,
614511,20240722900091,00872656,금양그린파워,282720,단일판매ㆍ공급계약체결,2024-07-22,KOSDAQ,12500.0,12570.0,12840.0,12900.0,0.005600000000000049,0.02719999999999989,0.03200000000000003,
568059,20241022900091,00872656,금양그린파워,282720,단일판매ㆍ공급계약체결,2024-10-22,KOSDAQ,10630.0,10510.0,10210.0,10410.0,-0.011288805268109159,-0.03951081843838189,-0.02069614299153344,
284619,20251223900268,00872656,금양그린파워,282720,단일판매ㆍ공급계약체결,2025-12-23,KOSDAQ,11650.0,11460.0,11170.0,11220.0,-0.016309012875536433,-0.04120171673819739,-0.036909871244635184,
15061,20260507900342,00872656,금양그린파워,282720,단일판매ㆍ공급계약체결,2026-05-07,KOSDAQ,15470.0,14420.0,13400.0,12980.0,-0.0678733031674208,-0.13380736910148672,-0.16095669036845506,
614494,20240722900176,01676642,사피엔반도체,452430,단일판매ㆍ공급계약체결,2024-07-22,KOSDAQ,19520.0,19200.0,18390.0,17620.0,-0.016393442622950838,-0.057889344262295084,-0.0973360655737705,
594385,20240826900104,01676642,사피엔반도체,452430,단일판매ㆍ공급계약체결,2024-08-26,KOSDAQ,13240.0,13190.0,12720.0,12680.0,-0.003776435045317217,-0.0392749244712991,-0.04229607250755285,
393341,20250527900425,01676642,사피엔반도체,452430,단일판매ㆍ공급계약체결,2025-05-27,KOSDAQ,22100.0,21950.0,22900.0,21750.0,-0.006787330316742057,0.03619909502262453,-0.015837104072398245,
321145,20251021900296,01676642,사피엔반도체,452430,단일판매ㆍ공급계약체결,2025-10-21,KOSDAQ,28900.0,29350.0,28850.0,32450.0,0.015570934256055269,-0.0017301038062284002,0.12283737024221453,
282963,20251224900873,01676642,사피엔반도체,452430,단일판매ㆍ공급계약체결,2025-12-24,KOSDAQ,33100.0,36000.0,36200.0,35600.0,0.08761329305135956,0.09365558912386707,0.07552870090634434,
46628,20260407900568,01676642,사피엔반도체,452430,단일판매ㆍ공급계약체결,2026-04-07,KOSDAQ,28850.0,33000.0,33000.0,32950.0,0.143847487001733,0.143847487001733,0.14211438474870008,
614470,20240722900246,00530556,예스티,122640,단일판매ㆍ공급계약체결(자율공시),2024-07-22,KOSDAQ,19010.0,19110.0,20700.0,20650.0,0.005260389268805898,0.08890057864281964,0.08627038400841669,
611352,20240729900248,00530556,예스티,122640,단일판매ㆍ공급계약체결,2024-07-29,KOSDAQ,20650.0,19310.0,19240.0,15600.0,-0.06489104116222766,-0.06828087167070218,-0.24455205811138014,
600852,20240814900873,00530556,예스티,122640,단일판매ㆍ공급계약체결(자율공시),2024-08-14,KOSDAQ,16050.0,16570.0,16220.0,15940.0,0.03239875389408109,0.010591900311526459,-0.006853582554517179,
552900,20241120900041,00530556,예스티,122640,단일판매ㆍ공급계약체결,2024-11-20,KOSDAQ,8950.0,8840.0,8930.0,8540.0,-0.012290502793296132,-0.0022346368715083775,-0.045810055865921795,
544776,20241202900170,00530556,예스티,122640,단일판매ㆍ공급계약체결,2024-12-02,KOSDAQ,8140.0,8600.0,8250.0,7880.0,0.05651105651105648,0.013513513513513598,-0.03194103194103193,
379244,20250623900191,00530556,예스티,122640,단일판매ㆍ공급계약체결(자율공시),2025-06-23,KOSDAQ,17280.0,16910.0,16870.0,16570.0,-0.02141203703703709,-0.02372685185185186,-0.04108796296296291,
297249,20251201900447,00530556,예스티,122640,단일판매ㆍ공급계약체결,2025-12-01,KOSDAQ,16440.0,16150.0,15750.0,18440.0,-0.017639902676399033,-0.041970802919708006,0.12165450121654509,
279126,20260102900223,00530556,예스티,122640,단일판매ㆍ공급계약체결(자율공시),2026-01-02,KOSDAQ,18550.0,18880.0,18730.0,19060.0,0.017789757412398854,0.009703504043126587,0.027493261455525664,
104224,20260309900413,00530556,예스티,122640,단일판매ㆍ공급계약체결(자율공시),2026-03-09,KOSDAQ,21900.0,23400.0,24000.0,25150.0,0.06849315068493156,0.09589041095890405,0.14840182648401834,
2599,20260526900275,00530556,예스티,122640,단일판매ㆍ공급계약체결(자율공시),2026-05-26,KOSDAQ,32100.0,30000.0,28000.0,25350.0,-0.06542056074766356,-0.12772585669781933,-0.21028037383177567,
125930,20260601900517,00530556,예스티,122640,단일판매ㆍ공급계약체결,2026-06-01,KOSDAQ,26400.0,25350.0,26900.0,25800.0,-0.03977272727272729,0.018939393939394034,-0.022727272727272707,
123241,20260604900170,00530556,예스티,122640,단일판매ㆍ공급계약체결,2026-06-04,KOSDAQ,26900.0,25550.0,22800.0,27550.0,-0.05018587360594795,-0.15241635687732347,0.024163568773234223,
614058,20240723800123,00159500,한국종합기술,023350,단일판매ㆍ공급계약체결,2024-07-23,KOSPI,5380.0,5340.0,5290.0,5420.0,-0.0074349442379182396,-0.016728624535315983,0.0074349442379182396,
571820,20241011800120,00159500,한국종합기술,023350,단일판매ㆍ공급계약체결,2024-10-11,KOSPI,4480.0,4490.0,4520.0,4420.0,0.0022321428571427937,0.008928571428571397,-0.013392857142857095,
552159,20241121800230,00159500,한국종합기술,023350,단일판매ㆍ공급계약체결,2024-11-21,KOSPI,4405.0,4330.0,4465.0,4385.0,-0.017026106696935273,0.013620885357548351,-0.004540295119182747,
329022,20250926800326,00159500,한국종합기술,023350,단일판매ㆍ공급계약체결,2025-09-26,KOSPI,4730.0,4795.0,4735.0,4715.0,0.01374207188160681,0.0010570824524311906,-0.003171247357293905,
301155,20251127800438,00159500,한국종합기술,023350,단일판매ㆍ공급계약체결,2025-11-27,KOSPI,4580.0,4665.0,4550.0,4735.0,0.018558951965065518,-0.0065502183406113135,0.033842794759825434,
285374,20251222800397,00159500,한국종합기술,023350,단일판매ㆍ공급계약체결,2025-12-22,KOSPI,4880.0,4850.0,4795.0,4810.0,-0.006147540983606592,-0.01741803278688525,-0.014344262295082011,
108043,20260304800916,00159500,한국종합기술,023350,단일판매ㆍ공급계약체결,2026-03-04,KOSPI,4220.0,4390.0,4465.0,4350.0,0.04028436018957349,0.05805687203791465,0.0308056872037914,
77151,20260327801491,00159500,한국종합기술,023350,단일판매ㆍ공급계약체결,2026-03-27,KOSPI,4690.0,4670.0,4595.0,4675.0,-0.004264392324093813,-0.02025586353944564,-0.0031982942430703876,
613931,20240723800243,00350312,HDC랩스,039570,단일판매ㆍ공급계약체결,2024-07-23,KOSPI,8380.0,8350.0,8330.0,8430.0,-0.0035799522673031214,-0.005966587112171795,0.005966587112171906,
520259,20250121800213,00350312,HDC랩스,039570,단일판매ㆍ공급계약체결,2025-01-21,KOSPI,8180.0,8050.0,8010.0,8030.0,-0.0158924205378973,-0.020782396088019572,-0.01833740831295838,
415722,20250415800423,00350312,HDC랩스,039570,단일판매ㆍ공급계약체결,2025-04-15,KOSPI,8230.0,8310.0,8440.0,8720.0,0.009720534629404698,0.025516403402187082,0.05953827460510319,
378028,20250625800245,00350312,HDC랩스,039570,단일판매ㆍ공급계약체결,2025-06-25,KOSPI,9560.0,9370.0,9200.0,9840.0,-0.01987447698744771,-0.03765690376569042,0.029288702928870203,
94729,20260316800735,00350312,HDC랩스,039570,단일판매ㆍ공급계약체결,2026-03-16,KOSPI,8630.0,8530.0,8530.0,8490.0,-0.011587485515643148,-0.011587485515643148,-0.016222479721900385,
613759,20240723900473,00105466,KCC건설,021320,단일판매ㆍ공급계약체결(자율공시),2024-07-23,KOSDAQ,4545.0,4500.0,4450.0,4570.0,-0.00990099009900991,-0.020902090209020896,0.005500550055005604,
596639,20240820900284,00105466,KCC건설,021320,단일판매ㆍ공급계약체결(자율공시),2024-08-20,KOSDAQ,4480.0,4725.0,4780.0,4895.0,0.0546875,0.06696428571428581,0.0926339285714286,
586746,20240903900165,00105466,KCC건설,021320,단일판매ㆍ공급계약체결,2024-09-03,KOSDAQ,4725.0,4530.0,4500.0,4380.0,-0.041269841269841234,-0.04761904761904767,-0.07301587301587298,
583795,20240910900124,00105466,KCC건설,021320,단일판매ㆍ공급계약체결(자율공시),2024-09-10,KOSDAQ,4380.0,4345.0,4390.0,4460.0,-0.007990867579908634,0.0022831050228311334,0.0182648401826484,
563125,20241031900668,00105466,KCC건설,021320,단일판매ㆍ공급계약체결,2024-10-31,KOSDAQ,4325.0,4265.0,4245.0,4240.0,-0.01387283236994219,-0.018497109826589586,-0.01965317919075149,
476549,20250317900274,00105466,KCC건설,021320,단일판매ㆍ공급계약체결(자율공시),2025-03-17,KOSDAQ,3980.0,3990.0,3960.0,3990.0,0.002512562814070307,-0.005025125628140725,0.002512562814070307,
467879,20250324900203,00105466,KCC건설,021320,단일판매ㆍ공급계약체결(자율공시),2025-03-24,KOSDAQ,3990.0,3955.0,3975.0,3900.0,-0.00877192982456143,-0.003759398496240629,-0.022556390977443663,
403068,20250512900272,00105466,KCC건설,021320,단일판매ㆍ공급계약체결,2025-05-12,KOSDAQ,4490.0,4580.0,4510.0,4630.0,0.020044543429844186,0.00445434298440972,0.031180400890868487,
317649,20251029900341,00105466,KCC건설,021320,단일판매ㆍ공급계약체결(자율공시),2025-10-29,KOSDAQ,4830.0,4795.0,4780.0,4810.0,-0.007246376811594235,-0.010351966873705987,-0.0041407867494823725,
316167,20251031900241,00105466,KCC건설,021320,단일판매ㆍ공급계약체결,2025-10-31,KOSDAQ,4780.0,4720.0,4740.0,4695.0,-0.012552301255230103,-0.008368200836820106,-0.01778242677824271,
271304,20260120900283,00105466,KCC건설,021320,단일판매ㆍ공급계약체결(자율공시),2026-01-20,KOSDAQ,5630.0,5520.0,5570.0,5500.0,-0.019538188277087087,-0.010657193605683846,-0.023090586145648295,
83369,20260324901090,00105466,KCC건설,021320,단일판매ㆍ공급계약체결(자율공시),2026-03-24,KOSDAQ,6660.0,6920.0,6580.0,6300.0,0.039039039039038936,-0.012012012012011963,-0.05405405405405406,
58866,20260402900815,00105466,KCC건설,021320,단일판매ㆍ공급계약체결,2026-04-02,KOSDAQ,6290.0,6500.0,6480.0,6980.0,0.03338632750397452,0.030206677265500748,0.10969793322734489,
42891,20260408900887,00105466,KCC건설,021320,단일판매ㆍ공급계약체결,2026-04-08,KOSDAQ,7100.0,6980.0,7010.0,7270.0,-0.016901408450704203,-0.012676056338028152,0.023943661971830954,
29615,20260414900446,00105466,KCC건설,021320,단일판매ㆍ공급계약체결,2026-04-14,KOSDAQ,7110.0,7270.0,7220.0,7420.0,0.02250351617440227,0.015471167369901506,0.043600562587904346,
21043,20260428900221,00105466,KCC건설,021320,단일판매ㆍ공급계약체결,2026-04-28,KOSDAQ,7340.0,7430.0,7110.0,7310.0,0.012261580381471404,-0.03133514986376018,-0.004087193460490468,
11516,20260513900468,00105466,KCC건설,021320,단일판매ㆍ공급계약체결(자율공시),2026-05-13,KOSDAQ,6640.0,6750.0,6490.0,5890.0,0.016566265060240948,-0.02259036144578308,-0.11295180722891562,
126772,20260529902075,00105466,KCC건설,021320,단일판매ㆍ공급계약체결(자율공시),2026-05-29,KOSDAQ,5310.0,5050.0,4970.0,4725.0,-0.048964218455743835,-0.064030131826742,-0.11016949152542377,
118435,20260612900603,00105466,KCC건설,021320,단일판매ㆍ공급계약체결,2026-06-12,KOSDAQ,5090.0,5270.0,5400.0,5010.0,0.035363457760314354,0.06090373280943018,-0.015717092337917515,
613725,20240723900497,00660459,나노씨엠에스,247660,단일판매ㆍ공급계약체결,2024-07-23,KOSDAQ,9610.0,9490.0,9500.0,11680.0,-0.012486992715920908,-0.01144640998959412,0.2154006243496358,
503004,20250218900748,00660459,나노씨엠에스,247660,단일판매ㆍ공급계약체결,2025-02-18,KOSDAQ,6090.0,6090.0,6120.0,6320.0,0.0,0.0049261083743843415,0.03776683087027921,
487665,20250307900160,00660459,나노씨엠에스,247660,단일판매ㆍ공급계약체결,2025-03-07,KOSDAQ,6040.0,6020.0,5920.0,5850.0,-0.0033112582781457123,-0.019867549668874163,-0.0314569536423841,
383644,20250611900689,00660459,나노씨엠에스,247660,단일판매ㆍ공급계약체결,2025-06-11,KOSDAQ,5770.0,5800.0,5750.0,5650.0,0.005199306759098743,-0.0034662045060658286,-0.020797227036395194,
346352,20250822900254,00660459,나노씨엠에스,247660,단일판매ㆍ공급계약체결,2025-08-22,KOSDAQ,4870.0,4865.0,4960.0,4945.0,-0.0010266940451745254,0.01848049281314168,0.015400410677617993,
283139,20251224900466,00660459,나노씨엠에스,247660,단일판매ㆍ공급계약체결,2025-12-24,KOSDAQ,5130.0,5390.0,5230.0,4995.0,0.050682261208577106,0.01949317738791434,-0.02631578947368418,
267198,20260128900685,00660459,나노씨엠에스,247660,단일판매ㆍ공급계약체결,2026-01-28,KOSDAQ,5220.0,5020.0,5080.0,5010.0,-0.03831417624521072,-0.026819923371647514,-0.04022988505747127,
81528,20260325901216,00660459,나노씨엠에스,247660,단일판매ㆍ공급계약체결,2026-03-25,KOSDAQ,4290.0,4390.0,4520.0,5060.0,0.02331002331002341,0.053613053613053685,0.17948717948717952,
613574,20240724900089,01140837,이지트로닉스,377330,단일판매ㆍ공급계약체결,2024-07-24,KOSDAQ,5740.0,5920.0,5820.0,6150.0,0.03135888501742157,0.013937282229965264,0.0714285714285714,
613543,20240724900135,01685251,컨텍,451760,단일판매ㆍ공급계약체결,2024-07-24,KOSDAQ,12530.0,11840.0,11610.0,10820.0,-0.055067837190742264,-0.07342378292098961,-0.13647246608140462,
612781,20240725900304,01685251,컨텍,451760,단일판매ㆍ공급계약체결(자율공시),2024-07-25,KOSDAQ,11840.0,11610.0,11430.0,11000.0,-0.019425675675675658,-0.0346283783783784,-0.07094594594594594,
611626,20240726900812,01685251,컨텍,451760,단일판매ㆍ공급계약체결,2024-07-26,KOSDAQ,11610.0,11430.0,11110.0,10170.0,-0.015503875968992276,-0.04306632213608963,-0.12403100775193798,
573923,20241007900221,01685251,컨텍,451760,단일판매ㆍ공급계약체결,2024-10-07,KOSDAQ,11100.0,11030.0,10560.0,10110.0,-0.006306306306306353,-0.048648648648648596,-0.08918918918918917,
561328,20241106900068,01685251,컨텍,451760,단일판매ㆍ공급계약체결,2024-11-06,KOSDAQ,10860.0,12440.0,11730.0,11150.0,0.14548802946592998,0.08011049723756902,0.026703499079189674,
527700,20250102900196,01685251,컨텍,451760,단일판매ㆍ공급계약체결(자율공시),2025-01-02,KOSDAQ,10490.0,10300.0,11190.0,10570.0,-0.018112488083889433,0.06673021925643474,0.007626310772163913,
490880,20250304900253,01685251,컨텍,451760,단일판매ㆍ공급계약체결,2025-03-04,KOSDAQ,11030.0,11160.0,11340.0,11180.0,0.011786038077969074,0.02810516772438798,0.013599274705349051,
486209,20250310900160,01685251,컨텍,451760,단일판매ㆍ공급계약체결,2025-03-10,KOSDAQ,11460.0,11180.0,11010.0,10980.0,-0.024432809773123898,-0.03926701570680624,-0.041884816753926746,
303897,20251121900659,01685251,컨텍,451760,단일판매ㆍ공급계약체결(자율공시),2025-11-21,KOSDAQ,8470.0,8350.0,8290.0,7940.0,-0.01416765053128688,-0.02125147579693032,-0.06257378984651707,
294008,20251209900113,01685251,컨텍,451760,단일판매ㆍ공급계약체결(자율공시),2025-12-09,KOSDAQ,7990.0,8030.0,8180.0,8890.0,0.005006257822277815,0.02377972465581979,0.11264080100125162,
293398,20251210900207,01685251,컨텍,451760,단일판매ㆍ공급계약체결(자율공시),2025-12-10,KOSDAQ,8030.0,8180.0,8620.0,8640.0,0.018679950186799577,0.07347447073474478,0.07596513075965139,
292567,20251211900285,01685251,컨텍,451760,단일판매ㆍ공급계약체결,2025-12-11,KOSDAQ,8180.0,8620.0,9450.0,9110.0,0.05378973105134466,0.15525672371638133,0.1136919315403424,
273226,20260114900175,01685251,컨텍,451760,단일판매ㆍ공급계약체결,2026-01-14,KOSDAQ,13720.0,14820.0,14000.0,18100.0,0.08017492711370267,0.020408163265306145,0.3192419825072885,
613532,20240724900153,01476219,코스텍시스,355150,단일판매ㆍ공급계약체결,2024-07-24,KOSDAQ,12160.0,11650.0,11300.0,12000.0,-0.04194078947368418,-0.07072368421052633,-0.013157894736842146,
578298,20240925900212,01476219,코스텍시스,355150,단일판매ㆍ공급계약체결,2024-09-25,KOSDAQ,8840.0,8720.0,8710.0,8480.0,-0.013574660633484115,-0.014705882352941124,-0.040723981900452455,
575833,20240930900249,01476219,코스텍시스,355150,단일판매ㆍ공급계약체결,2024-09-30,KOSDAQ,8600.0,8700.0,8480.0,8350.0,0.011627906976744207,-0.013953488372092981,-0.029069767441860517,
564429,20241030900101,01476219,코스텍시스,355150,단일판매ㆍ공급계약체결,2024-10-30,KOSDAQ,7290.0,7560.0,7460.0,7450.0,0.03703703703703698,0.023319615912208436,0.021947873799725626,
530109,20241227900144,01476219,코스텍시스,355150,단일판매ㆍ공급계약체결,2024-12-27,KOSDAQ,4720.0,5080.0,5080.0,5350.0,0.07627118644067798,0.07627118644067798,0.13347457627118642,
510562,20250211900258,01476219,코스텍시스,355150,단일판매ㆍ공급계약체결,2025-02-11,KOSDAQ,4980.0,4870.0,4900.0,5260.0,-0.02208835341365467,-0.016064257028112428,0.05622489959839361,
371393,20250708900081,01476219,코스텍시스,355150,단일판매ㆍ공급계약체결,2025-07-08,KOSDAQ,9920.0,9500.0,9400.0,11270.0,-0.04233870967741937,-0.05241935483870963,0.13608870967741926,
330743,20250924900066,01476219,코스텍시스,355150,단일판매ㆍ공급계약체결,2025-09-24,KOSDAQ,12750.0,12250.0,11990.0,11910.0,-0.039215686274509776,-0.05960784313725487,-0.0658823529411765,
302322,20251126900081,01476219,코스텍시스,355150,단일판매ㆍ공급계약체결,2025-11-26,KOSDAQ,12350.0,14090.0,14060.0,13950.0,0.14089068825910922,0.1384615384615384,0.12955465587044523,
283251,20251224900475,01476219,코스텍시스,355150,단일판매ㆍ공급계약체결,2025-12-24,KOSDAQ,12510.0,12140.0,13300.0,13470.0,-0.029576338928856916,0.06314948041566737,0.0767386091127098,
613195,20240724900577,00347716,중앙첨단소재,051980,단일판매ㆍ공급계약체결,2024-07-24,KOSDAQ,11890.0,11300.0,11750.0,13080.0,-0.04962153069806563,-0.011774600504625754,0.1000841042893188,
367262,20250717900469,00347716,중앙첨단소재,051980,단일판매ㆍ공급계약체결,2025-07-17,KOSDAQ,2105.0,2290.0,2810.0,3590.0,0.0878859857482186,0.334916864608076,0.7054631828978621,
120612,20260609900839,00347716,중앙첨단소재,051980,단일판매ㆍ공급계약체결,2026-06-09,KOSDAQ,1312.0,1300.0,1360.0,1379.0,-0.009146341463414642,0.03658536585365857,0.05106707317073167,
612985,20240725900022,01472930,오브젠,417860,단일판매ㆍ공급계약체결,2024-07-25,KOSDAQ,10050.0,9480.0,12320.0,15620.0,-0.05671641791044779,0.22587064676616908,0.554228855721393,
612777,20240725900312,01472930,오브젠,417860,단일판매ㆍ공급계약체결(자율공시),2024-07-25,KOSDAQ,10050.0,9480.0,12320.0,15620.0,-0.05671641791044779,0.22587064676616908,0.554228855721393,
585011,20240906900123,01472930,오브젠,417860,단일판매ㆍ공급계약체결,2024-09-06,KOSDAQ,9990.0,10000.0,9910.0,10200.0,0.0010010010010010895,-0.00800800800800805,0.021021021021021102,
571786,20241011900163,01472930,오브젠,417860,단일판매ㆍ공급계약체결(자율공시),2024-10-11,KOSDAQ,10350.0,10140.0,10120.0,9860.0,-0.020289855072463725,-0.022222222222222254,-0.047342995169082136,
490306,20250304900951,01472930,오브젠,417860,단일판매ㆍ공급계약체결,2025-03-04,KOSDAQ,8360.0,8750.0,8470.0,8400.0,0.046650717703349276,0.013157894736842035,0.004784688995215225,
293297,20251210900328,01472930,오브젠,417860,단일판매ㆍ공급계약체결,2025-12-10,KOSDAQ,12600.0,12400.0,12480.0,12220.0,-0.015873015873015928,-0.00952380952380949,-0.030158730158730163,
105572,20260306900451,01472930,오브젠,417860,단일판매ㆍ공급계약체결,2026-03-06,KOSDAQ,9490.0,8540.0,8520.0,9200.0,-0.10010537407797682,-0.10221285563751314,-0.030558482613277094,
612829,20240725900242,00449254,쎄트렉아이,099320,단일판매ㆍ공급계약체결,2024-07-25,KOSDAQ,48550.0,47650.0,48900.0,42900.0,-0.018537590113285263,0.00720906282183309,-0.11637487126673529,
254402,20260212900347,00449254,쎄트렉아이,099320,단일판매ㆍ공급계약체결,2026-02-12,KOSDAQ,178800.0,190500.0,182400.0,169100.0,0.06543624161073835,0.020134228187919545,-0.05425055928411637,
612792,20240725900275,00624509,디바이스,187870,단일판매ㆍ공급계약체결,2024-07-25,KOSDAQ,7750.0,7801.0,7693.0,7596.0,0.0065806451612904215,-0.007354838709677458,-0.01987096774193553,
582908,20240911900186,00624509,디바이스,187870,단일판매ㆍ공급계약체결,2024-09-11,KOSDAQ,7377.0,7617.0,7673.0,7719.0,0.032533550223668106,0.040124711942524094,0.046360309068727235,
337670,20250905900105,00624509,디바이스,187870,단일판매ㆍ공급계약체결,2025-09-05,KOSDAQ,5792.0,5853.0,5802.0,6022.0,0.010531767955801019,0.0017265193370166187,0.03970994475138112,
293784,20251209900357,00624509,디바이스,187870,단일판매ㆍ공급계약체결(자율공시),2025-12-09,KOSDAQ,7601.0,7515.0,7407.0,7264.0,-0.011314300749901363,-0.025522957505591415,-0.04433627154321795,
261482,20260205900385,00624509,디바이스,187870,단일판매ㆍ공급계약체결,2026-02-05,KOSDAQ,8430.0,9253.0,10684.0,10889.0,0.09762752075919345,0.26737841043890875,0.2916963226571767,
257077,20260210900448,00624509,디바이스,187870,단일판매ㆍ공급계약체결(자율공시),2026-02-10,KOSDAQ,11502.0,11758.0,10889.0,9825.0,0.02225699878282028,-0.053295079116675415,-0.14580073030777252,
103121,20260310900370,00624509,디바이스,187870,단일판매ㆍ공급계약체결(자율공시),2026-03-10,KOSDAQ,9375.0,9386.0,9355.0,9432.0,0.0011733333333332485,-0.0021333333333333204,0.006080000000000085,
38209,20260410900162,00624509,디바이스,187870,단일판매ㆍ공급계약체결(자율공시),2026-04-10,KOSDAQ,14160.0,15081.0,14825.0,19017.0,0.06504237288135584,0.046963276836158085,0.34300847457627115,
563,20260527900259,00624509,디바이스,187870,단일판매ㆍ공급계약체결,2026-05-27,KOSDAQ,25700.0,24950.0,25950.0,23950.0,-0.029182879377431914,0.009727626459143934,-0.06809338521400776,
612203,20240726800152,00160232,KSS해운,044450,단일판매ㆍ공급계약체결,2024-07-26,KOSPI,8250.0,8360.0,8350.0,8320.0,0.01333333333333342,0.0121212121212122,0.00848484848484854,
529664,20241227800607,00160232,KSS해운,044450,단일판매ㆍ공급계약체결(자율공시),2024-12-27,KOSPI,8550.0,8760.0,8580.0,8680.0,0.024561403508772006,0.0035087719298245723,0.015204678362572999,
495986,20250227800123,00160232,KSS해운,044450,단일판매ㆍ공급계약체결,2025-02-27,KOSPI,9000.0,8900.0,8910.0,9190.0,-0.011111111111111072,-0.010000000000000009,0.02111111111111108,
463122,20250327800308,00160232,KSS해운,044450,단일판매ㆍ공급계약체결,2025-03-27,KOSPI,8670.0,8630.0,8570.0,8590.0,-0.0046136101499423265,-0.011534025374855816,-0.009227220299884653,
401807,20250514800177,00160232,KSS해운,044450,단일판매ㆍ공급계약체결,2025-05-14,KOSPI,9070.0,9400.0,9400.0,9530.0,0.036383682469680156,0.036383682469680156,0.05071664829106948,
376343,20250627800188,00160232,KSS해운,044450,단일판매ㆍ공급계약체결,2025-06-27,KOSPI,9510.0,9510.0,9670.0,9930.0,0.0,0.016824395373291168,0.04416403785488954,
326501,20251001800239,00160232,KSS해운,044450,단일판매ㆍ공급계약체결,2025-10-01,KOSPI,9440.0,9380.0,9080.0,9210.0,-0.006355932203389814,-0.03813559322033899,-0.024364406779661008,
265646,20260130800139,00160232,KSS해운,044450,단일판매ㆍ공급계약체결,2026-01-30,KOSPI,9700.0,9450.0,9670.0,10050.0,-0.02577319587628868,-0.003092783505154628,0.03608247422680422,
265639,20260130800145,00160232,KSS해운,044450,단일판매ㆍ공급계약체결,2026-01-30,KOSPI,9700.0,9450.0,9670.0,10050.0,-0.02577319587628868,-0.003092783505154628,0.03608247422680422,
265632,20260130800148,00160232,KSS해운,044450,단일판매ㆍ공급계약체결,2026-01-30,KOSPI,9700.0,9450.0,9670.0,10050.0,-0.02577319587628868,-0.003092783505154628,0.03608247422680422,
265624,20260130800152,00160232,KSS해운,044450,단일판매ㆍ공급계약체결,2026-01-30,KOSPI,9700.0,9450.0,9670.0,10050.0,-0.02577319587628868,-0.003092783505154628,0.03608247422680422,
265623,20260130800160,00160232,KSS해운,044450,단일판매ㆍ공급계약체결,2026-01-30,KOSPI,9700.0,9450.0,9670.0,10050.0,-0.02577319587628868,-0.003092783505154628,0.03608247422680422,
265622,20260130800165,00160232,KSS해운,044450,단일판매ㆍ공급계약체결,2026-01-30,KOSPI,9700.0,9450.0,9670.0,10050.0,-0.02577319587628868,-0.003092783505154628,0.03608247422680422,
265621,20260130800170,00160232,KSS해운,044450,단일판매ㆍ공급계약체결,2026-01-30,KOSPI,9700.0,9450.0,9670.0,10050.0,-0.02577319587628868,-0.003092783505154628,0.03608247422680422,
17801,20260430800860,00160232,KSS해운,044450,단일판매ㆍ공급계약체결,2026-04-30,KOSPI,12820.0,12760.0,12270.0,11870.0,-0.004680187207488307,-0.04290171606864279,-0.07410296411856476,
17773,20260430800873,00160232,KSS해운,044450,단일판매ㆍ공급계약체결,2026-04-30,KOSPI,12820.0,12760.0,12270.0,11870.0,-0.004680187207488307,-0.04290171606864279,-0.07410296411856476,
17758,20260430800893,00160232,KSS해운,044450,단일판매ㆍ공급계약체결,2026-04-30,KOSPI,12820.0,12760.0,12270.0,11870.0,-0.004680187207488307,-0.04290171606864279,-0.07410296411856476,
612220,20240726900128,01016479,오로스테크놀로지,322310,단일판매ㆍ공급계약체결,2024-07-26,KOSDAQ,23150.0,22850.0,21850.0,20600.0,-0.01295896328293733,-0.056155507559395246,-0.11015118790496758,
512910,20250207900177,01016479,오로스테크놀로지,322310,단일판매ㆍ공급계약체결,2025-02-07,KOSDAQ,22300.0,20850.0,20350.0,24350.0,-0.06502242152466364,-0.08744394618834084,0.09192825112107617,
611605,20240726900824,00220622,서호전기,065710,단일판매ㆍ공급계약체결,2024-07-26,KOSDAQ,19530.0,19600.0,19600.0,19510.0,0.0035842293906809264,0.0035842293906809264,-0.0010240655401945187,
585285,20240905900456,00220622,서호전기,065710,단일판매ㆍ공급계약체결,2024-09-05,KOSDAQ,19300.0,19300.0,19300.0,19430.0,0.0,0.0,0.006735751295336767,
584055,20240909900397,00220622,서호전기,065710,단일판매ㆍ공급계약체결,2024-09-09,KOSDAQ,19300.0,19390.0,19240.0,19610.0,0.004663212435233266,-0.0031088082901554737,0.016062176165803077,
481192,20250313900312,00220622,서호전기,065710,단일판매ㆍ공급계약체결,2025-03-13,KOSDAQ,22550.0,23050.0,23550.0,23650.0,0.022172949002217335,0.04434589800443467,0.04878048780487809,
333753,20250916900102,00220622,서호전기,065710,단일판매ㆍ공급계약체결,2025-09-16,KOSDAQ,43550.0,42400.0,42950.0,42450.0,-0.02640642939150406,-0.013777267508610747,-0.025258323765786406,
113204,20260624900828,00220622,서호전기,065710,단일판매ㆍ공급계약체결,2026-06-24,KOSDAQ,44050.0,47750.0,47750.0,,0.08399545970488087,0.08399545970488087,,
611485,20240729800081,01194689,HD현대마린솔루션,443060,단일판매ㆍ공급계약체결,2024-07-29,KOSPI,142300.0,133700.0,135500.0,112100.0,-0.06043569922698522,-0.047786366830639526,-0.21222768798313418,
611217,20240729800421,00160205,한국내화,010040,단일판매ㆍ공급계약체결,2024-07-29,KOSPI,2555.0,2520.0,2595.0,2190.0,-0.013698630136986356,0.015655577299412915,-0.1428571428571429,
611508,20240729900001,00526872,이수앱지스,086890,단일판매ㆍ공급계약체결,2024-07-29,KOSDAQ,6970.0,6920.0,6850.0,5800.0,-0.00717360114777621,-0.017216642754662836,-0.16786226685796268,
611490,20240729900077,01109539,와이씨,232140,단일판매ㆍ공급계약체결,2024-07-29,KOSDAQ,18260.0,16500.0,18690.0,13730.0,-0.09638554216867468,0.023548740416210245,-0.24808324205914567,
464863,20250326900718,01109539,와이씨,232140,단일판매ㆍ공급계약체결,2025-03-26,KOSDAQ,12350.0,11860.0,11350.0,10920.0,-0.03967611336032384,-0.08097165991902833,-0.11578947368421055,
396401,20250520900216,01109539,와이씨,232140,단일판매ㆍ공급계약체결(자율공시),2025-05-20,KOSDAQ,9760.0,9760.0,9400.0,9360.0,0.0,-0.03688524590163933,-0.040983606557377095,
381038,20250618900293,01109539,와이씨,232140,단일판매ㆍ공급계약체결,2025-06-18,KOSDAQ,10500.0,10220.0,10170.0,10330.0,-0.026666666666666616,-0.03142857142857147,-0.0161904761904762,
286202,20251219900211,01109539,와이씨,232140,단일판매ㆍ공급계약체결,2025-12-19,KOSDAQ,13790.0,14060.0,13940.0,14590.0,0.019579405366207503,0.010877447425670761,0.058013052936910725,
108078,20260304900875,01109539,와이씨,232140,단일판매ㆍ공급계약체결,2026-03-04,KOSDAQ,17700.0,20600.0,22100.0,20600.0,0.16384180790960445,0.24858757062146886,0.16384180790960445,
33640,20260413900196,01109539,와이씨,232140,단일판매ㆍ공급계약체결,2026-04-13,KOSDAQ,19290.0,19580.0,19990.0,20500.0,0.015033696215655867,0.03628823224468647,0.0627268014515292,
126164,20260601900410,01109539,와이씨,232140,단일판매ㆍ공급계약체결,2026-06-01,KOSDAQ,15870.0,15290.0,15990.0,14550.0,-0.036546943919344654,0.007561436672967936,-0.08317580340264652,
611461,20240729900120,01030503,우진엔텍,457550,단일판매ㆍ공급계약체결,2024-07-29,KOSDAQ,22650.0,22150.0,22050.0,16200.0,-0.02207505518763797,-0.026490066225165587,-0.2847682119205298,
611459,20240729900123,00601191,하나기술,299030,단일판매ㆍ공급계약체결,2024-07-29,KOSDAQ,32350.0,30800.0,31450.0,25450.0,-0.04791344667697062,-0.02782071097372485,-0.21329211746522414,
610988,20240730900137,00601191,하나기술,299030,단일판매ㆍ공급계약체결,2024-07-30,KOSDAQ,30800.0,31450.0,32300.0,27750.0,0.02110389610389607,0.04870129870129869,-0.09902597402597402,
462842,20250327900674,00601191,하나기술,299030,단일판매ㆍ공급계약체결,2025-03-27,KOSDAQ,23050.0,20800.0,19900.0,18950.0,-0.0976138828633406,-0.1366594360086768,-0.1778741865509761,
295053,20251205900207,00601191,하나기술,299030,단일판매ㆍ공급계약체결,2025-12-05,KOSDAQ,31400.0,32700.0,33600.0,35400.0,0.04140127388535042,0.07006369426751591,0.1273885350318471,
284588,20251223900299,00601191,하나기술,299030,단일판매ㆍ공급계약체결,2025-12-23,KOSDAQ,34100.0,29650.0,28100.0,25300.0,-0.13049853372434017,-0.17595307917888559,-0.25806451612903225,
120878,20260609900451,00601191,하나기술,299030,단일판매ㆍ공급계약체결,2026-06-09,KOSDAQ,17130.0,17950.0,17470.0,18590.0,0.047869235259778264,0.019848219497956787,0.08523058960887342,
611172,20240729900595,00256502,에이텍,045660,단일판매ㆍ공급계약체결,2024-07-29,KOSDAQ,15820.0,15450.0,15200.0,13160.0,-0.023388116308470264,-0.039190897597977226,-0.16814159292035402,
316464,20251030900795,00256502,에이텍,045660,단일판매ㆍ공급계약체결,2025-10-30,KOSDAQ,11070.0,11120.0,10890.0,10590.0,0.004516711833784992,-0.016260162601625994,-0.04336043360433606,
92017,20260317901170,00256502,에이텍,045660,단일판매ㆍ공급계약체결,2026-03-17,KOSDAQ,9520.0,9830.0,9600.0,9510.0,0.03256302521008414,0.008403361344537785,-0.0010504201680672232,
610922,20240730900216,00364467,드림어스컴퍼니,060570,단일판매ㆍ공급계약체결,2024-07-30,KOSDAQ,2350.0,2305.0,2345.0,1915.0,-0.019148936170212738,-0.0021276595744680327,-0.1851063829787234,
460267,20250328901464,00364467,드림어스컴퍼니,060570,단일판매ㆍ공급계약체결(자율공시),2025-03-28,KOSDAQ,1629.0,1519.0,1570.0,1520.0,-0.06752608962553719,-0.03621853898096994,-0.06691221608348685,
339328,20250901900691,00364467,드림어스컴퍼니,060570,단일판매ㆍ공급계약체결(자율공시),2025-09-01,KOSDAQ,1784.0,1740.0,1778.0,1825.0,-0.024663677130044803,-0.0033632286995515237,0.02298206278026904,
78082,20260327900355,00364467,드림어스컴퍼니,060570,단일판매ㆍ공급계약체결(자율공시),2026-03-27,KOSDAQ,1294.0,1262.0,1220.0,1251.0,-0.02472952086553326,-0.057187017001545604,-0.033230293663060295,
610866,20240730900289,00442570,제우스,079370,단일판매ㆍ공급계약체결,2024-07-30,KOSDAQ,13500.0,14620.0,14650.0,11690.0,0.0829629629629629,0.08518518518518525,-0.13407407407407412,
609621,20240731800710,00366438,산일전기,062040,단일판매ㆍ공급계약체결,2024-07-31,KOSPI,50300.0,52100.0,52800.0,49800.0,0.035785288270377746,0.0497017892644136,-0.00994035785288272,
561422,20241105800548,00366438,산일전기,062040,단일판매ㆍ공급계약체결,2024-11-05,KOSPI,46500.0,54300.0,55200.0,61200.0,0.16774193548387095,0.1870967741935483,0.31612903225806455,
560127,20241108800271,00366438,산일전기,062040,단일판매ㆍ공급계약체결,2024-11-08,KOSPI,62500.0,61700.0,61200.0,63100.0,-0.012800000000000034,-0.02080000000000004,0.009600000000000053,
554571,20241114802720,00366438,산일전기,062040,단일판매ㆍ공급계약체결,2024-11-14,KOSPI,64100.0,63100.0,63900.0,56300.0,-0.015600624024960985,-0.0031201248049922414,-0.12168486739469575,
551108,20241125800026,00366438,산일전기,062040,단일판매ㆍ공급계약체결,2024-11-25,KOSPI,58400.0,55000.0,57700.0,55500.0,-0.05821917808219179,-0.011986301369863006,-0.049657534246575374,
524189,20250110800348,00366438,산일전기,062040,단일판매ㆍ공급계약체결,2025-01-10,KOSPI,67800.0,68900.0,70000.0,77300.0,0.016224188790560534,0.032448377581120846,0.14011799410029502,
519147,20250123800030,00366438,산일전기,062040,단일판매ㆍ공급계약체결,2025-01-23,KOSPI,71600.0,73200.0,72200.0,71600.0,0.022346368715083775,0.008379888268156499,0.0,
498225,20250225800942,00366438,산일전기,062040,단일판매ㆍ공급계약체결,2025-02-25,KOSPI,67900.0,68200.0,69000.0,67800.0,0.004418262150220897,0.016200294550809957,-0.0014727540500736325,
284336,20251223800460,00366438,산일전기,062040,단일판매ㆍ공급계약체결,2025-12-23,KOSPI,133400.0,133600.0,129900.0,137800.0,0.0014992503748125774,-0.026236881559220437,0.03298350824587715,
283537,20251224800181,00366438,산일전기,062040,단일판매ㆍ공급계약체결,2025-12-24,KOSPI,133600.0,129900.0,134000.0,140400.0,-0.02769461077844315,0.0029940119760478723,0.05089820359281427,
256421,20260210801295,00366438,산일전기,062040,단일판매ㆍ공급계약체결,2026-02-10,KOSPI,155000.0,153800.0,152600.0,149600.0,-0.007741935483870921,-0.015483870967741953,-0.03483870967741931,
18351,20260430800407,00366438,산일전기,062040,단일판매ㆍ공급계약체결,2026-04-30,KOSPI,266000.0,333500.0,319500.0,324000.0,0.2537593984962405,0.20112781954887216,0.21804511278195493,
114363,20260622800670,00366438,산일전기,062040,단일판매ㆍ공급계약체결,2026-06-22,KOSPI,229500.0,222000.0,223000.0,,-0.0326797385620915,-0.028322440087146017,,
610255,20240731900069,00409788,비에이치아이,083650,단일판매ㆍ공급계약체결,2024-07-31,KOSDAQ,9040.0,8860.0,8340.0,7950.0,-0.019911504424778736,-0.07743362831858402,-0.12057522123893805,
606776,20240808900217,00409788,비에이치아이,083650,단일판매ㆍ공급계약체결(자율공시),2024-08-08,KOSDAQ,8000.0,8300.0,8550.0,8230.0,0.03750000000000009,0.06875000000000009,0.028750000000000053,
595643,20240822900059,00409788,비에이치아이,083650,단일판매ㆍ공급계약체결,2024-08-22,KOSDAQ,8250.0,8190.0,7980.0,7920.0,-0.0072727272727273196,-0.032727272727272716,-0.040000000000000036,
566450,20241025900058,00409788,비에이치아이,083650,단일판매ㆍ공급계약체결(자율공시),2024-10-25,KOSDAQ,11150.0,11800.0,12450.0,11800.0,0.058295964125560484,0.11659192825112097,0.058295964125560484,
558765,20241112900267,00409788,비에이치아이,083650,단일판매ㆍ공급계약체결,2024-11-12,KOSDAQ,15040.0,14220.0,15800.0,17920.0,-0.05452127659574468,0.05053191489361697,0.1914893617021276,
551068,20241125900069,00409788,비에이치아이,083650,단일판매ㆍ공급계약체결,2024-11-25,KOSDAQ,18490.0,18400.0,17020.0,17320.0,-0.004867495943753353,-0.07950243374797183,-0.06327744726879392,
535439,20241217900046,00409788,비에이치아이,083650,단일판매ㆍ공급계약체결,2024-12-17,KOSDAQ,15130.0,15180.0,15250.0,15290.0,0.0033046926635822427,0.00793126239259756,0.010575016523463265,
510211,20250211900687,00409788,비에이치아이,083650,단일판매ㆍ공급계약체결,2025-02-11,KOSDAQ,20350.0,21950.0,22300.0,23200.0,0.07862407862407861,0.0958230958230959,0.14004914004914015,
510208,20250211900693,00409788,비에이치아이,083650,단일판매ㆍ공급계약체결,2025-02-11,KOSDAQ,20350.0,21950.0,22300.0,23200.0,0.07862407862407861,0.0958230958230959,0.14004914004914015,
509502,20250212900104,00409788,비에이치아이,083650,단일판매ㆍ공급계약체결,2025-02-12,KOSDAQ,21950.0,22300.0,23000.0,22150.0,0.015945330296127658,0.04783599088838275,0.009111617312072884,
509500,20250212900108,00409788,비에이치아이,083650,단일판매ㆍ공급계약체결,2025-02-12,KOSDAQ,21950.0,22300.0,23000.0,22150.0,0.015945330296127658,0.04783599088838275,0.009111617312072884,
455970,20250331901405,00409788,비에이치아이,083650,단일판매ㆍ공급계약체결,2025-03-31,KOSDAQ,17230.0,17320.0,17360.0,15480.0,0.0052234474753336535,0.007544979686593178,-0.10156703424260016,
412182,20250423900073,00409788,비에이치아이,083650,단일판매ㆍ공급계약체결,2025-04-23,KOSDAQ,21450.0,22300.0,21800.0,28250.0,0.03962703962703973,0.01631701631701632,0.31701631701631694,
410209,20250425900537,00409788,비에이치아이,083650,단일판매ㆍ공급계약체결,2025-04-25,KOSDAQ,21800.0,25600.0,28800.0,30550.0,0.17431192660550465,0.32110091743119273,0.4013761467889909,
385800,20250605900128,00409788,비에이치아이,083650,단일판매ㆍ공급계약체결,2025-06-05,KOSDAQ,37550.0,37700.0,37700.0,43500.0,0.003994673768308976,0.003994673768308976,0.15845539280958731,
347733,20250820900075,00409788,비에이치아이,083650,단일판매ㆍ공급계약체결,2025-08-20,KOSDAQ,43500.0,46850.0,51900.0,55100.0,0.07701149425287346,0.193103448275862,0.2666666666666666,
324425,20251013900199,00409788,비에이치아이,083650,단일판매ㆍ공급계약체결,2025-10-13,KOSDAQ,57200.0,53300.0,54700.0,50400.0,-0.06818181818181823,-0.04370629370629375,-0.11888111888111885,
316261,20251031900128,00409788,비에이치아이,083650,단일판매ㆍ공급계약체결,2025-10-31,KOSDAQ,50700.0,50200.0,48650.0,41500.0,-0.009861932938856066,-0.04043392504930965,-0.18145956607495073,
292839,20251211900036,00409788,비에이치아이,083650,단일판매ㆍ공급계약체결,2025-12-11,KOSDAQ,52700.0,64200.0,58300.0,55200.0,0.2182163187855788,0.10626185958254264,0.04743833017077792,
285563,20251222900119,00409788,비에이치아이,083650,단일판매ㆍ공급계약체결,2025-12-22,KOSDAQ,55400.0,55500.0,53800.0,52300.0,0.0018050541516245744,-0.028880866425992746,-0.05595667870036103,
285226,20251222900465,00409788,비에이치아이,083650,단일판매ㆍ공급계약체결(자율공시),2025-12-22,KOSDAQ,55400.0,55500.0,53800.0,52300.0,0.0018050541516245744,-0.028880866425992746,-0.05595667870036103,
279142,20260102900172,00409788,비에이치아이,083650,단일판매ㆍ공급계약체결,2026-01-02,KOSDAQ,52700.0,56900.0,58300.0,54100.0,0.07969639468690692,0.10626185958254264,0.026565464895635715,
101382,20260311900238,00409788,비에이치아이,083650,단일판매ㆍ공급계약체결,2026-03-11,KOSDAQ,100400.0,99700.0,103600.0,105600.0,-0.006972111553784854,0.031872509960159334,0.05179282868525892,
2662,20260526900179,00409788,비에이치아이,083650,단일판매ㆍ공급계약체결(자율공시),2026-05-26,KOSDAQ,81000.0,78100.0,73900.0,67600.0,-0.03580246913580243,-0.08765432098765435,-0.16543209876543208,
126373,20260601900279,00409788,비에이치아이,083650,단일판매ㆍ공급계약체결,2026-06-01,KOSDAQ,71800.0,67600.0,70500.0,62700.0,-0.058495821727019504,-0.01810584958217265,-0.1267409470752089,
610224,20240731900084,01540453,에이직랜드,445090,단일판매ㆍ공급계약체결,2024-07-31,KOSDAQ,42700.0,42550.0,36750.0,28800.0,-0.003512880562060894,-0.139344262295082,-0.32552693208430916,
562262,20241104900039,01540453,에이직랜드,445090,단일판매ㆍ공급계약체결,2024-11-04,KOSDAQ,41300.0,41000.0,38600.0,34950.0,-0.007263922518159771,-0.06537530266343827,-0.15375302663438262,
554081,20241115900165,01540453,에이직랜드,445090,단일판매ㆍ공급계약체결,2024-11-15,KOSDAQ,30650.0,29050.0,28450.0,27350.0,-0.05220228384991843,-0.07177814029363783,-0.1076672104404568,
408686,20250429900204,01540453,에이직랜드,445090,단일판매ㆍ공급계약체결,2025-04-29,KOSDAQ,31200.0,30450.0,31000.0,30950.0,-0.024038461538461564,-0.0064102564102563875,-0.008012820512820484,
323610,20251014900638,01540453,에이직랜드,445090,단일판매ㆍ공급계약체결,2025-10-14,KOSDAQ,31800.0,32400.0,33800.0,31950.0,0.018867924528301883,0.06289308176100628,0.004716981132075526,
294477,20251208900199,01540453,에이직랜드,445090,단일판매ㆍ공급계약체결,2025-12-08,KOSDAQ,30000.0,29050.0,28450.0,27200.0,-0.03166666666666662,-0.05166666666666664,-0.09333333333333338,
276466,20260108900093,01540453,에이직랜드,445090,단일판매ㆍ공급계약체결,2026-01-08,KOSDAQ,29650.0,28550.0,28450.0,28700.0,-0.03709949409780777,-0.0404721753794266,-0.03204047217537942,
275025,20260112900138,01540453,에이직랜드,445090,단일판매ㆍ공급계약체결,2026-01-12,KOSDAQ,28450.0,28100.0,27800.0,30000.0,-0.012302284710017597,-0.02284710017574687,0.054481546572934914,
610167,20240731900142,00110875,대신정보통신,020180,단일판매ㆍ공급계약체결(자율공시),2024-07-31,KOSDAQ,970.0,980.0,957.0,938.0,0.010309278350515427,-0.013402061855670055,-0.03298969072164948,
493201,20250228900111,00110875,대신정보통신,020180,단일판매ㆍ공급계약체결,2025-02-28,KOSDAQ,1195.0,1136.0,1153.0,1100.0,-0.0493723849372385,-0.035146443514644354,-0.07949790794979084,
450766,20250401900490,00110875,대신정보통신,020180,단일판매ㆍ공급계약체결,2025-04-01,KOSDAQ,1170.0,1095.0,1157.0,1750.0,-0.0641025641025641,-0.011111111111111072,0.49572649572649574,
408714,20250429900185,00110875,대신정보통신,020180,단일판매ㆍ공급계약체결(자율공시),2025-04-29,KOSDAQ,1162.0,1217.0,1175.0,1124.0,0.047332185886402645,0.01118760757314985,-0.03270223752151458,
302318,20251126900099,00110875,대신정보통신,020180,단일판매ㆍ공급계약체결,2025-11-26,KOSDAQ,1009.0,1010.0,1025.0,1070.0,0.0009910802775023875,0.015857284440039754,0.06045589692765119,
286790,20251218900315,00110875,대신정보통신,020180,단일판매ㆍ공급계약체결(자율공시),2025-12-18,KOSDAQ,1043.0,1049.0,1061.0,1041.0,0.0057526366251199335,0.01725790987535958,-0.0019175455417066445,
609845,20240731900437,00668600,케이옥션,102370,단일판매ㆍ공급계약체결,2024-07-31,KOSDAQ,3705.0,3715.0,3565.0,3315.0,0.0026990553306343035,-0.037786774628879916,-0.10526315789473684,
520269,20250121900204,00668600,케이옥션,102370,단일판매ㆍ공급계약체결,2025-01-21,KOSDAQ,3625.0,3600.0,3490.0,,-0.006896551724137945,-0.03724137931034488,,
609395,20240801900140,00236863,희림,037440,단일판매ㆍ공급계약체결,2024-08-01,KOSDAQ,6730.0,6320.0,5290.0,5580.0,-0.06092124814264488,-0.21396731054977713,-0.17087667161961362,
609322,20240801900218,00523936,HB솔루션,297890,단일판매ㆍ공급계약체결,2024-08-01,KOSDAQ,5390.0,5370.0,4545.0,4695.0,-0.0037105751391465214,-0.1567717996289425,-0.1289424860853432,
586759,20240903900146,00523936,HB솔루션,297890,단일판매ㆍ공급계약체결,2024-09-03,KOSDAQ,4320.0,4050.0,4190.0,4235.0,-0.0625,-0.03009259259259256,-0.01967592592592593,
530724,20241226900350,00523936,HB솔루션,297890,단일판매ㆍ공급계약체결,2024-12-26,KOSDAQ,2690.0,2680.0,2705.0,2995.0,-0.0037174721189591198,0.005576208178438735,0.11338289962825288,
609310,20240801900233,01689035,민테크,452200,단일판매ㆍ공급계약체결,2024-08-01,KOSDAQ,7500.0,7210.0,6180.0,6560.0,-0.03866666666666663,-0.17600000000000005,-0.1253333333333333,
559461,20241111900125,01689035,민테크,452200,단일판매ㆍ공급계약체결(자율공시),2024-11-11,KOSDAQ,5960.0,5580.0,5340.0,5180.0,-0.06375838926174493,-0.10402684563758391,-0.1308724832214765,
559378,20241111900219,01689035,민테크,452200,단일판매ㆍ공급계약체결(자율공시),2024-11-11,KOSDAQ,5960.0,5580.0,5340.0,5180.0,-0.06375838926174493,-0.10402684563758391,-0.1308724832214765,
531597,20241224900144,01689035,민테크,452200,단일판매ㆍ공급계약체결(자율공시),2024-12-24,KOSDAQ,4860.0,4755.0,4685.0,4900.0,-0.021604938271604923,-0.03600823045267487,0.008230452674897082,
531596,20241224900146,01689035,민테크,452200,단일판매ㆍ공급계약체결(자율공시),2024-12-24,KOSDAQ,4860.0,4755.0,4685.0,4900.0,-0.021604938271604923,-0.03600823045267487,0.008230452674897082,
530735,20241226900314,01689035,민테크,452200,단일판매ㆍ공급계약체결,2024-12-26,KOSDAQ,4755.0,4685.0,4790.0,4990.0,-0.014721345951629883,0.007360672975814886,0.04942166140904303,
392107,20250529900144,01689035,민테크,452200,단일판매ㆍ공급계약체결,2025-05-29,KOSDAQ,3980.0,3980.0,4000.0,3960.0,0.0,0.005025125628140614,-0.005025125628140725,
609006,20240802800040,00146232,일성건설,013360,단일판매ㆍ공급계약체결,2024-08-02,KOSPI,1465.0,1340.0,1349.0,1497.0,-0.08532423208191131,-0.07918088737201368,0.021843003412969297,
576566,20240927800454,00146232,일성건설,013360,단일판매ㆍ공급계약체결,2024-09-27,KOSPI,1359.0,1341.0,1340.0,1314.0,-0.013245033112582738,-0.013980868285504044,-0.0331125827814569,
544386,20241203800040,00146232,일성건설,013360,단일판매ㆍ공급계약체결,2024-12-03,KOSPI,1559.0,2025.0,2300.0,4705.0,0.29890955740859515,0.4753046824887748,2.0179602309172546,
543870,20241204800115,00146232,일성건설,013360,단일판매ㆍ공급계약체결,2024-12-04,KOSPI,2025.0,2300.0,2785.0,4920.0,0.1358024691358024,0.37530864197530867,1.4296296296296296,
535384,20241217800142,00146232,일성건설,013360,단일판매ㆍ공급계약체결,2024-12-17,KOSPI,3310.0,3525.0,3125.0,3435.0,0.06495468277945626,-0.0558912386706949,0.03776435045317217,
387341,20250602800309,00146232,일성건설,013360,단일판매ㆍ공급계약체결,2025-06-02,KOSPI,2265.0,2020.0,2170.0,1992.0,-0.10816777041942605,-0.04194260485651213,-0.1205298013245033,
380632,20250619800254,00146232,일성건설,013360,단일판매ㆍ공급계약체결,2025-06-19,KOSPI,1889.0,1854.0,1834.0,1801.0,-0.018528321863419794,-0.029115934356802486,-0.046585494970884045,
311290,20251112800323,00146232,일성건설,013360,단일판매ㆍ공급계약체결,2025-11-12,KOSPI,1274.0,1272.0,1258.0,1207.0,-0.0015698587127158659,-0.012558869701726816,-0.05259026687598112,
294511,20251208800157,00146232,일성건설,013360,단일판매ㆍ공급계약체결,2025-12-08,KOSPI,2315.0,2325.0,2245.0,2660.0,0.004319654427645814,-0.030237580993520474,0.1490280777537798,
286346,20251219800061,00146232,일성건설,013360,단일판매ㆍ공급계약체결,2025-12-19,KOSPI,2190.0,2300.0,2150.0,1986.0,0.05022831050228316,-0.0182648401826484,-0.0931506849315068,
608808,20240802900292,01078178,RFHIC,218410,단일판매ㆍ공급계약체결,2024-08-02,KOSDAQ,12860.0,11150.0,11530.0,11630.0,-0.13297045101088645,-0.10342146189735613,-0.0956454121306376,
476652,20250317900141,01078178,RFHIC,218410,단일판매ㆍ공급계약체결(자율공시),2025-03-17,KOSDAQ,16240.0,15870.0,16370.0,15950.0,-0.022783251231527135,0.008004926108374333,-0.017857142857142905,
381599,20250617900187,01078178,RFHIC,218410,단일판매ㆍ공급계약체결,2025-06-17,KOSDAQ,23650.0,22750.0,22200.0,23300.0,-0.038054968287526414,-0.06131078224101483,-0.014799154334038,
381598,20250617900188,01078178,RFHIC,218410,단일판매ㆍ공급계약체결,2025-06-17,KOSDAQ,23650.0,22750.0,22200.0,23300.0,-0.038054968287526414,-0.06131078224101483,-0.014799154334038,
362307,20250730900134,01078178,RFHIC,218410,단일판매ㆍ공급계약체결,2025-07-30,KOSDAQ,27700.0,27850.0,26900.0,27850.0,0.005415162454873723,-0.028880866425992746,0.005415162454873723,
320215,20251023900230,01078178,RFHIC,218410,단일판매ㆍ공급계약체결(자율공시),2025-10-23,KOSDAQ,27550.0,27000.0,27550.0,35750.0,-0.019963702359346636,0.0,0.29764065335753176,
255500,20260211900977,01078178,RFHIC,218410,단일판매ㆍ공급계약체결,2026-02-11,KOSDAQ,49150.0,50600.0,50300.0,59000.0,0.029501525940996975,0.02339776195320442,0.20040691759918627,
250208,20260219900299,01078178,RFHIC,218410,단일판매ㆍ공급계약체결,2026-02-19,KOSDAQ,58900.0,63200.0,59000.0,57300.0,0.07300509337860772,0.001697792869269854,-0.02716468590831922,
76840,20260327902001,01078178,RFHIC,218410,단일판매ㆍ공급계약체결,2026-03-27,KOSDAQ,82400.0,78700.0,75000.0,89000.0,-0.04490291262135926,-0.0898058252427184,0.08009708737864085,
122880,20260604900601,01078178,RFHIC,218410,단일판매ㆍ공급계약체결,2026-06-04,KOSDAQ,90900.0,82800.0,75700.0,74900.0,-0.08910891089108908,-0.16721672167216717,-0.176017601760176,
608452,20240805900187,00664048,우리넷,115440,단일판매ㆍ공급계약체결,2024-08-05,KOSDAQ,5700.0,6050.0,6210.0,6270.0,0.06140350877192979,0.08947368421052637,0.10000000000000009,
607668,20240806900875,00523307,다원시스,068240,단일판매ㆍ공급계약체결,2024-08-06,KOSDAQ,10080.0,9910.0,9970.0,10190.0,-0.016865079365079416,-0.010912698412698374,0.010912698412698374,
530110,20241227900135,00523307,다원시스,068240,단일판매ㆍ공급계약체결,2024-12-27,KOSDAQ,9070.0,9000.0,9120.0,9390.0,-0.007717750826901848,0.005512679162072764,0.03528114663726578,
360949,20250731900745,00523307,다원시스,068240,단일판매ㆍ공급계약체결,2025-07-31,KOSDAQ,8220.0,8360.0,8200.0,8370.0,0.017031630170316392,-0.0024330900243308973,0.018248175182481674,
338687,20250903900130,00523307,다원시스,068240,단일판매ㆍ공급계약체결,2025-09-03,KOSDAQ,7020.0,7180.0,7000.0,6860.0,0.02279202279202286,-0.002849002849002802,-0.022792022792022748,
607442,20240807900200,00535676,테크윙,089030,단일판매ㆍ공급계약체결(자율공시),2024-08-07,KOSDAQ,42950.0,40150.0,41500.0,43050.0,-0.06519208381839348,-0.033760186263096625,0.002328288707799775,
262519,20260204900276,00535676,테크윙,089030,단일판매ㆍ공급계약체결(자율공시),2026-02-04,KOSDAQ,48250.0,44900.0,43950.0,43350.0,-0.0694300518134715,-0.08911917098445599,-0.10155440414507777,
29345,20260414900549,00535676,테크윙,089030,단일판매ㆍ공급계약체결,2026-04-14,KOSDAQ,54200.0,57600.0,57400.0,57100.0,0.0627306273062731,0.05904059040590415,0.053505535055350606,
5319,20260519900243,00535676,테크윙,089030,단일판매ㆍ공급계약체결(자율공시),2026-05-19,KOSDAQ,48150.0,48000.0,52700.0,54300.0,-0.0031152647975077885,0.09449636552440288,0.12772585669781922,
607071,20240807900629,00809429,뉴온,123840,단일판매ㆍ공급계약체결,2024-08-07,KOSDAQ,31567.0,31351.0,31675.0,31459.0,-0.006842588779421566,0.0034212943897107273,-0.0034212943897107273,
606638,20240808800356,00156691,한국공항,005430,단일판매ㆍ공급계약체결,2024-08-08,KOSPI,63800.0,55800.0,55600.0,56300.0,-0.12539184952978055,-0.12852664576802508,-0.11755485893416928,
606866,20240808900114,00141246,SGC E&C,016250,단일판매ㆍ공급계약체결(자율공시),2024-08-08,KOSDAQ,16320.0,16170.0,15970.0,15830.0,-0.009191176470588203,-0.021446078431372584,-0.030024509803921573,
593476,20240827900316,00141246,SGC E&C,016250,단일판매ㆍ공급계약체결(자율공시),2024-08-27,KOSDAQ,16210.0,16450.0,16600.0,16450.0,0.014805675508945182,0.024059222702035754,0.014805675508945182,
529057,20241230900203,00141246,SGC E&C,016250,단일판매ㆍ공급계약체결,2024-12-30,KOSDAQ,12700.0,12970.0,13280.0,13130.0,0.021259842519685046,0.045669291338582774,0.03385826771653533,
359093,20250805900123,00141246,SGC E&C,016250,단일판매ㆍ공급계약체결(자율공시),2025-08-05,KOSDAQ,15490.0,15530.0,15530.0,15910.0,0.002582311168495721,0.002582311168495721,0.02711426726920596,
91839,20260318900123,00141246,SGC E&C,016250,단일판매ㆍ공급계약체결,2026-03-18,KOSDAQ,17080.0,16800.0,17820.0,17260.0,-0.016393442622950838,0.043325526932084246,0.01053864168618257,
91840,20260318900125,00141246,SGC E&C,016250,단일판매ㆍ공급계약체결,2026-03-18,KOSDAQ,17080.0,16800.0,17820.0,17260.0,-0.016393442622950838,0.043325526932084246,0.01053864168618257,
606842,20240808900153,01364747,가온칩스,399720,단일판매ㆍ공급계약체결,2024-08-08,KOSDAQ,44850.0,44900.0,46500.0,46750.0,0.0011148272017837968,0.03678929765886285,0.04236343366778139,
333764,20250916900085,01364747,가온칩스,399720,단일판매ㆍ공급계약체결,2025-09-16,KOSDAQ,50500.0,49050.0,50300.0,50700.0,-0.02871287128712874,-0.003960396039603964,0.003960396039603964,
317553,20251029900487,01364747,가온칩스,399720,단일판매ㆍ공급계약체결,2025-10-29,KOSDAQ,55600.0,54200.0,53200.0,52900.0,-0.025179856115107868,-0.043165467625899234,-0.04856115107913672,
282507,20251226900414,01364747,가온칩스,399720,단일판매ㆍ공급계약체결,2025-12-26,KOSDAQ,55000.0,52200.0,51700.0,54000.0,-0.050909090909090904,-0.06000000000000005,-0.018181818181818188,
119560,20260611900165,01364747,가온칩스,399720,단일판매ㆍ공급계약체결,2026-06-11,KOSDAQ,50200.0,57500.0,59200.0,52000.0,0.14541832669322718,0.17928286852589648,0.03585657370517925,
606220,20240809800147,00103662,광명전기,017040,단일판매ㆍ공급계약체결(자율공시),2024-08-09,KOSPI,1908.0,1899.0,1875.0,1851.0,-0.004716981132075526,-0.01729559748427678,-0.029874213836478036,
569454,20241017800250,00103662,광명전기,017040,단일판매ㆍ공급계약체결,2024-10-17,KOSPI,1592.0,1568.0,1553.0,1452.0,-0.015075376884422065,-0.02449748743718594,-0.0879396984924623,
481096,20250313800415,00103662,광명전기,017040,단일판매ㆍ공급계약체결,2025-03-13,KOSPI,1428.0,1437.0,1453.0,1414.0,0.006302521008403339,0.017507002801120386,-0.009803921568627416,
473703,20250319800230,00103662,광명전기,017040,단일판매ㆍ공급계약체결,2025-03-19,KOSPI,1439.0,1414.0,1379.0,1362.0,-0.0173731758165393,-0.04169562195969423,-0.05350938151494089,
606130,20240809900226,01290248,스코넥,276040,단일판매ㆍ공급계약체결,2024-08-09,KOSDAQ,3135.0,3153.0,3095.0,3069.0,0.00574162679425827,-0.012759170653907526,-0.021052631578947323,
343851,20250828900039,01290248,스코넥,276040,단일판매ㆍ공급계약체결,2025-08-28,KOSDAQ,1730.0,1700.0,1660.0,1690.0,-0.017341040462427793,-0.040462427745664775,-0.023121387283236983,
264534,20260202900399,01290248,스코넥,276040,단일판매ㆍ공급계약체결,2026-02-02,KOSDAQ,1094.0,1110.0,1091.0,1080.0,0.014625228519195677,-0.002742230347349217,-0.012797074954296161,
606044,20240809900300,00605328,씨앤지하이테크,264660,단일판매ㆍ공급계약체결,2024-08-09,KOSDAQ,12493.0,12671.0,12681.0,13800.0,0.0142479788681662,0.015048427119186636,0.10461858640838861,
534644,20241218900154,00605328,씨앤지하이테크,264660,단일판매ㆍ공급계약체결(자율공시),2024-12-18,KOSDAQ,10026.0,9748.0,9550.0,9620.0,-0.027727907440654342,-0.04747656094155195,-0.04049471374426494,
502759,20250219900135,00605328,씨앤지하이테크,264660,단일판매ㆍ공급계약체결,2025-02-19,KOSDAQ,17750.0,16760.0,17110.0,15140.0,-0.05577464788732389,-0.03605633802816899,-0.14704225352112676,
500983,20250221900094,00605328,씨앤지하이테크,264660,단일판매ㆍ공급계약체결(자율공시),2025-02-21,KOSDAQ,17110.0,17080.0,15350.0,14230.0,-0.001753360607831711,-0.10286382232612512,-0.16832261835184104,
258065,20260209900679,00605328,씨앤지하이테크,264660,단일판매ㆍ공급계약체결,2026-02-09,KOSDAQ,20300.0,18900.0,18260.0,19820.0,-0.06896551724137934,-0.10049261083743843,-0.02364532019704435,
34157,20260413900125,00605328,씨앤지하이테크,264660,단일판매ㆍ공급계약체결,2026-04-13,KOSDAQ,18110.0,18740.0,19470.0,20300.0,0.03478741027056875,0.07509663169519598,0.12092766427388191,
606015,20240809900319,01344363,다원넥스뷰,323350,단일판매ㆍ공급계약체결,2024-08-09,KOSDAQ,8450.0,8600.0,8500.0,8110.0,0.01775147928994092,0.00591715976331364,-0.04023668639053257,
577631,20240926900139,01344363,다원넥스뷰,323350,단일판매ㆍ공급계약체결,2024-09-26,KOSDAQ,7700.0,7700.0,7240.0,7200.0,0.0,-0.05974025974025976,-0.06493506493506496,
564646,20241029900633,01344363,다원넥스뷰,323350,단일판매ㆍ공급계약체결,2024-10-29,KOSDAQ,6370.0,6490.0,6630.0,6310.0,0.018838304552590168,0.04081632653061229,-0.009419152276295084,
533110,20241220900283,01344363,다원넥스뷰,323350,단일판매ㆍ공급계약체결,2024-12-20,KOSDAQ,5000.0,4950.0,5010.0,5000.0,-0.010000000000000009,0.0020000000000000018,0.0,
400342,20250515900360,01344363,다원넥스뷰,323350,단일판매ㆍ공급계약체결,2025-05-15,KOSDAQ,6760.0,6710.0,6750.0,7040.0,-0.007396449704141994,-0.0014792899408283544,0.041420118343195256,
337613,20250905900163,01344363,다원넥스뷰,323350,단일판매ㆍ공급계약체결,2025-09-05,KOSDAQ,6300.0,6320.0,6550.0,6700.0,0.0031746031746031633,0.039682539682539764,0.06349206349206349,
112426,20260227900209,01344363,다원넥스뷰,323350,단일판매ㆍ공급계약체결,2026-02-27,KOSDAQ,14600.0,14930.0,11500.0,11730.0,0.022602739726027332,-0.21232876712328763,-0.19657534246575348,
14177,20260508900370,01344363,다원넥스뷰,323350,단일판매ㆍ공급계약체결,2026-05-08,KOSDAQ,22350.0,22900.0,22350.0,25800.0,0.02460850111856816,0.0,0.15436241610738266,
605440,20240812900107,00298340,에스티아이,039440,단일판매ㆍ공급계약체결,2024-08-12,KOSDAQ,23400.0,23400.0,25200.0,26800.0,0.0,0.07692307692307687,0.14529914529914523,
553642,20241118900131,00298340,에스티아이,039440,단일판매ㆍ공급계약체결(자율공시),2024-11-18,KOSDAQ,15950.0,16010.0,16000.0,16650.0,0.0037617554858935254,0.0031347962382444194,0.043887147335423204,
502729,20250219900269,00298340,에스티아이,039440,단일판매ㆍ공급계약체결,2025-02-19,KOSDAQ,23500.0,23050.0,22750.0,21600.0,-0.019148936170212738,-0.03191489361702127,-0.08085106382978724,
294405,20251208900289,00298340,에스티아이,039440,단일판매ㆍ공급계약체결,2025-12-08,KOSDAQ,26750.0,28800.0,29450.0,31050.0,0.07663551401869162,0.10093457943925244,0.1607476635514018,
33753,20260413900172,00298340,에스티아이,039440,단일판매ㆍ공급계약체결,2026-04-13,KOSDAQ,31750.0,31950.0,32350.0,33250.0,0.006299212598425141,0.018897637795275646,0.04724409448818889,
605344,20240812900145,01222113,인스웨이브,450520,단일판매ㆍ공급계약체결,2024-08-12,KOSDAQ,4470.0,4470.0,4455.0,4385.0,0.0,-0.003355704697986628,-0.019015659955257225,
599086,20240814902388,01222113,인스웨이브,450520,단일판매ㆍ공급계약체결(자율공시),2024-08-14,KOSDAQ,4455.0,4305.0,4230.0,4130.0,-0.03367003367003363,-0.0505050505050505,-0.07295173961840629,
285542,20251222900208,01222113,인스웨이브,450520,단일판매ㆍ공급계약체결,2025-12-22,KOSDAQ,3450.0,3390.0,3420.0,3325.0,-0.017391304347826098,-0.008695652173912993,-0.036231884057971064,
275720,20260109900180,01222113,인스웨이브,450520,단일판매ㆍ공급계약체결,2026-01-09,KOSDAQ,3530.0,3415.0,3375.0,3320.0,-0.03257790368271951,-0.0439093484419264,-0.059490084985835745,
123877,20260602900291,01222113,인스웨이브,450520,단일판매ㆍ공급계약체결,2026-06-02,KOSDAQ,2410.0,2335.0,2335.0,2085.0,-0.03112033195020747,-0.03112033195020747,-0.13485477178423233,
605134,20240812900230,01136001,나노실리칸첨단소재,286750,단일판매ㆍ공급계약체결,2024-08-12,KOSDAQ,1958.0,1858.0,1876.0,1927.0,-0.051072522982635316,-0.04187946884576099,-0.015832482124616964,
505714,20250214900411,01136001,나노실리칸첨단소재,286750,단일판매ㆍ공급계약체결,2025-02-14,KOSDAQ,2675.0,2625.0,2575.0,2640.0,-0.01869158878504673,-0.03738317757009346,-0.013084112149532756,
471762,20250320900975,01136001,나노실리칸첨단소재,286750,단일판매ㆍ공급계약체결,2025-03-20,KOSDAQ,2750.0,2565.0,2550.0,2470.0,-0.06727272727272726,-0.07272727272727275,-0.10181818181818181,
397201,20250516900182,01136001,나노실리칸첨단소재,286750,단일판매ㆍ공급계약체결,2025-05-16,KOSDAQ,2655.0,2600.0,2545.0,2520.0,-0.020715630885122405,-0.04143126177024481,-0.05084745762711862,
342616,20250828900499,01136001,나노실리칸첨단소재,286750,단일판매ㆍ공급계약체결,2025-08-28,KOSDAQ,1741.0,1810.0,1771.0,1870.0,0.039632395175186685,0.017231476163124704,0.07409534750143587,
301424,20251127900340,01136001,나노실리칸첨단소재,286750,단일판매ㆍ공급계약체결,2025-11-27,KOSDAQ,1727.0,1705.0,1689.0,1748.0,-0.01273885350318471,-0.0220034742327736,0.012159814707585426,
23592,20260423900507,01136001,나노실리칸첨단소재,286750,단일판매ㆍ공급계약체결,2026-04-23,KOSDAQ,1401.0,1527.0,1572.0,1589.0,0.08993576017130622,0.12205567451820132,0.13418986438258385,
605096,20240812900263,01584183,퀄리타스반도체,432720,단일판매ㆍ공급계약체결,2024-08-12,KOSDAQ,11520.0,11570.0,11760.0,12730.0,0.004340277777777679,0.02083333333333326,0.10503472222222232,
524941,20250109900171,01584183,퀄리타스반도체,432720,단일판매ㆍ공급계약체결,2025-01-09,KOSDAQ,9960.0,9910.0,9100.0,9730.0,-0.005020080321285092,-0.08634538152610438,-0.0230923694779116,
507097,20250213900977,01584183,퀄리타스반도체,432720,단일판매ㆍ공급계약체결,2025-02-13,KOSDAQ,14820.0,15410.0,16310.0,16590.0,0.03981106612685559,0.10053981106612686,0.11943319838056676,
333631,20250916900247,01584183,퀄리타스반도체,432720,단일판매ㆍ공급계약체결,2025-09-16,KOSDAQ,14350.0,14090.0,14900.0,15630.0,-0.018118466898954688,0.03832752613240409,0.08919860627177711,
315870,20251031900551,01584183,퀄리타스반도체,432720,단일판매ㆍ공급계약체결,2025-10-31,KOSDAQ,16620.0,17770.0,17020.0,15270.0,0.06919374247894106,0.024067388688327362,-0.08122743682310474,
314920,20251104900165,01584183,퀄리타스반도체,432720,단일판매ㆍ공급계약체결,2025-11-04,KOSDAQ,17020.0,16010.0,16020.0,15290.0,-0.059341950646298436,-0.05875440658049358,-0.1016451233842538,
290231,20251215900881,01584183,퀄리타스반도체,432720,단일판매ㆍ공급계약체결,2025-12-15,KOSDAQ,13690.0,13120.0,13290.0,13520.0,-0.041636230825420006,-0.029218407596785956,-0.01241782322863405,
284766,20251223900135,01584183,퀄리타스반도체,432720,단일판매ㆍ공급계약체결,2025-12-23,KOSDAQ,13550.0,13270.0,13770.0,15390.0,-0.020664206642066474,0.01623616236162362,0.13579335793357927,
266209,20260129900829,01584183,퀄리타스반도체,432720,단일판매ㆍ공급계약체결,2026-01-29,KOSDAQ,14540.0,14580.0,13400.0,13510.0,0.0027510316368637433,-0.07840440165061902,-0.0708390646492435,
91743,20260318900247,01584183,퀄리타스반도체,432720,단일판매ㆍ공급계약체결,2026-03-18,KOSDAQ,14230.0,13740.0,14350.0,16920.0,-0.03443429374560791,0.008432888264230609,0.18903724525650034,
64321,20260401900721,01584183,퀄리타스반도체,432720,단일판매ㆍ공급계약체결,2026-04-01,KOSDAQ,15290.0,14120.0,14180.0,15650.0,-0.07652060170045782,-0.0725964682799215,0.023544800523217724,
25813,20260420900415,01584183,퀄리타스반도체,432720,단일판매ㆍ공급계약체결,2026-04-20,KOSDAQ,18390.0,19520.0,20150.0,20950.0,0.06144643828167484,0.09570418705818384,0.13920609026644915,
603560,20240813900447,00144243,유니슨,018000,단일판매ㆍ공급계약체결,2024-08-13,KOSDAQ,729.0,752.0,740.0,724.0,0.03155006858710552,0.015089163237311354,-0.006858710562414272,
602169,20240814900160,00100601,강원에너지,114190,단일판매ㆍ공급계약체결,2024-08-14,KOSDAQ,12240.0,11950.0,11520.0,11950.0,-0.023692810457516367,-0.05882352941176472,-0.023692810457516367,
290847,20251215900039,00100601,강원에너지,114190,단일판매ㆍ공급계약체결,2025-12-15,KOSDAQ,15980.0,15210.0,15470.0,13950.0,-0.048185231539424334,-0.03191489361702127,-0.12703379224030042,
27567,20260416900064,00100601,강원에너지,114190,단일판매ㆍ공급계약체결(자율공시),2026-04-16,KOSDAQ,14010.0,15020.0,14560.0,15130.0,0.07209136331192001,0.039257673090649536,0.07994289793005005,
598294,20240814902919,01144569,피엔티엠에스,257370,단일판매ㆍ공급계약체결,2024-08-14,KOSDAQ,9970.0,9970.0,9970.0,9970.0,0.0,0.0,0.0,
551674,20241122900151,01144569,피엔티엠에스,257370,단일판매ㆍ공급계약체결,2024-11-22,KOSDAQ,3650.0,4240.0,4125.0,3895.0,0.16164383561643825,0.13013698630136994,0.06712328767123288,
271351,20260120900231,01144569,피엔티엠에스,257370,단일판매ㆍ공급계약체결(자율공시),2026-01-20,KOSDAQ,3220.0,3165.0,3175.0,3555.0,-0.017080745341614856,-0.013975155279503104,0.10403726708074523,
597525,20240816900202,01344831,딥노이드,315640,단일판매ㆍ공급계약체결,2024-08-16,KOSDAQ,5440.0,5256.0,5670.0,5642.0,-0.0338235294117647,0.04227941176470584,0.03713235294117645,
571695,20241011900247,01344831,딥노이드,315640,단일판매ㆍ공급계약체결,2024-10-11,KOSDAQ,5292.0,5467.0,5486.0,5835.0,0.033068783068783025,0.03665910808767947,0.10260770975056688,
546411,20241129900172,01344831,딥노이드,315640,단일판매ㆍ공급계약체결,2024-11-29,KOSDAQ,6931.0,6204.0,6333.0,5605.0,-0.10489106910979662,-0.08627903621411048,-0.1913143846486799,
522061,20250116900050,01344831,딥노이드,315640,단일판매ㆍ공급계약체결,2025-01-16,KOSDAQ,5734.0,5596.0,5532.0,5624.0,-0.024066968957098034,-0.03522846180676664,-0.01918381583536799,
394162,20250526900513,01344831,딥노이드,315640,단일판매ㆍ공급계약체결,2025-05-26,KOSDAQ,5826.0,5872.0,5789.0,5734.0,0.007895640233436252,-0.006350841057329193,-0.015791280466872615,
597029,20240819800465,00136271,신성이엔지,011930,단일판매ㆍ공급계약체결(자율공시),2024-08-19,KOSPI,17520.0,18110.0,17860.0,17410.0,0.033675799086757996,0.019406392694063967,-0.006278538812785395,
505557,20250214800494,00136271,신성이엔지,011930,단일판매ㆍ공급계약체결(자율공시),2025-02-14,KOSPI,12760.0,12960.0,12960.0,12970.0,0.01567398119122254,0.01567398119122254,0.016457680250783646,
489021,20250306800133,00136271,신성이엔지,011930,단일판매ㆍ공급계약체결(자율공시),2025-03-06,KOSPI,12240.0,12430.0,12270.0,12030.0,0.015522875816993409,0.002450980392156854,-0.01715686274509809,
473722,20250319800204,00136271,신성이엔지,011930,단일판매ㆍ공급계약체결(자율공시),2025-03-19,KOSPI,12770.0,12490.0,12380.0,12340.0,-0.02192638997650742,-0.030540328895849678,-0.033672670321065024,
92966,20260317800062,00136271,신성이엔지,011930,단일판매ㆍ공급계약체결(자율공시),2026-03-17,KOSPI,29100.0,29900.0,30800.0,26500.0,0.027491408934707806,0.05841924398625431,-0.0893470790378007,
75028,20260330800681,00136271,신성이엔지,011930,단일판매ㆍ공급계약체결(자율공시),2026-03-30,KOSPI,26700.0,25850.0,27350.0,35750.0,-0.03183520599250933,0.02434456928838946,0.33895131086142327,
71685,20260331800911,00136271,신성이엔지,011930,단일판매ㆍ공급계약체결(자율공시),2026-03-31,KOSPI,25850.0,27350.0,27500.0,34350.0,0.05802707930367501,0.06382978723404253,0.3288201160541586,
14980,20260507800440,00136271,신성이엔지,011930,단일판매ㆍ공급계약체결(자율공시),2026-05-07,KOSPI,39950.0,39950.0,39950.0,39950.0,0.0,0.0,0.0,
122314,20260605800422,00136271,신성이엔지,011930,단일판매ㆍ공급계약체결(자율공시),2026-06-05,KOSPI,21300.0,19260.0,20600.0,20850.0,-0.09577464788732393,-0.032863849765258246,-0.021126760563380254,
596985,20240819800502,00152880,코오롱글로벌,003070,단일판매ㆍ공급계약체결,2024-08-19,KOSPI,9720.0,10100.0,10070.0,11240.0,0.039094650205761416,0.03600823045267498,0.15637860082304522,
586027,20240904800250,00152880,코오롱글로벌,003070,단일판매ㆍ공급계약체결,2024-09-04,KOSPI,10080.0,9960.0,9500.0,9570.0,-0.011904761904761862,-0.05753968253968256,-0.05059523809523814,
582395,20240912800171,00152880,코오롱글로벌,003070,단일판매ㆍ공급계약체결,2024-09-12,KOSPI,10140.0,10360.0,10150.0,10180.0,0.021696252465483346,0.0009861932938854956,0.0039447731755424265,
563048,20241031800741,00152880,코오롱글로벌,003070,단일판매ㆍ공급계약체결,2024-10-31,KOSPI,9050.0,8880.0,9160.0,9430.0,-0.018784530386740328,0.012154696132596676,0.041988950276243164,
562667,20241101800231,00152880,코오롱글로벌,003070,단일판매ㆍ공급계약체결,2024-11-01,KOSPI,8880.0,9160.0,9150.0,9310.0,0.03153153153153143,0.030405405405405483,0.04842342342342332,
562665,20241101800239,00152880,코오롱글로벌,003070,단일판매ㆍ공급계약체결,2024-11-01,KOSPI,8880.0,9160.0,9150.0,9310.0,0.03153153153153143,0.030405405405405483,0.04842342342342332,
546800,20241129800109,00152880,코오롱글로벌,003070,단일판매ㆍ공급계약체결,2024-11-29,KOSPI,9950.0,9490.0,9560.0,8550.0,-0.04623115577889447,-0.039195979899497524,-0.14070351758793975,
535129,20241217800452,00152880,코오롱글로벌,003070,단일판매ㆍ공급계약체결,2024-12-17,KOSPI,9100.0,9200.0,9620.0,9090.0,0.01098901098901095,0.05714285714285716,-0.001098901098901095,
533264,20241220800118,00152880,코오롱글로벌,003070,단일판매ㆍ공급계약체결,2024-12-20,KOSPI,9350.0,9100.0,9090.0,8810.0,-0.0267379679144385,-0.027807486631016065,-0.05775401069518715,
525365,20250108800326,00152880,코오롱글로벌,003070,단일판매ㆍ공급계약체결,2025-01-08,KOSPI,9020.0,9050.0,9150.0,9240.0,0.003325942350332678,0.014412416851441234,0.024390243902439046,
406122,20250430801430,00152880,코오롱글로벌,003070,단일판매ㆍ공급계약체결,2025-04-30,KOSPI,8650.0,8650.0,8640.0,8880.0,0.0,-0.0011560693641619046,0.026589595375722475,
393011,20250528800105,00152880,코오롱글로벌,003070,단일판매ㆍ공급계약체결,2025-05-28,KOSPI,8850.0,9040.0,9050.0,9210.0,0.021468926553672274,0.02259887005649719,0.04067796610169494,
377853,20250625800439,00152880,코오롱글로벌,003070,단일판매ㆍ공급계약체결,2025-06-25,KOSPI,9890.0,9810.0,9840.0,10770.0,-0.008088978766430777,-0.005055611729019249,0.08897876643073821,
375708,20250627800786,00152880,코오롱글로벌,003070,단일판매ㆍ공급계약체결,2025-06-27,KOSPI,9840.0,10080.0,10420.0,10340.0,0.024390243902439046,0.05894308943089421,0.05081300813008127,
368832,20250714800309,00152880,코오롱글로벌,003070,단일판매ㆍ공급계약체결,2025-07-14,KOSPI,10250.0,10250.0,10120.0,9950.0,0.0,-0.012682926829268304,-0.029268292682926855,
368805,20250714800358,00152880,코오롱글로벌,003070,단일판매ㆍ공급계약체결,2025-07-14,KOSPI,10250.0,10250.0,10120.0,9950.0,0.0,-0.012682926829268304,-0.029268292682926855,
367231,20250717800512,00152880,코오롱글로벌,003070,단일판매ㆍ공급계약체결,2025-07-17,KOSPI,10000.0,9990.0,9950.0,9720.0,-0.0010000000000000009,-0.0050000000000000044,-0.028000000000000025,
363257,20250728800133,00152880,코오롱글로벌,003070,단일판매ㆍ공급계약체결,2025-07-28,KOSPI,9540.0,9600.0,9600.0,9450.0,0.0062893081761006275,0.0062893081761006275,-0.009433962264150941,
340218,20250829800638,00152880,코오롱글로벌,003070,단일판매ㆍ공급계약체결,2025-08-29,KOSPI,8770.0,8770.0,8880.0,8940.0,0.0,0.012542759407069504,0.019384264538198304,
314512,20251105800162,00152880,코오롱글로벌,003070,단일판매ㆍ공급계약체결,2025-11-05,KOSPI,8730.0,8720.0,8750.0,9090.0,-0.001145475372279492,0.002290950744558984,0.04123711340206193,
306835,20251114802814,00152880,코오롱글로벌,003070,단일판매ㆍ공급계약체결,2025-11-14,KOSPI,8930.0,9070.0,8920.0,9110.0,0.015677491601343796,-0.0011198208286674616,0.02015677491601342,
294046,20251209800085,00152880,코오롱글로벌,003070,단일판매ㆍ공급계약체결,2025-12-09,KOSPI,9720.0,9680.0,9610.0,9230.0,-0.004115226337448541,-0.011316872427983515,-0.05041152263374482,
287759,20251217800118,00152880,코오롱글로벌,003070,단일판매ㆍ공급계약체결,2025-12-17,KOSPI,9280.0,9460.0,9490.0,9220.0,0.0193965517241379,0.022629310344827624,-0.006465517241379337,
284132,20251223800724,00152880,코오롱글로벌,003070,단일판매ㆍ공급계약체결,2025-12-23,KOSPI,9320.0,9220.0,9260.0,8950.0,-0.010729613733905574,-0.006437768240343367,-0.03969957081545061,
283076,20251224800648,00152880,코오롱글로벌,003070,단일판매ㆍ공급계약체결,2025-12-24,KOSPI,9220.0,9260.0,9100.0,8920.0,0.00433839479392617,-0.013015184381778733,-0.03253796095444683,
21117,20260428800143,00152880,코오롱글로벌,003070,단일판매ㆍ공급계약체결,2026-04-28,KOSPI,11850.0,11860.0,11450.0,11070.0,0.0008438818565401629,-0.03375527426160341,-0.0658227848101266,
8955,20260515800349,00152880,코오롱글로벌,003070,단일판매ㆍ공급계약체결,2026-05-15,KOSPI,10500.0,10070.0,9970.0,10170.0,-0.04095238095238096,-0.05047619047619045,-0.03142857142857147,
3270,20260522800384,00152880,코오롱글로벌,003070,단일판매ㆍ공급계약체결,2026-05-22,KOSPI,10170.0,10000.0,9600.0,8990.0,-0.01671583087512296,-0.05604719764011801,-0.11602753195673554,
116740,20260617800109,00152880,코오롱글로벌,003070,단일판매ㆍ공급계약체결,2026-06-17,KOSPI,9710.0,10070.0,9810.0,9240.0,0.037075180226570525,0.01029866117404743,-0.0484037075180227,
596975,20240819800537,00152862,코오롱,002020,단일판매ㆍ공급계약체결(자회사의 주요경영사항),2024-08-19,KOSPI,15110.0,15300.0,15260.0,15250.0,0.012574454003970947,0.00992720052945062,0.009265387160820593,
586020,20240904800267,00152862,코오롱,002020,단일판매ㆍ공급계약체결(자회사의 주요경영사항),2024-09-04,KOSPI,15300.0,14870.0,14700.0,14470.0,-0.028104575163398704,-0.039215686274509776,-0.054248366013071925,
582378,20240912800195,00152862,코오롱,002020,단일판매ㆍ공급계약체결(자회사의 주요경영사항),2024-09-12,KOSPI,14730.0,14800.0,14800.0,14890.0,0.004752206381534174,0.004752206381534174,0.010862186014935604,
563043,20241031800782,00152862,코오롱,002020,단일판매ㆍ공급계약체결(자회사의 주요경영사항),2024-10-31,KOSPI,14450.0,14310.0,14310.0,14490.0,-0.00968858131487893,-0.00968858131487893,0.0027681660899654403,
562660,20241101800258,00152862,코오롱,002020,단일판매ㆍ공급계약체결(자회사의 주요경영사항),2024-11-01,KOSPI,14310.0,14310.0,14470.0,14420.0,0.0,0.011180992313067684,0.007686932215234199,
562659,20241101800261,00152862,코오롱,002020,단일판매ㆍ공급계약체결(자회사의 주요경영사항),2024-11-01,KOSPI,14310.0,14310.0,14470.0,14420.0,0.0,0.011180992313067684,0.007686932215234199,
546739,20241129800118,00152862,코오롱,002020,단일판매ㆍ공급계약체결(자회사의 주요경영사항),2024-11-29,KOSPI,13770.0,13920.0,13860.0,13260.0,0.01089324618736387,0.006535947712418277,-0.03703703703703709,
535119,20241217800524,00152862,코오롱,002020,단일판매ㆍ공급계약체결(자회사의 주요경영사항),2024-12-17,KOSPI,15050.0,15080.0,14620.0,14700.0,0.001993355481727521,-0.02857142857142858,-0.023255813953488413,
533261,20241220800128,00152862,코오롱,002020,단일판매ㆍ공급계약체결(자회사의 주요경영사항),2024-12-20,KOSPI,14300.0,14520.0,14700.0,14030.0,0.01538461538461533,0.027972027972027913,-0.018881118881118875,
525353,20250108800335,00152862,코오롱,002020,단일판매ㆍ공급계약체결(자회사의 주요경영사항),2025-01-08,KOSPI,14720.0,14900.0,14690.0,14760.0,0.012228260869565188,-0.0020380434782608647,0.0027173913043478937,
406048,20250430801477,00152862,코오롱,002020,단일판매ㆍ공급계약체결(자회사의 주요경영사항),2025-04-30,KOSPI,23350.0,21850.0,22250.0,22550.0,-0.06423982869379019,-0.047109207708779466,-0.03426124197002145,
393008,20250528800114,00152862,코오롱,002020,단일판매ㆍ공급계약체결(자회사의 주요경영사항),2025-05-28,KOSPI,29250.0,34450.0,34900.0,35400.0,0.1777777777777778,0.19316239316239314,0.21025641025641018,
377823,20250625800467,00152862,코오롱,002020,단일판매ㆍ공급계약체결(자회사의 주요경영사항),2025-06-25,KOSPI,42900.0,44850.0,53500.0,50200.0,0.045454545454545414,0.24708624708624716,0.17016317016317006,
375688,20250627800805,00152862,코오롱,002020,단일판매ㆍ공급계약체결(자회사의 주요경영사항),2025-06-27,KOSPI,53500.0,50900.0,53500.0,43400.0,-0.04859813084112152,0.0,-0.188785046728972,
368828,20250714800341,00152862,코오롱,002020,단일판매ㆍ공급계약체결(자회사의 주요경영사항),2025-07-14,KOSPI,58800.0,57600.0,58800.0,56000.0,-0.020408163265306145,0.0,-0.04761904761904767,
368801,20250714800379,00152862,코오롱,002020,단일판매ㆍ공급계약체결(자회사의 주요경영사항),2025-07-14,KOSPI,58800.0,57600.0,58800.0,56000.0,-0.020408163265306145,0.0,-0.04761904761904767,
367228,20250717800533,00152862,코오롱,002020,단일판매ㆍ공급계약체결(자회사의 주요경영사항),2025-07-17,KOSPI,61000.0,57300.0,56000.0,50600.0,-0.060655737704918056,-0.08196721311475408,-0.17049180327868851,
363255,20250728800147,00152862,코오롱,002020,단일판매ㆍ공급계약체결(자회사의 주요경영사항),2025-07-28,KOSPI,49400.0,48000.0,47300.0,44750.0,-0.028340080971659964,-0.04251012145748989,-0.09412955465587047,
340173,20250829800682,00152862,코오롱,002020,단일판매ㆍ공급계약체결(자회사의 주요경영사항),2025-08-29,KOSPI,44000.0,44550.0,43950.0,45550.0,0.012499999999999956,-0.001136363636363602,0.03522727272727266,
314505,20251105800174,00152862,코오롱,002020,단일판매ㆍ공급계약체결(자회사의 주요경영사항),2025-11-05,KOSPI,45000.0,48500.0,44100.0,48000.0,0.07777777777777772,-0.020000000000000018,0.06666666666666665,
306826,20251114802921,00152862,코오롱,002020,단일판매ㆍ공급계약체결(자회사의 주요경영사항),2025-11-14,KOSPI,46900.0,48700.0,49200.0,51300.0,0.03837953091684443,0.049040511727078906,0.09381663113006389,
294044,20251209800099,00152862,코오롱,002020,단일판매ㆍ공급계약체결(자회사의 주요경영사항),2025-12-09,KOSPI,49650.0,50100.0,50000.0,53000.0,0.009063444108761365,0.007049345417925457,0.06747230614300093,
287754,20251217800127,00152862,코오롱,002020,단일판매ㆍ공급계약체결(자회사의 주요경영사항),2025-12-17,KOSPI,51000.0,51600.0,51300.0,50300.0,0.0117647058823529,0.00588235294117645,-0.013725490196078383,
284106,20251223800744,00152862,코오롱,002020,단일판매ㆍ공급계약체결(자회사의 주요경영사항),2025-12-23,KOSPI,51600.0,50300.0,50800.0,45650.0,-0.025193798449612448,-0.015503875968992276,-0.11531007751937983,
283075,20251224800698,00152862,코오롱,002020,단일판매ㆍ공급계약체결(자회사의 주요경영사항),2025-12-24,KOSPI,50300.0,50800.0,50500.0,45000.0,0.00994035785288272,0.003976143141153132,-0.10536779324055667,
21108,20260428800155,00152862,코오롱,002020,단일판매ㆍ공급계약체결(자회사의 주요경영사항),2026-04-28,KOSPI,66000.0,75000.0,72000.0,72000.0,0.13636363636363646,0.09090909090909083,0.09090909090909083,
8943,20260515800419,00152862,코오롱,002020,단일판매ㆍ공급계약체결(자회사의 주요경영사항),2026-05-15,KOSPI,64700.0,66100.0,66500.0,66300.0,0.021638330757341562,0.02782071097372496,0.02472952086553315,
3252,20260522800397,00152862,코오롱,002020,단일판매ㆍ공급계약체결(자회사의 주요경영사항),2026-05-22,KOSPI,66300.0,67000.0,64300.0,54900.0,0.010558069381598756,-0.0301659125188537,-0.17194570135746612,
116739,20260617800113,00152862,코오롱,002020,단일판매ㆍ공급계약체결(자회사의 주요경영사항),2026-06-17,KOSPI,55100.0,55000.0,52000.0,48000.0,-0.001814882032667886,-0.056261343012704135,-0.12885662431941924,
597291,20240819900060,00838005,서진시스템,178320,단일판매ㆍ공급계약체결(자율공시),2024-08-19,KOSDAQ,27550.0,28800.0,28450.0,25850.0,0.04537205081669682,0.03266787658802173,-0.06170598911070779,
530887,20241226900151,00838005,서진시스템,178320,단일판매ㆍ공급계약체결,2024-12-26,KOSDAQ,26500.0,25950.0,26850.0,25450.0,-0.02075471698113207,0.013207547169811429,-0.03962264150943395,
451243,20250401900401,00838005,서진시스템,178320,단일판매ㆍ공급계약체결(자율공시),2025-04-01,KOSDAQ,21800.0,21200.0,19450.0,17240.0,-0.02752293577981646,-0.10779816513761464,-0.20917431192660552,
345211,20250826900208,00838005,서진시스템,178320,단일판매ㆍ공급계약체결,2025-08-26,KOSDAQ,19150.0,19740.0,19500.0,18970.0,0.030809399477806698,0.018276762402088753,-0.009399477806788514,
302170,20251126900203,00838005,서진시스템,178320,단일판매ㆍ공급계약체결,2025-11-26,KOSDAQ,24600.0,24450.0,24400.0,24950.0,-0.0060975609756097615,-0.008130081300813052,0.014227642276422703,
283635,20251224900082,00838005,서진시스템,178320,단일판매ㆍ공급계약체결(자율공시),2025-12-24,KOSDAQ,25800.0,25300.0,25700.0,26700.0,-0.019379844961240345,-0.003875968992248069,0.03488372093023262,
92734,20260317900380,00838005,서진시스템,178320,단일판매ㆍ공급계약체결,2026-03-17,KOSDAQ,45650.0,45200.0,45400.0,49200.0,-0.009857612267250793,-0.005476451259583737,0.07776560788608977,
21154,20260428900099,00838005,서진시스템,178320,단일판매ㆍ공급계약체결,2026-04-28,KOSDAQ,51300.0,56700.0,59500.0,68100.0,0.10526315789473695,0.1598440545808968,0.32748538011695905,
5861,20260518900352,00838005,서진시스템,178320,단일판매ㆍ공급계약체결,2026-05-18,KOSDAQ,72800.0,69800.0,65700.0,78600.0,-0.04120879120879117,-0.09752747252747251,0.07967032967032961,
596514,20240820900462,01231786,엑스페릭스,317770,단일판매ㆍ공급계약체결,2024-08-20,KOSDAQ,3500.0,3465.0,3315.0,3330.0,-0.010000000000000009,-0.052857142857142825,-0.0485714285714286,
596486,20240820900502,00276083,피노,033790,단일판매ㆍ공급계약체결,2024-08-20,KOSDAQ,12300.0,11850.0,11960.0,11760.0,-0.03658536585365857,-0.027642276422764178,-0.04390243902439028,
594683,20240823900565,00276083,피노,033790,단일판매ㆍ공급계약체결,2024-08-23,KOSDAQ,11770.0,11950.0,11760.0,11250.0,0.015293118096856517,-0.000849617672047609,-0.04418011894647411,
573184,20241008900278,00276083,피노,033790,단일판매ㆍ공급계약체결,2024-10-08,KOSDAQ,9040.0,8930.0,8700.0,8490.0,-0.012168141592920345,-0.03761061946902655,-0.060840707964601726,
567973,20241022900185,00276083,피노,033790,단일판매ㆍ공급계약체결,2024-10-22,KOSDAQ,8350.0,8920.0,8250.0,8000.0,0.06826347305389224,-0.0119760479041916,-0.041916167664670656,
563499,20241031900262,00276083,피노,033790,단일판매ㆍ공급계약체결,2024-10-31,KOSDAQ,8000.0,8110.0,7790.0,6870.0,0.013749999999999929,-0.026249999999999996,-0.14125,
559292,20241111900331,00276083,피노,033790,단일판매ㆍ공급계약체결,2024-11-11,KOSDAQ,6860.0,6400.0,6030.0,6050.0,-0.06705539358600587,-0.12099125364431484,-0.11807580174927113,
539641,20241212900439,00276083,피노,033790,단일판매ㆍ공급계약체결,2024-12-12,KOSDAQ,6050.0,6040.0,6170.0,5980.0,-0.0016528925619834212,0.01983471074380172,-0.011570247933884281,
533725,20241219900405,00276083,피노,033790,단일판매ㆍ공급계약체결,2024-12-19,KOSDAQ,5980.0,5750.0,5570.0,5150.0,-0.038461538461538436,-0.06856187290969895,-0.1387959866220736,
528885,20241230900411,00276083,피노,033790,단일판매ㆍ공급계약체결,2024-12-30,KOSDAQ,5080.0,5180.0,5410.0,5300.0,0.019685039370078705,0.06496062992125995,0.04330708661417315,
527155,20250103900163,00276083,피노,033790,단일판매ㆍ공급계약체결,2025-01-03,KOSDAQ,5410.0,5470.0,5500.0,4955.0,0.01109057301293892,0.01663585951940849,-0.08410351201478738,
524937,20250109900215,00276083,피노,033790,단일판매ㆍ공급계약체결,2025-01-09,KOSDAQ,5190.0,4955.0,4780.0,5610.0,-0.045279383429672415,-0.07899807321772645,0.08092485549132955,
517953,20250124900214,00276083,피노,033790,단일판매ㆍ공급계약체결,2025-01-24,KOSDAQ,5150.0,4945.0,4860.0,4600.0,-0.03980582524271847,-0.05631067961165048,-0.10679611650485432,
506679,20250213901511,00276083,피노,033790,단일판매ㆍ공급계약체결,2025-02-13,KOSDAQ,5990.0,6200.0,7060.0,7290.0,0.03505843071786319,0.1786310517529215,0.21702838063439067,
502605,20250219900423,00276083,피노,033790,단일판매ㆍ공급계약체결,2025-02-19,KOSDAQ,7340.0,7290.0,8020.0,7980.0,-0.006811989100817484,0.0926430517711172,0.08719346049046317,
494036,20250227901191,00276083,피노,033790,단일판매ㆍ공급계약체결,2025-02-27,KOSDAQ,7930.0,7450.0,6850.0,6200.0,-0.060529634300126145,-0.1361916771752837,-0.21815889029003788,
488969,20250306900195,00276083,피노,033790,단일판매ㆍ공급계약체결,2025-03-06,KOSDAQ,6200.0,6200.0,5960.0,6030.0,0.0,-0.03870967741935483,-0.02741935483870972,
487288,20250307900565,00276083,피노,033790,단일판매ㆍ공급계약체결,2025-03-07,KOSDAQ,6200.0,5960.0,5960.0,5960.0,-0.03870967741935483,-0.03870967741935483,-0.03870967741935483,
483479,20250311901663,00276083,피노,033790,단일판매ㆍ공급계약체결,2025-03-11,KOSDAQ,5960.0,5900.0,6030.0,5500.0,-0.010067114093959773,0.011744966442952975,-0.07718120805369133,
481195,20250313900283,00276083,피노,033790,단일판매ㆍ공급계약체결,2025-03-13,KOSDAQ,6030.0,5960.0,5700.0,6040.0,-0.011608623548922004,-0.05472636815920395,0.0016583747927032544,
472961,20250319901145,00276083,피노,033790,단일판매ㆍ공급계약체결,2025-03-19,KOSDAQ,5810.0,6040.0,5810.0,5680.0,0.03958691910499135,0.0,-0.022375215146299476,
469875,20250321900511,00276083,피노,033790,단일판매ㆍ공급계약체결,2025-03-21,KOSDAQ,5810.0,5460.0,5570.0,5350.0,-0.06024096385542166,-0.04130808950086062,-0.0791738382099828,
463543,20250326902757,00276083,피노,033790,단일판매ㆍ공급계약체결,2025-03-26,KOSDAQ,5680.0,5570.0,5350.0,5040.0,-0.01936619718309862,-0.05809859154929575,-0.11267605633802813,
455666,20250331901806,00276083,피노,033790,단일판매ㆍ공급계약체결,2025-03-31,KOSDAQ,5130.0,5150.0,5040.0,4920.0,0.003898635477582957,-0.01754385964912286,-0.040935672514619936,
437200,20250404901147,00276083,피노,033790,단일판매ㆍ공급계약체결,2025-04-04,KOSDAQ,5090.0,4920.0,4945.0,4945.0,-0.03339882121807469,-0.028487229862475427,-0.028487229862475427,
409800,20250425900917,00276083,피노,033790,단일판매ㆍ공급계약체결,2025-04-25,KOSDAQ,6360.0,5600.0,5500.0,5280.0,-0.11949685534591192,-0.1352201257861635,-0.16981132075471694,
404421,20250508900455,00276083,피노,033790,단일판매ㆍ공급계약체결,2025-05-08,KOSDAQ,5260.0,5480.0,5420.0,5500.0,0.041825095057034245,0.03041825095057038,0.04562737642585546,
401667,20250514900323,00276083,피노,033790,단일판매ㆍ공급계약체결,2025-05-14,KOSDAQ,5860.0,5500.0,5280.0,4895.0,-0.061433447098976135,-0.0989761092150171,-0.1646757679180887,
396816,20250519900093,00276083,피노,033790,단일판매ㆍ공급계약체결,2025-05-19,KOSDAQ,5200.0,5060.0,4895.0,4695.0,-0.02692307692307694,-0.05865384615384617,-0.0971153846153846,
385041,20250609900244,00276083,피노,033790,단일판매ㆍ공급계약체결,2025-06-09,KOSDAQ,4745.0,4930.0,4810.0,4380.0,0.03898840885142252,0.013698630136986356,-0.07692307692307687,
385040,20250609900247,00276083,피노,033790,단일판매ㆍ공급계약체결,2025-06-09,KOSDAQ,4745.0,4930.0,4810.0,4380.0,0.03898840885142252,0.013698630136986356,-0.07692307692307687,
384610,20250610900247,00276083,피노,033790,단일판매ㆍ공급계약체결,2025-06-10,KOSDAQ,4930.0,4810.0,4760.0,4325.0,-0.024340770791075106,-0.03448275862068961,-0.12271805273833669,
372396,20250704900332,00276083,피노,033790,단일판매ㆍ공급계약체결,2025-07-04,KOSDAQ,4080.0,4005.0,3985.0,4200.0,-0.018382352941176516,-0.023284313725490224,0.02941176470588225,
371786,20250707900122,00276083,피노,033790,단일판매ㆍ공급계약체결,2025-07-07,KOSDAQ,4005.0,3985.0,3995.0,4525.0,-0.004993757802746579,-0.0024968789013732895,0.12983770287141083,
362033,20250730900440,00276083,피노,033790,단일판매ㆍ공급계약체결,2025-07-30,KOSDAQ,4095.0,4070.0,3910.0,4445.0,-0.006105006105006083,-0.04517704517704513,0.08547008547008539,
358305,20250806900528,00276083,피노,033790,단일판매ㆍ공급계약체결,2025-08-06,KOSDAQ,4445.0,4770.0,4915.0,4600.0,0.07311586051743535,0.10573678290213717,0.03487064116985383,
358006,20250807900208,00276083,피노,033790,단일판매ㆍ공급계약체결,2025-08-07,KOSDAQ,4770.0,4915.0,4770.0,4705.0,0.03039832285115307,0.0,-0.013626834381551323,
348555,20250818900099,00276083,피노,033790,단일판매ㆍ공급계약체결,2025-08-18,KOSDAQ,4510.0,4345.0,4200.0,4160.0,-0.03658536585365857,-0.0687361419068736,-0.07760532150776056,
339947,20250829900824,00276083,피노,033790,단일판매ㆍ공급계약체결,2025-08-29,KOSDAQ,4060.0,4095.0,4105.0,4155.0,0.008620689655172376,0.011083743842364546,0.023399014778325178,
338224,20250904900149,00276083,피노,033790,단일판매ㆍ공급계약체결,2025-09-04,KOSDAQ,4235.0,4155.0,4070.0,4105.0,-0.018890200708382543,-0.038961038961038974,-0.030696576151121646,
338223,20250904900151,00276083,피노,033790,단일판매ㆍ공급계약체결,2025-09-04,KOSDAQ,4235.0,4155.0,4070.0,4105.0,-0.018890200708382543,-0.038961038961038974,-0.030696576151121646,
324339,20251013900289,00276083,피노,033790,단일판매ㆍ공급계약체결,2025-10-13,KOSDAQ,3950.0,3940.0,3905.0,4010.0,-0.0025316455696202667,-0.011392405063291089,0.0151898734177216,
324338,20251013900291,00276083,피노,033790,단일판매ㆍ공급계약체결,2025-10-13,KOSDAQ,3950.0,3940.0,3905.0,4010.0,-0.0025316455696202667,-0.011392405063291089,0.0151898734177216,
322639,20251016900490,00276083,피노,033790,단일판매ㆍ공급계약체결,2025-10-16,KOSDAQ,4030.0,4150.0,4010.0,4040.0,0.02977667493796532,-0.00496277915632759,0.002481389578163684,
313601,20251106900592,00276083,피노,033790,단일판매ㆍ공급계약체결,2025-11-06,KOSDAQ,3750.0,3740.0,3860.0,3925.0,-0.002666666666666706,0.029333333333333433,0.046666666666666634,
305820,20251118900226,00276083,피노,033790,단일판매ㆍ공급계약체결,2025-11-18,KOSDAQ,3795.0,3685.0,3860.0,3865.0,-0.02898550724637683,0.017127799736495364,0.01844532279314892,
304585,20251120900612,00276083,피노,033790,단일판매ㆍ공급계약체결,2025-11-20,KOSDAQ,3860.0,3970.0,3870.0,4145.0,0.02849740932642497,0.002590673575129543,0.07383419689119175,
295951,20251203900356,00276083,피노,033790,단일판매ㆍ공급계약체결,2025-12-03,KOSDAQ,5310.0,5490.0,5930.0,6120.0,0.03389830508474567,0.11676082862523551,0.15254237288135597,
295294,20251204900630,00276083,피노,033790,단일판매ㆍ공급계약체결,2025-12-04,KOSDAQ,5490.0,5930.0,6400.0,6150.0,0.08014571948998173,0.16575591985428062,0.12021857923497259,
283499,20251224900222,00276083,피노,033790,단일판매ㆍ공급계약체결,2025-12-24,KOSDAQ,5800.0,5630.0,5550.0,5320.0,-0.02931034482758621,-0.0431034482758621,-0.08275862068965523,
277604,20260106900678,00276083,피노,033790,단일판매ㆍ공급계약체결,2026-01-06,KOSDAQ,5540.0,5280.0,5190.0,5360.0,-0.04693140794223827,-0.06317689530685922,-0.032490974729241895,
259668,20260206901094,00276083,피노,033790,단일판매ㆍ공급계약체결,2026-02-06,KOSDAQ,6040.0,6010.0,5820.0,5590.0,-0.004966887417218513,-0.03642384105960261,-0.07450331125827814,
94983,20260316900430,00276083,피노,033790,단일판매ㆍ공급계약체결,2026-03-16,KOSDAQ,4920.0,4860.0,5090.0,4525.0,-0.012195121951219523,0.03455284552845539,-0.08028455284552849,
43223,20260408900802,00276083,피노,033790,단일판매ㆍ공급계약체결,2026-04-08,KOSDAQ,10050.0,10060.0,10690.0,9100.0,0.0009950248756218638,0.06368159203980106,-0.09452736318407962,
596438,20240820900552,00177320,대성미생물,036480,단일판매ㆍ공급계약체결,2024-08-20,KOSDAQ,10150.0,10210.0,10080.0,10000.0,0.005911330049261032,-0.006896551724137945,-0.014778325123152691,
323506,20251015900082,00177320,대성미생물,036480,단일판매ㆍ공급계약체결,2025-10-15,KOSDAQ,7550.0,7450.0,7440.0,7430.0,-0.013245033112582738,-0.014569536423841067,-0.015894039735099286,
596176,20240821800133,00111421,휴니드테크놀러지스,005870,단일판매ㆍ공급계약체결,2024-08-21,KOSPI,7860.0,7800.0,7570.0,7270.0,-0.007633587786259555,-0.03689567430025442,-0.0750636132315522,
554144,20241115800063,00111421,휴니드테크놀러지스,005870,단일판매ㆍ공급계약체결,2024-11-15,KOSPI,9040.0,9280.0,8870.0,8100.0,0.026548672566371723,-0.01880530973451322,-0.10398230088495575,
327577,20250930800212,00111421,휴니드테크놀러지스,005870,단일판매ㆍ공급계약체결,2025-09-30,KOSPI,8520.0,8390.0,8360.0,8000.0,-0.015258215962441368,-0.018779342723004744,-0.06103286384976525,
316914,20251030800340,00111421,휴니드테크놀러지스,005870,단일판매ㆍ공급계약체결,2025-10-30,KOSPI,8420.0,8200.0,8110.0,7750.0,-0.026128266033254133,-0.03681710213776723,-0.07957244655581952,
308525,20251114801159,00111421,휴니드테크놀러지스,005870,단일판매ㆍ공급계약체결,2025-11-14,KOSPI,7660.0,7780.0,7570.0,7570.0,0.015665796344647598,-0.011749347258485643,-0.011749347258485643,
303156,20251125800080,00111421,휴니드테크놀러지스,005870,단일판매ㆍ공급계약체결,2025-11-25,KOSPI,7630.0,7710.0,7630.0,7820.0,0.010484927916120546,0.0,0.02490170380078638,
277932,20260106800212,00111421,휴니드테크놀러지스,005870,단일판매ㆍ공급계약체결,2026-01-06,KOSPI,8000.0,7930.0,8230.0,7920.0,-0.008750000000000036,0.028750000000000053,-0.010000000000000009,
5216,20260519800415,00111421,휴니드테크놀러지스,005870,단일판매ㆍ공급계약체결,2026-05-19,KOSPI,7230.0,6950.0,6970.0,6610.0,-0.0387275242047026,-0.03596127247579528,-0.08575380359612728,
128494,20260529800855,00111421,휴니드테크놀러지스,005870,단일판매ㆍ공급계약체결,2026-05-29,KOSPI,6270.0,6000.0,5880.0,5450.0,-0.0430622009569378,-0.062200956937799035,-0.1307814992025519,
122350,20260605800404,00111421,휴니드테크놀러지스,005870,단일판매ㆍ공급계약체결,2026-06-05,KOSPI,5700.0,5450.0,5540.0,5600.0,-0.04385964912280704,-0.028070175438596467,-0.01754385964912286,
595897,20240821800381,01310269,IPARK현대산업개발,294870,단일판매ㆍ공급계약체결,2024-08-21,KOSPI,25050.0,24150.0,26000.0,25550.0,-0.0359281437125748,0.03792415169660668,0.019960079840319445,
563942,20241030800586,01310269,IPARK현대산업개발,294870,단일판매ㆍ공급계약체결,2024-10-30,KOSPI,20450.0,19820.0,19780.0,21300.0,-0.030806845965770213,-0.0327628361858191,0.041564792176039145,
548511,20241128800341,01310269,IPARK현대산업개발,294870,단일판매ㆍ공급계약체결,2024-11-28,KOSPI,20650.0,20650.0,20200.0,18960.0,0.0,-0.021791767554479424,-0.0818401937046005,
529492,20241227800812,01310269,IPARK현대산업개발,294870,단일판매ㆍ공급계약체결,2024-12-27,KOSPI,17980.0,18050.0,17650.0,18200.0,0.0038932146829810943,-0.01835372636262511,0.012235817575083408,
469708,20250321800777,01310269,IPARK현대산업개발,294870,단일판매ㆍ공급계약체결,2025-03-21,KOSPI,19380.0,19780.0,19660.0,20800.0,0.02063983488132104,0.014447884416924683,0.0732714138286894,
403154,20250512800218,01310269,IPARK현대산업개발,294870,단일판매ㆍ공급계약체결,2025-05-12,KOSPI,25100.0,25000.0,25500.0,24450.0,-0.003984063745019917,0.015936254980079667,-0.02589641434262946,
396603,20250519800396,01310269,IPARK현대산업개발,294870,단일판매ㆍ공급계약체결,2025-05-19,KOSPI,24450.0,24400.0,24800.0,23550.0,-0.002044989775051076,0.014314928425357865,-0.036809815950920255,
391679,20250529800390,01310269,IPARK현대산업개발,294870,단일판매ㆍ공급계약체결,2025-05-29,KOSPI,24300.0,23400.0,23350.0,24700.0,-0.03703703703703709,-0.039094650205761305,0.016460905349794164,
363058,20250728800385,01310269,IPARK현대산업개발,294870,단일판매ㆍ공급계약체결,2025-07-28,KOSPI,22700.0,24000.0,23700.0,23100.0,0.05726872246696035,0.044052863436123246,0.017621145374449254,
330957,20250923800532,01310269,IPARK현대산업개발,294870,단일판매ㆍ공급계약체결,2025-09-23,KOSPI,20700.0,20650.0,20400.0,20350.0,-0.0024154589371980784,-0.01449275362318836,-0.016908212560386437,
330767,20250924800053,01310269,IPARK현대산업개발,294870,단일판매ㆍ공급계약체결,2025-09-24,KOSPI,20650.0,20400.0,20250.0,20000.0,-0.01210653753026636,-0.01937046004842613,-0.03147699757869249,
320753,20251022800143,01310269,IPARK현대산업개발,294870,단일판매ㆍ공급계약체결,2025-10-22,KOSPI,19350.0,19340.0,19420.0,19900.0,-0.000516795865633024,0.0036175710594315014,0.028423772609819098,
313513,20251106800720,01310269,IPARK현대산업개발,294870,단일판매ㆍ공급계약체결,2025-11-06,KOSPI,18710.0,18480.0,18650.0,19360.0,-0.012292891501870629,-0.003206841261357618,0.03474078033137351,
304060,20251121800506,01310269,IPARK현대산업개발,294870,단일판매ㆍ공급계약체결,2025-11-21,KOSPI,20300.0,19810.0,19450.0,19630.0,-0.024137931034482807,-0.041871921182266014,-0.033004926108374355,
301632,20251126800781,01310269,IPARK현대산업개발,294870,단일판매ㆍ공급계약체결,2025-11-26,KOSPI,19790.0,19500.0,19630.0,19660.0,-0.014653865588681203,-0.008084891359272373,-0.0065689742294088305,
284333,20251223800465,01310269,IPARK현대산업개발,294870,단일판매ㆍ공급계약체결,2025-12-23,KOSPI,21150.0,21150.0,20700.0,20900.0,0.0,-0.021276595744680882,-0.011820330969267157,
277790,20260106800390,01310269,IPARK현대산업개발,294870,단일판매ㆍ공급계약체결,2026-01-06,KOSPI,20750.0,20600.0,20250.0,20600.0,-0.0072289156626506035,-0.02409638554216864,-0.0072289156626506035,
271014,20260120800763,01310269,IPARK현대산업개발,294870,단일판매ㆍ공급계약체결,2026-01-20,KOSPI,20350.0,20050.0,20300.0,20500.0,-0.014742014742014753,-0.002457002457002422,0.0073710073710073765,
261480,20260205800384,01310269,IPARK현대산업개발,294870,단일판매ㆍ공급계약체결,2026-02-05,KOSPI,20600.0,20900.0,21900.0,23150.0,0.014563106796116498,0.06310679611650483,0.12378640776699035,
119044,20260611800770,01310269,IPARK현대산업개발,294870,단일판매ㆍ공급계약체결,2026-06-11,KOSPI,19340.0,19920.0,20400.0,20200.0,0.02998965873836612,0.054808686659772565,0.04446742502585321,
595885,20240821800429,00164636,HDC,012630,단일판매ㆍ공급계약체결(자회사의 주요경영사항),2024-08-21,KOSPI,10830.0,10450.0,10860.0,10860.0,-0.03508771929824561,0.0027700831024930483,0.0027700831024930483,
563931,20241030800637,00164636,HDC,012630,단일판매ㆍ공급계약체결(자회사의 주요경영사항),2024-10-30,KOSPI,11070.0,11250.0,11300.0,11750.0,0.016260162601626105,0.020776874435411097,0.061427280939476026,
548449,20241128800361,00164636,HDC,012630,단일판매ㆍ공급계약체결(자회사의 주요경영사항),2024-11-28,KOSPI,12220.0,12030.0,11680.0,11860.0,-0.01554828150572829,-0.04418985270049103,-0.029459901800327315,
529458,20241227800842,00164636,HDC,012630,단일판매ㆍ공급계약체결(자회사의 주요경영사항),2024-12-27,KOSPI,12000.0,11910.0,12090.0,12400.0,-0.007499999999999951,0.007500000000000062,0.03333333333333344,
469651,20250321800881,00164636,HDC,012630,단일판매ㆍ공급계약체결(자회사의 주요경영사항),2025-03-21,KOSPI,14490.0,14530.0,14300.0,14750.0,0.002760524499654915,-0.013112491373360902,0.01794340924775706,
403147,20250512800227,00164636,HDC,012630,단일판매ㆍ공급계약체결(자회사의 주요경영사항),2025-05-12,KOSPI,19050.0,19360.0,19060.0,19250.0,0.016272965879265078,0.0005249343832021136,0.01049868766404205,
396602,20250519800427,00164636,HDC,012630,단일판매ㆍ공급계약체결(자회사의 주요경영사항),2025-05-19,KOSPI,19250.0,19260.0,19800.0,18850.0,0.0005194805194805863,0.02857142857142847,-0.020779220779220786,
391672,20250529800446,00164636,HDC,012630,단일판매ㆍ공급계약체결(자회사의 주요경영사항),2025-05-29,KOSPI,19800.0,19600.0,19500.0,21800.0,-0.010101010101010055,-0.015151515151515138,0.101010101010101,
363049,20250728800424,00164636,HDC,012630,단일판매ㆍ공급계약체결(자회사의 주요경영사항),2025-07-28,KOSPI,22500.0,22750.0,23550.0,22600.0,0.011111111111111072,0.046666666666666634,0.004444444444444473,
330954,20250923800538,00164636,HDC,012630,단일판매ㆍ공급계약체결(자회사의 주요경영사항),2025-09-23,KOSPI,18220.0,18290.0,18170.0,17400.0,0.0038419319429199295,-0.0027442371020856005,-0.04500548847420416,
330764,20250924800057,00164636,HDC,012630,단일판매ㆍ공급계약체결(자회사의 주요경영사항),2025-09-24,KOSPI,18290.0,18170.0,17860.0,17140.0,-0.006560962274466897,-0.023510114816839844,-0.06287588846364134,
320752,20251022800145,00164636,HDC,012630,단일판매ㆍ공급계약체결(자회사의 주요경영사항),2025-10-22,KOSPI,17820.0,17540.0,17860.0,18760.0,-0.015712682379349086,0.002244668911335568,0.052749719416386176,
313504,20251106800732,00164636,HDC,012630,단일판매ㆍ공급계약체결(자회사의 주요경영사항),2025-11-06,KOSPI,17250.0,17920.0,17980.0,17360.0,0.038840579710144985,0.04231884057971014,0.006376811594202891,
304051,20251121800518,00164636,HDC,012630,단일판매ㆍ공급계약체결(자회사의 주요경영사항),2025-11-21,KOSPI,17810.0,17440.0,17310.0,17430.0,-0.020774845592363866,-0.028074115665356558,-0.02133632790567097,
301631,20251126800802,00164636,HDC,012630,단일판매ㆍ공급계약체결(자회사의 주요경영사항),2025-11-26,KOSPI,17400.0,17270.0,17430.0,17910.0,-0.007471264367816088,0.0017241379310344307,0.02931034482758621,
284266,20251223800488,00164636,HDC,012630,단일판매ㆍ공급계약체결(자회사의 주요경영사항),2025-12-23,KOSPI,18040.0,18050.0,18100.0,17500.0,0.0005543237250553723,0.003325942350332678,-0.029933481152993324,
277789,20260106800436,00164636,HDC,012630,단일판매ㆍ공급계약체결(자회사의 주요경영사항),2026-01-06,KOSPI,17220.0,16810.0,16010.0,16410.0,-0.023809523809523836,-0.07026713124274098,-0.04703832752613235,
271012,20260120800779,00164636,HDC,012630,단일판매ㆍ공급계약체결(자회사의 주요경영사항),2026-01-20,KOSPI,16820.0,16740.0,16700.0,18320.0,-0.0047562425683710385,-0.007134363852556502,0.08917954815695595,
261479,20260205800399,00164636,HDC,012630,단일판매ㆍ공급계약체결(자회사의 주요경영사항),2026-02-05,KOSPI,19670.0,19140.0,19830.0,21450.0,-0.02694458566344682,0.00813421453990859,0.09049313675648185,
119036,20260611800785,00164636,HDC,012630,단일판매ㆍ공급계약체결(자회사의 주요경영사항),2026-06-11,KOSPI,19860.0,21150.0,21450.0,20900.0,0.06495468277945626,0.08006042296072513,0.05236656596173206,
596222,20240821900115,00602279,그린플러스,186230,단일판매ㆍ공급계약체결,2024-08-21,KOSDAQ,11350.0,10540.0,10700.0,9990.0,-0.0713656387665198,-0.05726872246696035,-0.11982378854625553,
403187,20250512900191,00602279,그린플러스,186230,단일판매ㆍ공급계약체결,2025-05-12,KOSDAQ,8000.0,7700.0,7850.0,7650.0,-0.03749999999999998,-0.018750000000000044,-0.043749999999999956,
326503,20251001900235,00602279,그린플러스,186230,단일판매ㆍ공급계약체결(자율공시),2025-10-01,KOSDAQ,6560.0,6560.0,6310.0,,0.0,-0.038109756097560954,,
596131,20240821900174,00615723,알엔티엑스,123010,단일판매ㆍ공급계약체결,2024-08-21,KOSDAQ,888.0,865.0,934.0,910.0,-0.025900900900900914,0.05180180180180183,0.024774774774774855,
595605,20240822900093,01508855,블리츠웨이엔터테인먼트,369370,단일판매ㆍ공급계약체결,2024-08-22,KOSDAQ,1728.0,1675.0,1680.0,1705.0,-0.03067129629629628,-0.02777777777777779,-0.01331018518518523,
581314,20240913900291,01508855,블리츠웨이엔터테인먼트,369370,단일판매ㆍ공급계약체결,2024-09-13,KOSDAQ,1662.0,1679.0,1738.0,1731.0,0.010228640192539107,0.04572803850782181,0.041516245487364545,
508215,20250213900135,01508855,블리츠웨이엔터테인먼트,369370,단일판매ㆍ공급계약체결,2025-02-13,KOSDAQ,1576.0,1575.0,1550.0,1586.0,-0.0006345177664974777,-0.016497461928933976,0.006345177664974555,
595569,20240822900122,00363246,우원개발,046940,단일판매ㆍ공급계약체결,2024-08-22,KOSDAQ,2905.0,2855.0,2780.0,2625.0,-0.01721170395869187,-0.04302925989672979,-0.09638554216867468,
587463,20240902900345,00363246,우원개발,046940,단일판매ㆍ공급계약체결,2024-09-02,KOSDAQ,2710.0,2685.0,2620.0,2595.0,-0.009225092250922495,-0.03321033210332103,-0.04243542435424352,
562201,20241104900168,00363246,우원개발,046940,단일판매ㆍ공급계약체결,2024-11-04,KOSDAQ,2355.0,2390.0,2440.0,2355.0,0.014861995753715496,0.03609341825902335,0.0,
466187,20250325900797,00363246,우원개발,046940,단일판매ㆍ공급계약체결,2025-03-25,KOSDAQ,2580.0,2655.0,2660.0,2760.0,0.029069767441860517,0.03100775193798455,0.06976744186046502,
244645,20260226900104,00363246,우원개발,046940,단일판매ㆍ공급계약체결,2026-02-26,KOSDAQ,4695.0,5020.0,4760.0,4610.0,0.06922257720979763,0.013844515441959526,-0.018104366347177825,
100892,20260311900793,00363246,우원개발,046940,단일판매ㆍ공급계약체결,2026-03-11,KOSDAQ,4515.0,4595.0,4765.0,4530.0,0.017718715393133966,0.05537098560354381,0.0033222591362125353,
15893,20260506900336,00363246,우원개발,046940,단일판매ㆍ공급계약체결,2026-05-06,KOSDAQ,5900.0,5820.0,5750.0,5300.0,-0.013559322033898313,-0.025423728813559365,-0.10169491525423724,
12425,20260512900292,00363246,우원개발,046940,단일판매ㆍ공급계약체결,2026-05-12,KOSDAQ,5500.0,5300.0,5160.0,4270.0,-0.036363636363636376,-0.06181818181818177,-0.22363636363636363,
595074,20240823800062,00174527,HS화성,002460,단일판매ㆍ공급계약체결,2024-08-23,KOSPI,9180.0,9220.0,9200.0,9140.0,0.004357298474945592,0.002178649237472685,-0.004357298474945481,
553542,20241118800277,00174527,HS화성,002460,단일판매ㆍ공급계약체결,2024-11-18,KOSPI,9300.0,9300.0,9430.0,9510.0,0.0,0.013978494623655857,0.022580645161290214,
526543,20250106800095,00174527,HS화성,002460,단일판매ㆍ공급계약체결,2025-01-06,KOSPI,9850.0,9950.0,9900.0,9570.0,0.010152284263959421,0.0050761421319796,-0.028426395939086246,
525894,20250107800235,00174527,HS화성,002460,단일판매ㆍ공급계약체결,2025-01-07,KOSPI,9950.0,9900.0,9550.0,9640.0,-0.005025125628140725,-0.04020100502512558,-0.031155778894472408,
404489,20250508800393,00174527,HS화성,002460,단일판매ㆍ공급계약체결,2025-05-08,KOSPI,10030.0,10080.0,10000.0,10120.0,0.004985044865403854,-0.0029910269192422456,0.008973080757726848,
403145,20250512800235,00174527,HS화성,002460,단일판매ㆍ공급계약체결,2025-05-12,KOSPI,10000.0,10020.0,10020.0,9750.0,0.0020000000000000018,0.0020000000000000018,-0.025000000000000022,
403144,20250512800236,00174527,HS화성,002460,단일판매ㆍ공급계약체결,2025-05-12,KOSPI,10000.0,10020.0,10020.0,9750.0,0.0020000000000000018,0.0020000000000000018,-0.025000000000000022,
398647,20250515801864,00174527,HS화성,002460,단일판매ㆍ공급계약체결,2025-05-15,KOSPI,10120.0,9980.0,9750.0,10040.0,-0.013833992094861691,-0.0365612648221344,-0.007905138339920903,
377990,20250625800287,00174527,HS화성,002460,단일판매ㆍ공급계약체결,2025-06-25,KOSPI,11250.0,11200.0,11200.0,11370.0,-0.004444444444444473,-0.004444444444444473,0.010666666666666602,
359764,20250801801065,00174527,HS화성,002460,단일판매ㆍ공급계약체결,2025-08-01,KOSPI,10350.0,10540.0,10760.0,10600.0,0.018357487922705307,0.03961352657004835,0.024154589371980784,
347282,20250821800076,00174527,HS화성,002460,단일판매ㆍ공급계약체결,2025-08-21,KOSPI,10470.0,10500.0,10490.0,10260.0,0.002865329512893977,0.0019102196752627254,-0.02005730659025784,
285364,20251222800410,00174527,HS화성,002460,단일판매ㆍ공급계약체결,2025-12-22,KOSPI,13190.0,13420.0,13180.0,11960.0,0.0174374526156178,-0.0007581501137224889,-0.09325246398786957,
280698,20251230800454,00174527,HS화성,002460,단일판매ㆍ공급계약체결,2025-12-30,KOSPI,11960.0,11600.0,11920.0,11220.0,-0.030100334448160515,-0.0033444816053511683,-0.061872909698996614,
280693,20251230800475,00174527,HS화성,002460,단일판매ㆍ공급계약체결,2025-12-30,KOSPI,11960.0,11600.0,11920.0,11220.0,-0.030100334448160515,-0.0033444816053511683,-0.061872909698996614,
279710,20251231800301,00174527,HS화성,002460,단일판매ㆍ공급계약체결,2025-12-31,KOSPI,11600.0,11920.0,11880.0,11050.0,0.02758620689655178,0.024137931034482696,-0.04741379310344829,
106868,20260305800807,00174527,HS화성,002460,단일판매ㆍ공급계약체결,2026-03-05,KOSPI,12800.0,12900.0,12220.0,12750.0,0.0078125,-0.04531249999999998,-0.00390625,
58809,20260402800820,00174527,HS화성,002460,단일판매ㆍ공급계약체결,2026-04-02,KOSPI,11410.0,11650.0,11710.0,12420.0,0.021034180543382908,0.02629272567922869,0.08851884312007008,
47489,20260407800367,00174527,HS화성,002460,단일판매ㆍ공급계약체결,2026-04-07,KOSPI,12030.0,12630.0,12420.0,13110.0,0.04987531172069826,0.032418952618453956,0.08977556109725682,
595001,20240823800177,00197759,미래산업,025560,단일판매ㆍ공급계약체결,2024-08-23,KOSPI,23476.0,22448.0,17986.0,17097.0,-0.04378940194240932,-0.23385585278582377,-0.27172431419321863,
594996,20240823800179,00197759,미래산업,025560,단일판매ㆍ공급계약체결,2024-08-23,KOSPI,23476.0,22448.0,17986.0,17097.0,-0.04378940194240932,-0.23385585278582377,-0.27172431419321863,
587205,20240902800505,00197759,미래산업,025560,단일판매ㆍ공급계약체결,2024-09-02,KOSPI,16870.0,16714.0,16191.0,16940.0,-0.009247184350918758,-0.04024896265560163,0.004149377593360981,
548106,20241128800507,00197759,미래산업,025560,단일판매ㆍ공급계약체결,2024-11-28,KOSPI,16626.0,17812.0,19014.0,17724.0,0.07133405509443036,0.14363045831829657,0.06604114038253339,
544694,20241202800248,00197759,미래산업,025560,단일판매ㆍ공급계약체결,2024-12-02,KOSPI,19014.0,19084.0,18108.0,13019.0,0.0036814978436940926,-0.047649100662669586,-0.3152939938992322,
377323,20250626800270,00197759,미래산업,025560,단일판매ㆍ공급계약체결,2025-06-26,KOSPI,11590.0,11590.0,11590.0,11590.0,0.0,0.0,0.0,
368899,20250714800222,00197759,미래산업,025560,단일판매ㆍ공급계약체결,2025-07-14,KOSPI,11590.0,11590.0,11590.0,11590.0,0.0,0.0,0.0,
358578,20250806800231,00197759,미래산업,025560,단일판매ㆍ공급계약체결,2025-08-06,KOSPI,10440.0,10420.0,10420.0,10560.0,-0.0019157088122605526,-0.0019157088122605526,0.011494252873563315,
336955,20250908800211,00197759,미래산업,025560,단일판매ㆍ공급계약체결,2025-09-08,KOSPI,10790.0,10900.0,11220.0,11110.0,0.010194624652456019,0.03985171455050973,0.029657089898053712,
336954,20250908800212,00197759,미래산업,025560,단일판매ㆍ공급계약체결,2025-09-08,KOSPI,10790.0,10900.0,11220.0,11110.0,0.010194624652456019,0.03985171455050973,0.029657089898053712,
302185,20251126800174,00197759,미래산업,025560,단일판매ㆍ공급계약체결,2025-11-26,KOSPI,12970.0,12750.0,12990.0,13610.0,-0.016962220508866643,0.0015420200462605838,0.049344641480339346,
285512,20251222800251,00197759,미래산업,025560,단일판매ㆍ공급계약체결,2025-12-22,KOSPI,13290.0,13100.0,12870.0,13780.0,-0.014296463506395796,-0.03160270880361171,0.03686982693754692,
111844,20260227800403,00197759,미래산업,025560,단일판매ㆍ공급계약체결,2026-02-27,KOSPI,14830.0,14400.0,12070.0,12820.0,-0.028995279838165855,-0.1861092380310182,-0.1355360755225894,
99012,20260312800389,00197759,미래산업,025560,단일판매ㆍ공급계약체결,2026-03-12,KOSPI,13710.0,13640.0,13310.0,13120.0,-0.0051057622173595885,-0.029175784099197632,-0.04303428154631661,
96545,20260313800759,00197759,미래산업,025560,단일판매ㆍ공급계약체결,2026-03-13,KOSPI,13640.0,13310.0,13540.0,13700.0,-0.024193548387096753,-0.007331378299120228,0.004398826979472137,
92620,20260317800454,00197759,미래산업,025560,단일판매ㆍ공급계약체결,2026-03-17,KOSPI,13540.0,13620.0,13120.0,13520.0,0.005908419497784312,-0.03101920236336775,-0.001477104874446078,
87738,20260320800516,00197759,미래산업,025560,단일판매ㆍ공급계약체결,2026-03-20,KOSPI,13700.0,13130.0,13520.0,13470.0,-0.04160583941605844,-0.013138686131386912,-0.016788321167883202,
19718,20260429800494,00197759,미래산업,025560,단일판매ㆍ공급계약체결,2026-04-29,KOSPI,16020.0,15450.0,16000.0,17730.0,-0.035580524344569264,-0.0012484394506866447,0.10674157303370779,
10978,20260513801200,00197759,미래산업,025560,단일판매ㆍ공급계약체결,2026-05-13,KOSPI,21850.0,21700.0,19210.0,26600.0,-0.006864988558352381,-0.12082379862700232,0.21739130434782616,
4776,20260520800347,00197759,미래산업,025560,단일판매ㆍ공급계약체결,2026-05-20,KOSPI,26600.0,27600.0,35850.0,38700.0,0.03759398496240607,0.3477443609022557,0.4548872180451127,
4773,20260520800349,00197759,미래산업,025560,단일판매ㆍ공급계약체결,2026-05-20,KOSPI,26600.0,27600.0,35850.0,38700.0,0.03759398496240607,0.3477443609022557,0.4548872180451127,
579,20260527800234,00197759,미래산업,025560,단일판매ㆍ공급계약체결,2026-05-27,KOSPI,37600.0,38700.0,37000.0,32150.0,0.0292553191489362,-0.015957446808510634,-0.14494680851063835,
125945,20260601800531,00197759,미래산업,025560,단일판매ㆍ공급계약체결,2026-06-01,KOSPI,33000.0,28500.0,32150.0,37300.0,-0.13636363636363635,-0.025757575757575757,0.13030303030303036,
117853,20260615800297,00197759,미래산업,025560,단일판매ㆍ공급계약체결,2026-06-15,KOSPI,43800.0,46200.0,44200.0,47450.0,0.0547945205479452,0.009132420091324311,0.08333333333333326,
114120,20260623800231,00197759,미래산업,025560,단일판매ㆍ공급계약체결,2026-06-23,KOSPI,44100.0,43000.0,40900.0,,-0.024943310657596363,-0.07256235827664403,,
595009,20240823900172,00298377,아이씨디,040910,단일판매ㆍ공급계약체결,2024-08-23,KOSDAQ,7100.0,6830.0,6630.0,6460.0,-0.038028169014084456,-0.06619718309859157,-0.09014084507042253,
580036,20240920900157,00298377,아이씨디,040910,단일판매ㆍ공급계약체결,2024-09-20,KOSDAQ,5900.0,5950.0,5970.0,6110.0,0.008474576271186418,0.011864406779660941,0.035593220338983045,
561774,20241105900085,00298377,아이씨디,040910,단일판매ㆍ공급계약체결,2024-11-05,KOSDAQ,4945.0,4760.0,4660.0,4545.0,-0.037411526794742134,-0.05763397371081902,-0.08088978766430743,
553628,20241118900171,00298377,아이씨디,040910,단일판매ㆍ공급계약체결,2024-11-18,KOSDAQ,4430.0,4455.0,4480.0,4870.0,0.0056433408577878375,0.011286681715575675,0.09932279909706554,
524395,20250110900151,00298377,아이씨디,040910,단일판매ㆍ공급계약체결,2025-01-10,KOSDAQ,6220.0,6150.0,6100.0,6690.0,-0.0112540192926045,-0.019292604501607746,0.07556270096463025,
464745,20250326900966,00298377,아이씨디,040910,단일판매ㆍ공급계약체결,2025-03-26,KOSDAQ,4495.0,4570.0,4440.0,4265.0,0.016685205784204626,-0.012235817575083408,-0.05116796440489435,
324961,20251010900086,00298377,아이씨디,040910,단일판매ㆍ공급계약체결(자율공시),2025-10-10,KOSDAQ,4405.0,4360.0,4335.0,4130.0,-0.010215664018161208,-0.01589103291713967,-0.06242905788876274,
315338,20251103900317,00298377,아이씨디,040910,단일판매ㆍ공급계약체결,2025-11-03,KOSDAQ,4880.0,4740.0,4520.0,4650.0,-0.02868852459016391,-0.07377049180327866,-0.047131147540983576,
246807,20260224901069,00298377,아이씨디,040910,단일판매ㆍ공급계약체결,2026-02-24,KOSDAQ,4890.0,5000.0,5230.0,4485.0,0.02249488752556239,0.06952965235173814,-0.08282208588957052,
24689,20260422900148,00298377,아이씨디,040910,단일판매ㆍ공급계약체결,2026-04-22,KOSDAQ,6030.0,5890.0,5900.0,5990.0,-0.023217247097844118,-0.021558872305140975,-0.0066334991708125735,
117748,20260615900381,00298377,아이씨디,040910,단일판매ㆍ공급계약체결,2026-06-15,KOSDAQ,4740.0,4740.0,4795.0,4395.0,0.0,0.011603375527426074,-0.07278481012658233,
594791,20240823900344,00624749,에스피시스템스,317830,단일판매ㆍ공급계약체결(자율공시),2024-08-23,KOSDAQ,6530.0,6460.0,6560.0,6260.0,-0.01071975497702915,0.004594180704440953,-0.04134762633996936,
326328,20251001900396,00624749,에스피시스템스,317830,단일판매ㆍ공급계약체결,2025-10-01,KOSDAQ,9070.0,8980.0,9480.0,,-0.009922822491730932,0.04520396912899671,,
593984,20240826800452,00122737,팬오션,028670,단일판매ㆍ공급계약체결,2024-08-26,KOSPI,3730.0,3780.0,3730.0,3575.0,0.013404825737265424,0.0,-0.041554959785522816,
503346,20250218800275,00122737,팬오션,028670,단일판매ㆍ공급계약체결,2025-02-18,KOSPI,3550.0,3635.0,3745.0,3805.0,0.023943661971830954,0.05492957746478866,0.07183098591549286,
497458,20250226800278,00122737,팬오션,028670,단일판매ㆍ공급계약체결,2025-02-26,KOSPI,3850.0,3830.0,3780.0,3975.0,-0.0051948051948051965,-0.018181818181818188,0.032467532467532534,
428615,20250409800068,00122737,팬오션,028670,단일판매ㆍ공급계약체결,2025-04-09,KOSPI,3075.0,3270.0,3290.0,3330.0,0.06341463414634152,0.06991869918699178,0.08292682926829276,
428611,20250409800069,00122737,팬오션,028670,단일판매ㆍ공급계약체결,2025-04-09,KOSPI,3075.0,3270.0,3290.0,3330.0,0.06341463414634152,0.06991869918699178,0.08292682926829276,
345390,20250826800081,00122737,팬오션,028670,단일판매ㆍ공급계약체결(자율공시),2025-08-26,KOSPI,3960.0,3940.0,3935.0,3860.0,-0.005050505050505083,-0.0063131313131312705,-0.025252525252525304,
316567,20251030800675,00122737,팬오션,028670,단일판매ㆍ공급계약체결,2025-10-30,KOSPI,3835.0,3830.0,3730.0,3775.0,-0.0013037809647978849,-0.027379400260756248,-0.01564537157757495,
16145,20260504800581,00122737,팬오션,028670,단일판매ㆍ공급계약체결,2026-05-04,KOSPI,5640.0,5620.0,6030.0,5810.0,-0.0035460992907800915,0.06914893617021267,0.03014184397163122,
115368,20260619800474,00122737,팬오션,028670,단일판매ㆍ공급계약체결,2026-06-19,KOSPI,5180.0,4915.0,4670.0,4565.0,-0.05115830115830111,-0.09845559845559848,-0.11872586872586877,
594259,20240826900183,00318662,CNT85,056730,단일판매ㆍ공급계약체결(자율공시),2024-08-26,KOSDAQ,3955.0,4015.0,4015.0,3995.0,0.015170670037926604,0.015170670037926604,0.010113780025284402,
594258,20240826900184,00318662,CNT85,056730,단일판매ㆍ공급계약체결,2024-08-26,KOSDAQ,3955.0,4015.0,4015.0,3995.0,0.015170670037926604,0.015170670037926604,0.010113780025284402,
402715,20250512900751,00318662,CNT85,056730,단일판매ㆍ공급계약체결,2025-05-12,KOSDAQ,3745.0,3965.0,3880.0,3990.0,0.058744993324432615,0.03604806408544725,0.06542056074766345,
393918,20250526900800,00318662,CNT85,056730,단일판매ㆍ공급계약체결,2025-05-26,KOSDAQ,4095.0,4375.0,4140.0,4200.0,0.06837606837606836,0.01098901098901095,0.02564102564102555,
593955,20240826900489,00148364,하림지주,003380,단일판매ㆍ공급계약체결(자회사의 주요경영사항),2024-08-26,KOSDAQ,5530.0,5650.0,5540.0,5480.0,0.02169981916817365,0.001808318264014508,-0.009041591320072317,
503318,20250218900308,00148364,하림지주,003380,단일판매ㆍ공급계약체결(자회사의 주요경영사항),2025-02-18,KOSDAQ,5300.0,5390.0,5430.0,5430.0,0.016981132075471805,0.02452830188679256,0.02452830188679256,
497443,20250226900309,00148364,하림지주,003380,단일판매ㆍ공급계약체결(자회사의 주요경영사항),2025-02-26,KOSDAQ,5450.0,5430.0,5090.0,5290.0,-0.003669724770642202,-0.06605504587155964,-0.029357798165137616,
428588,20250409900076,00148364,하림지주,003380,단일판매ㆍ공급계약체결(자회사의 주요경영사항),2025-04-09,KOSDAQ,5190.0,5610.0,5500.0,5620.0,0.08092485549132955,0.05973025048169567,0.08285163776493265,
428587,20250409900077,00148364,하림지주,003380,단일판매ㆍ공급계약체결(자회사의 주요경영사항),2025-04-09,KOSDAQ,5190.0,5610.0,5500.0,5620.0,0.08092485549132955,0.05973025048169567,0.08285163776493265,
316545,20251030900689,00148364,하림지주,003380,단일판매ㆍ공급계약체결(자회사의 주요경영사항),2025-10-30,KOSDAQ,7390.0,7390.0,7420.0,7640.0,0.0,0.004059539918809252,0.03382949932341006,
16133,20260504900620,00148364,하림지주,003380,단일판매ㆍ공급계약체결(자회사의 주요경영사항),2026-05-04,KOSDAQ,13500.0,13430.0,12770.0,12150.0,-0.005185185185185182,-0.05407407407407405,-0.09999999999999998,
115243,20260619900523,00148364,하림지주,003380,단일판매ㆍ공급계약체결(자회사의 주요경영사항),2026-06-19,KOSDAQ,10220.0,10000.0,9560.0,9220.0,-0.021526418786692814,-0.06457925636007833,-0.09784735812133072,
593712,20240827900134,01113499,아이티센피엔에스,232830,단일판매ㆍ공급계약체결,2024-08-27,KOSDAQ,2355.0,2210.0,2365.0,2220.0,-0.06157112526539277,0.00424628450106157,-0.0573248407643312,
593647,20240827900192,00267881,보성파워텍,006910,단일판매ㆍ공급계약체결,2024-08-27,KOSDAQ,2950.0,2940.0,2895.0,2940.0,-0.003389830508474523,-0.01864406779661021,-0.003389830508474523,
578580,20240924900483,00267881,보성파워텍,006910,단일판매ㆍ공급계약체결,2024-09-24,KOSDAQ,3315.0,3305.0,3360.0,3160.0,-0.003016591251885359,0.013574660633484115,-0.04675716440422317,
327052,20250930900860,00267881,보성파워텍,006910,단일판매ㆍ공급계약체결,2025-09-30,KOSDAQ,4655.0,4595.0,4665.0,5460.0,-0.012889366272824887,0.002148227712137407,0.1729323308270676,
323174,20251015900530,00267881,보성파워텍,006910,단일판매ㆍ공급계약체결,2025-10-15,KOSDAQ,5670.0,5640.0,5230.0,5380.0,-0.005291005291005346,-0.07760141093474426,-0.051146384479717866,
593586,20240827900248,01263527,카이노스메드,284620,단일판매ㆍ공급계약체결,2024-08-27,KOSDAQ,4115.0,4050.0,3910.0,4075.0,-0.015795868772782495,-0.049817739975698716,-0.009720534629404587,
386390,20250602900851,01263527,카이노스메드,284620,단일판매ㆍ공급계약체결,2025-06-02,KOSDAQ,1190.0,1227.0,1203.0,1180.0,0.031092436974789806,0.01092436974789912,-0.008403361344537785,
592617,20240828800175,00480455,STX엔진,077970,단일판매ㆍ공급계약체결,2024-08-28,KOSPI,20900.0,20950.0,20900.0,19010.0,0.0023923444976077235,0.0,-0.09043062200956942,
570617,20241015800151,00480455,STX엔진,077970,단일판매ㆍ공급계약체결,2024-10-15,KOSPI,20450.0,19800.0,21200.0,21500.0,-0.0317848410757946,0.03667481662591676,0.05134474327628369,
541023,20241210800739,00480455,STX엔진,077970,단일판매ㆍ공급계약체결,2024-12-10,KOSPI,16560.0,17710.0,17680.0,19820.0,0.06944444444444442,0.06763285024154597,0.1968599033816425,
488018,20250306801217,00480455,STX엔진,077970,단일판매ㆍ공급계약체결,2025-03-06,KOSPI,26100.0,26950.0,27250.0,25450.0,0.03256704980842917,0.044061302681992265,-0.02490421455938696,
413970,20250418800507,00480455,STX엔진,077970,단일판매ㆍ공급계약체결,2025-04-18,KOSPI,22600.0,21750.0,22050.0,23600.0,-0.03761061946902655,-0.02433628318584069,0.04424778761061954,
413967,20250418800509,00480455,STX엔진,077970,단일판매ㆍ공급계약체결,2025-04-18,KOSPI,22600.0,21750.0,22050.0,23600.0,-0.03761061946902655,-0.02433628318584069,0.04424778761061954,
384704,20250610800129,00480455,STX엔진,077970,단일판매ㆍ공급계약체결,2025-06-10,KOSPI,23250.0,23050.0,23150.0,24850.0,-0.008602150537634357,-0.004301075268817178,0.0688172043010753,
378804,20250624800121,00480455,STX엔진,077970,단일판매ㆍ공급계약체결,2025-06-24,KOSPI,24000.0,22400.0,22000.0,21450.0,-0.06666666666666665,-0.08333333333333337,-0.10624999999999996,
304725,20251120800407,00480455,STX엔진,077970,단일판매ㆍ공급계약체결,2025-11-20,KOSPI,31950.0,30650.0,30750.0,33350.0,-0.04068857589984354,-0.03755868544600938,0.04381846635367759,
303661,20251124800266,00480455,STX엔진,077970,단일판매ㆍ공급계약체결,2025-11-24,KOSPI,30750.0,30500.0,32300.0,31950.0,-0.008130081300813052,0.05040650406504055,0.039024390243902474,
302163,20251126800215,00480455,STX엔진,077970,단일판매ㆍ공급계약체결,2025-11-26,KOSPI,32300.0,33350.0,32550.0,34500.0,0.03250773993808043,0.007739938080495445,0.06811145510835903,
294806,20251205800479,00480455,STX엔진,077970,단일판매ㆍ공급계약체결,2025-12-05,KOSPI,35050.0,35750.0,37700.0,38450.0,0.0199714693295292,0.07560627674750364,0.09700427960057056,
275739,20260109800149,00480455,STX엔진,077970,단일판매ㆍ공급계약체결,2026-01-09,KOSPI,38800.0,39800.0,38600.0,36900.0,0.025773195876288568,-0.005154639175257714,-0.0489690721649485,
82547,20260325800267,00480455,STX엔진,077970,단일판매ㆍ공급계약체결,2026-03-25,KOSPI,36350.0,35300.0,33500.0,32400.0,-0.028885832187070193,-0.07840440165061902,-0.10866574965612108,
82538,20260325800277,00480455,STX엔진,077970,단일판매ㆍ공급계약체결,2026-03-25,KOSPI,36350.0,35300.0,33500.0,32400.0,-0.028885832187070193,-0.07840440165061902,-0.10866574965612108,
592505,20240828800199,00119140,핸즈코퍼레이션,143210,단일판매ㆍ공급계약체결,2024-08-28,KOSPI,2540.0,2220.0,2170.0,2165.0,-0.12598425196850394,-0.14566929133858264,-0.1476377952755905,
591130,20240829800152,00119140,핸즈코퍼레이션,143210,단일판매ㆍ공급계약체결,2024-08-29,KOSPI,2220.0,2170.0,2235.0,2145.0,-0.022522522522522515,0.006756756756756799,-0.03378378378378377,
584188,20240909800207,00119140,핸즈코퍼레이션,143210,단일판매ㆍ공급계약체결,2024-09-09,KOSPI,2185.0,2080.0,2120.0,2190.0,-0.048054919908466776,-0.029748283752860427,0.0022883295194509046,
547640,20241128800684,00119140,핸즈코퍼레이션,143210,단일판매ㆍ공급계약체결,2024-11-28,KOSPI,1895.0,1924.0,1891.0,1981.0,0.015303430079155689,-0.0021108179419525586,0.045382585751978954,
386151,20250604800256,00119140,핸즈코퍼레이션,143210,단일판매ㆍ공급계약체결,2025-06-04,KOSPI,1650.0,1644.0,1670.0,1676.0,-0.0036363636363636598,0.0121212121212122,0.01575757575757586,
589443,20240830800135,01205851,HD현대일렉트릭,267260,단일판매ㆍ공급계약체결(자율공시),2024-08-30,KOSPI,305500.0,292500.0,281000.0,239000.0,-0.04255319148936165,-0.08019639934533551,-0.2176759410801964,
361610,20250731800031,01205851,HD현대일렉트릭,267260,단일판매ㆍ공급계약체결,2025-07-31,KOSPI,501000.0,484000.0,494000.0,502000.0,-0.03393213572854292,-0.013972055888223589,0.001996007984031989,
331667,20250922800089,01205851,HD현대일렉트릭,267260,단일판매ㆍ공급계약체결,2025-09-22,KOSPI,585000.0,594000.0,588000.0,578000.0,0.01538461538461533,0.00512820512820511,-0.011965811965811923,
285039,20251222800814,01205851,HD현대일렉트릭,267260,단일판매ㆍ공급계약체결,2025-12-22,KOSPI,805000.0,794000.0,780000.0,774000.0,-0.013664596273291973,-0.03105590062111796,-0.03850931677018632,
278103,20260106800025,01205851,HD현대일렉트릭,267260,단일판매ㆍ공급계약체결,2026-01-06,KOSPI,834000.0,821000.0,862000.0,886000.0,-0.015587529976019199,0.033573141486810565,0.062350119904076795,
15122,20260507800238,01205851,HD현대일렉트릭,267260,단일판매ㆍ공급계약체결,2026-05-07,KOSPI,1420000.0,1403000.0,1362000.0,1267000.0,-0.011971830985915477,-0.04084507042253516,-0.1077464788732394,
589207,20240830800187,01524093,DL이앤씨,375500,단일판매ㆍ공급계약체결,2024-08-30,KOSPI,33000.0,32300.0,32550.0,30150.0,-0.021212121212121238,-0.013636363636363669,-0.08636363636363631,
585639,20240905800082,01524093,DL이앤씨,375500,단일판매ㆍ공급계약체결,2024-09-05,KOSPI,30550.0,30150.0,30450.0,30550.0,-0.013093289689034338,-0.00327332242225864,0.0,
575663,20240930800434,01524093,DL이앤씨,375500,단일판매ㆍ공급계약체결,2024-09-30,KOSPI,29750.0,29450.0,29950.0,29300.0,-0.010084033613445342,0.006722689075630228,-0.015126050420168013,
572794,20241008800704,01524093,DL이앤씨,375500,단일판매ㆍ공급계약체결,2024-10-08,KOSPI,29700.0,29300.0,29350.0,29950.0,-0.013468013468013518,-0.011784511784511786,0.008417508417508435,
566454,20241025800041,01524093,DL이앤씨,375500,단일판매ㆍ공급계약체결,2024-10-25,KOSPI,30150.0,30700.0,30550.0,31200.0,0.018242122719734688,0.013266998341625147,0.03482587064676612,
560045,20241108800358,01524093,DL이앤씨,375500,단일판매ㆍ공급계약체결,2024-11-08,KOSPI,31300.0,30250.0,30400.0,30150.0,-0.033546325878594296,-0.028753993610223683,-0.036741214057507965,
537412,20241213801774,01524093,DL이앤씨,375500,단일판매ㆍ공급계약체결,2024-12-13,KOSPI,33050.0,32200.0,32500.0,31900.0,-0.02571860816944027,-0.016641452344931973,-0.03479576399394857,
529465,20241227800804,01524093,DL이앤씨,375500,단일판매ㆍ공급계약체결,2024-12-27,KOSPI,31800.0,32150.0,30700.0,32550.0,0.011006289308176154,-0.03459119496855345,0.02358490566037741,
494023,20250227801233,01524093,DL이앤씨,375500,단일판매ㆍ공급계약체결,2025-02-27,KOSPI,41900.0,40500.0,41150.0,44100.0,-0.03341288782816232,-0.017899761336515496,0.05250596658711215,
492499,20250228800482,01524093,DL이앤씨,375500,단일판매ㆍ공급계약체결,2025-02-28,KOSPI,40500.0,41150.0,43500.0,44900.0,0.016049382716049276,0.07407407407407418,0.10864197530864206,
422901,20250410801139,01524093,DL이앤씨,375500,단일판매ㆍ공급계약체결,2025-04-10,KOSPI,39500.0,40050.0,40150.0,40250.0,0.013924050632911467,0.016455696202531733,0.018987341772152,
410725,20250425800101,01524093,DL이앤씨,375500,단일판매ㆍ공급계약체결,2025-04-25,KOSPI,41600.0,43250.0,42450.0,44950.0,0.03966346153846145,0.02043269230769229,0.08052884615384626,
403085,20250512800288,01524093,DL이앤씨,375500,단일판매ㆍ공급계약체결,2025-05-12,KOSPI,45600.0,44500.0,44650.0,44300.0,-0.02412280701754388,-0.02083333333333337,-0.028508771929824595,
368834,20250714800311,01524093,DL이앤씨,375500,단일판매ㆍ공급계약체결,2025-07-14,KOSPI,49150.0,49050.0,49900.0,49000.0,-0.0020345879959308144,0.015259409969481164,-0.003051881993896277,
363458,20250725800779,01524093,DL이앤씨,375500,단일판매ㆍ공급계약체결,2025-07-25,KOSPI,47600.0,46600.0,46850.0,43900.0,-0.021008403361344574,-0.01575630252100846,-0.07773109243697474,
356962,20250808800486,01524093,DL이앤씨,375500,단일판매ㆍ공급계약체결,2025-08-08,KOSPI,47300.0,42950.0,42150.0,42100.0,-0.09196617336152224,-0.10887949260042284,-0.10993657505285415,
350800,20250814801596,01524093,DL이앤씨,375500,단일판매ㆍ공급계약체결,2025-08-14,KOSPI,42600.0,42100.0,42350.0,42400.0,-0.011737089201877882,-0.005868544600938996,-0.0046948356807511304,
331495,20250922800319,01524093,DL이앤씨,375500,단일판매ㆍ공급계약체결,2025-09-22,KOSPI,42250.0,42300.0,42200.0,41400.0,0.0011834319526626835,-0.0011834319526626835,-0.020118343195266286,
316201,20251031800190,01524093,DL이앤씨,375500,단일판매ㆍ공급계약체결,2025-10-31,KOSPI,42700.0,42050.0,41400.0,39350.0,-0.015222482435597207,-0.030444964871194413,-0.07845433255269318,
311333,20251112800256,01524093,DL이앤씨,375500,단일판매ㆍ공급계약체결,2025-11-12,KOSPI,41500.0,42150.0,40950.0,39450.0,0.015662650602409567,-0.013253012048192736,-0.04939759036144575,
297648,20251128801342,01524093,DL이앤씨,375500,단일판매ㆍ공급계약체결,2025-11-28,KOSPI,40250.0,39600.0,39500.0,41350.0,-0.016149068322981353,-0.018633540372670843,0.027329192546583947,
293727,20251209800448,01524093,DL이앤씨,375500,단일판매ㆍ공급계약체결,2025-12-09,KOSPI,41800.0,42200.0,42850.0,41600.0,0.009569377990430672,0.02511961722488043,-0.004784688995215336,
286458,20251218800743,01524093,DL이앤씨,375500,단일판매ㆍ공급계약체결,2025-12-18,KOSPI,42100.0,41750.0,42300.0,40800.0,-0.008313539192399078,0.004750593824228044,-0.030878859857482177,
282913,20251224800925,01524093,DL이앤씨,375500,단일판매ㆍ공급계약체결,2025-12-24,KOSPI,41800.0,40800.0,41150.0,41350.0,-0.02392344497607657,-0.015550239234449759,-0.010765550239234423,
279489,20251231800528,01524093,DL이앤씨,375500,단일판매ㆍ공급계약체결,2025-12-31,KOSPI,39900.0,41350.0,41250.0,41100.0,0.036340852130325896,0.03383458646616533,0.03007518796992481,
279411,20251231800655,01524093,DL이앤씨,375500,단일판매ㆍ공급계약체결,2025-12-31,KOSPI,39900.0,41350.0,41250.0,41100.0,0.036340852130325896,0.03383458646616533,0.03007518796992481,
109917,20260227802015,01524093,DL이앤씨,375500,단일판매ㆍ공급계약체결,2026-02-27,KOSPI,51100.0,49000.0,41650.0,43350.0,-0.04109589041095896,-0.18493150684931503,-0.15166340508806264,
26927,20260417800065,01524093,DL이앤씨,375500,단일판매ㆍ공급계약체결,2026-04-17,KOSPI,97700.0,95500.0,100600.0,99000.0,-0.022517911975434957,0.029682702149437024,0.013306038894575156,
3205,20260522800452,01524093,DL이앤씨,375500,단일판매ㆍ공급계약체결,2026-05-22,KOSPI,82200.0,81900.0,78400.0,72000.0,-0.0036496350364964014,-0.04622871046228716,-0.12408759124087587,
129782,20260528800997,01524093,DL이앤씨,375500,단일판매ㆍ공급계약체결,2026-05-28,KOSPI,76500.0,76500.0,72000.0,71900.0,0.0,-0.05882352941176472,-0.060130718954248374,
122348,20260605800388,01524093,DL이앤씨,375500,단일판매ㆍ공급계약체결,2026-06-05,KOSPI,71900.0,67500.0,69600.0,73900.0,-0.061196105702364445,-0.03198887343532686,0.02781641168289295,
589178,20240830800193,00109693,DL,000210,단일판매ㆍ공급계약체결(자회사의 주요경영사항),2024-08-30,KOSPI,46100.0,46150.0,46500.0,42100.0,0.0010845986984815426,0.008676789587852562,-0.08676789587852496,
585635,20240905800086,00109693,DL,000210,단일판매ㆍ공급계약체결(자회사의 주요경영사항),2024-09-05,KOSPI,43150.0,42100.0,41950.0,42350.0,-0.024333719582850466,-0.02780996523754342,-0.018539976825028948,
575652,20240930800454,00109693,DL,000210,단일판매ㆍ공급계약체결(자회사의 주요경영사항),2024-09-30,KOSPI,43950.0,44000.0,44050.0,43600.0,0.0011376564277587597,0.0022753128555177415,-0.007963594994311762,
572789,20241008800716,00109693,DL,000210,단일판매ㆍ공급계약체결(자회사의 주요경영사항),2024-10-08,KOSPI,43950.0,43600.0,43200.0,42200.0,-0.007963594994311762,-0.017064846416382284,-0.03981797497155859,
566453,20241025800052,00109693,DL,000210,단일판매ㆍ공급계약체결(자회사의 주요경영사항),2024-10-25,KOSPI,39550.0,40850.0,40200.0,40150.0,0.03286978508217442,0.01643489254108732,0.015170670037926604,
560030,20241108800375,00109693,DL,000210,단일판매ㆍ공급계약체결(자회사의 주요경영사항),2024-11-08,KOSPI,35950.0,35050.0,34500.0,34200.0,-0.025034770514603566,-0.04033379694019468,-0.04867872044506261,
537375,20241213801803,00109693,DL,000210,단일판매ㆍ공급계약체결(자회사의 주요경영사항),2024-12-13,KOSPI,33150.0,33000.0,32950.0,32800.0,-0.004524886877828038,-0.006033182503770718,-0.010558069381598756,
529448,20241227800865,00109693,DL,000210,단일판매ㆍ공급계약체결(자회사의 주요경영사항),2024-12-27,KOSPI,32100.0,31600.0,31050.0,32450.0,-0.015576323987538943,-0.032710280373831724,0.010903426791277315,
493959,20250227801294,00109693,DL,000210,단일판매ㆍ공급계약체결(자회사의 주요경영사항),2025-02-27,KOSPI,35450.0,33450.0,32800.0,35700.0,-0.05641748942172076,-0.07475317348377997,0.007052186177715081,
492444,20250228800506,00109693,DL,000210,단일판매ㆍ공급계약체결(자회사의 주요경영사항),2025-02-28,KOSPI,33450.0,32800.0,35000.0,36000.0,-0.019431988041853532,0.046337817638266054,0.07623318385650224,
422878,20250410801173,00109693,DL,000210,단일판매ㆍ공급계약체결(자회사의 주요경영사항),2025-04-10,KOSPI,30050.0,29900.0,30000.0,30250.0,-0.004991680532445919,-0.0016638935108153063,0.006655574043261225,
410722,20250425800126,00109693,DL,000210,단일판매ㆍ공급계약체결(자회사의 주요경영사항),2025-04-25,KOSPI,32200.0,32500.0,32900.0,33700.0,0.009316770186335477,0.021739130434782705,0.04658385093167694,
403071,20250512800307,00109693,DL,000210,단일판매ㆍ공급계약체결(자회사의 주요경영사항),2025-05-12,KOSPI,37250.0,37750.0,37650.0,39400.0,0.01342281879194629,0.010738255033557076,0.0577181208053692,
368824,20250714800339,00109693,DL,000210,단일판매ㆍ공급계약체결(자회사의 주요경영사항),2025-07-14,KOSPI,52800.0,52900.0,54300.0,51400.0,0.0018939393939394478,0.02840909090909083,-0.02651515151515149,
363455,20250725800802,00109693,DL,000210,단일판매ㆍ공급계약체결(자회사의 주요경영사항),2025-07-25,KOSPI,53100.0,52100.0,52600.0,45350.0,-0.01883239171374762,-0.00941619585687381,-0.14595103578154422,
356953,20250808800503,00109693,DL,000210,단일판매ㆍ공급계약체결(자회사의 주요경영사항),2025-08-08,KOSPI,46000.0,40300.0,39650.0,38500.0,-0.12391304347826082,-0.1380434782608696,-0.1630434782608695,
350749,20250814801829,00109693,DL,000210,단일판매ㆍ공급계약체결(자회사의 주요경영사항),2025-08-14,KOSPI,38850.0,38500.0,38000.0,38900.0,-0.009009009009009028,-0.02187902187902191,0.0012870012870012104,
331482,20250922800342,00109693,DL,000210,단일판매ㆍ공급계약체결(자회사의 주요경영사항),2025-09-22,KOSPI,37650.0,37400.0,36500.0,35650.0,-0.006640106241699861,-0.030544488711819362,-0.05312084993359889,
316200,20251031800194,00109693,DL,000210,단일판매ㆍ공급계약체결(자회사의 주요경영사항),2025-10-31,KOSPI,38950.0,38700.0,38550.0,36400.0,-0.006418485237484006,-0.010269576379974277,-0.06546854942233638,
311332,20251112800272,00109693,DL,000210,단일판매ㆍ공급계약체결(자회사의 주요경영사항),2025-11-12,KOSPI,41800.0,43000.0,41700.0,38600.0,0.028708133971291794,-0.0023923444976076125,-0.07655502392344493,
297647,20251128801356,00109693,DL,000210,단일판매ㆍ공급계약체결(자회사의 주요경영사항),2025-11-28,KOSPI,39150.0,39000.0,39150.0,40050.0,-0.003831417624521105,0.0,0.02298850574712641,
293710,20251209800510,00109693,DL,000210,단일판매ㆍ공급계약체결(자회사의 주요경영사항),2025-12-09,KOSPI,39050.0,38900.0,40150.0,38850.0,-0.003841229193341844,0.028169014084507005,-0.005121638924455829,
286454,20251218800750,00109693,DL,000210,단일판매ㆍ공급계약체결(자회사의 주요경영사항),2025-12-18,KOSPI,38700.0,39050.0,39150.0,37650.0,0.009043927648578753,0.011627906976744207,-0.027131782945736482,
282910,20251224800952,00109693,DL,000210,단일판매ㆍ공급계약체결(자회사의 주요경영사항),2025-12-24,KOSPI,38550.0,37650.0,37550.0,36450.0,-0.023346303501945553,-0.025940337224383936,-0.054474708171206254,
279461,20251231800581,00109693,DL,000210,단일판매ㆍ공급계약체결(자회사의 주요경영사항),2025-12-31,KOSPI,36500.0,36450.0,36400.0,34850.0,-0.00136986301369868,-0.002739726027397249,-0.045205479452054775,
279395,20251231800661,00109693,DL,000210,단일판매ㆍ공급계약체결(자회사의 주요경영사항),2025-12-31,KOSPI,36500.0,36450.0,36400.0,34850.0,-0.00136986301369868,-0.002739726027397249,-0.045205479452054775,
109910,20260227802113,00109693,DL,000210,단일판매ㆍ공급계약체결(자회사의 주요경영사항),2026-02-27,KOSPI,51700.0,48300.0,40150.0,41000.0,-0.06576402321083175,-0.22340425531914898,-0.20696324951644096,
26920,20260417800101,00109693,DL,000210,단일판매ㆍ공급계약체결(자회사의 주요경영사항),2026-04-17,KOSPI,64600.0,65100.0,63900.0,68600.0,0.007739938080495445,-0.010835913312693513,0.0619195046439629,
3199,20260522800478,00109693,DL,000210,단일판매ㆍ공급계약체결(자회사의 주요경영사항),2026-05-22,KOSPI,60200.0,60500.0,56200.0,51800.0,0.004983388704318914,-0.06644518272425248,-0.13953488372093026,
129729,20260528801011,00109693,DL,000210,단일판매ㆍ공급계약체결(자회사의 주요경영사항),2026-05-28,KOSPI,54800.0,54300.0,51800.0,50100.0,-0.009124087591240837,-0.054744525547445244,-0.08576642335766427,
122328,20260605800410,00109693,DL,000210,단일판매ㆍ공급계약체결(자회사의 주요경영사항),2026-06-05,KOSPI,50100.0,46100.0,47150.0,54000.0,-0.07984031936127745,-0.05888223552894212,0.07784431137724557,
589644,20240830900072,00201432,비츠로시스,054220,단일판매ㆍ공급계약체결,2024-08-30,KOSDAQ,2515.0,2435.0,2380.0,2305.0,-0.031809145129224614,-0.05367793240556662,-0.08349900596421467,
569571,20241017900132,00201432,비츠로시스,054220,단일판매ㆍ공급계약체결(자율공시),2024-10-17,KOSDAQ,2250.0,2270.0,2250.0,2205.0,0.008888888888888946,0.0,-0.020000000000000018,
347262,20250821900094,00201432,비츠로시스,054220,단일판매ㆍ공급계약체결,2025-08-21,KOSDAQ,1790.0,1785.0,2320.0,1985.0,-0.0027932960893854997,0.2960893854748603,0.1089385474860336,
272321,20260116900336,00201432,비츠로시스,054220,단일판매ㆍ공급계약체결,2026-01-16,KOSDAQ,2070.0,2075.0,2275.0,2060.0,0.0024154589371980784,0.09903381642512077,-0.004830917874396157,
244716,20260226900002,00201432,비츠로시스,054220,단일판매ㆍ공급계약체결,2026-02-26,KOSDAQ,3600.0,3365.0,3455.0,3405.0,-0.06527777777777777,-0.040277777777777746,-0.054166666666666696,
589337,20240830900164,00362122,나래나노텍,137080,단일판매ㆍ공급계약체결,2024-08-30,KOSDAQ,4065.0,4020.0,4045.0,3800.0,-0.011070110701106972,-0.004920049200492049,-0.06519065190651907,
416040,20250414900550,00362122,나래나노텍,137080,단일판매ㆍ공급계약체결,2025-04-14,KOSDAQ,3200.0,3310.0,3255.0,3340.0,0.034375000000000044,0.01718749999999991,0.043749999999999956,
314496,20251105900180,00362122,나래나노텍,137080,단일판매ㆍ공급계약체결,2025-11-05,KOSDAQ,3145.0,3320.0,3160.0,3225.0,0.055643879173290944,0.004769475357710551,0.025437201907790197,
294343,20251208900358,00362122,나래나노텍,137080,단일판매ㆍ공급계약체결,2025-12-08,KOSDAQ,3330.0,3435.0,3520.0,3295.0,0.03153153153153143,0.05705705705705699,-0.010510510510510551,
276239,20260108900347,00362122,나래나노텍,137080,단일판매ㆍ공급계약체결,2026-01-08,KOSDAQ,3700.0,3805.0,3835.0,3770.0,0.02837837837837842,0.03648648648648645,0.018918918918918948,
275975,20260108900732,00362122,나래나노텍,137080,단일판매ㆍ공급계약체결,2026-01-08,KOSDAQ,3700.0,3805.0,3835.0,3770.0,0.02837837837837842,0.03648648648648645,0.018918918918918948,
267394,20260128900438,00362122,나래나노텍,137080,단일판매ㆍ공급계약체결,2026-01-28,KOSDAQ,4320.0,4830.0,5230.0,4955.0,0.11805555555555558,0.21064814814814814,0.1469907407407407,
589054,20240830900209,00995993,DXVX,180400,단일판매ㆍ공급계약체결,2024-08-30,KOSDAQ,3630.0,3495.0,3140.0,2510.0,-0.037190082644628086,-0.13498622589531684,-0.3085399449035813,
588624,20240830900291,00490090,이지케어텍,099750,단일판매ㆍ공급계약체결,2024-08-30,KOSDAQ,7907.0,8097.0,7862.0,7777.0,0.024029341090173295,-0.005691159731883166,-0.016441128114329073,
415909,20250415900196,00490090,이지케어텍,099750,단일판매ㆍ공급계약체결,2025-04-15,KOSDAQ,8707.0,8867.0,8867.0,9053.0,0.018376019294820356,0.018376019294820356,0.03973814172504886,
359676,20250801901168,00490090,이지케어텍,099750,단일판매ㆍ공급계약체결,2025-08-01,KOSDAQ,8913.0,8933.0,8933.0,9008.0,0.0022439133849432302,0.0022439133849432302,0.010658588578480899,
348868,20250814903484,00490090,이지케어텍,099750,단일판매ㆍ공급계약체결,2025-08-14,KOSDAQ,8978.0,8857.0,8757.0,8697.0,-0.013477389173535359,-0.02461572733348183,-0.031298730229449734,
587666,20240830900773,00186452,광무,029480,단일판매ㆍ공급계약체결,2024-08-30,KOSDAQ,3390.0,3560.0,3740.0,3380.0,0.05014749262536866,0.1032448377581121,-0.002949852507374673,
587450,20240902900360,01261644,레인보우로보틱스,277810,단일판매ㆍ공급계약체결,2024-09-02,KOSDAQ,147800.0,143100.0,139000.0,131800.0,-0.031799729364005436,-0.05953991880920162,-0.10825439783491209,
585610,20240905800108,01236897,제일약품,271980,단일판매ㆍ공급계약체결,2024-09-05,KOSPI,14010.0,13690.0,13710.0,14720.0,-0.0228408279800143,-0.021413276231263434,0.050678087080656686,
584963,20240906800193,00132211,SUN&L,002820,단일판매ㆍ공급계약체결(자율공시),2024-09-06,KOSPI,3460.0,3465.0,3495.0,3515.0,0.0014450867052022698,0.01011560693641611,0.01589595375722541,
23867,20260423800175,00132211,SUN&L,002820,단일판매ㆍ공급계약체결,2026-04-23,KOSPI,2515.0,2435.0,2415.0,2370.0,-0.031809145129224614,-0.03976143141153077,-0.05765407554671964,
583998,20240909900479,00308896,셀피글로벌,068940,단일판매ㆍ공급계약체결,2024-09-09,KOSDAQ,778.0,778.0,778.0,778.0,0.0,0.0,0.0,
494454,20250227900945,00308896,셀피글로벌,068940,단일판매ㆍ공급계약체결,2025-02-27,KOSDAQ,778.0,778.0,778.0,778.0,0.0,0.0,0.0,
111429,20260227900615,00308896,셀피글로벌,068940,단일판매ㆍ공급계약체결,2026-02-27,KOSDAQ,778.0,778.0,778.0,778.0,0.0,0.0,0.0,
583444,20240910800478,00141149,영진약품,003520,단일판매ㆍ공급계약체결,2024-09-10,KOSPI,2250.0,2260.0,2305.0,2420.0,0.004444444444444473,0.02444444444444449,0.0755555555555556,
583637,20240910900270,00186939,특수건설,026150,단일판매ㆍ공급계약체결,2024-09-10,KOSDAQ,5750.0,5850.0,5910.0,5990.0,0.017391304347825987,0.027826086956521667,0.0417391304347825,
415180,20250416900233,00186939,특수건설,026150,단일판매ㆍ공급계약체결,2025-04-16,KOSDAQ,7560.0,7690.0,7940.0,8250.0,0.01719576719576721,0.050264550264550234,0.09126984126984117,
386306,20250604900078,00186939,특수건설,026150,단일판매ㆍ공급계약체결,2025-06-04,KOSDAQ,7610.0,7800.0,8000.0,8070.0,0.024967148488830526,0.05124835742444156,0.06044678055190533,
582630,20240911800475,00155276,포스코퓨처엠,003670,단일판매ㆍ공급계약체결,2024-09-11,KOSPI,212764.0,226819.0,224881.0,232635.0,0.06605910774379131,0.056950423943900264,0.093394559229945,
528452,20241230800952,00155276,포스코퓨처엠,003670,단일판매ㆍ공급계약체결,2024-12-30,KOSPI,137739.0,133668.0,141810.0,148014.0,-0.02955589920066215,0.02955589920066215,0.07459760852046271,
323895,20251014800279,00155276,포스코퓨처엠,003670,단일판매ㆍ공급계약체결,2025-10-14,KOSPI,166700.0,174200.0,191500.0,201000.0,0.044991001799639996,0.1487702459508098,0.20575884823035384,
279314,20251231800740,00155276,포스코퓨처엠,003670,단일판매ㆍ공급계약체결,2025-12-31,KOSPI,176900.0,181000.0,182700.0,175900.0,0.02317693612210281,0.032786885245901676,-0.005652911249293346,
95270,20260316800091,00155276,포스코퓨처엠,003670,단일판매ㆍ공급계약체결,2026-03-16,KOSPI,191200.0,193100.0,200500.0,186400.0,0.009937238493723743,0.04864016736401666,-0.025104602510460206,
583028,20240911900072,00363486,로체시스템즈,071280,단일판매ㆍ공급계약체결(자율공시),2024-09-11,KOSDAQ,15850.0,16290.0,15990.0,15870.0,0.027760252365930604,0.008832807570977819,0.0012618296529969264,
577607,20240926900167,00363486,로체시스템즈,071280,단일판매ㆍ공급계약체결,2024-09-26,KOSDAQ,17550.0,17710.0,17800.0,18200.0,0.00911680911680901,0.014245014245014342,0.03703703703703698,
582878,20240911900223,00327819,선익시스템,171090,단일판매ㆍ공급계약체결(자율공시),2024-09-11,KOSDAQ,50800.0,54100.0,54100.0,57800.0,0.06496062992125995,0.06496062992125995,0.13779527559055116,
565554,20241028900306,00327819,선익시스템,171090,단일판매ㆍ공급계약체결,2024-10-28,KOSDAQ,44900.0,42500.0,44050.0,45700.0,-0.053452115812917644,-0.018930957683741645,0.017817371937639104,
564221,20241030900347,00327819,선익시스템,171090,단일판매ㆍ공급계약체결,2024-10-30,KOSDAQ,44050.0,43200.0,42200.0,47350.0,-0.0192962542565267,-0.041997729852440435,0.07491486946651538,
531592,20241224900149,00327819,선익시스템,171090,단일판매ㆍ공급계약체결,2024-12-24,KOSDAQ,44200.0,42350.0,40850.0,45100.0,-0.041855203619909465,-0.07579185520361986,0.020361990950226172,
520991,20250120900239,00327819,선익시스템,171090,단일판매ㆍ공급계약체결,2025-01-20,KOSDAQ,49450.0,51700.0,50700.0,49400.0,0.0455005055611728,0.025278058645096024,-0.0010111223458038054,
473868,20250319900036,00327819,선익시스템,171090,단일판매ㆍ공급계약체결(자율공시),2025-03-19,KOSDAQ,45950.0,45500.0,46100.0,43600.0,-0.009793253536452662,0.0032644178454841466,-0.05114254624591952,
444927,20250403900091,00327819,선익시스템,171090,단일판매ㆍ공급계약체결(자율공시),2025-04-03,KOSDAQ,39650.0,39650.0,36850.0,38150.0,0.0,-0.07061790668348045,-0.03783102143757877,
418587,20250414900153,00327819,선익시스템,171090,단일판매ㆍ공급계약체결(자율공시),2025-04-14,KOSDAQ,38850.0,39950.0,38050.0,37900.0,0.028314028314028405,-0.020592020592020588,-0.02445302445302444,
394122,20250526900558,00327819,선익시스템,171090,단일판매ㆍ공급계약체결,2025-05-26,KOSDAQ,41450.0,39350.0,38950.0,37300.0,-0.05066344993968641,-0.06031363088057906,-0.10012062726176119,
326531,20251001900214,00327819,선익시스템,171090,단일판매ㆍ공급계약체결,2025-10-01,KOSDAQ,47200.0,46100.0,45350.0,47250.0,-0.02330508474576276,-0.03919491525423724,0.0010593220338983578,
276442,20260108900152,00327819,선익시스템,171090,단일판매ㆍ공급계약체결,2026-01-08,KOSDAQ,48200.0,47250.0,46200.0,45500.0,-0.01970954356846477,-0.04149377593360992,-0.05601659751037347,
261634,20260205900122,00327819,선익시스템,171090,단일판매ㆍ공급계약체결,2026-02-05,KOSDAQ,79300.0,91300.0,100000.0,96800.0,0.1513240857503153,0.26103404791929385,0.22068095838587642,
246134,20260225900560,00327819,선익시스템,171090,단일판매ㆍ공급계약체결,2026-02-25,KOSDAQ,127100.0,129800.0,131000.0,121500.0,0.02124311565696302,0.0306845003933911,-0.04405979543666405,
77964,20260327900456,00327819,선익시스템,171090,단일판매ㆍ공급계약체결,2026-03-27,KOSDAQ,92800.0,85800.0,83800.0,84300.0,-0.07543103448275867,-0.09698275862068961,-0.09159482758620685,
2689,20260526900130,00327819,선익시스템,171090,단일판매ㆍ공급계약체결,2026-05-26,KOSDAQ,95900.0,90000.0,84400.0,73200.0,-0.0615224191866528,-0.11991657977059433,-0.23670490093847762,
582482,20240912800084,00367844,자이에스앤디,317400,단일판매ㆍ공급계약체결(자율공시),2024-09-12,KOSPI,4105.0,4135.0,4145.0,4135.0,0.0073081607795371095,0.00974421437271622,0.0073081607795371095,
551722,20241122800091,00367844,자이에스앤디,317400,단일판매ㆍ공급계약체결(자율공시),2024-11-22,KOSPI,3500.0,3505.0,3470.0,3380.0,0.0014285714285713347,-0.008571428571428563,-0.03428571428571425,
551721,20241122800092,00367844,자이에스앤디,317400,단일판매ㆍ공급계약체결(자율공시),2024-11-22,KOSPI,3500.0,3505.0,3470.0,3380.0,0.0014285714285713347,-0.008571428571428563,-0.03428571428571425,
421595,20250411800216,00367844,자이에스앤디,317400,단일판매ㆍ공급계약체결,2025-04-11,KOSPI,3190.0,3185.0,3255.0,3340.0,-0.0015673981191222097,0.020376175548589393,0.047021943573667624,
392944,20250528800153,00367844,자이에스앤디,317400,단일판매ㆍ공급계약체결,2025-05-28,KOSPI,3730.0,3655.0,3605.0,3880.0,-0.020107238605898137,-0.03351206434316356,0.04021447721179627,
367611,20250717800046,00367844,자이에스앤디,317400,단일판매ㆍ공급계약체결,2025-07-17,KOSPI,3825.0,3790.0,3800.0,3635.0,-0.009150326797385588,-0.006535947712418277,-0.04967320261437913,
343768,20250828800053,00367844,자이에스앤디,317400,단일판매ㆍ공급계약체결,2025-08-28,KOSPI,3410.0,3410.0,3360.0,3400.0,0.0,-0.014662756598240456,-0.0029325513196480912,
301000,20251127800466,00367844,자이에스앤디,317400,단일판매ㆍ공급계약체결(자율공시),2025-11-27,KOSPI,3725.0,3725.0,3870.0,3895.0,0.0,0.03892617449664426,0.04563758389261752,
286277,20251219800133,00367844,자이에스앤디,317400,단일판매ㆍ공급계약체결,2025-12-19,KOSPI,4600.0,4665.0,4595.0,4280.0,0.01413043478260878,-0.0010869565217391797,-0.06956521739130439,
87736,20260320800574,00367844,자이에스앤디,317400,단일판매ㆍ공급계약체결,2026-03-20,KOSPI,4570.0,4385.0,4275.0,4220.0,-0.040481400437636816,-0.06455142231947486,-0.07658643326039383,
55072,20260403800995,00367844,자이에스앤디,317400,단일판매ㆍ공급계약체결(자율공시),2026-04-03,KOSPI,4145.0,4145.0,4100.0,4460.0,0.0,-0.010856453558504175,0.07599517490952956,
38256,20260410800139,00367844,자이에스앤디,317400,단일판매ㆍ공급계약체결,2026-04-10,KOSPI,4460.0,4400.0,4410.0,4590.0,-0.013452914798206317,-0.011210762331838597,0.029147982062780242,
27525,20260416800132,00367844,자이에스앤디,317400,단일판매ㆍ공급계약체결,2026-04-16,KOSPI,4490.0,4590.0,4840.0,4795.0,0.022271714922049046,0.07795100222717144,0.06792873051224935,
121124,20260609800185,00367844,자이에스앤디,317400,단일판매ㆍ공급계약체결,2026-06-09,KOSPI,3495.0,3420.0,3415.0,3750.0,-0.02145922746781115,-0.022889842632331958,0.07296137339055786,
582202,20240912900303,01686427,에스오에스랩,464080,단일판매ㆍ공급계약체결,2024-09-12,KOSDAQ,7410.0,7420.0,7350.0,7680.0,0.0013495276653170407,-0.0080971659919028,0.036437246963562764,
518026,20250124900109,01686427,에스오에스랩,464080,단일판매ㆍ공급계약체결,2025-01-24,KOSDAQ,12830.0,13130.0,11820.0,12780.0,0.023382696804364667,-0.07872174590802805,-0.0038971161340607408,
378033,20250625900255,01686427,에스오에스랩,464080,단일판매ㆍ공급계약체결,2025-06-25,KOSDAQ,14000.0,13350.0,13720.0,12720.0,-0.046428571428571375,-0.020000000000000018,-0.09142857142857141,
117169,20260616900395,01686427,에스오에스랩,464080,단일판매ㆍ공급계약체결,2026-06-16,KOSDAQ,13970.0,13070.0,12100.0,10120.0,-0.06442376521116677,-0.13385826771653542,-0.2755905511811023,
582194,20240912900331,01506990,옵티코어,380540,단일판매ㆍ공급계약체결(자율공시),2024-09-12,KOSDAQ,2066.0,2068.0,2028.0,2046.0,0.0009680542110357404,-0.01839303000968051,-0.009680542110358181,
328006,20250929900546,01506990,옵티코어,380540,단일판매ㆍ공급계약체결,2025-09-29,KOSDAQ,3782.0,3772.0,3740.0,3696.0,-0.0026441036488630276,-0.011105235325224783,-0.022739291380222126,
285850,20251219900688,01506990,옵티코어,380540,단일판매ㆍ공급계약체결,2025-12-19,KOSDAQ,3720.0,3874.0,3656.0,3568.0,0.04139784946236569,-0.017204301075268824,-0.04086021505376347,
281656,20251229900538,01506990,옵티코어,380540,단일판매ㆍ공급계약체결,2025-12-29,KOSDAQ,3568.0,4100.0,4800.0,5480.0,0.14910313901345296,0.3452914798206279,0.5358744394618835,
5364,20260519900209,01506990,옵티코어,380540,단일판매ㆍ공급계약체결,2026-05-19,KOSDAQ,8450.0,8450.0,8450.0,8450.0,0.0,0.0,0.0,
581510,20240913900090,00470829,인티큐브,070590,단일판매ㆍ공급계약체결(자율공시),2024-09-13,KOSDAQ,1110.0,1131.0,1127.0,1133.0,0.018918918918918948,0.015315315315315381,0.02072072072072073,
551069,20241125900067,00470829,인티큐브,070590,단일판매ㆍ공급계약체결,2024-11-25,KOSDAQ,1018.0,1027.0,1018.0,973.0,0.008840864440078589,0.0,-0.04420432220039294,
492334,20250228900631,00470829,인티큐브,070590,단일판매ㆍ공급계약체결,2025-02-28,KOSDAQ,1034.0,997.0,1057.0,1030.0,-0.03578336557059958,0.022243713733075543,-0.003868471953578312,
384107,20250611900166,00470829,인티큐브,070590,단일판매ㆍ공급계약체결(자율공시),2025-06-11,KOSDAQ,1980.0,2000.0,1893.0,1799.0,0.010101010101010166,-0.043939393939393945,-0.09141414141414139,
581334,20240913900277,00325112,프로텍,053610,단일판매ㆍ공급계약체결,2024-09-13,KOSDAQ,25000.0,24000.0,24400.0,28500.0,-0.040000000000000036,-0.02400000000000002,0.1399999999999999,
581288,20240913900339,01157235,아스타,246720,단일판매ㆍ공급계약체결,2024-09-13,KOSDAQ,5130.0,5110.0,5150.0,5070.0,-0.003898635477582846,0.003898635477582957,-0.011695906432748537,
374110,20250701900199,01157235,아스타,246720,단일판매ㆍ공급계약체결,2025-07-01,KOSDAQ,4765.0,4730.0,4740.0,4850.0,-0.007345225603357819,-0.005246589716684125,0.01783840503672618,
86116,20260323900428,01157235,아스타,246720,단일판매ㆍ공급계약체결,2026-03-23,KOSDAQ,6230.0,6070.0,6070.0,6070.0,-0.025682182985553803,-0.025682182985553803,-0.025682182985553803,
24272,20260422900627,01157235,아스타,246720,단일판매ㆍ공급계약체결,2026-04-22,KOSDAQ,6070.0,6070.0,6070.0,6070.0,0.0,0.0,0.0,
581067,20240913900561,01440153,넥사다이내믹스,351320,단일판매ㆍ공급계약체결,2024-09-13,KOSDAQ,1757.0,1735.0,1829.0,1816.0,-0.012521343198634072,0.04097894137734781,0.03357996585088219,
358346,20250806900474,01440153,넥사다이내믹스,351320,단일판매ㆍ공급계약체결,2025-08-06,KOSDAQ,1970.0,1990.0,1941.0,1896.0,0.010152284263959421,-0.014720812182741128,-0.03756345177664977,
5622,20260518900663,01440153,넥사다이내믹스,351320,단일판매ㆍ공급계약체결,2026-05-18,KOSDAQ,1524.0,1521.0,1416.0,1444.0,-0.0019685039370078705,-0.07086614173228345,-0.05249343832021003,
580072,20240920800004,00145109,유한양행,000100,단일판매ㆍ공급계약체결,2024-09-20,KOSPI,145400.0,148200.0,157000.0,146100.0,0.01925722145804687,0.079779917469051,0.004814305364511773,
395457,20250522800001,00145109,유한양행,000100,단일판매ㆍ공급계약체결,2025-05-22,KOSPI,105000.0,104000.0,104200.0,105400.0,-0.00952380952380949,-0.007619047619047636,0.003809523809523707,
347752,20250820800029,00145109,유한양행,000100,단일판매ㆍ공급계약체결,2025-08-20,KOSPI,113300.0,113700.0,115000.0,116200.0,0.003530450132391838,0.015004413062665423,0.02559576345984116,
344838,20250827800028,00145109,유한양행,000100,단일판매ㆍ공급계약체결,2025-08-27,KOSPI,116200.0,115300.0,113500.0,118100.0,-0.0077452667814114085,-0.023235800344234114,0.016351118760757233,
15830,20260506800401,00145109,유한양행,000100,단일판매ㆍ공급계약체결,2026-05-06,KOSPI,87800.0,88000.0,86600.0,84700.0,0.002277904328018332,-0.013667425968109326,-0.03530751708428248,
4971,20260520800079,00145109,유한양행,000100,단일판매ㆍ공급계약체결,2026-05-20,KOSPI,81500.0,84100.0,88300.0,83600.0,0.031901840490797584,0.08343558282208585,0.025766871165644245,
579957,20240920900240,00117966,동원개발,013120,단일판매ㆍ공급계약체결,2024-09-20,KOSDAQ,2710.0,2670.0,2685.0,2670.0,-0.014760147601476037,-0.009225092250922495,-0.014760147601476037,
469309,20250321901150,00117966,동원개발,013120,단일판매ㆍ공급계약체결,2025-03-21,KOSDAQ,2290.0,2290.0,2285.0,2280.0,0.0,-0.0021834061135370675,-0.004366812227074246,
463637,20250326902393,00117966,동원개발,013120,단일판매ㆍ공급계약체결,2025-03-26,KOSDAQ,2280.0,2290.0,2280.0,2275.0,0.004385964912280604,0.0,-0.002192982456140302,
312329,20251110900454,00117966,동원개발,013120,단일판매ㆍ공급계약체결(자율공시),2025-11-10,KOSDAQ,2630.0,2610.0,2655.0,2585.0,-0.0076045627376425395,0.009505703422053147,-0.017110266159695797,
289581,20251215901592,00117966,동원개발,013120,단일판매ㆍ공급계약체결,2025-12-15,KOSDAQ,2845.0,2815.0,2940.0,2830.0,-0.010544815465729385,0.033391915641476366,-0.005272407732864637,
77328,20260327901308,00117966,동원개발,013120,단일판매ㆍ공급계약체결,2026-03-27,KOSDAQ,3045.0,2920.0,2875.0,2815.0,-0.04105090311986859,-0.05582922824302139,-0.07553366174055831,
121713,20260608900412,00117966,동원개발,013120,단일판매ㆍ공급계약체결,2026-06-08,KOSDAQ,2285.0,2285.0,2280.0,2310.0,0.0,-0.002188183807439792,0.010940919037199182,
121714,20260608900413,00117966,동원개발,013120,단일판매ㆍ공급계약체결,2026-06-08,KOSDAQ,2285.0,2285.0,2280.0,2310.0,0.0,-0.002188183807439792,0.010940919037199182,
121715,20260608900414,00117966,동원개발,013120,단일판매ㆍ공급계약체결,2026-06-08,KOSDAQ,2285.0,2285.0,2280.0,2310.0,0.0,-0.002188183807439792,0.010940919037199182,
579512,20240923900002,01267967,마이크로디지탈,305090,단일판매ㆍ공급계약체결,2024-09-23,KOSDAQ,15910.0,14850.0,15070.0,15310.0,-0.06662476429918296,-0.05279698302954117,-0.037712130735386595,
541114,20241210900684,01267967,마이크로디지탈,305090,단일판매ㆍ공급계약체결,2024-12-10,KOSDAQ,11230.0,11770.0,12020.0,12000.0,0.048085485307212794,0.07034728406055213,0.06856634016028496,
579493,20240923900104,00664181,인텔리안테크,189300,단일판매ㆍ공급계약체결,2024-09-23,KOSDAQ,51700.0,56400.0,55100.0,55000.0,0.09090909090909083,0.06576402321083163,0.06382978723404253,
568536,20241021900095,00664181,인텔리안테크,189300,단일판매ㆍ공급계약체결(자율공시),2024-10-21,KOSDAQ,53400.0,51800.0,51900.0,49700.0,-0.029962546816479363,-0.028089887640449396,-0.06928838951310856,
374164,20250701900111,00664181,인텔리안테크,189300,단일판매ㆍ공급계약체결(자율공시),2025-07-01,KOSDAQ,49900.0,48650.0,49000.0,47250.0,-0.02505010020040077,-0.018036072144288595,-0.0531062124248497,
356735,20250811900168,00664181,인텔리안테크,189300,단일판매ㆍ공급계약체결,2025-08-11,KOSDAQ,50900.0,49550.0,49300.0,45000.0,-0.026522593320235766,-0.03143418467583492,-0.11591355599214148,
333342,20250917900081,00664181,인텔리안테크,189300,단일판매ㆍ공급계약체결,2025-09-17,KOSDAQ,49800.0,50300.0,51800.0,50600.0,0.010040160642570184,0.04016064257028118,0.016064257028112428,
289303,20251216900267,00664181,인텔리안테크,189300,단일판매ㆍ공급계약체결,2025-12-16,KOSDAQ,48250.0,49050.0,49400.0,55600.0,0.01658031088082912,0.023834196891191706,0.15233160621761654,
579289,20240923900336,00867973,서남,294630,단일판매ㆍ공급계약체결,2024-09-23,KOSDAQ,3480.0,3805.0,3785.0,3665.0,0.09339080459770122,0.08764367816091956,0.053160919540229834,
578944,20240924900070,00216027,바이넥스,053030,단일판매ㆍ공급계약체결,2024-09-24,KOSDAQ,26400.0,24450.0,25300.0,23750.0,-0.07386363636363635,-0.04166666666666663,-0.10037878787878785,
553259,20241119900039,00216027,바이넥스,053030,단일판매ㆍ공급계약체결,2024-11-19,KOSDAQ,17920.0,17400.0,16850.0,16570.0,-0.029017857142857095,-0.0597098214285714,-0.0753348214285714,
375463,20250630900023,00216027,바이넥스,053030,단일판매ㆍ공급계약체결,2025-06-30,KOSDAQ,16100.0,15810.0,15890.0,16520.0,-0.01801242236024847,-0.013043478260869601,0.026086956521739202,
337091,20250908900022,00216027,바이넥스,053030,단일판매ㆍ공급계약체결,2025-09-08,KOSDAQ,18000.0,17690.0,17660.0,16840.0,-0.01722222222222225,-0.018888888888888844,-0.06444444444444442,
578931,20240924900089,00531078,유비온,084440,단일판매ㆍ공급계약체결,2024-09-24,KOSDAQ,865.0,855.0,858.0,1022.0,-0.011560693641618491,-0.008092485549133,0.18150289017341037,
552322,20241121900103,00531078,유비온,084440,단일판매ㆍ공급계약체결,2024-11-21,KOSDAQ,753.0,978.0,921.0,867.0,0.298804780876494,0.22310756972111556,0.15139442231075706,
351412,20250814901250,00531078,유비온,084440,단일판매ㆍ공급계약체결,2025-08-14,KOSDAQ,1190.0,1143.0,1096.0,1062.0,-0.0394957983193277,-0.07899159663865551,-0.10756302521008398,
119000,20260611900800,00531078,유비온,084440,단일판매ㆍ공급계약체결(자율공시),2026-06-11,KOSDAQ,1022.0,1056.0,1071.0,980.0,0.03326810176125239,0.047945205479452024,-0.04109589041095896,
578833,20240924900180,00120906,에스아이리소스,065420,단일판매ㆍ공급계약체결,2024-09-24,KOSDAQ,251.0,326.0,320.0,284.0,0.298804780876494,0.2749003984063745,0.13147410358565748,
499736,20250224900239,00120906,에스아이리소스,065420,단일판매ㆍ공급계약체결,2025-02-24,KOSDAQ,245.0,224.0,235.0,222.0,-0.08571428571428574,-0.04081632653061229,-0.09387755102040818,
371326,20250708900161,00120906,에스아이리소스,065420,단일판매ㆍ공급계약체결,2025-07-08,KOSDAQ,317.0,298.0,300.0,284.0,-0.05993690851735012,-0.05362776025236593,-0.10410094637223977,
283590,20251224900151,00120906,에스아이리소스,065420,단일판매ㆍ공급계약체결,2025-12-24,KOSDAQ,251.0,243.0,244.0,248.0,-0.031872509960159334,-0.027888446215139417,-0.01195219123505975,
279072,20260102900307,00120906,에스아이리소스,065420,단일판매ㆍ공급계약체결,2026-01-02,KOSDAQ,256.0,248.0,248.0,230.0,-0.03125,-0.03125,-0.1015625,
80616,20260326900625,00120906,에스아이리소스,065420,단일판매ㆍ공급계약체결,2026-03-26,KOSDAQ,207.0,248.0,225.0,288.0,0.19806763285024154,0.08695652173913038,0.3913043478260869,
32672,20260413900364,00120906,에스아이리소스,065420,단일판매ㆍ공급계약체결,2026-04-13,KOSDAQ,257.0,248.0,244.0,299.0,-0.035019455252918275,-0.05058365758754868,0.16342412451361876,
22852,20260424900209,00120906,에스아이리소스,065420,단일판매ㆍ공급계약체결,2026-04-24,KOSDAQ,285.0,282.0,308.0,286.0,-0.010526315789473717,0.08070175438596494,0.0035087719298245723,
578132,20240925900373,00579971,칩스앤미디어,094360,단일판매ㆍ공급계약체결,2024-09-25,KOSDAQ,14380.0,14960.0,15000.0,15060.0,0.04033379694019468,0.04311543810848395,0.04728789986091786,
577500,20240926800285,01261893,케이씨텍,281820,단일판매ㆍ공급계약체결,2024-09-26,KOSPI,35500.0,35750.0,35650.0,35300.0,0.007042253521126751,0.004225352112676051,-0.005633802816901401,
276951,20260107800353,01261893,케이씨텍,281820,단일판매ㆍ공급계약체결,2026-01-07,KOSPI,44250.0,42900.0,41200.0,40900.0,-0.03050847457627115,-0.06892655367231637,-0.07570621468926553,
103012,20260310800515,01261893,케이씨텍,281820,단일판매ㆍ공급계약체결,2026-03-10,KOSPI,45600.0,44550.0,44350.0,47050.0,-0.023026315789473673,-0.027412280701754388,0.0317982456140351,
577713,20240926900077,01114586,셀레믹스,331920,단일판매ㆍ공급계약체결(자율공시),2024-09-26,KOSDAQ,4365.0,4295.0,4285.0,4400.0,-0.016036655211912998,-0.018327605956471982,0.008018327605956443,
534990,20241217900671,01114586,셀레믹스,331920,단일판매ㆍ공급계약체결,2024-12-17,KOSDAQ,3380.0,3480.0,3295.0,3180.0,0.029585798816567976,-0.025147928994082802,-0.059171597633136064,
283123,20251224900591,01114586,셀레믹스,331920,단일판매ㆍ공급계약체결(자율공시),2025-12-24,KOSDAQ,2830.0,2750.0,2770.0,2810.0,-0.028268551236749095,-0.021201413427561877,-0.007067137809187329,
577626,20240926900113,00793155,핸디소프트,220180,단일판매ㆍ공급계약체결,2024-09-26,KOSDAQ,3300.0,3200.0,3065.0,3100.0,-0.030303030303030276,-0.07121212121212117,-0.06060606060606055,
576563,20240927800455,00508344,SK디앤디,210980,단일판매ㆍ공급계약체결,2024-09-27,KOSPI,8870.0,8740.0,8570.0,8740.0,-0.01465614430665163,-0.03382187147688842,-0.01465614430665163,
533489,20241219800696,00508344,SK디앤디,210980,단일판매ㆍ공급계약체결,2024-12-19,KOSPI,7670.0,7700.0,7680.0,7360.0,0.003911342894393766,0.0013037809647979959,-0.04041720990873532,
576988,20240927900094,00374738,위세아이텍,065370,단일판매ㆍ공급계약체결,2024-09-27,KOSDAQ,4840.0,4720.0,4700.0,4765.0,-0.024793388429752095,-0.02892561983471076,-0.015495867768595017,
532367,20241223900101,00374738,위세아이텍,065370,단일판매ㆍ공급계약체결,2024-12-23,KOSDAQ,5800.0,5440.0,5280.0,6340.0,-0.06206896551724139,-0.08965517241379306,0.09310344827586214,
80874,20260326900300,00374738,위세아이텍,065370,단일판매ㆍ공급계약체결,2026-03-26,KOSDAQ,4940.0,4980.0,4875.0,4675.0,0.00809716599190291,-0.013157894736842146,-0.053643724696356254,
23579,20260423900518,00374738,위세아이텍,065370,단일판매ㆍ공급계약체결(자율공시),2026-04-23,KOSDAQ,5480.0,5520.0,5520.0,5310.0,0.007299270072992803,0.007299270072992803,-0.031021897810219023,
16283,20260504900423,00374738,위세아이텍,065370,단일판매ㆍ공급계약체결,2026-05-04,KOSDAQ,5310.0,5320.0,5120.0,4820.0,0.0018832391713747842,-0.03578154425612057,-0.09227871939736343,
576647,20240927900376,00353762,키이스트,054780,단일판매ㆍ공급계약체결,2024-09-27,KOSDAQ,4865.0,4770.0,4770.0,5060.0,-0.019527235354573458,-0.019527235354573458,0.04008221993833505,
119985,20260610900825,00353762,키이스트,054780,단일판매ㆍ공급계약체결,2026-06-10,KOSDAQ,1536.0,1526.0,1621.0,1650.0,-0.00651041666666663,0.05533854166666674,0.07421875,
576421,20240927900640,00442561,에프알텍,073540,단일판매ㆍ공급계약체결,2024-09-27,KOSDAQ,1326.0,1302.0,1287.0,1335.0,-0.018099547511312264,-0.02941176470588236,0.006787330316742057,
492418,20250228900527,00442561,에프알텍,073540,단일판매ㆍ공급계약체결,2025-02-28,KOSDAQ,1451.0,1460.0,1465.0,1467.0,0.006202618883528688,0.009648518263266626,0.01102687801516189,
364541,20250724900626,00442561,에프알텍,073540,단일판매ㆍ공급계약체결,2025-07-24,KOSDAQ,1954.0,1920.0,1884.0,1827.0,-0.017400204708290734,-0.035823950870010224,-0.06499488229273287,
91719,20260318900291,00442561,에프알텍,073540,단일판매ㆍ공급계약체결,2026-03-18,KOSDAQ,2425.0,2310.0,2350.0,2610.0,-0.04742268041237119,-0.030927835051546393,0.07628865979381438,
575764,20240930800321,01817081,SK이터닉스,475150,단일판매ㆍ공급계약체결,2024-09-30,KOSPI,17890.0,17630.0,17260.0,16740.0,-0.014533258803800964,-0.03521520402459477,-0.06428172163219681,
575762,20240930800328,01817081,SK이터닉스,475150,단일판매ㆍ공급계약체결,2024-09-30,KOSPI,17890.0,17630.0,17260.0,16740.0,-0.014533258803800964,-0.03521520402459477,-0.06428172163219681,
549308,20241127800277,01817081,SK이터닉스,475150,단일판매ㆍ공급계약체결,2024-11-27,KOSPI,13640.0,13630.0,13110.0,13590.0,-0.0007331378299120228,-0.03885630498533721,-0.003665689149560114,
347993,20250819800346,01817081,SK이터닉스,475150,단일판매ㆍ공급계약체결,2025-08-19,KOSPI,22400.0,22150.0,21700.0,20950.0,-0.011160714285714302,-0.03125,-0.0647321428571429,
285864,20251219800610,01817081,SK이터닉스,475150,단일판매ㆍ공급계약체결,2025-12-19,KOSPI,22250.0,22000.0,21600.0,21100.0,-0.011235955056179803,-0.02921348314606742,-0.051685393258426915,
575488,20240930800646,00120030,GS건설,006360,단일판매ㆍ공급계약체결,2024-09-30,KOSPI,18340.0,18000.0,18040.0,18220.0,-0.018538713195201728,-0.016357688113413316,-0.0065430752453653485,
570856,20241014800468,00120030,GS건설,006360,단일판매ㆍ공급계약체결,2024-10-14,KOSPI,18350.0,18570.0,18440.0,18620.0,0.011989100817438647,0.004904632152588517,0.014713896457765774,
557367,20241114800101,00120030,GS건설,006360,단일판매ㆍ공급계약체결,2024-11-14,KOSPI,17500.0,17690.0,18140.0,18450.0,0.010857142857142899,0.03657142857142848,0.05428571428571427,
550764,20241125800417,00120030,GS건설,006360,단일판매ㆍ공급계약체결,2024-11-25,KOSPI,19170.0,19780.0,19400.0,19280.0,0.03182055294731345,0.011997913406364136,0.005738132498695814,
544882,20241202800070,00120030,GS건설,006360,단일판매ㆍ공급계약체결,2024-12-02,KOSPI,19280.0,20050.0,19250.0,17130.0,0.039937759336099665,-0.001556016597510368,-0.11151452282157681,
524024,20250110800495,00120030,GS건설,006360,단일판매ㆍ공급계약체결,2025-01-10,KOSPI,18200.0,17420.0,17490.0,16960.0,-0.042857142857142816,-0.03901098901098898,-0.06813186813186811,
492964,20250228800239,00120030,GS건설,006360,단일판매ㆍ공급계약체결,2025-02-28,KOSPI,17570.0,17460.0,18200.0,18610.0,-0.00626067159931698,0.03585657370517925,0.05919180421172454,
470321,20250321800147,00120030,GS건설,006360,단일판매ㆍ공급계약체결,2025-03-21,KOSPI,17580.0,17440.0,17180.0,17120.0,-0.007963594994311762,-0.022753128555176305,-0.026166097838452806,
414512,20250417800488,00120030,GS건설,006360,단일판매ㆍ공급계약체결,2025-04-17,KOSPI,16440.0,16650.0,16590.0,17120.0,0.012773722627737127,0.009124087591240837,0.041362530413625365,
409058,20250428800669,00120030,GS건설,006360,단일판매ㆍ공급계약체결,2025-04-28,KOSPI,17980.0,17850.0,18250.0,17830.0,-0.007230255839822064,0.015016685205784253,-0.008342602892102313,
402643,20250513800170,00120030,GS건설,006360,단일판매ㆍ공급계약체결,2025-05-13,KOSPI,18810.0,18940.0,18530.0,19140.0,0.006911217437533201,-0.014885699096225391,0.01754385964912286,
392265,20250529800041,00120030,GS건설,006360,단일판매ㆍ공급계약체결,2025-05-29,KOSPI,23250.0,22650.0,22550.0,23400.0,-0.02580645161290318,-0.03010752688172047,0.006451612903225712,
340913,20250829800328,00120030,GS건설,006360,단일판매ㆍ공급계약체결,2025-08-29,KOSPI,18670.0,18450.0,18560.0,18740.0,-0.011783610069630468,-0.005891805034815234,0.003749330476700674,
333797,20250916800033,00120030,GS건설,006360,단일판매ㆍ공급계약체결,2025-09-16,KOSPI,19570.0,19000.0,19180.0,18930.0,-0.029126213592232997,-0.019928461931527863,-0.03270311701584061,
319011,20251027800119,00120030,GS건설,006360,단일판매ㆍ공급계약체결,2025-10-27,KOSPI,19000.0,18850.0,19100.0,18400.0,-0.007894736842105288,0.0052631578947368585,-0.03157894736842104,
316160,20251031800224,00120030,GS건설,006360,단일판매ㆍ공급계약체결,2025-10-31,KOSPI,18690.0,18400.0,18660.0,18110.0,-0.015516318887105363,-0.0016051364365970988,-0.031032637774210836,
299691,20251128800122,00120030,GS건설,006360,단일판매ㆍ공급계약체결,2025-11-28,KOSPI,19320.0,18820.0,19030.0,20350.0,-0.025879917184264967,-0.015010351966873725,0.05331262939958603,
298976,20251128800419,00120030,GS건설,006360,단일판매ㆍ공급계약체결,2025-11-28,KOSPI,19320.0,18820.0,19030.0,20350.0,-0.025879917184264967,-0.015010351966873725,0.05331262939958603,
298905,20251128800505,00120030,GS건설,006360,단일판매ㆍ공급계약체결,2025-11-28,KOSPI,19320.0,18820.0,19030.0,20350.0,-0.025879917184264967,-0.015010351966873725,0.05331262939958603,
296178,20251203800112,00120030,GS건설,006360,단일판매ㆍ공급계약체결,2025-12-03,KOSPI,19170.0,19080.0,20350.0,19250.0,-0.0046948356807511304,0.06155451225873754,0.004173187271778733,
285430,20251222800337,00120030,GS건설,006360,단일판매ㆍ공급계약체결,2025-12-22,KOSPI,20100.0,19900.0,19780.0,19700.0,-0.00995024875621886,-0.015920398009950265,-0.01990049751243783,
285421,20251222800346,00120030,GS건설,006360,단일판매ㆍ공급계약체결,2025-12-22,KOSPI,20100.0,19900.0,19780.0,19700.0,-0.00995024875621886,-0.015920398009950265,-0.01990049751243783,
285408,20251222800364,00120030,GS건설,006360,단일판매ㆍ공급계약체결,2025-12-22,KOSPI,20100.0,19900.0,19780.0,19700.0,-0.00995024875621886,-0.015920398009950265,-0.01990049751243783,
284389,20251223800423,00120030,GS건설,006360,단일판매ㆍ공급계약체결(자율공시),2025-12-23,KOSPI,19900.0,19780.0,19250.0,18820.0,-0.0060301507537688925,-0.03266331658291455,-0.05427135678391959,
261488,20260205800375,00120030,GS건설,006360,단일판매ㆍ공급계약체결,2026-02-05,KOSPI,19490.0,19110.0,20300.0,21700.0,-0.01949717804002049,0.041559774243201675,0.1133914828116982,
83197,20260324801374,00120030,GS건설,006360,단일판매ㆍ공급계약체결,2026-03-24,KOSPI,28200.0,27400.0,26250.0,25100.0,-0.028368794326241176,-0.06914893617021278,-0.10992907801418439,
59469,20260402800640,00120030,GS건설,006360,단일판매ㆍ공급계약체결,2026-04-02,KOSPI,26200.0,27250.0,28000.0,35550.0,0.040076335877862634,0.06870229007633588,0.35687022900763354,
44572,20260408800377,00120030,GS건설,006360,단일판매ㆍ공급계약체결,2026-04-08,KOSPI,37400.0,35550.0,37650.0,41000.0,-0.049465240641711206,0.006684491978609541,0.09625668449197855,
26742,20260417800275,00120030,GS건설,006360,단일판매ㆍ공급계약체결,2026-04-17,KOSPI,39000.0,38050.0,43100.0,40750.0,-0.024358974358974383,0.1051282051282052,0.044871794871794934,
4970,20260520800080,00120030,GS건설,006360,단일판매ㆍ공급계약체결,2026-05-20,KOSPI,29000.0,31000.0,32150.0,28800.0,0.06896551724137923,0.10862068965517246,-0.006896551724137945,
575290,20240930800837,00106313,금호건설,002990,단일판매ㆍ공급계약체결,2024-09-30,KOSPI,3240.0,3200.0,3185.0,3170.0,-0.012345679012345734,-0.016975308641975273,-0.021604938271604923,
380359,20250619800649,00106313,금호건설,002990,단일판매ㆍ공급계약체결,2025-06-19,KOSPI,3405.0,3405.0,3350.0,3395.0,0.0,-0.016152716593245242,-0.002936857562408246,
347726,20250820800085,00106313,금호건설,002990,단일판매ㆍ공급계약체결,2025-08-20,KOSPI,4120.0,4050.0,4050.0,3925.0,-0.016990291262135915,-0.016990291262135915,-0.047330097087378675,
334856,20250912800058,00106313,금호건설,002990,단일판매ㆍ공급계약체결,2025-09-12,KOSPI,3975.0,3990.0,4010.0,3935.0,0.0037735849056603765,0.008805031446540879,-0.010062893081761004,
305468,20251119800040,00106313,금호건설,002990,단일판매ㆍ공급계약체결,2025-11-19,KOSPI,3665.0,3710.0,3725.0,3690.0,0.012278308321964637,0.016371077762619368,0.006821282401091366,
301555,20251127800235,00106313,금호건설,002990,단일판매ㆍ공급계약체결,2025-11-27,KOSPI,3705.0,3770.0,3775.0,3980.0,0.01754385964912286,0.018893387314439902,0.07422402159244257,
299938,20251128800040,00106313,금호건설,002990,단일판매ㆍ공급계약체결,2025-11-28,KOSPI,3770.0,3775.0,3800.0,4190.0,0.0013262599469496816,0.007957559681697646,0.1114058355437666,
292663,20251211800182,00106313,금호건설,002990,단일판매ㆍ공급계약체결,2025-12-11,KOSPI,4200.0,4165.0,4130.0,4345.0,-0.008333333333333304,-0.01666666666666672,0.03452380952380962,
278990,20260102800385,00106313,금호건설,002990,단일판매ㆍ공급계약체결,2026-01-02,KOSPI,4215.0,4390.0,4280.0,4065.0,0.04151838671411623,0.01542111506524324,-0.03558718861209964,
263186,20260203800212,00106313,금호건설,002990,단일판매ㆍ공급계약체결,2026-02-03,KOSPI,4270.0,4340.0,4425.0,4920.0,0.016393442622950838,0.03629976580796246,0.15222482435597184,
78398,20260327800061,00106313,금호건설,002990,단일판매ㆍ공급계약체결,2026-03-27,KOSPI,5050.0,4865.0,4625.0,4670.0,-0.036633663366336666,-0.08415841584158412,-0.0752475247524752,
75769,20260330800114,00106313,금호건설,002990,단일판매ㆍ공급계약체결,2026-03-30,KOSPI,4865.0,4625.0,4870.0,4775.0,-0.04933196300102771,0.0010277492291881352,-0.018499486125385434,
128872,20260529800636,00106313,금호건설,002990,단일판매ㆍ공급계약체결,2026-05-29,KOSPI,4070.0,3850.0,3730.0,3620.0,-0.05405405405405406,-0.08353808353808356,-0.11056511056511054,
117738,20260615800420,00106313,금호건설,002990,단일판매ㆍ공급계약체결,2026-06-15,KOSPI,4015.0,4355.0,4225.0,4030.0,0.0846824408468243,0.05230386052303859,0.0037359900373599153,
575783,20240930900291,00216498,성도이엔지,037350,단일판매ㆍ공급계약체결,2024-09-30,KOSDAQ,4995.0,5100.0,5210.0,5380.0,0.021021021021021102,0.04304304304304307,0.077077077077077,
343447,20250828900152,00216498,성도이엔지,037350,단일판매ㆍ공급계약체결(자율공시),2025-08-28,KOSDAQ,4710.0,4770.0,4710.0,4795.0,0.01273885350318471,0.0,0.018046709129511784,
575651,20240930900433,01516766,아이비젼웍스,469750,단일판매ㆍ공급계약체결(자율공시),2024-09-30,KOSDAQ,2070.0,2045.0,1910.0,1996.0,-0.012077294685990392,-0.07729468599033817,-0.035748792270531404,
566254,20241025900206,01516766,아이비젼웍스,469750,단일판매ㆍ공급계약체결(자율공시),2024-10-25,KOSDAQ,1454.0,1456.0,1408.0,1307.0,0.0013755158184318717,-0.031636863823933936,-0.10110041265474556,
487458,20250307900306,01516766,아이비젼웍스,469750,단일판매ㆍ공급계약체결,2025-03-07,KOSDAQ,1028.0,1039.0,1021.0,1035.0,0.010700389105058328,-0.006809338521400754,0.006809338521400754,
373985,20250701900406,01516766,아이비젼웍스,469750,단일판매ㆍ공급계약체결,2025-07-01,KOSDAQ,885.0,883.0,893.0,937.0,-0.002259887005649719,0.009039548022598876,0.05875706214689269,
121662,20260608900462,01516766,아이비젼웍스,469750,단일판매ㆍ공급계약체결,2026-06-08,KOSDAQ,1051.0,1080.0,1103.0,1096.0,0.027592768791627087,0.04947668886774492,0.04281636536631783,
575659,20240930900438,00176516,금화피에스시,036190,단일판매ㆍ공급계약체결,2024-09-30,KOSDAQ,27350.0,27250.0,27550.0,27850.0,-0.003656307129798919,0.007312614259597838,0.018281535648994485,
544785,20241202900156,00176516,금화피에스시,036190,단일판매ㆍ공급계약체결,2024-12-02,KOSDAQ,25100.0,25750.0,25200.0,24300.0,0.02589641434262946,0.003984063745019917,-0.031872509960159334,
344309,20250827900406,00176516,금화피에스시,036190,단일판매ㆍ공급계약체결,2025-08-27,KOSDAQ,32550.0,33300.0,33200.0,32400.0,0.02304147465437789,0.019969278033794113,-0.004608294930875556,
575097,20241002900097,00925587,위드텍,348350,단일판매ㆍ공급계약체결,2024-10-02,KOSDAQ,8920.0,8730.0,8740.0,8350.0,-0.02130044843049328,-0.020179372197309364,-0.06390134529147984,
490909,20250304900208,00925587,위드텍,348350,단일판매ㆍ공급계약체결,2025-03-04,KOSDAQ,7050.0,7160.0,7180.0,7140.0,0.015602836879432536,0.018439716312056653,0.012765957446808418,
392252,20250529900062,00925587,위드텍,348350,단일판매ㆍ공급계약체결,2025-05-29,KOSDAQ,7750.0,7900.0,7800.0,8070.0,0.019354838709677358,0.006451612903225712,0.041290322580645133,
357458,20250808900100,00925587,위드텍,348350,단일판매ㆍ공급계약체결(자율공시),2025-08-08,KOSDAQ,9880.0,9850.0,9690.0,9370.0,-0.0030364372469635637,-0.019230769230769273,-0.05161943319838058,
327660,20250930900089,00925587,위드텍,348350,단일판매ㆍ공급계약체결,2025-09-30,KOSDAQ,9130.0,9000.0,9310.0,8930.0,-0.014238773274917849,0.019715224534501585,-0.02190580503833517,
313341,20251107900100,00925587,위드텍,348350,단일판매ㆍ공급계약체결(자율공시),2025-11-07,KOSDAQ,8050.0,8560.0,8470.0,8450.0,0.06335403726708067,0.05217391304347818,0.049689440993788914,
312593,20251110900098,00925587,위드텍,348350,단일판매ㆍ공급계약체결(자율공시),2025-11-10,KOSDAQ,8560.0,8470.0,8490.0,8800.0,-0.010514018691588745,-0.008177570093457986,0.028037383177569986,
284807,20251223900090,00925587,위드텍,348350,단일판매ㆍ공급계약체결(자율공시),2025-12-23,KOSDAQ,8410.0,8330.0,8390.0,8710.0,-0.009512485136741966,-0.0023781212841854638,0.03567181926278251,
283135,20251224900509,00925587,위드텍,348350,단일판매ㆍ공급계약체결(자율공시),2025-12-24,KOSDAQ,8330.0,8390.0,8390.0,8840.0,0.007202881152460927,0.007202881152460927,0.061224489795918435,
103031,20260310900445,00925587,위드텍,348350,단일판매ㆍ공급계약체결(자율공시),2026-03-10,KOSDAQ,9780.0,9800.0,9980.0,10160.0,0.002044989775051187,0.020449897750511203,0.03885480572597144,
574432,20241004800069,00113207,대한전선,001440,단일판매ㆍ공급계약체결,2024-10-04,KOSPI,13280.0,12850.0,12490.0,12700.0,-0.032379518072289115,-0.05948795180722888,-0.04367469879518071,
574431,20241004800074,00113207,대한전선,001440,단일판매ㆍ공급계약체결,2024-10-04,KOSPI,13280.0,12850.0,12490.0,12700.0,-0.032379518072289115,-0.05948795180722888,-0.04367469879518071,
540880,20241211800034,00113207,대한전선,001440,단일판매ㆍ공급계약체결(자율공시),2024-12-11,KOSPI,11470.0,11350.0,11530.0,11740.0,-0.010462074978204061,0.005231037489102031,0.023539668700959027,
359545,20250804800075,00113207,대한전선,001440,단일판매ㆍ공급계약체결,2025-08-04,KOSPI,15880.0,16450.0,16420.0,17000.0,0.035894206549118346,0.03400503778337538,0.07052896725440805,
359179,20250805800030,00113207,대한전선,001440,단일판매ㆍ공급계약체결,2025-08-05,KOSPI,16450.0,16420.0,16840.0,16670.0,-0.0018237082066869803,0.023708206686930078,0.013373860182370745,
304714,20251120800410,00113207,대한전선,001440,단일판매ㆍ공급계약체결,2025-11-20,KOSPI,24100.0,22500.0,21800.0,22300.0,-0.06639004149377592,-0.0954356846473029,-0.07468879668049788,
121775,20260608800136,00113207,대한전선,001440,단일판매ㆍ공급계약체결,2026-06-08,KOSPI,37250.0,38700.0,37450.0,39950.0,0.03892617449664426,0.005369127516778427,0.0724832214765101,
116786,20260617800062,00113207,대한전선,001440,단일판매ㆍ공급계약체결,2026-06-17,KOSPI,41150.0,39500.0,38250.0,34150.0,-0.04009720534629402,-0.07047387606318345,-0.17010935601458077,
574300,20241004900206,00544577,브이엠,089970,단일판매ㆍ공급계약체결,2024-10-04,KOSDAQ,9190.0,9400.0,9120.0,9020.0,0.02285092491838947,-0.007616974972796564,-0.018498367791077275,
569635,20241017900082,00544577,브이엠,089970,단일판매ㆍ공급계약체결,2024-10-17,KOSDAQ,8820.0,8460.0,8640.0,8280.0,-0.04081632653061229,-0.020408163265306145,-0.061224489795918324,
544303,20241203900156,00544577,브이엠,089970,단일판매ㆍ공급계약체결,2024-12-03,KOSDAQ,6120.0,5870.0,6150.0,6220.0,-0.040849673202614345,0.004901960784313708,0.016339869281045694,
488997,20250306900169,00544577,브이엠,089970,단일판매ㆍ공급계약체결,2025-03-06,KOSDAQ,9670.0,9400.0,9130.0,9370.0,-0.02792140641158225,-0.05584281282316439,-0.031023784901758056,
473766,20250319900149,00544577,브이엠,089970,단일판매ㆍ공급계약체결,2025-03-19,KOSDAQ,10860.0,10490.0,10810.0,12120.0,-0.03406998158379371,-0.004604051565377576,0.11602209944751385,
458103,20250331900160,00544577,브이엠,089970,단일판매ㆍ공급계약체결,2025-03-31,KOSDAQ,11210.0,11480.0,11420.0,10000.0,0.02408563782337203,0.01873327386262269,-0.1079393398751115,
444169,20250403900190,00544577,브이엠,089970,단일판매ㆍ공급계약체결,2025-04-03,KOSDAQ,11250.0,10500.0,10000.0,11200.0,-0.06666666666666665,-0.11111111111111116,-0.004444444444444473,
383402,20250612900106,00544577,브이엠,089970,단일판매ㆍ공급계약체결,2025-06-12,KOSDAQ,12900.0,12330.0,12140.0,12000.0,-0.04418604651162794,-0.058914728682170514,-0.06976744186046513,
366288,20250721900139,00544577,브이엠,089970,단일판매ㆍ공급계약체결,2025-07-21,KOSDAQ,11140.0,10790.0,10550.0,11280.0,-0.03141831238779169,-0.052962298025134635,0.012567324955116588,
347579,20250820900288,00544577,브이엠,089970,단일판매ㆍ공급계약체결,2025-08-20,KOSDAQ,10620.0,10500.0,10530.0,11560.0,-0.011299435028248594,-0.008474576271186418,0.08851224105461397,
345996,20250825900081,00544577,브이엠,089970,단일판매ㆍ공급계약체결,2025-08-25,KOSDAQ,10740.0,10960.0,11560.0,12500.0,0.020484171322160183,0.07635009310986973,0.16387337057728124,
332749,20250918900239,00544577,브이엠,089970,단일판매ㆍ공급계약체결,2025-09-18,KOSDAQ,17030.0,18100.0,17700.0,17730.0,0.06283029947152086,0.039342337052260756,0.041103934233705175,
313887,20251106900205,00544577,브이엠,089970,단일판매ㆍ공급계약체결,2025-11-06,KOSDAQ,24500.0,24550.0,25900.0,25900.0,0.0020408163265306367,0.05714285714285716,0.05714285714285716,
272168,20260116900551,00544577,브이엠,089970,단일판매ㆍ공급계약체결,2026-01-16,KOSDAQ,26700.0,28650.0,26500.0,24650.0,0.0730337078651686,-0.0074906367041198685,-0.07677902621722843,
271619,20260119900590,00544577,브이엠,089970,단일판매ㆍ공급계약체결,2026-01-19,KOSDAQ,28650.0,26500.0,25500.0,25300.0,-0.07504363001745196,-0.10994764397905754,-0.1169284467713787,
247525,20260224900214,00544577,브이엠,089970,단일판매ㆍ공급계약체결,2026-02-24,KOSDAQ,41350.0,41050.0,42250.0,32750.0,-0.00725513905683195,0.021765417170495738,-0.2079806529625151,
83195,20260324901398,00544577,브이엠,089970,단일판매ㆍ공급계약체결,2026-03-24,KOSDAQ,46950.0,47750.0,45300.0,38750.0,0.017039403620873195,-0.03514376996805113,-0.17465388711395102,
114160,20260623900188,00544577,브이엠,089970,단일판매ㆍ공급계약체결,2026-06-23,KOSDAQ,89400.0,93300.0,100000.0,,0.043624161073825496,0.11856823266219241,,
573895,20241007900207,00297989,오르비텍,046120,단일판매ㆍ공급계약체결(자율공시),2024-10-07,KOSDAQ,2335.0,2385.0,2340.0,2340.0,0.021413276231263323,0.0021413276231263545,0.0021413276231263545,
335085,20250911900352,00297989,오르비텍,046120,단일판매ㆍ공급계약체결,2025-09-11,KOSDAQ,3565.0,3530.0,3450.0,3385.0,-0.009817671809256634,-0.032258064516129004,-0.05049088359046283,
98682,20260312900696,00297989,오르비텍,046120,단일판매ㆍ공급계약체결(자율공시),2026-03-12,KOSDAQ,8160.0,8480.0,10000.0,10980.0,0.03921568627450989,0.22549019607843146,0.34558823529411775,
116105,20260618900183,00297989,오르비텍,046120,단일판매ㆍ공급계약체결(자율공시),2026-06-18,KOSDAQ,6920.0,6350.0,6640.0,5490.0,-0.08236994219653182,-0.040462427745664775,-0.20664739884393069,
573764,20241007900372,01341630,이노에이엑스,296640,단일판매ㆍ공급계약체결,2024-10-07,KOSDAQ,5800.0,5820.0,5780.0,5940.0,0.0034482758620688614,-0.0034482758620689724,0.024137931034482696,
561736,20241105900132,01341630,이노에이엑스,296640,단일판매ㆍ공급계약체결,2024-11-05,KOSDAQ,5610.0,5640.0,5640.0,5110.0,0.005347593582887722,0.005347593582887722,-0.089126559714795,
532330,20241223900136,01341630,이노에이엑스,296640,단일판매ㆍ공급계약체결,2024-12-23,KOSDAQ,6540.0,6470.0,6340.0,6280.0,-0.010703363914373099,-0.030581039755351647,-0.03975535168195721,
475281,20250318900330,01341630,이노에이엑스,296640,단일판매ㆍ공급계약체결,2025-03-18,KOSDAQ,6230.0,6120.0,6080.0,6250.0,-0.017656500802568198,-0.024077046548956704,0.0032102728731941976,
345603,20250825900477,01341630,이노에이엑스,296640,단일판매ㆍ공급계약체결,2025-08-25,KOSDAQ,6120.0,6200.0,6130.0,6270.0,0.013071895424836555,0.0016339869281045694,0.02450980392156854,
114698,20260622900239,01341630,이노에이엑스,296640,단일판매ㆍ공급계약체결,2026-06-22,KOSDAQ,5700.0,5690.0,5720.0,,-0.0017543859649122862,0.0035087719298245723,,
573616,20241007900532,00297448,플래스크,041590,단일판매ㆍ공급계약체결,2024-10-07,KOSDAQ,2370.0,2370.0,2370.0,2370.0,0.0,0.0,0.0,
406268,20250430901119,00297448,플래스크,041590,단일판매ㆍ공급계약체결,2025-04-30,KOSDAQ,2370.0,2370.0,2370.0,2370.0,0.0,0.0,0.0,
378310,20250625900002,00297448,플래스크,041590,단일판매ㆍ공급계약체결,2025-06-25,KOSDAQ,2370.0,2370.0,2370.0,2370.0,0.0,0.0,0.0,
366780,20250718900337,00297448,플래스크,041590,단일판매ㆍ공급계약체결,2025-07-18,KOSDAQ,2370.0,2370.0,2370.0,2370.0,0.0,0.0,0.0,
573352,20241008800084,00138279,S-Oil,010950,단일판매ㆍ공급계약체결,2024-10-08,KOSPI,63200.0,62000.0,61600.0,58700.0,-0.01898734177215189,-0.025316455696202556,-0.07120253164556967,
533874,20241219800249,00138279,S-Oil,010950,단일판매ㆍ공급계약체결,2024-12-19,KOSPI,55500.0,55800.0,56000.0,55000.0,0.00540540540540535,0.009009009009008917,-0.009009009009009028,
533119,20241220800267,00138279,S-Oil,010950,단일판매ㆍ공급계약체결,2024-12-20,KOSPI,55800.0,56000.0,56100.0,54800.0,0.0035842293906809264,0.005376344086021501,-0.017921146953404965,
408601,20250429800266,00138279,S-Oil,010950,단일판매ㆍ공급계약체결,2025-04-29,KOSPI,51900.0,52000.0,52100.0,52100.0,0.0019267822736031004,0.003853564547206201,0.003853564547206201,
353849,20250813800841,00138279,S-Oil,010950,단일판매ㆍ공급계약체결,2025-08-13,KOSPI,61500.0,61200.0,60500.0,61600.0,-0.004878048780487809,-0.016260162601625994,0.001626016260162677,
318920,20251027800243,00138279,S-Oil,010950,단일판매ㆍ공급계약체결,2025-10-27,KOSPI,74100.0,73900.0,73700.0,72300.0,-0.0026990553306343035,-0.005398110661268607,-0.02429149797570851,
302077,20251126800332,00138279,S-Oil,010950,단일판매ㆍ공급계약체결,2025-11-26,KOSPI,80900.0,77700.0,76700.0,80900.0,-0.0395550061804697,-0.05191594561186652,0.0,
284108,20251223800740,00138279,S-Oil,010950,단일판매ㆍ공급계약체결,2025-12-23,KOSPI,84000.0,83200.0,82000.0,80300.0,-0.00952380952380949,-0.023809523809523836,-0.044047619047619,
257557,20260209801487,00138279,S-Oil,010950,단일판매ㆍ공급계약체결,2026-02-09,KOSPI,99600.0,100600.0,107400.0,110900.0,0.010040160642570184,0.07831325301204828,0.11345381526104426,
572936,20241008800513,00203315,콘텐트리중앙,036420,단일판매ㆍ공급계약체결(자회사의 주요경영사항),2024-10-08,KOSPI,9800.0,10180.0,10140.0,10390.0,0.038775510204081653,0.03469387755102038,0.060204081632653006,
573314,20241008900133,00364740,머큐리,100590,단일판매ㆍ공급계약체결,2024-10-08,KOSDAQ,3670.0,3670.0,3630.0,3650.0,0.0,-0.010899182561307952,-0.00544959128065392,
380616,20250619900314,00364740,머큐리,100590,단일판매ㆍ공급계약체결,2025-06-19,KOSDAQ,3375.0,3410.0,3370.0,3430.0,0.010370370370370363,-0.001481481481481528,0.016296296296296253,
39859,20260409900726,00364740,머큐리,100590,단일판매ㆍ공급계약체결,2026-04-09,KOSDAQ,8800.0,9290.0,11320.0,8050.0,0.055681818181818166,0.2863636363636364,-0.08522727272727271,
573229,20241008900189,01370863,그린리소스,402490,단일판매ㆍ공급계약체결,2024-10-08,KOSDAQ,9875.0,10055.0,9505.0,8895.0,0.018227848101265876,-0.03746835443037977,-0.09924050632911396,
573225,20241008900241,01370863,그린리소스,402490,단일판매ㆍ공급계약체결,2024-10-08,KOSDAQ,9875.0,10055.0,9505.0,8895.0,0.018227848101265876,-0.03746835443037977,-0.09924050632911396,
563109,20241031900645,01370863,그린리소스,402490,단일판매ㆍ공급계약체결,2024-10-31,KOSDAQ,8384.0,8184.0,8139.0,8224.0,-0.02385496183206104,-0.029222328244274842,-0.01908396946564883,
529769,20241227900500,01370863,그린리소스,402490,단일판매ㆍ공급계약체결,2024-12-27,KOSDAQ,8605.0,8940.0,9275.0,9830.0,0.03893085415456121,0.07786170830912265,0.14235909355026144,
529754,20241227900504,01370863,그린리소스,402490,단일판매ㆍ공급계약체결,2024-12-27,KOSDAQ,8605.0,8940.0,9275.0,9830.0,0.03893085415456121,0.07786170830912265,0.14235909355026144,
516768,20250131900367,01370863,그린리소스,402490,단일판매ㆍ공급계약체결(자율공시),2025-01-31,KOSDAQ,7879.0,8074.0,8179.0,8259.0,0.024749333671785667,0.038075897956593385,0.04822947074501838,
515553,20250204900320,01370863,그린리소스,402490,단일판매ㆍ공급계약체결(자율공시),2025-02-04,KOSDAQ,8179.0,8239.0,8344.0,8605.0,0.007335860129600302,0.0201736153564005,0.05208460692016148,
339015,20250902900179,01370863,그린리소스,402490,단일판매ㆍ공급계약체결,2025-09-02,KOSDAQ,11220.0,10870.0,10490.0,10650.0,-0.031194295900178304,-0.06506238859180036,-0.050802139037433136,
335752,20250910900465,01370863,그린리소스,402490,단일판매ㆍ공급계약체결,2025-09-10,KOSDAQ,9830.0,9400.0,9410.0,9350.0,-0.043743641912512676,-0.042726347914547325,-0.04883011190233977,
327466,20250930900383,01370863,그린리소스,402490,단일판매ㆍ공급계약체결,2025-09-30,KOSDAQ,8600.0,8680.0,8790.0,8690.0,0.009302325581395321,0.02209302325581386,0.010465116279069875,
297152,20251201900528,01370863,그린리소스,402490,단일판매ㆍ공급계약체결,2025-12-01,KOSDAQ,7710.0,7830.0,8070.0,7820.0,0.015564202334630295,0.04669260700389111,0.014267185473411104,
286854,20251218900231,01370863,그린리소스,402490,단일판매ㆍ공급계약체결,2025-12-18,KOSDAQ,7330.0,7790.0,7900.0,8020.0,0.06275579809004084,0.07776261937244211,0.09413369713506148,
286155,20251219900274,01370863,그린리소스,402490,단일판매ㆍ공급계약체결,2025-12-19,KOSDAQ,7790.0,7900.0,7740.0,8400.0,0.01412066752246477,-0.006418485237484006,0.07830551989730417,
572649,20241010800110,00167208,흥아해운,003280,단일판매ㆍ공급계약체결,2024-10-10,KOSPI,2100.0,2085.0,2085.0,2050.0,-0.0071428571428571175,-0.0071428571428571175,-0.023809523809523836,
572668,20241010900082,01258428,프레스티지바이오로직스,334970,단일판매ㆍ공급계약체결,2024-10-10,KOSDAQ,5840.0,6150.0,6110.0,7560.0,0.05308219178082196,0.046232876712328785,0.29452054794520555,
544781,20241202900161,01258428,프레스티지바이오로직스,334970,단일판매ㆍ공급계약체결,2024-12-02,KOSDAQ,5190.0,5490.0,5490.0,4635.0,0.05780346820809257,0.05780346820809257,-0.10693641618497107,
543313,20241205900165,01258428,프레스티지바이오로직스,334970,단일판매ㆍ공급계약체결,2024-12-05,KOSDAQ,5810.0,5160.0,4635.0,5040.0,-0.11187607573149738,-0.20223752151462993,-0.1325301204819277,
476669,20250317900133,01258428,프레스티지바이오로직스,334970,단일판매ㆍ공급계약체결,2025-03-17,KOSDAQ,4230.0,4110.0,4100.0,4075.0,-0.028368794326241176,-0.030732860520094607,-0.03664302600472813,
331403,20250922900471,01258428,프레스티지바이오로직스,334970,단일판매ㆍ공급계약체결,2025-09-22,KOSDAQ,3685.0,3705.0,3600.0,3265.0,0.005427408412483015,-0.023066485753052923,-0.11397557666214386,
304310,20251121900160,01258428,프레스티지바이오로직스,334970,단일판매ㆍ공급계약체결,2025-11-21,KOSDAQ,2910.0,2950.0,2910.0,3165.0,0.013745704467353903,0.0,0.08762886597938135,
302200,20251126900161,01258428,프레스티지바이오로직스,334970,단일판매ㆍ공급계약체결,2025-11-26,KOSDAQ,3060.0,3100.0,3165.0,3250.0,0.013071895424836555,0.03431372549019618,0.06209150326797386,
293495,20251210900114,01258428,프레스티지바이오로직스,334970,단일판매ㆍ공급계약체결,2025-12-10,KOSDAQ,3130.0,3105.0,3100.0,3110.0,-0.007987220447284393,-0.009584664536741228,-0.006389776357827448,
9024,20260515900280,01258428,프레스티지바이오로직스,334970,단일판매ㆍ공급계약체결,2026-05-15,KOSDAQ,2110.0,2020.0,2020.0,2040.0,-0.042654028436018954,-0.042654028436018954,-0.033175355450236976,
120447,20260610900230,01258428,프레스티지바이오로직스,334970,단일판매ㆍ공급계약체결,2026-06-10,KOSDAQ,1834.0,1889.0,1907.0,1927.0,0.029989094874591116,0.03980370774263897,0.050708833151581256,
572654,20241010900101,00885906,에이치와이티씨,148930,단일판매ㆍ공급계약체결,2024-10-10,KOSDAQ,5140.0,5010.0,4810.0,4670.0,-0.02529182879377434,-0.06420233463035019,-0.09143968871595332,
572539,20241010900206,00287812,에코심플렉스,038870,단일판매ㆍ공급계약체결,2024-10-10,KOSDAQ,4190.0,4100.0,4000.0,4055.0,-0.021479713603818618,-0.04534606205250602,-0.03221957040572787,
531215,20241224900584,00287812,에코심플렉스,038870,단일판매ㆍ공급계약체결,2024-12-24,KOSDAQ,4390.0,4160.0,3860.0,4050.0,-0.05239179954441908,-0.12072892938496582,-0.07744874715261962,
276775,20260107900547,00287812,에코심플렉스,038870,단일판매ㆍ공급계약체결,2026-01-07,KOSDAQ,3015.0,3015.0,3005.0,2990.0,0.0,-0.0033167495854062867,-0.008291873963515717,
572150,20241010900625,00657002,에이디테크놀로지,200710,단일판매ㆍ공급계약체결,2024-10-10,KOSDAQ,17180.0,17490.0,17370.0,17050.0,0.018044237485448145,0.01105937136204882,-0.0075669383003492685,
305230,20251119900403,00657002,에이디테크놀로지,200710,단일판매ㆍ공급계약체결,2025-11-19,KOSDAQ,23000.0,23700.0,22000.0,24550.0,0.0304347826086957,-0.04347826086956519,0.06739130434782603,
293862,20251209900287,00657002,에이디테크놀로지,200710,단일판매ㆍ공급계약체결,2025-12-09,KOSDAQ,29350.0,28850.0,28300.0,26350.0,-0.017035775127768327,-0.035775127768313486,-0.10221465076660985,
273864,20260113900255,00657002,에이디테크놀로지,200710,단일판매ㆍ공급계약체결,2026-01-13,KOSDAQ,31600.0,31600.0,31350.0,34200.0,0.0,-0.007911392405063333,0.08227848101265822,
28488,20260415900007,00657002,에이디테크놀로지,200710,단일판매ㆍ공급계약체결,2026-04-15,KOSDAQ,54500.0,52900.0,54500.0,56400.0,-0.029357798165137616,0.0,0.034862385321100975,
571621,20241011800295,00161116,HL D&I,014790,단일판매ㆍ공급계약체결,2024-10-11,KOSPI,2455.0,2550.0,2515.0,2485.0,0.0386965376782078,0.024439918533604832,0.012219959266802416,
568309,20241021800360,00161116,HL D&I,014790,단일판매ㆍ공급계약체결,2024-10-21,KOSPI,2460.0,2465.0,2550.0,2410.0,0.00203252032520318,0.03658536585365857,-0.020325203252032575,
558685,20241112800338,00161116,HL D&I,014790,단일판매ㆍ공급계약체결,2024-11-12,KOSPI,2440.0,2395.0,2435.0,2370.0,-0.018442622950819665,-0.002049180327868827,-0.02868852459016391,
557035,20241114800445,00161116,HL D&I,014790,단일판매ㆍ공급계약체결,2024-11-14,KOSPI,2435.0,2315.0,2420.0,2355.0,-0.04928131416837778,-0.006160164271047264,-0.03285420944558526,
544166,20241203800287,00161116,HL D&I,014790,단일판매ㆍ공급계약체결,2024-12-03,KOSPI,2375.0,2360.0,2335.0,2195.0,-0.0063157894736841635,-0.01684210526315788,-0.07578947368421052,
524717,20250109800465,00161116,HL D&I,014790,단일판매ㆍ공급계약체결,2025-01-09,KOSPI,2170.0,2215.0,2195.0,2200.0,0.02073732718894017,0.011520737327188835,0.01382488479262678,
490951,20250304800116,00161116,HL D&I,014790,단일판매ㆍ공급계약체결,2025-03-04,KOSPI,2230.0,2270.0,2255.0,2230.0,0.017937219730941756,0.011210762331838486,0.0,
412776,20250422800049,00161116,HL D&I,014790,단일판매ㆍ공급계약체결,2025-04-22,KOSPI,2510.0,2425.0,2395.0,2495.0,-0.03386454183266929,-0.04581673306772904,-0.005976095617529875,
409408,20250428800334,00161116,HL D&I,014790,단일판매ㆍ공급계약체결,2025-04-28,KOSPI,2445.0,2495.0,2485.0,2425.0,0.020449897750511203,0.01635991820040905,-0.008179959100204526,
405338,20250507800125,00161116,HL D&I,014790,단일판매ㆍ공급계약체결,2025-05-07,KOSPI,2445.0,2425.0,2420.0,2495.0,-0.008179959100204526,-0.010224948875255602,0.020449897750511203,
400259,20250515800451,00161116,HL D&I,014790,단일판매ㆍ공급계약체결,2025-05-15,KOSPI,2435.0,2420.0,2365.0,2385.0,-0.006160164271047264,-0.028747433264887046,-0.02053388090349073,
313514,20251106800714,00161116,HL D&I,014790,단일판매ㆍ공급계약체결,2025-11-06,KOSPI,2430.0,2415.0,2440.0,2440.0,-0.006172839506172867,0.004115226337448652,0.004115226337448652,
310202,20251113800620,00161116,HL D&I,014790,단일판매ㆍ공급계약체결,2025-11-13,KOSPI,2440.0,2440.0,2505.0,2540.0,0.0,0.026639344262294973,0.040983606557376984,
303702,20251124800196,00161116,HL D&I,014790,단일판매ㆍ공급계약체결,2025-11-24,KOSPI,2595.0,2545.0,2580.0,2550.0,-0.019267822736030782,-0.005780346820809301,-0.017341040462427793,
280721,20251230800433,00161116,HL D&I,014790,단일판매ㆍ공급계약체결,2025-12-30,KOSPI,2700.0,2615.0,2570.0,2510.0,-0.031481481481481444,-0.04814814814814816,-0.07037037037037042,
571608,20241011800315,00299002,HL홀딩스,060980,단일판매ㆍ공급계약체결(자회사의 주요경영사항),2024-10-11,KOSPI,35150.0,35500.0,35600.0,35600.0,0.009957325746799528,0.012802275960170695,0.012802275960170695,
568289,20241021800408,00299002,HL홀딩스,060980,단일판매ㆍ공급계약체결(자회사의 주요경영사항),2024-10-21,KOSPI,35850.0,35950.0,35700.0,35200.0,0.002789400278939924,-0.004184100418409997,-0.018131101813110173,
558669,20241112800372,00299002,HL홀딩스,060980,단일판매ㆍ공급계약체결(자회사의 주요경영사항),2024-11-12,KOSPI,34700.0,34500.0,33900.0,33950.0,-0.0057636887608069065,-0.023054755043227626,-0.021613832853025983,
557022,20241114800475,00299002,HL홀딩스,060980,단일판매ㆍ공급계약체결(자회사의 주요경영사항),2024-11-14,KOSPI,33900.0,33850.0,33850.0,34400.0,-0.001474926253687281,-0.001474926253687281,0.014749262536873253,
544160,20241203800353,00299002,HL홀딩스,060980,단일판매ㆍ공급계약체결(자회사의 주요경영사항),2024-12-03,KOSPI,34550.0,34700.0,35000.0,35300.0,0.004341534008682979,0.013024602026049159,0.02170767004341534,
524663,20250109800521,00299002,HL홀딩스,060980,단일판매ㆍ공급계약체결(자회사의 주요경영사항),2025-01-09,KOSPI,34300.0,34150.0,34200.0,34450.0,-0.004373177842565634,-0.002915451895043719,0.004373177842565523,
490943,20250304800136,00299002,HL홀딩스,060980,단일판매ㆍ공급계약체결(자회사의 주요경영사항),2025-03-04,KOSPI,36750.0,36750.0,36850.0,36800.0,0.0,0.0027210884353741083,0.0013605442176871652,
412774,20250422800050,00299002,HL홀딩스,060980,단일판매ㆍ공급계약체결(자회사의 주요경영사항),2025-04-22,KOSPI,36200.0,35950.0,36000.0,36550.0,-0.006906077348066253,-0.0055248618784530246,0.00966850828729271,
409404,20250428800339,00299002,HL홀딩스,060980,단일판매ㆍ공급계약체결(자회사의 주요경영사항),2025-04-28,KOSPI,36350.0,36550.0,36600.0,37300.0,0.005502063273727709,0.00687757909215958,0.026134800550206227,
405335,20250507800127,00299002,HL홀딩스,060980,단일판매ㆍ공급계약체결(자회사의 주요경영사항),2025-05-07,KOSPI,37150.0,37300.0,37600.0,38750.0,0.004037685060565233,0.01211305518169592,0.043068640646029666,
400252,20250515800465,00299002,HL홀딩스,060980,단일판매ㆍ공급계약체결(자회사의 주요경영사항),2025-05-15,KOSPI,38250.0,37700.0,37200.0,37350.0,-0.01437908496732021,-0.027450980392156876,-0.02352941176470591,
313507,20251106800730,00299002,HL홀딩스,060980,단일판매ㆍ공급계약체결(자회사의 주요경영사항),2025-11-06,KOSPI,38600.0,38200.0,39350.0,42950.0,-0.010362694300518172,0.01943005181347157,0.11269430051813467,
310189,20251113800669,00299002,HL홀딩스,060980,단일판매ㆍ공급계약체결(자회사의 주요경영사항),2025-11-13,KOSPI,42950.0,41900.0,41050.0,43850.0,-0.024447031431897526,-0.04423748544819561,0.020954598370197974,
303699,20251124800202,00299002,HL홀딩스,060980,단일판매ㆍ공급계약체결(자회사의 주요경영사항),2025-11-24,KOSPI,43650.0,43450.0,43250.0,48850.0,-0.004581901489117968,-0.009163802978235935,0.1191294387170676,
280691,20251230800480,00299002,HL홀딩스,060980,단일판매ㆍ공급계약체결(자회사의 주요경영사항),2025-12-30,KOSPI,44850.0,46350.0,44450.0,43200.0,0.03344481605351168,-0.00891861761426982,-0.03678929765886285,
570846,20241014800496,00670340,씨에스윈드,112610,단일판매ㆍ공급계약체결,2024-10-14,KOSPI,64800.0,67200.0,61600.0,59400.0,0.03703703703703698,-0.04938271604938271,-0.08333333333333337,
565047,20241029800158,00670340,씨에스윈드,112610,단일판매ㆍ공급계약체결,2024-10-29,KOSPI,56100.0,58100.0,58500.0,59600.0,0.035650623885918,0.04278074866310155,0.06238859180035661,
560824,20241107800137,00670340,씨에스윈드,112610,단일판매ㆍ공급계약체결,2024-11-07,KOSPI,52900.0,46750.0,45800.0,39650.0,-0.11625708884688091,-0.13421550094517953,-0.25047258979206044,
560810,20241107800159,00670340,씨에스윈드,112610,단일판매ㆍ공급계약체결,2024-11-07,KOSPI,52900.0,46750.0,45800.0,39650.0,-0.11625708884688091,-0.13421550094517953,-0.25047258979206044,
553659,20241118800113,00670340,씨에스윈드,112610,단일판매ㆍ공급계약체결,2024-11-18,KOSPI,40350.0,41250.0,40000.0,41000.0,0.02230483271375472,-0.008674101610904539,0.01610904584882289,
548621,20241128800328,00670340,씨에스윈드,112610,단일판매ㆍ공급계약체결,2024-11-28,KOSPI,42400.0,40100.0,40100.0,39250.0,-0.054245283018867885,-0.054245283018867885,-0.0742924528301887,
534620,20241218800190,00670340,씨에스윈드,112610,단일판매ㆍ공급계약체결,2024-12-18,KOSPI,41800.0,41750.0,42050.0,43250.0,-0.0011961722488038617,0.005980861244019087,0.0346889952153111,
530925,20241226800099,00670340,씨에스윈드,112610,단일판매ㆍ공급계약체결,2024-12-26,KOSPI,43250.0,41550.0,41900.0,44850.0,-0.03930635838150287,-0.031213872832369982,0.03699421965317917,
530922,20241226800102,00670340,씨에스윈드,112610,단일판매ㆍ공급계약체결,2024-12-26,KOSPI,43250.0,41550.0,41900.0,44850.0,-0.03930635838150287,-0.031213872832369982,0.03699421965317917,
522029,20250116800104,00670340,씨에스윈드,112610,단일판매ㆍ공급계약체결,2025-01-16,KOSPI,41300.0,41650.0,41850.0,40300.0,0.008474576271186418,0.013317191283293006,-0.02421307506053272,
396028,20250521800026,00670340,씨에스윈드,112610,단일판매ㆍ공급계약체결(자율공시),2025-05-21,KOSPI,50500.0,46650.0,40650.0,44550.0,-0.0762376237623762,-0.195049504950495,-0.11782178217821782,
380565,20250619800411,00670340,씨에스윈드,112610,단일판매ㆍ공급계약체결(자율공시),2025-06-19,KOSPI,46850.0,48100.0,47250.0,47500.0,0.026680896478121774,0.008537886872998834,0.01387406616862319,
366320,20250721800082,00670340,씨에스윈드,112610,단일판매ㆍ공급계약체결,2025-07-21,KOSPI,51600.0,49900.0,50100.0,47550.0,-0.032945736434108475,-0.029069767441860517,-0.07848837209302328,
358644,20250806800142,00670340,씨에스윈드,112610,단일판매ㆍ공급계약체결,2025-08-06,KOSPI,47200.0,47250.0,46750.0,45750.0,0.0010593220338983578,-0.009533898305084776,-0.03072033898305082,
345435,20250826800055,00670340,씨에스윈드,112610,단일판매ㆍ공급계약체결(자율공시),2025-08-26,KOSPI,42000.0,41650.0,41800.0,41600.0,-0.008333333333333304,-0.004761904761904745,-0.00952380952380949,
332917,20250918800024,00670340,씨에스윈드,112610,단일판매ㆍ공급계약체결(자율공시),2025-09-18,KOSPI,44550.0,44550.0,43700.0,43650.0,0.0,-0.019079685746352437,-0.02020202020202022,
323509,20251015800084,00670340,씨에스윈드,112610,단일판매ㆍ공급계약체결(자율공시),2025-10-15,KOSPI,43700.0,44700.0,44000.0,42750.0,0.022883295194507935,0.006864988558352492,-0.021739130434782594,
314553,20251105800101,00670340,씨에스윈드,112610,단일판매ㆍ공급계약체결,2025-11-05,KOSPI,43500.0,44050.0,42500.0,44200.0,0.012643678160919603,-0.02298850574712641,0.016091954022988464,
312447,20251110800277,00670340,씨에스윈드,112610,단일판매ㆍ공급계약체결,2025-11-10,KOSPI,43750.0,42900.0,44200.0,42500.0,-0.01942857142857146,0.010285714285714231,-0.02857142857142858,
310679,20251113800138,00670340,씨에스윈드,112610,단일판매ㆍ공급계약체결,2025-11-13,KOSPI,44850.0,43200.0,42500.0,41350.0,-0.03678929765886285,-0.05239687848383501,-0.07803790412486067,
309422,20251114800258,00670340,씨에스윈드,112610,단일판매ㆍ공급계약체결(자율공시),2025-11-14,KOSPI,43200.0,42500.0,41400.0,40100.0,-0.01620370370370372,-0.04166666666666663,-0.0717592592592593,
303233,20251125800045,00670340,씨에스윈드,112610,단일판매ㆍ공급계약체결(자율공시),2025-11-25,KOSPI,40050.0,41300.0,41500.0,41750.0,0.03121098626716612,0.0362047440699127,0.04244694132334592,
295138,20251205800112,00670340,씨에스윈드,112610,단일판매ㆍ공급계약체결,2025-12-05,KOSPI,44050.0,43800.0,45100.0,46000.0,-0.005675368898978461,0.023836549375709337,0.04426787741203175,
286276,20251219800141,00670340,씨에스윈드,112610,단일판매ㆍ공급계약체결,2025-12-19,KOSPI,45650.0,45800.0,43250.0,42100.0,0.0032858707557503752,-0.05257393209200434,-0.07776560788608977,
285628,20251222800051,00670340,씨에스윈드,112610,단일판매ㆍ공급계약체결(자율공시),2025-12-22,KOSPI,45800.0,43250.0,43550.0,41600.0,-0.05567685589519655,-0.04912663755458513,-0.09170305676855894,
254660,20260212800142,00670340,씨에스윈드,112610,단일판매ㆍ공급계약체결,2026-02-12,KOSPI,44050.0,42600.0,50400.0,49850.0,-0.03291713961407494,0.14415437003405218,0.13166855845629977,
570819,20241014900517,00596677,매커스,093520,단일판매ㆍ공급계약체결,2024-10-14,KOSDAQ,9620.0,9590.0,9360.0,8950.0,-0.0031185031185031464,-0.027027027027026973,-0.06964656964656968,
570404,20241015800387,00153861,태영건설,009410,단일판매ㆍ공급계약체결,2024-10-15,KOSPI,4700.0,4700.0,4700.0,4700.0,0.0,0.0,0.0,
547572,20241128800722,00153861,태영건설,009410,단일판매ㆍ공급계약체결,2024-11-28,KOSPI,2710.0,2645.0,2595.0,2545.0,-0.023985239852398532,-0.04243542435424352,-0.06088560885608851,
490361,20250304800857,00153861,태영건설,009410,단일판매ㆍ공급계약체결,2025-03-04,KOSPI,2465.0,2540.0,2570.0,2515.0,0.030425963488843744,0.04259634888438124,0.020283975659229236,
388272,20250530801206,00153861,태영건설,009410,단일판매ㆍ공급계약체결,2025-05-30,KOSPI,2800.0,2795.0,2890.0,3110.0,-0.0017857142857142794,0.03214285714285725,0.11071428571428577,
375889,20250627800624,00153861,태영건설,009410,단일판매ㆍ공급계약체결,2025-06-27,KOSPI,2880.0,2905.0,2875.0,2835.0,0.00868055555555558,-0.0017361111111111605,-0.015625,
359870,20250801800930,00153861,태영건설,009410,단일판매ㆍ공급계약체결,2025-08-01,KOSPI,2165.0,2140.0,2150.0,2175.0,-0.011547344110854452,-0.006928406466512715,0.004618937644341736,
353479,20250813801185,00153861,태영건설,009410,단일판매ㆍ공급계약체결,2025-08-13,KOSPI,2020.0,2005.0,2000.0,1935.0,-0.007425742574257432,-0.00990099009900991,-0.04207920792079212,
297653,20251128801337,00153861,태영건설,009410,단일판매ㆍ공급계약체결,2025-11-28,KOSPI,1709.0,1681.0,1668.0,1850.0,-0.016383850204798156,-0.023990637799882975,0.08250438853130482,
282234,20251226800782,00153861,태영건설,009410,단일판매ㆍ공급계약체결,2025-12-26,KOSPI,1679.0,1717.0,1756.0,1675.0,0.022632519356760028,0.04586063132817153,-0.002382370458606342,
280350,20251230800945,00153861,태영건설,009410,단일판매ㆍ공급계약체결,2025-12-30,KOSPI,1756.0,1692.0,1690.0,1638.0,-0.036446469248291535,-0.0375854214123007,-0.06719817767653757,
280112,20251230801176,00153861,태영건설,009410,단일판매ㆍ공급계약체결,2025-12-30,KOSPI,1756.0,1692.0,1690.0,1638.0,-0.036446469248291535,-0.0375854214123007,-0.06719817767653757,
278311,20260105800459,00153861,태영건설,009410,단일판매ㆍ공급계약체결,2026-01-05,KOSPI,1690.0,1675.0,1678.0,1680.0,-0.00887573964497046,-0.007100591715976323,-0.00591715976331364,
73765,20260330802114,00153861,태영건설,009410,단일판매ㆍ공급계약체결,2026-03-30,KOSPI,1798.0,1753.0,1880.0,1805.0,-0.02502780867630705,0.04560622914349266,0.0038932146829810943,
122023,20260605800695,00153861,태영건설,009410,단일판매ㆍ공급계약체결,2026-06-05,KOSPI,1632.0,1570.0,1622.0,1770.0,-0.03799019607843135,-0.006127450980392135,0.08455882352941169,
113888,20260623800546,00153861,태영건설,009410,단일판매ㆍ공급계약체결,2026-06-23,KOSPI,1581.0,1650.0,1615.0,,0.0436432637571158,0.021505376344086002,,
570379,20241015800435,01497869,티와이홀딩스,363280,단일판매ㆍ공급계약체결(자회사의 주요경영사항),2024-10-15,KOSPI,3500.0,3515.0,3515.0,3410.0,0.004285714285714226,0.004285714285714226,-0.02571428571428569,
547554,20241128800755,01497869,티와이홀딩스,363280,단일판매ㆍ공급계약체결(자회사의 주요경영사항),2024-11-28,KOSPI,2990.0,2995.0,2975.0,2855.0,0.0016722408026756952,-0.0050167224080267525,-0.04515050167224077,
490350,20250304800943,01497869,티와이홀딩스,363280,단일판매ㆍ공급계약체결(자회사의 주요경영사항),2025-03-04,KOSPI,2445.0,2450.0,2460.0,2340.0,0.002044989775051187,0.006134969325153339,-0.042944785276073594,
388245,20250530801255,01497869,티와이홀딩스,363280,단일판매ㆍ공급계약체결(자회사의 주요경영사항),2025-05-30,KOSPI,2745.0,2740.0,2950.0,3200.0,-0.0018214936247723523,0.07468123861566478,0.16575591985428062,
375879,20250627800643,01497869,티와이홀딩스,363280,단일판매ㆍ공급계약체결(자회사의 주요경영사항),2025-06-27,KOSPI,3360.0,3690.0,3820.0,3735.0,0.09821428571428581,0.13690476190476186,0.1116071428571428,
359839,20250801800967,01497869,티와이홀딩스,363280,단일판매ㆍ공급계약체결(자회사의 주요경영사항),2025-08-01,KOSPI,3325.0,3435.0,3700.0,3735.0,0.03308270676691727,0.11278195488721798,0.1233082706766917,
353466,20250813801197,01497869,티와이홀딩스,363280,단일판매ㆍ공급계약체결(자회사의 주요경영사항),2025-08-13,KOSPI,3635.0,3500.0,3515.0,3480.0,-0.037138927097661645,-0.03301237964236592,-0.04264099037138924,
297650,20251128801352,01497869,티와이홀딩스,363280,단일판매ㆍ공급계약체결(자회사의 주요경영사항),2025-11-28,KOSPI,2580.0,2765.0,2780.0,2845.0,0.07170542635658905,0.07751937984496116,0.1027131782945736,
282206,20251226800797,01497869,티와이홀딩스,363280,단일판매ㆍ공급계약체결(자회사의 주요경영사항),2025-12-26,KOSPI,2710.0,2735.0,2740.0,2540.0,0.009225092250922495,0.011070110701107083,-0.0627306273062731,
280279,20251230800963,01497869,티와이홀딩스,363280,단일판매ㆍ공급계약체결(자회사의 주요경영사항),2025-12-30,KOSPI,2740.0,2650.0,2525.0,2530.0,-0.03284671532846717,-0.07846715328467158,-0.07664233576642332,
280095,20251230801210,01497869,티와이홀딩스,363280,단일판매ㆍ공급계약체결(자회사의 주요경영사항),2025-12-30,KOSPI,2740.0,2650.0,2525.0,2530.0,-0.03284671532846717,-0.07846715328467158,-0.07664233576642332,
278304,20260105800507,01497869,티와이홀딩스,363280,단일판매ㆍ공급계약체결(자회사의 주요경영사항),2026-01-05,KOSPI,2525.0,2540.0,2540.0,2540.0,0.005940594059405946,0.005940594059405946,0.005940594059405946,
73748,20260330802202,01497869,티와이홀딩스,363280,단일판매ㆍ공급계약체결(자회사의 주요경영사항),2026-03-30,KOSPI,2685.0,2650.0,2715.0,2630.0,-0.013035381750465591,0.011173184357541999,-0.020484171322160183,
122004,20260605800726,01497869,티와이홀딩스,363280,단일판매ㆍ공급계약체결(자회사의 주요경영사항),2026-06-05,KOSPI,2000.0,1915.0,1921.0,2040.0,-0.04249999999999998,-0.03949999999999998,0.020000000000000018,
113885,20260623800587,01497869,티와이홀딩스,363280,단일판매ㆍ공급계약체결(자회사의 주요경영사항),2026-06-23,KOSPI,1740.0,1747.0,1740.0,,0.004022988505747227,0.0,,
570106,20241016800058,00118275,디아이,003160,단일판매ㆍ공급계약체결(자율공시),2024-10-16,KOSPI,19370.0,19490.0,18270.0,18370.0,0.006195147134744561,-0.05678884873515744,-0.05162622612287038,
531581,20241224800160,00118275,디아이,003160,단일판매ㆍ공급계약체결(자율공시),2024-12-24,KOSPI,12250.0,12120.0,13820.0,15370.0,-0.0106122448979592,0.12816326530612243,0.25469387755102035,
520914,20250120800427,00118275,디아이,003160,단일판매ㆍ공급계약체결(자율공시),2025-01-20,KOSPI,18520.0,18830.0,19000.0,17020.0,0.01673866090712739,0.02591792656587466,-0.08099352051835851,
490121,20250305800088,00118275,디아이,003160,단일판매ㆍ공급계약체결,2025-03-05,KOSPI,12700.0,11910.0,11640.0,12150.0,-0.0622047244094488,-0.08346456692913384,-0.04330708661417326,
427545,20250409800252,00118275,디아이,003160,단일판매ㆍ공급계약체결,2025-04-09,KOSPI,12410.0,13600.0,13700.0,13010.0,0.09589041095890405,0.10394842868654308,0.048348106365833976,
304938,20251120800190,00118275,디아이,003160,단일판매ㆍ공급계약체결(자율공시),2025-11-20,KOSPI,24850.0,22350.0,21200.0,21000.0,-0.10060362173038229,-0.1468812877263581,-0.15492957746478875,
303692,20251124800222,00118275,디아이,003160,단일판매ㆍ공급계약체결,2025-11-24,KOSPI,21200.0,20800.0,21050.0,21300.0,-0.018867924528301883,-0.007075471698113178,0.004716981132075526,
108400,20260304800340,00118275,디아이,003160,단일판매ㆍ공급계약체결(자율공시),2026-03-04,KOSPI,27100.0,33800.0,35500.0,32650.0,0.24723247232472323,0.30996309963099633,0.2047970479704797,
120521,20260610800150,00118275,디아이,003160,단일판매ㆍ공급계약체결,2026-06-10,KOSPI,27600.0,29200.0,28400.0,29300.0,0.05797101449275366,0.02898550724637672,0.061594202898550776,
120518,20260610800152,00118275,디아이,003160,단일판매ㆍ공급계약체결(자율공시),2026-06-10,KOSPI,27600.0,29200.0,28400.0,29300.0,0.05797101449275366,0.02898550724637672,0.061594202898550776,
116752,20260617800094,00118275,디아이,003160,단일판매ㆍ공급계약체결,2026-06-17,KOSPI,29300.0,29050.0,27550.0,23850.0,-0.008532423208191142,-0.059726962457337884,-0.18600682593856654,
570086,20241016900091,01546101,아이엠티,451220,단일판매ㆍ공급계약체결,2024-10-16,KOSDAQ,10110.0,10170.0,9390.0,9340.0,0.005934718100890191,-0.07121661721068251,-0.076162215628091,
490774,20250304900400,01546101,아이엠티,451220,단일판매ㆍ공급계약체결,2025-03-04,KOSDAQ,10040.0,10150.0,10230.0,9690.0,0.010956175298804771,0.018924302788844605,-0.03486055776892427,
413211,20250421900247,01546101,아이엠티,451220,단일판매ㆍ공급계약체결,2025-04-21,KOSDAQ,10730.0,10450.0,10540.0,10200.0,-0.026095060577819185,-0.017707362534948756,-0.04939422180801489,
338782,20250903900026,01546101,아이엠티,451220,단일판매ㆍ공급계약체결,2025-09-03,KOSDAQ,9940.0,10020.0,10020.0,10420.0,0.008048289738430636,0.008048289738430636,0.048289738430583595,
570057,20241016900137,01358463,현대무벡스,319400,단일판매ㆍ공급계약체결,2024-10-16,KOSDAQ,3160.0,3160.0,3180.0,3195.0,0.0,0.006329113924050667,0.011075949367088667,
465332,20250326900185,01358463,현대무벡스,319400,단일판매ㆍ공급계약체결,2025-03-26,KOSDAQ,3545.0,3455.0,3390.0,3380.0,-0.02538787023977429,-0.04372355430183361,-0.046544428772919644,
409613,20250428900156,01358463,현대무벡스,319400,단일판매ㆍ공급계약체결,2025-04-28,KOSDAQ,4450.0,4485.0,4495.0,4400.0,0.00786516853932584,0.010112359550561889,-0.011235955056179803,
297501,20251201900305,01358463,현대무벡스,319400,단일판매ㆍ공급계약체결,2025-12-01,KOSDAQ,9660.0,9960.0,10430.0,10940.0,0.03105590062111796,0.07971014492753614,0.1325051759834368,
570054,20241016900141,00825959,하이비젼시스템,126700,단일판매ㆍ공급계약체결(자율공시),2024-10-16,KOSDAQ,17500.0,16970.0,16650.0,16490.0,-0.03028571428571425,-0.0485714285714286,-0.05771428571428572,
12675,20260511900955,00825959,하이비젼시스템,126700,단일판매ㆍ공급계약체결,2026-05-11,KOSDAQ,18170.0,17070.0,16890.0,15920.0,-0.06053935057787563,-0.07044578976334614,-0.12383048981838196,
569512,20241017900207,00385363,빅텍,065450,단일판매ㆍ공급계약체결,2024-10-17,KOSDAQ,5030.0,4995.0,4950.0,4990.0,-0.006958250497017926,-0.015904572564612307,-0.007952286282306154,
567032,20241024900088,00385363,빅텍,065450,단일판매ㆍ공급계약체결,2024-10-24,KOSDAQ,4990.0,5050.0,4910.0,4995.0,0.012024048096192397,-0.01603206412825653,0.0010020040080160886,
533033,20241220900377,00385363,빅텍,065450,단일판매ㆍ공급계약체결,2024-12-20,KOSDAQ,3960.0,4075.0,4100.0,4100.0,0.029040404040403978,0.03535353535353525,0.03535353535353525,
532354,20241223900107,00385363,빅텍,065450,단일판매ㆍ공급계약체결,2024-12-23,KOSDAQ,4075.0,4100.0,4030.0,4160.0,0.006134969325153339,-0.011042944785276121,0.020858895705521574,
522305,20250115900317,00385363,빅텍,065450,단일판매ㆍ공급계약체결(자율공시),2025-01-15,KOSDAQ,4190.0,4190.0,4155.0,4195.0,0.0,-0.00835322195704058,0.0011933174224343368,
505466,20250214900533,00385363,빅텍,065450,단일판매ㆍ공급계약체결(자율공시),2025-02-14,KOSDAQ,4090.0,4130.0,4175.0,4195.0,0.009779951100244544,0.020782396088019572,0.025672371638141733,
444178,20250403900169,00385363,빅텍,065450,단일판매ㆍ공급계약체결,2025-04-03,KOSDAQ,3905.0,3860.0,3685.0,3840.0,-0.011523687580025643,-0.05633802816901412,-0.016645326504481472,
410697,20250425900155,00385363,빅텍,065450,단일판매ㆍ공급계약체결,2025-04-25,KOSDAQ,4070.0,4035.0,4025.0,4285.0,-0.008599508599508643,-0.011056511056511065,0.05282555282555279,
313197,20251107900261,00385363,빅텍,065450,단일판매ㆍ공급계약체결(자율공시),2025-11-07,KOSDAQ,3645.0,3660.0,3615.0,3610.0,0.004115226337448652,-0.008230452674897082,-0.009602194787380003,
291750,20251212900481,00385363,빅텍,065450,단일판매ㆍ공급계약체결,2025-12-12,KOSDAQ,3675.0,3655.0,3605.0,3525.0,-0.0054421768707483276,-0.01904761904761909,-0.04081632653061229,
569082,20241018900129,00389998,한성크린텍,066980,단일판매ㆍ공급계약체결(자율공시),2024-10-18,KOSDAQ,2300.0,2185.0,2010.0,2090.0,-0.050000000000000044,-0.12608695652173918,-0.09130434782608698,
563595,20241031900145,00389998,한성크린텍,066980,단일판매ㆍ공급계약체결(자율공시),2024-10-31,KOSDAQ,2000.0,1952.0,2010.0,1892.0,-0.02400000000000002,0.004999999999999893,-0.05400000000000005,
551669,20241122900159,00389998,한성크린텍,066980,단일판매ㆍ공급계약체결(자율공시),2024-11-22,KOSDAQ,1801.0,1851.0,1856.0,1781.0,0.027762354247640175,0.030538589672404193,-0.01110494169905607,
409957,20250425900766,00389998,한성크린텍,066980,단일판매ㆍ공급계약체결,2025-04-25,KOSDAQ,1192.0,1187.0,1197.0,1566.0,-0.004194630872483174,0.004194630872483174,0.31375838926174504,
384896,20250609900467,00389998,한성크린텍,066980,단일판매ㆍ공급계약체결,2025-06-09,KOSDAQ,1530.0,1480.0,1507.0,1468.0,-0.0326797385620915,-0.015032679738562038,-0.04052287581699343,
314280,20251105900465,00389998,한성크린텍,066980,단일판매ㆍ공급계약체결(자율공시),2025-11-05,KOSDAQ,1127.0,1465.0,1251.0,1526.0,0.29991126885536823,0.11002661934338942,0.35403726708074523,
243455,20260226901104,00389998,한성크린텍,066980,단일판매ㆍ공급계약체결(자율공시),2026-02-26,KOSDAQ,1296.0,1407.0,1303.0,1320.0,0.08564814814814814,0.005401234567901314,0.0185185185185186,
5567,20260518900716,00389998,한성크린텍,066980,단일판매ㆍ공급계약체결(자율공시),2026-05-18,KOSDAQ,1382.0,1454.0,1890.0,2250.0,0.05209840810419686,0.36758321273516636,0.6280752532561504,
5563,20260518900757,00389998,한성크린텍,066980,단일판매ㆍ공급계약체결(자율공시),2026-05-18,KOSDAQ,1382.0,1454.0,1890.0,2250.0,0.05209840810419686,0.36758321273516636,0.6280752532561504,
116444,20260617900488,00389998,한성크린텍,066980,단일판매ㆍ공급계약체결,2026-06-17,KOSDAQ,1962.0,2050.0,1982.0,1815.0,0.04485219164118237,0.010193679918450549,-0.07492354740061158,
568404,20241021800263,00102618,계양전기,012200,단일판매ㆍ공급계약체결,2024-10-21,KOSPI,1536.0,1606.0,1577.0,1521.0,0.04557291666666674,0.02669270833333326,-0.009765625,
531917,20241223800617,00102618,계양전기,012200,단일판매ㆍ공급계약체결,2024-12-23,KOSPI,1429.0,1535.0,1495.0,1621.0,0.07417774667599719,0.04618614415675304,0.1343596920923722,
287218,20251217800849,00102618,계양전기,012200,단일판매ㆍ공급계약체결,2025-12-17,KOSPI,1570.0,2040.0,2650.0,3930.0,0.2993630573248407,0.6878980891719746,1.5031847133757963,
568480,20241021900189,00408266,유니온바이오메트릭스,203450,단일판매ㆍ공급계약체결,2024-10-21,KOSDAQ,2665.0,2645.0,2645.0,2645.0,-0.007504690431519689,-0.007504690431519689,-0.007504690431519689,
568476,20241021900196,01265251,압타머사이언스,291650,단일판매ㆍ공급계약체결,2024-10-21,KOSDAQ,2164.0,2228.0,2219.0,2160.0,0.02957486136783727,0.025415896487985146,-0.001848428835489857,
471952,20250320900816,01265251,압타머사이언스,291650,단일판매ㆍ공급계약체결,2025-03-20,KOSDAQ,959.0,951.0,937.0,941.0,-0.008342022940563076,-0.02294056308654846,-0.018769551616266922,
347700,20250820900134,01265251,압타머사이언스,291650,단일판매ㆍ공급계약체결,2025-08-20,KOSDAQ,1059.0,1133.0,1153.0,1191.0,0.06987724268177531,0.08876298394712001,0.12464589235127477,
328981,20250926900384,01265251,압타머사이언스,291650,단일판매ㆍ공급계약체결,2025-09-26,KOSDAQ,1010.0,1030.0,1048.0,,0.01980198019801982,0.03762376237623766,,
568083,20241022800044,00413046,셀트리온,068270,단일판매ㆍ공급계약체결,2024-10-22,KOSPI,164412.0,162834.0,163009.0,165814.0,-0.009597839573753708,-0.008533440381480628,0.008527358100381965,
92971,20260317800019,00413046,셀트리온,068270,단일판매ㆍ공급계약체결,2026-03-17,KOSPI,196352.0,199688.0,192539.0,190252.0,0.01698989569752274,-0.019419206323337712,-0.031066655801825327,
566922,20241024800248,00753643,주성코퍼레이션,109070,단일판매ㆍ공급계약체결,2024-10-24,KOSPI,1185.0,1185.0,1185.0,1185.0,0.0,0.0,0.0,
558708,20241112800333,00753643,주성코퍼레이션,109070,단일판매ㆍ공급계약체결,2024-11-12,KOSPI,1185.0,1185.0,1185.0,1185.0,0.0,0.0,0.0,
567064,20241024900068,00892526,디케이앤디,263020,단일판매ㆍ공급계약체결,2024-10-24,KOSDAQ,3450.0,3465.0,3655.0,4360.0,0.004347826086956497,0.05942028985507242,0.2637681159420291,
567057,20241024900079,00133876,세보엠이씨,011560,단일판매ㆍ공급계약체결,2024-10-24,KOSDAQ,9970.0,9820.0,10000.0,10150.0,-0.015045135406218657,0.0030090270812437314,0.01805416248746239,
396400,20250520900219,00133876,세보엠이씨,011560,단일판매ㆍ공급계약체결,2025-05-20,KOSDAQ,10020.0,10070.0,9970.0,10330.0,0.004990019960079861,-0.004990019960079861,0.03093812375249505,
336079,20250910900141,00133876,세보엠이씨,011560,단일판매ㆍ공급계약체결(자율공시),2025-09-10,KOSDAQ,12650.0,12570.0,12710.0,12520.0,-0.006324110671936722,0.004743083003952542,-0.010276679841897285,
333259,20250917900122,00133876,세보엠이씨,011560,단일판매ㆍ공급계약체결(자율공시),2025-09-17,KOSDAQ,12520.0,12660.0,12890.0,12960.0,0.011182108626198062,0.02955271565495199,0.03514376996805102,
331645,20250922900108,00133876,세보엠이씨,011560,단일판매ㆍ공급계약체결,2025-09-22,KOSDAQ,13370.0,13320.0,12960.0,13080.0,-0.0037397157816005944,-0.03066566940912485,-0.02169035153328347,
320734,20251022900173,00133876,세보엠이씨,011560,단일판매ㆍ공급계약체결(자율공시),2025-10-22,KOSDAQ,13140.0,13070.0,13100.0,12970.0,-0.0053272450532724225,-0.0030441400304414,-0.012937595129375978,
316134,20251031900271,00133876,세보엠이씨,011560,단일판매ㆍ공급계약체결(자율공시),2025-10-31,KOSDAQ,13380.0,13000.0,12940.0,12920.0,-0.02840059790732441,-0.03288490284005974,-0.034379671150971625,
41676,20260409900311,00133876,세보엠이씨,011560,단일판매ㆍ공급계약체결(자율공시),2026-04-09,KOSDAQ,19120.0,20550.0,19890.0,20300.0,0.07479079497907959,0.04027196652719667,0.061715481171548126,
10102,20260514900645,00133876,세보엠이씨,011560,단일판매ㆍ공급계약체결(자율공시),2026-05-14,KOSDAQ,21600.0,23150.0,23700.0,23900.0,0.0717592592592593,0.09722222222222232,0.1064814814814814,
566813,20241024900336,00146427,한주에이알티,058450,단일판매ㆍ공급계약체결,2024-10-24,KOSDAQ,11031.0,10961.0,10294.0,10294.0,-0.006345752878252231,-0.066811712446741,-0.066811712446741,
565906,20241025800586,00138297,STX,011810,단일판매ㆍ공급계약체결,2024-10-25,KOSPI,4940.0,4970.0,4890.0,4840.0,0.006072874493927127,-0.010121457489878583,-0.020242914979757054,
566400,20241025900116,00642897,브레인즈컴퍼니,099390,단일판매ㆍ공급계약체결(자율공시),2024-10-25,KOSDAQ,6530.0,6560.0,6570.0,6690.0,0.004594180704440953,0.006125574272588086,0.02450229709035212,
371662,20250707900267,00642897,브레인즈컴퍼니,099390,단일판매ㆍ공급계약체결(자율공시),2025-07-07,KOSDAQ,5960.0,6070.0,6200.0,6170.0,0.01845637583892623,0.04026845637583887,0.03523489932885915,
565718,20241028800102,00108612,DS단석,017860,단일판매ㆍ공급계약체결,2024-10-28,KOSPI,28334.0,27772.0,25857.0,33023.0,-0.01983482741582554,-0.08742147243594267,0.1654902237594409,
417269,20250414800344,00108612,DS단석,017860,단일판매ㆍ공급계약체결,2025-04-14,KOSPI,23520.0,23569.0,22975.0,24510.0,0.002083333333333437,-0.023171768707482943,0.042091836734693855,
565540,20241028800328,00128980,삼호개발,010960,단일판매ㆍ공급계약체결,2024-10-28,KOSPI,3150.0,3150.0,3125.0,3140.0,0.0,-0.007936507936507908,-0.0031746031746031633,
560752,20241107800222,00128980,삼호개발,010960,단일판매ㆍ공급계약체결,2024-11-07,KOSPI,3175.0,3165.0,3170.0,3140.0,-0.0031496062992125706,-0.0015748031496063408,-0.011023622047244053,
547621,20241128800707,00128980,삼호개발,010960,단일판매ㆍ공급계약체결,2024-11-28,KOSPI,3095.0,3085.0,3080.0,3030.0,-0.003231017770597755,-0.004846526655896577,-0.021001615508885352,
542022,20241209800230,00128980,삼호개발,010960,단일판매ㆍ공급계약체결,2024-12-09,KOSPI,3045.0,3120.0,3130.0,3250.0,0.024630541871921263,0.02791461412151075,0.0673234811165846,
527182,20250103800141,00128980,삼호개발,010960,단일판매ㆍ공급계약체결,2025-01-03,KOSPI,3110.0,3110.0,3075.0,3080.0,0.0,-0.0112540192926045,-0.009646302250803873,
524321,20250110800243,00128980,삼호개발,010960,단일판매ㆍ공급계약체결,2025-01-10,KOSPI,3080.0,3095.0,3080.0,3080.0,0.004870129870129913,0.0,0.0,
496028,20250227800067,00128980,삼호개발,010960,단일판매ㆍ공급계약체결,2025-02-27,KOSPI,3055.0,3030.0,3015.0,3030.0,-0.008183306055646433,-0.013093289689034338,-0.008183306055646433,
414022,20250418800444,00128980,삼호개발,010960,단일판매ㆍ공급계약체결,2025-04-18,KOSPI,3040.0,3950.0,3890.0,3630.0,0.29934210526315796,0.2796052631578947,0.19407894736842102,
403186,20250512800183,00128980,삼호개발,010960,단일판매ㆍ공급계약체결,2025-05-12,KOSPI,3530.0,3430.0,3390.0,3370.0,-0.028328611898016942,-0.03966005665722383,-0.04532577903682722,
393688,20250527800134,00128980,삼호개발,010960,단일판매ㆍ공급계약체결,2025-05-27,KOSPI,3430.0,3425.0,3470.0,3550.0,-0.001457725947521915,0.011661807580174877,0.03498542274052485,
304926,20251120800205,00128980,삼호개발,010960,단일판매ㆍ공급계약체결,2025-11-20,KOSPI,3520.0,3620.0,3605.0,3540.0,0.02840909090909083,0.024147727272727293,0.005681818181818121,
297792,20251128801196,00128980,삼호개발,010960,단일판매ㆍ공급계약체결,2025-11-28,KOSPI,3535.0,3520.0,3505.0,3685.0,-0.004243281471004279,-0.008486562942008447,0.042432814710042344,
245342,20260225801589,00128980,삼호개발,010960,단일판매ㆍ공급계약체결(자율공시),2026-02-25,KOSPI,4250.0,4155.0,4115.0,3960.0,-0.022352941176470575,-0.03176470588235292,-0.06823529411764706,
57538,20260403800491,00128980,삼호개발,010960,단일판매ㆍ공급계약체결,2026-04-03,KOSPI,3750.0,3755.0,3695.0,3975.0,0.0013333333333334085,-0.014666666666666717,0.06000000000000005,
21120,20260428800140,00128980,삼호개발,010960,단일판매ㆍ공급계약체결,2026-04-28,KOSPI,4050.0,4015.0,3995.0,3945.0,-0.00864197530864197,-0.013580246913580285,-0.025925925925925908,
565524,20241028900338,00861997,휴먼테크놀로지,175140,단일판매ㆍ공급계약체결,2024-10-28,KOSDAQ,4670.0,4695.0,4420.0,5230.0,0.005353319057815886,-0.05353319057815842,0.11991434689507496,
381972,20250616900400,00861997,휴먼테크놀로지,175140,단일판매ㆍ공급계약체결,2025-06-16,KOSDAQ,5990.0,5840.0,5800.0,5070.0,-0.025041736227045086,-0.03171953255425708,-0.1535893155258765,
565043,20241029900164,00610083,비아트론,141000,단일판매ㆍ공급계약체결,2024-10-29,KOSDAQ,6680.0,6890.0,6820.0,6840.0,0.0314371257485031,0.020958083832335328,0.0239520958083832,
564335,20241030900212,00610083,비아트론,141000,단일판매ㆍ공급계약체결,2024-10-30,KOSDAQ,6890.0,6820.0,6830.0,6830.0,-0.010159651669085612,-0.00870827285921627,-0.00870827285921627,
532369,20241223900102,00610083,비아트론,141000,단일판매ㆍ공급계약체결,2024-12-23,KOSDAQ,7250.0,7300.0,7270.0,7090.0,0.006896551724137945,0.0027586206896552667,-0.022068965517241357,
385152,20250609900163,00610083,비아트론,141000,단일판매ㆍ공급계약체결,2025-06-09,KOSDAQ,8760.0,8690.0,8770.0,8560.0,-0.007990867579908634,0.0011415525114155667,-0.022831050228310557,
306184,20251117900260,00610083,비아트론,141000,단일판매ㆍ공급계약체결,2025-11-17,KOSDAQ,7720.0,7560.0,7530.0,7300.0,-0.020725388601036232,-0.024611398963730546,-0.05440414507772018,
266423,20260129900619,00610083,비아트론,141000,단일판매ㆍ공급계약체결(자율공시),2026-01-29,KOSDAQ,7900.0,7820.0,7850.0,9040.0,-0.010126582278481067,-0.006329113924050667,0.14430379746835453,
26004,20260420900199,00610083,비아트론,141000,단일판매ㆍ공급계약체결,2026-04-20,KOSDAQ,11570.0,11840.0,11990.0,11730.0,0.023336214347450257,0.036300777873811585,0.01382886776145198,
5328,20260519900258,00610083,비아트론,141000,단일판매ㆍ공급계약체결,2026-05-19,KOSDAQ,10290.0,9800.0,10450.0,9810.0,-0.04761904761904767,0.01554907677356665,-0.04664723032069973,
564378,20241030800172,01770203,조선내화,462520,단일판매ㆍ공급계약체결,2024-10-30,KOSPI,18370.0,17550.0,16790.0,16810.0,-0.044637996733805085,-0.08600979858464886,-0.08492106695699508,
564377,20241030800174,01770203,조선내화,462520,단일판매ㆍ공급계약체결,2024-10-30,KOSPI,18370.0,17550.0,16790.0,16810.0,-0.044637996733805085,-0.08600979858464886,-0.08492106695699508,
564345,20241030800196,01770203,조선내화,462520,단일판매ㆍ공급계약체결,2024-10-30,KOSPI,18370.0,17550.0,16790.0,16810.0,-0.044637996733805085,-0.08600979858464886,-0.08492106695699508,
330734,20250924800088,01770203,조선내화,462520,단일판매ㆍ공급계약체결,2025-09-24,KOSPI,14650.0,17180.0,15590.0,14930.0,0.1726962457337884,0.06416382252559738,0.019112627986348052,
330731,20250924800093,01770203,조선내화,462520,단일판매ㆍ공급계약체결,2025-09-24,KOSPI,14650.0,17180.0,15590.0,14930.0,0.1726962457337884,0.06416382252559738,0.019112627986348052,
330730,20250924800095,01770203,조선내화,462520,단일판매ㆍ공급계약체결,2025-09-24,KOSPI,14650.0,17180.0,15590.0,14930.0,0.1726962457337884,0.06416382252559738,0.019112627986348052,
330728,20250924800097,01770203,조선내화,462520,단일판매ㆍ공급계약체결(자율공시),2025-09-24,KOSPI,14650.0,17180.0,15590.0,14930.0,0.1726962457337884,0.06416382252559738,0.019112627986348052,
564376,20241030800176,00148984,시알홀딩스,000480,단일판매ㆍ공급계약체결(자회사의 주요경영사항),2024-10-30,KOSPI,5700.0,5690.0,5700.0,5690.0,-0.0017543859649122862,0.0,-0.0017543859649122862,
564375,20241030800178,00148984,시알홀딩스,000480,단일판매ㆍ공급계약체결(자회사의 주요경영사항),2024-10-30,KOSPI,5700.0,5690.0,5700.0,5690.0,-0.0017543859649122862,0.0,-0.0017543859649122862,
564340,20241030800217,00148984,시알홀딩스,000480,단일판매ㆍ공급계약체결(자회사의 주요경영사항),2024-10-30,KOSPI,5700.0,5690.0,5700.0,5690.0,-0.0017543859649122862,0.0,-0.0017543859649122862,
330727,20250924800100,00148984,시알홀딩스,000480,단일판매ㆍ공급계약체결(자회사의 주요경영사항),2025-09-24,KOSPI,4870.0,4870.0,4800.0,4825.0,0.0,-0.014373716632443578,-0.00924024640657084,
330722,20250924800103,00148984,시알홀딩스,000480,단일판매ㆍ공급계약체결(자회사의 주요경영사항),2025-09-24,KOSPI,4870.0,4870.0,4800.0,4825.0,0.0,-0.014373716632443578,-0.00924024640657084,
330723,20250924800104,00148984,시알홀딩스,000480,단일판매ㆍ공급계약체결(자회사의 주요경영사항),2025-09-24,KOSPI,4870.0,4870.0,4800.0,4825.0,0.0,-0.014373716632443578,-0.00924024640657084,
563838,20241030800763,00155212,포스코DX,022100,단일판매ㆍ공급계약체결,2024-10-30,KOSPI,26850.0,27300.0,27550.0,27050.0,0.016759776536312776,0.026070763500931182,0.007448789571694592,
531500,20241224800257,00155212,포스코DX,022100,단일판매ㆍ공급계약체결,2024-12-24,KOSPI,19740.0,19260.0,18960.0,20200.0,-0.024316109422492405,-0.03951367781155013,0.023302938196555267,
356926,20250808800500,00155212,포스코DX,022100,단일판매ㆍ공급계약체결,2025-08-08,KOSPI,23650.0,24950.0,24950.0,24350.0,0.05496828752642702,0.05496828752642702,0.029598308668076,
280282,20251230800957,00155212,포스코DX,022100,단일판매ㆍ공급계약체결,2025-12-30,KOSPI,28750.0,29000.0,28850.0,27150.0,0.008695652173912993,0.003478260869565153,-0.055652173913043446,
564089,20241030900431,00372688,티사이언티픽,057680,단일판매ㆍ공급계약체결,2024-10-30,KOSDAQ,6034.0,5640.0,5229.0,6344.0,-0.06529665230361281,-0.13341067285382835,0.051375538614517824,
319364,20251024900364,00372688,티사이언티픽,057680,단일판매ㆍ공급계약체결,2025-10-24,KOSDAQ,5384.0,5432.0,5347.0,5277.0,0.008915304606240682,-0.006872213967310525,-0.01987369985141163,
563873,20241030900709,00360577,엑사이엔씨,054940,단일판매ㆍ공급계약체결,2024-10-30,KOSDAQ,734.0,739.0,750.0,781.0,0.006811989100817373,0.021798365122615904,0.06403269754768393,
534989,20241217900686,00360577,엑사이엔씨,054940,단일판매ㆍ공급계약체결,2024-12-17,KOSDAQ,731.0,731.0,727.0,709.0,0.0,-0.005471956224350261,-0.030095759233926156,
331035,20250923900423,00360577,엑사이엔씨,054940,단일판매ㆍ공급계약체결,2025-09-23,KOSDAQ,716.0,801.0,767.0,733.0,0.11871508379888263,0.07122905027932958,0.023743016759776525,
563583,20241031900163,00660033,씨엔플러스,115530,단일판매ㆍ공급계약체결,2024-10-31,KOSDAQ,5050.0,4610.0,4600.0,4390.0,-0.0871287128712871,-0.08910891089108908,-0.1306930693069307,
363221,20250728900193,00660033,씨엔플러스,115530,단일판매ㆍ공급계약체결,2025-07-28,KOSDAQ,5120.0,5040.0,4900.0,4940.0,-0.015625,-0.04296875,-0.03515625,
283242,20251224900503,00660033,씨엔플러스,115530,단일판매ㆍ공급계약체결,2025-12-24,KOSDAQ,3380.0,3380.0,3380.0,3430.0,0.0,0.0,0.014792899408283988,
562841,20241101800059,00132868,우성머티리얼스,011300,단일판매ㆍ공급계약체결,2024-11-01,KOSPI,3940.0,3900.0,3910.0,3750.0,-0.010152284263959421,-0.0076142131979695105,-0.048223350253807085,
562757,20241101900096,00238199,로지시스,067730,단일판매ㆍ공급계약체결,2024-11-01,KOSDAQ,2760.0,2815.0,2830.0,2725.0,0.019927536231884035,0.0253623188405796,-0.0126811594202898,
367450,20250717900243,00238199,로지시스,067730,단일판매ㆍ공급계약체결,2025-07-17,KOSDAQ,3220.0,3350.0,3360.0,3195.0,0.04037267080745344,0.04347826086956519,-0.00776397515527949,
562702,20241101900219,00288343,삼영이엔씨,065570,단일판매ㆍ공급계약체결,2024-11-01,KOSDAQ,2095.0,2105.0,2070.0,2150.0,0.004773269689737569,-0.011933174224343701,0.026252983293556076,
532348,20241223900117,00288343,삼영이엔씨,065570,단일판매ㆍ공급계약체결,2024-12-23,KOSDAQ,1518.0,1550.0,1531.0,1610.0,0.021080368906455815,0.008563899868247793,0.06060606060606055,
562427,20241101900380,00231105,동성화인텍,033500,단일판매ㆍ공급계약체결,2024-11-01,KOSDAQ,10980.0,11170.0,11120.0,11550.0,0.01730418943533696,0.012750455373406133,0.051912568306010876,
562430,20241101900512,00231105,동성화인텍,033500,단일판매ㆍ공급계약체결,2024-11-01,KOSDAQ,10980.0,11170.0,11120.0,11550.0,0.01730418943533696,0.012750455373406133,0.051912568306010876,
41943,20260408901137,00231105,동성화인텍,033500,단일판매ㆍ공급계약체결,2026-04-08,KOSDAQ,25650.0,25300.0,25550.0,26450.0,-0.013645224171540016,-0.003898635477582846,0.031189083820662766,
562361,20241101900578,00136165,스페코,013810,단일판매ㆍ공급계약체결,2024-11-01,KOSDAQ,4440.0,4325.0,4230.0,4165.0,-0.025900900900900914,-0.04729729729729726,-0.061936936936936915,
335317,20250911900170,00136165,스페코,013810,단일판매ㆍ공급계약체결,2025-09-11,KOSDAQ,3030.0,2900.0,2855.0,2845.0,-0.04290429042904287,-0.05775577557755773,-0.06105610561056107,
335315,20250911900172,00136165,스페코,013810,단일판매ㆍ공급계약체결,2025-09-11,KOSDAQ,3030.0,2900.0,2855.0,2845.0,-0.04290429042904287,-0.05775577557755773,-0.06105610561056107,
104554,20260306901749,00136165,스페코,013810,단일판매ㆍ공급계약체결,2026-03-06,KOSDAQ,2995.0,2865.0,2765.0,2790.0,-0.04340567612687818,-0.07679465776293826,-0.06844741235392315,
562332,20241101900609,01593668,센서뷰,321370,단일판매ㆍ공급계약체결,2024-11-01,KOSDAQ,1984.0,1926.0,1931.0,1949.0,-0.029233870967741882,-0.026713709677419373,-0.017641129032258118,
509142,20250212900537,01593668,센서뷰,321370,단일판매ㆍ공급계약체결,2025-02-12,KOSDAQ,1314.0,1317.0,1321.0,1488.0,0.0022831050228311334,0.0053272450532724225,0.13242009132420085,
499803,20250224900094,01593668,센서뷰,321370,단일판매ㆍ공급계약체결,2025-02-24,KOSDAQ,1510.0,1492.0,1483.0,1457.0,-0.01192052980132452,-0.01788079470198678,-0.035099337748344395,
464744,20250326900968,01593668,센서뷰,321370,단일판매ㆍ공급계약체결(자율공시),2025-03-26,KOSDAQ,1330.0,1355.0,1299.0,1296.0,0.018796992481203034,-0.023308270676691722,-0.025563909774436122,
371859,20250707900050,01593668,센서뷰,321370,단일판매ㆍ공급계약체결(자율공시),2025-07-07,KOSDAQ,1472.0,1520.0,1486.0,1493.0,0.032608695652173836,0.009510869565217295,0.014266304347826164,
371856,20250707900051,01593668,센서뷰,321370,단일판매ㆍ공급계약체결,2025-07-07,KOSDAQ,1472.0,1520.0,1486.0,1493.0,0.032608695652173836,0.009510869565217295,0.014266304347826164,
333802,20250916900022,01593668,센서뷰,321370,단일판매ㆍ공급계약체결,2025-09-16,KOSDAQ,1341.0,1314.0,1307.0,1369.0,-0.020134228187919434,-0.025354213273676374,0.020879940343027537,
106247,20260305901489,01593668,센서뷰,321370,단일판매ㆍ공급계약체결(자율공시),2026-03-05,KOSDAQ,2133.0,2772.0,2937.0,3519.0,0.29957805907172985,0.3769338959212376,0.649789029535865,
106246,20260305901491,01593668,센서뷰,321370,단일판매ㆍ공급계약체결(자율공시),2026-03-05,KOSDAQ,2133.0,2772.0,2937.0,3519.0,0.29957805907172985,0.3769338959212376,0.649789029535865,
90460,20260318901772,01593668,센서뷰,321370,단일판매ㆍ공급계약체결(자율공시),2026-03-18,KOSDAQ,4127.0,4184.0,3931.0,3947.0,0.013811485340440965,-0.047492125030288324,-0.0436152168645505,
89777,20260319900138,01593668,센서뷰,321370,단일판매ㆍ공급계약체결,2026-03-19,KOSDAQ,4184.0,3931.0,3596.0,3627.0,-0.060468451242829846,-0.14053537284894835,-0.13312619502868073,
72666,20260331900399,01593668,센서뷰,321370,단일판매ㆍ공급계약체결,2026-03-31,KOSDAQ,3236.0,3766.0,3421.0,2844.0,0.16378244746600745,0.05716934487021019,-0.12113720642768855,
2604,20260526900269,01593668,센서뷰,321370,단일판매ㆍ공급계약체결,2026-05-26,KOSDAQ,3975.0,3565.0,3370.0,2520.0,-0.10314465408805029,-0.1522012578616352,-0.36603773584905663,
115483,20260619900405,01593668,센서뷰,321370,단일판매ㆍ공급계약체결(자율공시),2026-06-19,KOSDAQ,2320.0,2150.0,2090.0,1924.0,-0.07327586206896552,-0.09913793103448276,-0.17068965517241375,
561772,20241105900087,01513440,파이버프로,368770,단일판매ㆍ공급계약체결,2024-11-05,KOSDAQ,4330.0,4505.0,4700.0,5050.0,0.04041570438799069,0.08545034642032334,0.16628175519630495,
395295,20250522900187,01513440,파이버프로,368770,단일판매ㆍ공급계약체결,2025-05-22,KOSDAQ,7160.0,6980.0,6980.0,6780.0,-0.025139664804469275,-0.025139664804469275,-0.05307262569832405,
393524,20250527900267,01513440,파이버프로,368770,단일판매ㆍ공급계약체결,2025-05-27,KOSDAQ,7080.0,6790.0,6780.0,6830.0,-0.04096045197740117,-0.0423728813559322,-0.035310734463276816,
271368,20260120900195,01513440,파이버프로,368770,단일판매ㆍ공급계약체결,2026-01-20,KOSDAQ,15650.0,18430.0,17750.0,15800.0,0.17763578274760383,0.13418530351437696,0.009584664536741228,
268961,20260126900141,01513440,파이버프로,368770,단일판매ㆍ공급계약체결,2026-01-26,KOSDAQ,17010.0,15800.0,16010.0,18000.0,-0.07113462669018222,-0.0587889476778366,0.05820105820105814,
27106,20260416900540,01513440,파이버프로,368770,단일판매ㆍ공급계약체결,2026-04-16,KOSDAQ,23900.0,26500.0,25700.0,24050.0,0.10878661087866104,0.07531380753138084,0.006276150627614996,
561656,20241105900257,00961570,신도기연,290520,단일판매ㆍ공급계약체결,2024-11-05,KOSDAQ,2330.0,2235.0,2190.0,2115.0,-0.04077253218884125,-0.06008583690987124,-0.09227467811158796,
549599,20241127900115,00961570,신도기연,290520,단일판매ㆍ공급계약체결,2024-11-27,KOSDAQ,2495.0,2465.0,2440.0,2385.0,-0.012024048096192397,-0.022044088176352727,-0.044088176352705455,
451384,20250401900369,00961570,신도기연,290520,단일판매ㆍ공급계약체결,2025-04-01,KOSDAQ,1865.0,1860.0,1841.0,1745.0,-0.002680965147453085,-0.01286863270777483,-0.06434316353887404,
285022,20251222900831,00961570,신도기연,290520,단일판매ㆍ공급계약체결,2025-12-22,KOSDAQ,1754.0,1774.0,1762.0,1812.0,0.011402508551881407,0.004561003420752607,0.033067274800456126,
561189,20241106800281,00162063,한신공영,004960,단일판매ㆍ공급계약체결,2024-11-06,KOSPI,6860.0,6760.0,6750.0,6650.0,-0.014577259475218707,-0.01603498542274051,-0.030612244897959218,
558822,20241112800186,00162063,한신공영,004960,단일판매ㆍ공급계약체결,2024-11-12,KOSPI,7110.0,6650.0,7400.0,7000.0,-0.06469760900140642,0.04078762306610417,-0.015471167369901506,
541443,20241210800269,00162063,한신공영,004960,단일판매ㆍ공급계약체결,2024-12-10,KOSPI,6530.0,6700.0,6760.0,6670.0,0.026033690658499253,0.03522205206738138,0.0214395099540583,
531599,20241224800134,00162063,한신공영,004960,단일판매ㆍ공급계약체결,2024-12-24,KOSPI,6630.0,6560.0,6280.0,6470.0,-0.010558069381598756,-0.052790346907994,-0.02413273001508298,
531234,20241224800479,00162063,한신공영,004960,단일판매ㆍ공급계약체결,2024-12-24,KOSPI,6630.0,6560.0,6280.0,6470.0,-0.010558069381598756,-0.052790346907994,-0.02413273001508298,
528307,20241231800096,00162063,한신공영,004960,단일판매ㆍ공급계약체결,2024-12-31,KOSPI,6400.0,6470.0,6600.0,6530.0,0.010937500000000044,0.03125,0.020312499999999956,
520908,20250120800458,00162063,한신공영,004960,단일판매ㆍ공급계약체결,2025-01-20,KOSPI,6230.0,6230.0,6240.0,6160.0,0.0,0.0016051364365972098,-0.011235955056179803,
436770,20250407800183,00162063,한신공영,004960,단일판매ㆍ공급계약체결,2025-04-07,KOSPI,6090.0,6480.0,6220.0,6570.0,0.0640394088669951,0.021346469622331776,0.07881773399014769,
431335,20250408800473,00162063,한신공영,004960,단일판매ㆍ공급계약체결,2025-04-08,KOSPI,6480.0,6220.0,6380.0,6650.0,-0.04012345679012341,-0.015432098765432056,0.026234567901234573,
384607,20250610800257,00162063,한신공영,004960,단일판매ㆍ공급계약체결,2025-06-10,KOSPI,8830.0,8960.0,8890.0,8760.0,0.014722536806341946,0.006795016987542368,-0.007927519818799578,
377470,20250626800095,00162063,한신공영,004960,단일판매ㆍ공급계약체결,2025-06-26,KOSPI,8480.0,8300.0,8180.0,8650.0,-0.021226415094339646,-0.035377358490566,0.02004716981132071,
358595,20250806800210,00162063,한신공영,004960,단일판매ㆍ공급계약체결,2025-08-06,KOSPI,8490.0,8530.0,8650.0,8320.0,0.004711425206124886,0.018845700824499323,-0.020023557126030656,
336081,20250910800134,00162063,한신공영,004960,단일판매ㆍ공급계약체결,2025-09-10,KOSPI,8120.0,8020.0,8100.0,8040.0,-0.012315270935960632,-0.0024630541871921707,-0.009852216748768461,
322344,20251017800246,00162063,한신공영,004960,단일판매ㆍ공급계약체결,2025-10-17,KOSPI,7460.0,7590.0,7550.0,8600.0,0.01742627345844494,0.012064343163538771,0.15281501340482584,
320765,20251022800129,00162063,한신공영,004960,단일판매ㆍ공급계약체결,2025-10-22,KOSPI,7870.0,7900.0,8600.0,8050.0,0.003811944091486552,0.09275730622617528,0.02287166454891998,
295714,20251204800101,00162063,한신공영,004960,단일판매ㆍ공급계약체결,2025-12-04,KOSPI,12140.0,11200.0,10650.0,11380.0,-0.07742998352553543,-0.1227347611202636,-0.06260296540362442,
294429,20251208800258,00162063,한신공영,004960,단일판매ㆍ공급계약체결,2025-12-08,KOSPI,10650.0,10270.0,10040.0,11550.0,-0.03568075117370895,-0.05727699530516428,0.08450704225352124,
262098,20260204800914,00162063,한신공영,004960,단일판매ㆍ공급계약체결,2026-02-04,KOSPI,13000.0,12920.0,11700.0,12700.0,-0.006153846153846176,-0.09999999999999998,-0.023076923076923106,
39191,20260409800997,00162063,한신공영,004960,단일판매ㆍ공급계약체결,2026-04-09,KOSPI,16070.0,16630.0,15570.0,15780.0,0.034847542003733745,-0.031113876789047867,-0.018046048537647796,
20982,20260428800288,00162063,한신공영,004960,단일판매ㆍ공급계약체결,2026-04-28,KOSPI,14950.0,14750.0,14900.0,16190.0,-0.013377926421404673,-0.0033444816053511683,0.08294314381270906,
561306,20241106900102,01423837,모아데이타,288980,단일판매ㆍ공급계약체결,2024-11-06,KOSDAQ,1649.0,1627.0,1684.0,1490.0,-0.013341419041843494,0.021224984839296468,-0.09642207398423286,
561257,20241106900177,01020524,자이글,234920,단일판매ㆍ공급계약체결,2024-11-06,KOSDAQ,5100.0,4540.0,5900.0,4790.0,-0.1098039215686275,0.15686274509803932,-0.0607843137254902,
560145,20241108900234,01326279,아이엘,307180,단일판매ㆍ공급계약체결(자율공시),2024-11-08,KOSDAQ,3235.0,3180.0,3005.0,2830.0,-0.01700154559505407,-0.07109737248840808,-0.125193199381762,
560061,20241108900345,00255275,HB테크놀러지,078150,단일판매ㆍ공급계약체결,2024-11-08,KOSDAQ,2250.0,2090.0,1980.0,1903.0,-0.07111111111111112,-0.12,-0.15422222222222226,
559389,20241111900205,01107665,크리스탈신소재,900250,단일판매ㆍ공급계약체결(자회사의 주요경영사항),2024-11-11,KOSDAQ,3727.0,3626.0,3614.0,3538.0,-0.027099543869063547,-0.03031929165548697,-0.050711027636168526,
385106,20250609900215,01107665,크리스탈신소재,900250,단일판매ㆍ공급계약체결(자회사의 주요경영사항),2025-06-09,KOSDAQ,3763.0,3771.0,3811.0,3747.0,0.002125963327132663,0.012755779962795533,-0.0042519266542652145,
558901,20241112900079,00144650,유신,054930,단일판매ㆍ공급계약체결,2024-11-12,KOSDAQ,26500.0,26000.0,25400.0,25400.0,-0.018867924528301883,-0.04150943396226414,-0.04150943396226414,
558891,20241112900093,00144650,유신,054930,단일판매ㆍ공급계약체결,2024-11-12,KOSDAQ,26500.0,26000.0,25400.0,25400.0,-0.018867924528301883,-0.04150943396226414,-0.04150943396226414,
412350,20250422900515,00144650,유신,054930,단일판매ㆍ공급계약체결,2025-04-22,KOSDAQ,22900.0,23200.0,22900.0,23500.0,0.013100436681222627,0.0,0.026200873362445476,
250429,20260213902036,00144650,유신,054930,단일판매ㆍ공급계약체결,2026-02-13,KOSDAQ,25000.0,25400.0,25200.0,25150.0,0.016000000000000014,0.008000000000000007,0.006000000000000005,
558237,20241113900139,01407158,이노테나,333050,단일판매ㆍ공급계약체결,2024-11-13,KOSDAQ,5924.0,6044.0,6314.0,6624.0,0.020256583389601568,0.06583389601620526,0.11816340310600948,
375438,20250630900049,01407158,이노테나,333050,단일판매ㆍ공급계약체결,2025-06-30,KOSDAQ,7450.0,7555.0,7370.0,7365.0,0.014093959731543704,-0.010738255033557076,-0.01140939597315438,
555463,20241114801930,00469799,이엔플러스,074610,단일판매ㆍ공급계약체결,2024-11-14,KOSPI,10320.0,10270.0,10400.0,10410.0,-0.004844961240310086,0.007751937984496138,0.008720930232558155,
547785,20241128800631,00469799,이엔플러스,074610,단일판매ㆍ공급계약체결,2024-11-28,KOSPI,11640.0,11990.0,10890.0,10360.0,0.030068728522336663,-0.06443298969072164,-0.10996563573883167,
553689,20241118900056,00231044,우리기술,032820,단일판매ㆍ공급계약체결,2024-11-18,KOSDAQ,2325.0,2390.0,2325.0,2390.0,0.027956989247311936,0.0,0.027956989247311936,
467896,20250324900163,00231044,우리기술,032820,단일판매ㆍ공급계약체결,2025-03-24,KOSDAQ,1954.0,1942.0,1931.0,1764.0,-0.0061412487205732,-0.011770726714431912,-0.09723643807574212,
294039,20251209900091,00231044,우리기술,032820,단일판매ㆍ공급계약체결(자율공시),2025-12-09,KOSDAQ,3945.0,3895.0,3965.0,3750.0,-0.012674271229404344,0.005069708491761693,-0.049429657794676785,
5906,20260518900299,00231044,우리기술,032820,단일판매ㆍ공급계약체결,2026-05-18,KOSDAQ,17290.0,16570.0,16080.0,16910.0,-0.04164256795835741,-0.06998264893001738,-0.02197802197802201,
553613,20241118900183,00367695,에이전트AI,060900,단일판매ㆍ공급계약체결,2024-11-18,KOSDAQ,12182.0,12159.0,12136.0,12182.0,-0.0018880315219176325,-0.003776063043835154,0.0,
87109,20260320901323,00367695,에이전트AI,060900,단일판매ㆍ공급계약체결,2026-03-20,KOSDAQ,6251.0,8106.0,10533.0,7052.0,0.29675251959686455,0.6850103983362661,0.12813949768037114,
87080,20260320901331,00367695,에이전트AI,060900,단일판매ㆍ공급계약체결,2026-03-20,KOSDAQ,6251.0,8106.0,10533.0,7052.0,0.29675251959686455,0.6850103983362661,0.12813949768037114,
553059,20241119800334,00147860,에스엠벡셀,010580,단일판매ㆍ공급계약체결,2024-11-19,KOSPI,1170.0,1171.0,1185.0,1182.0,0.0008547008547008517,0.012820512820512775,0.01025641025641022,
553235,20241119900082,00136925,신원종합개발,017000,단일판매ㆍ공급계약체결,2024-11-19,KOSDAQ,3000.0,2935.0,3110.0,2960.0,-0.021666666666666612,0.036666666666666625,-0.013333333333333308,
501972,20250220900116,00136925,신원종합개발,017000,단일판매ㆍ공급계약체결(자율공시),2025-02-20,KOSDAQ,2890.0,2830.0,2845.0,3000.0,-0.02076124567474047,-0.01557093425605538,0.03806228373702414,
400477,20250515900250,00136925,신원종합개발,017000,단일판매ㆍ공급계약체결(자율공시),2025-05-15,KOSDAQ,2855.0,2870.0,2730.0,2710.0,0.005253940455341555,-0.04378283712784592,-0.05078809106830118,
392144,20250529900106,00136925,신원종합개발,017000,단일판매ㆍ공급계약체결,2025-05-29,KOSDAQ,2840.0,2850.0,2800.0,2960.0,0.0035211267605634866,-0.014084507042253502,0.04225352112676051,
347735,20250820900062,00136925,신원종합개발,017000,단일판매ㆍ공급계약체결,2025-08-20,KOSDAQ,2705.0,2680.0,2665.0,2625.0,-0.009242144177449174,-0.014787430683918634,-0.02957486136783738,
311360,20251112900232,00136925,신원종합개발,017000,단일판매ㆍ공급계약체결,2025-11-12,KOSDAQ,2665.0,2725.0,2710.0,2650.0,0.022514071294559068,0.016885553470919357,-0.0056285178236398226,
268060,20260127900380,00136925,신원종합개발,017000,단일판매ㆍ공급계약체결,2026-01-27,KOSDAQ,3150.0,3225.0,3330.0,3280.0,0.023809523809523725,0.05714285714285716,0.041269841269841345,
553140,20241119900216,00819073,인크로스,216050,단일판매ㆍ공급계약체결,2024-11-19,KOSDAQ,7690.0,7800.0,7800.0,7760.0,0.014304291287386306,0.014304291287386306,0.00910273081924573,
552864,20241120800069,00108746,DKME,015590,단일판매ㆍ공급계약체결,2024-11-20,KOSPI,2555.0,2595.0,2625.0,2575.0,0.015655577299412915,0.027397260273972712,0.007827788649706457,
462862,20250327800660,00108746,DKME,015590,단일판매ㆍ공급계약체결,2025-03-27,KOSPI,2575.0,2575.0,2575.0,2575.0,0.0,0.0,0.0,
119506,20260611800236,00108746,DKME,015590,단일판매ㆍ공급계약체결,2026-06-11,KOSPI,2070.0,2040.0,2115.0,2280.0,-0.01449275362318836,0.021739130434782705,0.10144927536231885,
117177,20260616800380,00108746,DKME,015590,단일판매ㆍ공급계약체결(자율공시),2026-06-16,KOSPI,2205.0,2245.0,2280.0,1995.0,0.018140589569161092,0.03401360544217691,-0.09523809523809523,
552765,20241120800196,00413523,한미글로벌,053690,단일판매ㆍ공급계약체결,2024-11-20,KOSPI,15690.0,19740.0,19750.0,19550.0,0.2581261950286806,0.25876354365838106,0.24601657106437225,
552705,20241120800244,00361488,텔코웨어,078000,단일판매ㆍ공급계약체결,2024-11-20,KOSPI,9770.0,9760.0,9980.0,9950.0,-0.0010235414534288667,0.02149437052200609,0.0184237461617196,
462831,20250327800576,00361488,텔코웨어,078000,단일판매ㆍ공급계약체결,2025-03-27,KOSPI,8720.0,8790.0,8760.0,8760.0,0.008027522935779796,0.004587155963302836,0.004587155963302836,
408344,20250429800426,00361488,텔코웨어,078000,단일판매ㆍ공급계약체결,2025-04-29,KOSPI,11270.0,9570.0,9430.0,9360.0,-0.15084294587400182,-0.16326530612244894,-0.16947648624667255,
69804,20260331802488,00361488,텔코웨어,078000,단일판매ㆍ공급계약체결,2026-03-31,KOSPI,16550.0,17160.0,16810.0,16670.0,0.036858006042296054,0.015709969788519684,0.007250755287009136,
69667,20260331802567,00361488,텔코웨어,078000,단일판매ㆍ공급계약체결,2026-03-31,KOSPI,16550.0,17160.0,16810.0,16670.0,0.036858006042296054,0.015709969788519684,0.007250755287009136,
113899,20260623800537,00361488,텔코웨어,078000,단일판매ㆍ공급계약체결,2026-06-23,KOSPI,12870.0,13040.0,12920.0,,0.013209013209013243,0.0038850038850037905,,
113864,20260623800574,00361488,텔코웨어,078000,단일판매ㆍ공급계약체결,2026-06-23,KOSPI,12870.0,13040.0,12920.0,,0.013209013209013243,0.0038850038850037905,,
552846,20241120900110,01563922,엠오티,413390,단일판매ㆍ공급계약체결(자율공시),2024-11-20,KOSDAQ,7770.0,7330.0,7310.0,7460.0,-0.05662805662805659,-0.05920205920205923,-0.039897039897039854,
551623,20241122900157,01563922,엠오티,413390,단일판매ㆍ공급계약체결,2024-11-22,KOSDAQ,7310.0,7360.0,7710.0,7460.0,0.0068399452804377425,0.05471956224350216,0.020519835841313228,
523480,20250113900228,01563922,엠오티,413390,단일판매ㆍ공급계약체결,2025-01-13,KOSDAQ,6350.0,6220.0,6050.0,6110.0,-0.020472440944881876,-0.047244094488189003,-0.03779527559055118,
369615,20250711900085,01563922,엠오티,413390,단일판매ㆍ공급계약체결,2025-07-11,KOSDAQ,7060.0,7110.0,7210.0,7250.0,0.007082152974504208,0.021246458923512845,0.026912181303116123,
339087,20250902900113,01563922,엠오티,413390,단일판매ㆍ공급계약체결,2025-09-02,KOSDAQ,6790.0,6780.0,6850.0,6940.0,-0.0014727540500736325,0.008836524300441795,0.022091310751104487,
276945,20260107900342,01563922,엠오티,413390,단일판매ㆍ공급계약체결,2026-01-07,KOSDAQ,7390.0,7260.0,7170.0,7640.0,-0.017591339648173165,-0.02976995940460081,0.03382949932341006,
24540,20260422900308,01563922,엠오티,413390,단일판매ㆍ공급계약체결,2026-04-22,KOSDAQ,10370.0,9790.0,9710.0,9500.0,-0.055930568948891035,-0.06364513018322082,-0.0838958534233365,
5854,20260518900351,01563922,엠오티,413390,단일판매ㆍ공급계약체결,2026-05-18,KOSDAQ,8020.0,7760.0,7420.0,7710.0,-0.032418952618453845,-0.07481296758104738,-0.03865336658354113,
552292,20241121900133,00604815,에스디시스템,121890,단일판매ㆍ공급계약체결,2024-11-21,KOSDAQ,1150.0,1078.0,1096.0,1115.0,-0.06260869565217386,-0.04695652173913045,-0.0304347826086957,
393367,20250527900468,00604815,에스디시스템,121890,단일판매ㆍ공급계약체결,2025-05-27,KOSDAQ,1861.0,1890.0,1840.0,1776.0,0.0155830198817839,-0.011284255776464303,-0.04567436861902208,
551018,20241125800116,00145163,파미셀,005690,단일판매ㆍ공급계약체결,2024-11-25,KOSPI,4950.0,4905.0,4850.0,4600.0,-0.009090909090909038,-0.02020202020202022,-0.07070707070707072,
546228,20241129800224,00145163,파미셀,005690,단일판매ㆍ공급계약체결(자율공시),2024-11-29,KOSPI,4735.0,4600.0,4725.0,5170.0,-0.028511087645195388,-0.002111932418162654,0.09186906019007401,
542821,20241206800033,00145163,파미셀,005690,단일판매ㆍ공급계약체결,2024-12-06,KOSPI,5170.0,5310.0,6010.0,7210.0,0.027079303675048294,0.1624758220502902,0.39458413926499025,
412600,20250422800218,00145163,파미셀,005690,단일판매ㆍ공급계약체결,2025-04-22,KOSPI,9960.0,10180.0,10050.0,10370.0,0.02208835341365467,0.009036144578313143,0.04116465863453822,
407458,20250430800240,00145163,파미셀,005690,단일판매ㆍ공급계약체결,2025-04-30,KOSPI,10550.0,11600.0,11120.0,10970.0,0.09952606635071093,0.05402843601895735,0.03981042654028433,
347188,20250821800154,00145163,파미셀,005690,단일판매ㆍ공급계약체결,2025-08-21,KOSPI,10780.0,10840.0,10840.0,10890.0,0.005565862708719838,0.005565862708719838,0.010204081632652962,
331279,20250923800118,00145163,파미셀,005690,단일판매ㆍ공급계약체결,2025-09-23,KOSPI,12650.0,12180.0,12310.0,11880.0,-0.037154150197628466,-0.02687747035573118,-0.060869565217391286,
325440,20251002800326,00145163,파미셀,005690,단일판매ㆍ공급계약체결,2025-10-02,KOSPI,12250.0,12610.0,12470.0,12420.0,0.029387755102040725,0.01795918367346938,0.013877551020408108,
318465,20251028800089,00145163,파미셀,005690,단일판매ㆍ공급계약체결,2025-10-28,KOSPI,16400.0,18560.0,17250.0,18290.0,0.13170731707317063,0.05182926829268286,0.11524390243902438,
250304,20260219800088,00145163,파미셀,005690,단일판매ㆍ공급계약체결,2026-02-19,KOSPI,17250.0,17120.0,18850.0,17230.0,-0.007536231884057942,0.09275362318840585,-0.001159420289855051,
14395,20260508800087,00145163,파미셀,005690,단일판매ㆍ공급계약체결,2026-05-08,KOSPI,19320.0,18260.0,18170.0,17130.0,-0.054865424430641796,-0.059523809523809534,-0.11335403726708071,
651,20260527800119,00145163,파미셀,005690,단일판매ㆍ공급계약체결,2026-05-27,KOSPI,16050.0,15360.0,15000.0,14370.0,-0.04299065420560744,-0.06542056074766356,-0.10467289719626172,
550951,20241125900209,01344336,신테카바이오,226330,단일판매ㆍ공급계약체결,2024-11-25,KOSDAQ,5982.0,5514.0,5464.0,5397.0,-0.07823470411233702,-0.0865931126713474,-0.09779338014042127,
533981,20241219900145,01344336,신테카바이오,226330,단일판매ㆍ공급계약체결,2024-12-19,KOSDAQ,5179.0,4677.0,4736.0,4292.0,-0.09692990924888978,-0.08553774860011587,-0.17126858466885497,
510406,20250211900485,01344336,신테카바이오,226330,단일판매ㆍ공급계약체결,2025-02-11,KOSDAQ,7162.0,6627.0,6669.0,7196.0,-0.07469980452387603,-0.0688355208042446,0.004747277296844432,
287666,20251217900256,01344336,신테카바이오,226330,단일판매ㆍ공급계약체결,2025-12-17,KOSDAQ,3900.0,3820.0,4075.0,4000.0,-0.02051282051282055,0.044871794871794934,0.02564102564102555,
550628,20241126800044,00149655,삼성물산,028260,단일판매ㆍ공급계약체결,2024-11-26,KOSPI,124400.0,124700.0,124600.0,124200.0,0.002411575562700996,0.001607717041800738,-0.001607717041800627,
366562,20250718800568,00149655,삼성물산,028260,단일판매ㆍ공급계약체결,2025-07-18,KOSPI,174400.0,174200.0,170200.0,168600.0,-0.0011467889908256534,-0.0240825688073395,-0.03325688073394495,
361856,20250730800631,00149655,삼성물산,028260,단일판매ㆍ공급계약체결,2025-07-30,KOSPI,175500.0,168500.0,161700.0,162900.0,-0.03988603988603989,-0.07863247863247869,-0.07179487179487176,
361029,20250731800651,00149655,삼성물산,028260,단일판매ㆍ공급계약체결,2025-07-31,KOSPI,168500.0,161700.0,161700.0,165100.0,-0.04035608308605343,-0.04035608308605343,-0.020178041543026715,
324127,20251013800557,00149655,삼성물산,028260,단일판매ㆍ공급계약체결,2025-10-13,KOSPI,201500.0,194800.0,206000.0,208000.0,-0.033250620347394566,0.022332506203474045,0.032258064516129004,
291031,20251212801312,00149655,삼성물산,028260,단일판매ㆍ공급계약체결,2025-12-12,KOSPI,255000.0,246500.0,243000.0,249000.0,-0.033333333333333326,-0.04705882352941182,-0.02352941176470591,
284866,20251223800010,00149655,삼성물산,028260,단일판매ㆍ공급계약체결,2025-12-23,KOSPI,240500.0,240000.0,240500.0,245000.0,-0.0020790020790020236,0.0,0.018711018711018657,
97872,20260312801732,00149655,삼성물산,028260,단일판매ㆍ공급계약체결,2026-03-12,KOSPI,280500.0,280500.0,278500.0,291000.0,0.0,-0.007130124777183555,0.03743315508021383,
81084,20260326800003,00149655,삼성물산,028260,단일판매ㆍ공급계약체결,2026-03-26,KOSPI,278000.0,269000.0,259500.0,264000.0,-0.03237410071942448,-0.06654676258992809,-0.05035971223021585,
550217,20241126800282,01311408,에코프로머티,450080,단일판매ㆍ공급계약체결,2024-11-26,KOSPI,91600.0,90200.0,91100.0,81000.0,-0.015283842794759805,-0.00545851528384278,-0.11572052401746724,
550204,20241126900331,00536541,에코프로,086520,단일판매ㆍ공급계약체결(자회사의 주요경영사항),2024-11-26,KOSDAQ,77893.0,76912.0,78874.0,72399.0,-0.012594199735534661,0.01259419973553455,-0.07053265376863138,
74237,20260330901242,00536541,에코프로,086520,단일판매ㆍ공급계약체결(자회사의 주요경영사항),2026-03-30,KOSDAQ,146700.0,139500.0,149100.0,143000.0,-0.049079754601227044,0.01635991820040905,-0.025221540558963862,
549760,20241127900048,00407294,유라클,088340,단일판매ㆍ공급계약체결,2024-11-27,KOSDAQ,10130.0,10470.0,10360.0,9650.0,0.033563672260612076,0.022704837117472954,-0.04738400789733466,
547465,20241128900804,01142075,핑거,163730,단일판매ㆍ공급계약체결(자율공시),2024-11-28,KOSDAQ,10630.0,11200.0,10920.0,9670.0,0.05362182502351831,0.027281279397930458,-0.09031044214487305,
519037,20250123900147,01142075,핑거,163730,단일판매ㆍ공급계약체결,2025-01-23,KOSDAQ,8390.0,8360.0,8460.0,8670.0,-0.0035756853396901045,0.008343265792610355,0.033373063170440975,
258972,20260206902073,01142075,핑거,163730,단일판매ㆍ공급계약체결,2026-02-06,KOSDAQ,11630.0,12140.0,12190.0,11940.0,0.043852106620808184,0.04815133276010308,0.02665520206362859,
545875,20241129900298,01689266,케이쓰리아이,431190,단일판매ㆍ공급계약체결,2024-11-29,KOSDAQ,5060.0,4880.0,5010.0,4600.0,-0.035573122529644285,-0.00988142292490124,-0.09090909090909094,
371687,20250707900245,01689266,케이쓰리아이,431190,단일판매ㆍ공급계약체결(자율공시),2025-07-07,KOSDAQ,5090.0,5250.0,5340.0,5190.0,0.03143418467583503,0.04911591355599221,0.01964636542239684,
366634,20250718900512,01689266,케이쓰리아이,431190,단일판매ㆍ공급계약체결(자율공시),2025-07-18,KOSDAQ,5120.0,5170.0,5050.0,4860.0,0.009765625,-0.013671875,-0.05078125,
366254,20250721900182,01689266,케이쓰리아이,431190,단일판매ㆍ공급계약체결,2025-07-21,KOSDAQ,5170.0,5050.0,5040.0,4850.0,-0.023210831721469982,-0.025145067698259194,-0.061895551257253434,
359566,20250804900049,01689266,케이쓰리아이,431190,단일판매ㆍ공급계약체결(자율공시),2025-08-04,KOSDAQ,4735.0,4825.0,4845.0,4800.0,0.019007391763463666,0.023231256599788752,0.01372756071805692,
331627,20250922900137,01689266,케이쓰리아이,431190,단일판매ㆍ공급계약체결(자율공시),2025-09-22,KOSDAQ,5090.0,4890.0,5500.0,5460.0,-0.03929273084479368,0.08055009823182702,0.07269155206286837,
274989,20260112900189,01689266,케이쓰리아이,431190,단일판매ㆍ공급계약체결(자율공시),2026-01-12,KOSDAQ,5440.0,5370.0,5230.0,5570.0,-0.012867647058823484,-0.03860294117647056,0.023897058823529438,
545125,20241129900765,01228515,앱튼,270520,단일판매ㆍ공급계약체결,2024-11-29,KOSDAQ,16450.0,17250.0,19940.0,17240.0,0.04863221884498481,0.21215805471124627,0.04802431610942248,
395236,20250522900271,01228515,앱튼,270520,단일판매ㆍ공급계약체결,2025-05-22,KOSDAQ,11660.0,11430.0,11430.0,11640.0,-0.019725557461406473,-0.019725557461406473,-0.0017152658662092923,
361147,20250731900496,01228515,앱튼,270520,단일판매ㆍ공급계약체결,2025-07-31,KOSDAQ,13790.0,13190.0,13010.0,12920.0,-0.043509789702683155,-0.056562726613488046,-0.06308919506889055,
544909,20241202800060,00105855,엘에스일렉트릭,010120,단일판매ㆍ공급계약체결,2024-12-02,KOSPI,29060.0,31220.0,30640.0,28720.0,0.07432897453544385,0.054370268410185885,-0.0116999311768754,
475515,20250318800092,00105855,엘에스일렉트릭,010120,단일판매ㆍ공급계약체결,2025-03-18,KOSPI,41800.0,41900.0,40700.0,38240.0,0.0023923444976077235,-0.02631578947368418,-0.08516746411483256,
371389,20250708800087,00105855,엘에스일렉트릭,010120,단일판매ㆍ공급계약체결,2025-07-08,KOSPI,53900.0,54500.0,55600.0,55600.0,0.011131725417439675,0.03153988868274582,0.03153988868274582,
312590,20251110800106,00105855,엘에스일렉트릭,010120,단일판매ㆍ공급계약체결,2025-11-10,KOSPI,95600.0,98300.0,97800.0,94000.0,0.028242677824267703,0.023012552301255207,-0.01673640167364021,
302307,20251126800086,00105855,엘에스일렉트릭,010120,단일판매ㆍ공급계약체결,2025-11-26,KOSPI,89700.0,93400.0,92000.0,95700.0,0.04124860646599782,0.02564102564102555,0.06688963210702337,
254979,20260211801720,00105855,엘에스일렉트릭,010120,단일판매ㆍ공급계약체결(자율공시),2026-02-11,KOSPI,133400.0,134200.0,132200.0,144400.0,0.0059970014992503096,-0.008995502248875575,0.08245877061469264,
254969,20260211801733,00105855,엘에스일렉트릭,010120,단일판매ㆍ공급계약체결(자율공시),2026-02-11,KOSPI,133400.0,134200.0,132200.0,144400.0,0.0059970014992503096,-0.008995502248875575,0.08245877061469264,
31768,20260413800743,00105855,엘에스일렉트릭,010120,단일판매ㆍ공급계약체결,2026-04-13,KOSPI,179200.0,185600.0,186800.0,184200.0,0.03571428571428581,0.04241071428571419,0.02790178571428581,
20217,20260429800110,00105855,엘에스일렉트릭,010120,단일판매ㆍ공급계약체결,2026-04-29,KOSPI,273000.0,278000.0,294000.0,313000.0,0.01831501831501825,0.07692307692307687,0.14652014652014644,
544881,20241202800063,00105952,LS,006260,단일판매ㆍ공급계약체결(자회사의 주요경영사항),2024-12-02,KOSPI,89800.0,95100.0,92500.0,85700.0,0.059020044543429906,0.030066815144766057,-0.04565701559020041,
540770,20241211800170,00105952,LS,006260,단일판매ㆍ공급계약체결(자회사의 주요경영사항),2024-12-11,KOSPI,92500.0,92100.0,95000.0,97500.0,-0.00432432432432428,0.027027027027026973,0.054054054054053946,
475512,20250318800104,00105952,LS,006260,단일판매ㆍ공급계약체결(자회사의 주요경영사항),2025-03-18,KOSPI,122800.0,118000.0,123300.0,113400.0,-0.039087947882736174,0.004071661237784907,-0.07654723127035834,
425017,20250410800483,00105952,LS,006260,단일판매ㆍ공급계약체결(자회사의 주요경영사항),2025-04-10,KOSPI,106400.0,114800.0,120300.0,125000.0,0.07894736842105265,0.130639097744361,0.17481203007518786,
371384,20250708800091,00105952,LS,006260,단일판매ㆍ공급계약체결(자회사의 주요경영사항),2025-07-08,KOSPI,184200.0,191100.0,188500.0,187300.0,0.037459283387622166,0.023344191096634104,0.016829533116178075,
371340,20250708800143,00105952,LS,006260,단일판매ㆍ공급계약체결(자회사의 주요경영사항),2025-07-08,KOSPI,184200.0,191100.0,188500.0,187300.0,0.037459283387622166,0.023344191096634104,0.016829533116178075,
312586,20251110800109,00105952,LS,006260,단일판매ㆍ공급계약체결(자회사의 주요경영사항),2025-11-10,KOSPI,214500.0,215500.0,213500.0,201000.0,0.004662004662004726,-0.004662004662004615,-0.06293706293706292,
302297,20251126800110,00105952,LS,006260,단일판매ㆍ공급계약체결(자회사의 주요경영사항),2025-11-26,KOSPI,178500.0,182100.0,178900.0,180200.0,0.020168067226890685,0.0022408963585434094,0.00952380952380949,
256846,20260210800720,00105952,LS,006260,단일판매ㆍ공급계약체결(자회사의 주요경영사항),2026-02-10,KOSPI,218500.0,233000.0,250500.0,255500.0,0.06636155606407312,0.14645308924485123,0.16933638443935917,
256816,20260210800738,00105952,LS,006260,단일판매ㆍ공급계약체결(자회사의 주요경영사항),2026-02-10,KOSPI,218500.0,233000.0,250500.0,255500.0,0.06636155606407312,0.14645308924485123,0.16933638443935917,
31730,20260413800757,00105952,LS,006260,단일판매ㆍ공급계약체결(자회사의 주요경영사항),2026-04-13,KOSPI,293500.0,301500.0,343500.0,332000.0,0.027257240204429323,0.17035775127768304,0.131175468483816,
20214,20260429800125,00105952,LS,006260,단일판매ㆍ공급계약체결(자회사의 주요경영사항),2026-04-29,KOSPI,418500.0,453000.0,509000.0,543000.0,0.08243727598566308,0.2162485065710873,0.29749103942652333,
544565,20241202800403,00115977,아이에스동서,010780,단일판매ㆍ공급계약체결,2024-12-02,KOSPI,21900.0,22000.0,21300.0,19860.0,0.004566210045662045,-0.0273972602739726,-0.0931506849315068,
409614,20250428800145,00115977,아이에스동서,010780,단일판매ㆍ공급계약체결,2025-04-28,KOSPI,18580.0,18340.0,18130.0,18960.0,-0.012917115177610294,-0.0242195909580194,0.020452099031216253,
366670,20250718800463,00115977,아이에스동서,010780,단일판매ㆍ공급계약체결,2025-07-18,KOSPI,21000.0,21250.0,21350.0,20700.0,0.011904761904761862,0.016666666666666607,-0.014285714285714235,
309256,20251114800397,00115977,아이에스동서,010780,단일판매ㆍ공급계약체결,2025-11-14,KOSPI,18380.0,18230.0,17800.0,18000.0,-0.008161044613710589,-0.031556039173014194,-0.020674646354733373,
13170,20260511800284,00115977,아이에스동서,010780,단일판매ㆍ공급계약체결,2026-05-11,KOSPI,25100.0,24050.0,27350.0,30200.0,-0.041832669322709126,0.08964143426294813,0.20318725099601598,
544448,20241202800566,00972503,일진하이솔루스,271940,단일판매ㆍ공급계약체결,2024-12-02,KOSPI,18000.0,18180.0,17800.0,16140.0,0.010000000000000009,-0.011111111111111072,-0.10333333333333339,
544411,20241202800632,00219486,신세계I&C,035510,단일판매ㆍ공급계약체결,2024-12-02,KOSPI,8790.0,8960.0,8800.0,8180.0,0.019340159271899804,0.0011376564277587597,-0.06939704209328779,
394859,20250523800251,00219486,신세계I&C,035510,단일판매ㆍ공급계약체결,2025-05-23,KOSPI,11900.0,12350.0,13120.0,13440.0,0.037815126050420256,0.10252100840336142,0.12941176470588234,
248356,20260223800627,00219486,신세계I&C,035510,단일판매ㆍ공급계약체결,2026-02-23,KOSPI,18600.0,18140.0,18430.0,16540.0,-0.02473118279569897,-0.009139784946236573,-0.11075268817204298,
544431,20241202900639,01021949,덱스터,206560,단일판매ㆍ공급계약체결(자율공시),2024-12-02,KOSDAQ,8320.0,8320.0,7940.0,6060.0,0.0,-0.04567307692307687,-0.2716346153846154,
366802,20250718900286,01021949,덱스터,206560,단일판매ㆍ공급계약체결,2025-07-18,KOSDAQ,6050.0,6160.0,5980.0,5750.0,0.018181818181818077,-0.011570247933884281,-0.04958677685950408,
543999,20241203800532,00362441,현대오토에버,307950,단일판매ㆍ공급계약체결,2024-12-03,KOSPI,134200.0,131800.0,131200.0,130600.0,-0.01788375558867361,-0.02235469448584204,-0.026825633383010472,
361139,20250731800497,00362441,현대오토에버,307950,단일판매ㆍ공급계약체결,2025-07-31,KOSPI,154100.0,148700.0,148600.0,150500.0,-0.0350421804023362,-0.035691109669046095,-0.02336145360155739,
299687,20251128800125,00362441,현대오토에버,307950,단일판매ㆍ공급계약체결,2025-11-28,KOSPI,202000.0,196800.0,233500.0,283500.0,-0.025742574257425765,0.15594059405940586,0.4034653465346534,
543987,20241203900566,00994994,나노,187790,단일판매ㆍ공급계약체결,2024-12-03,KOSDAQ,1125.0,1125.0,1125.0,1125.0,0.0,0.0,0.0,
367055,20250718900024,00994994,나노,187790,단일판매ㆍ공급계약체결(자율공시),2025-07-18,KOSDAQ,1648.0,1698.0,1711.0,1854.0,0.03033980582524265,0.038228155339805836,0.125,
543644,20241204800388,00106119,금양,001570,단일판매ㆍ공급계약체결,2024-12-04,KOSPI,25700.0,25650.0,24350.0,20800.0,-0.0019455252918287869,-0.05252918287937747,-0.19066147859922178,
543852,20241204900116,01160974,바이오에프디엔씨,251120,단일판매ㆍ공급계약체결,2024-12-04,KOSDAQ,14110.0,13900.0,13360.0,13760.0,-0.014883061658398256,-0.05315379163713674,-0.024805102763997167,
543337,20241205900132,00533003,디케이락,105740,단일판매ㆍ공급계약체결(자율공시),2024-12-05,KOSDAQ,6570.0,6520.0,6080.0,6870.0,-0.007610350076103556,-0.07458143074581436,0.04566210045662111,
372949,20250703900059,00533003,디케이락,105740,단일판매ㆍ공급계약체결,2025-07-03,KOSDAQ,8200.0,8020.0,8000.0,8160.0,-0.02195121951219514,-0.024390243902439046,-0.004878048780487809,
542819,20241206800034,00160588,한화,000880,단일판매ㆍ공급계약체결,2024-12-06,KOSPI,27750.0,26300.0,27550.0,27450.0,-0.052252252252252274,-0.007207207207207245,-0.010810810810810811,
542146,20241209800053,00109286,대동,000490,단일판매ㆍ공급계약체결,2024-12-09,KOSPI,9690.0,10790.0,10710.0,10390.0,0.11351909184726527,0.10526315789473695,0.07223942208462342,
541721,20241209800642,00131832,SK디스커버리,006120,단일판매ㆍ공급계약체결(자회사의 주요경영사항),2024-12-09,KOSPI,37150.0,40200.0,40750.0,39250.0,0.08209959623149388,0.09690444145356669,0.05652759084791392,
490304,20250304800983,00131832,SK디스커버리,006120,단일판매ㆍ공급계약체결(자회사의 주요경영사항),2025-03-04,KOSPI,34550.0,37800.0,38200.0,38150.0,0.09406657018813314,0.1056439942112879,0.10419681620839372,
83213,20260324801343,00131832,SK디스커버리,006120,단일판매ㆍ공급계약체결(자회사의 주요경영사항),2026-03-24,KOSPI,59000.0,59500.0,55400.0,51000.0,0.008474576271186418,-0.06101694915254241,-0.13559322033898302,
54102,20260403801446,00131832,SK디스커버리,006120,단일판매ㆍ공급계약체결(자회사의 주요경영사항),2026-04-03,KOSPI,51600.0,51200.0,51600.0,59100.0,-0.007751937984496138,0.0,0.14534883720930236,
542134,20241209900082,01588189,씨메스로보틱스,475400,단일판매ㆍ공급계약체결,2024-12-09,KOSDAQ,17870.0,18650.0,18000.0,21200.0,0.04364857302742031,0.007274762171236793,0.18634583100167879,
499761,20250224900185,01588189,씨메스로보틱스,475400,단일판매ㆍ공급계약체결(자율공시),2025-02-24,KOSDAQ,33350.0,33000.0,32000.0,29300.0,-0.010494752623688153,-0.040479760119940034,-0.1214392803598201,
374007,20250701900352,01588189,씨메스로보틱스,475400,단일판매ㆍ공급계약체결,2025-07-01,KOSDAQ,24350.0,23650.0,23550.0,22500.0,-0.028747433264887046,-0.03285420944558526,-0.07597535934291577,
367581,20250717900077,01588189,씨메스로보틱스,475400,단일판매ㆍ공급계약체결,2025-07-17,KOSDAQ,22900.0,22550.0,23150.0,21700.0,-0.015283842794759805,0.01091703056768556,-0.05240174672489084,
361547,20250731900094,01588189,씨메스로보틱스,475400,단일판매ㆍ공급계약체결,2025-07-31,KOSDAQ,21250.0,20300.0,20700.0,21900.0,-0.04470588235294115,-0.025882352941176467,0.030588235294117583,
297095,20251201900577,01588189,씨메스로보틱스,475400,단일판매ㆍ공급계약체결,2025-12-01,KOSDAQ,32550.0,32350.0,34200.0,34550.0,-0.006144393241167445,0.05069124423963123,0.06144393241167445,
15184,20260507900146,01588189,씨메스로보틱스,475400,단일판매ㆍ공급계약체결,2026-05-07,KOSDAQ,33600.0,37550.0,34650.0,31850.0,0.11755952380952372,0.03125,-0.05208333333333337,
13080,20260511900360,01588189,씨메스로보틱스,475400,단일판매ㆍ공급계약체결,2026-05-11,KOSDAQ,34650.0,31850.0,32600.0,30750.0,-0.08080808080808077,-0.059163059163059195,-0.11255411255411252,
117902,20260615900184,01588189,씨메스로보틱스,475400,단일판매ㆍ공급계약체결,2026-06-15,KOSDAQ,25700.0,24650.0,24250.0,20800.0,-0.040856031128404635,-0.05642023346303504,-0.19066147859922178,
113572,20260624900397,01588189,씨메스로보틱스,475400,단일판매ㆍ공급계약체결,2026-06-24,KOSDAQ,20500.0,19700.0,18520.0,,-0.039024390243902474,-0.09658536585365851,,
542112,20241209900124,00642541,제이에스링크,127120,단일판매ㆍ공급계약체결,2024-12-09,KOSDAQ,4000.0,4045.0,4080.0,4195.0,0.011249999999999982,0.020000000000000018,0.04875000000000007,
402573,20250513900255,00642541,제이에스링크,127120,단일판매ㆍ공급계약체결,2025-05-13,KOSDAQ,9390.0,8470.0,8340.0,8860.0,-0.09797657082002131,-0.11182108626198084,-0.056443024494142735,
11298,20260513900735,00642541,제이에스링크,127120,단일판매ㆍ공급계약체결,2026-05-13,KOSDAQ,40400.0,40500.0,35600.0,36550.0,0.0024752475247524774,-0.1188118811881188,-0.09529702970297027,
542111,20241209900126,00261373,마크로젠,038290,단일판매ㆍ공급계약체결,2024-12-09,KOSDAQ,14700.0,15590.0,16210.0,16800.0,0.06054421768707474,0.1027210884353742,0.1428571428571428,
542072,20241209900179,00407814,CG인바이츠,083790,단일판매ㆍ공급계약체결,2024-12-09,KOSDAQ,2400.0,2410.0,2430.0,2520.0,0.004166666666666652,0.012499999999999956,0.050000000000000044,
541411,20241210800298,00414850,효성 ITX,094280,단일판매ㆍ공급계약체결,2024-12-10,KOSPI,12160.0,12300.0,12320.0,12460.0,0.011513157894736947,0.013157894736842035,0.024671052631578982,
540820,20241211900119,00415707,엔텔스,069410,단일판매ㆍ공급계약체결,2024-12-11,KOSDAQ,3530.0,3675.0,3665.0,3890.0,0.04107648725212454,0.0382436260623229,0.10198300283286121,
522043,20250116900081,00415707,엔텔스,069410,단일판매ㆍ공급계약체결,2025-01-16,KOSDAQ,3990.0,3880.0,3870.0,3955.0,-0.027568922305764465,-0.03007518796992481,-0.00877192982456143,
540575,20241211900379,01573336,토모큐브,475960,단일판매ㆍ공급계약체결,2024-12-11,KOSDAQ,13980.0,14540.0,14670.0,14800.0,0.0400572246065809,0.04935622317596566,0.05865522174535043,
539833,20241212800261,00134477,SNT다이내믹스,003570,단일판매ㆍ공급계약체결,2024-12-12,KOSPI,18160.0,19110.0,18580.0,18370.0,0.052312775330396466,0.02312775330396466,0.01156387665198233,
516249,20250203800261,00134477,SNT다이내믹스,003570,단일판매ㆍ공급계약체결,2025-02-03,KOSPI,22850.0,23900.0,24800.0,25900.0,0.045951859956236296,0.08533916849015322,0.1334792122538293,
407674,20250430800076,00134477,SNT다이내믹스,003570,단일판매ㆍ공급계약체결,2025-04-30,KOSPI,33150.0,33550.0,34350.0,33600.0,0.012066365007541435,0.03619909502262453,0.013574660633484115,
86398,20260323800077,00134477,SNT다이내믹스,003570,단일판매ㆍ공급계약체결,2026-03-23,KOSPI,48050.0,47400.0,50800.0,49750.0,-0.013527575442247697,0.05723204994797082,0.03537981269510926,
539918,20241212900143,00131504,서한,011370,단일판매ㆍ공급계약체결,2024-12-12,KOSDAQ,817.0,836.0,858.0,896.0,0.023255813953488413,0.05018359853121179,0.0966952264381884,
515567,20250204900281,00131504,서한,011370,단일판매ㆍ공급계약체결,2025-02-04,KOSDAQ,800.0,790.0,796.0,800.0,-0.012499999999999956,-0.0050000000000000044,0.0,
444489,20250403900152,00131504,서한,011370,단일판매ㆍ공급계약체결,2025-04-03,KOSDAQ,790.0,810.0,848.0,844.0,0.025316455696202445,0.07341772151898729,0.06835443037974676,
411835,20250423900472,00131504,서한,011370,단일판매ㆍ공급계약체결(자율공시),2025-04-23,KOSDAQ,866.0,870.0,869.0,846.0,0.004618937644341736,0.0034642032332563577,-0.023094688221709014,
411082,20250424900728,00131504,서한,011370,단일판매ㆍ공급계약체결,2025-04-24,KOSDAQ,870.0,869.0,858.0,845.0,-0.0011494252873562871,-0.01379310344827589,-0.028735632183908066,
385379,20250605900573,00131504,서한,011370,단일판매ㆍ공급계약체결,2025-06-05,KOSDAQ,914.0,927.0,920.0,905.0,0.01422319474835887,0.006564551422319376,-0.009846827133479175,
286452,20251218900737,00131504,서한,011370,단일판매ㆍ공급계약체결,2025-12-18,KOSDAQ,925.0,936.0,940.0,934.0,0.011891891891891992,0.016216216216216273,0.00972972972972963,
280876,20251230900242,00131504,서한,011370,단일판매ㆍ공급계약체결(자율공시),2025-12-30,KOSDAQ,902.0,902.0,884.0,865.0,0.0,-0.019955654101995512,-0.04101995565410199,
279295,20251231900762,00131504,서한,011370,단일판매ㆍ공급계약체결,2025-12-31,KOSDAQ,902.0,884.0,877.0,871.0,-0.019955654101995512,-0.027716186252771613,-0.03436807095343686,
245962,20260225900775,00131504,서한,011370,단일판매ㆍ공급계약체결(자율공시),2026-02-25,KOSDAQ,1217.0,1185.0,1136.0,1055.0,-0.0262941659819228,-0.06655710764174194,-0.133114215283484,
2625,20260526900248,00131504,서한,011370,단일판매ㆍ공급계약체결,2026-05-26,KOSDAQ,952.0,917.0,921.0,867.0,-0.03676470588235292,-0.03256302521008403,-0.0892857142857143,
538531,20241213900502,00410997,누리플랜,069140,단일판매ㆍ공급계약체결(자율공시),2024-12-13,KOSDAQ,1326.0,1379.0,1323.0,1366.0,0.039969834087481226,-0.002262443438914019,0.030165912518853588,
246593,20260225900092,00410997,누리플랜,069140,단일판매ㆍ공급계약체결,2026-02-25,KOSDAQ,2440.0,2300.0,2185.0,2115.0,-0.05737704918032782,-0.10450819672131151,-0.13319672131147542,
537236,20241213901974,01678312,아이빔테크놀로지,460470,단일판매ㆍ공급계약체결,2024-12-13,KOSDAQ,4115.0,4325.0,4665.0,4035.0,0.051032806804374164,0.13365735115431354,-0.019441069258809285,
412054,20250423900183,01678312,아이빔테크놀로지,460470,단일판매ㆍ공급계약체결,2025-04-23,KOSDAQ,3820.0,3770.0,3780.0,3580.0,-0.01308900523560208,-0.010471204188481686,-0.06282722513089001,
392941,20250528900164,01678312,아이빔테크놀로지,460470,단일판매ㆍ공급계약체결,2025-05-28,KOSDAQ,3485.0,3490.0,3450.0,3430.0,0.0014347202295552641,-0.010043041606886627,-0.015781922525107572,
360340,20250801900411,01678312,아이빔테크놀로지,460470,단일판매ㆍ공급계약체결,2025-08-01,KOSDAQ,3255.0,3265.0,3325.0,3400.0,0.003072196620583778,0.021505376344086002,0.044546850998463894,
335704,20250910900539,01678312,아이빔테크놀로지,460470,단일판매ㆍ공급계약체결,2025-09-10,KOSDAQ,3045.0,3085.0,3080.0,3030.0,0.013136288998357948,0.011494252873563315,-0.0049261083743842304,
319016,20251027900103,01678312,아이빔테크놀로지,460470,단일판매ㆍ공급계약체결,2025-10-27,KOSDAQ,3325.0,3345.0,3490.0,3120.0,0.006015037593984918,0.049624060150375904,-0.06165413533834585,
289256,20251216900339,01678312,아이빔테크놀로지,460470,단일판매ㆍ공급계약체결,2025-12-16,KOSDAQ,3010.0,3160.0,3080.0,3025.0,0.04983388704318936,0.023255813953488413,0.004983388704318914,
247378,20260224900404,01678312,아이빔테크놀로지,460470,단일판매ㆍ공급계약체결,2026-02-24,KOSDAQ,3545.0,3645.0,3800.0,2880.0,0.028208744710860323,0.07193229901269405,-0.18758815232722148,
72295,20260331900518,01678312,아이빔테크놀로지,460470,단일판매ㆍ공급계약체결,2026-03-31,KOSDAQ,3275.0,3475.0,3210.0,3120.0,0.06106870229007644,-0.01984732824427482,-0.047328244274809195,
64639,20260401900611,01678312,아이빔테크놀로지,460470,단일판매ㆍ공급계약체결,2026-04-01,KOSDAQ,3475.0,3210.0,3270.0,3225.0,-0.07625899280575543,-0.05899280575539567,-0.07194244604316546,
2653,20260526900207,01678312,아이빔테크놀로지,460470,단일판매ㆍ공급계약체결,2026-05-26,KOSDAQ,4500.0,4335.0,3805.0,3740.0,-0.036666666666666625,-0.1544444444444445,-0.16888888888888887,
117729,20260615900440,01678312,아이빔테크놀로지,460470,단일판매ㆍ공급계약체결,2026-06-15,KOSDAQ,4100.0,4065.0,4200.0,3905.0,-0.008536585365853666,0.024390243902439046,-0.04756097560975614,
535411,20241217800096,00173944,우진,105840,단일판매ㆍ공급계약체결(자율공시),2024-12-17,KOSPI,6560.0,6580.0,6440.0,6590.0,0.0030487804878047697,-0.018292682926829285,0.004573170731707377,
376227,20250627800289,00173944,우진,105840,단일판매ㆍ공급계약체결,2025-06-27,KOSPI,11370.0,10990.0,10610.0,9670.0,-0.033421284080914715,-0.06684256816182943,-0.14951627088830255,
341551,20250829800120,00173944,우진,105840,단일판매ㆍ공급계약체결,2025-08-29,KOSPI,11090.0,10590.0,10730.0,11430.0,-0.04508566275924253,-0.0324616771866546,0.030658250676284915,
312512,20251110800209,00173944,우진,105840,단일판매ㆍ공급계약체결,2025-11-10,KOSPI,14000.0,13370.0,13400.0,14940.0,-0.04500000000000004,-0.042857142857142816,0.06714285714285717,
305019,20251120800098,00173944,우진,105840,단일판매ㆍ공급계약체결,2025-11-20,KOSPI,15200.0,14080.0,14130.0,16300.0,-0.0736842105263158,-0.07039473684210529,0.07236842105263164,
243985,20260226800576,00173944,우진,105840,단일판매ㆍ공급계약체결,2026-02-26,KOSPI,26200.0,25350.0,22950.0,23250.0,-0.03244274809160308,-0.12404580152671751,-0.11259541984732824,
82302,20260325800420,00173944,우진,105840,단일판매ㆍ공급계약체결,2026-03-25,KOSPI,27050.0,25400.0,24400.0,24650.0,-0.060998151571164505,-0.0979667282809612,-0.08872458410351203,
116540,20260617800388,00173944,우진,105840,단일판매ㆍ공급계약체결,2026-06-17,KOSPI,20050.0,19050.0,18570.0,16580.0,-0.04987531172069826,-0.07381546134663342,-0.1730673316708229,
535214,20241217900355,00869272,서전기전,189860,단일판매ㆍ공급계약체결,2024-12-17,KOSDAQ,4080.0,4105.0,4085.0,4025.0,0.006127450980392135,0.001225490196078427,-0.013480392156862697,
535207,20241217900365,01138595,뱅크웨어글로벌,199480,단일판매ㆍ공급계약체결,2024-12-17,KOSDAQ,8350.0,7890.0,8300.0,7100.0,-0.05508982035928145,-0.005988023952095856,-0.14970059880239517,
399390,20250515901258,01138595,뱅크웨어글로벌,199480,단일판매ㆍ공급계약체결,2025-05-15,KOSDAQ,4345.0,4330.0,4200.0,4125.0,-0.0034522439585730202,-0.03337169159953968,-0.05063291139240511,
381519,20250617900257,01138595,뱅크웨어글로벌,199480,단일판매ㆍ공급계약체결,2025-06-17,KOSDAQ,6500.0,7180.0,7250.0,7850.0,0.10461538461538455,0.11538461538461542,0.20769230769230762,
117734,20260615900421,01138595,뱅크웨어글로벌,199480,단일판매ㆍ공급계약체결(자율공시),2026-06-15,KOSDAQ,3410.0,3410.0,3475.0,3235.0,0.0,0.019061583577712593,-0.0513196480938416,
534956,20241217900728,00603348,케이아이엔엑스,093320,단일판매ㆍ공급계약체결,2024-12-17,KOSDAQ,74500.0,80100.0,78600.0,74500.0,0.07516778523489931,0.055033557046979764,0.0,
293244,20251210900412,00603348,케이아이엔엑스,093320,단일판매ㆍ공급계약체결,2025-12-10,KOSDAQ,121500.0,119800.0,119900.0,121800.0,-0.013991769547325061,-0.013168724279835398,0.0024691358024691024,
246837,20260224900971,00603348,케이아이엔엑스,093320,단일판매ㆍ공급계약체결,2026-02-24,KOSDAQ,124400.0,124900.0,117200.0,99800.0,0.004019292604501512,-0.05787781350482313,-0.19774919614147912,
534954,20241217900745,01168684,스튜디오드래곤,253450,단일판매ㆍ공급계약체결,2024-12-17,KOSDAQ,45950.0,47500.0,46900.0,44800.0,0.0337323177366704,0.020674646354733373,-0.02502720348204568,
534470,20241218900316,00552859,HLB테라퓨틱스,115450,단일판매ㆍ공급계약체결,2024-12-18,KOSDAQ,9902.0,9683.0,9702.0,10473.0,-0.022116744092102625,-0.020197939810139398,0.05766511815794795,
313140,20251107900326,00552859,HLB테라퓨틱스,115450,단일판매ㆍ공급계약체결,2025-11-07,KOSDAQ,3296.0,3306.0,3215.0,3201.0,0.0030339805825243538,-0.024575242718446577,-0.028822815533980584,
533312,20241220800080,00116268,동성제약,002210,단일판매ㆍ공급계약체결,2024-12-20,KOSPI,2545.0,2660.0,2535.0,2315.0,0.04518664047151266,-0.003929273084479323,-0.09037328094302555,
532724,20241220800648,00126186,삼성에스디에스,018260,단일판매ㆍ공급계약체결,2024-12-20,KOSPI,134000.0,134000.0,131900.0,127800.0,0.0,-0.015671641791044744,-0.04626865671641789,
528335,20241231800055,00126186,삼성에스디에스,018260,단일판매ㆍ공급계약체결,2024-12-31,KOSPI,124500.0,128000.0,129200.0,127700.0,0.028112449799196693,0.03775100401606424,0.025702811244979973,
316005,20251031800426,00126186,삼성에스디에스,018260,단일판매ㆍ공급계약체결,2025-10-31,KOSPI,183000.0,181600.0,188800.0,168800.0,-0.007650273224043769,0.03169398907103815,-0.07759562841530054,
289109,20251216800548,00126186,삼성에스디에스,018260,단일판매ㆍ공급계약체결,2025-12-16,KOSPI,172700.0,172400.0,169900.0,169700.0,-0.0017371163867979655,-0.01621308627678053,-0.0173711638679791,
533273,20241220900105,01116265,카티스,140430,단일판매ㆍ공급계약체결,2024-12-20,KOSDAQ,4015.0,4160.0,4025.0,4230.0,0.036114570361145626,0.00249066002490661,0.0535491905354919,
287763,20251217900094,01116265,카티스,140430,단일판매ㆍ공급계약체결,2025-12-17,KOSDAQ,5665.0,5235.0,5050.0,4465.0,-0.0759046778464254,-0.10856134157105035,-0.21182700794351284,
281074,20251230900066,01116265,카티스,140430,단일판매ㆍ공급계약체결,2025-12-30,KOSDAQ,4305.0,4330.0,4400.0,4145.0,0.005807200929152101,0.022067363530778206,-0.03716608594657378,
130276,20260528900534,01116265,카티스,140430,단일판매ㆍ공급계약체결,2026-05-28,KOSDAQ,3500.0,3300.0,3005.0,2540.0,-0.05714285714285716,-0.14142857142857146,-0.27428571428571424,
122528,20260605900108,01116265,카티스,140430,단일판매ㆍ공급계약체결,2026-06-05,KOSDAQ,2540.0,2150.0,2430.0,2280.0,-0.15354330708661412,-0.04330708661417326,-0.10236220472440949,
532563,20241220900889,00127936,삼일기업공사,002290,단일판매ㆍ공급계약체결,2024-12-20,KOSDAQ,3875.0,4100.0,3960.0,3890.0,0.058064516129032295,0.021935483870967776,0.003870967741935516,
406921,20250430900540,00127936,삼일기업공사,002290,단일판매ㆍ공급계약체결,2025-04-30,KOSDAQ,3685.0,3515.0,3545.0,3400.0,-0.046132971506105847,-0.037991858887381325,-0.07734056987788329,
392564,20250528900488,00127936,삼일기업공사,002290,단일판매ㆍ공급계약체결,2025-05-28,KOSDAQ,3465.0,3545.0,3545.0,3580.0,0.023088023088023046,0.023088023088023046,0.03318903318903321,
296096,20251203900217,00127936,삼일기업공사,002290,단일판매ㆍ공급계약체결,2025-12-03,KOSDAQ,3965.0,4000.0,4050.0,3980.0,0.008827238335435084,0.021437578814627933,0.003783102143757988,
532329,20241223900138,00361594,DMS,068790,단일판매ㆍ공급계약체결(자율공시),2024-12-23,KOSDAQ,9010.0,9082.0,9067.0,8302.0,0.007991120976692523,0.0063263041065482195,-0.07857935627081025,
385072,20250609900256,00361594,DMS,068790,단일판매ㆍ공급계약체결,2025-06-09,KOSDAQ,9140.0,9140.0,9140.0,9140.0,0.0,0.0,0.0,
313658,20251106900454,00361594,DMS,068790,단일판매ㆍ공급계약체결(자율공시),2025-11-06,KOSDAQ,9140.0,9140.0,9140.0,9140.0,0.0,0.0,0.0,
532220,20241223900254,01555215,스마트레이더시스템,424960,단일판매ㆍ공급계약체결,2024-12-23,KOSDAQ,10320.0,12230.0,12190.0,14880.0,0.18507751937984507,0.181201550387597,0.44186046511627897,
514772,20250205900150,01555215,스마트레이더시스템,424960,단일판매ㆍ공급계약체결,2025-02-05,KOSDAQ,12510.0,12380.0,12960.0,13800.0,-0.010391686650679466,0.03597122302158273,0.10311750599520386,
405276,20250507900208,01555215,스마트레이더시스템,424960,단일판매ㆍ공급계약체결,2025-05-07,KOSDAQ,9780.0,9890.0,9560.0,10350.0,0.011247443762781195,-0.02249488752556239,0.05828220858895716,
397326,20250516900110,01555215,스마트레이더시스템,424960,단일판매ㆍ공급계약체결,2025-05-16,KOSDAQ,10300.0,9880.0,9970.0,10270.0,-0.04077669902912617,-0.03203883495145632,-0.002912621359223322,
366953,20250718900159,01555215,스마트레이더시스템,424960,단일판매ㆍ공급계약체결,2025-07-18,KOSDAQ,8160.0,8210.0,8160.0,7840.0,0.006127450980392135,0.0,-0.039215686274509776,
83955,20260324900417,01555215,스마트레이더시스템,424960,단일판매ㆍ공급계약체결,2026-03-24,KOSDAQ,7230.0,7070.0,6810.0,6450.0,-0.022130013831258677,-0.05809128630705396,-0.10788381742738584,
532170,20241223900320,01784914,클로봇,466100,단일판매ㆍ공급계약체결(자율공시),2024-12-23,KOSDAQ,6440.0,7850.0,8100.0,11190.0,0.21894409937888204,0.2577639751552796,0.7375776397515528,
527382,20250102900671,01784914,클로봇,466100,단일판매ㆍ공급계약체결(자율공시),2025-01-02,KOSDAQ,11190.0,11060.0,11500.0,11190.0,-0.011617515638963405,0.027703306523681803,0.0,
120625,20260609900782,01784914,클로봇,466100,단일판매ㆍ공급계약체결(자율공시),2026-06-09,KOSDAQ,36200.0,33700.0,36050.0,36800.0,-0.06906077348066297,-0.004143646408839796,0.016574585635359185,
531978,20241223900545,00627029,DGI,099520,단일판매ㆍ공급계약체결,2024-12-23,KOSDAQ,1284.0,1284.0,1284.0,1284.0,0.0,0.0,0.0,
473429,20250319900565,00627029,DGI,099520,단일판매ㆍ공급계약체결,2025-03-19,KOSDAQ,1284.0,1284.0,1284.0,1284.0,0.0,0.0,0.0,
322414,20251017900210,00627029,DGI,099520,단일판매ㆍ공급계약체결,2025-10-17,KOSDAQ,1284.0,1284.0,1284.0,1284.0,0.0,0.0,0.0,
322378,20251017900223,00627029,DGI,099520,단일판매ㆍ공급계약체결,2025-10-17,KOSDAQ,1284.0,1284.0,1284.0,1284.0,0.0,0.0,0.0,
23362,20260423900794,00627029,DGI,099520,단일판매ㆍ공급계약체결,2026-04-23,KOSDAQ,1284.0,1284.0,1284.0,1284.0,0.0,0.0,0.0,
23358,20260423900799,00627029,DGI,099520,단일판매ㆍ공급계약체결,2026-04-23,KOSDAQ,1284.0,1284.0,1284.0,1284.0,0.0,0.0,0.0,
23360,20260423900802,00627029,DGI,099520,단일판매ㆍ공급계약체결,2026-04-23,KOSDAQ,1284.0,1284.0,1284.0,1284.0,0.0,0.0,0.0,
531499,20241224800260,00684714,풍산,103140,단일판매ㆍ공급계약체결,2024-12-24,KOSPI,52100.0,51300.0,49750.0,53200.0,-0.015355086372360827,-0.04510556621881001,0.02111324376199608,
510360,20250211800515,00684714,풍산,103140,단일판매ㆍ공급계약체결,2025-02-11,KOSPI,54900.0,55900.0,56000.0,61000.0,0.01821493624772308,0.020036429872495543,0.11111111111111116,
334797,20250912800120,00684714,풍산,103140,단일판매ㆍ공급계약체결,2025-09-12,KOSPI,126500.0,130500.0,137800.0,128000.0,0.031620553359683834,0.08932806324110665,0.011857707509881354,
531497,20241224800262,00222532,LG헬로비전,037560,단일판매ㆍ공급계약체결,2024-12-24,KOSPI,2525.0,2495.0,2410.0,2450.0,-0.011881188118811892,-0.045544554455445585,-0.02970297029702973,
531495,20241224800269,00155531,풍산홀딩스,005810,단일판매ㆍ공급계약체결(자회사의 주요경영사항),2024-12-24,KOSPI,27300.0,26950.0,26000.0,25950.0,-0.012820512820512775,-0.04761904761904767,-0.0494505494505495,
510345,20250211800543,00155531,풍산홀딩스,005810,단일판매ㆍ공급계약체결(자회사의 주요경영사항),2025-02-11,KOSPI,26700.0,26800.0,26700.0,28100.0,0.0037453183520599342,0.0,0.05243445692883886,
334791,20250912800127,00155531,풍산홀딩스,005810,단일판매ㆍ공급계약체결(자회사의 주요경영사항),2025-09-12,KOSPI,42000.0,42950.0,44200.0,41650.0,0.02261904761904754,0.05238095238095242,-0.008333333333333304,
531673,20241224900066,01336373,메드팩토,235980,단일판매ㆍ공급계약체결,2024-12-24,KOSDAQ,4410.0,4220.0,4220.0,4625.0,-0.04308390022675734,-0.04308390022675734,0.0487528344671202,
531493,20241224900263,00185356,제룡전기,033100,단일판매ㆍ공급계약체결,2024-12-24,KOSDAQ,47400.0,47350.0,45400.0,48050.0,-0.0010548523206751481,-0.04219409282700426,0.01371308016877637,
285510,20251222900254,00185356,제룡전기,033100,단일판매ㆍ공급계약체결,2025-12-22,KOSDAQ,37850.0,36950.0,36650.0,35100.0,-0.023778071334214057,-0.031704095112285335,-0.07265521796565388,
531178,20241224900531,01080252,넥스틴,348210,단일판매ㆍ공급계약체결(자율공시),2024-12-24,KOSDAQ,53200.0,53500.0,52200.0,53300.0,0.005639097744360999,-0.018796992481203034,0.001879699248120259,
408799,20250429900124,01080252,넥스틴,348210,단일판매ㆍ공급계약체결(자율공시),2025-04-29,KOSDAQ,54600.0,53600.0,54500.0,55200.0,-0.01831501831501836,-0.001831501831501825,0.01098901098901095,
395428,20250522900041,01080252,넥스틴,348210,단일판매ㆍ공급계약체결(자율공시),2025-05-22,KOSDAQ,51800.0,52700.0,53700.0,54300.0,0.01737451737451745,0.03667953667953672,0.04826254826254828,
332877,20250918900065,01080252,넥스틴,348210,단일판매ㆍ공급계약체결(자율공시),2025-09-18,KOSDAQ,50600.0,51800.0,51000.0,50300.0,0.02371541501976293,0.007905138339920903,-0.005928853754940677,
80824,20260326900367,01080252,넥스틴,348210,단일판매ㆍ공급계약체결(자율공시),2026-03-26,KOSDAQ,74800.0,73000.0,68400.0,64700.0,-0.024064171122994638,-0.08556149732620322,-0.13502673796791442,
530772,20241226800286,01519790,엠앤씨솔루션,484870,단일판매ㆍ공급계약체결,2024-12-26,KOSPI,15500.0,14550.0,14283.0,16866.0,-0.06129032258064515,-0.07851612903225802,0.08812903225806457,
512901,20250207800193,01519790,엠앤씨솔루션,484870,단일판매ㆍ공급계약체결,2025-02-07,KOSPI,21466.0,20233.0,22166.0,20666.0,-0.057439672039504286,0.032609708376036606,-0.03726823814404179,
478696,20250314800371,01519790,엠앤씨솔루션,484870,단일판매ㆍ공급계약체결,2025-03-14,KOSPI,26333.0,28700.0,28300.0,28333.0,0.08988721376219955,0.07469714806516548,0.0759503284851708,
443521,20250403800282,01519790,엠앤씨솔루션,484870,단일판매ㆍ공급계약체결,2025-04-03,KOSPI,27333.0,26633.0,24333.0,27733.0,-0.025610068415468534,-0.10975743606629351,0.014634324808839194,
396487,20250520800094,01519790,엠앤씨솔루션,484870,단일판매ㆍ공급계약체결(자율공시),2025-05-20,KOSPI,34700.0,37733.0,37333.0,43733.0,0.08740634005763681,0.075878962536023,0.26031700288184445,
394229,20250526800454,01519790,엠앤씨솔루션,484870,단일판매ㆍ공급계약체결,2025-05-26,KOSPI,42766.0,43733.0,42933.0,43633.0,0.022611420287143913,0.003904971238834598,0.02027311415610522,
394228,20250526800456,01519790,엠앤씨솔루션,484870,단일판매ㆍ공급계약체결(자율공시),2025-05-26,KOSPI,42766.0,43733.0,42933.0,43633.0,0.022611420287143913,0.003904971238834598,0.02027311415610522,
335277,20250911800176,01519790,엠앤씨솔루션,484870,단일판매ㆍ공급계약체결,2025-09-11,KOSPI,71166.0,69833.0,70000.0,72500.0,-0.018730854621588966,-0.016384228423685476,0.018744906275468542,
297122,20251201800534,01519790,엠앤씨솔루션,484870,단일판매ㆍ공급계약체결,2025-12-01,KOSPI,39333.0,41633.0,40633.0,45633.0,0.058475071822642555,0.033051127551928516,0.16017084890549915,
95613,20260313801877,01519790,엠앤씨솔루션,484870,단일판매ㆍ공급계약체결,2026-03-13,KOSPI,42766.0,43466.0,42700.0,38600.0,0.016368142917270623,-0.0015432820464855723,-0.09741383341907117,
93383,20260316802355,01519790,엠앤씨솔루션,484870,단일판매ㆍ공급계약체결,2026-03-16,KOSPI,43466.0,42700.0,41233.0,36000.0,-0.01762296967744903,-0.05137348732342517,-0.17176643813555426,
43313,20260408800772,01519790,엠앤씨솔루션,484870,단일판매ㆍ공급계약체결,2026-04-08,KOSPI,34866.0,35300.0,37500.0,38800.0,0.01244765674295878,0.07554637755980043,0.11283198531520688,
23933,20260423800089,01519790,엠앤씨솔루션,484870,단일판매ㆍ공급계약체결,2026-04-23,KOSPI,39433.0,39033.0,38866.0,38466.0,-0.010143788197702452,-0.014378819770243245,-0.024522607967945587,
126566,20260601800157,01519790,엠앤씨솔루션,484870,단일판매ㆍ공급계약체결(자율공시),2026-06-01,KOSPI,24300.0,22466.0,22833.0,21266.0,-0.07547325102880653,-0.06037037037037041,-0.12485596707818925,
530812,20241226900229,00959210,코츠테크놀로지,448710,단일판매ㆍ공급계약체결,2024-12-26,KOSDAQ,15210.0,14670.0,14810.0,15610.0,-0.035502958579881616,-0.026298487836949325,0.026298487836949436,
512929,20250207900146,00959210,코츠테크놀로지,448710,단일판매ㆍ공급계약체결,2025-02-07,KOSDAQ,16700.0,16680.0,17380.0,19210.0,-0.0011976047904191933,0.04071856287425146,0.15029940119760488,
508915,20250212900747,00959210,코츠테크놀로지,448710,단일판매ㆍ공급계약체결,2025-02-12,KOSDAQ,18570.0,19130.0,19210.0,19140.0,0.03015616585891223,0.034464189553042646,0.030694668820678617,
507763,20250213900409,00959210,코츠테크놀로지,448710,단일판매ㆍ공급계약체결,2025-02-13,KOSDAQ,19130.0,19210.0,18790.0,19160.0,0.004181913225300482,-0.017773131207527437,0.001568217459487764,
404276,20250508900644,00959210,코츠테크놀로지,448710,단일판매ㆍ공급계약체결(자율공시),2025-05-08,KOSDAQ,19650.0,21800.0,19440.0,18970.0,0.10941475826972002,-0.010687022900763399,-0.03460559796437657,
42917,20260408900891,00959210,코츠테크놀로지,448710,단일판매ㆍ공급계약체결,2026-04-08,KOSDAQ,19190.0,19120.0,20450.0,21550.0,-0.0036477331943720603,0.06565919749869731,0.122980719124544,
530593,20241226900471,00494546,오비고,352910,단일판매ㆍ공급계약체결,2024-12-26,KOSDAQ,6150.0,6240.0,6290.0,6410.0,0.014634146341463428,0.02276422764227637,0.042276422764227606,
257916,20260209900934,00494546,오비고,352910,단일판매ㆍ공급계약체결,2026-02-09,KOSDAQ,5300.0,5300.0,5450.0,5080.0,0.0,0.028301886792452935,-0.04150943396226414,
530322,20241226900991,00250137,와이어블,065530,단일판매ㆍ공급계약체결,2024-12-26,KOSDAQ,1316.0,1282.0,1298.0,1313.0,-0.02583586626139822,-0.01367781155015202,-0.0022796352583586144,
345218,20250826900205,00250137,와이어블,065530,단일판매ㆍ공급계약체결,2025-08-26,KOSDAQ,1314.0,1308.0,1308.0,1460.0,-0.004566210045662156,-0.004566210045662156,0.11111111111111116,
530068,20241227800206,00129013,CJ씨푸드,011150,단일판매ㆍ공급계약체결,2024-12-27,KOSPI,2830.0,2905.0,2950.0,3010.0,0.026501766784452263,0.042402826855123754,0.06360424028268552,
281928,20251229800220,00129013,CJ씨푸드,011150,단일판매ㆍ공급계약체결,2025-12-29,KOSPI,2900.0,2855.0,2880.0,2840.0,-0.01551724137931032,-0.006896551724137945,-0.020689655172413834,
528960,20241230900319,01436479,토마토시스템,393210,단일판매ㆍ공급계약체결,2024-12-30,KOSDAQ,4245.0,4215.0,4350.0,4495.0,-0.007067137809187329,0.02473498233215543,0.058892815076560634,
528956,20241230900329,01436479,토마토시스템,393210,단일판매ㆍ공급계약체결,2024-12-30,KOSDAQ,4245.0,4215.0,4350.0,4495.0,-0.007067137809187329,0.02473498233215543,0.058892815076560634,
361197,20250731900440,01436479,토마토시스템,393210,단일판매ㆍ공급계약체결,2025-07-31,KOSDAQ,6610.0,6700.0,6480.0,6540.0,0.013615733736762392,-0.01966717095310133,-0.010590015128593033,
329956,20250925900250,01436479,토마토시스템,393210,단일판매ㆍ공급계약체결,2025-09-25,KOSDAQ,6460.0,6270.0,6290.0,6210.0,-0.02941176470588236,-0.02631578947368418,-0.03869969040247678,
281418,20251229900735,01436479,토마토시스템,393210,단일판매ㆍ공급계약체결,2025-12-29,KOSDAQ,5160.0,5140.0,5240.0,5210.0,-0.003875968992248069,0.015503875968992276,0.009689922480620172,
528300,20241231800103,00360595,현대글로비스,086280,단일판매ㆍ공급계약체결,2024-12-31,KOSPI,133800.0,134500.0,129900.0,129500.0,0.0052316890881913825,-0.029147982062780242,-0.032137518684603905,
528299,20241231800107,00360595,현대글로비스,086280,단일판매ㆍ공급계약체결,2024-12-31,KOSPI,133800.0,134500.0,129900.0,129500.0,0.0052316890881913825,-0.029147982062780242,-0.032137518684603905,
495963,20250227800164,00360595,현대글로비스,086280,단일판매ㆍ공급계약체결,2025-02-27,KOSPI,134800.0,130100.0,131900.0,128400.0,-0.034866468842729925,-0.021513353115726996,-0.047477744807121636,
528276,20241231900131,01437858,진시스템,363250,단일판매ㆍ공급계약체결,2024-12-31,KOSDAQ,10920.0,10500.0,10400.0,10150.0,-0.038461538461538436,-0.04761904761904767,-0.07051282051282048,
528225,20241231900187,00346407,크레오에스지,040350,단일판매ㆍ공급계약체결,2024-12-31,KOSDAQ,6700.0,6830.0,6935.0,6785.0,0.0194029850746269,0.03507462686567164,0.012686567164179152,
490775,20250304900395,00346407,크레오에스지,040350,단일판매ㆍ공급계약체결,2025-03-04,KOSDAQ,5640.0,5520.0,5355.0,5335.0,-0.021276595744680882,-0.05053191489361697,-0.05407801418439717,
384772,20250610900074,00346407,크레오에스지,040350,단일판매ㆍ공급계약체결,2025-06-10,KOSDAQ,6950.0,6950.0,6890.0,6950.0,0.0,-0.008633093525179825,0.0,
365916,20250722900050,00346407,크레오에스지,040350,단일판매ㆍ공급계약체결,2025-07-22,KOSDAQ,6370.0,6370.0,6125.0,6230.0,0.0,-0.038461538461538436,-0.02197802197802201,
273296,20260114900075,00346407,크레오에스지,040350,단일판매ㆍ공급계약체결,2026-01-14,KOSDAQ,5050.0,5260.0,5135.0,4375.0,0.04158415841584162,0.016831683168316847,-0.13366336633663367,
103611,20260309901166,00346407,크레오에스지,040350,단일판매ㆍ공급계약체결,2026-03-09,KOSDAQ,3595.0,3660.0,3560.0,3065.0,0.018080667593880495,-0.009735744089012566,-0.14742698191933246,
81557,20260325901318,00346407,크레오에스지,040350,단일판매ㆍ공급계약체결,2026-03-25,KOSDAQ,3900.0,4000.0,4000.0,3550.0,0.02564102564102555,0.02564102564102555,-0.08974358974358976,
3282,20260522900344,00346407,크레오에스지,040350,단일판매ㆍ공급계약체결,2026-05-22,KOSDAQ,4605.0,4435.0,4030.0,6130.0,-0.036916395222584164,-0.12486427795874055,0.33116178067318125,
527606,20250102800290,00163345,DB,012030,단일판매ㆍ공급계약체결,2025-01-02,KOSPI,1293.0,1299.0,1313.0,1281.0,0.004640371229698292,0.015467904098994678,-0.009280742459396807,
527598,20250102800291,00163345,DB,012030,단일판매ㆍ공급계약체결,2025-01-02,KOSPI,1293.0,1299.0,1313.0,1281.0,0.004640371229698292,0.015467904098994678,-0.009280742459396807,
527453,20250102800476,00163345,DB,012030,단일판매ㆍ공급계약체결,2025-01-02,KOSPI,1293.0,1299.0,1313.0,1281.0,0.004640371229698292,0.015467904098994678,-0.009280742459396807,
492823,20250228800318,00163345,DB,012030,단일판매ㆍ공급계약체결,2025-02-28,KOSPI,1305.0,1285.0,1310.0,1278.0,-0.01532567049808431,0.003831417624521105,-0.020689655172413834,
393370,20250527800407,00163345,DB,012030,단일판매ㆍ공급계약체결,2025-05-27,KOSPI,1264.0,1290.0,1398.0,1481.0,0.020569620253164667,0.106012658227848,0.17167721518987333,
390153,20250530800461,00163345,DB,012030,단일판매ㆍ공급계약체결,2025-05-30,KOSPI,1388.0,1413.0,1481.0,1478.0,0.018011527377521652,0.06700288184438041,0.06484149855907773,
360657,20250801800169,00163345,DB,012030,단일판매ㆍ공급계약체결,2025-08-01,KOSPI,1293.0,1299.0,1300.0,1325.0,0.004640371229698292,0.005413766434648082,0.024748646558391263,
279369,20251231800701,00163345,DB,012030,단일판매ㆍ공급계약체결,2025-12-31,KOSPI,1513.0,1548.0,1581.0,1449.0,0.02313284864507592,0.04494382022471921,-0.042300066093853284,
527740,20250102900141,01435489,범한퓨얼셀,382900,단일판매ㆍ공급계약체결,2025-01-02,KOSDAQ,13630.0,14160.0,14180.0,14210.0,0.038884812912692635,0.0403521643433602,0.042553191489361764,
371840,20250707900065,01435489,범한퓨얼셀,382900,단일판매ㆍ공급계약체결(자율공시),2025-07-07,KOSDAQ,17590.0,17700.0,17930.0,17960.0,0.00625355315520193,0.01932916429789655,0.021034678794769723,
339550,20250901900449,01435489,범한퓨얼셀,382900,단일판매ㆍ공급계약체결,2025-09-01,KOSDAQ,26800.0,25550.0,26150.0,25350.0,-0.04664179104477617,-0.02425373134328357,-0.05410447761194026,
83772,20260324900614,01435489,범한퓨얼셀,382900,단일판매ㆍ공급계약체결(자율공시),2026-03-24,KOSDAQ,28600.0,28900.0,28850.0,25750.0,0.010489510489510412,0.00874125874125875,-0.09965034965034969,
18752,20260430900121,01435489,범한퓨얼셀,382900,단일판매ㆍ공급계약체결,2026-04-30,KOSDAQ,35250.0,35900.0,40700.0,35450.0,0.018439716312056653,0.15460992907801407,0.005673758865248235,
527611,20250102900319,00916826,드림씨아이에스,223250,단일판매ㆍ공급계약체결,2025-01-02,KOSDAQ,2985.0,3010.0,3060.0,3040.0,0.008375209380234505,0.025125628140703515,0.018425460636515956,
527176,20250103900145,01544468,이엔셀,456070,단일판매ㆍ공급계약체결,2025-01-03,KOSDAQ,17730.0,17780.0,17780.0,19620.0,0.0028200789622110367,0.0028200789622110367,0.10659898477157359,
490942,20250304900129,01544468,이엔셀,456070,단일판매ㆍ공급계약체결(자율공시),2025-03-04,KOSDAQ,18710.0,19170.0,18540.0,17240.0,0.024585783003741257,-0.009086050240513122,-0.07856761090326025,
393018,20250528900106,01544468,이엔셀,456070,단일판매ㆍ공급계약체결,2025-05-28,KOSDAQ,13350.0,13400.0,13090.0,12740.0,0.0037453183520599342,-0.019475655430711614,-0.04569288389513104,
372937,20250703900126,01544468,이엔셀,456070,단일판매ㆍ공급계약체결,2025-07-03,KOSDAQ,12460.0,12110.0,11990.0,12240.0,-0.028089887640449396,-0.0377207062600321,-0.017656500802568198,
25605,20260420900680,01544468,이엔셀,456070,단일판매ㆍ공급계약체결,2026-04-20,KOSDAQ,16050.0,15750.0,15930.0,16510.0,-0.01869158878504673,-0.00747663551401867,0.0286604361370717,
525800,20250107800379,00372882,KTcs,058850,단일판매ㆍ공급계약체결,2025-01-07,KOSPI,2770.0,2755.0,2740.0,2880.0,-0.005415162454873612,-0.010830324909747335,0.03971119133573997,
526022,20250107900104,01110182,SCL사이언스,246960,단일판매ㆍ공급계약체결,2025-01-07,KOSDAQ,2087.0,2170.0,2282.0,2372.0,0.03977000479156678,0.09343555342597032,0.13655965500718725,
522450,20250115900152,01110182,SCL사이언스,246960,단일판매ㆍ공급계약체결,2025-01-15,KOSDAQ,2280.0,2350.0,2367.0,2390.0,0.030701754385964897,0.03815789473684217,0.04824561403508776,
350743,20250814901580,01110182,SCL사이언스,246960,단일판매ㆍ공급계약체결,2025-08-14,KOSDAQ,2600.0,2495.0,2460.0,2500.0,-0.04038461538461535,-0.05384615384615388,-0.038461538461538436,
525953,20250107900162,00672603,케이엔알시스템,199430,단일판매ㆍ공급계약체결,2025-01-07,KOSDAQ,9270.0,8490.0,10610.0,10850.0,-0.08414239482200647,0.14455231930960077,0.17044228694714136,
378865,20250624900058,00672603,케이엔알시스템,199430,단일판매ㆍ공급계약체결,2025-06-24,KOSDAQ,9910.0,9930.0,9300.0,11510.0,0.0020181634712410634,-0.061553985872855654,0.16145307769929373,
275103,20260112900051,00672603,케이엔알시스템,199430,단일판매ㆍ공급계약체결,2026-01-12,KOSDAQ,25050.0,26300.0,30750.0,32300.0,0.04990019960079839,0.22754491017964074,0.28942115768463084,
525041,20250108900732,01037542,NPX,222160,단일판매ㆍ공급계약체결,2025-01-08,KOSDAQ,8040.0,8040.0,8040.0,8040.0,0.0,0.0,0.0,
504006,20250217900686,01037542,NPX,222160,단일판매ㆍ공급계약체결,2025-02-17,KOSDAQ,8040.0,8040.0,8040.0,8040.0,0.0,0.0,0.0,
423679,20250410900794,01037542,NPX,222160,단일판매ㆍ공급계약체결,2025-04-10,KOSDAQ,8040.0,8040.0,8040.0,8040.0,0.0,0.0,0.0,
106301,20260305901448,01037542,NPX,222160,단일판매ㆍ공급계약체결,2026-03-05,KOSDAQ,8040.0,8040.0,8040.0,8040.0,0.0,0.0,0.0,
27057,20260416900651,01037542,NPX,222160,단일판매ㆍ공급계약체결,2026-04-16,KOSDAQ,8040.0,8040.0,8040.0,8040.0,0.0,0.0,0.0,
524792,20250109900421,00303794,쇼박스,086980,단일판매ㆍ공급계약체결,2025-01-09,KOSDAQ,3115.0,3130.0,3115.0,3105.0,0.0048154093097914075,0.0,-0.0032102728731941976,
406163,20250430901171,00303794,쇼박스,086980,단일판매ㆍ공급계약체결,2025-04-30,KOSDAQ,3240.0,3205.0,3260.0,3305.0,-0.010802469135802517,0.006172839506172867,0.020061728395061706,
524751,20250109900448,00128111,포스코엠텍,009520,단일판매ㆍ공급계약체결,2025-01-09,KOSDAQ,12820.0,13330.0,13060.0,12990.0,0.03978159126365055,0.018720748829953227,0.013260530421216776,
318999,20251027900135,00128111,포스코엠텍,009520,단일판매ㆍ공급계약체결,2025-10-27,KOSDAQ,16650.0,16530.0,16290.0,16240.0,-0.007207207207207245,-0.021621621621621623,-0.02462462462462467,
524164,20250110900371,00899556,제룡산업,147830,단일판매ㆍ공급계약체결,2025-01-10,KOSDAQ,5950.0,7730.0,7740.0,7310.0,0.29915966386554627,0.3008403361344538,0.22857142857142865,
359128,20250805900088,00899556,제룡산업,147830,단일판매ㆍ공급계약체결,2025-08-05,KOSDAQ,6320.0,6300.0,6720.0,7850.0,-0.0031645569620253333,0.06329113924050622,0.24208860759493667,
523554,20250113800010,01026157,쏘카,403550,단일판매ㆍ공급계약체결,2025-01-13,KOSPI,16520.0,16510.0,16500.0,16540.0,-0.000605326876513268,-0.001210653753026647,0.001210653753026536,
523376,20250113800412,01762569,이수스페셜티케미컬,457190,단일판매ㆍ공급계약체결,2025-01-13,KOSPI,36400.0,36550.0,36600.0,37650.0,0.004120879120879106,0.005494505494505475,0.03434065934065944,
523525,20250113900176,00133751,세명전기,017510,단일판매ㆍ공급계약체결,2025-01-13,KOSDAQ,6760.0,6580.0,6630.0,6020.0,-0.026627218934911268,-0.019230769230769273,-0.10946745562130178,
473808,20250319900106,00133751,세명전기,017510,단일판매ㆍ공급계약체결,2025-03-19,KOSDAQ,5660.0,5500.0,5410.0,5480.0,-0.028268551236749095,-0.044169611307420475,-0.03180212014134276,
359105,20250805900101,00133751,세명전기,017510,단일판매ㆍ공급계약체결,2025-08-05,KOSDAQ,7740.0,8150.0,9380.0,11480.0,0.05297157622739013,0.21188630490956073,0.4832041343669251,
523483,20250113900225,00438036,팅크웨어,084730,단일판매ㆍ공급계약체결,2025-01-13,KOSDAQ,9500.0,9510.0,9280.0,9230.0,0.001052631578947416,-0.023157894736842155,-0.028421052631578902,
285255,20251222900492,00438036,팅크웨어,084730,단일판매ㆍ공급계약체결(자율공시),2025-12-22,KOSDAQ,8060.0,7960.0,8060.0,7770.0,-0.012406947890818865,0.0,-0.03598014888337464,
523264,20250113900616,00232007,상지건설,042940,단일판매ㆍ공급계약체결,2025-01-13,KOSDAQ,4815.0,4855.0,4820.0,4650.0,0.008307372793354029,0.0010384215991692258,-0.034267912772585674,
332580,20250918900454,00232007,상지건설,042940,단일판매ㆍ공급계약체결,2025-09-18,KOSDAQ,10560.0,10330.0,10170.0,9680.0,-0.021780303030302983,-0.03693181818181823,-0.08333333333333337,
296320,20251202900553,00232007,상지건설,042940,단일판매ㆍ공급계약체결,2025-12-02,KOSDAQ,5830.0,7570.0,9840.0,12730.0,0.29845626072041176,0.6878216123499143,1.183533447684391,
264838,20260130901340,00232007,상지건설,042940,단일판매ㆍ공급계약체결,2026-01-30,KOSDAQ,10350.0,10610.0,10810.0,10260.0,0.02512077294685988,0.04444444444444451,-0.008695652173912993,
523056,20250114800153,00161383,한미반도체,042700,단일판매ㆍ공급계약체결,2025-01-14,KOSPI,106500.0,105400.0,106500.0,113600.0,-0.010328638497652531,0.0,0.06666666666666665,
397098,20250516800319,00161383,한미반도체,042700,단일판매ㆍ공급계약체결,2025-05-16,KOSPI,91500.0,85700.0,85400.0,78400.0,-0.06338797814207653,-0.06666666666666665,-0.14316939890710378,
393048,20250528800084,00161383,한미반도체,042700,단일판매ㆍ공급계약체결(자율공시),2025-05-28,KOSPI,84400.0,83300.0,80400.0,82700.0,-0.013033175355450233,-0.04739336492891,-0.020142180094786744,
306249,20251117800179,00161383,한미반도체,042700,단일판매ㆍ공급계약체결(자율공시),2025-11-17,KOSPI,132300.0,121700.0,120700.0,119600.0,-0.08012093726379443,-0.08767951625094483,-0.09599395313681025,
273340,20260114800028,00161383,한미반도체,042700,단일판매ㆍ공급계약체결(자율공시),2026-01-14,KOSPI,177800.0,180000.0,178500.0,172200.0,0.012373453318335281,0.003937007874015741,-0.03149606299212604,
121687,20260608800436,00161383,한미반도체,042700,단일판매ㆍ공급계약체결,2026-06-08,KOSPI,253500.0,276500.0,270000.0,347000.0,0.09072978303747536,0.06508875739644981,0.3688362919132151,
523070,20250114900094,00965318,이노시뮬레이션,274400,단일판매ㆍ공급계약체결,2025-01-14,KOSDAQ,4830.0,4830.0,4870.0,4785.0,0.0,0.008281573498964745,-0.009316770186335366,
504153,20250217900265,00965318,이노시뮬레이션,274400,단일판매ㆍ공급계약체결(자율공시),2025-02-17,KOSDAQ,4955.0,5140.0,5220.0,5180.0,0.03733602421796167,0.05348133198789107,0.04540867810292637,
487769,20250307900046,00965318,이노시뮬레이션,274400,단일판매ㆍ공급계약체결(자율공시),2025-03-07,KOSDAQ,4770.0,5210.0,5240.0,4830.0,0.09224318658280928,0.0985324947589099,0.012578616352201255,
463424,20250327900028,00965318,이노시뮬레이션,274400,단일판매ㆍ공급계약체결(자율공시),2025-03-27,KOSDAQ,4675.0,4735.0,4505.0,4360.0,0.012834224598930577,-0.036363636363636376,-0.06737967914438503,
387234,20250602900360,00965318,이노시뮬레이션,274400,단일판매ㆍ공급계약체결(자율공시),2025-06-02,KOSDAQ,4400.0,4695.0,4675.0,4880.0,0.06704545454545463,0.0625,0.10909090909090913,
312038,20251111900134,00965318,이노시뮬레이션,274400,단일판매ㆍ공급계약체결,2025-11-11,KOSDAQ,3965.0,3975.0,4030.0,3915.0,0.0025220680958386588,0.016393442622950838,-0.01261034047919296,
275092,20260112900085,00965318,이노시뮬레이션,274400,단일판매ㆍ공급계약체결(자율공시),2026-01-12,KOSDAQ,3965.0,3930.0,4030.0,3870.0,-0.008827238335435084,0.016393442622950838,-0.023959646910466592,
270800,20260121900393,00965318,이노시뮬레이션,274400,단일판매ㆍ공급계약체결,2026-01-21,KOSDAQ,3970.0,3970.0,3965.0,4065.0,0.0,-0.0012594458438287548,0.023929471032745564,
91865,20260318900069,00965318,이노시뮬레이션,274400,단일판매ㆍ공급계약체결(자율공시),2026-03-18,KOSDAQ,3900.0,3745.0,3750.0,3730.0,-0.03974358974358971,-0.038461538461538436,-0.043589743589743546,
522179,20250115900533,00842585,네이블,153460,단일판매ㆍ공급계약체결,2025-01-15,KOSDAQ,6450.0,6600.0,6600.0,6420.0,0.023255813953488413,0.023255813953488413,-0.0046511627906976605,
117845,20260615900301,00842585,네이블,153460,단일판매ㆍ공급계약체결,2026-06-15,KOSDAQ,7000.0,7000.0,6870.0,6730.0,0.0,-0.018571428571428572,-0.03857142857142859,
522041,20250116900090,00231442,디지틀조선,033130,단일판매ㆍ공급계약체결,2025-01-16,KOSDAQ,1694.0,1702.0,1685.0,1656.0,0.0047225501770955525,-0.005312868949232552,-0.022432113341204207,
521242,20250117900724,00605522,소룩스,290690,단일판매ㆍ공급계약체결,2025-01-17,KOSDAQ,8100.0,7520.0,7290.0,6950.0,-0.07160493827160497,-0.09999999999999998,-0.14197530864197527,
130150,20260528900579,00605522,소룩스,290690,단일판매ㆍ공급계약체결,2026-05-28,KOSDAQ,5520.0,5010.0,4495.0,4445.0,-0.09239130434782605,-0.18568840579710144,-0.19474637681159424,
122084,20260605900614,00605522,소룩스,290690,단일판매ㆍ공급계약체결,2026-06-05,KOSDAQ,4445.0,4260.0,4510.0,4800.0,-0.04161979752530931,0.01462317210348707,0.07986501687289094,
122086,20260605900618,00605522,소룩스,290690,단일판매ㆍ공급계약체결,2026-06-05,KOSDAQ,4445.0,4260.0,4510.0,4800.0,-0.04161979752530931,0.01462317210348707,0.07986501687289094,
520939,20250120900393,00821607,알톤,123750,단일판매ㆍ공급계약체결,2025-01-20,KOSDAQ,1518.0,1517.0,1516.0,1540.0,-0.0006587615283267789,-0.0013175230566534468,0.01449275362318847,
275803,20260109900075,00821607,알톤,123750,단일판매ㆍ공급계약체결,2026-01-09,KOSDAQ,1439.0,1467.0,1467.0,1747.0,0.0194579569145239,0.0194579569145239,0.21403752605976378,
520928,20250120900399,00494476,이녹스,088390,단일판매ㆍ공급계약체결(자회사의 주요경영사항),2025-01-20,KOSDAQ,9300.0,9090.0,9050.0,8730.0,-0.022580645161290325,-0.026881720430107503,-0.06129032258064515,
275798,20260109900082,00494476,이녹스,088390,단일판매ㆍ공급계약체결(자회사의 주요경영사항),2026-01-09,KOSDAQ,8520.0,9200.0,9190.0,8630.0,0.07981220657277,0.07863849765258224,0.012910798122065748,
520863,20250120900507,00612294,피엔티,137400,단일판매ㆍ공급계약체결,2025-01-20,KOSDAQ,42750.0,39750.0,40400.0,40550.0,-0.07017543859649122,-0.054970760233918115,-0.05146198830409354,
520774,20250120900666,01402995,케이엔에스,432470,단일판매ㆍ공급계약체결,2025-01-20,KOSDAQ,12550.0,12020.0,11810.0,11200.0,-0.042231075697211184,-0.05896414342629486,-0.10756972111553786,
310942,20251112900748,01402995,케이엔에스,432470,단일판매ㆍ공급계약체결,2025-11-12,KOSDAQ,11000.0,11010.0,10630.0,10110.0,0.0009090909090909705,-0.033636363636363686,-0.08090909090909093,
25763,20260420900453,01402995,케이엔에스,432470,단일판매ㆍ공급계약체결,2026-04-20,KOSDAQ,14350.0,14970.0,14600.0,14360.0,0.0432055749128919,0.017421602787456525,0.0006968641114981633,
520501,20250120901000,00262266,삼현,437730,단일판매ㆍ공급계약체결(자율공시),2025-01-20,KOSDAQ,9700.0,9710.0,10430.0,12370.0,0.0010309278350515427,0.07525773195876284,0.2752577319587628,
425389,20250410900377,00262266,삼현,437730,단일판매ㆍ공급계약체결(자율공시),2025-04-10,KOSDAQ,9910.0,10390.0,10720.0,13370.0,0.04843592330978819,0.08173562058526751,0.3491422805247224,
73107,20260331900217,00262266,삼현,437730,단일판매ㆍ공급계약체결(자율공시),2026-03-31,KOSDAQ,45000.0,48000.0,50100.0,45650.0,0.06666666666666665,0.11333333333333329,0.014444444444444482,
520238,20250121900211,00543107,오킨스전자,080580,단일판매ㆍ공급계약체결,2025-01-21,KOSDAQ,5600.0,7160.0,6250.0,,0.27857142857142847,0.1160714285714286,,
520250,20250121900222,01497142,엠아이큐브솔루션,373170,단일판매ㆍ공급계약체결,2025-01-21,KOSDAQ,2468.0,2431.0,2378.0,2275.0,-0.014991896272285254,-0.0364667747163695,-0.07820097244732582,
261544,20260205900300,01497142,엠아이큐브솔루션,373170,단일판매ㆍ공급계약체결,2026-02-05,KOSDAQ,4653.0,4480.0,4560.0,4310.0,-0.03718031377605846,-0.01998710509348811,-0.07371588222652048,
519862,20250122900042,00104537,국영지앤엠,006050,단일판매ㆍ공급계약체결,2025-01-22,KOSDAQ,1772.0,1709.0,1870.0,1802.0,-0.035553047404063176,0.055304740406320496,0.016930022573363512,
113973,20260623900426,00104537,국영지앤엠,006050,단일판매ㆍ공급계약체결(자율공시),2026-06-23,KOSDAQ,531.0,566.0,531.0,,0.06591337099811678,0.0,,
519514,20250122900641,00527464,에이치시티,072990,단일판매ㆍ공급계약체결,2025-01-22,KOSDAQ,4511.0,4425.0,4399.0,,-0.019064508978053674,-0.02482819773886058,,
518535,20250123900804,01605529,버넥트,438700,단일판매ㆍ공급계약체결(자율공시),2025-01-23,KOSDAQ,2935.0,2955.0,2810.0,2750.0,0.006814310051107331,-0.04258943781942082,-0.06303236797274281,
362564,20250729900396,01605529,버넥트,438700,단일판매ㆍ공급계약체결,2025-07-29,KOSDAQ,4240.0,4370.0,4440.0,4500.0,0.030660377358490587,0.04716981132075482,0.061320754716981174,
517947,20250124800222,00194947,한전산업,130660,단일판매ㆍ공급계약체결(자율공시),2025-01-24,KOSPI,12730.0,11980.0,11660.0,11750.0,-0.058915946582875134,-0.08405341712490177,-0.07698350353495675,
482425,20250312800841,00194947,한전산업,130660,단일판매ㆍ공급계약체결(자율공시),2025-03-12,KOSPI,10800.0,10780.0,11080.0,10520.0,-0.0018518518518518823,0.025925925925925908,-0.025925925925925908,
435228,20250407800429,00194947,한전산업,130660,단일판매ㆍ공급계약체결(자율공시),2025-04-07,KOSPI,9000.0,8990.0,8750.0,10130.0,-0.0011111111111110628,-0.02777777777777779,0.12555555555555564,
284157,20251223800703,00194947,한전산업,130660,단일판매ㆍ공급계약체결(자율공시),2025-12-23,KOSPI,10780.0,10710.0,10720.0,10320.0,-0.00649350649350644,-0.005565862708719838,-0.042671614100185495,
517885,20250124900295,01160512,헝셩그룹,900270,단일판매ㆍ공급계약체결(자회사의 주요경영사항),2025-01-24,KOSDAQ,2591.0,2591.0,2471.0,,0.0,-0.04631416441528369,,
517417,20250124900760,01700587,이노스페이스,462350,단일판매ㆍ공급계약체결,2025-01-24,KOSDAQ,9816.0,10145.0,9652.0,9722.0,0.03351670741646284,-0.016707416462917735,-0.009576202118989352,
515185,20250204900768,01700587,이노스페이스,462350,단일판매ㆍ공급계약체결,2025-02-04,KOSDAQ,9675.0,9816.0,9722.0,9722.0,0.014573643410852766,0.004857881136950848,0.004857881136950848,
332264,20250919900217,01700587,이노스페이스,462350,단일판매ㆍ공급계약체결,2025-09-19,KOSDAQ,7984.0,7777.0,7772.0,8379.0,-0.025926853707414876,-0.026553106212424904,0.049473947895791515,
295604,20251204900246,01700587,이노스페이스,462350,단일판매ㆍ공급계약체결,2025-12-04,KOSDAQ,8035.0,7785.0,7668.0,7575.0,-0.031113876789047867,-0.045675171126322356,-0.05724953329184812,
24462,20260422900377,01700587,이노스페이스,462350,단일판매ㆍ공급계약체결,2026-04-22,KOSDAQ,13295.0,12493.0,13951.0,13535.0,-0.06032342986084993,0.049341857841293635,0.018051899210229427,
517173,20250124901133,00367482,빛과전자,069540,단일판매ㆍ공급계약체결,2025-01-24,KOSDAQ,1436.0,1322.0,1319.0,1170.0,-0.07938718662952648,-0.08147632311977715,-0.1852367688022284,
479696,20250313901850,00367482,빛과전자,069540,단일판매ㆍ공급계약체결,2025-03-13,KOSDAQ,909.0,907.0,914.0,920.0,-0.002200220022002153,0.005500550055005604,0.012101210121012063,
407995,20250429900725,00367482,빛과전자,069540,단일판매ㆍ공급계약체결,2025-04-29,KOSDAQ,915.0,899.0,890.0,888.0,-0.01748633879781425,-0.02732240437158473,-0.02950819672131144,
515777,20250203901192,00765569,기가비스,420770,단일판매ㆍ공급계약체결,2025-02-03,KOSDAQ,27850.0,29150.0,29650.0,33200.0,0.04667863554757634,0.06463195691202883,0.19210053859964082,
490959,20250304900120,00765569,기가비스,420770,단일판매ㆍ공급계약체결,2025-03-04,KOSDAQ,29100.0,29950.0,29100.0,29100.0,0.029209621993127044,0.0,0.0,
411966,20250423900295,00765569,기가비스,420770,단일판매ㆍ공급계약체결,2025-04-23,KOSDAQ,25800.0,25850.0,26350.0,25200.0,0.0019379844961240345,0.02131782945736438,-0.023255813953488413,
306297,20251117900060,00765569,기가비스,420770,단일판매ㆍ공급계약체결,2025-11-17,KOSDAQ,32100.0,31650.0,32150.0,31850.0,-0.014018691588784993,0.0015576323987538387,-0.007788161993769416,
109548,20260303900146,00765569,기가비스,420770,단일판매ㆍ공급계약체결,2026-03-03,KOSDAQ,73000.0,64700.0,71300.0,74000.0,-0.11369863013698633,-0.023287671232876672,0.013698630136986356,
22649,20260424900333,00765569,기가비스,420770,단일판매ㆍ공급계약체결,2026-04-24,KOSDAQ,100200.0,100900.0,105300.0,109500.0,0.00698602794411185,0.05089820359281427,0.09281437125748493,
122870,20260604900614,00765569,기가비스,420770,단일판매ㆍ공급계약체결,2026-06-04,KOSDAQ,139400.0,144000.0,123500.0,147600.0,0.03299856527977041,-0.11406025824964128,0.05882352941176472,
117652,20260615900536,00765569,기가비스,420770,단일판매ㆍ공급계약체결,2026-06-15,KOSDAQ,140200.0,141900.0,140700.0,159200.0,0.012125534950071293,0.003566333808844524,0.13552068473609125,
515048,20250204801020,01562589,LX홀딩스,383800,단일판매ㆍ공급계약체결(자회사의 주요경영사항),2025-02-04,KOSPI,6760.0,6760.0,6810.0,6820.0,0.0,0.007396449704142105,0.008875739644970349,
515516,20250204900405,00587925,모아라이프플러스,142760,단일판매ㆍ공급계약체결,2025-02-04,KOSDAQ,1100.0,1140.0,1279.0,1268.0,0.036363636363636376,0.16272727272727283,0.15272727272727282,
506309,20250214900085,00587925,모아라이프플러스,142760,단일판매ㆍ공급계약체결,2025-02-14,KOSDAQ,1264.0,1230.0,1231.0,1253.0,-0.026898734177215222,-0.02610759493670889,-0.008702531645569667,
472519,20250320900133,00587925,모아라이프플러스,142760,단일판매ㆍ공급계약체결,2025-03-20,KOSDAQ,1373.0,1355.0,1321.0,1299.0,-0.01310997815003645,-0.03787327021121634,-0.05389657683903859,
515382,20250204900563,00145668,이화공영,001840,단일판매ㆍ공급계약체결,2025-02-04,KOSDAQ,3632.0,3659.0,3755.0,3652.0,0.00743392070484572,0.033865638766519934,0.005506607929515406,
514433,20250205800581,01386916,SK아이이테크놀로지,361610,단일판매ㆍ공급계약체결,2025-02-05,KOSPI,23550.0,23700.0,22900.0,23300.0,0.006369426751592355,-0.027600849256900206,-0.010615711252653925,
514694,20250205900286,01286476,RF시스템즈,474610,단일판매ㆍ공급계약체결,2025-02-05,KOSDAQ,4445.0,4535.0,4700.0,6040.0,0.020247469066366763,0.057367829021372385,0.35883014623172094,
514687,20250205900300,01286476,RF시스템즈,474610,단일판매ㆍ공급계약체결(자율공시),2025-02-05,KOSDAQ,4445.0,4535.0,4700.0,6040.0,0.020247469066366763,0.057367829021372385,0.35883014623172094,
374204,20250701900098,01286476,RF시스템즈,474610,단일판매ㆍ공급계약체결,2025-07-01,KOSDAQ,4960.0,4725.0,4625.0,4435.0,-0.0473790322580645,-0.06754032258064513,-0.10584677419354838,
330944,20250923900548,01286476,RF시스템즈,474610,단일판매ㆍ공급계약체결,2025-09-23,KOSDAQ,5470.0,5010.0,4945.0,5060.0,-0.08409506398537481,-0.09597806215722116,-0.07495429616087756,
311079,20251112900582,01286476,RF시스템즈,474610,단일판매ㆍ공급계약체결,2025-11-12,KOSDAQ,4295.0,4300.0,4200.0,4055.0,0.0011641443538998875,-0.02211874272409775,-0.055878928987194376,
294554,20251208900100,01286476,RF시스템즈,474610,단일판매ㆍ공급계약체결,2025-12-08,KOSDAQ,4245.0,4150.0,4140.0,4400.0,-0.0223792697290931,-0.02473498233215543,0.036513545347467646,
95122,20260316900270,01286476,RF시스템즈,474610,단일판매ㆍ공급계약체결,2026-03-16,KOSDAQ,10910.0,10210.0,10020.0,8760.0,-0.06416131989000917,-0.081576535288726,-0.19706691109074248,
121590,20260608900572,01286476,RF시스템즈,474610,단일판매ㆍ공급계약체결,2026-06-08,KOSDAQ,8590.0,8630.0,8490.0,8340.0,0.00465657741559955,-0.011641443538998875,-0.029103608847497076,
513852,20250206900294,00411808,제이오,418550,단일판매ㆍ공급계약체결,2025-02-06,KOSDAQ,13140.0,13090.0,13210.0,13200.0,-0.003805175038051778,0.0053272450532724225,0.004566210045662045,
43002,20260408900869,00411808,제이오,418550,단일판매ㆍ공급계약체결,2026-04-08,KOSDAQ,8520.0,8330.0,8360.0,8810.0,-0.02230046948356812,-0.018779342723004744,0.034037558685446,
512660,20250207800448,00101433,경농,002100,단일판매ㆍ공급계약체결,2025-02-07,KOSPI,9130.0,9130.0,9090.0,9150.0,0.0,-0.004381161007667056,0.0021905805038335835,
260146,20260206800673,00101433,경농,002100,단일판매ㆍ공급계약체결,2026-02-06,KOSPI,9630.0,9610.0,9540.0,9790.0,-0.0020768431983385627,-0.009345794392523366,0.01661474558670828,
512656,20250207800471,00115384,동방아그로,007590,단일판매ㆍ공급계약체결,2025-02-07,KOSPI,6080.0,6060.0,6040.0,6070.0,-0.003289473684210509,-0.006578947368421018,-0.00164473684210531,
260041,20260206800849,00115384,동방아그로,007590,단일판매ㆍ공급계약체결,2026-02-06,KOSPI,5810.0,5850.0,5900.0,5880.0,0.0068846815834766595,0.015490533562822817,0.012048192771084265,
511699,20250210800338,00107987,남해화학,025860,단일판매ㆍ공급계약체결,2025-02-10,KOSPI,6510.0,6560.0,6430.0,6650.0,0.007680491551459223,-0.01228878648233489,0.021505376344086002,
258901,20260206802236,00107987,남해화학,025860,단일판매ㆍ공급계약체결,2026-02-06,KOSPI,7120.0,7170.0,7190.0,7270.0,0.0070224719101124045,0.00983146067415741,0.02106741573033699,
511466,20250210900669,01139035,티에스아이,277880,단일판매ㆍ공급계약체결,2025-02-10,KOSDAQ,5430.0,5290.0,5190.0,5520.0,-0.025782688766114226,-0.04419889502762431,0.016574585635359185,
334195,20250915900137,01139035,티에스아이,277880,단일판매ㆍ공급계약체결,2025-09-15,KOSDAQ,5550.0,5490.0,5500.0,5390.0,-0.010810810810810811,-0.009009009009009028,-0.028828828828828867,
317678,20251029900280,01139035,티에스아이,277880,단일판매ㆍ공급계약체결,2025-10-29,KOSDAQ,6300.0,6010.0,6060.0,5780.0,-0.04603174603174598,-0.03809523809523807,-0.08253968253968258,
294006,20251209900134,01139035,티에스아이,277880,단일판매ㆍ공급계약체결,2025-12-09,KOSDAQ,5580.0,5530.0,5540.0,5250.0,-0.008960573476702538,-0.007168458781361964,-0.05913978494623651,
293526,20251210900077,01139035,티에스아이,277880,단일판매ㆍ공급계약체결(자율공시),2025-12-10,KOSDAQ,5530.0,5540.0,5550.0,5170.0,0.001808318264014508,0.003616636528029016,-0.06509945750452084,
245704,20260225900980,01139035,티에스아이,277880,단일판매ㆍ공급계약체결,2026-02-25,KOSDAQ,5860.0,5830.0,5670.0,5090.0,-0.005119453924914641,-0.03242320819112632,-0.1313993174061433,
102667,20260310900877,01139035,티에스아이,277880,단일판매ㆍ공급계약체결,2026-03-10,KOSDAQ,5270.0,5350.0,5400.0,4785.0,0.015180265654648917,0.024667931688804545,-0.09203036053130931,
510694,20250211800111,00148948,조비,001550,단일판매ㆍ공급계약체결,2025-02-11,KOSPI,10940.0,10740.0,10870.0,10990.0,-0.018281535648994485,-0.006398537477148025,0.004570383912248621,
258251,20260209800235,00148948,조비,001550,단일판매ㆍ공급계약체결,2026-02-09,KOSPI,14720.0,14050.0,14940.0,15140.0,-0.04551630434782605,0.014945652173913082,0.028532608695652106,
510357,20250211900471,01169434,오가닉티코스메틱,900300,단일판매ㆍ공급계약체결(자회사의 주요경영사항),2025-02-11,KOSDAQ,22450.0,22500.0,22050.0,21350.0,0.00222717149220486,-0.017817371937639215,-0.04899777282850781,
289659,20251215901551,01169434,오가닉티코스메틱,900300,단일판매ㆍ공급계약체결(자회사의 주요경영사항),2025-12-15,KOSDAQ,15400.0,15350.0,15100.0,14000.0,-0.0032467532467532756,-0.01948051948051943,-0.09090909090909094,
15643,20260506900589,01169434,오가닉티코스메틱,900300,단일판매ㆍ공급계약체결(자회사의 주요경영사항),2026-05-06,KOSDAQ,8450.0,7600.0,6650.0,6350.0,-0.10059171597633132,-0.21301775147928992,-0.24852071005917165,
507232,20250213800812,00119007,무림P&P,009580,단일판매ㆍ공급계약체결,2025-02-13,KOSPI,2690.0,2700.0,2720.0,2730.0,0.0037174721189590088,0.011152416356877248,0.014869888475836479,
250432,20260213802008,00119007,무림P&P,009580,단일판매ㆍ공급계약체결,2026-02-13,KOSPI,2450.0,2465.0,2495.0,2530.0,0.00612244897959191,0.01836734693877551,0.03265306122448974,
508274,20250213900112,00155638,피에스텍,002230,단일판매ㆍ공급계약체결,2025-02-13,KOSDAQ,3980.0,3970.0,3950.0,3920.0,-0.002512562814070307,-0.007537688442211032,-0.015075376884422065,
505806,20250214800378,00427483,대웅제약,069620,단일판매ㆍ공급계약체결,2025-02-14,KOSPI,131900.0,136600.0,135600.0,132400.0,0.0356330553449582,0.028051554207733087,0.0037907505686125553,
505789,20250214800385,00111810,대웅,003090,단일판매ㆍ공급계약체결(자회사의 주요경영사항),2025-02-14,KOSPI,20450.0,21200.0,20700.0,21150.0,0.03667481662591676,0.012224938875305513,0.03422982885085579,
504104,20250217900506,01394669,누보,332290,단일판매ㆍ공급계약체결,2025-02-17,KOSDAQ,1008.0,1008.0,1007.0,1007.0,0.0,-0.0009920634920634885,-0.0009920634920634885,
329951,20250925900265,01394669,누보,332290,단일판매ㆍ공급계약체결,2025-09-25,KOSDAQ,1287.0,1293.0,1255.0,1226.0,0.004662004662004726,-0.024864024864024836,-0.04739704739704742,
259964,20260206900878,01394669,누보,332290,단일판매ㆍ공급계약체결,2026-02-06,KOSDAQ,1217.0,1250.0,1243.0,1257.0,0.027115858668857795,0.021364009860312283,0.03286770747740353,
503891,20250217900868,01043853,베노티앤알,206400,단일판매ㆍ공급계약체결,2025-02-17,KOSDAQ,1739.0,1734.0,1740.0,1843.0,-0.002875215641173101,0.0005750431282345314,0.05980448533640015,
4906,20260520900186,01043853,베노티앤알,206400,단일판매ㆍ공급계약체결,2026-05-20,KOSDAQ,1020.0,1012.0,1151.0,1244.0,-0.007843137254901933,0.1284313725490196,0.219607843137255,
122308,20260605900419,01043853,베노티앤알,206400,단일판매ㆍ공급계약체결,2026-06-05,KOSDAQ,983.0,910.0,990.0,999.0,-0.07426246185147511,0.007121057985757906,0.016276703967446515,
503478,20250218900155,01179866,에스지헬스케어,398120,단일판매ㆍ공급계약체결(자율공시),2025-02-18,KOSDAQ,3860.0,3725.0,3650.0,3535.0,-0.03497409326424872,-0.05440414507772018,-0.08419689119170981,
380633,20250619900252,01179866,에스지헬스케어,398120,단일판매ㆍ공급계약체결,2025-06-19,KOSDAQ,3760.0,3625.0,3535.0,3310.0,-0.03590425531914898,-0.05984042553191493,-0.11968085106382975,
339591,20250901900424,01179866,에스지헬스케어,398120,단일판매ㆍ공급계약체결,2025-09-01,KOSDAQ,3070.0,3075.0,3080.0,3165.0,0.0016286644951140072,0.0032573289902280145,0.030944625407166138,
503407,20250218900231,00418379,자연과환경,043910,단일판매ㆍ공급계약체결,2025-02-18,KOSDAQ,5990.0,6020.0,5970.0,5850.0,0.005008347245408995,-0.0033388981636059967,-0.023372287145242088,
288581,20251216901153,00418379,자연과환경,043910,단일판매ㆍ공급계약체결,2025-12-16,KOSDAQ,6330.0,6430.0,6630.0,6380.0,0.01579778830963674,0.04739336492891,0.00789889415481837,
286955,20251218900112,00418379,자연과환경,043910,단일판매ㆍ공급계약체결,2025-12-18,KOSDAQ,6630.0,6640.0,6570.0,6250.0,0.0015082956259426794,-0.009049773755656076,-0.05731523378582204,
286097,20251219900340,00418379,자연과환경,043910,단일판매ㆍ공급계약체결,2025-12-19,KOSDAQ,6640.0,6570.0,6380.0,6290.0,-0.010542168674698815,-0.03915662650602414,-0.052710843373493965,
263306,20260202902088,00418379,자연과환경,043910,단일판매ㆍ공급계약체결(자율공시),2026-02-02,KOSDAQ,5750.0,6000.0,6030.0,6160.0,0.04347826086956519,0.04869565217391303,0.07130434782608686,
77569,20260327900881,00418379,자연과환경,043910,단일판매ㆍ공급계약체결,2026-03-27,KOSDAQ,4960.0,4810.0,4700.0,4820.0,-0.030241935483870996,-0.05241935483870963,-0.028225806451612878,
14313,20260508900203,00418379,자연과환경,043910,단일판매ㆍ공급계약체결,2026-05-08,KOSDAQ,4930.0,4930.0,4930.0,4930.0,0.0,0.0,0.0,
130626,20260528900231,00418379,자연과환경,043910,단일판매ㆍ공급계약체결,2026-05-28,KOSDAQ,3570.0,3480.0,3195.0,3020.0,-0.025210084033613467,-0.10504201680672265,-0.15406162464985995,
502332,20250219800814,00142883,우신시스템,017370,단일판매ㆍ공급계약체결,2025-02-19,KOSPI,5670.0,5690.0,5780.0,6180.0,0.003527336860670305,0.01940035273368612,0.08994708994709,
501821,20250220800297,00797364,KC코트렐,119650,단일판매ㆍ공급계약체결(자율공시),2025-02-20,KOSPI,1000.0,1036.0,1044.0,1108.0,0.03600000000000003,0.04400000000000004,0.1080000000000001,
436449,20250407800210,00797364,KC코트렐,119650,단일판매ㆍ공급계약체결(자율공시),2025-04-07,KOSPI,918.0,918.0,918.0,918.0,0.0,0.0,0.0,
304545,20251120800673,00797364,KC코트렐,119650,단일판매ㆍ공급계약체결,2025-11-20,KOSPI,918.0,918.0,918.0,918.0,0.0,0.0,0.0,
274732,20260112800479,00797364,KC코트렐,119650,단일판매ㆍ공급계약체결(자율공시),2026-01-12,KOSPI,918.0,918.0,918.0,918.0,0.0,0.0,0.0,
501416,20250220800843,00129554,갤럭시아에스엠,011420,단일판매ㆍ공급계약체결,2025-02-20,KOSPI,2220.0,2040.0,2040.0,2200.0,-0.08108108108108103,-0.08108108108108103,-0.009009009009009028,
410019,20250425800706,00129554,갤럭시아에스엠,011420,단일판매ㆍ공급계약체결,2025-04-25,KOSPI,2385.0,2330.0,2315.0,2345.0,-0.023060796645702264,-0.02935010482180289,-0.016771488469601636,
79504,20260326802257,00129554,갤럭시아에스엠,011420,단일판매ㆍ공급계약체결,2026-03-26,KOSPI,1825.0,1797.0,1780.0,1724.0,-0.015342465753424683,-0.024657534246575352,-0.05534246575342461,
500775,20250221900353,00602136,디와이피엔에프,104460,단일판매ㆍ공급계약체결,2025-02-21,KOSDAQ,14300.0,14800.0,14320.0,14450.0,0.034965034965035,0.0013986013986013734,0.010489510489510412,
287651,20251217900275,00602136,디와이피엔에프,104460,단일판매ㆍ공급계약체결,2025-12-17,KOSDAQ,14160.0,13720.0,13840.0,13850.0,-0.031073446327683607,-0.02259887005649719,-0.021892655367231617,
500492,20250221900637,01462605,지투파워,388050,단일판매ㆍ공급계약체결,2025-02-21,KOSDAQ,8600.0,8340.0,8130.0,7930.0,-0.03023255813953485,-0.054651162790697705,-0.07790697674418601,
319045,20251027900053,01462605,지투파워,388050,단일판매ㆍ공급계약체결(자율공시),2025-10-27,KOSDAQ,9120.0,9040.0,9240.0,9010.0,-0.00877192982456143,0.013157894736842035,-0.01206140350877194,
499746,20250224800221,00130879,서울식품공업,004410,단일판매ㆍ공급계약체결,2025-02-24,KOSPI,1440.0,1450.0,1460.0,1450.0,0.00694444444444442,0.01388888888888884,0.00694444444444442,
490799,20250304800353,00159795,한국카본,017960,단일판매ㆍ공급계약체결,2025-03-04,KOSPI,15250.0,16250.0,15820.0,15360.0,0.06557377049180335,0.037377049180327804,0.00721311475409836,
284018,20251223800845,00159795,한국카본,017960,단일판매ㆍ공급계약체결,2025-12-23,KOSPI,34300.0,31800.0,31400.0,27750.0,-0.07288629737609331,-0.08454810495626819,-0.19096209912536444,
99182,20260312800227,00159795,한국카본,017960,단일판매ㆍ공급계약체결,2026-03-12,KOSPI,47800.0,46550.0,45850.0,48350.0,-0.026150627615062816,-0.04079497907949792,0.011506276150627714,
99174,20260312800229,00159795,한국카본,017960,단일판매ㆍ공급계약체결,2026-03-12,KOSPI,47800.0,46550.0,45850.0,48350.0,-0.026150627615062816,-0.04079497907949792,0.011506276150627714,
4425,20260521800082,00159795,한국카본,017960,단일판매ㆍ공급계약체결,2026-05-21,KOSPI,35750.0,36800.0,36500.0,32250.0,0.029370629370629286,0.020979020979021046,-0.09790209790209792,
490332,20250304800934,01267170,SK케미칼,285130,단일판매ㆍ공급계약체결,2025-03-04,KOSPI,40650.0,42300.0,42300.0,41800.0,0.040590405904058935,0.040590405904058935,0.02829028290282909,
490947,20250304900144,00962922,팬젠,222110,단일판매ㆍ공급계약체결,2025-03-04,KOSDAQ,5240.0,5240.0,5070.0,5010.0,0.0,-0.03244274809160308,-0.043893129770992356,
447306,20250402900217,00962922,팬젠,222110,단일판매ㆍ공급계약체결,2025-04-02,KOSDAQ,4590.0,4630.0,4710.0,4520.0,0.008714596949890963,0.02614379084967311,-0.015250544662309351,
114700,20260622900231,00962922,팬젠,222110,단일판매ㆍ공급계약체결,2026-06-22,KOSDAQ,4850.0,4540.0,4595.0,,-0.06391752577319587,-0.0525773195876289,,
490907,20250304900207,00536888,케이알엠,093640,단일판매ㆍ공급계약체결,2025-03-04,KOSDAQ,4155.0,4030.0,4225.0,4015.0,-0.030084235860409092,0.016847172081829065,-0.03369434416365824,
490805,20250304900346,00145914,인터엠,017250,단일판매ㆍ공급계약체결,2025-03-04,KOSDAQ,1084.0,1085.0,1076.0,1115.0,0.0009225092250921829,-0.0073800738007380184,0.02859778597785967,
347425,20250820900464,00145914,인터엠,017250,단일판매ㆍ공급계약체결,2025-08-20,KOSDAQ,1077.0,1069.0,1075.0,1078.0,-0.00742804085422466,-0.0018570102135562205,0.0009285051067779992,
489692,20250305800602,01060744,한솔제지,213500,단일판매ㆍ공급계약체결,2025-03-05,KOSPI,8850.0,8960.0,8970.0,8800.0,0.012429378531073398,0.013559322033898313,-0.005649717514124242,
489593,20250305800665,00171636,한솔홀딩스,004150,단일판매ㆍ공급계약체결(자회사의 주요경영사항),2025-03-05,KOSPI,2480.0,2480.0,2465.0,2465.0,0.0,-0.006048387096774244,-0.006048387096774244,
489578,20250305900730,00373571,스타코링크,060240,단일판매ㆍ공급계약체결,2025-03-05,KOSDAQ,6970.0,6970.0,6970.0,6970.0,0.0,0.0,0.0,
486663,20250307901356,00614593,넥스트아이,137940,단일판매ㆍ공급계약체결,2025-03-07,KOSDAQ,4030.0,4160.0,4030.0,4220.0,0.032258064516129004,0.0,0.04714640198511155,
486231,20250310900107,00346911,아이톡시,052770,단일판매ㆍ공급계약체결,2025-03-10,KOSDAQ,5570.0,5327.0,5467.0,3654.0,-0.04362657091561939,-0.01849192100538599,-0.34398563734290843,
486215,20250310900140,01293953,싸이버원,356890,단일판매ㆍ공급계약체결,2025-03-10,KOSDAQ,4250.0,4085.0,4050.0,4255.0,-0.0388235294117647,-0.04705882352941182,0.0011764705882353343,
250282,20260219900154,01293953,싸이버원,356890,단일판매ㆍ공급계약체결(자율공시),2026-02-19,KOSDAQ,3780.0,3800.0,3800.0,3645.0,0.005291005291005346,0.005291005291005346,-0.0357142857142857,
486171,20250310900196,00667373,현대힘스,460930,단일판매ㆍ공급계약체결(자율공시),2025-03-10,KOSDAQ,17090.0,16530.0,16410.0,16420.0,-0.0327677004095962,-0.03978935049736687,-0.03920421299005261,
374236,20250701900038,00667373,현대힘스,460930,단일판매ㆍ공급계약체결(자율공시),2025-07-01,KOSDAQ,18710.0,18840.0,18880.0,18830.0,0.006948156066274747,0.00908605024051301,0.006413682522715236,
316770,20251030900472,00667373,현대힘스,460930,단일판매ㆍ공급계약체결(자율공시),2025-10-30,KOSDAQ,22050.0,22700.0,22550.0,20650.0,0.02947845804988658,0.0226757369614512,-0.06349206349206349,
484206,20250311800798,00398701,엘앤에프,066970,단일판매ㆍ공급계약체결,2025-03-11,KOSPI,79800.0,75500.0,76100.0,73700.0,-0.053884711779448646,-0.04636591478696739,-0.0764411027568922,
84058,20260324800257,00398701,엘앤에프,066970,단일판매ㆍ공급계약체결,2026-03-24,KOSPI,125000.0,145300.0,144500.0,143900.0,0.1624000000000001,0.15599999999999992,0.1512,
482898,20250312900269,01513699,포바이포,389140,단일판매ㆍ공급계약체결(자율공시),2025-03-12,KOSDAQ,6930.0,6511.0,6697.0,6400.0,-0.06046176046176044,-0.033621933621933664,-0.07647907647907648,
376235,20250627900281,01513699,포바이포,389140,단일판매ㆍ공급계약체결(자율공시),2025-06-27,KOSDAQ,13200.0,13200.0,13014.0,14223.0,0.0,-0.014090909090909043,0.0774999999999999,
375097,20250630900316,01513699,포바이포,389140,단일판매ㆍ공급계약체결,2025-06-30,KOSDAQ,13200.0,13014.0,12567.0,13367.0,-0.014090909090909043,-0.04795454545454547,0.012651515151515191,
278199,20260105900701,01513699,포바이포,389140,단일판매ㆍ공급계약체결(자율공시),2026-01-05,KOSDAQ,6840.0,6820.0,6630.0,6720.0,-0.0029239766081871066,-0.030701754385964897,-0.01754385964912286,
482856,20250312900319,01237434,플리토,300080,단일판매ㆍ공급계약체결,2025-03-12,KOSDAQ,6480.0,6294.0,7104.0,7187.0,-0.028703703703703676,0.09629629629629632,0.10910493827160495,
478895,20250314900154,01237434,플리토,300080,단일판매ㆍ공급계약체결,2025-03-14,KOSDAQ,7104.0,7037.0,7137.0,6637.0,-0.009431306306306286,0.004645270270270174,-0.06573761261261257,
475788,20250317901186,01237434,플리토,300080,단일판매ㆍ공급계약체결,2025-03-17,KOSDAQ,7037.0,7137.0,7187.0,6721.0,0.014210601108426868,0.021315901662640302,-0.04490549950262901,
373115,20250702900558,01237434,플리토,300080,단일판매ㆍ공급계약체결,2025-07-02,KOSDAQ,12160.0,13330.0,12850.0,12170.0,0.09621710526315796,0.05674342105263164,0.000822368421052655,
324861,20251010900182,01237434,플리토,300080,단일판매ㆍ공급계약체결,2025-10-10,KOSDAQ,11300.0,12900.0,13250.0,13880.0,0.1415929203539823,0.17256637168141586,0.22831858407079642,
55804,20260403900789,01237434,플리토,300080,단일판매ㆍ공급계약체결,2026-04-03,KOSDAQ,11200.0,10950.0,10910.0,11240.0,-0.022321428571428603,-0.025892857142857162,0.0035714285714285587,
482768,20250312900438,00384717,비엘팜텍,065170,단일판매ㆍ공급계약체결,2025-03-12,KOSDAQ,1610.0,1589.0,1521.0,1679.0,-0.013043478260869601,-0.055279503105590044,0.04285714285714293,
480949,20250313900603,01357765,큐라티스,348080,단일판매ㆍ공급계약체결,2025-03-13,KOSDAQ,690.0,666.0,646.0,600.0,-0.034782608695652195,-0.06376811594202902,-0.13043478260869568,
283506,20251224900220,01357765,큐라티스,348080,단일판매ㆍ공급계약체결,2025-12-24,KOSDAQ,1160.0,1217.0,1320.0,1300.0,0.04913793103448283,0.13793103448275867,0.1206896551724137,
41937,20260408901360,01357765,큐라티스,348080,단일판매ㆍ공급계약체결,2026-04-08,KOSDAQ,921.0,929.0,917.0,805.0,0.008686210640608039,-0.004343105320304019,-0.12595005428881645,
23466,20260423900634,01357765,큐라티스,348080,단일판매ㆍ공급계약체결,2026-04-23,KOSDAQ,904.0,876.0,866.0,848.0,-0.030973451327433676,-0.042035398230088505,-0.06194690265486724,
480870,20250313900702,01051092,피씨엘,241820,단일판매ㆍ공급계약체결,2025-03-13,KOSDAQ,6380.0,6420.0,6260.0,6140.0,0.006269592476489061,-0.018808777429467072,-0.037617554858934144,
479062,20250314800002,00126362,삼성SDI,006400,단일판매ㆍ공급계약체결(자율공시),2025-03-14,KOSPI,187386.0,186407.0,186799.0,196296.0,-0.005224509835313196,-0.003132571269998774,0.047548909737120226,
478096,20250314800943,01867758,한화비전,489790,단일판매ㆍ공급계약체결(자회사의 주요경영사항),2025-03-14,KOSPI,62800.0,59100.0,58300.0,53700.0,-0.05891719745222934,-0.07165605095541405,-0.14490445859872614,
463327,20250327800127,01867758,한화비전,489790,단일판매ㆍ공급계약체결(자회사의 주요경영사항),2025-03-27,KOSPI,58300.0,55800.0,56700.0,56200.0,-0.04288164665523153,-0.027444253859348233,-0.03602058319039447,
397115,20250516800295,01867758,한화비전,489790,단일판매ㆍ공급계약체결(자회사의 주요경영사항),2025-05-16,KOSPI,59500.0,59100.0,57900.0,56700.0,-0.006722689075630228,-0.026890756302521024,-0.04705882352941182,
475718,20250317901258,00369213,폴라리스AI,039980,단일판매ㆍ공급계약체결(자율공시),2025-03-17,KOSDAQ,13509.0,13484.0,13634.0,12458.0,-0.001850618106447599,0.009253090532237662,-0.07779998519505515,
474312,20250318901464,01506617,쓰리빌리언,394800,단일판매ㆍ공급계약체결,2025-03-18,KOSDAQ,6040.0,6200.0,6140.0,6060.0,0.026490066225165476,0.01655629139072845,0.0033112582781456013,
373558,20250702900095,01506617,쓰리빌리언,394800,단일판매ㆍ공급계약체결,2025-07-02,KOSDAQ,7450.0,7690.0,7300.0,6790.0,0.03221476510067123,-0.020134228187919434,-0.0885906040268456,
40251,20260409900628,01506617,쓰리빌리언,394800,단일판매ㆍ공급계약체결(자율공시),2026-04-09,KOSDAQ,11200.0,11370.0,10750.0,12200.0,0.015178571428571486,-0.0401785714285714,0.08928571428571419,
117906,20260615900204,01506617,쓰리빌리언,394800,단일판매ㆍ공급계약체결(자율공시),2026-06-15,KOSDAQ,7040.0,7270.0,7410.0,6480.0,0.032670454545454586,0.05255681818181812,-0.07954545454545459,
474018,20250318901890,01409022,페니트리움바이오,187660,단일판매ㆍ공급계약체결,2025-03-18,KOSDAQ,1833.0,1786.0,1810.0,1766.0,-0.02564102564102566,-0.012547735951991323,-0.03655210038188761,
400993,20250514901081,01409022,페니트리움바이오,187660,단일판매ㆍ공급계약체결,2025-05-14,KOSDAQ,1529.0,1523.0,1484.0,1498.0,-0.003924133420536324,-0.029431000654022266,-0.020274689339437546,
468811,20250321901730,01605282,닷밀,464580,단일판매ㆍ공급계약체결,2025-03-21,KOSDAQ,2845.0,2905.0,2900.0,2780.0,0.02108963093145877,0.019332161687170446,-0.02284710017574687,
379376,20250623900049,01605282,닷밀,464580,단일판매ㆍ공급계약체결,2025-06-23,KOSDAQ,3705.0,3705.0,3395.0,3045.0,0.0,-0.08367071524966263,-0.17813765182186236,
282719,20251226900123,01605282,닷밀,464580,단일판매ㆍ공급계약체결,2025-12-26,KOSDAQ,2470.0,2470.0,2480.0,2680.0,0.0,0.004048582995951344,0.08502024291497978,
282666,20251226900194,01605282,닷밀,464580,단일판매ㆍ공급계약체결,2025-12-26,KOSDAQ,2470.0,2470.0,2480.0,2680.0,0.0,0.004048582995951344,0.08502024291497978,
278638,20260105900065,01605282,닷밀,464580,단일판매ㆍ공급계약체결(자율공시),2026-01-05,KOSDAQ,2600.0,2680.0,2545.0,2545.0,0.03076923076923066,-0.02115384615384619,-0.02115384615384619,
464978,20250326900595,00838962,알서포트,131370,단일판매ㆍ공급계약체결(자율공시),2025-03-26,KOSDAQ,2745.0,2955.0,2985.0,3090.0,0.07650273224043724,0.08743169398907114,0.12568306010928953,
463731,20250326902422,00833064,엠플러스,259630,단일판매ㆍ공급계약체결,2025-03-26,KOSDAQ,8550.0,8190.0,8010.0,7830.0,-0.04210526315789476,-0.06315789473684208,-0.08421052631578951,
365021,20250724900052,00833064,엠플러스,259630,단일판매ㆍ공급계약체결,2025-07-24,KOSDAQ,8970.0,8840.0,8740.0,8790.0,-0.01449275362318836,-0.02564102564102566,-0.02006688963210701,
463306,20250327800161,00416654,유엔젤,072130,단일판매ㆍ공급계약체결(자율공시),2025-03-27,KOSPI,5330.0,5150.0,5150.0,5450.0,-0.0337711069418386,-0.0337711069418386,0.022514071294559068,
79894,20260326801757,00416654,유엔젤,072130,단일판매ㆍ공급계약체결(자율공시),2026-03-26,KOSPI,5420.0,5300.0,5200.0,5150.0,-0.022140221402214055,-0.040590405904059046,-0.04981549815498154,
462276,20250327901406,00364847,이글루,067920,단일판매ㆍ공급계약체결,2025-03-27,KOSDAQ,5140.0,5120.0,5070.0,5200.0,-0.0038910505836575737,-0.013618677042801508,0.011673151750972721,
461521,20250328900082,01042429,넥써쓰,205500,단일판매ㆍ공급계약체결,2025-03-28,KOSDAQ,2680.0,2600.0,2565.0,2530.0,-0.02985074626865669,-0.042910447761194015,-0.05597014925373134,
281747,20251229900405,01042429,넥써쓰,205500,단일판매ㆍ공급계약체결,2025-12-29,KOSDAQ,1899.0,1947.0,2215.0,2180.0,0.025276461295418606,0.1664033701948393,0.14797261716693,
460450,20250328901047,00531917,톱텍,108230,단일판매ㆍ공급계약체결,2025-03-28,KOSDAQ,4470.0,4225.0,4250.0,4035.0,-0.05480984340044748,-0.04921700223713643,-0.09731543624161076,
460203,20250328901454,00985686,큐브엔터,182360,단일판매ㆍ공급계약체결,2025-03-28,KOSDAQ,18130.0,17050.0,17300.0,17670.0,-0.05956977385548812,-0.04578047435190291,-0.025372311086596766,
454935,20250331802258,00104786,미래아이앤지,007120,단일판매ㆍ공급계약체결,2025-03-31,KOSPI,787.0,817.0,830.0,887.0,0.03811944091486663,0.054637865311308875,0.12706480304955536,
415174,20250416800244,00104786,미래아이앤지,007120,단일판매ㆍ공급계약체결,2025-04-16,KOSPI,940.0,954.0,1033.0,1090.0,0.014893617021276562,0.09893617021276602,0.15957446808510634,
372179,20250704800577,00104786,미래아이앤지,007120,단일판매ㆍ공급계약체결,2025-07-04,KOSPI,1014.0,1011.0,1011.0,1033.0,-0.00295857988165682,-0.00295857988165682,0.018737672583826415,
80073,20260326801323,00104786,미래아이앤지,007120,단일판매ㆍ공급계약체결,2026-03-26,KOSPI,2150.0,2120.0,2050.0,1890.0,-0.013953488372092981,-0.046511627906976716,-0.1209302325581395,
456234,20250331900873,01174038,자비스,254120,단일판매ㆍ공급계약체결,2025-03-31,KOSDAQ,1541.0,1560.0,1528.0,1490.0,0.012329656067488592,-0.008436080467229101,-0.0330953926022064,
447649,20250402900189,01498974,큐리옥스바이오시스템즈,445680,단일판매ㆍ공급계약체결,2025-04-02,KOSDAQ,17940.0,18310.0,18340.0,18600.0,0.02062430323299891,0.02229654403567438,0.03678929765886285,
444168,20250403900187,01165155,모비스,250060,단일판매ㆍ공급계약체결,2025-04-03,KOSDAQ,2305.0,2345.0,2200.0,2310.0,0.017353579175704903,-0.045553145336225564,0.002169197396963085,
254237,20260212900439,01165155,모비스,250060,단일판매ㆍ공급계약체결,2026-02-12,KOSDAQ,5930.0,5660.0,5710.0,5740.0,-0.04553119730185495,-0.03709949409780777,-0.03204047217537942,
442697,20250403900464,00404941,한텍,098070,단일판매ㆍ공급계약체결,2025-04-03,KOSDAQ,33150.0,30350.0,29750.0,42750.0,-0.08446455505279038,-0.10256410256410253,0.28959276018099556,
333370,20250917900032,00404941,한텍,098070,단일판매ㆍ공급계약체결,2025-09-17,KOSDAQ,49500.0,48250.0,45900.0,46850.0,-0.025252525252525304,-0.07272727272727275,-0.05353535353535355,
321277,20251021900154,00404941,한텍,098070,단일판매ㆍ공급계약체결,2025-10-21,KOSDAQ,39400.0,40300.0,39650.0,44000.0,0.02284263959390853,0.006345177664974555,0.11675126903553301,
268241,20260127900139,00404941,한텍,098070,단일판매ㆍ공급계약체결,2026-01-27,KOSDAQ,37250.0,36800.0,37400.0,36950.0,-0.012080536912751683,0.00402684563758382,-0.008053691275167751,
439436,20250404900515,00626464,지엔씨에너지,119850,단일판매ㆍ공급계약체결,2025-04-04,KOSDAQ,15290.0,13750.0,14700.0,16950.0,-0.1007194244604317,-0.038587311968606985,0.10856769130150434,
356689,20250811900251,00626464,지엔씨에너지,119850,단일판매ㆍ공급계약체결,2025-08-11,KOSDAQ,37000.0,32700.0,31450.0,31400.0,-0.11621621621621625,-0.15000000000000002,-0.15135135135135136,
347746,20250820900044,00626464,지엔씨에너지,119850,단일판매ㆍ공급계약체결,2025-08-20,KOSDAQ,30150.0,31550.0,32500.0,30350.0,0.046434494195688236,0.07794361525704807,0.0066334991708125735,
341124,20250829900222,00626464,지엔씨에너지,119850,단일판매ㆍ공급계약체결(자율공시),2025-08-29,KOSDAQ,28750.0,27950.0,29200.0,30050.0,-0.02782608695652178,0.01565217391304352,0.045217391304347876,
338781,20250903900025,00626464,지엔씨에너지,119850,단일판매ㆍ공급계약체결(자율공시),2025-09-03,KOSDAQ,31300.0,30150.0,30050.0,34750.0,-0.036741214057507965,-0.039936102236421744,0.110223642172524,
302978,20251125900177,00626464,지엔씨에너지,119850,단일판매ㆍ공급계약체결(자율공시),2025-11-25,KOSDAQ,28300.0,29900.0,29850.0,31100.0,0.05653710247349819,0.05477031802120136,0.09893992932862195,
279831,20251231900163,00626464,지엔씨에너지,119850,단일판매ㆍ공급계약체결,2025-12-31,KOSDAQ,31050.0,32650.0,32900.0,32100.0,0.05152979066022545,0.05958132045088571,0.033816425120772875,
120505,20260610900164,00626464,지엔씨에너지,119850,단일판매ㆍ공급계약체결,2026-06-10,KOSDAQ,21400.0,21250.0,22000.0,24350.0,-0.007009345794392496,0.028037383177569986,0.1378504672897196,
439103,20250404900585,00260657,오상헬스케어,036220,단일판매ㆍ공급계약체결,2025-04-04,KOSDAQ,12980.0,12180.0,12320.0,12870.0,-0.06163328197226503,-0.05084745762711862,-0.008474576271186418,
11423,20260513900560,00260657,오상헬스케어,036220,단일판매ㆍ공급계약체결(자율공시),2026-05-13,KOSDAQ,8950.0,9180.0,8540.0,7410.0,0.025698324022346286,-0.045810055865921795,-0.1720670391061453,
430284,20250408900612,00611736,엑시콘,092870,단일판매ㆍ공급계약체결,2025-04-08,KOSDAQ,10920.0,10120.0,10710.0,10880.0,-0.07326007326007322,-0.019230769230769273,-0.00366300366300365,
384126,20250611900143,00611736,엑시콘,092870,단일판매ㆍ공급계약체결,2025-06-11,KOSDAQ,11700.0,11220.0,10750.0,10790.0,-0.04102564102564099,-0.08119658119658124,-0.07777777777777772,
328384,20250929900126,00611736,엑시콘,092870,단일판매ㆍ공급계약체결,2025-09-29,KOSDAQ,14750.0,15200.0,15230.0,15650.0,0.03050847457627115,0.03254237288135586,0.0610169491525423,
317594,20251029900409,00611736,엑시콘,092870,단일판매ㆍ공급계약체결,2025-10-29,KOSDAQ,16400.0,16010.0,16040.0,14630.0,-0.02378048780487807,-0.02195121951219514,-0.10792682926829267,
107896,20260304901110,00611736,엑시콘,092870,단일판매ㆍ공급계약체결,2026-03-04,KOSDAQ,24500.0,30400.0,30850.0,30200.0,0.24081632653061225,0.25918367346938775,0.2326530612244897,
15906,20260506900318,00611736,엑시콘,092870,단일판매ㆍ공급계약체결,2026-05-06,KOSDAQ,40750.0,38050.0,37550.0,33650.0,-0.06625766871165639,-0.07852760736196318,-0.17423312883435582,
123195,20260604900245,00611736,엑시콘,092870,단일판매ㆍ공급계약체결,2026-06-04,KOSDAQ,29700.0,25250.0,23300.0,27650.0,-0.14983164983164987,-0.2154882154882155,-0.06902356902356899,
425883,20250410900188,01454341,플래티어,367000,단일판매ㆍ공급계약체결,2025-04-10,KOSDAQ,4360.0,4590.0,4700.0,4825.0,0.05275229357798161,0.07798165137614688,0.1066513761467891,
318876,20251027900246,01454341,플래티어,367000,단일판매ㆍ공급계약체결,2025-10-27,KOSDAQ,5000.0,4790.0,4740.0,4550.0,-0.04200000000000004,-0.052000000000000046,-0.08999999999999997,
267595,20260128900059,01454341,플래티어,367000,단일판매ㆍ공급계약체결,2026-01-28,KOSDAQ,4185.0,4190.0,4200.0,4095.0,0.0011947431302270495,0.0035842293906809264,-0.021505376344086002,
125509,20260601900738,01454341,플래티어,367000,단일판매ㆍ공급계약체결(자율공시),2026-06-01,KOSDAQ,3290.0,3190.0,3185.0,2915.0,-0.03039513677811545,-0.03191489361702127,-0.11398176291793316,
121102,20260609900201,01454341,플래티어,367000,단일판매ㆍ공급계약체결(자율공시),2026-06-09,KOSDAQ,2915.0,2985.0,2880.0,2970.0,0.02401372212692965,-0.012006861063464824,0.018867924528301883,
419465,20250411900564,01336762,스피어,347700,단일판매ㆍ공급계약체결,2025-04-11,KOSDAQ,7800.0,7730.0,7760.0,8180.0,-0.008974358974358942,-0.00512820512820511,0.04871794871794877,
413074,20250421900388,01336762,스피어,347700,단일판매ㆍ공급계약체결,2025-04-21,KOSDAQ,8500.0,8690.0,9120.0,9850.0,0.022352941176470686,0.07294117647058829,0.1588235294117648,
411018,20250424900780,01336762,스피어,347700,단일판매ㆍ공급계약체결,2025-04-24,KOSDAQ,9340.0,9600.0,9850.0,9540.0,0.027837259100642386,0.054603854389721596,0.021413276231263323,
410161,20250425900592,01336762,스피어,347700,단일판매ㆍ공급계약체결,2025-04-25,KOSDAQ,9600.0,9850.0,9780.0,9750.0,0.02604166666666674,0.018750000000000044,0.015625,
409051,20250428900713,01336762,스피어,347700,단일판매ㆍ공급계약체결,2025-04-28,KOSDAQ,9850.0,9780.0,9800.0,9200.0,-0.007106598984771617,-0.005076142131979711,-0.06598984771573602,
406441,20250430900857,01336762,스피어,347700,단일판매ㆍ공급계약체결,2025-04-30,KOSDAQ,9800.0,9540.0,9750.0,9200.0,-0.026530612244897944,-0.005102040816326481,-0.061224489795918324,
405052,20250507900445,01336762,스피어,347700,단일판매ㆍ공급계약체결,2025-05-07,KOSDAQ,9750.0,9200.0,9220.0,10550.0,-0.05641025641025643,-0.05435897435897441,0.08205128205128198,
405014,20250507900496,01336762,스피어,347700,단일판매ㆍ공급계약체결,2025-05-07,KOSDAQ,9750.0,9200.0,9220.0,10550.0,-0.05641025641025643,-0.05435897435897441,0.08205128205128198,
404815,20250507900776,01336762,스피어,347700,단일판매ㆍ공급계약체결,2025-05-07,KOSDAQ,9750.0,9200.0,9220.0,10550.0,-0.05641025641025643,-0.05435897435897441,0.08205128205128198,
384875,20250609900502,01336762,스피어,347700,단일판매ㆍ공급계약체결,2025-06-09,KOSDAQ,8790.0,9490.0,9470.0,9940.0,0.07963594994311718,0.07736063708759944,0.13083048919226403,
379095,20250623900416,01336762,스피어,347700,단일판매ㆍ공급계약체결,2025-06-23,KOSDAQ,10510.0,10520.0,10480.0,10660.0,0.0009514747859182826,-0.0028544243577545148,0.014272121788772685,
375685,20250627900807,01336762,스피어,347700,단일판매ㆍ공급계약체결,2025-06-27,KOSDAQ,11140.0,10660.0,10180.0,9740.0,-0.04308797127468578,-0.08617594254937166,-0.125673249551167,
367797,20250716900443,01336762,스피어,347700,단일판매ㆍ공급계약체결,2025-07-16,KOSDAQ,11570.0,11550.0,11570.0,10850.0,-0.0017286084701815252,0.0,-0.06222990492653413,
361071,20250731900568,01336762,스피어,347700,단일판매ㆍ공급계약체결,2025-07-31,KOSDAQ,10900.0,14170.0,14170.0,12220.0,0.30000000000000004,0.30000000000000004,0.12110091743119256,
328163,20250929900332,01336762,스피어,347700,단일판매ㆍ공급계약체결,2025-09-29,KOSDAQ,10090.0,10420.0,10150.0,11190.0,0.03270564915758167,0.005946481665014769,0.10901883052527261,
302652,20251125900485,01336762,스피어,347700,단일판매ㆍ공급계약체결,2025-11-25,KOSDAQ,8560.0,8650.0,8800.0,8210.0,0.010514018691588856,0.028037383177569986,-0.04088785046728971,
301798,20251126900614,01336762,스피어,347700,단일판매ㆍ공급계약체결,2025-11-26,KOSDAQ,8650.0,8800.0,8800.0,7860.0,0.01734104046242768,0.01734104046242768,-0.09132947976878614,
296324,20251202900546,01336762,스피어,347700,단일판매ㆍ공급계약체결,2025-12-02,KOSDAQ,8210.0,7860.0,7320.0,8450.0,-0.042630937880633324,-0.10840438489646775,0.02923264311814866,
294293,20251208900454,01336762,스피어,347700,단일판매ㆍ공급계약체결,2025-12-08,KOSDAQ,8660.0,8450.0,8100.0,12040.0,-0.024249422632794504,-0.0646651270207852,0.39030023094688215,
292350,20251211900453,01336762,스피어,347700,단일판매ㆍ공급계약체결,2025-12-11,KOSDAQ,9480.0,11360.0,12040.0,12550.0,0.19831223628691985,0.27004219409282704,0.3238396624472575,
285860,20251219900660,01336762,스피어,347700,단일판매ㆍ공급계약체결,2025-12-19,KOSDAQ,12960.0,14010.0,13000.0,13680.0,0.0810185185185186,0.0030864197530864335,0.05555555555555558,
284091,20251223900758,01336762,스피어,347700,단일판매ㆍ공급계약체결,2025-12-23,KOSDAQ,13000.0,13300.0,13010.0,19090.0,0.023076923076922995,0.0007692307692308553,0.4684615384615385,
282364,20251226900549,01336762,스피어,347700,단일판매ㆍ공급계약체결,2025-12-26,KOSDAQ,13010.0,13680.0,14690.0,19100.0,0.051498847040737816,0.12913143735588006,0.4681014604150653,
279628,20251231900365,01336762,스피어,347700,단일판매ㆍ공급계약체결,2025-12-31,KOSDAQ,19090.0,19100.0,19100.0,18750.0,0.0005238344683080598,0.0005238344683080598,-0.01781037192247248,
279624,20251231900400,01336762,스피어,347700,단일판매ㆍ공급계약체결,2025-12-31,KOSDAQ,19090.0,19100.0,19100.0,18750.0,0.0005238344683080598,0.0005238344683080598,-0.01781037192247248,
274647,20260112900567,01336762,스피어,347700,단일판매ㆍ공급계약체결,2026-01-12,KOSDAQ,19250.0,17690.0,17250.0,18380.0,-0.08103896103896102,-0.10389610389610393,-0.04519480519480523,
250086,20260219900472,01336762,스피어,347700,단일판매ㆍ공급계약체결,2026-02-19,KOSDAQ,44100.0,45650.0,45600.0,42300.0,0.035147392290249435,0.03401360544217691,-0.04081632653061229,
250066,20260219900500,01336762,스피어,347700,단일판매ㆍ공급계약체결,2026-02-19,KOSDAQ,44100.0,45650.0,45600.0,42300.0,0.035147392290249435,0.03401360544217691,-0.04081632653061229,
82177,20260325900589,01336762,스피어,347700,단일판매ㆍ공급계약체결,2026-03-25,KOSDAQ,46150.0,50100.0,50900.0,49200.0,0.08559046587215602,0.10292524377031409,0.06608884073672816,
15785,20260506900474,01336762,스피어,347700,단일판매ㆍ공급계약체결,2026-05-06,KOSDAQ,42300.0,40550.0,41650.0,42500.0,-0.04137115839243499,-0.015366430260047248,0.004728132387706863,
121626,20260608900509,01336762,스피어,347700,단일판매ㆍ공급계약체결,2026-06-08,KOSDAQ,29150.0,28100.0,29650.0,35200.0,-0.03602058319039447,0.0171526586620927,0.2075471698113207,
119876,20260610901022,01336762,스피어,347700,단일판매ㆍ공급계약체결,2026-06-10,KOSDAQ,29650.0,38500.0,36700.0,30000.0,0.2984822934232716,0.23777403035413158,0.01180438448566612,
117896,20260615900219,01336762,스피어,347700,단일판매ㆍ공급계약체결,2026-06-15,KOSDAQ,35200.0,32900.0,30000.0,22150.0,-0.06534090909090906,-0.1477272727272727,-0.37073863636363635,
415719,20250415800443,00159209,한전기술,052690,단일판매ㆍ공급계약체결,2025-04-15,KOSPI,57200.0,56800.0,57300.0,62900.0,-0.006993006993006978,0.0017482517482516613,0.09965034965034958,
362744,20250729800143,00159209,한전기술,052690,단일판매ㆍ공급계약체결,2025-07-29,KOSPI,95100.0,93500.0,92300.0,90100.0,-0.01682439537329128,-0.029442691903259766,-0.05257623554153523,
291021,20251212801320,00159209,한전기술,052690,단일판매ㆍ공급계약체결,2025-12-12,KOSPI,103900.0,96900.0,92800.0,89800.0,-0.06737247353224252,-0.10683349374398465,-0.1357074109720885,
283302,20251224800396,00159209,한전기술,052690,단일판매ㆍ공급계약체결,2025-12-24,KOSPI,91000.0,90000.0,90300.0,94000.0,-0.01098901098901095,-0.007692307692307665,0.03296703296703307,
283282,20251224800437,00159209,한전기술,052690,단일판매ㆍ공급계약체결,2025-12-24,KOSPI,91000.0,90000.0,90300.0,94000.0,-0.01098901098901095,-0.007692307692307665,0.03296703296703307,
111424,20260227800550,00159209,한전기술,052690,단일판매ㆍ공급계약체결,2026-02-27,KOSPI,175100.0,159600.0,132900.0,147700.0,-0.08852084523129644,-0.24100513992004569,-0.1564820102798401,
27377,20260416800301,00159209,한전기술,052690,단일판매ㆍ공급계약체결,2026-04-16,KOSPI,189100.0,183000.0,179000.0,189200.0,-0.032258064516129004,-0.053410893707033336,0.0005288207297726721,
415186,20250416900224,01116502,아티스트컴퍼니,321820,단일판매ㆍ공급계약체결,2025-04-16,KOSDAQ,11730.0,11950.0,11900.0,11900.0,0.018755328218243772,0.01449275362318847,0.01449275362318847,
400907,20250514901182,01116502,아티스트컴퍼니,321820,단일판매ㆍ공급계약체결,2025-05-14,KOSDAQ,13270.0,13630.0,13520.0,13460.0,0.027128862094951023,0.018839487565938118,0.014318010550113058,
23440,20260423900696,01116502,아티스트컴퍼니,321820,단일판매ㆍ공급계약체결,2026-04-23,KOSDAQ,5240.0,5310.0,4835.0,4805.0,0.013358778625954137,-0.07729007633587781,-0.0830152671755725,
414041,20250418900401,01274329,성일하이텍,365340,단일판매ㆍ공급계약체결,2025-04-18,KOSDAQ,31800.0,32400.0,31750.0,35300.0,0.018867924528301883,-0.0015723270440252124,0.11006289308176109,
413268,20250421900178,01524507,핀텔,291810,단일판매ㆍ공급계약체결,2025-04-21,KOSDAQ,2185.0,2155.0,2180.0,2200.0,-0.013729977116704761,-0.0022883295194507935,0.006864988558352492,
394954,20250523900151,01524507,핀텔,291810,단일판매ㆍ공급계약체결(자율공시),2025-05-23,KOSDAQ,2215.0,2145.0,2125.0,2130.0,-0.03160270880361171,-0.040632054176072185,-0.038374717832957095,
411334,20250424900377,00359076,브리지텍,064480,단일판매ㆍ공급계약체결,2025-04-24,KOSDAQ,5380.0,5420.0,5330.0,5060.0,0.0074349442379182396,-0.009293680297397744,-0.059479553903345694,
374126,20250701900166,00359076,브리지텍,064480,단일판매ㆍ공급계약체결,2025-07-01,KOSDAQ,5600.0,5610.0,5640.0,5570.0,0.0017857142857142794,0.0071428571428571175,-0.005357142857142838,
410550,20250425900266,00612489,아이쓰리시스템,214430,단일판매ㆍ공급계약체결,2025-04-25,KOSDAQ,54500.0,55600.0,56900.0,59800.0,0.020183486238532167,0.044036697247706424,0.0972477064220183,
368274,20250715900433,00612489,아이쓰리시스템,214430,단일판매ㆍ공급계약체결,2025-07-15,KOSDAQ,120900.0,116400.0,118100.0,118300.0,-0.037220843672456594,-0.023159636062861866,-0.021505376344086002,
338222,20250904900147,00612489,아이쓰리시스템,214430,단일판매ㆍ공급계약체결,2025-09-04,KOSDAQ,86400.0,88700.0,87200.0,90300.0,0.02662037037037046,0.0092592592592593,0.04513888888888884,
409674,20250428900102,01270749,웨이비스,289930,단일판매ㆍ공급계약체결,2025-04-28,KOSDAQ,9190.0,9100.0,9070.0,10800.0,-0.009793253536452662,-0.01305767138193692,0.17519042437431986,
385198,20250609900102,01270749,웨이비스,289930,단일판매ㆍ공급계약체결,2025-06-09,KOSDAQ,9720.0,10040.0,10760.0,10890.0,0.03292181069958855,0.10699588477366251,0.12037037037037046,
339056,20250902900148,01270749,웨이비스,289930,단일판매ㆍ공급계약체결,2025-09-02,KOSDAQ,8310.0,8590.0,9130.0,9680.0,0.03369434416365835,0.09867629362214192,0.16486161251504217,
409589,20250428900159,00225742,LS마린솔루션,060370,단일판매ㆍ공급계약체결,2025-04-28,KOSDAQ,15526.0,15929.0,15675.0,15912.0,0.02595646013139241,0.009596805358752958,0.024861522607239506,
379893,20250620900309,00225742,LS마린솔루션,060370,단일판매ㆍ공급계약체결,2025-06-20,KOSDAQ,27032.0,28480.0,28392.0,31550.0,0.053566143829535395,0.05031074282332049,0.16713524711453087,
371409,20250708900063,00225742,LS마린솔루션,060370,단일판매ㆍ공급계약체결,2025-07-08,KOSDAQ,29500.0,29800.0,29550.0,28500.0,0.01016949152542379,0.0016949152542373724,-0.03389830508474578,
406241,20250430901091,01011368,에이치브이엠,295310,단일판매ㆍ공급계약체결,2025-04-30,KOSDAQ,21000.0,20850.0,22550.0,23700.0,-0.0071428571428571175,0.07380952380952377,0.12857142857142856,
370566,20250709900449,01011368,에이치브이엠,295310,단일판매ㆍ공급계약체결,2025-07-09,KOSDAQ,28850.0,28450.0,28500.0,33250.0,-0.013864818024263426,-0.012131715771230511,0.1525129982668978,
279082,20260102900287,01011368,에이치브이엠,295310,단일판매ㆍ공급계약체결,2026-01-02,KOSDAQ,67100.0,69700.0,66000.0,71400.0,0.03874813710879277,-0.016393442622950838,0.06408345752608047,
275787,20260109900081,01011368,에이치브이엠,295310,단일판매ㆍ공급계약체결,2026-01-09,KOSDAQ,71400.0,77500.0,79500.0,72400.0,0.0854341736694677,0.11344537815126055,0.014005602240896309,
115249,20260619900580,01011368,에이치브이엠,295310,단일판매ㆍ공급계약체결,2026-06-19,KOSDAQ,65800.0,60400.0,55000.0,53000.0,-0.0820668693009119,-0.16413373860182368,-0.19452887537993924,
405201,20250507900276,00990819,아티스트스튜디오,200350,단일판매ㆍ공급계약체결,2025-05-07,KOSDAQ,17250.0,18300.0,18280.0,18600.0,0.0608695652173914,0.059710144927536124,0.07826086956521738,
381837,20250616900597,00990819,아티스트스튜디오,200350,단일판매ㆍ공급계약체결,2025-06-16,KOSDAQ,18080.0,18120.0,17940.0,17320.0,0.0022123893805310324,-0.007743362831858391,-0.042035398230088505,
404653,20250508900220,01110678,유틸렉스,263050,단일판매ㆍ공급계약체결,2025-05-08,KOSDAQ,1468.0,1480.0,1327.0,1228.0,0.008174386920980936,-0.09604904632152589,-0.1634877384196185,
271896,20260116900891,01110678,유틸렉스,263050,단일판매ㆍ공급계약체결,2026-01-16,KOSDAQ,830.0,775.0,777.0,697.0,-0.0662650602409639,-0.06385542168674696,-0.16024096385542164,
271893,20260116900894,01110678,유틸렉스,263050,단일판매ㆍ공급계약체결,2026-01-16,KOSDAQ,830.0,775.0,777.0,697.0,-0.0662650602409639,-0.06385542168674696,-0.16024096385542164,
403577,20250509800615,00145437,아센디오,012170,단일판매ㆍ공급계약체결,2025-05-09,KOSPI,4540.0,4470.0,4115.0,4025.0,-0.01541850220264318,-0.09361233480176212,-0.11343612334801767,
34452,20260413800107,00145437,아센디오,012170,단일판매ㆍ공급계약체결,2026-04-13,KOSPI,1347.0,1426.0,1466.0,1464.0,0.05864884929472902,0.08834446919079442,0.0868596881959911,
403148,20250512800240,00105299,금강공업,014280,단일판매ㆍ공급계약체결(자율공시),2025-05-12,KOSPI,4820.0,4930.0,4920.0,4450.0,0.022821576763485396,0.020746887966804906,-0.07676348547717837,
276841,20260107800514,00105299,금강공업,014280,단일판매ㆍ공급계약체결(자율공시),2026-01-07,KOSPI,5540.0,5470.0,5690.0,5680.0,-0.012635379061371799,0.02707581227436817,0.025270758122743597,
402872,20250512800571,00135111,수산세보틱스,017550,단일판매ㆍ공급계약체결,2025-05-12,KOSPI,1851.0,1869.0,1888.0,1824.0,0.009724473257698651,0.019989195029713747,-0.014586709886547866,
403316,20250512900051,01592049,엔젤로보틱스,455900,단일판매ㆍ공급계약체결,2025-05-12,KOSDAQ,24200.0,24650.0,25900.0,24100.0,0.018595041322314154,0.07024793388429762,-0.004132231404958664,
403119,20250512900252,01139965,스튜디오미르,408900,단일판매ㆍ공급계약체결,2025-05-12,KOSDAQ,3710.0,3580.0,3545.0,3390.0,-0.035040431266846306,-0.04447439353099736,-0.08625336927223715,
380890,20250618900447,01139965,스튜디오미르,408900,단일판매ㆍ공급계약체결,2025-06-18,KOSDAQ,3340.0,4340.0,4190.0,4100.0,0.29940119760479034,0.2544910179640718,0.22754491017964074,
339451,20250901900521,01139965,스튜디오미르,408900,단일판매ㆍ공급계약체결,2025-09-01,KOSDAQ,4990.0,4655.0,4555.0,4625.0,-0.06713426853707416,-0.08717434869739482,-0.07314629258517036,
19241,20260429900893,01139965,스튜디오미르,408900,단일판매ㆍ공급계약체결,2026-04-29,KOSDAQ,2535.0,2640.0,2610.0,2685.0,0.041420118343195256,0.029585798816567976,0.059171597633136175,
399297,20250515801253,00583442,노루페인트,090350,단일판매ㆍ공급계약체결,2025-05-15,KOSPI,8350.0,7970.0,8080.0,8320.0,-0.045508982035928125,-0.03233532934131733,-0.003592814371257469,
7636,20260515801519,00583442,노루페인트,090350,단일판매ㆍ공급계약체결,2026-05-15,KOSPI,8070.0,8310.0,8350.0,8210.0,0.029739776951672958,0.03469640644361838,0.017348203221809078,
399234,20250515801428,00113508,노루홀딩스,000320,단일판매ㆍ공급계약체결(자회사의 주요경영사항),2025-05-15,KOSPI,15620.0,15270.0,15120.0,15530.0,-0.02240717029449424,-0.03201024327784896,-0.005761843790012766,
400461,20250515900263,00991191,앱클론,174900,단일판매ㆍ공급계약체결,2025-05-15,KOSDAQ,11320.0,11720.0,11250.0,11900.0,0.035335689045936425,-0.006183745583038913,0.051236749116607694,
396365,20250520900263,00991191,앱클론,174900,단일판매ㆍ공급계약체결,2025-05-20,KOSDAQ,11600.0,11730.0,11900.0,13030.0,0.011206896551724244,0.02586206896551735,0.12327586206896557,
344628,20250827900157,00991191,앱클론,174900,단일판매ㆍ공급계약체결,2025-08-27,KOSDAQ,10090.0,10020.0,10120.0,10290.0,-0.0069375619425173785,0.0029732408325073845,0.019821605550049526,
104240,20260309900407,00991191,앱클론,174900,단일판매ㆍ공급계약체결,2026-03-09,KOSDAQ,63100.0,71500.0,73000.0,88500.0,0.13312202852614896,0.15689381933438984,0.40253565768621247,
46147,20260407900774,00991191,앱클론,174900,단일판매ㆍ공급계약체결(자율공시),2026-04-07,KOSDAQ,50900.0,53500.0,50700.0,50700.0,0.05108055009823187,-0.003929273084479323,-0.003929273084479323,
4293,20260521900276,00991191,앱클론,174900,단일판매ㆍ공급계약체결(자율공시),2026-05-21,KOSDAQ,39700.0,40550.0,42150.0,37550.0,0.021410579345088054,0.0617128463476071,-0.05415617128463479,
400374,20250515900329,01150515,대명에너지,389260,단일판매ㆍ공급계약체결,2025-05-15,KOSDAQ,17220.0,19180.0,24900.0,22250.0,0.11382113821138207,0.44599303135888513,0.292102206736353,
400357,20250515900342,01150515,대명에너지,389260,단일판매ㆍ공급계약체결,2025-05-15,KOSDAQ,17220.0,19180.0,24900.0,22250.0,0.11382113821138207,0.44599303135888513,0.292102206736353,
384783,20250610900057,01150515,대명에너지,389260,단일판매ㆍ공급계약체결,2025-06-10,KOSDAQ,28600.0,30950.0,30450.0,27550.0,0.08216783216783208,0.06468531468531458,-0.036713286713286664,
312547,20251110900170,01150515,대명에너지,389260,단일판매ㆍ공급계약체결,2025-11-10,KOSDAQ,21250.0,21450.0,21700.0,20800.0,0.009411764705882453,0.021176470588235352,-0.02117647058823524,
27413,20260416900247,01150515,대명에너지,389260,단일판매ㆍ공급계약체결,2026-04-16,KOSDAQ,23100.0,22600.0,22300.0,22950.0,-0.02164502164502169,-0.03463203463203468,-0.00649350649350644,
26775,20260417900244,01150515,대명에너지,389260,단일판매ㆍ공급계약체결,2026-04-17,KOSDAQ,22600.0,22300.0,21850.0,23100.0,-0.013274336283185861,-0.0331858407079646,0.022123893805309658,
22944,20260424900124,01150515,대명에너지,389260,단일판매ㆍ공급계약체결,2026-04-24,KOSDAQ,23100.0,24750.0,24100.0,23900.0,0.0714285714285714,0.04329004329004338,0.03463203463203457,
21917,20260427900260,01150515,대명에너지,389260,단일판매ㆍ공급계약체결,2026-04-27,KOSDAQ,24750.0,24100.0,25000.0,23500.0,-0.02626262626262621,0.010101010101010166,-0.0505050505050505,
397112,20250516900294,01622331,벨로크,424760,단일판매ㆍ공급계약체결,2025-05-16,KOSDAQ,1850.0,1956.0,1882.0,1800.0,0.05729729729729738,0.017297297297297343,-0.027027027027026973,
396978,20250516900484,00219848,서희건설,035890,단일판매ㆍ공급계약체결,2025-05-16,KOSDAQ,3280.0,3249.0,3373.0,3460.0,-0.009451219512195075,0.028353658536585336,0.054878048780487854,
294448,20251208900227,00219848,서희건설,035890,단일판매ㆍ공급계약체결,2025-12-08,KOSDAQ,3200.0,3200.0,3200.0,3200.0,0.0,0.0,0.0,
396771,20250519900135,00365457,제이티,089790,단일판매ㆍ공급계약체결,2025-05-19,KOSDAQ,4345.0,4380.0,4380.0,4390.0,0.008055235903337232,0.008055235903337232,0.010356731875719172,
297113,20251201900557,00365457,제이티,089790,단일판매ㆍ공급계약체결,2025-12-01,KOSDAQ,4730.0,4620.0,4540.0,4450.0,-0.023255813953488413,-0.04016913319238902,-0.059196617336152224,
5127,20260519900588,00365457,제이티,089790,단일판매ㆍ공급계약체결,2026-05-19,KOSDAQ,5730.0,5830.0,6450.0,6210.0,0.017452006980802848,0.12565445026178002,0.08376963350785349,
396482,20250520900092,00304076,케이엔솔,053080,단일판매ㆍ공급계약체결,2025-05-20,KOSDAQ,12530.0,12600.0,12370.0,12070.0,0.005586592178770999,-0.012769353551476459,-0.036711891460494805,
396341,20250520900270,00874803,AP위성,211270,단일판매ㆍ공급계약체결(자율공시),2025-05-20,KOSDAQ,11820.0,13070.0,13150.0,12810.0,0.10575296108291021,0.11252115059221657,0.08375634517766506,
321235,20251021900181,00874803,AP위성,211270,단일판매ㆍ공급계약체결,2025-10-21,KOSDAQ,12500.0,12450.0,12270.0,12190.0,-0.0040000000000000036,-0.018399999999999972,-0.024800000000000044,
16425,20260504900202,00874803,AP위성,211270,단일판매ㆍ공급계약체결,2026-05-04,KOSDAQ,17490.0,17550.0,16840.0,16300.0,0.0034305317324185847,-0.037164093767867334,-0.06803887935963404,
395641,20250521900451,00442154,제이엔케이글로벌,126880,단일판매ㆍ공급계약체결,2025-05-21,KOSDAQ,3870.0,3920.0,3870.0,3870.0,0.012919896640826822,0.0,0.0,
326430,20251001900288,00442154,제이엔케이글로벌,126880,단일판매ㆍ공급계약체결,2025-10-01,KOSDAQ,4830.0,4650.0,4700.0,4645.0,-0.037267080745341574,-0.026915113871635588,-0.038302277432712195,
3736,20260521900962,00442154,제이엔케이글로벌,126880,단일판매ㆍ공급계약체결,2026-05-21,KOSDAQ,3150.0,3320.0,3385.0,3135.0,0.053968253968254,0.07460317460317456,-0.004761904761904745,
395346,20250522900132,01594791,나우로보틱스,459510,단일판매ㆍ공급계약체결,2025-05-22,KOSDAQ,28800.0,27150.0,27150.0,30200.0,-0.05729166666666663,-0.05729166666666663,0.04861111111111116,
108363,20260304900429,01594791,나우로보틱스,459510,단일판매ㆍ공급계약체결,2026-03-04,KOSDAQ,20300.0,22400.0,23250.0,24200.0,0.10344827586206895,0.14532019704433496,0.19211822660098532,
5576,20260518900715,01594791,나우로보틱스,459510,단일판매ㆍ공급계약체결(자율공시),2026-05-18,KOSDAQ,28250.0,27000.0,24400.0,26150.0,-0.04424778761061943,-0.13628318584070798,-0.07433628318584073,
395148,20250522900373,01419205,피앤에스로보틱스,460940,단일판매ㆍ공급계약체결,2025-05-22,KOSDAQ,6780.0,6755.0,6970.0,6535.0,-0.0036873156342183133,0.028023598820059004,-0.03613569321533927,
393314,20250527800522,00164645,HMM,011200,단일판매ㆍ공급계약체결,2025-05-27,KOSPI,21750.0,21700.0,21800.0,22550.0,-0.0022988505747126853,0.0022988505747125743,0.0367816091954023,
334852,20250912800061,00164645,HMM,011200,단일판매ㆍ공급계약체결,2025-09-12,KOSPI,24300.0,23450.0,23700.0,22450.0,-0.034979423868312765,-0.024691358024691357,-0.0761316872427984,
391592,20250529800486,00152385,에이프로젠,007460,단일판매ㆍ공급계약체결(자회사의 주요경영사항),2025-05-29,KOSPI,675.0,677.0,662.0,711.0,0.002962962962963056,-0.01925925925925931,0.05333333333333323,
361117,20250731800526,00152385,에이프로젠,007460,단일판매ㆍ공급계약체결(자회사의 주요경영사항),2025-07-31,KOSPI,612.0,611.0,621.0,675.0,-0.0016339869281045694,0.014705882352941124,0.10294117647058831,
392260,20250529900048,01512575,코어라인소프트,384470,단일판매ㆍ공급계약체결,2025-05-29,KOSDAQ,7210.0,6730.0,6370.0,6900.0,-0.06657420249653256,-0.11650485436893199,-0.04299583911234395,
392115,20250529900139,00624378,마이크로투나노,424980,단일판매ㆍ공급계약체결,2025-05-29,KOSDAQ,9860.0,9590.0,9080.0,9040.0,-0.02738336713995948,-0.07910750507099396,-0.08316430020283971,
111271,20260227900664,00624378,마이크로투나노,424980,단일판매ㆍ공급계약체결,2026-02-27,KOSDAQ,13690.0,12430.0,10680.0,11650.0,-0.09203798392987583,-0.21986851716581446,-0.1490138787436085,
392058,20250529900163,00403793,바이브컴퍼니,301300,단일판매ㆍ공급계약체결,2025-05-29,KOSDAQ,4970.0,4970.0,5180.0,5720.0,0.0,0.04225352112676051,0.15090543259557343,
286947,20251218900109,00403793,바이브컴퍼니,301300,단일판매ㆍ공급계약체결(자율공시),2025-12-18,KOSDAQ,3435.0,3510.0,3530.0,3300.0,0.02183406113537112,0.02765647743813693,-0.0393013100436681,
265407,20260130900469,00403793,바이브컴퍼니,301300,단일판매ㆍ공급계약체결,2026-01-30,KOSDAQ,3300.0,3070.0,3170.0,3005.0,-0.0696969696969697,-0.039393939393939426,-0.08939393939393936,
4560,20260520900695,00403793,바이브컴퍼니,301300,단일판매ㆍ공급계약체결(자율공시),2026-05-20,KOSDAQ,1930.0,1984.0,2020.0,1873.0,0.02797927461139893,0.04663212435233155,-0.029533678756476722,
391647,20250529900450,00159731,글로본,019660,단일판매ㆍ공급계약체결,2025-05-29,KOSDAQ,2840.0,2790.0,2985.0,2805.0,-0.017605633802816878,0.051056338028169,-0.01232394366197187,
353583,20250813901090,00159731,글로본,019660,단일판매ㆍ공급계약체결,2025-08-13,KOSDAQ,2690.0,2710.0,2640.0,2625.0,0.0074349442379182396,-0.018587360594795488,-0.024163568773234223,
346313,20250822900296,00159731,글로본,019660,단일판매ㆍ공급계약체결,2025-08-22,KOSDAQ,2690.0,2740.0,2765.0,2760.0,0.018587360594795488,0.027881040892193232,0.026022304832713727,
319627,20251024900095,00159731,글로본,019660,단일판매ㆍ공급계약체결,2025-10-24,KOSDAQ,2710.0,2950.0,2845.0,3000.0,0.088560885608856,0.04981549815498165,0.10701107011070121,
257009,20260210900528,00159731,글로본,019660,단일판매ㆍ공급계약체결,2026-02-10,KOSDAQ,2365.0,2360.0,2400.0,2265.0,-0.0021141649048626032,0.014799154334038,-0.04228329809725162,
2537,20260526900336,00159731,글로본,019660,단일판매ㆍ공급계약체결,2026-05-26,KOSDAQ,1928.0,1870.0,1872.0,1849.0,-0.030082987551867224,-0.02904564315352698,-0.0409751037344398,
387508,20250602800250,00261285,한국가스공사,036460,단일판매ㆍ공급계약체결,2025-06-02,KOSPI,39900.0,40600.0,40350.0,37850.0,0.01754385964912286,0.011278195488721776,-0.05137844611528819,
337611,20250905800175,00261285,한국가스공사,036460,단일판매ㆍ공급계약체결,2025-09-05,KOSPI,39300.0,39650.0,39850.0,40250.0,0.008905852417302906,0.013994910941475869,0.024173027989821794,
308760,20251114800853,00261285,한국가스공사,036460,단일판매ㆍ공급계약체결,2025-11-14,KOSPI,41300.0,41750.0,40350.0,40250.0,0.010895883777239712,-0.02300242130750607,-0.025423728813559365,
303644,20251124800279,00261285,한국가스공사,036460,단일판매ㆍ공급계약체결,2025-11-24,KOSPI,39900.0,40300.0,41000.0,41250.0,0.010025062656641603,0.027568922305764465,0.03383458646616533,
292563,20251211800299,00261285,한국가스공사,036460,단일판매ㆍ공급계약체결,2025-12-11,KOSPI,41400.0,42000.0,42100.0,40900.0,0.01449275362318847,0.01690821256038655,-0.012077294685990392,
386798,20250602800546,00146454,일양약품,007570,단일판매ㆍ공급계약체결,2025-06-02,KOSPI,14420.0,14767.0,14678.0,15013.0,0.024063800277392522,0.017891816920943215,0.04112343966712895,
387364,20250602900311,00231707,비트컴퓨터,032850,단일판매ㆍ공급계약체결,2025-06-02,KOSDAQ,5120.0,5280.0,5280.0,5430.0,0.03125,0.03125,0.060546875,
109339,20260303900298,00231707,비트컴퓨터,032850,단일판매ㆍ공급계약체결,2026-03-03,KOSDAQ,5400.0,5030.0,5230.0,5100.0,-0.06851851851851853,-0.031481481481481444,-0.05555555555555558,
386848,20250602900530,01704680,M83,476080,단일판매ㆍ공급계약체결(자율공시),2025-06-02,KOSDAQ,13250.0,13700.0,13640.0,14600.0,0.03396226415094339,0.029433962264150848,0.10188679245283017,
80945,20260326900208,01704680,M83,476080,단일판매ㆍ공급계약체결,2026-03-26,KOSDAQ,6590.0,6500.0,6290.0,6140.0,-0.01365705614567525,-0.04552352048558417,-0.06828528072837636,
386133,20250604800296,01319899,SK바이오사이언스,302440,단일판매ㆍ공급계약체결,2025-06-04,KOSPI,46150.0,46150.0,45850.0,47050.0,0.0,-0.00650054171180936,0.019501625135427858,
113912,20260623800501,01319899,SK바이오사이언스,302440,단일판매ㆍ공급계약체결,2026-06-23,KOSPI,35150.0,36350.0,37000.0,,0.03413940256045511,0.05263157894736836,,
386308,20250604900084,00169215,에너토크,019990,단일판매ㆍ공급계약체결(자율공시),2025-06-04,KOSDAQ,7360.0,7490.0,7280.0,7910.0,0.017663043478260976,-0.010869565217391353,0.07472826086956519,
359563,20250804900058,00169215,에너토크,019990,단일판매ㆍ공급계약체결,2025-08-04,KOSDAQ,7440.0,7730.0,8100.0,8150.0,0.03897849462365599,0.08870967741935476,0.09543010752688175,
348118,20250819900141,00169215,에너토크,019990,단일판매ㆍ공급계약체결,2025-08-19,KOSDAQ,7410.0,7300.0,7740.0,7710.0,-0.014844804318488558,0.044534412955465674,0.04048582995951411,
283508,20251224900215,00169215,에너토크,019990,단일판매ㆍ공급계약체결,2025-12-24,KOSDAQ,7270.0,7100.0,7200.0,7280.0,-0.023383768913342484,-0.009628610729023435,0.0013755158184318717,
117221,20260616900316,00169215,에너토크,019990,단일판매ㆍ공급계약체결(자율공시),2026-06-16,KOSDAQ,6490.0,6540.0,6270.0,5350.0,0.007704160246533087,-0.03389830508474578,-0.17565485362095534,
385498,20250605800399,00109806,삼일씨엔에스,004440,단일판매ㆍ공급계약체결,2025-06-05,KOSPI,4960.0,4975.0,4860.0,5070.0,0.003024193548387011,-0.020161290322580627,0.022177419354838745,
366265,20250721800173,00109806,삼일씨엔에스,004440,단일판매ㆍ공급계약체결,2025-07-21,KOSPI,5130.0,5190.0,5270.0,5140.0,0.011695906432748648,0.02729044834308003,0.0019493177387914784,
342399,20250828800584,00109806,삼일씨엔에스,004440,단일판매ㆍ공급계약체결,2025-08-28,KOSPI,4995.0,4905.0,4855.0,4945.0,-0.018018018018018056,-0.028028028028028062,-0.010010010010010006,
330966,20250923800511,00109806,삼일씨엔에스,004440,단일판매ㆍ공급계약체결,2025-09-23,KOSPI,4800.0,4600.0,4805.0,4895.0,-0.04166666666666663,0.0010416666666666075,0.019791666666666652,
282614,20251226800314,00109806,삼일씨엔에스,004440,단일판매ㆍ공급계약체결,2025-12-26,KOSPI,6270.0,5510.0,5990.0,5600.0,-0.12121212121212122,-0.044657097288676284,-0.10685805422647532,
83759,20260324800684,00109806,삼일씨엔에스,004440,단일판매ㆍ공급계약체결,2026-03-24,KOSPI,6910.0,8980.0,9950.0,9810.0,0.29956584659913177,0.43994211287988416,0.4196816208393632,
384744,20250610900089,01203808,AP시스템,265520,단일판매ㆍ공급계약체결,2025-06-10,KOSDAQ,17250.0,17400.0,17120.0,16920.0,0.008695652173912993,-0.007536231884057942,-0.019130434782608674,
330085,20250925900131,01203808,AP시스템,265520,단일판매ㆍ공급계약체결,2025-09-25,KOSDAQ,18920.0,18310.0,18680.0,20650.0,-0.03224101479915431,-0.012684989429175508,0.09143763213530653,
384448,20250610900466,00108001,남화토건,091590,단일판매ㆍ공급계약체결,2025-06-10,KOSDAQ,4355.0,4345.0,4595.0,4350.0,-0.0022962112514350874,0.05510907003444321,-0.0011481056257175437,
323633,20251014900599,00108001,남화토건,091590,단일판매ㆍ공급계약체결,2025-10-14,KOSDAQ,3925.0,3930.0,3920.0,3995.0,0.001273885350318471,-0.001273885350318471,0.017834394904458595,
280943,20251230900170,00108001,남화토건,091590,단일판매ㆍ공급계약체결,2025-12-30,KOSDAQ,4045.0,4040.0,3940.0,3805.0,-0.0012360939431397266,-0.02595797280593326,-0.05933250927070455,
279683,20251231900322,00108001,남화토건,091590,단일판매ㆍ공급계약체결,2025-12-31,KOSDAQ,4040.0,3940.0,3935.0,3815.0,-0.024752475247524774,-0.025990099009901013,-0.05569306930693074,
384177,20250611900102,01573381,레이저쎌,412350,단일판매ㆍ공급계약체결,2025-06-11,KOSDAQ,3120.0,3093.0,2986.0,3021.0,-0.008653846153846123,-0.04294871794871791,-0.03173076923076923,
373204,20250702900440,01573381,레이저쎌,412350,단일판매ㆍ공급계약체결,2025-07-02,KOSDAQ,2784.0,2838.0,2767.0,2691.0,0.0193965517241379,-0.006106321839080442,-0.03340517241379315,
337009,20250908900127,01573381,레이저쎌,412350,단일판매ㆍ공급계약체결,2025-09-08,KOSDAQ,2775.0,2820.0,2865.0,3003.0,0.016216216216216273,0.03243243243243232,0.08216216216216221,
325487,20251002900266,01573381,레이저쎌,412350,단일판매ㆍ공급계약체결,2025-10-02,KOSDAQ,2315.0,2324.0,2284.0,2176.0,0.0038876889848811214,-0.013390928725701912,-0.06004319654427648,
270265,20260122900256,01573381,레이저쎌,412350,단일판매ㆍ공급계약체결,2026-01-22,KOSDAQ,1921.0,2030.0,2205.0,2215.0,0.05674128058302963,0.14783966684018734,0.15304528891202507,
93153,20260316902790,01573381,레이저쎌,412350,단일판매ㆍ공급계약체결,2026-03-16,KOSDAQ,4950.0,6430.0,7660.0,7000.0,0.2989898989898989,0.5474747474747474,0.41414141414141414,
93152,20260316902793,01573381,레이저쎌,412350,단일판매ㆍ공급계약체결,2026-03-16,KOSDAQ,4950.0,6430.0,7660.0,7000.0,0.2989898989898989,0.5474747474747474,0.41414141414141414,
22165,20260424901001,01573381,레이저쎌,412350,단일판매ㆍ공급계약체결,2026-04-24,KOSDAQ,7720.0,8610.0,8070.0,7660.0,0.11528497409326421,0.04533678756476678,-0.007772020725388629,
604,20260527900199,01573381,레이저쎌,412350,단일판매ㆍ공급계약체결,2026-05-27,KOSDAQ,10070.0,9150.0,8700.0,7940.0,-0.09136047666335645,-0.13604766633565046,-0.211519364448858,
382191,20250616800132,01210677,씨케이솔루션,480370,단일판매ㆍ공급계약체결,2025-06-16,KOSPI,3756.0,3691.0,3745.0,4508.0,-0.017305644302449408,-0.0029286474973375665,0.20021299254526093,
336668,20250909800020,01210677,씨케이솔루션,480370,단일판매ㆍ공급계약체결,2025-09-09,KOSPI,3530.0,3452.0,3432.0,3418.0,-0.022096317280453248,-0.027762039660056637,-0.031728045325779,
303061,20251125800126,01210677,씨케이솔루션,480370,단일판매ㆍ공급계약체결,2025-11-25,KOSPI,2828.0,2942.0,2838.0,2844.0,0.040311173974540315,0.0035360678925036026,0.005657708628005631,
286283,20251219800129,01210677,씨케이솔루션,480370,단일판매ㆍ공급계약체결,2025-12-19,KOSPI,3054.0,2993.0,2902.0,2865.0,-0.01997380484610345,-0.04977079240340532,-0.06188605108055012,
249562,20260220800068,01210677,씨케이솔루션,480370,단일판매ㆍ공급계약체결,2026-02-20,KOSPI,3938.0,3884.0,3745.0,3310.0,-0.013712544438801433,-0.04900964956830878,-0.159471813103098,
15959,20260506800218,01210677,씨케이솔루션,480370,단일판매ㆍ공급계약체결,2026-05-06,KOSPI,2695.0,2610.0,2610.0,2500.0,-0.03153988868274582,-0.03153988868274582,-0.07235621521335811,
121747,20260608800354,01210677,씨케이솔루션,480370,단일판매ㆍ공급계약체결(자율공시),2026-06-08,KOSPI,1555.0,1590.0,1677.0,1708.0,0.022508038585209,0.0784565916398714,0.09839228295819935,
382151,20250616900187,00875307,야스,255440,단일판매ㆍ공급계약체결,2025-06-16,KOSDAQ,6750.0,6980.0,6970.0,6790.0,0.034074074074074145,0.032592592592592506,0.00592592592592589,
25604,20260420900659,00875307,야스,255440,단일판매ㆍ공급계약체결,2026-04-20,KOSDAQ,12270.0,11340.0,11500.0,11060.0,-0.07579462102689483,-0.06275468622656888,-0.09861450692746532,
2475,20260526900418,00875307,야스,255440,단일판매ㆍ공급계약체결,2026-05-26,KOSDAQ,10070.0,9780.0,9510.0,8480.0,-0.028798411122144985,-0.055610724925521327,-0.1578947368421053,
117457,20260615900675,00875307,야스,255440,단일판매ㆍ공급계약체결,2026-06-15,KOSDAQ,7810.0,8150.0,7960.0,7260.0,0.0435339308578746,0.019206145966709443,-0.07042253521126762,
382091,20250616900274,00563518,비나텍,126340,단일판매ㆍ공급계약체결,2025-06-16,KOSDAQ,31239.0,30899.0,30656.0,31239.0,-0.01088383110855018,-0.01866256922436693,0.0,
320241,20251023900194,00563518,비나텍,126340,단일판매ㆍ공급계약체결,2025-10-23,KOSDAQ,48340.0,46251.0,51012.0,55288.0,-0.043214729002896135,0.05527513446421173,0.1437318990484071,
380556,20250619900416,01516456,인벤티지랩,389470,단일판매ㆍ공급계약체결,2025-06-19,KOSDAQ,42800.0,41150.0,37300.0,34600.0,-0.03855140186915884,-0.12850467289719625,-0.19158878504672894,
379256,20250623800158,00139834,LG씨엔에스,064400,단일판매ㆍ공급계약체결,2025-06-23,KOSPI,97400.0,97000.0,85500.0,75100.0,-0.004106776180698102,-0.12217659137576997,-0.22895277207392195,
301740,20251126800682,00139834,LG씨엔에스,064400,단일판매ㆍ공급계약체결,2025-11-26,KOSPI,58000.0,57600.0,58000.0,58800.0,-0.006896551724137945,0.0,0.01379310344827589,
282002,20251229800114,00139834,LG씨엔에스,064400,단일판매ㆍ공급계약체결,2025-12-29,KOSPI,62100.0,61400.0,62600.0,62000.0,-0.011272141706924366,0.008051529790660261,-0.0016103059581320522,
280923,20251230800216,00139834,LG씨엔에스,064400,단일판매ㆍ공급계약체결,2025-12-30,KOSPI,61400.0,62600.0,62500.0,60700.0,0.019543973941368087,0.01791530944625408,-0.01140065146579805,
280919,20251230800219,00139834,LG씨엔에스,064400,단일판매ㆍ공급계약체결,2025-12-30,KOSPI,61400.0,62600.0,62500.0,60700.0,0.019543973941368087,0.01791530944625408,-0.01140065146579805,
254217,20260212800489,00139834,LG씨엔에스,064400,단일판매ㆍ공급계약체결,2026-02-12,KOSPI,72700.0,71100.0,71700.0,70100.0,-0.022008253094910613,-0.01375515818431916,-0.03576341127922966,
66012,20260401800358,00139834,LG씨엔에스,064400,단일판매ㆍ공급계약체결,2026-04-01,KOSPI,59500.0,56500.0,57600.0,61400.0,-0.050420168067226934,-0.031932773109243695,0.031932773109243806,
65163,20260401800516,00139834,LG씨엔에스,064400,단일판매ㆍ공급계약체결,2026-04-01,KOSPI,59500.0,56500.0,57600.0,61400.0,-0.050420168067226934,-0.031932773109243695,0.031932773109243806,
378403,20250624800595,01649204,달바글로벌,483650,단일판매ㆍ공급계약체결,2025-06-24,KOSPI,190200.0,187000.0,185000.0,192500.0,-0.01682439537329128,-0.02733964248159837,0.012092534174553027,
336466,20250909800214,01649204,달바글로벌,483650,단일판매ㆍ공급계약체결(자율공시),2025-09-09,KOSPI,169000.0,168700.0,167000.0,169700.0,-0.0017751479289941363,-0.011834319526627168,0.004142011834319614,
329082,20250926800275,01649204,달바글로벌,483650,단일판매ㆍ공급계약체결(자율공시),2025-09-26,KOSPI,160000.0,164000.0,163600.0,,0.02499999999999991,0.022499999999999964,,
378230,20250625900086,00177870,대창솔루션,096350,단일판매ㆍ공급계약체결(자율공시),2025-06-25,KOSDAQ,2945.0,3025.0,3075.0,2645.0,0.02716468590831922,0.04414261460101865,-0.1018675721561969,
317781,20251029900154,00177870,대창솔루션,096350,단일판매ㆍ공급계약체결,2025-10-29,KOSDAQ,2850.0,2780.0,2640.0,2355.0,-0.024561403508771895,-0.0736842105263158,-0.17368421052631577,
314461,20251105900240,00177870,대창솔루션,096350,단일판매ㆍ공급계약체결(자율공시),2025-11-05,KOSDAQ,2355.0,2350.0,2250.0,2180.0,-0.002123142250530785,-0.04458598726114649,-0.07430997876857748,
299620,20251128900138,00177870,대창솔루션,096350,단일판매ㆍ공급계약체결(자율공시),2025-11-28,KOSDAQ,2055.0,2080.0,2100.0,2205.0,0.012165450121654597,0.021897810218978186,0.07299270072992692,
271667,20260119900533,00177870,대창솔루션,096350,단일판매ㆍ공급계약체결(자율공시),2026-01-19,KOSDAQ,2215.0,2350.0,2240.0,2300.0,0.060948081264108334,0.011286681715575675,0.038374717832957206,
377131,20250626800478,00117027,알루코,001780,단일판매ㆍ공급계약체결,2025-06-26,KOSPI,2335.0,2260.0,2270.0,2340.0,-0.032119914346895095,-0.027837259100642386,0.0021413276231263545,
376361,20250627900145,00301112,삼화네트웍스,046390,단일판매ㆍ공급계약체결,2025-06-27,KOSDAQ,3193.0,3165.0,3163.0,3138.0,-0.008769182586908841,-0.00939555277168802,-0.01722518008142815,
343628,20250828900085,00301112,삼화네트웍스,046390,단일판매ㆍ공급계약체결,2025-08-28,KOSDAQ,3858.0,3686.0,3686.0,3826.0,-0.04458268532918608,-0.04458268532918608,-0.00829445308449972,
80570,20260326900669,00301112,삼화네트웍스,046390,단일판매ㆍ공급계약체결,2026-03-26,KOSDAQ,2334.0,2472.0,2545.0,2502.0,0.059125964010282805,0.09040274207369325,0.07197943444730082,
374664,20250630800770,00480367,SK오션플랜트,100090,단일판매ㆍ공급계약체결,2025-06-30,KOSPI,19100.0,19390.0,20200.0,19950.0,0.015183246073298351,0.05759162303664911,0.04450261780104703,
372290,20250704800467,00480367,SK오션플랜트,100090,단일판매ㆍ공급계약체결,2025-07-04,KOSPI,20650.0,19950.0,20600.0,20850.0,-0.03389830508474578,-0.002421307506053294,0.009685230024213176,
345948,20250825800120,00480367,SK오션플랜트,100090,단일판매ㆍ공급계약체결,2025-08-25,KOSPI,20650.0,19400.0,19540.0,19820.0,-0.060532687651331685,-0.05375302663438253,-0.040193704600484215,
374879,20250630900536,00374020,이엘피,063760,단일판매ㆍ공급계약체결,2025-06-30,KOSDAQ,2070.0,2090.0,2125.0,2080.0,0.009661835748792313,0.02657004830917864,0.004830917874396157,
14036,20260508900537,00374020,이엘피,063760,단일판매ㆍ공급계약체결,2026-05-08,KOSDAQ,4115.0,4010.0,3670.0,3700.0,-0.025516403402187082,-0.10814094775212635,-0.10085054678007288,
373297,20250702900337,01169267,세화피앤씨,252500,단일판매ㆍ공급계약체결,2025-07-02,KOSDAQ,873.0,855.0,841.0,853.0,-0.020618556701030966,-0.03665521191294385,-0.02290950744558995,
372570,20250703900599,00364403,쏠리드,050890,단일판매ㆍ공급계약체결(자율공시),2025-07-03,KOSDAQ,7020.0,7030.0,6900.0,7070.0,0.0014245014245013454,-0.017094017094017144,0.007122507122507171,
246691,20260224901321,00364403,쏠리드,050890,단일판매ㆍ공급계약체결(자율공시),2026-02-24,KOSDAQ,8390.0,8350.0,8390.0,7000.0,-0.004767580452920139,0.0,-0.16567342073897495,
368335,20250715800342,00631518,SK이노베이션,096770,단일판매ㆍ공급계약체결(자회사의 주요경영사항),2025-07-15,KOSPI,116000.0,112100.0,111600.0,113900.0,-0.0336206896551724,-0.037931034482758585,-0.018103448275862077,
367798,20250716800448,00631518,SK이노베이션,096770,단일판매ㆍ공급계약체결(자회사의 주요경영사항),2025-07-16,KOSPI,112100.0,111600.0,113500.0,116300.0,-0.004460303300624413,0.012488849241748534,0.03746654772524538,
368331,20250715800360,00181712,SK,034730,단일판매ㆍ공급계약체결(자회사의 주요경영사항),2025-07-15,KOSPI,226500.0,223500.0,212500.0,214500.0,-0.013245033112582738,-0.061810154525386296,-0.052980132450331174,
367793,20250716800464,00181712,SK,034730,단일판매ㆍ공급계약체결(자회사의 주요경영사항),2025-07-16,KOSPI,223500.0,212500.0,221500.0,210500.0,-0.04921700223713643,-0.008948545861297563,-0.058165548098433995,
367794,20250716900439,00351579,비트플래닛,049470,단일판매ㆍ공급계약체결,2025-07-16,KOSDAQ,7695.0,7695.0,10000.0,9750.0,0.0,0.29954515919428193,0.267056530214425,
366852,20250718800274,00220613,넥스틸,092790,단일판매ㆍ공급계약체결,2025-07-18,KOSPI,14390.0,14600.0,14240.0,15780.0,0.01459346768589298,-0.010423905489923557,0.09659485753995822,
363917,20250725900359,00540447,유니테스트,086390,단일판매ㆍ공급계약체결,2025-07-25,KOSDAQ,12910.0,12700.0,12780.0,12010.0,-0.016266460108443015,-0.010069713400464808,-0.06971340046475605,
12514,20260512900186,00540447,유니테스트,086390,단일판매ㆍ공급계약체결,2026-05-12,KOSDAQ,18660.0,18220.0,21050.0,16030.0,-0.02357984994640938,0.12808145766345125,-0.14094319399785638,
118554,20260612900492,00540447,유니테스트,086390,단일판매ㆍ공급계약체결,2026-06-12,KOSDAQ,16580.0,15900.0,15250.0,13670.0,-0.04101326899879376,-0.08021712907117007,-0.17551266586248493,
363731,20250725900503,00450931,우양에이치씨,101970,단일판매ㆍ공급계약체결,2025-07-25,KOSDAQ,14730.0,15000.0,17120.0,16900.0,0.018329938900203624,0.16225390359809921,0.14731839782756273,
325815,20251001900964,00450931,우양에이치씨,101970,단일판매ㆍ공급계약체결,2025-10-01,KOSDAQ,17110.0,16400.0,16480.0,15610.0,-0.041496201052016346,-0.036820572764465265,-0.08766803039158388,
118468,20260612900559,00450931,우양에이치씨,101970,단일판매ㆍ공급계약체결,2026-06-12,KOSDAQ,8610.0,9430.0,9290.0,9150.0,0.09523809523809534,0.07897793263646924,0.06271777003484313,
363331,20250728800035,00126380,삼성전자,005930,단일판매ㆍ공급계약체결,2025-07-28,KOSPI,70400.0,70600.0,72600.0,69700.0,0.0028409090909091717,0.03125,-0.009943181818181768,
362291,20250730900163,00303703,CS,065770,단일판매ㆍ공급계약체결(자율공시),2025-07-30,KOSDAQ,2025.0,2043.0,1999.0,2023.0,0.008888888888888946,-0.012839506172839465,-0.0009876543209876854,
358055,20250807900157,01208751,아이에스티이,212710,단일판매ㆍ공급계약체결(자율공시),2025-08-07,KOSDAQ,10170.0,11090.0,10560.0,9440.0,0.09046214355948878,0.03834808259587019,-0.071779744346116,
347751,20250820900031,01208751,아이에스티이,212710,단일판매ㆍ공급계약체결,2025-08-20,KOSDAQ,8780.0,8830.0,8820.0,8680.0,0.005694760820045497,0.004555808656036442,-0.011389521640091105,
311486,20251112900072,01208751,아이에스티이,212710,단일판매ㆍ공급계약체결(자율공시),2025-11-12,KOSDAQ,9790.0,9400.0,8510.0,8000.0,-0.03983656792645551,-0.13074565883554645,-0.1828396322778345,
279131,20260102900200,01208751,아이에스티이,212710,단일판매ㆍ공급계약체결(자율공시),2026-01-02,KOSDAQ,8800.0,9030.0,8830.0,8560.0,0.026136363636363624,0.003409090909090917,-0.027272727272727226,
270357,20260122900101,01208751,아이에스티이,212710,단일판매ㆍ공급계약체결,2026-01-22,KOSDAQ,8420.0,8300.0,8290.0,9680.0,-0.014251781472684133,-0.015439429928741144,0.14964370546318295,
258231,20260209900318,01208751,아이에스티이,212710,단일판매ㆍ공급계약체결(자율공시),2026-02-09,KOSDAQ,10150.0,9460.0,9170.0,9410.0,-0.06798029556650242,-0.096551724137931,-0.07290640394088665,
249540,20260220900160,01208751,아이에스티이,212710,단일판매ㆍ공급계약체결,2026-02-20,KOSDAQ,9180.0,8840.0,9030.0,8920.0,-0.03703703703703709,-0.016339869281045805,-0.028322440087146017,
80931,20260326900163,01208751,아이에스티이,212710,단일판매ㆍ공급계약체결(자율공시),2026-03-26,KOSDAQ,7700.0,7540.0,7250.0,7020.0,-0.020779220779220786,-0.058441558441558406,-0.08831168831168834,
24700,20260422900155,01208751,아이에스티이,212710,단일판매ㆍ공급계약체결,2026-04-22,KOSDAQ,8630.0,8410.0,8630.0,9170.0,-0.02549246813441486,0.0,0.06257242178447275,
355905,20250812900119,00958327,지앤비에스 에코,382800,단일판매ㆍ공급계약체결(자율공시),2025-08-12,KOSDAQ,3500.0,3530.0,3500.0,3240.0,0.008571428571428674,0.0,-0.07428571428571429,
121014,20260609900322,00958327,지앤비에스 에코,382800,단일판매ㆍ공급계약체결,2026-06-09,KOSDAQ,6770.0,5950.0,6200.0,6460.0,-0.12112259970457906,-0.08419497784342689,-0.04579025110782864,
355453,20250812900478,00138303,아이티센엔텍,010280,단일판매ㆍ공급계약체결(자율공시),2025-08-12,KOSDAQ,5204.0,5314.0,5299.0,4974.0,0.021137586471944747,0.018255188316679494,-0.04419677171406611,
146,20260527900774,00138303,아이티센엔텍,010280,단일판매ㆍ공급계약체결(자율공시),2026-05-27,KOSDAQ,6810.0,6820.0,6560.0,6790.0,0.001468428781204123,-0.03671071953010274,-0.002936857562408246,
354307,20250813900473,01405451,알체라,347860,단일판매ㆍ공급계약체결(자율공시),2025-08-13,KOSDAQ,2860.0,2790.0,2755.0,2550.0,-0.02447552447552448,-0.036713286713286664,-0.10839160839160844,
323142,20251015900569,01405451,알체라,347860,단일판매ㆍ공급계약체결,2025-10-15,KOSDAQ,2695.0,2770.0,2685.0,2735.0,0.027829313543599188,-0.0037105751391465214,0.014842300556586308,
311415,20251112900184,01405451,알체라,347860,단일판매ㆍ공급계약체결,2025-11-12,KOSDAQ,2500.0,2490.0,2385.0,2325.0,-0.0040000000000000036,-0.04600000000000004,-0.06999999999999995,
351637,20250814800893,00158501,에스원,012750,단일판매ㆍ공급계약체결,2025-08-14,KOSPI,75700.0,76100.0,77000.0,77400.0,0.005284015852047519,0.017173051519154603,0.022457067371202122,
117803,20260615800352,00158501,에스원,012750,단일판매ㆍ공급계약체결,2026-06-15,KOSPI,77500.0,81600.0,73800.0,69500.0,0.05290322580645168,-0.047741935483870956,-0.10322580645161294,
348355,20250818800380,01510489,프레스티지바이오파마,950210,단일판매ㆍ공급계약체결,2025-08-18,KOSPI,14600.0,14200.0,14270.0,13970.0,-0.0273972602739726,-0.022602739726027443,-0.043150684931506866,
317376,20251029800667,01510489,프레스티지바이오파마,950210,단일판매ㆍ공급계약체결,2025-10-29,KOSPI,12610.0,12680.0,12470.0,12340.0,0.0055511498810467685,-0.011102299762093537,-0.021411578112609075,
315446,20251103800172,01510489,프레스티지바이오파마,950210,단일판매ㆍ공급계약체결,2025-11-03,KOSPI,12300.0,12650.0,12340.0,12340.0,0.028455284552845628,0.003252032520325132,0.003252032520325132,
347665,20250820900183,00405719,아이크래프트,052460,단일판매ㆍ공급계약체결,2025-08-20,KOSDAQ,3130.0,2810.0,2720.0,2880.0,-0.10223642172523961,-0.1309904153354633,-0.07987220447284349,
292186,20251211900804,00405719,아이크래프트,052460,단일판매ㆍ공급계약체결,2025-12-11,KOSDAQ,2585.0,2650.0,2785.0,2735.0,0.025145067698259194,0.07736943907156668,0.05802707930367501,
290243,20251215900809,00405719,아이크래프트,052460,단일판매ㆍ공급계약체결,2025-12-15,KOSDAQ,2785.0,2695.0,2760.0,2720.0,-0.032315978456014416,-0.008976660682226245,-0.02333931777378817,
115938,20260618900461,00405719,아이크래프트,052460,단일판매ㆍ공급계약체결,2026-06-18,KOSDAQ,3335.0,2860.0,2705.0,2450.0,-0.1424287856071964,-0.18890554722638686,-0.2653673163418291,
345917,20250825900170,01297898,마음AI,377480,단일판매ㆍ공급계약체결,2025-08-25,KOSDAQ,19270.0,19280.0,19250.0,18510.0,0.0005189413596262682,-0.0010378827192527584,-0.03943954333160349,
115323,20260619900525,01297898,마음AI,377480,단일판매ㆍ공급계약체결,2026-06-19,KOSDAQ,12150.0,11330.0,10270.0,9510.0,-0.06748971193415643,-0.1547325102880659,-0.217283950617284,
345025,20250826800421,00113535,대한해운,005880,단일판매ㆍ공급계약체결,2025-08-26,KOSPI,1761.0,1725.0,1739.0,1701.0,-0.020442930153321992,-0.01249290176036344,-0.03407155025553665,
321597,20251020800398,00113535,대한해운,005880,단일판매ㆍ공급계약체결,2025-10-20,KOSPI,1654.0,1662.0,1743.0,1837.0,0.0048367593712213,0.05380894800483671,0.11064087061668681,
344889,20250826900595,01218299,에코아이,448280,단일판매ㆍ공급계약체결(자율공시),2025-08-26,KOSDAQ,13270.0,13800.0,13900.0,13520.0,0.03993971363978899,0.047475508666164234,0.018839487565938118,
15800,20260506900437,01218299,에코아이,448280,단일판매ㆍ공급계약체결,2026-05-06,KOSDAQ,12720.0,12320.0,11720.0,11100.0,-0.03144654088050314,-0.07861635220125784,-0.12735849056603776,
600,20260527900179,01218299,에코아이,448280,단일판매ㆍ공급계약체결,2026-05-27,KOSDAQ,11180.0,10960.0,10960.0,10010.0,-0.019677996422182487,-0.019677996422182487,-0.10465116279069764,
344205,20250827800522,00113526,대한항공,003490,단일판매ㆍ공급계약체결,2025-08-27,KOSPI,24150.0,23850.0,23750.0,23450.0,-0.012422360248447228,-0.0165631469979296,-0.02898550724637683,
312802,20251107800748,00113526,대한항공,003490,단일판매ㆍ공급계약체결,2025-11-07,KOSPI,21700.0,22000.0,21800.0,21900.0,0.01382488479262678,0.004608294930875667,0.009216589861751112,
344198,20250827800539,00983040,한진칼,180640,단일판매ㆍ공급계약체결(자회사의 주요경영사항),2025-08-27,KOSPI,109600.0,111100.0,111800.0,109400.0,0.013686131386861256,0.02007299270072993,-0.0018248175182481452,
312783,20251107800768,00983040,한진칼,180640,단일판매ㆍ공급계약체결(자회사의 주요경영사항),2025-11-07,KOSPI,101600.0,102900.0,100900.0,99200.0,0.012795275590551158,-0.006889763779527547,-0.023622047244094446,
343690,20250828900074,00228536,현대에버다임,041440,단일판매ㆍ공급계약체결,2025-08-28,KOSDAQ,8340.0,8160.0,7870.0,7990.0,-0.021582733812949617,-0.056354916067146266,-0.04196642685851315,
338696,20250903800124,00117629,KBI동양철관,008970,단일판매ㆍ공급계약체결,2025-09-03,KOSPI,2629.0,2629.0,2629.0,2629.0,0.0,0.0,0.0,
280887,20251230800263,00117629,KBI동양철관,008970,단일판매ㆍ공급계약체결,2025-12-30,KOSPI,1717.0,1699.0,1767.0,1649.0,-0.01048340128130465,0.02912055911473499,-0.03960396039603964,
9004,20260515800319,00117629,KBI동양철관,008970,단일판매ㆍ공급계약체결,2026-05-15,KOSPI,1583.0,1577.0,1534.0,1577.0,-0.0037902716361338795,-0.030953885028426997,-0.0037902716361338795,
337734,20250905900058,01641600,에이럭스,475580,단일판매ㆍ공급계약체결,2025-09-05,KOSDAQ,11580.0,11610.0,11530.0,11690.0,0.002590673575129543,-0.0043177892918825345,0.009499136442141731,
337578,20250905900212,00957373,펨트론,168360,단일판매ㆍ공급계약체결,2025-09-05,KOSDAQ,12960.0,12770.0,13700.0,15960.0,-0.014660493827160503,0.057098765432098686,0.2314814814814814,
261621,20260205900132,00957373,펨트론,168360,단일판매ㆍ공급계약체결(자율공시),2026-02-05,KOSDAQ,18670.0,19160.0,20100.0,19940.0,0.026245313336904053,0.07659346545259771,0.06802356722013925,
102715,20260310900808,00957373,펨트론,168360,단일판매ㆍ공급계약체결(자율공시),2026-03-10,KOSDAQ,22950.0,23300.0,23650.0,21600.0,0.015250544662309462,0.030501089324618702,-0.05882352941176472,
114168,20260623900177,00957373,펨트론,168360,단일판매ㆍ공급계약체결(자율공시),2026-06-23,KOSDAQ,18490.0,19040.0,19110.0,,0.029745808545159624,0.033531638723634405,,
337065,20250908900050,01437432,디티앤씨알오,383930,단일판매ㆍ공급계약체결(자율공시),2025-09-08,KOSDAQ,3195.0,3115.0,3195.0,3220.0,-0.025039123630672955,0.0,0.00782472613458518,
335247,20250911900200,00261957,한국정보공학,039740,단일판매ㆍ공급계약체결,2025-09-11,KOSDAQ,3565.0,3360.0,3215.0,3150.0,-0.057503506311360475,-0.09817671809256667,-0.11640953716690039,
2633,20260526900237,00261957,한국정보공학,039740,단일판매ㆍ공급계약체결,2026-05-26,KOSDAQ,5050.0,4740.0,4725.0,3865.0,-0.06138613861386144,-0.0643564356435643,-0.23465346534653464,
2631,20260526900238,00261957,한국정보공학,039740,단일판매ㆍ공급계약체결,2026-05-26,KOSDAQ,5050.0,4740.0,4725.0,3865.0,-0.06138613861386144,-0.0643564356435643,-0.23465346534653464,
333365,20250917900045,01764099,링크솔루션,474650,단일판매ㆍ공급계약체결(자율공시),2025-09-17,KOSDAQ,21600.0,20750.0,20200.0,19620.0,-0.03935185185185186,-0.06481481481481477,-0.09166666666666667,
327701,20250930900062,01764099,링크솔루션,474650,단일판매ㆍ공급계약체결(자율공시),2025-09-30,KOSDAQ,18740.0,18670.0,18400.0,17600.0,-0.003735325506937004,-0.018143009605122717,-0.060832443970117445,
105313,20260306900745,01764099,링크솔루션,474650,단일판매ㆍ공급계약체결,2026-03-06,KOSDAQ,74500.0,67600.0,69400.0,65500.0,-0.09261744966442953,-0.06845637583892616,-0.12080536912751683,
59253,20260402900686,01764099,링크솔루션,474650,단일판매ㆍ공급계약체결(자율공시),2026-04-02,KOSDAQ,58600.0,60600.0,58700.0,57400.0,0.03412969283276457,0.0017064846416381396,-0.020477815699658675,
333206,20250917900178,01688568,프로티나,468530,단일판매ㆍ공급계약체결,2025-09-17,KOSDAQ,33700.0,34500.0,33300.0,43550.0,0.023738872403560762,-0.011869436201780381,0.29228486646884266,
332656,20250918900326,00137915,엠엑스로보틱스,007820,단일판매ㆍ공급계약체결,2025-09-18,KOSDAQ,4835.0,4950.0,4730.0,4370.0,0.02378490175801451,-0.02171664943123064,-0.09617373319544986,
279121,20260102900227,00137915,엠엑스로보틱스,007820,단일판매ㆍ공급계약체결(자율공시),2026-01-02,KOSDAQ,4605.0,4620.0,4420.0,4515.0,0.0032573289902280145,-0.04017372421281218,-0.019543973941368087,
253349,20260212901336,00137915,엠엑스로보틱스,007820,단일판매ㆍ공급계약체결,2026-02-12,KOSDAQ,6020.0,5980.0,5810.0,5710.0,-0.006644518272425293,-0.03488372093023251,-0.05149501661129563,
331702,20250922800050,00182696,대한조선,439260,단일판매ㆍ공급계약체결,2025-09-22,KOSPI,81200.0,82700.0,80600.0,78600.0,0.018472906403940836,-0.007389162561576401,-0.03201970443349755,
331701,20250922800051,00182696,대한조선,439260,단일판매ㆍ공급계약체결,2025-09-22,KOSPI,81200.0,82700.0,80600.0,78600.0,0.018472906403940836,-0.007389162561576401,-0.03201970443349755,
327707,20250930800053,00182696,대한조선,439260,단일판매ㆍ공급계약체결,2025-09-30,KOSPI,80900.0,80800.0,79800.0,75300.0,-0.0012360939431397266,-0.013597033374536438,-0.06922126081582203,
326680,20251001800065,00182696,대한조선,439260,단일판매ㆍ공급계약체결,2025-10-01,KOSPI,80800.0,79800.0,78500.0,77000.0,-0.012376237623762387,-0.02846534653465349,-0.04702970297029707,
323514,20251015800073,00182696,대한조선,439260,단일판매ㆍ공급계약체결,2025-10-15,KOSPI,77000.0,76500.0,76000.0,78700.0,-0.00649350649350644,-0.012987012987012991,0.02207792207792214,
305919,20251118800028,00182696,대한조선,439260,단일판매ㆍ공급계약체결,2025-11-18,KOSPI,66500.0,67500.0,67600.0,61700.0,0.015037593984962516,0.016541353383458635,-0.07218045112781957,
273330,20260114800029,00182696,대한조선,439260,단일판매ㆍ공급계약체결,2026-01-14,KOSPI,68300.0,69900.0,69000.0,67800.0,0.02342606149341142,0.01024890190336758,-0.007320644216691097,
272873,20260115800029,00182696,대한조선,439260,단일판매ㆍ공급계약체결,2026-01-15,KOSPI,69900.0,69000.0,68400.0,70200.0,-0.012875536480686733,-0.02145922746781115,0.0042918454935623185,
266754,20260129800084,00182696,대한조선,439260,단일판매ㆍ공급계약체결,2026-01-29,KOSPI,72000.0,69600.0,68900.0,72900.0,-0.033333333333333326,-0.043055555555555514,0.012499999999999956,
258285,20260209800078,00182696,대한조선,439260,단일판매ㆍ공급계약체결,2026-02-09,KOSPI,73700.0,75300.0,76900.0,76800.0,0.02170963364993206,0.04341926729986434,0.042062415196743475,
92965,20260317800064,00182696,대한조선,439260,단일판매ㆍ공급계약체결,2026-03-17,KOSPI,97200.0,95700.0,94900.0,87500.0,-0.015432098765432056,-0.02366255144032925,-0.09979423868312753,
86404,20260323800069,00182696,대한조선,439260,단일판매ㆍ공급계약체결,2026-03-23,KOSPI,88800.0,87500.0,89300.0,81300.0,-0.014639639639639657,0.005630630630630629,-0.08445945945945943,
73433,20260331800063,00182696,대한조선,439260,단일판매ㆍ공급계약체결,2026-03-31,KOSPI,85700.0,90000.0,87600.0,88300.0,0.05017502917152861,0.022170361726954413,0.03033838973162184,
27578,20260416800003,00182696,대한조선,439260,단일판매ㆍ공급계약체결,2026-04-16,KOSPI,89200.0,90400.0,89200.0,95100.0,0.013452914798206317,0.0,0.06614349775784745,
126639,20260601800013,00182696,대한조선,439260,단일판매ㆍ공급계약체결,2026-06-01,KOSPI,62000.0,61400.0,62000.0,60900.0,-0.009677419354838679,0.0,-0.01774193548387093,
329936,20250925900269,00170026,시공테크,020710,단일판매ㆍ공급계약체결(자율공시),2025-09-25,KOSDAQ,3845.0,3800.0,3825.0,3850.0,-0.011703511053316018,-0.005201560468140465,0.0013003901170351995,
113497,20260624900495,00170026,시공테크,020710,단일판매ㆍ공급계약체결(자율공시),2026-06-24,KOSDAQ,3495.0,3405.0,3355.0,,-0.025751072961373356,-0.04005722460658079,,
327178,20250930900685,00487546,웰크론한텍,076080,단일판매ㆍ공급계약체결,2025-09-30,KOSDAQ,1444.0,1456.0,1471.0,,0.008310249307479145,0.018698060941828354,,
326466,20251001900256,01335790,바이젠셀,308080,단일판매ㆍ공급계약체결,2025-10-01,KOSDAQ,3425.0,3570.0,3400.0,,0.04233576642335768,-0.007299270072992692,,
325895,20251001900852,01326792,비투엔,307870,단일판매ㆍ공급계약체결,2025-10-01,KOSDAQ,1220.0,1320.0,1319.0,1479.0,0.08196721311475419,0.08114754098360666,0.21229508196721314,
250249,20260219900247,01326792,비투엔,307870,단일판매ㆍ공급계약체결(자율공시),2026-02-19,KOSDAQ,1196.0,1266.0,1205.0,1013.0,0.05852842809364556,0.007525083612040184,-0.153010033444816,
324998,20251010900034,00423177,텔레칩스,054450,단일판매ㆍ공급계약체결,2025-10-10,KOSDAQ,14630.0,14130.0,13640.0,13480.0,-0.03417634996582364,-0.06766917293233088,-0.07860560492139435,
324599,20251010900480,00977641,하이로닉,149980,단일판매ㆍ공급계약체결,2025-10-10,KOSDAQ,8680.0,8680.0,8680.0,8680.0,0.0,0.0,0.0,
324464,20251013900141,01492651,큐로셀,372320,단일판매ㆍ공급계약체결,2025-10-13,KOSDAQ,39900.0,39500.0,39850.0,38750.0,-0.010025062656641603,-0.0012531328320801727,-0.028822055137844638,
324085,20251013900625,00385415,일신바이오,068330,단일판매ㆍ공급계약체결(자율공시),2025-10-13,KOSDAQ,1578.0,1561.0,1617.0,1572.0,-0.010773130544993625,0.024714828897338448,-0.0038022813688213253,
274715,20260112900488,00385415,일신바이오,068330,단일판매ㆍ공급계약체결,2026-01-12,KOSDAQ,1610.0,1574.0,1580.0,1561.0,-0.022360248447204967,-0.018633540372670843,-0.0304347826086957,
267420,20260128900388,00385415,일신바이오,068330,단일판매ㆍ공급계약체결,2026-01-28,KOSDAQ,1652.0,1670.0,1628.0,1563.0,0.010895883777239712,-0.014527845036319653,-0.05387409200968518,
323902,20251014900273,00187415,코미팜,041960,단일판매ㆍ공급계약체결,2025-10-14,KOSDAQ,6180.0,6150.0,6380.0,6150.0,-0.004854368932038833,0.032362459546925626,-0.004854368932038833,
321482,20251020900572,00426068,엑시온그룹,069920,단일판매ㆍ공급계약체결,2025-10-20,KOSDAQ,9704.0,10614.0,9733.0,8510.0,0.09377576257213516,0.0029884583676833554,-0.1230420445177246,
320258,20251023900182,00426068,엑시온그룹,069920,단일판매ㆍ공급계약체결,2025-10-23,KOSDAQ,9228.0,9086.0,8510.0,8496.0,-0.015387949718248861,-0.0778066753359341,-0.07932379713914173,
317036,20251030900158,00426068,엑시온그룹,069920,단일판매ㆍ공급계약체결,2025-10-30,KOSDAQ,8496.0,8012.0,7550.0,8553.0,-0.05696798493408661,-0.11134651600753298,0.0067090395480224885,
253576,20260212901115,00426068,엑시온그룹,069920,단일판매ㆍ공급계약체결,2026-02-12,KOSDAQ,5751.0,5076.0,5190.0,5154.0,-0.11737089201877937,-0.09754825247782994,-0.10380803338549816,
318895,20251027900272,01014055,에스트래픽,234300,단일판매ㆍ공급계약체결(자율공시),2025-10-27,KOSDAQ,3740.0,3710.0,3675.0,3665.0,-0.008021390374331583,-0.017379679144384985,-0.020053475935828846,
56614,20260403900671,01014055,에스트래픽,234300,단일판매ㆍ공급계약체결,2026-04-03,KOSDAQ,3345.0,3290.0,3275.0,3410.0,-0.01644245142002987,-0.020926756352765308,0.01943198804185342,
318474,20251028900086,01373709,아이씨티케이,456010,단일판매ㆍ공급계약체결,2025-10-28,KOSDAQ,17550.0,17980.0,19950.0,18350.0,0.024501424501424562,0.1367521367521367,0.045584045584045496,
317939,20251028900757,00660121,디에이테크놀로지,196490,단일판매ㆍ공급계약체결,2025-10-28,KOSDAQ,6090.0,6090.0,6090.0,6090.0,0.0,0.0,0.0,
317847,20251029800075,00534598,한컴라이프케어,372910,단일판매ㆍ공급계약체결,2025-10-29,KOSPI,2585.0,2570.0,2530.0,2500.0,-0.005802707930367523,-0.021276595744680882,-0.03288201160541582,
295161,20251205800076,00534598,한컴라이프케어,372910,단일판매ㆍ공급계약체결,2025-12-05,KOSPI,3110.0,3100.0,3075.0,3100.0,-0.003215434083601254,-0.0112540192926045,-0.003215434083601254,
287760,20251217800112,00534598,한컴라이프케어,372910,단일판매ㆍ공급계약체결,2025-12-17,KOSPI,3050.0,3065.0,3100.0,3020.0,0.004918032786885185,0.016393442622950838,-0.00983606557377048,
316498,20251030900747,00532059,그린생명과학,114450,단일판매ㆍ공급계약체결,2025-10-30,KOSDAQ,2375.0,3085.0,2620.0,2950.0,0.29894736842105263,0.10315789473684212,0.24210526315789482,
306061,20251117900488,00532059,그린생명과학,114450,단일판매ㆍ공급계약체결,2025-11-17,KOSDAQ,3995.0,3745.0,3725.0,4045.0,-0.06257822277847314,-0.06758448060075095,0.01251564455569465,
92084,20260317901131,00532059,그린생명과학,114450,단일판매ㆍ공급계약체결,2026-03-17,KOSDAQ,2835.0,2760.0,2720.0,2695.0,-0.02645502645502651,-0.040564373897707284,-0.04938271604938271,
11447,20260513900542,00532059,그린생명과학,114450,단일판매ㆍ공급계약체결,2026-05-13,KOSDAQ,3645.0,3045.0,2795.0,3000.0,-0.16460905349794241,-0.23319615912208502,-0.17695473251028804,
316191,20251031900202,01708163,엔알비,475230,단일판매ㆍ공급계약체결,2025-10-31,KOSDAQ,11350.0,11370.0,12120.0,11340.0,0.0017621145374449032,0.06784140969163,-0.0008810572687224516,
286950,20251218900115,01708163,엔알비,475230,단일판매ㆍ공급계약체결,2025-12-18,KOSDAQ,14310.0,14440.0,15150.0,14680.0,0.009084556254367548,0.05870020964360578,0.025856044723969296,
283999,20251223900891,01708163,엔알비,475230,단일판매ㆍ공급계약체결(자율공시),2025-12-23,KOSDAQ,15200.0,15010.0,14680.0,14490.0,-0.012499999999999956,-0.03421052631578947,-0.046710526315789425,
27272,20260416900393,01708163,엔알비,475230,단일판매ㆍ공급계약체결,2026-04-16,KOSDAQ,20750.0,21350.0,21150.0,19850.0,0.028915662650602414,0.01927710843373487,-0.04337349397590362,
315652,20251031900860,00877819,데이타솔루션,263800,단일판매ㆍ공급계약체결,2025-10-31,KOSDAQ,5760.0,5830.0,5880.0,5630.0,0.012152777777777679,0.02083333333333326,-0.02256944444444442,
50172,20260406900708,00877819,데이타솔루션,263800,단일판매ㆍ공급계약체결,2026-04-06,KOSDAQ,4360.0,4400.0,4610.0,4715.0,0.00917431192660545,0.05733944954128445,0.08142201834862384,
315109,20251103900608,00641171,인지소프트,100030,단일판매ㆍ공급계약체결,2025-11-03,KOSDAQ,19870.0,19880.0,21100.0,21700.0,0.0005032712632109249,0.061902365374937096,0.09209864116758926,
314925,20251104900161,01498576,유디엠텍,389680,단일판매ㆍ공급계약체결,2025-11-04,KOSDAQ,2840.0,2825.0,2825.0,2780.0,-0.005281690140845119,-0.005281690140845119,-0.021126760563380254,
120509,20260610900166,01498576,유디엠텍,389680,단일판매ㆍ공급계약체결,2026-06-10,KOSDAQ,2700.0,2495.0,2325.0,2110.0,-0.07592592592592595,-0.13888888888888884,-0.21851851851851856,
116119,20260618900174,01498576,유디엠텍,389680,단일판매ㆍ공급계약체결(자율공시),2026-06-18,KOSDAQ,2270.0,1963.0,1942.0,1860.0,-0.1352422907488987,-0.14449339207048462,-0.1806167400881057,
314409,20251105900318,01046391,싸이토젠,217330,단일판매ㆍ공급계약체결(자율공시),2025-11-05,KOSDAQ,2975.0,2840.0,2865.0,2930.0,-0.04537815126050415,-0.036974789915966366,-0.015126050420168013,
313171,20251107900279,00409371,인베니아,079950,단일판매ㆍ공급계약체결,2025-11-07,KOSDAQ,1469.0,1469.0,1469.0,1508.0,0.0,0.0,0.026548672566371723,
279071,20260102900294,00409371,인베니아,079950,단일판매ㆍ공급계약체결,2026-01-02,KOSDAQ,1550.0,2015.0,2615.0,4410.0,0.30000000000000004,0.6870967741935483,1.8451612903225807,
114060,20260623900281,00409371,인베니아,079950,단일판매ㆍ공급계약체결,2026-06-23,KOSDAQ,973.0,986.0,985.0,,0.013360739979445091,0.012332990750256956,,
312278,20251110900533,00962393,포인트모바일,318020,단일판매ㆍ공급계약체결(자율공시),2025-11-10,KOSDAQ,4900.0,4950.0,4815.0,4565.0,0.010204081632652962,-0.01734693877551019,-0.06836734693877555,
311081,20251112900536,00396925,엠로,058970,단일판매ㆍ공급계약체결,2025-11-12,KOSDAQ,41700.0,42700.0,41250.0,37400.0,0.023980815347721895,-0.010791366906474864,-0.10311750599520386,
310176,20251113800665,00356361,LG화학,051910,단일판매ㆍ공급계약체결,2025-11-13,KOSPI,419500.0,407500.0,402000.0,388500.0,-0.028605482717520836,-0.04171632896305122,-0.07389749702026227,
310162,20251113800695,00120021,LG,003550,단일판매ㆍ공급계약체결(자회사의 주요경영사항),2025-11-13,KOSPI,84700.0,82900.0,83600.0,80600.0,-0.02125147579693032,-0.012987012987012991,-0.04840613931523019,
310358,20251113900493,00397191,팬엔터테인먼트,068050,단일판매ㆍ공급계약체결,2025-11-13,KOSDAQ,1960.0,1941.0,1919.0,1900.0,-0.009693877551020358,-0.02091836734693875,-0.030612244897959218,
309306,20251114900322,01170865,네오셈,253590,단일판매ㆍ공급계약체결,2025-11-14,KOSDAQ,11270.0,11250.0,10550.0,9490.0,-0.0017746228926353025,-0.06388642413487133,-0.15794143744454303,
256411,20260210901352,01170865,네오셈,253590,단일판매ㆍ공급계약체결(자율공시),2026-02-10,KOSDAQ,16670.0,16200.0,16200.0,16210.0,-0.028194361127774403,-0.028194361127774403,-0.027594481103779267,
86208,20260323900302,01170865,네오셈,253590,단일판매ㆍ공급계약체결(자율공시),2026-03-23,KOSDAQ,17650.0,17540.0,17890.0,15400.0,-0.006232294617563694,0.013597733711048221,-0.12747875354107652,
55169,20260403900972,01170865,네오셈,253590,단일판매ㆍ공급계약체결(자율공시),2026-04-03,KOSDAQ,14660.0,15200.0,14760.0,15280.0,0.03683492496589369,0.006821282401091366,0.04229195088676674,
30235,20260414900290,01170865,네오셈,253590,단일판매ㆍ공급계약체결(자율공시),2026-04-14,KOSDAQ,17750.0,17660.0,17340.0,17750.0,-0.005070422535211283,-0.02309859154929572,0.0,
15941,20260506900239,01170865,네오셈,253590,단일판매ㆍ공급계약체결,2026-05-06,KOSDAQ,20650.0,18090.0,17800.0,15720.0,-0.12397094430992739,-0.13801452784503632,-0.23874092009685233,
648,20260527900129,01170865,네오셈,253590,단일판매ㆍ공급계약체결,2026-05-27,KOSDAQ,15840.0,15490.0,14120.0,14400.0,-0.022095959595959558,-0.10858585858585856,-0.09090909090909094,
130434,20260528900396,01170865,네오셈,253590,단일판매ㆍ공급계약체결,2026-05-28,KOSDAQ,15490.0,14120.0,13980.0,13460.0,-0.08844415752098123,-0.09748224661071658,-0.13105229180116207,
306079,20251117900456,01359815,한울반도체,320000,단일판매ㆍ공급계약체결,2025-11-17,KOSDAQ,10256.0,10782.0,10356.0,10656.0,0.051287051482059365,0.00975039001560063,0.03900156006240252,
305285,20251119800332,00520887,비상교육,100220,단일판매ㆍ공급계약체결,2025-11-19,KOSPI,5450.0,5460.0,5390.0,5090.0,0.0018348623853210455,-0.011009174311926606,-0.06605504587155964,
304518,20251120800684,00159971,KC그린홀딩스,009440,단일판매ㆍ공급계약체결(자회사의 주요경영사항),2025-11-20,KOSPI,756.0,756.0,756.0,756.0,0.0,0.0,0.0,
303462,20251124900507,00441650,케이씨에스,115500,단일판매ㆍ공급계약체결,2025-11-24,KOSDAQ,9570.0,9870.0,9890.0,10010.0,0.03134796238244508,0.03343782654127492,0.04597701149425282,
268915,20260126900331,00441650,케이씨에스,115500,단일판매ㆍ공급계약체결,2026-01-26,KOSDAQ,9870.0,9770.0,9800.0,9300.0,-0.010131712259371817,-0.007092198581560294,-0.05775075987841949,
44825,20260408900265,00441650,케이씨에스,115500,단일판매ㆍ공급계약체결,2026-04-08,KOSDAQ,9360.0,9120.0,9470.0,13680.0,-0.02564102564102566,0.01175213675213671,0.46153846153846145,
303326,20251124900599,00350482,성우테크론,045300,단일판매ㆍ공급계약체결,2025-11-24,KOSDAQ,3117.0,3132.0,3215.0,3205.0,0.004812319538017418,0.03144048764837981,0.028232274623035014,
302799,20251125900300,00975290,에이스토리,241840,단일판매ㆍ공급계약체결,2025-11-25,KOSDAQ,6960.0,7170.0,7110.0,7220.0,0.030172413793103425,0.02155172413793105,0.03735632183908044,
130321,20260528900437,00975290,에이스토리,241840,단일판매ㆍ공급계약체결,2026-05-28,KOSDAQ,3470.0,3395.0,3130.0,3130.0,-0.021613832853025983,-0.09798270893371763,-0.09798270893371763,
117175,20260616900384,00975290,에이스토리,241840,단일판매ㆍ공급계약체결,2026-06-16,KOSDAQ,3025.0,3080.0,2955.0,2365.0,0.018181818181818077,-0.023140495867768562,-0.21818181818181814,
301641,20251126900766,01364297,코퍼스코리아,322780,단일판매ㆍ공급계약체결,2025-11-26,KOSDAQ,6360.0,6245.0,7340.0,6930.0,-0.018081761006289332,0.15408805031446549,0.08962264150943389,
301264,20251127900400,01569102,라이콤,388790,단일판매ㆍ공급계약체결,2025-11-27,KOSDAQ,2450.0,2460.0,2405.0,2480.0,0.004081632653061273,-0.01836734693877551,0.012244897959183598,
76637,20260327902235,01569102,라이콤,388790,단일판매ㆍ공급계약체결(자율공시),2026-03-27,KOSDAQ,5130.0,5700.0,4935.0,5340.0,0.11111111111111116,-0.03801169590643272,0.040935672514619936,
123244,20260604900159,01569102,라이콤,388790,단일판매ㆍ공급계약체결,2026-06-04,KOSDAQ,4910.0,5910.0,6750.0,8790.0,0.20366598778004064,0.3747454175152749,0.7902240325865579,
120792,20260609900521,01569102,라이콤,388790,단일판매ㆍ공급계약체결,2026-06-09,KOSDAQ,7600.0,7080.0,8790.0,6830.0,-0.06842105263157894,0.15657894736842115,-0.10131578947368425,
299200,20251128900233,01494118,노을,376930,단일판매ㆍ공급계약체결,2025-11-28,KOSDAQ,2500.0,2410.0,2290.0,2280.0,-0.03600000000000003,-0.08399999999999996,-0.08799999999999997,
298488,20251128900679,00365934,코세스,089890,단일판매ㆍ공급계약체결,2025-11-28,KOSDAQ,29450.0,28250.0,25900.0,25400.0,-0.04074702886247883,-0.12054329371816641,-0.13752122241086584,
290774,20251215900174,00365934,코세스,089890,단일판매ㆍ공급계약체결,2025-12-15,KOSDAQ,21500.0,19240.0,19850.0,23650.0,-0.1051162790697674,-0.07674418604651168,0.10000000000000009,
25915,20260420900317,00365934,코세스,089890,단일판매ㆍ공급계약체결,2026-04-20,KOSDAQ,34900.0,35050.0,37900.0,43200.0,0.004297994269341077,0.08595988538681953,0.23782234957020054,
295838,20251203900555,00567897,에스비비테크,389500,단일판매ㆍ공급계약체결,2025-12-03,KOSDAQ,36600.0,36350.0,33900.0,39250.0,-0.006830601092896127,-0.07377049180327866,0.07240437158469937,
294486,20251208900163,00567897,에스비비테크,389500,단일판매ㆍ공급계약체결,2025-12-08,KOSDAQ,39200.0,41300.0,39250.0,42050.0,0.0535714285714286,0.0012755102040815647,0.07270408163265296,
5205,20260519900397,00567897,에스비비테크,389500,단일판매ㆍ공급계약체결,2026-05-19,KOSDAQ,76200.0,74700.0,85100.0,83000.0,-0.019685039370078705,0.11679790026246728,0.08923884514435687,
294530,20251208900139,00577335,대성하이텍,129920,단일판매ㆍ공급계약체결,2025-12-08,KOSDAQ,4360.0,4130.0,4090.0,4080.0,-0.05275229357798161,-0.06192660550458717,-0.06422018348623848,
256952,20260210900541,00577335,대성하이텍,129920,단일판매ㆍ공급계약체결,2026-02-10,KOSDAQ,5500.0,5150.0,5200.0,7240.0,-0.0636363636363636,-0.054545454545454564,0.3163636363636364,
294376,20251208900338,00162832,한일단조,024740,단일판매ㆍ공급계약체결,2025-12-08,KOSDAQ,2210.0,2190.0,2155.0,2155.0,-0.009049773755656076,-0.02488687782805432,-0.02488687782805432,
294287,20251208900465,01222867,제테마,216080,단일판매ㆍ공급계약체결,2025-12-08,KOSDAQ,6170.0,6170.0,6010.0,5700.0,0.0,-0.02593192868719607,-0.07617504051863855,
293904,20251209800243,01262032,롯데이노베이트,286940,단일판매ㆍ공급계약체결,2025-12-09,KOSPI,19890.0,19800.0,19720.0,19880.0,-0.004524886877828038,-0.008547008547008517,-0.0005027652086475598,
280775,20251230800401,01262032,롯데이노베이트,286940,단일판매ㆍ공급계약체결,2025-12-30,KOSPI,19360.0,19580.0,19340.0,18800.0,0.011363636363636465,-0.0010330578512396382,-0.02892561983471076,
293970,20251209900168,01365038,자람테크놀로지,389020,단일판매ㆍ공급계약체결,2025-12-09,KOSDAQ,40000.0,39350.0,40000.0,35650.0,-0.016249999999999987,0.0,-0.10875000000000001,
292574,20251211900298,01137860,위너스일렉,479960,단일판매ㆍ공급계약체결,2025-12-11,KOSDAQ,10860.0,10950.0,10840.0,10900.0,0.008287292817679592,-0.0018416206261510082,0.0036832412523020164,
291498,20251212900733,00141583,삼양컴텍,484590,단일판매ㆍ공급계약체결,2025-12-12,KOSDAQ,13610.0,13850.0,13160.0,13220.0,0.01763409257898596,-0.03306392358559884,-0.028655400440852352,
287805,20251217900062,00447760,미래컴퍼니,049950,단일판매ㆍ공급계약체결,2025-12-17,KOSDAQ,17700.0,17320.0,17550.0,17920.0,-0.021468926553672274,-0.008474576271186418,0.012429378531073398,
287326,20251217900646,01786958,큐리오시스,494120,단일판매ㆍ공급계약체결,2025-12-17,KOSDAQ,62500.0,60600.0,62900.0,54400.0,-0.030399999999999983,0.006399999999999961,-0.12960000000000005,
287254,20251217900778,00216647,원익홀딩스,030530,단일판매ㆍ공급계약체결,2025-12-17,KOSDAQ,31950.0,32300.0,33050.0,36100.0,0.010954616588419341,0.03442879499217533,0.1298904538341159,
286999,20251218900065,01408999,웨이버스,336060,단일판매ㆍ공급계약체결,2025-12-18,KOSDAQ,1005.0,1017.0,995.0,971.0,0.011940298507462588,-0.00995024875621886,-0.03383084577114426,
3388,20260522900257,01408999,웨이버스,336060,단일판매ㆍ공급계약체결(자율공시),2026-05-22,KOSDAQ,864.0,822.0,799.0,724.0,-0.04861111111111116,-0.07523148148148151,-0.1620370370370371,
657,20260527900104,01408999,웨이버스,336060,단일판매ㆍ공급계약체결,2026-05-27,KOSDAQ,799.0,781.0,793.0,720.0,-0.02252816020025028,-0.007509386733416723,-0.09887359198998746,
285863,20251219900656,00528515,한라IMS,092460,단일판매ㆍ공급계약체결(자율공시),2025-12-19,KOSDAQ,17740.0,17630.0,17550.0,17640.0,-0.006200676437429498,-0.010710259301014657,-0.005636978579481422,
92176,20260317900903,00528515,한라IMS,092460,단일판매ㆍ공급계약체결,2026-03-17,KOSDAQ,15820.0,16180.0,15920.0,15830.0,0.022756005056890016,0.006321112515802696,0.0006321112515803584,
284709,20251223800195,00159564,한국주강,025890,단일판매ㆍ공급계약체결,2025-12-23,KOSPI,2215.0,1928.0,1895.0,1837.0,-0.12957110609480815,-0.1444695259593679,-0.17065462753950333,
267441,20260128800371,00159564,한국주강,025890,단일판매ㆍ공급계약체결,2026-01-28,KOSPI,1793.0,1782.0,1834.0,1807.0,-0.006134969325153339,0.02286670384829903,0.007808142777467886,
29947,20260414800333,00159564,한국주강,025890,단일판매ㆍ공급계약체결,2026-04-14,KOSPI,2010.0,2190.0,2245.0,2145.0,0.08955223880597019,0.11691542288557222,0.0671641791044777,
284269,20251223800497,01325979,세아제강,306200,단일판매ㆍ공급계약체결,2025-12-23,KOSPI,117400.0,120400.0,121600.0,117100.0,0.02555366269165238,0.035775127768313375,-0.0025553662691651935,
284243,20251223800564,00124197,세아제강지주,003030,단일판매ㆍ공급계약체결(자회사의 주요경영사항),2025-12-23,KOSPI,128700.0,129800.0,127000.0,126800.0,0.008547008547008517,-0.013209013209013243,-0.014763014763014781,
284598,20251223900286,00925374,윤성에프앤씨,372170,단일판매ㆍ공급계약체결,2025-12-23,KOSDAQ,31650.0,31100.0,30350.0,28550.0,-0.017377567140600347,-0.041074249605055346,-0.09794628751974721,
11175,20260513900851,00925374,윤성에프앤씨,372170,단일판매ㆍ공급계약체결,2026-05-13,KOSDAQ,30300.0,32450.0,30300.0,27750.0,0.07095709570957087,0.0,-0.08415841584158412,
283577,20251224900164,01515864,넥스트칩,396270,단일판매ㆍ공급계약체결,2025-12-24,KOSDAQ,3665.0,3815.0,4140.0,4010.0,0.04092769440654842,0.12960436562073663,0.09413369713506148,
283138,20251224900477,00488244,원일티엔아이,136150,단일판매ㆍ공급계약체결,2025-12-24,KOSDAQ,18940.0,18690.0,18510.0,18680.0,-0.013199577613516422,-0.022703273495248144,-0.01372756071805703,
256858,20260210900715,00488244,원일티엔아이,136150,단일판매ㆍ공급계약체결,2026-02-10,KOSDAQ,19070.0,18670.0,18260.0,19150.0,-0.02097535395909811,-0.04247509176717357,0.004195070791819688,
256807,20260210900749,00488244,원일티엔아이,136150,단일판매ㆍ공급계약체결,2026-02-10,KOSDAQ,19070.0,18670.0,18260.0,19150.0,-0.02097535395909811,-0.04247509176717357,0.004195070791819688,
120533,20260610900130,00488244,원일티엔아이,136150,단일판매ㆍ공급계약체결,2026-06-10,KOSDAQ,10980.0,11200.0,11900.0,13170.0,0.020036429872495543,0.08378870673952643,0.19945355191256842,
114644,20260622900311,00488244,원일티엔아이,136150,단일판매ㆍ공급계약체결,2026-06-22,KOSDAQ,12010.0,10420.0,10110.0,,-0.13238967527060785,-0.15820149875104084,,
282421,20251226900472,01194607,비츠로넥스텍,488900,단일판매ㆍ공급계약체결,2025-12-26,KOSDAQ,15280.0,16930.0,19250.0,19250.0,0.10798429319371738,0.25981675392670156,0.25981675392670156,
272071,20260116900656,01194607,비츠로넥스텍,488900,단일판매ㆍ공급계약체결,2026-01-16,KOSDAQ,19510.0,20350.0,21300.0,24750.0,0.04305484366991297,0.09174782162993345,0.26858021527421827,
103164,20260310900294,01194607,비츠로넥스텍,488900,단일판매ㆍ공급계약체결,2026-03-10,KOSDAQ,17530.0,17840.0,17440.0,17420.0,0.01768397033656588,-0.00513405590416427,-0.006274957216200749,
282413,20251226900533,00103644,비츠로테크,042370,단일판매ㆍ공급계약체결(자회사의 주요경영사항),2025-12-26,KOSDAQ,8700.0,9040.0,8920.0,9450.0,0.03908045977011487,0.025287356321838983,0.0862068965517242,
272047,20260116900706,00103644,비츠로테크,042370,단일판매ㆍ공급계약체결(자회사의 주요경영사항),2026-01-16,KOSDAQ,10270.0,10730.0,11420.0,10790.0,0.04479065238558899,0.1119766309639727,0.05063291139240511,
103162,20260310900319,00103644,비츠로테크,042370,단일판매ㆍ공급계약체결(자회사의 주요경영사항),2026-03-10,KOSDAQ,9890.0,10460.0,10730.0,10820.0,0.05763397371081891,0.08493427704752277,0.09403437815975724,
281878,20251229900279,00914341,아이티켐,309710,단일판매ㆍ공급계약체결,2025-12-29,KOSDAQ,38500.0,34650.0,32550.0,32000.0,-0.09999999999999998,-0.15454545454545454,-0.16883116883116878,
281838,20251229900327,01810477,노타,486990,단일판매ㆍ공급계약체결,2025-12-29,KOSDAQ,43250.0,46300.0,56400.0,50000.0,0.07052023121387285,0.3040462427745665,0.1560693641618498,
264603,20260202900150,01810477,노타,486990,단일판매ㆍ공급계약체결,2026-02-02,KOSDAQ,41850.0,40550.0,40100.0,38300.0,-0.031063321385902065,-0.041816009557945066,-0.08482676224611707,
103150,20260310900321,01810477,노타,486990,단일판매ㆍ공급계약체결,2026-03-10,KOSDAQ,33700.0,37300.0,44450.0,45150.0,0.10682492581602365,0.31899109792284874,0.3397626112759644,
84014,20260324900315,01810477,노타,486990,단일판매ㆍ공급계약체결,2026-03-24,KOSDAQ,40250.0,42350.0,44050.0,31600.0,0.05217391304347818,0.09440993788819885,-0.21490683229813667,
15464,20260506900892,01810477,노타,486990,단일판매ㆍ공급계약체결,2026-05-06,KOSDAQ,33750.0,35450.0,33600.0,30500.0,0.0503703703703704,-0.004444444444444473,-0.09629629629629632,
281524,20251229900666,01113754,티이엠씨씨엔에스,241790,단일판매ㆍ공급계약체결(자율공시),2025-12-29,KOSDAQ,6590.0,6610.0,6910.0,6930.0,0.003034901365705611,0.04855842185128978,0.05159332321699539,
280477,20251230900740,00406222,쎄크,081180,단일판매ㆍ공급계약체결(자율공시),2025-12-30,KOSDAQ,15900.0,15800.0,15970.0,16300.0,-0.0062893081761006275,0.00440251572327055,0.02515723270440251,
11724,20260513900169,00406222,쎄크,081180,단일판매ㆍ공급계약체결,2026-05-13,KOSDAQ,11350.0,11240.0,9930.0,10860.0,-0.00969162995594719,-0.12511013215859035,-0.043171806167400906,
121098,20260609900219,00406222,쎄크,081180,단일판매ㆍ공급계약체결(자율공시),2026-06-09,KOSDAQ,7870.0,7660.0,7910.0,7790.0,-0.026683608640406642,0.0050825921219821435,-0.010165184243964398,
279898,20251231800094,00163761,한창제지,009460,단일판매ㆍ공급계약체결,2025-12-31,KOSPI,2660.0,2655.0,2660.0,2555.0,-0.001879699248120259,0.0,-0.03947368421052633,
279506,20251231900529,01829819,아크릴,0007C0,단일판매ㆍ공급계약체결,2025-12-31,KOSDAQ,31800.0,31000.0,31800.0,28750.0,-0.02515723270440251,0.0,-0.09591194968553463,
264547,20260202900361,01829819,아크릴,0007C0,단일판매ㆍ공급계약체결,2026-02-02,KOSDAQ,47600.0,47800.0,45950.0,36450.0,0.004201680672268893,-0.034663865546218475,-0.23424369747899154,
279269,20251231900796,00210740,대화제약,067080,단일판매ㆍ공급계약체결,2025-12-31,KOSDAQ,17860.0,17700.0,17040.0,16400.0,-0.00895856662933936,-0.045912653975363926,-0.08174692049272114,
279074,20260102900303,00808086,HLB펩,196300,단일판매ㆍ공급계약체결,2026-01-02,KOSDAQ,7790.0,8870.0,9370.0,9240.0,0.1386392811296533,0.2028241335044929,0.18613607188703463,
278639,20260105800073,00683469,일진전기,103590,단일판매ㆍ공급계약체결,2026-01-05,KOSPI,62300.0,62400.0,63500.0,61600.0,0.0016051364365972098,0.019261637239165408,-0.011235955056179803,
254675,20260212800127,00683469,일진전기,103590,단일판매ㆍ공급계약체결,2026-02-12,KOSPI,72400.0,71500.0,71400.0,82200.0,-0.012430939226519389,-0.013812154696132617,0.1353591160220995,
45882,20260407800938,00683469,일진전기,103590,단일판매ㆍ공급계약체결(자율공시),2026-04-07,KOSPI,73000.0,80000.0,77200.0,84300.0,0.09589041095890405,0.05753424657534256,0.1547945205479453,
12501,20260512800198,00683469,일진전기,103590,단일판매ㆍ공급계약체결,2026-05-12,KOSPI,139200.0,139900.0,133300.0,105000.0,0.005028735632183867,-0.04238505747126442,-0.2456896551724138,
277876,20260106900298,00666204,제너셈,217190,단일판매ㆍ공급계약체결(자율공시),2026-01-06,KOSDAQ,5670.0,5440.0,5280.0,5240.0,-0.040564373897707284,-0.06878306878306883,-0.07583774250440922,
27824,20260415900875,00666204,제너셈,217190,단일판매ㆍ공급계약체결,2026-04-15,KOSDAQ,6100.0,6700.0,6810.0,7180.0,0.09836065573770503,0.11639344262295093,0.17704918032786887,
117452,20260615900756,00666204,제너셈,217190,단일판매ㆍ공급계약체결,2026-06-15,KOSDAQ,5880.0,6150.0,6000.0,5710.0,0.04591836734693877,0.020408163265306145,-0.028911564625850317,
274722,20260112900487,00397058,엠게임,058630,단일판매ㆍ공급계약체결,2026-01-12,KOSDAQ,6010.0,5810.0,5750.0,5440.0,-0.03327787021630613,-0.043261231281197965,-0.09484193011647257,
274155,20260113800138,00156354,지엠비코리아,013870,단일판매ㆍ공급계약체결,2026-01-13,KOSPI,4515.0,4500.0,4470.0,4620.0,-0.0033222591362126463,-0.009966777408637828,0.023255813953488413,
261508,20260205800343,00156354,지엠비코리아,013870,단일판매ㆍ공급계약체결,2026-02-05,KOSPI,5300.0,5100.0,5270.0,5510.0,-0.037735849056603765,-0.005660377358490565,0.039622641509434064,
25400,20260421800146,00156354,지엠비코리아,013870,단일판매ㆍ공급계약체결,2026-04-21,KOSPI,5120.0,5050.0,5010.0,5010.0,-0.013671875,-0.021484375,-0.021484375,
273197,20260114900198,00257732,한국정밀기계,101680,단일판매ㆍ공급계약체결,2026-01-14,KOSDAQ,3060.0,3975.0,3360.0,3445.0,0.2990196078431373,0.0980392156862746,0.12581699346405228,
12322,20260512900448,00257732,한국정밀기계,101680,단일판매ㆍ공급계약체결,2026-05-12,KOSDAQ,2680.0,2700.0,2615.0,2900.0,0.00746268656716409,-0.02425373134328357,0.08208955223880587,
272185,20260116900527,01310773,엔시스,333620,단일판매ㆍ공급계약체결,2026-01-16,KOSDAQ,6630.0,6550.0,6490.0,6540.0,-0.012066365007541435,-0.021116138763197623,-0.013574660633484115,
98725,20260312900761,01310773,엔시스,333620,단일판매ㆍ공급계약체결,2026-03-12,KOSDAQ,5970.0,6080.0,5920.0,6040.0,0.018425460636515956,-0.008375209380234505,0.011725293132328396,
22917,20260424900149,01310773,엔시스,333620,단일판매ㆍ공급계약체결(자율공시),2026-04-24,KOSDAQ,6670.0,7340.0,7130.0,7150.0,0.1004497751124438,0.06896551724137923,0.0719640179910046,
21758,20260427900421,01310773,엔시스,333620,단일판매ㆍ공급계약체결,2026-04-27,KOSDAQ,7340.0,7130.0,7190.0,6990.0,-0.028610354223433276,-0.02043596730245234,-0.04768392370572205,
271724,20260119900439,01258710,이노메트리,302430,단일판매ㆍ공급계약체결,2026-01-19,KOSDAQ,7030.0,7000.0,6810.0,7570.0,-0.004267425320056861,-0.031294452347083945,0.07681365576102417,
255801,20260211900646,01258710,이노메트리,302430,단일판매ㆍ공급계약체결,2026-02-11,KOSDAQ,7900.0,7740.0,7570.0,7120.0,-0.020253164556962022,-0.04177215189873418,-0.09873417721518984,
126379,20260601900291,01258710,이노메트리,302430,단일판매ㆍ공급계약체결,2026-06-01,KOSDAQ,8700.0,7900.0,8350.0,7600.0,-0.09195402298850575,-0.04022988505747127,-0.12643678160919536,
118073,20260612901084,01258710,이노메트리,302430,단일판매ㆍ공급계약체결,2026-06-12,KOSDAQ,7680.0,7660.0,7510.0,6900.0,-0.0026041666666666297,-0.02213541666666663,-0.1015625,
270359,20260122900106,01638387,케이지에이,455180,단일판매ㆍ공급계약체결(자율공시),2026-01-22,KOSDAQ,3720.0,3475.0,3840.0,3730.0,-0.0658602150537635,0.032258064516129004,0.0026881720430107503,
258295,20260209900037,01638387,케이지에이,455180,단일판매ㆍ공급계약체결(자율공시),2026-02-09,KOSDAQ,3650.0,3585.0,3520.0,3400.0,-0.017808219178082174,-0.03561643835616435,-0.06849315068493156,
269953,20260122900742,01787355,나라스페이스테크놀로지,478340,단일판매ㆍ공급계약체결,2026-01-22,KOSDAQ,51100.0,48550.0,47100.0,58500.0,-0.049902152641878694,-0.07827788649706457,0.14481409001956957,
109229,20260303900460,01787355,나라스페이스테크놀로지,478340,단일판매ㆍ공급계약체결,2026-03-03,KOSDAQ,43300.0,34100.0,40100.0,40250.0,-0.21247113163972287,-0.07390300230946878,-0.07043879907621242,
36298,20260410900481,01787355,나라스페이스테크놀로지,478340,단일판매ㆍ공급계약체결,2026-04-10,KOSDAQ,33000.0,35250.0,38650.0,38350.0,0.06818181818181812,0.17121212121212115,0.1621212121212121,
32804,20260413900369,01787355,나라스페이스테크놀로지,478340,단일판매ㆍ공급계약체결,2026-04-13,KOSDAQ,35250.0,38650.0,37800.0,37600.0,0.09645390070921978,0.07234042553191489,0.06666666666666665,
129999,20260528900761,01787355,나라스페이스테크놀로지,478340,단일판매ㆍ공급계약체결,2026-05-28,KOSDAQ,26850.0,26050.0,23850.0,22100.0,-0.029795158286778367,-0.11173184357541899,-0.17690875232774672,
115380,20260619900494,01787355,나라스페이스테크놀로지,478340,단일판매ㆍ공급계약체결,2026-06-19,KOSDAQ,17660.0,16510.0,14320.0,12880.0,-0.06511891279728199,-0.1891279728199321,-0.27066817667044163,
267603,20260128800054,00828497,한미약품,128940,단일판매ㆍ공급계약체결,2026-01-28,KOSPI,519000.0,505000.0,484000.0,540000.0,-0.026974951830443183,-0.06743737957610785,0.040462427745664664,
3729,20260521800956,00828497,한미약품,128940,단일판매ㆍ공급계약체결,2026-05-21,KOSPI,436500.0,454000.0,469000.0,491000.0,0.04009163802978244,0.0744558991981672,0.12485681557846506,
267598,20260128800068,00161426,한미사이언스,008930,단일판매ㆍ공급계약체결(자회사의 주요경영사항),2026-01-28,KOSPI,40600.0,42600.0,42500.0,44700.0,0.049261083743842304,0.046798029556650356,0.10098522167487678,
3723,20260521800969,00161426,한미사이언스,008930,단일판매ㆍ공급계약체결(자회사의 주요경영사항),2026-05-21,KOSPI,32100.0,33750.0,33150.0,31750.0,0.051401869158878455,0.032710280373831724,-0.010903426791277204,
267388,20260128800424,01205842,HD건설기계,267270,단일판매ㆍ공급계약체결,2026-01-28,KOSPI,107300.0,110000.0,108200.0,126900.0,0.025163094128611396,0.00838769804287054,0.1826654240447343,
265087,20260130900968,00269889,누리플렉스,040160,단일판매ㆍ공급계약체결,2026-01-30,KOSDAQ,3870.0,3920.0,4080.0,6210.0,0.012919896640826822,0.054263565891472965,0.6046511627906976,
262782,20260203900963,00659976,영화테크,265560,단일판매ㆍ공급계약체결,2026-02-03,KOSDAQ,8230.0,8560.0,8250.0,8370.0,0.04009720534629402,0.002430133657351119,0.017010935601458055,
261463,20260205900389,01264872,이노뎁,303530,단일판매ㆍ공급계약체결(자율공시),2026-02-05,KOSDAQ,4940.0,4900.0,4990.0,5090.0,-0.0080971659919028,0.010121457489878471,0.030364372469635637,
126104,20260601900448,01264872,이노뎁,303530,단일판매ㆍ공급계약체결,2026-06-01,KOSDAQ,3545.0,3335.0,3280.0,3330.0,-0.05923836389280679,-0.07475317348377997,-0.060648801128349805,
258258,20260209900202,00910840,윈하이텍,192390,단일판매ㆍ공급계약체결,2026-02-09,KOSDAQ,2215.0,2305.0,2355.0,2155.0,0.040632054176072296,0.06320541760722342,-0.02708803611738153,
256407,20260210901380,00264671,세중,039310,단일판매ㆍ공급계약체결,2026-02-10,KOSDAQ,1319.0,1359.0,1349.0,1353.0,0.030326004548900665,0.022744503411675554,0.02577710386656551,
254437,20260212900318,01294110,에스엔시스,0008Z0,단일판매ㆍ공급계약체결(자율공시),2026-02-12,KOSDAQ,32050.0,32150.0,32500.0,34050.0,0.0031201248049921304,0.014040561622464809,0.06240249609984394,
21163,20260428900074,01294110,에스엔시스,0008Z0,단일판매ㆍ공급계약체결(자율공시),2026-04-28,KOSDAQ,41800.0,44900.0,42300.0,43000.0,0.07416267942583743,0.011961722488038173,0.028708133971291794,
120545,20260610900113,01294110,에스엔시스,0008Z0,단일판매ㆍ공급계약체결(자율공시),2026-06-10,KOSDAQ,25850.0,26000.0,26500.0,28550.0,0.005802707930367523,0.025145067698259194,0.1044487427466152,
250387,20260213902143,00367871,인바이오,352940,단일판매ㆍ공급계약체결,2026-02-13,KOSDAQ,2170.0,2105.0,2115.0,2110.0,-0.02995391705069128,-0.025345622119815614,-0.027649769585253448,
250285,20260219900160,01152586,유일로보틱스,388720,단일판매ㆍ공급계약체결,2026-02-19,KOSDAQ,122600.0,119300.0,115700.0,126200.0,-0.0269168026101142,-0.056280587275693295,0.029363784665579207,
116748,20260617900088,01152586,유일로보틱스,388720,단일판매ㆍ공급계약체결,2026-06-17,KOSDAQ,85600.0,82700.0,78300.0,74400.0,-0.033878504672897214,-0.08528037383177567,-0.13084112149532712,
250255,20260219900236,01627363,세미파이브,490470,단일판매ㆍ공급계약체결(자율공시),2026-02-19,KOSDAQ,28800.0,28650.0,28150.0,28050.0,-0.00520833333333337,-0.02256944444444442,-0.02604166666666663,
96751,20260313900540,01627363,세미파이브,490470,단일판매ㆍ공급계약체결,2026-03-13,KOSDAQ,25500.0,24050.0,25400.0,30900.0,-0.056862745098039236,-0.0039215686274509665,0.21176470588235285,
4789,20260520900367,01627363,세미파이브,490470,단일판매ㆍ공급계약체결,2026-05-20,KOSDAQ,35000.0,35050.0,36250.0,39750.0,0.0014285714285713347,0.03571428571428581,0.13571428571428568,
249762,20260219900986,00604268,에이프로,262260,단일판매ㆍ공급계약체결,2026-02-19,KOSDAQ,5630.0,5780.0,5900.0,5680.0,0.026642984014209503,0.047957371225577194,0.008880994671403242,
248653,20260223900110,00688358,하이즈항공,221840,단일판매ㆍ공급계약체결,2026-02-23,KOSDAQ,3040.0,2995.0,2905.0,2725.0,-0.014802631578947345,-0.044407894736842146,-0.10361842105263153,
112546,20260227900164,00688358,하이즈항공,221840,단일판매ㆍ공급계약체결,2026-02-27,KOSDAQ,2770.0,2725.0,2310.0,2495.0,-0.016245487364620947,-0.1660649819494585,-0.09927797833935015,
246675,20260224901391,01480708,HEM파마,376270,단일판매ㆍ공급계약체결,2026-02-24,KOSDAQ,81700.0,80100.0,80500.0,64900.0,-0.019583843329253336,-0.014687882496939975,-0.2056303549571603,
10483,20260514900422,01480708,HEM파마,376270,단일판매ㆍ공급계약체결,2026-05-14,KOSDAQ,64800.0,59700.0,60300.0,55800.0,-0.07870370370370372,-0.06944444444444442,-0.13888888888888884,
113262,20260624900759,01480708,HEM파마,376270,단일판매ㆍ공급계약체결,2026-06-24,KOSDAQ,44000.0,43350.0,41500.0,,-0.01477272727272727,-0.05681818181818177,,
246446,20260225900241,01383229,저스템,417840,단일판매ㆍ공급계약체결,2026-02-25,KOSDAQ,7650.0,7650.0,7320.0,6400.0,0.0,-0.04313725490196074,-0.1633986928104575,
111045,20260227801005,00300548,현대리바트,079430,단일판매ㆍ공급계약체결,2026-02-27,KOSPI,7560.0,7170.0,6700.0,6800.0,-0.051587301587301626,-0.11375661375661372,-0.10052910052910058,
111130,20260227900765,00896753,에코글로우,159910,단일판매ㆍ공급계약체결,2026-02-27,KOSDAQ,3125.0,2985.0,2895.0,3080.0,-0.04479999999999995,-0.0736,-0.014399999999999968,
110947,20260227901032,01307593,에이아이코리아,364950,단일판매ㆍ공급계약체결,2026-02-27,KOSDAQ,6600.0,6510.0,5530.0,5460.0,-0.013636363636363669,-0.1621212121212121,-0.17272727272727273,
109464,20260303900210,00580056,스맥,099440,단일판매ㆍ공급계약체결,2026-03-03,KOSDAQ,5550.0,4805.0,5650.0,5410.0,-0.1342342342342342,0.018018018018018056,-0.02522522522522519,
109323,20260303900321,01211232,코윈테크,282880,단일판매ㆍ공급계약체결(자율공시),2026-03-03,KOSDAQ,15780.0,13370.0,14730.0,14810.0,-0.15272496831432192,-0.06653992395437258,-0.06147021546261089,
18747,20260430900129,01211232,코윈테크,282880,단일판매ㆍ공급계약체결(자율공시),2026-04-30,KOSDAQ,16980.0,17730.0,17100.0,16680.0,0.044169611307420586,0.007067137809187329,-0.017667844522968212,
108446,20260304900261,00479787,인텍플러스,064290,단일판매ㆍ공급계약체결,2026-03-04,KOSDAQ,14220.0,15420.0,15380.0,15160.0,0.08438818565400852,0.08157524613220812,0.06610407876230662,
108189,20260304900716,01587056,엔젯,419080,단일판매ㆍ공급계약체결,2026-03-04,KOSDAQ,5060.0,5760.0,5740.0,5490.0,0.1383399209486167,0.13438735177865602,0.08498023715415015,
28868,20260414900766,01587056,엔젯,419080,단일판매ㆍ공급계약체결(자율공시),2026-04-14,KOSDAQ,5290.0,5350.0,5800.0,5870.0,0.011342155009451904,0.0964083175803403,0.10964083175803396,
106669,20260305900919,01099861,에이텍모빌리티,224110,단일판매ㆍ공급계약체결(자율공시),2026-03-05,KOSDAQ,8980.0,9160.0,8710.0,8800.0,0.020044543429844186,-0.030066815144766168,-0.020044543429844075,
121751,20260608900257,01099861,에이텍모빌리티,224110,단일판매ㆍ공급계약체결,2026-06-08,KOSDAQ,7840.0,7950.0,7750.0,8090.0,0.014030612244897878,-0.011479591836734748,0.03188775510204089,
106224,20260305901563,00583026,멤레이비티,072770,단일판매ㆍ공급계약체결,2026-03-05,KOSDAQ,1576.0,1616.0,1514.0,1550.0,0.025380710659898442,-0.03934010152284262,-0.016497461928933976,
104042,20260309900645,00807397,코이즈,121850,단일판매ㆍ공급계약체결(자율공시),2026-03-09,KOSDAQ,2180.0,2250.0,2355.0,2355.0,0.032110091743119185,0.08027522935779818,0.08027522935779818,
102107,20260310901555,01957282,테라뷰,950250,단일판매ㆍ공급계약체결,2026-03-10,KOSDAQ,6370.0,6650.0,8640.0,8700.0,0.04395604395604402,0.3563579277864992,0.3657770800627944,
99260,20260312900127,01023211,와이제이링크,209640,단일판매ㆍ공급계약체결(자율공시),2026-03-12,KOSDAQ,4155.0,4035.0,4000.0,4945.0,-0.028880866425992746,-0.03730445246690739,0.19013237063778576,
98012,20260312901296,00454937,덕신이피씨,090410,단일판매ㆍ공급계약체결,2026-03-12,KOSDAQ,1203.0,1225.0,1231.0,1198.0,0.018287614297589405,0.023275145469659142,-0.004156275976724855,
95662,20260313901606,00231691,판타지오,032800,단일판매ㆍ공급계약체결,2026-03-13,KOSDAQ,1740.0,1713.0,1762.0,1751.0,-0.01551724137931032,0.012643678160919603,0.006321839080459801,
91412,20260318900618,00556712,힘스,238490,단일판매ㆍ공급계약체결,2026-03-18,KOSDAQ,2980.0,3100.0,3090.0,3050.0,0.04026845637583887,0.03691275167785224,0.02348993288590595,
5722,20260518900530,00556712,힘스,238490,단일판매ㆍ공급계약체결(자율공시),2026-05-18,KOSDAQ,3405.0,3355.0,3160.0,3185.0,-0.014684287812041119,-0.07195301027900147,-0.06461086637298086,
87524,20260320800783,00136776,차AI헬스케어,025620,단일판매ㆍ공급계약체결,2026-03-20,KOSPI,9570.0,9180.0,9250.0,9180.0,-0.040752351097178674,-0.03343782654127481,-0.040752351097178674,
114241,20260622800884,00136776,차AI헬스케어,025620,단일판매ㆍ공급계약체결,2026-06-22,KOSPI,5770.0,7500.0,7500.0,,0.2998266897746966,0.2998266897746966,,
83272,20260324801309,00144164,SK가스,018670,단일판매ㆍ공급계약체결,2026-03-24,KOSPI,243500.0,247000.0,246500.0,269000.0,0.014373716632443578,0.012320328542094527,0.10472279260780293,
83289,20260324901278,00353610,이니텍,053350,단일판매ㆍ공급계약체결,2026-03-24,KOSDAQ,3150.0,3225.0,3265.0,3205.0,0.023809523809523725,0.0365079365079366,0.0174603174603174,
82150,20260325900613,00353610,이니텍,053350,단일판매ㆍ공급계약체결(자율공시),2026-03-25,KOSDAQ,3225.0,3265.0,3250.0,3320.0,0.01240310077519391,0.007751937984496138,0.029457364341085368,
81651,20260325901147,00866451,워트,396470,단일판매ㆍ공급계약체결,2026-03-25,KOSDAQ,7190.0,7000.0,7070.0,7140.0,-0.026425591098748313,-0.016689847009735748,-0.006954102920723182,
80768,20260326900415,00866451,워트,396470,단일판매ㆍ공급계약체결(자율공시),2026-03-26,KOSDAQ,7000.0,7070.0,6920.0,6720.0,0.010000000000000009,-0.011428571428571455,-0.040000000000000036,
79051,20260326903063,00866451,워트,396470,단일판매ㆍ공급계약체결,2026-03-26,KOSDAQ,7000.0,7070.0,6920.0,6720.0,0.010000000000000009,-0.011428571428571455,-0.040000000000000036,
78000,20260327900424,00866451,워트,396470,단일판매ㆍ공급계약체결,2026-03-27,KOSDAQ,7070.0,6920.0,6750.0,6760.0,-0.021216407355021172,-0.04526166902404527,-0.04384724186704381,
39023,20260409900837,00866451,워트,396470,단일판매ㆍ공급계약체결,2026-04-09,KOSDAQ,6870.0,7210.0,7190.0,7710.0,0.04949053857350805,0.04657933042212514,0.12227074235807867,
113149,20260624900961,00866451,워트,396470,단일판매ㆍ공급계약체결(자율공시),2026-06-24,KOSDAQ,5740.0,5630.0,5430.0,,-0.019163763066202044,-0.05400696864111498,,
75171,20260330900545,01487446,씨엔알리서치,359090,단일판매ㆍ공급계약체결,2026-03-30,KOSDAQ,809.0,795.0,802.0,775.0,-0.017305315203955507,-0.008652657601977753,-0.04202719406674904,
74522,20260330901093,01566248,에코프로에이치엔,383310,단일판매ㆍ공급계약체결,2026-03-30,KOSDAQ,29850.0,29300.0,30700.0,29300.0,-0.018425460636515956,0.028475711892797406,-0.018425460636515956,
70573,20260331801669,01199550,HD현대에너지솔루션,322000,단일판매ㆍ공급계약체결,2026-03-31,KOSPI,139100.0,136600.0,147000.0,168800.0,-0.017972681524083378,0.056793673616103435,0.2135154565061108,
73296,20260331900156,01575839,플라즈맵,405000,단일판매ㆍ공급계약체결,2026-03-31,KOSDAQ,7150.0,7170.0,7180.0,6910.0,0.002797202797202747,0.00419580419580412,-0.03356643356643352,
123255,20260604900134,01575839,플라즈맵,405000,단일판매ㆍ공급계약체결,2026-06-04,KOSDAQ,5390.0,4960.0,4650.0,4420.0,-0.07977736549165115,-0.13729128014842296,-0.17996289424860856,
72728,20260331900284,00125664,삼미금속,012210,단일판매ㆍ공급계약체결,2026-03-31,KOSDAQ,13140.0,14250.0,13230.0,13330.0,0.08447488584474883,0.006849315068493178,0.014459665144596734,
64718,20260401900588,00410915,서울옥션,063170,단일판매ㆍ공급계약체결,2026-04-01,KOSDAQ,7590.0,7000.0,6950.0,7090.0,-0.07773386034255603,-0.08432147562582348,-0.06587615283267456,
62363,20260401901450,00105138,파라텍,033540,단일판매ㆍ공급계약체결,2026-04-01,KOSDAQ,1160.0,1101.0,1120.0,1120.0,-0.05086206896551726,-0.03448275862068961,-0.03448275862068961,
62070,20260401901613,01419135,이노진,344860,단일판매ㆍ공급계약체결(자율공시),2026-04-01,KOSDAQ,1553.0,1481.0,1490.0,1552.0,-0.04636188023180943,-0.04056664520283326,-0.0006439150032195862,
55630,20260403900787,00605124,알파칩스,117670,단일판매ㆍ공급계약체결,2026-04-03,KOSDAQ,16780.0,15740.0,15200.0,15680.0,-0.06197854588796181,-0.09415971394517286,-0.06555423122765192,
54039,20260403901458,01579570,시큐레터,418250,단일판매ㆍ공급계약체결,2026-04-03,KOSDAQ,6550.0,6550.0,6550.0,6550.0,0.0,0.0,0.0,
51060,20260406900519,01360875,탑머티리얼,360070,단일판매ㆍ공급계약체결,2026-04-06,KOSDAQ,17390.0,16860.0,17700.0,17930.0,-0.030477285796434717,0.017826336975273138,0.03105232892466936,
8566,20260515900800,01360875,탑머티리얼,360070,단일판매ㆍ공급계약체결,2026-05-15,KOSDAQ,15800.0,15610.0,15190.0,15730.0,-0.012025316455696156,-0.038607594936708844,-0.004430379746835467,
37802,20260410900207,00870065,쓰리에이로직스,177900,단일판매ㆍ공급계약체결,2026-04-10,KOSDAQ,6640.0,6470.0,6360.0,6480.0,-0.025602409638554202,-0.04216867469879515,-0.02409638554216864,
36132,20260410900491,01343665,RF머트리얼즈,327260,단일판매ㆍ공급계약체결,2026-04-10,KOSDAQ,91268.0,87822.0,100228.0,99342.0,-0.03775693561817939,0.09817241530437837,0.08846474120173564,
32355,20260413800486,00137207,유니켐,011330,단일판매ㆍ공급계약체결,2026-04-13,KOSPI,670.0,715.0,697.0,695.0,0.0671641791044777,0.040298507462686484,0.03731343283582089,
27547,20260416900081,01376715,디앤디파마텍,347850,단일판매ㆍ공급계약체결,2026-04-16,KOSDAQ,81600.0,78900.0,82000.0,79700.0,-0.03308823529411764,0.004901960784313708,-0.023284313725490224,
27436,20260416900210,01455410,파인메딕스,387570,단일판매ㆍ공급계약체결(자율공시),2026-04-16,KOSDAQ,7090.0,7180.0,8030.0,7390.0,0.012693935119887145,0.13258110014104374,0.042313117066290484,
27245,20260416900444,01035678,링크드,193250,단일판매ㆍ공급계약체결,2026-04-16,KOSDAQ,1855.0,2410.0,2280.0,1995.0,0.2991913746630728,0.22911051212938016,0.07547169811320753,
26791,20260417900217,00377018,기가레인,049080,단일판매ㆍ공급계약체결(자율공시),2026-04-17,KOSDAQ,2600.0,2640.0,2435.0,2425.0,0.01538461538461533,-0.06346153846153846,-0.06730769230769229,
26790,20260417900222,00377018,기가레인,049080,단일판매ㆍ공급계약체결(자율공시),2026-04-17,KOSDAQ,2600.0,2640.0,2435.0,2425.0,0.01538461538461533,-0.06346153846153846,-0.06730769230769229,
21421,20260427800848,00153621,참엔지니어링,009310,단일판매ㆍ공급계약체결,2026-04-27,KOSPI,1065.0,1065.0,1065.0,1065.0,0.0,0.0,0.0,
21520,20260427900678,01429220,피아이이,452450,단일판매ㆍ공급계약체결,2026-04-27,KOSDAQ,7730.0,7150.0,7130.0,7690.0,-0.07503234152652005,-0.07761966364812423,-0.005174644243208237,
18597,20260430900228,01293485,제닉스로보틱스,381620,단일판매ㆍ공급계약체결,2026-04-30,KOSDAQ,10180.0,10070.0,9600.0,12490.0,-0.01080550098231825,-0.056974459724950854,0.2269155206286837,
16885,20260430901787,01015160,PS일렉트로닉스,332570,단일판매ㆍ공급계약체결,2026-04-30,KOSDAQ,8060.0,10470.0,9910.0,11470.0,0.2990074441687345,0.22952853598014888,0.42307692307692313,
16284,20260504800400,00414601,유니퀘스트,077500,단일판매ㆍ공급계약체결,2026-05-04,KOSPI,8500.0,8350.0,7810.0,7300.0,-0.01764705882352946,-0.0811764705882353,-0.14117647058823535,
11390,20260513900607,01091054,쎄노텍,222420,단일판매ㆍ공급계약체결,2026-05-13,KOSDAQ,1481.0,1560.0,1397.0,1291.0,0.053342336259284195,-0.05671843349088457,-0.12829169480081026,
2583,20260526900290,01091054,쎄노텍,222420,단일판매ㆍ공급계약체결,2026-05-26,KOSDAQ,1448.0,1379.0,1338.0,1325.0,-0.047651933701657434,-0.07596685082872923,-0.08494475138121549,
11128,20260513900876,01488320,필에너지,378340,단일판매ㆍ공급계약체결,2026-05-13,KOSDAQ,17710.0,18860.0,17200.0,15000.0,0.06493506493506485,-0.02879728966685491,-0.15302089215132697,
9766,20260514901194,01257872,에스프리즘,288620,단일판매ㆍ공급계약체결,2026-05-14,KOSDAQ,10410.0,9750.0,9540.0,9010.0,-0.06340057636887608,-0.08357348703170031,-0.1344860710854947,
116946,20260616900494,01257872,에스프리즘,288620,단일판매ㆍ공급계약체결,2026-06-16,KOSDAQ,7280.0,7390.0,6870.0,5630.0,0.015109890109890056,-0.05631868131868134,-0.22664835164835162,
9449,20260514901528,01747977,엘케이켐,489500,단일판매ㆍ공급계약체결,2026-05-14,KOSDAQ,33100.0,32250.0,31200.0,35500.0,-0.025679758308157052,-0.05740181268882172,0.0725075528700907,
8243,20260515901130,01671285,쿼드메디슨,464490,단일판매ㆍ공급계약체결,2026-05-15,KOSDAQ,10890.0,10520.0,10310.0,10460.0,-0.03397612488521584,-0.053259871441689643,-0.03948576675849402,
5550,20260518900783,01649620,아우토크립트,331740,단일판매ㆍ공급계약체결,2026-05-18,KOSDAQ,11790.0,11820.0,10940.0,12820.0,0.0025445292620864812,-0.07209499575911793,0.08736217133163704,
5044,20260519900720,00537832,푸른로보틱스,094940,단일판매ㆍ공급계약체결,2026-05-19,KOSDAQ,11230.0,10760.0,11750.0,13000.0,-0.0418521816562778,0.04630454140694562,0.15761353517364207,
4859,20260520800239,00126371,삼성전기,009150,단일판매ㆍ공급계약체결,2026-05-20,KOSPI,1061000.0,1204000.0,1340000.0,1849000.0,0.1347785108388313,0.26295947219604154,0.7426955702167766,
4711,20260520800511,00435312,하이스틸,071090,단일판매ㆍ공급계약체결,2026-05-20,KOSPI,3710.0,3840.0,3875.0,3600.0,0.03504043126684642,0.04447439353099725,-0.029649595687331498,
4851,20260520900257,00356802,큐렉소,060280,단일판매ㆍ공급계약체결,2026-05-20,KOSDAQ,12400.0,13020.0,13090.0,12220.0,0.050000000000000044,0.0556451612903226,-0.014516129032258074,
4811,20260520900338,00654175,피엠티,147760,단일판매ㆍ공급계약체결,2026-05-20,KOSDAQ,6850.0,8060.0,9470.0,7830.0,0.1766423357664233,0.3824817518248176,0.1430656934306569,
4553,20260520900760,01554508,액스비스,0011A0,단일판매ㆍ공급계약체결,2026-05-20,KOSDAQ,18350.0,20850.0,21350.0,20350.0,0.1362397820163488,0.1634877384196185,0.10899182561307907,
2338,20260526900576,00154718,비츠로셀,082920,단일판매ㆍ공급계약체결(자율공시),2026-05-26,KOSDAQ,58000.0,55300.0,52800.0,52500.0,-0.04655172413793107,-0.08965517241379306,-0.09482758620689657,
2232,20260526900736,00216762,한양이엔지,045100,단일판매ㆍ공급계약체결,2026-05-26,KOSDAQ,33350.0,34050.0,31650.0,30000.0,0.020989505247376306,-0.050974512743628186,-0.1004497751124438,
123894,20260602900275,01208849,나인테크,267320,단일판매ㆍ공급계약체결,2026-06-02,KOSDAQ,2970.0,2975.0,2815.0,2530.0,0.0016835016835017313,-0.05218855218855223,-0.14814814814814814,
122931,20260604800530,01784394,STX그린로지스,465770,단일판매ㆍ공급계약체결,2026-06-04,KOSPI,2825.0,2880.0,2570.0,3380.0,0.019469026548672552,-0.0902654867256637,0.19646017699115048,
123212,20260604900216,00415594,동국S&C,100130,단일판매ㆍ공급계약체결,2026-06-04,KOSDAQ,1698.0,1592.0,1509.0,1568.0,-0.0624263839811543,-0.11130742049469966,-0.07656065959952885,
121249,20260608801027,00103130,플레이그램,009810,단일판매ㆍ공급계약체결,2026-06-08,KOSPI,1782.0,1794.0,1810.0,1934.0,0.006734006734006703,0.015712682379348974,0.08529741863075202,
121572,20260608900583,00681373,디지캡,197140,단일판매ㆍ공급계약체결,2026-06-08,KOSDAQ,1689.0,1644.0,1600.0,1947.0,-0.026642984014209614,-0.052693901716992286,0.15275310834813505,
121386,20260608900816,00694942,이미지스,115610,단일판매ㆍ공급계약체결,2026-06-08,KOSDAQ,1676.0,2175.0,2135.0,2045.0,0.2977326968973748,0.2738663484486874,0.2201670644391409,
121246,20260608901034,01146220,팸텍,271830,단일판매ㆍ공급계약체결(자율공시),2026-06-08,KOSDAQ,2710.0,2130.0,2250.0,1738.0,-0.2140221402214022,-0.1697416974169742,-0.3586715867158672,
121129,20260609800195,00160302,코스모화학,005420,단일판매ㆍ공급계약체결(자율공시),2026-06-09,KOSPI,11630.0,11440.0,12270.0,13250.0,-0.016337059329320724,0.05503009458297514,0.1392949269131556,
120338,20260610900366,01782004,뉴로핏,380550,단일판매ㆍ공급계약체결,2026-06-10,KOSDAQ,12050.0,12480.0,12430.0,13250.0,0.03568464730290466,0.03153526970954368,0.09958506224066399,
119956,20260610900913,01315042,시선AI,340810,단일판매ㆍ공급계약체결,2026-06-10,KOSDAQ,2690.0,2620.0,2705.0,2750.0,-0.026022304832713727,0.005576208178438735,0.02230483271375472,
119495,20260611800255,00124504,포스코인터내셔널,047050,단일판매ㆍ공급계약체결,2026-06-11,KOSPI,58100.0,59400.0,59900.0,56300.0,0.022375215146299476,0.030981067125645412,-0.030981067125645412,
117247,20260616800284,00117337,동양,001520,단일판매ㆍ공급계약체결,2026-06-16,KOSPI,624.0,586.0,565.0,528.0,-0.0608974358974359,-0.09455128205128205,-0.15384615384615385,
116096,20260618800207,00269241,주연테크,044380,단일판매ㆍ공급계약체결(자율공시),2026-06-18,KOSPI,1411.0,1342.0,1304.0,964.0,-0.04890148830616581,-0.07583274273564844,-0.3167965981573352,
116150,20260618900140,01085026,유진테크놀로지,240600,단일판매ㆍ공급계약체결(자율공시),2026-06-18,KOSDAQ,2955.0,2620.0,2485.0,2015.0,-0.11336717428087983,-0.15905245346869712,-0.31810490693739424,
113835,20260623900572,01279698,채비,0011T0,단일판매ㆍ공급계약체결,2026-06-23,KOSDAQ,6440.0,6620.0,6130.0,,0.02795031055900621,-0.04813664596273293,,
