id,receipt_no,corp_code,corp_name,stock_code,report_name,event_date,market,t0_close,t+1_close,t+2_close,t+5_close,ret_1d,ret_2d,ret_5d,error
1318028,20210628900356,01042650,큐리언트,115180,주권매매거래정지기간변경(상장적격성 실질심사 대상 결정),2021-06-28,KOSDAQ,12980.0,12980.0,12980.0,12980.0,0.0,0.0,0.0,
1291537,20210824900528,01042650,큐리언트,115180,주권매매거래정지기간변경(개선기간 부여),2021-08-24,KOSDAQ,12980.0,12980.0,12980.0,12980.0,0.0,0.0,0.0,
1054366,20221006900631,01042650,큐리언트,115180,주권매매거래정지해제(상장유지 결정),2022-10-06,KOSDAQ,12980.0,10752.0,9013.0,9813.0,-0.1716486902927581,-0.3056240369799692,-0.24399075500770417,
827433,20230918900300,01042650,큐리언트,115180,주권매매거래정지(무상증자),2023-09-18,KOSDAQ,4663.0,4467.0,4419.0,4286.0,-0.04203302594895986,-0.052326828222174604,-0.08084923868754024,
1317992,20210628900399,00306454,한국정보인증,053300,주권매매거래정지(합병),2021-06-28,KOSDAQ,8370.0,8290.0,8180.0,8000.0,-0.009557945041816063,-0.022700119474313052,-0.044205495818399054,
1315811,20210630901020,00296005,우리로,046970,기타시장안내(감사의견 관련 형식적 상장폐지 사유해소 및 매매거래정지 지속 안내),2021-06-30,KOSDAQ,1900.0,1900.0,1900.0,1900.0,0.0,0.0,0.0,
1315810,20210630901024,00296005,우리로,046970,주권매매거래정지기간변경(상장폐지 사유 해소),2021-06-30,KOSDAQ,1900.0,1900.0,1900.0,1900.0,0.0,0.0,0.0,
1302905,20210730900736,00296005,우리로,046970,주권매매거래정지기간변경(상장적격성 실질심사 대상 결정),2021-07-30,KOSDAQ,1900.0,1900.0,1900.0,1900.0,0.0,0.0,0.0,
1280424,20210915900633,00296005,우리로,046970,주권매매거래정지기간변경(개선기간 부여),2021-09-15,KOSDAQ,1900.0,1900.0,1900.0,1900.0,0.0,0.0,0.0,
1315254,20210701900484,00985686,큐브엔터,182360,주권매매거래정지해제(액면병합 주권 변경상장),2021-07-01,KOSDAQ,11596.0,11370.0,12472.0,13750.0,-0.019489479130734733,0.07554329078992761,0.18575370817523273,
1312378,20210708900147,00985686,큐브엔터,182360,주권매매거래정지(무상증자),2021-07-08,KOSDAQ,13750.0,13549.0,13599.0,13249.0,-0.014618181818181863,-0.010981818181818204,-0.0364363636363636,
1017675,20221220900544,00985686,큐브엔터,182360,주권매매거래정지(단일판매공급계약),2022-12-20,KOSDAQ,19300.0,16950.0,17000.0,16950.0,-0.12176165803108807,-0.11917098445595853,-0.12176165803108807,
1315133,20210701900603,00625942,한솔아이원스,114810,주권매매거래정지(상장적격성 실질심사 대상 (사유발생)),2021-07-01,KOSDAQ,9540.0,9540.0,9540.0,9540.0,0.0,0.0,0.0,
1299576,20210810900629,00625942,한솔아이원스,114810,주권매매거래정지해제(상장적격성 실질심사 대상 제외 결정),2021-08-10,KOSDAQ,9540.0,9920.0,10150.0,9330.0,0.0398322851153039,0.06394129979035634,-0.022012578616352196,
728558,20240313902858,00625942,한솔아이원스,114810,주권매매거래정지              (풍문 또는 보도 관련),2024-03-13,KOSDAQ,13060.0,13060.0,13060.0,13060.0,0.0,0.0,0.0,
728157,20240314900287,00625942,한솔아이원스,114810,주권매매거래정지기간변경              (상장적격성 실질심사 대상(사유발생)),2024-03-14,KOSDAQ,13060.0,13060.0,13060.0,13060.0,0.0,0.0,0.0,
699664,20240401901631,00625942,한솔아이원스,114810,주권매매거래정지해제              (상장적격성 실질심사 대상 제외 결정),2024-04-01,KOSDAQ,13060.0,13050.0,13440.0,12450.0,-0.0007656967840734552,0.029096477794793296,-0.046707503828483876,
1315131,20210701900606,01393721,포커스에이아이,331380,주권매매거래정지해제(상장예비심사결과 통지(승인)),2021-07-01,KOSDAQ,3770.0,4900.0,6370.0,5280.0,0.29973474801061006,0.6896551724137931,0.4005305039787799,
1314317,20210702900782,00198192,한국팩키지,037230,주권매매거래정지(우회상장여부 및 요건충족확인),2021-07-02,KOSDAQ,6310.0,6100.0,6140.0,6860.0,-0.033280507131537296,-0.02694136291600635,0.08716323296354989,
1314311,20210702900808,00198192,한국팩키지,037230,주권매매거래정지해제(우회상장 해당 및 요건 충족 확인),2021-07-02,KOSDAQ,6310.0,6100.0,6140.0,6860.0,-0.033280507131537296,-0.02694136291600635,0.08716323296354989,
1314009,20210705900396,00608839,에이루트,096690,주권매매거래정지(무상증자),2021-07-05,KOSDAQ,69978.0,78733.0,77849.0,59629.0,0.12511074909257203,0.11247820743662285,-0.147889336648661,
681023,20240408900542,00608839,에이루트,096690,"주권매매거래정지              (주식의 병합, 분할 등 전자등록 변경, 말소)",2024-04-08,KOSDAQ,19519.0,18845.0,18845.0,18845.0,-0.03453045750294581,-0.03453045750294581,-0.03453045750294581,
655842,20240502900549,00608839,에이루트,096690,주권매매거래정지해제              (액면병합 주권 변경상장),2024-05-02,KOSDAQ,18845.0,18752.0,18875.0,20005.0,-0.0049349960201644505,0.0015919342000529912,0.061554789068718474,
396288,20250520900361,00608839,에이루트,096690,주권매매거래정지              (자본감소),2025-05-20,KOSDAQ,15115.0,13364.0,13557.0,13493.0,-0.11584518690043,-0.10307641415812108,-0.10731061859080382,
382340,20250613900670,00608839,에이루트,096690,"주권매매거래정지              (주식의 병합, 분할 등 전자등록 변경, 말소)",2025-06-13,KOSDAQ,13405.0,13089.0,13176.0,13176.0,-0.02357329354718385,-0.017083177918687076,-0.017083177918687076,
371549,20250707900394,00608839,에이루트,096690,주권매매거래정지해제              (감자 주권 변경상장),2025-07-07,KOSDAQ,13176.0,13176.0,13176.0,12239.0,0.0,0.0,-0.07111414693381901,
98199,20260312901382,00608839,에이루트,096690,주권매매거래정지              (자본감소),2026-03-12,KOSDAQ,8210.0,7144.0,7004.0,6617.0,-0.12984165651644342,-0.14689403166869675,-0.1940316686967113,
24399,20260422900491,00608839,에이루트,096690,"주권매매거래정지              (주식의 병합, 분할 등 전자등록 변경, 말소)",2026-04-22,KOSDAQ,7543.0,7794.0,7830.0,7830.0,0.03327588492642186,0.038048521808299096,0.038048521808299096,
5602,20260518900705,00608839,에이루트,096690,주권매매거래정지해제              (감자 주권 변경상장),2026-05-18,KOSDAQ,7830.0,7830.0,7830.0,6250.0,0.0,0.0,-0.20178799489144317,
1313843,20210705900569,00781202,파이온엑스,900100,기타시장안내(감사의견 관련 형식적 상장폐지 사유해소 및 매매거래정지 지속 안내),2021-07-05,KOSDAQ,38000.0,38000.0,38000.0,38000.0,0.0,0.0,0.0,
1313842,20210705900586,00781202,파이온엑스,900100,주권매매거래정지기간변경(상장폐지 사유 해소),2021-07-05,KOSDAQ,38000.0,38000.0,38000.0,38000.0,0.0,0.0,0.0,
1291530,20210824900554,00781202,파이온엑스,900100,주권매매거래정지기간변경(개선기간 부여),2021-08-24,KOSDAQ,38000.0,38000.0,38000.0,38000.0,0.0,0.0,0.0,
1059499,20220923900595,00781202,파이온엑스,900100,주권매매거래정지해제(상장유지 결정),2022-09-23,KOSDAQ,38000.0,39800.0,33800.0,29600.0,0.047368421052631504,-0.1105263157894737,-0.2210526315789474,
2398,20260526900529,00781202,파이온엑스,900100,"주권매매거래정지              (주식의 병합, 분할 등 전자등록 변경, 말소)",2026-05-26,KOSDAQ,4030.0,3690.0,3890.0,3890.0,-0.08436724565756826,-0.0347394540942928,-0.0347394540942928,
114270,20260622900833,00781202,파이온엑스,900100,주권매매거래정지해제              (액면병합 주권 변경상장),2026-06-22,KOSDAQ,3890.0,2780.0,2210.0,,-0.28534704370179953,-0.4318766066838047,,
1313473,20210706800545,00131780,SK네트웍스,001740,매매거래정지및정지해제(중요내용공시),2021-07-06,KOSPI,6000.0,5880.0,5980.0,6190.0,-0.020000000000000018,-0.0033333333333332993,0.03166666666666673,
1313443,20210706900564,01505186,하이딥,365590,주권매매거래정지해제(합병결정 철회),2021-07-06,KOSDAQ,10514.0,13666.0,11098.0,10856.0,0.2997907551835648,0.055544987635533616,0.03252805782765833,
1269553,20211018900124,01505186,하이딥,365590,주권매매거래정지(SPAC 합병(예비심사청구대상)),2021-10-18,KOSDAQ,12337.0,12337.0,12337.0,12337.0,0.0,0.0,0.0,
1238538,20211216901531,01505186,하이딥,365590,주권매매거래정지해제(상장예비심사결과 통지(승인)),2021-12-16,KOSDAQ,12337.0,11632.0,11657.0,11657.0,-0.05714517305665878,-0.05511874848018161,-0.05511874848018161,
321498,20251020900557,01505186,하이딥,365590,주권매매거래정지              (자본감소),2025-10-20,KOSDAQ,2542.0,1903.0,2044.0,2281.0,-0.2513768686073957,-0.1959087332808812,-0.10267505900865459,
291054,20251212901294,01505186,하이딥,365590,"주권매매거래정지              (주식의 병합, 분할 등 전자등록 변경, 말소)",2025-12-12,KOSDAQ,2688.0,2608.0,2835.0,2835.0,-0.029761904761904767,0.0546875,0.0546875,
274811,20260112900358,01505186,하이딥,365590,주권매매거래정지해제              (감자 주권 변경상장),2026-01-12,KOSDAQ,2835.0,2835.0,2835.0,2520.0,0.0,0.0,-0.11111111111111116,
1312735,20210707800455,00555874,제주항공,089590,매매거래정지및정지해제(중요내용공시),2021-07-07,KOSPI,20800.0,19416.0,19206.0,20003.0,-0.06653846153846155,-0.07663461538461536,-0.03831730769230768,
1313120,20210707900127,00632845,노랑풍선,104620,주권매매거래정지(무상증자),2021-07-07,KOSDAQ,10430.0,9945.0,10112.0,10263.0,-0.04650047938638546,-0.030488974113135225,-0.016011505273250237,
1176743,20220323901605,00632845,노랑풍선,104620,주권매매거래정지(관리종목지정사유발생),2022-03-23,KOSDAQ,15800.0,14050.0,13550.0,13950.0,-0.11075949367088611,-0.14240506329113922,-0.11708860759493667,
1310915,20210712800333,00132637,동원시스템즈,014820,매매거래정지및정지해제(중요내용공시),2021-07-12,KOSPI,45450.0,48450.0,47550.0,45150.0,0.06600660066006592,0.0462046204620461,-0.0066006600660065695,
1310707,20210712900556,01359736,프로이천,321260,주권매매거래정지해제(상장예비심사결과 통지(승인)),2021-07-12,KOSDAQ,4620.0,6000.0,5110.0,4300.0,0.2987012987012987,0.10606060606060597,-0.06926406926406925,
1310234,20210713900426,01245062,코오롱티슈진,950160,주권매매거래정지기간변경(상장적격성 실질심사 대상 결정),2021-07-13,KOSDAQ,16050.0,16050.0,16050.0,16050.0,0.0,0.0,0.0,
1286205,20210831900723,01245062,코오롱티슈진,950160,주권매매거래정지기간변경(개선기간 부여),2021-08-31,KOSDAQ,16050.0,16050.0,16050.0,16050.0,0.0,0.0,0.0,
1047937,20221024900515,01245062,코오롱티슈진,950160,주권매매거래정지해제(상장유지 결정),2022-10-24,KOSDAQ,16050.0,20850.0,18850.0,15200.0,0.2990654205607477,0.17445482866043616,-0.052959501557632405,
1309799,20210714900393,00942131,앤디포스,238090,주권매매거래정지해제(액면병합 주권 변경상장),2021-07-14,KOSDAQ,10800.0,12250.0,11250.0,11000.0,0.1342592592592593,0.04166666666666674,0.0185185185185186,
902754,20230427900373,00942131,앤디포스,238090,주권매매거래정지(풍문 또는 보도 관련),2023-04-27,KOSDAQ,2845.0,2845.0,2845.0,2845.0,0.0,0.0,0.0,
900124,20230428901351,00942131,앤디포스,238090,주권매매거래정지기간변경(상장적격성 실질심사 대상(사유발생)),2023-04-28,KOSDAQ,2845.0,2845.0,2845.0,2845.0,0.0,0.0,0.0,
876040,20230614900426,00942131,앤디포스,238090,주권매매거래정지해제(상장적격성 실질심사 대상 제외 결정),2023-06-14,KOSDAQ,2845.0,2940.0,2875.0,2760.0,0.033391915641476366,0.010544815465729274,-0.02987697715289983,
1309202,20210715900361,01566248,에코프로에이치엔,383310,주권매매거래정지(무상증자),2021-07-15,KOSDAQ,46792.0,56945.0,74024.0,68549.0,0.21698153530518027,0.5819798256112156,0.4649726448965634,
1308734,20210716900274,01514698,엑스플러스,373200,주권매매거래정지(SPAC 합병(예비심사청구대상)),2021-07-16,KOSDAQ,2985.0,2985.0,2985.0,2985.0,0.0,0.0,0.0,
1274862,20211001900523,01514698,엑스플러스,373200,주권매매거래정지해제(상장예비심사결과 통지(승인)),2021-10-01,KOSDAQ,2985.0,2725.0,2635.0,2620.0,-0.08710217755443883,-0.11725293132328307,-0.1222780569514238,
763727,20240130900451,01514698,엑스플러스,373200,주권매매거래정지(무상증자),2024-01-30,KOSDAQ,9580.0,8770.0,6145.0,7545.0,-0.08455114822546972,-0.3585594989561587,-0.2124217118997912,
570256,20241015900576,01514698,엑스플러스,373200,주권매매거래정지              (불성실공시법인 지정),2024-10-15,KOSDAQ,2150.0,2150.0,2795.0,3335.0,0.0,0.30000000000000004,0.5511627906976744,
25102,20260421900471,01514698,엑스플러스,373200,"주권매매거래정지              (주식의 병합, 분할 등 전자등록 변경, 말소)",2026-04-21,KOSDAQ,3500.0,3200.0,3215.0,3215.0,-0.08571428571428574,-0.0814285714285714,-0.0814285714285714,
4700,20260520900513,01514698,엑스플러스,373200,주권매매거래정지해제              (액면병합 주권 변경상장),2026-05-20,KOSDAQ,3215.0,3030.0,2990.0,2880.0,-0.05754276827371696,-0.06998444790046654,-0.10419906687402802,
1308693,20210716900297,01010642,지씨셀,144510,주권매매거래정지(합병),2021-07-16,KOSDAQ,109600.0,110200.0,102500.0,102000.0,0.005474452554744547,-0.06478102189781021,-0.06934306569343063,
1308352,20210719900071,01214743,더네이쳐홀딩스,298540,주권매매거래정지(무상증자),2021-07-19,KOSDAQ,37900.0,31150.0,30800.0,34550.0,-0.17810026385224276,-0.18733509234828494,-0.08839050131926118,
1307789,20210720900264,01394669,누보,332290,주권매매거래정지(SPAC 합병(예비심사청구대상)),2021-07-20,KOSDAQ,2300.0,2300.0,2300.0,2300.0,0.0,0.0,0.0,
1251353,20211125900681,01394669,누보,332290,주권매매거래정지해제(상장예비심사결과 통지(승인)),2021-11-25,KOSDAQ,2300.0,2330.0,2310.0,2210.0,0.01304347826086949,0.004347826086956497,-0.03913043478260869,
1305805,20210723900619,00249502,골드앤에스,035290,기타시장안내(감사의견 관련 형식적 상장폐지 사유해소 및 매매거래정지 지속 안내),2021-07-23,KOSDAQ,36790.0,36790.0,36790.0,36790.0,0.0,0.0,0.0,
1305804,20210723900620,00249502,골드앤에스,035290,주권매매거래정지기간변경(형식적 상장폐지 사유 해소),2021-07-23,KOSDAQ,36790.0,36790.0,36790.0,36790.0,0.0,0.0,0.0,
323228,20251015900481,00249502,골드앤에스,035290,주권매매거래정지              (자본감소),2025-10-15,KOSDAQ,5005.0,3805.0,3625.0,3745.0,-0.23976023976023975,-0.2757242757242757,-0.2517482517482518,
304463,20251120900759,00249502,골드앤에스,035290,주권매매거래정지              (영업양수도),2025-11-20,KOSDAQ,3625.0,3585.0,3380.0,3485.0,-0.011034482758620734,-0.0675862068965517,-0.0386206896551724,
295364,20251204900541,00249502,골드앤에스,035290,"주권매매거래정지              (주식의 병합, 분할 등 전자등록 변경, 말소)",2025-12-04,KOSDAQ,3475.0,3360.0,3430.0,3430.0,-0.03309352517985609,-0.012949640287769792,-0.012949640287769792,
286644,20251218900511,00249502,골드앤에스,035290,주권매매거래정지해제              (감자 주권 변경상장),2025-12-18,KOSDAQ,3430.0,3430.0,3430.0,3160.0,0.0,0.0,-0.07871720116618075,
283086,20251224900669,00249502,골드앤에스,035290,주권매매거래정지              (영업양수도),2025-12-24,KOSDAQ,3100.0,3160.0,3160.0,3350.0,0.019354838709677358,0.019354838709677358,0.08064516129032251,
13868,20260508900694,00249502,골드앤에스,035290,"주권매매거래정지              (주식의 병합, 분할 등 전자등록 변경, 말소)",2026-05-08,KOSDAQ,3620.0,3680.0,3805.0,3805.0,0.016574585635359185,0.05110497237569067,0.05110497237569067,
130227,20260528900597,00249502,골드앤에스,035290,주권매매거래정지해제              (액면병합 주권 변경상장),2026-05-28,KOSDAQ,3805.0,3005.0,2275.0,2255.0,-0.21024967148488827,-0.4021024967148489,-0.40735873850197113,
1304922,20210727800468,00162063,한신공영,004960,매매거래정지및정지해제(중요내용공시),2021-07-27,KOSPI,24400.0,23900.0,23700.0,23150.0,-0.020491803278688492,-0.02868852459016391,-0.05122950819672134,
827867,20230915800555,00162063,한신공영,004960,매매거래정지및정지해제(중요내용공시),2023-09-15,KOSPI,7770.0,7570.0,7600.0,7350.0,-0.025740025740025763,-0.02187902187902191,-0.05405405405405406,
1304954,20210727900435,00151605,THE CUBE&,013720,주권매매거래정지해제(액면분할 주권 변경상장),2021-07-27,KOSDAQ,11430.0,12310.0,11000.0,11720.0,0.07699037620297466,-0.03762029746281714,0.025371828521434825,
1085310,20220729900570,00151605,THE CUBE&,013720,주권매매거래정지(무상증자),2022-07-29,KOSDAQ,6240.0,5210.0,5500.0,5510.0,-0.16506410256410253,-0.11858974358974361,-0.11698717948717952,
896452,20230510900317,00151605,THE CUBE&,013720,"주권매매거래정지(주식의 병합, 분할 등 전자등록 변경, 말소)",2023-05-10,KOSDAQ,2520.0,2200.0,2360.0,2360.0,-0.12698412698412698,-0.06349206349206349,-0.06349206349206349,
875528,20230615900299,00151605,THE CUBE&,013720,주권매매거래정지해제(액면병합 주권 변경상장),2023-06-15,KOSDAQ,2360.0,3065.0,2780.0,2405.0,0.298728813559322,0.17796610169491522,0.019067796610169552,
22385,20260424900714,00151605,THE CUBE&,013720,주권매매거래정지              (자본감소),2026-04-24,KOSDAQ,860.0,688.0,695.0,683.0,-0.19999999999999996,-0.19186046511627908,-0.20581395348837206,
1302332,20210803900078,01137903,디케이티,290550,주권매매거래정지(무상증자),2021-08-03,KOSDAQ,12875.0,14575.0,14000.0,14000.0,0.1320388349514563,0.08737864077669899,0.08737864077669899,
1301202,20210805800362,00936787,애경케미칼,161000,매매거래정지및정지해제(중요내용공시),2021-08-05,KOSPI,13100.0,13350.0,13150.0,13200.0,0.01908396946564883,0.003816793893129722,0.007633587786259444,
1301075,20210805900509,01416572,세림B&G,340440,주권매매거래정지해제(상장예비심사결과 통지(승인)),2021-08-05,KOSDAQ,3000.0,3900.0,3945.0,3880.0,0.30000000000000004,0.31499999999999995,0.2933333333333332,
1301070,20210805900512,01440153,넥사다이내믹스,351320,주권매매거래정지해제(상장예비심사결과 통지(승인)),2021-08-05,KOSDAQ,3190.0,3855.0,3385.0,3935.0,0.2084639498432601,0.061128526645767955,0.23354231974921635,
1301068,20210805900530,01326792,비투엔,307870,주권매매거래정지해제(상장예비심사결과 통지(승인)),2021-08-05,KOSDAQ,4400.0,4675.0,3830.0,3710.0,0.0625,-0.12954545454545452,-0.15681818181818186,
1300571,20210806900492,00100601,강원에너지,114190,주권매매거래정지기간변경(개선기간 부여),2021-08-06,KOSDAQ,5000.0,5000.0,5000.0,5000.0,0.0,0.0,0.0,
1117571,20220524900515,00100601,강원에너지,114190,주권매매거래정지해제(상장유지 결정),2022-05-24,KOSDAQ,5000.0,4070.0,4250.0,4330.0,-0.18600000000000005,-0.15000000000000002,-0.134,
1300568,20210806900493,00260611,웰킵스하이텍,043590,주권매매거래정지기간변경(개선기간 부여),2021-08-06,KOSDAQ,7806.0,7806.0,7806.0,7806.0,0.0,0.0,0.0,
1117569,20220524900521,00260611,웰킵스하이텍,043590,주권매매거래정지해제(기업심사위원회 심의결과 상장폐지 기준 미해당),2022-05-24,KOSDAQ,7806.0,6438.0,6072.0,5766.0,-0.175249807840123,-0.22213681783243655,-0.2613374327440431,
810253,20231101900409,00260611,웰킵스하이텍,043590,주권매매거래정지(자본감소),2023-11-01,KOSDAQ,2442.0,2078.0,2240.0,2416.0,-0.14905814905814907,-0.08271908271908268,-0.01064701064701068,
781934,20231219900368,00260611,웰킵스하이텍,043590,"주권매매거래정지(주식의 병합, 분할 등 전자등록 변경, 말소)",2023-12-19,KOSDAQ,2526.0,2464.0,2600.0,2600.0,-0.02454473475851149,0.029295328582739533,0.029295328582739533,
769730,20240116900519,00260611,웰킵스하이텍,043590,주권매매거래정지해제(감자 주권 변경상장),2024-01-16,KOSDAQ,2600.0,2600.0,2600.0,2944.0,0.0,0.0,0.13230769230769224,
17104,20260430901197,00260611,웰킵스하이텍,043590,"주권매매거래정지              (주식의 병합, 분할 등 전자등록 변경, 말소)",2026-04-30,KOSDAQ,1390.0,1472.0,1590.0,1590.0,0.05899280575539567,0.14388489208633093,0.14388489208633093,
3872,20260521900774,00260611,웰킵스하이텍,043590,주권매매거래정지해제              (액면병합 주권 변경상장),2026-05-21,KOSDAQ,1590.0,1235.0,1219.0,1134.0,-0.22327044025157228,-0.23333333333333328,-0.2867924528301887,
1300422,20210809900157,01251595,압타바이오,293780,주권매매거래정지(무상증자),2021-08-09,KOSDAQ,48147.0,46796.0,49048.0,53503.0,-0.028059899889920414,0.01871352316862951,0.1112426527094108,
1300407,20210809900172,00533924,이브이첨단소재,131400,주권매매거래정지(무상증자),2021-08-09,KOSDAQ,4362.0,4569.0,4448.0,4370.0,0.047455295735900904,0.01971572673085742,0.0018340210912426436,
1041284,20221109900401,00533924,이브이첨단소재,131400,주권매매거래정지(자본감소),2022-11-09,KOSDAQ,2790.0,1961.0,1866.0,1771.0,-0.29713261648745515,-0.3311827956989247,-0.3652329749103943,
1024944,20221206900453,00533924,이브이첨단소재,131400,"주권매매거래정지(주식의 병합, 분할 등 전자등록 변경, 말소)",2022-12-06,KOSDAQ,1796.0,1753.0,1646.0,1646.0,-0.02394209354120269,-0.0835189309576837,-0.0835189309576837,
1013196,20221228900875,00533924,이브이첨단소재,131400,주권매매거래정지해제(감자 주권 변경상장),2022-12-28,KOSDAQ,1646.0,1646.0,1646.0,1545.0,0.0,0.0,-0.0613608748481167,
1299387,20210811900220,00304076,케이엔솔,053080,주권매매거래정지(무상증자),2021-08-11,KOSDAQ,14642.0,19008.0,24684.0,23609.0,0.2981833082912171,0.6858352684059554,0.6124163365660429,
1296592,20210817900152,01391103,젝시믹스,337930,주권매매거래정지(무상증자),2021-08-17,KOSDAQ,10049.0,10082.0,9348.0,9682.0,0.0032839088466514177,-0.0697581848940193,-0.036521046870335305,
1295497,20210817901307,01513440,파이버프로,368770,주권매매거래정지(SPAC 합병(예비심사청구대상)),2021-08-17,KOSDAQ,2580.0,2580.0,2580.0,2580.0,0.0,0.0,0.0,
1259498,20211111900576,01513440,파이버프로,368770,주권매매거래정지해제(상장예비심사결과 통지(승인)),2021-11-11,KOSDAQ,2580.0,2375.0,2860.0,3045.0,-0.0794573643410853,0.10852713178294571,0.18023255813953498,
1295183,20210817901648,01237540,이녹스첨단소재,272290,주권매매거래정지(무상증자),2021-08-17,KOSDAQ,40950.0,40700.0,38150.0,44000.0,-0.006105006105006083,-0.06837606837606836,0.07448107448107444,
1294765,20210817902134,01031229,한국비티비,219750,주권매매거래정지(풍문 또는 보도 관련),2021-08-17,KOSDAQ,32405.0,22720.0,22070.0,20430.0,-0.2988736306125598,-0.31893226353957727,-0.3695417373862059,
1294219,20210817902750,01031229,한국비티비,219750,주권매매거래정지해제(풍문 등 조회결과 공시),2021-08-17,KOSDAQ,32405.0,22720.0,22070.0,20430.0,-0.2988736306125598,-0.31893226353957727,-0.3695417373862059,
1178338,20220322901403,01031229,한국비티비,219750,주권매매거래정지(풍문 또는 보도 관련),2022-03-22,KOSDAQ,11650.0,11650.0,11650.0,11650.0,0.0,0.0,0.0,
1178127,20220322901684,01031229,한국비티비,219750,주권매매거래정지기간변경(상장폐지 사유 발생),2022-03-22,KOSDAQ,11650.0,11650.0,11650.0,11650.0,0.0,0.0,0.0,
1150421,20220406900726,01031229,한국비티비,219750,주권매매거래정지기간변경(개선기간 부여),2022-04-06,KOSDAQ,11650.0,11650.0,11650.0,11650.0,0.0,0.0,0.0,
1076026,20220816903060,01031229,한국비티비,219750,주권매매거래정지기간변경(상장폐지 사유 발생),2022-08-16,KOSDAQ,11650.0,11650.0,11650.0,11650.0,0.0,0.0,0.0,
1074981,20220819900179,01031229,한국비티비,219750,주권매매거래정지기간변경,2022-08-19,KOSDAQ,11650.0,11650.0,11650.0,11650.0,0.0,0.0,0.0,
1071509,20220826900627,01031229,한국비티비,219750,주권매매거래정지기간변경(상장폐지 사유 발생),2022-08-26,KOSDAQ,11650.0,11650.0,11650.0,11650.0,0.0,0.0,0.0,
1061905,20220916900490,01031229,한국비티비,219750,주권매매거래정지기간변경(개선기간 부여),2022-09-16,KOSDAQ,11650.0,11650.0,11650.0,11650.0,0.0,0.0,0.0,
1033398,20221122900280,01031229,한국비티비,219750,주권매매거래정지기간변경(상장적격성 실질심사 대상(사유발생)),2022-11-22,KOSDAQ,11650.0,11650.0,11650.0,11650.0,0.0,0.0,0.0,
957121,20230323902221,01031229,한국비티비,219750,주권매매거래정지기간변경(상장폐지 관련),2023-03-23,KOSDAQ,11650.0,11650.0,11650.0,11650.0,0.0,0.0,0.0,
950238,20230329902839,01031229,한국비티비,219750,주권매매거래정지기간변경(회생절차 개시신청),2023-03-29,KOSDAQ,11650.0,11650.0,11650.0,11650.0,0.0,0.0,0.0,
917234,20230411900621,01031229,한국비티비,219750,"주권매매거래정지기간변경(주식의 병합, 분할 등 전자등록 변경, 말소)",2023-04-11,KOSDAQ,11650.0,11650.0,11650.0,11650.0,0.0,0.0,0.0,
902306,20230427900739,01031229,한국비티비,219750,주권매매거래정지기간변경(회생절차 개시결정),2023-04-27,KOSDAQ,11650.0,11650.0,11650.0,11650.0,0.0,0.0,0.0,
899288,20230502900683,01031229,한국비티비,219750,주권매매거래정지기간변경(감자 주권 변경상장),2023-05-02,KOSDAQ,11650.0,11650.0,11650.0,11650.0,0.0,0.0,0.0,
768245,20240119900679,01031229,한국비티비,219750,기타시장안내(형식적 상장폐지 사유 일부해소 및 매매거래정지 지속 안내),2024-01-19,KOSDAQ,11650.0,11650.0,11650.0,11650.0,0.0,0.0,0.0,
768244,20240119900680,01031229,한국비티비,219750,주권매매거래정지기간변경(상장폐지 사유 일부해소 및 개선기간 부여),2024-01-19,KOSDAQ,11650.0,11650.0,11650.0,11650.0,0.0,0.0,0.0,
717738,20240321902843,01031229,한국비티비,219750,기타시장안내              (감사의견 관련 형식적 상장폐지 사유 해소 및 매매거래정지 지속 안내),2024-03-21,KOSDAQ,11650.0,11650.0,11650.0,11650.0,0.0,0.0,0.0,
717732,20240321902891,01031229,한국비티비,219750,주권매매거래정지기간변경              (최근 3사업연도 연속 자기자본 대비 50% 초과 법인세비용차감전계속사업손실 등),2024-03-21,KOSDAQ,11650.0,11650.0,11650.0,11650.0,0.0,0.0,0.0,
709112,20240328903821,01031229,한국비티비,219750,기타시장안내              (상장적격성 실질심사 사유추가 및 매매거래정지 지속 안내),2024-03-28,KOSDAQ,11650.0,11650.0,11650.0,11650.0,0.0,0.0,0.0,
654456,20240507900676,01031229,한국비티비,219750,주권매매거래정지기간변경              (상장적격성 실질심사 대상 결정),2024-05-07,KOSDAQ,11650.0,11650.0,11650.0,11650.0,0.0,0.0,0.0,
626060,20240626900866,01031229,한국비티비,219750,주권매매거래정지기간변경              (개선기간 부여),2024-06-26,KOSDAQ,11650.0,11650.0,11650.0,11650.0,0.0,0.0,0.0,
396919,20250516900565,01031229,한국비티비,219750,주권매매거래정지해제              (상장유지 결정),2025-05-16,KOSDAQ,11650.0,9460.0,7705.0,8155.0,-0.18798283261802573,-0.33862660944206013,-0.30000000000000004,
124250,20260601901619,01031229,한국비티비,219750,"주권매매거래정지              (주식의 병합, 분할 등 전자등록 변경, 말소)",2026-06-01,KOSDAQ,3805.0,2855.0,2855.0,2855.0,-0.24967148488830482,-0.24967148488830482,-0.24967148488830482,
113203,20260624900908,01031229,한국비티비,219750,주권매매거래정지해제              (액면병합 주권 변경상장),2026-06-24,KOSDAQ,2855.0,2395.0,2000.0,,-0.16112084063047283,-0.29947460595446584,,
1294232,20210817902720,00267854,메디앙스,014100,주권매매거래정지기간변경(상장폐지 사유 발생),2021-08-17,KOSDAQ,6250.0,6250.0,6250.0,6250.0,0.0,0.0,0.0,
1292632,20210820900550,00267854,메디앙스,014100,주권매매거래정지기간변경(개선기간 부여),2021-08-20,KOSDAQ,6250.0,6250.0,6250.0,6250.0,0.0,0.0,0.0,
1147404,20220407900811,00267854,메디앙스,014100,기타시장안내(감사의견 관련 형식적 상장폐지 사유해소 및 매매거래정지 지속 안내),2022-04-07,KOSDAQ,6250.0,6250.0,6250.0,6250.0,0.0,0.0,0.0,
1147402,20220407900815,00267854,메디앙스,014100,주권매매거래정지기간변경(상장폐지 사유 해소),2022-04-07,KOSDAQ,6250.0,6250.0,6250.0,6250.0,0.0,0.0,0.0,
1124795,20220512900661,00267854,메디앙스,014100,주권매매거래정지해제(상장적격성 실질심사 대상 제외 결정),2022-05-12,KOSDAQ,6250.0,6810.0,6300.0,5100.0,0.0895999999999999,0.008000000000000007,-0.18400000000000005,
1294191,20210817902784,00351630,세코닉스,053450,주권매매거래정지기간변경(상장폐지 사유 해소),2021-08-17,KOSDAQ,8710.0,8710.0,8710.0,8710.0,0.0,0.0,0.0,
1294190,20210817902790,00351630,세코닉스,053450,기타시장안내(감사의견 관련 형식적 상장폐지 사유해소 및 매매거래정지 지속 안내),2021-08-17,KOSDAQ,8710.0,8710.0,8710.0,8710.0,0.0,0.0,0.0,
1281977,20210910900558,00351630,세코닉스,053450,주권매매거래정지해제(상장적격성 실질심사 대상 제외 결정),2021-09-10,KOSDAQ,8710.0,8000.0,8350.0,7660.0,-0.08151549942594716,-0.04133180252583235,-0.12055109070034442,
1293963,20210818900119,00814786,티엔엔터테인먼트,131100,주권매매거래정지(관리종목지정우려),2021-08-18,KOSDAQ,4700.0,4380.0,4230.0,4540.0,-0.06808510638297871,-0.09999999999999998,-0.03404255319148941,
1279029,20210917900645,00814786,티엔엔터테인먼트,131100,주권매매거래정지(관리종목지정사유발생),2021-09-17,KOSDAQ,4705.0,4955.0,4800.0,4660.0,0.05313496280552599,0.020191285866099973,-0.009564293304994642,
1272454,20211008900348,00814786,티엔엔터테인먼트,131100,"주권매매거래정지(주식의 병합, 분할 등 전자등록 변경, 말소)",2021-10-08,KOSDAQ,4385.0,4260.0,4325.0,4325.0,-0.02850627137970352,-0.013683010262257711,-0.013683010262257711,
1263468,20211102900320,00814786,티엔엔터테인먼트,131100,주권매매거래정지해제(액면병합 주권 변경상장),2021-11-02,KOSDAQ,4325.0,5620.0,4790.0,4085.0,0.2994219653179191,0.10751445086705202,-0.05549132947976876,
1293272,20210819900420,01226410,씨앤씨인터내셔널,352480,주권매매거래정지(무상증자),2021-08-19,KOSDAQ,26230.0,26964.0,26664.0,27431.0,0.02798322531452535,0.01654593976362939,0.04578726648875331,
1292690,20210820900484,00599106,네오리진,094860,주권매매거래정지(무상증자),2021-08-20,KOSDAQ,6200.0,5310.0,5675.0,6050.0,-0.1435483870967742,-0.08467741935483875,-0.024193548387096753,
775465,20240102900707,00599106,네오리진,094860,"주권매매거래정지(주식의 병합, 분할 등 전자등록 변경, 말소)",2024-01-02,KOSDAQ,2125.0,2070.0,2030.0,2030.0,-0.025882352941176467,-0.04470588235294115,-0.04470588235294115,
760850,20240202901080,00599106,네오리진,094860,주권매매거래정지해제(액면병합 주권 변경상장),2024-02-02,KOSDAQ,2030.0,1850.0,1770.0,2460.0,-0.08866995073891626,-0.1280788177339901,0.21182266009852224,
1292002,20210823900574,00155586,HLB이노베이션,024850,주권매매거래정지(불성실공시법인 지정),2021-08-23,KOSDAQ,7700.0,7700.0,7650.0,8375.0,0.0,-0.00649350649350644,0.08766233766233755,
63104,20260401901149,00155586,HLB이노베이션,024850,"주권매매거래정지              (주식의 병합, 분할 등 전자등록 변경, 말소)",2026-04-01,KOSDAQ,23250.0,22750.0,23100.0,23100.0,-0.021505376344086002,-0.006451612903225823,-0.006451612903225823,
17113,20260430901196,00155586,HLB이노베이션,024850,주권매매거래정지해제              (액면병합 주권 변경상장),2026-04-30,KOSDAQ,23100.0,26300.0,24800.0,21550.0,0.1385281385281385,0.07359307359307365,-0.0670995670995671,
1291573,20210824900502,00389998,한성크린텍,066980,주권매매거래정지(무상증자),2021-08-24,KOSDAQ,5375.0,5925.0,5725.0,5425.0,0.10232558139534875,0.06511627906976747,0.009302325581395321,
1291528,20210824900573,00475718,이엠앤아이,083470,주권매매거래정지기간변경(상장폐지 사유 발생),2021-08-24,KOSDAQ,8000.0,8000.0,8000.0,8000.0,0.0,0.0,0.0,
1282621,20210909900490,00475718,이엠앤아이,083470,주권매매거래정지기간변경(개선기간 부여),2021-09-09,KOSDAQ,8000.0,8000.0,8000.0,8000.0,0.0,0.0,0.0,
1267968,20211021900388,00475718,이엠앤아이,083470,"주권매매거래정지기간변경(주식의 병합, 분할 등 전자등록 변경, 말소)",2021-10-21,KOSDAQ,8000.0,8000.0,8000.0,8000.0,0.0,0.0,0.0,
1258366,20211112901090,00475718,이엠앤아이,083470,주권매매거래정지기간변경(감자 주권 변경상장),2021-11-12,KOSDAQ,8000.0,8000.0,8000.0,8000.0,0.0,0.0,0.0,
1120399,20220516902762,00475718,이엠앤아이,083470,주권매매거래정지기간변경(형식적 상장폐지 사유 해소),2022-05-16,KOSDAQ,8000.0,8000.0,8000.0,8000.0,0.0,0.0,0.0,
1041642,20221108900562,00475718,이엠앤아이,083470,주권매매거래정지해제(상장유지 결정),2022-11-08,KOSDAQ,8000.0,5600.0,5990.0,6500.0,-0.30000000000000004,-0.25125,-0.1875,
1291223,20210825800344,00204208,마니커,027740,매매거래정지및정지해제(중요내용공시),2021-08-25,KOSPI,6306.0,5146.0,5046.0,4924.0,-0.1839517919441801,-0.19980970504281637,-0.21915635902315256,
1291079,20210825900487,00604815,에스디시스템,121890,주권매매거래정지기간변경(상장폐지 사유 발생),2021-08-25,KOSDAQ,739.0,739.0,739.0,739.0,0.0,0.0,0.0,
1280972,20210914900560,00604815,에스디시스템,121890,주권매매거래정지기간변경(개선기간 부여),2021-09-14,KOSDAQ,739.0,739.0,739.0,739.0,0.0,0.0,0.0,
1179508,20220321902142,00604815,에스디시스템,121890,주권매매거래정지기간변경(상장폐지 사유 발생),2022-03-21,KOSDAQ,739.0,739.0,739.0,739.0,0.0,0.0,0.0,
1088325,20220722900571,00604815,에스디시스템,121890,주권매매거래정지기간변경(상장폐지 사유 해소),2022-07-22,KOSDAQ,739.0,739.0,739.0,739.0,0.0,0.0,0.0,
1088326,20220722900574,00604815,에스디시스템,121890,기타시장안내(감사의견 관련 형식적 상장폐지 사유해소 및 매매거래정지 지속안내),2022-07-22,KOSDAQ,739.0,739.0,739.0,739.0,0.0,0.0,0.0,
1063121,20220914900514,00604815,에스디시스템,121890,주권매매거래정지기간변경(개선기간 부여),2022-09-14,KOSDAQ,739.0,739.0,739.0,739.0,0.0,0.0,0.0,
815199,20231020900640,00604815,에스디시스템,121890,주권매매거래정지해제,2023-10-20,KOSDAQ,739.0,1921.0,1890.0,2195.0,1.5994587280108252,1.557510148849797,1.970230040595399,
1288271,20210830900527,00444329,위메이드,112040,주권매매거래정지(무상증자),2021-08-30,KOSDAQ,41625.0,47839.0,54406.0,64914.0,0.14928528528528529,0.3070510510510511,0.5594954954954956,
1288233,20210830900538,01084364,다산디엠씨,208860,주권매매거래정지기간변경(상장폐지 사유 발생),2021-08-30,KOSDAQ,2385.0,2385.0,2385.0,2385.0,0.0,0.0,0.0,
1278527,20210923900440,01084364,다산디엠씨,208860,주권매매거래정지기간변경(개선기간 부여),2021-09-23,KOSDAQ,2385.0,2385.0,2385.0,2385.0,0.0,0.0,0.0,
1176407,20220323902023,01084364,다산디엠씨,208860,주권매매거래정지기간변경(상장폐지 사유 발생 및 상장적격성 실질심사 대상(사유발생)),2022-03-23,KOSDAQ,2385.0,2385.0,2385.0,2385.0,0.0,0.0,0.0,
1082364,20220808900444,01084364,다산디엠씨,208860,주권매매거래정지기간변경(상장폐지 사유 발생),2022-08-08,KOSDAQ,2385.0,2385.0,2385.0,2385.0,0.0,0.0,0.0,
1059491,20220923900643,01084364,다산디엠씨,208860,"기타시장안내(형식적 상장폐지 사유 일부해소, 상장적격성 실질심사 사유 추가 및 매매거래정지 지속 안내)",2022-09-23,KOSDAQ,2385.0,2385.0,2385.0,2385.0,0.0,0.0,0.0,
1059490,20220923900645,01084364,다산디엠씨,208860,주권매매거래정지기간변경(상장폐지 사유 일부해소 및 개선기간 부여),2022-09-23,KOSDAQ,2385.0,2385.0,2385.0,2385.0,0.0,0.0,0.0,
999618,20230131900880,01084364,다산디엠씨,208860,주권매매거래정지기간변경(상장폐지 사유 해소),2023-01-31,KOSDAQ,2385.0,2385.0,2385.0,2385.0,0.0,0.0,0.0,
999617,20230131900882,01084364,다산디엠씨,208860,기타시장안내(감사의견 관련 형식적 상장폐지 사유해소 및 매매거래정지 지속안내),2023-01-31,KOSDAQ,2385.0,2385.0,2385.0,2385.0,0.0,0.0,0.0,
967395,20230315902419,01084364,다산디엠씨,208860,주권매매거래정지기간변경(상장적격성 실질심사 대상 결정),2023-03-15,KOSDAQ,2385.0,2385.0,2385.0,2385.0,0.0,0.0,0.0,
934518,20230404900985,01084364,다산디엠씨,208860,주권매매거래정지기간변경(투자자보호),2023-04-04,KOSDAQ,2385.0,2385.0,2385.0,2385.0,0.0,0.0,0.0,
907952,20230417900498,01084364,다산디엠씨,208860,주권매매거래정지기간변경(상장폐지 사유 발생),2023-04-17,KOSDAQ,2385.0,2385.0,2385.0,2385.0,0.0,0.0,0.0,
896160,20230510900638,01084364,다산디엠씨,208860,주권매매거래정지기간변경(개선기간 부여),2023-05-10,KOSDAQ,2385.0,2385.0,2385.0,2385.0,0.0,0.0,0.0,
717730,20240321902091,01084364,다산디엠씨,208860,주권매매거래정지기간변경              (상장폐지 사유 해소),2024-03-21,KOSDAQ,2385.0,2385.0,2385.0,2385.0,0.0,0.0,0.0,
717731,20240321902205,01084364,다산디엠씨,208860,기타시장안내              (형식적 상장폐지 사유 해소 및 매매거래정지 지속 안내),2024-03-21,KOSDAQ,2385.0,2385.0,2385.0,2385.0,0.0,0.0,0.0,
649943,20240514901654,01084364,다산디엠씨,208860,주권매매거래정지기간변경              (개선기간 부여),2024-05-14,KOSDAQ,2385.0,2385.0,2385.0,2385.0,0.0,0.0,0.0,
371947,20250704900889,01084364,다산디엠씨,208860,주권매매거래정지해제              (상장유지 결정),2025-07-04,KOSDAQ,2385.0,2370.0,2100.0,2010.0,-0.0062893081761006275,-0.11949685534591192,-0.1572327044025157,
1287305,20210831900179,01169267,세화피앤씨,252500,주권매매거래정지(무상증자),2021-08-31,KOSDAQ,2220.0,2230.0,2208.0,2165.0,0.0045045045045044585,-0.00540540540540535,-0.024774774774774744,
1286328,20210831900581,01336443,디와이씨,310870,주권매매거래정지해제(상장예비심사결과 통지(승인)),2021-08-31,KOSDAQ,3680.0,3755.0,3435.0,2955.0,0.020380434782608647,-0.06657608695652173,-0.1970108695652174,
1286204,20210831900725,00137012,에스앤더블류,103230,주권매매거래정지기간변경(개선기간 부여),2021-08-31,KOSDAQ,2505.0,2505.0,2505.0,2505.0,0.0,0.0,0.0,
1093996,20220708900567,00137012,에스앤더블류,103230,주권매매거래정지기간변경(개선기간 부여),2022-07-08,KOSDAQ,2505.0,2505.0,2505.0,2505.0,0.0,0.0,0.0,
954128,20230327901264,00137012,에스앤더블류,103230,주권매매거래정지해제(상장유지 결정),2023-03-27,KOSDAQ,2505.0,3550.0,3735.0,3960.0,0.41716566866267457,0.4910179640718564,0.5808383233532934,
1285780,20210901800440,00118521,진원생명과학,011000,매매거래정지및정지해제(중요내용공시),2021-09-01,KOSPI,22121.0,20583.0,21860.0,23594.0,-0.06952669409158718,-0.011798743275620471,0.06658830975091545,
890872,20230516800307,00118521,진원생명과학,011000,매매거래정지및정지해제(중요내용공시),2023-05-16,KOSPI,5200.0,4865.0,4615.0,5230.0,-0.06442307692307692,-0.11250000000000004,0.005769230769230749,
87242,20260320801158,00118521,진원생명과학,011000,매매거래정지및정지해제(중요내용공시),2026-03-20,KOSPI,1036.0,944.0,884.0,971.0,-0.08880308880308885,-0.14671814671814676,-0.06274131274131278,
1285717,20210901900515,00991298,씨이랩,189330,주권매매거래정지(무상증자),2021-09-01,KOSDAQ,60297.0,53773.0,51746.0,48352.0,-0.10819775444881174,-0.14181468398096087,-0.19810272484534885,
1285685,20210901900541,00255105,케이바이오랩스,038530,주권매매거래정지(영업양수도),2021-09-01,KOSDAQ,13165.0,13535.0,13575.0,16860.0,0.028104823395366463,0.031143182681351966,0.28066843904291683,
1247054,20211130900564,00255105,케이바이오랩스,038530,주권매매거래정지(중요한 영업정지),2021-11-30,KOSDAQ,9025.0,9250.0,9135.0,9805.0,0.024930747922437657,0.01218836565096959,0.08642659279778386,
975496,20230308901269,00255105,케이바이오랩스,038530,주권매매거래정지(상장적격성 실질심사 대상(사유발생)),2023-03-08,KOSDAQ,2270.0,2270.0,2270.0,2270.0,0.0,0.0,0.0,
906854,20230419900484,00255105,케이바이오랩스,038530,주권매매거래정지해제(상장적격성 실질심사 대상 제외 결정),2023-04-19,KOSDAQ,2270.0,2955.0,3045.0,3125.0,0.30176211453744495,0.34140969162995605,0.37665198237885456,
902812,20230427900320,00255105,케이바이오랩스,038530,주권매매거래정지(풍문 또는 보도 관련),2023-04-27,KOSDAQ,2795.0,2795.0,2795.0,2795.0,0.0,0.0,0.0,
901691,20230428900250,00255105,케이바이오랩스,038530,주권매매거래정지기간변경(상장적격성 실질심사 대상(사유발생)),2023-04-28,KOSDAQ,2795.0,2795.0,2795.0,2795.0,0.0,0.0,0.0,
876062,20230614900413,00255105,케이바이오랩스,038530,주권매매거래정지해제(상장적격성 실질심사 대상 제외 결정),2023-06-14,KOSDAQ,2795.0,2615.0,2385.0,2170.0,-0.06440071556350624,-0.146690518783542,-0.22361359570661898,
870569,20230627900530,00255105,케이바이오랩스,038530,"주권매매거래정지(주식의 병합, 분할 등 전자등록 변경, 말소)",2023-06-27,KOSDAQ,2220.0,2135.0,1965.0,1965.0,-0.03828828828828834,-0.11486486486486491,-0.11486486486486491,
860928,20230718900271,00255105,케이바이오랩스,038530,주권매매거래정지해제(감자 주권 변경상장),2023-07-18,KOSDAQ,1965.0,1965.0,1965.0,1665.0,0.0,0.0,-0.15267175572519087,
38866,20260409900873,00255105,케이바이오랩스,038530,"주권매매거래정지              (주식의 병합, 분할 등 전자등록 변경, 말소)",2026-04-09,KOSDAQ,1685.0,1585.0,1550.0,1550.0,-0.05934718100890213,-0.0801186943620178,-0.0801186943620178,
12945,20260511900589,00255105,케이바이오랩스,038530,주권매매거래정지해제              (액면병합 주권 변경상장),2026-05-11,KOSDAQ,1550.0,1482.0,1341.0,1300.0,-0.04387096774193544,-0.1348387096774194,-0.16129032258064513,
1285652,20210901900560,00230814,휴림에이텍,078590,주권매매거래정지기간변경(상장폐지 사유 발생),2021-09-01,KOSDAQ,30296.0,30296.0,30296.0,30296.0,0.0,0.0,0.0,
1280432,20210915900597,00230814,휴림에이텍,078590,주권매매거래정지기간변경(개선기간 부여),2021-09-15,KOSDAQ,30296.0,30296.0,30296.0,30296.0,0.0,0.0,0.0,
1178133,20220322901672,00230814,휴림에이텍,078590,주권매매거래정지기간변경(상장폐지 사유 해소),2022-03-22,KOSDAQ,30296.0,30296.0,30296.0,30296.0,0.0,0.0,0.0,
1178129,20220322901678,00230814,휴림에이텍,078590,기타시장안내(감사의견 관련 형식적 상장폐지 사유해소 및 매매거래정지 지속),2022-03-22,KOSDAQ,30296.0,30296.0,30296.0,30296.0,0.0,0.0,0.0,
1137841,20220412900634,00230814,휴림에이텍,078590,주권매매거래정지기간변경(상장적격성 실질심사 대상 결정),2022-04-12,KOSDAQ,30296.0,30296.0,30296.0,30296.0,0.0,0.0,0.0,
1109980,20220602900605,00230814,휴림에이텍,078590,주권매매거래정지기간변경(개선기간 부여),2022-06-02,KOSDAQ,30296.0,30296.0,30296.0,30296.0,0.0,0.0,0.0,
826264,20230920900560,00230814,휴림에이텍,078590,주권매매거래정지해제(상장유지 결정),2023-09-20,KOSDAQ,30296.0,21206.0,17262.0,14664.0,-0.3000396091893319,-0.43022181146025873,-0.5159757063638764,
766602,20240124900457,00230814,휴림에이텍,078590,"주권매매거래정지(주식의 병합, 분할 등 전자등록 변경, 말소)",2024-01-24,KOSDAQ,11117.0,10414.0,10618.0,10618.0,-0.06323648466312859,-0.044886210308536456,-0.044886210308536456,
750851,20240219900665,00230814,휴림에이텍,078590,주권매매거래정지해제              (액면병합 주권 변경상장),2024-02-19,KOSDAQ,10618.0,13797.0,12534.0,11790.0,0.29939724995291006,0.18044829534752305,0.11037860237332842,
22264,20260424900861,00230814,휴림에이텍,078590,"주권매매거래정지              (주식의 병합, 분할 등 전자등록 변경, 말소)",2026-04-24,KOSDAQ,6542.0,6053.0,5350.0,5350.0,-0.0747477835524305,-0.1822072760623662,-0.1822072760623662,
2287,20260526900643,00230814,휴림에이텍,078590,주권매매거래정지해제              (감자 주권 변경상장),2026-05-26,KOSDAQ,5350.0,4595.0,4055.0,3210.0,-0.14112149532710283,-0.24205607476635516,-0.4,
1285641,20210901900593,00526678,동방선기,099410,주권매매거래정지(상장적격성 실질심사 대상 (사유발생)),2021-09-01,KOSDAQ,3800.0,3800.0,3800.0,3800.0,0.0,0.0,0.0,
1268364,20211020900593,00526678,동방선기,099410,주권매매거래정지해제(상장적격성 실질심사 대상 제외 결정),2021-10-20,KOSDAQ,3800.0,3220.0,2960.0,3600.0,-0.15263157894736845,-0.2210526315789474,-0.052631578947368474,
666563,20240415900456,00526678,동방선기,099410,주권매매거래정지              (영업양수도),2024-04-15,KOSDAQ,2780.0,2835.0,2835.0,2865.0,0.019784172661870603,0.019784172661870603,0.030575539568345356,
1285627,20210901900599,00205687,더라미,032860,주권매매거래정지(불성실공시법인 지정),2021-09-01,KOSDAQ,6190.0,6190.0,5050.0,4600.0,0.0,-0.18416801292407103,-0.25686591276252024,
1180464,20220321900994,00205687,더라미,032860,주권매매거래정지(풍문 또는 보도 관련),2022-03-21,KOSDAQ,3640.0,3640.0,3640.0,3640.0,0.0,0.0,0.0,
1179603,20220321902021,00205687,더라미,032860,주권매매거래정지기간변경(상장폐지 사유 발생),2022-03-21,KOSDAQ,3640.0,3640.0,3640.0,3640.0,0.0,0.0,0.0,
1167558,20220330902520,00205687,더라미,032860,주권매매거래정지기간변경(개선기간 부여),2022-03-30,KOSDAQ,3640.0,3640.0,3640.0,3640.0,0.0,0.0,0.0,
1100879,20220624900543,00205687,더라미,032860,주권매매거래정지기간변경(회생절차 개시신청),2022-06-24,KOSDAQ,3640.0,3640.0,3640.0,3640.0,0.0,0.0,0.0,
1094007,20220708900553,00205687,더라미,032860,주권매매거래정지기간변경(회생절차 개시 결정),2022-07-08,KOSDAQ,3640.0,3640.0,3640.0,3640.0,0.0,0.0,0.0,
957109,20230323902233,00205687,더라미,032860,기타시장안내(감사의견 관련 형식적 상장폐지 사유해소 및 매매거래정지 지속),2023-03-23,KOSDAQ,3640.0,3640.0,3640.0,3640.0,0.0,0.0,0.0,
957108,20230323902246,00205687,더라미,032860,주권매매거래정지기간변경(상장폐지 사유 해소),2023-03-23,KOSDAQ,3640.0,3640.0,3640.0,3640.0,0.0,0.0,0.0,
897332,20230508900535,00205687,더라미,032860,주권매매거래정지기간변경(상장적격성 실질심사 대상 결정),2023-05-08,KOSDAQ,3640.0,3640.0,3640.0,3640.0,0.0,0.0,0.0,
858380,20230724900579,00205687,더라미,032860,주권매매거래정지기간변경(상장폐지사유 발생),2023-07-24,KOSDAQ,3640.0,3640.0,3640.0,3640.0,0.0,0.0,0.0,
830019,20230911900601,00205687,더라미,032860,주권매매거래정지기간변경(개선기간 부여),2023-09-11,KOSDAQ,3640.0,3640.0,3640.0,3640.0,0.0,0.0,0.0,
568184,20241021900546,00205687,더라미,032860,주권매매거래정지해제              (상장유지 결정),2024-10-21,KOSDAQ,3640.0,2550.0,2210.0,1800.0,-0.2994505494505495,-0.3928571428571429,-0.5054945054945055,
1285055,20210902900446,00116426,이렘,009730,주권매매거래정지기간변경(회생절차 개시신청),2021-09-02,KOSDAQ,3095.0,3095.0,3095.0,3095.0,0.0,0.0,0.0,
1259480,20211111900584,00116426,이렘,009730,"주권매매거래정지기간변경(주식의 병합, 분할 등 전자등록 변경, 말소)",2021-11-11,KOSDAQ,3095.0,3095.0,3095.0,3095.0,0.0,0.0,0.0,
1245675,20211202900449,00116426,이렘,009730,주권매매거래정지기간변경(감자 주권 변경상장),2021-12-02,KOSDAQ,3095.0,3095.0,3095.0,3095.0,0.0,0.0,0.0,
1244588,20211206900478,00116426,이렘,009730,주권매매거래정지기간변경(회생절차 개시신청 취하),2021-12-06,KOSDAQ,3095.0,3095.0,3095.0,3095.0,0.0,0.0,0.0,
1165104,20220331901486,00116426,이렘,009730,주권매매거래정지기간변경(상장폐지 사유 발생),2022-03-31,KOSDAQ,3095.0,3095.0,3095.0,3095.0,0.0,0.0,0.0,
1129563,20220421900667,00116426,이렘,009730,주권매매거래정지기간변경(개선기간 부여),2022-04-21,KOSDAQ,3095.0,3095.0,3095.0,3095.0,0.0,0.0,0.0,
1083940,20220803900396,00116426,이렘,009730,주권매매거래정지기간변경(형식 상장폐지 사유 해소),2022-08-03,KOSDAQ,3095.0,3095.0,3095.0,3095.0,0.0,0.0,0.0,
1036053,20221114902884,00116426,이렘,009730,주권매매거래정지해제(상장유지 결정),2022-11-14,KOSDAQ,3095.0,2270.0,2063.0,1919.0,-0.2665589660743134,-0.3334410339256866,-0.379967689822294,
790412,20231204900571,00116426,이렘,009730,주권매매거래정지(영업양수도),2023-12-04,KOSDAQ,2878.0,2568.0,2644.0,2631.0,-0.10771369006254339,-0.08130646282140375,-0.08582348853370392,
22275,20260424900868,00116426,이렘,009730,주권매매거래정지              (자본감소),2026-04-24,KOSDAQ,480.0,336.0,329.0,311.0,-0.30000000000000004,-0.3145833333333333,-0.3520833333333333,
117049,20260616900556,00116426,이렘,009730,"주권매매거래정지              (주식의 병합, 분할 등 전자등록 변경, 말소)",2026-06-16,KOSDAQ,208.0,211.0,181.0,181.0,0.014423076923076872,-0.1298076923076923,-0.1298076923076923,
1284920,20210903900110,00899556,제룡산업,147830,주권매매거래정지(무상증자),2021-09-03,KOSDAQ,4670.0,5050.0,4920.0,4645.0,0.0813704496788008,0.05353319057815842,-0.005353319057815886,
1284541,20210903900536,00300405,오리엔트정공,065500,주권매매거래정지(자본감소),2021-09-03,KOSDAQ,4570.0,3936.0,3642.0,3651.0,-0.1387308533916849,-0.20306345733041575,-0.20109409190371996,
1256492,20211115901524,00300405,오리엔트정공,065500,"주권매매거래정지(주식의 병합, 분할 등 전자등록 변경, 말소)",2021-11-15,KOSDAQ,2927.0,2832.0,2760.0,2760.0,-0.03245644004099757,-0.057055005124701075,-0.057055005124701075,
1246347,20211201900410,00300405,오리엔트정공,065500,주권매매거래정지해제(감자 주권 변경상장),2021-12-01,KOSDAQ,2760.0,2760.0,2760.0,3070.0,0.0,0.0,0.1123188405797102,
253550,20260212901190,00300405,오리엔트정공,065500,주권매매거래정지              (영업양수도),2026-02-12,KOSDAQ,2995.0,2535.0,2615.0,3120.0,-0.1535893155258765,-0.12687813021702843,0.04173622704507518,
1284502,20210903900600,00923792,내츄럴엔도텍,168330,주권매매거래정지해제(상장유지 결정),2021-09-03,KOSDAQ,5050.0,6560.0,8520.0,9970.0,0.29900990099009905,0.6871287128712871,0.9742574257425742,
1284313,20210906900281,00528515,한라IMS,092460,주권매매거래정지(무상증자),2021-09-06,KOSDAQ,6107.0,6107.0,6140.0,6113.0,0.0,0.005403635172752663,0.0009824791223187468,
1284228,20210906900355,01043853,베노티앤알,206400,주권매매거래정지(단일판매공급계약),2021-09-06,KOSDAQ,6010.0,6010.0,5870.0,5570.0,0.0,-0.02329450915141429,-0.07321131447587359,
1116476,20220526900250,01043853,베노티앤알,206400,주권매매거래정지(중요한 영업정지),2022-05-26,KOSDAQ,4505.0,4390.0,4200.0,4000.0,-0.025527192008878985,-0.06770255271920089,-0.11209766925638176,
277625,20260106900663,01043853,베노티앤알,206400,주권매매거래정지              (영업양수도),2026-01-06,KOSDAQ,1659.0,1700.0,1727.0,1670.0,0.02471368294153109,0.04098854731766122,0.006630500301386455,
1281439,20210913900534,00370255,테크엘,064520,주권매매거래정지기간변경(상장폐지 사유 발생),2021-09-13,KOSDAQ,7000.0,7000.0,7000.0,7000.0,0.0,0.0,0.0,
1261646,20211105900801,00370255,테크엘,064520,주권매매거래정지기간변경(개선기간 부여),2021-11-05,KOSDAQ,7000.0,7000.0,7000.0,7000.0,0.0,0.0,0.0,
1205832,20220223900816,00370255,테크엘,064520,"주권매매거래정지기간변경(주식의 병합, 분할 등 전자등록 변경, 말소)",2022-02-23,KOSDAQ,7000.0,7000.0,7000.0,7000.0,0.0,0.0,0.0,
1183296,20220317901329,00370255,테크엘,064520,주권매매거래정지기간변경(감자 주권 변경상장),2022-03-17,KOSDAQ,7000.0,7000.0,7000.0,7000.0,0.0,0.0,0.0,
1181411,20220318901566,00370255,테크엘,064520,주권매매거래정지기간변경(상장폐지 사유 발생),2022-03-18,KOSDAQ,7000.0,7000.0,7000.0,7000.0,0.0,0.0,0.0,
1147411,20220407900775,00370255,테크엘,064520,주권매매거래정지기간변경(개선기간 부여),2022-04-07,KOSDAQ,7000.0,7000.0,7000.0,7000.0,0.0,0.0,0.0,
1093979,20220708900600,00370255,테크엘,064520,주권매매거래정지기간변경(형식 상장폐지 사유 해소),2022-07-08,KOSDAQ,7000.0,7000.0,7000.0,7000.0,0.0,0.0,0.0,
1081346,20220810900553,00370255,테크엘,064520,주권매매거래정지해제(상장유지 결정),2022-08-10,KOSDAQ,7000.0,5590.0,5540.0,4970.0,-0.2014285714285714,-0.20857142857142852,-0.29000000000000004,
1281427,20210913900560,00542898,케이이엠텍,106080,주권매매거래정지기간변경(상장폐지 사유 발생),2021-09-13,KOSDAQ,50795.0,50795.0,50795.0,50795.0,0.0,0.0,0.0,
1261644,20211105900802,00542898,케이이엠텍,106080,주권매매거래정지기간변경(개선기간 부여),2021-11-05,KOSDAQ,50795.0,50795.0,50795.0,50795.0,0.0,0.0,0.0,
1240979,20211214900866,00542898,케이이엠텍,106080,"주권매매거래정지기간변경(주식의 병합, 분할 등 전자등록 변경, 말소)",2021-12-14,KOSDAQ,50795.0,50795.0,50795.0,50795.0,0.0,0.0,0.0,
1228467,20220106900342,00542898,케이이엠텍,106080,주권매매거래정지기간변경(감자 주권 변경상장),2022-01-06,KOSDAQ,50795.0,50795.0,50795.0,50795.0,0.0,0.0,0.0,
954130,20230327901270,00542898,케이이엠텍,106080,주권매매거래정지해제(상장유지 결정),2023-03-27,KOSDAQ,50795.0,35570.0,34665.0,32855.0,-0.29973422580962694,-0.3175509400531549,-0.3531843685402106,
103465,20260309901397,00542898,케이이엠텍,106080,"주권매매거래정지              (주식의 병합, 분할 등 전자등록 변경, 말소)",2026-03-09,KOSDAQ,1485.0,1500.0,1650.0,1650.0,0.010101010101010166,0.11111111111111116,0.11111111111111116,
88249,20260319902113,00542898,케이이엠텍,106080,"[기재정정]주권매매거래정지              (주식의 병합, 분할 등 전자등록 변경, 말소)",2026-03-19,KOSDAQ,1650.0,1650.0,1650.0,1650.0,0.0,0.0,0.0,
45531,20260407901232,00542898,케이이엠텍,106080,주권매매거래정지기간변경              (투자자 보호),2026-04-07,KOSDAQ,1650.0,1650.0,1650.0,1650.0,0.0,0.0,0.0,
27850,20260415900814,00542898,케이이엠텍,106080,주권매매거래정지기간변경              (감자 주권 변경상장),2026-04-15,KOSDAQ,1650.0,1650.0,1650.0,1650.0,0.0,0.0,0.0,
26244,20260417900911,00542898,케이이엠텍,106080,주권매매거래정지기간변경              (상장폐지 사유 발생),2026-04-17,KOSDAQ,1650.0,1650.0,1650.0,1650.0,0.0,0.0,0.0,
11970,20260512900956,00542898,케이이엠텍,106080,주권매매거래정지기간변경              (개선기간 부여),2026-05-12,KOSDAQ,1650.0,1650.0,1650.0,1650.0,0.0,0.0,0.0,
1280992,20210914900509,01508855,블리츠웨이엔터테인먼트,369370,주권매매거래정지해제(상장예비심사결과 통지(승인)),2021-09-14,KOSDAQ,3790.0,3260.0,3180.0,3865.0,-0.13984168865435354,-0.16094986807387868,0.01978891820580464,
798329,20231122900468,01508855,블리츠웨이엔터테인먼트,369370,주권매매거래정지(우회상장여부 및 요건충족확인),2023-11-22,KOSDAQ,2010.0,2610.0,2295.0,2100.0,0.29850746268656714,0.14179104477611948,0.04477611940298498,
798287,20231122900536,01508855,블리츠웨이엔터테인먼트,369370,주권매매거래정지해제(우회상장 미해당),2023-11-22,KOSDAQ,2010.0,2610.0,2295.0,2100.0,0.29850746268656714,0.14179104477611948,0.04477611940298498,
1280971,20210914900561,01089378,디와이디,219550,주권매매거래정지(불성실공시법인 지정),2021-09-14,KOSDAQ,13765.0,13765.0,13465.0,13390.0,0.0,-0.02179440610243366,-0.027243007628042104,
1245589,20211202900510,01089378,디와이디,219550,"주권매매거래정지(주식의 병합, 분할 등 전자등록 변경, 말소)",2021-12-02,KOSDAQ,8945.0,9420.0,9650.0,9650.0,0.05310229178311898,0.07881498043599766,0.07881498043599766,
1233884,20211227900635,01089378,디와이디,219550,주권매매거래정지해제(액면분할 주권 변경상장),2021-12-27,KOSDAQ,9650.0,12525.0,14650.0,13300.0,0.2979274611398963,0.5181347150259068,0.37823834196891193,
1211586,20220214900694,01089378,디와이디,219550,주권매매거래정지(관리종목지정우려),2022-02-14,KOSDAQ,13050.0,10000.0,11825.0,12600.0,-0.23371647509578541,-0.0938697318007663,-0.03448275862068961,
1176972,20220323901299,01089378,디와이디,219550,주권매매거래정지(관리종목지정사유발생),2022-03-23,KOSDAQ,12250.0,11775.0,11925.0,15750.0,-0.038775510204081653,-0.026530612244897944,0.2857142857142858,
504826,20250214901002,01089378,디와이디,219550,주권매매거래정지              (관리종목지정우려),2025-02-14,KOSDAQ,3910.0,3915.0,3765.0,3080.0,0.0012787723785165905,-0.037084398976982125,-0.21227621483375958,
468649,20250321902048,01089378,디와이디,219550,주권매매거래정지              (관리종목지정사유발생),2025-03-21,KOSDAQ,3640.0,3955.0,3675.0,3575.0,0.08653846153846145,0.009615384615384581,-0.017857142857142905,
332748,20250918900242,01089378,디와이디,219550,주권매매거래정지              (자본감소),2025-09-18,KOSDAQ,1340.0,1140.0,1255.0,1295.0,-0.14925373134328357,-0.06343283582089554,-0.03358208955223885,
314740,20251104900435,01089378,디와이디,219550,"주권매매거래정지              (주식의 병합, 분할 등 전자등록 변경, 말소)",2025-11-04,KOSDAQ,1200.0,1115.0,1000.0,1000.0,-0.0708333333333333,-0.16666666666666663,-0.16666666666666663,
295844,20251203900544,01089378,디와이디,219550,주권매매거래정지해제              (감자 주권 및 액면분할 변경상장),2025-12-03,KOSDAQ,1000.0,1000.0,1000.0,986.0,0.0,0.0,-0.014000000000000012,
1280435,20210915900608,00367482,빛과전자,069540,주권매매거래정지해제(상장유지 결정),2021-09-15,KOSDAQ,9300.0,6560.0,6390.0,6090.0,-0.29462365591397854,-0.3129032258064516,-0.3451612903225807,
1280309,20210916800005,00152385,에이프로젠,007460,매매거래정지및정지해제(중요내용공시),2021-09-16,KOSPI,6345.0,6164.0,5984.0,5608.0,-0.028526398739164738,-0.0568951930654058,-0.11615445232466504,
1035946,20221115800005,00152385,에이프로젠,007460,매매거래정지및정지해제(중요내용공시),2022-11-15,KOSPI,2165.0,2099.0,2108.0,2012.0,-0.030484988452655903,-0.02632794457274823,-0.07066974595842956,
248011,20260223801150,00152385,에이프로젠,007460,매매거래정지및정지해제(중요내용공시),2026-02-23,KOSPI,420.0,546.0,462.0,355.0,0.30000000000000004,0.10000000000000009,-0.15476190476190477,
1279644,20210917900031,01493535,모비데이즈,363260,주권매매거래정지(SPAC 합병(예비심사청구대상)),2021-09-17,KOSDAQ,11850.0,11850.0,11850.0,11850.0,0.0,0.0,0.0,
1209170,20220217900688,01493535,모비데이즈,363260,주권매매거래정지해제(상장예비심사결과 통지(승인)),2022-02-17,KOSDAQ,11850.0,11800.0,11400.0,10300.0,-0.00421940928270037,-0.03797468354430378,-0.13080168776371304,
660799,20240425900657,01493535,모비데이즈,363260,"주권매매거래정지              (주식의 병합, 분할 등 전자등록 변경, 말소)",2024-04-25,KOSDAQ,3215.0,2940.0,3295.0,3295.0,-0.0855365474339036,0.02488335925349916,0.02488335925349916,
645140,20240523900345,01493535,모비데이즈,363260,주권매매거래정지해제              (액면병합 주권 변경상장),2024-05-23,KOSDAQ,3295.0,2875.0,2575.0,2540.0,-0.12746585735963578,-0.21851289833080423,-0.22913505311077387,
1278979,20210917900742,00346911,아이톡시,052770,주권매매거래정지기간변경(상장폐지 사유 발생),2021-09-17,KOSDAQ,7433.0,7433.0,7433.0,7433.0,0.0,0.0,0.0,
1254226,20211118900468,00346911,아이톡시,052770,주권매매거래정지기간변경(개선기간 부여),2021-11-18,KOSDAQ,7433.0,7433.0,7433.0,7433.0,0.0,0.0,0.0,
876555,20230613900489,00346911,아이톡시,052770,주권매매거래정지해제(상장유지 결정),2023-06-13,KOSDAQ,7433.0,6809.0,8837.0,8919.0,-0.0839499529126867,0.18888739405354493,0.19991927889143013,
465795,20250325901289,00346911,아이톡시,052770,주권매매거래정지              (관리종목지정사유발생),2025-03-25,KOSDAQ,3642.0,3328.0,3303.0,3282.0,-0.08621636463481608,-0.09308072487644148,-0.0988467874794069,
336755,20250908900478,00346911,아이톡시,052770,주권매매거래정지              (자본감소),2025-09-08,KOSDAQ,2122.0,2213.0,2048.0,2064.0,0.0428840716305372,-0.03487276154571162,-0.027332704995287505,
295822,20251203900562,00346911,아이톡시,052770,"주권매매거래정지              (주식의 병합, 분할 등 전자등록 변경, 말소)",2025-12-03,KOSDAQ,1242.0,1238.0,1020.0,1020.0,-0.0032206119162641045,-0.17874396135265702,-0.17874396135265702,
284105,20251223900769,00346911,아이톡시,052770,주권매매거래정지해제              (감자 주권 변경상장),2025-12-23,KOSDAQ,1020.0,1020.0,1020.0,662.0,0.0,0.0,-0.3509803921568627,
84927,20260323901999,00346911,아이톡시,052770,주권매매거래정지              (풍문 또는 보도 관련),2026-03-23,KOSDAQ,312.0,312.0,312.0,312.0,0.0,0.0,0.0,
84352,20260323902699,00346911,아이톡시,052770,주권매매거래정지기간변경              (상장폐지 사유 발생),2026-03-23,KOSDAQ,312.0,312.0,312.0,312.0,0.0,0.0,0.0,
34902,20260410901030,00346911,아이톡시,052770,주권매매거래정지기간변경              (개선기간 부여),2026-04-10,KOSDAQ,312.0,312.0,312.0,312.0,0.0,0.0,0.0,
1278762,20210923900168,00273439,메디아나,041920,주권매매거래정지(무상증자),2021-09-23,KOSDAQ,7659.0,7091.0,7091.0,6928.0,-0.0741611176393785,-0.0741611176393785,-0.09544326935631287,
1277880,20210927900137,01441611,원티드랩,376980,주권매매거래정지(무상증자),2021-09-27,KOSDAQ,33050.0,30000.0,28250.0,25700.0,-0.09228441754916794,-0.1452344931921331,-0.2223903177004538,
1277232,20210928900369,00453442,해성에어로보틱스,059270,주권매매거래정지(무상증자),2021-09-28,KOSDAQ,9325.0,12100.0,11425.0,10475.0,0.2975871313672922,0.2252010723860589,0.1233243967828419,
1277161,20210928900459,01487446,씨엔알리서치,359090,주권매매거래정지해제(상장예비심사결과 통지(승인)),2021-09-28,KOSDAQ,3110.0,2720.0,2650.0,2250.0,-0.12540192926045013,-0.14790996784565913,-0.2765273311897106,
123655,20260602900540,01487446,씨엔알리서치,359090,"주권매매거래정지              (주식의 병합, 분할 등 전자등록 변경, 말소)",2026-06-02,KOSDAQ,511.0,550.0,550.0,550.0,0.07632093933463802,0.07632093933463802,0.07632093933463802,
1276344,20210929900665,00959229,세종메디칼,258830,"주권매매거래정지(주식의 병합, 분할 등 전자등록 변경, 말소)",2021-09-29,KOSDAQ,6910.0,6800.0,7000.0,7000.0,-0.01591895803183796,0.013024602026049159,0.013024602026049159,
1268938,20211019900367,00959229,세종메디칼,258830,주권매매거래정지해제(액면분할 주권 변경상장),2021-10-19,KOSDAQ,7000.0,6600.0,7010.0,7560.0,-0.05714285714285716,0.0014285714285713347,0.08000000000000007,
823813,20230926900473,00959229,세종메디칼,258830,주권매매거래정지(중요한 영업정지),2023-09-26,KOSDAQ,1085.0,1185.0,1290.0,1557.0,0.09216589861751157,0.18894009216589858,0.4350230414746543,
739486,20240229901467,00959229,세종메디칼,258830,주권매매거래정지              (관리종목지정우려),2024-02-29,KOSDAQ,555.0,431.0,435.0,411.0,-0.22342342342342347,-0.21621621621621623,-0.2594594594594595,
707635,20240329901175,00959229,세종메디칼,258830,주권매매거래정지              (풍문 또는 보도 관련),2024-03-29,KOSDAQ,412.0,412.0,412.0,412.0,0.0,0.0,0.0,
704326,20240329904748,00959229,세종메디칼,258830,주권매매거래정지기간변경              (투자자 보호),2024-03-29,KOSDAQ,412.0,412.0,412.0,412.0,0.0,0.0,0.0,
671785,20240411900699,00959229,세종메디칼,258830,주권매매거래정지기간변경              (상장폐지 사유 발생),2024-04-11,KOSDAQ,412.0,412.0,412.0,412.0,0.0,0.0,0.0,
656739,20240430901214,00959229,세종메디칼,258830,주권매매거래정지기간변경              (개선기간 부여),2024-04-30,KOSDAQ,412.0,412.0,412.0,412.0,0.0,0.0,0.0,
453346,20250331904093,00959229,세종메디칼,258830,기타시장안내              ((감사의견 관련 형식적 상장폐지 사유 해소 및 매매거래정지 지속 안내),2025-03-31,KOSDAQ,412.0,412.0,412.0,412.0,0.0,0.0,0.0,
453345,20250331904094,00959229,세종메디칼,258830,주권매매거래정지기간변경              (상장폐지 사유 해소),2025-03-31,KOSDAQ,412.0,412.0,412.0,412.0,0.0,0.0,0.0,
397986,20250515902734,00959229,세종메디칼,258830,주권매매거래정지기간변경              (상장적격성 실질심사 대상 결정),2025-05-15,KOSDAQ,412.0,412.0,412.0,412.0,0.0,0.0,0.0,
359207,20250804900485,00959229,세종메디칼,258830,주권매매거래정지기간변경              (상장폐지 사유발생),2025-08-04,KOSDAQ,412.0,412.0,412.0,412.0,0.0,0.0,0.0,
322097,20251017900556,00959229,세종메디칼,258830,주권매매거래정지기간변경              (개선기간 부여),2025-10-17,KOSDAQ,412.0,412.0,412.0,412.0,0.0,0.0,0.0,
118967,20260611900905,00959229,세종메디칼,258830,주권매매거래정지해제              (상장폐지에 따른 정리매매 개시),2026-06-11,KOSDAQ,412.0,412.0,412.0,412.0,0.0,0.0,0.0,
118300,20260612900673,00959229,세종메디칼,258830,주권매매거래정지              (투자자 보호),2026-06-12,KOSDAQ,412.0,412.0,412.0,412.0,0.0,0.0,0.0,
1275224,20211001900169,00445054,하나마이크론,067310,주권매매거래정지(무상증자),2021-10-01,KOSDAQ,11985.0,11676.0,11711.0,11848.0,-0.025782227784730938,-0.02286191072173549,-0.0114309553608678,
521299,20250117900659,00445054,하나마이크론,067310,주권매매거래정지              (분할),2025-01-17,KOSDAQ,12370.0,10660.0,11010.0,11100.0,-0.13823767178658042,-0.10994341147938558,-0.10266774454324978,
1275215,20211001900180,01264438,자이언트스텝,289220,주권매매거래정지(무상증자),2021-10-01,KOSDAQ,38600.0,35533.0,32856.0,34511.0,-0.07945595854922283,-0.1488082901554404,-0.10593264248704659,
1275087,20211001900290,01408999,웨이버스,336060,주권매매거래정지(SPAC 합병(예비심사청구대상)),2021-10-01,KOSDAQ,3000.0,3000.0,3000.0,3000.0,0.0,0.0,0.0,
1245545,20211202900582,01408999,웨이버스,336060,주권매매거래정지해제(상장예비심사결과 통지(승인)),2021-12-02,KOSDAQ,3000.0,3000.0,3610.0,3620.0,0.0,0.20333333333333337,0.20666666666666678,
1274762,20211001900627,00542074,LSK아이로봇,091970,주권매매거래정지(상장적격성 실질심사 대상 (사유발생)),2021-10-01,KOSDAQ,7030.0,7030.0,7030.0,7030.0,0.0,0.0,0.0,
1254985,20211116900479,00542074,LSK아이로봇,091970,주권매매거래정지기간변경(상장적격성 실질심사 대상 결정),2021-11-16,KOSDAQ,7030.0,7030.0,7030.0,7030.0,0.0,0.0,0.0,
1229455,20220104900565,00542074,LSK아이로봇,091970,주권매매거래정지기간변경(개선기간 부여),2022-01-04,KOSDAQ,7030.0,7030.0,7030.0,7030.0,0.0,0.0,0.0,
1229454,20220104900567,00542074,LSK아이로봇,091970,[기재정정]주권매매거래정지기간변경(개선기간 부여),2022-01-04,KOSDAQ,7030.0,7030.0,7030.0,7030.0,0.0,0.0,0.0,
985791,20230224901065,00542074,LSK아이로봇,091970,주권매매거래정지해제(상장유지 결정),2023-02-24,KOSDAQ,7030.0,5875.0,5880.0,5325.0,-0.16429587482219066,-0.16358463726884775,-0.2425320056899004,
21367,20260427900914,00542074,나노캠텍,091970,"주권매매거래정지              (주식의 병합, 분할 등 전자등록 변경, 말소)",2026-04-27,KOSDAQ,3515.0,3425.0,3785.0,3785.0,-0.02560455192034139,0.07681365576102417,0.07681365576102417,
2401,20260526900553,00542074,나노캠텍,091970,주권매매거래정지해제              (액면병합 주권 변경상장),2026-05-26,KOSDAQ,3785.0,4920.0,4265.0,3240.0,0.29986789960369875,0.12681638044914134,-0.14398943196829594,
1274233,20211005900577,00276083,피노,033790,주권매매거래정지기간변경(개선기간 부여),2021-10-05,KOSDAQ,829.0,829.0,829.0,829.0,0.0,0.0,0.0,
1118031,20220523900541,00276083,피노,033790,주권매매거래정지기간변경(상장폐지 사유 발생),2022-05-23,KOSDAQ,829.0,829.0,829.0,829.0,0.0,0.0,0.0,
1093283,20220711900621,00276083,피노,033790,주권매매거래정지기간변경(개선기간 부여),2022-07-11,KOSDAQ,829.0,829.0,829.0,829.0,0.0,0.0,0.0,
950234,20230329902858,00276083,피노,033790,주권매매거래정지해제(상장유지 결정),2023-03-29,KOSDAQ,829.0,1273.0,1199.0,1716.0,0.5355850422195416,0.4463208685162847,1.0699638118214718,
750709,20240219900915,00276083,피노,033790,주권매매거래정지              (중요한 영업정지),2024-02-19,KOSDAQ,1340.0,1248.0,1264.0,1317.0,-0.06865671641791049,-0.05671641791044779,-0.01716417910447765,
573183,20241008900283,00276083,피노,033790,주권매매거래정지              (단일판매공급계약),2024-10-08,KOSDAQ,9040.0,8930.0,8700.0,8490.0,-0.012168141592920345,-0.03761061946902655,-0.060840707964601726,
527156,20250103900167,00276083,피노,033790,주권매매거래정지              (단일판매공급계약),2025-01-03,KOSDAQ,5410.0,5470.0,5500.0,4955.0,0.01109057301293892,0.01663585951940849,-0.08410351201478738,
472963,20250319901168,00276083,피노,033790,주권매매거래정지              (단일판매공급계약),2025-03-19,KOSDAQ,5810.0,6040.0,5810.0,5680.0,0.03958691910499135,0.0,-0.022375215146299476,
1274182,20211005900601,00479705,케스피온,079190,주권매매거래정지해제(상장유지 결정),2021-10-05,KOSDAQ,6210.0,4380.0,3910.0,3790.0,-0.2946859903381642,-0.37037037037037035,-0.38969404186795487,
49360,20260406901033,00479705,케스피온,079190,"주권매매거래정지              (주식의 병합, 분할 등 전자등록 변경, 말소)",2026-04-06,KOSDAQ,722.0,650.0,660.0,660.0,-0.09972299168975074,-0.08587257617728528,-0.08587257617728528,
16908,20260430901120,00479705,케스피온,079190,주권매매거래정지해제              (액면병합 주권 변경상장),2026-04-30,KOSDAQ,660.0,858.0,1115.0,1023.0,0.30000000000000004,0.6893939393939394,0.55,
129842,20260528900969,00479705,케스피온,079190,주권매매거래정지              (자본감소),2026-05-28,KOSDAQ,890.0,798.0,751.0,744.0,-0.10337078651685394,-0.15617977528089888,-0.16404494382022472,
1273428,20211006800735,00107598,남양유업,003920,매매거래정지및정지해제(불성실공시),2021-10-06,KOSPI,39170.0,39170.0,40661.0,40164.0,0.0,0.038064845545060066,0.02537656369670671,
1273759,20211006900362,01061497,FSN,214270,"주권매매거래정지(주식의 병합, 분할 등 전자등록 변경, 말소)",2021-10-06,KOSDAQ,4990.0,4990.0,4935.0,4935.0,0.0,-0.011022044088176308,-0.011022044088176308,
1261837,20211105900542,01061497,FSN,214270,주권매매거래정지해제(액면병합 주권 변경상장),2021-11-05,KOSDAQ,4935.0,5450.0,6800.0,7640.0,0.1043566362715298,0.3779128672745693,0.5481256332320161,
1273006,20211007800392,01267170,SK케미칼,285130,매매거래정지및정지해제(중요내용공시),2021-10-07,KOSPI,194489.0,200494.0,208834.0,213838.0,0.030875782177912425,0.07375738473641191,0.09948634627151143,
1272687,20211008900126,01050738,솔트룩스,304100,주권매매거래정지(무상증자),2021-10-08,KOSDAQ,13948.0,13497.0,13247.0,14249.0,-0.032334384858044185,-0.05025810151993115,0.021580154860912026,
1271748,20211012800338,00248974,하나제약,293480,매매거래정지및정지해제(중요내용공시),2021-10-12,KOSPI,20250.0,20850.0,20500.0,20650.0,0.029629629629629672,0.012345679012345734,0.01975308641975304,
1270936,20211013800544,00248974,하나제약,293480,매매거래정지및정지해제(중요내용공시),2021-10-13,KOSPI,20850.0,20500.0,20650.0,20800.0,-0.016786570743405282,-0.00959232613908878,-0.0023980815347721673,
1270790,20211014900054,01407909,원텍,336570,주권매매거래정지(SPAC 합병(예비심사청구대상)),2021-10-14,KOSDAQ,3525.0,3525.0,3525.0,3525.0,0.0,0.0,0.0,
1163359,20220331903082,01407909,원텍,336570,주권매매거래정지해제(상장예비심사결과 통지(승인)),2022-03-31,KOSDAQ,3525.0,4580.0,4370.0,4620.0,0.29929078014184407,0.2397163120567376,0.3106382978723403,
1270654,20211014900183,00172945,동일스틸럭스,023790,주권매매거래정지(무상증자),2021-10-14,KOSDAQ,11000.0,10294.0,10624.0,10344.0,-0.06418181818181823,-0.0341818181818182,-0.0596363636363636,
756040,20240213900593,00172945,동일스틸럭스,023790,주권매매거래정지              (관리종목지정우려),2024-02-13,KOSDAQ,2469.0,1909.0,1907.0,1891.0,-0.22681247468610777,-0.22762251923855814,-0.23410287565816124,
22311,20260424900820,00172945,동일스틸럭스,023790,"주권매매거래정지              (주식의 병합, 분할 등 전자등록 변경, 말소)",2026-04-24,KOSDAQ,2508.0,2275.0,2500.0,2500.0,-0.09290271132376393,-0.0031897926634768536,-0.0031897926634768536,
2963,20260522900709,00172945,동일스틸럭스,023790,주권매매거래정지해제              (액면병합 주권 변경상장),2026-05-22,KOSDAQ,2500.0,2245.0,2055.0,1476.0,-0.10199999999999998,-0.17800000000000005,-0.40959999999999996,
1269221,20211019900060,01158553,켄코아에어로스페이스,274090,주권매매거래정지(단일판매공급계약),2021-10-19,KOSDAQ,16300.0,15600.0,15500.0,14300.0,-0.042944785276073594,-0.049079754601227044,-0.12269938650306744,
1268692,20211020900185,00118284,동일금속,109860,주권매매거래정지(무상증자),2021-10-20,KOSDAQ,13297.0,13682.0,13644.0,14338.0,0.028953899375798953,0.02609611190494099,0.07828833571482297,
875984,20230614900506,00118284,동일금속,109860,주권매매거래정지,2023-06-14,KOSDAQ,21700.0,21700.0,21700.0,21700.0,0.0,0.0,0.0,
867577,20230630901196,00118284,동일금속,109860,주권매매거래정지해제,2023-06-30,KOSDAQ,21700.0,15200.0,12200.0,11570.0,-0.2995391705069125,-0.4377880184331797,-0.46682027649769586,
1267944,20211021800409,01205842,HD건설기계,267270,매매거래정지및정지해제(중요내용공시),2021-10-21,KOSPI,39650.0,41800.0,41250.0,41800.0,0.05422446406052961,0.04035308953341743,0.05422446406052961,
373967,20250701800423,01205842,HD건설기계,267270,매매거래정지및정지해제(중요내용공시),2025-07-01,KOSPI,75500.0,87000.0,83800.0,75200.0,0.15231788079470188,0.10993377483443711,-0.003973509933774877,
1268284,20211021900062,00199252,HLB,028300,주권매매거래정지(우회상장여부 및 요건충족확인),2021-10-21,KOSDAQ,43188.0,42291.0,41574.0,38299.0,-0.020769658238399602,-0.03737149208113366,-0.11320274150226917,
1267888,20211021900489,00199252,HLB,028300,주권매매거래정지해제(우회상장 미해당),2021-10-21,KOSDAQ,43188.0,42291.0,41574.0,38299.0,-0.020769658238399602,-0.03737149208113366,-0.11320274150226917,
1267711,20211022900191,01042979,휴마시스,205470,주권매매거래정지(단일판매공급계약),2021-10-22,KOSDAQ,22285.0,21630.0,21890.0,21105.0,-0.02939196769127217,-0.017724927080996156,-0.052950415077406277,
1233999,20211227900515,01042979,휴마시스,205470,주권매매거래정지(단일판매공급계약),2021-12-27,KOSDAQ,21630.0,21630.0,21890.0,21955.0,0.0,0.012020342117429417,0.015025427646786937,
1221604,20220124900345,01042979,휴마시스,205470,주권매매거래정지(단일판매공급계약),2022-01-24,KOSDAQ,22875.0,24970.0,26875.0,45225.0,0.09158469945355185,0.17486338797814205,0.9770491803278689,
1172776,20220328900511,01042979,휴마시스,205470,주권매매거래정지(단일판매공급계약),2022-03-28,KOSDAQ,24580.0,24315.0,24055.0,23070.0,-0.010781122864117143,-0.021358828315703793,-0.061432058584214855,
973511,20230310900602,01042979,휴마시스,205470,주권매매거래정지(무상증자),2023-03-10,KOSDAQ,22715.0,25365.0,23505.0,22755.0,0.11666299801893021,0.034778780541492305,0.0017609509134932644,
39018,20260409900964,01042979,휴마시스,205470,"주권매매거래정지              (주식의 병합, 분할 등 전자등록 변경, 말소)",2026-04-09,KOSDAQ,4070.0,4075.0,4005.0,4005.0,0.0012285012285011554,-0.01597051597051602,-0.01597051597051602,
13591,20260508901068,01042979,휴마시스,205470,주권매매거래정지해제              (액면병합 주권 변경상장),2026-05-08,KOSDAQ,4005.0,3920.0,3915.0,3990.0,-0.02122347066167296,-0.022471910112359605,-0.0037453183520599342,
1267400,20211022900537,00627029,DGI,099520,주권매매거래정지기간변경(상장적격성 실질심사대상(사유발생)),2021-10-22,KOSDAQ,1284.0,1284.0,1284.0,1284.0,0.0,0.0,0.0,
1224779,20220114900648,00627029,DGI,099520,주권매매거래정지기간변경(회생절차 개시신청),2022-01-14,KOSDAQ,1284.0,1284.0,1284.0,1284.0,0.0,0.0,0.0,
1207168,20220222900275,00627029,DGI,099520,주권매매거래정지기간변경(회생절차 개시결정),2022-02-22,KOSDAQ,1284.0,1284.0,1284.0,1284.0,0.0,0.0,0.0,
1176395,20220323902055,00627029,DGI,099520,주권매매거래정지기간변경(상장폐지 사유 발생),2022-03-23,KOSDAQ,1284.0,1284.0,1284.0,1284.0,0.0,0.0,0.0,
1089630,20220720900501,00627029,DGI,099520,주권매매거래정지기간변경(회생절차 개시신청),2022-07-20,KOSDAQ,1284.0,1284.0,1284.0,1284.0,0.0,0.0,0.0,
1078037,20220816900866,00627029,DGI,099520,주권매매거래정지기간변경(상장폐지 사유 발생),2022-08-16,KOSDAQ,1284.0,1284.0,1284.0,1284.0,0.0,0.0,0.0,
1070977,20220829900302,00627029,DGI,099520,주권매매거래정지기간변경(회생절차 개시결정),2022-08-29,KOSDAQ,1284.0,1284.0,1284.0,1284.0,0.0,0.0,0.0,
1065320,20220906900533,00627029,DGI,099520,주권매매거래정지기간변경(개선기간 부여),2022-09-06,KOSDAQ,1284.0,1284.0,1284.0,1284.0,0.0,0.0,0.0,
980757,20230228901828,00627029,DGI,099520,주권매매거래정지기간변경(상장폐지 사유 일부해소 및 개선기간 부여),2023-02-28,KOSDAQ,1284.0,1284.0,1284.0,1284.0,0.0,0.0,0.0,
980758,20230228901850,00627029,DGI,099520,기타시장안내(감사의견 관련 형식적 상장폐지 사유 일부해소 및 매매거래정지 지속 안내 ),2023-02-28,KOSDAQ,1284.0,1284.0,1284.0,1284.0,0.0,0.0,0.0,
948079,20230330902473,00627029,DGI,099520,주권매매거래정지기간변경(상장폐지 사유 발생),2023-03-30,KOSDAQ,1284.0,1284.0,1284.0,1284.0,0.0,0.0,0.0,
855741,20230728900554,00627029,DGI,099520,기타시장안내(형식적 상장폐지 사유 일부해소 및 매매거래정지 지속 안내),2023-07-28,KOSDAQ,1284.0,1284.0,1284.0,1284.0,0.0,0.0,0.0,
855739,20230728900558,00627029,DGI,099520,주권매매거래정지기간변경(상장폐지 사유 일부해소 및 개선기간 부여),2023-07-28,KOSDAQ,1284.0,1284.0,1284.0,1284.0,0.0,0.0,0.0,
823486,20230926900835,00627029,DGI,099520,기타시장안내(형식적 상장폐지 사유 해소 및 매매거래정지 지속 안내),2023-09-26,KOSDAQ,1284.0,1284.0,1284.0,1284.0,0.0,0.0,0.0,
823485,20230926900837,00627029,DGI,099520,주권매매거래정지기간변경(상장폐지 사유 해소),2023-09-26,KOSDAQ,1284.0,1284.0,1284.0,1284.0,0.0,0.0,0.0,
801569,20231114903300,00627029,DGI,099520,주권매매거래정지기간변경(상장적격성 실질심사 대상 결정),2023-11-14,KOSDAQ,1284.0,1284.0,1284.0,1284.0,0.0,0.0,0.0,
776773,20231228901118,00627029,DGI,099520,주권매매거래정지기간변경(개선기간 부여),2023-12-28,KOSDAQ,1284.0,1284.0,1284.0,1284.0,0.0,0.0,0.0,
396155,20250520900577,00627029,DGI,099520,주권매매거래정지기간변경              (개선기간 부여),2025-05-20,KOSDAQ,1284.0,1284.0,1284.0,1284.0,0.0,0.0,0.0,
12670,20260511900985,00627029,DGI,099520,주권매매거래정지기간변경              (상장폐지사유 발생),2026-05-11,KOSDAQ,1284.0,1284.0,1284.0,1284.0,0.0,0.0,0.0,
1267368,20211022900582,00808068,앤로보틱스,138360,주권매매거래정지기간변경(상장폐지 사유 발생),2021-10-22,KOSDAQ,4480.0,4480.0,4480.0,4480.0,0.0,0.0,0.0,
1242424,20211210900672,00808068,앤로보틱스,138360,주권매매거래정지기간변경(개선기간 부여),2021-12-10,KOSDAQ,4480.0,4480.0,4480.0,4480.0,0.0,0.0,0.0,
1001980,20230126900691,00808068,앤로보틱스,138360,주권매매거래정지해제(상장유지 결정),2023-01-26,KOSDAQ,4480.0,2110.0,2150.0,1806.0,-0.5290178571428572,-0.5200892857142857,-0.596875,
1267360,20211022900614,00143226,엠투엔,033310,주권매매거래정지(풍문 또는 보도 관련),2021-10-22,KOSDAQ,12750.0,12750.0,12250.0,9890.0,0.0,-0.039215686274509776,-0.22431372549019613,
1266839,20211025900508,00143226,엠투엔,033310,주권매매거래정지해제(풍문 등 조회결과 공시),2021-10-25,KOSDAQ,12750.0,12250.0,11400.0,10000.0,-0.039215686274509776,-0.10588235294117643,-0.21568627450980393,
1225014,20220114900319,00143226,엠투엔,033310,주권매매거래정지(풍문 또는 보도 관련),2022-01-14,KOSDAQ,13050.0,13050.0,11600.0,6440.0,0.0,-0.11111111111111116,-0.5065134099616858,
1224320,20220117900749,00143226,엠투엔,033310,주권매매거래정지해제(풍문 등 조회결과 공시),2022-01-17,KOSDAQ,13050.0,11600.0,8150.0,6430.0,-0.11111111111111116,-0.3754789272030651,-0.50727969348659,
1267147,20211025900177,00694942,이미지스,115610,주권매매거래정지(무상증자),2021-10-25,KOSDAQ,3816.0,3520.0,3416.0,3588.0,-0.07756813417190778,-0.10482180293501053,-0.05974842767295596,
49361,20260406901064,00694942,이미지스,115610,"주권매매거래정지              (주식의 병합, 분할 등 전자등록 변경, 말소)",2026-04-06,KOSDAQ,2477.0,2407.0,2680.0,2680.0,-0.0282599919257166,0.08195397658457804,0.08195397658457804,
19229,20260429900982,00694942,이미지스,115610,주권매매거래정지해제              (액면병합 주권 변경상장),2026-04-29,KOSDAQ,2680.0,3065.0,2920.0,2875.0,0.14365671641791056,0.08955223880597019,0.0727611940298507,
1267125,20211025900211,00205003,좋은사람들,033340,주권매매거래정지기간변경(회생절차 개시신청 사유 해소),2021-10-25,KOSDAQ,1797.0,1797.0,1797.0,1797.0,0.0,0.0,0.0,
1254981,20211116900506,00205003,좋은사람들,033340,주권매매거래정지기간변경(회생절차 개시신청),2021-11-16,KOSDAQ,1797.0,1797.0,1797.0,1797.0,0.0,0.0,0.0,
1180618,20220321900818,00205003,좋은사람들,033340,주권매매거래정지기간변경(풍문 또는 보도 관련),2022-03-21,KOSDAQ,1797.0,1797.0,1797.0,1797.0,0.0,0.0,0.0,
1178438,20220322901285,00205003,좋은사람들,033340,주권매매거래정지기간변경(상장폐지 사유 발생),2022-03-22,KOSDAQ,1797.0,1797.0,1797.0,1797.0,0.0,0.0,0.0,
1120196,20220517900247,00205003,좋은사람들,033340,주권매매거래정지기간변경(회생절차 개시 결정),2022-05-17,KOSDAQ,1797.0,1797.0,1797.0,1797.0,0.0,0.0,0.0,
1076771,20220816902146,00205003,좋은사람들,033340,주권매매거래정지기간변경(상장폐지 사유 발생),2022-08-16,KOSDAQ,1797.0,1797.0,1797.0,1797.0,0.0,0.0,0.0,
1065316,20220906900535,00205003,좋은사람들,033340,주권매매거래정지기간변경(개선기간 부여),2022-09-06,KOSDAQ,1797.0,1797.0,1797.0,1797.0,0.0,0.0,0.0,
1032899,20221123900442,00205003,좋은사람들,033340,주권매매거래정지기간변경(상장폐지 사유 일부해소 및 개선기간 부여),2022-11-23,KOSDAQ,1797.0,1797.0,1797.0,1797.0,0.0,0.0,0.0,
1032900,20221123900452,00205003,좋은사람들,033340,기타시장안내(감사의견 관련 형식적 상장폐지 사유 일부해소 및 매매거래정지 지속 안내 ),2022-11-23,KOSDAQ,1797.0,1797.0,1797.0,1797.0,0.0,0.0,0.0,
957127,20230323902202,00205003,좋은사람들,033340,기타시장안내(감사의견 관련 형식적 상장폐지 사유해소 및 매매거래정지 지속안내),2023-03-23,KOSDAQ,1797.0,1797.0,1797.0,1797.0,0.0,0.0,0.0,
957126,20230323902205,00205003,좋은사람들,033340,주권매매거래정지기간변경(상장폐지 사유 해소),2023-03-23,KOSDAQ,1797.0,1797.0,1797.0,1797.0,0.0,0.0,0.0,
897336,20230508900533,00205003,좋은사람들,033340,주권매매거래정지기간변경(상장적격성 실질심사 대상 결정),2023-05-08,KOSDAQ,1797.0,1797.0,1797.0,1797.0,0.0,0.0,0.0,
871104,20230626900530,00205003,좋은사람들,033340,주권매매거래정지기간변경(개선기간 부여),2023-06-26,KOSDAQ,1797.0,1797.0,1797.0,1797.0,0.0,0.0,0.0,
613177,20240724900605,00205003,좋은사람들,033340,주권매매거래정지해제              (상장유지 결정),2024-07-24,KOSDAQ,1797.0,1341.0,1449.0,1371.0,-0.25375626043405675,-0.19365609348914858,-0.23706176961602676,
1265282,20211028900521,01274310,이오플로우,294090,주권매매거래정지(무상증자),2021-10-28,KOSDAQ,25576.0,23832.0,24101.0,26873.0,-0.06818892711917424,-0.05767125430090714,0.0507116046293401,
819606,20231010900838,01274310,이오플로우,294090,주권매매거래정지(투자자 보호),2023-10-10,KOSDAQ,20355.0,20355.0,20355.0,20355.0,0.0,0.0,0.0,
819068,20231011900494,01274310,이오플로우,294090,주권매매거래정지기간변경(상장적격성 실질심사 대상(사유발생)),2023-10-11,KOSDAQ,20355.0,20355.0,20355.0,20355.0,0.0,0.0,0.0,
800921,20231115900593,01274310,이오플로우,294090,주권매매거래정지해제(상장적격성 실질심사 대상 제외 결정),2023-11-15,KOSDAQ,20355.0,15074.0,14351.0,13095.0,-0.2594448538442643,-0.2949643822156718,-0.35666912306558585,
478399,20250314900614,01274310,이오플로우,294090,주권매매거래정지              (관리종목지정우려),2025-03-14,KOSDAQ,1773.0,1600.0,1553.0,1490.0,-0.09757473209249856,-0.1240834743372814,-0.15961646926113926,
468829,20250321901828,01274310,이오플로우,294090,주권매매거래정지              (풍문 또는 보도 관련),2025-03-21,KOSDAQ,1490.0,1490.0,1490.0,1490.0,0.0,0.0,0.0,
468400,20250321902379,01274310,이오플로우,294090,주권매매거래정지기간변경              (상장폐지 사유 발생),2025-03-21,KOSDAQ,1490.0,1490.0,1490.0,1490.0,0.0,0.0,0.0,
458523,20250328903779,01274310,이오플로우,294090,주권매매거래정지기간변경              (개선기간 부여),2025-03-28,KOSDAQ,1490.0,1490.0,1490.0,1490.0,0.0,0.0,0.0,
75980,20260327903332,01274310,이오플로우,294090,주권매매거래정지기간변경              (상장폐지 사유 발생),2026-03-27,KOSDAQ,1490.0,1490.0,1490.0,1490.0,0.0,0.0,0.0,
8038,20260515901414,01274310,이오플로우,294090,주권매매거래정지기간변경              (상장적격성 실질심사 대상(사유발생)),2026-05-15,KOSDAQ,1490.0,1490.0,1490.0,1490.0,0.0,0.0,0.0,
1264824,20211029800230,00154055,태원물산,001420,매매거래정지및정지해제(중요내용공시),2021-10-29,KOSPI,5360.0,5270.0,5440.0,5400.0,-0.016791044776119368,0.014925373134328401,0.00746268656716409,
1264699,20211029900360,00122205,졸스,018700,주권매매거래정지(우회상장여부 및 요건충족확인),2021-10-29,KOSDAQ,12667.0,13403.0,13073.0,11991.0,0.05810373411226011,0.032051788110839086,-0.053367016657456356,
1264303,20211029900765,00122205,졸스,018700,주권매매거래정지해제(우회상장 미해당),2021-10-29,KOSDAQ,12667.0,13403.0,13073.0,11991.0,0.05810373411226011,0.032051788110839086,-0.053367016657456356,
97765,20260312901945,00122205,졸스,018700,주권매매거래정지              (자본감소),2026-03-12,KOSDAQ,1962.0,1689.0,1637.0,1667.0,-0.13914373088685017,-0.16564729867482164,-0.15035677879714582,
42618,20260408900989,00122205,졸스,018700,"주권매매거래정지              (주식의 병합, 분할 등 전자등록 변경, 말소)",2026-04-08,KOSDAQ,1589.0,1502.0,1686.0,1686.0,-0.05475141598489619,0.06104468219005654,0.06104468219005654,
14644,20260507900894,00122205,졸스,018700,주권매매거래정지해제              (감자 주권 변경상장),2026-05-07,KOSDAQ,1686.0,1686.0,1686.0,1652.0,0.0,0.0,-0.02016607354685651,
1264024,20211101900267,01311055,쿠콘,294570,주권매매거래정지(무상증자),2021-11-01,KOSDAQ,66996.0,66916.0,66676.0,66596.0,-0.0011941011403665547,-0.00477640456146633,-0.0059705057018329954,
1263395,20211102800401,00126414,삼성제약,001360,매매거래정지및정지해제(중요내용공시),2021-11-02,KOSPI,5357.0,4707.0,4707.0,4689.0,-0.12133656897517264,-0.12133656897517264,-0.12469665857756207,
1262370,20211104900635,01063884,솔디펜스,215090,주권매매거래정지(풍문 또는 보도 관련),2021-11-04,KOSDAQ,8650.0,8650.0,9000.0,9090.0,0.0,0.040462427745664664,0.05086705202312136,
1261645,20211105900772,01063884,솔디펜스,215090,주권매매거래정지해제(풍문 등 조회결과 공시),2021-11-05,KOSDAQ,8650.0,9000.0,8880.0,9065.0,0.040462427745664664,0.026589595375722475,0.04797687861271682,
1214935,20220209900080,01063884,솔디펜스,215090,주권매매거래정지(풍문 또는 보도 관련),2022-02-09,KOSDAQ,7000.0,7000.0,7000.0,7000.0,0.0,0.0,0.0,
1213180,20220210901408,01063884,솔디펜스,215090,주권매매거래정지기간변경,2022-02-10,KOSDAQ,7000.0,7000.0,7000.0,7000.0,0.0,0.0,0.0,
1208241,20220218900976,01063884,솔디펜스,215090,주권매매거래정지기간변경(상장적격성 실질심사 대상(사유발생)),2022-02-18,KOSDAQ,7000.0,7000.0,7000.0,7000.0,0.0,0.0,0.0,
1178130,20220322901681,01063884,솔디펜스,215090,주권매매거래정지기간변경(상장폐지 사유 발생),2022-03-22,KOSDAQ,7000.0,7000.0,7000.0,7000.0,0.0,0.0,0.0,
957133,20230323902174,01063884,솔디펜스,215090,주권매매거래정지기간변경(상장폐지 사유 발생),2023-03-23,KOSDAQ,7000.0,7000.0,7000.0,7000.0,0.0,0.0,0.0,
778796,20231226900589,01063884,솔디펜스,215090,기타시장안내(형식적 상장폐지 사유 해소 및 매매거래정지 지속 안내),2023-12-26,KOSDAQ,7000.0,7000.0,7000.0,7000.0,0.0,0.0,0.0,
778795,20231226900590,01063884,솔디펜스,215090,주권매매거래정지기간변경(상장폐지 사유 해소),2023-12-26,KOSDAQ,7000.0,7000.0,7000.0,7000.0,0.0,0.0,0.0,
758090,20240207901554,01063884,솔디펜스,215090,주권매매거래정지기간변경              (상장적격성 실질심사 대상 결정),2024-02-07,KOSDAQ,7000.0,7000.0,7000.0,7000.0,0.0,0.0,0.0,
709149,20240328903739,01063884,솔디펜스,215090,주권매매거래정지기간변경              (개선기간 부여),2024-03-28,KOSDAQ,7000.0,7000.0,7000.0,7000.0,0.0,0.0,0.0,
404220,20250508900750,01063884,솔디펜스,215090,주권매매거래정지해제              (상장유지 결정),2025-05-08,KOSDAQ,7000.0,5620.0,5335.0,5140.0,-0.19714285714285718,-0.23785714285714288,-0.2657142857142857,
338417,20250903900470,01063884,솔디펜스,215090,"주권매매거래정지              (주식의 병합, 분할 등 전자등록 변경, 말소)",2025-09-03,KOSDAQ,3735.0,3725.0,3695.0,3695.0,-0.0026773761713521083,-0.010709504685408322,-0.010709504685408322,
329623,20250925900648,01063884,솔디펜스,215090,주권매매거래정지해제              (액면병합 주권 변경상장),2025-09-25,KOSDAQ,3695.0,3585.0,3555.0,3305.0,-0.02976995940460081,-0.0378890392422192,-0.10554803788903921,
1261223,20211108900434,00609634,아이엠,101390,주권매매거래정지(자본감소),2021-11-08,KOSDAQ,9272.0,6490.0,5876.0,6450.0,-0.3000431406384815,-0.3662640207075065,-0.3043572044866264,
1245622,20211202900505,00609634,아이엠,101390,"주권매매거래정지(주식의 병합, 분할 등 전자등록 변경, 말소)",2021-12-02,KOSDAQ,6168.0,6128.0,6430.0,6430.0,-0.006485084306095956,0.042477302204928735,0.042477302204928735,
1235178,20211223900813,00609634,아이엠,101390,주권매매거래정지해제(감자 주권 변경상장),2021-12-23,KOSDAQ,6430.0,6430.0,6430.0,6780.0,0.0,0.0,0.05443234836702948,
500250,20250221900994,00609634,아이엠,101390,주권매매거래정지              (관리종목지정우려),2025-02-21,KOSDAQ,1168.0,1022.0,897.0,925.0,-0.125,-0.23202054794520544,-0.20804794520547942,
432863,20250407901069,00609634,아이엠,101390,주권매매거래정지              (풍문 또는 보도 관련),2025-04-07,KOSDAQ,396.0,396.0,396.0,396.0,0.0,0.0,0.0,
432563,20250407901275,00609634,아이엠,101390,주권매매거래정지기간변경              (상장폐지 사유 발생),2025-04-07,KOSDAQ,396.0,396.0,396.0,396.0,0.0,0.0,0.0,
432525,20250407901342,00609634,아이엠,101390,주권매매거래정지기간변경              (상장적격성 실질심사 대상(사유발생)),2025-04-07,KOSDAQ,396.0,396.0,396.0,396.0,0.0,0.0,0.0,
408929,20250428900909,00609634,아이엠,101390,주권매매거래정지기간변경              (개선기간 부여),2025-04-28,KOSDAQ,396.0,396.0,396.0,396.0,0.0,0.0,0.0,
395085,20250522900464,00609634,아이엠,101390,주권매매거래정지기간변경              (상장적격성 실질심사 대상 결정),2025-05-22,KOSDAQ,396.0,396.0,396.0,396.0,0.0,0.0,0.0,
368627,20250714900603,00609634,아이엠,101390,주권매매거래정지기간변경              (상장폐지 사유 발생),2025-07-14,KOSDAQ,396.0,396.0,396.0,396.0,0.0,0.0,0.0,
339868,20250829900966,00609634,아이엠,101390,주권매매거래정지해제              (상장폐지에 따른 정리매매 개시),2025-08-29,KOSDAQ,396.0,396.0,396.0,396.0,0.0,0.0,0.0,
339474,20250901900514,00609634,아이엠,101390,주권매매거래정지              (투자자 보호),2025-09-01,KOSDAQ,396.0,396.0,396.0,396.0,0.0,0.0,0.0,
115693,20260618900762,00609634,아이엠,101390,주권매매거래정지해제              (상장폐지에 따른 정리매매 개시),2026-06-18,KOSDAQ,396.0,396.0,45.0,51.0,0.0,-0.8863636363636364,-0.8712121212121212,
1261188,20211108900477,01170962,GRT,900290,기타시장안내(감사의견 관련 형식적 상장폐지 사유해소 및 매매거래정지 지속 안내),2021-11-08,KOSDAQ,1500.0,1500.0,1500.0,1500.0,0.0,0.0,0.0,
1261187,20211108900480,01170962,GRT,900290,주권매매거래정지기간변경(형식적 상장폐지 사유해소 및 상장적격성 실질심사대상(사유발생)),2021-11-08,KOSDAQ,1500.0,1500.0,1500.0,1500.0,0.0,0.0,0.0,
1245546,20211202900583,01170962,GRT,900290,주권매매거래정지해제(상장적격성 실질심사 대상 제외 결정),2021-12-02,KOSDAQ,1500.0,1415.0,1320.0,1255.0,-0.05666666666666664,-0.12,-0.16333333333333333,
580310,20240919900434,01170962,GRT,900290,주권매매거래정지              (주식배당),2024-09-19,KOSDAQ,4000.0,4025.0,3900.0,3870.0,0.006250000000000089,-0.025000000000000022,-0.03249999999999997,
1260157,20211110800493,00113207,대한전선,001440,매매거래정지및정지해제(중요내용공시),2021-11-10,KOSPI,18840.0,16460.0,15733.0,16596.0,-0.1263269639065817,-0.16491507430997876,-0.11910828025477704,
1260463,20211110900171,00888347,휴젤,145020,주권매매거래정지(풍문 또는 보도 관련),2021-11-10,KOSDAQ,145900.0,130000.0,137500.0,144700.0,-0.10897875257025358,-0.05757368060315282,-0.008224811514736086,
1259847,20211111900155,00888347,휴젤,145020,주권매매거래정지해제(풍문 등 조회결과 공시),2021-11-11,KOSDAQ,130000.0,137500.0,142400.0,142000.0,0.05769230769230771,0.0953846153846154,0.0923076923076922,
1259588,20211111900474,00892526,디케이앤디,263020,주권매매거래정지(무상증자),2021-11-11,KOSDAQ,4395.0,5700.0,5850.0,6425.0,0.29692832764505117,0.33105802047781574,0.46188850967007955,
1259573,20211111900478,00357740,NHN KCP,060250,주권매매거래정지(무상증자),2021-11-11,KOSDAQ,39191.0,36990.0,36439.0,36072.0,-0.05616085325712539,-0.0702202036181776,-0.07958459850475874,
1257205,20211115900908,01014718,제노코,361390,주권매매거래정지(무상증자),2021-11-15,KOSDAQ,26219.0,34058.0,35025.0,45299.0,0.2989816545253443,0.3358633052366604,0.7277165414394142,
1256065,20211115902027,00813389,베셀,177350,주권매매거래정지(상장적격성 실질심사 대상(사유발생)),2021-11-15,KOSDAQ,6998.0,6998.0,6998.0,6998.0,0.0,0.0,0.0,
1243734,20211208900335,00813389,베셀,177350,주권매매거래정지해제(상장적격성 실질심사 대상 제외 결정),2021-12-08,KOSDAQ,6998.0,6178.0,5739.0,5459.0,-0.1171763360960274,-0.17990854529865674,-0.21991997713632472,
827864,20230915900564,00813389,베셀,177350,주권매매거래정지(무상증자),2023-09-15,KOSDAQ,5020.0,4655.0,4410.0,3796.0,-0.07270916334661359,-0.12151394422310757,-0.24382470119521915,
812793,20231026900741,00813389,베셀,177350,주권매매거래정지(불성실공시법인 지정),2023-10-26,KOSDAQ,2842.0,2842.0,2502.0,2442.0,0.0,-0.11963406052075998,-0.14074595355383535,
564212,20241030900367,00813389,베셀,177350,주권매매거래정지              (자본감소),2024-10-30,KOSDAQ,1458.0,1238.0,1098.0,1128.0,-0.15089163237311387,-0.24691358024691357,-0.22633744855967075,
535035,20241217900588,00813389,베셀,177350,"주권매매거래정지              (주식의 병합, 분할 등 전자등록 변경, 말소)",2024-12-17,KOSDAQ,1058.0,1068.0,1009.0,1009.0,0.00945179584120992,-0.046313799621928164,-0.046313799621928164,
521436,20250117900488,00813389,베셀,177350,주권매매거래정지해제              (감자 주권 변경상장),2025-01-17,KOSDAQ,1009.0,1009.0,1009.0,1126.0,0.0,0.0,0.11595639246778999,
1254862,20211117900168,01309795,알로이스,297570,주권매매거래정지(무상증자),2021-11-17,KOSDAQ,3656.0,3506.0,3566.0,3315.0,-0.041028446389496764,-0.024617067833697992,-0.09327133479212257,
1254225,20211118900480,01185566,휴엠앤씨,263920,주권매매거래정지기간변경(상장폐지사유 발생),2021-11-18,KOSDAQ,14520.0,14520.0,14520.0,14520.0,0.0,0.0,0.0,
1228843,20220105900663,01185566,휴엠앤씨,263920,주권매매거래정지기간변경(개선기간 부여),2022-01-05,KOSDAQ,14520.0,14520.0,14520.0,14520.0,0.0,0.0,0.0,
1053602,20221007900636,01185566,휴엠앤씨,263920,주권매매거래정지해제(상장유지 결정),2022-10-07,KOSDAQ,14520.0,10186.0,7147.0,6301.0,-0.29848484848484846,-0.5077823691460055,-0.5660468319559229,
616555,20240716900419,01185566,휴엠앤씨,263920,주권매매거래정지              (영업양수도),2024-07-16,KOSDAQ,5554.0,5603.0,5489.0,5578.0,0.008822470291681705,-0.01170327691753692,0.004321209938782822,
402444,20250513900420,01185566,휴엠앤씨,263920,주권매매거래정지              (자본감소),2025-05-13,KOSDAQ,4283.0,4786.0,4931.0,4747.0,0.1174410459957973,0.15129582068643477,0.10833527901003959,
365726,20250722900262,01185566,휴엠앤씨,263920,"주권매매거래정지              (주식의 병합, 분할 등 전자등록 변경, 말소)",2025-07-22,KOSDAQ,5200.0,5055.0,5290.0,5290.0,-0.027884615384615397,0.017307692307692246,0.017307692307692246,
350663,20250814901875,01185566,휴엠앤씨,263920,주권매매거래정지해제              (감자 주권 변경상장),2025-08-14,KOSDAQ,5290.0,5290.0,5290.0,4380.0,0.0,0.0,-0.17202268431001888,
1254044,20211119900128,00554352,아이큐어,175250,주권매매거래정지(무상증자),2021-11-19,KOSDAQ,16420.0,17315.0,16191.0,15753.0,0.054506699147381266,-0.013946406820950052,-0.04062119366626071,
1061498,20220919900395,00554352,아이큐어,175250,주권매매거래정지(무상증자),2022-09-19,KOSDAQ,7359.0,5155.0,4846.0,4287.0,-0.29949721429542053,-0.34148661502921596,-0.4174480228291888,
359082,20250805900132,00554352,아이큐어,175250,주권매매거래정지              (상장적격성 실질심사 대상 (사유발생)),2025-08-05,KOSDAQ,2170.0,2170.0,2170.0,2170.0,0.0,0.0,0.0,
333029,20250917900464,00554352,아이큐어,175250,주권매매거래정지기간변경              (상장적격성 실질심사 대상 결정),2025-09-17,KOSDAQ,2170.0,2170.0,2170.0,2170.0,0.0,0.0,0.0,
310907,20251112900802,00554352,아이큐어,175250,주권매매거래정지기간변경              (개선기간 부여),2025-11-12,KOSDAQ,2170.0,2170.0,2170.0,2170.0,0.0,0.0,0.0,
1253743,20211119900406,00148364,하림지주,003380,"주권매매거래정지(주식교환, 이전)",2021-11-19,KOSDAQ,10050.0,11300.0,10350.0,9720.0,0.12437810945273631,0.029850746268656803,-0.032835820895522394,
1253419,20211122900124,01344831,딥노이드,315640,주권매매거래정지(무상증자),2021-11-22,KOSDAQ,10374.0,9212.0,9458.0,9570.0,-0.11201079622132248,-0.08829766724503563,-0.07750144592249852,
715553,20240325900567,01344831,딥노이드,315640,주권매매거래정지              (무상증자),2024-03-25,KOSDAQ,8344.0,8160.0,7874.0,8261.0,-0.02205177372962608,-0.056327900287631794,-0.009947267497603107,
1253066,20211122900560,00995993,DXVX,180400,주권매매거래정지기간변경(개선기간 부여),2021-11-22,KOSDAQ,7029.0,7029.0,7029.0,7029.0,0.0,0.0,0.0,
954124,20230327901276,00995993,DXVX,180400,주권매매거래정지해제(상장유지 결정),2023-03-27,KOSDAQ,7029.0,5562.0,5501.0,5736.0,-0.2087067861715749,-0.21738511879356948,-0.18395219803670504,
507157,20250213900958,00995993,DXVX,180400,주권매매거래정지              (관리종목지정우려),2025-02-13,KOSDAQ,1870.0,1321.0,1440.0,1667.0,-0.29358288770053476,-0.22994652406417115,-0.10855614973262029,
470874,20250320902091,00995993,DXVX,180400,주권매매거래정지              (관리종목지정사유발생),2025-03-20,KOSDAQ,1966.0,1871.0,1801.0,1832.0,-0.04832146490335709,-0.08392675483214651,-0.06815869786368256,
1252525,20211124900067,01108442,에치에프알,230240,주권매매거래정지(단일판매공급계약),2021-11-24,KOSDAQ,32400.0,31850.0,30500.0,34900.0,-0.016975308641975273,-0.058641975308642014,0.07716049382716039,
1251909,20211125900190,00875237,씨앤투스,352700,주권매매거래정지(무상증자),2021-11-25,KOSDAQ,9217.0,10134.0,10575.0,11458.0,0.09949007269176513,0.14733644352826292,0.24313768037322347,
1251409,20211125900635,00201432,비츠로시스,054220,주권매매거래정지기간변경(상장폐지 사유 발생),2021-11-25,KOSDAQ,22420.0,22420.0,22420.0,22420.0,0.0,0.0,0.0,
1238582,20211216901455,00201432,비츠로시스,054220,주권매매거래정지기간변경(개선기간 부여),2021-12-16,KOSDAQ,22420.0,22420.0,22420.0,22420.0,0.0,0.0,0.0,
1228294,20220106900564,00201432,비츠로시스,054220,기타시장안내(감사의견 관련 형식적 상장폐지 사유해소 및 매매거래정지 지속 안내),2022-01-06,KOSDAQ,22420.0,22420.0,22420.0,22420.0,0.0,0.0,0.0,
1228293,20220106900566,00201432,비츠로시스,054220,주권매매거래정지기간변경(감사의견 관련 형식적 상장폐지 사유해소),2022-01-06,KOSDAQ,22420.0,22420.0,22420.0,22420.0,0.0,0.0,0.0,
1093250,20220711900678,00201432,비츠로시스,054220,주권매매거래정지해제(상장폐지 사유 해소),2022-07-11,KOSDAQ,22420.0,15700.0,12620.0,10590.0,-0.2997323818019625,-0.43710972346119537,-0.5276538804638715,
787171,20231212900136,00201432,비츠로시스,054220,주권매매거래정지(단일판매공급계약),2023-12-12,KOSDAQ,3060.0,2975.0,2875.0,2770.0,-0.02777777777777779,-0.06045751633986929,-0.09477124183006536,
24927,20260421900695,00201432,비츠로시스,054220,"주권매매거래정지              (주식의 병합, 분할 등 전자등록 변경, 말소)",2026-04-21,KOSDAQ,2685.0,2675.0,2740.0,2740.0,-0.003724394785847296,0.020484171322160183,0.020484171322160183,
7699,20260515901779,00201432,비츠로시스,054220,주권매매거래정지해제              (액면병합 주권 변경상장),2026-05-15,KOSDAQ,2740.0,2405.0,2155.0,2235.0,-0.12226277372262773,-0.21350364963503654,-0.18430656934306566,
1251394,20211125900639,00681373,디지캡,197140,주권매매거래정지(풍문 또는 보도 관련),2021-11-25,KOSDAQ,6477.0,6477.0,6477.0,4586.0,0.0,0.0,-0.29195615253975604,
1250895,20211126900219,00681373,디지캡,197140,주권매매거래정지기간변경(풍문사유(채권자에 의한 파산신청설) 미해소),2021-11-26,KOSDAQ,6477.0,6477.0,6477.0,4762.0,0.0,0.0,-0.264783078585765,
1246778,20211130900802,00681373,디지캡,197140,주권매매거래정지해제,2021-11-30,KOSDAQ,6477.0,4558.0,4586.0,4667.0,-0.29627914157789104,-0.29195615253975604,-0.2794503628222943,
1225391,20220113900461,00681373,디지캡,197140,주권매매거래정지(불성실공시법인 지정),2022-01-13,KOSDAQ,4705.0,4705.0,4645.0,4655.0,0.0,-0.012752391073326264,-0.01062699256110522,
521816,20250116900422,00681373,디지캡,197140,주권매매거래정지              (영업양수도),2025-01-16,KOSDAQ,2510.0,2455.0,2410.0,2445.0,-0.021912350597609542,-0.03984063745019917,-0.02589641434262946,
1250482,20211126900572,00643656,위메이드맥스,101730,주권매매거래정지(우회상장여부 및 요건충족확인),2021-11-26,KOSDAQ,41650.0,54100.0,57800.0,58000.0,0.2989195678271308,0.3877551020408163,0.39255702280912375,
1250420,20211126900664,00643656,위메이드맥스,101730,주권매매거래정지해제(우회상장 미해당),2021-11-26,KOSDAQ,41650.0,54100.0,57800.0,58000.0,0.2989195678271308,0.3877551020408163,0.39255702280912375,
583511,20240910900433,00643656,위메이드맥스,101730,"주권매매거래정지              (주식교환, 이전)",2024-09-10,KOSDAQ,11670.0,11200.0,11030.0,10260.0,-0.04027420736932308,-0.054841473864610135,-0.12082262210796912,
1249305,20211129900603,00525882,크레버스,096240,주권매매거래정지(합병),2021-11-29,KOSDAQ,34050.0,34500.0,40200.0,35850.0,0.013215859030837107,0.1806167400881058,0.052863436123347984,
1245680,20211202900442,01343665,RF머트리얼즈,327260,주권매매거래정지(무상증자),2021-12-02,KOSDAQ,14298.0,16492.0,15777.0,16147.0,0.15344803469016655,0.10344104070499371,0.129318785844174,
1245664,20211202900454,00231691,판타지오,032800,주권매매거래정지(자본감소),2021-12-02,KOSDAQ,21580.0,18623.0,18402.0,18817.0,-0.13702502316960152,-0.14726598702502314,-0.12803521779425397,
1227789,20220107900534,00231691,판타지오,032800,"주권매매거래정지(주식의 병합, 분할 등 전자등록 변경, 말소)",2022-01-07,KOSDAQ,18817.0,17960.0,18209.0,18209.0,-0.045543923048307344,-0.03231120795025777,-0.03231120795025777,
1219380,20220127900599,00231691,판타지오,032800,주권매매거래정지해제(감자 주권 변경상장),2022-01-27,KOSDAQ,18209.0,18209.0,18209.0,14810.0,0.0,0.0,-0.18666593442803014,
1182012,20220318900863,00231691,판타지오,032800,주권매매거래정지(관리종목지정사유발생),2022-03-18,KOSDAQ,17628.0,16551.0,16910.0,16910.0,-0.06109598366235536,-0.040730655774903535,-0.040730655774903535,
572814,20241008900659,00231691,판타지오,032800,"주권매매거래정지              (주식의 병합, 분할 등 전자등록 변경, 말소)",2024-10-08,KOSDAQ,4614.0,4559.0,4503.0,4503.0,-0.011920242739488551,-0.024057217165149525,-0.024057217165149525,
563003,20241031900809,00231691,판타지오,032800,주권매매거래정지해제              (액면병합 주권 변경상장),2024-10-31,KOSDAQ,4503.0,4177.0,3940.0,3691.0,-0.07239618032422834,-0.1250277592715967,-0.1803242282922496,
97924,20260312901734,00231691,판타지오,032800,주권매매거래정지              (자본감소),2026-03-12,KOSDAQ,1779.0,1740.0,1713.0,1735.0,-0.021922428330522714,-0.03709949409780777,-0.02473299606520518,
45846,20260407900934,00231691,판타지오,032800,"주권매매거래정지              (주식의 병합, 분할 등 전자등록 변경, 말소)",2026-04-07,KOSDAQ,1890.0,1890.0,1890.0,1890.0,0.0,0.0,0.0,
19152,20260429901018,00231691,판타지오,032800,주권매매거래정지해제              (감자 주권 변경상장),2026-04-29,KOSDAQ,1890.0,1890.0,1890.0,1719.0,0.0,0.0,-0.09047619047619049,
1243654,20211208900422,00173351,삼진,032750,주권매매거래정지(주식배당),2021-12-08,KOSDAQ,6926.0,7259.0,7325.0,7625.0,0.04807969968235626,0.05760900952930981,0.10092405428818951,
1243558,20211208900562,00536329,노블엠앤비,106520,주권매매거래정지(중요한 영업정지),2021-12-08,KOSDAQ,3545.0,3400.0,3495.0,3250.0,-0.04090267983074758,-0.014104372355430161,-0.08321579689703806,
965314,20230316902288,00536329,노블엠앤비,106520,주권매매거래정지(관리종목지정우려),2023-03-16,KOSDAQ,520.0,475.0,436.0,376.0,-0.08653846153846156,-0.16153846153846152,-0.27692307692307694,
924990,20230407900968,00536329,노블엠앤비,106520,주권매매거래정지(풍문 또는 보도 관련),2023-04-07,KOSDAQ,411.0,411.0,411.0,411.0,0.0,0.0,0.0,
924875,20230407901054,00536329,노블엠앤비,106520,[기재정정]주권매매거래정지(풍문 또는 보도 관련),2023-04-07,KOSDAQ,411.0,411.0,411.0,411.0,0.0,0.0,0.0,
924376,20230407901289,00536329,노블엠앤비,106520,주권매매거래정지기간변경(상장폐지사유 발생),2023-04-07,KOSDAQ,411.0,411.0,411.0,411.0,0.0,0.0,0.0,
904064,20230425900670,00536329,노블엠앤비,106520,주권매매거래정지기간변경(개선기간 부여),2023-04-25,KOSDAQ,411.0,411.0,411.0,411.0,0.0,0.0,0.0,
767358,20240123900395,00536329,노블엠앤비,106520,주권매매거래정지기간변경(상장적격성 실질심사 대상(사유발생)),2024-01-23,KOSDAQ,411.0,411.0,411.0,411.0,0.0,0.0,0.0,
680376,20240408900785,00536329,노블엠앤비,106520,주권매매거래정지기간변경              (사업보고서 미제출),2024-04-08,KOSDAQ,411.0,411.0,411.0,411.0,0.0,0.0,0.0,
665059,20240417900710,00536329,노블엠앤비,106520,기타시장안내              (형식적 상장폐지 사유 해소 및 매매거래정지 지속 안내),2024-04-17,KOSDAQ,411.0,411.0,411.0,411.0,0.0,0.0,0.0,
665058,20240417900712,00536329,노블엠앤비,106520,주권매매거래정지기간변경              (상장폐지 사유 해소),2024-04-17,KOSDAQ,411.0,411.0,411.0,411.0,0.0,0.0,0.0,
664471,20240418900652,00536329,노블엠앤비,106520,주권매매거래정지기간변경              (상장폐지 사유 발생),2024-04-18,KOSDAQ,411.0,411.0,411.0,411.0,0.0,0.0,0.0,
636994,20240531901476,00536329,노블엠앤비,106520,주권매매거래정지기간변경              (상장폐지 사유 발생),2024-05-31,KOSDAQ,411.0,411.0,411.0,411.0,0.0,0.0,0.0,
633048,20240612900551,00536329,노블엠앤비,106520,주권매매거래정지기간변경              (상장폐지 사유 일부해소),2024-06-12,KOSDAQ,411.0,411.0,411.0,411.0,0.0,0.0,0.0,
633049,20240612900554,00536329,노블엠앤비,106520,기타시장안내              (기업심사위원회 심의·의결 결과 및 '23사업연도 감사의견 비적정 관련 상장폐지 사유 발생에 따른 매매거래정지 지속 안내 ),2024-06-12,KOSDAQ,411.0,411.0,411.0,411.0,0.0,0.0,0.0,
628762,20240621900620,00536329,노블엠앤비,106520,주권매매거래정지기간변경              (개선기간 부여),2024-06-21,KOSDAQ,411.0,411.0,411.0,411.0,0.0,0.0,0.0,
488300,20250306901071,00536329,노블엠앤비,106520,주권매매거래정지기간변경              (회생절차 개시신청),2025-03-06,KOSDAQ,411.0,411.0,411.0,411.0,0.0,0.0,0.0,
467101,20250324901119,00536329,노블엠앤비,106520,주권매매거래정지기간변경              (회생절차 개시결정),2025-03-24,KOSDAQ,411.0,411.0,411.0,411.0,0.0,0.0,0.0,
453493,20250331903853,00536329,노블엠앤비,106520,주권매매거래정지기간변경              (상장폐지 사유 발생),2025-03-31,KOSDAQ,411.0,411.0,411.0,411.0,0.0,0.0,0.0,
331895,20250919900619,00536329,노블엠앤비,106520,주권매매거래정지해제              (상장폐지에 따른 정리매매 개시),2025-09-19,KOSDAQ,411.0,411.0,411.0,411.0,0.0,0.0,0.0,
331480,20250922900346,00536329,노블엠앤비,106520,주권매매거래정지              (투자자 보호),2025-09-22,KOSDAQ,411.0,411.0,411.0,411.0,0.0,0.0,0.0,
115656,20260618900856,00536329,노블엠앤비,106520,주권매매거래정지해제              (상장폐지에 따른 정리매매 개시),2026-06-18,KOSDAQ,411.0,411.0,24.0,13.0,0.0,-0.9416058394160584,-0.9683698296836983,
1242967,20211210900140,01136001,나노실리칸첨단소재,286750,주권매매거래정지(무상증자),2021-12-10,KOSDAQ,3796.0,3801.0,3774.0,3605.0,0.0013171759747101497,-0.005795574288725014,-0.05031612223393045,
1242868,20211210900215,00523936,HB솔루션,297890,주권매매거래정지(단일판매공급계약),2021-12-10,KOSDAQ,5265.0,5502.0,5352.0,5327.0,0.045014245014245,0.01652421652421654,0.011775878442545018,
1197794,20220303900306,00523936,HB솔루션,297890,주권매매거래정지(단일판매공급계약),2022-03-03,KOSDAQ,4727.0,4764.0,4627.0,4890.0,0.007827374656230068,-0.021155066638459896,0.034482758620689724,
1005251,20230117900231,00523936,HB솔루션,297890,주권매매거래정지(단일판매공급계약),2023-01-17,KOSDAQ,3364.0,3251.0,3264.0,3194.0,-0.033590963139120134,-0.029726516052318686,-0.05053507728894169,
870374,20230628900105,00523936,HB솔루션,297890,주권매매거래정지(무상증자),2023-06-28,KOSDAQ,4855.0,4827.0,4754.0,4900.0,-0.005767250257466494,-0.020803295571575675,0.009268795056642576,
1242081,20211213900263,00397252,조이시티,067000,주권매매거래정지(무상증자),2021-12-13,KOSDAQ,9067.0,9200.0,9133.0,8533.0,0.01466857836108959,0.007279144149112238,-0.05889489357008937,
1240992,20211214800857,00244455,케이티앤지,033780,매매거래정지및정지해제(중요내용공시),2021-12-14,KOSPI,86000.0,84100.0,84700.0,85200.0,-0.02209302325581397,-0.015116279069767424,-0.009302325581395321,
1240428,20211215900588,00523307,다원시스,068240,주권매매거래정지(단일판매공급계약),2021-12-15,KOSDAQ,28095.0,27664.0,27472.0,26611.0,-0.0153408079729489,-0.022174764192916863,-0.05282078661683576,
791243,20231201900245,00523307,다원시스,068240,주권매매거래정지(단일판매공급계약),2023-12-01,KOSDAQ,13888.0,13761.0,13644.0,13761.0,-0.009144585253456183,-0.01756912442396308,-0.009144585253456183,
107450,20260304901684,00523307,다원시스,068240,주권매매거래정지              (불성실공시법인 지정),2026-03-04,KOSDAQ,2540.0,2540.0,2315.0,2605.0,0.0,-0.08858267716535428,0.025590551181102317,
93209,20260316902729,00523307,다원시스,068240,주권매매거래정지              (투자자보호),2026-03-16,KOSDAQ,2530.0,2530.0,2530.0,2530.0,0.0,0.0,0.0,
84329,20260323902728,00523307,다원시스,068240,주권매매거래정지기간변경              (상장폐지 사유 발생),2026-03-23,KOSDAQ,2530.0,2530.0,2530.0,2530.0,0.0,0.0,0.0,
73635,20260330902417,00523307,다원시스,068240,주권매매거래정지기간변경              (회생절차 개시신청),2026-03-30,KOSDAQ,2530.0,2530.0,2530.0,2530.0,0.0,0.0,0.0,
31415,20260413901023,00523307,다원시스,068240,주권매매거래정지기간변경              (개선기간 부여),2026-04-13,KOSDAQ,2530.0,2530.0,2530.0,2530.0,0.0,0.0,0.0,
26252,20260417900903,00523307,다원시스,068240,주권매매거래정지기간변경              (회생절차 개시결정),2026-04-17,KOSDAQ,2530.0,2530.0,2530.0,2530.0,0.0,0.0,0.0,
25484,20260420900905,00523307,다원시스,068240,주권매매거래정지기간변경              (상장적격성 실질심사 대상(사유발생)),2026-04-20,KOSDAQ,2530.0,2530.0,2530.0,2530.0,0.0,0.0,0.0,
121887,20260605900917,00523307,다원시스,068240,주권매매거래정지기간변경              (상장적격성 실질심사 대상 결정),2026-06-05,KOSDAQ,2530.0,2530.0,2530.0,2530.0,0.0,0.0,0.0,
1240088,20211215900980,01573284,코닉오토메이션,391710,주권매매거래정지(SPAC 합병(예비심사청구대상)),2021-12-15,KOSDAQ,2950.0,2950.0,2950.0,2950.0,0.0,0.0,0.0,
1132876,20220414900710,01573284,코닉오토메이션,391710,주권매매거래정지해제(상장예비심사결과 통지(승인)),2022-04-14,KOSDAQ,2950.0,2660.0,2710.0,2660.0,-0.09830508474576272,-0.08135593220338988,-0.09830508474576272,
1239984,20211215901098,01112889,피엔에이치테크,239890,주권매매거래정지(무상증자),2021-12-15,KOSDAQ,26850.0,26350.0,25300.0,24650.0,-0.01862197392923648,-0.05772811918063314,-0.08193668528864062,
1238921,20211216800954,00983271,NHN,181710,매매거래정지및정지해제(중요내용공시),2021-12-16,KOSPI,46426.0,49086.0,47938.0,49190.0,0.05729548098048509,0.03256795760996001,0.0595356050488951,
1238681,20211216901316,01096341,넥슨게임즈,225570,주권매매거래정지(합병),2021-12-16,KOSDAQ,17700.0,23000.0,21650.0,19850.0,0.2994350282485876,0.2231638418079096,0.12146892655367236,
1238656,20211216901339,00141246,SGC E&C,016250,주권매매거래정지(주식배당),2021-12-16,KOSDAQ,47665.0,47908.0,48029.0,48090.0,0.005098080352459844,0.007636630651421283,0.008916395678170597,
1017143,20221221900437,00141246,SGC E&C,016250,주권매매거래정지(주식배당),2022-12-21,KOSDAQ,30300.0,31583.0,31389.0,29800.0,0.04234323432343223,0.03594059405940597,-0.01650165016501648,
821871,20231004900452,00141246,SGC E&C,016250,주권매매거래정지(중요한 영업정지),2023-10-04,KOSDAQ,19690.0,18910.0,18790.0,18990.0,-0.03961401726764857,-0.04570848146267137,-0.0355510411376333,
1237928,20211217900556,00365624,아이윈,090150,주권매매거래정지(무상증자),2021-12-17,KOSDAQ,5689.0,5373.0,4960.0,4936.0,-0.05554579012128669,-0.1281420284760063,-0.13236069608015466,
1236268,20211222900396,01390399,솔트웨어,328380,주권매매거래정지(SPAC 합병(예비심사청구대상)),2021-12-22,KOSDAQ,12950.0,12950.0,12950.0,12950.0,0.0,0.0,0.0,
1129547,20220421900697,01390399,솔트웨어,328380,주권매매거래정지해제(상장예비심사결과 통지(승인)),2022-04-21,KOSDAQ,12950.0,13000.0,12725.0,12775.0,0.0038610038610038533,-0.01737451737451734,-0.013513513513513487,
28134,20260415900521,01390399,솔트웨어,328380,"주권매매거래정지              (주식의 병합, 분할 등 전자등록 변경, 말소)",2026-04-15,KOSDAQ,4350.0,4410.0,4425.0,4425.0,0.01379310344827589,0.01724137931034475,0.01724137931034475,
12840,20260511900719,01390399,솔트웨어,328380,주권매매거래정지해제              (액면병합 주권 변경상장),2026-05-11,KOSDAQ,4425.0,3915.0,3800.0,3205.0,-0.11525423728813555,-0.14124293785310738,-0.2757062146892655,
1235784,20211223900104,01459212,원준,382840,주권매매거래정지(단일판매공급계약),2021-12-23,KOSDAQ,33895.0,35096.0,33895.0,33595.0,0.0354329547130845,0.0,-0.008850862959138506,
1101914,20220623900178,01459212,원준,382840,주권매매거래정지(무상증자),2022-06-23,KOSDAQ,40034.0,38899.0,39600.0,39400.0,-0.0283509017335265,-0.010840785332467351,-0.015836538941899403,
967161,20230316900203,01459212,원준,382840,주권매매거래정지(단일판매공급계약),2023-03-16,KOSDAQ,24950.0,24050.0,26950.0,27950.0,-0.03607214428857719,0.08016032064128265,0.12024048096192375,
1230330,20220103900167,00418379,자연과환경,043910,주권매매거래정지(단일판매공급계약),2022-01-03,KOSDAQ,13050.0,12730.0,12050.0,12180.0,-0.02452107279693483,-0.07662835249042144,-0.06666666666666665,
286956,20251218900117,00418379,자연과환경,043910,주권매매거래정지              (단일판매공급계약),2025-12-18,KOSDAQ,6630.0,6640.0,6570.0,6250.0,0.0015082956259426794,-0.009049773755656076,-0.05731523378582204,
22206,20260424900918,00418379,자연과환경,043910,"주권매매거래정지              (주식의 병합, 분할 등 전자등록 변경, 말소)",2026-04-24,KOSDAQ,5000.0,4930.0,4930.0,4930.0,-0.014000000000000012,-0.014000000000000012,-0.014000000000000012,
5135,20260519900546,00418379,자연과환경,043910,주권매매거래정지해제              (액면병합 주권 변경상장),2026-05-19,KOSDAQ,4930.0,4000.0,3480.0,3570.0,-0.18864097363083165,-0.2941176470588235,-0.27586206896551724,
1230015,20220103900611,00396925,엠로,058970,주권매매거래정지(무상증자),2022-01-03,KOSDAQ,20275.0,20925.0,20750.0,21075.0,0.03205918618988912,0.023427866831072786,0.039457459926017346,
1228471,20220106900350,00896753,에코글로우,159910,주권매매거래정지기간변경(파산신청),2022-01-06,KOSDAQ,25890.0,25890.0,25890.0,25890.0,0.0,0.0,0.0,
1204606,20220224900765,00896753,에코글로우,159910,주권매매거래정지기간변경(파산신청 사유 해소),2022-02-24,KOSDAQ,25890.0,25890.0,25890.0,25890.0,0.0,0.0,0.0,
1156456,20220404900888,00896753,에코글로우,159910,주권매매거래정지해제(상장유지 결정),2022-04-04,KOSDAQ,25890.0,20250.0,25315.0,24450.0,-0.21784472769409036,-0.022209347238315913,-0.055619930475086954,
1149032,20220407900266,00896753,에코글로우,159910,주권매매거래정지(풍문 또는 보도 관련),2022-04-07,KOSDAQ,27325.0,27325.0,24450.0,22380.0,0.0,-0.10521500457456545,-0.18096980786825256,
1144538,20220408900683,00896753,에코글로우,159910,주권매매거래정지해제(풍문 등 조회결과 공시),2022-04-08,KOSDAQ,27325.0,24450.0,21400.0,21515.0,-0.10521500457456545,-0.2168344007319305,-0.21262580054894786,
833086,20230901900654,00896753,에코글로우,159910,주권매매거래정지(자본감소),2023-09-01,KOSDAQ,6555.0,6040.0,5695.0,6900.0,-0.0785659801678108,-0.13119755911517927,0.05263157894736836,
790853,20231201900709,00896753,에코글로우,159910,"주권매매거래정지(주식의 병합, 분할 등 전자등록 변경, 말소)",2023-12-01,KOSDAQ,4660.0,4315.0,4200.0,4200.0,-0.0740343347639485,-0.09871244635193133,-0.09871244635193133,
780350,20231221900712,00896753,에코글로우,159910,주권매매거래정지해제(감자 주권 변경상장),2023-12-21,KOSDAQ,4200.0,4200.0,4200.0,3420.0,0.0,0.0,-0.18571428571428572,
49575,20260406900975,00896753,에코글로우,159910,"주권매매거래정지              (주식의 병합, 분할 등 전자등록 변경, 말소)",2026-04-06,KOSDAQ,3550.0,3590.0,4000.0,4000.0,0.011267605633802802,0.12676056338028174,0.12676056338028174,
14805,20260507900667,00896753,에코글로우,159910,주권매매거래정지해제              (액면병합 주권 변경상장),2026-05-07,KOSDAQ,4000.0,3480.0,3905.0,3425.0,-0.13,-0.02375000000000005,-0.14375000000000004,
1225516,20220113900313,00963976,SG,255220,주권매매거래정지(영업양수도),2022-01-13,KOSDAQ,1936.0,1883.0,1874.0,1910.0,-0.02737603305785119,-0.032024793388429784,-0.013429752066115741,
1225263,20220114900051,01366000,태성,323280,주권매매거래정지(SPAC 합병(예비심사청구대상)),2022-01-14,KOSDAQ,2538.0,2538.0,2538.0,2538.0,0.0,0.0,0.0,
1163334,20220331903109,01366000,태성,323280,주권매매거래정지해제(상장예비심사결과 통지(승인)),2022-03-31,KOSDAQ,2538.0,2376.0,2850.0,2725.0,-0.06382978723404253,0.1229314420803782,0.07368006304176511,
1224440,20220117900499,00256380,유아이엘,049520,주권매매거래정지(관리종목지정우려),2022-01-17,KOSDAQ,1912.0,1341.0,1267.0,1284.0,-0.2986401673640168,-0.3373430962343096,-0.32845188284518834,
1191934,20220310901913,00256380,유아이엘,049520,주권매매거래정지(관리종목지정사유발생),2022-03-10,KOSDAQ,1297.0,1297.0,1338.0,1314.0,0.0,0.0316114109483423,0.013107170393215073,
512902,20250207900199,00256380,유아이엘,049520,주권매매거래정지              (무상증자),2025-02-07,KOSDAQ,3967.0,4123.0,4271.0,4183.0,0.03932442651877999,0.07663221578018664,0.05444920594907998,
1223302,20220119900628,01105621,엔투텍,227950,주권매매거래정지(불성실공시법인 지정),2022-01-19,KOSDAQ,8825.0,8825.0,8225.0,7975.0,0.0,-0.06798866855524077,-0.09631728045325783,
20646,20260428900661,01105621,엔투텍,227950,"주권매매거래정지              (주식의 병합, 분할 등 전자등록 변경, 말소)",2026-04-28,KOSDAQ,2435.0,2335.0,2515.0,2515.0,-0.04106776180698157,0.03285420944558526,0.03285420944558526,
360,20260527900529,01105621,엔투텍,227950,주권매매거래정지해제              (액면병합 주권 변경상장),2026-05-27,KOSDAQ,2515.0,2005.0,1738.0,1379.0,-0.2027833001988072,-0.3089463220675944,-0.4516898608349901,
1221677,20220124900077,00604268,에이프로,262260,주권매매거래정지(무상증자),2022-01-24,KOSDAQ,18625.0,19400.0,18625.0,17750.0,0.041610738255033475,0.0,-0.046979865771812124,
1186378,20220316900075,00604268,에이프로,262260,주권매매거래정지(단일판매공급계약),2022-03-16,KOSDAQ,18500.0,18450.0,17950.0,17800.0,-0.002702702702702675,-0.02972972972972976,-0.037837837837837784,
1032655,20221124900242,00604268,에이프로,262260,주권매매거래정지(단일판매공급계약),2022-11-24,KOSDAQ,15750.0,15500.0,15350.0,15300.0,-0.015873015873015928,-0.025396825396825418,-0.02857142857142858,
1221651,20220124900208,01409095,비트맥스,377030,주권매매거래정지(무상증자),2022-01-24,KOSDAQ,96043.0,90451.0,87651.0,75644.0,-0.05822392053559344,-0.08737752881521821,-0.2123944483200233,
103856,20260309900880,01409095,비트맥스,377030,주권매매거래정지              (자본감소),2026-03-09,KOSDAQ,4297.0,3875.0,3930.0,4364.0,-0.09820805212939265,-0.08540842448219688,0.015592273679311042,
93589,20260316902218,01409095,비트맥스,377030,주권매매거래정지              (관리종목지정사유발생),2026-03-16,KOSDAQ,4364.0,4191.0,4027.0,3137.0,-0.039642529789184255,-0.07722273143904679,-0.2811640696608616,
58262,20260402901028,01409095,비트맥스,377030,"주권매매거래정지              (주식의 병합, 분할 등 전자등록 변경, 말소)",2026-04-02,KOSDAQ,2846.0,2690.0,2640.0,2640.0,-0.05481377371749829,-0.0723822909346451,-0.0723822909346451,
21506,20260427900743,01409095,비트맥스,377030,주권매매거래정지해제              (감자 주권 변경상장),2026-04-27,KOSDAQ,2640.0,2640.0,2640.0,3295.0,0.0,0.0,0.24810606060606055,
1220739,20220125900736,00562360,에코볼트,097780,주권매매거래정지,2022-01-25,KOSDAQ,6734.0,6592.0,6264.0,6264.0,-0.021087021087021096,-0.06979506979506978,-0.06979506979506978,
1206870,20220222900637,00562360,에코볼트,097780,주권매매거래정지해제(액면병합 주권 변경상장),2022-02-22,KOSDAQ,6264.0,6416.0,5911.0,5459.0,0.024265644955300036,-0.056353767560664125,-0.12851213282247764,
1178135,20220322901665,00562360,에코볼트,097780,주권매매거래정지(상장폐지 사유발생),2022-03-22,KOSDAQ,5678.0,5678.0,5678.0,5678.0,0.0,0.0,0.0,
1147458,20220407900761,00562360,에코볼트,097780,주권매매거래정지기간변경(개선기간 부여),2022-04-07,KOSDAQ,5678.0,5678.0,5678.0,5678.0,0.0,0.0,0.0,
1078976,20220812901513,00562360,에코볼트,097780,기타시장안내(에스맥(주)의 감사의견 관련 형식적 상장폐지 사유해소 및 매매거래정지 지속 안내),2022-08-12,KOSDAQ,5678.0,5678.0,5678.0,5678.0,0.0,0.0,0.0,
1078975,20220812901514,00562360,에코볼트,097780,주권매매거래정지기간변경(상장폐지 사유 해소),2022-08-12,KOSDAQ,5678.0,5678.0,5678.0,5678.0,0.0,0.0,0.0,
1057828,20220928900695,00562360,에코볼트,097780,주권매매거래정지해제(상장적격성 실질심사 대상 제외 결정),2022-09-28,KOSDAQ,5678.0,4882.0,5340.0,5056.0,-0.14019020781965486,-0.05952800281789361,-0.1095456146530468,
263395,20260202901960,00562360,에코볼트,097780,주권매매거래정지              (자본감소),2026-02-02,KOSDAQ,1833.0,1744.0,1799.0,1823.0,-0.04855428259683581,-0.018548827059465367,-0.0054555373704310295,
28688,20260414900850,00562360,에코볼트,097780,"주권매매거래정지              (주식의 병합, 분할 등 전자등록 변경, 말소)",2026-04-14,KOSDAQ,1935.0,1883.0,1876.0,1876.0,-0.026873385012919915,-0.030490956072351416,-0.030490956072351416,
17064,20260430901624,00562360,에코볼트,097780,주권매매거래정지해제              (감자 주권 변경상장),2026-04-30,KOSDAQ,1876.0,1876.0,1876.0,1650.0,0.0,0.0,-0.1204690831556503,
14659,20260507900867,00562360,에코볼트,097780,"주권매매거래정지              (주식의 병합, 분할 등 전자등록 변경, 말소)",2026-05-07,KOSDAQ,1732.0,1689.0,1650.0,1650.0,-0.024826789838337193,-0.04734411085450352,-0.04734411085450352,
5119,20260519900538,00562360,에코볼트,097780,"주권매매거래정지기간변경              (주식의 병합, 분할 등 전자등록 변경, 말소)",2026-05-19,KOSDAQ,1650.0,1650.0,1650.0,1650.0,0.0,0.0,0.0,
119076,20260611900739,00562360,에코볼트,097780,주권매매거래정지해제              (감자 및 액면분할 주권 변경상장),2026-06-11,KOSDAQ,1650.0,1650.0,1650.0,1309.0,0.0,0.0,-0.20666666666666667,
1220505,20220126900085,01258428,프레스티지바이오로직스,334970,주권매매거래정지(단일판매공급계약),2022-01-26,KOSDAQ,7520.0,7880.0,7870.0,7740.0,0.0478723404255319,0.046542553191489366,0.0292553191489362,
934402,20230405900076,01258428,프레스티지바이오로직스,334970,주권매매거래정지(단일판매공급계약),2023-04-05,KOSDAQ,5430.0,5270.0,5370.0,5270.0,-0.029465930018416242,-0.011049723756906049,-0.029465930018416242,
543314,20241205900168,01258428,프레스티지바이오로직스,334970,주권매매거래정지              (단일판매공급계약),2024-12-05,KOSDAQ,5810.0,5160.0,4635.0,5040.0,-0.11187607573149738,-0.20223752151462993,-0.1325301204819277,
302202,20251126900162,01258428,프레스티지바이오로직스,334970,주권매매거래정지              (단일판매공급계약),2025-11-26,KOSDAQ,3060.0,3100.0,3165.0,3250.0,0.013071895424836555,0.03431372549019618,0.06209150326797386,
1218041,20220203900105,00347716,중앙첨단소재,051980,주권매매거래정지(단일판매공급계약),2022-02-03,KOSDAQ,1734.0,1740.0,1696.0,1631.0,0.0034602076124568004,-0.021914648212226107,-0.05940023068050748,
1209790,20220216900945,00347716,중앙첨단소재,051980,주권매매거래정지(관리종목지정우려),2022-02-16,KOSDAQ,1526.0,1433.0,1439.0,1346.0,-0.06094364351245085,-0.057011795543905674,-0.11795543905635653,
1185108,20220316901603,00347716,중앙첨단소재,051980,주권매매거래정지(자본감소),2022-03-16,KOSDAQ,1709.0,1402.0,1361.0,1303.0,-0.17963721474546523,-0.2036278525453482,-0.23756582796957282,
1135913,20220413900422,00347716,중앙첨단소재,051980,"주권매매거래정지(주식의 병합, 분할 등 전자등록 변경, 말소)",2022-04-13,KOSDAQ,1027.0,980.0,980.0,980.0,-0.04576436222005842,-0.04576436222005842,-0.04576436222005842,
1128024,20220504900655,00347716,중앙첨단소재,051980,주권매매거래정지해제(감자 주권 변경상장),2022-05-04,KOSDAQ,980.0,980.0,980.0,924.0,0.0,0.0,-0.05714285714285716,
1216534,20220207900222,00659976,영화테크,265560,주권매매거래정지(단일판매공급계약),2022-02-07,KOSDAQ,19000.0,17950.0,18050.0,17250.0,-0.05526315789473679,-0.050000000000000044,-0.09210526315789469,
811838,20231030900095,00659976,영화테크,265560,주권매매거래정지(단일판매공급계약),2023-10-30,KOSDAQ,11960.0,11450.0,11500.0,11670.0,-0.04264214046822745,-0.038461538461538436,-0.024247491638796026,
809587,20231102900505,00659976,영화테크,265560,주권매매거래정지(단일판매 공급계약),2023-11-02,KOSDAQ,11900.0,11520.0,11670.0,10500.0,-0.031932773109243695,-0.019327731092437017,-0.11764705882352944,
262783,20260203900978,00659976,영화테크,265560,주권매매거래정지              (단일판매공급계약),2026-02-03,KOSDAQ,8230.0,8560.0,8250.0,8370.0,0.04009720534629402,0.002430133657351119,0.017010935601458055,
1215255,20220208900814,00186452,광무,029480,주권매매거래정지(관리종목지정우려),2022-02-08,KOSDAQ,4600.0,5200.0,5075.0,4335.0,0.13043478260869557,0.1032608695652173,-0.05760869565217386,
1182095,20220318900758,00186452,광무,029480,주권매매거래정지(관리종목지정사유발생),2022-03-18,KOSDAQ,5100.0,4855.0,4640.0,4635.0,-0.04803921568627456,-0.09019607843137256,-0.0911764705882353,
1147516,20220407900724,00186452,광무,029480,"주권매매거래정지(주식의 병합, 분할 등 전자등록 변경, 말소)",2022-04-07,KOSDAQ,5100.0,4920.0,4605.0,4605.0,-0.03529411764705881,-0.09705882352941175,-0.09705882352941175,
997434,20230206901183,00186452,광무,029480,주권매매거래정지(상장적격성 실질심사 대상 (사유발생)),2023-02-06,KOSDAQ,2820.0,2820.0,2820.0,2820.0,0.0,0.0,0.0,
997432,20230206901186,00186452,광무,029480,[기재정정]주권매매거래정지(상장적격성 실질심사 대상 (사유발생)),2023-02-06,KOSDAQ,2820.0,2820.0,2820.0,2820.0,0.0,0.0,0.0,
961501,20230321901023,00186452,광무,029480,주권매매거래정지해제(상장적격성 실질심사 대상 제외 결정),2023-03-21,KOSDAQ,2820.0,3800.0,3740.0,5220.0,0.34751773049645385,0.3262411347517731,0.8510638297872339,
1214343,20220209900902,00877174,엠브레인,169330,주권매매거래정지(무상증자),2022-02-09,KOSDAQ,4455.0,5775.0,5825.0,5375.0,0.2962962962962963,0.3075196408529741,0.20650953984287312,
1213474,20220210800968,00137252,사조동아원,008040,매매거래정지및정지해제(중요내용공시),2022-02-10,KOSPI,1175.0,1205.0,1150.0,1220.0,0.025531914893617058,-0.021276595744680882,0.038297872340425476,
1213628,20220210900773,00180263,리더스코스메틱,016100,주권매매거래정지(관리종목지정우려),2022-02-10,KOSDAQ,3025.0,2120.0,1990.0,2275.0,-0.2991735537190082,-0.3421487603305785,-0.2479338842975206,
1179933,20220321901636,00180263,리더스코스메틱,016100,주권매매거래정지(관리종목지정사유발생),2022-03-21,KOSDAQ,2445.0,2515.0,2480.0,2800.0,0.02862985685071573,0.014314928425357865,0.14519427402862983,
1211253,20220214901231,00144021,원풍물산,008290,주권매매거래정지(관리종목지정우려),2022-02-14,KOSDAQ,1802.0,1262.0,1270.0,1698.0,-0.29966703662597116,-0.295227524972253,-0.05771365149833518,
27981,20260415900702,00144021,원풍물산,008290,"주권매매거래정지              (주식의 병합, 분할 등 전자등록 변경, 말소)",2026-04-15,KOSDAQ,806.0,792.0,836.0,836.0,-0.017369727047146455,0.037220843672456594,0.037220843672456594,
12920,20260511900608,00144021,원풍물산,008290,주권매매거래정지해제              (액면병합 주권 변경상장),2026-05-11,KOSDAQ,836.0,696.0,668.0,683.0,-0.16746411483253587,-0.2009569377990431,-0.18301435406698563,
1211027,20220215900133,00238153,파세코,037070,주권매매거래정지(무상증자),2022-02-15,KOSDAQ,17782.0,17466.0,16940.0,16695.0,-0.017770779439883033,-0.04735125407715668,-0.06112923180744578,
1210181,20220216900415,00132202,선진뷰티사이언스,086710,주권매매거래정지(무상증자),2022-02-16,KOSDAQ,7618.0,9899.0,9924.0,9347.0,0.2994224205828302,0.3027041218167499,0.2269624573378839,
1209159,20220217900709,00631837,안트로젠,065660,주권매매거래정지(불성실공시법인 지정),2022-02-17,KOSDAQ,24150.0,24150.0,24350.0,23850.0,0.0,0.008281573498964745,-0.012422360248447228,
1208249,20220218800934,00146861,자화전자,033240,매매거래정지및정지해제(중요내용공시),2022-02-18,KOSPI,20900.0,22150.0,22150.0,21800.0,0.05980861244019131,0.05980861244019131,0.04306220095693769,
1208238,20220218900983,00919966,신라젠,215600,주권매매거래정지기간변경(개선기간 부여),2022-02-18,KOSDAQ,7757.0,7757.0,7757.0,7757.0,0.0,0.0,0.0,
1052352,20221012900657,00919966,신라젠,215600,주권매매거래정지해제(상장유지 결정),2022-10-12,KOSDAQ,7757.0,10043.0,13052.0,12404.0,0.29470155988139735,0.6826092561557302,0.5990718061106097,
1204228,20220224801167,00453488,다이나믹디자인,145210,매매거래정지및정지해제(중요내용공시),2022-02-24,KOSPI,4899.0,3442.0,3059.0,3045.0,-0.29740763421106353,-0.3755868544600939,-0.3784445805266381,
583004,20240911800104,00453488,다이나믹디자인,145210,매매거래정지및정지해제(중요내용공시),2024-09-11,KOSPI,2549.0,2584.0,2604.0,2629.0,0.01373087485288349,0.021577089054531262,0.031384856806590866,
470379,20250321800060,00453488,다이나믹디자인,145210,매매거래정지및정지해제(풍문등조회공시),2025-03-21,KOSPI,1126.0,1126.0,846.0,732.0,0.0,-0.24866785079928955,-0.34991119005328597,
84996,20260323801874,00453488,다이나믹디자인,145210,매매거래정지및정지해제(풍문등조회공시),2026-03-23,KOSPI,224.0,224.0,224.0,224.0,0.0,0.0,0.0,
1198881,20220228901342,00110884,엠젠솔루션,032790,주권매매거래정지기간변경(개선기간 부여),2022-02-28,KOSDAQ,10660.0,10660.0,10660.0,10660.0,0.0,0.0,0.0,
1047383,20221025900565,00110884,엠젠솔루션,032790,주권매매거래정지해제(상장유지 결정),2022-10-25,KOSDAQ,10660.0,7462.0,7134.0,5908.0,-0.30000000000000004,-0.3307692307692308,-0.44577861163227017,
332716,20250918900277,00110884,엠젠솔루션,032790,주권매매거래정지              (중요한 영업정지),2025-09-18,KOSDAQ,1990.0,1968.0,1914.0,1960.0,-0.011055276381909507,-0.03819095477386936,-0.015075376884422065,
19144,20260429900937,00110884,엠젠솔루션,032790,"주권매매거래정지              (주식의 병합, 분할 등 전자등록 변경, 말소)",2026-04-29,KOSDAQ,1746.0,1666.0,1774.0,1774.0,-0.04581901489117979,0.016036655211912887,0.016036655211912887,
2447,20260526900488,00110884,엠젠솔루션,032790,주권매매거래정지해제              (액면병합 주권 변경상장),2026-05-26,KOSDAQ,1774.0,1550.0,1273.0,1155.0,-0.12626832018038336,-0.28241262683201807,-0.34892897406989853,
1198508,20220302900633,00232089,바이온,032980,주권매매거래정지(자본감소),2022-03-02,KOSDAQ,3804.0,2780.0,3164.0,3144.0,-0.26919032597266035,-0.16824395373291268,-0.17350157728706628,
1141429,20220411900428,00232089,바이온,032980,"주권매매거래정지(주식의 병합, 분할 등 전자등록 변경, 말소)",2022-04-11,KOSDAQ,3382.0,3370.0,3460.0,3460.0,-0.003548196333530429,0.0230632761679479,0.0230632761679479,
494238,20250227901110,00232089,바이온,032980,주권매매거래정지              (상장적격성 실질심사 대상 (사유발생)),2025-02-27,KOSDAQ,604.0,604.0,604.0,604.0,0.0,0.0,0.0,
419426,20250411900588,00232089,바이온,032980,주권매매거래정지기간변경              (상장적격성 실질심사 대상 결정),2025-04-11,KOSDAQ,604.0,604.0,604.0,604.0,0.0,0.0,0.0,
372531,20250703900689,00232089,바이온,032980,주권매매거래정지기간변경              (상장폐지 사유 발생),2025-07-03,KOSDAQ,604.0,604.0,604.0,604.0,0.0,0.0,0.0,
357060,20250808900415,00232089,바이온,032980,"주권매매거래정지기간변경              (주식의 병합, 분할 등 전자등록 변경, 말소)",2025-08-08,KOSDAQ,604.0,604.0,604.0,604.0,0.0,0.0,0.0,
346757,20250821900639,00232089,바이온,032980,주권매매거래정지기간변경              (투자자 보호),2025-08-21,KOSDAQ,604.0,604.0,604.0,604.0,0.0,0.0,0.0,
346187,20250822900480,00232089,바이온,032980,주권매매거래정지기간변경              (투자자 보호),2025-08-22,KOSDAQ,604.0,604.0,604.0,604.0,0.0,0.0,0.0,
338245,20250904900130,00232089,바이온,032980,주권매매거래정지기간변경              (투자자 보호),2025-09-04,KOSDAQ,604.0,604.0,604.0,604.0,0.0,0.0,0.0,
115658,20260618900857,00232089,바이온,032980,주권매매거래정지해제              (상장폐지에 따른 정리매매 개시),2026-06-18,KOSDAQ,604.0,604.0,19.0,14.0,0.0,-0.9685430463576159,-0.9768211920529801,
1198152,20220302901154,00259934,예림당,036000,주권매매거래정지(관리종목지정우려),2022-03-02,KOSDAQ,2150.0,1825.0,1810.0,1800.0,-0.15116279069767447,-0.1581395348837209,-0.16279069767441856,
1197567,20220303900575,00870481,에코캡,128540,주권매매거래정지(무상증자),2022-03-03,KOSDAQ,6884.0,6444.0,6135.0,5883.0,-0.06391632771644395,-0.10880302149912846,-0.14540964555490998,
1082648,20220808900098,00870481,에코캡,128540,주권매매거래정지(단일판매공급계약),2022-08-08,KOSDAQ,7920.0,7700.0,7980.0,7670.0,-0.02777777777777779,0.007575757575757569,-0.031565656565656575,
1191768,20220310902138,01250374,에스에스알,275630,주권매매거래정지(상장적격성 실질심사 대상(사유발생)),2022-03-10,KOSDAQ,6010.0,6010.0,6010.0,6010.0,0.0,0.0,0.0,
1129904,20220421900242,01250374,에스에스알,275630,주권매매거래정지해제(상장적격성 실질심사 대상 제외 결정),2022-04-21,KOSDAQ,6010.0,5830.0,5910.0,5610.0,-0.029950083194675514,-0.016638935108153063,-0.06655574043261236,
1055501,20221004900675,01250374,에스에스알,275630,주권매매거래정지(상장적격성 실질심사 대상 (사유발생)),2022-10-04,KOSDAQ,6590.0,6590.0,6590.0,6590.0,0.0,0.0,0.0,
1043253,20221103900549,01250374,에스에스알,275630,주권매매거래정지해제(상장적격성 실질심사 대상 제외 결정),2022-11-03,KOSDAQ,6590.0,5360.0,5100.0,5070.0,-0.1866464339908953,-0.22610015174506826,-0.23065250379362667,
1190439,20220311901391,00608699,탑코미디어,134580,주권매매거래정지(영업양수도),2022-03-11,KOSDAQ,7580.0,7100.0,7200.0,7560.0,-0.0633245382585752,-0.05013192612137207,-0.0026385224274406704,
813572,20231025900593,00608699,탑코미디어,134580,주권매매거래정지(영업양수도),2023-10-25,KOSDAQ,3075.0,3205.0,3125.0,3090.0,0.042276422764227606,0.016260162601626105,0.004878048780487809,
1187152,20220315901308,00490179,플랜티넷,075130,주권매매거래정지(무상증자),2022-03-15,KOSDAQ,3602.0,4681.0,4718.0,4761.0,0.2995558023320377,0.3098278734036646,0.32176568573014985,
1186496,20220315902104,00186799,태웅,044490,기타시장안내(감사의견 관련 형식적 상장폐지 사유해소 및 매매거래정지 지속 안내),2022-03-15,KOSDAQ,11000.0,11000.0,11000.0,11000.0,0.0,0.0,0.0,
1186494,20220315902109,00186799,태웅,044490,주권매매거래정지기간변경(상장폐지 사유 해소),2022-03-15,KOSDAQ,11000.0,11000.0,11000.0,11000.0,0.0,0.0,0.0,
1186363,20220316800119,00159740,KISCO홀딩스,001940,매매거래정지및정지해제(중요내용공시),2022-03-16,KOSPI,17500.0,17300.0,17350.0,17150.0,-0.011428571428571455,-0.008571428571428563,-0.020000000000000018,
538781,20241213800190,00159740,KISCO홀딩스,001940,매매거래정지및정지해제(중요내용공시),2024-12-13,KOSPI,22450.0,22300.0,21800.0,21200.0,-0.006681514476614692,-0.028953229398663738,-0.055679287305122505,
1186098,20220316900476,00545114,랩지노믹스,084650,주권매매거래정지(무상증자),2022-03-16,KOSDAQ,5299.0,5441.0,5524.0,5984.0,0.026797508963955385,0.04246084166823927,0.12926967352330632,
858592,20230724900277,00545114,랩지노믹스,084650,주권매매거래정지(무상증자),2023-07-24,KOSDAQ,4915.0,4945.0,4750.0,4460.0,0.006103763987792554,-0.033570701932858604,-0.09257375381485244,
1181665,20220318901300,00318662,CNT85,056730,"주권매매거래정지기간변경(주식의 병합, 분할 등 전자등록 변경, 말소)",2022-03-18,KOSDAQ,16500.0,16500.0,16500.0,16500.0,0.0,0.0,0.0,
1167988,20220330901992,00318662,CNT85,056730,주권매매거래정지기간변경(상장폐지 사유 발생),2022-03-30,KOSDAQ,16500.0,16500.0,16500.0,16500.0,0.0,0.0,0.0,
1130284,20220420900656,00318662,CNT85,056730,주권매매거래정지기간변경(감자 주권 변경상장),2022-04-20,KOSDAQ,16500.0,16500.0,16500.0,16500.0,0.0,0.0,0.0,
1099537,20220628900765,00318662,CNT85,056730,주권매매거래정지기간변경(상장폐지 사유 해소),2022-06-28,KOSDAQ,16500.0,16500.0,16500.0,16500.0,0.0,0.0,0.0,
1099536,20220628900767,00318662,CNT85,056730,기타시장안내(감사의견 관련 형식적 상장폐지 사유해소 및 매매거래정지 지속안내),2022-06-28,KOSDAQ,16500.0,16500.0,16500.0,16500.0,0.0,0.0,0.0,
1048396,20221021900526,00318662,CNT85,056730,주권매매거래정지기간변경(개선기간 부여),2022-10-21,KOSDAQ,16500.0,16500.0,16500.0,16500.0,0.0,0.0,0.0,
950240,20230329902843,00318662,CNT85,056730,주권매매거래정지해제(상장유지 결정),2023-03-29,KOSDAQ,16500.0,11550.0,9740.0,9230.0,-0.30000000000000004,-0.40969696969696967,-0.44060606060606056,
827817,20230915900632,00318662,CNT85,056730,주권매매거래정지(우회상장여부 및 요건충족확인),2023-09-15,KOSDAQ,6585.0,6470.0,6445.0,6275.0,-0.01746393318147299,-0.021260440394836766,-0.047076689445709974,
827798,20230915900668,00318662,CNT85,056730,주권매매거래정지해제(우회상장 미해당),2023-09-15,KOSDAQ,6585.0,6470.0,6445.0,6275.0,-0.01746393318147299,-0.021260440394836766,-0.047076689445709974,
24945,20260421900697,00318662,CNT85,056730,"주권매매거래정지              (주식의 병합, 분할 등 전자등록 변경, 말소)",2026-04-21,KOSDAQ,2545.0,2555.0,2570.0,2570.0,0.003929273084479323,0.00982318271119853,0.00982318271119853,
7562,20260515901934,00318662,CNT85,056730,주권매매거래정지해제              (액면병합 주권 변경상장),2026-05-15,KOSDAQ,2570.0,2070.0,2150.0,2120.0,-0.19455252918287935,-0.16342412451361865,-0.17509727626459148,
1181432,20220318901539,01075126,사토시홀딩스,223310,주권매매거래정지기간변경(개선기간 부여),2022-03-18,KOSDAQ,17507.0,17507.0,17507.0,17507.0,0.0,0.0,0.0,
873936,20230619900685,01075126,사토시홀딩스,223310,주권매매거래정지해제(상장유지 결정),2023-06-19,KOSDAQ,17507.0,14031.0,14256.0,12555.0,-0.19854915176786425,-0.18569714971154394,-0.2828582852573256,
566050,20241025900449,01075126,사토시홀딩스,223310,주권매매거래정지              (중요한 영업정지),2024-10-25,KOSDAQ,11104.0,10104.0,10754.0,11054.0,-0.09005763688760804,-0.03152017291066278,-0.004502881844380413,
481703,20250312901685,01075126,사토시홀딩스,223310,주권매매거래정지              (상장적격성 실질심사 대상 (사유발생)),2025-03-12,KOSDAQ,11630.0,11630.0,11630.0,11154.0,0.0,0.0,-0.04092863284608772,
475658,20250317901369,01075126,사토시홀딩스,223310,주권매매거래정지해제              (상장적격성 실질심사 대상 제외 결정),2025-03-17,KOSDAQ,11630.0,10829.0,11154.0,13055.0,-0.06887360275150478,-0.04092863284608772,0.12252794496990549,
28614,20260414900947,01075126,사토시홀딩스,223310,"주권매매거래정지              (주식의 병합, 분할 등 전자등록 변경, 말소)",2026-04-14,KOSDAQ,9964.0,12930.0,11380.0,11380.0,0.29767161782416696,0.14211160176635884,0.14211160176635884,
10093,20260514900841,01075126,사토시홀딩스,223310,주권매매거래정지해제              (액면병합 주권 변경상장),2026-05-14,KOSDAQ,11380.0,14790.0,10660.0,9730.0,0.29964850615114225,-0.06326889279437609,-0.14499121265377857,
1179700,20220321901888,00216434,체리부로,066360,주권매매거래정지(관리종목지정사유발생),2022-03-21,KOSDAQ,1390.0,1210.0,1200.0,1325.0,-0.1294964028776978,-0.13669064748201443,-0.046762589928057596,
1179239,20220322600294,00311216,에이치엔에스하이텍,044990,주권매매거래정지(풍문 또는 보도 관련),2022-03-22,KOSDAQ,12150.0,12150.0,12150.0,12150.0,0.0,0.0,0.0,
1178797,20220322600797,00311216,에이치엔에스하이텍,044990,주권매매거래정지기간변경,2022-03-22,KOSDAQ,12150.0,12150.0,12150.0,12150.0,0.0,0.0,0.0,
1167759,20220330602196,00311216,에이치엔에스하이텍,044990,주권매매거래정지기간변경(개선기간 부여),2022-03-30,KOSDAQ,12150.0,12150.0,12150.0,12150.0,0.0,0.0,0.0,
978577,20230303600996,00311216,에이치엔에스하이텍,044990,기타시장안내(주권 상장유지 결정 및 매매거래정지 해제 안내),2023-03-03,KOSDAQ,12150.0,14930.0,15470.0,14940.0,0.22880658436213985,0.27325102880658436,0.22962962962962963,
978576,20230303600999,00311216,에이치엔에스하이텍,044990,주권매매거래정지해제(상장폐지 사유 해소),2023-03-03,KOSDAQ,12150.0,14930.0,15470.0,14940.0,0.22880658436213985,0.27325102880658436,0.22962962962962963,
1179382,20220322900124,00808022,메지온,140410,주권매매거래정지(무상증자),2022-03-22,KOSDAQ,28039.0,26203.0,25101.0,24066.0,-0.06548022397375086,-0.10478262420200435,-0.14169549555975602,
1179303,20220322900217,01109937,티앤알바이오팹,246710,주권매매거래정지(무상증자),2022-03-22,KOSDAQ,17451.0,17026.0,16991.0,17098.0,-0.024353905220331207,-0.02635952094435845,-0.020228067159475116,
359877,20250801900933,01109937,티앤알바이오팹,246710,주권매매거래정지              (무상증자),2025-08-01,KOSDAQ,2751.0,2161.0,2154.0,2140.0,-0.21446746637586334,-0.21701199563794982,-0.2221010541621229,
1177339,20220323800826,01258507,롯데웰푸드,280360,매매거래정지및정지해제(중요내용공시),2022-03-23,KOSPI,116000.0,122000.0,122000.0,117500.0,0.051724137931034475,0.051724137931034475,0.012931034482758674,
1178030,20220323900006,01188378,시스웍,269620,주권매매거래정지(풍문 또는 보도 관련),2022-03-23,KOSDAQ,889.0,889.0,889.0,889.0,0.0,0.0,0.0,
1176399,20220323902045,01188378,시스웍,269620,주권매매거래정지기간변경(상장폐지 사유 발생),2022-03-23,KOSDAQ,889.0,889.0,889.0,889.0,0.0,0.0,0.0,
1154027,20220405900759,01188378,시스웍,269620,주권매매거래정지기간변경(개선기간 부여),2022-04-05,KOSDAQ,889.0,889.0,889.0,889.0,0.0,0.0,0.0,
1109209,20220603900571,01188378,시스웍,269620,주권매매거래정지기간변경,2022-06-03,KOSDAQ,889.0,889.0,889.0,889.0,0.0,0.0,0.0,
1031595,20221125900525,01188378,시스웍,269620,주권매매거래정지기간변경(회생절차 개시신청 취하),2022-11-25,KOSDAQ,889.0,889.0,889.0,889.0,0.0,0.0,0.0,
1002004,20230126900686,01188378,시스웍,269620,주권매매거래정지기간변경(상장적격성 실질심사 사유발생),2023-01-26,KOSDAQ,889.0,889.0,889.0,889.0,0.0,0.0,0.0,
959107,20230322901716,01188378,시스웍,269620,주권매매거래정지기간변경(상장폐지 사유 발생),2023-03-22,KOSDAQ,889.0,889.0,889.0,889.0,0.0,0.0,0.0,
781736,20231219900654,01188378,시스웍,269620,주권매매거래정지기간변경(개선기간 부여),2023-12-19,KOSDAQ,889.0,889.0,889.0,889.0,0.0,0.0,0.0,
781737,20231219900657,01188378,시스웍,269620,기타시장안내( 감사의견 관련 형식적 상장폐지 사유 일부해소 및 매매거래정지 지속 안내 ),2023-12-19,KOSDAQ,889.0,889.0,889.0,889.0,0.0,0.0,0.0,
680364,20240408900808,01188378,시스웍,269620,주권매매거래정지기간변경              (투자자보호),2024-04-08,KOSDAQ,889.0,889.0,889.0,889.0,0.0,0.0,0.0,
664497,20240418900628,01188378,시스웍,269620,주권매매거래정지기간변경              (상장폐지 사유 발생),2024-04-18,KOSDAQ,889.0,889.0,889.0,889.0,0.0,0.0,0.0,
655822,20240502900779,01188378,시스웍,269620,주권매매거래정지기간변경              (회생절차개시신청(발행 ELW 포함)),2024-05-02,KOSDAQ,889.0,889.0,889.0,889.0,0.0,0.0,0.0,
651567,20240513900754,01188378,시스웍,269620,주권매매거래정지기간변경              (개선기간 부여),2024-05-13,KOSDAQ,889.0,889.0,889.0,889.0,0.0,0.0,0.0,
631152,20240617900533,01188378,시스웍,269620,주권매매거래정지기간변경              (회생절차 개시결정),2024-06-17,KOSDAQ,889.0,889.0,889.0,889.0,0.0,0.0,0.0,
453356,20250331904072,01188378,시스웍,269620,주권매매거래정지기간변경              (투자자 보호),2025-03-31,KOSDAQ,889.0,889.0,889.0,889.0,0.0,0.0,0.0,
422866,20250410901185,01188378,시스웍,269620,주권매매거래정지기간변경              (상장폐지 사유 발생),2025-04-10,KOSDAQ,889.0,889.0,889.0,889.0,0.0,0.0,0.0,
362444,20250729900751,01188378,시스웍,269620,주권매매거래정지기간변경              (회생절차개시신청(발행 ELW 포함)),2025-07-29,KOSDAQ,889.0,889.0,889.0,889.0,0.0,0.0,0.0,
338449,20250903900429,01188378,시스웍,269620,주권매매거래정지기간변경              (회생절차 개시결정),2025-09-03,KOSDAQ,889.0,889.0,889.0,889.0,0.0,0.0,0.0,
331893,20250919900624,01188378,시스웍,269620,주권매매거래정지해제              (상장폐지에 따른 정리매매 개시),2025-09-19,KOSDAQ,889.0,889.0,889.0,889.0,0.0,0.0,0.0,
331430,20250922900400,01188378,시스웍,269620,주권매매거래정지              (투자자 보호),2025-09-22,KOSDAQ,889.0,889.0,889.0,889.0,0.0,0.0,0.0,
1177894,20220323900214,00350048,오성첨단소재,052420,주권매매거래정지(풍문 또는 보도 관련),2022-03-23,KOSDAQ,19600.0,19600.0,19600.0,19600.0,0.0,0.0,0.0,
1177746,20220323900366,00350048,오성첨단소재,052420,주권매매거래정지기간변경(상장폐지 사유 발생),2022-03-23,KOSDAQ,19600.0,19600.0,19600.0,19600.0,0.0,0.0,0.0,
1144548,20220408900698,00350048,오성첨단소재,052420,주권매매거래정지기간변경(개선기간 부여),2022-04-08,KOSDAQ,19600.0,19600.0,19600.0,19600.0,0.0,0.0,0.0,
1076093,20220816902936,00350048,오성첨단소재,052420,기타시장안내(감사의견 관련 형식적 상장폐지 사유해소 및 매매거래정지 지속 안내),2022-08-16,KOSDAQ,19600.0,19600.0,19600.0,19600.0,0.0,0.0,0.0,
1076090,20220816902938,00350048,오성첨단소재,052420,주권매매거래정지기간변경(상장폐지 사유 해소),2022-08-16,KOSDAQ,19600.0,19600.0,19600.0,19600.0,0.0,0.0,0.0,
1076078,20220816902970,00350048,오성첨단소재,052420,[기재정정]기타시장안내(감사의견 관련 형식적 상장폐지 사유해소 및 매매거래정지 지속 안내),2022-08-16,KOSDAQ,19600.0,19600.0,19600.0,19600.0,0.0,0.0,0.0,
1057806,20220928900720,00350048,오성첨단소재,052420,주권매매거래정지해제(상장적격성 실질심사 대상 제외 결정),2022-09-28,KOSDAQ,19600.0,18700.0,24300.0,24550.0,-0.04591836734693877,0.23979591836734704,0.25255102040816335,
261949,20260204901236,00350048,오성첨단소재,052420,주권매매거래정지              (영업양수도),2026-02-04,KOSDAQ,15340.0,15870.0,16060.0,15590.0,0.03455019556714478,0.046936114732724965,0.01629726205997395,
20648,20260428900650,00350048,오성첨단소재,052420,"주권매매거래정지              (주식의 병합, 분할 등 전자등록 변경, 말소)",2026-04-28,KOSDAQ,14630.0,14550.0,14480.0,14480.0,-0.005468215994531733,-0.01025290498974707,-0.01025290498974707,
264,20260527900635,00350048,오성첨단소재,052420,주권매매거래정지해제              (액면병합 주권 변경상장),2026-05-27,KOSDAQ,14480.0,11830.0,10310.0,9300.0,-0.18301104972375692,-0.2879834254143646,-0.35773480662983426,
1176389,20220323902054,00923826,일월지엠엘,178780,주권매매거래정지기간변경(상장폐지 사유 발생 및 상장적격성 실질심사 대상(사유발생)),2022-03-23,KOSDAQ,4750.0,4750.0,4750.0,4750.0,0.0,0.0,0.0,
1076143,20220816902814,00923826,일월지엠엘,178780,주권매매거래정지기간변경(상장폐지 사유 발생),2022-08-16,KOSDAQ,4750.0,4750.0,4750.0,4750.0,0.0,0.0,0.0,
1065304,20220906900544,00923826,일월지엠엘,178780,주권매매거래정지기간변경(개선기간 부여),2022-09-06,KOSDAQ,4750.0,4750.0,4750.0,4750.0,0.0,0.0,0.0,
1065302,20220906900547,00923826,일월지엠엘,178780,[기재정정]주권매매거래정지기간변경(개선기간 부여),2022-09-06,KOSDAQ,4750.0,4750.0,4750.0,4750.0,0.0,0.0,0.0,
1020950,20221214900989,00923826,일월지엠엘,178780,주권매매거래정지기간변경(상장폐지 사유 일부해소 및 개선기간 부여),2022-12-14,KOSDAQ,4750.0,4750.0,4750.0,4750.0,0.0,0.0,0.0,
1020949,20221214900990,00923826,일월지엠엘,178780,기타시장안내(감사의견 관련 형식적 상장폐지 사유 일부해소 및 매매거래정지 지속 안내),2022-12-14,KOSDAQ,4750.0,4750.0,4750.0,4750.0,0.0,0.0,0.0,
1003933,20230119900486,00923826,일월지엠엘,178780,"주권매매거래정지기간변경(주식의 병합, 분할 등 전자등록 변경, 말소)",2023-01-19,KOSDAQ,4750.0,4750.0,4750.0,4750.0,0.0,0.0,0.0,
991787,20230215901088,00923826,일월지엠엘,178780,주권매매거래정지기간변경(감자 주권 변경상장),2023-02-15,KOSDAQ,4750.0,4750.0,4750.0,4750.0,0.0,0.0,0.0,
924393,20230407901236,00923826,일월지엠엘,178780,기타시장안내(감사의견 관련 형식적 상장폐지 사유 해소 및 매매거래정지 지속 안내),2023-04-07,KOSDAQ,4750.0,4750.0,4750.0,4750.0,0.0,0.0,0.0,
924392,20230407901248,00923826,일월지엠엘,178780,주권매매거래정지기간변경(상장폐지 사유 해소),2023-04-07,KOSDAQ,4750.0,4750.0,4750.0,4750.0,0.0,0.0,0.0,
888376,20230523900427,00923826,일월지엠엘,178780,주권매매거래정지기간변경(상장적격성 실질심사 대상 결정),2023-05-23,KOSDAQ,4750.0,4750.0,4750.0,4750.0,0.0,0.0,0.0,
796333,20231127900550,00923826,일월지엠엘,178780,주권매매거래정지기간변경(개선기간 부여),2023-11-27,KOSDAQ,4750.0,4750.0,4750.0,4750.0,0.0,0.0,0.0,
522637,20250114900569,00923826,일월지엠엘,178780,주권매매거래정지해제              (상장유지 결정),2025-01-14,KOSDAQ,4750.0,3325.0,3370.0,3455.0,-0.30000000000000004,-0.29052631578947363,-0.27263157894736845,
1176386,20220323902063,00660033,씨엔플러스,115530,주권매매거래정지기간변경(상장폐지 사유 해소),2022-03-23,KOSDAQ,8000.0,8000.0,8000.0,8000.0,0.0,0.0,0.0,
1176385,20220323902067,00660033,씨엔플러스,115530,기타시장안내(감사의견 관련 형식적 상장폐지 사유해소 및 매매거래정지 지속),2022-03-23,KOSDAQ,8000.0,8000.0,8000.0,8000.0,0.0,0.0,0.0,
20649,20260428900668,00660033,씨엔플러스,115530,"주권매매거래정지              (주식의 병합, 분할 등 전자등록 변경, 말소)",2026-04-28,KOSDAQ,3200.0,3210.0,3360.0,3360.0,0.0031250000000000444,0.050000000000000044,0.050000000000000044,
3007,20260522900739,00660033,씨엔플러스,115530,주권매매거래정지해제              (액면병합 주권 변경상장),2026-05-22,KOSDAQ,3360.0,3030.0,2525.0,2200.0,-0.0982142857142857,-0.24851190476190477,-0.34523809523809523,
1175611,20220324800859,01524093,DL이앤씨,375500,매매거래정지및정지해제(중요내용공시),2022-03-24,KOSPI,65351.0,67104.0,67605.0,66353.0,0.02682437912197222,0.034490673440345176,0.015332588636746136,
1176194,20220324900117,00766106,엣지파운드리,105550,주권매매거래정지(무상증자),2022-03-24,KOSDAQ,4060.0,3995.0,3975.0,3935.0,-0.016009852216748777,-0.020935960591133007,-0.030788177339901468,
1172159,20220328901180,01144569,피엔티엠에스,257370,주권매매거래정지기간변경(상장폐지 사유 발생),2022-03-28,KOSDAQ,9970.0,9970.0,9970.0,9970.0,0.0,0.0,0.0,
1077201,20220816901696,01144569,피엔티엠에스,257370,주권매매거래정지기간변경(상장폐지 사유 발생),2022-08-16,KOSDAQ,9970.0,9970.0,9970.0,9970.0,0.0,0.0,0.0,
1065306,20220906900538,01144569,피엔티엠에스,257370,주권매매거래정지기간변경(개선기간 부여),2022-09-06,KOSDAQ,9970.0,9970.0,9970.0,9970.0,0.0,0.0,0.0,
1033672,20221121900493,01144569,피엔티엠에스,257370,주권매매거래정지기간변경(상장폐지 사유 해소),2022-11-21,KOSDAQ,9970.0,9970.0,9970.0,9970.0,0.0,0.0,0.0,
1033671,20221121900496,01144569,피엔티엠에스,257370,기타시장안내(감사의견 관련 형식적 상장폐지 사유해소 및 매매거래정지 지속안내),2022-11-21,KOSDAQ,9970.0,9970.0,9970.0,9970.0,0.0,0.0,0.0,
1008778,20230106900695,01144569,피엔티엠에스,257370,주권매매거래정지기간변경(개선기간 부여),2023-01-06,KOSDAQ,9970.0,9970.0,9970.0,9970.0,0.0,0.0,0.0,
662985,20240422900713,01144569,피엔티엠에스,257370,주권매매거래정지기간변경              (개선기간 부여),2024-04-22,KOSDAQ,9970.0,9970.0,9970.0,9970.0,0.0,0.0,0.0,
572797,20241008900709,01144569,피엔티엠에스,257370,주권매매거래정지해제              (상장유지 결정),2024-10-08,KOSDAQ,9970.0,8180.0,6830.0,6100.0,-0.1795386158475426,-0.3149448345035105,-0.38816449348044135,
1171922,20220328901531,01311310,지아이텍,382480,"주권매매거래정지(주식의 병합, 분할 등 전자등록 변경, 말소)",2022-03-28,KOSDAQ,4450.0,4380.0,4430.0,4430.0,-0.01573033707865168,-0.004494382022471877,-0.004494382022471877,
1157053,20220404900632,01311310,지아이텍,382480,주권매매거래정지해제(액면분할 주권 변경상장),2022-04-04,KOSDAQ,4430.0,4155.0,4085.0,3955.0,-0.06207674943566588,-0.07787810383747173,-0.10722347629796836,
1171335,20220329900629,01063954,수젠텍,253840,주권매매거래정지(단일판매공급계약),2022-03-29,KOSDAQ,15050.0,15100.0,14800.0,14300.0,0.0033222591362125353,-0.01661129568106312,-0.04983388704318936,
1171304,20220329900679,01063954,수젠텍,253840,[기재정정]주권매매거래정지(단일판매공급계약),2022-03-29,KOSDAQ,15050.0,15100.0,14800.0,14300.0,0.0033222591362125353,-0.01661129568106312,-0.04983388704318936,
1169898,20220329902627,00962393,포인트모바일,318020,주권매매거래정지(풍문 또는 보도 관련),2022-03-29,KOSDAQ,11500.0,11500.0,11500.0,11500.0,0.0,0.0,0.0,
1169815,20220329902741,00962393,포인트모바일,318020,주권매매거래정지기간변경(상장폐지 사유 발생),2022-03-29,KOSDAQ,11500.0,11500.0,11500.0,11500.0,0.0,0.0,0.0,
1131285,20220418900650,00962393,포인트모바일,318020,주권매매거래정지기간변경(개선기간 부여),2022-04-18,KOSDAQ,11500.0,11500.0,11500.0,11500.0,0.0,0.0,0.0,
952569,20230328901718,00962393,포인트모바일,318020,주권매매거래정지기간변경(상장적격성 실질심사 사유발생),2023-03-28,KOSDAQ,11500.0,11500.0,11500.0,11500.0,0.0,0.0,0.0,
924374,20230407901281,00962393,포인트모바일,318020,주권매매거래정지기간변경(사업보고서 미제출),2023-04-07,KOSDAQ,11500.0,11500.0,11500.0,11500.0,0.0,0.0,0.0,
907942,20230417900555,00962393,포인트모바일,318020,주권매매거래정지기간변경(상장폐지 사유 발생),2023-04-17,KOSDAQ,11500.0,11500.0,11500.0,11500.0,0.0,0.0,0.0,
907344,20230418900628,00962393,포인트모바일,318020,주권매매거래정지기간변경(사업보고서 미제출 사유 해소),2023-04-18,KOSDAQ,11500.0,11500.0,11500.0,11500.0,0.0,0.0,0.0,
854772,20230731900773,00962393,포인트모바일,318020,주권매매거래정지기간변경(상장폐지 사유 해소),2023-07-31,KOSDAQ,11500.0,11500.0,11500.0,11500.0,0.0,0.0,0.0,
854771,20230731900774,00962393,포인트모바일,318020,기타시장안내(형식적 상장폐지 사유 해소 및 매매거래정지 지속 안내),2023-07-31,KOSDAQ,11500.0,11500.0,11500.0,11500.0,0.0,0.0,0.0,
829469,20230912900497,00962393,포인트모바일,318020,주권매매거래정지기간변경(상장적격성 실질심사 대상 결정),2023-09-12,KOSDAQ,11500.0,11500.0,11500.0,11500.0,0.0,0.0,0.0,
808056,20231107900691,00962393,포인트모바일,318020,주권매매거래정지기간변경(개선기간 부여),2023-11-07,KOSDAQ,11500.0,11500.0,11500.0,11500.0,0.0,0.0,0.0,
662391,20240423900729,00962393,포인트모바일,318020,주권매매거래정지해제              (상장유지 결정),2024-04-23,KOSDAQ,11500.0,9920.0,8660.0,7800.0,-0.1373913043478261,-0.2469565217391304,-0.32173913043478264,
1168898,20220330800806,01310269,IPARK현대산업개발,294870,매매거래정지및정지해제(중요내용공시),2022-03-30,KOSPI,15700.0,15100.0,15150.0,15300.0,-0.03821656050955413,-0.035031847133757954,-0.02547770700636942,
1135221,20220413800677,01310269,IPARK현대산업개발,294870,매매거래정지및정지해제(중요내용공시),2022-04-13,KOSPI,14950.0,14850.0,14650.0,14550.0,-0.006688963210702337,-0.02006688963210701,-0.026755852842809347,
397318,20250516800133,01310269,IPARK현대산업개발,294870,매매거래정지및정지해제(중요내용공시),2025-05-16,KOSPI,24850.0,24450.0,24400.0,25650.0,-0.01609657947686116,-0.01810865191146882,0.03219315895372232,
1168383,20220330901441,00471068,덕산하이메탈,077360,주권매매거래정지(무상증자),2022-03-30,KOSDAQ,9300.0,9425.0,9550.0,9525.0,0.013440860215053752,0.026881720430107503,0.024193548387096753,
1167628,20220330902458,00838005,서진시스템,178320,주권매매거래정지(무상증자),2022-03-30,KOSDAQ,18574.0,19700.0,19750.0,19700.0,0.060622375363411196,0.06331431032626256,0.060622375363411196,
654098,20240508900406,00838005,서진시스템,178320,주권매매거래정지              (분할),2024-05-08,KOSDAQ,26300.0,26300.0,26300.0,25500.0,0.0,0.0,-0.03041825095057038,
653912,20240508900646,00838005,서진시스템,178320,주권매매거래정지기간변경              (상장적격성 실질심사 대상 (사유발생))),2024-05-08,KOSDAQ,26300.0,26300.0,26300.0,25500.0,0.0,0.0,-0.03041825095057038,
649924,20240514901695,00838005,서진시스템,178320,주권매매거래정지해제              (상장적격성 실질심사 대상 제외 결정),2024-05-14,KOSDAQ,26300.0,25500.0,25200.0,27850.0,-0.03041825095057038,-0.041825095057034245,0.05893536121673004,
1160195,20220401600880,00531078,유비온,084440,"주권매매거래정지(주식의 병합, 분할 등 전자등록 변경, 말소)",2022-04-01,KOSDAQ,12000.0,11750.0,11800.0,11800.0,-0.02083333333333337,-0.01666666666666672,-0.01666666666666672,
1130217,20220420600731,00531078,유비온,084440,주권매매거래정지해제(액면분할 주권 변경상장),2022-04-20,KOSDAQ,11800.0,11800.0,11800.0,2480.0,0.0,0.0,-0.7898305084745763,
1160813,20220401900581,00765462,씨에스베어링,297090,주권매매거래정지(무상증자),2022-04-01,KOSDAQ,8842.0,7635.0,7542.0,7983.0,-0.13650757747116038,-0.14702555982809318,-0.09714996607102466,
1158215,20220404900277,00911229,라온로보틱스,232680,주권매매거래정지(무상증자),2022-04-04,KOSDAQ,17018.0,17378.0,17618.0,19820.0,0.021154072158890536,0.035256786931484374,0.16464919497003172,
1155829,20220405900199,01170865,네오셈,253590,주권매매거래정지(단일판매공급계약),2022-04-05,KOSDAQ,4230.0,4130.0,4005.0,3855.0,-0.023640661938534313,-0.05319148936170215,-0.08865248226950351,
1153510,20220405900938,00876908,모트렉스,118990,"주권매매거래정지(주식의 병합, 분할 등 전자등록 변경, 말소)",2022-04-05,KOSDAQ,10032.0,9729.0,9998.0,9998.0,-0.03020334928229662,-0.003389154704944164,-0.003389154704944164,
1120219,20220517900214,00876908,모트렉스,118990,주권매매거래정지(무상증자),2022-05-17,KOSDAQ,12922.0,13577.0,13191.0,12401.0,0.05068874787184652,0.020817210958056,-0.04031883609348397,
1150979,20220406900545,01160363,에코프로비엠,247540,주권매매거래정지(무상증자),2022-04-06,KOSDAQ,104714.0,106270.0,115758.0,114745.0,0.014859522126936309,0.10546822774414122,0.09579425864736324,
1150875,20220406900581,00325112,프로텍,053610,주권매매거래정지(풍문 또는 보도 관련),2022-04-06,KOSDAQ,29300.0,29300.0,29300.0,29300.0,0.0,0.0,0.0,
1150407,20220406900764,00325112,프로텍,053610,주권매매거래정지기간변경(상장적격성 실질심사 대상(사유발생)),2022-04-06,KOSDAQ,29300.0,29300.0,29300.0,29300.0,0.0,0.0,0.0,
1127963,20220504900727,00325112,프로텍,053610,주권매매거래정지해제(상장적격성 실질심사 대상 제외 결정),2022-05-04,KOSDAQ,29300.0,28850.0,26650.0,27850.0,-0.015358361774744034,-0.09044368600682595,-0.04948805460750849,
692305,20240403900686,00325112,프로텍,053610,주권매매거래정지              (회계처리 기준위반),2024-04-03,KOSDAQ,49250.0,46000.0,44900.0,43350.0,-0.06598984771573602,-0.08832487309644665,-0.11979695431472082,
1147875,20220407600613,01419135,이노진,344860,"주권매매거래정지(주식의 병합, 분할 등 전자등록 변경, 말소)",2022-04-07,KOSDAQ,31000.0,32000.0,32500.0,32500.0,0.032258064516129004,0.048387096774193505,0.048387096774193505,
1148024,20220407800574,00118026,동원산업,006040,매매거래정지및정지해제(우회상장심사),2022-04-07,KOSPI,48193.0,48193.0,41374.0,43374.0,0.0,-0.14149357790550499,-0.09999377502956863,
770057,20240116800147,00118026,동원산업,006040,매매거래정지및정지해제(중요내용공시),2024-01-16,KOSPI,35963.0,34826.0,33508.0,31962.0,-0.03161582737813862,-0.06826460528876899,-0.11125323248894692,
539896,20241212800198,00118026,동원산업,006040,매매거래정지및정지해제(중요내용공시),2024-12-12,KOSPI,34417.0,34872.0,35645.0,35190.0,0.013220210942266997,0.03568004183978846,0.022459830897521682,
416324,20250414800683,00118026,동원산업,006040,매매거래정지및정지해제(중요내용공시),2025-04-14,KOSPI,36000.0,39900.0,42200.0,42700.0,0.10833333333333339,0.17222222222222228,0.18611111111111112,
1147514,20220407800730,00357360,한세엠케이,069640,매매거래정지및정지해제(중요내용공시),2022-04-07,KOSPI,8536.0,8438.0,8064.0,7824.0,-0.01148078725398316,-0.05529522024367384,-0.08341143392689787,
1095786,20220705800499,00357360,한세엠케이,069640,매매거래정지및정지해제(중요내용공시),2022-07-05,KOSPI,6050.0,5880.0,6040.0,5854.0,-0.028099173553719048,-0.0016528925619834212,-0.03239669421487601,
1148488,20220407900389,00385415,일신바이오,068330,주권매매거래정지(풍문 또는 보도 관련),2022-04-07,KOSDAQ,2850.0,2850.0,2850.0,2850.0,0.0,0.0,0.0,
1147415,20220407900768,00385415,일신바이오,068330,주권매매거래정지기간변경(상장폐지 사유 발생),2022-04-07,KOSDAQ,2850.0,2850.0,2850.0,2850.0,0.0,0.0,0.0,
1130244,20220420900691,00385415,일신바이오,068330,주권매매거래정지기간변경(개선기간 부여),2022-04-20,KOSDAQ,2850.0,2850.0,2850.0,2850.0,0.0,0.0,0.0,
1082876,20220805900596,00385415,일신바이오,068330,기타시장안내(감사의견 관련 형식적 상장폐지 사유해소 및 매매거래정지 지속 안내),2022-08-05,KOSDAQ,2850.0,2850.0,2850.0,2850.0,0.0,0.0,0.0,
1082875,20220805900598,00385415,일신바이오,068330,주권매매거래정지기간변경(상장폐지 사유 해소),2022-08-05,KOSDAQ,2850.0,2850.0,2850.0,2850.0,0.0,0.0,0.0,
1061889,20220916900535,00385415,일신바이오,068330,주권매매거래정지해제(상장적격성 실질심사 대상 제외 결정),2022-09-16,KOSDAQ,2850.0,2510.0,2485.0,2160.0,-0.11929824561403513,-0.12807017543859645,-0.2421052631578947,
1145060,20220408900443,01110678,유틸렉스,263050,주권매매거래정지(무상증자),2022-04-08,KOSDAQ,11149.0,9164.0,8858.0,8950.0,-0.17804287380034078,-0.20548928154991475,-0.1972374203964481,
258596,20260206902826,01110678,유틸렉스,263050,주권매매거래정지              (상장적격성 실질심사 대상 (사유발생)),2026-02-06,KOSDAQ,959.0,959.0,959.0,959.0,0.0,0.0,0.0,
246695,20260224901346,01110678,유틸렉스,263050,주권매매거래정지기간변경              (회생절차개시신청),2026-02-24,KOSDAQ,959.0,959.0,959.0,959.0,0.0,0.0,0.0,
78681,20260326903603,01110678,유틸렉스,263050,주권매매거래정지기간변경              (상장적격성 실질심사 대상 결정),2026-03-26,KOSDAQ,959.0,959.0,959.0,959.0,0.0,0.0,0.0,
76157,20260327902893,01110678,유틸렉스,263050,주권매매거래정지기간변경              (상장폐지 사유 발생),2026-03-27,KOSDAQ,959.0,959.0,959.0,959.0,0.0,0.0,0.0,
73701,20260330902294,01110678,유틸렉스,263050,주권매매거래정지기간변경              (회생절차 개시결정),2026-03-30,KOSDAQ,959.0,959.0,959.0,959.0,0.0,0.0,0.0,
24970,20260421900681,01110678,유틸렉스,263050,주권매매거래정지기간변경              (개선기간 부여),2026-04-21,KOSDAQ,959.0,959.0,959.0,959.0,0.0,0.0,0.0,
5455,20260518900999,01110678,유틸렉스,263050,주권매매거래정지기간변경              (상장폐지 사유 발생),2026-05-18,KOSDAQ,959.0,959.0,959.0,959.0,0.0,0.0,0.0,
1144964,20220408900485,01407158,이노테나,333050,주권매매거래정지(SPAC 합병(예비심사청구대상)),2022-04-08,KOSDAQ,11758.0,11758.0,11758.0,11758.0,0.0,0.0,0.0,
1091765,20220714900494,01407158,이노테나,333050,주권매매거래정지해제(상장예비심사결과 통지(승인)),2022-07-14,KOSDAQ,11758.0,11983.0,11958.0,11308.0,0.019135907467256352,0.01700969552645004,-0.038271814934512705,
24460,20260422900398,01407158,이노테나,333050,"주권매매거래정지              (주식의 병합, 분할 등 전자등록 변경, 말소)",2026-04-22,KOSDAQ,7070.0,7005.0,6970.0,6970.0,-0.009193776520509234,-0.014144271570014189,-0.014144271570014189,
5233,20260519900399,01407158,이노테나,333050,주권매매거래정지해제              (액면병합 주권 변경상장),2026-05-19,KOSDAQ,6970.0,6700.0,6770.0,6500.0,-0.038737446197991354,-0.028694404591104727,-0.06743185078909608,
1143425,20220411900122,01215618,와이엠텍,273640,주권매매거래정지(무상증자),2022-04-11,KOSDAQ,19426.0,18976.0,19051.0,18375.0,-0.023164830639349376,-0.01930402553279109,-0.05410274889323585,
1141635,20220411900379,00140052,에이스침대,003800,주권매매거래정지(관리종목지정우려),2022-04-11,KOSDAQ,45600.0,42700.0,44000.0,42850.0,-0.0635964912280702,-0.03508771929824561,-0.0603070175438597,
1138518,20220412800373,00160302,코스모화학,005420,매매거래정지및정지해제(중요내용공시),2022-04-12,KOSPI,13940.0,13294.0,13079.0,14198.0,-0.04634146341463419,-0.061764705882352944,0.018507890961262596,
1138449,20220412900430,01398151,밸로프,331520,주권매매거래정지(SPAC 합병(예비심사청구대상)),2022-04-12,KOSDAQ,12350.0,12350.0,12350.0,12350.0,0.0,0.0,0.0,
1091767,20220714900479,01398151,밸로프,331520,주권매매거래정지해제(상장예비심사결과 통지(승인)),2022-07-14,KOSDAQ,12350.0,11825.0,13450.0,12075.0,-0.04251012145748989,0.08906882591093113,-0.022267206477732837,
661139,20240425900312,01398151,밸로프,331520,주권매매거래정지              (영업양수도),2024-04-25,KOSDAQ,3765.0,4010.0,4145.0,4585.0,0.06507304116865864,0.10092961487383789,0.21779548472775567,
54245,20260403901404,01398151,밸로프,331520,"주권매매거래정지              (주식의 병합, 분할 등 전자등록 변경, 말소)",2026-04-03,KOSDAQ,2640.0,2620.0,2620.0,2620.0,-0.007575757575757569,-0.007575757575757569,-0.007575757575757569,
19275,20260429900904,01398151,밸로프,331520,주권매매거래정지해제              (액면병합 주권 변경상장),2026-04-29,KOSDAQ,2620.0,2615.0,2615.0,2665.0,-0.001908396946564861,-0.001908396946564861,0.01717557251908386,
1133143,20220414900602,00755739,파인테크닉스,106240,주권매매거래정지(분할),2022-04-14,KOSDAQ,6182.0,5753.0,5710.0,5689.0,-0.06939501779359436,-0.0763506955677774,-0.07974765448075061,
1072553,20220825900395,00755739,파인테크닉스,106240,"주권매매거래정지(주식의 병합, 분할 등 전자등록 변경, 말소)",2022-08-25,KOSDAQ,4212.0,4315.0,4465.0,4465.0,0.024453941120607725,0.06006647673314336,0.06006647673314336,
1055511,20221004900659,00755739,파인테크닉스,106240,주권매매거래정지해제(감자 주권 변경상장),2022-10-04,KOSDAQ,4465.0,4465.0,4465.0,2425.0,0.0,0.0,-0.45688689809630456,
1132122,20220415900681,01041828,JTC,950170,주권매매거래정지(관리종목지정우려),2022-04-15,KOSDAQ,4490.0,3145.0,3290.0,3020.0,-0.29955456570155903,-0.267260579064588,-0.3273942093541202,
1115819,20220527900338,01041828,JTC,950170,주권매매거래정지(관리종목지정사유발생),2022-05-27,KOSDAQ,3755.0,3780.0,3670.0,3750.0,0.0066577896138482195,-0.022636484687083902,-0.0013315579227696217,
1131181,20220419900161,00642897,브레인즈컴퍼니,099390,주권매매거래정지(무상증자),2022-04-19,KOSDAQ,14236.0,14161.0,13883.0,13833.0,-0.005268333801629721,-0.02479629109300363,-0.02830851362742348,
1130995,20220419900383,00268002,세종텔레콤,036630,"주권매매거래정지(주식의 병합, 분할 등 전자등록 변경, 말소)",2022-04-19,KOSDAQ,5150.0,5088.0,5122.0,5122.0,-0.012038834951456301,-0.005436893203883519,-0.005436893203883519,
1117765,20220524900284,00268002,세종텔레콤,036630,주권매매거래정지해제(감자 주권 변경상장),2022-05-24,KOSDAQ,5122.0,5027.0,5000.0,4933.0,-0.018547442405310477,-0.023818820773135463,-0.03689964857477546,
1076464,20220816902508,00268002,세종텔레콤,036630,주권매매거래정지(관리종목지정사유발생),2022-08-16,KOSDAQ,3877.0,2716.0,2661.0,2922.0,-0.29945834408047456,-0.3136445705442352,-0.24632447768893473,
842948,20230816900447,00268002,세종텔레콤,036630,"주권매매거래정지(주식의 병합, 분할 등 전자등록 변경, 말소)",2023-08-16,KOSDAQ,2966.0,2977.0,3033.0,3033.0,0.0037086985839513975,0.022589345920431603,0.022589345920431603,
832154,20230905900667,00268002,세종텔레콤,036630,주권매매거래정지해제(감자 주권 변경상장),2023-09-05,KOSDAQ,3033.0,3033.0,3033.0,3366.0,0.0,0.0,0.10979228486646875,
662522,20240423900544,00268002,세종텔레콤,036630,"주권매매거래정지              (주식의 병합, 분할 등 전자등록 변경, 말소)",2024-04-23,KOSDAQ,3183.0,3200.0,3233.0,3233.0,0.005340873389883649,0.01570845114671693,0.01570845114671693,
651640,20240513900639,00268002,세종텔레콤,036630,주권매매거래정지해제              (감자 주권 변경상장),2024-05-13,KOSDAQ,3233.0,3233.0,3233.0,3183.0,0.0,0.0,-0.01546551190844414,
527486,20250102900494,00268002,세종텔레콤,036630,주권매매거래정지              (자본감소),2025-01-02,KOSDAQ,2044.0,2144.0,2150.0,2127.0,0.048923679060665304,0.051859099804305364,0.04060665362035221,
483524,20250311901668,00268002,세종텔레콤,036630,"주권매매거래정지              (주식의 병합, 분할 등 전자등록 변경, 말소)",2025-03-11,KOSDAQ,2200.0,2188.0,2177.0,2177.0,-0.00545454545454549,-0.010454545454545494,-0.010454545454545494,
449467,20250401900975,00268002,세종텔레콤,036630,주권매매거래정지해제              (감자 주권 변경상장),2025-04-01,KOSDAQ,2177.0,2177.0,2177.0,2922.0,0.0,0.0,0.34221405604042254,
429833,20250408900744,00268002,세종텔레콤,036630,"주권매매거래정지              (주식의 병합, 분할 등 전자등록 변경, 말소)",2025-04-08,KOSDAQ,2922.0,2788.0,2927.0,2927.0,-0.04585900068446269,0.0017111567419576534,0.0017111567419576534,
408233,20250429900532,00268002,세종텔레콤,036630,주권매매거래정지해제              (액면병합 주권 변경상장),2025-04-29,KOSDAQ,2927.0,3805.0,4205.0,4166.0,0.29996583532627263,0.43662453023573633,0.4233003074820636,
356224,20250811900691,00268002,세종텔레콤,036630,주권매매거래정지              (자본감소),2025-08-11,KOSDAQ,5733.0,6033.0,6166.0,5944.0,0.05232862375719516,0.07552764695621828,0.03680446537589388,
321678,20251020900293,00268002,세종텔레콤,036630,"주권매매거래정지              (주식의 병합, 분할 등 전자등록 변경, 말소)",2025-10-20,KOSDAQ,6133.0,6000.0,6100.0,6100.0,-0.021685961193543157,-0.005380727213435521,-0.005380727213435521,
312931,20251107900596,00268002,세종텔레콤,036630,주권매매거래정지해제              (감자 주권 변경상장),2025-11-07,KOSDAQ,6100.0,6100.0,6100.0,8760.0,0.0,0.0,0.4360655737704917,
1128811,20220422900774,01405585,윙스풋,335870,주권매매거래정지(SPAC 합병(예비심사청구대상)),2022-04-22,KOSDAQ,2460.0,2460.0,2460.0,2460.0,0.0,0.0,0.0,
1091768,20220714900478,01405585,윙스풋,335870,주권매매거래정지해제(상장예비심사결과 통지(승인)),2022-07-14,KOSDAQ,2460.0,2185.0,2285.0,2295.0,-0.11178861788617889,-0.07113821138211385,-0.06707317073170727,
1127210,20220509900146,01189438,HLB바이오스텝,278650,주권매매거래정지(무상증자),2022-05-09,KOSDAQ,27305.0,26610.0,32640.0,36480.0,-0.025453213697125054,0.19538546053836292,0.3360190441311115,
24926,20260421900696,01189438,HLB바이오스텝,278650,"주권매매거래정지              (주식의 병합, 분할 등 전자등록 변경, 말소)",2026-04-21,KOSDAQ,6595.0,6485.0,6360.0,6360.0,-0.01667930250189542,-0.03563305534495831,-0.03563305534495831,
7703,20260515901765,01189438,HLB바이오스텝,278650,주권매매거래정지해제              (액면병합 주권 변경상장),2026-05-15,KOSDAQ,6360.0,4785.0,4255.0,4080.0,-0.24764150943396224,-0.3309748427672956,-0.3584905660377359,
1127022,20220509900313,00363510,제이케이시냅스,060230,"주권매매거래정지(주식의 병합, 분할 등 전자등록 변경, 말소)",2022-05-09,KOSDAQ,13769.0,12185.0,11419.0,11419.0,-0.11504103420727718,-0.17067325150700852,-0.17067325150700852,
1109269,20220603900500,00363510,제이케이시냅스,060230,주권매매거래정지해제(액면병합 주권 변경상장),2022-06-03,KOSDAQ,11419.0,11442.0,10087.0,12883.0,0.0020141868815133357,-0.11664769244242057,0.1282073736754532,
616814,20240715900576,00363510,제이케이시냅스,060230,주권매매거래정지              (자본감소),2024-07-15,KOSDAQ,3251.0,2276.0,2374.0,2301.0,-0.29990772070132266,-0.26976314980006155,-0.29221777914487845,
602741,20240813901081,00363510,제이케이시냅스,060230,"주권매매거래정지              (주식의 병합, 분할 등 전자등록 변경, 말소)",2024-08-13,KOSDAQ,2372.0,2284.0,2563.0,2563.0,-0.03709949409780777,0.0805227655986509,0.0805227655986509,
577937,20240925900626,00363510,제이케이시냅스,060230,주권매매거래정지해제              (감자 주권 및 액면분할 변경상장),2024-09-25,KOSDAQ,2563.0,2563.0,2563.0,1927.0,0.0,0.0,-0.24814670308232545,
515660,20250203901384,00363510,제이케이시냅스,060230,주권매매거래정지              (불성실공시법인 지정),2025-02-03,KOSDAQ,2064.0,2064.0,2016.0,1969.0,0.0,-0.023255813953488413,-0.04602713178294571,
335146,20250911900292,00363510,제이케이시냅스,060230,주권매매거래정지              (자본감소),2025-09-11,KOSDAQ,910.0,711.0,696.0,732.0,-0.21868131868131868,-0.23516483516483522,-0.19560439560439558,
326926,20250930900980,00363510,제이케이시냅스,060230,"주권매매거래정지              (주식의 병합, 분할 등 전자등록 변경, 말소)",2025-09-30,KOSDAQ,740.0,690.0,711.0,711.0,-0.06756756756756754,-0.03918918918918923,-0.03918918918918923,
316452,20251030900820,00363510,제이케이시냅스,060230,주권매매거래정지해제              (감자 주권 변경상장),2025-10-30,KOSDAQ,711.0,711.0,711.0,623.0,0.0,0.0,-0.12376933895921238,
261912,20260204901332,00363510,제이케이시냅스,060230,주권매매거래정지              (풍문 또는 보도 관련),2026-02-04,KOSDAQ,707.0,707.0,707.0,444.0,0.0,0.0,-0.37199434229137196,
260955,20260205900978,00363510,제이케이시냅스,060230,주권매매거래정지기간변경              (풍문사유(채권자에 의한 파산신청설) 미해소),2026-02-05,KOSDAQ,707.0,707.0,578.0,544.0,0.0,-0.18246110325318243,-0.23055162659123052,
258593,20260206902816,00363510,제이케이시냅스,060230,주권매매거래정지해제              (풍문 등 조회결과 공시),2026-02-06,KOSDAQ,707.0,578.0,551.0,394.0,-0.18246110325318243,-0.2206506364922206,-0.4427157001414427,
248868,20260220901145,00363510,제이케이시냅스,060230,"주권매매거래정지              (주식의 병합, 분할 등 전자등록 변경, 말소)",2026-02-20,KOSDAQ,358.0,388.0,368.0,368.0,0.08379888268156432,0.027932960893854775,0.027932960893854775,
88287,20260319902089,00363510,제이케이시냅스,060230,주권매매거래정지해제              (액면분할 주권 변경상장),2026-03-19,KOSDAQ,368.0,478.0,506.0,490.0,0.298913043478261,0.375,0.3315217391304348,
116989,20260616900631,00363510,제이케이시냅스,060230,"주권매매거래정지              (주식의 병합, 분할 등 전자등록 변경, 말소)",2026-06-16,KOSDAQ,250.0,285.0,299.0,299.0,0.1399999999999999,0.19599999999999995,0.19599999999999995,
1125946,20220511900143,00562245,태웅로직스,124560,주권매매거래정지(무상증자),2022-05-11,KOSDAQ,6365.0,6595.0,6722.0,8046.0,0.03613511390416346,0.05608798114689706,0.264100549882168,
1125536,20220511900593,00356839,메디콕스,054180,주권매매거래정지(자본감소),2022-05-11,KOSDAQ,52575.0,43395.0,47535.0,48360.0,-0.17460770328102715,-0.09586305278174034,-0.08017118402282453,
1103206,20220621900277,00356839,메디콕스,054180,"주권매매거래정지(주식의 병합, 분할 등 전자등록 변경, 말소)",2022-06-21,KOSDAQ,48510.0,42645.0,40620.0,40620.0,-0.12090290661719238,-0.16264687693259117,-0.16264687693259117,
1092715,20220712900482,00356839,메디콕스,054180,주권매매거래정지해제(감자 주권 변경상장),2022-07-12,KOSDAQ,40620.0,40620.0,40620.0,40845.0,0.0,0.0,0.005539143279172931,
1049150,20221020900329,00356839,메디콕스,054180,주권매매거래정지(무상증자),2022-10-20,KOSDAQ,84105.0,73590.0,71865.0,67275.0,-0.12502229356161942,-0.14553237025147137,-0.20010700909577317,
821045,20231005900706,00356839,메디콕스,054180,주권매매거래정지(불성실공시법인 지정),2023-10-05,KOSDAQ,11850.0,11850.0,10470.0,11025.0,0.0,-0.1164556962025316,-0.069620253164557,
533474,20241219900715,00356839,메디콕스,054180,주권매매거래정지              (불성실공시법인 지정),2024-12-19,KOSDAQ,5070.0,5070.0,4875.0,4710.0,0.0,-0.038461538461538436,-0.07100591715976334,
374356,20250630901115,00356839,메디콕스,054180,"주권매매거래정지              (주식의 병합, 분할 등 전자등록 변경, 말소)",2025-06-30,KOSDAQ,2220.0,2565.0,2295.0,2295.0,0.15540540540540548,0.03378378378378377,0.03378378378378377,
366071,20250721900438,00356839,메디콕스,054180,주권매매거래정지기간변경              (상장적격성 실질심사 대상(사유발생)),2025-07-21,KOSDAQ,2295.0,2295.0,2295.0,2295.0,0.0,0.0,0.0,
361473,20250731900156,00356839,메디콕스,054180,주권매매거래정지기간변경              (감자 주권 변경상장),2025-07-31,KOSDAQ,2295.0,2295.0,2295.0,2295.0,0.0,0.0,0.0,
338901,20250902900345,00356839,메디콕스,054180,주권매매거래정지기간변경              (상장적격성 실질심사 대상 결정),2025-09-02,KOSDAQ,2295.0,2295.0,2295.0,2295.0,0.0,0.0,0.0,
318593,20251027900590,00356839,메디콕스,054180,주권매매거래정지기간변경              (상장폐지 사유 발생),2025-10-27,KOSDAQ,2295.0,2295.0,2295.0,2295.0,0.0,0.0,0.0,
292956,20251210900764,00356839,메디콕스,054180,주권매매거래정지기간변경              (개선기간 부여),2025-12-10,KOSDAQ,2295.0,2295.0,2295.0,2295.0,0.0,0.0,0.0,
84317,20260323902753,00356839,메디콕스,054180,주권매매거래정지기간변경              (상장폐지 사유 발생),2026-03-23,KOSDAQ,2295.0,2295.0,2295.0,2295.0,0.0,0.0,0.0,
31412,20260413901026,00356839,메디콕스,054180,주권매매거래정지기간변경              (개선기간 부여),2026-04-13,KOSDAQ,2295.0,2295.0,2295.0,2295.0,0.0,0.0,0.0,
1125274,20220512900197,01267967,마이크로디지탈,305090,주권매매거래정지(무상증자),2022-05-12,KOSDAQ,7781.0,7355.0,7080.0,7280.0,-0.05474874694769305,-0.09009124791157952,-0.0643876108469349,
749959,20240220900845,01267967,마이크로디지탈,305090,주권매매거래정지              (불성실공시법인 지정),2024-02-20,KOSDAQ,5930.0,5930.0,5950.0,6000.0,0.0,0.003372681281618828,0.01180438448566612,
1122624,20220516900550,01051065,엔비티,236810,주권매매거래정지(무상증자),2022-05-16,KOSDAQ,9625.0,9275.0,9250.0,9200.0,-0.036363636363636376,-0.038961038961038974,-0.04415584415584417,
1121771,20220516901331,00242712,엘컴텍,037950,주권매매거래정지(영업양수도),2022-05-16,KOSDAQ,7442.0,8044.0,7880.0,7880.0,0.08089223327062611,0.05885514646600387,0.05885514646600387,
384479,20250610900430,00242712,엘컴텍,037950,주권매매거래정지              (중요한 영업정지),2025-06-10,KOSDAQ,5450.0,5204.0,5078.0,5138.0,-0.045137614678899096,-0.06825688073394498,-0.057247706422018374,
272045,20260116900720,00242712,엘컴텍,037950,주권매매거래정지              (자본감소),2026-01-16,KOSDAQ,4498.0,4131.0,4317.0,4498.0,-0.08159181858603826,-0.04024010671409517,0.0,
28778,20260414900822,00242712,엘컴텍,037950,"주권매매거래정지              (주식의 병합, 분할 등 전자등록 변경, 말소)",2026-04-14,KOSDAQ,3951.0,3890.0,3880.0,3880.0,-0.01543912933434577,-0.01797013414325488,-0.01797013414325488,
16046,20260504900745,00242712,엘컴텍,037950,주권매매거래정지해제              (감자 주권 변경상장),2026-05-04,KOSDAQ,3880.0,3880.0,3880.0,3035.0,0.0,0.0,-0.21778350515463918,
1121579,20220516901573,00258421,기산텔레콤,035460,주권매매거래정지(상장적격성 실질심사 대상 (사유발생)),2022-05-16,KOSDAQ,6690.0,6690.0,6690.0,6690.0,0.0,0.0,0.0,
1100834,20220624900590,00258421,기산텔레콤,035460,주권매매거래정지해제(상장적격성 실질심사 대상 제외 결정),2022-06-24,KOSDAQ,6690.0,5190.0,4390.0,3600.0,-0.22421524663677128,-0.343796711509716,-0.4618834080717489,
1121442,20220516901679,00867478,아시아종묘,154030,주권매매거래정지(풍문 또는 보도 관련),2022-05-16,KOSDAQ,6550.0,5100.0,4750.0,4805.0,-0.22137404580152675,-0.2748091603053435,-0.266412213740458,
1120476,20220516902646,00867478,아시아종묘,154030,주권매매거래정지기간변경(관리종목지정사유 발생),2022-05-16,KOSDAQ,6550.0,5100.0,4750.0,4805.0,-0.22137404580152675,-0.2748091603053435,-0.266412213740458,
1119329,20220519900262,00244561,그래디언트,035080,주권매매거래정지해제(액면병합 주권 변경상장),2022-05-19,KOSDAQ,22600.0,21850.0,23450.0,23450.0,-0.0331858407079646,0.03761061946902644,0.03761061946902644,
1118654,20220520900523,00988364,SGA솔루션즈,184230,주권매매거래정지(중요한 영업정지),2022-05-20,KOSDAQ,4690.0,4740.0,4555.0,4580.0,0.010660980810234477,-0.028784648187633266,-0.023454157782516027,
20747,20260428900545,00988364,SGA솔루션즈,184230,"주권매매거래정지              (주식의 병합, 분할 등 전자등록 변경, 말소)",2026-04-28,KOSDAQ,3745.0,3585.0,3770.0,3770.0,-0.042723631508678195,0.006675567423231055,0.006675567423231055,
7806,20260515901633,00988364,SGA솔루션즈,184230,주권매매거래정지해제              (액면병합 주권 변경상장),2026-05-15,KOSDAQ,3770.0,3315.0,3100.0,3860.0,-0.12068965517241381,-0.17771883289124668,0.023872679045092937,
1118269,20220523800253,00361008,한화엔진,082740,매매거래정지및정지해제(중요내용공시),2022-05-23,KOSPI,7099.0,6299.0,6480.0,6676.0,-0.11269192844062548,-0.08719537963093393,-0.059585857162980704,
1118381,20220523900134,00692254,아이패밀리에스씨,114840,주권매매거래정지(무상증자),2022-05-23,KOSDAQ,7352.0,7464.0,7389.0,7427.0,0.015233949945593128,0.005032644178454948,0.01020130576713818,
754146,20240214900582,00692254,아이패밀리에스씨,114840,주권매매거래정지              (무상증자),2024-02-14,KOSDAQ,17154.0,16954.0,17529.0,17129.0,-0.011659088259298178,0.021860790486184056,-0.0014573860324123,
1118230,20220523900329,01064069,토박스코리아,215480,주권매매거래정지해제(액면병합 주권 변경상장),2022-05-23,KOSDAQ,6930.0,6280.0,7500.0,6130.0,-0.09379509379509376,0.08225108225108224,-0.11544011544011545,
1117735,20220524900329,00299464,초록뱀미디어,047820,주권매매거래정지해제(액면병합 주권 변경상장),2022-05-24,KOSDAQ,37575.0,33975.0,33150.0,32850.0,-0.09580838323353291,-0.11776447105788423,-0.12574850299401197,
869982,20230628900534,00299464,초록뱀미디어,047820,주권매매거래정지(풍문 또는 보도 관련),2023-06-28,KOSDAQ,8100.0,8100.0,8100.0,8100.0,0.0,0.0,0.0,
869196,20230629900536,00299464,초록뱀미디어,047820,주권매매거래정지기간변경(풍문 사유 미해소),2023-06-29,KOSDAQ,8100.0,8100.0,8100.0,8100.0,0.0,0.0,0.0,
860983,20230718900202,00299464,초록뱀미디어,047820,주권매매거래정지기간변경(상장적격성 실질심사 대상(사유발생)),2023-07-18,KOSDAQ,8100.0,8100.0,8100.0,8100.0,0.0,0.0,0.0,
835436,20230830900547,00299464,초록뱀미디어,047820,주권매매거래정지기간변경(상장적격성 실질심사 대상 결정),2023-08-30,KOSDAQ,8100.0,8100.0,8100.0,8100.0,0.0,0.0,0.0,
799199,20231120900670,00299464,초록뱀미디어,047820,주권매매거래정지기간변경(상장폐지 사유 발생),2023-11-20,KOSDAQ,8100.0,8100.0,8100.0,8100.0,0.0,0.0,0.0,
771966,20240110900769,00299464,초록뱀미디어,047820,주권매매거래정지기간변경(개선기간 부여),2024-01-10,KOSDAQ,8100.0,8100.0,8100.0,8100.0,0.0,0.0,0.0,
445179,20250402900947,00299464,초록뱀미디어,047820,주권매매거래정지해제              (상장유지 결정),2025-04-02,KOSDAQ,8100.0,6020.0,5750.0,4780.0,-0.2567901234567901,-0.2901234567901234,-0.40987654320987654,
1117277,20220525900151,00232007,상지건설,042940,주권매매거래정지(단일판매공급계약),2022-05-25,KOSDAQ,38529.0,37437.0,38217.0,35565.0,-0.02834228762750135,-0.008097796465000417,-0.07692906641750374,
660773,20240425900574,00232007,상지건설,042940,"주권매매거래정지              (주식의 병합, 분할 등 전자등록 변경, 말소)",2024-04-25,KOSDAQ,13415.0,13072.0,13633.0,13633.0,-0.02556839358926577,0.01625046589638468,0.01625046589638468,
646508,20240520900382,00232007,상지건설,042940,주권매매거래정지해제              (액면병합 주권 변경상장),2024-05-20,KOSDAQ,13633.0,12370.0,11605.0,11558.0,-0.09264285190346955,-0.14875669331768504,-0.1522042103718917,
607848,20240806900647,00232007,상지건설,042940,주권매매거래정지              (자본감소),2024-08-06,KOSDAQ,9359.0,7066.0,7237.0,9515.0,-0.2450048082060049,-0.22673362538732766,0.01666844748370555,
578761,20240924900245,00232007,상지건설,042940,"주권매매거래정지              (주식의 병합, 분할 등 전자등록 변경, 말소)",2024-09-24,KOSDAQ,6754.0,6551.0,6770.0,6770.0,-0.03005626295528574,0.0023689665383477276,0.0023689665383477276,
572121,20241010900681,00232007,상지건설,042940,주권매매거래정지해제              (감자 주권 변경상장),2024-10-10,KOSDAQ,6770.0,6770.0,6770.0,5970.0,0.0,0.0,-0.1181683899556869,
1117035,20220525900399,01335790,바이젠셀,308080,주권매매거래정지(무상증자),2022-05-25,KOSDAQ,11724.0,13102.0,12751.0,12501.0,0.11753667690208114,0.08759808938928693,0.06627430910951904,
1116567,20220526800171,00143314,에이엔피,015260,매매거래정지및정지해제(중요내용공시),2022-05-26,KOSPI,2550.0,2530.0,2650.0,2630.0,-0.007843137254901933,0.03921568627450989,0.031372549019607954,
1111320,20220531800635,00159786,유니드,014830,매매거래정지및정지해제(중요내용공시),2022-05-31,KOSPI,147370.0,147370.0,143903.0,136968.0,0.0,-0.023525819366221112,-0.07058424374024563,
1110610,20220531900934,00164618,현대사료,016790,"주권매매거래정지(주식의 병합, 분할 등 전자등록 변경, 말소)",2022-05-31,KOSDAQ,9154.0,10289.0,9021.0,9021.0,0.12398951278129777,-0.0145291675770155,-0.0145291675770155,
1103104,20220621900335,00164618,현대사료,016790,주권매매거래정지해제(액면분할 주권 변경상장),2022-06-21,KOSDAQ,9021.0,11722.0,12989.0,10888.0,0.2994124819864761,0.43986254295532645,0.20696153419798247,
1092263,20220713900427,00164618,현대사료,016790,주권매매거래정지(무상증자),2022-07-13,KOSDAQ,15107.0,14140.0,12523.0,13573.0,-0.06401006156086586,-0.17104653471900444,-0.10154233136956381,
821046,20231005900687,00164618,현대사료,016790,주권매매거래정지(불성실공시법인 지정),2023-10-05,KOSDAQ,6890.0,6890.0,6950.0,6700.0,0.0,0.00870827285921627,-0.027576197387518153,
739540,20240229901386,00164618,현대사료,016790,주권매매거래정지              (투자자 보호),2024-02-29,KOSDAQ,994.0,994.0,994.0,994.0,0.0,0.0,0.0,
717759,20240321902870,00164618,현대사료,016790,주권매매거래정지기간변경              (상장폐지 사유 발생),2024-03-21,KOSDAQ,994.0,994.0,994.0,994.0,0.0,0.0,0.0,
676104,20240409900815,00164618,현대사료,016790,주권매매거래정지기간변경              (개선기간 부여),2024-04-09,KOSDAQ,994.0,994.0,994.0,994.0,0.0,0.0,0.0,
580316,20240919900422,00164618,현대사료,016790,주권매매거래정지기간변경              (상장적격성 실질심사 대상(사유발생)),2024-09-19,KOSDAQ,994.0,994.0,994.0,994.0,0.0,0.0,0.0,
457546,20250331900361,00164618,현대사료,016790,기타시장안내              (감사의견 관련 형식적 상장폐지 사유 해소 및 매매거래정지 지속 안내),2025-03-31,KOSDAQ,994.0,994.0,994.0,994.0,0.0,0.0,0.0,
457494,20250331900414,00164618,현대사료,016790,주권매매거래정지기간변경              (상장폐지 사유 해소),2025-03-31,KOSDAQ,994.0,994.0,994.0,994.0,0.0,0.0,0.0,
397596,20250515903139,00164618,현대사료,016790,주권매매거래정지기간변경              (상장적격성 실질심사 대상 결정),2025-05-15,KOSDAQ,994.0,994.0,994.0,994.0,0.0,0.0,0.0,
359240,20250804900427,00164618,현대사료,016790,주권매매거래정지기간변경              (상장폐지 사유 발생),2025-08-04,KOSDAQ,994.0,994.0,994.0,994.0,0.0,0.0,0.0,
322077,20251017900570,00164618,현대사료,016790,주권매매거래정지기간변경              (개선기간 부여),2025-10-17,KOSDAQ,994.0,994.0,994.0,994.0,0.0,0.0,0.0,
118966,20260611900901,00164618,현대사료,016790,주권매매거래정지해제              (상장폐지에 따른 정리매매 개시),2026-06-11,KOSDAQ,994.0,994.0,994.0,994.0,0.0,0.0,0.0,
118413,20260612900601,00164618,현대사료,016790,주권매매거래정지              (투자자 보호),2026-06-12,KOSDAQ,994.0,994.0,994.0,994.0,0.0,0.0,0.0,
1109097,20220607900068,00819073,인크로스,216050,주권매매거래정지(무상증자),2022-06-07,KOSDAQ,22174.0,22393.0,22017.0,21891.0,0.009876431857130052,-0.0070803643907279,-0.012762695048254669,
1108821,20220607900393,00811372,노바렉스,194700,주권매매거래정지(무상증자),2022-06-07,KOSDAQ,17837.0,17215.0,17500.0,16643.0,-0.034871334865728576,-0.018893311655547418,-0.06693950776475865,
1108561,20220608900161,01013694,인카금융서비스,211050,주권매매거래정지(무상증자),2022-06-08,KOSDAQ,1995.0,1830.0,2045.0,1940.0,-0.08270676691729328,0.02506265664160412,-0.027568922305764465,
676254,20240409900683,01013694,인카금융서비스,211050,"주권매매거래정지              (주식의 병합, 분할 등 전자등록 변경, 말소)",2024-04-09,KOSDAQ,4490.0,4640.0,4900.0,4900.0,0.03340757238307357,0.09131403118040082,0.09131403118040082,
659515,20240426900778,01013694,인카금융서비스,211050,주권매매거래정지해제              (액면분할 주권 변경상장),2024-04-26,KOSDAQ,4900.0,4800.0,4925.0,5410.0,-0.020408163265306145,0.005102040816326481,0.10408163265306114,
1108014,20220609900099,00225742,LS마린솔루션,060370,주권매매거래정지(단일판매공급계약),2022-06-09,KOSDAQ,5643.0,5643.0,5081.0,5178.0,0.0,-0.09959241538188912,-0.08240297713981926,
1106021,20220614900217,01307335,공구우먼,366030,주권매매거래정지(무상증자),2022-06-14,KOSDAQ,13265.0,17236.0,14399.0,11329.0,0.2993592159819072,0.08548812664907657,-0.14594798341500193,
1105409,20220615900314,00328191,케이에스피,073010,주권매매거래정지(우회상장여부 및 요건충족확인),2022-06-15,KOSDAQ,2275.0,2226.0,2177.0,2049.0,-0.021538461538461506,-0.043076923076923124,-0.09934065934065939,
1105116,20220615900687,00328191,케이에스피,073010,주권매매거래정지해제(우회상장 미해당),2022-06-15,KOSDAQ,2275.0,2226.0,2177.0,2049.0,-0.021538461538461506,-0.043076923076923124,-0.09934065934065939,
1103044,20220621900438,00668600,케이옥션,102370,주권매매거래정지(무상증자),2022-06-21,KOSDAQ,7086.0,9204.0,7370.0,7870.0,0.29889923793395434,0.04007902907140837,0.11064069997177528,
1103016,20220621900463,01263527,카이노스메드,284620,"주권매매거래정지(주식의 병합, 분할 등 전자등록 변경, 말소)",2022-06-21,KOSDAQ,9424.0,8765.0,9353.0,9353.0,-0.06992784380305606,-0.007533955857385366,-0.007533955857385366,
1093412,20220711900477,01263527,카이노스메드,284620,주권매매거래정지해제(액면병합 주권 변경상장),2022-07-11,KOSDAQ,9353.0,9297.0,8505.0,8619.0,-0.005987383727146356,-0.09066609643964507,-0.0784774938522399,
469609,20250321900954,01263527,카이노스메드,284620,주권매매거래정지              (관리종목지정사유발생),2025-03-21,KOSDAQ,1387.0,1250.0,1198.0,1234.0,-0.09877433309300654,-0.13626532083633747,-0.11031002162941606,
351784,20250814900931,01263527,카이노스메드,284620,주권매매거래정지              (상장적격성 실질심사 대상 (사유발생)),2025-08-14,KOSDAQ,1087.0,1087.0,1087.0,1087.0,0.0,0.0,0.0,
328565,20250926900948,01263527,카이노스메드,284620,주권매매거래정지기간변경              (상장적격성 실질심사 대상 결정),2025-09-26,KOSDAQ,1087.0,1087.0,1087.0,1087.0,0.0,0.0,0.0,
303862,20251121900719,01263527,카이노스메드,284620,주권매매거래정지기간변경              (상장폐지 사유 발생),2025-11-21,KOSDAQ,1087.0,1087.0,1087.0,1087.0,0.0,0.0,0.0,
273383,20260113900716,01263527,카이노스메드,284620,주권매매거래정지해제              (상장폐지에 따른 정리매매 개시),2026-01-13,KOSDAQ,1087.0,1087.0,1087.0,1087.0,0.0,0.0,0.0,
273046,20260114900400,01263527,카이노스메드,284620,주권매매거래정지              (투자자보호),2026-01-14,KOSDAQ,1087.0,1087.0,1087.0,1087.0,0.0,0.0,0.0,
1102691,20220622900078,01251489,라온피플,300120,주권매매거래정지(무상증자),2022-06-22,KOSDAQ,3858.0,3302.0,3843.0,4338.0,-0.14411612234318305,-0.0038880248833592645,0.12441679626749602,
304056,20251121900507,01251489,라온피플,300120,주권매매거래정지              (무상증자),2025-11-21,KOSDAQ,1616.0,1137.0,1122.0,1214.0,-0.2964108910891089,-0.30569306930693074,-0.24876237623762376,
1101789,20220623900316,01569102,라이콤,388790,주권매매거래정지(SPAC 합병(예비심사청구대상)),2022-06-23,KOSDAQ,2140.0,2140.0,2140.0,2140.0,0.0,0.0,0.0,
1046003,20221027900718,01569102,라이콤,388790,주권매매거래정지해제(상장예비심사결과 통지(승인)),2022-10-27,KOSDAQ,2140.0,2255.0,2255.0,2460.0,0.053738317757009435,0.053738317757009435,0.14953271028037385,
1099640,20220628800628,00174527,HS화성,002460,매매거래정지및정지해제(중요내용공시),2022-06-28,KOSPI,17700.0,17850.0,16900.0,16850.0,0.008474576271186418,-0.04519774011299438,-0.04802259887005644,
1099293,20220629900216,01494154,지니너스,389030,주권매매거래정지(무상증자),2022-06-29,KOSDAQ,4087.0,4020.0,3803.0,4203.0,-0.016393442622950838,-0.06948862246146315,0.028382676780034144,
1098235,20220630900317,00982023,실리콘투,257720,주권매매거래정지(무상증자),2022-06-30,KOSDAQ,4467.0,4000.0,4250.0,4267.0,-0.10454443698231475,-0.04857846429370938,-0.04477277815088421,
1096615,20220704900344,00185356,제룡전기,033100,주권매매거래정지(단일판매공급계약),2022-07-04,KOSDAQ,7250.0,7130.0,6500.0,6890.0,-0.016551724137931045,-0.10344827586206895,-0.049655172413793136,
989875,20230220900341,00185356,제룡전기,033100,주권매매거래정지(단일판매공급계약),2023-02-20,KOSDAQ,10830.0,10760.0,10770.0,11300.0,-0.006463527239150557,-0.005540166204986097,0.04339796860572487,
1096416,20220704900557,01053540,퓨쳐켐,220100,주권매매거래정지(무상증자),2022-07-04,KOSDAQ,13938.0,13058.0,13352.0,12178.0,-0.06313674845745443,-0.04204333476825939,-0.12627349691490886,
127553,20260529901518,01053540,퓨쳐켐,220100,주권매매거래정지              (무상증자),2026-05-29,KOSDAQ,15100.0,12880.0,12100.0,10870.0,-0.1470198675496689,-0.19867549668874174,-0.2801324503311259,
1096168,20220705900139,01423837,모아데이타,288980,주권매매거래정지(무상증자),2022-07-05,KOSDAQ,3276.0,4252.0,3743.0,3751.0,0.297924297924298,0.1425518925518925,0.14499389499389492,
1094835,20220707900371,01596656,메쎄이상,408920,주권매매거래정지(SPAC 합병(예비심사청구대상)),2022-07-07,KOSDAQ,2350.0,2350.0,2350.0,2350.0,0.0,0.0,0.0,
1043252,20221103900554,01596656,메쎄이상,408920,주권매매거래정지해제(상장예비심사결과 통지(승인)),2022-11-03,KOSDAQ,2350.0,2335.0,2435.0,2325.0,-0.006382978723404209,0.036170212765957555,-0.010638297872340385,
1093103,20220712900107,01290381,피엔케이피부임상연구센타,347740,주권매매거래정지(무상증자),2022-07-12,KOSDAQ,5388.0,5125.0,5025.0,5350.0,-0.04881217520415737,-0.06737193763919824,-0.007052709725315465,
1092594,20220713900065,00535676,테크윙,089030,주권매매거래정지(무상증자),2022-07-13,KOSDAQ,8278.0,8278.0,8354.0,8532.0,0.0,0.009180961584923875,0.03068374003382468,
1092557,20220713900108,00980043,비큐AI,148780,주권매매거래정지(무상증자),2022-07-13,KOSDAQ,2380.0,2210.0,2230.0,2930.0,-0.0714285714285714,-0.06302521008403361,0.23109243697478998,
4212,20260521900414,00980043,비큐AI,148780,주권매매거래정지              (자본감소),2026-05-21,KOSDAQ,1000.0,737.0,724.0,709.0,-0.263,-0.276,-0.29100000000000004,
1092188,20220714800004,00122472,PKC,001340,매매거래정지및정지해제(풍문등조회공시),2022-07-14,KOSPI,4492.0,4714.0,4720.0,4807.0,0.04942119323241312,0.05075690115761344,0.0701246660730186,
1092179,20220714800066,00122472,PKC,001340,매매거래정지및정지해제(풍문등조회공시),2022-07-14,KOSPI,4492.0,4714.0,4720.0,4807.0,0.04942119323241312,0.05075690115761344,0.0701246660730186,
861379,20230717800369,00122472,PKC,001340,매매거래정지및정지해제(풍문등조회공시),2023-07-17,KOSPI,9090.0,9090.0,9090.0,9090.0,0.0,0.0,0.0,
861159,20230717800694,00122472,PKC,001340,[기재정정]매매거래정지및정지해제(풍문등조회공시),2023-07-17,KOSPI,9090.0,9090.0,9090.0,9090.0,0.0,0.0,0.0,
1092075,20220714900186,00577380,신진에스엠,138070,주권매매거래정지(무상증자),2022-07-14,KOSDAQ,4661.0,4108.0,4174.0,4964.0,-0.11864406779661019,-0.10448401630551385,0.06500750911821496,
1090412,20220719900127,00561732,아스플로,159010,주권매매거래정지(무상증자),2022-07-19,KOSDAQ,8854.0,8637.0,9037.0,8954.0,-0.024508696634289562,0.020668624350576037,0.011294330246216289,
1090250,20220719900306,00530413,더코디,224060,"주권매매거래정지(주식의 병합, 분할 등 전자등록 변경, 말소)",2022-07-19,KOSDAQ,18789.0,18789.0,19341.0,19341.0,0.0,0.02937889190483789,0.02937889190483789,
1081436,20220810900462,00530413,더코디,224060,주권매매거래정지해제(액면병합 주권 변경상장),2022-08-10,KOSDAQ,19341.0,18745.0,18258.0,17772.0,-0.03081536632025228,-0.05599503645106252,-0.08112300294710717,
1062478,20220915900556,00530413,더코디,224060,주권매매거래정지(자본감소),2022-09-15,KOSDAQ,14699.0,10566.0,8820.0,9019.0,-0.2811755901762024,-0.3999591808966596,-0.38642084495543916,
1053067,20221011900515,00530413,더코디,224060,"주권매매거래정지(주식의 병합, 분할 등 전자등록 변경, 말소)",2022-10-11,KOSDAQ,17949.0,19341.0,13550.0,13550.0,0.0775530670232325,-0.24508329154827568,-0.24508329154827568,
1041777,20221108900369,00530413,더코디,224060,주권매매거래정지해제(감자 주권 변경상장),2022-11-08,KOSDAQ,13550.0,13550.0,13550.0,9400.0,0.0,0.0,-0.30627306273062727,
1000911,20230127900928,00530413,더코디,224060,주권매매거래정지(불성실공시법인 지정),2023-01-27,KOSDAQ,8760.0,8760.0,7800.0,7770.0,0.0,-0.1095890410958904,-0.113013698630137,
722544,20240319901247,00530413,더코디,224060,주권매매거래정지              (풍문 또는 보도 관련),2024-03-19,KOSDAQ,5680.0,5680.0,5480.0,6010.0,0.0,-0.035211267605633756,0.05809859154929575,
720483,20240320902477,00530413,더코디,224060,주권매매거래정지해제              (풍문 등 조회결과 공시),2024-03-20,KOSDAQ,5680.0,5480.0,5840.0,5940.0,-0.035211267605633756,0.028169014084507005,0.045774647887323994,
1089856,20220720800230,00152880,코오롱글로벌,003070,매매거래정지및정지해제(중요내용공시),2022-07-20,KOSPI,17308.0,18552.0,17356.0,17213.0,0.07187427779061695,0.00277328403050614,-0.005488791310376717,
373933,20250701800476,00152880,코오롱글로벌,003070,매매거래정지및정지해제(중요내용공시),2025-07-01,KOSPI,10420.0,10770.0,10550.0,10200.0,0.03358925143953928,0.0124760076775432,-0.021113243761996192,
1089832,20220720900269,00136925,신원종합개발,017000,주권매매거래정지(단일판매공급계약),2022-07-20,KOSDAQ,7210.0,7520.0,7490.0,7400.0,0.04299583911234395,0.03883495145631066,0.026352288488210807,
774746,20240104900221,00136925,신원종합개발,017000,주권매매거래정지(풍문 또는 보도 관련),2024-01-04,KOSDAQ,3580.0,3580.0,3165.0,3410.0,0.0,-0.11592178770949724,-0.04748603351955305,
773751,20240105900723,00136925,신원종합개발,017000,주권매매거래정지해제(풍문 등 조회결과 공시),2024-01-05,KOSDAQ,3580.0,3165.0,3305.0,3335.0,-0.11592178770949724,-0.07681564245810057,-0.06843575418994419,
1088488,20220722900412,00346610,시지메드텍,056090,주권매매거래정지(무상증자),2022-07-22,KOSDAQ,6440.0,7740.0,5880.0,6500.0,0.20186335403726718,-0.08695652173913049,0.009316770186335477,
1023018,20221209900744,00346610,시지메드텍,056090,주권매매거래정지(풍문 또는 보도 관련),2022-12-09,KOSDAQ,2360.0,2360.0,2360.0,2360.0,0.0,0.0,0.0,
1022400,20221212900646,00346610,시지메드텍,056090,주권매매거래정지기간변경(풍문사유(현 대표이사 등의 배임혐의설) 미해소),2022-12-12,KOSDAQ,2360.0,2360.0,2360.0,2360.0,0.0,0.0,0.0,
1005898,20230113900599,00346610,시지메드텍,056090,주권매매거래정지기간변경(상장적격성 실질심사 대상(사유발생)),2023-01-13,KOSDAQ,2360.0,2360.0,2360.0,2360.0,0.0,0.0,0.0,
980784,20230228901781,00346610,시지메드텍,056090,주권매매거래정지기간변경(상장적격성 실질심사 대상 결정),2023-02-28,KOSDAQ,2360.0,2360.0,2360.0,2360.0,0.0,0.0,0.0,
907348,20230418900622,00346610,시지메드텍,056090,주권매매거래정지기간변경(개선기간 부여),2023-04-18,KOSDAQ,2360.0,2360.0,2360.0,2360.0,0.0,0.0,0.0,
634275,20240610900596,00346610,시지메드텍,056090,주권매매거래정지해제              (상장유지 결정),2024-06-10,KOSDAQ,2360.0,1849.0,1617.0,1860.0,-0.21652542372881356,-0.3148305084745763,-0.211864406779661,
1087045,20220727900148,01462605,지투파워,388050,주권매매거래정지(무상증자),2022-07-27,KOSDAQ,9443.0,11133.0,10789.0,9939.0,0.1789685481308907,0.14253944720957312,0.05252568039817862,
1087036,20220727900160,00606886,엔지켐생명과학,183490,주권매매거래정지(무상증자),2022-07-27,KOSDAQ,4360.0,4044.0,3685.0,3560.0,-0.07247706422018352,-0.15481651376146788,-0.1834862385321101,
85473,20260323901223,00606886,엔지켐생명과학,183490,주권매매거래정지              (풍문 또는 보도 관련),2026-03-23,KOSDAQ,990.0,990.0,990.0,990.0,0.0,0.0,0.0,
84315,20260323902749,00606886,엔지켐생명과학,183490,주권매매거래정지기간변경              (상장폐지사유 발생),2026-03-23,KOSDAQ,990.0,990.0,990.0,990.0,0.0,0.0,0.0,
34845,20260410901162,00606886,엔지켐생명과학,183490,주권매매거래정지기간변경              (개선기간 부여),2026-04-10,KOSDAQ,990.0,990.0,990.0,990.0,0.0,0.0,0.0,
1084698,20220801900433,01067808,넵튠,217270,주권매매거래정지(우회상장여부 및 요건충족확인),2022-08-01,KOSDAQ,16000.0,15600.0,15800.0,15300.0,-0.025000000000000022,-0.012499999999999956,-0.043749999999999956,
1084660,20220801900499,01067808,넵튠,217270,주권매매거래정지해제(우회상장 미해당),2022-08-01,KOSDAQ,16000.0,15600.0,15800.0,15300.0,-0.025000000000000022,-0.012499999999999956,-0.043749999999999956,
1084185,20220803900096,01207761,프로브잇,227100,주권매매거래정지(단일판매공급계약),2022-08-03,KOSDAQ,6150.0,6100.0,5990.0,4800.0,-0.008130081300813052,-0.026016260162601612,-0.2195121951219512,
777918,20231227900704,01207761,프로브잇,227100,주권매매거래정지(무상증자),2023-12-27,KOSDAQ,3920.0,3495.0,3435.0,3730.0,-0.10841836734693877,-0.12372448979591832,-0.04846938775510201,
725957,20240314902826,01207761,프로브잇,227100,주권매매거래정지              (파산신청),2024-03-14,KOSDAQ,1110.0,1110.0,1110.0,1397.0,0.0,0.0,0.2585585585585586,
720263,20240320902708,01207761,프로브잇,227100,주권매매거래정지해제              (파산신청 사유 해소),2024-03-20,KOSDAQ,1110.0,1397.0,1574.0,1724.0,0.2585585585585586,0.41801801801801797,0.553153153153153,
560984,20241106900539,01207761,프로브잇,227100,주권매매거래정지              (파산신청(발행 ELW 포함)),2024-11-06,KOSDAQ,1150.0,1083.0,1078.0,987.0,-0.058260869565217366,-0.06260869565217386,-0.1417391304347826,
560963,20241106900588,01207761,프로브잇,227100,주권매매거래정지해제              (파산신청 사유 해소),2024-11-06,KOSDAQ,1150.0,1083.0,1078.0,987.0,-0.058260869565217366,-0.06260869565217386,-0.1417391304347826,
543587,20241204900506,01207761,프로브잇,227100,주권매매거래정지              (불성실공시법인 지정),2024-12-04,KOSDAQ,987.0,987.0,910.0,725.0,0.0,-0.07801418439716312,-0.26545086119554206,
527808,20241231900623,01207761,프로브잇,227100,주권매매거래정지              (파산신청(발행 ELW 포함)),2024-12-31,KOSDAQ,612.0,612.0,612.0,612.0,0.0,0.0,0.0,
526513,20250106900141,01207761,프로브잇,227100,주권매매거래정지해제              (파산신청 사유 해소),2025-01-06,KOSDAQ,612.0,612.0,612.0,612.0,0.0,0.0,0.0,
526131,20250106900609,01207761,프로브잇,227100,주권매매거래정지              (상장적격성 실질심사 대상 (사유발생)),2025-01-06,KOSDAQ,612.0,612.0,612.0,612.0,0.0,0.0,0.0,
500143,20250221900985,01207761,프로브잇,227100,주권매매거래정지기간변경              (상장적격성 실질심사 대상 결정),2025-02-21,KOSDAQ,612.0,612.0,612.0,612.0,0.0,0.0,0.0,
432515,20250407901358,01207761,프로브잇,227100,주권매매거래정지기간변경              (상장폐지 사유 발생 등),2025-04-07,KOSDAQ,612.0,612.0,612.0,612.0,0.0,0.0,0.0,
430815,20250408900538,01207761,프로브잇,227100,주권매매거래정지기간변경              (사업보고서 미제출 사유 해소),2025-04-08,KOSDAQ,612.0,612.0,612.0,612.0,0.0,0.0,0.0,
408920,20250428901329,01207761,프로브잇,227100,주권매매거래정지기간변경              (개선기간 부여),2025-04-28,KOSDAQ,612.0,612.0,612.0,612.0,0.0,0.0,0.0,
402020,20250513900998,01207761,프로브잇,227100,주권매매거래정지기간변경              (상장폐지 사유 발생),2025-05-13,KOSDAQ,612.0,612.0,612.0,612.0,0.0,0.0,0.0,
372530,20250703900694,01207761,프로브잇,227100,주권매매거래정지해제              (상장폐지에 따른 정리매매 개시),2025-07-03,KOSDAQ,612.0,612.0,612.0,612.0,0.0,0.0,0.0,
371960,20250704900793,01207761,프로브잇,227100,주권매매거래정지              (투자자 보호),2025-07-04,KOSDAQ,612.0,612.0,612.0,612.0,0.0,0.0,0.0,
115666,20260618900832,01207761,프로브잇,227100,주권매매거래정지해제              (상장폐지에 따른 정리매매 재개),2026-06-18,KOSDAQ,612.0,612.0,18.0,15.0,0.0,-0.9705882352941176,-0.9754901960784313,
1081535,20220810900341,00142713,형지I&C,011080,주권매매거래정지(자본감소),2022-08-10,KOSDAQ,19131.0,15638.0,15692.0,15692.0,-0.1825832418587633,-0.17976059798233235,-0.17976059798233235,
1058560,20220927900474,00142713,형지I&C,011080,"주권매매거래정지(주식의 병합, 분할 등 전자등록 변경, 말소)",2022-09-27,KOSDAQ,12655.0,12525.0,13081.0,13081.0,-0.010272619517977088,0.03366258395890953,0.03366258395890953,
1050516,20221017900477,00142713,형지I&C,011080,주권매매거래정지해제(감자 주권 변경상장),2022-10-17,KOSDAQ,13081.0,13081.0,13081.0,14614.0,0.0,0.0,0.11719287516244936,
46555,20260407900622,00142713,형지I&C,011080,"주권매매거래정지              (주식의 병합, 분할 등 전자등록 변경, 말소)",2026-04-07,KOSDAQ,6137.0,4744.0,4734.0,4734.0,-0.22698386833957962,-0.22861332898810494,-0.22861332898810494,
17374,20260430901287,00142713,형지I&C,011080,주권매매거래정지해제              (감자 주권 변경상장),2026-04-30,KOSDAQ,4734.0,4734.0,4734.0,3200.0,0.0,0.0,-0.3240388677651035,
1080107,20220812800288,00124504,포스코인터내셔널,047050,매매거래정지및정지해제(중요내용공시),2022-08-12,KOSPI,24650.0,25000.0,24700.0,27250.0,0.014198782961460488,0.0020283975659229903,0.10547667342799194,
1079510,20220812800880,00159971,KC그린홀딩스,009440,매매거래정지및정지해제(중요내용공시),2022-08-12,KOSPI,4860.0,4165.0,4165.0,3940.0,-0.1430041152263375,-0.1430041152263375,-0.18930041152263377,
597918,20240814803529,00159971,KC그린홀딩스,009440,매매거래정지및정지해제(중요내용공시),2024-08-14,KOSPI,1011.0,1011.0,743.0,782.0,0.0,-0.26508407517309596,-0.2265084075173096,
593374,20240827800424,00159971,KC그린홀딩스,009440,매매거래정지및정지해제(중요내용공시),2024-08-27,KOSPI,791.0,818.0,805.0,845.0,0.03413400758533491,0.017699115044247815,0.06826801517067005,
473028,20250319801051,00159971,KC그린홀딩스,009440,매매거래정지및정지해제(풍문등조회공시),2025-03-19,KOSPI,756.0,756.0,756.0,756.0,0.0,0.0,0.0,
1079494,20220812800894,00111458,대영포장,014160,매매거래정지및정지해제(중요내용공시),2022-08-12,KOSPI,1810.0,1820.0,1785.0,1705.0,0.005524861878453136,-0.013812154696132617,-0.058011049723756924,
1076776,20220816902158,00989664,코아스템켐온,166480,주권매매거래정지(합병),2022-08-16,KOSDAQ,10175.0,10987.0,10388.0,8721.0,0.07980343980343974,0.020933660933661002,-0.1428992628992629,
1076793,20220816902199,00533191,비보존 제약,082800,주권매매거래정지(풍문 또는 보도 관련),2022-08-16,KOSDAQ,4585.0,3212.0,2746.0,2223.0,-0.29945474372955294,-0.40109051254089423,-0.5151581243184297,
1076039,20220816903034,00533191,비보존 제약,082800,주권매매거래정지해제(풍문 등 조회결과 공시),2022-08-16,KOSDAQ,4585.0,3212.0,2746.0,2223.0,-0.29945474372955294,-0.40109051254089423,-0.5151581243184297,
1076034,20220816903047,00533191,비보존 제약,082800,[기재정정]주권매매거래정지해제(풍문 등 조회결과 공시),2022-08-16,KOSDAQ,4585.0,3212.0,2746.0,2223.0,-0.29945474372955294,-0.40109051254089423,-0.5151581243184297,
868020,20230630900730,00533191,비보존 제약,082800,주권매매거래정지(중요한 영업정지),2023-06-30,KOSDAQ,3383.0,3421.0,3444.0,3121.0,0.011232633757020327,0.01803133313626959,-0.07744605379840375,
816859,20231017900496,00533191,비보존 제약,082800,"주권매매거래정지(주식의 병합, 분할 등 전자등록 변경, 말소)",2023-10-17,KOSDAQ,3444.0,3307.0,3221.0,3221.0,-0.03977932636469217,-0.06475029036004643,-0.06475029036004643,
806729,20231109900617,00533191,비보존 제약,082800,주권매매거래정지해제(액면병합 주권 변경상장),2023-11-09,KOSDAQ,3221.0,3273.0,3050.0,3221.0,0.016144054641415773,-0.05308910276311707,0.0,
1076511,20220816902440,00605124,알파칩스,117670,주권매매거래정지(풍문 또는 보도 관련),2022-08-16,KOSDAQ,46699.0,32705.0,30765.0,29431.0,-0.2996638043641191,-0.3412064498169126,-0.3697723719994004,
1076028,20220816903057,00605124,알파칩스,117670,주권매매거래정지해제(풍문 등 조회결과 공시),2022-08-16,KOSDAQ,46699.0,32705.0,30765.0,29431.0,-0.2996638043641191,-0.3412064498169126,-0.3697723719994004,
924388,20230407901256,00605124,알파칩스,117670,주권매매거래정지(사업보고서 미제출),2023-04-07,KOSDAQ,19317.0,19317.0,19317.0,19317.0,0.0,0.0,0.0,
911374,20230413900729,00605124,알파칩스,117670,주권매매거래정지기간변경(풍문 또는 보도 관련),2023-04-13,KOSDAQ,19317.0,19317.0,19317.0,19317.0,0.0,0.0,0.0,
911306,20230413900791,00605124,알파칩스,117670,주권매매거래정지기간변경(상장폐지 사유 발생),2023-04-13,KOSDAQ,19317.0,19317.0,19317.0,19317.0,0.0,0.0,0.0,
907946,20230417900547,00605124,알파칩스,117670,주권매매거래정지기간변경(개선기간 부여),2023-04-17,KOSDAQ,19317.0,19317.0,19317.0,19317.0,0.0,0.0,0.0,
735182,20240307901342,00605124,알파칩스,117670,기타시장안내              (감사의견 관련 형식적 상장폐지 사유 해소 및 매매거래정지 지속 안내),2024-03-07,KOSDAQ,19317.0,19317.0,19317.0,19317.0,0.0,0.0,0.0,
735180,20240307901344,00605124,알파칩스,117670,주권매매거래정지기간변경              (상장폐지 사유 해소),2024-03-07,KOSDAQ,19317.0,19317.0,19317.0,19317.0,0.0,0.0,0.0,
663694,20240419900782,00605124,알파칩스,117670,주권매매거래정지기간변경              (상장적격성 실질심사 대상 결정),2024-04-19,KOSDAQ,19317.0,19317.0,19317.0,19317.0,0.0,0.0,0.0,
633052,20240612900550,00605124,알파칩스,117670,주권매매거래정지기간변경              (개선기간 부여),2024-06-12,KOSDAQ,19317.0,19317.0,19317.0,19317.0,0.0,0.0,0.0,
511996,20250207901331,00605124,알파칩스,117670,주권매매거래정지해제              (상장유지 결정),2025-02-07,KOSDAQ,19317.0,17219.0,14309.0,13642.0,-0.10860899725630269,-0.25925350727338614,-0.2937826784697417,
415924,20250415900172,00605124,알파칩스,117670,주권매매거래정지              (자본감소),2025-04-15,KOSDAQ,10077.0,9470.0,10962.0,10428.0,-0.06023618140319542,0.08782375707055667,0.03483179517713597,
383686,20250611900633,00605124,알파칩스,117670,"주권매매거래정지              (주식의 병합, 분할 등 전자등록 변경, 말소)",2025-06-11,KOSDAQ,9822.0,9883.0,9580.0,9580.0,0.0062105477499490025,-0.024638566483404567,-0.024638566483404567,
372021,20250704900795,00605124,알파칩스,117670,주권매매거래정지해제              (감자 주권 변경상장),2025-07-04,KOSDAQ,9580.0,9580.0,9580.0,8030.0,0.0,0.0,-0.16179540709812112,
1075952,20220817900087,00663669,폴라리스우노,114630,주권매매거래정지(무상증자),2022-08-17,KOSDAQ,7940.0,7545.0,7545.0,7475.0,-0.049748110831234205,-0.049748110831234205,-0.058564231738035266,
58104,20260402901094,00663669,폴라리스우노,114630,"주권매매거래정지              (주식의 병합, 분할 등 전자등록 변경, 말소)",2026-04-02,KOSDAQ,2365.0,2375.0,2365.0,2365.0,0.0042283298097252064,0.0,0.0,
20517,20260428900796,00663669,폴라리스우노,114630,주권매매거래정지해제              (액면병합 주권 변경상장),2026-04-28,KOSDAQ,2365.0,2465.0,2400.0,2355.0,0.04228329809725162,0.014799154334038,-0.0042283298097252064,
1075429,20220818900209,00615723,알엔티엑스,123010,주권매매거래정지(무상증자),2022-08-18,KOSDAQ,3080.0,2980.0,3080.0,3100.0,-0.03246753246753242,0.0,0.006493506493506551,
1047936,20221024900483,00615723,알엔티엑스,123010,"주권매매거래정지(주식의 병합, 분할 등 전자등록 변경, 말소)",2022-10-24,KOSDAQ,2475.0,2405.0,2550.0,2550.0,-0.028282828282828243,0.030303030303030276,0.030303030303030276,
1035621,20221115900442,00615723,알엔티엑스,123010,주권매매거래정지해제(액면병합 주권 변경상장),2022-11-15,KOSDAQ,2550.0,2600.0,2590.0,2390.0,0.019607843137254832,0.015686274509803866,-0.06274509803921569,
869300,20230629900434,00615723,알엔티엑스,123010,주권매매거래정지(중요한 영업정지),2023-06-29,KOSDAQ,2190.0,2255.0,2255.0,2180.0,0.029680365296803624,0.029680365296803624,-0.004566210045662156,
1075050,20220819900079,00480367,SK오션플랜트,100090,주권매매거래정지(단일판매공급계약),2022-08-19,KOSPI,29150.0,28950.0,29000.0,27700.0,-0.006861063464837058,-0.005145797598627766,-0.04974271012006859,
1051068,20221014900504,00480367,SK오션플랜트,100090,주권매매거래정지(단일판매공급계약),2022-10-14,KOSPI,20500.0,20800.0,21050.0,19950.0,0.014634146341463428,0.02682926829268295,-0.02682926829268295,
1074169,20220822900367,01020843,원익피앤이,217820,주권매매거래정지(합병),2022-08-22,KOSDAQ,8127.0,8586.0,8606.0,8361.0,0.056478405315614655,0.058939338009105446,0.02879291251384264,
1074059,20220822900480,00623184,오늘이엔엠,192410,"주권매매거래정지(주식의 병합, 분할 등 전자등록 변경, 말소)",2022-08-22,KOSDAQ,22627.0,21579.0,22411.0,22411.0,-0.046316347726167884,-0.009546117470278892,-0.009546117470278892,
1061584,20220919900278,00623184,오늘이엔엠,192410,주권매매거래정지해제(액면분할 주권 변경상장),2022-09-19,KOSDAQ,22411.0,22411.0,21151.0,29174.0,0.0,-0.05622239079023694,0.30177145151934326,
766584,20240124900376,00623184,오늘이엔엠,192410,"주권매매거래정지(주식의 병합, 분할 등 전자등록 변경, 말소)",2024-01-24,KOSDAQ,8237.0,7593.0,7935.0,7935.0,-0.0781838047832949,-0.03666383392011652,-0.03666383392011652,
750619,20240219901013,00623184,오늘이엔엠,192410,주권매매거래정지해제              (액면병합 주권 변경상장),2024-02-19,KOSDAQ,7935.0,9866.0,7755.0,6288.0,0.24335223692501584,-0.022684310018903586,-0.2075614366729679,
729060,20240313902228,00623184,오늘이엔엠,192410,주권매매거래정지              (자본감소),2024-03-13,KOSDAQ,4812.0,3679.0,3637.0,3877.0,-0.235453034081463,-0.24418121363258516,-0.1943059019118869,
661659,20240424900581,00623184,오늘이엔엠,192410,"주권매매거래정지              (주식의 병합, 분할 등 전자등록 변경, 말소)",2024-04-24,KOSDAQ,4143.0,4023.0,3997.0,3997.0,-0.028964518464880573,-0.03524016413227127,-0.03524016413227127,
650148,20240514901424,00623184,오늘이엔엠,192410,주권매매거래정지해제              (감자 주권 변경상장),2024-05-14,KOSDAQ,3997.0,3997.0,3997.0,3789.0,0.0,0.0,-0.05203902927195392,
594267,20240826900189,00623184,오늘이엔엠,192410,"주권매매거래정지              (주식의 병합, 분할 등 전자등록 변경, 말소)",2024-08-26,KOSDAQ,8425.0,8045.0,7573.0,7573.0,-0.045103857566765604,-0.10112759643916913,-0.10112759643916913,
580322,20240919900417,00623184,오늘이엔엠,192410,주권매매거래정지해제              (액면분할 주권 변경상장),2024-09-19,KOSDAQ,7573.0,6372.0,5252.0,4902.0,-0.15858972666050442,-0.30648356001584576,-0.35270038293939,
246863,20260224901122,00623184,오늘이엔엠,192410,"주권매매거래정지              (주식의 병합, 분할 등 전자등록 변경, 말소)",2026-02-24,KOSDAQ,1902.0,2064.0,2325.0,2325.0,0.08517350157728698,0.22239747634069396,0.22239747634069396,
88450,20260319901840,00623184,오늘이엔엠,192410,주권매매거래정지해제              (액면병합 주권 변경상장),2026-03-19,KOSDAQ,2325.0,3020.0,3925.0,4010.0,0.2989247311827956,0.6881720430107527,0.7247311827956988,
1073925,20220823900066,01201590,에브리봇,270660,주권매매거래정지(무상증자),2022-08-23,KOSDAQ,21100.0,20525.0,20550.0,19600.0,-0.027251184834123254,-0.026066350710900466,-0.07109004739336489,
1073583,20220823900465,00147772,정원엔시스,045510,주권매매거래정지(불성실공시법인 지정),2022-08-23,KOSDAQ,2060.0,2060.0,1870.0,1895.0,0.0,-0.09223300970873782,-0.08009708737864074,
1071367,20220829900074,01213586,아이디피,332370,주권매매거래정지(무상증자),2022-08-29,KOSDAQ,4645.0,4655.0,4665.0,4600.0,0.0021528525296017342,0.0043057050592034685,-0.009687836383207804,
1069148,20220830900464,00667425,에이팩트,200470,주권매매거래정지(영업양수도),2022-08-30,KOSDAQ,3676.0,3744.0,3656.0,3595.0,0.018498367791077275,-0.005440696409140355,-0.022034820457018545,
1051703,20221013900556,00667425,에이팩트,200470,주권매매거래정지(무상증자),2022-10-13,KOSDAQ,3459.0,3191.0,3296.0,3235.0,-0.0774790401850246,-0.04712344608268282,-0.06475860075166229,
1067678,20220831900350,00563837,제로투세븐,159580,주권매매거래정지(중요한 영업정지),2022-08-31,KOSDAQ,8170.0,7600.0,7600.0,7150.0,-0.06976744186046513,-0.06976744186046513,-0.12484700122399017,
1067662,20220831900354,01476219,코스텍시스,355150,주권매매거래정지(SPAC 합병(예비심사청구대상)),2022-08-31,KOSDAQ,10750.0,10750.0,10750.0,10750.0,0.0,0.0,0.0,
1016261,20221222900673,01476219,코스텍시스,355150,주권매매거래정지해제(상장예비심사결과 통지(승인)),2022-12-22,KOSDAQ,10750.0,10375.0,10650.0,10850.0,-0.03488372093023251,-0.009302325581395321,0.009302325581395321,
777782,20231227900847,01476219,코스텍시스,355150,"주권매매거래정지(주식의 병합, 분할 등 전자등록 변경, 말소)",2023-12-27,KOSDAQ,11250.0,11150.0,11450.0,11450.0,-0.008888888888888835,0.01777777777777767,0.01777777777777767,
761832,20240201900651,01476219,코스텍시스,355150,주권매매거래정지해제(액면병합 주권 변경상장),2024-02-01,KOSDAQ,11450.0,10010.0,9260.0,9870.0,-0.125764192139738,-0.19126637554585157,-0.13799126637554582,
1067337,20220831900555,01405451,알체라,347860,주권매매거래정지(무상증자),2022-08-31,KOSDAQ,9220.0,8831.0,8928.0,8700.0,-0.04219088937093274,-0.031670281995661576,-0.05639913232104121,
1065946,20220905900411,01365825,피에스케이,319660,주권매매거래정지(무상증자),2022-09-05,KOSDAQ,16375.0,16250.0,16300.0,16575.0,-0.007633587786259555,-0.004580152671755711,0.012213740458015376,
1065943,20220905900418,01365825,피에스케이,319660,[기재정정]주권매매거래정지(무상증자),2022-09-05,KOSDAQ,16375.0,16250.0,16300.0,16575.0,-0.007633587786259555,-0.004580152671755711,0.012213740458015376,
1063456,20220914900149,01046391,싸이토젠,217330,주권매매거래정지(무상증자),2022-09-14,KOSDAQ,20105.0,19702.0,19702.0,19333.0,-0.020044764983834895,-0.020044764983834895,-0.03839840835613029,
1063120,20220914900521,00125725,디모아,016670,주권매매거래정지해제(상장유지 결정),2022-09-14,KOSDAQ,32895.0,25991.0,23757.0,21591.0,-0.20987992096063235,-0.2777929776561787,-0.3436388508891929,
944043,20230331902697,00125725,디모아,016670,주권매매거래정지(중요한 영업정지),2023-03-31,KOSDAQ,16075.0,16413.0,16447.0,15973.0,0.02102643856920694,0.023141524105754208,-0.006345256609642247,
768527,20240119900360,00125725,디모아,016670,주권매매거래정지(자본감소),2024-01-19,KOSDAQ,10795.0,9442.0,9611.0,9509.0,-0.12533580361278374,-0.10968040759610931,-0.11912922649374713,
731851,20240312900894,00125725,디모아,016670,주권매매거래정지              (자본감소),2024-03-12,KOSDAQ,7648.0,8156.0,7716.0,7208.0,0.06642259414225937,0.008891213389121244,-0.05753138075313813,
661609,20240424900651,00125725,디모아,016670,"주권매매거래정지              (주식의 병합, 분할 등 전자등록 변경, 말소)",2024-04-24,KOSDAQ,7614.0,7445.0,7310.0,7310.0,-0.02219595482006831,-0.03992645127396899,-0.03992645127396899,
651786,20240513900491,00125725,디모아,016670,주권매매거래정지해제              (감자 주권 변경상장),2024-05-13,KOSDAQ,7310.0,7310.0,7310.0,6670.0,0.0,0.0,-0.08755129958960328,
1062073,20220916800324,00428251,현대백화점,069960,매매거래정지및정지해제(중요내용공시),2022-09-16,KOSPI,60600.0,58300.0,57800.0,56700.0,-0.037953795379537913,-0.04620462046204621,-0.0643564356435643,
1062044,20220916800342,00105280,현대지에프홀딩스,005440,매매거래정지및정지해제(중요내용공시),2022-09-16,KOSPI,4828.0,4617.0,4722.0,4465.0,-0.04370339685169844,-0.021955260977630453,-0.07518641259320624,
255967,20260211800399,00105280,현대지에프홀딩스,005440,매매거래정지및정지해제(중요내용공시),2026-02-11,KOSPI,12100.0,13930.0,14420.0,15600.0,0.1512396694214877,0.19173553719008263,0.28925619834710736,
1059716,20220923800362,00162461,한화솔루션,009830,매매거래정지및정지해제(중요내용공시),2022-09-23,KOSPI,58485.0,54543.0,56308.0,55543.0,-0.06740189792254425,-0.03722321962896469,-0.05030349662306577,
1059001,20220926900463,00545929,제넥신,095700,주권매매거래정지(무상증자),2022-09-26,KOSDAQ,17069.0,15035.0,15943.0,16996.0,-0.11916339562950373,-0.06596754349991207,-0.0042767590368504305,
1058521,20220927800522,00136776,차AI헬스케어,025620,매매거래정지및정지해제(중요내용공시),2022-09-27,KOSPI,13783.0,9652.0,8590.0,8088.0,-0.2997170427338025,-0.3767684829137343,-0.41319016179351375,
1057124,20220929900601,00406037,CSA 코스믹,083660,주권매매거래정지(자본감소),2022-09-29,KOSDAQ,1025.0,1005.0,1050.0,1255.0,-0.019512195121951237,0.024390243902439046,0.224390243902439,
1033411,20221122900261,00406037,CSA 코스믹,083660,"주권매매거래정지(주식의 병합, 분할 등 전자등록 변경, 말소)",2022-11-22,KOSDAQ,1065.0,1050.0,1060.0,1060.0,-0.014084507042253502,-0.0046948356807511304,-0.0046948356807511304,
1022022,20221213900394,00406037,CSA 코스믹,083660,주권매매거래정지해제(감자 주권 변경상장),2022-12-13,KOSDAQ,1060.0,1060.0,1060.0,1055.0,0.0,0.0,-0.004716981132075526,
990146,20230217900777,00406037,CSA 코스믹,083660,주권매매거래정지(관리종목지정우려),2023-02-17,KOSDAQ,1020.0,747.0,709.0,720.0,-0.26764705882352946,-0.30490196078431375,-0.2941176470588235,
959368,20230322901401,00406037,CSA 코스믹,083660,주권매매거래정지(관리종목지정사유 발생),2023-03-22,KOSDAQ,977.0,755.0,736.0,728.0,-0.22722620266120774,-0.2466734902763562,-0.25486182190378714,
249099,20260220900847,00406037,CSA 코스믹,083660,주권매매거래정지              (자본감소),2026-02-20,KOSDAQ,359.0,265.0,278.0,281.0,-0.26183844011142066,-0.22562674094707524,-0.21727019498607247,
1055903,20221004800160,00101044,에이프로젠바이오로직스,003060,매매거래정지및정지해제(중요내용공시),2022-10-04,KOSPI,4320.0,4425.0,4553.0,3930.0,0.02430555555555558,0.05393518518518525,-0.09027777777777779,
770931,20240112800395,00101044,에이프로젠바이오로직스,003060,매매거래정지및정지해제(중요내용공시),2024-01-12,KOSPI,2178.0,1525.0,1510.0,1449.0,-0.29981634527089074,-0.30670339761248855,-0.3347107438016529,
248014,20260223801136,00101044,에이프로젠바이오로직스,003060,매매거래정지및정지해제(중요내용공시),2026-02-23,KOSPI,371.0,408.0,359.0,307.0,0.09973045822102433,-0.03234501347708896,-0.1725067385444744,
1055509,20221004900656,00445841,MDS테크,086960,"주권매매거래정지(주식의 병합, 분할 등 전자등록 변경, 말소)",2022-10-04,KOSDAQ,3916.0,3903.0,3615.0,3615.0,-0.0033197139938713205,-0.07686414708886624,-0.07686414708886624,
1045247,20221028900744,00445841,MDS테크,086960,주권매매거래정지해제(액면분할 주권 변경상장),2022-10-28,KOSDAQ,3615.0,3670.0,3578.0,3515.0,0.015214384508990264,-0.010235131396957087,-0.02766251728907332,
1015352,20221226900421,00445841,MDS테크,086960,주권매매거래정지(무상증자),2022-12-26,KOSDAQ,5922.0,5780.0,5022.0,4709.0,-0.02397838568051336,-0.15197568389057747,-0.20482944951030058,
49790,20260406900847,00445841,MDS테크,086960,"주권매매거래정지              (주식의 병합, 분할 등 전자등록 변경, 말소)",2026-04-06,KOSDAQ,2714.0,2622.0,2790.0,2790.0,-0.03389830508474578,0.028002947678702927,0.028002947678702927,
14846,20260507900630,00445841,MDS테크,086960,주권매매거래정지해제              (액면병합 주권 변경상장),2026-05-07,KOSDAQ,2790.0,3160.0,2940.0,3435.0,0.13261648745519716,0.053763440860215006,0.23118279569892475,
1055506,20221004900665,00131018,서울제약,018680,주권매매거래정지(상장적격성 실질심사 대상 (사유발생)),2022-10-04,KOSDAQ,4880.0,4880.0,4880.0,4880.0,0.0,0.0,0.0,
1035321,20221116900380,00131018,서울제약,018680,주권매매거래정지해제(상장적격성 실질심사 대상 제외 결정),2022-11-16,KOSDAQ,4880.0,4560.0,4615.0,4795.0,-0.06557377049180324,-0.05430327868852458,-0.01741803278688525,
1053687,20221007800545,00102618,계양전기,012200,매매거래정지및정지해제(중요내용공시),2022-10-07,KOSPI,1822.0,1952.0,1864.0,1868.0,0.07135016465422606,0.023051591657519133,0.02524698133918779,
1053690,20221007900553,00219361,해성산업,034810,주권매매거래정지(합병),2022-10-07,KOSDAQ,9600.0,10650.0,10650.0,10150.0,0.109375,0.109375,0.05729166666666674,
1053455,20221011900079,00989619,알테오젠,196170,주권매매거래정지(무상증자),2022-10-11,KOSDAQ,30320.0,29903.0,28694.0,35242.0,-0.013753298153034277,-0.05362796833773087,0.16233509234828492,
1049291,20221020900177,01302853,아이씨에이치,368600,주권매매거래정지(무상증자),2022-10-20,KOSDAQ,7481.0,6701.0,6942.0,6551.0,-0.10426413581072047,-0.07204919128458764,-0.12431493115893599,
1029337,20221129900501,01302853,아이씨에이치,368600,주권매매거래정지(영업양수도),2022-11-29,KOSDAQ,6510.0,6240.0,6168.0,6024.0,-0.04147465437788023,-0.052534562211981606,-0.07465437788018436,
1047386,20221025900566,00257732,한국정밀기계,101680,주권매매거래정지기간변경(개선기간 부여),2022-10-25,KOSDAQ,1440.0,1440.0,1440.0,1440.0,0.0,0.0,0.0,
954126,20230327901268,00257732,한국정밀기계,101680,주권매매거래정지해제(상장유지 결정),2023-03-27,KOSDAQ,1440.0,3740.0,4300.0,4220.0,1.5972222222222223,1.9861111111111112,1.9305555555555554,
1044550,20221101900076,01179617,한국비엔씨,256840,주권매매거래정지(풍문 또는 보도 관련),2022-11-01,KOSDAQ,4000.0,4175.0,4145.0,5030.0,0.043749999999999956,0.03624999999999989,0.25750000000000006,
1044269,20221101900491,01179617,한국비엔씨,256840,주권매매거래정지해제(풍문 등 조회결과 공시),2022-11-01,KOSDAQ,4000.0,4175.0,4145.0,5030.0,0.043749999999999956,0.03624999999999989,0.25750000000000006,
1044548,20221101900077,01222867,제테마,216080,주권매매거래정지(풍문 또는 보도 관련),2022-11-01,KOSDAQ,5003.0,5703.0,5728.0,5753.0,0.13991605036977806,0.14491305216869876,0.14991005396761947,
1044271,20221101900486,01222867,제테마,216080,주권매매거래정지해제(풍문 등 조회결과 공시),2022-11-01,KOSDAQ,5003.0,5703.0,5728.0,5753.0,0.13991605036977806,0.14491305216869876,0.14991005396761947,
541575,20241210900134,01222867,제테마,216080,주권매매거래정지              (무상증자),2024-12-10,KOSDAQ,8395.0,8425.0,8300.0,7710.0,0.003573555687909513,-0.011316259678380014,-0.08159618820726622,
1043800,20221102900460,00920379,티엘비,356860,주권매매거래정지(무상증자),2022-11-02,KOSDAQ,17825.0,20195.0,20266.0,20503.0,0.13295932678821876,0.13694249649368873,0.1502384291725105,
35829,20260410900715,00920379,티엘비,356860,주권매매거래정지              (무상증자),2026-04-10,KOSDAQ,70637.0,70637.0,75662.0,77274.0,0.0,0.07113835525291279,0.09395925648031489,
1042307,20221107800318,00150633,지누스,013890,매매거래정지및정지해제(중요내용공시),2022-11-07,KOSPI,26471.0,24651.0,24386.0,25523.0,-0.06875448604132828,-0.07876544142646669,-0.03581277624570289,
808678,20231106800439,00150633,지누스,013890,매매거래정지및정지해제(중요내용공시),2023-11-06,KOSPI,15549.0,15739.0,16463.0,15531.0,0.012219435333461925,0.05878191523570653,-0.0011576307158016608,
562215,20241104800150,00150633,지누스,013890,매매거래정지및정지해제(중요내용공시),2024-11-04,KOSPI,23705.0,22383.0,23933.0,24800.0,-0.05576882514237502,0.009618224003374864,0.046192786331997526,
1042489,20221107900121,00604028,피코그램,376180,주권매매거래정지(무상증자),2022-11-07,KOSDAQ,13221.0,11613.0,11630.0,11698.0,-0.12162468799636938,-0.12033885485212914,-0.11519552227516827,
1041581,20221109900078,00636656,바이오플러스,099430,주권매매거래정지(무상증자),2022-11-09,KOSDAQ,7107.0,7120.0,7232.0,7182.0,0.0018291824961305103,0.01758829323202482,0.010552975939214893,
1039424,20221111900774,01622331,벨로크,424760,주권매매거래정지(SPAC 합병(예비심사청구대상)),2022-11-11,KOSDAQ,4871.0,4871.0,4871.0,4871.0,0.0,0.0,0.0,
1009477,20230105900600,01622331,벨로크,424760,주권매매거래정지해제(상장예비심사결과 통지(승인)),2023-01-05,KOSDAQ,4871.0,4901.0,5191.0,5361.0,0.00615889960993643,0.06569492917265451,0.1005953602956271,
25013,20260421900612,01622331,벨로크,424760,"주권매매거래정지              (주식의 병합, 분할 등 전자등록 변경, 말소)",2026-04-21,KOSDAQ,4741.0,4291.0,3775.0,3775.0,-0.09491668424383037,-0.20375448217675596,-0.20375448217675596,
5199,20260519900457,01622331,벨로크,424760,주권매매거래정지해제              (액면병합 주권 변경상장),2026-05-19,KOSDAQ,3775.0,3055.0,3250.0,3000.0,-0.1907284768211921,-0.13907284768211925,-0.20529801324503316,
1035667,20221115900341,00166175,대호특수강,021040,"주권매매거래정지(주식의 병합, 분할 등 전자등록 변경, 말소)",2022-11-15,KOSDAQ,2780.0,2890.0,2975.0,2975.0,0.03956834532374098,0.07014388489208634,0.07014388489208634,
1016428,20221222900506,00166175,대호특수강,021040,주권매매거래정지해제(액면병합 주권 변경상장),2022-12-22,KOSDAQ,2975.0,2815.0,2990.0,2660.0,-0.05378151260504205,0.005042016806722671,-0.10588235294117643,
968577,20230315901064,00166175,대호특수강,021040,주권매매거래정지(우회상장여부 및 요건충족확인),2023-03-15,KOSDAQ,3075.0,2785.0,2725.0,2680.0,-0.09430894308943094,-0.11382113821138207,-0.1284552845528455,
967449,20230315902349,00166175,대호특수강,021040,주권매매거래정지해제(우회상장 미해당),2023-03-15,KOSDAQ,3075.0,2785.0,2725.0,2680.0,-0.09430894308943094,-0.11382113821138207,-0.1284552845528455,
596512,20240820900456,00166175,대호특수강,021040,"주권매매거래정지              (주식의 병합, 분할 등 전자등록 변경, 말소)",2024-08-20,KOSDAQ,1892.0,1875.0,1825.0,1825.0,-0.008985200845666008,-0.035412262156448215,-0.035412262156448215,
578664,20240924900378,00166175,대호특수강,021040,주권매매거래정지해제              (액면분할 주권 변경상장),2024-09-24,KOSDAQ,1825.0,1760.0,1780.0,1704.0,-0.03561643835616435,-0.024657534246575352,-0.06630136986301371,
1035311,20221116900391,00440712,리튬포어스,073570,"주권매매거래정지(주식의 병합, 분할 등 전자등록 변경, 말소)",2022-11-16,KOSDAQ,76979.0,76498.0,93818.0,93818.0,-0.006248457371490934,0.21874797022564585,0.21874797022564585,
1023193,20221209900492,00440712,리튬포어스,073570,주권매매거래정지해제(액면병합 주권 변경상장),2022-12-09,KOSDAQ,93818.0,70484.0,57012.0,58215.0,-0.24871559828604317,-0.39231277579995305,-0.3794900765311561,
506918,20250213901223,00440712,리튬포어스,073570,주권매매거래정지              (관리종목지정우려),2025-02-13,KOSDAQ,6759.0,4734.0,4782.0,4642.0,-0.2996005326231691,-0.2924988903683977,-0.313212013611481,
469025,20250321901604,00440712,리튬포어스,073570,주권매매거래정지              (관리종목지정사유발생),2025-03-21,KOSDAQ,3848.0,3651.0,3632.0,3541.0,-0.051195426195426164,-0.05613305613305608,-0.07978170478170477,
22294,20260424900806,00440712,리튬포어스,073570,"주권매매거래정지              (주식의 병합, 분할 등 전자등록 변경, 말소)",2026-04-24,KOSDAQ,4022.0,3425.0,3950.0,3950.0,-0.14843361511685726,-0.017901541521631037,-0.017901541521631037,
6593,20260515902881,00440712,리튬포어스,073570,주권매매거래정지해제              (감자 주권 변경상장),2026-05-15,KOSDAQ,3950.0,3950.0,3950.0,2985.0,0.0,0.0,-0.2443037974683544,
1033863,20221121800228,00860332,메리츠금융지주,138040,매매거래정지및정지해제(중요내용공시),2022-11-21,KOSPI,26750.0,34750.0,36400.0,35600.0,0.2990654205607477,0.360747663551402,0.3308411214953271,
1032968,20221123800358,00148896,OCI홀딩스,010060,매매거래정지및정지해제(중요내용공시),2022-11-23,KOSPI,82644.0,77718.0,77638.0,75572.0,-0.0596050529984028,-0.06057306035525867,-0.08557185034606263,
1032483,20221124800465,00113225,대한제강,084010,매매거래정지및정지해제(중요내용공시),2022-11-24,KOSPI,8802.0,8768.0,8535.0,8735.0,-0.0038627584639854273,-0.03033401499659172,-0.007611906384912492,
285481,20251222800283,00113225,대한제강,084010,매매거래정지및정지해제(중요내용공시),2025-12-22,KOSPI,13136.0,13870.0,13403.0,12849.0,0.055876979293544515,0.02032582216808776,-0.021848355663824592,
1030762,20221128800461,00113191,코리안리,003690,매매거래정지및정지해제(중요내용공시),2022-11-28,KOSPI,5009.0,5151.0,5194.0,5212.0,0.02834897185066887,0.036933519664603676,0.04052705130764633,
808698,20231106800401,00113191,코리안리,003690,매매거래정지및정지해제(중요내용공시),2023-11-06,KOSPI,6177.0,6475.0,6323.0,6583.0,0.04824348389185684,0.023636069289298955,0.06572769953051649,
567316,20241023800422,00113191,코리안리,003690,매매거래정지및정지해제(중요내용공시),2024-10-23,KOSPI,7621.0,7723.0,7808.0,7944.0,0.013384070331977416,0.024537462275291855,0.042382889384595224,
1029610,20221129800398,00145552,이수화학,005950,매매거래정지및정지해제(중요내용공시),2022-11-29,KOSPI,12500.0,11900.0,12575.0,11150.0,-0.04800000000000004,0.006000000000000005,-0.10799999999999998,
1025410,20221205900607,01047840,미스터블루,207760,주권매매거래정지(무상증자),2022-12-05,KOSDAQ,2487.0,2320.0,2600.0,2373.0,-0.06714917571371126,0.04543626859670291,-0.045838359469240086,
1025389,20221205900626,01033591,큐알티,405100,주권매매거래정지(무상증자),2022-12-05,KOSDAQ,13052.0,12200.0,12501.0,12034.0,-0.06527735212994179,-0.04221575237511488,-0.07799570946981305,
1025255,20221206900096,00365758,아이앤씨,052860,주권매매거래정지(단일판매공급계약),2022-12-06,KOSDAQ,2770.0,2815.0,2845.0,2720.0,0.016245487364620947,0.02707581227436817,-0.018050541516245522,
1024930,20221206900478,01139266,로스웰,900260,"주권매매거래정지(주식의 병합, 분할 등 전자등록 변경, 말소)",2022-12-06,KOSDAQ,1340.0,1280.0,1310.0,1310.0,-0.04477611940298509,-0.02238805970149249,-0.02238805970149249,
1013173,20221228900882,01139266,로스웰,900260,주권매매거래정지해제(주식병합(무액면주식) 주권 변경상장),2022-12-28,KOSDAQ,1310.0,1220.0,1140.0,1080.0,-0.06870229007633588,-0.1297709923664122,-0.17557251908396942,
1024768,20221207800174,00118275,디아이,003160,매매거래정지및정지해제(중요내용공시),2022-12-07,KOSPI,5340.0,5540.0,5400.0,5380.0,0.03745318352059934,0.011235955056179803,0.0074906367041198685,
1024835,20221207900103,01259311,푸드나무,290720,주권매매거래정지(무상증자),2022-12-07,KOSDAQ,11856.0,11171.0,10866.0,10993.0,-0.057776653171390024,-0.083502024291498,-0.07279014844804321,
479973,20250313901766,01259311,푸드나무,290720,주권매매거래정지              (관리종목지정우려),2025-03-13,KOSDAQ,2290.0,2310.0,1881.0,2070.0,0.008733624454148492,-0.1786026200873363,-0.09606986899563319,
1023269,20221209800374,00114792,동국홀딩스,001230,매매거래정지및정지해제(중요내용공시),2022-12-09,KOSPI,2554.0,2307.0,2288.0,2307.0,-0.09671104150352383,-0.1041503523884103,-0.09671104150352383,
255137,20260211801477,00114792,동국홀딩스,001230,매매거래정지및정지해제(중요내용공시),2026-02-11,KOSPI,1781.0,1852.0,1848.0,2138.0,0.0398652442448062,0.03761931499157778,0.20044918585064564,
1023021,20221209900741,00390408,인크레더블버즈,064090,주권매매거래정지(불성실공시법인 지정),2022-12-09,KOSDAQ,1720.0,1720.0,1615.0,1555.0,0.0,-0.061046511627906974,-0.09593023255813948,
979857,20230302900806,00390408,인크레더블버즈,064090,주권매매거래정지(관리종목지정우려),2023-03-02,KOSDAQ,2430.0,2195.0,2200.0,2280.0,-0.0967078189300411,-0.09465020576131689,-0.06172839506172845,
413493,20250418901072,00390408,인크레더블버즈,064090,주권매매거래정지              (불성실공시법인 지정),2025-04-18,KOSDAQ,3650.0,3650.0,3690.0,3910.0,0.0,0.010958904109588996,0.0712328767123287,
258590,20260206902832,00390408,인크레더블버즈,064090,주권매매거래정지              (상장적격성 실질심사 대상 (사유발생)),2026-02-06,KOSDAQ,798.0,798.0,798.0,798.0,0.0,0.0,0.0,
78621,20260326903647,00390408,인크레더블버즈,064090,주권매매거래정지기간변경              (상장적격성 실질심사 대상 결정),2026-03-26,KOSDAQ,798.0,798.0,798.0,798.0,0.0,0.0,0.0,
45816,20260407900956,00390408,인크레더블버즈,064090,주권매매거래정지기간변경              (상장폐지 사유 발생),2026-04-07,KOSDAQ,798.0,798.0,798.0,798.0,0.0,0.0,0.0,
20414,20260428901297,00390408,인크레더블버즈,064090,주권매매거래정지기간변경              (개선기간 부여),2026-04-28,KOSDAQ,798.0,798.0,798.0,798.0,0.0,0.0,0.0,
5454,20260518901000,00390408,인크레더블버즈,064090,주권매매거래정지기간변경              (상장폐지 사유 발생),2026-05-18,KOSDAQ,798.0,798.0,798.0,798.0,0.0,0.0,0.0,
1021627,20221214900145,00668965,지오엘리먼트,311320,주권매매거래정지(무상증자),2022-12-14,KOSDAQ,11300.0,11476.0,11125.0,10774.0,0.015575221238937953,-0.015486725663716783,-0.04654867256637163,
1018925,20221216800962,00838500,엘브이엠씨,900140,매매거래정지및정지해제(중요내용공시),2022-12-16,KOSPI,1936.0,1859.0,1856.0,1818.0,-0.03977272727272729,-0.04132231404958675,-0.06095041322314054,
1018087,20221219900571,00173591,세원물산,024830,주권매매거래정지해제(상장유지 결정),2022-12-19,KOSDAQ,12000.0,9480.0,8580.0,7130.0,-0.20999999999999996,-0.28500000000000003,-0.4058333333333334,
1017943,20221220900214,01491607,오에스피,368970,주권매매거래정지(우회상장여부 및 요건충족확인),2022-12-20,KOSDAQ,7558.0,8478.0,8331.0,7505.0,0.12172532415983062,0.10227573432124903,-0.0070124371526858464,
1017649,20221220900578,01491607,오에스피,368970,주권매매거래정지해제(우회상장 미해당),2022-12-20,KOSDAQ,7558.0,8478.0,8331.0,7505.0,0.12172532415983062,0.10227573432124903,-0.0070124371526858464,
21507,20260427900737,01491607,오에스피,368970,"주권매매거래정지              (주식의 병합, 분할 등 전자등록 변경, 말소)",2026-04-27,KOSDAQ,2488.0,2480.0,2566.0,2566.0,-0.003215434083601254,0.031350482315112504,0.031350482315112504,
253,20260527900645,01491607,오에스피,368970,주권매매거래정지해제              (액면병합 주권 변경상장),2026-05-27,KOSDAQ,2566.0,2146.0,1979.0,1899.0,-0.16367887763055344,-0.22876071706936862,-0.259937646141855,
123200,20260604900233,01491607,오에스피,368970,주권매매거래정지              (무상증자),2026-06-04,KOSDAQ,1899.0,2022.0,1906.0,2019.0,0.06477093206951023,0.0036861506055818616,0.06319115323854652,
1015938,20221223900320,00660121,디에이테크놀로지,196490,주권매매거래정지(단일판매공급계약),2022-12-23,KOSDAQ,23280.0,21810.0,20850.0,19650.0,-0.06314432989690721,-0.10438144329896903,-0.1559278350515464,
889975,20230518900441,00660121,디에이테크놀로지,196490,주권매매거래정지(회계처리 기준위반),2023-05-18,KOSDAQ,24120.0,24510.0,24990.0,26760.0,0.016169154228855787,0.03606965174129351,0.1094527363184079,
736955,20240306900791,00660121,디에이테크놀로지,196490,"주권매매거래정지              (주식의 병합, 분할 등 전자등록 변경, 말소)",2024-03-06,KOSDAQ,11010.0,10740.0,10680.0,10680.0,-0.02452316076294281,-0.02997275204359673,-0.02997275204359673,
713993,20240326901274,00660121,디에이테크놀로지,196490,주권매매거래정지해제              (액면분할 주권 변경상장),2024-03-26,KOSDAQ,10680.0,13860.0,12030.0,15540.0,0.297752808988764,0.1264044943820224,0.4550561797752808,
696356,20240402900765,00660121,디에이테크놀로지,196490,주권매매거래정지              (풍문 또는 보도 관련),2024-04-02,KOSDAQ,15540.0,15540.0,15540.0,7920.0,0.0,0.0,-0.49034749034749037,
696131,20240402900836,00660121,디에이테크놀로지,196490,[기재정정]주권매매거래정지              (풍문 또는 보도 관련),2024-04-02,KOSDAQ,15540.0,15540.0,15540.0,7920.0,0.0,0.0,-0.49034749034749037,
692203,20240403900729,00660121,디에이테크놀로지,196490,주권매매거래정지기간변경              (풍문사유(채권자에 의한 파산신청설) 미해소),2024-04-03,KOSDAQ,15540.0,15540.0,10890.0,6090.0,0.0,-0.2992277992277992,-0.6081081081081081,
688855,20240404900763,00660121,디에이테크놀로지,196490,주권매매거래정지해제              (풍문 등 조회결과 공시),2024-04-04,KOSDAQ,15540.0,10890.0,8550.0,6090.0,-0.2992277992277992,-0.4498069498069498,-0.6081081081081081,
673212,20240411900305,00660121,디에이테크놀로지,196490,주권매매거래정지              (풍문 또는 보도 관련),2024-04-11,KOSDAQ,6090.0,6090.0,6090.0,6090.0,0.0,0.0,0.0,
668446,20240412900509,00660121,디에이테크놀로지,196490,주권매매거래정지기간변경              (풍문사유(전 대표이사의 횡령·배임혐의설) 미해소),2024-04-12,KOSDAQ,6090.0,6090.0,6090.0,6090.0,0.0,0.0,0.0,
662427,20240423900661,00660121,디에이테크놀로지,196490,주권매매거래정지기간변경              (회생절차 개시신청),2024-04-23,KOSDAQ,6090.0,6090.0,6090.0,6090.0,0.0,0.0,0.0,
658118,20240429900862,00660121,디에이테크놀로지,196490,주권매매거래정지기간변경              (상장적격성 실질심사 대상(사유발생)),2024-04-29,KOSDAQ,6090.0,6090.0,6090.0,6090.0,0.0,0.0,0.0,
649458,20240516900464,00660121,디에이테크놀로지,196490,주권매매거래정지기간변경              (회생절차 개시결정),2024-05-16,KOSDAQ,6090.0,6090.0,6090.0,6090.0,0.0,0.0,0.0,
631679,20240614900653,00660121,디에이테크놀로지,196490,주권매매거래정지기간변경              (상장적격성 실질심사 대상 결정),2024-06-14,KOSDAQ,6090.0,6090.0,6090.0,6090.0,0.0,0.0,0.0,
609098,20240801900511,00660121,디에이테크놀로지,196490,주권매매거래정지기간변경              (개선기간 부여),2024-08-01,KOSDAQ,6090.0,6090.0,6090.0,6090.0,0.0,0.0,0.0,
467500,20250324900580,00660121,디에이테크놀로지,196490,주권매매거래정지기간변경              (상장폐지 사유 발생),2025-03-24,KOSDAQ,6090.0,6090.0,6090.0,6090.0,0.0,0.0,0.0,
416195,20250414900762,00660121,디에이테크놀로지,196490,주권매매거래정지기간변경              (개선기간 부여),2025-04-14,KOSDAQ,6090.0,6090.0,6090.0,6090.0,0.0,0.0,0.0,
318590,20251027900670,00660121,디에이테크놀로지,196490,주권매매거래정지기간변경              (상장폐지 사유 발생),2025-10-27,KOSDAQ,6090.0,6090.0,6090.0,6090.0,0.0,0.0,0.0,
292955,20251210900767,00660121,디에이테크놀로지,196490,주권매매거래정지해제              (상장폐지에 따른 정리매매 개시),2025-12-10,KOSDAQ,6090.0,6090.0,6090.0,6090.0,0.0,0.0,0.0,
292196,20251211900795,00660121,디에이테크놀로지,196490,주권매매거래정지              (투자자 보호),2025-12-11,KOSDAQ,6090.0,6090.0,6090.0,6090.0,0.0,0.0,0.0,
1011147,20230102800672,00129420,까뮤이앤씨,013700,매매거래정지및정지해제(중요내용공시),2023-01-02,KOSPI,2115.0,1950.0,1940.0,1875.0,-0.07801418439716312,-0.08274231678486998,-0.11347517730496459,
1010660,20230103800502,00113614,대현,016090,매매거래정지및정지해제(중요내용공시),2023-01-03,KOSPI,2195.0,2205.0,2200.0,2260.0,0.004555808656036442,0.002277904328018332,0.029612756264236983,
1008805,20230106800648,00125974,삼부토건,001470,매매거래정지및정지해제(중요내용공시),2023-01-06,KOSPI,1335.0,1295.0,1305.0,1340.0,-0.029962546816479363,-0.022471910112359605,0.0037453183520599342,
1008373,20230109900356,00653194,앱토크롬,109960,주권매매거래정지(자본감소),2023-01-09,KOSDAQ,42746.0,32989.0,32989.0,34358.0,-0.22825527534740098,-0.22825527534740098,-0.19622888691339535,
967438,20230315902365,00653194,앱토크롬,109960,"주권매매거래정지(주식의 병합, 분할 등 전자등록 변경, 말소)",2023-03-15,KOSDAQ,28150.0,27244.0,27475.0,27475.0,-0.03218472468916522,-0.023978685612788597,-0.023978685612788597,
934731,20230404900872,00653194,앱토크롬,109960,주권매매거래정지해제(감자 주권 변경상장),2023-04-04,KOSDAQ,27475.0,27475.0,27475.0,26415.0,0.0,0.0,-0.038580527752502314,
247995,20260223901181,00653194,앱토크롬,109960,주권매매거래정지              (자본감소),2026-02-23,KOSDAQ,3721.0,3817.0,3470.0,3181.0,0.025799516259070066,-0.06745498521902715,-0.1451222789572696,
20512,20260428900829,00653194,앱토크롬,109960,"주권매매거래정지              (주식의 병합, 분할 등 전자등록 변경, 말소)",2026-04-28,KOSDAQ,3432.0,3123.0,2950.0,2950.0,-0.090034965034965,-0.1404428904428905,-0.1404428904428905,
150,20260527900697,00653194,앱토크롬,109960,주권매매거래정지해제              (감자 주권 변경상장),2026-05-27,KOSDAQ,2950.0,2950.0,2950.0,2160.0,0.0,0.0,-0.2677966101694915,
1008021,20230110800324,00148984,시알홀딩스,000480,매매거래정지및정지해제(중요내용공시),2023-01-10,KOSPI,7580.0,7700.0,8020.0,7860.0,0.0158311345646438,0.05804749340369386,0.03693931398416894,
1004216,20230119900129,01174038,자비스,254120,주권매매거래정지(단일판매공급계약),2023-01-19,KOSDAQ,2130.0,2125.0,2070.0,2227.0,-0.0023474178403756207,-0.028169014084507005,0.0455399061032864,
1004125,20230119900244,00925374,윤성에프앤씨,372170,주권매매거래정지(단일판매공급계약),2023-01-19,KOSDAQ,46100.0,46050.0,45700.0,45800.0,-0.0010845986984815426,-0.008676789587852451,-0.006507592190889366,
1003645,20230120900154,00531917,톱텍,108230,주권매매거래정지(단일판매공급계약),2023-01-20,KOSDAQ,8880.0,8820.0,8880.0,9110.0,-0.006756756756756799,0.0,0.025900900900900803,
982266,20230228900554,00531917,톱텍,108230,주권매매거래정지(단일판매공급계약),2023-02-28,KOSDAQ,10010.0,9970.0,9570.0,9580.0,-0.003996003996003972,-0.04395604395604391,-0.042957042957042946,
1000253,20230130900929,00442455,코스나인,082660,주권매매거래정지(상장적격성 실질심사 대상(사유발생)),2023-01-30,KOSDAQ,798.0,798.0,798.0,798.0,0.0,0.0,0.0,
972818,20230310901366,00442455,코스나인,082660,주권매매거래정지해제(상장적격성 실질심사 대상 제외 결정),2023-03-10,KOSDAQ,798.0,801.0,784.0,907.0,0.003759398496240518,-0.01754385964912286,0.13659147869674193,
607092,20240807900615,00442455,코스나인,082660,주권매매거래정지              (풍문 또는 보도 관련),2024-08-07,KOSDAQ,480.0,480.0,480.0,480.0,0.0,0.0,0.0,
606413,20240808900683,00442455,코스나인,082660,주권매매거래정지기간변경              (풍문사유(전 대표이사의 횡령·배임혐의설) 미해소),2024-08-08,KOSDAQ,480.0,480.0,480.0,480.0,0.0,0.0,0.0,
597502,20240816900225,00442455,코스나인,082660,주권매매거래정지기간변경              (상장적격성 실질심사 대상(사유발생)),2024-08-16,KOSDAQ,480.0,480.0,480.0,480.0,0.0,0.0,0.0,
574114,20241004900446,00442455,코스나인,082660,주권매매거래정지기간변경              (상장적격성 실질심사 대상 결정 ),2024-10-04,KOSDAQ,480.0,480.0,480.0,480.0,0.0,0.0,0.0,
565274,20241028900686,00442455,코스나인,082660,주권매매거래정지기간변경              (회생절차 개시신청),2024-10-28,KOSDAQ,480.0,480.0,480.0,480.0,0.0,0.0,0.0,
549965,20241126900585,00442455,코스나인,082660,주권매매거래정지기간변경              (회생절차 개시결정),2024-11-26,KOSDAQ,480.0,480.0,480.0,480.0,0.0,0.0,0.0,
534942,20241217900779,00442455,코스나인,082660,주권매매거래정지기간변경              (상장폐지 사유 발생),2024-12-17,KOSDAQ,480.0,480.0,480.0,480.0,0.0,0.0,0.0,
510888,20250210901604,00442455,코스나인,082660,주권매매거래정지기간변경              (개선기간 부여),2025-02-10,KOSDAQ,480.0,480.0,480.0,480.0,0.0,0.0,0.0,
468397,20250321902384,00442455,코스나인,082660,주권매매거래정지기간변경              (상장폐지 사유 발생),2025-03-21,KOSDAQ,480.0,480.0,480.0,480.0,0.0,0.0,0.0,
422933,20250410901102,00442455,코스나인,082660,주권매매거래정지기간변경              (개선기간 부여),2025-04-10,KOSDAQ,480.0,480.0,480.0,480.0,0.0,0.0,0.0,
297697,20251128901287,00442455,코스나인,082660,주권매매거래정지해제              (상장폐지에 따른 정리매매 개시),2025-11-28,KOSDAQ,480.0,480.0,480.0,480.0,0.0,0.0,0.0,
296880,20251201900804,00442455,코스나인,082660,주권매매거래정지              (투자자 보호),2025-12-01,KOSDAQ,480.0,480.0,480.0,480.0,0.0,0.0,0.0,
995784,20230209600382,01026616,지구홀딩스,221800,주권매매거래정지(무상증자),2023-02-09,KOSDAQ,25000.0,25000.0,25700.0,25200.0,0.0,0.028000000000000025,0.008000000000000007,
994975,20230210900345,00298447,아모텍,052710,주권매매거래정지(무상증자),2023-02-10,KOSDAQ,19981.0,19032.0,18998.0,19097.0,-0.04749512036434611,-0.049196736900055105,-0.04424202992843196,
994416,20230210901196,00618410,KS인더스트리,101000,주권매매거래정지(관리종목지정우려),2023-02-10,KOSDAQ,540.0,378.0,355.0,350.0,-0.30000000000000004,-0.34259259259259256,-0.35185185185185186,
989654,20230220900674,00618410,KS인더스트리,101000,주권매매거래정지(자본감소),2023-02-20,KOSDAQ,343.0,338.0,350.0,351.0,-0.014577259475218707,0.020408163265306145,0.023323615160349753,
978095,20230306900442,00618410,KS인더스트리,101000,주권매매거래정지(관리종목지정사유발생),2023-03-06,KOSDAQ,351.0,345.0,340.0,322.0,-0.017094017094017144,-0.031339031339031376,-0.08262108262108259,
958117,20230323901013,00618410,KS인더스트리,101000,"주권매매거래정지(주식의 병합, 분할 등 전자등록 변경, 말소)",2023-03-23,KOSDAQ,317.0,320.0,325.0,325.0,0.009463722397476282,0.025236593059936974,0.025236593059936974,
907486,20230418900274,00618410,KS인더스트리,101000,주권매매거래정지해제(감자 주권 변경상장),2023-04-18,KOSDAQ,325.0,325.0,325.0,2625.0,0.0,0.0,7.076923076923077,
331898,20250919900593,00618410,KS인더스트리,101000,주권매매거래정지              (불성실공시법인 지정),2025-09-19,KOSDAQ,1815.0,1815.0,1430.0,831.0,0.0,-0.21212121212121215,-0.5421487603305786,
113333,20260624900666,00618410,KS인더스트리,101000,주권매매거래정지              (자본감소),2026-06-24,KOSDAQ,508.0,385.0,372.0,,-0.24212598425196852,-0.26771653543307083,,
993270,20230214900243,01360875,탑머티리얼,360070,주권매매거래정지(단일판매공급계약),2023-02-14,KOSDAQ,39900.0,38000.0,39500.0,38400.0,-0.04761904761904767,-0.010025062656641603,-0.03759398496240607,
976230,20230308900374,01360875,탑머티리얼,360070,주권매매거래정지(단일판매공급계약),2023-03-08,KOSDAQ,53000.0,53100.0,54000.0,53600.0,0.0018867924528302993,0.018867924528301883,0.01132075471698113,
878230,20230609900095,01360875,탑머티리얼,360070,주권매매거래정지(단일판매공급계약),2023-06-09,KOSDAQ,68500.0,68400.0,69800.0,68100.0,-0.0014598540145985828,0.01897810218978102,-0.005839416058394109,
992849,20230214900911,01265251,압타머사이언스,291650,주권매매거래정지(무상증자),2023-02-14,KOSDAQ,4213.0,3969.0,4012.0,4076.0,-0.057915974365060574,-0.04770947068597198,-0.03251839544267743,
992830,20230214900950,01265251,압타머사이언스,291650,[기재정정]주권매매거래정지(무상증자),2023-02-14,KOSDAQ,4213.0,3969.0,4012.0,4076.0,-0.057915974365060574,-0.04770947068597198,-0.03251839544267743,
992010,20230215900735,00110750,플루토스,019570,주권매매거래정지(자본감소),2023-02-15,KOSDAQ,394.0,398.0,413.0,404.0,0.010152284263959421,0.048223350253807196,0.025380710659898442,
924509,20230407901176,00110750,플루토스,019570,"주권매매거래정지(주식의 병합, 분할 등 전자등록 변경, 말소)",2023-04-07,KOSDAQ,380.0,397.0,377.0,377.0,0.044736842105263186,-0.007894736842105288,-0.007894736842105288,
902250,20230427900776,00110750,플루토스,019570,주권매매거래정지해제(감자 주권 변경상장),2023-04-27,KOSDAQ,377.0,377.0,377.0,1107.0,0.0,0.0,1.9363395225464193,
42767,20260408900941,00110750,플루토스,019570,주권매매거래정지              (자본감소),2026-04-08,KOSDAQ,367.0,330.0,341.0,411.0,-0.10081743869209814,-0.07084468664850141,0.11989100817438691,
118152,20260612900882,00110750,플루토스,019570,"주권매매거래정지              (주식의 병합, 분할 등 전자등록 변경, 말소)",2026-06-12,KOSDAQ,329.0,293.0,296.0,296.0,-0.10942249240121582,-0.10030395136778114,-0.10030395136778114,
991501,20230216900147,00442154,제이엔케이글로벌,126880,주권매매거래정지(단일판매공급계약),2023-02-16,KOSDAQ,6080.0,6100.0,6130.0,6110.0,0.00328947368421062,0.008223684210526327,0.004934210526315708,
326431,20251001900297,00442154,제이엔케이글로벌,126880,주권매매거래정지              (단일판매공급계약),2025-10-01,KOSDAQ,4830.0,4650.0,4700.0,,-0.037267080745341574,-0.026915113871635588,,
989617,20230220900768,01437432,디티앤씨알오,383930,주권매매거래정지(무상증자),2023-02-20,KOSDAQ,6260.0,6055.0,5815.0,6025.0,-0.03274760383386577,-0.07108626198083068,-0.03753993610223638,
983448,20230228900049,00552859,HLB테라퓨틱스,115450,주권매매거래정지(무상증자),2023-02-28,KOSDAQ,5171.0,5214.0,5245.0,5228.0,0.008315606265712594,0.01431057822471482,0.011023012956874911,
983134,20230228900152,00359261,빛샘전자,072950,주권매매거래정지(무상증자),2023-02-28,KOSDAQ,4987.0,4940.0,5010.0,4855.0,-0.009424503709645093,0.004611991177060348,-0.02646881892921593,
983072,20230228900171,00398701,엘앤에프,066970,주권매매거래정지(단일판매공급계약),2023-02-28,KOSPI,262000.0,250500.0,258500.0,246000.0,-0.043893129770992356,-0.013358778625954248,-0.06106870229007633,
981474,20230228901062,00550994,아이센스,099190,주권매매거래정지(무상증자),2023-02-28,KOSDAQ,16214.0,16814.0,19266.0,18040.0,0.03700505735783888,0.18823239176020712,0.11261872455902311,
980192,20230302900380,01288827,HPSP,403870,주권매매거래정지(무상증자),2023-03-02,KOSDAQ,15675.0,16425.0,17225.0,16625.0,0.04784688995215314,0.09888357256778302,0.06060606060606055,
979063,20230303900482,00378220,버킷스튜디오,066410,주권매매거래정지(상장적격성 실질심사 대상 (사유발생)),2023-03-03,KOSDAQ,1153.0,1153.0,1153.0,1153.0,0.0,0.0,0.0,
943436,20230331903205,00378220,버킷스튜디오,066410,주권매매거래정지기간변경(상장폐지 사유 발생),2023-03-31,KOSDAQ,1153.0,1153.0,1153.0,1153.0,0.0,0.0,0.0,
906156,20230420900658,00378220,버킷스튜디오,066410,주권매매거래정지기간변경(개선기간 부여),2023-04-20,KOSDAQ,1153.0,1153.0,1153.0,1153.0,0.0,0.0,0.0,
709125,20240328903803,00378220,버킷스튜디오,066410,주권매매거래정지기간변경              (상장폐지 사유 발생),2024-03-28,KOSDAQ,1153.0,1153.0,1153.0,1153.0,0.0,0.0,0.0,
575213,20240930901008,00378220,버킷스튜디오,066410,주권매매거래정지해제              (상장폐지에 따른 정리매매 개시),2024-09-30,KOSDAQ,1153.0,1153.0,1153.0,1153.0,0.0,0.0,0.0,
574853,20241002900384,00378220,버킷스튜디오,066410,주권매매거래정지              (투자자보호),2024-10-02,KOSDAQ,1153.0,1153.0,1153.0,1153.0,0.0,0.0,0.0,
467025,20250324901222,00378220,버킷스튜디오,066410,주권매매거래정지기간변경              (형식적 상장폐지 사유해소 및 상장적격성 실질심사 사유추가),2025-03-24,KOSDAQ,1153.0,1153.0,1153.0,1153.0,0.0,0.0,0.0,
404242,20250508900708,00378220,버킷스튜디오,066410,주권매매거래정지기간변경              (상장적격성 실질심사 대상 결정),2025-05-08,KOSDAQ,1153.0,1153.0,1153.0,1153.0,0.0,0.0,0.0,
367760,20250716900502,00378220,버킷스튜디오,066410,주권매매거래정지기간변경              (개선기간 부여),2025-07-16,KOSDAQ,1153.0,1153.0,1153.0,1153.0,0.0,0.0,0.0,
978709,20230303900847,00369569,비케이홀딩스,050090,주권매매거래정지(자본감소),2023-03-03,KOSDAQ,424.0,297.0,322.0,350.0,-0.29952830188679247,-0.24056603773584906,-0.17452830188679247,
931268,20230405900717,00369569,비케이홀딩스,050090,"주권매매거래정지(주식의 병합, 분할 등 전자등록 변경, 말소)",2023-04-05,KOSDAQ,391.0,382.0,396.0,396.0,-0.023017902813299185,0.01278772378516635,0.01278772378516635,
899266,20230502900776,00369569,비케이홀딩스,050090,주권매매거래정지해제(감자 주권 변경상장),2023-05-02,KOSDAQ,396.0,396.0,396.0,1800.0,0.0,0.0,3.545454545454546,
796367,20231127900521,00369569,비케이홀딩스,050090,주권매매거래정지(중요한 영업정지),2023-11-27,KOSDAQ,1329.0,1128.0,1121.0,1089.0,-0.1512415349887133,-0.1565086531226486,-0.1805869074492099,
975140,20230309800377,00128032,삼일제약,000520,매매거래정지및정지해제(중요내용공시),2023-03-09,KOSPI,7345.0,7134.0,7116.0,7006.0,-0.02872702518720216,-0.03117767188563647,-0.0461538461538461,
971349,20230313901443,00104573,국일제지,078130,주권매매거래정지(투자자 보호),2023-03-13,KOSDAQ,4300.0,4300.0,4300.0,4300.0,0.0,0.0,0.0,
970561,20230314900971,00104573,국일제지,078130,주권매매거래정지기간변경(회생절차 개시신청),2023-03-14,KOSDAQ,4300.0,4300.0,4300.0,4300.0,0.0,0.0,0.0,
967560,20230315902233,00104573,국일제지,078130,주권매매거래정지기간변경(풍문 또는 보도 관련),2023-03-15,KOSDAQ,4300.0,4300.0,4300.0,4300.0,0.0,0.0,0.0,
965248,20230316902386,00104573,국일제지,078130,주권매매거래정지기간변경(풍문사유(보도설) 미해소 관련),2023-03-16,KOSDAQ,4300.0,4300.0,4300.0,4300.0,0.0,0.0,0.0,
963801,20230317901379,00104573,국일제지,078130,주권매매거래정지기간변경(풍문사유(부도설) 해소),2023-03-17,KOSDAQ,4300.0,4300.0,4300.0,4300.0,0.0,0.0,0.0,
960622,20230321902075,00104573,국일제지,078130,주권매매거래정지기간변경(투자자보호),2023-03-21,KOSDAQ,4300.0,4300.0,4300.0,4300.0,0.0,0.0,0.0,
920358,20230410900928,00104573,국일제지,078130,주권매매거래정지기간변경(상장폐지 사유 발생),2023-04-10,KOSDAQ,4300.0,4300.0,4300.0,4300.0,0.0,0.0,0.0,
911314,20230413900770,00104573,국일제지,078130,주권매매거래정지기간변경(회생절차 개시결정),2023-04-13,KOSDAQ,4300.0,4300.0,4300.0,4300.0,0.0,0.0,0.0,
903269,20230426901070,00104573,국일제지,078130,주권매매거래정지기간변경(개선기간 부여),2023-04-26,KOSDAQ,4300.0,4300.0,4300.0,4300.0,0.0,0.0,0.0,
777822,20231227900820,00104573,국일제지,078130,주권매매거래정지기간변경(상장적격성 실질심사 대상 (사유발생)),2023-12-27,KOSDAQ,4300.0,4300.0,4300.0,4300.0,0.0,0.0,0.0,
749147,20240221900921,00104573,국일제지,078130,기타시장안내              (형식적 상장폐지 사유 해소 및 매매거래정지 지속 안내),2024-02-21,KOSDAQ,4300.0,4300.0,4300.0,4300.0,0.0,0.0,0.0,
749146,20240221900925,00104573,국일제지,078130,주권매매거래정지기간변경              (상장폐지 사유 해소),2024-02-21,KOSDAQ,4300.0,4300.0,4300.0,4300.0,0.0,0.0,0.0,
688860,20240404900746,00104573,국일제지,078130,주권매매거래정지기간변경              (상장적격성 실질심사 대상 결정),2024-04-04,KOSDAQ,4300.0,4300.0,4300.0,4300.0,0.0,0.0,0.0,
642504,20240529900610,00104573,국일제지,078130,주권매매거래정지기간변경              (개선기간 부여),2024-05-29,KOSDAQ,4300.0,4300.0,4300.0,4300.0,0.0,0.0,0.0,
366531,20250718900618,00104573,국일제지,078130,주권매매거래정지해제              (상장유지 결정),2025-07-18,KOSDAQ,4300.0,5590.0,7260.0,6160.0,0.30000000000000004,0.6883720930232557,0.43255813953488365,
23316,20260423900881,00104573,국일제지,078130,"주권매매거래정지              (주식의 병합, 분할 등 전자등록 변경, 말소)",2026-04-23,KOSDAQ,4730.0,4340.0,4360.0,4360.0,-0.08245243128964064,-0.07822410147991543,-0.07822410147991543,
5200,20260519900452,00104573,국일제지,078130,주권매매거래정지해제              (액면병합 주권 변경상장),2026-05-19,KOSDAQ,4360.0,3885.0,3925.0,3705.0,-0.10894495412844041,-0.09977064220183485,-0.15022935779816515,
968098,20230315901626,00693554,티케이케미칼,104480,주권매매거래정지(중요한 영업정지),2023-03-15,KOSDAQ,2715.0,2580.0,2695.0,2625.0,-0.04972375690607733,-0.007366482504604033,-0.03314917127071826,
732803,20240311901202,00693554,티케이케미칼,104480,주권매매거래정지              (중요한 영업정지),2024-03-11,KOSDAQ,1704.0,1709.0,1722.0,1672.0,0.002934272300469498,0.010563380281690238,-0.018779342723004744,
965673,20230316901887,00295857,코다코,046070,주권매매거래정지(관리종목지정우려),2023-03-16,KOSDAQ,45160.0,40400.0,43200.0,45080.0,-0.10540301151461473,-0.043401240035429556,-0.001771479185119551,
957719,20230323901511,00295857,코다코,046070,주권매매거래정지(관리종목지정사유발생),2023-03-23,KOSDAQ,45080.0,47960.0,52560.0,49200.0,0.06388642413487133,0.16592724046140206,0.09139307897071869,
832215,20230905900593,00295857,코다코,046070,주권매매거래정지(회생절차개시신청),2023-09-05,KOSDAQ,20680.0,20680.0,20680.0,20680.0,0.0,0.0,0.0,
827343,20230918900420,00295857,코다코,046070,주권매매거래정지해제(회생절차개시결정),2023-09-18,KOSDAQ,20680.0,17640.0,17120.0,13120.0,-0.14700193423597674,-0.17214700193423593,-0.36557059961315286,
719915,20240321900163,00295857,코다코,046070,주권매매거래정지              (풍문 또는 보도 관련),2024-03-21,KOSDAQ,10280.0,10280.0,10280.0,10280.0,0.0,0.0,0.0,
718279,20240321902146,00295857,코다코,046070,주권매매거래정지기간변경              (상장폐지 사유 발생),2024-03-21,KOSDAQ,10280.0,10280.0,10280.0,10280.0,0.0,0.0,0.0,
667462,20240415900005,00295857,코다코,046070,주권매매거래정지기간변경              (개선기간 부여),2024-04-15,KOSDAQ,10280.0,10280.0,10280.0,10280.0,0.0,0.0,0.0,
468429,20250321902295,00295857,코다코,046070,주권매매거래정지기간변경              (상장폐지 사유 발생 및 상장적격성 실질심사 대상(사유발생)),2025-03-21,KOSDAQ,10280.0,10280.0,10280.0,10280.0,0.0,0.0,0.0,
404808,20250507900796,00295857,코다코,046070,주권매매거래정지기간변경              (상장적격성 실질심사 대상 결정),2025-05-07,KOSDAQ,10280.0,10280.0,10280.0,10280.0,0.0,0.0,0.0,
365951,20250721900623,00295857,코다코,046070,주권매매거래정지기간변경              (상장폐지 사유 발생 ),2025-07-21,KOSDAQ,10280.0,10280.0,10280.0,10280.0,0.0,0.0,0.0,
326902,20250930900990,00295857,코다코,046070,주권매매거래정지해제              (상장폐지에 따른 정리매매 개시),2025-09-30,KOSDAQ,10280.0,10280.0,10280.0,,0.0,0.0,,
326195,20251001900484,00295857,코다코,046070,주권매매거래정지              (투자자 보호),2025-10-01,KOSDAQ,10280.0,10280.0,10280.0,,0.0,0.0,,
962963,20230320800758,00138297,STX,011810,매매거래정지및정지해제(중요내용공시),2023-03-20,KOSPI,4643.0,5576.0,5244.0,5825.0,0.20094766314882628,0.1294421710101228,0.25457678225285374,
373045,20250702800678,00138297,STX,011810,매매거래정지및정지해제(풍문등조회공시),2025-07-02,KOSPI,3530.0,3530.0,3530.0,3530.0,0.0,0.0,0.0,
961396,20230321901143,00308896,셀피글로벌,068940,주권매매거래정지(풍문 또는 보도 관련),2023-03-21,KOSDAQ,778.0,778.0,778.0,778.0,0.0,0.0,0.0,
960616,20230321902085,00308896,셀피글로벌,068940,주권매매거래정지기간변경(상장폐지 사유 발생),2023-03-21,KOSDAQ,778.0,778.0,778.0,778.0,0.0,0.0,0.0,
920329,20230410901037,00308896,셀피글로벌,068940,주권매매거래정지기간변경(개선기간 부여),2023-04-10,KOSDAQ,778.0,778.0,778.0,778.0,0.0,0.0,0.0,
784386,20231214901565,00308896,셀피글로벌,068940,주권매매거래정지기간변경(상장적격성 실질심사 대상(사유발생)),2023-12-14,KOSDAQ,778.0,778.0,778.0,778.0,0.0,0.0,0.0,
717749,20240321902880,00308896,셀피글로벌,068940,주권매매거래정지기간변경              (상장폐지 사유 발생),2024-03-21,KOSDAQ,778.0,778.0,778.0,778.0,0.0,0.0,0.0,
545103,20241129900815,00308896,셀피글로벌,068940,기타시장안내              (형식적 상장폐지 사유 해소 및 매매거래정지 지속 안내),2024-11-29,KOSDAQ,778.0,778.0,778.0,778.0,0.0,0.0,0.0,
545102,20241129900817,00308896,셀피글로벌,068940,주권매매거래정지기간변경              (상장폐지 사유 해소),2024-11-29,KOSDAQ,778.0,778.0,778.0,778.0,0.0,0.0,0.0,
522671,20250114900512,00308896,셀피글로벌,068940,주권매매거래정지기간변경              (상장적격성 실질심사 대상 결정),2025-01-14,KOSDAQ,778.0,778.0,778.0,778.0,0.0,0.0,0.0,
432577,20250407901263,00308896,셀피글로벌,068940,주권매매거래정지기간변경              (상장폐지사유 발생),2025-04-07,KOSDAQ,778.0,778.0,778.0,778.0,0.0,0.0,0.0,
391447,20250529900661,00308896,셀피글로벌,068940,주권매매거래정지해제              (상장폐지에 따른 정리매매 개시),2025-05-29,KOSDAQ,778.0,778.0,778.0,778.0,0.0,0.0,0.0,
389696,20250530900622,00308896,셀피글로벌,068940,주권매매거래정지              (투자자 보호),2025-05-30,KOSDAQ,778.0,778.0,778.0,778.0,0.0,0.0,0.0,
121237,20260608901066,00308896,셀피글로벌,068940,주권매매거래정지기간변경              (투자자보호),2026-06-08,KOSDAQ,778.0,778.0,778.0,778.0,0.0,0.0,0.0,
960428,20230322900169,01099667,에스디생명공학,217480,주권매매거래정지(풍문 또는 보도 관련),2023-03-22,KOSDAQ,499.0,499.0,499.0,499.0,0.0,0.0,0.0,
959130,20230322901667,01099667,에스디생명공학,217480,주권매매거래정지기간변경(상장폐지 사유 발생),2023-03-22,KOSDAQ,499.0,499.0,499.0,499.0,0.0,0.0,0.0,
937913,20230403900947,01099667,에스디생명공학,217480,주권매매거래정지기간변경(회생절차 개시신청),2023-04-03,KOSDAQ,499.0,499.0,499.0,499.0,0.0,0.0,0.0,
914565,20230412900657,01099667,에스디생명공학,217480,주권매매거래정지기간변경(개선기간 부여),2023-04-12,KOSDAQ,499.0,499.0,499.0,499.0,0.0,0.0,0.0,
899227,20230502900869,01099667,에스디생명공학,217480,주권매매거래정지기간변경(회생절차 개시결정),2023-05-02,KOSDAQ,499.0,499.0,499.0,499.0,0.0,0.0,0.0,
762549,20240131901132,01099667,에스디생명공학,217480,기타시장안내(감사의견 관련 형식적 상장폐지 사유 해소 및 매매거래정지 지속 안내),2024-01-31,KOSDAQ,499.0,499.0,499.0,499.0,0.0,0.0,0.0,
762547,20240131901134,01099667,에스디생명공학,217480,주권매매거래정지기간변경(상장폐지 사유 해소),2024-01-31,KOSDAQ,499.0,499.0,499.0,499.0,0.0,0.0,0.0,
723539,20240318901333,01099667,에스디생명공학,217480,주권매매거래정지기간변경              (상장적격성 실질심사 대상 결정),2024-03-18,KOSDAQ,499.0,499.0,499.0,499.0,0.0,0.0,0.0,
653914,20240508900636,01099667,에스디생명공학,217480,주권매매거래정지기간변경              (개선기간 부여),2024-05-08,KOSDAQ,499.0,499.0,499.0,499.0,0.0,0.0,0.0,
363437,20250725900840,01099667,에스디생명공학,217480,주권매매거래정지기간변경              (상장폐지 사유 발생),2025-07-25,KOSDAQ,499.0,499.0,499.0,499.0,0.0,0.0,0.0,
334385,20250912900565,01099667,에스디생명공학,217480,주권매매거래정지기간변경              (개선기간 부여),2025-09-12,KOSDAQ,499.0,499.0,499.0,499.0,0.0,0.0,0.0,
952602,20230328901685,00525642,코오롱생명과학,102940,주권매매거래정지(중요한 영업정지),2023-03-28,KOSDAQ,33850.0,33800.0,33850.0,34850.0,-0.001477104874446078,0.0,0.02954209748892178,
952288,20230329900124,00403793,바이브컴퍼니,301300,주권매매거래정지(무상증자),2023-03-29,KOSDAQ,14328.0,13551.0,13226.0,13125.0,-0.05422948073701839,-0.07691233947515352,-0.08396147403685095,
949155,20230330801076,00117230,TYM,002900,매매거래정지및정지해제(중요내용공시),2023-03-30,KOSPI,7981.0,8032.0,8083.0,8083.0,0.006390176669590186,0.012780353339180595,0.012780353339180595,
948036,20230330802531,00141404,블루산업개발,006740,매매거래정지및정지해제(중요내용공시),2023-03-30,KOSPI,24605.0,25052.0,25601.0,26696.0,0.01816703921967089,0.040479577321682614,0.08498272708799015,
245345,20260225801509,00141404,블루산업개발,006740,매매거래정지및정지해제(중요내용공시),2026-02-25,KOSPI,1725.0,1452.0,1408.0,1227.0,-0.15826086956521734,-0.18376811594202902,-0.288695652173913,
946317,20230331900750,00693651,비덴트,121800,주권매매거래정지(풍문 또는 보도 관련),2023-03-31,KOSDAQ,3320.0,3320.0,3320.0,3320.0,0.0,0.0,0.0,
945285,20230331901593,00693651,비덴트,121800,주권매매거래정지기간변경(상장폐지 사유 발생),2023-03-31,KOSDAQ,3320.0,3320.0,3320.0,3320.0,0.0,0.0,0.0,
906157,20230420900656,00693651,비덴트,121800,주권매매거래정지기간변경(개선기간 부여),2023-04-20,KOSDAQ,3320.0,3320.0,3320.0,3320.0,0.0,0.0,0.0,
860699,20230718900560,00693651,비덴트,121800,주권매매거래정지기간변경(상장적격성 실질심사 대상(사유발생)),2023-07-18,KOSDAQ,3320.0,3320.0,3320.0,3320.0,0.0,0.0,0.0,
717785,20240321902813,00693651,비덴트,121800,주권매매거래정지기간변경              (상장폐지 사유 발생),2024-03-21,KOSDAQ,3320.0,3320.0,3320.0,3320.0,0.0,0.0,0.0,
575206,20240930901018,00693651,비덴트,121800,주권매매거래정지해제              (상장폐지에 따른 정리매매 개시),2024-09-30,KOSDAQ,3320.0,3320.0,3320.0,3320.0,0.0,0.0,0.0,
574805,20241002900411,00693651,비덴트,121800,주권매매거래정지              (투자자 보호),2024-10-02,KOSDAQ,3320.0,3320.0,3320.0,3320.0,0.0,0.0,0.0,
503620,20250217901269,00693651,비덴트,121800,주권매매거래정지기간변경              (형식적 상장폐지 사유해소 및 상장적격성 실질심사 사유추가),2025-02-17,KOSDAQ,3320.0,3320.0,3320.0,3320.0,0.0,0.0,0.0,
448981,20250401901245,00693651,비덴트,121800,주권매매거래정지기간변경              (상장적격성 실질심사 대상 결정),2025-04-01,KOSDAQ,3320.0,3320.0,3320.0,3320.0,0.0,0.0,0.0,
370464,20250709900611,00693651,비덴트,121800,주권매매거래정지기간변경              (개선기간 부여),2025-07-09,KOSDAQ,3320.0,3320.0,3320.0,3320.0,0.0,0.0,0.0,
123367,20260602900871,00693651,비덴트,121800,주권매매거래정지기간변경              (상장폐지사유 발생),2026-06-02,KOSDAQ,3320.0,3320.0,3320.0,3320.0,0.0,0.0,0.0,
943174,20230331903432,00161781,아난티,025980,주권매매거래정지(회계처리 기준위반),2023-03-31,KOSDAQ,6780.0,6850.0,6880.0,6770.0,0.010324483775811188,0.014749262536873253,-0.001474926253687281,
663181,20240422900501,00161781,아난티,025980,주권매매거래정지              (회계처리 기준위반),2024-04-22,KOSDAQ,5980.0,5940.0,5990.0,6340.0,-0.006688963210702337,0.0016722408026756952,0.06020066889632103,
940571,20230403900284,01062177,제놀루션,225220,주권매매거래정지(무상증자),2023-04-03,KOSDAQ,6182.0,6193.0,6358.0,6322.0,0.001779359430605032,0.028469750889679624,0.022646392753154387,
924429,20230407901189,00416414,넥스턴앤롤코리아,089140,"주권매매거래정지(주식의 병합, 분할 등 전자등록 변경, 말소)",2023-04-07,KOSDAQ,9869.0,10904.0,13030.0,13030.0,0.10487384740095251,0.3202958759752761,0.3202958759752761,
898758,20230503900559,00416414,넥스턴앤롤코리아,089140,주권매매거래정지해제(액면병합 주권 변경상장),2023-05-03,KOSDAQ,13030.0,12530.0,10680.0,9560.0,-0.038372985418265504,-0.18035303146584802,-0.26630851880276285,
924382,20230407901267,00110583,DH오토웨어,025440,"주권매매거래정지(주식의 병합, 분할 등 전자등록 변경, 말소)",2023-04-07,KOSDAQ,2964.0,2881.0,2983.0,2983.0,-0.028002699055330593,0.0064102564102563875,0.0064102564102563875,
896293,20230510900521,00110583,DH오토웨어,025440,주권매매거래정지해제(액면병합 주권 변경상장),2023-05-10,KOSDAQ,2983.0,2881.0,2881.0,2794.0,-0.034193764666443194,-0.034193764666443194,-0.0633590345289976,
688856,20240404900667,00110583,DH오토웨어,025440,"주권매매거래정지              (주식의 병합, 분할 등 전자등록 변경, 말소)",2024-04-04,KOSDAQ,2332.0,2352.0,2410.0,2410.0,0.00857632933104635,0.0334476843910807,0.0334476843910807,
655880,20240502900698,00110583,DH오토웨어,025440,주권매매거래정지해제              (액면분할 주권 변경상장),2024-05-02,KOSDAQ,2410.0,2235.0,2157.0,2220.0,-0.07261410788381739,-0.10497925311203316,-0.07883817427385897,
565245,20241028900680,00110583,DH오토웨어,025440,"주권매매거래정지              (주식의 병합, 분할 등 전자등록 변경, 말소)",2024-10-28,KOSDAQ,1185.0,1117.0,1142.0,1142.0,-0.05738396624472575,-0.036286919831223674,-0.036286919831223674,
554342,20241114903204,00110583,DH오토웨어,025440,주권매매거래정지해제              (감자 주권 변경상장),2024-11-14,KOSDAQ,1142.0,1142.0,1142.0,878.0,0.0,0.0,-0.2311733800350263,
119982,20260610900892,00110583,DH오토웨어,025440,"주권매매거래정지              (주식의 병합, 분할 등 전자등록 변경, 말소)",2026-06-10,KOSDAQ,690.0,704.0,730.0,730.0,0.020289855072463725,0.05797101449275366,0.05797101449275366,
917242,20230411900647,00204226,소프트센,032680,"주권매매거래정지(주식의 병합, 분할 등 전자등록 변경, 말소)",2023-04-11,KOSDAQ,3780.0,3825.0,3885.0,3885.0,0.011904761904761862,0.02777777777777768,0.02777777777777768,
899279,20230502900824,00204226,소프트센,032680,주권매매거래정지해제(액면분할 주권 변경상장),2023-05-02,KOSDAQ,3885.0,3530.0,3400.0,3200.0,-0.09137709137709138,-0.12483912483912485,-0.17631917631917637,
349789,20250814902673,00204226,소프트센,032680,주권매매거래정지              (풍문 또는 보도 관련),2025-08-14,KOSDAQ,1670.0,1670.0,1670.0,1555.0,0.0,0.0,-0.06886227544910184,
348687,20250814903822,00204226,소프트센,032680,주권매매거래정지기간변경              (상장적격성 실질심사 대상(사유발생)),2025-08-14,KOSDAQ,1670.0,1670.0,1670.0,1555.0,0.0,0.0,-0.06886227544910184,
346767,20250821900607,00204226,소프트센,032680,주권매매거래정지해제              (상장적격성 실질심사 대상 제외 결정),2025-08-21,KOSDAQ,1670.0,1555.0,1545.0,1565.0,-0.06886227544910184,-0.07485029940119758,-0.06287425149700598,
20506,20260428900811,00204226,소프트센,032680,"주권매매거래정지              (주식의 병합, 분할 등 전자등록 변경, 말소)",2026-04-28,KOSDAQ,1420.0,1385.0,1340.0,1340.0,-0.02464788732394363,-0.05633802816901412,-0.05633802816901412,
2970,20260522900772,00204226,소프트센,032680,주권매매거래정지해제              (액면병합 주권 변경상장),2026-05-22,KOSDAQ,1340.0,1297.0,1235.0,991.0,-0.03208955223880594,-0.07835820895522383,-0.2604477611940299,
917240,20230411900661,01036367,아크솔루션스,203690,"주권매매거래정지(주식의 병합, 분할 등 전자등록 변경, 말소)",2023-04-11,KOSDAQ,4050.0,4090.0,4410.0,4410.0,0.009876543209876631,0.0888888888888888,0.0888888888888888,
895447,20230511900641,01036367,아크솔루션스,203690,주권매매거래정지해제(액면병합 주권 변경상장),2023-05-11,KOSDAQ,4410.0,4035.0,3785.0,3360.0,-0.08503401360544216,-0.14172335600907027,-0.23809523809523814,
791511,20231130900796,01036367,아크솔루션스,203690,주권매매거래정지(풍문 또는 보도 관련),2023-11-30,KOSDAQ,10690.0,10690.0,9340.0,8790.0,0.0,-0.12628624883068285,-0.17773620205799812,
790852,20231201900732,01036367,아크솔루션스,203690,주권매매거래정지해제(풍문 등 조회결과 공시),2023-12-01,KOSDAQ,10690.0,9340.0,9640.0,9210.0,-0.12628624883068285,-0.09822263797941999,-0.13844714686623016,
753125,20240214901447,01036367,아크솔루션스,203690,주권매매거래정지              (관리종목지정우려),2024-02-14,KOSDAQ,9300.0,9200.0,8780.0,8660.0,-0.010752688172043001,-0.05591397849462365,-0.0688172043010753,
519408,20250122900784,01036367,아크솔루션스,203690,주권매매거래정지              (풍문 또는 보도 관련),2025-01-22,KOSDAQ,4425.0,4425.0,4425.0,4425.0,0.0,0.0,0.0,
519032,20250123900148,01036367,아크솔루션스,203690,주권매매거래정지기간변경              (상장적격성 실질심사 대상(사유발생)),2025-01-23,KOSDAQ,4425.0,4425.0,4425.0,4425.0,0.0,0.0,0.0,
479379,20250313902383,01036367,아크솔루션스,203690,주권매매거래정지기간변경              (상장적격성 실질심사 대상 결정),2025-03-13,KOSDAQ,4425.0,4425.0,4425.0,4425.0,0.0,0.0,0.0,
391448,20250529900658,01036367,아크솔루션스,203690,주권매매거래정지기간변경              (상장폐지 사유발생),2025-05-29,KOSDAQ,4425.0,4425.0,4425.0,4425.0,0.0,0.0,0.0,
365949,20250721900616,01036367,아크솔루션스,203690,주권매매거래정지해제              (상장폐지에 따른 정리매매 개시),2025-07-21,KOSDAQ,4425.0,4425.0,4425.0,4425.0,0.0,0.0,0.0,
365653,20250722900372,01036367,아크솔루션스,203690,주권매매거래정지              (투자자 보호),2025-07-22,KOSDAQ,4425.0,4425.0,4425.0,4425.0,0.0,0.0,0.0,
910338,20230414900175,01276327,위지윅스튜디오,299900,주권매매거래정지(무상증자),2023-04-14,KOSDAQ,4340.0,4348.0,4250.0,3948.0,0.0018433179723502668,-0.020737327188940058,-0.0903225806451613,
907948,20230417900541,00915508,알엔투테크놀로지,148250,주권매매거래정지(불성실공시법인 지정),2023-04-17,KOSDAQ,8350.0,8350.0,8380.0,8320.0,0.0,0.00359281437125758,-0.003592814371257469,
906966,20230419900362,00146560,일지테크,019540,주권매매거래정지(영업양수도),2023-04-19,KOSDAQ,3130.0,3120.0,3095.0,3020.0,-0.0031948881789137795,-0.011182108626198062,-0.03514376996805113,
901910,20230428900089,01023318,센코,347000,주권매매거래정지(무상증자),2023-04-28,KOSDAQ,3690.0,3927.0,3787.0,3937.0,0.06422764227642275,0.026287262872628725,0.06693766937669388,
899234,20230502900841,00651017,나우IB,293580,"주권매매거래정지(주식의 병합, 분할 등 전자등록 변경, 말소)",2023-05-02,KOSDAQ,1287.0,1250.0,1240.0,1240.0,-0.028749028749028738,-0.03651903651903654,-0.03651903651903654,
887866,20230524900513,00651017,나우IB,293580,주권매매거래정지해제(액면분할 주권 변경상장),2023-05-24,KOSDAQ,1240.0,1180.0,1168.0,1241.0,-0.048387096774193505,-0.058064516129032295,0.0008064516129031585,
897655,20230508900172,01367586,제이아이테크,417500,주권매매거래정지(무상증자),2023-05-08,KOSDAQ,5615.0,4810.0,4902.0,4857.0,-0.1433659839715049,-0.12698130008904718,-0.13499554764024935,
896895,20230509900472,00367695,에이전트AI,060900,"주권매매거래정지(주식의 병합, 분할 등 전자등록 변경, 말소)",2023-05-09,KOSDAQ,55460.0,59009.0,57406.0,57406.0,0.06399206635412913,0.035088351965380404,0.035088351965380404,
881984,20230531900573,00367695,에이전트AI,060900,주권매매거래정지해제(액면병합 주권 변경상장),2023-05-31,KOSDAQ,57406.0,73550.0,77671.0,79045.0,0.2812249590635125,0.35301188029125874,0.3769466606278089,
287958,20251216902019,00367695,에이전트AI,060900,"주권매매거래정지              (주식의 병합, 분할 등 전자등록 변경, 말소)",2025-12-16,KOSDAQ,13784.0,14471.0,13739.0,13739.0,0.04984039466047596,-0.003264654672083589,-0.003264654672083589,
275322,20260109900625,00367695,에이전트AI,060900,주권매매거래정지해제              (액면분할 주권 변경상장),2026-01-09,KOSDAQ,13739.0,14380.0,13716.0,12594.0,0.04665550622316039,-0.001674066525948037,-0.08333939879176067,
243009,20260226901649,00367695,에이전트AI,060900,주권매매거래정지              (자본감소),2026-02-26,KOSDAQ,6640.0,6663.0,6755.0,6526.0,0.0034638554216868123,0.01731927710843384,-0.017168674698795128,
58010,20260402901178,00367695,에이전트AI,060900,"주권매매거래정지              (주식의 병합, 분할 등 전자등록 변경, 말소)",2026-04-02,KOSDAQ,9594.0,8632.0,7900.0,7900.0,-0.10027100271002709,-0.1765686887638107,-0.1765686887638107,
21380,20260427900964,00367695,에이전트AI,060900,주권매매거래정지해제              (감자 주권 변경상장),2026-04-27,KOSDAQ,7900.0,7900.0,7900.0,6380.0,0.0,0.0,-0.19240506329113927,
889527,20230519900324,01201970,셀레스트라,352770,주권매매거래정지(무상증자),2023-05-19,KOSDAQ,77400.0,63255.0,60090.0,59295.0,-0.18275193798449607,-0.22364341085271322,-0.23391472868217056,
510966,20250210901495,01201970,셀레스트라,352770,주권매매거래정지              (자본감소),2025-02-10,KOSDAQ,7410.0,5235.0,4710.0,4275.0,-0.2935222672064778,-0.3643724696356275,-0.42307692307692313,
449042,20250401901181,01201970,셀레스트라,352770,"주권매매거래정지              (주식의 병합, 분할 등 전자등록 변경, 말소)",2025-04-01,KOSDAQ,7350.0,6615.0,5250.0,5250.0,-0.09999999999999998,-0.2857142857142857,-0.2857142857142857,
437186,20250404901199,01201970,셀레스트라,352770,주권매매거래정지기간변경              (상장폐지 사유 발생),2025-04-04,KOSDAQ,5250.0,5250.0,5250.0,5250.0,0.0,0.0,0.0,
411899,20250423900356,01201970,셀레스트라,352770,주권매매거래정지기간변경              (감자 주권 변경상장),2025-04-23,KOSDAQ,5250.0,5250.0,5250.0,5250.0,0.0,0.0,0.0,
409771,20250425900999,01201970,셀레스트라,352770,주권매매거래정지기간변경              (개선기간 부여),2025-04-25,KOSDAQ,5250.0,5250.0,5250.0,5250.0,0.0,0.0,0.0,
336702,20250908900525,01201970,셀레스트라,352770,주권매매거래정지기간변경              (회생절차 개시신청),2025-09-08,KOSDAQ,5250.0,5250.0,5250.0,5250.0,0.0,0.0,0.0,
327012,20250930900890,01201970,셀레스트라,352770,주권매매거래정지기간변경              (회생절차 개시결정),2025-09-30,KOSDAQ,5250.0,5250.0,5250.0,5250.0,0.0,0.0,0.0,
315269,20251103900402,01201970,셀레스트라,352770,주권매매거래정지기간변경              (파산신청),2025-11-03,KOSDAQ,5250.0,5250.0,5250.0,5250.0,0.0,0.0,0.0,
45754,20260407900932,01201970,셀레스트라,352770,주권매매거래정지기간변경              (상장폐지 사유 발생),2026-04-07,KOSDAQ,5250.0,5250.0,5250.0,5250.0,0.0,0.0,0.0,
8302,20260515901124,01201970,셀레스트라,352770,주권매매거래정지기간변경              (상장적격성 실질심사 대상(사유발생)),2026-05-15,KOSDAQ,5250.0,5250.0,5250.0,5250.0,0.0,0.0,0.0,
121241,20260608901060,01201970,셀레스트라,352770,주권매매거래정지해제              (상장폐지에 따른 정리매매 개시),2026-06-08,KOSDAQ,5250.0,5250.0,5250.0,5250.0,0.0,0.0,0.0,
120713,20260609900676,01201970,셀레스트라,352770,주권매매거래정지              (투자자 보호),2026-06-09,KOSDAQ,5250.0,5250.0,5250.0,5250.0,0.0,0.0,0.0,
888108,20230524900244,00543204,아이오케이이엔엠,078860,주권매매거래정지(자본감소),2023-05-24,KOSDAQ,847.0,638.0,638.0,660.0,-0.24675324675324672,-0.24675324675324672,-0.22077922077922074,
817314,20231016900488,00543204,아이오케이이엔엠,078860,주권매매거래정지(자본감소),2023-10-16,KOSDAQ,418.0,374.0,363.0,352.0,-0.10526315789473684,-0.13157894736842102,-0.1578947368421053,
790062,20231205900427,00543204,아이오케이이엔엠,078860,"주권매매거래정지(주식의 병합, 분할 등 전자등록 변경, 말소)",2023-12-05,KOSDAQ,385.0,396.0,429.0,429.0,0.02857142857142847,0.11428571428571432,0.11428571428571432,
780349,20231221900710,00543204,아이오케이이엔엠,078860,주권매매거래정지해제(감자 주권 변경상장),2023-12-21,KOSDAQ,429.0,429.0,429.0,8422.0,0.0,0.0,18.63170163170163,
521238,20250117900741,00543204,아이오케이이엔엠,078860,"주권매매거래정지              (주식의 병합, 분할 등 전자등록 변경, 말소)",2025-01-17,KOSDAQ,16932.0,16271.0,16800.0,16800.0,-0.039038506969052644,-0.007795889440113446,-0.007795889440113446,
502220,20250219900992,00543204,아이오케이이엔엠,078860,주권매매거래정지해제              (액면분할 주권 변경상장),2025-02-19,KOSDAQ,16800.0,21831.0,24110.0,21533.0,0.29946428571428574,0.4351190476190476,0.2817261904761905,
98296,20260312901268,00543204,아이오케이이엔엠,078860,주권매매거래정지              (자본감소),2026-03-12,KOSDAQ,4623.0,4469.0,4403.0,4568.0,-0.03331170235777636,-0.047588146225394756,-0.011897036556348661,
46489,20260407900609,00543204,아이오케이이엔엠,078860,"주권매매거래정지              (주식의 병합, 분할 등 전자등록 변경, 말소)",2026-04-07,KOSDAQ,5262.0,4348.0,4800.0,4800.0,-0.17369821360699356,-0.08779931584948686,-0.08779931584948686,
21600,20260427900625,00543204,아이오케이이엔엠,078860,주권매매거래정지해제              (감자 주권 변경상장),2026-04-27,KOSDAQ,4800.0,4800.0,4800.0,3990.0,0.0,0.0,-0.16874999999999996,
887334,20230525900370,01586455,꿈비,407400,주권매매거래정지(무상증자),2023-05-25,KOSDAQ,14433.0,12994.0,12644.0,13150.0,-0.09970207164137745,-0.12395205431996115,-0.0888935079332086,
885329,20230530900516,01051092,피씨엘,241820,주권매매거래정지(무상증자),2023-05-30,KOSDAQ,62400.0,54000.0,50320.0,50200.0,-0.13461538461538458,-0.19358974358974357,-0.19551282051282048,
729359,20240313901912,01051092,피씨엘,241820,주권매매거래정지              (관리종목지정우려),2024-03-13,KOSDAQ,26920.0,27100.0,26480.0,28660.0,0.006686478454680511,-0.01634472511144136,0.06463595839524516,
468394,20250321902389,01051092,피씨엘,241820,주권매매거래정지              (풍문 또는 보도 관련),2025-03-21,KOSDAQ,6040.0,6040.0,6040.0,6040.0,0.0,0.0,0.0,
468077,20250324900021,01051092,피씨엘,241820,주권매매거래정지기간변경              (상장적격성 실질심사 대상(사유발생)),2025-03-24,KOSDAQ,6040.0,6040.0,6040.0,6040.0,0.0,0.0,0.0,
404324,20250508900616,01051092,피씨엘,241820,주권매매거래정지기간변경              (상장적격성 실질심사 대상 결정),2025-05-08,KOSDAQ,6040.0,6040.0,6040.0,6040.0,0.0,0.0,0.0,
365953,20250721900610,01051092,피씨엘,241820,주권매매거래정지기간변경              (상장폐지 사유 발생),2025-07-21,KOSDAQ,6040.0,6040.0,6040.0,6040.0,0.0,0.0,0.0,
337229,20250905900614,01051092,피씨엘,241820,주권매매거래정지기간변경              (투자자 보호),2025-09-05,KOSDAQ,6040.0,6040.0,6040.0,6040.0,0.0,0.0,0.0,
325149,20251002900635,01051092,피씨엘,241820,주권매매거래정지기간변경              (투자자 보호),2025-10-02,KOSDAQ,6040.0,6040.0,6040.0,6040.0,0.0,0.0,0.0,
322793,20251016900306,01051092,피씨엘,241820,주권매매거래정지기간변경              (투자자 보호),2025-10-16,KOSDAQ,6040.0,6040.0,6040.0,6040.0,0.0,0.0,0.0,
878080,20230609900239,01231786,엑스페릭스,317770,주권매매거래정지(무상증자),2023-06-09,KOSDAQ,12046.0,12617.0,11603.0,11831.0,0.04740162709613149,-0.03677569317615803,-0.017848248381205356,
878031,20230609900277,01110474,풍전약품,298060,주권매매거래정지(무상증자),2023-06-09,KOSDAQ,35680.0,28475.0,28590.0,25155.0,-0.20193385650224216,-0.1987107623318386,-0.29498318385650224,
477512,20250314901636,01110474,풍전약품,298060,주권매매거래정지              (관리종목지정우려),2025-03-14,KOSDAQ,5910.0,5130.0,5725.0,6675.0,-0.13197969543147203,-0.03130287648054142,0.12944162436548234,
469491,20250321901081,01110474,풍전약품,298060,주권매매거래정지              (관리종목지정사유발생),2025-03-21,KOSDAQ,6675.0,5865.0,7105.0,5875.0,-0.12134831460674156,0.0644194756554306,-0.11985018726591756,
25734,20260420900508,01110474,풍전약품,298060,"주권매매거래정지              (주식의 병합, 분할 등 전자등록 변경, 말소)",2026-04-20,KOSDAQ,4405.0,4540.0,4635.0,4635.0,0.030646992054483624,0.05221339387060153,0.05221339387060153,
5595,20260518900710,01110474,풍전약품,298060,주권매매거래정지해제              (액면병합 주권 변경상장),2026-05-18,KOSDAQ,4635.0,3705.0,3280.0,3065.0,-0.20064724919093846,-0.2923408845738943,-0.3387270765911543,
876895,20230613900097,01436479,토마토시스템,393210,주권매매거래정지(무상증자),2023-06-13,KOSDAQ,5751.0,5633.0,5301.0,5480.0,-0.020518170752912512,-0.07824726134585291,-0.04712223961050255,
874940,20230616900127,00939942,포시에스,189690,주권매매거래정지(무상증자),2023-06-16,KOSDAQ,2940.0,2763.0,2806.0,3010.0,-0.060204081632653006,-0.045578231292517035,0.023809523809523725,
874020,20230619900570,01327746,보로노이,310210,주권매매거래정지(무상증자),2023-06-19,KOSDAQ,36448.0,38700.0,38618.0,40215.0,0.06178665496049174,0.05953687445127298,0.1033527216856891,
873781,20230620900125,01303029,알비더블유,361570,주권매매거래정지(무상증자),2023-06-20,KOSDAQ,6374.0,5843.0,5770.0,5863.0,-0.08330718544085347,-0.09475996234703488,-0.0801694383432695,
871377,20230626900215,00231105,동성화인텍,033500,주권매매거래정지(단일판매공급계약),2023-06-26,KOSDAQ,12360.0,12530.0,12590.0,12220.0,0.013754045307443397,0.01860841423948223,-0.01132686084142398,
317289,20251029900854,00231105,동성화인텍,033500,주권매매거래정지              (풍문 또는 보도 관련),2025-10-29,KOSDAQ,31750.0,31750.0,31750.0,31750.0,0.0,0.0,0.0,
317285,20251029901112,00231105,동성화인텍,033500,주권매매거래정지기간변경              (상장적격성 실질심사 대상(사유발생)),2025-10-29,KOSDAQ,31750.0,31750.0,31750.0,31750.0,0.0,0.0,0.0,
305983,20251117900599,00231105,동성화인텍,033500,주권매매거래정지해제              (상장적격성 실질심사 대상 제외 결정),2025-11-17,KOSDAQ,31750.0,27200.0,26250.0,26350.0,-0.14330708661417324,-0.17322834645669294,-0.17007874015748037,
871003,20230627900049,00601191,하나기술,299030,주권매매거래정지(단일판매공급계약),2023-06-27,KOSDAQ,80800.0,92200.0,90500.0,95700.0,0.141089108910891,0.12004950495049505,0.18440594059405946,
284589,20251223900313,00601191,하나기술,299030,주권매매거래정지              (단일판매공급계약),2025-12-23,KOSDAQ,34100.0,29650.0,28100.0,25300.0,-0.13049853372434017,-0.17595307917888559,-0.25806451612903225,
120879,20260609900456,00601191,하나기술,299030,주권매매거래정지              (단일판매공급계약),2026-06-09,KOSDAQ,17130.0,17950.0,17470.0,18590.0,0.047869235259778264,0.019848219497956787,0.08523058960887342,
868817,20230630900005,00605522,소룩스,290690,주권매매거래정지(우회상장여부 및 요건충족확인),2023-06-30,KOSDAQ,9168.0,9168.0,11334.0,8468.0,0.0,0.2362565445026179,-0.07635253054101221,
867191,20230703900359,00605522,소룩스,290690,주권매매거래정지해제(우회상장 미해당),2023-07-03,KOSDAQ,9168.0,11334.0,10398.0,7947.0,0.2362565445026179,0.13416230366492155,-0.1331806282722513,
788852,20231207900395,00605522,소룩스,290690,주권매매거래정지(무상증자),2023-12-07,KOSDAQ,9998.0,12364.0,9813.0,8498.0,0.23664732946589329,-0.018503700740148066,-0.1500300060012002,
684807,20240405900927,00605522,소룩스,290690,"주권매매거래정지              (주식의 병합, 분할 등 전자등록 변경, 말소)",2024-04-05,KOSDAQ,14655.0,14430.0,13930.0,13930.0,-0.015353121801433,-0.04947117024906178,-0.04947117024906178,
656795,20240430900998,00605522,소룩스,290690,주권매매거래정지해제              (액면병합 주권 변경상장),2024-04-30,KOSDAQ,13930.0,14280.0,13240.0,13080.0,0.025125628140703515,-0.04953338119167261,-0.06101938262742279,
605615,20240809900751,00605522,소룩스,290690,주권매매거래정지              (우회상장여부 및 요건충족확인),2024-08-09,KOSDAQ,11290.0,11290.0,11290.0,11230.0,0.0,0.0,-0.005314437555358764,
597879,20240814903597,00605522,소룩스,290690,주권매매거래정지해제              (우회상장 미해당),2024-08-14,KOSDAQ,11290.0,12080.0,11230.0,10640.0,0.06997342781222327,-0.005314437555358764,-0.057573073516386186,
868056,20230630900707,00317104,라이온켐텍,171120,주권매매거래정지(무상증자),2023-06-30,KOSDAQ,5975.0,5945.0,5920.0,5925.0,-0.005020920502092019,-0.009205020920502127,-0.008368200836820106,
867687,20230630901041,00402110,시큐브,131090,주권매매거래정지(회계처리 기준위반),2023-06-30,KOSDAQ,5230.0,5190.0,5170.0,5135.0,-0.007648183556405397,-0.01147227533460804,-0.018164435946462665,
412408,20250422900338,00402110,시큐브,131090,"주권매매거래정지              (주식의 병합, 분할 등 전자등록 변경, 말소)",2025-04-22,KOSDAQ,4225.0,4175.0,4145.0,4145.0,-0.011834319526627168,-0.018934911242603603,-0.018934911242603603,
396599,20250519900436,00402110,시큐브,131090,주권매매거래정지해제              (액면병합 주권 변경상장),2025-05-19,KOSDAQ,4145.0,4015.0,3980.0,3940.0,-0.03136308805790111,-0.039806996381182125,-0.049457177322074775,
867660,20230630901072,01118281,피플바이오,304840,주권매매거래정지(무상증자),2023-06-30,KOSDAQ,10410.0,8161.0,8344.0,8627.0,-0.21604226705091256,-0.1984630163304515,-0.17127761767531224,
867621,20230630901106,00255433,라온시큐어,042510,주권매매거래정지(우회상장여부 및 요건충족확인),2023-06-30,KOSDAQ,12606.0,13081.0,13006.0,12531.0,0.03768046961764249,0.031730921783277743,-0.005949547834364632,
867580,20230630901178,00255433,라온시큐어,042510,주권매매거래정지해제(우회상장 미해당),2023-06-30,KOSDAQ,12606.0,13081.0,13006.0,12531.0,0.03768046961764249,0.031730921783277743,-0.005949547834364632,
429668,20250408900829,00255433,라온시큐어,042510,"주권매매거래정지              (주식의 병합, 분할 등 전자등록 변경, 말소)",2025-04-08,KOSDAQ,9254.0,9019.0,9620.0,9620.0,-0.025394424032850638,0.039550464663929086,0.039550464663929086,
405441,20250502900569,00255433,라온시큐어,042510,주권매매거래정지해제              (액면병합 주권 변경상장),2025-05-02,KOSDAQ,9620.0,9920.0,9560.0,9540.0,0.031185031185031242,-0.006237006237006182,-0.008316008316008316,
867073,20230703800524,00415646,드림텍,192650,매매거래정지및정지해제(중요내용공시),2023-07-03,KOSPI,9110.0,9900.0,10150.0,9850.0,0.08671789242590555,0.11416026344676178,0.08122941822173435,
867074,20230703800525,00414601,유니퀘스트,077500,매매거래정지및정지해제(중요내용공시),2023-07-03,KOSPI,6125.0,7255.0,7650.0,7850.0,0.18448979591836734,0.2489795918367348,0.28163265306122454,
866608,20230704900602,01494118,노을,376930,주권매매거래정지(무상증자),2023-07-04,KOSDAQ,2591.0,1816.0,1733.0,1756.0,-0.299112311848707,-0.3311462755692782,-0.3222693940563489,
865031,20230707600402,01221752,지에프씨생명과학,388610,주권매매거래정지(무상증자),2023-07-07,KOSDAQ,14000.0,16100.0,15230.0,16200.0,0.1499999999999999,0.08785714285714286,0.15714285714285725,
864883,20230707600589,01344363,다원넥스뷰,323350,"주권매매거래정지(주식의 병합, 분할 등 전자등록 변경, 말소)",2023-07-07,KOSDAQ,9840.0,10080.0,10080.0,10080.0,0.024390243902439046,0.024390243902439046,0.024390243902439046,
856607,20230727600693,01344363,다원넥스뷰,323350,주권매매거래정지해제(액면분할 주권 변경상장),2023-07-27,KOSDAQ,10080.0,10080.0,10080.0,12600.0,0.0,0.0,0.25,
805065,20231113600670,01344363,다원넥스뷰,323350,주권매매거래정지,2023-11-13,KOSDAQ,12000.0,12000.0,12000.0,12000.0,0.0,0.0,0.0,
751963,20240215601163,01344363,다원넥스뷰,323350,주권매매거래정지해제,2024-02-15,KOSDAQ,12000.0,12870.0,12300.0,11500.0,0.07250000000000001,0.02499999999999991,-0.04166666666666663,
865333,20230707800120,00163716,한창,005110,매매거래정지및정지해제(중요내용공시),2023-07-07,KOSPI,1772.0,1808.0,1872.0,1768.0,0.020316027088036037,0.05643340857787815,-0.0022573363431150906,
711845,20240328800038,00163716,한창,005110,매매거래정지및정지해제(풍문등조회공시),2024-03-28,KOSPI,1254.0,1254.0,1254.0,1254.0,0.0,0.0,0.0,
711782,20240328800097,00163716,한창,005110,[기재정정]매매거래정지및정지해제(풍문등조회공시),2024-03-28,KOSPI,1254.0,1254.0,1254.0,1254.0,0.0,0.0,0.0,
863081,20230712800469,00159795,한국카본,017960,매매거래정지및정지해제(중요내용공시),2023-07-12,KOSPI,13060.0,13640.0,13840.0,14160.0,0.04441041347626351,0.0597243491577335,0.08422664624808585,
862229,20230714900045,00409681,아스트,067390,주권매매거래정지(은행관리등),2023-07-14,KOSDAQ,1870.0,1645.0,1840.0,1760.0,-0.1203208556149733,-0.016042780748663055,-0.05882352941176472,
732712,20240311901313,00409681,아스트,067390,"주권매매거래정지              (주식의 병합, 분할 등 전자등록 변경, 말소)",2024-03-11,KOSDAQ,1230.0,1164.0,1113.0,1113.0,-0.0536585365853659,-0.09512195121951217,-0.09512195121951217,
712325,20240327901324,00409681,아스트,067390,주권매매거래정지해제              (감자 주권 변경상장),2024-03-27,KOSDAQ,1113.0,1113.0,1113.0,1226.0,0.0,0.0,0.10152740341419597,
859653,20230720900617,01309388,LS티라유텍,322180,주권매매거래정지(무상증자),2023-07-20,KOSDAQ,6053.0,5266.0,5003.0,5316.0,-0.13001817280687267,-0.17346770196596728,-0.12175780604658848,
858268,20230725900130,01021639,나라셀라,405920,주권매매거래정지(무상증자),2023-07-25,KOSDAQ,8585.0,6994.0,7694.0,7899.0,-0.18532323820617358,-0.10378567268491556,-0.0799068142108329,
856596,20230727900705,00664048,우리넷,115440,주권매매거래정지(단일판매공급계약),2023-07-27,KOSDAQ,8510.0,8920.0,8480.0,8600.0,0.04817861339600471,-0.003525264394829586,0.010575793184488758,
853438,20230803800247,00197759,미래산업,025560,매매거래정지및정지해제(중요내용공시),2023-08-03,KOSPI,65444.0,62272.0,56712.0,64904.0,-0.04846891999266545,-0.13342705213617745,-0.008251329380844719,
414865,20250416800685,00197759,미래산업,025560,매매거래정지및정지해제(중요내용공시),2025-04-16,KOSPI,14169.0,11380.0,11171.0,11171.0,-0.1968381678311808,-0.21158867951160987,-0.21158867951160987,
853019,20230804900055,01405390,핌스,347770,주권매매거래정지(무상증자),2023-08-04,KOSDAQ,6163.0,6406.0,6023.0,5773.0,0.03942884958624049,-0.02271620963816323,-0.06328086970631186,
852021,20230807900470,01335851,박셀바이오,323990,주권매매거래정지(무상증자),2023-08-07,KOSDAQ,27294.0,22093.0,24909.0,24088.0,-0.19055470066681324,-0.08738184216311273,-0.11746171319703969,
851975,20230807900521,00549891,케어젠,214370,"주권매매거래정지(주식의 병합, 분할 등 전자등록 변경, 말소)",2023-08-07,KOSDAQ,39460.0,39280.0,40600.0,40600.0,-0.004561581348200727,0.028890015205271125,0.028890015205271125,
839546,20230824900440,00549891,케어젠,214370,주권매매거래정지해제(액면분할 주권 변경상장),2023-08-24,KOSDAQ,40600.0,39250.0,34800.0,41550.0,-0.03325123152709364,-0.1428571428571429,0.023399014778325178,
842934,20230816800452,00163345,DB,012030,매매거래정지및정지해제(우회상장심사),2023-08-16,KOSPI,1808.0,1808.0,1923.0,1806.0,0.0,0.06360619469026552,-0.0011061946902655162,
842564,20230817800229,00413046,셀트리온,068270,매매거래정지및정지해제(중요내용공시),2023-08-17,KOSPI,125918.0,131880.0,127232.0,126794.0,0.04734827427373367,0.01043536269635803,0.006956908464238687,
842706,20230817900053,01526806,삼기에너지솔루션즈,419050,주권매매거래정지(무상증자),2023-08-17,KOSDAQ,4677.0,4159.0,4309.0,4572.0,-0.11075475732307039,-0.07868291639940128,-0.022450288646568284,
840978,20230822900099,00532059,그린생명과학,114450,주권매매거래정지,2023-08-22,KOSDAQ,2422.0,2475.0,2486.0,2460.0,0.021882741535920625,0.02642444260941379,0.015689512799339278,
840659,20230822900447,00595182,아톤,158430,"주권매매거래정지(주식의 병합, 분할 등 전자등록 변경, 말소)",2023-08-22,KOSDAQ,4210.0,4450.0,4490.0,4490.0,0.05700712589073631,0.0665083135391924,0.0665083135391924,
832252,20230905900558,00595182,아톤,158430,주권매매거래정지해제(액면분할 주권 변경상장),2023-09-05,KOSDAQ,4490.0,4100.0,4070.0,4045.0,-0.0868596881959911,-0.0935412026726058,-0.09910913140311806,
840129,20230823900404,01397620,루닛,328130,주권매매거래정지(무상증자),2023-08-23,KOSDAQ,32815.0,35213.0,35235.0,39354.0,0.07307633704098726,0.07374676215145515,0.19926862715221705,
265076,20260130901006,01397620,루닛,328130,주권매매거래정지              (무상증자),2026-01-30,KOSDAQ,18843.0,18468.0,19101.0,18866.0,-0.019901289603566297,0.013692087247253681,0.0012206124290188303,
831312,20230907900429,00863038,캐리,313760,주권매매거래정지(풍문 또는 보도 관련),2023-09-07,KOSDAQ,9200.0,9200.0,9200.0,11960.0,0.0,0.0,0.30000000000000004,
830601,20230908900768,00863038,캐리,313760,주권매매거래정지기간변경(파산신청),2023-09-08,KOSDAQ,9200.0,9200.0,9200.0,12750.0,0.0,0.0,0.38586956521739135,
828910,20230913900530,00863038,캐리,313760,주권매매거래정지해제(파산신청 사유 해소),2023-09-13,KOSDAQ,9200.0,11960.0,12750.0,13730.0,0.30000000000000004,0.38586956521739135,0.4923913043478261,
67677,20260331904813,00863038,캐리,313760,주권매매거래정지              (상장폐지 사유발생),2026-03-31,KOSDAQ,468.0,468.0,468.0,468.0,0.0,0.0,0.0,
24883,20260421900806,00863038,캐리,313760,주권매매거래정지기간변경              (개선기간 부여),2026-04-21,KOSDAQ,468.0,468.0,468.0,468.0,0.0,0.0,0.0,
829537,20230912800436,00159810,카프로,006380,매매거래정지및정지해제(중요내용공시),2023-09-12,KOSPI,4995.0,4275.0,4300.0,4115.0,-0.14414414414414412,-0.1391391391391391,-0.1761761761761762,
828991,20230913800448,00220561,광주신세계,037710,매매거래정지및정지해제(중요내용공시),2023-09-13,KOSPI,30600.0,30850.0,30700.0,30550.0,0.008169934640522847,0.0032679738562091387,-0.0016339869281045694,
742824,20240228800784,00220561,광주신세계,037710,매매거래정지및정지해제(중요내용공시),2024-02-28,KOSPI,30400.0,31100.0,31400.0,30400.0,0.023026315789473673,0.03289473684210531,0.0,
828928,20230913800506,00149804,디와이에이,002880,매매거래정지및정지해제(중요내용공시),2023-09-13,KOSPI,1775.0,1245.0,1284.0,1172.0,-0.2985915492957747,-0.2766197183098592,-0.33971830985915497,
829093,20230913900337,01488320,필에너지,378340,주권매매거래정지(무상증자),2023-09-13,KOSDAQ,31250.0,36950.0,35850.0,33100.0,0.1823999999999999,0.1472,0.05919999999999992,
828234,20230915800154,00508344,SK디앤디,210980,매매거래정지및정지해제(중요내용공시),2023-09-15,KOSPI,13603.0,15303.0,15813.0,17372.0,0.12497243255164303,0.1624641623171359,0.27707123428655445,
827904,20230915800500,00423690,삼성출판사,068290,매매거래정지및정지해제(중요내용공시),2023-09-15,KOSPI,17130.0,16810.0,16470.0,15540.0,-0.018680677174547577,-0.038528896672504365,-0.09281961471103328,
828169,20230915900240,00545734,아미코젠,092040,주권매매거래정지(무상증자),2023-09-15,KOSDAQ,6716.0,6368.0,6210.0,6094.0,-0.051816557474687275,-0.07534246575342463,-0.09261465157832038,
825807,20230921800367,00103592,광동제약,009290,매매거래정지및정지해제(중요내용공시),2023-09-21,KOSPI,6110.0,6040.0,6050.0,,-0.011456628477905073,-0.009819967266775809,,
826036,20230921900106,00601988,코난테크놀로지,402030,주권매매거래정지(무상증자),2023-09-21,KOSDAQ,39097.0,35872.0,33966.0,,-0.08248714735145923,-0.13123769087142234,,
825222,20230922900387,00808086,HLB펩,196300,주권매매거래정지(무상증자),2023-09-22,KOSDAQ,16990.0,12920.0,12560.0,14960.0,-0.2395526780459094,-0.2607416127133608,-0.11948204826368447,
515115,20250204900949,00808086,HLB펩,196300,주권매매거래정지              (관리종목지정우려),2025-02-04,KOSDAQ,10270.0,7190.0,6940.0,8750.0,-0.29990262901655307,-0.3242453748782863,-0.14800389483933785,
469347,20250321901229,00808086,HLB펩,196300,주권매매거래정지              (관리종목지정사유발생),2025-03-21,KOSDAQ,9490.0,9560.0,9050.0,9100.0,0.007376185458377149,-0.04636459430979978,-0.04109589041095896,
824575,20230925800473,00120872,만호제강,001080,매매거래정지및정지해제(풍문등조회공시),2023-09-25,KOSPI,4500.0,4500.0,4500.0,4500.0,0.0,0.0,0.0,
824647,20230925900380,00916826,드림씨아이에스,223250,주권매매거래정지(무상증자),2023-09-25,KOSDAQ,7196.0,5194.0,5970.0,5770.0,-0.2782101167315175,-0.1703724291272929,-0.19816564758198996,
824552,20230925900497,00234227,유진로봇,056080,주권매매거래정지(중요한 영업정지),2023-09-25,KOSDAQ,14210.0,11210.0,13440.0,11930.0,-0.21111893033075302,-0.054187192118226646,-0.16045038705137227,
823714,20230926900600,00146427,한주에이알티,058450,주권매매거래정지(자본감소),2023-09-26,KOSDAQ,14757.0,10745.0,11026.0,11436.0,-0.27187097648573555,-0.252829165819611,-0.2250457410042691,
804788,20231113900923,00146427,한주에이알티,058450,"주권매매거래정지(주식의 병합, 분할 등 전자등록 변경, 말소)",2023-11-13,KOSDAQ,11104.0,11233.0,11929.0,11929.0,0.011617435158501443,0.0742975504322767,0.0742975504322767,
787361,20231211900712,00146427,한주에이알티,058450,주권매매거래정지해제(감자 주권 변경상장),2023-12-11,KOSDAQ,11929.0,15498.0,13126.0,11215.0,0.2991868555620756,0.1003437002263392,-0.059854136977114614,
102231,20260310901432,00146427,한주에이알티,058450,주권매매거래정지              (자본감소),2026-03-10,KOSDAQ,2201.0,2132.0,1939.0,1934.0,-0.03134938664243525,-0.11903680145388462,-0.121308496138119,
54243,20260403901408,00146427,한주에이알티,058450,"주권매매거래정지              (주식의 병합, 분할 등 전자등록 변경, 말소)",2026-04-03,KOSDAQ,3131.0,3546.0,2980.0,2980.0,0.13254551261577774,-0.0482274033854998,-0.0482274033854998,
24256,20260422900625,00146427,한주에이알티,058450,주권매매거래정지해제              (감자 주권 변경상장),2026-04-22,KOSDAQ,2980.0,2980.0,2980.0,4350.0,0.0,0.0,0.45973154362416113,
823623,20230926900688,01042085,엑셈,205100,주권매매거래정지(무상증자),2023-09-26,KOSDAQ,2946.0,2886.0,2744.0,,-0.020366598778004064,-0.06856754921928043,,
822904,20230927900388,00442561,에프알텍,073540,주권매매거래정지(단일판매공급계약),2023-09-27,KOSDAQ,2360.0,2145.0,2150.0,,-0.09110169491525422,-0.08898305084745761,,
822548,20230927900766,00522007,크리스에프앤씨,110790,"주권매매거래정지(주식의 병합, 분할 등 전자등록 변경, 말소)",2023-09-27,KOSDAQ,18990.0,18510.0,18960.0,18960.0,-0.025276461295418606,-0.0015797788309637184,-0.0015797788309637184,
815897,20231019900448,00522007,크리스에프앤씨,110790,주권매매거래정지해제(액면분할 주권 변경상장),2023-10-19,KOSDAQ,18960.0,9450.0,9080.0,8980.0,-0.5015822784810127,-0.5210970464135021,-0.5263713080168777,
821556,20231005800169,00203290,콜마홀딩스,024720,매매거래정지및정지해제(중요내용공시),2023-10-05,KOSPI,6864.0,6944.0,6829.0,7170.0,0.011655011655011593,-0.0050990675990676415,0.044580419580419584,
821548,20231005900182,01365038,자람테크놀로지,389020,주권매매거래정지(단일판매공급계약),2023-10-05,KOSDAQ,32000.0,33100.0,30150.0,31300.0,0.034375000000000044,-0.057812500000000044,-0.021874999999999978,
293971,20251209900171,01365038,자람테크놀로지,389020,주권매매거래정지              (단일판매공급계약),2025-12-09,KOSDAQ,40000.0,39350.0,40000.0,35650.0,-0.016249999999999987,0.0,-0.10875000000000001,
819392,20231011900160,00958327,지앤비에스 에코,382800,주권매매거래정지(무상증자),2023-10-11,KOSDAQ,7350.0,7237.0,7200.0,7250.0,-0.015374149659863945,-0.020408163265306145,-0.013605442176870763,
818864,20231012900098,01203376,유비쿼스,264450,주권매매거래정지(단일판매공급계약),2023-10-12,KOSDAQ,10546.0,10086.0,9966.0,9800.0,-0.04361843352930017,-0.054997155319552404,-0.07073772046273463,
567476,20241023900236,01203376,유비쿼스,264450,주권매매거래정지              (무상증자),2024-10-23,KOSDAQ,9140.0,9446.0,9326.0,9126.0,0.033479212253829216,0.020350109409190464,-0.0015317286652078987,
817197,20231017900117,01375822,에이프릴바이오,397030,주권매매거래정지(무상증자),2023-10-17,KOSDAQ,11705.0,10805.0,10505.0,10805.0,-0.07689021785561723,-0.10252029047415634,-0.07689021785561723,
815414,20231020900394,01601222,씨피시스템,413630,주권매매거래정지(SPAC 합병(예비심사청구대상)),2023-10-20,KOSDAQ,3745.0,3745.0,3745.0,3745.0,0.0,0.0,0.0,
726164,20240314902565,01601222,씨피시스템,413630,주권매매거래정지해제              (상장예비심사결과 통지(승인)),2024-03-14,KOSDAQ,3745.0,3710.0,3500.0,3595.0,-0.009345794392523366,-0.06542056074766356,-0.040053404539385884,
814813,20231023800305,00172291,더존비즈온,012510,매매거래정지및정지해제(중요내용공시),2023-10-23,KOSPI,27850.0,30000.0,28900.0,27850.0,0.07719928186714542,0.037701974865349985,0.0,
814784,20231023800344,00145260,율촌화학,008730,매매거래정지및정지해제(중요내용공시),2023-10-23,KOSPI,28050.0,30650.0,28700.0,28950.0,0.09269162210338688,0.02317290552584672,0.03208556149732611,
814965,20231023900134,01073678,얼라인드,238120,주권매매거래정지(무상증자),2023-10-23,KOSDAQ,4165.0,3895.0,3735.0,3585.0,-0.0648259303721489,-0.10324129651860747,-0.13925570228091233,
813744,20231025800370,00565154,이노션,214320,매매거래정지및정지해제(중요내용공시),2023-10-25,KOSPI,22375.0,22025.0,21875.0,21925.0,-0.015642458100558643,-0.022346368715083775,-0.020111731843575398,
812787,20231026900748,01175499,큐에이드,377460,주권매매거래정지(회생절차 개시신청),2023-10-26,KOSDAQ,3814.0,3814.0,3814.0,3814.0,0.0,0.0,0.0,
799238,20231120900599,01175499,큐에이드,377460,주권매매거래정지해제(회생절차개시결정),2023-11-20,KOSDAQ,3814.0,4958.0,4753.0,4080.0,0.29994756161510217,0.24619821709491352,0.06974305191400099,
796318,20231127900588,01175499,큐에이드,377460,주권매매거래정지(상장적격성 실질심사 대상 (사유발생)),2023-11-27,KOSDAQ,4080.0,4080.0,4080.0,4080.0,0.0,0.0,0.0,
771979,20240110900746,01175499,큐에이드,377460,주권매매거래정지기간변경(상장적격성 실질심사 대상 결정),2024-01-10,KOSDAQ,4080.0,4080.0,4080.0,4080.0,0.0,0.0,0.0,
724703,20240315901321,01175499,큐에이드,377460,주권매매거래정지기간변경              (투자자보호),2024-03-15,KOSDAQ,4080.0,4080.0,4080.0,4080.0,0.0,0.0,0.0,
720227,20240320902749,01175499,큐에이드,377460,주권매매거래정지기간변경              (상장폐지 사유 발생),2024-03-20,KOSDAQ,4080.0,4080.0,4080.0,4080.0,0.0,0.0,0.0,
713648,20240326901711,01175499,큐에이드,377460,주권매매거래정지기간변경              (개선기간 부여),2024-03-26,KOSDAQ,4080.0,4080.0,4080.0,4080.0,0.0,0.0,0.0,
422911,20250410901146,01175499,큐에이드,377460,주권매매거래정지기간변경              (상장폐지 사유 발생),2025-04-10,KOSDAQ,4080.0,4080.0,4080.0,4080.0,0.0,0.0,0.0,
348674,20250814903851,01175499,큐에이드,377460,기타시장안내              (감사의견 관련 형식적 상장폐지 사유 해소 및 매매거래정지 지속 안내),2025-08-14,KOSDAQ,4080.0,4080.0,4080.0,4080.0,0.0,0.0,0.0,
348673,20250814903855,01175499,큐에이드,377460,주권매매거래정지기간변경              (상장폐지 사유 해소),2025-08-14,KOSDAQ,4080.0,4080.0,4080.0,4080.0,0.0,0.0,0.0,
325245,20251002900518,01175499,큐에이드,377460,주권매매거래정지기간변경              (개선기간 부여),2025-10-02,KOSDAQ,4080.0,4080.0,4080.0,,0.0,0.0,,
811831,20231030900109,00579971,칩스앤미디어,094360,주권매매거래정지(무상증자),2023-10-30,KOSDAQ,17750.0,17000.0,18025.0,19450.0,-0.04225352112676062,0.015492957746478853,0.09577464788732404,
811523,20231030900500,01228515,앱튼,270520,주권매매거래정지(무상증자),2023-10-30,KOSDAQ,28810.0,26340.0,24380.0,29350.0,-0.0857341200971885,-0.1537660534536619,0.018743491843109972,
39020,20260409900910,01228515,앱튼,270520,"주권매매거래정지              (주식의 병합, 분할 등 전자등록 변경, 말소)",2026-04-09,KOSDAQ,1880.0,2440.0,2280.0,2280.0,0.2978723404255319,0.2127659574468086,0.2127659574468086,
14626,20260507900929,01228515,앱튼,270520,주권매매거래정지해제              (액면병합 주권 변경상장),2026-05-07,KOSDAQ,2280.0,1880.0,1463.0,1645.0,-0.17543859649122806,-0.3583333333333333,-0.2785087719298246,
809528,20231102900572,01207716,앱코,129890,"주권매매거래정지(주식의 병합, 분할 등 전자등록 변경, 말소)",2023-11-02,KOSDAQ,1120.0,1064.0,1022.0,1022.0,-0.050000000000000044,-0.08750000000000002,-0.08750000000000002,
798326,20231122900460,01207716,앱코,129890,주권매매거래정지해제(액면분할 주권 변경상장),2023-11-22,KOSDAQ,1022.0,997.0,935.0,848.0,-0.024461839530332652,-0.08512720156555775,-0.1702544031311155,
807612,20231108900492,01067516,골프존,215000,주권매매거래정지(우회상장여부 및 요건충족확인),2023-11-08,KOSDAQ,90100.0,90600.0,90100.0,92600.0,0.005549389567147678,0.0,0.027746947835738167,
807429,20231108900698,01067516,골프존,215000,주권매매거래정지해제(우회상장 미해당),2023-11-08,KOSDAQ,90100.0,90600.0,90100.0,92600.0,0.005549389567147678,0.0,0.027746947835738167,
806890,20231109900428,00483735,해성옵틱스,076610,주권매매거래정지(자본감소),2023-11-09,KOSDAQ,1812.0,1268.0,1124.0,1533.0,-0.30022075055187636,-0.3796909492273731,-0.1539735099337748,
786728,20231212900671,00483735,해성옵틱스,076610,"주권매매거래정지(주식의 병합, 분할 등 전자등록 변경, 말소)",2023-12-12,KOSDAQ,1398.0,1435.0,1450.0,1450.0,0.026466380543633816,0.03719599427753928,0.03719599427753928,
774971,20240103900746,00483735,해성옵틱스,076610,주권매매거래정지해제(감자 주권 변경상장),2024-01-03,KOSDAQ,1450.0,1450.0,1450.0,1341.0,0.0,0.0,-0.07517241379310347,
801356,20231115900087,00913689,세경하이테크,148150,주권매매거래정지(무상증자),2023-11-15,KOSDAQ,5022.0,4895.0,4888.0,5643.0,-0.02528872958980488,-0.02668259657506966,0.12365591397849451,
800473,20231116900426,00809429,뉴온,123840,주권매매거래정지(우회상장여부 및 요건충족확인),2023-11-16,KOSDAQ,58378.0,56000.0,53945.0,50702.0,-0.04073452327931759,-0.07593614032683549,-0.13148788927335642,
800423,20231116900467,00809429,뉴온,123840,주권매매거래정지해제(우회상장 미해당),2023-11-16,KOSDAQ,58378.0,56000.0,53945.0,50702.0,-0.04073452327931759,-0.07593614032683549,-0.13148788927335642,
728951,20240313902349,00809429,뉴온,123840,주권매매거래정지              (관리종목지정우려),2024-03-13,KOSDAQ,57297.0,58378.0,62486.0,61945.0,0.018866607326736062,0.09056320575248278,0.08112117562874155,
545511,20241129900511,00809429,뉴온,123840,"주권매매거래정지              (주식의 병합, 분할 등 전자등록 변경, 말소)",2024-11-29,KOSDAQ,18918.0,18918.0,18918.0,18918.0,0.0,0.0,0.0,
533575,20241219900600,00809429,뉴온,123840,주권매매거래정지해제              (액면병합 주권 변경상장),2024-12-19,KOSDAQ,18918.0,18864.0,18864.0,18043.0,-0.0028544243577545148,-0.0028544243577545148,-0.046252246537689,
294828,20251205900436,00809429,뉴온,123840,주권매매거래정지              (중요한 영업정지),2025-12-05,KOSDAQ,10032.0,9589.0,12464.0,10778.0,-0.04415869218500801,0.24242424242424243,0.07436204146730452,
96001,20260313901488,00809429,뉴온,123840,주권매매거래정지              (자본감소),2026-03-13,KOSDAQ,7427.0,6572.0,6594.0,6659.0,-0.11512050626093984,-0.11215834118755885,-0.10340648983438805,
42108,20260408901217,00809429,뉴온,123840,"주권매매거래정지              (주식의 병합, 분할 등 전자등록 변경, 말소)",2026-04-08,KOSDAQ,6032.0,5945.0,6000.0,6000.0,-0.014423076923076872,-0.0053050397877983935,-0.0053050397877983935,
16078,20260504900715,00809429,뉴온,123840,주권매매거래정지해제              (감자 주권 변경상장),2026-05-04,KOSDAQ,6000.0,6000.0,6000.0,4415.0,0.0,0.0,-0.26416666666666666,
789937,20231205900557,01275665,리메드,302550,"주권매매거래정지(주식의 병합, 분할 등 전자등록 변경, 말소)",2023-12-05,KOSDAQ,3264.0,3340.0,3340.0,3340.0,0.023284313725490113,0.023284313725490113,0.023284313725490113,
789914,20231205900605,01275665,리메드,302550,"[기재정정]주권매매거래정지(주식의 병합, 분할 등 전자등록 변경, 말소)",2023-12-05,KOSDAQ,3264.0,3340.0,3340.0,3340.0,0.023284313725490113,0.023284313725490113,0.023284313725490113,
779404,20231222900869,01275665,리메드,302550,주권매매거래정지해제(액면분할 주권 변경상장),2023-12-22,KOSDAQ,3340.0,3310.0,3120.0,3300.0,-0.008982035928143728,-0.06586826347305386,-0.0119760479041916,
789796,20231206900089,00977650,엔케이젠바이오텍코리아,182400,주권매매거래정지(무상증자),2023-12-06,KOSDAQ,11608.0,11972.0,12108.0,12017.0,0.03135768435561692,0.04307374224672644,0.0352343211578221,
715438,20240325900705,00977650,엔케이젠바이오텍코리아,182400,주권매매거래정지              (상장적격성 실질심사 대상 (사유발생)),2024-03-25,KOSDAQ,3670.0,3670.0,3670.0,3670.0,0.0,0.0,0.0,
684673,20240405900971,00977650,엔케이젠바이오텍코리아,182400,주권매매거래정지기간변경              (상장폐지 사유 발생),2024-04-05,KOSDAQ,3670.0,3670.0,3670.0,3670.0,0.0,0.0,0.0,
664459,20240418900673,00977650,엔케이젠바이오텍코리아,182400,주권매매거래정지기간변경              (회생절차 개시신청),2024-04-18,KOSDAQ,3670.0,3670.0,3670.0,3670.0,0.0,0.0,0.0,
663667,20240419900805,00977650,엔케이젠바이오텍코리아,182400,주권매매거래정지기간변경              (개선기간 부여),2024-04-19,KOSDAQ,3670.0,3670.0,3670.0,3670.0,0.0,0.0,0.0,
634426,20240610900382,00977650,엔케이젠바이오텍코리아,182400,주권매매거래정지기간변경              (회생절차 개시결정),2024-06-10,KOSDAQ,3670.0,3670.0,3670.0,3670.0,0.0,0.0,0.0,
468439,20250321902323,00977650,엔케이젠바이오텍코리아,182400,주권매매거래정지기간변경              (상장폐지 사유 발생),2025-03-21,KOSDAQ,3670.0,3670.0,3670.0,3670.0,0.0,0.0,0.0,
379608,20250620900638,00977650,엔케이젠바이오텍코리아,182400,기타시장안내              (감사의견 관련 형식적 상장폐지 사유 해소 및 매매거래정지 지속 안내),2025-06-20,KOSDAQ,3670.0,3670.0,3670.0,3670.0,0.0,0.0,0.0,
379607,20250620900644,00977650,엔케이젠바이오텍코리아,182400,[기재정정]기타시장안내              (감사의견 관련 형식적 상장폐지 사유 해소 및 매매거래정지 지속 안내),2025-06-20,KOSDAQ,3670.0,3670.0,3670.0,3670.0,0.0,0.0,0.0,
379603,20250620900649,00977650,엔케이젠바이오텍코리아,182400,주권매매거래정지기간변경              (상장폐지 사유 일부해소 및 개선기간 부여),2025-06-20,KOSDAQ,3670.0,3670.0,3670.0,3670.0,0.0,0.0,0.0,
355267,20250812900652,00977650,엔케이젠바이오텍코리아,182400,기타시장안내              (감사의견 관련 형식적 상장폐지 사유 해소 및 매매거래정지 지속 안내),2025-08-12,KOSDAQ,3670.0,3670.0,3670.0,3670.0,0.0,0.0,0.0,
355259,20250812900702,00977650,엔케이젠바이오텍코리아,182400,주권매매거래정지기간변경              (상장폐지 사유 해소),2025-08-12,KOSDAQ,3670.0,3670.0,3670.0,3670.0,0.0,0.0,0.0,
330349,20250924900553,00977650,엔케이젠바이오텍코리아,182400,주권매매거래정지기간변경              (상장적격성 실질심사 대상 결정),2025-09-24,KOSDAQ,3670.0,3670.0,3670.0,3670.0,0.0,0.0,0.0,
305142,20251119900539,00977650,엔케이젠바이오텍코리아,182400,주권매매거래정지기간변경              (상장폐지 사유 발생),2025-11-19,KOSDAQ,3670.0,3670.0,3670.0,3670.0,0.0,0.0,0.0,
277597,20260106900713,00977650,엔케이젠바이오텍코리아,182400,주권매매거래정지해제              (상장폐지에 따른 정리매매 개시),2026-01-06,KOSDAQ,3670.0,3670.0,3670.0,3670.0,0.0,0.0,0.0,
276915,20260107900323,00977650,엔케이젠바이오텍코리아,182400,주권매매거래정지              (투자자보호),2026-01-07,KOSDAQ,3670.0,3670.0,3670.0,3670.0,0.0,0.0,0.0,
789785,20231206900099,00297934,피씨디렉트,051380,주권매매거래정지(무상증자),2023-12-06,KOSDAQ,3930.0,3855.0,3870.0,4080.0,-0.01908396946564883,-0.01526717557251911,0.03816793893129766,
788500,20231208900107,00957373,펨트론,168360,주권매매거래정지(무상증자),2023-12-08,KOSDAQ,7575.0,7930.0,8225.0,8070.0,0.04686468646864683,0.08580858085808574,0.0653465346534654,
787744,20231211900260,00409964,하이텍팜,106190,주권매매거래정지(무상증자),2023-12-11,KOSDAQ,9880.0,9613.0,9539.0,9346.0,-0.027024291497975694,-0.03451417004048585,-0.05404858299595139,
786230,20231213800397,00112378,KR모터스,000040,매매거래정지및정지해제(중요내용공시),2023-12-13,KOSPI,1436.0,1050.0,1073.0,1052.0,-0.2688022284122563,-0.2527855153203342,-0.2674094707520891,
786332,20231213900288,00602136,디와이피엔에프,104460,주권매매거래정지(단일판매공급계약),2023-12-13,KOSDAQ,24250.0,24600.0,24850.0,24350.0,0.014432989690721598,0.024742268041237025,0.004123711340206171,
782660,20231218900087,01301252,티이엠씨,425040,주권매매거래정지(무상증자),2023-12-18,KOSDAQ,22675.0,24050.0,23900.0,25450.0,0.06063947078280041,0.05402425578831305,0.12238147739801541,
782298,20231218900566,00366137,KG에코솔루션,151860,주권매매거래정지(우회상장여부 및 요건충족확인),2023-12-18,KOSDAQ,10840.0,10840.0,12030.0,11140.0,0.0,0.10977859778597776,0.027675276752767486,
782137,20231219900171,00366137,KG에코솔루션,151860,주권매매거래정지해제(우회상장 미해당),2023-12-19,KOSDAQ,10840.0,12030.0,11450.0,11220.0,0.10977859778597776,0.05627306273062738,0.035055350553505615,
781582,20231220900134,00318316,대아티아이,045390,주권매매거래정지(단일판매공급계약),2023-12-20,KOSDAQ,3500.0,3355.0,3350.0,3425.0,-0.04142857142857148,-0.042857142857142816,-0.021428571428571463,
781107,20231220900650,00155948,로젠,033290,"주권매매거래정지(주식의 병합, 분할 등 전자등록 변경, 말소)",2023-12-20,KOSDAQ,5450.0,5161.0,4880.0,4880.0,-0.053027522935779836,-0.1045871559633027,-0.1045871559633027,
763491,20240130900818,00155948,로젠,033290,주권매매거래정지해제(감자 주권 변경상장),2024-01-30,KOSDAQ,4880.0,4880.0,4880.0,3295.0,0.0,0.0,-0.3247950819672131,
103499,20260309901347,00155948,로젠,033290,주권매매거래정지              (합병),2026-03-09,KOSDAQ,1866.0,2140.0,2080.0,2015.0,0.14683815648445875,0.11468381564844576,0.079849946409432,
780549,20231221800448,01412822,솔루스첨단소재,336370,매매거래정지및정지해제(중요내용공시),2023-12-21,KOSPI,11500.0,13150.0,12600.0,13350.0,0.14347826086956528,0.09565217391304337,0.16086956521739126,
779996,20231222900231,00267881,보성파워텍,006910,주권매매거래정지(단일판매공급계약),2023-12-22,KOSDAQ,3195.0,3115.0,3130.0,3245.0,-0.025039123630672955,-0.020344287949921713,0.015649452269170583,
778892,20231226800464,00128412,삼진제약,005500,매매거래정지및정지해제(중요내용공시),2023-12-26,KOSPI,22150.0,21400.0,21600.0,21400.0,-0.033860045146726914,-0.02483069977426633,-0.033860045146726914,
778780,20231226800602,00126089,DH오토넥스,000300,매매거래정지및정지해제(중요내용공시),2023-12-26,KOSPI,2927.0,2891.0,2874.0,2804.0,-0.012299282541851753,-0.01810727707550397,-0.042022548684660044,
777649,20231228800100,00153861,태영건설,009410,매매거래정지및정지해제(중요내용공시),2023-12-28,KOSPI,4710.0,5330.0,6602.0,6500.0,0.13163481953290868,0.40169851380042454,0.38004246284501053,
775858,20240102900126,00442570,제우스,079370,주권매매거래정지(무상증자),2024-01-02,KOSDAQ,16833.0,17766.0,17166.0,17700.0,0.055426840135448296,0.019782569951880324,0.05150597041525584,
775400,20240103800034,01010110,더블유게임즈,192080,매매거래정지및정지해제(중요내용공시),2024-01-03,KOSPI,43019.0,41537.0,41410.0,41410.0,-0.03444989423278089,-0.03740207815151442,-0.03740207815151442,
774829,20240104900119,01351080,지아이이노베이션,358570,주권매매거래정지(무상증자),2024-01-04,KOSDAQ,9640.0,10037.0,9598.0,10994.0,0.04118257261410796,-0.00435684647302903,0.14045643153526965,
773204,20240108900603,00139083,아진산업,013310,주권매매거래정지(상장적격성 실질심사 대상 (사유발생)),2024-01-08,KOSDAQ,3890.0,3890.0,3890.0,3890.0,0.0,0.0,0.0,
749076,20240221901014,00139083,아진산업,013310,주권매매거래정지해제              (상장적격성 실질심사 대상 제외 결정),2024-02-21,KOSDAQ,3890.0,4120.0,3965.0,3910.0,0.059125964010282805,0.019280205655527016,0.005141388174807249,
769822,20240116900416,00519252,THE E&M,089230,"주권매매거래정지(주식의 병합, 분할 등 전자등록 변경, 말소)",2024-01-16,KOSDAQ,2120.0,2090.0,2150.0,2150.0,-0.014150943396226467,0.014150943396226356,0.014150943396226356,
756700,20240208901337,00519252,THE E&M,089230,주권매매거래정지해제              (액면병합 주권 변경상장),2024-02-08,KOSDAQ,2150.0,1996.0,1980.0,1865.0,-0.07162790697674415,-0.07906976744186045,-0.1325581395348837,
768322,20240119900612,00516246,알에프세미,096610,주권매매거래정지(상장적격성 실질심사 대상 (사유발생)),2024-01-19,KOSDAQ,2965.0,2965.0,2965.0,2965.0,0.0,0.0,0.0,
736637,20240306901175,00516246,알에프세미,096610,주권매매거래정지기간변경              (상장적격성 실질심사 대상 결정),2024-03-06,KOSDAQ,2965.0,2965.0,2965.0,2965.0,0.0,0.0,0.0,
704321,20240329904771,00516246,알에프세미,096610,주권매매거래정지기간변경              (상장폐지 사유 발생),2024-03-29,KOSDAQ,2965.0,2965.0,2965.0,2965.0,0.0,0.0,0.0,
663844,20240419900607,00516246,알에프세미,096610,주권매매거래정지기간변경              (개선기간 부여),2024-04-19,KOSDAQ,2965.0,2965.0,2965.0,2965.0,0.0,0.0,0.0,
457575,20250331900330,00516246,알에프세미,096610,주권매매거래정지기간변경              (상장폐지 사유 발생),2025-03-31,KOSDAQ,2965.0,2965.0,2965.0,2965.0,0.0,0.0,0.0,
326904,20250930901008,00516246,알에프세미,096610,주권매매거래정지해제              (상장폐지에 따른 정리매매 개시),2025-09-30,KOSDAQ,2965.0,2965.0,2965.0,,0.0,0.0,,
326150,20251001900570,00516246,알에프세미,096610,주권매매거래정지              (투자자 보호),2025-10-01,KOSDAQ,2965.0,2965.0,2965.0,,0.0,0.0,,
766897,20240124900222,00977641,하이로닉,149980,주권매매거래정지(무상증자),2024-01-24,KOSDAQ,15206.0,14046.0,13888.0,13337.0,-0.07628567670656317,-0.08667631198211234,-0.12291200841772987,
434286,20250407900624,00977641,하이로닉,149980,주권매매거래정지              (풍문 또는 보도 관련),2025-04-07,KOSDAQ,8680.0,8680.0,8680.0,8680.0,0.0,0.0,0.0,
432572,20250407901153,00977641,하이로닉,149980,주권매매거래정지기간변경              (상장폐지 사유 발생),2025-04-07,KOSDAQ,8680.0,8680.0,8680.0,8680.0,0.0,0.0,0.0,
409763,20250425901010,00977641,하이로닉,149980,주권매매거래정지기간변경              (개선기간 부여),2025-04-25,KOSDAQ,8680.0,8680.0,8680.0,8680.0,0.0,0.0,0.0,
84309,20260323902754,00977641,하이로닉,149980,기타시장안내              (감사의견 관련 형식적 상장폐지 사유해소 및 매매거래정지 지속안내),2026-03-23,KOSDAQ,8680.0,8680.0,8680.0,8680.0,0.0,0.0,0.0,
84307,20260323902755,00977641,하이로닉,149980,주권매매거래정지기간변경              (상장폐지 사유 해소),2026-03-23,KOSDAQ,8680.0,8680.0,8680.0,8680.0,0.0,0.0,0.0,
17088,20260430901203,00977641,하이로닉,149980,주권매매거래정지해제              (상장적격성 실질심사 대상 제외 결정),2026-04-30,KOSDAQ,8680.0,7300.0,6170.0,5560.0,-0.1589861751152074,-0.2891705069124424,-0.35944700460829493,
766492,20240124900609,00105138,파라텍,033540,"주권매매거래정지(주식의 병합, 분할 등 전자등록 변경, 말소)",2024-01-24,KOSDAQ,2895.0,2655.0,2735.0,2735.0,-0.08290155440414504,-0.05526770293609673,-0.05526770293609673,
750707,20240219900892,00105138,파라텍,033540,주권매매거래정지해제              (액면병합 주권 변경상장),2024-02-19,KOSDAQ,2735.0,2880.0,2900.0,3340.0,0.05301645338208405,0.06032906764168189,0.22120658135283366,
762565,20240131901096,00540429,휴림로봇,090710,"주권매매거래정지(주식의 병합, 분할 등 전자등록 변경, 말소)",2024-01-31,KOSDAQ,3330.0,3220.0,3050.0,3050.0,-0.033033033033033066,-0.08408408408408408,-0.08408408408408408,
744556,20240227901130,00540429,휴림로봇,090710,주권매매거래정지해제              (액면병합 주권 변경상장),2024-02-27,KOSDAQ,3050.0,3265.0,2995.0,3045.0,0.07049180327868854,-0.0180327868852459,-0.0016393442622950616,
762261,20240201800007,00120030,GS건설,006360,매매거래정지및정지해제(중요내용공시),2024-02-01,KOSPI,15690.0,15400.0,15280.0,15240.0,-0.018483110261312885,-0.026131293817718282,-0.028680688336520044,
762156,20240201800212,00120030,GS건설,006360,매매거래정지및정지해제(중요내용공시),2024-02-01,KOSPI,15690.0,15400.0,15280.0,15240.0,-0.018483110261312885,-0.026131293817718282,-0.028680688336520044,
575743,20240930800341,00120030,GS건설,006360,매매거래정지및정지해제(중요내용공시),2024-09-30,KOSPI,18340.0,18000.0,18040.0,18220.0,-0.018538713195201728,-0.016357688113413316,-0.0065430752453653485,
762141,20240201800234,00115612,동부건설,005960,매매거래정지및정지해제(중요내용공시),2024-02-01,KOSPI,5430.0,5300.0,5360.0,5320.0,-0.023941068139963217,-0.012891344383057057,-0.02025782688766109,
757397,20240208800468,00115612,동부건설,005960,매매거래정지및정지해제(중요내용공시),2024-02-08,KOSPI,5320.0,5370.0,5360.0,5430.0,0.009398496240601517,0.007518796992481258,0.020676691729323293,
564032,20241030800524,00115612,동부건설,005960,매매거래정지및정지해제(중요내용공시),2024-10-30,KOSPI,4015.0,4010.0,4040.0,3995.0,-0.001245330012453305,0.0062266500622665255,-0.00498132004981322,
760990,20240202900881,00273110,에스티큐브,052020,주권매매거래정지(관리종목지정우려),2024-02-02,KOSDAQ,5477.0,5523.0,5588.0,6812.0,0.008398758444403853,0.02026656928975723,0.24374657659302534,
721778,20240320900886,00273110,에스티큐브,052020,주권매매거래정지              (관리종목지정사유발생),2024-03-20,KOSDAQ,5689.0,5284.0,5670.0,6232.0,-0.0711900158200035,-0.00333977851995082,0.09544735454385656,
756365,20240213900270,01364747,가온칩스,399720,주권매매거래정지              (단일판매공급계약),2024-02-13,KOSDAQ,87300.0,91900.0,90900.0,84000.0,0.05269186712485685,0.04123711340206193,-0.037800687285223344,
753297,20240214801176,00155531,풍산홀딩스,005810,매매거래정지및정지해제(중요내용공시),2024-02-14,KOSPI,26006.0,26006.0,26919.0,28711.0,0.0,0.03510728293470744,0.10401445820195332,
754718,20240214900276,01117413,바이오다인,314930,주권매매거래정지              (무상증자),2024-02-14,KOSDAQ,10578.0,10932.0,10557.0,11035.0,0.03346568349404433,-0.001985252410663607,0.043202873889204074,
753690,20240214900931,01037542,NPX,222160,주권매매거래정지              (상장적격성 실질심사 대상 (사유발생)),2024-02-14,KOSDAQ,8040.0,8040.0,8040.0,8040.0,0.0,0.0,0.0,
753545,20240214901016,01037542,NPX,222160,[기재정정]주권매매거래정지              (상장적격성 실질심사 대상(사유대상)),2024-02-14,KOSDAQ,8040.0,8040.0,8040.0,8040.0,0.0,0.0,0.0,
709121,20240328903811,01037542,NPX,222160,주권매매거래정지기간변경              (상장적격성 실질심사 대상 결정),2024-03-28,KOSDAQ,8040.0,8040.0,8040.0,8040.0,0.0,0.0,0.0,
646442,20240520900392,01037542,NPX,222160,주권매매거래정지기간변경              (개선기간 부여),2024-05-20,KOSDAQ,8040.0,8040.0,8040.0,8040.0,0.0,0.0,0.0,
384837,20250609900559,01037542,NPX,222160,주권매매거래정지기간변경              (상장폐지사유 발생),2025-06-09,KOSDAQ,8040.0,8040.0,8040.0,8040.0,0.0,0.0,0.0,
363457,20250725900796,01037542,NPX,222160,주권매매거래정지해제              (상장폐지에 따른 정리매매 개시),2025-07-25,KOSDAQ,8040.0,8040.0,8040.0,8040.0,0.0,0.0,0.0,
363118,20250728900334,01037542,NPX,222160,주권매매거래정지              (투자자 보호),2025-07-28,KOSDAQ,8040.0,8040.0,8040.0,8040.0,0.0,0.0,0.0,
113194,20260624900906,01037542,NPX,222160,주권매매거래정지해제              (상장폐지에 따른 정리매매 개시),2026-06-24,KOSDAQ,8040.0,8040.0,208.0,,0.0,-0.9741293532338309,,
751395,20240216900636,00391197,하이퍼코퍼레이션,065650,주권매매거래정지              (영업양수도),2024-02-16,KOSDAQ,27148.0,27204.0,27242.0,26440.0,0.0020627670546633503,0.003462501841756227,-0.026079269191100596,
470951,20250320901982,00391197,하이퍼코퍼레이션,065650,주권매매거래정지              (관리종목지정우려),2025-03-20,KOSDAQ,5556.0,4082.0,3914.0,4046.0,-0.2652987760979122,-0.29553635709143267,-0.2717782577393808,
469533,20250321901018,00391197,하이퍼코퍼레이션,065650,주권매매거래정지              (관리종목지정사유발생),2025-03-21,KOSDAQ,4082.0,3914.0,4250.0,3896.0,-0.041156295933366005,0.041156295933366005,-0.045565899069083815,
429443,20250408900884,00391197,하이퍼코퍼레이션,065650,주권매매거래정지              (자본감소),2025-04-08,KOSDAQ,3878.0,3504.0,3802.0,3990.0,-0.09644146467251158,-0.01959773078906657,0.028880866425992746,
393305,20250527900516,00391197,하이퍼코퍼레이션,065650,"주권매매거래정지              (주식의 병합, 분할 등 전자등록 변경, 말소)",2025-05-27,KOSDAQ,4008.0,4306.0,4270.0,4270.0,0.07435129740518964,0.0653692614770458,0.0653692614770458,
379044,20250623900474,00391197,하이퍼코퍼레이션,065650,주권매매거래정지해제              (감자 주권 변경상장),2025-06-23,KOSDAQ,4270.0,4270.0,4270.0,9370.0,0.0,0.0,1.1943793911007026,
20657,20260428900641,00391197,하이퍼코퍼레이션,065650,"주권매매거래정지              (주식의 병합, 분할 등 전자등록 변경, 말소)",2026-04-28,KOSDAQ,4200.0,3830.0,4220.0,4220.0,-0.08809523809523812,0.004761904761904745,0.004761904761904745,
121505,20260608900704,00391197,하이퍼코퍼레이션,065650,주권매매거래정지해제              (액면병합 주권 변경상장),2026-06-08,KOSDAQ,4220.0,2955.0,2265.0,2230.0,-0.29976303317535546,-0.46327014218009477,-0.47156398104265407,
749767,20240221900101,01068737,에이치피오,357230,주권매매거래정지              (무상증자),2024-02-21,KOSDAQ,4678.0,4745.0,4892.0,4734.0,0.014322359982898769,0.04574604531851212,0.01197092774690045,
747482,20240223800559,00117188,효성,004800,매매거래정지및정지해제(중요내용공시),2024-02-23,KOSPI,48685.0,46220.0,45681.0,45758.0,-0.050631611379274966,-0.06170278319811029,-0.06012118722399096,
745236,20240227900428,01011395,레몬,294140,주권매매거래정지              (자본감소),2024-02-27,KOSDAQ,4597.0,3229.0,3130.0,3034.0,-0.29758538177072,-0.3191211659778116,-0.34000435066347623,
685468,20240405900743,01011395,레몬,294140,"주권매매거래정지              (주식의 병합, 분할 등 전자등록 변경, 말소)",2024-04-05,KOSDAQ,3809.0,3205.0,3800.0,3800.0,-0.15857180362299816,-0.0023628248884222103,-0.0023628248884222103,
659514,20240426900905,01011395,레몬,294140,주권매매거래정지해제              (감자 주권 변경상장),2024-04-26,KOSDAQ,3800.0,3800.0,3800.0,3240.0,0.0,0.0,-0.1473684210526316,
87086,20260320901350,01011395,레몬,294140,주권매매거래정지              (관리종목지정사유발생),2026-03-20,KOSDAQ,3370.0,3005.0,2985.0,3460.0,-0.10830860534124631,-0.1142433234421365,0.026706231454005858,
742160,20240228901423,01217865,프롬바이오,377220,주권매매거래정지              (무상증자),2024-02-28,KOSDAQ,2895.0,2890.0,2860.0,2835.0,-0.0017271157167529916,-0.012089810017271163,-0.020725388601036232,
728560,20240313902861,01047169,지란지교시큐리티,208350,주권매매거래정지              (풍문 또는 보도 관련),2024-03-13,KOSDAQ,3805.0,3805.0,3805.0,3805.0,0.0,0.0,0.0,
728213,20240314900204,01047169,지란지교시큐리티,208350,주권매매거래정지기간변경              (상장적격성 실질심사 대상(사유발생)),2024-03-14,KOSDAQ,3805.0,3805.0,3805.0,3805.0,0.0,0.0,0.0,
688859,20240404900744,01047169,지란지교시큐리티,208350,주권매매거래정지해제              (상장적격성 실질심사 대상 제외 결정),2024-04-04,KOSDAQ,3805.0,3550.0,3500.0,3440.0,-0.0670170827858082,-0.08015768725361372,-0.09592641261498025,
727293,20240314901268,00351579,비트플래닛,049470,주권매매거래정지              (자본감소),2024-03-14,KOSDAQ,2170.0,1710.0,1700.0,1910.0,-0.21198156682027647,-0.21658986175115202,-0.11981566820276501,
665093,20240417900634,00351579,비트플래닛,049470,"주권매매거래정지              (주식의 병합, 분할 등 전자등록 변경, 말소)",2024-04-17,KOSDAQ,1955.0,2025.0,2085.0,2085.0,0.03580562659846542,0.06649616368286448,0.06649616368286448,
646816,20240517900563,00351579,비트플래닛,049470,주권매매거래정지해제              (감자 주권 및 액면분할 변경상장),2024-05-17,KOSDAQ,2085.0,2085.0,2085.0,2085.0,0.0,0.0,0.0,
646057,20240521900549,00351579,비트플래닛,049470,주권매매거래정지              (상장적격성 실질심사 대상(사유발생)),2024-05-21,KOSDAQ,2085.0,2085.0,2085.0,2085.0,0.0,0.0,0.0,
621266,20240703900661,00351579,비트플래닛,049470,주권매매거래정지기간변경              (상장적격성 실질심사 대상 결정),2024-07-03,KOSDAQ,2085.0,2085.0,2085.0,2085.0,0.0,0.0,0.0,
595321,20240822900462,00351579,비트플래닛,049470,주권매매거래정지해제              (상장유지 결정),2024-08-22,KOSDAQ,2085.0,2710.0,2660.0,2100.0,0.2997601918465227,0.275779376498801,0.007194244604316502,
28136,20260415900522,00351579,비트플래닛,049470,"주권매매거래정지              (주식의 병합, 분할 등 전자등록 변경, 말소)",2026-04-15,KOSDAQ,3210.0,3620.0,3360.0,3360.0,0.12772585669781922,0.04672897196261672,0.04672897196261672,
9939,20260514900853,00351579,비트플래닛,049470,주권매매거래정지해제              (액면병합 주권 변경상장),2026-05-14,KOSDAQ,3360.0,2380.0,2070.0,1996.0,-0.29166666666666663,-0.3839285714285714,-0.40595238095238095,
723464,20240319900087,00592653,유비벨록스,089850,주권매매거래정지              (무상증자),2024-03-19,KOSDAQ,9215.0,9301.0,9316.0,9741.0,0.009332609875203568,0.010960390667390074,0.05708084644601197,
722531,20240319901261,00373021,테라사이언스,073640,주권매매거래정지              (상장적격성 실질심사 대상 (사유발생)),2024-03-19,KOSDAQ,654.0,654.0,654.0,654.0,0.0,0.0,0.0,
680372,20240408900769,00373021,테라사이언스,073640,주권매매거래정지기간변경              (상장폐지 사유 발생),2024-04-08,KOSDAQ,654.0,654.0,654.0,654.0,0.0,0.0,0.0,
658124,20240429900838,00373021,테라사이언스,073640,주권매매거래정지기간변경              (개선기간 부여),2024-04-29,KOSDAQ,654.0,654.0,654.0,654.0,0.0,0.0,0.0,
623394,20240628901336,00373021,테라사이언스,073640,주권매매거래정지기간변경              (회생절차 개시신청),2024-06-28,KOSDAQ,654.0,654.0,654.0,654.0,0.0,0.0,0.0,
594265,20240826900187,00373021,테라사이언스,073640,주권매매거래정지기간변경              (회생절차 개시신청 사유 해소),2024-08-26,KOSDAQ,654.0,654.0,654.0,654.0,0.0,0.0,0.0,
559035,20241111900681,00373021,테라사이언스,073640,주권매매거래정지기간변경              (회생절차 개시신청),2024-11-11,KOSDAQ,654.0,654.0,654.0,654.0,0.0,0.0,0.0,
503023,20250218900736,00373021,테라사이언스,073640,주권매매거래정지기간변경              (회생절차 개시신청 사유 해소),2025-02-18,KOSDAQ,654.0,654.0,654.0,654.0,0.0,0.0,0.0,
468441,20250321902327,00373021,테라사이언스,073640,주권매매거래정지기간변경              (상장폐지 사유 발생),2025-03-21,KOSDAQ,654.0,654.0,654.0,654.0,0.0,0.0,0.0,
300261,20251127900929,00373021,테라사이언스,073640,주권매매거래정지해제              (상장폐지에 따른 정리매매 개시),2025-11-27,KOSDAQ,654.0,654.0,654.0,654.0,0.0,0.0,0.0,
299413,20251128900183,00373021,테라사이언스,073640,주권매매거래정지              (투자자 보호),2025-11-28,KOSDAQ,654.0,654.0,654.0,654.0,0.0,0.0,0.0,
719772,20240321800306,00120182,NH투자증권,005940,매매거래정지및정지해제(중요내용공시),2024-03-21,KOSPI,12870.0,12930.0,12790.0,11790.0,0.004662004662004726,-0.006216006216006265,-0.08391608391608396,
313390,20251107800012,00120182,NH투자증권,005940,매매거래정지및정지해제(중요내용공시),2025-11-07,KOSPI,19930.0,21950.0,21350.0,21400.0,0.10135474159558444,0.07124937280481691,0.0737581535373808,
719860,20240321900224,01139965,스튜디오미르,408900,주권매매거래정지              (무상증자),2024-03-21,KOSDAQ,5622.0,5414.0,5364.0,5739.0,-0.03699750978299543,-0.04589114194236932,0.020811099252934895,
719273,20240321900935,00137289,이엘씨,041520,주권매매거래정지              (중요한 영업정지),2024-03-21,KOSDAQ,6920.0,7200.0,7680.0,7830.0,0.040462427745664664,0.10982658959537561,0.13150289017341033,
718402,20240321902056,00268118,코맥스,036690,주권매매거래정지              (풍문 또는 보도 관련),2024-03-21,KOSDAQ,2885.0,2885.0,2885.0,2885.0,0.0,0.0,0.0,
717753,20240321902883,00268118,코맥스,036690,주권매매거래정지기간변경              (상장폐지 사유 발생),2024-03-21,KOSDAQ,2885.0,2885.0,2885.0,2885.0,0.0,0.0,0.0,
671791,20240411900693,00268118,코맥스,036690,주권매매거래정지기간변경              (개선기간 부여),2024-04-11,KOSDAQ,2885.0,2885.0,2885.0,2885.0,0.0,0.0,0.0,
490196,20250304901193,00268118,코맥스,036690,기타시장안내              (형식적 상장폐지 사유 해소 및 매매거래정지 지속 안내),2025-03-04,KOSDAQ,2885.0,2885.0,2885.0,2885.0,0.0,0.0,0.0,
490195,20250304901194,00268118,코맥스,036690,주권매매거래정지기간변경              (상장폐지 사유 해소),2025-03-04,KOSDAQ,2885.0,2885.0,2885.0,2885.0,0.0,0.0,0.0,
432517,20250407901355,00268118,코맥스,036690,주권매매거래정지기간변경              (사업보고서 미제출),2025-04-07,KOSDAQ,2885.0,2885.0,2885.0,2885.0,0.0,0.0,0.0,
429664,20250408900800,00268118,코맥스,036690,주권매매거래정지기간변경              (사업보고서 미제출 사유 해소),2025-04-08,KOSDAQ,2885.0,2885.0,2885.0,2885.0,0.0,0.0,0.0,
415423,20250415900844,00268118,코맥스,036690,주권매매거래정지기간변경              (상장적격성 실질심사 대상 결정),2025-04-15,KOSDAQ,2885.0,2885.0,2885.0,2885.0,0.0,0.0,0.0,
384385,20250610900549,00268118,코맥스,036690,주권매매거래정지기간변경              (개선기간 부여),2025-06-10,KOSDAQ,2885.0,2885.0,2885.0,2885.0,0.0,0.0,0.0,
716647,20240322901094,00560849,에스앤디,260970,주권매매거래정지              (이익소각),2024-03-22,KOSDAQ,27550.0,28200.0,28300.0,27900.0,0.023593466424682408,0.02722323049001818,0.012704174228675091,
712138,20240327801541,00101664,경보제약,214390,매매거래정지및정지해제(풍문등조회공시),2024-03-27,KOSPI,5460.0,5460.0,5460.0,5460.0,0.0,0.0,0.0,
529498,20241227800791,00101664,경보제약,214390,매매거래정지및정지해제(풍문등조회공시),2024-12-27,KOSPI,5460.0,6220.0,6840.0,6950.0,0.13919413919413914,0.25274725274725274,0.2728937728937728,
383092,20250612800436,00101664,경보제약,214390,매매거래정지및정지해제(중요내용공시),2025-06-12,KOSPI,5440.0,5060.0,5070.0,4885.0,-0.06985294117647056,-0.06801470588235292,-0.10202205882352944,
709114,20240328903815,00297448,플래스크,041590,주권매매거래정지              (풍문 또는 보도 관련),2024-03-28,KOSDAQ,2370.0,2370.0,2370.0,2370.0,0.0,0.0,0.0,
708249,20240329900713,00297448,플래스크,041590,주권매매거래정지기간변경              (상장폐지 사유 발생),2024-03-29,KOSDAQ,2370.0,2370.0,2370.0,2370.0,0.0,0.0,0.0,
666177,20240415900724,00297448,플래스크,041590,주권매매거래정지기간변경              (개선기간 부여),2024-04-15,KOSDAQ,2370.0,2370.0,2370.0,2370.0,0.0,0.0,0.0,
432535,20250407901323,00297448,플래스크,041590,기타시장안내              (형식적 상장폐지 사유해소 및 매매거래정지 지속안내),2025-04-07,KOSDAQ,2370.0,2370.0,2370.0,2370.0,0.0,0.0,0.0,
432534,20250407901327,00297448,플래스크,041590,주권매매거래정지기간변경              (상장폐지 사유 해소),2025-04-07,KOSDAQ,2370.0,2370.0,2370.0,2370.0,0.0,0.0,0.0,
395072,20250522900486,00297448,플래스크,041590,주권매매거래정지기간변경              (상장적격성 실질심사 대상 결정),2025-05-22,KOSDAQ,2370.0,2370.0,2370.0,2370.0,0.0,0.0,0.0,
368628,20250714900601,00297448,플래스크,041590,주권매매거래정지기간변경              (상장폐지 사유 발생),2025-07-14,KOSDAQ,2370.0,2370.0,2370.0,2370.0,0.0,0.0,0.0,
339870,20250829900961,00297448,플래스크,041590,주권매매거래정지기간변경              (개선기간 부여),2025-08-29,KOSDAQ,2370.0,2370.0,2370.0,2370.0,0.0,0.0,0.0,
5143,20260519900545,00297448,플래스크,041590,주권매매거래정지해제              (상장폐지에 따른 정리매매 개시),2026-05-19,KOSDAQ,2370.0,2370.0,2370.0,2370.0,0.0,0.0,0.0,
4854,20260520900259,00297448,플래스크,041590,주권매매거래정지              (투자자 보호),2026-05-20,KOSDAQ,2370.0,2370.0,2370.0,2370.0,0.0,0.0,0.0,
708710,20240329800270,00648721,SNT에너지,100840,매매거래정지및정지해제(중요내용공시),2024-03-29,KOSPI,11088.0,10598.0,10761.0,11596.0,-0.04419191919191923,-0.029491341991341957,0.04581529581529575,
704085,20240401900070,01368637,유일에너테크,340930,주권매매거래정지              (무상증자),2024-04-01,KOSDAQ,3686.0,3465.0,3285.0,3049.0,-0.05995659251220831,-0.10879001627780793,-0.17281606077048295,
283392,20251224900352,01368637,유일에너테크,340930,주권매매거래정지              (무상증자),2025-12-24,KOSDAQ,1310.0,1323.0,1356.0,1754.0,0.00992366412213741,0.03511450381679393,0.3389312977099237,
67669,20260331904828,01368637,유일에너테크,340930,주권매매거래정지              (투자자 보호),2026-03-31,KOSDAQ,806.0,806.0,806.0,806.0,0.0,0.0,0.0,
34840,20260410901184,01368637,유일에너테크,340930,주권매매거래정지기간변경              (상장폐지 사유 발생),2026-04-10,KOSDAQ,806.0,806.0,806.0,806.0,0.0,0.0,0.0,
31406,20260413901039,01368637,유일에너테크,340930,주권매매거래정지기간변경              (회생절차 개시신청),2026-04-13,KOSDAQ,806.0,806.0,806.0,806.0,0.0,0.0,0.0,
16067,20260504900716,01368637,유일에너테크,340930,주권매매거래정지기간변경              (개선기간 부여),2026-05-04,KOSDAQ,806.0,806.0,806.0,806.0,0.0,0.0,0.0,
13081,20260511900391,01368637,유일에너테크,340930,주권매매거래정지기간변경              (회생절차 개시결정),2026-05-11,KOSDAQ,806.0,806.0,806.0,806.0,0.0,0.0,0.0,
703305,20240401900261,00352499,링네트,042500,주권매매거래정지              (무상증자),2024-04-01,KOSDAQ,5281.0,4875.0,5536.0,5434.0,-0.07687937890551033,0.04828630941109635,0.02897178564665781,
346046,20250825900040,00352499,링네트,042500,주권매매거래정지              (무상증자),2025-08-25,KOSDAQ,3940.0,3918.0,3940.0,3944.0,-0.005583756345177715,0.0,0.0010152284263960087,
691765,20240404900106,01146822,아이퀘스트,262840,주권매매거래정지              (무상증자),2024-04-04,KOSDAQ,6342.0,6470.0,6528.0,6342.0,0.020182907600126088,0.029328287606433356,0.0,
38862,20260409900930,01146822,아이퀘스트,262840,"주권매매거래정지              (주식의 병합, 분할 등 전자등록 변경, 말소)",2026-04-09,KOSDAQ,3566.0,3570.0,3560.0,3560.0,0.001121704991587258,-0.0016825574873807758,-0.0016825574873807758,
15655,20260506900617,01146822,아이퀘스트,262840,주권매매거래정지해제              (액면병합 주권 변경상장),2026-05-06,KOSDAQ,3560.0,3470.0,3540.0,3455.0,-0.0252808988764045,-0.005617977528089901,-0.0294943820224719,
688858,20240404900629,00992543,LK삼양,225190,"주권매매거래정지              (주식의 병합, 분할 등 전자등록 변경, 말소)",2024-04-04,KOSDAQ,1730.0,1719.0,1715.0,1715.0,-0.0063583815028901425,-0.00867052023121384,-0.00867052023121384,
663806,20240419900620,00992543,LK삼양,225190,주권매매거래정지해제              (액면분할 주권 변경상장),2024-04-19,KOSDAQ,1715.0,1648.0,1584.0,1576.0,-0.039067055393586014,-0.07638483965014575,-0.08104956268221575,
689054,20240404900664,00807379,신흥에스이씨,243840,"주권매매거래정지              (주식의 병합, 분할 등 전자등록 변경, 말소)",2024-04-04,KOSDAQ,11900.0,11860.0,11240.0,11240.0,-0.003361344537815114,-0.055462184873949605,-0.055462184873949605,
660716,20240425900744,00807379,신흥에스이씨,243840,주권매매거래정지해제              (액면분할 주권 변경상장),2024-04-25,KOSDAQ,11240.0,10500.0,10170.0,9940.0,-0.0658362989323843,-0.09519572953736655,-0.11565836298932386,
688931,20240404900682,00536541,에코프로,086520,"주권매매거래정지              (주식의 병합, 분할 등 전자등록 변경, 말소)",2024-04-04,KOSDAQ,110659.0,107912.0,101437.0,101437.0,-0.02482400889218228,-0.08333709865442485,-0.08333709865442485,
661625,20240424900631,00536541,에코프로,086520,주권매매거래정지해제              (액면분할 주권 변경상장),2024-04-24,KOSDAQ,101437.0,106048.0,103988.0,102124.0,0.04545678598539005,0.025148614410915204,0.006772676636730202,
688583,20240405800041,00126566,한화에어로스페이스,012450,매매거래정지및정지해제(중요내용공시),2024-04-05,KOSPI,216464.0,215955.0,212899.0,213918.0,-0.0023514302609209947,-0.016469251238081184,-0.011761771010422084,
686681,20240405900391,01579570,시큐레터,418250,주권매매거래정지              (풍문 또는 보도 관련),2024-04-05,KOSDAQ,6550.0,6550.0,6550.0,6550.0,0.0,0.0,0.0,
684671,20240405900982,01579570,시큐레터,418250,주권매매거래정지기간변경              (상장폐지 사유 발생),2024-04-05,KOSDAQ,6550.0,6550.0,6550.0,6550.0,0.0,0.0,0.0,
666175,20240415900722,01579570,시큐레터,418250,주권매매거래정지기간변경              (개선기간 부여),2024-04-15,KOSDAQ,6550.0,6550.0,6550.0,6550.0,0.0,0.0,0.0,
582618,20240911900528,01579570,시큐레터,418250,주권매매거래정지기간변경              (상장적격성 실질심사 대상(사유발생)),2024-09-11,KOSDAQ,6550.0,6550.0,6550.0,6550.0,0.0,0.0,0.0,
517462,20250124900730,01579570,시큐레터,418250,기타시장안내              (형식적 상장폐지 사유 해소 및 매매거래정지 지속 안내),2025-01-24,KOSDAQ,6550.0,6550.0,6550.0,6550.0,0.0,0.0,0.0,
517457,20250124900734,01579570,시큐레터,418250,주권매매거래정지기간변경              (상장폐지 사유 해소),2025-01-24,KOSDAQ,6550.0,6550.0,6550.0,6550.0,0.0,0.0,0.0,
476961,20250314902264,01579570,시큐레터,418250,주권매매거래정지기간변경              (상장적격성 실질심사 대상 결정),2025-03-14,KOSDAQ,6550.0,6550.0,6550.0,6550.0,0.0,0.0,0.0,
405880,20250430901587,01579570,시큐레터,418250,주권매매거래정지기간변경              (개선기간 부여),2025-04-30,KOSDAQ,6550.0,6550.0,6550.0,6550.0,0.0,0.0,0.0,
685799,20240405900580,00156600,한주라이트메탈,198940,주권매매거래정지              (무상증자),2024-04-05,KOSDAQ,3818.0,2862.0,2930.0,2868.0,-0.25039287585123104,-0.23258250392875857,-0.24882137244630698,
22260,20260424900891,00156600,한주라이트메탈,198940,"주권매매거래정지              (주식의 병합, 분할 등 전자등록 변경, 말소)",2026-04-24,KOSDAQ,1414.0,1438.0,1722.0,1722.0,0.016973125884016893,0.2178217821782178,0.2178217821782178,
4702,20260520900516,00156600,한주라이트메탈,198940,주권매매거래정지해제              (액면병합 주권 변경상장),2026-05-20,KOSDAQ,1722.0,1495.0,1514.0,2630.0,-0.1318234610917538,-0.1207897793263647,0.5272938443670152,
685384,20240405900768,00596260,투비소프트,079970,"주권매매거래정지              (주식의 병합, 분할 등 전자등록 변경, 말소)",2024-04-05,KOSDAQ,332.0,311.0,356.0,323.0,-0.06325301204819278,0.07228915662650603,-0.027108433734939763,
667612,20240412900776,00596260,투비소프트,079970,주권매매거래정지해제              (감자결정철회),2024-04-12,KOSDAQ,356.0,323.0,314.0,302.0,-0.0926966292134831,-0.1179775280898876,-0.151685393258427,
655377,20240503900432,00596260,투비소프트,079970,주권매매거래정지              (자본감소),2024-05-03,KOSDAQ,327.0,305.0,303.0,298.0,-0.06727828746177367,-0.07339449541284404,-0.08868501529051986,
614679,20240719900594,00596260,투비소프트,079970,"주권매매거래정지              (주식의 병합, 분할 등 전자등록 변경, 말소)",2024-07-19,KOSDAQ,203.0,200.0,188.0,188.0,-0.014778325123152691,-0.07389162561576357,-0.07389162561576357,
597432,20240816900354,00596260,투비소프트,079970,주권매매거래정지해제              (감자 주권 변경상장),2024-08-16,KOSDAQ,188.0,188.0,188.0,1415.0,0.0,0.0,6.526595744680851,
468606,20250321902122,00596260,투비소프트,079970,주권매매거래정지              (풍문 또는 보도 관련),2025-03-21,KOSDAQ,596.0,596.0,596.0,596.0,0.0,0.0,0.0,
468407,20250321902363,00596260,투비소프트,079970,주권매매거래정지기간변경              (상장폐지 사유 발생),2025-03-21,KOSDAQ,596.0,596.0,596.0,596.0,0.0,0.0,0.0,
432586,20250407901184,00596260,투비소프트,079970,주권매매거래정지기간변경              (개선기간 부여),2025-04-07,KOSDAQ,596.0,596.0,596.0,596.0,0.0,0.0,0.0,
84326,20260323902716,00596260,투비소프트,079970,주권매매거래정지기간변경              (상장폐지 사유 발생),2026-03-23,KOSDAQ,596.0,596.0,596.0,596.0,0.0,0.0,0.0,
122710,20260604900901,00596260,투비소프트,079970,주권매매거래정지해제              (상장폐지에 따른 정리매매 개시),2026-06-04,KOSDAQ,596.0,596.0,596.0,596.0,0.0,0.0,0.0,
122226,20260605900505,00596260,투비소프트,079970,주권매매거래정지              (투자자 보호),2026-06-05,KOSDAQ,596.0,596.0,596.0,596.0,0.0,0.0,0.0,
684808,20240405900924,01293953,싸이버원,356890,"주권매매거래정지              (주식의 병합, 분할 등 전자등록 변경, 말소)",2024-04-05,KOSDAQ,3820.0,3704.0,3740.0,3740.0,-0.030366492146596813,-0.020942408376963373,-0.020942408376963373,
655169,20240503900629,01293953,싸이버원,356890,주권매매거래정지해제              (액면분할 주권 변경상장),2024-05-03,KOSDAQ,3740.0,3575.0,3800.0,3625.0,-0.044117647058823484,0.016042780748663166,-0.03074866310160429,
684815,20240405900928,00390860,대산F&B,065150,주권매매거래정지              (풍문 또는 보도 관련),2024-04-05,KOSDAQ,1450.0,1450.0,1450.0,1450.0,0.0,0.0,0.0,
684660,20240405901013,00390860,대산F&B,065150,주권매매거래정지기간변경              (상장폐지 사유 발생),2024-04-05,KOSDAQ,1450.0,1450.0,1450.0,1450.0,0.0,0.0,0.0,
661611,20240424900679,00390860,대산F&B,065150,주권매매거래정지기간변경              (개선기간 부여),2024-04-24,KOSDAQ,1450.0,1450.0,1450.0,1450.0,0.0,0.0,0.0,
560975,20241106900537,00390860,대산F&B,065150,주권매매거래정지기간변경              (상장적격성 실질심사 대상(사유발생)),2024-11-06,KOSDAQ,1450.0,1450.0,1450.0,1450.0,0.0,0.0,0.0,
560970,20241106900580,00390860,대산F&B,065150,[기재정정]주권매매거래정지기간변경              (상장적격성 실질심사 대상(사유발생)),2024-11-06,KOSDAQ,1450.0,1450.0,1450.0,1450.0,0.0,0.0,0.0,
496481,20250226901336,00390860,대산F&B,065150,주권매매거래정지기간변경              (상장폐지 사유 해소),2025-02-26,KOSDAQ,1450.0,1450.0,1450.0,1450.0,0.0,0.0,0.0,
496482,20250226901338,00390860,대산F&B,065150,기타시장안내              (형식적 상장폐지 사유 해소 및 매매거래정지 지속 안내),2025-02-26,KOSDAQ,1450.0,1450.0,1450.0,1450.0,0.0,0.0,0.0,
422818,20250410901213,00390860,대산F&B,065150,주권매매거래정지기간변경              (상장적격성 실질심사 대상 결정),2025-04-10,KOSDAQ,1450.0,1450.0,1450.0,1450.0,0.0,0.0,0.0,
386375,20250602900863,00390860,대산F&B,065150,주권매매거래정지기간변경              (개선기간 부여),2025-06-02,KOSDAQ,1450.0,1450.0,1450.0,1450.0,0.0,0.0,0.0,
22309,20260424900823,00390860,대산F&B,065150,"주권매매거래정지기간변경              (주식의 병합, 분할 등 전자등록 변경, 말소)",2026-04-24,KOSDAQ,1450.0,1450.0,1450.0,1450.0,0.0,0.0,0.0,
2353,20260526900604,00390860,대산F&B,065150,주권매매거래정지기간변경              (액면병합 주권 변경상장),2026-05-26,KOSDAQ,1450.0,1450.0,1450.0,1450.0,0.0,0.0,0.0,
684804,20240405900932,00604426,인터로조,119610,주권매매거래정지              (상장폐지 사유발생),2024-04-05,KOSDAQ,18000.0,18000.0,18000.0,18000.0,0.0,0.0,0.0,
659892,20240426900526,00604426,인터로조,119610,주권매매거래정지기간변경              (개선기간 부여),2024-04-26,KOSDAQ,18000.0,18000.0,18000.0,18000.0,0.0,0.0,0.0,
461932,20250327901977,00604426,인터로조,119610,주권매매거래정지기간변경              (상장폐지 사유 해소),2025-03-27,KOSDAQ,18000.0,18000.0,18000.0,18000.0,0.0,0.0,0.0,
461931,20250327901978,00604426,인터로조,119610,기타시장안내              (감사의견 관련 형식적 상장폐지 사유해소 및 매매거래정지 지속),2025-03-27,KOSDAQ,18000.0,18000.0,18000.0,18000.0,0.0,0.0,0.0,
402730,20250512900677,00604426,인터로조,119610,주권매매거래정지해제              (상장적격성 실질심사 대상 제외 결정),2025-05-12,KOSDAQ,18000.0,16640.0,16350.0,17070.0,-0.0755555555555556,-0.09166666666666667,-0.05166666666666664,
684668,20240405900975,00180865,디에이치엑스컴퍼니,031860,"주권매매거래정지              (주식의 병합, 분할 등 전자등록 변경, 말소)",2024-04-05,KOSDAQ,2310.0,2034.0,2100.0,2100.0,-0.11948051948051952,-0.09090909090909094,-0.09090909090909094,
654461,20240507900670,00180865,디에이치엑스컴퍼니,031860,주권매매거래정지해제              (감자 주권 변경상장),2024-05-07,KOSDAQ,2100.0,2100.0,2100.0,2200.0,0.0,0.0,0.04761904761904767,
54291,20260403901380,00180865,디에이치엑스컴퍼니,031860,주권매매거래정지              (풍문 또는 보도 관련),2026-04-03,KOSDAQ,693.0,693.0,693.0,693.0,0.0,0.0,0.0,
54036,20260403901517,00180865,디에이치엑스컴퍼니,031860,주권매매거래정지기간변경              (상장폐지 사유 발생),2026-04-03,KOSDAQ,693.0,693.0,693.0,693.0,0.0,0.0,0.0,
25491,20260420900893,00180865,디에이치엑스컴퍼니,031860,주권매매거래정지기간변경              (개선기간 부여),2026-04-20,KOSDAQ,693.0,693.0,693.0,693.0,0.0,0.0,0.0,
684518,20240408900014,01182550,EDGC,245620,주권매매거래정지              (풍문 또는 보도 관련),2024-04-08,KOSDAQ,741.0,741.0,741.0,741.0,0.0,0.0,0.0,
681895,20240408900333,01182550,EDGC,245620,주권매매거래정지기간변경              (투자자 보호),2024-04-08,KOSDAQ,741.0,741.0,741.0,741.0,0.0,0.0,0.0,
664457,20240418900679,01182550,EDGC,245620,주권매매거래정지기간변경              (상장폐지 사유 발생),2024-04-18,KOSDAQ,741.0,741.0,741.0,741.0,0.0,0.0,0.0,
658142,20240429900752,01182550,EDGC,245620,주권매매거래정지기간변경              (회생절차 개시신청),2024-04-29,KOSDAQ,741.0,741.0,741.0,741.0,0.0,0.0,0.0,
655819,20240502900803,01182550,EDGC,245620,주권매매거래정지기간변경              (개선기간 부여),2024-05-02,KOSDAQ,741.0,741.0,741.0,741.0,0.0,0.0,0.0,
646476,20240520900441,01182550,EDGC,245620,주권매매거래정지기간변경              (회생절차 개시결정),2024-05-20,KOSDAQ,741.0,741.0,741.0,741.0,0.0,0.0,0.0,
502346,20250219900817,01182550,EDGC,245620,주권매매거래정지기간변경              (상장적격성 실질심사 대상(사유발생)),2025-02-19,KOSDAQ,741.0,741.0,741.0,741.0,0.0,0.0,0.0,
462042,20250327901712,01182550,EDGC,245620,주권매매거래정지기간변경              (투자자보호),2025-03-27,KOSDAQ,741.0,741.0,741.0,741.0,0.0,0.0,0.0,
422817,20250410901148,01182550,EDGC,245620,"주권매매거래정지기간변경              (상장폐지 사유발생, 회생절차 개시신청)",2025-04-10,KOSDAQ,741.0,741.0,741.0,741.0,0.0,0.0,0.0,
414272,20250417900790,01182550,EDGC,245620,주권매매거래정지기간변경              (회생절차 개시결정),2025-04-17,KOSDAQ,741.0,741.0,741.0,741.0,0.0,0.0,0.0,
305140,20251119900544,01182550,EDGC,245620,주권매매거래정지해제              (상장폐지에 따른 정리매매 개시),2025-11-19,KOSDAQ,741.0,741.0,741.0,741.0,0.0,0.0,0.0,
304717,20251120900411,01182550,EDGC,245620,주권매매거래정지              (투자자 보호),2025-11-20,KOSDAQ,741.0,741.0,741.0,741.0,0.0,0.0,0.0,
680684,20240408900624,00173032,동화기업,025900,"주권매매거래정지              (주식의 병합, 분할 등 전자등록 변경, 말소)",2024-04-08,KOSDAQ,21428.0,21468.0,22550.0,22550.0,0.0018667164457719654,0.05236139630390135,0.05236139630390135,
655827,20240502900685,00173032,동화기업,025900,주권매매거래정지해제              (액면분할 주권 변경상장),2024-05-02,KOSDAQ,22550.0,21150.0,19750.0,19380.0,-0.06208425720620847,-0.12416851441241683,-0.1405764966740577,
675913,20240411900003,00994994,나노,187790,주권매매거래정지              (상장적격성 실질심사 대상 (사유발생)),2024-04-11,KOSDAQ,1125.0,1125.0,1125.0,1125.0,0.0,0.0,0.0,
643214,20240528900623,00994994,나노,187790,주권매매거래정지기간변경              (상장적격성 실질심사 대상 결정),2024-05-28,KOSDAQ,1125.0,1125.0,1125.0,1125.0,0.0,0.0,0.0,
615658,20240717900662,00994994,나노,187790,주권매매거래정지기간변경              (개선기간 부여),2024-07-17,KOSDAQ,1125.0,1125.0,1125.0,1125.0,0.0,0.0,0.0,
396168,20250520900539,00994994,나노,187790,주권매매거래정지해제              (상장유지 결정),2025-05-20,KOSDAQ,1125.0,1023.0,989.0,994.0,-0.09066666666666667,-0.12088888888888893,-0.11644444444444446,
671779,20240411900707,01353024,TS트릴리온,317240,주권매매거래정지              (풍문 또는 보도 관련),2024-04-11,KOSDAQ,2185.0,2185.0,2185.0,2185.0,0.0,0.0,0.0,
668063,20240412900617,01353024,TS트릴리온,317240,주권매매거래정지기간변경              (풍문사유(채권자에 의한 파산신청설) 미해소),2024-04-12,KOSDAQ,2185.0,2185.0,2185.0,2185.0,0.0,0.0,0.0,
665165,20240417900518,01353024,TS트릴리온,317240,주권매매거래정지기간변경              (파산신청),2024-04-17,KOSDAQ,2185.0,2185.0,2185.0,2185.0,0.0,0.0,0.0,
659619,20240426900815,01353024,TS트릴리온,317240,주권매매거래정지해제              (파산신청 사유 해소),2024-04-26,KOSDAQ,2185.0,2120.0,1960.0,2225.0,-0.029748283752860427,-0.10297482837528604,0.01830663615560635,
647414,20240516902518,01353024,TS트릴리온,317240,주권매매거래정지              (불성실공시법인 지정),2024-05-16,KOSDAQ,1950.0,1950.0,1655.0,1940.0,0.0,-0.1512820512820513,-0.00512820512820511,
622731,20240701900379,01353024,TS트릴리온,317240,주권매매거래정지              (풍문 또는 보도 관련),2024-07-01,KOSDAQ,1925.0,1925.0,1925.0,1925.0,0.0,0.0,0.0,
621858,20240702900532,01353024,TS트릴리온,317240,주권매매거래정지기간변경              (풍문사유(채권자에 의한 회생절차개시신청설) 미해소),2024-07-02,KOSDAQ,1925.0,1925.0,1925.0,1925.0,0.0,0.0,0.0,
621332,20240703900565,01353024,TS트릴리온,317240,주권매매거래정지기간변경              (회생절차 개시신청),2024-07-03,KOSDAQ,1925.0,1925.0,1925.0,1925.0,0.0,0.0,0.0,
616860,20240715900508,01353024,TS트릴리온,317240,주권매매거래정지기간변경              (상장적격성 실질심사 대상(사유발생)),2024-07-15,KOSDAQ,1925.0,1925.0,1925.0,1925.0,0.0,0.0,0.0,
615244,20240718900527,01353024,TS트릴리온,317240,주권매매거래정지기간변경              (회생절차 개시신청),2024-07-18,KOSDAQ,1925.0,1925.0,1925.0,1925.0,0.0,0.0,0.0,
593229,20240827900603,01353024,TS트릴리온,317240,주권매매거래정지기간변경              (상장적격성 실질심사 대상 제외 결정),2024-08-27,KOSDAQ,1925.0,1925.0,1925.0,1925.0,0.0,0.0,0.0,
584163,20240909900244,01353024,TS트릴리온,317240,주권매매거래정지해제              (회생절차 개시신청 사유 해소),2024-09-09,KOSDAQ,1925.0,1635.0,1425.0,1435.0,-0.1506493506493507,-0.2597402597402597,-0.2545454545454545,
580253,20240919900501,01353024,TS트릴리온,317240,주권매매거래정지              (회생절차개시신청),2024-09-19,KOSDAQ,1435.0,1435.0,1435.0,1435.0,0.0,0.0,0.0,
504312,20250214901489,01353024,TS트릴리온,317240,주권매매거래정지해제              (회생절차 개시신청 사유 해소),2025-02-14,KOSDAQ,1435.0,1320.0,1225.0,1690.0,-0.08013937282229966,-0.14634146341463417,0.17770034843205584,
38782,20260409901131,01353024,TS트릴리온,317240,"주권매매거래정지              (주식의 병합, 분할 등 전자등록 변경, 말소)",2026-04-09,KOSDAQ,1515.0,1625.0,1545.0,1545.0,0.0726072607260726,0.01980198019801982,0.01980198019801982,
15473,20260506900873,01353024,TS트릴리온,317240,주권매매거래정지해제              (액면병합 주권 변경상장),2026-05-06,KOSDAQ,1545.0,1557.0,1332.0,1250.0,0.007766990291262044,-0.13786407766990294,-0.1909385113268608,
667068,20240415900186,01602638,한싹,430690,주권매매거래정지              (무상증자),2024-04-15,KOSDAQ,8189.0,8004.0,8014.0,8869.0,-0.0225912809866895,-0.021370130663084574,0.08303822200512889,
666560,20240415900479,01396676,일승,333430,주권매매거래정지              (영업양수도),2024-04-15,KOSDAQ,3005.0,2975.0,2995.0,3185.0,-0.009983361064891838,-0.0033277870216306127,0.05990016638935103,
666239,20240415900654,00136448,신신제약,002800,주권매매거래정지              (중요한 영업정지),2024-04-15,KOSDAQ,5920.0,5600.0,5540.0,5510.0,-0.05405405405405406,-0.06418918918918914,-0.0692567567567568,
661784,20240424900438,01227039,파라택시스코리아,288330,주권매매거래정지              (무상증자),2024-04-24,KOSDAQ,1917.0,1714.0,1706.0,1579.0,-0.10589462702138763,-0.11006781429316637,-0.17631716223265514,
485401,20250310901022,01227039,파라택시스코리아,288330,주권매매거래정지              (관리종목지정우려),2025-03-10,KOSDAQ,5010.0,5610.0,6120.0,6570.0,0.11976047904191622,0.221556886227545,0.31137724550898205,
45527,20260407901223,01227039,파라택시스코리아,288330,주권매매거래정지              (상장적격성 실질심사 대상(사유발생)),2026-04-07,KOSDAQ,416.0,416.0,416.0,416.0,0.0,0.0,0.0,
3683,20260521901021,01227039,파라택시스코리아,288330,주권매매거래정지기간변경              (상장적격성 실질심사 대상 결정),2026-05-21,KOSDAQ,416.0,416.0,416.0,416.0,0.0,0.0,0.0,
656116,20240502900389,00347062,현대바이오랜드,052260,주권매매거래정지              (무상증자),2024-05-02,KOSDAQ,4620.0,5850.0,5820.0,6100.0,0.26623376623376616,0.2597402597402598,0.3203463203463204,
655869,20240502900728,00252135,주성엔지니어링,036930,주권매매거래정지              (분할),2024-05-02,KOSDAQ,35300.0,34350.0,34950.0,32200.0,-0.026912181303116123,-0.009915014164305958,-0.08781869688385269,
565923,20241025900577,00252135,주성엔지니어링,036930,"주권매매거래정지              (주식의 병합, 분할 등 전자등록 변경, 말소)",2024-10-25,KOSDAQ,26950.0,27050.0,31050.0,32700.0,0.0037105751391466324,0.15213358070500926,0.2133580705009277,
564904,20241029900334,00252135,주성엔지니어링,036930,[기재정정]주권매매거래정지              (매매거래정지 취소),2024-10-29,KOSDAQ,31050.0,29850.0,31000.0,32150.0,-0.03864734299516903,-0.0016103059581320522,0.03542673107890493,
654876,20240507900162,00148470,제일일렉트릭,199820,주권매매거래정지              (무상증자),2024-05-07,KOSDAQ,11704.0,11905.0,11529.0,11004.0,0.017173615857826396,-0.014952153110047828,-0.05980861244019142,
653965,20240508800575,00101488,경동나비엔,009450,매매거래정지및정지해제(중요내용공시),2024-05-08,KOSPI,53600.0,53400.0,56400.0,50800.0,-0.003731343283582045,0.052238805970149294,-0.052238805970149294,
650267,20240514901308,00351375,뉴보텍,060260,주권매매거래정지              (자본감소),2024-05-14,KOSDAQ,2741.0,1971.0,1909.0,1933.0,-0.28091937249179133,-0.3035388544326888,-0.2947829259394381,
620109,20240705900564,00351375,뉴보텍,060260,"주권매매거래정지              (주식의 병합, 분할 등 전자등록 변경, 말소)",2024-07-05,KOSDAQ,2256.0,2109.0,2190.0,2190.0,-0.06515957446808507,-0.0292553191489362,-0.0292553191489362,
610602,20240730900587,00351375,뉴보텍,060260,주권매매거래정지해제              (감자 주권 변경상장),2024-07-30,KOSDAQ,2190.0,2190.0,2190.0,2390.0,0.0,0.0,0.091324200913242,
649934,20240514901663,00626464,지엔씨에너지,119850,주권매매거래정지              (우회상장여부 및 요건충족확인),2024-05-14,KOSDAQ,9650.0,9950.0,9050.0,8950.0,0.031088082901554515,-0.06217616580310881,-0.07253886010362698,
649923,20240514901702,00626464,지엔씨에너지,119850,주권매매거래정지해제              (우회상장 미해당),2024-05-14,KOSDAQ,9650.0,9950.0,9050.0,8950.0,0.031088082901554515,-0.06217616580310881,-0.07253886010362698,
646353,20240521900124,00307028,경남제약,053950,주권매매거래정지              (자본감소),2024-05-21,KOSDAQ,3850.0,3845.0,3840.0,3805.0,-0.0012987012987012436,-0.0025974025974025983,-0.011688311688311637,
630006,20240619900784,00307028,경남제약,053950,"주권매매거래정지              (주식의 병합, 분할 등 전자등록 변경, 말소)",2024-06-19,KOSDAQ,3590.0,3585.0,3555.0,3555.0,-0.0013927576601671099,-0.00974930362116988,-0.00974930362116988,
618516,20240710900623,00307028,경남제약,053950,주권매매거래정지기간변경              (투자자 보호),2024-07-10,KOSDAQ,3555.0,3555.0,3555.0,3555.0,0.0,0.0,0.0,
617455,20240712900382,00307028,경남제약,053950,주권매매거래정지기간변경              (투자자보호 관련 사유해소),2024-07-12,KOSDAQ,3555.0,3555.0,3555.0,3205.0,0.0,0.0,-0.09845288326300983,
616330,20240716900694,00307028,경남제약,053950,주권매매거래정지해제              (감자 주권 변경상장),2024-07-16,KOSDAQ,3555.0,3555.0,3555.0,3315.0,0.0,0.0,-0.0675105485232067,
39531,20260409900868,00307028,경남제약,053950,"주권매매거래정지              (주식의 병합, 분할 등 전자등록 변경, 말소)",2026-04-09,KOSDAQ,3890.0,3860.0,3845.0,3845.0,-0.007712082262210762,-0.011568123393316143,-0.011568123393316143,
15591,20260506900654,00307028,경남제약,053950,주권매매거래정지해제              (액면병합 주권 변경상장),2026-05-06,KOSDAQ,3845.0,3350.0,3330.0,3195.0,-0.12873862158647598,-0.13394018205461633,-0.16905071521456438,
643285,20240528900531,00256502,에이텍,045660,주권매매거래정지              (영업양수도),2024-05-28,KOSDAQ,16950.0,17050.0,17010.0,17780.0,0.005899705014749346,0.003539823008849474,0.04896755162241884,
636892,20240603800041,00140177,GS리테일,007070,매매거래정지및정지해제(중요내용공시),2024-06-03,KOSPI,19457.0,19286.0,18688.0,18645.0,-0.008788610782751727,-0.03952305083003549,-0.04173305237189695,
634028,20240611900207,00540863,GST,083450,주권매매거래정지              (무상증자),2024-06-11,KOSDAQ,22526.0,22551.0,22627.0,23303.0,0.0011098286424575665,0.00448370771552864,0.03449347420758242,
633152,20240612800429,00116949,DN오토모티브,007340,매매거래정지및정지해제(중요내용공시),2024-06-12,KOSPI,15943.0,16944.0,16644.0,16003.0,0.06278617575111345,0.043969140061469014,0.003763407137928887,
633436,20240612900078,01222113,인스웨이브,450520,주권매매거래정지              (무상증자),2024-06-12,KOSDAQ,6273.0,6857.0,6924.0,6773.0,0.09309740156225099,0.10377809660449544,0.07970667941973542,
631968,20240614900337,01381391,에스피소프트,443670,주권매매거래정지              (우회상장여부 및 요건충족확인),2024-06-14,KOSDAQ,16830.0,16920.0,15780.0,15690.0,0.005347593582887722,-0.0623885918003565,-0.06773618538324422,
631682,20240614900650,01381391,에스피소프트,443670,주권매매거래정지해제              (우회상장 미해당),2024-06-14,KOSDAQ,16830.0,16920.0,15780.0,15690.0,0.005347593582887722,-0.0623885918003565,-0.06773618538324422,
631342,20240617800287,00138260,SIMPAC,009160,매매거래정지및정지해제(중요내용공시),2024-06-17,KOSPI,3850.0,4090.0,4035.0,3910.0,0.06233766233766236,0.04805194805194812,0.01558441558441559,
325348,20251002800382,00138260,SIMPAC,009160,매매거래정지및정지해제(중요내용공시),2025-10-02,KOSPI,4475.0,4890.0,4810.0,,0.09273743016759783,0.07486033519553081,,
631414,20240617900206,01402995,케이엔에스,432470,주권매매거래정지              (무상증자),2024-06-17,KOSDAQ,19200.0,19200.0,18000.0,18250.0,0.0,-0.0625,-0.04947916666666663,
631372,20240617900257,01230255,한울앤제주,276730,주권매매거래정지              (자본감소),2024-06-17,KOSDAQ,77449.0,77268.0,87302.0,92077.0,-0.0023370217820759542,0.1272192023137806,0.1888726775039058,
610579,20240730900620,01230255,한울앤제주,276730,"주권매매거래정지              (주식의 병합, 분할 등 전자등록 변경, 말소)",2024-07-30,KOSDAQ,61626.0,60480.0,60420.0,60420.0,-0.018596047122967585,-0.019569662155583645,-0.019569662155583645,
595391,20240822900381,01230255,한울앤제주,276730,주권매매거래정지해제              (감자 주권 변경상장),2024-08-22,KOSDAQ,60420.0,60420.0,60420.0,42692.0,0.0,0.0,-0.29341277722608405,
261920,20260204901262,01230255,한울앤제주,276730,주권매매거래정지              (불성실공시법인 지정),2026-02-04,KOSDAQ,13784.0,13784.0,13808.0,13627.0,0.0,0.0017411491584444772,-0.011390017411491593,
100035,20260311901888,01230255,한울앤제주,276730,주권매매거래정지              (자본감소),2026-03-11,KOSDAQ,9044.0,8273.0,7838.0,9623.0,-0.085249889429456,-0.1333480760725343,0.06402034498009734,
45832,20260407900935,01230255,한울앤제주,276730,"주권매매거래정지              (주식의 병합, 분할 등 전자등록 변경, 말소)",2026-04-07,KOSDAQ,10492.0,10166.0,9250.0,9250.0,-0.031071292413267226,-0.11837590545177279,-0.11837590545177279,
19155,20260429900977,01230255,한울앤제주,276730,주권매매거래정지해제              (감자 주권 변경상장),2026-04-29,KOSDAQ,9250.0,9250.0,9250.0,13500.0,0.0,0.0,0.45945945945945943,
630552,20240618900597,00487546,웰크론한텍,076080,주권매매거래정지              (중요한 영업정지),2024-06-18,KOSDAQ,1945.0,1641.0,1722.0,1584.0,-0.15629820051413879,-0.11465295629820049,-0.18560411311053981,
628975,20240621800382,00210856,코아스,071950,매매거래정지및정지해제(중요내용공시),2024-06-21,KOSPI,5035.0,3779.0,3841.0,3924.0,-0.24945382323733867,-0.23714001986097322,-0.22065541211519368,
629226,20240621900115,01381984,SKAI,357880,주권매매거래정지              (무상증자),2024-06-21,KOSDAQ,1581.0,1434.0,1499.0,1451.0,-0.09297912713472489,-0.05186590765338395,-0.08222643896268189,
627184,20240625900164,01112700,에스엘에스바이오,246250,주권매매거래정지              (무상증자),2024-06-25,KOSDAQ,2307.0,2177.0,2175.0,2107.0,-0.05635023840485476,-0.05721716514954489,-0.08669267446900741,
384834,20250609900577,01112700,에스엘에스바이오,246250,주권매매거래정지              (상장적격성 실질심사 대상 (사유발생)),2025-06-09,KOSDAQ,1969.0,1969.0,1969.0,1969.0,0.0,0.0,0.0,
366056,20250721900477,01112700,에스엘에스바이오,246250,주권매매거래정지기간변경              (상장적격성 실질심사 대상 결정),2025-07-21,KOSDAQ,1969.0,1969.0,1969.0,1969.0,0.0,0.0,0.0,
336701,20250908900529,01112700,에스엘에스바이오,246250,주권매매거래정지기간변경              (상장폐지 사유 발생),2025-09-08,KOSDAQ,1969.0,1969.0,1969.0,1969.0,0.0,0.0,0.0,
315655,20251031900852,01112700,에스엘에스바이오,246250,주권매매거래정지기간변경              (개선기간 부여),2025-10-31,KOSDAQ,1969.0,1969.0,1969.0,1969.0,0.0,0.0,0.0,
626257,20240626900610,00220109,알파AI,043100,주권매매거래정지              (자본감소),2024-06-26,KOSDAQ,2694.0,1951.0,1951.0,2121.0,-0.2757980697847068,-0.2757980697847068,-0.21269487750556793,
587011,20240902900737,00220109,알파AI,043100,"주권매매거래정지              (주식의 병합, 분할 등 전자등록 변경, 말소)",2024-09-02,KOSDAQ,2142.0,2223.0,2047.0,2047.0,0.037815126050420256,-0.04435107376283842,-0.04435107376283842,
577909,20240925900659,00220109,알파AI,043100,주권매매거래정지해제              (감자 주권 변경상장),2024-09-25,KOSDAQ,2047.0,2047.0,2047.0,2345.0,0.0,0.0,0.14557889594528572,
48832,20260407900183,00220109,알파AI,043100,주권매매거래정지              (풍문 또는 보도 관련),2026-04-07,KOSDAQ,520.0,520.0,520.0,520.0,0.0,0.0,0.0,
45536,20260407901216,00220109,알파AI,043100,주권매매거래정지기간변경              (상장폐지 사유 발생),2026-04-07,KOSDAQ,520.0,520.0,520.0,520.0,0.0,0.0,0.0,
24922,20260421900710,00220109,알파AI,043100,주권매매거래정지기간변경              (개선기간 부여),2026-04-21,KOSDAQ,520.0,520.0,520.0,520.0,0.0,0.0,0.0,
116929,20260616900753,00220109,알파AI,043100,주권매매거래정지기간변경              (회생절차 개시신청),2026-06-16,KOSDAQ,520.0,520.0,520.0,520.0,0.0,0.0,0.0,
625773,20240627900164,01109070,비피도,238200,주권매매거래정지              (상장적격성 실질심사 대상 (사유발생)),2024-06-27,KOSDAQ,4650.0,4650.0,4650.0,4650.0,0.0,0.0,0.0,
606406,20240808900695,01109070,비피도,238200,주권매매거래정지기간변경              (상장적격성 실질심사 대상 결정),2024-08-08,KOSDAQ,4650.0,4650.0,4650.0,4650.0,0.0,0.0,0.0,
575208,20240930901011,01109070,비피도,238200,주권매매거래정지해제              (상장유지 결정),2024-09-30,KOSDAQ,4650.0,4625.0,4500.0,4340.0,-0.005376344086021501,-0.032258064516129004,-0.06666666666666665,
624429,20240628800280,00360595,현대글로비스,086280,매매거래정지및정지해제(중요내용공시),2024-06-28,KOSPI,109543.0,120297.0,119297.0,122798.0,0.09817149429904237,0.08904265904713227,0.12100271126406992,
617976,20240711800332,00159616,두산에너빌리티,034020,매매거래정지및정지해제(중요내용공시),2024-07-11,KOSPI,21850.0,20900.0,21600.0,21000.0,-0.04347826086956519,-0.011441647597253968,-0.0389016018306636,
617977,20240711800333,01032486,두산밥캣,241560,매매거래정지및정지해제(중요내용공시),2024-07-11,KOSPI,52000.0,54600.0,49000.0,49550.0,0.050000000000000044,-0.05769230769230771,-0.04711538461538467,
617975,20240711800334,01105153,두산로보틱스,454910,매매거래정지및정지해제(중요내용공시),2024-07-11,KOSPI,85300.0,105700.0,93500.0,81700.0,0.23915592028136,0.09613130128956615,-0.042203985932004695,
617388,20240712900479,01153293,제이엘케이,322510,주권매매거래정지              (무상증자),2024-07-12,KOSDAQ,10784.0,8440.0,8710.0,11879.0,-0.21735905044510384,-0.1923219584569733,0.1015393175074184,
615717,20240717800580,00631518,SK이노베이션,096770,매매거래정지및정지해제(중요내용공시),2024-07-17,KOSPI,119700.0,115900.0,112000.0,105000.0,-0.031746031746031744,-0.06432748538011701,-0.1228070175438597,
615243,20240718000425,00269940,하나투어,039130,주요사항보고서(해외증권시장주권등매매거래정지등조치),2024-07-18,KOSPI,55600.0,55100.0,54300.0,52400.0,-0.008992805755395739,-0.023381294964028743,-0.05755395683453235,
609669,20240731000655,00269940,하나투어,039130,[기재정정]주요사항보고서(해외증권시장주권등매매거래정지등조치),2024-07-31,KOSPI,50700.0,50300.0,49200.0,46000.0,-0.007889546351084853,-0.029585798816568087,-0.09270216962524658,
587837,20240830001979,00269940,하나투어,039130,[기재정정]주요사항보고서(해외증권시장주권등매매거래정지등조치),2024-08-30,KOSPI,49350.0,49550.0,50700.0,49200.0,0.004052684903748771,0.02735562310030404,-0.003039513677811523,
614510,20240722900111,01276026,지놈앤컴퍼니,314130,주권매매거래정지              (무상증자),2024-07-22,KOSDAQ,5015.0,4855.0,5075.0,4975.0,-0.031904287138584286,0.011964107676968982,-0.0079760717846461,
614028,20240723900184,00619640,에코앤드림,101360,주권매매거래정지              (무상증자),2024-07-23,KOSDAQ,32188.0,31268.0,33442.0,32773.0,-0.02858208027836462,0.0389586181185535,0.01817447495961222,
613693,20240723900537,01498974,큐리옥스바이오시스템즈,445680,주권매매거래정지              (무상증자),2024-07-23,KOSDAQ,23031.0,22956.0,22156.0,24131.0,-0.003256480395988026,-0.037992271286526824,0.0477617124744909,
612828,20240725900247,00449254,쎄트렉아이,099320,주권매매거래정지              (단일판매공급계약),2024-07-25,KOSDAQ,48550.0,47650.0,48900.0,42900.0,-0.018537590113285263,0.00720906282183309,-0.11637487126673529,
254404,20260212900350,00449254,쎄트렉아이,099320,주권매매거래정지              (단일판매공급계약),2026-02-12,KOSDAQ,178800.0,190500.0,182400.0,169100.0,0.06543624161073835,0.020134228187919545,-0.05425055928411637,
608713,20240802900404,01070149,올리패스,244460,주권매매거래정지              (자본감소),2024-08-02,KOSDAQ,5633.0,7324.0,7875.0,7416.0,0.30019527782709043,0.3980117166696253,0.3165276051837387,
575299,20240930900871,01070149,올리패스,244460,"주권매매거래정지              (주식의 병합, 분할 등 전자등록 변경, 말소)",2024-09-30,KOSDAQ,6300.0,5633.0,5220.0,5220.0,-0.1058730158730159,-0.17142857142857137,-0.17142857142857137,
566135,20241025900361,01070149,올리패스,244460,주권매매거래정지해제              (감자 주권 변경상장),2024-10-25,KOSDAQ,5220.0,5220.0,5220.0,4970.0,0.0,0.0,-0.04789272030651337,
432530,20250407901339,01070149,올리패스,244460,주권매매거래정지              (상장폐지 사유발생),2025-04-07,KOSDAQ,1651.0,1651.0,1651.0,1651.0,0.0,0.0,0.0,
408931,20250428900889,01070149,올리패스,244460,주권매매거래정지기간변경              (개선기간 부여),2025-04-28,KOSDAQ,1651.0,1651.0,1651.0,1651.0,0.0,0.0,0.0,
396989,20250516900491,01070149,올리패스,244460,주권매매거래정지기간변경              (상장적격성 실질심사 대상(사유발생)),2025-05-16,KOSDAQ,1651.0,1651.0,1651.0,1651.0,0.0,0.0,0.0,
373699,20250701900771,01070149,올리패스,244460,주권매매거래정지기간변경              (상장적격성 실질심사 대상 결정),2025-07-01,KOSDAQ,1651.0,1651.0,1651.0,1651.0,0.0,0.0,0.0,
347424,20250820900467,01070149,올리패스,244460,주권매매거래정지기간변경              (상장폐지 사유 발생),2025-08-20,KOSDAQ,1651.0,1651.0,1651.0,1651.0,0.0,0.0,0.0,
323619,20251014900629,01070149,올리패스,244460,주권매매거래정지해제              (상장폐지에 따른 정리매매 개시),2025-10-14,KOSDAQ,1651.0,1651.0,1651.0,1651.0,0.0,0.0,0.0,
323168,20251015900528,01070149,올리패스,244460,주권매매거래정지              (투자자 보호),2025-10-15,KOSDAQ,1651.0,1651.0,1651.0,1651.0,0.0,0.0,0.0,
608303,20240805800571,01817081,SK이터닉스,475150,매매거래정지및정지해제(중요내용공시),2024-08-05,KOSPI,11467.0,13917.0,14376.0,15834.0,0.21365657975058872,0.25368448591610715,0.3808319525595185,
608046,20240805900876,00632793,전진바이오팜,110020,주권매매거래정지              (불성실공시법인 지정),2024-08-05,KOSDAQ,2730.0,2730.0,2890.0,2790.0,0.0,0.05860805860805862,0.0219780219780219,
608044,20240805900898,00556907,에이스테크,088800,주권매매거래정지              (불성실공시법인 지정),2024-08-05,KOSDAQ,2742.0,2742.0,2609.0,2689.0,0.0,-0.04850474106491609,-0.019328956965718458,
568445,20241021900230,00556907,에이스테크,088800,주권매매거래정지              (우회상장여부 및 요건충족확인),2024-10-21,KOSDAQ,2933.0,3509.0,3213.0,3044.0,0.1963859529491987,0.09546539379474939,0.03784520968291849,
568186,20241021900526,00556907,에이스테크,088800,주권매매거래정지해제              (우회상장 미해당),2024-10-21,KOSDAQ,2933.0,3509.0,3213.0,3044.0,0.1963859529491987,0.09546539379474939,0.03784520968291849,
479958,20250313901772,00556907,에이스테크,088800,주권매매거래정지              (자본감소),2025-03-13,KOSDAQ,2033.0,1848.0,1719.0,1959.0,-0.09099852434825384,-0.15445154943433348,-0.03639940973930156,
426151,20250409900681,00556907,에이스테크,088800,"주권매매거래정지              (주식의 병합, 분할 등 전자등록 변경, 말소)",2025-04-09,KOSDAQ,1858.0,1968.0,2160.0,2160.0,0.05920344456404747,0.16254036598493005,0.16254036598493005,
405440,20250502900570,00556907,에이스테크,088800,주권매매거래정지해제              (감자 주권 변경상장),2025-05-02,KOSDAQ,2160.0,2160.0,2160.0,2165.0,0.0,0.0,0.0023148148148148806,
602740,20240813901123,00114686,동구바이오제약,006620,주권매매거래정지              (중요한 영업정지),2024-08-13,KOSDAQ,6830.0,5920.0,6250.0,5940.0,-0.13323572474377743,-0.08491947291361635,-0.13030746705710106,
592069,20240828900552,00114686,동구바이오제약,006620,주권매매거래정지              (중요한 영업정지),2024-08-28,KOSDAQ,5790.0,5740.0,6080.0,5740.0,-0.008635578583765069,0.050086355785837755,-0.008635578583765069,
599348,20240814802038,00797364,KC코트렐,119650,매매거래정지및정지해제(중요내용공시),2024-08-14,KOSPI,1394.0,1394.0,976.0,822.0,0.0,-0.29985652797704443,-0.41032998565279766,
494270,20250227801056,00797364,KC코트렐,119650,매매거래정지및정지해제(중요내용공시),2025-02-27,KOSPI,1108.0,1014.0,984.0,978.0,-0.08483754512635377,-0.11191335740072206,-0.11732851985559567,
473027,20250319801045,00797364,KC코트렐,119650,매매거래정지및정지해제(풍문등조회공시),2025-03-19,KOSPI,918.0,918.0,918.0,918.0,0.0,0.0,0.0,
597571,20240816900123,01226270,스톰테크,352090,주권매매거래정지              (무상증자),2024-08-16,KOSDAQ,3965.0,3970.0,4035.0,3965.0,0.0012610340479193294,0.017654476670870167,0.0,
594694,20240823900535,00351454,더테크놀로지,043090,주권매매거래정지              (불성실공시법인 지정),2024-08-23,KOSDAQ,5502.0,5502.0,7140.0,9030.0,0.0,0.2977099236641221,0.6412213740458015,
578058,20240925900462,00351454,더테크놀로지,043090,주권매매거래정지              (자본감소),2024-09-25,KOSDAQ,7248.0,7698.0,9048.0,10647.0,0.0620860927152318,0.2483443708609272,0.4689569536423841,
551471,20241122900369,00351454,더테크놀로지,043090,주권매매거래정지              (자본감소),2024-11-22,KOSDAQ,4764.0,5304.0,5646.0,6096.0,0.11335012594458438,0.18513853904282107,0.2795969773299749,
522666,20250114900501,00351454,더테크놀로지,043090,"주권매매거래정지              (주식의 병합, 분할 등 전자등록 변경, 말소)",2025-01-14,KOSDAQ,4854.0,4638.0,4605.0,4605.0,-0.04449938195302838,-0.05129789864029666,-0.05129789864029666,
514165,20250205901039,00351454,더테크놀로지,043090,주권매매거래정지해제              (감자 주권 변경상장),2025-02-05,KOSDAQ,4605.0,4605.0,4605.0,3990.0,0.0,0.0,-0.13355048859934848,
432555,20250407901307,00351454,더테크놀로지,043090,주권매매거래정지              (사업보고서 미제출),2025-04-07,KOSDAQ,1140.0,1140.0,1140.0,1140.0,0.0,0.0,0.0,
418925,20250411900849,00351454,더테크놀로지,043090,주권매매거래정지기간변경              (상장적격성 실질심사 대상(사유발생)),2025-04-11,KOSDAQ,1140.0,1140.0,1140.0,1140.0,0.0,0.0,0.0,
392427,20250528900629,00351454,더테크놀로지,043090,주권매매거래정지기간변경              (상장적격성 실질심사 대상 결정),2025-05-28,KOSDAQ,1140.0,1140.0,1140.0,1140.0,0.0,0.0,0.0,
366532,20250718900615,00351454,더테크놀로지,043090,주권매매거래정지기간변경              (상장폐지 사유 발생),2025-07-18,KOSDAQ,1140.0,1140.0,1140.0,1140.0,0.0,0.0,0.0,
337230,20250905900615,00351454,더테크놀로지,043090,주권매매거래정지해제              (상장폐지에 따른 정리매매 개시),2025-09-05,KOSDAQ,1140.0,1140.0,1140.0,1140.0,0.0,0.0,0.0,
336735,20250908900493,00351454,더테크놀로지,043090,주권매매거래정지              (투자자 보호),2025-09-08,KOSDAQ,1140.0,1140.0,1140.0,1140.0,0.0,0.0,0.0,
38858,20260409901109,00351454,더테크놀로지,043090,"주권매매거래정지기간변경              (주식의 병합, 분할 등 전자등록 변경, 말소)",2026-04-09,KOSDAQ,1140.0,1140.0,1140.0,1140.0,0.0,0.0,0.0,
21348,20260427901001,00351454,더테크놀로지,043090,주권매매거래정지기간변경              (감자 주권 변경상장),2026-04-27,KOSDAQ,1140.0,1140.0,1140.0,1140.0,0.0,0.0,0.0,
593296,20240827900538,00426068,엑시온그룹,069920,주권매매거래정지              (영업양수도),2024-08-27,KOSDAQ,14290.0,14895.0,14504.0,12548.0,0.04233729881035697,0.014975507347795736,-0.12190342897130857,
348954,20250814903483,00426068,엑시온그룹,069920,주권매매거래정지              (상장적격성 실질심사 대상 (사유발생)),2025-08-14,KOSDAQ,12477.0,12477.0,12477.0,12477.0,0.0,0.0,0.0,
339154,20250901900903,00426068,엑시온그룹,069920,주권매매거래정지해제              (상장적격성 실질심사 대상 제외 결정),2025-09-01,KOSDAQ,12477.0,11453.0,12456.0,14056.0,-0.08207101065961364,-0.001683096898292824,0.12655285725735355,
321483,20251020900576,00426068,엑시온그룹,069920,주권매매거래정지              (단일판매공급계약),2025-10-20,KOSDAQ,9704.0,10614.0,9733.0,8510.0,0.09377576257213516,0.0029884583676833554,-0.1230420445177246,
253575,20260212901182,00426068,엑시온그룹,069920,주권매매거래정지              (단일판매공급계약),2026-02-12,KOSDAQ,5751.0,5076.0,5190.0,5154.0,-0.11737089201877937,-0.09754825247782994,-0.10380803338549816,
94215,20260316901434,00426068,엑시온그룹,069920,주권매매거래정지              (자본감소),2026-03-16,KOSDAQ,3533.0,3213.0,3199.0,3050.0,-0.09057458250778372,-0.09453722049249924,-0.13671101047268608,
35842,20260410900710,00426068,엑시온그룹,069920,"주권매매거래정지              (주식의 병합, 분할 등 전자등록 변경, 말소)",2026-04-10,KOSDAQ,3035.0,2993.0,2460.0,2460.0,-0.013838550247116999,-0.18945634266886324,-0.18945634266886324,
17420,20260430901192,00426068,엑시온그룹,069920,주권매매거래정지해제              (감자 주권 변경상장),2026-04-30,KOSDAQ,2460.0,2460.0,2460.0,1773.0,0.0,0.0,-0.27926829268292686,
592112,20240828900472,00173999,유성티엔에스,024800,주권매매거래정지              (중요한 영업정지),2024-08-28,KOSDAQ,2105.0,2035.0,2100.0,2010.0,-0.0332541567695962,-0.002375296912114022,-0.04513064133016631,
588072,20240830900476,00147082,재영솔루텍,049630,주권매매거래정지              (중요한 영업정지),2024-08-30,KOSDAQ,3350.0,3355.0,3285.0,3110.0,0.0014925373134329067,-0.0194029850746269,-0.07164179104477608,
49722,20260406900936,00147082,재영솔루텍,049630,"주권매매거래정지              (주식의 병합, 분할 등 전자등록 변경, 말소)",2026-04-06,KOSDAQ,13775.0,13525.0,14650.0,14650.0,-0.01814882032667875,0.06352087114337568,0.06352087114337568,
19483,20260429900722,00147082,재영솔루텍,049630,주권매매거래정지해제              (액면병합 주권 변경상장),2026-04-29,KOSDAQ,14650.0,17100.0,14850.0,13090.0,0.16723549488054612,0.013651877133105783,-0.10648464163822524,
582909,20240911900193,00624509,디바이스,187870,주권매매거래정지              (단일판매공급계약),2024-09-11,KOSDAQ,7377.0,7617.0,7673.0,7719.0,0.032533550223668106,0.040124711942524094,0.046360309068727235,
37625,20260410900242,00624509,디바이스,187870,주권매매거래정지              (무상증자),2026-04-10,KOSDAQ,14160.0,15081.0,14825.0,19017.0,0.06504237288135584,0.046963276836158085,0.34300847457627115,
581448,20240913900191,00230036,드래곤플라이,030350,주권매매거래정지              (자본감소),2024-09-13,KOSDAQ,1532.0,1526.0,1532.0,1446.0,-0.003916449086161844,0.0,-0.05613577023498695,
581438,20240913900202,00230036,드래곤플라이,030350,[기재정정]주권매매거래정지              (자본감소),2024-09-13,KOSDAQ,1532.0,1526.0,1532.0,1446.0,-0.003916449086161844,0.0,-0.05613577023498695,
561416,20241105900554,00230036,드래곤플라이,030350,"주권매매거래정지              (주식의 병합, 분할 등 전자등록 변경, 말소)",2024-11-05,KOSDAQ,1424.0,1384.0,1350.0,1350.0,-0.028089887640449396,-0.051966292134831504,-0.051966292134831504,
550178,20241126900347,00230036,드래곤플라이,030350,주권매매거래정지해제              (감자 주권 변경상장),2024-11-26,KOSDAQ,1350.0,1350.0,1350.0,1043.0,0.0,0.0,-0.2274074074074074,
477130,20250314902057,00230036,드래곤플라이,030350,주권매매거래정지              (관리종목지정우려),2025-03-14,KOSDAQ,1327.0,997.0,1053.0,973.0,-0.24868123587038438,-0.20648078372268275,-0.26676714393368506,
468420,20250321902356,00230036,드래곤플라이,030350,주권매매거래정지              (투자자 보호),2025-03-21,KOSDAQ,973.0,973.0,973.0,973.0,0.0,0.0,0.0,
423178,20250410901040,00230036,드래곤플라이,030350,주권매매거래정지기간변경              (상장폐지 사유 발생),2025-04-10,KOSDAQ,973.0,973.0,973.0,973.0,0.0,0.0,0.0,
409769,20250425901003,00230036,드래곤플라이,030350,주권매매거래정지기간변경              (개선기간 부여),2025-04-25,KOSDAQ,973.0,973.0,973.0,973.0,0.0,0.0,0.0,
84363,20260323902664,00230036,드래곤플라이,030350,기타시장안내              (감사의견 관련 형식적 상장폐지 사유해소 및 매매거래정지 지속안내),2026-03-23,KOSDAQ,973.0,973.0,973.0,973.0,0.0,0.0,0.0,
84362,20260323902667,00230036,드래곤플라이,030350,주권매매거래정지기간변경              (상장폐지 사유 해소),2026-03-23,KOSDAQ,973.0,973.0,973.0,973.0,0.0,0.0,0.0,
15347,20260506901163,00230036,드래곤플라이,030350,주권매매거래정지기간변경              (상장적격성 실질심사 대상 결정),2026-05-06,KOSDAQ,973.0,973.0,973.0,973.0,0.0,0.0,0.0,
113117,20260624900997,00230036,드래곤플라이,030350,주권매매거래정지기간변경              (개선기간 부여),2026-06-24,KOSDAQ,973.0,973.0,973.0,,0.0,0.0,,
579189,20240923900485,00769158,케이엔제이,272110,주권매매거래정지              (중요한 영업정지),2024-09-23,KOSDAQ,14950.0,16090.0,16750.0,16750.0,0.07625418060200673,0.12040133779264206,0.12040133779264206,
577462,20240926800350,00219486,신세계I&C,035510,매매거래정지및정지해제(중요내용공시),2024-09-26,KOSPI,9680.0,10030.0,9870.0,9630.0,0.03615702479338845,0.019628099173553792,-0.005165289256198302,
576488,20240927900556,00296324,큐로홀딩스,051780,주권매매거래정지              (자본감소),2024-09-27,KOSDAQ,10185.0,7160.0,6985.0,7070.0,-0.29700540009818366,-0.31418753068237604,-0.30584192439862545,
552584,20241120900420,00296324,큐로홀딩스,051780,"주권매매거래정지              (주식의 병합, 분할 등 전자등록 변경, 말소)",2024-11-20,KOSDAQ,4980.0,4980.0,4940.0,4940.0,0.0,-0.008032128514056214,-0.008032128514056214,
537484,20241213901680,00296324,큐로홀딩스,051780,주권매매거래정지해제              (감자 주권 변경상장),2024-12-13,KOSDAQ,4940.0,4940.0,4940.0,4655.0,0.0,0.0,-0.05769230769230771,
42124,20260408901159,00296324,큐로홀딩스,051780,"주권매매거래정지              (주식의 병합, 분할 등 전자등록 변경, 말소)",2026-04-08,KOSDAQ,3625.0,3500.0,3635.0,3635.0,-0.03448275862068961,0.0027586206896552667,0.0027586206896552667,
13611,20260508901034,00296324,큐로홀딩스,051780,주권매매거래정지해제              (액면병합 주권 변경상장),2026-05-08,KOSDAQ,3635.0,4725.0,6140.0,3580.0,0.2998624484181569,0.6891334250343879,-0.015130674002751032,
574953,20241002800242,00102858,고려아연,010130,매매거래정지및정지해제(중요내용공시),2024-10-02,KOSPI,713000.0,776000.0,780000.0,794000.0,0.08835904628330993,0.09396914446002813,0.1136044880785414,
575003,20241002900167,00262266,삼현,437730,주권매매거래정지              (무상증자),2024-10-02,KOSDAQ,8322.0,8389.0,8656.0,8489.0,0.008050949291035892,0.04013458303292472,0.02006729151646236,
574152,20241004900430,00125822,삼보산업,009620,주권매매거래정지              (자본감소),2024-10-04,KOSDAQ,2161.0,1705.0,1661.0,1600.0,-0.21101341971309584,-0.2313743637204998,-0.2596020360944007,
553831,20241115900567,00125822,삼보산업,009620,"주권매매거래정지              (주식의 병합, 분할 등 전자등록 변경, 말소)",2024-11-15,KOSDAQ,1419.0,1386.0,1309.0,1309.0,-0.023255813953488413,-0.07751937984496127,-0.07751937984496127,
544098,20241203900400,00125822,삼보산업,009620,주권매매거래정지해제              (감자 주권 변경상장),2024-12-03,KOSDAQ,1309.0,1309.0,1309.0,2020.0,0.0,0.0,0.543162719633308,
573983,20241007900176,01190124,미디어젠,279600,주권매매거래정지              (풍문 또는 보도 관련),2024-10-07,KOSDAQ,13680.0,13680.0,13680.0,13680.0,0.0,0.0,0.0,
573714,20241007900433,01190124,미디어젠,279600,주권매매거래정지기간변경              (상장적격성 실질심사 대상(사유발생)),2024-10-07,KOSDAQ,13680.0,13680.0,13680.0,13680.0,0.0,0.0,0.0,
552974,20241119900505,01190124,미디어젠,279600,주권매매거래정지기간변경              (상장적격성 실질심사 대상 결정),2024-11-19,KOSDAQ,13680.0,13680.0,13680.0,13680.0,0.0,0.0,0.0,
524553,20250109900736,01190124,미디어젠,279600,주권매매거래정지기간변경              (개선기간 부여),2025-01-09,KOSDAQ,13680.0,13680.0,13680.0,13680.0,0.0,0.0,0.0,
388059,20250530901364,01190124,미디어젠,279600,주권매매거래정지해제              (상장유지 결정),2025-05-30,KOSDAQ,13680.0,11150.0,10420.0,10990.0,-0.1849415204678363,-0.23830409356725146,-0.19663742690058483,
572881,20241008900606,01003040,케이사인,192250,"주권매매거래정지              (주식의 병합, 분할 등 전자등록 변경, 말소)",2024-10-08,KOSDAQ,9860.0,9650.0,9570.0,9570.0,-0.02129817444219062,-0.02941176470588236,-0.02941176470588236,
563171,20241031900620,01003040,케이사인,192250,주권매매거래정지해제              (액면병합 주권 변경상장),2024-10-31,KOSDAQ,9570.0,8920.0,8200.0,8270.0,-0.06792058516196442,-0.14315569487983282,-0.13584117032392895,
571518,20241011900429,00532855,한국유니온제약,080720,주권매매거래정지              (상장적격성 실질심사 대상 (사유발생)),2024-10-11,KOSDAQ,2725.0,2725.0,2725.0,2725.0,0.0,0.0,0.0,
551232,20241122900636,00532855,한국유니온제약,080720,주권매매거래정지기간변경              (상장적격성 실질심사 대상 결정),2024-11-22,KOSDAQ,2725.0,2725.0,2725.0,2725.0,0.0,0.0,0.0,
503644,20250217901205,00532855,한국유니온제약,080720,주권매매거래정지기간변경              (상장폐지사유 발생),2025-02-17,KOSDAQ,2725.0,2725.0,2725.0,2725.0,0.0,0.0,0.0,
469129,20250321901498,00532855,한국유니온제약,080720,주권매매거래정지기간변경              (상장폐지 사유 발생),2025-03-21,KOSDAQ,2725.0,2725.0,2725.0,2725.0,0.0,0.0,0.0,
429042,20250408901048,00532855,한국유니온제약,080720,주권매매거래정지기간변경              (개선기간 부여),2025-04-08,KOSDAQ,2725.0,2725.0,2725.0,2725.0,0.0,0.0,0.0,
418916,20250411900877,00532855,한국유니온제약,080720,주권매매거래정지기간변경              (개선기간 부여),2025-04-11,KOSDAQ,2725.0,2725.0,2725.0,2725.0,0.0,0.0,0.0,
336320,20250909900442,00532855,한국유니온제약,080720,주권매매거래정지기간변경              (회생절차 개시신청),2025-09-09,KOSDAQ,2725.0,2725.0,2725.0,2725.0,0.0,0.0,0.0,
333692,20250916900184,00532855,한국유니온제약,080720,주권매매거래정지기간변경              (회생절차 개시결정),2025-09-16,KOSDAQ,2725.0,2725.0,2725.0,2725.0,0.0,0.0,0.0,
74212,20260330901519,00532855,한국유니온제약,080720,주권매매거래정지기간변경              (상장폐지 사유 발생),2026-03-30,KOSDAQ,2725.0,2725.0,2725.0,2725.0,0.0,0.0,0.0,
54044,20260403901475,00532855,한국유니온제약,080720,주권매매거래정지해제              (상장폐지에 따른 정리매매 개시),2026-04-03,KOSDAQ,2725.0,2725.0,2725.0,2725.0,0.0,0.0,0.0,
50006,20260406900773,00532855,한국유니온제약,080720,주권매매거래정지              (투자자 보호),2026-04-06,KOSDAQ,2725.0,2725.0,2725.0,2725.0,0.0,0.0,0.0,
4757,20260520900434,00532855,한국유니온제약,080720,주권매매거래정지기간변경              (투자자 보호),2026-05-20,KOSDAQ,2725.0,2725.0,2725.0,2725.0,0.0,0.0,0.0,
570980,20241014900310,01409022,페니트리움바이오,187660,주권매매거래정지              (무상증자),2024-10-14,KOSDAQ,1660.0,1812.0,1779.0,1929.0,0.0915662650602409,0.07168674698795185,0.1620481927710844,
570443,20241015900361,00551920,네오팜,092730,주권매매거래정지              (무상증자),2024-10-15,KOSDAQ,13134.0,13467.0,13262.0,13185.0,0.025354042941982735,0.009745698187909158,0.0038830516217451816,
568927,20241018900280,00412348,LB세미콘,061970,주권매매거래정지              (합병),2024-10-18,KOSDAQ,3712.0,4535.0,4381.0,4185.0,0.22171336206896552,0.18022629310344818,0.12742456896551735,
568810,20241018900432,00384717,비엘팜텍,065170,주권매매거래정지              (자본감소),2024-10-18,KOSDAQ,1232.0,864.0,779.0,822.0,-0.2987012987012987,-0.36769480519480524,-0.33279220779220775,
541884,20241209900360,00384717,비엘팜텍,065170,"주권매매거래정지              (주식의 병합, 분할 등 전자등록 변경, 말소)",2024-12-09,KOSDAQ,609.0,619.0,766.0,766.0,0.016420361247947435,0.25779967159277506,0.25779967159277506,
527507,20250102900448,00384717,비엘팜텍,065170,주권매매거래정지해제              (감자 주권 변경상장),2025-01-02,KOSDAQ,766.0,766.0,766.0,666.0,0.0,0.0,-0.13054830287206265,
508962,20250212900719,00384717,비엘팜텍,065170,주권매매거래정지              (무상증자),2025-02-12,KOSDAQ,637.0,828.0,730.0,798.0,0.2998430141287285,0.14599686028257453,0.25274725274725274,
567590,20241023900093,00489243,동아엘텍,088130,주권매매거래정지              (무상증자),2024-10-23,KOSDAQ,4495.0,4480.0,4515.0,4720.0,-0.0033370411568409697,0.004449388209121219,0.0500556173526141,
567379,20241023900345,00110431,JW신약,067290,주권매매거래정지              (중요한 영업정지),2024-10-23,KOSDAQ,1454.0,1267.0,1278.0,1252.0,-0.12861072902338377,-0.12104539202200826,-0.13892709766162314,
565202,20241028800775,00106119,금양,001570,매매거래정지및정지해제(불성실공시),2024-10-28,KOSPI,44100.0,44100.0,38250.0,43950.0,0.0,-0.13265306122448983,-0.003401360544217691,
468940,20250321801675,00106119,금양,001570,매매거래정지및정지해제(풍문등조회공시),2025-03-21,KOSPI,9900.0,9900.0,9900.0,9900.0,0.0,0.0,0.0,
561412,20241105900580,01011526,엔켐,348370,주권매매거래정지              (불성실공시법인 지정),2024-11-05,KOSDAQ,173500.0,173500.0,157400.0,152300.0,0.0,-0.09279538904899132,-0.12219020172910666,
306805,20251114902922,01011526,엔켐,348370,주권매매거래정지              (상장적격성 실질심사 대상 (사유발생)),2025-11-14,KOSDAQ,82100.0,70700.0,66400.0,61900.0,-0.13885505481120586,-0.1912302070645554,-0.24604141291108406,
306369,20251114903410,01011526,엔켐,348370,주권매매거래정지해제              (상장적격성 실질심사 미해당 (사유발생 해소)),2025-11-14,KOSDAQ,82100.0,70700.0,66400.0,61900.0,-0.13885505481120586,-0.1912302070645554,-0.24604141291108406,
561071,20241106900439,01169434,오가닉티코스메틱,900300,"주권매매거래정지              (주식의 병합, 분할 등 전자등록 변경, 말소)",2024-11-06,KOSDAQ,36500.0,35500.0,34000.0,34000.0,-0.0273972602739726,-0.06849315068493156,-0.06849315068493156,
544065,20241203900471,01169434,오가닉티코스메틱,900300,주권매매거래정지해제              (주식병합(무액면주식) 주권 변경상장),2024-12-03,KOSDAQ,34000.0,33900.0,30850.0,26000.0,-0.002941176470588225,-0.09264705882352942,-0.23529411764705888,
4761,20260520900441,01169434,오가닉티코스메틱,900300,"주권매매거래정지              (주식의 병합, 분할 등 전자등록 변경, 말소)",2026-05-20,KOSDAQ,5200.0,5000.0,4550.0,4550.0,-0.038461538461538436,-0.125,-0.125,
113970,20260623900457,01169434,오가닉티코스메틱,900300,주권매매거래정지해제              (주식병합(무액면주식) 주권 변경상장),2026-06-23,KOSDAQ,4550.0,3460.0,2715.0,,-0.2395604395604396,-0.4032967032967033,,
560238,20241108900108,00261355,레드캡투어,038390,주권매매거래정지              (무상증자),2024-11-08,KOSDAQ,8575.0,8485.0,8515.0,8435.0,-0.010495626822157433,-0.006997084548104993,-0.01632653061224487,
559407,20241111800187,00108612,DS단석,017860,매매거래정지및정지해제(중요내용공시),2024-11-11,KOSPI,55050.0,51945.0,51979.0,46331.0,-0.05640326975476839,-0.0557856494096276,-0.1583832879200726,
559199,20241111900455,00550082,캔버스엔,210120,주권매매거래정지              (무상증자),2024-11-11,KOSDAQ,4182.0,3761.0,3768.0,3368.0,-0.10066953610712581,-0.09899569583931134,-0.19464371114299384,
528662,20241230900744,00550082,캔버스엔,210120,"주권매매거래정지              (주식의 병합, 분할 등 전자등록 변경, 말소)",2024-12-30,KOSDAQ,3034.0,3174.0,2881.0,2881.0,0.04614370468028994,-0.050428477257745574,-0.050428477257745574,
518601,20250123900668,00550082,캔버스엔,210120,주권매매거래정지해제              (감자 주권 및 액면분할 변경상장),2025-01-23,KOSDAQ,2881.0,3435.0,3545.0,3175.0,0.19229434224227693,0.23047552933009374,0.10204790003471009,
518555,20250123900765,00550082,캔버스엔,210120,[기재정정]주권매매거래정지해제              (액면분할 주권 변경상장),2025-01-23,KOSDAQ,2881.0,3435.0,3545.0,3175.0,0.19229434224227693,0.23047552933009374,0.10204790003471009,
122091,20260605900653,00550082,캔버스엔,210120,"주권매매거래정지              (주식의 병합, 분할 등 전자등록 변경, 말소)",2026-06-05,KOSDAQ,1379.0,1311.0,930.0,930.0,-0.049311094996374205,-0.32559825960841193,-0.32559825960841193,
556641,20241114800828,00118345,디아이동일,001530,매매거래정지및정지해제(중요내용공시),2024-11-14,KOSPI,37643.0,37324.0,37370.0,38737.0,-0.008474351140982384,-0.007252344393379961,0.029062508301676226,
552973,20241119900502,00373571,스타코링크,060240,주권매매거래정지              (불성실공시법인 지정),2024-11-19,KOSDAQ,5563.0,5563.0,5033.0,5537.0,0.0,-0.09527233507100485,-0.004673737192162464,
518860,20250123900341,00373571,스타코링크,060240,주권매매거래정지              (자본감소),2025-01-23,KOSDAQ,6466.0,4853.0,5408.0,5253.0,-0.2494587070832045,-0.16362511599133933,-0.18759665944942783,
511166,20250210901207,00373571,스타코링크,060240,주권매매거래정지              (관리종목지정우려),2025-02-10,KOSDAQ,5072.0,4904.0,4930.0,5137.0,-0.03312302839116721,-0.027996845425867556,0.012815457413249298,
497961,20250225901308,00373571,스타코링크,060240,"주권매매거래정지              (주식의 병합, 분할 등 전자등록 변경, 말소)",2025-02-25,KOSDAQ,7860.0,6905.0,6970.0,6970.0,-0.12150127226463103,-0.11323155216284986,-0.11323155216284986,
472800,20250319901367,00373571,스타코링크,060240,주권매매거래정지해제              (감자 주권 변경상장),2025-03-19,KOSDAQ,6970.0,6970.0,6970.0,3360.0,0.0,0.0,-0.5179340028694405,
432543,20250407901316,00373571,스타코링크,060240,주권매매거래정지              (상장적격성 실질심사 대상 (사유발생)),2025-04-07,KOSDAQ,1976.0,1976.0,1976.0,1976.0,0.0,0.0,0.0,
395089,20250522900465,00373571,스타코링크,060240,주권매매거래정지기간변경              (상장적격성 실질심사 대상 결정),2025-05-22,KOSDAQ,1976.0,1976.0,1976.0,1976.0,0.0,0.0,0.0,
368626,20250714900604,00373571,스타코링크,060240,주권매매거래정지기간변경              (상장폐지사유 발생),2025-07-14,KOSDAQ,1976.0,1976.0,1976.0,1976.0,0.0,0.0,0.0,
339869,20250829900964,00373571,스타코링크,060240,주권매매거래정지해제              (상장폐지에 따른 정리매매 개시),2025-08-29,KOSDAQ,1976.0,1976.0,1976.0,1976.0,0.0,0.0,0.0,
339507,20250901900487,00373571,스타코링크,060240,주권매매거래정지              (투자자 보호),2025-09-01,KOSDAQ,1976.0,1976.0,1976.0,1976.0,0.0,0.0,0.0,
552950,20241119900510,00249441,씨씨에스,066790,주권매매거래정지              (불성실공시법인 지정),2024-11-19,KOSDAQ,1476.0,1476.0,1349.0,1348.0,0.0,-0.08604336043360439,-0.08672086720867211,
379606,20250620900641,00249441,씨씨에스,066790,주권매매거래정지              (상장적격성 실질심사 대상 (사유발생)),2025-06-20,KOSDAQ,1493.0,1493.0,1493.0,1493.0,0.0,0.0,0.0,
359663,20250801901174,00249441,씨씨에스,066790,주권매매거래정지기간변경              (상장적격성 실질심사 대상 결정),2025-08-01,KOSDAQ,1493.0,1493.0,1493.0,1493.0,0.0,0.0,0.0,
331339,20250922900540,00249441,씨씨에스,066790,주권매매거래정지기간변경              (상장폐지 사유 발생),2025-09-22,KOSDAQ,1493.0,1493.0,1493.0,1493.0,0.0,0.0,0.0,
305975,20251117900631,00249441,씨씨에스,066790,주권매매거래정지기간변경              (개선기간 부여),2025-11-17,KOSDAQ,1493.0,1493.0,1493.0,1493.0,0.0,0.0,0.0,
551525,20241122800298,00124726,빙그레,005180,매매거래정지및정지해제(중요내용공시),2024-11-22,KOSPI,70800.0,67500.0,69000.0,72500.0,-0.04661016949152541,-0.025423728813559365,0.024011299435028333,
549919,20241126800652,00108746,DKME,015590,매매거래정지및정지해제(풍문등조회공시),2024-11-26,KOSPI,2575.0,2575.0,2575.0,2575.0,0.0,0.0,0.0,
549600,20241127900117,00961570,신도기연,290520,주권매매거래정지              (단일판매공급계약),2024-11-27,KOSDAQ,2495.0,2465.0,2440.0,2385.0,-0.012024048096192397,-0.022044088176352727,-0.044088176352705455,
549093,20241127900448,00243979,수성웹툰,084180,"주권매매거래정지              (주식의 병합, 분할 등 전자등록 변경, 말소)",2024-11-27,KOSDAQ,5140.0,5130.0,5080.0,5080.0,-0.0019455252918287869,-0.011673151750972721,-0.011673151750972721,
531941,20241223900609,00243979,수성웹툰,084180,주권매매거래정지해제              (액면병합 주권 변경상장),2024-12-23,KOSDAQ,5080.0,5490.0,5390.0,5840.0,0.08070866141732291,0.061023622047243986,0.14960629921259838,
544022,20241203900517,01693922,지슨,446840,주권매매거래정지              (SPAC 합병(예비심사청구대상)),2024-12-03,KOSDAQ,2130.0,2130.0,2130.0,2130.0,0.0,0.0,0.0,
418928,20250411900780,01693922,지슨,446840,주권매매거래정지해제              (상장예비심사결과 통지(승인)),2025-04-11,KOSDAQ,2130.0,2135.0,2200.0,2205.0,0.0023474178403755097,0.032863849765258246,0.035211267605633756,
113802,20260623900613,01693922,지슨,446840,"주권매매거래정지              (주식의 병합, 분할 등 전자등록 변경, 말소)",2026-06-23,KOSDAQ,948.0,939.0,1059.0,,-0.009493670886076,0.11708860759493667,,
543777,20241204900245,00305941,노브랜드,145170,주권매매거래정지              (무상증자),2024-12-04,KOSDAQ,9596.0,9872.0,8775.0,8551.0,0.02876198416006659,-0.0855564818674448,-0.10889954147561487,
543570,20241204900517,00288495,HC홈센타,060560,주권매매거래정지              (불성실공시법인 지정),2024-12-04,KOSDAQ,4455.0,4455.0,4340.0,4540.0,0.0,-0.02581369248035914,0.019079685746352437,
533593,20241219900558,00288495,HC홈센타,060560,"주권매매거래정지              (주식의 병합, 분할 등 전자등록 변경, 말소)",2024-12-19,KOSDAQ,5005.0,4755.0,4950.0,4950.0,-0.049950049950049924,-0.01098901098901095,-0.01098901098901095,
522142,20250115900543,00288495,HC홈센타,060560,주권매매거래정지해제              (감자 주권 변경상장),2025-01-15,KOSDAQ,4950.0,4950.0,4950.0,4950.0,0.0,0.0,0.0,
38783,20260409901130,00288495,HC홈센타,060560,"주권매매거래정지              (주식의 병합, 분할 등 전자등록 변경, 말소)",2026-04-09,KOSDAQ,4320.0,4215.0,4110.0,4110.0,-0.02430555555555558,-0.04861111111111116,-0.04861111111111116,
19260,20260429900919,00288495,HC홈센타,060560,주권매매거래정지해제              (액면병합 주권 변경상장),2026-04-29,KOSDAQ,4110.0,3865.0,3505.0,3405.0,-0.05961070559610704,-0.14720194647201945,-0.17153284671532842,
543092,20241205900443,00608802,텔콘RF제약,200230,"주권매매거래정지              (주식의 병합, 분할 등 전자등록 변경, 말소)",2024-12-05,KOSDAQ,1477.0,1612.0,1612.0,1612.0,0.09140148950575488,0.09140148950575488,0.09140148950575488,
529572,20241227900746,00608802,텔콘RF제약,200230,주권매매거래정지해제              (액면병합 주권 변경상장),2024-12-27,KOSDAQ,1612.0,1582.0,1474.0,1463.0,-0.018610421836228297,-0.0856079404466501,-0.09243176178660051,
394629,20250523900556,00608802,텔콘RF제약,200230,주권매매거래정지              (무상증자),2025-05-23,KOSDAQ,1074.0,981.0,890.0,934.0,-0.08659217877094971,-0.17132216014897583,-0.13035381750465547,
127233,20260529901730,00608802,텔콘RF제약,200230,"주권매매거래정지              (주식의 병합, 분할 등 전자등록 변경, 말소)",2026-05-29,KOSDAQ,409.0,361.0,360.0,360.0,-0.11735941320293397,-0.11980440097799516,-0.11980440097799516,
539654,20241212800460,01316236,효성화학,298000,매매거래정지및정지해제(중요내용공시),2024-12-12,KOSPI,89900.0,91300.0,93600.0,96800.0,0.015572858731924377,0.04115684093437144,0.07675194660734141,
539653,20241212800462,01316227,효성티앤씨,298020,매매거래정지및정지해제(중요내용공시),2024-12-12,KOSPI,226500.0,240500.0,245000.0,247500.0,0.06181015452538641,0.08167770419426046,0.0927152317880795,
539122,20241212801049,00132868,우성머티리얼스,011300,매매거래정지및정지해제(중요내용공시),2024-12-12,KOSPI,4400.0,4410.0,4590.0,5620.0,0.002272727272727204,0.04318181818181821,0.27727272727272734,
538782,20241213800187,00687711,한국철강,104700,매매거래정지및정지해제(중요내용공시),2024-12-13,KOSPI,9780.0,9770.0,9660.0,9330.0,-0.0010224948875255935,-0.012269938650306789,-0.04601226993865026,
538485,20241213800537,00453284,교촌에프앤비,339770,매매거래정지및정지해제(중요내용공시),2024-12-13,KOSPI,5549.0,5754.0,5704.0,5584.0,0.03694359344025955,0.027932960893854775,0.006307442782483408,
535652,20241216801725,00133618,세기상사,002420,매매거래정지및정지해제(중요내용공시),2024-12-16,KOSPI,5630.0,5590.0,5560.0,5150.0,-0.007104795737122527,-0.01243339253996445,-0.08525754884547065,
3803,20260521800861,00133618,세기상사,002420,매매거래정지및정지해제(중요내용공시),2026-05-21,KOSPI,6510.0,6660.0,6440.0,5880.0,0.02304147465437789,-0.010752688172043001,-0.09677419354838712,
534523,20241218900299,01037214,킵스파마,256940,주권매매거래정지              (우회상장여부 및 요건충족확인),2024-12-18,KOSDAQ,4750.0,4840.0,4900.0,5200.0,0.0189473684210526,0.03157894736842115,0.09473684210526323,
534207,20241218900651,01037214,킵스파마,256940,주권매매거래정지해제              (우회상장 미해당),2024-12-18,KOSDAQ,4750.0,4840.0,4900.0,5200.0,0.0189473684210526,0.03157894736842115,0.09473684210526323,
531227,20241224900544,00349811,오션인더블유,052300,"주권매매거래정지              (주식의 병합, 분할 등 전자등록 변경, 말소)",2024-12-24,KOSDAQ,2356.0,2275.0,2412.0,2412.0,-0.03438030560271643,0.02376910016977929,0.02376910016977929,
516694,20250131900469,00349811,오션인더블유,052300,주권매매거래정지해제              (액면병합 주권 변경상장),2025-01-31,KOSDAQ,2412.0,2251.0,2151.0,1990.0,-0.06674958540630183,-0.10820895522388063,-0.17495854063018246,
93885,20260316901885,00349811,오션인더블유,052300,주권매매거래정지              (자본감소),2026-03-16,KOSDAQ,1470.0,1363.0,1379.0,1660.0,-0.07278911564625845,-0.06190476190476191,0.12925170068027203,
35158,20260410900983,00349811,오션인더블유,052300,"주권매매거래정지              (주식의 병합, 분할 등 전자등록 변경, 말소)",2026-04-10,KOSDAQ,1453.0,1449.0,1400.0,1400.0,-0.002752924982794225,-0.03647625602202342,-0.03647625602202342,
21370,20260427900888,00349811,오션인더블유,052300,"주권매매거래정지기간변경              (주식의 병합, 분할 등 전자등록 변경, 말소)",2026-04-27,KOSDAQ,1400.0,1400.0,1400.0,1400.0,0.0,0.0,0.0,
5103,20260519900647,00349811,오션인더블유,052300,주권매매거래정지해제              (감자 및 액면분할 주권 변경상장),2026-05-19,KOSDAQ,1400.0,1400.0,1400.0,1503.0,0.0,0.0,0.07357142857142862,
529967,20241227800318,00347734,진양화학,051630,매매거래정지및정지해제(중요내용공시),2024-12-27,KOSPI,3425.0,3225.0,3555.0,3510.0,-0.058394160583941646,0.03795620437956204,0.02481751824817513,
528699,20241230900667,01110182,SCL사이언스,246960,주권매매거래정지              (우회상장여부 및 요건충족확인),2024-12-30,KOSDAQ,2060.0,2082.0,2062.0,2170.0,0.010679611650485477,0.000970873786407811,0.05339805825242716,
528421,20241230901028,01110182,SCL사이언스,246960,주권매매거래정지해제              (우회상장 미해당),2024-12-30,KOSDAQ,2060.0,2082.0,2062.0,2170.0,0.010679611650485477,0.000970873786407811,0.05339805825242716,
382095,20250616900273,01110182,SCL사이언스,246960,주권매매거래정지              (무상증자),2025-06-16,KOSDAQ,2550.0,2512.0,2572.0,2797.0,-0.014901960784313717,0.008627450980392082,0.09686274509803927,
363244,20250728900158,01110182,SCL사이언스,246960,주권매매거래정지              (영업양수도),2025-07-28,KOSDAQ,2600.0,2610.0,2715.0,2730.0,0.0038461538461538325,0.044230769230769296,0.050000000000000044,
284522,20251223900336,01110182,SCL사이언스,246960,주권매매거래정지              (영업양수도),2025-12-23,KOSDAQ,2330.0,2325.0,2315.0,2315.0,-0.0021459227467811592,-0.006437768240343367,-0.006437768240343367,
528665,20241230900742,01514005,크라우드웍스,355390,"주권매매거래정지              (주식의 병합, 분할 등 전자등록 변경, 말소)",2024-12-30,KOSDAQ,6743.0,6671.0,6730.0,6730.0,-0.010677739878392378,-0.0019279252558208615,-0.0019279252558208615,
518573,20250123900656,01514005,크라우드웍스,355390,주권매매거래정지해제              (액면분할 주권 변경상장),2025-01-23,KOSDAQ,6730.0,6837.0,6952.0,,0.015898959881129215,0.032986627043090744,,
526032,20250107900096,01293485,제닉스로보틱스,381620,주권매매거래정지              (무상증자),2025-01-07,KOSDAQ,9803.0,9586.0,9703.0,10153.0,-0.02213608079159446,-0.010200958890135725,0.03570335611547493,
525012,20250108900768,01098792,본느,226340,주권매매거래정지              (풍문 또는 보도 관련),2025-01-08,KOSDAQ,6190.0,6190.0,6190.0,6190.0,0.0,0.0,0.0,
524997,20250108900799,01098792,본느,226340,주권매매거래정지기간변경              (상장적격성 실질심사 대상(사유발생)),2025-01-08,KOSDAQ,6190.0,6190.0,6190.0,6190.0,0.0,0.0,0.0,
500278,20250221900936,01098792,본느,226340,주권매매거래정지기간변경              (상장적격성 실질심사 대상 결정),2025-02-21,KOSDAQ,6190.0,6190.0,6190.0,6190.0,0.0,0.0,0.0,
416110,20250414900811,01098792,본느,226340,주권매매거래정지해제              (상장유지 결정),2025-04-14,KOSDAQ,6190.0,6140.0,5505.0,5265.0,-0.008077544426494332,-0.11066235864297258,-0.14943457189014542,
20658,20260428900647,01098792,본느,226340,"주권매매거래정지              (주식의 병합, 분할 등 전자등록 변경, 말소)",2026-04-28,KOSDAQ,3555.0,3335.0,3235.0,3235.0,-0.061884669479606136,-0.09001406469760898,-0.09001406469760898,
2438,20260526900454,01098792,본느,226340,주권매매거래정지해제              (액면병합 주권 변경상장),2026-05-26,KOSDAQ,3235.0,2650.0,2125.0,2110.0,-0.1808346213292118,-0.3431221020092736,-0.347758887171561,
523261,20250113800621,00145437,아센디오,012170,매매거래정지및정지해제(중요내용공시),2025-01-13,KOSPI,396.0,278.0,271.0,272.0,-0.297979797979798,-0.31565656565656564,-0.31313131313131315,
523526,20250113900178,00133751,세명전기,017510,주권매매거래정지              (단일판매공급계약),2025-01-13,KOSDAQ,6760.0,6580.0,6630.0,6020.0,-0.026627218934911268,-0.019230769230769273,-0.10946745562130178,
523102,20250114800045,00398792,SNT모티브,064960,매매거래정지및정지해제(중요내용공시),2025-01-14,KOSPI,24683.0,25620.0,26088.0,28044.0,0.037961349916946885,0.05692176801847415,0.1361665923915245,
521549,20250117900319,00267906,베뉴지,019010,주권매매거래정지              (중요한 영업정지),2025-01-17,KOSDAQ,2030.0,2025.0,2035.0,2055.0,-0.0024630541871921707,0.0024630541871921707,0.012315270935960632,
520099,20250121600436,00125664,삼미금속,012210,주권매매거래정지              (분산요건미달 사유 발생),2025-01-21,KOSDAQ,2290.0,2290.0,2290.0,2290.0,0.0,0.0,0.0,
496728,20250226600997,00125664,삼미금속,012210,주권매매거래정지해제              (상장폐지 사유 미해당),2025-02-26,KOSDAQ,2290.0,2245.0,2245.0,2405.0,-0.01965065502183405,-0.01965065502183405,0.05021834061135366,
453361,20250331603642,00125664,삼미금속,012210,주권매매거래정지              (주식병합),2025-03-31,KOSDAQ,2005.0,2125.0,1998.0,1998.0,0.05985037406483795,-0.003491271820448838,-0.003491271820448838,
412965,20250421600553,00125664,삼미금속,012210,주권매매거래정지해제              (액면병합 주권 변경상장),2025-04-21,KOSDAQ,1998.0,1998.0,1998.0,3945.0,0.0,0.0,0.9744744744744744,
388480,20250530601145,00125664,삼미금속,012210,주권매매거래정지,2025-05-30,KOSDAQ,4110.0,4110.0,4110.0,4110.0,0.0,0.0,0.0,
329638,20250925600638,00125664,삼미금속,012210,주권매매거래정지해제,2025-09-25,KOSDAQ,4110.0,4725.0,4780.0,5610.0,0.14963503649635035,0.16301703163017023,0.36496350364963503,
518424,20250123901109,01020524,자이글,234920,주권매매거래정지              (불성실공시법인 지정),2025-01-23,KOSDAQ,3990.0,3990.0,3280.0,3475.0,0.0,-0.17794486215538852,-0.12907268170426067,
317749,20251029900196,01020524,자이글,234920,주권매매거래정지              (상장적격성 실질심사 대상(사유발생)),2025-10-29,KOSDAQ,5310.0,5310.0,5310.0,5310.0,0.0,0.0,0.0,
292966,20251210900756,01020524,자이글,234920,주권매매거래정지기간변경              (상장적격성 실질심사 대상 결정),2025-12-10,KOSDAQ,5310.0,5310.0,5310.0,5310.0,0.0,0.0,0.0,
265065,20260130901034,01020524,자이글,234920,주권매매거래정지기간변경              (개선기간 부여),2026-01-30,KOSDAQ,5310.0,5310.0,5310.0,5310.0,0.0,0.0,0.0,
516138,20250203800595,00151128,모토닉,009680,매매거래정지및정지해제(중요내용공시),2025-02-03,KOSPI,8400.0,8850.0,9070.0,8960.0,0.0535714285714286,0.0797619047619047,0.06666666666666665,
101332,20260311800324,00151128,모토닉,009680,매매거래정지및정지해제(중요내용공시),2026-03-11,KOSPI,11260.0,11190.0,11170.0,11000.0,-0.006216696269982225,-0.007992895204262829,-0.023090586145648295,
510123,20250211900904,00288343,삼영이엔씨,065570,주권매매거래정지              (상장적격성 실질심사 대상(사유발생)),2025-02-11,KOSDAQ,764.0,764.0,764.0,764.0,0.0,0.0,0.0,
472062,20250320900697,00288343,삼영이엔씨,065570,주권매매거래정지기간변경              (회생절차 개시신청),2025-03-20,KOSDAQ,764.0,764.0,764.0,764.0,0.0,0.0,0.0,
463839,20250326902339,00288343,삼영이엔씨,065570,주권매매거래정지기간변경              (상장적격성 실질심사 대상 결정),2025-03-26,KOSDAQ,764.0,764.0,764.0,764.0,0.0,0.0,0.0,
433707,20250407900752,00288343,삼영이엔씨,065570,주권매매거래정지기간변경              (상장폐지 사유 발생),2025-04-07,KOSDAQ,764.0,764.0,764.0,764.0,0.0,0.0,0.0,
408927,20250428901010,00288343,삼영이엔씨,065570,주권매매거래정지기간변경              (개선기간 부여),2025-04-28,KOSDAQ,764.0,764.0,764.0,764.0,0.0,0.0,0.0,
395055,20250522900508,00288343,삼영이엔씨,065570,주권매매거래정지기간변경              (회생절차 개시결정),2025-05-22,KOSDAQ,764.0,764.0,764.0,764.0,0.0,0.0,0.0,
381790,20250616900655,00288343,삼영이엔씨,065570,주권매매거래정지기간변경              (상장폐지 사유 발생),2025-06-16,KOSDAQ,764.0,764.0,764.0,764.0,0.0,0.0,0.0,
359212,20250804900468,00288343,삼영이엔씨,065570,주권매매거래정지기간변경              (개선기간 부여),2025-08-04,KOSDAQ,764.0,764.0,764.0,764.0,0.0,0.0,0.0,
302682,20251125900421,00288343,삼영이엔씨,065570,주권매매거래정지기간변경              (회생절차 개시신청),2025-11-25,KOSDAQ,764.0,764.0,764.0,764.0,0.0,0.0,0.0,
268246,20260127900145,00288343,삼영이엔씨,065570,주권매매거래정지기간변경              (회생절차 개시결정),2026-01-27,KOSDAQ,764.0,764.0,764.0,764.0,0.0,0.0,0.0,
84340,20260323902715,00288343,삼영이엔씨,065570,주권매매거래정지기간변경              (상장폐지 사유 발생),2026-03-23,KOSDAQ,764.0,764.0,764.0,764.0,0.0,0.0,0.0,
18,20260527901092,00288343,삼영이엔씨,065570,주권매매거래정지기간변경              (개선기간 부여),2026-05-27,KOSDAQ,764.0,764.0,764.0,764.0,0.0,0.0,0.0,
501743,20250220900403,00537337,앤씨앤,092600,주권매매거래정지              (관리종목지정우려),2025-02-20,KOSDAQ,4935.0,3985.0,4000.0,3820.0,-0.19250253292806485,-0.18946301925025333,-0.22593718338399194,
474826,20250318900932,00537337,앤씨앤,092600,주권매매거래정지              (관리종목지정사유발생),2025-03-18,KOSDAQ,3610.0,3065.0,2990.0,3155.0,-0.15096952908587258,-0.17174515235457066,-0.12603878116343492,
24991,20260421900605,00537337,앤씨앤,092600,"주권매매거래정지              (주식의 병합, 분할 등 전자등록 변경, 말소)",2026-04-21,KOSDAQ,5180.0,5100.0,4935.0,4935.0,-0.015444015444015413,-0.04729729729729726,-0.04729729729729726,
10053,20260514900905,00537337,앤씨앤,092600,주권매매거래정지해제              (액면병합 주권 변경상장),2026-05-14,KOSDAQ,4935.0,6410.0,4490.0,3710.0,0.29888551165146904,-0.09017223910840932,-0.24822695035460995,
496701,20250226901034,00130587,서울전자통신,027040,주권매매거래정지              (관리종목지정우려),2025-02-26,KOSDAQ,1340.0,1155.0,1155.0,1125.0,-0.13805970149253732,-0.13805970149253732,-0.16044776119402981,
471331,20250320901589,00130587,서울전자통신,027040,주권매매거래정지              (관리종목지정사유발생),2025-03-20,KOSDAQ,1115.0,1020.0,985.0,1005.0,-0.08520179372197312,-0.11659192825112108,-0.09865470852017932,
426953,20250409900377,00130587,서울전자통신,027040,"주권매매거래정지              (주식의 병합, 분할 등 전자등록 변경, 말소)",2025-04-09,KOSDAQ,905.0,945.0,955.0,955.0,0.04419889502762442,0.05524861878453047,0.05524861878453047,
402711,20250512900786,00130587,서울전자통신,027040,주권매매거래정지해제              (감자 주권 변경상장),2025-05-12,KOSDAQ,955.0,955.0,955.0,1010.0,0.0,0.0,0.05759162303664911,
22258,20260424900879,00130587,서울전자통신,027040,"주권매매거래정지              (주식의 병합, 분할 등 전자등록 변경, 말소)",2026-04-24,KOSDAQ,2425.0,2430.0,2400.0,2400.0,0.0020618556701030855,-0.010309278350515427,-0.010309278350515427,
270,20260527900618,00130587,서울전자통신,027040,주권매매거래정지해제              (액면병합 주권 변경상장),2026-05-27,KOSDAQ,2400.0,3120.0,2315.0,2230.0,0.30000000000000004,-0.03541666666666665,-0.0708333333333333,
496065,20250227900094,00526696,웨이브일렉트로,095270,주권매매거래정지              (회계처리 기준위반),2025-02-27,KOSDAQ,4000.0,3880.0,4330.0,4680.0,-0.030000000000000027,0.08250000000000002,0.16999999999999993,
494544,20250227900898,00339072,팬스타엔터프라이즈,054300,주권매매거래정지              (우회상장여부 및 요건충족확인),2025-02-27,KOSDAQ,1074.0,1092.0,1124.0,1082.0,0.016759776536312776,0.04655493482309114,0.007448789571694592,
494105,20250227901211,00339072,팬스타엔터프라이즈,054300,주권매매거래정지해제              (우회상장 미해당),2025-02-27,KOSDAQ,1074.0,1092.0,1124.0,1082.0,0.016759776536312776,0.04655493482309114,0.007448789571694592,
49786,20260406900854,00339072,팬스타엔터프라이즈,054300,"주권매매거래정지              (주식의 병합, 분할 등 전자등록 변경, 말소)",2026-04-06,KOSDAQ,978.0,1014.0,1148.0,1148.0,0.036809815950920255,0.17382413087934556,0.17382413087934556,
19472,20260429900741,00339072,팬스타엔터프라이즈,054300,주권매매거래정지해제              (액면병합 주권 변경상장),2026-04-29,KOSDAQ,1148.0,1099.0,1148.0,1101.0,-0.04268292682926833,0.0,-0.0409407665505227,
491220,20250228801691,00469799,이엔플러스,074610,매매거래정지및정지해제(중요내용공시),2025-02-28,KOSPI,8960.0,6370.0,6780.0,7450.0,-0.2890625,-0.2433035714285714,-0.1685267857142857,
433967,20250407800677,00469799,이엔플러스,074610,매매거래정지및정지해제(풍문등조회공시),2025-04-07,KOSPI,5110.0,5110.0,5110.0,5110.0,0.0,0.0,0.0,
488802,20250306900451,01575839,플라즈맵,405000,주권매매거래정지              (관리종목지정우려),2025-03-06,KOSDAQ,7339.0,5279.0,6854.0,7755.0,-0.28069219239678433,-0.06608529772448557,0.05668347186265166,
480361,20250313901311,01575839,플라즈맵,405000,주권매매거래정지              (자본감소),2025-03-13,KOSDAQ,7755.0,7032.0,6983.0,6606.0,-0.0932301740812379,-0.09954867827208258,-0.14816247582205033,
476361,20250317900499,01575839,플라즈맵,405000,주권매매거래정지              (관리종목지정사유발생),2025-03-17,KOSDAQ,6983.0,6240.0,6022.0,5873.0,-0.10640126020335094,-0.13761993412573392,-0.15895746813690392,
429244,20250408900934,01575839,플라즈맵,405000,"주권매매거래정지              (주식의 병합, 분할 등 전자등록 변경, 말소)",2025-04-08,KOSDAQ,7329.0,7309.0,7300.0,7300.0,-0.0027288852503751793,-0.003956883613044027,-0.003956883613044027,
405473,20250502900537,01575839,플라즈맵,405000,주권매매거래정지해제              (감자 주권 변경상장),2025-05-02,KOSDAQ,7300.0,7300.0,7300.0,10140.0,0.0,0.0,0.3890410958904109,
488035,20250306901242,01416642,다보링크,340360,주권매매거래정지              (불성실공시법인 지정),2025-03-06,KOSDAQ,1750.0,1750.0,1605.0,1492.0,0.0,-0.08285714285714285,-0.14742857142857146,
487050,20250307900931,00475976,인콘,083640,주권매매거래정지              (자본감소),2025-03-07,KOSDAQ,1555.0,1310.0,1365.0,1420.0,-0.157556270096463,-0.12218649517684887,-0.08681672025723475,
412890,20250421900689,00475976,인콘,083640,"주권매매거래정지              (주식의 병합, 분할 등 전자등록 변경, 말소)",2025-04-21,KOSDAQ,1625.0,1550.0,1570.0,1570.0,-0.0461538461538461,-0.03384615384615386,-0.03384615384615386,
402075,20250513900907,00475976,인콘,083640,주권매매거래정지해제              (감자 주권 변경상장),2025-05-13,KOSDAQ,1570.0,1570.0,1570.0,1460.0,0.0,0.0,-0.07006369426751591,
39535,20260409900864,00475976,인콘,083640,"주권매매거래정지              (주식의 병합, 분할 등 전자등록 변경, 말소)",2026-04-09,KOSDAQ,1925.0,1935.0,1925.0,1925.0,0.0051948051948051965,0.0,0.0,
13863,20260508900746,00475976,인콘,083640,주권매매거래정지해제              (액면병합 주권 변경상장),2026-05-08,KOSDAQ,1925.0,1646.0,1488.0,1542.0,-0.14493506493506492,-0.227012987012987,-0.198961038961039,
485646,20250310800750,00138242,KG모빌리티,003620,매매거래정지및정지해제(중요내용공시),2025-03-10,KOSPI,5042.0,4078.0,4057.0,4084.0,-0.19119397064656884,-0.1953589845299485,-0.19000396667988895,
484484,20250311800553,00153621,참엔지니어링,009310,매매거래정지및정지해제(중요내용공시),2025-03-11,KOSPI,1175.0,1525.0,1705.0,1545.0,0.2978723404255319,0.451063829787234,0.3148936170212766,
100439,20260311801380,00153621,참엔지니어링,009310,매매거래정지및정지해제(중요내용공시),2026-03-11,KOSPI,1065.0,1065.0,1065.0,1065.0,0.0,0.0,0.0,
482553,20250312800689,00828789,대성산업,128820,매매거래정지및정지해제(중요내용공시),2025-03-12,KOSPI,3422.0,3129.0,3165.0,3330.0,-0.08562244301578026,-0.07510227936879021,-0.02688486265341905,
478129,20250314900955,01049167,롤링스톤,214610,주권매매거래정지              (자본감소),2025-03-14,KOSDAQ,7452.0,5225.0,5235.0,5776.0,-0.29884594739667203,-0.2975040257648953,-0.22490606548577563,
426136,20250409900688,01049167,롤링스톤,214610,"주권매매거래정지              (주식의 병합, 분할 등 전자등록 변경, 말소)",2025-04-09,KOSDAQ,4933.0,4902.0,5090.0,5090.0,-0.006284208392458912,0.03182647476180822,0.03182647476180822,
406308,20250430901092,01049167,롤링스톤,214610,주권매매거래정지해제              (감자 주권 변경상장),2025-04-30,KOSDAQ,5090.0,5090.0,5090.0,4440.0,0.0,0.0,-0.12770137524557956,
85585,20260323901078,01049167,롤링스톤,214610,주권매매거래정지              (풍문 또는 보도 관련),2026-03-23,KOSDAQ,2290.0,2290.0,2290.0,2290.0,0.0,0.0,0.0,
85497,20260323901219,01049167,롤링스톤,214610,[기재정정]주권매매거래정지              (풍문 또는 보도 관련),2026-03-23,KOSDAQ,2290.0,2290.0,2290.0,2290.0,0.0,0.0,0.0,
84333,20260323902729,01049167,롤링스톤,214610,주권매매거래정지기간변경              (상장폐지 사유 발생),2026-03-23,KOSDAQ,2290.0,2290.0,2290.0,2290.0,0.0,0.0,0.0,
34855,20260410901098,01049167,롤링스톤,214610,주권매매거래정지기간변경              (개선기간 부여),2026-04-10,KOSDAQ,2290.0,2290.0,2290.0,2290.0,0.0,0.0,0.0,
477958,20250314901143,00159731,글로본,019660,주권매매거래정지              (자본감소),2025-03-14,KOSDAQ,3738.0,2618.0,3302.0,2552.0,-0.29962546816479396,-0.11663991439272337,-0.31728196896736227,
426360,20250409900615,00159731,글로본,019660,"주권매매거래정지              (주식의 병합, 분할 등 전자등록 변경, 말소)",2025-04-09,KOSDAQ,3074.0,3518.0,3576.0,3576.0,0.14443721535458676,0.16330513988288864,0.16330513988288864,
412827,20250421900781,00159731,글로본,019660,주권매매거래정지해제              (감자일정연기),2025-04-21,KOSDAQ,3576.0,3257.0,3032.0,3047.0,-0.08920581655480986,-0.15212527964205813,-0.14793064876957496,
408962,20250428900810,00159731,글로본,019660,"주권매매거래정지              (주식의 병합, 분할 등 전자등록 변경, 말소)",2025-04-28,KOSDAQ,3047.0,3434.0,3525.0,3525.0,0.12701017394158187,0.15687561535936978,0.15687561535936978,
396184,20250520900501,00159731,글로본,019660,주권매매거래정지해제              (감자 주권 변경상장),2025-05-20,KOSDAQ,3525.0,3525.0,3525.0,3025.0,0.0,0.0,-0.14184397163120566,
477470,20250314901688,00258102,지엔코,065060,주권매매거래정지              (자본감소),2025-03-14,KOSDAQ,10300.0,7230.0,6135.0,5800.0,-0.2980582524271844,-0.40436893203883495,-0.4368932038834952,
414903,20250416900650,00258102,지엔코,065060,"주권매매거래정지              (주식의 병합, 분할 등 전자등록 변경, 말소)",2025-04-16,KOSDAQ,5670.0,5420.0,5380.0,5380.0,-0.04409171075837748,-0.051146384479717866,-0.051146384479717866,
397825,20250515902930,00258102,지엔코,065060,주권매매거래정지해제              (감자 주권 변경상장),2025-05-15,KOSDAQ,5380.0,5380.0,5380.0,5390.0,0.0,0.0,0.0018587360594795044,
46491,20260407900606,00258102,지엔코,065060,"주권매매거래정지              (주식의 병합, 분할 등 전자등록 변경, 말소)",2026-04-07,KOSDAQ,2860.0,2865.0,2870.0,2870.0,0.0017482517482516613,0.0034965034965035446,0.0034965034965035446,
15609,20260506900690,00258102,지엔코,065060,주권매매거래정지해제              (액면병합 주권 변경상장),2026-05-06,KOSDAQ,2870.0,2810.0,2725.0,2630.0,-0.020905923344947785,-0.05052264808362372,-0.08362369337979092,
477407,20250314901786,00310156,셀루메드,049180,주권매매거래정지              (관리종목지정우려),2025-03-14,KOSDAQ,1440.0,1210.0,1194.0,1163.0,-0.1597222222222222,-0.17083333333333328,-0.1923611111111111,
469472,20250321901093,00310156,셀루메드,049180,주권매매거래정지              (관리종목지정사유발생),2025-03-21,KOSDAQ,1163.0,1087.0,1198.0,1137.0,-0.0653482373172829,0.03009458297506451,-0.022355975924333582,
93140,20260316902791,00310156,셀루메드,049180,주권매매거래정지              (투자자 보호),2026-03-16,KOSDAQ,1009.0,1009.0,1009.0,1009.0,0.0,0.0,0.0,
67657,20260331904843,00310156,셀루메드,049180,주권매매거래정지기간변경              (상장폐지사유 발생),2026-03-31,KOSDAQ,1009.0,1009.0,1009.0,1009.0,0.0,0.0,0.0,
24959,20260421900682,00310156,셀루메드,049180,주권매매거래정지기간변경              (개선기간 부여),2026-04-21,KOSDAQ,1009.0,1009.0,1009.0,1009.0,0.0,0.0,0.0,
473844,20250319800064,00332927,제이에스코퍼레이션,194370,매매거래정지및정지해제(중요내용공시),2025-03-19,KOSPI,8925.0,8715.0,8770.0,8770.0,-0.02352941176470591,-0.017366946778711534,-0.017366946778711534,
468421,20250321902362,00361594,DMS,068790,주권매매거래정지              (상장폐지 사유발생),2025-03-21,KOSDAQ,9140.0,9140.0,9140.0,9140.0,0.0,0.0,0.0,
425796,20250410900300,00361594,DMS,068790,주권매매거래정지기간변경              (개선기간 부여),2025-04-10,KOSDAQ,9140.0,9140.0,9140.0,9140.0,0.0,0.0,0.0,
271436,20260119900939,00361594,DMS,068790,기타시장안내              (형식적 상장폐지 사유 해소 및 매매거래정지 지속 안내),2026-01-19,KOSDAQ,9140.0,9140.0,9140.0,9140.0,0.0,0.0,0.0,
271435,20260119900946,00361594,DMS,068790,주권매매거래정지기간변경              (상장폐지 사유 해소),2026-01-19,KOSDAQ,9140.0,9140.0,9140.0,9140.0,0.0,0.0,0.0,
106936,20260305900670,00361594,DMS,068790,주권매매거래정지해제              (상장적격성 실질심사 대상 제외 결정),2026-03-05,KOSDAQ,9140.0,7980.0,6800.0,7820.0,-0.12691466083150982,-0.25601750547045954,-0.1444201312910285,
458385,20250331800013,00118965,티에이치엔,019180,매매거래정지및정지해제(중요내용공시),2025-03-31,KOSPI,2980.0,2995.0,2955.0,2840.0,0.005033557046979942,-0.008389261744966459,-0.046979865771812124,
455205,20250331902245,00317487,티에스넥스젠,043220,주권매매거래정지              (풍문 또는 보도 관련),2025-03-31,KOSDAQ,1710.0,1710.0,1710.0,1710.0,0.0,0.0,0.0,
453388,20250331904042,00317487,티에스넥스젠,043220,주권매매거래정지기간변경              (상장폐지 사유 발생),2025-03-31,KOSDAQ,1710.0,1710.0,1710.0,1710.0,0.0,0.0,0.0,
412816,20250421900791,00317487,티에스넥스젠,043220,주권매매거래정지기간변경              (개선기간 부여),2025-04-21,KOSDAQ,1710.0,1710.0,1710.0,1710.0,0.0,0.0,0.0,
347504,20250820900414,00317487,티에스넥스젠,043220,"주권매매거래정지기간변경              (주식의 병합, 분할 등 전자등록 변경, 말소)",2025-08-20,KOSDAQ,1710.0,1710.0,1710.0,1710.0,0.0,0.0,0.0,
344226,20250827900496,00317487,티에스넥스젠,043220,주권매매거래정지기간변경              (감자일정연기),2025-08-27,KOSDAQ,1710.0,1710.0,1710.0,1710.0,0.0,0.0,0.0,
311080,20251112900595,00317487,티에스넥스젠,043220,"주권매매거래정지기간변경              (주식의 병합, 분할 등 전자등록 변경, 말소)",2025-11-12,KOSDAQ,1710.0,1710.0,1710.0,1710.0,0.0,0.0,0.0,
295390,20251204900472,00317487,티에스넥스젠,043220,주권매매거래정지기간변경              (감자 주권 변경상장),2025-12-04,KOSDAQ,1710.0,1710.0,1710.0,1710.0,0.0,0.0,0.0,
88224,20260319902174,00317487,티에스넥스젠,043220,주권매매거래정지기간변경              (상장적격성 실질심사 대상 (사유발생)),2026-03-19,KOSDAQ,1710.0,1710.0,1710.0,1710.0,0.0,0.0,0.0,
45525,20260407901234,00317487,티에스넥스젠,043220,주권매매거래정지기간변경              (상장폐지 사유 발생),2026-04-07,KOSDAQ,1710.0,1710.0,1710.0,1710.0,0.0,0.0,0.0,
19038,20260429901144,00317487,티에스넥스젠,043220,주권매매거래정지기간변경              (상장적격성 실질심사 대상 결정),2026-04-29,KOSDAQ,1710.0,1710.0,1710.0,1710.0,0.0,0.0,0.0,
4541,20260520900789,00317487,티에스넥스젠,043220,주권매매거래정지기간변경              (회생절차 개시신청),2026-05-20,KOSDAQ,1710.0,1710.0,1710.0,1710.0,0.0,0.0,0.0,
121243,20260608901053,00317487,티에스넥스젠,043220,주권매매거래정지해제              (상장폐지에 따른 정리매매 개시),2026-06-08,KOSDAQ,1710.0,1710.0,1710.0,1710.0,0.0,0.0,0.0,
120791,20260609900542,00317487,티에스넥스젠,043220,주권매매거래정지              (투자자 보호),2026-06-09,KOSDAQ,1710.0,1710.0,1710.0,1710.0,0.0,0.0,0.0,
449951,20250401900783,01181807,형지글로벌,308100,주권매매거래정지              (무상증자),2025-04-01,KOSDAQ,7261.0,9436.0,9436.0,10573.0,0.29954551714639854,0.29954551714639854,0.45613551852361933,
449800,20250401900833,00365590,HLB생명과학,067630,주권매매거래정지              (합병),2025-04-01,KOSDAQ,6620.0,6770.0,6750.0,6440.0,0.0226586102719033,0.01963746223564944,-0.027190332326283984,
7424,20260515902001,00365590,HLB생명과학,067630,주권매매거래정지              (중요한 영업정지),2026-05-15,KOSDAQ,3650.0,3480.0,3400.0,3430.0,-0.046575342465753455,-0.06849315068493156,-0.0602739726027397,
448973,20250401901236,00145668,이화공영,001840,주권매매거래정지              (회생절차 개시신청),2025-04-01,KOSDAQ,2215.0,2215.0,2215.0,2215.0,0.0,0.0,0.0,
446324,20250402900415,00145668,이화공영,001840,주권매매거래정지기간변경              (상장폐지 사유 발생),2025-04-02,KOSDAQ,2215.0,2215.0,2215.0,2215.0,0.0,0.0,0.0,
412452,20250422900364,00145668,이화공영,001840,"주권매매거래정지기간변경              (개선기간 부여, 회생절차 개시신청 취하)",2025-04-22,KOSDAQ,2215.0,2215.0,2215.0,2215.0,0.0,0.0,0.0,
282178,20251226900844,00145668,이화공영,001840,주권매매거래정지기간변경              (감자 주권 변경상장),2025-12-26,KOSDAQ,2215.0,2215.0,2215.0,2215.0,0.0,0.0,0.0,
271154,20260120900510,00145668,이화공영,001840,주권매매거래정지기간변경              (감자 주권 변경상장),2026-01-20,KOSDAQ,2215.0,2215.0,2215.0,2215.0,0.0,0.0,0.0,
253219,20260212901601,00145668,이화공영,001840,주권매매거래정지기간변경,2026-02-12,KOSDAQ,2215.0,2215.0,2215.0,2215.0,0.0,0.0,0.0,
81451,20260325901509,00145668,이화공영,001840,주권매매거래정지기간변경              (상장폐지 사유 해소),2026-03-25,KOSDAQ,2215.0,2215.0,2215.0,2215.0,0.0,0.0,0.0,
81453,20260325901510,00145668,이화공영,001840,기타시장안내              (감사의견 관련 형식적 상장폐지 사유해소 및 매매거래정지 지속안내),2026-03-25,KOSDAQ,2215.0,2215.0,2215.0,2215.0,0.0,0.0,0.0,
62807,20260401901203,00145668,이화공영,001840,주권매매거래정지기간변경              (상장적격성 실질심사 대상 결정),2026-04-01,KOSDAQ,2215.0,2215.0,2215.0,2215.0,0.0,0.0,0.0,
62214,20260401901549,00145668,이화공영,001840,[기재정정]주권매매거래정지기간변경              (상장적격성 실질심사 대상 결정),2026-04-01,KOSDAQ,2215.0,2215.0,2215.0,2215.0,0.0,0.0,0.0,
3982,20260521900688,00145668,이화공영,001840,주권매매거래정지기간변경              (상장폐지 사유 발생),2026-05-21,KOSDAQ,2215.0,2215.0,2215.0,2215.0,0.0,0.0,0.0,
439894,20250404900466,00528791,제일엠앤에스,412540,주권매매거래정지              (풍문 또는 보도 관련),2025-04-04,KOSDAQ,3935.0,3935.0,3935.0,3935.0,0.0,0.0,0.0,
437187,20250404901194,00528791,제일엠앤에스,412540,주권매매거래정지기간변경              (상장폐지 사유 발생),2025-04-04,KOSDAQ,3935.0,3935.0,3935.0,3935.0,0.0,0.0,0.0,
409774,20250425900997,00528791,제일엠앤에스,412540,주권매매거래정지기간변경              (개선기간 부여),2025-04-25,KOSDAQ,3935.0,3935.0,3935.0,3935.0,0.0,0.0,0.0,
296553,20251202900223,00528791,제일엠앤에스,412540,주권매매거래정지기간변경              (회생절차 개시신청),2025-12-02,KOSDAQ,3935.0,3935.0,3935.0,3935.0,0.0,0.0,0.0,
287996,20251216901936,00528791,제일엠앤에스,412540,주권매매거래정지기간변경              (회생절차 개시결정),2025-12-16,KOSDAQ,3935.0,3935.0,3935.0,3935.0,0.0,0.0,0.0,
84343,20260323902704,00528791,제일엠앤에스,412540,주권매매거래정지기간변경              (상장폐지 사유 발생),2026-03-23,KOSDAQ,3935.0,3935.0,3935.0,3935.0,0.0,0.0,0.0,
436191,20250407900353,01563667,더즌,462860,주권매매거래정지              (무상증자),2025-04-07,KOSDAQ,2709.0,2479.0,2549.0,2749.0,-0.08490217792543375,-0.05906238464378,0.014765596160944972,
433276,20250407900880,00369657,리노공업,058470,"주권매매거래정지              (주식의 병합, 분할 등 전자등록 변경, 말소)",2025-04-07,KOSDAQ,34740.0,35220.0,34500.0,34500.0,0.013816925734024155,-0.006908462867012077,-0.006908462867012077,
411230,20250424900515,00369657,리노공업,058470,주권매매거래정지해제              (액면분할 주권 변경상장),2025-04-24,KOSDAQ,34500.0,38400.0,36050.0,36750.0,0.11304347826086958,0.04492753623188417,0.0652173913043479,
415713,20250415900442,01559637,블루엠텍,439580,주권매매거래정지              (무상증자),2025-04-15,KOSDAQ,3752.0,4229.0,4159.0,4272.0,0.12713219616204685,0.10847547974413652,0.1385927505330491,
414284,20250417900791,01866926,KB제31호스팩,492220,주권매매거래정지              (SPAC 합병(예비심사청구대상)),2025-04-17,KOSDAQ,2015.0,2015.0,2015.0,2015.0,0.0,0.0,0.0,
367269,20250717900478,01866926,KB제31호스팩,492220,주권매매거래정지해제              (합병결정 철회),2025-07-17,KOSDAQ,2015.0,2015.0,2025.0,2015.0,0.0,0.00496277915632759,0.0,
412174,20250423900078,01218299,에코아이,448280,주권매매거래정지              (무상증자),2025-04-23,KOSDAQ,9966.0,9500.0,9900.0,10516.0,-0.046758980533815,-0.0066225165562914245,0.05518763796909498,
411744,20250423900617,01047707,포톤,208710,"주권매매거래정지              (주식의 병합, 분할 등 전자등록 변경, 말소)",2025-04-23,KOSDAQ,3525.0,3405.0,3310.0,3310.0,-0.03404255319148941,-0.06099290780141842,-0.06099290780141842,
396623,20250519900377,01047707,포톤,208710,주권매매거래정지해제              (액면병합 주권 변경상장),2025-05-19,KOSDAQ,3310.0,2575.0,2445.0,2535.0,-0.22205438066465255,-0.26132930513595165,-0.23413897280966767,
411019,20250424900786,01336762,스피어,347700,주권매매거래정지              (단일판매공급계약),2025-04-24,KOSDAQ,9340.0,9600.0,9850.0,9540.0,0.027837259100642386,0.054603854389721596,0.021413276231263323,
361072,20250731900580,01336762,스피어,347700,주권매매거래정지              (단일판매공급계약),2025-07-31,KOSDAQ,10900.0,14170.0,14170.0,12220.0,0.30000000000000004,0.30000000000000004,0.12110091743119256,
328164,20250929900337,01336762,스피어,347700,주권매매거래정지              (단일판매공급계약),2025-09-29,KOSDAQ,10090.0,10420.0,10150.0,11190.0,0.03270564915758167,0.005946481665014769,0.10901883052527261,
302653,20251125900488,01336762,스피어,347700,주권매매거래정지              (단일판매공급계약),2025-11-25,KOSDAQ,8560.0,8650.0,8800.0,8210.0,0.010514018691588856,0.028037383177569986,-0.04088785046728971,
250087,20260219900483,01336762,스피어,347700,주권매매거래정지              (단일판매공급계약),2026-02-19,KOSDAQ,44100.0,45650.0,45600.0,42300.0,0.035147392290249435,0.03401360544217691,-0.04081632653061229,
82178,20260325900598,01336762,스피어,347700,주권매매거래정지              (단일판매공급계약),2026-03-25,KOSDAQ,46150.0,50100.0,50900.0,49200.0,0.08559046587215602,0.10292524377031409,0.06608884073672816,
410210,20250425900554,00409788,비에이치아이,083650,주권매매거래정지              (단일판매공급계약),2025-04-25,KOSDAQ,21800.0,25600.0,28800.0,30550.0,0.17431192660550465,0.32110091743119273,0.4013761467889909,
407865,20250429900937,01326224,원바이오젠,307280,"주권매매거래정지              (주식의 병합, 분할 등 전자등록 변경, 말소)",2025-04-29,KOSDAQ,5639.0,5674.0,5780.0,5780.0,0.006206774250753666,0.025004433410179105,0.025004433410179105,
394702,20250523900451,01326224,원바이오젠,307280,주권매매거래정지해제              (액면병합 주권 변경상장),2025-05-23,KOSDAQ,5780.0,5720.0,5650.0,5730.0,-0.01038062283737029,-0.02249134948096887,-0.00865051903114189,
406569,20250430900781,01605282,닷밀,464580,주권매매거래정지              (무상증자),2025-04-30,KOSDAQ,3000.0,3120.0,3000.0,3210.0,0.040000000000000036,0.0,0.07000000000000006,
405111,20250507800390,00116268,동성제약,002210,매매거래정지및정지해제(풍문등조회공시),2025-05-07,KOSPI,1390.0,1390.0,1390.0,1390.0,0.0,0.0,0.0,
378528,20250624800425,00116268,동성제약,002210,매매거래정지및정지해제(풍문등조회공시),2025-06-24,KOSPI,973.0,973.0,973.0,973.0,0.0,0.0,0.0,
403494,20250509800789,00127802,삼익THK,004380,매매거래정지및정지해제(풍문등조회공시),2025-05-09,KOSPI,13000.0,13000.0,13000.0,13000.0,0.0,0.0,0.0,
402447,20250513900419,00560982,바이오솔루션,086820,주권매매거래정지              (무상증자),2025-05-13,KOSDAQ,9528.0,11464.0,11313.0,11481.0,0.2031905961376994,0.18734256926952142,0.20497481108312332,
400386,20250515900317,00814582,탑런토탈솔루션,336680,주권매매거래정지              (무상증자),2025-05-15,KOSDAQ,5100.0,5365.0,5190.0,5150.0,0.05196078431372553,0.01764705882352935,0.009803921568627416,
397061,20250516900382,00683007,엑스큐어,070300,주권매매거래정지              (무상증자),2025-05-16,KOSDAQ,1957.0,1672.0,1678.0,1587.0,-0.1456310679611651,-0.14256515074093,-0.18906489524782832,
395454,20250522800003,00877059,삼성바이오로직스,207940,매매거래정지및정지해제(중요내용공시),2025-05-22,KOSPI,1589484.0,1495292.0,1535029.0,1510009.0,-0.05925948295170003,-0.03425954586519897,-0.05000050330799177,
388789,20250530800970,00126937,삼양홀딩스,000070,매매거래정지및정지해제(중요내용공시),2025-05-30,KOSPI,49046.0,52583.0,58055.0,57721.0,0.07211597276026582,0.1836847041552827,0.17687477062349632,
384786,20250610900058,01237434,플리토,300080,주권매매거래정지              (무상증자),2025-06-10,KOSDAQ,9439.0,9289.0,8989.0,9806.0,-0.01589151393156052,-0.04767454179468167,0.03888123741921823,
383811,20250611900468,00230425,나노엔텍,039860,주권매매거래정지              (우회상장여부 및 요건충족확인),2025-06-11,KOSDAQ,3690.0,3745.0,3660.0,3660.0,0.01490514905149043,-0.008130081300813052,-0.008130081300813052,
383612,20250611900729,00230425,나노엔텍,039860,주권매매거래정지해제              (우회상장 미해당),2025-06-11,KOSDAQ,3690.0,3745.0,3660.0,3660.0,0.01490514905149043,-0.008130081300813052,-0.008130081300813052,
383016,20250612900526,00173449,빌리언스,044480,주권매매거래정지              (자본감소),2025-06-12,KOSDAQ,2175.0,1535.0,1535.0,1575.0,-0.2942528735632184,-0.2942528735632184,-0.27586206896551724,
370648,20250709900362,00173449,빌리언스,044480,"주권매매거래정지              (주식의 병합, 분할 등 전자등록 변경, 말소)",2025-07-09,KOSDAQ,1495.0,1515.0,1515.0,1515.0,0.013377926421404673,0.013377926421404673,0.013377926421404673,
359833,20250801900985,00173449,빌리언스,044480,주권매매거래정지해제              (감자 주권 변경상장),2025-08-01,KOSDAQ,1515.0,1515.0,1515.0,2195.0,0.0,0.0,0.44884488448844895,
38689,20260409901200,00173449,빌리언스,044480,"주권매매거래정지              (주식의 병합, 분할 등 전자등록 변경, 말소)",2026-04-09,KOSDAQ,2010.0,1965.0,2225.0,2225.0,-0.02238805970149249,0.10696517412935314,0.10696517412935314,
15512,20260506900820,00173449,빌리언스,044480,주권매매거래정지해제              (액면병합 주권 변경상장),2026-05-06,KOSDAQ,2225.0,2225.0,2225.0,1371.0,0.0,0.0,-0.38382022471910116,
382895,20250613900043,00970453,파마리서치,214450,주권매매거래정지              (분할),2025-06-13,KOSDAQ,433500.0,458000.0,420000.0,457000.0,0.056516724336793445,-0.03114186851211076,0.05420991926182239,
382327,20250613900697,00485177,일진파워,094820,주권매매거래정지              (상장적격성 실질심사 대상(사유발생)),2025-06-13,KOSDAQ,11820.0,11820.0,11820.0,11820.0,0.0,0.0,0.0,
365618,20250722900436,00485177,일진파워,094820,주권매매거래정지해제              (상장적격성 실질심사 대상 제외 결정),2025-07-22,KOSDAQ,11820.0,11080.0,11190.0,10070.0,-0.06260575296108295,-0.053299492385786795,-0.14805414551607443,
379969,20250620800240,00157399,한솔테크닉스,004710,매매거래정지및정지해제(중요내용공시),2025-06-20,KOSPI,5467.0,6157.0,6304.0,6246.0,0.12621181635266132,0.15310042070605445,0.14249131150539607,
379803,20250620800402,00169048,HLB글로벌,003580,매매거래정지및정지해제(중요내용공시),2025-06-20,KOSPI,3055.0,2925.0,2835.0,2670.0,-0.04255319148936165,-0.07201309328968908,-0.1260229132569558,
379071,20250623900433,01182408,소프트캠프,258790,주권매매거래정지              (상장적격성 실질심사 대상 (사유발생)),2025-06-23,KOSDAQ,6465.0,6465.0,6465.0,6465.0,0.0,0.0,0.0,
359230,20250804900458,01182408,소프트캠프,258790,주권매매거래정지해제              (상장적격성 실질심사 대상 제외 결정),2025-08-04,KOSDAQ,6465.0,5650.0,5275.0,5105.0,-0.1260634184068059,-0.18406805877803556,-0.2103634957463264,
20507,20260428900810,01182408,소프트캠프,258790,"주권매매거래정지              (주식의 병합, 분할 등 전자등록 변경, 말소)",2026-04-28,KOSDAQ,9120.0,8310.0,8590.0,8590.0,-0.08881578947368418,-0.058114035087719285,-0.058114035087719285,
250,20260527900673,01182408,소프트캠프,258790,주권매매거래정지해제              (액면병합 주권 변경상장),2026-05-27,KOSDAQ,8590.0,6600.0,5930.0,5100.0,-0.23166472642607683,-0.30966239813736907,-0.4062863795110594,
375053,20250630900356,00876865,네오오토,212560,주권매매거래정지              (무상증자),2025-06-30,KOSDAQ,5565.0,5906.0,6193.0,6546.0,0.06127583108715173,0.1128481581311771,0.17628032345013467,
373043,20250702800680,01784394,STX그린로지스,465770,매매거래정지및정지해제(풍문등조회공시),2025-07-02,KOSPI,8730.0,8730.0,8120.0,8290.0,0.0,-0.06987399770904923,-0.05040091638029787,
372551,20250703800629,01784394,STX그린로지스,465770,매매거래정지및정지해제(풍문등조회공시),2025-07-03,KOSPI,8730.0,8120.0,8150.0,8230.0,-0.06987399770904923,-0.06643757159221075,-0.05727376861397482,
371966,20250704900846,00800084,씨엑스아이,900120,"주권매매거래정지              (주식의 병합, 분할 등 전자등록 변경, 말소)",2025-07-04,KOSDAQ,915.0,736.0,756.0,756.0,-0.19562841530054642,-0.17377049180327864,-0.17377049180327864,
361027,20250731900650,00800084,씨엑스아이,900120,주권매매거래정지해제              (액면병합 주권 변경상장),2025-07-31,KOSDAQ,756.0,678.0,640.0,632.0,-0.10317460317460314,-0.1534391534391535,-0.16402116402116407,
14576,20260507901009,00800084,씨엑스아이,900120,"주권매매거래정지              (주식의 병합, 분할 등 전자등록 변경, 말소)",2026-05-07,KOSDAQ,397.0,377.0,391.0,391.0,-0.05037783375314864,-0.015113350125944613,-0.015113350125944613,
113837,20260623900570,00800084,씨엑스아이,900120,주권매매거래정지해제              (감자 주권 변경상장 등),2026-06-23,KOSDAQ,391.0,391.0,391.0,,0.0,0.0,,
370375,20250710900056,00763701,헥토파이낸셜,234340,주권매매거래정지              (무상증자),2025-07-10,KOSDAQ,19013.0,19149.0,18777.0,18269.0,0.007153000578551616,-0.012412559827486458,-0.039131120812075926,
370084,20250710900301,00313649,현대바이오,048410,주권매매거래정지              (무상증자),2025-07-10,KOSDAQ,5410.0,6960.0,7050.0,7010.0,0.2865064695009243,0.3031423290203328,0.29574861367837335,
366580,20250718900557,01516368,산돌,419120,주권매매거래정지              (무상증자),2025-07-18,KOSDAQ,5573.0,6205.0,7428.0,8784.0,0.11340391171720787,0.3328548358155392,0.5761708236138525,
365002,20250724900076,01233465,동국생명과학,303810,주권매매거래정지              (무상증자),2025-07-24,KOSDAQ,4830.0,4900.0,5015.0,5150.0,0.01449275362318847,0.038302277432712195,0.0662525879917184,
359558,20250804900066,01370863,그린리소스,402490,주권매매거래정지              (무상증자),2025-08-04,KOSDAQ,8284.0,8425.0,8204.0,8610.0,0.01702076291646537,-0.00965717044905845,0.03935296957991308,
359447,20250804900202,01217829,엔에프씨,265740,주권매매거래정지              (무상증자),2025-08-04,KOSDAQ,5280.0,5915.0,5800.0,5490.0,0.1202651515151516,0.0984848484848484,0.03977272727272729,
357972,20250807800257,00671376,트리니티항공,091810,매매거래정지및정지해제(중요내용공시),2025-08-07,KOSPI,1856.0,1809.0,1776.0,1791.0,-0.02532327586206895,-0.0431034482758621,-0.0350215517241379,
356449,20250811900438,00219848,서희건설,035890,주권매매거래정지              (풍문 또는 보도 관련),2025-08-11,KOSDAQ,3200.0,3200.0,3200.0,3200.0,0.0,0.0,0.0,
356130,20250811900787,00219848,서희건설,035890,주권매매거래정지기간변경              (상장적격성 실질심사 대상(사유발생)),2025-08-11,KOSDAQ,3200.0,3200.0,3200.0,3200.0,0.0,0.0,0.0,
330925,20250923900582,00219848,서희건설,035890,주권매매거래정지기간변경              (상장적격성 실질심사 대상 결정),2025-09-23,KOSDAQ,3200.0,3200.0,3200.0,3200.0,0.0,0.0,0.0,
305980,20251117900620,00219848,서희건설,035890,주권매매거래정지기간변경              (개선기간 부여),2025-11-17,KOSDAQ,3200.0,3200.0,3200.0,3200.0,0.0,0.0,0.0,
16682,20260430902078,00219848,서희건설,035890,주권매매거래정지해제              (상장유지 결정),2026-04-30,KOSDAQ,3200.0,3350.0,2675.0,2645.0,0.046875,-0.1640625,-0.17343750000000002,
348660,20250814903884,00956028,엑세스바이오,950130,주권매매거래정지              (상장적격성 실질심사 대상 (사유발생)),2025-08-14,KOSDAQ,4500.0,4500.0,4500.0,4500.0,0.0,0.0,0.0,
328570,20250926900921,00956028,엑세스바이오,950130,주권매매거래정지해제              (상장적격성 실질심사 대상 제외 결정),2025-09-26,KOSDAQ,4500.0,4380.0,3905.0,,-0.026666666666666616,-0.13222222222222224,,
348256,20250818900523,01700587,이노스페이스,462350,주권매매거래정지              (무상증자),2025-08-18,KOSDAQ,7430.0,5579.0,5579.0,5932.0,-0.24912516823687747,-0.24912516823687747,-0.20161507402422607,
347209,20250821900136,01023211,와이제이링크,209640,주권매매거래정지              (무상증자),2025-08-21,KOSDAQ,3775.0,3635.0,3715.0,3755.0,-0.03708609271523178,-0.015894039735099286,-0.005298013245033095,
345953,20250825900114,01540815,스튜디오삼익,415380,주권매매거래정지              (무상증자),2025-08-25,KOSDAQ,3872.0,3653.0,4063.0,4146.0,-0.056559917355371914,0.049328512396694224,0.07076446280991733,
344394,20250827800309,01390344,HD현대중공업,329180,매매거래정지및정지해제(중요내용공시),2025-08-27,KOSPI,521000.0,503000.0,520000.0,505000.0,-0.03454894433781186,-0.0019193857965451588,-0.030710172744721653,
344217,20250827900531,00799070,딥커머스,900110,"주권매매거래정지              (주식의 병합, 분할 등 전자등록 변경, 말소)",2025-08-27,KOSDAQ,6453.0,6302.0,5777.0,5777.0,-0.023399969006663524,-0.10475747714241435,-0.10475747714241435,
330411,20250924900454,00799070,딥커머스,900110,주권매매거래정지해제              (주식병합(무액면주식) 주권 변경상장),2025-09-24,KOSDAQ,5777.0,5285.0,4982.0,4715.0,-0.08516531071490396,-0.13761467889908252,-0.18383243898217072,
16886,20260430901775,00799070,딥커머스,900110,"주권매매거래정지              (주식의 병합, 분할 등 전자등록 변경, 말소)",2026-04-30,KOSDAQ,2332.0,2401.0,2515.0,2392.0,0.029588336192109876,0.07847341337907365,0.02572898799313883,
15663,20260506900571,00799070,딥커머스,900110,[기재정정]주권매매거래정지,2026-05-06,KOSDAQ,2515.0,2389.0,2407.0,2323.0,-0.05009940357852882,-0.04294234592445323,-0.07634194831013918,
9442,20260514901584,00799070,딥커머스,900110,"주권매매거래정지              (주식의 병합, 분할 등 전자등록 변경, 말소)",2026-05-14,KOSDAQ,2353.0,2323.0,2140.0,2140.0,-0.012749681257968604,-0.09052273693157675,-0.09052273693157675,
117486,20260615900746,00799070,딥커머스,900110,주권매매거래정지해제              (주식병합(무액면주식) 주권 변경상장),2026-06-15,KOSDAQ,2140.0,1704.0,1662.0,1385.0,-0.20373831775700935,-0.22336448598130842,-0.352803738317757,
342795,20250828800404,00191472,KPX케미칼,025000,매매거래정지및정지해제(중요내용공시),2025-08-28,KOSPI,46739.0,48485.0,47730.0,47070.0,0.037356383320139575,0.02120284986841825,0.007081880228502868,
342566,20250828800503,00274933,신세계푸드,031440,매매거래정지및정지해제(중요내용공시),2025-08-28,KOSPI,43500.0,41000.0,40150.0,40500.0,-0.05747126436781613,-0.07701149425287357,-0.06896551724137934,
102055,20260310801616,00274933,신세계푸드,031440,매매거래정지및정지해제(중요내용공시),2026-03-10,KOSPI,47950.0,50000.0,48850.0,48500.0,0.04275286757038588,0.018769551616266922,0.011470281543274341,
340056,20250829900783,00977377,에이비온,203400,주권매매거래정지              (무상증자),2025-08-29,KOSDAQ,2813.0,2457.0,2609.0,2542.0,-0.12655527906150021,-0.07252044081052256,-0.0963384287237824,
339548,20250901900452,01435489,범한퓨얼셀,382900,주권매매거래정지              (단일판매공급계약),2025-09-01,KOSDAQ,26800.0,25550.0,26150.0,25350.0,-0.04664179104477617,-0.02425373134328357,-0.05410447761194026,
335709,20250910800517,00146454,일양약품,007570,매매거래정지및정지해제(풍문등조회공시),2025-09-10,KOSPI,14600.0,14600.0,14600.0,14600.0,0.0,0.0,0.0,
335124,20250911900329,01781847,교보15호스팩,465320,주권매매거래정지              (SPAC 합병(예비심사청구대상)),2025-09-11,KOSDAQ,2335.0,2335.0,2335.0,2335.0,0.0,0.0,0.0,
334545,20250912900352,01335453,조이웍스앤코,309930,주권매매거래정지              (영업양수도),2025-09-12,KOSDAQ,4005.0,4017.0,4017.0,3795.0,0.002996254681647992,0.002996254681647992,-0.05243445692883897,
26715,20260417900332,01335453,조이웍스앤코,309930,주권매매거래정지              (무상증자),2026-04-17,KOSDAQ,1912.0,1970.0,2072.0,2167.0,0.030334728033472702,0.08368200836820083,0.13336820083682,
19474,20260429900724,01335453,조이웍스앤코,309930,"주권매매거래정지              (주식의 병합, 분할 등 전자등록 변경, 말소)",2026-04-29,KOSDAQ,2387.0,2342.0,2810.0,2810.0,-0.018852115626309174,0.1772098868873062,0.1772098868873062,
2420,20260526900494,01335453,조이웍스앤코,309930,주권매매거래정지해제              (액면병합 주권 변경상장),2026-05-26,KOSDAQ,2810.0,3650.0,3650.0,1749.0,0.29893238434163694,0.29893238434163694,-0.3775800711743772,
333351,20250917900072,01632912,온코닉테라퓨틱스,476060,주권매매거래정지              (무상증자),2025-09-17,KOSDAQ,11175.0,10187.0,11275.0,13150.0,-0.08841163310961964,0.008948545861297452,0.1767337807606264,
332633,20250918800404,00165680,호텔신라,008770,매매거래정지및정지해제(중요내용공시),2025-09-18,KOSPI,53000.0,54700.0,56400.0,54000.0,0.03207547169811331,0.0641509433962264,0.018867924528301883,
331986,20250919900526,00409371,인베니아,079950,주권매매거래정지              (자본감소),2025-09-19,KOSDAQ,1984.0,1531.0,1531.0,1740.0,-0.22832661290322576,-0.22832661290322576,-0.12298387096774188,
306882,20251114902845,00409371,인베니아,079950,"주권매매거래정지              (주식의 병합, 분할 등 전자등록 변경, 말소)",2025-11-14,KOSDAQ,1508.0,1481.0,1457.0,1457.0,-0.017904509283819592,-0.03381962864721488,-0.03381962864721488,
293721,20251209900514,00409371,인베니아,079950,주권매매거래정지해제              (감자 주권 변경상장),2025-12-09,KOSDAQ,1457.0,1457.0,1457.0,1135.0,0.0,0.0,-0.2210020590253946,
85701,20260323900943,00409371,인베니아,079950,주권매매거래정지              (관리종목지정사유발생),2026-03-23,KOSDAQ,1341.0,1105.0,1117.0,1067.0,-0.1759880686055183,-0.16703952274422074,-0.2043251304996272,
330400,20250924900477,00177870,대창솔루션,096350,"주권매매거래정지              (주식의 병합, 분할 등 전자등록 변경, 말소)",2025-09-24,KOSDAQ,2225.0,2195.0,2260.0,2260.0,-0.013483146067415741,0.01573033707865168,0.01573033707865168,
319252,20251024900527,00177870,대창솔루션,096350,주권매매거래정지해제              (액면병합 주권 변경상장),2025-10-24,KOSDAQ,2260.0,2645.0,2595.0,2640.0,0.17035398230088505,0.14823008849557517,0.16814159292035402,
325952,20251001900811,00346407,크레오에스지,040350,주권매매거래정지              (자본감소),2025-10-01,KOSDAQ,4060.0,3980.0,3780.0,3710.0,-0.019704433497536922,-0.06896551724137934,-0.08620689655172409,
304554,20251120900604,00346407,크레오에스지,040350,"주권매매거래정지              (주식의 병합, 분할 등 전자등록 변경, 말소)",2025-11-20,KOSDAQ,3380.0,3155.0,2780.0,2780.0,-0.06656804733727806,-0.1775147928994083,-0.1775147928994083,
289640,20251215901545,00346407,크레오에스지,040350,주권매매거래정지해제              (감자 주권 변경상장),2025-12-15,KOSDAQ,2780.0,2780.0,2780.0,3150.0,0.0,0.0,0.13309352517985618,
39031,20260409900869,00346407,크레오에스지,040350,"주권매매거래정지              (주식의 병합, 분할 등 전자등록 변경, 말소)",2026-04-09,KOSDAQ,3375.0,3465.0,3660.0,3660.0,0.026666666666666616,0.08444444444444454,0.08444444444444454,
12853,20260511900702,00346407,크레오에스지,040350,주권매매거래정지해제              (액면병합 주권 변경상장),2026-05-11,KOSDAQ,3660.0,3910.0,3615.0,3560.0,0.06830601092896171,-0.012295081967213073,-0.02732240437158473,
322167,20251017900463,00435969,인피니트헬스케어,071200,주권매매거래정지              (상장적격성 실질심사 대상 (사유발생)),2025-10-17,KOSDAQ,5950.0,5950.0,5950.0,5950.0,0.0,0.0,0.0,
297750,20251128901246,00435969,인피니트헬스케어,071200,주권매매거래정지기간변경              (상장적격성 실질심사 대상 결정),2025-11-28,KOSDAQ,5950.0,5950.0,5950.0,5950.0,0.0,0.0,0.0,
271057,20260120900700,00435969,인피니트헬스케어,071200,주권매매거래정지해제              (상장유지 결정),2026-01-20,KOSDAQ,5950.0,5740.0,5600.0,6680.0,-0.03529411764705881,-0.05882352941176472,0.12268907563025211,
320943,20251021900563,00619507,와이씨켐,112290,주권매매거래정지              (영업양수도),2025-10-21,KOSDAQ,11279.0,11154.0,11004.0,12155.0,-0.01108254277861509,-0.024381594112953264,0.07766645979253473,
45656,20260407901014,00619507,와이씨켐,112290,"주권매매거래정지              (주식의 병합, 분할 등 전자등록 변경, 말소)",2026-04-07,KOSDAQ,10754.0,11855.0,11730.0,11730.0,0.1023805095778314,0.09075692765482613,0.09075692765482613,
20513,20260428900836,00619507,와이씨켐,112290,주권매매거래정지해제              (액면분할 주권 변경상장),2026-04-28,KOSDAQ,11730.0,15240.0,14050.0,15820.0,0.29923273657288996,0.1977834612105711,0.3486786018755328,
320780,20251022900106,01577952,지투지바이오,456160,주권매매거래정지              (무상증자),2025-10-22,KOSDAQ,56864.0,59932.0,57164.0,58031.0,0.053953292065278546,0.005275745638716911,0.020522650534609,
319556,20251024900203,01419205,피앤에스로보틱스,460940,주권매매거래정지              (무상증자),2025-10-24,KOSDAQ,8795.0,8995.0,10650.0,10650.0,0.022740193291642896,0.21091529277998866,0.21091529277998866,
318117,20251028800542,00234412,신세계인터내셔날,031430,매매거래정지및정지해제(중요내용공시),2025-10-28,KOSPI,9760.0,10390.0,10500.0,9950.0,0.06454918032786883,0.07581967213114749,0.01946721311475419,
318473,20251028900088,01373709,아이씨티케이,456010,주권매매거래정지              (단일판매공급계약),2025-10-28,KOSDAQ,17550.0,17980.0,19950.0,18350.0,0.024501424501424562,0.1367521367521367,0.045584045584045496,
317704,20251029900245,01376715,디앤디파마텍,347850,주권매매거래정지              (무상증자),2025-10-29,KOSDAQ,49699.0,55555.0,69569.0,80080.0,0.11782933258214445,0.39980683715970144,0.6113000261574679,
317700,20251029900260,01376715,디앤디파마텍,347850,[기재정정]주권매매거래정지              (무상증자),2025-10-29,KOSDAQ,49699.0,55555.0,69569.0,80080.0,0.11782933258214445,0.39980683715970144,0.6113000261574679,
315327,20251103900344,01038693,드림시큐리티,203650,주권매매거래정지              (무상증자),2025-11-03,KOSDAQ,1674.0,1834.0,1854.0,1829.0,0.09557945041816018,0.10752688172043001,0.09259259259259256,
312573,20251110900136,00666204,제너셈,217190,주권매매거래정지              (무상증자),2025-11-10,KOSDAQ,6076.0,6330.0,6296.0,5789.0,0.04180381830151414,0.03620803159973662,-0.047235023041474644,
311828,20251111900425,00527464,에이치시티,072990,주권매매거래정지              (무상증자),2025-11-11,KOSDAQ,6383.0,6846.0,6841.0,6998.0,0.0725364248785838,0.07175309415635289,0.09634967883440382,
311410,20251112900194,01116265,카티스,140430,주권매매거래정지              (무상증자),2025-11-12,KOSDAQ,6615.0,7000.0,6500.0,6740.0,0.05820105820105814,-0.017384731670445963,0.01889644746787611,
20603,20260428900694,01116265,카티스,140430,"주권매매거래정지              (주식의 병합, 분할 등 전자등록 변경, 말소)",2026-04-28,KOSDAQ,3760.0,3580.0,3760.0,3760.0,-0.0478723404255319,0.0,0.0,
187,20260527900741,01116265,카티스,140430,주권매매거래정지해제              (액면병합 주권 변경상장),2026-05-27,KOSDAQ,3760.0,3500.0,3300.0,2595.0,-0.06914893617021278,-0.12234042553191493,-0.30984042553191493,
310982,20251112900719,00807397,코이즈,121850,"주권매매거래정지              (주식의 병합, 분할 등 전자등록 변경, 말소)",2025-11-12,KOSDAQ,6289.0,6196.0,5835.0,5835.0,-0.014787724598505303,-0.07218953728732713,-0.07218953728732713,
294765,20251205900509,00807397,코이즈,121850,주권매매거래정지해제              (감자 주권 변경상장),2025-12-05,KOSDAQ,5835.0,5835.0,5835.0,4418.0,0.0,0.0,-0.24284490145672666,
308668,20251114901014,01638387,케이지에이,455180,주권매매거래정지              (상장적격성 실질심사 대상 (사유발생)),2025-11-14,KOSDAQ,4850.0,3870.0,3870.0,3930.0,-0.20206185567010304,-0.20206185567010304,-0.18969072164948453,
306373,20251114903401,01638387,케이지에이,455180,주권매매거래정지해제              (상장적격성 실질심사 미해당 (사유발생 해소)),2025-11-14,KOSDAQ,4850.0,3870.0,3870.0,3930.0,-0.20206185567010304,-0.20206185567010304,-0.18969072164948453,
306892,20251114902834,01587056,엔젯,419080,주권매매거래정지              (영업양수도),2025-11-14,KOSDAQ,6210.0,6110.0,5770.0,4845.0,-0.01610305958132041,-0.07085346215780997,-0.21980676328502413,
306508,20251114903197,01137295,프리시젼바이오,335810,주권매매거래정지              (우회상장여부 및 요건충족확인),2025-11-14,KOSDAQ,2755.0,2835.0,2740.0,3170.0,0.029038112522685955,-0.005444646098003658,0.15063520871143377,
306384,20251114903376,01137295,프리시젼바이오,335810,주권매매거래정지해제              (우회상장 미해당),2025-11-14,KOSDAQ,2755.0,2835.0,2740.0,3170.0,0.029038112522685955,-0.005444646098003658,0.15063520871143377,
302256,20251126900134,00154718,비츠로셀,082920,주권매매거래정지              (무상증자),2025-11-26,KOSDAQ,14786.0,14534.0,15140.0,17638.0,-0.017043148924658413,0.023941566346544096,0.1928851616393885,
301924,20251126900478,01809569,신한제12호스팩,474660,주권매매거래정지              (SPAC 합병(예비심사청구대상)),2025-11-26,KOSDAQ,2070.0,2070.0,2070.0,2070.0,0.0,0.0,0.0,
91991,20260317901238,01809569,신한제12호스팩,474660,주권매매거래정지해제              (합병결정 철회),2026-03-17,KOSDAQ,2070.0,2065.0,2065.0,2050.0,-0.0024154589371980784,-0.0024154589371980784,-0.009661835748792313,
297870,20251128901153,01845701,교보16호스팩,482520,주권매매거래정지              (SPAC 합병(예비심사청구대상)),2025-11-28,KOSDAQ,2065.0,2065.0,2065.0,2065.0,0.0,0.0,0.0,
24162,20260422900663,01845701,교보16호스팩,482520,주권매매거래정지해제              (합병결정 철회),2026-04-22,KOSDAQ,2065.0,2050.0,2050.0,2045.0,-0.007263922518159771,-0.007263922518159771,-0.009685230024213065,
295094,20251205900167,00238001,블루콤,033560,주권매매거래정지              (중요한 영업정지),2025-12-05,KOSDAQ,2840.0,2890.0,2885.0,2995.0,0.01760563380281699,0.015845070422535246,0.05457746478873249,
294289,20251208900455,00330044,캠시스,050110,주권매매거래정지              (자본감소),2025-12-08,KOSDAQ,3536.0,2478.0,2160.0,2194.0,-0.29920814479638014,-0.3891402714932126,-0.37952488687782804,
265007,20260130901010,00330044,캠시스,050110,"주권매매거래정지              (주식의 병합, 분할 등 전자등록 변경, 말소)",2026-01-30,KOSDAQ,2728.0,2792.0,2650.0,2650.0,0.02346041055718473,-0.02859237536656889,-0.02859237536656889,
246716,20260224901295,00330044,캠시스,050110,주권매매거래정지해제              (감자 주권 변경상장),2026-02-24,KOSDAQ,2650.0,2650.0,2650.0,1822.0,0.0,0.0,-0.3124528301886792,
294003,20251209900138,01806951,폰드그룹,472850,주권매매거래정지              (무상증자),2025-12-09,KOSDAQ,5795.0,6014.0,5733.0,6020.0,0.03779119930974972,-0.010698878343399443,0.03882657463330452,
292213,20251211800767,00400857,에이블씨엔씨,078520,매매거래정지및정지해제(중요내용공시),2025-12-11,KOSPI,9710.0,9130.0,11200.0,11520.0,-0.05973223480947476,0.15345005149330593,0.18640576725025748,
290981,20251212901385,00403766,한국첨단소재,062970,주권매매거래정지              (무상증자),2025-12-12,KOSDAQ,1847.0,1698.0,1670.0,1481.0,-0.0806713589604765,-0.09583107742284791,-0.19815917704385488,
288334,20251216801369,00195229,미스토홀딩스,081660,매매거래정지및정지해제(중요내용공시),2025-12-16,KOSPI,43100.0,46050.0,44950.0,44200.0,0.06844547563805103,0.04292343387470998,0.025522041763341052,
287993,20251216801928,00124540,대우건설,047040,매매거래정지및정지해제(중요내용공시),2025-12-16,KOSPI,3710.0,3710.0,3685.0,3775.0,0.0,-0.006738544474393482,0.017520215633423097,
286914,20251218900170,01383229,저스템,417840,주권매매거래정지              (무상증자),2025-12-18,KOSDAQ,4468.0,4786.0,5179.0,5365.0,0.07117278424350948,0.15913160250671443,0.20076096687555944,
286446,20251218900793,01292291,파두,440110,주권매매거래정지              (상장심사 제출서류 중요사항 거짓 기재 관련 보도),2025-12-18,KOSDAQ,21250.0,21250.0,21250.0,21250.0,0.0,0.0,0.0,
285751,20251219900765,01292291,파두,440110,주권매매거래정지기간변경              (상장적격성 실질심사 대상(사유발생)),2025-12-19,KOSDAQ,21250.0,21250.0,21250.0,21250.0,0.0,0.0,0.0,
285726,20251219900832,01292291,파두,440110,[기재정정]주권매매거래정지기간변경              (상장적격성 실질심사 대상(사유발생)),2025-12-19,KOSDAQ,21250.0,21250.0,21250.0,21250.0,0.0,0.0,0.0,
263283,20260202902085,01292291,파두,440110,주권매매거래정지해제              (상장적격성 실질심사 대상 제외 결정),2026-02-02,KOSDAQ,21250.0,27600.0,35850.0,49100.0,0.2988235294117647,0.6870588235294117,1.3105882352941176,
286118,20251219800310,00135962,신라교역,004970,매매거래정지및정지해제(중요내용공시),2025-12-19,KOSPI,9430.0,9420.0,9380.0,9190.0,-0.0010604453870625141,-0.005302226935312793,-0.02545068928950156,
284823,20251223900087,01147487,뷰티스킨,406820,주권매매거래정지              (무상증자),2025-12-23,KOSDAQ,4830.0,4492.0,4777.0,4697.0,-0.06997929606625264,-0.01097308488612836,-0.02753623188405796,
278275,20260105900567,00620558,에이비프로바이오,195990,주권매매거래정지              (자본감소),2026-01-05,KOSDAQ,2320.0,1738.0,1841.0,1764.0,-0.2508620689655172,-0.2064655172413793,-0.23965517241379308,
253297,20260212901397,00620558,에이비프로바이오,195990,"주권매매거래정지              (주식의 병합, 분할 등 전자등록 변경, 말소)",2026-02-12,KOSDAQ,1481.0,1293.0,1199.0,1199.0,-0.12694125590817018,-0.19041188386225527,-0.19041188386225527,
103308,20260309901484,00620558,에이비프로바이오,195990,주권매매거래정지해제              (감자 주권 변경상장),2026-03-09,KOSDAQ,1199.0,1199.0,1199.0,1859.0,0.0,0.0,0.5504587155963303,
85755,20260323900880,00620558,에이비프로바이오,195990,주권매매거래정지              (관리종목지정사유발생),2026-03-23,KOSDAQ,1814.0,1597.0,1479.0,1410.0,-0.11962513781697903,-0.18467475192943772,-0.22271223814773977,
274658,20260112900564,00128607,삼천리자전거,024950,주권매매거래정지              (상장적격성 실질심사 대상 (사유발생)),2026-01-12,KOSDAQ,4425.0,4425.0,4425.0,4425.0,0.0,0.0,0.0,
243118,20260226901510,00128607,삼천리자전거,024950,주권매매거래정지기간변경              (상장적격성 실질심사 대상 결정),2026-02-26,KOSDAQ,4425.0,4425.0,4425.0,4425.0,0.0,0.0,0.0,
26264,20260417900885,00128607,삼천리자전거,024950,주권매매거래정지해제              (상장유지 결정),2026-04-17,KOSDAQ,4425.0,5750.0,6740.0,5460.0,0.2994350282485876,0.5231638418079096,0.23389830508474585,
273263,20260114800121,00160588,한화,000880,매매거래정지및정지해제(중요내용공시),2026-01-14,KOSPI,128500.0,136500.0,124600.0,119500.0,0.0622568093385214,-0.030350194552529186,-0.07003891050583655,
273236,20260114900160,00404288,아진엑스텍,059120,주권매매거래정지              (무상증자),2026-01-14,KOSDAQ,7204.0,8064.0,7934.0,8379.0,0.11937812326485275,0.10133259300388664,0.16310383120488625,
272170,20260116900563,00544577,브이엠,089970,주권매매거래정지              (단일판매공급계약),2026-01-16,KOSDAQ,26700.0,28650.0,26500.0,24650.0,0.0730337078651686,-0.0074906367041198685,-0.07677902621722843,
83196,20260324901417,00544577,브이엠,089970,주권매매거래정지              (단일판매공급계약),2026-03-24,KOSDAQ,46950.0,47750.0,45300.0,38750.0,0.017039403620873195,-0.03514376996805113,-0.17465388711395102,
268946,20260126900248,01497142,엠아이큐브솔루션,373170,주권매매거래정지              (무상증자),2026-01-26,KOSDAQ,3442.0,3649.0,4069.0,3999.0,0.06013945380592678,0.1821615339918652,0.16182452062754216,
267932,20260127900582,01130849,파라택시스이더리움,290560,"주권매매거래정지              (주식의 병합, 분할 등 전자등록 변경, 말소)",2026-01-27,KOSDAQ,1720.0,1766.0,1680.0,1680.0,0.02674418604651163,-0.023255813953488413,-0.023255813953488413,
248850,20260220901157,01130849,파라택시스이더리움,290560,주권매매거래정지해제              (액면분할 주권 변경상장),2026-02-20,KOSDAQ,1680.0,1451.0,1370.0,1943.0,-0.13630952380952377,-0.18452380952380953,0.15654761904761916,
262491,20260204900332,00863533,삼양엔씨켐,482630,주권매매거래정지              (무상증자),2026-02-04,KOSDAQ,17600.0,18825.0,19750.0,20200.0,0.06960227272727271,0.12215909090909083,0.1477272727272727,
255968,20260211800405,00412597,현대홈쇼핑,057050,매매거래정지및정지해제(중요내용공시),2026-02-11,KOSPI,72400.0,77500.0,79300.0,84000.0,0.07044198895027631,0.09530386740331487,0.16022099447513805,
254702,20260212800129,01210677,씨케이솔루션,480370,매매거래정지및정지해제(중요내용공시),2026-02-12,KOSPI,4009.0,3864.0,3911.0,3745.0,-0.03616862060364179,-0.024444998752806146,-0.06585183337490641,
253404,20260212901316,01814589,디비금융스팩12호,477760,주권매매거래정지              (SPAC 합병(예비심사청구대상)),2026-02-12,KOSDAQ,2030.0,2030.0,2030.0,2030.0,0.0,0.0,0.0,
2249,20260526900733,01814589,디비금융스팩12호,477760,주권매매거래정지해제              (합병결정 철회),2026-05-26,KOSDAQ,2030.0,2030.0,2035.0,2050.0,0.0,0.0024630541871921707,0.009852216748768461,
250841,20260213901503,01160512,헝셩그룹,900270,"주권매매거래정지              (주식의 병합, 분할 등 전자등록 변경, 말소)",2026-02-13,KOSDAQ,1451.0,1370.0,1381.0,1381.0,-0.05582356995175741,-0.04824259131633357,-0.04824259131633357,
88263,20260319902133,01160512,헝셩그룹,900270,주권매매거래정지해제              (주식병합(무액면주식) 주권 변경상장),2026-03-19,KOSDAQ,1381.0,1330.0,1213.0,1127.0,-0.03692976104272272,-0.12165097755249821,-0.18392469225199126,
249177,20260220900750,01593668,센서뷰,321370,주권매매거래정지              (자본감소),2026-02-20,KOSDAQ,2705.0,2282.0,2586.0,2190.0,-0.15637707948243995,-0.043992606284658065,-0.19038817005545283,
49793,20260406900835,01593668,센서뷰,321370,"주권매매거래정지              (주식의 병합, 분할 등 전자등록 변경, 말소)",2026-04-06,KOSDAQ,3153.0,2844.0,3030.0,3030.0,-0.09800190294957178,-0.039010466222645146,-0.039010466222645146,
20487,20260428900866,01593668,센서뷰,321370,주권매매거래정지해제              (감자 주권 변경상장),2026-04-28,KOSDAQ,3030.0,3030.0,3030.0,3185.0,0.0,0.0,0.05115511551155105,
248541,20260223800335,00141477,영흥,012160,매매거래정지및정지해제(중요내용공시),2026-02-23,KOSPI,725.0,658.0,709.0,582.0,-0.09241379310344833,-0.022068965517241357,-0.1972413793103448,
248449,20260223900475,01663116,에어레인,163280,주권매매거래정지              (무상증자),2026-02-23,KOSDAQ,6610.0,7630.0,7640.0,6825.0,0.1543116490166414,0.15582450832072614,0.03252647503782158,
248431,20260223900512,01663116,에어레인,163280,[기재정정]주권매매거래정지              (무상증자),2026-02-23,KOSDAQ,6610.0,7630.0,7640.0,6825.0,0.1543116490166414,0.15582450832072614,0.03252647503782158,
109849,20260227902192,00124805,푸른저축은행,007330,주권매매거래정지              (상장적격성 실질심사 대상(사유발생))),2026-02-27,KOSDAQ,10950.0,10950.0,10950.0,10950.0,0.0,0.0,0.0,
31423,20260413900998,00124805,푸른저축은행,007330,주권매매거래정지해제              (상장적격성 실질심사 대상 제외 결정),2026-04-13,KOSDAQ,10950.0,10320.0,10490.0,10640.0,-0.05753424657534245,-0.0420091324200913,-0.028310502283105055,
109379,20260303800285,00148461,제일연마,001560,매매거래정지및정지해제(중요내용공시),2026-03-03,KOSPI,10530.0,11000.0,10800.0,10470.0,0.04463437796771119,0.02564102564102555,-0.005698005698005715,
107981,20260304801011,00526599,덴티움,145720,매매거래정지및정지해제(중요내용공시),2026-03-04,KOSPI,44100.0,50400.0,50200.0,54700.0,0.1428571428571428,0.1383219954648527,0.2403628117913832,
107614,20260304801444,00112332,미래에셋생명,085620,매매거래정지및정지해제(중요내용공시),2026-03-04,KOSPI,10440.0,13570.0,14570.0,15560.0,0.2998084291187739,0.39559386973180066,0.49042145593869724,
79259,20260326802725,00112332,미래에셋생명,085620,매매거래정지및정지해제(중요내용공시),2026-03-26,KOSPI,17230.0,17910.0,17020.0,16820.0,0.03946604759141037,-0.012188044109112006,-0.023795705165409187,
108117,20260304900865,00201733,TJ미디어,032540,주권매매거래정지              (무상증자),2026-03-04,KOSDAQ,4208.0,4195.0,4295.0,4168.0,-0.0030893536121673337,0.020674904942965755,-0.009505703422053258,
106490,20260305801230,00128555,삼천리,004690,매매거래정지및정지해제(중요내용공시),2026-03-05,KOSPI,136200.0,137900.0,131900.0,140700.0,0.012481644640234935,-0.03157121879588842,0.033039647577092435,
105996,20260305901908,00111218,KD,044180,주권매매거래정지              (회생절차개시신청),2026-03-05,KOSDAQ,309.0,309.0,309.0,309.0,0.0,0.0,0.0,
89954,20260318902516,00111218,KD,044180,주권매매거래정지해제              (회생절차개시결정),2026-03-18,KOSDAQ,309.0,263.0,266.0,205.0,-0.1488673139158576,-0.13915857605177995,-0.3365695792880259,
84357,20260323902688,00111218,KD,044180,주권매매거래정지              (상장폐지 사유발생),2026-03-23,KOSDAQ,205.0,205.0,205.0,205.0,0.0,0.0,0.0,
31420,20260413901014,00111218,KD,044180,주권매매거래정지기간변경              (개선기간 부여),2026-04-13,KOSDAQ,205.0,205.0,205.0,205.0,0.0,0.0,0.0,
105120,20260306800954,00791209,메타케어,118000,매매거래정지및정지해제(중요내용공시),2026-03-06,KOSPI,3090.0,2570.0,2430.0,2340.0,-0.16828478964401294,-0.21359223300970875,-0.24271844660194175,
104865,20260306801318,00105606,금호에이치티,214330,매매거래정지및정지해제(중요내용공시),2026-03-06,KOSPI,4800.0,4470.0,4390.0,4440.0,-0.06874999999999998,-0.0854166666666667,-0.07499999999999996,
104629,20260306901598,00372688,티사이언티픽,057680,주권매매거래정지              (자본감소),2026-03-06,KOSDAQ,3465.0,3337.0,3321.0,3427.0,-0.03694083694083694,-0.04155844155844157,-0.010966810966810958,
45584,20260407900975,00372688,티사이언티픽,057680,"주권매매거래정지              (주식의 병합, 분할 등 전자등록 변경, 말소)",2026-04-07,KOSDAQ,3076.0,3124.0,3300.0,3300.0,0.015604681404421283,0.07282184655396629,0.07282184655396629,
21256,20260427901120,00372688,티사이언티픽,057680,주권매매거래정지해제              (감자 주권 변경상장),2026-04-27,KOSDAQ,3300.0,3300.0,3300.0,2560.0,0.0,0.0,-0.22424242424242424,
104553,20260306901767,01549472,대진첨단소재,393970,주권매매거래정지              (상장적격성 실질심사 대상 (사유발생)),2026-03-06,KOSDAQ,2825.0,2825.0,2825.0,2825.0,0.0,0.0,0.0,
45520,20260407901240,01549472,대진첨단소재,393970,주권매매거래정지기간변경              (상장폐지 사유 발생),2026-04-07,KOSDAQ,2825.0,2825.0,2825.0,2825.0,0.0,0.0,0.0,
26284,20260417900847,01549472,대진첨단소재,393970,주권매매거래정지기간변경              (상장적격성 실질심사 대상 결정),2026-04-17,KOSDAQ,2825.0,2825.0,2825.0,2825.0,0.0,0.0,0.0,
20592,20260428900664,01549472,대진첨단소재,393970,주권매매거래정지기간변경              (개선기간 부여),2026-04-28,KOSDAQ,2825.0,2825.0,2825.0,2825.0,0.0,0.0,0.0,
119873,20260610901026,01549472,대진첨단소재,393970,주권매매거래정지기간변경              (상장폐지 사유 발생),2026-06-10,KOSDAQ,2825.0,2825.0,2825.0,2825.0,0.0,0.0,0.0,
103505,20260309901332,00480048,모다이노칩,080420,주권매매거래정지              (합병),2026-03-09,KOSDAQ,1885.0,2200.0,2135.0,2115.0,0.1671087533156499,0.13262599469496017,0.12201591511936338,
102114,20260310801519,00181712,SK,034730,매매거래정지및정지해제(중요내용공시),2026-03-10,KOSPI,351000.0,359500.0,336000.0,340000.0,0.024216524216524205,-0.042735042735042694,-0.031339031339031376,
103223,20260310900148,01514227,씨어스,458870,주권매매거래정지              (무상증자),2026-03-10,KOSDAQ,47992.0,49293.0,53529.0,55496.0,0.027108684780796866,0.11537339556592774,0.15635939323220538,
99895,20260311902101,00105040,뉴인텍,012340,주권매매거래정지              (자본감소),2026-03-11,KOSDAQ,2643.0,1851.0,1702.0,1663.0,-0.2996594778660613,-0.3560348089292471,-0.37079076806659095,
49431,20260406901043,00105040,뉴인텍,012340,"주권매매거래정지              (주식의 병합, 분할 등 전자등록 변경, 말소)",2026-04-06,KOSDAQ,1441.0,1408.0,1384.0,1384.0,-0.022900763358778664,-0.039555863983344874,-0.039555863983344874,
19026,20260429901244,00105040,뉴인텍,012340,주권매매거래정지해제              (감자 주권 변경상장),2026-04-29,KOSDAQ,1384.0,1384.0,1384.0,1239.0,0.0,0.0,-0.10476878612716767,
95688,20260313801831,00107677,비비안,002070,매매거래정지및정지해제(중요내용공시),2026-03-13,KOSPI,492.0,375.0,385.0,362.0,-0.23780487804878048,-0.217479674796748,-0.2642276422764228,
95844,20260313901649,00303192,디에이피,066900,주권매매거래정지              (관리종목지정우려),2026-03-13,KOSDAQ,1791.0,1601.0,1666.0,1637.0,-0.10608598548297044,-0.06979341150195417,-0.08598548297040765,
95567,20260313902030,00258360,위지트,036090,주권매매거래정지              (자본감소),2026-03-13,KOSDAQ,1862.0,1611.0,1683.0,1741.0,-0.13480128893662724,-0.09613319011815258,-0.06498388829215895,
22316,20260424900811,00258360,위지트,036090,"주권매매거래정지              (주식의 병합, 분할 등 전자등록 변경, 말소)",2026-04-24,KOSDAQ,2122.0,2075.0,2050.0,2050.0,-0.022148916116870865,-0.03393025447690856,-0.03393025447690856,
5505,20260518900852,00258360,위지트,036090,주권매매거래정지해제              (감자 주권 변경상장),2026-05-18,KOSDAQ,2050.0,2050.0,2050.0,1682.0,0.0,0.0,-0.17951219512195127,
95291,20260316800025,00134565,이스타코,015020,매매거래정지및정지해제(풍문등조회공시),2026-03-16,KOSPI,928.0,928.0,928.0,928.0,0.0,0.0,0.0,
93905,20260316801787,00103662,광명전기,017040,매매거래정지및정지해제(중요내용공시),2026-03-16,KOSPI,1443.0,1145.0,1153.0,1143.0,-0.2065142065142065,-0.20097020097020102,-0.2079002079002079,
46876,20260407800520,00103662,광명전기,017040,매매거래정지및정지해제(풍문등조회공시),2026-04-07,KOSPI,932.0,932.0,932.0,932.0,0.0,0.0,0.0,
92983,20260317900010,00641393,엔시트론,101400,주권매매거래정지              (자본감소),2026-03-17,KOSDAQ,2463.0,2724.0,2622.0,2628.0,0.10596833130328864,0.06455542021924487,0.06699147381242376,
42620,20260408900985,00641393,엔시트론,101400,"주권매매거래정지              (주식의 병합, 분할 등 전자등록 변경, 말소)",2026-04-08,KOSDAQ,2596.0,2456.0,2495.0,2495.0,-0.05392912172573194,-0.03890600924499232,-0.03890600924499232,
12124,20260512900761,00641393,엔시트론,101400,주권매매거래정지해제              (감자 및 액면병합 주권 변경상장),2026-05-12,KOSDAQ,2495.0,2495.0,2495.0,1981.0,0.0,0.0,-0.20601202404809615,
85819,20260323800757,00104999,윌비스,008600,매매거래정지및정지해제(풍문등조회공시),2026-03-23,KOSPI,2620.0,2620.0,2620.0,2620.0,0.0,0.0,0.0,
85377,20260323801371,00119140,핸즈코퍼레이션,143210,매매거래정지및정지해제(풍문등조회공시),2026-03-23,KOSPI,1199.0,1199.0,1199.0,1199.0,0.0,0.0,0.0,
85206,20260323801642,00119140,핸즈코퍼레이션,143210,[기재정정]매매거래정지및정지해제(풍문등조회공시),2026-03-23,KOSPI,1199.0,1199.0,1199.0,1199.0,0.0,0.0,0.0,
84970,20260323801944,00119140,핸즈코퍼레이션,143210,[기재정정]매매거래정지및정지해제(풍문등조회공시),2026-03-23,KOSPI,1199.0,1199.0,1199.0,1199.0,0.0,0.0,0.0,
84664,20260323802265,00428729,대호에이엘,069460,매매거래정지및정지해제(풍문등조회공시),2026-03-23,KOSPI,2660.0,2660.0,2660.0,2660.0,0.0,0.0,0.0,
85171,20260323901658,01506990,옵티코어,380540,주권매매거래정지              (풍문 또는 보도 관련),2026-03-23,KOSDAQ,8450.0,8450.0,8450.0,8450.0,0.0,0.0,0.0,
84351,20260323902705,01506990,옵티코어,380540,주권매매거래정지기간변경              (상장폐지 사유 발생),2026-03-23,KOSDAQ,8450.0,8450.0,8450.0,8450.0,0.0,0.0,0.0,
35056,20260410900918,01506990,옵티코어,380540,주권매매거래정지기간변경              (개선기간 부여),2026-04-10,KOSDAQ,8450.0,8450.0,8450.0,8450.0,0.0,0.0,0.0,
20721,20260428900565,01506990,옵티코어,380540,"주권매매거래정지기간변경              (주식의 병합, 분할 등 전자등록 변경, 말소)",2026-04-28,KOSDAQ,8450.0,8450.0,8450.0,8450.0,0.0,0.0,0.0,
4111,20260521900520,01506990,옵티코어,380540,주권매매거래정지기간변경              (액면병합 주권 변경상장),2026-05-21,KOSDAQ,8450.0,8450.0,8450.0,8450.0,0.0,0.0,0.0,
85038,20260323901892,00148531,제이스코홀딩스,023440,주권매매거래정지              (풍문 또는 보도 관련),2026-03-23,KOSDAQ,521.0,521.0,521.0,521.0,0.0,0.0,0.0,
84322,20260323902737,00148531,제이스코홀딩스,023440,주권매매거래정지기간변경              (상장폐지 사유 발생),2026-03-23,KOSDAQ,521.0,521.0,521.0,521.0,0.0,0.0,0.0,
38686,20260409901207,00148531,제이스코홀딩스,023440,주권매매거래정지기간변경              (개선기간 부여),2026-04-09,KOSDAQ,521.0,521.0,521.0,521.0,0.0,0.0,0.0,
83059,20260324801539,00209780,케이씨,029460,매매거래정지및정지해제(중요내용공시),2026-03-24,KOSPI,31050.0,33900.0,32100.0,30000.0,0.09178743961352653,0.033816425120772875,-0.033816425120772986,
84006,20260324900350,01157235,아스타,246720,주권매매거래정지              (풍문 또는 보도 관련),2026-03-24,KOSDAQ,6070.0,6070.0,6070.0,6070.0,0.0,0.0,0.0,
82940,20260324901767,01157235,아스타,246720,주권매매거래정지기간변경              (상장폐지 사유 발생),2026-03-24,KOSDAQ,6070.0,6070.0,6070.0,6070.0,0.0,0.0,0.0,
31433,20260413900934,01157235,아스타,246720,주권매매거래정지기간변경              (개선기간 부여),2026-04-13,KOSDAQ,6070.0,6070.0,6070.0,6070.0,0.0,0.0,0.0,
81896,20260325900920,00136101,메이슨캐피탈,021880,주권매매거래정지              (자본감소),2026-03-25,KOSDAQ,207.0,200.0,211.0,209.0,-0.033816425120772986,0.019323671497584627,0.009661835748792313,
123715,20260602900467,00136101,메이슨캐피탈,021880,"주권매매거래정지              (주식의 병합, 분할 등 전자등록 변경, 말소)",2026-06-02,KOSDAQ,154.0,136.0,136.0,136.0,-0.11688311688311692,-0.11688311688311692,-0.11688311688311692,
79390,20260326902560,00191287,대동금속,020400,주권매매거래정지              (무상증자),2026-03-26,KOSDAQ,3613.0,4694.0,6100.0,4834.0,0.29919734292831435,0.6883476335455301,0.33794630500968714,
76971,20260327901810,00104810,소노스퀘어,007720,주권매매거래정지              (자본감소),2026-03-27,KOSDAQ,505.0,408.0,411.0,388.0,-0.19207920792079203,-0.1861386138613862,-0.23168316831683167,
118295,20260612900788,00104810,소노스퀘어,007720,"주권매매거래정지              (주식의 병합, 분할 등 전자등록 변경, 말소)",2026-06-12,KOSDAQ,298.0,314.0,299.0,299.0,0.05369127516778516,0.003355704697986628,0.003355704697986628,
58378,20260402900999,00369213,폴라리스AI,039980,"주권매매거래정지              (주식의 병합, 분할 등 전자등록 변경, 말소)",2026-04-02,KOSDAQ,7435.0,7269.0,7410.0,7410.0,-0.022326832548755893,-0.00336247478143914,-0.00336247478143914,
20565,20260428900685,00369213,폴라리스AI,039980,주권매매거래정지해제              (액면병합 주권 변경상장),2026-04-28,KOSDAQ,7410.0,9630.0,9300.0,7950.0,0.2995951417004048,0.25506072874493935,0.07287449392712553,
58100,20260402901097,00188973,화일약품,061250,"주권매매거래정지              (주식의 병합, 분할 등 전자등록 변경, 말소)",2026-04-02,KOSDAQ,9700.0,9640.0,9430.0,9430.0,-0.006185567010309256,-0.027835051546391765,-0.027835051546391765,
17324,20260430901296,00188973,화일약품,061250,주권매매거래정지해제              (액면병합 주권 변경상장),2026-04-30,KOSDAQ,9430.0,9030.0,8280.0,8250.0,-0.042417815482502674,-0.12195121951219512,-0.12513255567338277,
57943,20260403900002,00914341,아이티켐,309710,주권매매거래정지              (풍문 또는 보도 관련),2026-04-03,KOSDAQ,21000.0,21000.0,21000.0,21000.0,0.0,0.0,0.0,
49251,20260406901137,00914341,아이티켐,309710,주권매매거래정지기간변경              (상장폐지 사유 발생),2026-04-06,KOSDAQ,21000.0,21000.0,21000.0,21000.0,0.0,0.0,0.0,
22149,20260424901039,00914341,아이티켐,309710,주권매매거래정지기간변경              (개선기간 부여),2026-04-24,KOSDAQ,21000.0,21000.0,21000.0,21000.0,0.0,0.0,0.0,
55286,20260403900968,01029394,에코마케팅,230360,"주권매매거래정지              (주식교환, 이전)",2026-04-03,KOSDAQ,16000.0,16040.0,16000.0,16000.0,0.0024999999999999467,0.0,0.0,
121288,20260608900933,01029394,에코마케팅,230360,"주권매매거래정지              (주식의 병합, 분할 등 전자등록 변경, 말소)",2026-06-08,KOSDAQ,16010.0,16000.0,16000.0,16000.0,-0.0006246096189881367,-0.0006246096189881367,-0.0006246096189881367,
54332,20260403901337,00252269,아이에이,038880,"주권매매거래정지              (주식의 병합, 분할 등 전자등록 변경, 말소)",2026-04-03,KOSDAQ,1330.0,1320.0,1350.0,1350.0,-0.007518796992481258,0.015037593984962516,0.015037593984962516,
22282,20260424900799,00252269,아이에이,038880,주권매매거래정지해제              (액면병합 주권 변경상장),2026-04-24,KOSDAQ,1350.0,1231.0,1134.0,1018.0,-0.0881481481481482,-0.16000000000000003,-0.24592592592592588,
121890,20260605900878,00252269,아이에이,038880,"주권매매거래정지              (주식의 병합, 분할 등 전자등록 변경, 말소)",2026-06-05,KOSDAQ,764.0,650.0,670.0,670.0,-0.1492146596858639,-0.12303664921465973,-0.12303664921465973,
113804,20260623900612,00252269,아이에이,038880,주권매매거래정지해제              (감자 주권 변경상장),2026-06-23,KOSDAQ,670.0,670.0,670.0,,0.0,0.0,,
54329,20260403901344,00364254,알티캐스트,085810,"주권매매거래정지              (주식의 병합, 분할 등 전자등록 변경, 말소)",2026-04-03,KOSDAQ,2605.0,2470.0,2570.0,2570.0,-0.051823416506717845,-0.013435700575815779,-0.013435700575815779,
22276,20260424900782,00364254,알티캐스트,085810,주권매매거래정지해제              (감자 주권 변경상장),2026-04-24,KOSDAQ,2570.0,2570.0,2570.0,2325.0,0.0,0.0,-0.09533073929961089,
54238,20260403901407,00138303,아이티센엔텍,010280,"주권매매거래정지              (주식의 병합, 분할 등 전자등록 변경, 말소)",2026-04-03,KOSDAQ,5469.0,6045.0,5730.0,5730.0,0.10532089961601754,0.047723532638507926,0.047723532638507926,
19250,20260429900923,00138303,아이티센엔텍,010280,주권매매거래정지해제              (액면병합 주권 변경상장),2026-04-29,KOSDAQ,5730.0,5940.0,5870.0,6390.0,0.03664921465968596,0.024432809773123898,0.11518324607329844,
54178,20260403901429,01453670,휴럼,353190,"주권매매거래정지              (주식의 병합, 분할 등 전자등록 변경, 말소)",2026-04-03,KOSDAQ,3150.0,3175.0,3200.0,3200.0,0.007936507936507908,0.015873015873015817,0.015873015873015817,
17570,20260430901131,01453670,휴럼,353190,주권매매거래정지해제              (액면병합 주권 변경상장),2026-04-30,KOSDAQ,3200.0,3280.0,3355.0,3120.0,0.02499999999999991,0.04843749999999991,-0.025000000000000022,
49645,20260406900940,00787057,휴맥스,115160,"주권매매거래정지              (주식의 병합, 분할 등 전자등록 변경, 말소)",2026-04-06,KOSDAQ,6980.0,6880.0,7210.0,7210.0,-0.014326647564469885,0.03295128939828085,0.03295128939828085,
19235,20260429900817,00787057,휴맥스,115160,주권매매거래정지해제              (액면병합 주권 변경상장),2026-04-29,KOSDAQ,7210.0,9370.0,8760.0,7210.0,0.29958391123439676,0.21497919556171974,0.0,
49642,20260406900942,00219440,휴맥스홀딩스,028080,"주권매매거래정지              (주식의 병합, 분할 등 전자등록 변경, 말소)",2026-04-06,KOSDAQ,7329.0,7329.0,7520.0,7520.0,0.0,0.02606085414108339,0.02606085414108339,
19232,20260429900819,00219440,휴맥스홀딩스,028080,주권매매거래정지해제              (액면병합 주권 변경상장),2026-04-29,KOSDAQ,7520.0,9770.0,10010.0,8100.0,0.29920212765957444,0.3311170212765957,0.0771276595744681,
47824,20260407900325,01290248,스코넥,276040,주권매매거래정지              (풍문 또는 보도 관련),2026-04-07,KOSDAQ,327.0,327.0,327.0,327.0,0.0,0.0,0.0,
45549,20260407901164,01290248,스코넥,276040,주권매매거래정지기간변경              (상장폐지 사유 발생),2026-04-07,KOSDAQ,327.0,327.0,327.0,327.0,0.0,0.0,0.0,
24958,20260421900689,01290248,스코넥,276040,주권매매거래정지기간변경              (개선기간 부여),2026-04-21,KOSDAQ,327.0,327.0,327.0,327.0,0.0,0.0,0.0,
12669,20260511900993,01290248,스코넥,276040,주권매매거래정지기간변경              (파산신청),2026-05-11,KOSDAQ,327.0,327.0,327.0,327.0,0.0,0.0,0.0,
46378,20260407900693,00264228,위즈코프,038620,"주권매매거래정지              (주식의 병합, 분할 등 전자등록 변경, 말소)",2026-04-07,KOSDAQ,2360.0,2410.0,2515.0,2515.0,0.021186440677966045,0.06567796610169485,0.06567796610169485,
15524,20260506900769,00264228,위즈코프,038620,주권매매거래정지해제              (액면병합 주권 변경상장),2026-05-06,KOSDAQ,2515.0,2425.0,2265.0,2005.0,-0.035785288270377746,-0.09940357852882709,-0.2027833001988072,
46349,20260407900720,00491415,인포바인,115310,"주권매매거래정지              (주식의 병합, 분할 등 전자등록 변경, 말소)",2026-04-07,KOSDAQ,13000.0,13720.0,13780.0,13780.0,0.055384615384615365,0.06000000000000005,0.06000000000000005,
21610,20260427900601,00491415,인포바인,115310,주권매매거래정지해제              (액면분할 주권 변경상장),2026-04-27,KOSDAQ,13780.0,13760.0,12720.0,12620.0,-0.0014513788098693414,-0.07692307692307687,-0.0841799709724238,
45654,20260407901019,00482426,인화정공,101930,"주권매매거래정지              (주식의 병합, 분할 등 전자등록 변경, 말소)",2026-04-07,KOSDAQ,9650.0,10020.0,10400.0,10400.0,0.0383419689119171,0.07772020725388606,0.07772020725388606,
19279,20260429900892,00482426,인화정공,101930,주권매매거래정지해제              (액면분할 주권 변경상장),2026-04-29,KOSDAQ,10400.0,13520.0,15140.0,14130.0,0.30000000000000004,0.4557692307692307,0.3586538461538462,
42324,20260408901074,00350020,파인디앤씨,049120,"주권매매거래정지              (주식의 병합, 분할 등 전자등록 변경, 말소)",2026-04-08,KOSDAQ,4000.0,3720.0,3400.0,3400.0,-0.06999999999999995,-0.15000000000000002,-0.15000000000000002,
16084,20260504900692,00350020,파인디앤씨,049120,주권매매거래정지해제              (액면병합 주권 변경상장),2026-05-04,KOSDAQ,3400.0,4420.0,3490.0,2970.0,0.30000000000000004,0.026470588235294024,-0.1264705882352941,
42110,20260408901087,00573269,에스코넥,096630,"주권매매거래정지              (주식의 병합, 분할 등 전자등록 변경, 말소)",2026-04-08,KOSDAQ,3885.0,3785.0,4065.0,4065.0,-0.025740025740025763,0.04633204633204624,0.04633204633204624,
16175,20260504900554,00573269,에스코넥,096630,주권매매거래정지해제              (액면병합 주권 변경상장),2026-05-04,KOSDAQ,4065.0,4585.0,3860.0,3470.0,0.12792127921279217,-0.050430504305043033,-0.14637146371463716,
42115,20260408901211,00259590,바른손이앤에이,035620,"주권매매거래정지              (주식의 병합, 분할 등 전자등록 변경, 말소)",2026-04-08,KOSDAQ,1074.0,1027.0,1053.0,1053.0,-0.043761638733705754,-0.019553072625698276,-0.019553072625698276,
19032,20260429901208,00259590,바른손이앤에이,035620,주권매매거래정지해제              (감자 주권 변경상장),2026-04-29,KOSDAQ,1053.0,1053.0,1053.0,942.0,0.0,0.0,-0.10541310541310545,
39781,20260409900772,00241209,모아텍,033200,주권매매거래정지              (이익소각),2026-04-09,KOSDAQ,3455.0,4490.0,4185.0,3970.0,0.29956584659913177,0.211287988422576,0.14905933429811857,
39027,20260409900871,00308559,코디,080530,"주권매매거래정지              (주식의 병합, 분할 등 전자등록 변경, 말소)",2026-04-09,KOSDAQ,3915.0,3945.0,4075.0,4075.0,0.00766283524904221,0.040868454661558085,0.040868454661558085,
7950,20260515901491,00308559,코디,080530,주권매매거래정지해제              (액면병합 주권 변경상장),2026-05-15,KOSDAQ,4075.0,3200.0,3240.0,3160.0,-0.21472392638036808,-0.20490797546012274,-0.22453987730061353,
39532,20260409900874,01498576,유디엠텍,389680,"주권매매거래정지              (주식의 병합, 분할 등 전자등록 변경, 말소)",2026-04-09,KOSDAQ,2630.0,2665.0,2745.0,2745.0,0.013307984790874583,0.04372623574144496,0.04372623574144496,
12917,20260511900609,01498576,유디엠텍,389680,주권매매거래정지해제              (액면병합 주권 변경상장),2026-05-11,KOSDAQ,2745.0,3565.0,4630.0,2800.0,0.29872495446265934,0.6867030965391621,0.020036429872495543,
38874,20260409901103,01318933,지니틱스,303030,"주권매매거래정지              (주식의 병합, 분할 등 전자등록 변경, 말소)",2026-04-09,KOSDAQ,3635.0,3730.0,3740.0,3740.0,0.026134800550206227,0.028885832187070193,0.028885832187070193,
15380,20260506901022,01318933,지니틱스,303030,주권매매거래정지해제              (액면병합 주권 변경상장),2026-05-06,KOSDAQ,3740.0,3340.0,3200.0,2930.0,-0.106951871657754,-0.14438502673796794,-0.21657754010695185,
38789,20260409901117,01095704,케이엠제약,225430,"주권매매거래정지              (주식의 병합, 분할 등 전자등록 변경, 말소)",2026-04-09,KOSDAQ,2990.0,2755.0,2585.0,2585.0,-0.07859531772575246,-0.13545150501672243,-0.13545150501672243,
5521,20260518900831,01095704,케이엠제약,225430,주권매매거래정지해제              (액면병합 주권 변경상장),2026-05-18,KOSDAQ,2585.0,2335.0,3035.0,2690.0,-0.09671179883945846,0.17408123791102526,0.04061895551257244,
38787,20260409901119,00206686,케이피엠테크,042040,"주권매매거래정지              (주식의 병합, 분할 등 전자등록 변경, 말소)",2026-04-09,KOSDAQ,1390.0,1390.0,1470.0,1470.0,0.0,0.05755395683453246,0.05755395683453246,
19221,20260429900969,00206686,케이피엠테크,042040,주권매매거래정지해제              (액면병합 주권 변경상장),2026-04-29,KOSDAQ,1470.0,1227.0,1170.0,1081.0,-0.16530612244897958,-0.20408163265306123,-0.2646258503401361,
2369,20260526900591,00206686,케이피엠테크,042040,"주권매매거래정지              (주식의 병합, 분할 등 전자등록 변경, 말소)",2026-05-26,KOSDAQ,960.0,798.0,749.0,749.0,-0.16874999999999996,-0.21979166666666672,-0.21979166666666672,
113758,20260623900746,00206686,케이피엠테크,042040,주권매매거래정지해제              (감자 주권 변경상장),2026-06-23,KOSDAQ,749.0,749.0,749.0,,0.0,0.0,,
38722,20260409901167,00305570,코스리거글로벌,043710,"주권매매거래정지              (주식의 병합, 분할 등 전자등록 변경, 말소)",2026-04-09,KOSDAQ,4235.0,4335.0,4525.0,4525.0,0.023612750885478206,0.06847697756788662,0.06847697756788662,
15598,20260506900702,00305570,코스리거글로벌,043710,주권매매거래정지해제              (액면병합 주권 변경상장),2026-05-06,KOSDAQ,4525.0,4460.0,4300.0,4050.0,-0.01436464088397793,-0.04972375690607733,-0.10497237569060769,
35797,20260410900742,01359815,한울반도체,320000,"주권매매거래정지              (주식의 병합, 분할 등 전자등록 변경, 말소)",2026-04-10,KOSDAQ,8445.0,7670.0,7670.0,7670.0,-0.09177027827116635,-0.09177027827116635,-0.09177027827116635,
14763,20260507900678,01359815,한울반도체,320000,주권매매거래정지해제              (액면병합 주권 변경상장),2026-05-07,KOSDAQ,7670.0,9970.0,12960.0,13500.0,0.2998696219035202,0.6897001303780965,0.7601043024771839,
35681,20260410900779,01049422,썸에이지,208640,주권매매거래정지              (자본감소),2026-04-10,KOSDAQ,2258.0,1845.0,1875.0,1764.0,-0.18290522586359614,-0.1696191319751993,-0.21877767936226744,
122810,20260604900542,01049422,썸에이지,208640,"주권매매거래정지              (주식의 병합, 분할 등 전자등록 변경, 말소)",2026-06-04,KOSDAQ,1593.0,1381.0,1220.0,1220.0,-0.13308223477714998,-0.23414940364092907,-0.23414940364092907,
114340,20260622900692,01049422,썸에이지,208640,주권매매거래정지해제              (감자 주권 변경상장),2026-06-22,KOSDAQ,1220.0,1220.0,1220.0,,0.0,0.0,,
29033,20260414900692,01357765,큐라티스,348080,주권매매거래정지              (자본감소),2026-04-14,KOSDAQ,912.0,805.0,829.0,930.0,-0.11732456140350878,-0.0910087719298246,0.019736842105263053,
25133,20260421800468,00158112,한국수출포장공업,002200,매매거래정지및정지해제(중요내용공시),2026-04-21,KOSPI,2995.0,2930.0,2850.0,2830.0,-0.02170283806343909,-0.048414023372287174,-0.05509181969949917,
25113,20260421900456,00536286,윈팩,097800,"주권매매거래정지              (주식의 병합, 분할 등 전자등록 변경, 말소)",2026-04-21,KOSDAQ,2345.0,2295.0,2385.0,2385.0,-0.021321961620469065,0.017057569296375252,0.017057569296375252,
7957,20260515901541,00536286,윈팩,097800,주권매매거래정지해제              (액면병합 주권 변경상장),2026-05-15,KOSDAQ,2385.0,2160.0,1866.0,2300.0,-0.09433962264150941,-0.2176100628930817,-0.03563941299790352,
25085,20260421900475,01179608,포인트엔지니어링,256630,"주권매매거래정지              (주식의 병합, 분할 등 전자등록 변경, 말소)",2026-04-21,KOSDAQ,5664.0,5864.0,5880.0,5880.0,0.035310734463276816,0.03813559322033888,0.03813559322033888,
7053,20260515902413,01179608,포인트엔지니어링,256630,주권매매거래정지해제              (액면병합 주권 변경상장),2026-05-15,KOSDAQ,5880.0,4600.0,4270.0,4755.0,-0.217687074829932,-0.27380952380952384,-0.19132653061224492,
25097,20260421900478,00442905,디에스엠,104040,"주권매매거래정지              (주식의 병합, 분할 등 전자등록 변경, 말소)",2026-04-21,KOSDAQ,3450.0,3435.0,3385.0,3385.0,-0.004347826086956497,-0.018840579710144967,-0.018840579710144967,
7799,20260515901635,00442905,디에스엠,104040,주권매매거래정지해제              (액면병합 주권 변경상장),2026-05-15,KOSDAQ,3385.0,2955.0,2720.0,2770.0,-0.12703101920236337,-0.19645494830132937,-0.1816838995568686,
25050,20260421900550,00264714,SG&G,040610,"주권매매거래정지              (주식의 병합, 분할 등 전자등록 변경, 말소)",2026-04-21,KOSDAQ,4280.0,4220.0,4350.0,4350.0,-0.014018691588784993,0.016355140186915973,0.016355140186915973,
5606,20260518900712,00264714,SG&G,040610,주권매매거래정지해제              (액면병합 주권 변경상장),2026-05-18,KOSDAQ,4350.0,3810.0,3685.0,3725.0,-0.12413793103448278,-0.15287356321839085,-0.14367816091954022,
25000,20260421900617,00629212,딜리,131180,"주권매매거래정지              (주식의 병합, 분할 등 전자등록 변경, 말소)",2026-04-21,KOSDAQ,4670.0,4685.0,4705.0,4705.0,0.0032119914346895317,0.007494646680942241,0.007494646680942241,
6576,20260515902676,00629212,딜리,131180,주권매매거래정지해제              (액면병합 주권 변경상장),2026-05-15,KOSDAQ,4705.0,4640.0,4480.0,4575.0,-0.01381509032943673,-0.04782146652497343,-0.02763018065887357,
24961,20260421900660,00681249,씨유메디칼,115480,"주권매매거래정지              (주식의 병합, 분할 등 전자등록 변경, 말소)",2026-04-21,KOSDAQ,2735.0,2690.0,2740.0,2740.0,-0.01645338208409508,0.001828153564899404,0.001828153564899404,
5159,20260519900517,00681249,씨유메디칼,115480,주권매매거래정지해제              (액면병합 주권 변경상장),2026-05-19,KOSDAQ,2740.0,2230.0,2180.0,2170.0,-0.18613138686131392,-0.2043795620437956,-0.208029197080292,
24370,20260422800501,00109514,티웨이홀딩스,004870,매매거래정지및정지해제(중요내용공시),2026-04-22,KOSPI,305.0,266.0,281.0,284.0,-0.12786885245901636,-0.07868852459016396,-0.06885245901639347,
24451,20260422900411,00109310,대동기어,008830,주권매매거래정지              (무상증자),2026-04-22,KOSDAQ,18049.0,16450.0,16871.0,17291.0,-0.08859216577095685,-0.06526677378248102,-0.04199678652556926,
24444,20260422900417,00129615,상보,027580,"주권매매거래정지              (주식의 병합, 분할 등 전자등록 변경, 말소)",2026-04-22,KOSDAQ,3255.0,2970.0,2990.0,2990.0,-0.0875576036866359,-0.08141321044546856,-0.08141321044546856,
5608,20260518900676,00129615,상보,027580,주권매매거래정지해제              (액면병합 주권 변경상장),2026-05-18,KOSDAQ,2990.0,2260.0,2020.0,2840.0,-0.2441471571906354,-0.32441471571906355,-0.050167224080267525,
24403,20260422900472,00156910,SBI인베스트먼트,019550,"주권매매거래정지              (주식의 병합, 분할 등 전자등록 변경, 말소)",2026-04-22,KOSDAQ,1236.0,1242.0,1276.0,1276.0,0.004854368932038833,0.032362459546925626,0.032362459546925626,
130225,20260528900595,00156910,SBI인베스트먼트,019550,주권매매거래정지해제              (액면병합 주권 변경상장),2026-05-28,KOSDAQ,1276.0,1136.0,1064.0,891.0,-0.10971786833855801,-0.16614420062695923,-0.3017241379310345,
24236,20260422900677,00203209,에쎈테크,043340,"주권매매거래정지              (주식의 병합, 분할 등 전자등록 변경, 말소)",2026-04-22,KOSDAQ,1074.0,1036.0,1098.0,1098.0,-0.035381750465549366,0.022346368715083775,0.022346368715083775,
5612,20260518900694,00203209,에쎈테크,043340,주권매매거래정지해제              (액면병합 주권 변경상장),2026-05-18,KOSDAQ,1098.0,1003.0,862.0,915.0,-0.0865209471766849,-0.21493624772313302,-0.16666666666666663,
24185,20260422900736,01584934,핑거스토리,417180,"주권매매거래정지              (주식의 병합, 분할 등 전자등록 변경, 말소)",2026-04-22,KOSDAQ,8070.0,7859.0,7900.0,7900.0,-0.02614622057001237,-0.02106567534076831,-0.02106567534076831,
5132,20260519900529,01584934,핑거스토리,417180,주권매매거래정지해제              (액면병합 주권 변경상장),2026-05-19,KOSDAQ,7900.0,6010.0,6060.0,5830.0,-0.23924050632911398,-0.2329113924050633,-0.26202531645569616,
24183,20260422900741,00392691,포니링크,064800,"주권매매거래정지              (주식의 병합, 분할 등 전자등록 변경, 말소)",2026-04-22,KOSDAQ,3345.0,3750.0,3995.0,3995.0,0.12107623318385641,0.1943198804185351,0.1943198804185351,
5524,20260518900826,00392691,포니링크,064800,주권매매거래정지해제              (액면병합 주권 변경상장),2026-05-18,KOSDAQ,3995.0,2900.0,2500.0,3125.0,-0.2740926157697121,-0.3742177722152691,-0.2177722152690864,
24188,20260422900745,00303703,CS,065770,"주권매매거래정지              (주식의 병합, 분할 등 전자등록 변경, 말소)",2026-04-22,KOSDAQ,3101.0,2991.0,3170.0,3170.0,-0.035472428248951915,0.022250886810706305,0.022250886810706305,
4752,20260520900454,00303703,CS,065770,주권매매거래정지해제              (액면병합 주권 변경상장),2026-05-20,KOSDAQ,3170.0,2700.0,2420.0,2165.0,-0.1482649842271293,-0.2365930599369085,-0.31703470031545744,
23418,20260423900724,00103547,우진비앤지,018620,"주권매매거래정지              (주식의 병합, 분할 등 전자등록 변경, 말소)",2026-04-23,KOSDAQ,2919.0,2969.0,3111.0,3111.0,0.01712915381980129,0.0657759506680371,0.0657759506680371,
4712,20260520900489,00103547,우진비앤지,018620,주권매매거래정지해제              (액면병합 주권 변경상장),2026-05-20,KOSDAQ,3111.0,2836.0,2752.0,2377.0,-0.08839601414336229,-0.1153969784635166,-0.2359369977499196,
129208,20260529900416,00103547,우진비앤지,018620,주권매매거래정지              (무상증자),2026-05-29,KOSDAQ,2310.0,2477.0,2552.0,2585.0,0.0722943722943723,0.10476190476190483,0.11904761904761907,
23326,20260423900788,00267942,큐캐피탈,016600,"주권매매거래정지              (주식의 병합, 분할 등 전자등록 변경, 말소)",2026-04-23,KOSDAQ,3758.0,3783.0,3695.0,3695.0,0.006652474720596047,-0.01676423629590207,-0.01676423629590207,
20677,20260428900577,00267942,큐캐피탈,016600,"주권매매거래정지기간변경              (주식의 병합, 분할 등 전자등록 변경, 말소)",2026-04-28,KOSDAQ,3695.0,3695.0,3695.0,3695.0,0.0,0.0,0.0,
2228,20260526900744,00267942,큐캐피탈,016600,주권매매거래정지기간변경              (감자 주권 변경상장),2026-05-26,KOSDAQ,3695.0,3695.0,3695.0,3265.0,0.0,0.0,-0.11637347767253048,
129691,20260528900988,00267942,큐캐피탈,016600,주권매매거래정지해제              (액면병합 주권 변경상장),2026-05-28,KOSDAQ,3695.0,3870.0,3450.0,3455.0,0.047361299052774086,-0.06630581867388363,-0.06495263870094725,
23284,20260423900919,00583026,멤레이비티,072770,"주권매매거래정지              (주식의 병합, 분할 등 전자등록 변경, 말소)",2026-04-23,KOSDAQ,1378.0,1412.0,1414.0,1414.0,0.02467343976777947,0.026124818577648812,0.026124818577648812,
3968,20260521900707,00583026,멤레이비티,072770,주권매매거래정지해제              (액면병합 주권 변경상장),2026-05-21,KOSDAQ,1414.0,1316.0,1083.0,1003.0,-0.06930693069306926,-0.23408769448373412,-0.29066478076379065,
22547,20260424800503,00117267,동양생명,082640,매매거래정지및정지해제(중요내용공시),2026-04-24,KOSPI,8930.0,8750.0,8270.0,8250.0,-0.02015677491601342,-0.07390817469204924,-0.07614781634938406,
22459,20260424900624,01336461,뉴로메카,348340,주권매매거래정지              (무상증자),2026-04-24,KOSDAQ,66608.0,62987.0,64607.0,64416.0,-0.054362839298582766,-0.03004143646408841,-0.03290895988469855,
22310,20260424900822,01035678,링크드,193250,"주권매매거래정지              (주식의 병합, 분할 등 전자등록 변경, 말소)",2026-04-24,KOSDAQ,2050.0,2050.0,1980.0,1980.0,0.0,-0.034146341463414664,-0.034146341463414664,
3692,20260521900977,01035678,링크드,193250,주권매매거래정지해제              (액면병합 주권 변경상장),2026-05-21,KOSDAQ,1980.0,1720.0,1691.0,1514.0,-0.13131313131313127,-0.14595959595959596,-0.23535353535353531,
22267,20260424900854,01101041,패션플랫폼,225590,"주권매매거래정지              (주식의 병합, 분할 등 전자등록 변경, 말소)",2026-04-24,KOSDAQ,4770.0,4740.0,4750.0,4750.0,-0.0062893081761006275,-0.004192872117400381,-0.004192872117400381,
4737,20260520900436,01101041,패션플랫폼,225590,주권매매거래정지해제              (액면병합 주권 변경상장),2026-05-20,KOSDAQ,4750.0,4400.0,4515.0,4230.0,-0.0736842105263158,-0.049473684210526336,-0.10947368421052628,
22265,20260424900857,00820352,파인텍,131760,"주권매매거래정지              (주식의 병합, 분할 등 전자등록 변경, 말소)",2026-04-24,KOSDAQ,6400.0,5610.0,5180.0,5180.0,-0.12343749999999998,-0.19062500000000004,-0.19062500000000004,
3844,20260521900826,00820352,파인텍,131760,주권매매거래정지해제              (액면병합 주권 변경상장),2026-05-21,KOSDAQ,5180.0,4790.0,5580.0,3810.0,-0.07528957528957525,0.07722007722007729,-0.2644787644787645,
22261,20260424900874,00783246,글로벌에스엠,900070,"주권매매거래정지              (주식의 병합, 분할 등 전자등록 변경, 말소)",2026-04-24,KOSDAQ,1268.0,1266.0,1220.0,1220.0,-0.001577287066246047,-0.03785488958990535,-0.03785488958990535,
119175,20260611900544,00783246,글로벌에스엠,900070,주권매매거래정지해제              (액면병합 주권 변경상장),2026-06-11,KOSDAQ,1220.0,1120.0,1118.0,1214.0,-0.08196721311475408,-0.08360655737704914,-0.004918032786885296,
22257,20260424900892,00617998,폴라리스세원,234100,"주권매매거래정지              (주식의 병합, 분할 등 전자등록 변경, 말소)",2026-04-24,KOSDAQ,5105.0,4970.0,5100.0,5100.0,-0.026444662095984284,-0.0009794319294809117,-0.0009794319294809117,
3053,20260522900662,00617998,폴라리스세원,234100,주권매매거래정지해제              (액면병합 주권 변경상장),2026-05-22,KOSDAQ,5100.0,4340.0,4020.0,3395.0,-0.14901960784313728,-0.21176470588235297,-0.3343137254901961,
21918,20260427900271,01150515,대명에너지,389260,주권매매거래정지              (단일판매공급계약),2026-04-27,KOSDAQ,24750.0,24100.0,25000.0,23500.0,-0.02626262626262621,0.010101010101010166,-0.0505050505050505,
21604,20260427900622,01397903,엔젠바이오,354200,주권매매거래정지              (자본감소),2026-04-27,KOSDAQ,1645.0,1225.0,1189.0,1152.0,-0.25531914893617025,-0.27720364741641335,-0.2996960486322189,
115741,20260618900731,01397903,엔젠바이오,354200,"주권매매거래정지              (주식의 병합, 분할 등 전자등록 변경, 말소)",2026-06-18,KOSDAQ,874.0,792.0,737.0,737.0,-0.09382151029748287,-0.15675057208237986,-0.15675057208237986,
21547,20260427900652,00301112,삼화네트웍스,046390,"주권매매거래정지              (주식의 병합, 분할 등 전자등록 변경, 말소)",2026-04-27,KOSDAQ,2449.0,2374.0,2480.0,2480.0,-0.0306247447937934,0.012658227848101333,0.012658227848101333,
3009,20260522900738,00301112,삼화네트웍스,046390,주권매매거래정지해제              (액면병합 주권 변경상장),2026-05-22,KOSDAQ,2480.0,2100.0,1912.0,1711.0,-0.15322580645161288,-0.2290322580645161,-0.3100806451612903,
21368,20260427900895,01364297,코퍼스코리아,322780,"주권매매거래정지              (주식의 병합, 분할 등 전자등록 변경, 말소)",2026-04-27,KOSDAQ,2440.0,2365.0,2290.0,2290.0,-0.030737704918032738,-0.061475409836065587,-0.061475409836065587,
2370,20260526900588,01364297,코퍼스코리아,322780,주권매매거래정지해제              (액면병합 주권 변경상장),2026-05-26,KOSDAQ,2290.0,2395.0,2400.0,2240.0,0.04585152838427953,0.048034934497816595,-0.02183406113537123,
21312,20260427901034,01506848,비스토스,419540,"주권매매거래정지              (주식의 병합, 분할 등 전자등록 변경, 말소)",2026-04-27,KOSDAQ,4200.0,4280.0,4385.0,4385.0,0.01904761904761898,0.04404761904761911,0.04404761904761911,
3005,20260522900743,01506848,비스토스,419540,주권매매거래정지해제              (액면병합 주권 변경상장),2026-05-22,KOSDAQ,4385.0,3605.0,3265.0,2820.0,-0.17787913340935002,-0.2554161915621437,-0.35689851767388825,
20748,20260428900546,00614593,넥스트아이,137940,"주권매매거래정지              (주식의 병합, 분할 등 전자등록 변경, 말소)",2026-04-28,KOSDAQ,2400.0,2400.0,2630.0,2630.0,0.0,0.09583333333333344,0.09583333333333344,
2432,20260526900472,00614593,넥스트아이,137940,주권매매거래정지해제              (액면병합 주권 변경상장),2026-05-26,KOSDAQ,2630.0,2310.0,1941.0,1650.0,-0.12167300380228141,-0.2619771863117871,-0.37262357414448666,
20734,20260428900556,01080687,아우딘퓨쳐스,227610,"주권매매거래정지              (주식의 병합, 분할 등 전자등록 변경, 말소)",2026-04-28,KOSDAQ,1454.0,1544.0,1588.0,1588.0,0.061898211829436,0.09215955983493807,0.09215955983493807,
292,20260527900586,01080687,아우딘퓨쳐스,227610,주권매매거래정지해제              (액면병합 주권 변경상장),2026-05-27,KOSDAQ,1588.0,1190.0,1063.0,998.0,-0.2506297229219143,-0.33060453400503775,-0.371536523929471,
20736,20260428900557,00409140,이원컴포텍,088290,"주권매매거래정지              (주식의 병합, 분할 등 전자등록 변경, 말소)",2026-04-28,KOSDAQ,2530.0,2835.0,3150.0,3150.0,0.12055335968379444,0.24505928853754932,0.24505928853754932,
166,20260527900658,00409140,이원컴포텍,088290,주권매매거래정지해제              (액면병합 주권 변경상장),2026-05-27,KOSDAQ,3150.0,2220.0,1713.0,1710.0,-0.2952380952380952,-0.45619047619047615,-0.4571428571428572,
20650,20260428900665,00306870,손오공,066910,"주권매매거래정지              (주식의 병합, 분할 등 전자등록 변경, 말소)",2026-04-28,KOSDAQ,3280.0,3345.0,3400.0,3400.0,0.01981707317073167,0.03658536585365857,0.03658536585365857,
121285,20260608900959,00306870,손오공,066910,주권매매거래정지해제              (액면병합 주권 변경상장),2026-06-08,KOSDAQ,3400.0,2890.0,2465.0,2580.0,-0.15000000000000002,-0.275,-0.24117647058823533,
20493,20260428900862,00309831,알에프텍,061040,"주권매매거래정지              (주식의 병합, 분할 등 전자등록 변경, 말소)",2026-04-28,KOSDAQ,9479.0,9319.0,9690.0,9690.0,-0.016879417660090712,0.022259732039244584,0.022259732039244584,
299,20260527900571,00309831,알에프텍,061040,주권매매거래정지해제              (액면병합 주권 변경상장),2026-05-27,KOSDAQ,9690.0,7370.0,6420.0,8090.0,-0.23942208462332304,-0.33746130030959753,-0.16511867905056754,
19031,20260429901190,01328639,윙입푸드,900340,"주권매매거래정지              (주식의 병합, 분할 등 전자등록 변경, 말소)",2026-04-29,KOSDAQ,2777.0,2829.0,2970.0,2970.0,0.018725243068059116,0.06949945984875772,0.06949945984875772,
124778,20260601901302,01328639,윙입푸드,900340,주권매매거래정지해제              (주식병합(무액면주식) 주권 변경상장),2026-06-01,KOSDAQ,2970.0,2080.0,1815.0,1699.0,-0.29966329966329963,-0.38888888888888884,-0.42794612794612796,
17036,20260430801653,00149947,JW중외제약,001060,매매거래정지및정지해제(중요내용공시),2026-04-30,KOSPI,31200.0,30700.0,30100.0,29000.0,-0.01602564102564108,-0.03525641025641024,-0.07051282051282048,
15939,20260506800274,00122348,방림,003610,매매거래정지및정지해제(중요내용공시),2026-05-06,KOSPI,5370.0,5690.0,5500.0,5360.0,0.059590316573556734,0.024208566108007368,-0.0018621973929237035,
12201,20260512900616,01511558,네오이뮨텍,950220,"주권매매거래정지              (주식의 병합, 분할 등 전자등록 변경, 말소)",2026-05-12,KOSDAQ,2495.0,2830.0,2505.0,2505.0,0.13426853707414832,0.004008016032064132,0.004008016032064132,
120618,20260609900832,01511558,네오이뮨텍,950220,주권매매거래정지해제              (액면병합 주권 변경상장),2026-06-09,KOSDAQ,2505.0,1767.0,1600.0,1465.0,-0.2946107784431138,-0.36127744510978044,-0.4151696606786427,
12091,20260512900797,01236286,컬러레이,900310,"주권매매거래정지              (주식의 병합, 분할 등 전자등록 변경, 말소)",2026-05-12,KOSDAQ,2415.0,2470.0,2600.0,2600.0,0.022774327122153215,0.07660455486542439,0.07660455486542439,
120648,20260609900775,01236286,컬러레이,900310,주권매매거래정지해제              (주식병합(무액면주식) 주권 변경상장),2026-06-09,KOSDAQ,2600.0,1840.0,1840.0,1890.0,-0.29230769230769227,-0.29230769230769227,-0.2730769230769231,
12017,20260512900907,01841635,미래에셋비전스팩7호,482680,주권매매거래정지              (SPAC 합병(예비심사청구대상)),2026-05-12,KOSDAQ,2055.0,2055.0,2055.0,2055.0,0.0,0.0,0.0,
11965,20260512900980,00997812,코미코,183300,주권매매거래정지              (무상증자),2026-05-12,KOSDAQ,73290.0,95242.0,91167.0,73850.0,0.2995224450811844,0.24392140810478913,0.00764087870105068,
11062,20260513800992,00138792,아시아나항공,020560,매매거래정지및정지해제(중요내용공시),2026-05-13,KOSPI,6730.0,7870.0,7370.0,6980.0,0.16939078751857362,0.09509658246656771,0.03714710252600306,
11064,20260513901011,01712616,엔에이치스팩29호,451700,주권매매거래정지              (SPAC 소멸합병),2026-05-13,KOSDAQ,3810.0,3830.0,3440.0,3440.0,0.005249343832020914,-0.09711286089238846,-0.09711286089238846,
5466,20260518900965,01159853,휴온스,243070,주권매매거래정지              (우회상장여부 및 요건충족확인),2026-05-18,KOSDAQ,32400.0,38200.0,35800.0,32150.0,0.17901234567901225,0.1049382716049383,-0.007716049382716084,
5453,20260518901004,01159853,휴온스,243070,주권매매거래정지해제              (우회상장 미해당),2026-05-18,KOSDAQ,32400.0,38200.0,35800.0,32150.0,0.17901234567901225,0.1049382716049383,-0.007716049382716084,
4199,20260521900408,01110076,비유테크놀러지,230980,주권매매거래정지해제              (상장폐지에 따른 정리매매 개시),2026-05-21,KOSDAQ,229.0,229.0,14.0,7.0,0.0,-0.9388646288209607,-0.9694323144104804,
2442,20260526900450,01107665,크리스탈신소재,900250,"주권매매거래정지              (주식의 병합, 분할 등 전자등록 변경, 말소)",2026-05-26,KOSDAQ,2657.0,2336.0,2080.0,2080.0,-0.12081294693263078,-0.2171622130222055,-0.2171622130222055,
114506,20260622900489,01107665,크리스탈신소재,900250,주권매매거래정지해제              (액면병합 주권 변경상장),2026-06-22,KOSDAQ,2080.0,1520.0,1395.0,,-0.2692307692307693,-0.32932692307692313,,
2182,20260526900858,01785551,KB제27호스팩,464680,주권매매거래정지              (상장폐지 사유발생),2026-05-26,KOSDAQ,2105.0,2105.0,2105.0,2110.0,0.0,0.0,0.002375296912114022,
124733,20260601901311,01246034,다이나믹솔루션,290660,"주권매매거래정지              (주식의 병합, 분할 등 전자등록 변경, 말소)",2026-06-01,KOSDAQ,1636.0,1720.0,1878.0,1878.0,0.05134474327628369,0.14792176039119798,0.14792176039119798,
113307,20260624900696,01246034,다이나믹솔루션,290660,주권매매거래정지해제              (액면병합 주권 변경상장),2026-06-24,KOSDAQ,1878.0,1950.0,1916.0,,0.03833865814696491,0.020234291799787085,,
124245,20260601901703,00778235,TS인베스트먼트,246690,"주권매매거래정지              (주식의 병합, 분할 등 전자등록 변경, 말소)",2026-06-01,KOSDAQ,1360.0,1292.0,1317.0,1317.0,-0.050000000000000044,-0.03161764705882353,-0.03161764705882353,
123917,20260602800249,00117337,동양,001520,매매거래정지및정지해제(중요내용공시),2026-06-02,KOSPI,596.0,610.0,585.0,573.0,0.02348993288590595,-0.01845637583892612,-0.038590604026845665,
122114,20260605900616,00204642,티비씨,033830,"주권매매거래정지              (주식의 병합, 분할 등 전자등록 변경, 말소)",2026-06-05,KOSDAQ,432.0,406.0,400.0,400.0,-0.06018518518518523,-0.07407407407407407,-0.07407407407407407,
122103,20260605900626,00377018,기가레인,049080,"주권매매거래정지              (주식의 병합, 분할 등 전자등록 변경, 말소)",2026-06-05,KOSDAQ,1103.0,1022.0,993.0,993.0,-0.07343608340888486,-0.09972801450589297,-0.09972801450589297,
118653,20260612800372,01519790,엠앤씨솔루션,484870,매매거래정지및정지해제(중요내용공시),2026-06-12,KOSPI,29833.0,29433.0,29766.0,28433.0,-0.013407971038782551,-0.0022458351489961226,-0.046927898635738985,
118060,20260612901133,00120906,에스아이리소스,065420,주권매매거래정지              (조회공시 신고시한 위반),2026-06-12,KOSDAQ,178.0,178.0,178.0,178.0,0.0,0.0,0.0,
117490,20260615900752,01596920,알지노믹스,476830,주권매매거래정지              (무상증자),2026-06-15,KOSDAQ,88700.0,101500.0,105100.0,89600.0,0.14430665163472378,0.1848928974069899,0.01014656144306647,
117065,20260616800506,00104768,가온전선,000500,매매거래정지및정지해제(중요내용공시),2026-06-16,KOSPI,262500.0,341000.0,385500.0,331500.0,0.299047619047619,0.46857142857142864,0.2628571428571429,
117072,20260616900493,00140566,한탑,002680,"주권매매거래정지              (주식의 병합, 분할 등 전자등록 변경, 말소)",2026-06-16,KOSDAQ,385.0,383.0,374.0,374.0,-0.0051948051948051965,-0.02857142857142858,-0.02857142857142858,
116362,20260617900669,01243161,인산가,277410,"주권매매거래정지              (주식의 병합, 분할 등 전자등록 변경, 말소)",2026-06-17,KOSDAQ,804.0,776.0,800.0,800.0,-0.03482587064676612,-0.00497512437810943,-0.00497512437810943,
114900,20260619901008,01792791,IBKS제24호스팩,469480,주권매매거래정지              (SPAC 합병(예비심사청구대상)),2026-06-19,KOSDAQ,2130.0,2130.0,2130.0,2130.0,0.0,0.0,0.0,
114879,20260619901068,00199076,동일기연,032960,"주권매매거래정지              (주식의 병합, 분할 등 전자등록 변경, 말소)",2026-06-19,KOSDAQ,11010.0,10820.0,10900.0,10900.0,-0.01725703905540421,-0.009990917347865613,-0.009990917347865613,
113910,20260623800531,00141626,오리엔트바이오,002630,매매거래정지및정지해제(중요내용공시),2026-06-23,KOSPI,793.0,880.0,821.0,,0.10970996216897855,0.035308953341740335,,
113235,20260624900825,00390365,토비스,051360,"주권매매거래정지              (주식의 병합, 분할 등 전자등록 변경, 말소)",2026-06-24,KOSDAQ,15570.0,16090.0,16090.0,,0.03339755940912004,0.03339755940912004,,
