id,receipt_no,corp_code,corp_name,stock_code,report_name,event_date,market,t0_close,t+1_close,t+2_close,t+5_close,ret_1d,ret_2d,ret_5d,error
1317987,20210628000276,00303703,CS,065770,주요사항보고서(전환사채권발행결정),2021-06-28,KOSDAQ,12928.0,11947.0,11447.0,10686.0,-0.07588180693069302,-0.11455754950495045,-0.17342202970297027,
867825,20230630900935,00303703,CS,065770,전환사채(해외전환사채포함)발행후만기전사채취득,2023-06-30,KOSDAQ,3167.0,3176.0,3176.0,3085.0,0.002841806125670976,0.002841806125670976,-0.02589201136722452,
775579,20240102900597,00303703,CS,065770,전환사채(해외전환사채포함)발행후만기전사채취득,2024-01-02,KOSDAQ,2711.0,2651.0,2631.0,2617.0,-0.022132054592401307,-0.029509406123201742,-0.03467355219476209,
3944,20260521000458,00303703,CS,065770,주요사항보고서(전환사채권발행결정),2026-05-21,KOSDAQ,2700.0,2420.0,2900.0,2010.0,-0.10370370370370374,0.07407407407407418,-0.25555555555555554,
1317952,20210628000301,00364740,머큐리,100590,주요사항보고서(전환사채권발행결정),2021-06-28,KOSDAQ,10150.0,10100.0,10250.0,10150.0,-0.0049261083743842304,0.009852216748768461,0.0,
1269895,20211015900285,00364740,머큐리,100590,전환사채(해외전환사채포함)발행후만기전사채취득(제4회차),2021-10-15,KOSDAQ,8030.0,8210.0,8100.0,8070.0,0.022415940224159492,0.008717310087173136,0.00498132004981322,
1121971,20220516901192,00364740,머큐리,100590,전환사채(해외전환사채포함)발행후만기전사채취득(제4회차),2022-05-16,KOSDAQ,7980.0,7910.0,8110.0,7950.0,-0.00877192982456143,0.01629072681704269,-0.003759398496240629,
1078023,20220816900890,00364740,머큐리,100590,전환사채(해외전환사채포함)발행후만기전사채취득,2022-08-16,KOSDAQ,6760.0,6670.0,6650.0,6340.0,-0.013313609467455634,-0.016272189349112454,-0.062130177514792884,
1035713,20221115900322,00364740,머큐리,100590,전환사채(해외전환사채포함)발행후만기전사채취득,2022-11-15,KOSDAQ,6960.0,6710.0,6560.0,6310.0,-0.03591954022988508,-0.05747126436781613,-0.0933908045977011,
1001282,20230127900460,00364740,머큐리,100590,전환사채(해외전환사채포함)발행후만기전사채취득,2023-01-27,KOSDAQ,6310.0,6250.0,6160.0,6260.0,-0.009508716323296307,-0.023771790808240878,-0.007923930269413626,
992108,20230215900612,00364740,머큐리,100590,전환사채(해외전환사채포함)발행후만기전사채취득,2023-02-15,KOSDAQ,5930.0,5970.0,5890.0,5860.0,0.006745362563237878,-0.006745362563237767,-0.01180438448566612,
843065,20230816900249,00364740,머큐리,100590,전환사채(해외전환사채포함)발행후만기전사채취득,2023-08-16,KOSDAQ,5060.0,5040.0,5040.0,5100.0,-0.0039525691699604515,-0.0039525691699604515,0.007905138339920903,
771994,20240110000759,00364740,머큐리,100590,주요사항보고서(전환사채권발행결정),2024-01-10,KOSDAQ,5670.0,5860.0,5560.0,5810.0,0.0335097001763669,-0.01940035273368612,0.024691358024691468,
700920,20240401900926,00364740,머큐리,100590,전환사채(해외전환사채포함)발행후만기전사채취득,2024-04-01,KOSDAQ,5220.0,5130.0,5060.0,4930.0,-0.017241379310344862,-0.03065134099616862,-0.05555555555555558,
649386,20240516900536,00364740,머큐리,100590,전환사채(해외전환사채포함)발행후만기전사채취득,2024-05-16,KOSDAQ,4925.0,4855.0,4785.0,4820.0,-0.014213197969543123,-0.028426395939086246,-0.02131979695431474,
622691,20240701900444,00364740,머큐리,100590,전환사채(해외전환사채포함)발행후만기전사채취득,2024-07-01,KOSDAQ,4130.0,4060.0,3960.0,4130.0,-0.016949152542372836,-0.041162227602905554,0.0,
274836,20260112900345,00364740,머큐리,100590,전환사채(해외전환사채포함)발행후만기전사채취득,2026-01-12,KOSDAQ,3210.0,3180.0,3160.0,3150.0,-0.009345794392523366,-0.015576323987538943,-0.01869158878504673,
31596,20260413900822,00364740,머큐리,100590,전환사채(해외전환사채포함)발행후만기전사채취득,2026-04-13,KOSDAQ,11320.0,11000.0,10350.0,7450.0,-0.028268551236749095,-0.08568904593639581,-0.3418727915194346,
11098,20260513000712,00364740,머큐리,100590,주요사항보고서(전환사채권발행결정),2026-05-13,KOSDAQ,9280.0,8410.0,7400.0,7200.0,-0.09375,-0.2025862068965517,-0.22413793103448276,
1317910,20210628000341,01207761,프로브잇,227100,주요사항보고서(전환사채권발행결정),2021-06-28,KOSDAQ,13026.0,12982.0,14028.0,13505.0,-0.0033778596652848103,0.07692307692307687,0.036772608628895975,
1278677,20210923900243,01207761,프로브잇,227100,전환사채(해외전환사채포함)발행후만기전사채취득(제4회차CB),2021-09-23,KOSDAQ,13200.0,12198.0,12808.0,10717.0,-0.07590909090909093,-0.029696969696969666,-0.1881060606060606,
1107702,20220609900382,01207761,프로브잇,227100,전환사채(해외전환사채포함)발행후만기전사채취득(제4회차),2022-06-09,KOSDAQ,6480.0,6170.0,6330.0,6410.0,-0.0478395061728395,-0.02314814814814814,-0.010802469135802517,
1083395,20220804000325,01207761,프로브잇,227100,주요사항보고서(전환사채권발행결정),2022-08-05,KOSDAQ,5990.0,4560.0,4890.0,4840.0,-0.23873121869782976,-0.1836393989983306,-0.19198664440734559,
1055512,20221004000387,01207761,프로브잇,227100,주요사항보고서(전환사채권발행결정),2022-10-04,KOSDAQ,5050.0,5010.0,5100.0,4935.0,-0.007920792079207928,0.00990099009900991,-0.022772277227722793,
952438,20230328001161,01207761,프로브잇,227100,주요사항보고서(전환사채권발행결정),2023-03-29,KOSDAQ,3570.0,3500.0,3470.0,3400.0,-0.019607843137254943,-0.02801120448179273,-0.04761904761904767,
878696,20230608900146,01207761,프로브잇,227100,전환사채(해외전환사채포함)발행후만기전사채취득(제5회차),2023-06-08,KOSDAQ,4165.0,4105.0,3830.0,3585.0,-0.014405762304921965,-0.08043217286914761,-0.13925570228091233,
878695,20230608900147,01207761,프로브잇,227100,전환사채(해외전환사채포함)발행후만기전사채취득(제6회차),2023-06-08,KOSDAQ,4165.0,4105.0,3830.0,3585.0,-0.014405762304921965,-0.08043217286914761,-0.13925570228091233,
877827,20230609900449,01207761,프로브잇,227100,전환사채(해외전환사채포함)발행후만기전사채취득(제8회차),2023-06-09,KOSDAQ,4105.0,3830.0,3825.0,3545.0,-0.06699147381242387,-0.06820950060901343,-0.13641900121802675,
877825,20230609900457,01207761,프로브잇,227100,전환사채(해외전환사채포함)발행후만기전사채취득(제9회차),2023-06-09,KOSDAQ,4105.0,3830.0,3825.0,3545.0,-0.06699147381242387,-0.06820950060901343,-0.13641900121802675,
720012,20240321000010,01207761,프로브잇,227100,주요사항보고서(전환사채권발행결정),2024-03-21,KOSDAQ,1397.0,1574.0,1799.0,1737.0,0.12670007158196128,0.2877594846098783,0.24337866857551904,
716185,20240322001089,01207761,프로브잇,227100,주요사항보고서(전환사채권발행결정),2024-03-25,KOSDAQ,1799.0,1418.0,1724.0,1740.0,-0.21178432462479158,-0.041689827682045544,-0.03279599777654252,
650000,20240514901566,01207761,프로브잇,227100,"전환사채(해외전환사채포함)발행후만기전사채취득              (제5회차, 제6회차)",2024-05-14,KOSDAQ,1388.0,1359.0,1318.0,1465.0,-0.02089337175792505,-0.050432276657060515,0.0554755043227666,
620061,20240705900598,01207761,프로브잇,227100,소송등의판결ㆍ결정              (전환사채발행효력정지 및금지등가처분-취하),2024-07-05,KOSDAQ,1296.0,1445.0,1345.0,1419.0,0.11496913580246915,0.03780864197530853,0.09490740740740744,
620059,20240705900603,01207761,프로브잇,227100,소송등의판결ㆍ결정              (신주및전환사채발행유지청구및발행무효의소 -취하),2024-07-05,KOSDAQ,1296.0,1445.0,1345.0,1419.0,0.11496913580246915,0.03780864197530853,0.09490740740740744,
373915,20250701900492,01207761,프로브잇,227100,전환사채(해외전환사채포함)발행후만기전사채취득              (제11회차),2025-07-01,KOSDAQ,612.0,612.0,612.0,612.0,0.0,0.0,0.0,
1317783,20210628000467,00526872,이수앱지스,086890,주요사항보고서(전환사채권발행결정),2021-06-28,KOSDAQ,16500.0,16200.0,16400.0,16100.0,-0.018181818181818188,-0.0060606060606061,-0.024242424242424288,
818425,20231012000442,00526872,이수앱지스,086890,주요사항보고서(전환사채권발행결정),2023-10-13,KOSDAQ,6400.0,6140.0,6120.0,5600.0,-0.04062500000000002,-0.043749999999999956,-0.125,
775721,20240102900354,00526872,이수앱지스,086890,전환사채(해외전환사채포함)발행후만기전사채취득,2024-01-02,KOSDAQ,6200.0,6210.0,6170.0,6100.0,0.001612903225806539,-0.004838709677419395,-0.016129032258064502,
700325,20240401901252,00526872,이수앱지스,086890,전환사채(해외전환사채포함)발행후만기전사채취득,2024-04-01,KOSDAQ,6700.0,6480.0,6490.0,7660.0,-0.032835820895522394,-0.0313432835820896,0.14328358208955216,
575698,20240930900413,00526872,이수앱지스,086890,전환사채(해외전환사채포함)발행후만기전사채취득,2024-09-30,KOSDAQ,6450.0,6550.0,6520.0,6480.0,0.015503875968992276,0.010852713178294504,0.0046511627906977715,
528708,20241230900686,00526872,이수앱지스,086890,전환사채(해외전환사채포함)발행후만기전사채취득,2024-12-30,KOSDAQ,4450.0,4430.0,4610.0,4730.0,-0.004494382022471877,0.035955056179775235,0.06292134831460672,
285294,20251222900499,00526872,이수앱지스,086890,전환사채(해외전환사채포함)발행후만기전사채취득,2025-12-22,KOSDAQ,5430.0,5340.0,5280.0,5150.0,-0.016574585635359074,-0.027624309392265234,-0.05156537753222834,
84408,20260323902628,00526872,이수앱지스,086890,전환사채(해외전환사채포함)발행후만기전사채취득,2026-03-23,KOSDAQ,4715.0,4750.0,4860.0,4665.0,0.007423117709437932,0.030752916224814353,-0.010604453870625696,
1317730,20210628000483,00596260,투비소프트,079970,[첨부추가]주요사항보고서(전환사채권발행결정),2021-06-28,KOSDAQ,2640.0,2695.0,2650.0,2700.0,0.02083333333333326,0.0037878787878788955,0.022727272727272707,
1279461,20210917900221,00596260,투비소프트,079970,증권발행결과(자율공시)(제11회 무기명식 이권부 무보증 사모 전환사채),2021-09-17,KOSDAQ,2315.0,2230.0,2290.0,2170.0,-0.036717062634989195,-0.010799136069114423,-0.06263498920086397,
1278205,20210924000256,00596260,투비소프트,079970,주요사항보고서(전환사채권발행결정),2021-09-24,KOSDAQ,2290.0,2255.0,2210.0,2230.0,-0.015283842794759805,-0.03493449781659386,-0.026200873362445365,
1246712,20211130001649,00596260,투비소프트,079970,[첨부추가]주요사항보고서(전환사채권발행결정),2021-11-30,KOSDAQ,2150.0,2120.0,2190.0,2150.0,-0.013953488372092981,0.018604651162790642,0.0,
1246711,20211130001671,00596260,투비소프트,079970,[첨부추가]주요사항보고서(전환사채권발행결정),2021-11-30,KOSDAQ,2150.0,2120.0,2190.0,2150.0,-0.013953488372092981,0.018604651162790642,0.0,
1243788,20211208900260,00596260,투비소프트,079970,증권발행결과(자율공시)(제13회차 전환사채),2021-12-08,KOSDAQ,2240.0,2240.0,2185.0,2155.0,0.0,-0.024553571428571397,-0.0379464285714286,
1156453,20220404900900,00596260,투비소프트,079970,기타주요경영사항(전환사채권 발행결정 철회),2022-04-04,KOSDAQ,1790.0,1705.0,1705.0,1540.0,-0.04748603351955305,-0.04748603351955305,-0.13966480446927376,
1135119,20220413900720,00596260,투비소프트,079970,증권발행결과(자율공시)(제14회차 국내사모 전환사채),2022-04-13,KOSDAQ,1640.0,1640.0,1640.0,1580.0,0.0,0.0,-0.03658536585365857,
1053090,20221011900489,00596260,투비소프트,079970,전환사채(해외전환사채포함)발행후만기전사채취득(제13회차),2022-10-11,KOSDAQ,1270.0,1270.0,1120.0,1145.0,0.0,-0.11811023622047245,-0.09842519685039375,
1050273,20221018900246,00596260,투비소프트,079970,전환사채(해외전환사채포함)발행후만기전사채취득(제11회차),2022-10-18,KOSDAQ,1145.0,1080.0,1090.0,1130.0,-0.05676855895196509,-0.048034934497816595,-0.013100436681222738,
1047510,20221025900416,00596260,투비소프트,079970,전환사채(해외전환사채포함)발행후만기전사채취득(제13회차),2022-10-25,KOSDAQ,1130.0,1135.0,1100.0,1105.0,0.004424778761061843,-0.026548672566371723,-0.02212389380530977,
1021354,20221214900443,00596260,투비소프트,079970,전환사채(해외전환사채포함)발행후만기전사채취득(제13회차),2022-12-14,KOSDAQ,1000.0,996.0,983.0,946.0,-0.0040000000000000036,-0.017000000000000015,-0.05400000000000005,
904670,20230424000543,00596260,투비소프트,079970,주요사항보고서(전환사채권발행결정),2023-04-25,KOSDAQ,1133.0,1159.0,1172.0,1170.0,0.02294792586054717,0.034421888790820754,0.032656663724624835,
662552,20240423900467,00596260,투비소프트,079970,전환사채(해외전환사채포함)발행후만기전사채취득              (제13회차),2024-04-23,KOSDAQ,297.0,310.0,312.0,359.0,0.04377104377104368,0.05050505050505061,0.2087542087542087,
613792,20240723900405,00596260,투비소프트,079970,전환사채(해외전환사채포함)발행후만기전사채취득              (제15회차),2024-07-23,KOSDAQ,188.0,188.0,188.0,188.0,0.0,0.0,0.0,
1317995,20210628900415,00580056,스맥,099440,전환사채(해외전환사채포함)발행후만기전사채취득,2021-06-28,KOSDAQ,1650.0,1621.0,1604.0,1663.0,-0.017575757575757578,-0.027878787878787836,0.007878787878787818,
1266491,20211026000238,00580056,스맥,099440,주요사항보고서(전환사채권발행결정),2021-10-26,KOSDAQ,1502.0,1422.0,1456.0,1448.0,-0.053262316910785645,-0.030625832223701743,-0.03595206391478034,
1234013,20211227900501,00580056,스맥,099440,전환사채(해외전환사채포함)발행후만기전사채취득,2021-12-27,KOSDAQ,1781.0,1764.0,1688.0,1764.0,-0.009545199326221221,-0.05221785513756316,-0.009545199326221221,
1317907,20210628900526,00475976,인콘,083640,전환사채(해외전환사채포함)발행후만기전사채취득,2021-06-28,KOSDAQ,13255.0,14230.0,14475.0,15645.0,0.07355714824594495,0.09204073934364398,0.18030931723877774,
1040525,20221110000359,00475976,인콘,083640,주요사항보고서(전환사채권발행결정),2022-11-10,KOSDAQ,6220.0,6245.0,6270.0,6950.0,0.004019292604501512,0.008038585209003246,0.117363344051447,
9661,20260514001157,00475976,인콘,083640,주요사항보고서(전환사채권발행결정),2026-05-14,KOSDAQ,1664.0,1542.0,1521.0,1514.0,-0.07331730769230771,-0.0859375,-0.09014423076923073,
1317389,20210629900347,00210740,대화제약,067080,전환사채(해외전환사채포함)발행후만기전사채취득,2021-06-29,KOSDAQ,12950.0,13300.0,13550.0,13150.0,0.027027027027026973,0.04633204633204624,0.015444015444015413,
1232441,20211229900467,00210740,대화제약,067080,전환사채(해외전환사채포함)발행후만기전사채취득,2021-12-29,KOSDAQ,9320.0,9320.0,9300.0,9180.0,0.0,-0.0021459227467811592,-0.015021459227467782,
1098969,20220629900565,00210740,대화제약,067080,전환사채(해외전환사채포함)발행후만기전사채취득,2022-06-29,KOSDAQ,6900.0,6830.0,6630.0,6960.0,-0.010144927536231862,-0.03913043478260869,0.008695652173912993,
1057351,20220929900353,00210740,대화제약,067080,전환사채(해외전환사채포함)발행후만기전사채취득,2022-09-29,KOSDAQ,11900.0,10350.0,10950.0,11250.0,-0.13025210084033612,-0.0798319327731093,-0.054621848739495826,
1317097,20210629900622,00120906,에스아이리소스,065420,전환사채(해외전환사채포함)발행후만기전사채취득(제5회차 CB),2021-06-29,KOSDAQ,1060.0,1060.0,1060.0,1060.0,0.0,0.0,0.0,
360167,20250801000645,00120906,에스아이리소스,065420,주요사항보고서(전환사채권발행결정),2025-08-01,KOSDAQ,339.0,325.0,354.0,341.0,-0.041297935103244865,0.04424778761061954,0.005899705014749346,
1317054,20210629900671,00186452,광무,029480,전환사채(해외전환사채포함)발행후만기전사채취득,2021-06-29,KOSDAQ,2960.0,2940.0,3090.0,2970.0,-0.006756756756756799,0.04391891891891886,0.0033783783783782884,
1264270,20211029000604,00186452,광무,029480,주요사항보고서(전환사채권발행결정),2021-10-29,KOSDAQ,3095.0,3870.0,3990.0,4285.0,0.2504038772213246,0.2891760904684977,0.38449111470113095,
1264269,20211029000605,00186452,광무,029480,주요사항보고서(전환사채권발행결정),2021-10-29,KOSDAQ,3095.0,3870.0,3990.0,4285.0,0.2504038772213246,0.2891760904684977,0.38449111470113095,
1264268,20211029000606,00186452,광무,029480,주요사항보고서(전환사채권발행결정),2021-10-29,KOSDAQ,3095.0,3870.0,3990.0,4285.0,0.2504038772213246,0.2891760904684977,0.38449111470113095,
1072677,20220825000395,00186452,광무,029480,주요사항보고서(전환사채권발행결정),2022-08-25,KOSDAQ,3490.0,3590.0,3580.0,3505.0,0.02865329512893977,0.025787965616045794,0.004297994269341077,
1026716,20221201900221,00186452,광무,029480,전환사채(해외전환사채포함)발행후만기전사채취득(제37회차),2022-12-01,KOSDAQ,3165.0,3100.0,3105.0,2905.0,-0.020537124802527673,-0.018957345971563955,-0.08214849921011058,
1008353,20230109900359,00186452,광무,029480,전환사채(해외전환사채포함)발행후만기전사채취득,2023-01-09,KOSDAQ,3095.0,3060.0,3055.0,2870.0,-0.011308562197092087,-0.012924071082390909,-0.0726978998384491,
988976,20230221900661,00186452,광무,029480,"전환사채(해외전환사채포함)발행후만기전사채취득(제36,38회차)",2023-02-21,KOSDAQ,2820.0,2820.0,2820.0,2820.0,0.0,0.0,0.0,
871811,20230623000446,00186452,광무,029480,주요사항보고서(전환사채권발행결정),2023-06-23,KOSDAQ,3245.0,3165.0,3100.0,2975.0,-0.024653312788906034,-0.044684129429892194,-0.08320493066255774,
790042,20231205000441,00186452,광무,029480,주요사항보고서(전환사채권발행결정),2023-12-05,KOSDAQ,2135.0,2185.0,2180.0,2195.0,0.023419203747072626,0.021077283372365363,0.02810304449648715,
790029,20231205000448,00186452,광무,029480,주요사항보고서(전환사채권발행결정),2023-12-05,KOSDAQ,2135.0,2185.0,2180.0,2195.0,0.023419203747072626,0.021077283372365363,0.02810304449648715,
789927,20231205900564,00186452,광무,029480,전환사채(해외전환사채포함)발행후만기전사채취득,2023-12-05,KOSDAQ,2135.0,2185.0,2180.0,2195.0,0.023419203747072626,0.021077283372365363,0.02810304449648715,
789651,20231206900232,00186452,광무,029480,전환사채(해외전환사채포함)발행후만기전사채취득(제39회차),2023-12-06,KOSDAQ,2185.0,2180.0,2240.0,2095.0,-0.0022883295194507935,0.02517162471395884,-0.041189931350114395,
1316982,20210629900726,00536329,노블엠앤비,106520,전환사채(해외전환사채포함)발행후만기전사채취득(제25회차),2021-06-29,KOSDAQ,6800.0,6940.0,7140.0,7000.0,0.020588235294117574,0.050000000000000044,0.02941176470588225,
1262007,20211105000197,00536329,노블엠앤비,106520,주요사항보고서(전환사채권발행결정),2021-11-05,KOSDAQ,4540.0,4540.0,4430.0,4325.0,0.0,-0.024229074889867808,-0.04735682819383258,
1208340,20220218900800,00536329,노블엠앤비,106520,전환사채(해외전환사채포함)발행후만기전사채취득(제24회차),2022-02-18,KOSDAQ,4165.0,4350.0,4385.0,4450.0,0.04441776710684264,0.05282112845138065,0.06842737094837936,
1098795,20220629900719,00536329,노블엠앤비,106520,전환사채(해외전환사채포함)발행후만기전사채취득(제24회차 CB),2022-06-29,KOSDAQ,3840.0,3800.0,3915.0,3945.0,-0.01041666666666663,0.01953125,0.02734375,
1094820,20220707900406,00536329,노블엠앤비,106520,전환사채(해외전환사채포함)발행후만기전사채취득(제24회차),2022-07-07,KOSDAQ,3700.0,3625.0,3345.0,3910.0,-0.020270270270270285,-0.09594594594594597,0.05675675675675684,
1064404,20220908900251,00536329,노블엠앤비,106520,전환사채(해외전환사채포함)발행후만기전사채취득(제24회차),2022-09-08,KOSDAQ,3275.0,3275.0,3300.0,3030.0,0.0,0.007633587786259444,-0.07480916030534346,
1018624,20221216901296,00536329,노블엠앤비,106520,전환사채(해외전환사채포함)발행후만기전사채취득(제26회차),2022-12-16,KOSDAQ,2400.0,2405.0,2405.0,2465.0,0.002083333333333437,0.002083333333333437,0.027083333333333348,
1004071,20230119900301,00536329,노블엠앤비,106520,전환사채(해외전환사채포함)발행후만기전사채취득(제24회차),2023-01-19,KOSDAQ,1925.0,1890.0,1890.0,1760.0,-0.018181818181818188,-0.018181818181818188,-0.08571428571428574,
1000302,20230130900837,00536329,노블엠앤비,106520,전환사채(해외전환사채포함)발행후만기전사채취득(제24회차),2023-01-30,KOSDAQ,1760.0,1715.0,1781.0,2075.0,-0.025568181818181768,0.01193181818181821,0.1789772727272727,
914309,20230412900714,00536329,노블엠앤비,106520,전환사채(해외전환사채포함)발행후만기전사채취득(제26회차),2023-04-12,KOSDAQ,411.0,411.0,411.0,411.0,0.0,0.0,0.0,
905725,20230421900342,00536329,노블엠앤비,106520,전환사채(해외전환사채포함)발행후만기전사채취득(제24회차),2023-04-21,KOSDAQ,411.0,411.0,411.0,411.0,0.0,0.0,0.0,
1316138,20210630000747,00392691,포니링크,064800,주요사항보고서(전환사채권발행결정),2021-06-30,KOSDAQ,9825.0,9200.0,9450.0,9325.0,-0.06361323155216281,-0.03816793893129766,-0.05089058524173029,
1316099,20210630000768,00392691,포니링크,064800,주요사항보고서(전환사채권발행결정),2021-06-30,KOSDAQ,9825.0,9200.0,9450.0,9325.0,-0.06361323155216281,-0.03816793893129766,-0.05089058524173029,
1011588,20221230900484,00392691,포니링크,064800,전환사채(해외전환사채포함)발행후만기전사채취득,2022-12-30,KOSDAQ,6300.0,6450.0,6550.0,6725.0,0.023809523809523725,0.039682539682539764,0.06746031746031744,
810878,20231031900488,00392691,포니링크,064800,전환사채(해외전환사채포함)발행후만기전사채취득,2023-10-31,KOSDAQ,5065.0,5150.0,5155.0,5285.0,0.016781836130306038,0.017769002961500524,0.04343534057255671,
744562,20240227007747,00392691,포니링크,064800,주요사항보고서(전환사채권발행결정),2024-02-27,KOSDAQ,13650.0,15500.0,13875.0,15675.0,0.1355311355311355,0.016483516483516425,0.14835164835164827,
744560,20240227007822,00392691,포니링크,064800,주요사항보고서(전환사채권발행결정),2024-02-27,KOSDAQ,13650.0,15500.0,13875.0,15675.0,0.1355311355311355,0.016483516483516425,0.14835164835164827,
649948,20240514001609,00392691,포니링크,064800,주요사항보고서(전환사채권발행결정),2024-05-14,KOSDAQ,19275.0,17450.0,16350.0,15000.0,-0.0946822308690013,-0.15175097276264593,-0.22178988326848248,
544475,20241202900581,00392691,포니링크,064800,기타주요경영사항              (제15회차 전환사채권 발행결정 철회),2024-12-02,KOSDAQ,7450.0,7045.0,6530.0,5625.0,-0.05436241610738257,-0.12348993288590604,-0.24496644295302017,
76765,20260327902160,00392691,포니링크,064800,전환사채(해외전환사채포함)발행후만기전사채취득,2026-03-27,KOSDAQ,3605.0,3675.0,3580.0,3190.0,0.01941747572815533,-0.006934812760055475,-0.11511789181692089,
127381,20260529001660,00392691,포니링크,064800,주요사항보고서(전환사채권발행결정),2026-05-29,KOSDAQ,3390.0,2745.0,3025.0,2600.0,-0.19026548672566368,-0.10766961651917406,-0.23303834808259583,
127727,20260529901398,00392691,포니링크,064800,전환사채(해외전환사채포함)발행후만기전사채취득,2026-05-29,KOSDAQ,3390.0,2745.0,3025.0,2600.0,-0.19026548672566368,-0.10766961651917406,-0.23303834808259583,
1315626,20210630000837,00660121,디에이테크놀로지,196490,[첨부추가]주요사항보고서(전환사채권발행결정),2021-06-30,KOSDAQ,35340.0,35820.0,36000.0,35100.0,0.013582342954159499,0.018675721561969505,-0.006791171477079749,
1315625,20210630000840,00660121,디에이테크놀로지,196490,[첨부추가]주요사항보고서(전환사채권발행결정),2021-06-30,KOSDAQ,35340.0,35820.0,36000.0,35100.0,0.013582342954159499,0.018675721561969505,-0.006791171477079749,
1298975,20210811000334,00660121,디에이테크놀로지,196490,[첨부추가]주요사항보고서(전환사채권발행결정),2021-08-11,KOSDAQ,36060.0,35820.0,35820.0,34920.0,-0.006655574043261225,-0.006655574043261225,-0.03161397670549082,
1249275,20211129000991,00660121,디에이테크놀로지,196490,주요사항보고서(전환사채권발행결정),2021-11-29,KOSDAQ,48960.0,49560.0,50520.0,48540.0,0.01225490196078427,0.031862745098039325,-0.008578431372548989,
1144640,20220408900665,00660121,디에이테크놀로지,196490,"전환사채(해외전환사채포함)발행후만기전사채취득(제7회차, 제8회차)",2022-04-08,KOSDAQ,31140.0,31260.0,30600.0,28680.0,0.003853564547206201,-0.017341040462427793,-0.07899807321772645,
1141119,20220411900606,00660121,디에이테크놀로지,196490,전환사채(해외전환사채포함)발행후만기전사채취득(제7회차),2022-04-11,KOSDAQ,31260.0,30600.0,30180.0,28680.0,-0.021113243761996192,-0.03454894433781186,-0.0825335892514395,
1127511,20220506000448,00660121,디에이테크놀로지,196490,주요사항보고서(전환사채권발행결정),2022-05-06,KOSDAQ,27750.0,27150.0,27240.0,25980.0,-0.021621621621621623,-0.018378378378378413,-0.0637837837837838,
1126838,20220509900543,00660121,디에이테크놀로지,196490,"전환사채(해외전환사채포함)발행후만기전사채취득(제10, 11회차)",2022-05-09,KOSDAQ,27150.0,27240.0,27060.0,27630.0,0.0033149171270718814,-0.0033149171270717703,0.017679558011049812,
1094030,20220708900522,00660121,디에이테크놀로지,196490,"전환사채(해외전환사채포함)발행후만기전사채취득(제10, 11회차)",2022-07-08,KOSDAQ,23550.0,23550.0,22590.0,23400.0,0.0,-0.040764331210191074,-0.006369426751592355,
1094025,20220708900523,00660121,디에이테크놀로지,196490,전환사채(해외전환사채포함)발행후만기전사채취득(제7회차),2022-07-08,KOSDAQ,23550.0,23550.0,22590.0,23400.0,0.0,-0.040764331210191074,-0.006369426751592355,
972884,20230310001043,00660121,디에이테크놀로지,196490,주요사항보고서(전환사채권발행결정),2023-03-10,KOSDAQ,22290.0,20430.0,18210.0,19830.0,-0.08344549125168232,-0.1830417227456258,-0.11036339165545084,
877526,20230612900002,00660121,디에이테크놀로지,196490,증권발행결과(자율공시)(제13회차 전환사채),2023-06-12,KOSDAQ,31080.0,30960.0,31080.0,29730.0,-0.0038610038610038533,0.0,-0.043436293436293405,
873474,20230620900466,00660121,디에이테크놀로지,196490,전환사채(해외전환사채포함)발행후만기전사채취득(제13회차),2023-06-20,KOSDAQ,31080.0,29910.0,29640.0,28290.0,-0.037644787644787625,-0.04633204633204635,-0.08976833976833976,
864052,20230710900678,00660121,디에이테크놀로지,196490,전환사채(해외전환사채포함)발행후만기전사채취득(제8회차),2023-07-10,KOSDAQ,29430.0,29070.0,27660.0,26400.0,-0.012232415902140636,-0.060142711518858305,-0.1029561671763507,
804884,20231113900848,00660121,디에이테크놀로지,196490,전환사채(해외전환사채포함)발행후만기전사채취득(제12회차),2023-11-13,KOSDAQ,17580.0,18930.0,19350.0,19680.0,0.07679180887372006,0.10068259385665534,0.11945392491467577,
801677,20231114903140,00660121,디에이테크놀로지,196490,전환사채(해외전환사채포함)발행후만기전사채취득(제12회차),2023-11-14,KOSDAQ,18930.0,19350.0,19710.0,19800.0,0.022187004754358197,0.04120443740095081,0.045958795562599075,
798302,20231122000362,00660121,디에이테크놀로지,196490,주요사항보고서(전환사채권발행결정),2023-11-22,KOSDAQ,19440.0,19320.0,19200.0,18150.0,-0.006172839506172867,-0.012345679012345734,-0.06635802469135799,
725075,20240315900869,00660121,디에이테크놀로지,196490,전환사채(해외전환사채포함)발행후만기전사채취득              (제12회차),2024-03-15,KOSDAQ,10680.0,10680.0,10680.0,10680.0,0.0,0.0,0.0,
1315829,20210630000983,00168331,온타이드,005320,주요사항보고서(전환사채권발행결정),2021-06-30,KOSPI,7660.0,7560.0,7480.0,7730.0,-0.01305483028720622,-0.023498694516971286,0.009138381201044377,
1092627,20220711000646,00168331,온타이드,005320,[첨부추가]주요사항보고서(전환사채권발행결정),2022-07-12,KOSPI,3960.0,3690.0,3600.0,3650.0,-0.06818181818181823,-0.09090909090909094,-0.07828282828282829,
1093156,20220711000647,00168331,온타이드,005320,주요사항보고서(전환사채권발행결정),2022-07-12,KOSPI,3960.0,3690.0,3600.0,3650.0,-0.06818181818181823,-0.09090909090909094,-0.07828282828282829,
1316128,20210630900734,00359395,헬릭스미스,084990,전환사채(해외전환사채포함)발행후만기전사채취득(제3회차),2021-06-30,KOSDAQ,28829.0,29693.0,30148.0,29511.0,0.029969822054181527,0.0457525408442887,0.023656734538138657,
1275704,20210930900578,00359395,헬릭스미스,084990,전환사채(해외전환사채포함)발행후만기전사채취득(제3회차),2021-09-30,KOSDAQ,21963.0,21554.0,21736.0,21281.0,-0.01862222829303828,-0.010335564358238902,-0.031052224195237454,
1011718,20221230900363,00359395,헬릭스미스,084990,전환사채(해외전환사채포함)발행후만기전사채취득(제4회차),2022-12-30,KOSDAQ,10300.0,10600.0,10800.0,11400.0,0.029126213592232997,0.04854368932038833,0.10679611650485432,
1315915,20210630900925,00204226,소프트센,032680,전환사채(해외전환사채포함)발행후만기전사채취득,2021-06-30,KOSDAQ,4605.0,4525.0,4485.0,4845.0,-0.017372421281216077,-0.026058631921824116,0.05211726384364823,
1253643,20211119000491,00204226,소프트센,032680,주요사항보고서(전환사채권발행결정),2021-11-19,KOSDAQ,5015.0,4675.0,4625.0,4655.0,-0.06779661016949157,-0.07776669990029905,-0.07178464606181456,
1253639,20211119000494,00204226,소프트센,032680,주요사항보고서(전환사채권발행결정),2021-11-19,KOSDAQ,5015.0,4675.0,4625.0,4655.0,-0.06779661016949157,-0.07776669990029905,-0.07178464606181456,
1032879,20221123900468,00204226,소프트센,032680,전환사채(해외전환사채포함)발행후만기전사채취득,2022-11-23,KOSDAQ,3025.0,3135.0,3115.0,3005.0,0.036363636363636376,0.02975206611570247,-0.006611570247933907,
797797,20231123900722,00204226,소프트센,032680,전환사채(해외전환사채포함)발행후만기전사채취득(제9회차),2023-11-23,KOSDAQ,3005.0,3005.0,2950.0,2880.0,0.0,-0.01830282861896837,-0.04159733777038266,
645105,20240523900367,00204226,소프트센,032680,전환사채(해외전환사채포함)발행후만기전사채취득              (제10회차),2024-05-23,KOSDAQ,3105.0,3090.0,3080.0,3195.0,-0.004830917874396157,-0.008051529790660261,0.02898550724637672,
640583,20240530001534,00204226,소프트센,032680,주요사항보고서(전환사채권발행결정),2024-05-31,KOSDAQ,3140.0,3100.0,3065.0,3045.0,-0.01273885350318471,-0.023885350318471388,-0.030254777070063743,
637000,20240531901444,00204226,소프트센,032680,전환사채(해외전환사채포함)발행후만기전사채취득              (제9회차),2024-05-31,KOSDAQ,3140.0,3100.0,3065.0,3045.0,-0.01273885350318471,-0.023885350318471388,-0.030254777070063743,
563225,20241031900457,00204226,소프트센,032680,전환사채(해외전환사채포함)발행후만기전사채취득              (제11회차),2024-10-31,KOSDAQ,2020.0,2000.0,2015.0,1940.0,-0.00990099009900991,-0.0024752475247524774,-0.03960396039603964,
1315138,20210701000413,01118281,피플바이오,304840,주요사항보고서(전환사채권발행결정),2021-07-01,KOSDAQ,24357.0,23763.0,23854.0,22986.0,-0.024387239807858063,-0.02065114751406172,-0.056287720162581545,
1248526,20211130900106,01118281,피플바이오,304840,소송등의판결ㆍ결정(전환사채발행금지가처분),2021-11-30,KOSDAQ,11973.0,13115.0,13709.0,13709.0,0.09538127453436895,0.14499290069322646,0.14499290069322646,
812009,20231027900834,01118281,피플바이오,304840,전환사채(해외전환사채포함)발행후만기전사채취득(제4회차),2023-10-27,KOSDAQ,4520.0,4490.0,3145.0,3440.0,-0.006637168141592875,-0.30420353982300885,-0.23893805309734517,
808492,20231106900651,01118281,피플바이오,304840,전환사채(해외전환사채포함)발행후만기전사채취득(제4회차),2023-11-06,KOSDAQ,3525.0,3395.0,3545.0,3190.0,-0.03687943262411353,0.005673758865248235,-0.09503546099290783,
793461,20231129900570,01118281,피플바이오,304840,전환사채(해외전환사채포함)발행후만기전사채취득(제4회차),2023-11-29,KOSDAQ,3275.0,3300.0,3250.0,3205.0,0.007633587786259444,-0.007633587786259555,-0.021374045801526687,
793460,20231129900571,01118281,피플바이오,304840,전환사채(해외전환사채포함)발행후만기전사채취득(제5회차),2023-11-29,KOSDAQ,3275.0,3300.0,3250.0,3205.0,0.007633587786259444,-0.007633587786259555,-0.021374045801526687,
618599,20240710000696,01118281,피플바이오,304840,주요사항보고서(전환사채권발행결정),2024-07-10,KOSDAQ,3640.0,3590.0,3645.0,3700.0,-0.013736263736263687,0.0013736263736263687,0.016483516483516425,
618597,20240710000702,01118281,피플바이오,304840,주요사항보고서(전환사채권발행결정),2024-07-10,KOSDAQ,3640.0,3590.0,3645.0,3700.0,-0.013736263736263687,0.0013736263736263687,0.016483516483516425,
310800,20251113000001,01118281,피플바이오,304840,주요사항보고서(전환사채권발행결정),2025-11-13,KOSDAQ,1728.0,2015.0,1930.0,1813.0,0.16608796296296302,0.11689814814814814,0.04918981481481488,
1315142,20210701000415,01222867,제테마,216080,주요사항보고서(전환사채권발행결정),2021-07-01,KOSDAQ,18487.0,18387.0,18211.0,18111.0,-0.005409206469410899,-0.014929409855574227,-0.020338616324985126,
1024493,20221207900482,01222867,제테마,216080,전환사채(해외전환사채포함)발행후만기전사채취득(제8회차),2022-12-07,KOSDAQ,7855.0,7855.0,7504.0,7304.0,0.0,-0.04468491406747299,-0.07014640356460855,
866582,20230704000387,01222867,제테마,216080,주요사항보고서(전환사채권발행결정),2023-07-04,KOSDAQ,10331.0,10807.0,11307.0,11157.0,0.0460749201432582,0.09447294550382335,0.07995353789565396,
865026,20230707900447,01222867,제테마,216080,전환사채(해외전환사채포함)발행후만기전사채취득,2023-07-07,KOSDAQ,11232.0,10807.0,11157.0,11507.0,-0.03783831908831914,-0.006677350427350404,0.02448361823361833,
819813,20231010900596,01222867,제테마,216080,전환사채(해외전환사채포함)발행후만기전사채취득,2023-10-10,KOSDAQ,9951.0,10306.0,10381.0,9466.0,0.03567480655210531,0.04321173751381768,-0.0487388202190735,
773264,20240108900525,01222867,제테마,216080,전환사채(해외전환사채포함)발행후만기전사채취득,2024-01-08,KOSDAQ,7780.0,8095.0,7875.0,7790.0,0.04048843187660678,0.012210796915167021,0.0012853470437017567,
680551,20240408900686,01222867,제테마,216080,전환사채(해외전환사채포함)발행후만기전사채취득,2024-04-08,KOSDAQ,7024.0,6989.0,7239.0,7094.0,-0.0049829157175398375,0.030609339407744907,0.009965831435079675,
377711,20250625000490,01222867,제테마,216080,주요사항보고서(전환사채권발행결정),2025-06-25,KOSDAQ,6130.0,6220.0,6200.0,7350.0,0.014681892332789603,0.011419249592169667,0.19902120717781413,
371965,20250704900848,01222867,제테마,216080,전환사채(해외전환사채포함)발행후만기전사채취득,2025-07-04,KOSDAQ,7170.0,7190.0,7100.0,7190.0,0.002789400278939924,-0.009762900976290068,0.002789400278939924,
324678,20251010900403,01222867,제테마,216080,전환사채(해외전환사채포함)발행후만기전사채취득,2025-10-10,KOSDAQ,6080.0,6030.0,5990.0,5650.0,-0.008223684210526327,-0.014802631578947345,-0.07072368421052633,
115071,20260619000502,01222867,제테마,216080,주요사항보고서(전환사채권발행결정),2026-06-19,KOSDAQ,4630.0,4660.0,4515.0,4255.0,0.00647948164146861,-0.024838012958963263,-0.08099352051835851,
1315119,20210701000422,00533924,이브이첨단소재,131400,주요사항보고서(전환사채권발행결정),2021-07-01,KOSDAQ,4975.0,5053.0,5114.0,4794.0,0.01567839195979892,0.02793969849246225,-0.03638190954773868,
1313910,20210705900504,00533924,이브이첨단소재,131400,증권발행결과(자율공시)(제7회 무기명식 이권부 무보증 사모 전환사채),2021-07-05,KOSDAQ,5114.0,5157.0,5062.0,4802.0,0.008408290965975729,-0.010168165819319563,-0.06100899491591705,
1264378,20211029900688,00533924,이브이첨단소재,131400,"전환사채(해외전환사채포함)발행후만기전사채취득(제4, 5회차)",2021-10-29,KOSDAQ,2997.0,2980.0,2971.0,2937.0,-0.005672339005672322,-0.008675342008675369,-0.020020020020020013,
935717,20230404900496,00533924,이브이첨단소재,131400,전환사채(해외전환사채포함)발행후만기전사채취득,2023-04-04,KOSDAQ,3585.0,4080.0,4165.0,7340.0,0.13807531380753146,0.1617852161785216,1.0474198047419803,
554802,20241114002262,00533924,이브이첨단소재,131400,주요사항보고서(전환사채권발행결정),2024-11-14,KOSDAQ,1950.0,1921.0,1980.0,2125.0,-0.014871794871794908,0.01538461538461533,0.08974358974358965,
249974,20260219900659,00533924,이브이첨단소재,131400,전환사채(해외전환사채포함)발행후만기전사채취득,2026-02-19,KOSDAQ,1781.0,1738.0,1728.0,1764.0,-0.024143739472206605,-0.029758562605277983,-0.009545199326221221,
1314816,20210702000169,01201970,셀레스트라,352770,주요사항보고서(전환사채권발행결정),2021-07-02,KOSDAQ,137940.0,146295.0,147180.0,152880.0,0.060569812962157465,0.06698564593301426,0.10830795998260112,
864996,20230707900406,01201970,셀레스트라,352770,전환사채(해외전환사채포함)발행후만기전사채취득(제1회차),2023-07-07,KOSDAQ,54840.0,55650.0,55140.0,47205.0,0.014770240700218817,0.00547045951859948,-0.13922319474835887,
819756,20231010900616,01201970,셀레스트라,352770,전환사채(해외전환사채포함)발행후만기전사채취득(제1회차),2023-10-10,KOSDAQ,33075.0,34275.0,35100.0,32625.0,0.03628117913832196,0.061224489795918435,-0.013605442176870763,
782718,20231215000532,01201970,셀레스트라,352770,주요사항보고서(전환사채권발행결정),2023-12-18,KOSDAQ,38700.0,39000.0,37050.0,38700.0,0.007751937984496138,-0.04263565891472865,0.0,
782716,20231215000536,01201970,셀레스트라,352770,주요사항보고서(전환사채권발행결정),2023-12-18,KOSDAQ,38700.0,39000.0,37050.0,38700.0,0.007751937984496138,-0.04263565891472865,0.0,
773407,20240108900299,01201970,셀레스트라,352770,전환사채(해외전환사채포함)발행후만기전사채취득(제1회차),2024-01-08,KOSDAQ,41850.0,41250.0,39825.0,37650.0,-0.014336917562724039,-0.048387096774193505,-0.10035842293906805,
650241,20240514001349,01201970,셀레스트라,352770,주요사항보고서(전환사채권발행결정),2024-05-14,KOSDAQ,21540.0,23235.0,23535.0,25260.0,0.07869080779944282,0.09261838440111414,0.1727019498607243,
607070,20240807000480,01201970,셀레스트라,352770,주요사항보고서(전환사채권발행결정),2024-08-07,KOSDAQ,17880.0,17430.0,19545.0,18105.0,-0.025167785234899376,0.09312080536912748,0.012583892617449743,
475778,20250317901221,01201970,셀레스트라,352770,전환사채(해외전환사채포함)발행후만기전사채취득,2025-03-17,KOSDAQ,8910.0,7530.0,9780.0,8760.0,-0.15488215488215484,0.09764309764309775,-0.01683501683501687,
435101,20250407900453,01201970,셀레스트라,352770,전환사채(해외전환사채포함)발행후만기전사채취득              (제4회차),2025-04-07,KOSDAQ,5250.0,5250.0,5250.0,5250.0,0.0,0.0,0.0,
435100,20250407900454,01201970,셀레스트라,352770,전환사채(해외전환사채포함)발행후만기전사채취득              (제5회차),2025-04-07,KOSDAQ,5250.0,5250.0,5250.0,5250.0,0.0,0.0,0.0,
427824,20250409900202,01201970,셀레스트라,352770,전환사채(해외전환사채포함)발행후만기전사채취득              (제4회차),2025-04-09,KOSDAQ,5250.0,5250.0,5250.0,5250.0,0.0,0.0,0.0,
404230,20250508900722,01201970,셀레스트라,352770,전환사채(해외전환사채포함)발행후만기전사채취득              (제2회차),2025-05-08,KOSDAQ,5250.0,5250.0,5250.0,5250.0,0.0,0.0,0.0,
1314490,20210702900599,00136101,메이슨캐피탈,021880,전환사채(해외전환사채포함)발행후만기전사채취득(제4회차),2021-07-02,KOSDAQ,672.0,659.0,662.0,637.0,-0.019345238095238138,-0.014880952380952328,-0.05208333333333337,
1052016,20221013900229,00136101,메이슨캐피탈,021880,전환사채(해외전환사채포함)발행후만기전사채취득(제4회차),2022-10-13,KOSDAQ,360.0,364.0,364.0,408.0,0.011111111111111072,0.011111111111111072,0.1333333333333333,
1314471,20210702900613,00552859,HLB테라퓨틱스,115450,전환사채(해외전환사채포함)발행후만기전사채취득,2021-07-02,KOSDAQ,5013.0,5354.0,5162.0,4821.0,0.06802313983642527,0.02972272092559347,-0.0383004189108318,
1304373,20210728900462,00552859,HLB테라퓨틱스,115450,기타주요경영사항(제12회차 전환사채권 발행결정 철회),2021-07-28,KOSDAQ,4287.0,4437.0,4351.0,4415.0,0.034989503149055246,0.01492885467693017,0.029857709353860562,
1281558,20210913000228,00552859,HLB테라퓨틱스,115450,주요사항보고서(전환사채권발행결정),2021-09-13,KOSDAQ,5887.0,7124.0,7147.0,7658.0,0.21012400203838966,0.2140309155766944,0.300832342449465,
1281540,20210913000247,00552859,HLB테라퓨틱스,115450,주요사항보고서(전환사채권발행결정),2021-09-13,KOSDAQ,5887.0,7124.0,7147.0,7658.0,0.21012400203838966,0.2140309155766944,0.300832342449465,
874459,20230616000541,00552859,HLB테라퓨틱스,115450,주요사항보고서(전환사채권발행결정),2023-06-16,KOSDAQ,4560.0,4402.0,4420.0,4284.0,-0.034649122807017596,-0.030701754385964897,-0.06052631578947365,
842923,20230816900444,00552859,HLB테라퓨틱스,115450,전환사채(해외전환사채포함)발행후만기전사채취득(제13회차),2023-08-16,KOSDAQ,3556.0,3459.0,3341.0,3236.0,-0.02727784026996627,-0.06046119235095615,-0.08998875140607421,
827365,20230918900378,00552859,HLB테라퓨틱스,115450,전환사채(해외전환사채포함)발행후만기전사채취득(제14회차),2023-09-18,KOSDAQ,3393.0,3403.0,3279.0,3047.0,0.0029472443265545767,-0.03359858532272331,-0.10197465369879166,
800559,20231116900262,00552859,HLB테라퓨틱스,115450,전환사채(해외전환사채포함)발행후만기전사채취득(제13회차),2023-11-16,KOSDAQ,3147.0,3147.0,3162.0,3437.0,0.0,0.004766444232602529,0.09215125516364786,
717144,20240322000398,00552859,HLB테라퓨틱스,115450,주요사항보고서(전환사채권발행결정),2024-03-22,KOSDAQ,10710.0,12607.0,13251.0,12270.0,0.17712418300653598,0.23725490196078436,0.14565826330532206,
553894,20241115000294,00552859,HLB테라퓨틱스,115450,주요사항보고서(전환사채권발행결정),2024-11-15,KOSDAQ,8631.0,10183.0,8895.0,9884.0,0.17981693894102646,0.03058741744873128,0.14517437145174372,
496991,20250226004571,00552859,HLB테라퓨틱스,115450,주요사항보고서(전환사채권발행결정),2025-02-26,KOSDAQ,9394.0,10185.0,9861.0,9460.0,0.0842026825633384,0.04971258249946775,0.007025761124121788,
379911,20250620000292,00552859,HLB테라퓨틱스,115450,주요사항보고서(전환사채권발행결정),2025-06-20,KOSDAQ,9003.0,8660.0,6069.0,4549.0,-0.03809841164056427,-0.3258913695434855,-0.49472398089525715,
326090,20251001900664,00552859,HLB테라퓨틱스,115450,전환사채(해외전환사채포함)발행후만기전사채취득,2025-10-01,KOSDAQ,2877.0,2915.0,2839.0,2920.0,0.013208202989224871,-0.013208202989224871,0.014946124435175623,
304483,20251120000562,00552859,HLB테라퓨틱스,115450,주요사항보고서(전환사채권발행결정),2025-11-20,KOSDAQ,2986.0,2967.0,2939.0,2944.0,-0.006363027461486981,-0.015740120562625637,-0.014065639651707929,
278826,20260102900636,00552859,HLB테라퓨틱스,115450,전환사채(해외전환사채포함)발행후만기전사채취득,2026-01-02,KOSDAQ,2953.0,3096.0,3167.0,3063.0,0.04842533017270578,0.07246867592279038,0.0372502539790045,
62219,20260401901555,00552859,HLB테라퓨틱스,115450,전환사채(해외전환사채포함)발행후만기전사채취득,2026-04-01,KOSDAQ,3070.0,2965.0,3010.0,3080.0,-0.03420195439739415,-0.019543973941368087,0.0032573289902280145,
1314123,20210705000102,00105040,뉴인텍,012340,주요사항보고서(전환사채권발행결정),2021-07-05,KOSDAQ,17310.0,16944.0,16654.0,16963.0,-0.02114384748700171,-0.03789716926632003,-0.020046216060080835,
819880,20231010900490,00105040,뉴인텍,012340,전환사채(해외전환사채포함)발행후만기전사채취득,2023-10-10,KOSDAQ,5932.0,6077.0,6101.0,5908.0,0.02444369521240719,0.028489548213081584,-0.004045853000674282,
642839,20240529000337,00105040,뉴인텍,012340,주요사항보고서(전환사채권발행결정),2024-05-29,KOSDAQ,3877.0,3800.0,3795.0,3752.0,-0.019860717049264842,-0.021150374000515892,-0.03224142378127415,
1313965,20210705000222,01038693,드림시큐리티,203650,주요사항보고서(전환사채권발행결정),2021-07-05,KOSDAQ,2709.0,2664.0,2694.0,2559.0,-0.01661129568106312,-0.0055370985603543366,-0.0553709856035437,
865014,20230707900461,01038693,드림시큐리티,203650,전환사채(해외전환사채포함)발행후만기전사채취득,2023-07-07,KOSDAQ,1672.0,1684.0,1712.0,1742.0,0.0071770334928229484,0.02392344497607657,0.04186602870813405,
819799,20231010900612,01038693,드림시큐리티,203650,전환사채(해외전환사채포함)발행후만기전사채취득,2023-10-10,KOSDAQ,1722.0,1786.0,1821.0,1717.0,0.03716608594657367,0.057491289198606355,-0.0029036004645760505,
773200,20240108900610,01038693,드림시큐리티,203650,전환사채(해외전환사채포함)발행후만기전사채취득,2024-01-08,KOSDAQ,1826.0,1846.0,1844.0,1834.0,0.010952902519167473,0.009857612267250904,0.004381161007666945,
692186,20240403003428,01038693,드림시큐리티,203650,주요사항보고서(전환사채권발행결정),2024-04-03,KOSDAQ,1791.0,1786.0,1737.0,1664.0,-0.0027917364600781314,-0.03015075376884424,-0.07091010608598547,
681486,20240408900448,01038693,드림시큐리티,203650,전환사채(해외전환사채포함)발행후만기전사채취득,2024-04-08,KOSDAQ,1702.0,1677.0,1664.0,1597.0,-0.014688601645123422,-0.022326674500587562,-0.0616921269095182,
1313897,20210705000270,00122825,프리티,006490,주요사항보고서(전환사채권발행결정),2021-07-05,KOSPI,3065.0,3075.0,3055.0,3235.0,0.0032626427406199365,-0.0032626427406199365,0.055464926590538255,
1313895,20210705000271,00122825,프리티,006490,주요사항보고서(전환사채권발행결정),2021-07-05,KOSPI,3065.0,3075.0,3055.0,3235.0,0.0032626427406199365,-0.0032626427406199365,0.055464926590538255,
739062,20240304000103,00122825,프리티,006490,주요사항보고서(전환사채권발행결정),2024-03-04,KOSPI,1290.0,1229.0,1240.0,1189.0,-0.04728682170542631,-0.03875968992248058,-0.07829457364341086,
609094,20240801000283,00122825,프리티,006490,주요사항보고서(전환사채권발행결정),2024-08-01,KOSPI,1009.0,977.0,933.0,910.0,-0.031714568880079286,-0.07532210109018833,-0.09811694747274524,
574131,20241004000311,00122825,프리티,006490,주요사항보고서(전환사채권발행결정),2024-10-04,KOSPI,1660.0,1892.0,1850.0,2090.0,0.1397590361445784,0.1144578313253013,0.25903614457831314,
553545,20241118000144,00122825,프리티,006490,주요사항보고서(전환사채권발행결정),2024-11-18,KOSPI,1290.0,1311.0,1275.0,1360.0,0.016279069767441756,-0.011627906976744207,0.054263565891472965,
500235,20250221002488,00122825,프리티,006490,주요사항보고서(전환사채권발행결정),2025-02-21,KOSPI,1909.0,1872.0,1857.0,1900.0,-0.019381875327396547,-0.027239392352016778,-0.004714510214772094,
475914,20250317000795,00122825,프리티,006490,주요사항보고서(전환사채권발행결정),2025-03-17,KOSPI,1332.0,1391.0,1401.0,1327.0,0.04429429429429432,0.05180180180180183,-0.0037537537537537524,
411150,20250424000459,00122825,프리티,006490,주요사항보고서(전환사채권발행결정),2025-04-24,KOSPI,1545.0,1537.0,1562.0,1525.0,-0.00517799352750814,0.011003236245954673,-0.012944983818770184,
54045,20260403003861,00122825,인스코비,006490,주요사항보고서(전환사채권발행결정),2026-04-03,KOSPI,440.0,479.0,467.0,520.0,0.08863636363636362,0.06136363636363629,0.18181818181818188,
1313258,20210706000384,01109937,티앤알바이오팹,246710,[첨부추가]주요사항보고서(전환사채권발행결정),2021-07-06,KOSDAQ,17610.0,17257.0,15825.0,15117.0,-0.020045428733674098,-0.10136286201022149,-0.14156729131175472,
857631,20230726000146,01109937,티앤알바이오팹,246710,주요사항보고서(전환사채권발행결정),2023-07-26,KOSDAQ,7771.0,8386.0,8287.0,8499.0,0.07914039377171544,0.06640072062797575,0.09368163685497355,
852157,20230807900110,01109937,티앤알바이오팹,246710,[첨부추가]전환사채(해외전환사채포함)발행후만기전사채취득,2023-08-07,KOSDAQ,8358.0,8358.0,8704.0,8555.0,0.0,0.04139746350801632,0.02357023211294562,
613787,20240723000248,01109937,티앤알바이오팹,246710,주요사항보고서(전환사채권발행결정),2024-07-23,KOSDAQ,4486.0,4514.0,4401.0,4302.0,0.006241640659830683,-0.018947837717342875,-0.04101649576460098,
359361,20250804900305,01109937,티앤알바이오팹,246710,전환사채(해외전환사채포함)발행후만기전사채취득,2025-08-04,KOSDAQ,2161.0,2154.0,2044.0,2126.0,-0.003239241092086953,-0.05414160111059696,-0.016196205460434987,
315605,20251031900916,01109937,티앤알바이오팹,246710,전환사채(해외전환사채포함)발행후만기전사채취득,2025-10-31,KOSDAQ,1775.0,1647.0,1652.0,1194.0,-0.07211267605633798,-0.06929577464788728,-0.3273239436619718,
314914,20251104900177,01109937,티앤알바이오팹,246710,전환사채(해외전환사채포함)발행후만기전사채취득,2025-11-04,KOSDAQ,1652.0,1589.0,1241.0,1215.0,-0.03813559322033899,-0.24878934624697335,-0.26452784503631965,
293200,20251210900472,01109937,티앤알바이오팹,246710,전환사채(해외전환사채포함)발행후만기전사채취득,2025-12-10,KOSDAQ,3080.0,3265.0,3280.0,3385.0,0.060064935064935154,0.06493506493506485,0.09902597402597402,
1313330,20210706900722,00180865,디에이치엑스컴퍼니,031860,전환사채(해외전환사채포함)발행후만기전사채취득(제23회차),2021-07-06,KOSDAQ,16996.0,17128.0,17128.0,17456.0,0.007766533301953427,0.007766533301953427,0.027065191809837685,
1236619,20211221000447,00180865,디에이치엑스컴퍼니,031860,주요사항보고서(전환사채권발행결정),2021-12-21,KOSDAQ,15225.0,14765.0,14437.0,13781.0,-0.030213464696223324,-0.05175697865353035,-0.09484400656814451,
1205776,20220223900879,00180865,디에이치엑스컴퍼니,031860,기타경영사항(자율공시)(당사 발행 사모 전환사채 취득 후 재매각의 건),2022-02-23,KOSDAQ,19359.0,20803.0,19687.0,19687.0,0.07459062968128527,0.01694302391652469,0.01694302391652469,
1190245,20220311001123,00180865,디에이치엑스컴퍼니,031860,주요사항보고서(전환사채권발행결정),2022-03-11,KOSDAQ,19556.0,20934.0,20868.0,21853.0,0.07046430762937206,0.06708938433217426,0.11745755778277767,
1190244,20220311001135,00180865,디에이치엑스컴퍼니,031860,주요사항보고서(전환사채권발행결정),2022-03-11,KOSDAQ,19556.0,20934.0,20868.0,21853.0,0.07046430762937206,0.06708938433217426,0.11745755778277767,
1176470,20220323001328,00180865,디에이치엑스컴퍼니,031860,주요사항보고서(전환사채권발행결정),2022-03-23,KOSDAQ,24084.0,24543.0,24543.0,26446.0,0.01905829596412567,0.01905829596412567,0.09807340973260259,
1176469,20220323901878,00180865,디에이치엑스컴퍼니,031860,전환사채(해외전환사채포함)발행후만기전사채취득,2022-03-23,KOSDAQ,24084.0,24543.0,24543.0,26446.0,0.01905829596412567,0.01905829596412567,0.09807340973260259,
1013101,20221228000686,00180865,디에이치엑스컴퍼니,031860,주요사항보고서(전환사채권발행결정),2022-12-28,KOSDAQ,9450.0,9016.0,9226.0,9200.0,-0.045925925925925926,-0.02370370370370367,-0.02645502645502651,
950378,20230329902517,00180865,디에이치엑스컴퍼니,031860,전환사채(해외전환사채포함)발행후만기전사채취득(제23회차),2023-03-29,KOSDAQ,8281.0,8071.0,9318.0,9384.0,-0.025359256128486884,0.12522642192971856,0.13319647385581446,
877091,20230612900464,00180865,디에이치엑스컴퍼니,031860,전환사채(해외전환사채포함)발행후만기전사채취득(제29회차),2023-06-12,KOSDAQ,12075.0,12101.0,12088.0,10920.0,0.002153209109730936,0.0010766045548653569,-0.09565217391304348,
614617,20240719000503,00180865,디에이치엑스컴퍼니,031860,주요사항보고서(전환사채권발행결정),2024-07-19,KOSDAQ,1470.0,1387.0,1388.0,1395.0,-0.05646258503401358,-0.05578231292517011,-0.05102040816326525,
543542,20241204000363,00180865,디에이치엑스컴퍼니,031860,[첨부추가]주요사항보고서(전환사채권발행결정),2024-12-04,KOSDAQ,1403.0,1275.0,1020.0,1484.0,-0.09123307198859587,-0.2729864575908767,0.05773342836778328,
543565,20241204000374,00180865,디에이치엑스컴퍼니,031860,주요사항보고서(전환사채권발행결정),2024-12-04,KOSDAQ,1403.0,1275.0,1020.0,1484.0,-0.09123307198859587,-0.2729864575908767,0.05773342836778328,
101851,20260310003037,00180865,디에이치엑스컴퍼니,031860,주요사항보고서(전환사채권발행결정),2026-03-10,KOSDAQ,617.0,802.0,562.0,406.0,0.2998379254457051,-0.08914100486223664,-0.3419773095623987,
1312866,20210707000341,01214743,더네이쳐홀딩스,298540,주요사항보고서(전환사채권발행결정),2021-07-07,KOSDAQ,35000.0,35100.0,34950.0,36400.0,0.0028571428571428914,-0.0014285714285714457,0.040000000000000036,
1302167,20210803900265,01214743,더네이쳐홀딩스,298540,전환사채(해외전환사채포함)발행후만기전사채취득(제4회차 CB),2021-08-03,KOSDAQ,34100.0,34700.0,34750.0,33500.0,0.017595307917888547,0.019061583577712593,-0.017595307917888547,
1312774,20210707000411,00346610,시지메드텍,056090,주요사항보고서(전환사채권발행결정),2021-07-07,KOSDAQ,2072.0,1996.0,1998.0,2144.0,-0.03667953667953672,-0.0357142857142857,0.03474903474903468,
1212908,20220211000003,00346610,시지메드텍,056090,주요사항보고서(전환사채권발행결정),2022-02-11,KOSDAQ,4860.0,6300.0,8180.0,11000.0,0.2962962962962963,0.6831275720164609,1.263374485596708,
1212906,20220211000004,00346610,시지메드텍,056090,주요사항보고서(전환사채권발행결정),2022-02-11,KOSDAQ,4860.0,6300.0,8180.0,11000.0,0.2962962962962963,0.6831275720164609,1.263374485596708,
1212904,20220211000005,00346610,시지메드텍,056090,주요사항보고서(전환사채권발행결정),2022-02-11,KOSDAQ,4860.0,6300.0,8180.0,11000.0,0.2962962962962963,0.6831275720164609,1.263374485596708,
1004089,20230119900292,00346610,시지메드텍,056090,전환사채(해외전환사채포함)발행후만기전사채취득,2023-01-19,KOSDAQ,2360.0,2360.0,2360.0,2360.0,0.0,0.0,0.0,
861268,20230717900501,00346610,시지메드텍,056090,전환사채(해외전환사채포함)발행후만기전사채취득(제7회차),2023-07-17,KOSDAQ,2360.0,2360.0,2360.0,2360.0,0.0,0.0,0.0,
860820,20230718900389,00346610,시지메드텍,056090,전환사채(해외전환사채포함)발행후만기전사채취득(제8회차),2023-07-18,KOSDAQ,2360.0,2360.0,2360.0,2360.0,0.0,0.0,0.0,
860414,20230719900280,00346610,시지메드텍,056090,전환사채(해외전환사채포함)발행후만기전사채취득(제9회차),2023-07-19,KOSDAQ,2360.0,2360.0,2360.0,2360.0,0.0,0.0,0.0,
1312701,20210707000464,00632793,전진바이오팜,110020,주요사항보고서(전환사채권발행결정),2021-07-07,KOSDAQ,8390.0,8400.0,8530.0,8150.0,0.0011918951132301459,0.016686531585220488,-0.028605482717520836,
1246904,20211130001996,00632793,전진바이오팜,110020,주요사항보고서(전환사채권발행결정),2021-11-30,KOSDAQ,5680.0,5940.0,5980.0,6530.0,0.045774647887323994,0.052816901408450745,0.14964788732394374,
1125518,20220511900597,00632793,전진바이오팜,110020,"전환사채(해외전환사채포함)발행후만기전사채취득(제7,9회차)",2022-05-11,KOSDAQ,4800.0,4685.0,4690.0,4590.0,-0.023958333333333304,-0.022916666666666696,-0.043749999999999956,
1052939,20221011900682,00632793,전진바이오팜,110020,전환사채(해외전환사채포함)발행후만기전사채취득,2022-10-11,KOSDAQ,3740.0,3720.0,3715.0,3685.0,-0.005347593582887722,-0.006684491978609652,-0.014705882352941124,
1022451,20221212900589,00632793,전진바이오팜,110020,전환사채(해외전환사채포함)발행후만기전사채취득,2022-12-12,KOSDAQ,3995.0,4005.0,3995.0,3995.0,0.0025031289111390187,0.0,0.0,
962811,20230320901008,00632793,전진바이오팜,110020,전환사채(해외전환사채포함)발행후만기전사채취득,2023-03-20,KOSDAQ,4300.0,4195.0,4280.0,4160.0,-0.024418604651162745,-0.0046511627906976605,-0.032558139534883734,
817674,20231016000004,00632793,전진바이오팜,110020,주요사항보고서(전환사채권발행결정),2023-10-16,KOSDAQ,8840.0,7600.0,7510.0,8150.0,-0.14027149321266963,-0.15045248868778283,-0.07805429864253388,
632459,20240613900543,00632793,전진바이오팜,110020,기타주요경영사항              (제10회 전환사채 발행결정 철회),2024-06-13,KOSDAQ,3530.0,3495.0,3350.0,4425.0,-0.009915014164305958,-0.05099150141643061,0.2535410764872521,
1312929,20210707900271,00364403,쏠리드,050890,전환사채(해외전환사채포함)발행후만기전사채취득,2021-07-07,KOSDAQ,6950.0,6730.0,7040.0,7550.0,-0.031654676258992764,0.012949640287769792,0.08633093525179847,
1312724,20210707900437,00536541,에코프로,086520,수시공시의무관련사항(공정공시)(전환사채권 발행 계획),2021-07-07,KOSDAQ,8830.0,8409.0,8904.0,9829.0,-0.04767836919592294,0.008380520951302373,0.11313703284258203,
1305854,20210723000400,00536541,에코프로,086520,주요사항보고서(전환사채권발행결정),2021-07-23,KOSDAQ,12408.0,13268.0,13286.0,13455.0,0.06931012250161195,0.07076079948420366,0.08438104448742756,
902602,20230427900511,00536541,에코프로,086520,전환사채(해외전환사채포함)발행후만기전사채취득,2023-04-27,KOSDAQ,139108.0,143229.0,143817.0,125178.0,0.02962446444489175,0.033851396037611,-0.10013802225608881,
868345,20230630900467,00536541,에코프로,086520,주요사항보고서(전환사채권발행결정)(자회사의 주요경영사항)(제5회차),2023-06-30,KOSDAQ,147938.0,178153.0,173837.0,192280.0,0.2042409658100015,0.17506658194649116,0.2997336722140356,
1312289,20210708000240,01182408,소프트캠프,258790,주요사항보고서(전환사채권발행결정),2021-07-08,KOSDAQ,21505.0,19980.0,19735.0,18780.0,-0.07091374099046732,-0.0823064403627064,-0.12671471750755636,
863142,20230712900402,01182408,소프트캠프,258790,전환사채(해외전환사채포함)발행후만기전사채취득,2023-07-12,KOSDAQ,8315.0,8400.0,8255.0,8110.0,0.010222489476849006,-0.007215874924834664,-0.024654239326518335,
818620,20231012900331,01182408,소프트캠프,258790,전환사채(해외전환사채포함)발행후만기전사채취득,2023-10-12,KOSDAQ,7375.0,7420.0,7680.0,7295.0,0.006101694915254141,0.041355932203389845,-0.010847457627118695,
1312180,20210708000329,01047451,셀바스헬스케어,208370,주요사항보고서(전환사채권발행결정),2021-07-08,KOSDAQ,2659.0,2625.0,2674.0,2775.0,-0.01278676194057915,0.005641218503196654,0.04362542309138773,
1093710,20220711900180,01047451,셀바스헬스케어,208370,전환사채(해외전환사채포함)발행후만기전사채취득(제2회차),2022-07-11,KOSDAQ,2219.0,2132.0,2176.0,2263.0,-0.03920684993240198,-0.019378098242451514,0.019828751689950463,
1312133,20210708000377,00363510,제이케이시냅스,060230,주요사항보고서(전환사채권발행결정),2021-07-08,KOSDAQ,25463.0,24206.0,27813.0,25518.0,-0.04936574637709623,0.0922907748497821,0.0021599968581864637,
1275660,20210930000476,00363510,제이케이시냅스,060230,주요사항보고서(전환사채권발행결정),2021-09-30,KOSDAQ,22075.0,22075.0,20709.0,20764.0,0.0,-0.06187995469988672,-0.059388448471121125,
1209726,20220216001250,00363510,제이케이시냅스,060230,주요사항보고서(전환사채권발행결정),2022-02-17,KOSDAQ,13932.0,13932.0,13769.0,12676.0,0.0,-0.011699684180304315,-0.09015216767154755,
1100209,20220627000383,00363510,제이케이시냅스,060230,주요사항보고서(전환사채권발행결정),2022-06-27,KOSDAQ,9214.0,8853.0,8754.0,7424.0,-0.039179509442153204,-0.049924028652051256,-0.19426958975472108,
1084395,20220802900351,00363510,제이케이시냅스,060230,전환사채(해외전환사채포함)발행후만기전사채취득,2022-08-02,KOSDAQ,7708.0,7697.0,7882.0,9126.0,-0.0014270887389724596,0.022573949143746663,0.18396471198754538,
1005721,20230116000001,00363510,제이케이시냅스,060230,주요사항보고서(전환사채권발행결정),2023-01-16,KOSDAQ,8996.0,9388.0,9715.0,8624.0,0.04357492218763892,0.07992441084926627,-0.041351711871943087,
996418,20230208900628,00363510,제이케이시냅스,060230,전환사채(해외전환사채포함)발행후만기전사채취득,2023-02-08,KOSDAQ,11681.0,10481.0,9902.0,9837.0,-0.10273093057101279,-0.15229860457152644,-0.15786319664412296,
977763,20230306900870,00363510,제이케이시냅스,060230,전환사채(해외전환사채포함)발행후만기전사채취득,2023-03-06,KOSDAQ,10250.0,10403.0,12774.0,11377.0,0.014926829268292696,0.2462439024390244,0.10995121951219522,
950700,20230329902268,00363510,제이케이시냅스,060230,전환사채(해외전환사채포함)발행후만기전사채취득,2023-03-29,KOSDAQ,11857.0,11551.0,12621.0,12076.0,-0.025807539849877714,0.06443451125917177,0.018470102049422232,
866465,20230704000484,00363510,제이케이시냅스,060230,주요사항보고서(전환사채권발행결정),2023-07-04,KOSDAQ,11310.0,11136.0,10622.0,10743.0,-0.01538461538461533,-0.06083112290008841,-0.050132625994694924,
830640,20230908000489,00363510,제이케이시냅스,060230,주요사항보고서(전환사채권발행결정),2023-09-08,KOSDAQ,7412.0,7107.0,7107.0,7107.0,-0.04114948731786294,-0.04114948731786294,-0.04114948731786294,
801133,20231115000293,00363510,제이케이시냅스,060230,주요사항보고서(전환사채권발행결정),2023-11-15,KOSDAQ,5196.0,5196.0,4934.0,4944.0,0.0,-0.05042340261739797,-0.0484988452655889,
776409,20231229900235,00363510,제이케이시냅스,060230,전환사채(해외전환사채포함)발행후만기전사채취득,2023-12-29,KOSDAQ,4474.0,4430.0,4410.0,4563.0,-0.009834599910594544,-0.014304872597228457,0.019892713455520683,
728882,20240313902465,00363510,제이케이시냅스,060230,전환사채(해외전환사채포함)발행후만기전사채취득,2024-03-13,KOSDAQ,4682.0,4573.0,4573.0,5677.0,-0.02328064929517304,-0.02328064929517304,0.2125160187953865,
596998,20240819900519,00363510,제이케이시냅스,060230,전환사채(해외전환사채포함)발행후만기전사채취득,2024-08-19,KOSDAQ,2563.0,2563.0,2563.0,2563.0,0.0,0.0,0.0,
584358,20240906000667,00363510,제이케이시냅스,060230,주요사항보고서(전환사채권발행결정),2024-09-09,KOSDAQ,2563.0,2563.0,2563.0,2563.0,0.0,0.0,0.0,
580985,20240913000765,00363510,제이케이시냅스,060230,주요사항보고서(전환사채권발행결정),2024-09-13,KOSDAQ,2563.0,2563.0,2563.0,2563.0,0.0,0.0,0.0,
578111,20240925900440,00363510,제이케이시냅스,060230,전환사채(해외전환사채포함)발행후만기전사채취득,2024-09-25,KOSDAQ,2563.0,2563.0,2563.0,1927.0,0.0,0.0,-0.24814670308232545,
575287,20240930900903,00363510,제이케이시냅스,060230,전환사채(해외전환사채포함)발행후만기전사채취득,2024-09-30,KOSDAQ,2282.0,2097.0,1927.0,1881.0,-0.0810692375109553,-0.15556529360210347,-0.17572304995617882,
574758,20241002000348,00363510,제이케이시냅스,060230,주요사항보고서(전환사채권발행결정),2024-10-02,KOSDAQ,2097.0,1927.0,1936.0,1795.0,-0.08106819265617549,-0.07677634716261328,-0.14401525989508823,
542373,20241206900564,00363510,제이케이시냅스,060230,전환사채(해외전환사채포함)발행후만기전사채취득,2024-12-06,KOSDAQ,1997.0,1879.0,2150.0,2269.0,-0.059088632949424125,0.07661492238357526,0.13620430645968962,
532775,20241220900674,00363510,제이케이시냅스,060230,전환사채(해외전환사채포함)발행후만기전사채취득,2024-12-20,KOSDAQ,2108.0,2108.0,2188.0,1938.0,0.0,0.03795066413662229,-0.08064516129032262,
529208,20241230000001,00363510,제이케이시냅스,060230,주요사항보고서(전환사채권발행결정),2024-12-30,KOSDAQ,1938.0,1993.0,2016.0,1888.0,0.028379772961816263,0.04024767801857587,-0.02579979360165119,
528135,20241231900292,00363510,제이케이시냅스,060230,전환사채(해외전환사채포함)발행후만기전사채취득,2024-12-31,KOSDAQ,1993.0,2016.0,1988.0,1982.0,0.011540391369794234,-0.0025087807325639977,-0.005519317611640706,
527811,20241231900618,00363510,제이케이시냅스,060230,전환사채(해외전환사채포함)발행후만기전사채취득,2024-12-31,KOSDAQ,1993.0,2016.0,1988.0,1982.0,0.011540391369794234,-0.0025087807325639977,-0.005519317611640706,
525813,20250107900407,00363510,제이케이시냅스,060230,전환사채(해외전환사채포함)발행후만기전사채취득,2025-01-07,KOSDAQ,1974.0,1888.0,1982.0,2125.0,-0.0435663627152989,0.004052684903748771,0.0764944275582573,
516867,20250131900209,00363510,제이케이시냅스,060230,전환사채(해외전환사채포함)발행후만기전사채취득,2025-01-31,KOSDAQ,2053.0,2064.0,2064.0,2014.0,0.005358012664393508,0.005358012664393508,-0.018996590355577214,
506426,20250214900009,00363510,제이케이시냅스,060230,전환사채(해외전환사채포함)발행후만기전사채취득              (제25회차 및 제27회차),2025-02-14,KOSDAQ,1951.0,1957.0,1959.0,1936.0,0.003075345976422339,0.004100461301896452,-0.0076883649410558474,
485010,20250310901495,00363510,제이케이시냅스,060230,전환사채(해외전환사채포함)발행후만기전사채취득              (제26회차),2025-03-10,KOSDAQ,1321.0,1632.0,1659.0,1416.0,0.23542770628311893,0.2558667676003028,0.0719152157456473,
485009,20250310901496,00363510,제이케이시냅스,060230,전환사채(해외전환사채포함)발행후만기전사채취득              (제27회차),2025-03-10,KOSDAQ,1321.0,1632.0,1659.0,1416.0,0.23542770628311893,0.2558667676003028,0.0719152157456473,
480444,20250313901219,00363510,제이케이시냅스,060230,전환사채(해외전환사채포함)발행후만기전사채취득              (제25회차),2025-03-13,KOSDAQ,1590.0,1525.0,1416.0,1435.0,-0.04088050314465408,-0.10943396226415092,-0.09748427672955973,
437364,20250404901119,00363510,제이케이시냅스,060230,전환사채(해외전환사채포함)발행후만기전사채취득              (제26회차),2025-04-04,KOSDAQ,1418.0,1342.0,1334.0,1294.0,-0.053596614950634724,-0.05923836389280679,-0.08744710860366711,
428890,20250409900001,00363510,제이케이시냅스,060230,전환사채(해외전환사채포함)발행후만기전사채취득              (제25회차 및 제27회차),2025-04-09,KOSDAQ,1298.0,1327.0,1294.0,1286.0,0.022342064714946153,-0.0030816640986132127,-0.009244992295839749,
410184,20250425900579,00363510,제이케이시냅스,060230,전환사채(해외전환사채포함)발행후만기전사채취득              (제27회차),2025-04-25,KOSDAQ,1126.0,1113.0,1122.0,1080.0,-0.011545293072824148,-0.003552397868561319,-0.04085257548845467,
395104,20250522900438,00363510,제이케이시냅스,060230,전환사채(해외전환사채포함)발행후만기전사채취득              (제27회차),2025-05-22,KOSDAQ,983.0,988.0,912.0,897.0,0.0050864699898269805,-0.0722278738555443,-0.08748728382502546,
388726,20250530900984,00363510,제이케이시냅스,060230,전환사채(해외전환사채포함)발행후만기전사채취득              (제31회차 및 제32회차 CB),2025-05-30,KOSDAQ,891.0,904.0,895.0,948.0,0.014590347923681302,0.004489337822671136,0.06397306397306401,
382664,20250613900305,00363510,제이케이시냅스,060230,전환사채(해외전환사채포함)발행후만기전사채취득              (제25회차),2025-06-13,KOSDAQ,929.0,927.0,920.0,914.0,-0.0021528525296017342,-0.009687836383207804,-0.016146393972012896,
375603,20250627900930,00363510,제이케이시냅스,060230,전환사채(해외전환사채포함)발행후만기전사채취득              (제25회차),2025-06-27,KOSDAQ,946.0,973.0,969.0,1139.0,0.02854122621564481,0.024312896405919604,0.20401691331923888,
362032,20250730900461,00363510,제이케이시냅스,060230,전환사채(해외전환사채포함)발행후만기전사채취득              (제27회차),2025-07-30,KOSDAQ,933.0,946.0,908.0,927.0,0.013933547695605508,-0.026795284030010746,-0.006430868167202619,
361381,20250731900235,00363510,제이케이시냅스,060230,전환사채(해외전환사채포함)발행후만기전사채취득              (제25회차),2025-07-31,KOSDAQ,946.0,908.0,914.0,927.0,-0.04016913319238902,-0.03382663847780132,-0.02008456659619451,
354144,20250813900560,00363510,제이케이시냅스,060230,전환사채(해외전환사채포함)발행후만기전사채취득              (제25회차),2025-08-13,KOSDAQ,1025.0,958.0,935.0,906.0,-0.06536585365853653,-0.08780487804878045,-0.11609756097560975,
327338,20250930900513,00363510,제이케이시냅스,060230,전환사채(해외전환사채포함)발행후만기전사채취득              (제27회차),2025-09-30,KOSDAQ,740.0,690.0,711.0,711.0,-0.06756756756756754,-0.03918918918918923,-0.03918918918918923,
316094,20251031900335,00363510,제이케이시냅스,060230,전환사채(해외전환사채포함)발행후만기전사채취득              (제30회차),2025-10-31,KOSDAQ,711.0,711.0,649.0,625.0,0.0,-0.08720112517580869,-0.1209563994374121,
305420,20251119900116,00363510,제이케이시냅스,060230,전환사채(해외전환사채포함)발행후만기전사채취득              (제30회차),2025-11-19,KOSDAQ,489.0,499.0,481.0,534.0,0.020449897750511203,-0.01635991820040905,0.09202453987730053,
298928,20251128900427,00363510,제이케이시냅스,060230,전환사채(해외전환사채포함)발행후만기전사채취득              (제30회차),2025-11-28,KOSDAQ,547.0,581.0,576.0,627.0,0.06215722120658129,0.05301645338208405,0.1462522851919561,
295029,20251205900230,00363510,제이케이시냅스,060230,전환사채(해외전환사채포함)발행후만기전사채취득              (제25회차),2025-12-05,KOSDAQ,627.0,626.0,626.0,593.0,-0.0015948963317384823,-0.0015948963317384823,-0.054226475279106845,
294473,20251208900209,00363510,제이케이시냅스,060230,전환사채(해외전환사채포함)발행후만기전사채취득              (제30회차),2025-12-08,KOSDAQ,626.0,626.0,611.0,604.0,0.0,-0.02396166134185307,-0.03514376996805113,
266781,20260129000001,00363510,제이케이시냅스,060230,주요사항보고서(전환사채권발행결정),2026-01-29,KOSDAQ,799.0,825.0,756.0,707.0,0.03254067584480591,-0.053817271589486904,-0.11514392991239053,
1312073,20210708000456,01063954,수젠텍,253840,주요사항보고서(전환사채권발행결정),2021-07-08,KOSDAQ,25850.0,26200.0,28000.0,25250.0,0.013539651837524147,0.0831721470019342,-0.023210831721469982,
1308655,20210716900347,01063954,수젠텍,253840,증권발행결과(자율공시)(제2회 무기명 이권부 무보증 사모 전환사채),2021-07-16,KOSDAQ,23450.0,23500.0,24050.0,21950.0,0.002132196162046851,0.02558635394456288,-0.0639658848614072,
861374,20230717900413,01063954,수젠텍,253840,전환사채(해외전환사채포함)발행후만기전사채취득,2023-07-17,KOSDAQ,6890.0,7170.0,6870.0,7410.0,0.04063860667634245,-0.002902757619738794,0.07547169811320753,
817333,20231016900481,01063954,수젠텍,253840,전환사채(해외전환사채포함)발행후만기전사채취득,2023-10-16,KOSDAQ,6720.0,6840.0,6840.0,6470.0,0.017857142857142794,0.017857142857142794,-0.03720238095238093,
769829,20240116900435,01063954,수젠텍,253840,전환사채(해외전환사채포함)발행후만기전사채취득,2024-01-16,KOSDAQ,7170.0,6960.0,6900.0,6990.0,-0.029288702928870314,-0.03765690376569042,-0.025104602510460206,
665769,20240416900480,01063954,수젠텍,253840,전환사채(해외전환사채포함)발행후만기전사채취득,2024-04-16,KOSDAQ,5720.0,5700.0,5720.0,5630.0,-0.0034965034965035446,0.0,-0.01573426573426573,
1312078,20210708900474,00155586,HLB이노베이션,024850,기타주요경영사항(제1회차 전환사채권 발행결정 철회),2021-07-08,KOSDAQ,11650.0,11475.0,11300.0,10875.0,-0.015021459227467782,-0.030042918454935674,-0.0665236051502146,
999137,20230201000400,00155586,HLB이노베이션,024850,주요사항보고서(전환사채권발행결정),2023-02-01,KOSDAQ,6355.0,8260.0,10725.0,12675.0,0.29976396538158934,0.6876475216365068,0.9944925255704169,
999101,20230201000402,00155586,HLB이노베이션,024850,주요사항보고서(전환사채권발행결정),2023-02-02,KOSDAQ,8260.0,10725.0,12300.0,13950.0,0.29842615012106544,0.4891041162227603,0.6888619854721549,
525195,20250108000347,00155586,HLB이노베이션,024850,주요사항보고서(전환사채권발행결정),2025-01-08,KOSDAQ,13650.0,13600.0,13800.0,12825.0,-0.00366300366300365,0.01098901098901095,-0.06043956043956045,
15395,20260506000681,00155586,HLB이노베이션,024850,주요사항보고서(전환사채권발행결정),2026-05-06,KOSDAQ,24800.0,22950.0,20900.0,23150.0,-0.07459677419354838,-0.157258064516129,-0.06653225806451613,
1311695,20210709000198,00269612,파워로직스,047310,주요사항보고서(전환사채권발행결정),2021-07-09,KOSDAQ,9250.0,9190.0,9230.0,9360.0,-0.006486486486486531,-0.00216216216216214,0.011891891891891992,
1311610,20210709000260,00111111,대양금속,009190,주요사항보고서(전환사채권발행결정),2021-07-09,KOSPI,6010.0,5950.0,5760.0,5500.0,-0.009983361064891838,-0.04159733777038266,-0.08485856905158073,
1249345,20211129000872,00111111,대양금속,009190,주요사항보고서(전환사채권발행결정),2021-11-29,KOSPI,4650.0,4655.0,4635.0,4900.0,0.0010752688172042113,-0.003225806451612856,0.053763440860215006,
1048969,20221020000438,00111111,대양금속,009190,주요사항보고서(전환사채권발행결정),2022-10-20,KOSPI,3320.0,3245.0,3215.0,3295.0,-0.02259036144578308,-0.031626506024096335,-0.0075301204819276935,
1024033,20221208000434,00111111,대양금속,009190,주요사항보고서(전환사채권발행결정),2022-12-08,KOSPI,3500.0,3430.0,3350.0,3400.0,-0.020000000000000018,-0.042857142857142816,-0.02857142857142858,
361623,20250731000002,00111111,대양금속,009190,주요사항보고서(전환사채권발행결정),2025-07-31,KOSPI,1504.0,1618.0,1677.0,1630.0,0.07579787234042556,0.11502659574468077,0.08377659574468077,
1311635,20210709000264,00366845,탑엔지니어링,065130,주요사항보고서(전환사채권발행결정),2021-07-09,KOSDAQ,8900.0,9020.0,9040.0,9050.0,0.01348314606741563,0.01573033707865168,0.016853932584269593,
1311390,20210709000505,00255275,HB테크놀러지,078150,주요사항보고서(전환사채권발행결정),2021-07-09,KOSDAQ,2855.0,3025.0,3025.0,3215.0,0.05954465849387036,0.05954465849387036,0.1260945709281962,
1310962,20210712000233,00198697,일진디스플,020760,주요사항보고서(전환사채권발행결정),2021-07-12,KOSPI,3722.0,3787.0,3782.0,3795.0,0.01746372917786143,0.016120365394948877,0.01961311123052112,
1005560,20230116000171,00198697,일진디스플,020760,주요사항보고서(전환사채권발행결정),2023-01-16,KOSPI,1295.0,1295.0,1300.0,1300.0,0.0,0.0038610038610038533,0.0038610038610038533,
1005234,20230117000136,00198697,일진디스플,020760,특수관계인에대한전환사채발행의결,2023-01-17,KOSPI,1295.0,1300.0,1300.0,1288.0,0.0038610038610038533,0.0038610038610038533,-0.00540540540540535,
618532,20240710000773,00198697,일진디스플,020760,주요사항보고서(전환사채권발행결정),2024-07-10,KOSPI,1067.0,1075.0,1076.0,1140.0,0.007497656982192957,0.008434864104967188,0.06841611996251173,
1310211,20210713000464,00447928,네오티스,085910,주요사항보고서(전환사채권발행결정),2021-07-13,KOSDAQ,5440.0,5200.0,5160.0,5040.0,-0.044117647058823484,-0.05147058823529416,-0.07352941176470584,
1239911,20211215901244,00447928,네오티스,085910,전환사채(해외전환사채포함)발행후만기전사채취득,2021-12-15,KOSDAQ,5070.0,5180.0,5220.0,5130.0,0.021696252465483346,0.029585798816567976,0.01183431952662728,
1229685,20220104900254,00447928,네오티스,085910,전환사채(해외전환사채포함)발행후만기전사채취득,2022-01-04,KOSDAQ,5700.0,5480.0,5310.0,5050.0,-0.038596491228070184,-0.06842105263157894,-0.11403508771929827,
616920,20240715900437,00447928,네오티스,085910,전환사채(해외전환사채포함)발행후만기전사채취득,2024-07-15,KOSDAQ,3460.0,3470.0,3550.0,3365.0,0.0028901734104045396,0.026011560693641522,-0.027456647398843903,
570801,20241014900550,00447928,네오티스,085910,전환사채(해외전환사채포함)발행후만기전사채취득,2024-10-14,KOSDAQ,3530.0,3540.0,3590.0,3520.0,0.0028328611898016387,0.016997167138810276,-0.0028328611898017497,
522840,20250114900391,00447928,네오티스,085910,전환사채(해외전환사채포함)발행후만기전사채취득,2025-01-14,KOSDAQ,3210.0,3190.0,3200.0,3165.0,-0.006230529595015577,-0.0031152647975077885,-0.014018691588784993,
1310168,20210713000486,01524507,핀텔,291810,주요사항보고서(전환사채권발행결정),2021-07-14,KOSDAQ,10850.0,11450.0,10050.0,8730.0,0.055299539170506895,-0.07373271889400923,-0.1953917050691244,
1310143,20210714000005,01524507,핀텔,291810,주요사항보고서(전환사채권발행결정),2021-07-14,KOSDAQ,10850.0,11450.0,10050.0,8730.0,0.055299539170506895,-0.07373271889400923,-0.1953917050691244,
315023,20251104000001,01524507,핀텔,291810,주요사항보고서(전환사채권발행결정),2025-11-04,KOSDAQ,3310.0,3880.0,3925.0,3760.0,0.17220543806646527,0.1858006042296072,0.13595166163142003,
26348,20260417900687,01524507,핀텔,291810,기타주요경영사항              (제3자배정 유상증자 및 제3회차 전환사채권 발행 결정 철회),2026-04-17,KOSDAQ,2080.0,2075.0,2000.0,1997.0,-0.0024038461538461453,-0.038461538461538436,-0.03990384615384612,
1309746,20210714000437,00390408,인크레더블버즈,064090,주요사항보고서(전환사채권발행결정),2021-07-14,KOSDAQ,3275.0,3130.0,3150.0,3150.0,-0.04427480916030535,-0.03816793893129766,-0.03816793893129766,
1244469,20211207000002,00390408,인크레더블버즈,064090,주요사항보고서(전환사채권발행결정),2021-12-07,KOSDAQ,2865.0,2530.0,2525.0,2380.0,-0.1169284467713787,-0.11867364746945896,-0.16928446771378713,
985829,20230224004393,00390408,인크레더블버즈,064090,주요사항보고서(전환사채권발행결정),2023-02-24,KOSDAQ,2405.0,2185.0,2135.0,2200.0,-0.09147609147609148,-0.11226611226611227,-0.08523908523908519,
666179,20240415900697,00390408,인크레더블버즈,064090,전환사채(해외전환사채포함)발행후만기전사채취득              (제22회차),2024-04-15,KOSDAQ,2855.0,2645.0,2770.0,2800.0,-0.0735551663747811,-0.02977232924693518,-0.019264448336252182,
656995,20240430900801,00390408,인크레더블버즈,064090,전환사채(해외전환사채포함)발행후만기전사채취득              (제22회차),2024-04-30,KOSDAQ,2910.0,2735.0,2700.0,3065.0,-0.06013745704467355,-0.07216494845360821,0.053264604810996596,
630998,20240618000002,00390408,인크레더블버즈,064090,주요사항보고서(전환사채권발행결정),2024-06-18,KOSDAQ,5000.0,5160.0,5040.0,6480.0,0.03200000000000003,0.008000000000000007,0.29600000000000004,
630997,20240618000003,00390408,인크레더블버즈,064090,주요사항보고서(전환사채권발행결정),2024-06-18,KOSDAQ,5000.0,5160.0,5040.0,6480.0,0.03200000000000003,0.008000000000000007,0.29600000000000004,
630996,20240618000004,00390408,인크레더블버즈,064090,주요사항보고서(전환사채권발행결정),2024-06-18,KOSDAQ,5000.0,5160.0,5040.0,6480.0,0.03200000000000003,0.008000000000000007,0.29600000000000004,
512201,20250207901068,00390408,인크레더블버즈,064090,"기타주요경영사항              (제23회, 제24회, 제25회 전환사채권 발행 결정 철회)",2025-02-07,KOSDAQ,2220.0,2060.0,2085.0,2165.0,-0.07207207207207211,-0.060810810810810856,-0.024774774774774744,
1309742,20210714000442,00240857,바이오스마트,038460,주요사항보고서(전환사채권발행결정),2021-07-14,KOSDAQ,8910.0,8750.0,8800.0,7990.0,-0.017957351290684653,-0.012345679012345734,-0.10325476992143656,
769793,20240116900481,00240857,바이오스마트,038460,전환사채(해외전환사채포함)발행후만기전사채취득,2024-01-16,KOSDAQ,3350.0,3315.0,3320.0,3355.0,-0.010447761194029903,-0.008955223880596996,0.0014925373134329067,
1308937,20210716000002,00918222,엘앤케이바이오,156100,주요사항보고서(전환사채권발행결정),2021-07-16,KOSDAQ,17692.0,17377.0,17332.0,18097.0,-0.017804657472303864,-0.020348179968347258,0.02289170246439065,
891017,20230516900117,00918222,엘앤케이바이오,156100,전환사채(해외전환사채포함)발행후만기전사채취득(제9회차),2023-05-16,KOSDAQ,5024.0,5357.0,5420.0,5510.0,0.06628184713375807,0.07882165605095537,0.09673566878980888,
889103,20230522900113,00918222,엘앤케이바이오,156100,전환사채(해외전환사채포함)발행후만기전사채취득(제9회차),2023-05-22,KOSDAQ,5402.0,5510.0,5357.0,5150.0,0.019992595335061036,-0.008330248056275469,-0.04664938911514249,
855107,20230731900318,00918222,엘앤케이바이오,156100,전환사채(해외전환사채포함)발행후만기전사채취득,2023-07-31,KOSDAQ,7540.0,7410.0,7270.0,7190.0,-0.017241379310344862,-0.035809018567639295,-0.04641909814323608,
769974,20240116900253,00918222,엘앤케이바이오,156100,전환사채(해외전환사채포함)발행후만기전사채취득,2024-01-16,KOSDAQ,8940.0,8570.0,8860.0,8950.0,-0.04138702460850108,-0.008948545861297563,0.0011185682326622093,
654462,20240507000600,00918222,엘앤케이바이오,156100,주요사항보고서(전환사채권발행결정),2024-05-07,KOSDAQ,9060.0,8500.0,9400.0,9130.0,-0.061810154525386296,0.03752759381898452,0.007726269315673218,
616437,20240716900568,00918222,엘앤케이바이오,156100,전환사채(해외전환사채포함)발행후만기전사채취득,2024-07-16,KOSDAQ,9290.0,9280.0,9100.0,9000.0,-0.0010764262648008671,-0.020452099031216364,-0.031216361679224924,
393979,20250526000396,00918222,엘앤케이바이오,156100,주요사항보고서(전환사채권발행결정),2025-05-26,KOSDAQ,6180.0,5980.0,5950.0,6300.0,-0.032362459546925515,-0.03721682847896435,0.01941747572815533,
394017,20250526900705,00918222,엘앤케이바이오,156100,전환사채(해외전환사채포함)발행후만기전사채취득,2025-05-26,KOSDAQ,6180.0,5980.0,5950.0,6300.0,-0.032362459546925515,-0.03721682847896435,0.01941747572815533,
275543,20260109000381,00918222,엘앤케이바이오,156100,주요사항보고서(전환사채권발행결정),2026-01-09,KOSDAQ,14080.0,13570.0,13500.0,12500.0,-0.03622159090909094,-0.04119318181818177,-0.11221590909090906,
270017,20260122900671,00918222,엘앤케이바이오,156100,전환사채(해외전환사채포함)발행후만기전사채취득,2026-01-22,KOSDAQ,13400.0,14290.0,15200.0,15520.0,0.06641791044776113,0.13432835820895517,0.15820895522388057,
1308766,20210716000263,00157636,케이피에프,024880,주요사항보고서(전환사채권발행결정),2021-07-16,KOSDAQ,5180.0,5090.0,5050.0,4960.0,-0.01737451737451734,-0.025096525096525046,-0.0424710424710425,
859897,20230720900293,00157636,케이피에프,024880,전환사채(해외전환사채포함)발행후만기전사채취득,2023-07-20,KOSDAQ,5630.0,5530.0,5260.0,4895.0,-0.017761989342806372,-0.06571936056838368,-0.13055062166962694,
1308390,20210716000471,00143314,에이엔피,015260,주요사항보고서(전환사채권발행결정),2021-07-19,KOSPI,2310.0,2275.0,2240.0,2150.0,-0.015151515151515138,-0.030303030303030276,-0.06926406926406925,
1308389,20210716000472,00143314,에이엔피,015260,주요사항보고서(전환사채권발행결정),2021-07-19,KOSPI,2310.0,2275.0,2240.0,2150.0,-0.015151515151515138,-0.030303030303030276,-0.06926406926406925,
1276312,20210929000583,00143314,에이엔피,015260,주요사항보고서(전환사채권발행결정),2021-09-29,KOSPI,2470.0,2455.0,2450.0,2255.0,-0.006072874493927127,-0.0080971659919028,-0.08704453441295545,
1190394,20220311001015,00143314,에이엔피,015260,주요사항보고서(전환사채권발행결정),2022-03-11,KOSPI,2590.0,2500.0,2600.0,2675.0,-0.03474903474903479,0.0038610038610038533,0.032818532818532864,
1135348,20220413002446,00143314,에이엔피,015260,주요사항보고서(전환사채권발행결정),2022-04-13,KOSPI,2855.0,2770.0,2775.0,2440.0,-0.02977232924693518,-0.028021015761821366,-0.14535901926444839,
713696,20240326001016,00143314,에이엔피,015260,주요사항보고서(전환사채권발행결정),2024-03-26,KOSPI,1181.0,1174.0,1201.0,1198.0,-0.005927180355630779,0.01693480101608813,0.014394580863674955,
426490,20250409002413,00143314,에이엔피,015260,주요사항보고서(전환사채권발행결정),2025-04-09,KOSPI,437.0,449.0,454.0,474.0,0.027459954233409523,0.0389016018306636,0.0846681922196797,
1308109,20210719000245,00595182,아톤,158430,주요사항보고서(전환사채권발행결정),2021-07-19,KOSDAQ,5590.0,5240.0,5140.0,5480.0,-0.06261180679785328,-0.0805008944543828,-0.019677996422182487,
614259,20240722900571,00595182,아톤,158430,전환사채(해외전환사채포함)발행후만기전사채취득,2024-07-22,KOSDAQ,4000.0,3945.0,3900.0,3675.0,-0.01375000000000004,-0.025000000000000022,-0.08125000000000004,
1308093,20210719000250,00231691,판타지오,032800,주요사항보고서(전환사채권발행결정),2021-07-19,KOSDAQ,26664.0,26443.0,26250.0,26028.0,-0.00828832883288333,-0.01552655265526548,-0.023852385238523843,
1249555,20211129000754,00231691,판타지오,032800,주요사항보고서(전환사채권발행결정),2021-11-29,KOSDAQ,21359.0,21165.0,21359.0,18402.0,-0.009082822229505072,0.0,-0.13844281099302402,
1034395,20221118000498,00231691,판타지오,032800,주요사항보고서(전환사채권발행결정),2022-11-18,KOSDAQ,11328.0,11522.0,11992.0,11715.0,0.01712570621468923,0.05861581920903958,0.03416313559322037,
1030050,20221129900199,00231691,판타지오,032800,전환사채(해외전환사채포함)발행후만기전사채취득(제6회차),2022-11-29,KOSDAQ,11439.0,11384.0,11577.0,11273.0,-0.004808112597254999,0.01206399160765792,-0.014511758020806065,
2441,20260526900474,00231691,판타지오,032800,전환사채(해외전환사채포함)발행후만기전사채취득              (제7회차),2026-05-26,KOSDAQ,2040.0,1953.0,1870.0,1875.0,-0.04264705882352937,-0.08333333333333337,-0.08088235294117652,
1308048,20210719000296,01063884,솔디펜스,215090,주요사항보고서(전환사채권발행결정),2021-07-19,KOSDAQ,9650.0,10115.0,10275.0,12485.0,0.04818652849740923,0.06476683937823835,0.2937823834196891,
1284508,20210903000456,01063884,솔디펜스,215090,주요사항보고서(전환사채권발행결정),2021-09-03,KOSDAQ,13230.0,13345.0,13090.0,12485.0,0.008692365835222926,-0.010582010582010581,-0.0563114134542706,
1144221,20220408900875,01063884,솔디펜스,215090,전환사채(해외전환사채포함)발행후만기전사채취득(제5회차),2022-04-08,KOSDAQ,7000.0,7000.0,7000.0,7000.0,0.0,0.0,0.0,
1123319,20220513901385,01063884,솔디펜스,215090,전환사채(해외전환사채포함)발행후만기전사채취득(제4회차),2022-05-13,KOSDAQ,7000.0,7000.0,7000.0,7000.0,0.0,0.0,0.0,
1121570,20220516901551,01063884,솔디펜스,215090,전환사채(해외전환사채포함)발행후만기전사채취득(제4회차 CB),2022-05-16,KOSDAQ,7000.0,7000.0,7000.0,7000.0,0.0,0.0,0.0,
344099,20250827000666,01063884,솔디펜스,215090,주요사항보고서(전환사채권발행결정),2025-08-28,KOSDAQ,3970.0,3905.0,3710.0,3725.0,-0.016372795969773257,-0.06549118387909325,-0.0617128463476071,
1307927,20210720000081,01137903,디케이티,290550,주요사항보고서(전환사채권발행결정),2021-07-20,KOSDAQ,12200.0,11575.0,11325.0,11225.0,-0.05122950819672134,-0.07172131147540983,-0.07991803278688525,
1307882,20210720000131,00201131,아즈텍WB,032080,주요사항보고서(전환사채권발행결정),2021-07-20,KOSDAQ,3100.0,3390.0,4405.0,4175.0,0.09354838709677415,0.4209677419354838,0.346774193548387,
814984,20231023900111,00201131,아즈텍WB,032080,전환사채(해외전환사채포함)발행후만기전사채취득,2023-10-23,KOSDAQ,1506.0,1526.0,1566.0,1557.0,0.013280212483399723,0.03984063745019917,0.03386454183266929,
767940,20240122900272,00201131,아즈텍WB,032080,전환사채(해외전환사채포함)발행후만기전사채취득,2024-01-22,KOSDAQ,1541.0,1545.0,1550.0,1558.0,0.002595717066839809,0.005840363400389403,0.011031797534068799,
663233,20240422900444,00201131,아즈텍WB,032080,전환사채(해외전환사채포함)발행후만기전사채취득,2024-04-22,KOSDAQ,1405.0,1402.0,1401.0,1426.0,-0.002135231316725994,-0.002846975088967918,0.014946619217081958,
1307665,20210720000326,00493185,제이스로보틱스,090470,주요사항보고서(전환사채권발행결정),2021-07-20,KOSDAQ,8210.0,8210.0,8370.0,7960.0,0.0,0.01948842874543244,-0.030450669914738104,
1307620,20210720000349,00112165,디아이씨,092200,주요사항보고서(전환사채권발행결정),2021-07-20,KOSPI,6900.0,6820.0,7190.0,6640.0,-0.011594202898550732,0.04202898550724643,-0.03768115942028982,
1307605,20210720000373,00693651,비덴트,121800,주요사항보고서(전환사채권발행결정),2021-07-20,KOSDAQ,9060.0,9750.0,9970.0,10800.0,0.07615894039735105,0.10044150110375272,0.19205298013245042,
1251454,20211125000450,00693651,비덴트,121800,주요사항보고서(전환사채권발행결정),2021-11-25,KOSDAQ,30100.0,32700.0,33000.0,33000.0,0.08637873754152814,0.09634551495016619,0.09634551495016619,
1118060,20220523000352,00693651,비덴트,121800,주요사항보고서(전환사채권발행결정),2022-05-23,KOSDAQ,11700.0,10650.0,10750.0,12000.0,-0.08974358974358976,-0.08119658119658124,0.02564102564102555,
1049119,20221020900367,00693651,비덴트,121800,전환사채(해외전환사채포함)발행후만기전사채취득(제18회차),2022-10-20,KOSDAQ,4080.0,3940.0,3905.0,3980.0,-0.03431372549019607,-0.04289215686274506,-0.02450980392156865,
1046100,20221027900597,00693651,비덴트,121800,전환사채(해외전환사채포함)발행후만기전사채취득(제15회차),2022-10-27,KOSDAQ,3980.0,3560.0,3565.0,3620.0,-0.10552763819095479,-0.10427135678391963,-0.09045226130653261,
1020055,20221215901061,00693651,비덴트,121800,전환사채(해외전환사채포함)발행후만기전사채취득(제17회차),2022-12-15,KOSDAQ,3735.0,3650.0,3575.0,3395.0,-0.022757697456492587,-0.04283801874163318,-0.09103078982597057,
980041,20230302900524,00693651,비덴트,121800,전환사채(해외전환사채포함)발행후만기전사채취득(제17회차),2023-03-02,KOSDAQ,3760.0,3715.0,3625.0,3405.0,-0.01196808510638303,-0.03590425531914898,-0.09441489361702127,
955892,20230324901386,00693651,비덴트,121800,기타주요경영사항(제19회차 사모 전환사채 발행 결정 철회),2023-03-24,KOSDAQ,3815.0,3390.0,3400.0,3320.0,-0.11140235910878116,-0.10878112712975097,-0.12975098296199217,
908780,20230414900609,00693651,비덴트,121800,전환사채(해외전환사채포함)발행후만기전사채취득(제15회차),2023-04-14,KOSDAQ,3320.0,3320.0,3320.0,3320.0,0.0,0.0,0.0,
902224,20230427900825,00693651,비덴트,121800,전환사채(해외전환사채포함)발행후만기전사채취득(제51회),2023-04-27,KOSDAQ,3320.0,3320.0,3320.0,3320.0,0.0,0.0,0.0,
861237,20230717900534,00693651,비덴트,121800,전환사채(해외전환사채포함)발행후만기전사채취득(제15회차),2023-07-17,KOSDAQ,3320.0,3320.0,3320.0,3320.0,0.0,0.0,0.0,
1307185,20210721000325,00161781,아난티,025980,주요사항보고서(전환사채권발행결정),2021-07-21,KOSDAQ,8950.0,9280.0,9650.0,11000.0,0.036871508379888285,0.07821229050279332,0.22905027932960897,
1016698,20221222900225,00161781,아난티,025980,전환사채(해외전환사채포함)발행후만기전사채취득,2022-12-22,KOSDAQ,6780.0,6570.0,6560.0,6680.0,-0.030973451327433676,-0.03244837758112096,-0.014749262536873142,
901725,20230428900233,00161781,아난티,025980,전환사채(해외전환사채포함)발행후만기전사채취득,2023-04-28,KOSDAQ,6280.0,6280.0,6360.0,6390.0,0.0,0.01273885350318471,0.01751592356687892,
780055,20231222900160,00161781,아난티,025980,전환사채(해외전환사채포함)발행후만기전사채취득,2023-12-22,KOSDAQ,6540.0,6450.0,6450.0,6560.0,-0.013761467889908285,-0.013761467889908285,0.003058103975535076,
764602,20240129900301,00161781,아난티,025980,전환사채(해외전환사채포함)발행후만기전사채취득,2024-01-29,KOSDAQ,6160.0,6140.0,6100.0,6290.0,-0.0032467532467532756,-0.009740259740259716,0.02110389610389607,
659195,20240429900198,00161781,아난티,025980,전환사채(해외전환사채포함)발행후만기전사채취득,2024-04-29,KOSDAQ,6340.0,6380.0,6320.0,6200.0,0.006309148264984188,-0.003154574132492094,-0.02208201892744477,
616353,20240716000309,00161781,아난티,025980,주요사항보고서(전환사채권발행결정),2024-07-16,KOSDAQ,5940.0,5850.0,6030.0,5960.0,-0.015151515151515138,0.015151515151515138,0.0033670033670034627,
89992,20260318902492,00161781,아난티,025980,전환사채(해외전환사채포함)발행후만기전사채취득,2026-03-18,KOSDAQ,7840.0,7370.0,7450.0,7030.0,-0.05994897959183676,-0.04974489795918369,-0.10331632653061229,
1307092,20210721000416,01325429,지아이에스,306620,주요사항보고서(전환사채권발행결정),2021-07-21,KOSDAQ,3450.0,3485.0,3445.0,3310.0,0.010144927536231974,-0.0014492753623188692,-0.04057971014492756,
1176718,20220323001182,01325429,지아이에스,306620,주요사항보고서(전환사채권발행결정),2022-03-23,KOSDAQ,3895.0,3980.0,3930.0,3820.0,0.021822849807445532,0.00898587933247752,-0.019255455712451908,
888436,20230523000306,01325429,지아이에스,306620,주요사항보고서(전환사채권발행결정),2023-05-23,KOSDAQ,3720.0,3600.0,3475.0,3470.0,-0.032258064516129004,-0.0658602150537635,-0.06720430107526887,
864974,20230707900500,01325429,지아이에스,306620,전환사채(해외전환사채포함)발행후만기전사채취득(제4회차),2023-07-07,KOSDAQ,3280.0,3295.0,3295.0,3235.0,0.004573170731707377,0.004573170731707377,-0.013719512195121908,
767453,20240123900243,01325429,지아이에스,306620,전환사채(해외전환사채포함)발행후만기전사채취득(제4회차),2024-01-23,KOSDAQ,2780.0,2790.0,2750.0,2670.0,0.003597122302158251,-0.010791366906474864,-0.03956834532374098,
550860,20241125900313,01325429,지아이에스,306620,전환사채(해외전환사채포함)발행후만기전사채취득              (제6회차),2024-11-25,KOSDAQ,2065.0,2500.0,2510.0,2515.0,0.21065375302663436,0.21549636803874095,0.21791767554479424,
499215,20250224900801,01325429,지아이에스,306620,전환사채(해외전환사채포함)발행후만기전사채취득              (제6회차),2025-02-24,KOSDAQ,2775.0,2725.0,2675.0,2595.0,-0.018018018018018056,-0.036036036036036,-0.06486486486486487,
394026,20250526900651,01325429,지아이에스,306620,전환사채(해외전환사채포함)발행후만기전사채취득              (제6회차),2025-05-26,KOSDAQ,2260.0,2280.0,2295.0,2295.0,0.008849557522123908,0.015486725663716783,0.015486725663716783,
345541,20250825900528,01325429,지아이에스,306620,전환사채(해외전환사채포함)발행후만기전사채취득,2025-08-25,KOSDAQ,1979.0,1983.0,1939.0,1856.0,0.002021222839817982,-0.02021222839818093,-0.062152602324406225,
303510,20251124900421,01325429,지아이에스,306620,전환사채(해외전환사채포함)발행후만기전사채취득,2025-11-24,KOSDAQ,1796.0,1814.0,1834.0,2030.0,0.010022271714922093,0.021158129175946616,0.13028953229398654,
246821,20260224901031,01325429,지아이에스,306620,전환사채(해외전환사채포함)발행후만기전사채취득,2026-02-24,KOSDAQ,3310.0,3225.0,3145.0,2410.0,-0.025679758308157052,-0.049848942598187285,-0.27190332326283984,
14741,20260507000623,01325429,지아이에스,306620,주요사항보고서(전환사채권발행결정),2026-05-07,KOSDAQ,3670.0,3420.0,3300.0,2980.0,-0.0681198910081744,-0.10081743869209814,-0.1880108991825613,
1306538,20210722900442,00232007,상지건설,042940,전환사채(해외전환사채포함)발행후만기전사채취득,2021-07-22,KOSDAQ,51944.0,53036.0,53816.0,50385.0,0.021022639765901685,0.03603881102726003,-0.030013091021099614,
1303705,20210729900576,00232007,상지건설,042940,전환사채(해외전환사채포함)발행후만기전사채취득(제17회차 CB),2021-07-29,KOSDAQ,50385.0,52100.0,55064.0,53660.0,0.03403790810757168,0.09286493996229028,0.0649995038205815,
1269412,20211018900277,00232007,상지건설,042940,전환사채(해외전환사채포함)발행후만기전사채취득,2021-10-18,KOSDAQ,40869.0,40713.0,40089.0,40401.0,-0.0038170740659179137,-0.01908537032958968,-0.011451222197753852,
1218445,20220128000585,00232007,상지건설,042940,주요사항보고서(전환사채권발행결정),2022-01-28,KOSDAQ,40401.0,39621.0,40869.0,40245.0,-0.01930645281057397,0.011583871686344338,-0.0038612905621148164,
1060300,20220922000192,00232007,상지건설,042940,주요사항보고서(전환사채권발행결정),2022-09-22,KOSDAQ,18032.0,19530.0,19124.0,21869.0,0.08307453416149069,0.060559006211180044,0.2127883762200533,
1060297,20220922000202,00232007,상지건설,042940,주요사항보고서(전환사채권발행결정),2022-09-22,KOSDAQ,18032.0,19530.0,19124.0,21869.0,0.08307453416149069,0.060559006211180044,0.2127883762200533,
853877,20230802900491,00232007,상지건설,042940,전환사채(해외전환사채포함)발행후만기전사채취득,2023-08-02,KOSDAQ,15536.0,15443.0,15287.0,15131.0,-0.00598609680741502,-0.016027291452111236,-0.026068486096807453,
824639,20230925900408,00232007,상지건설,042940,전환사채(해외전환사채포함)발행후만기전사채취득,2023-09-25,KOSDAQ,15411.0,15287.0,15692.0,15224.0,-0.00804620076568685,0.018233729154500056,-0.012134189864382638,
797051,20231124900573,00232007,상지건설,042940,전환사채(해외전환사채포함)발행후만기전사채취득,2023-11-24,KOSDAQ,14475.0,14319.0,14226.0,13384.0,-0.01077720207253885,-0.01720207253886008,-0.07537132987910189,
1306482,20210722900515,00483735,해성옵틱스,076610,전환사채(해외전환사채포함)발행후만기전사채취득(제5회차),2021-07-22,KOSDAQ,4523.0,4569.0,4718.0,3718.0,0.010170240990493129,0.043112978111872646,-0.1779792173336281,
1304861,20210727900511,00483735,해성옵틱스,076610,"전환사채(해외전환사채포함)발행후만기전사채취득(제7,8회차)",2021-07-27,KOSDAQ,4588.0,3686.0,3718.0,3593.0,-0.19659982563208367,-0.18962510897994767,-0.21687009590235395,
1260738,20211109900570,00483735,해성옵틱스,076610,전환사채(해외전환사채포함)발행후만기전사채취득,2021-11-09,KOSDAQ,4615.0,4485.0,4672.0,4574.0,-0.028169014084507005,0.012351029252437806,-0.008884073672806081,
1227057,20220110900405,00483735,해성옵틱스,076610,전환사채(해외전환사채포함)발행후만기전사채취득,2022-01-10,KOSDAQ,4634.0,4625.0,4625.0,4513.0,-0.0019421665947345623,-0.0019421665947345623,-0.026111350884764795,
1145289,20220408900354,00483735,해성옵틱스,076610,전환사채(해외전환사채포함)발행후만기전사채취득,2022-04-08,KOSDAQ,4625.0,4536.0,4523.0,4416.0,-0.019243243243243224,-0.02205405405405403,-0.04518918918918924,
1111115,20220531900696,00483735,해성옵틱스,076610,전환사채(해외전환사채포함)발행후만기전사채취득(제8회차),2022-05-31,KOSDAQ,4523.0,4621.0,4927.0,4951.0,0.021667035153658976,0.08932124695998223,0.09462745965067443,
1104010,20220617900551,00483735,해성옵틱스,076610,전환사채(해외전환사채포함)발행후만기전사채취득(제8회차),2022-06-17,KOSDAQ,4523.0,4225.0,4267.0,4336.0,-0.06588547424275926,-0.056599602034048235,-0.04134424054830865,
1045271,20221028900716,00483735,해성옵틱스,076610,전환사채(해외전환사채포함)발행후만기전사채취득(제8회차),2022-10-28,KOSDAQ,2231.0,2184.0,2300.0,2221.0,-0.021066786194531617,0.030927835051546282,-0.0044822949350067365,
948710,20230330001165,00483735,해성옵틱스,076610,주요사항보고서(전환사채권발행결정),2023-03-30,KOSDAQ,2412.0,2356.0,2314.0,2305.0,-0.023217247097844118,-0.04063018242122718,-0.044361525704809335,
815209,20231020000573,00483735,해성옵틱스,076610,주요사항보고서(전환사채권발행결정),2023-10-20,KOSDAQ,1789.0,1794.0,1794.0,1719.0,0.0027948574622693734,0.0027948574622693734,-0.03912800447177189,
758294,20240207000887,00483735,해성옵틱스,076610,주요사항보고서(전환사채권발행결정),2024-02-07,KOSDAQ,1601.0,1452.0,1405.0,1395.0,-0.0930668332292317,-0.12242348532167391,-0.12866958151155528,
646869,20240517000390,00483735,해성옵틱스,076610,주요사항보고서(전환사채권발행결정),2024-05-17,KOSDAQ,1304.0,1315.0,1273.0,1244.0,0.008435582822085896,-0.023773006134969354,-0.04601226993865026,
622625,20240701000470,00483735,해성옵틱스,076610,주요사항보고서(전환사채권발행결정),2024-07-01,KOSDAQ,1200.0,1230.0,1187.0,1144.0,0.02499999999999991,-0.010833333333333361,-0.046666666666666634,
594179,20240826900313,00483735,해성옵틱스,076610,전환사채(해외전환사채포함)발행후만기전사채취득,2024-08-26,KOSDAQ,1140.0,1116.0,1089.0,1072.0,-0.021052631578947323,-0.044736842105263186,-0.05964912280701751,
531071,20241224900738,00483735,해성옵틱스,076610,전환사채(해외전환사채포함)발행후만기전사채취득,2024-12-24,KOSDAQ,840.0,850.0,849.0,883.0,0.011904761904761862,0.010714285714285676,0.05119047619047623,
519696,20250122000222,00483735,해성옵틱스,076610,주요사항보고서(전환사채권발행결정),2025-01-22,KOSDAQ,841.0,853.0,851.0,882.0,0.014268727705113005,0.01189060642092743,0.04875148632580251,
377161,20250626000452,00483735,해성옵틱스,076610,주요사항보고서(전환사채권발행결정),2025-06-26,KOSDAQ,565.0,554.0,555.0,563.0,-0.019469026548672552,-0.017699115044247815,-0.0035398230088495852,
372722,20250703900393,00483735,해성옵틱스,076610,전환사채(해외전환사채포함)발행후만기전사채취득,2025-07-03,KOSDAQ,563.0,575.0,566.0,597.0,0.02131438721136769,0.005328596802841812,0.060390763765541644,
331630,20250922900132,00483735,해성옵틱스,076610,전환사채(해외전환사채포함)발행후만기전사채취득,2025-09-22,KOSDAQ,564.0,569.0,558.0,554.0,0.00886524822695045,-0.010638297872340385,-0.01773049645390068,
285777,20251219900787,00483735,해성옵틱스,076610,전환사채(해외전환사채포함)발행후만기전사채취득,2025-12-19,KOSDAQ,562.0,571.0,576.0,600.0,0.016014234875444844,0.02491103202846978,0.06761565836298922,
1305943,20210723000309,00124151,부산주공,005030,주요사항보고서(전환사채권발행결정),2021-07-23,KOSPI,624.0,610.0,611.0,606.0,-0.022435897435897467,-0.02083333333333337,-0.028846153846153855,
998030,20230203000529,00124151,부산주공,005030,주요사항보고서(전환사채권발행결정),2023-02-03,KOSPI,631.0,624.0,621.0,620.0,-0.011093502377179099,-0.015847860538827252,-0.017432646592709933,
535242,20241217000250,00124151,부산주공,005030,주요사항보고서(전환사채권발행결정),2024-12-17,KOSPI,486.0,486.0,486.0,486.0,0.0,0.0,0.0,
1305939,20210723000320,01318261,더블유에스아이,299170,주요사항보고서(전환사채권발행결정),2021-07-23,KOSDAQ,3235.0,3205.0,3200.0,3225.0,-0.009273570324574987,-0.010819165378670781,-0.0030911901081916993,
856142,20230728900172,01318261,더블유에스아이,299170,전환사채(해외전환사채포함)발행후만기전사채취득(제2회차),2023-07-28,KOSDAQ,1927.0,1956.0,1953.0,1925.0,0.015049299429164442,0.013492475350285416,-0.0010378827192527584,
764411,20240129900635,01318261,더블유에스아이,299170,전환사채(해외전환사채포함)발행후만기전사채취득(제2회차),2024-01-29,KOSDAQ,2165.0,2195.0,2185.0,2140.0,0.01385681293302543,0.009237875288683695,-0.011547344110854452,
659200,20240429900189,01318261,더블유에스아이,299170,전환사채(해외전환사채포함)발행후만기전사채취득              (제2회차),2024-04-29,KOSDAQ,1860.0,1856.0,1900.0,1960.0,-0.0021505376344086446,0.021505376344086002,0.053763440860215006,
643161,20240528000555,01318261,더블유에스아이,299170,주요사항보고서(전환사채권발행결정),2024-05-29,KOSDAQ,1893.0,1843.0,1831.0,1847.0,-0.026413100898045383,-0.03275224511357633,-0.024300052826201846,
611439,20240729900145,01318261,더블유에스아이,299170,전환사채(해외전환사채포함)발행후만기전사채취득,2024-07-29,KOSDAQ,1856.0,1825.0,1824.0,1484.0,-0.016702586206896575,-0.017241379310344862,-0.20043103448275867,
565680,20241028900168,01318261,더블유에스아이,299170,전환사채(해외전환사채포함)발행후만기전사채취득,2024-10-28,KOSDAQ,1517.0,1487.0,1478.0,1486.0,-0.019775873434410007,-0.02570863546473301,-0.020435069215557045,
1305710,20210726000003,00959229,세종메디칼,258830,주요사항보고서(전환사채권발행결정),2021-07-26,KOSDAQ,3490.0,4530.0,4900.0,5920.0,0.2979942693409743,0.40401146131805166,0.6962750716332378,
1305709,20210726000004,00959229,세종메디칼,258830,주요사항보고서(전환사채권발행결정),2021-07-26,KOSDAQ,3490.0,4530.0,4900.0,5920.0,0.2979942693409743,0.40401146131805166,0.6962750716332378,
1249752,20211129000593,00959229,세종메디칼,258830,주요사항보고서(전환사채권발행결정),2021-11-29,KOSDAQ,4555.0,4895.0,5200.0,4780.0,0.07464324917672882,0.141602634467618,0.04939626783754125,
1090922,20220718000002,00959229,세종메디칼,258830,주요사항보고서(전환사채권발행결정),2022-07-18,KOSDAQ,7650.0,7360.0,7230.0,6270.0,-0.03790849673202612,-0.05490196078431375,-0.18039215686274512,
1090920,20220718000003,00959229,세종메디칼,258830,주요사항보고서(전환사채권발행결정),2022-07-18,KOSDAQ,7650.0,7360.0,7230.0,6270.0,-0.03790849673202612,-0.05490196078431375,-0.18039215686274512,
1090919,20220718000004,00959229,세종메디칼,258830,주요사항보고서(전환사채권발행결정),2022-07-18,KOSDAQ,7650.0,7360.0,7230.0,6270.0,-0.03790849673202612,-0.05490196078431375,-0.18039215686274512,
1090918,20220718000005,00959229,세종메디칼,258830,주요사항보고서(전환사채권발행결정),2022-07-18,KOSDAQ,7650.0,7360.0,7230.0,6270.0,-0.03790849673202612,-0.05490196078431375,-0.18039215686274512,
1022352,20221212000411,00959229,세종메디칼,258830,주요사항보고서(전환사채권발행결정),2022-12-13,KOSDAQ,3075.0,3220.0,3080.0,3260.0,0.047154471544715415,0.001626016260162677,0.060162601626016166,
1016842,20221222000002,00959229,세종메디칼,258830,주요사항보고서(전환사채권발행결정),2022-12-22,KOSDAQ,3495.0,3280.0,3060.0,2865.0,-0.061516452074391936,-0.12446351931330468,-0.1802575107296137,
1012148,20221229901131,00959229,세종메디칼,258830,전환사채(해외전환사채포함)발행후만기전사채취득(제4회차),2022-12-29,KOSDAQ,2865.0,2875.0,2850.0,2835.0,0.003490401396160525,-0.005235602094240788,-0.010471204188481686,
1006709,20230112900270,00959229,세종메디칼,258830,전환사채(해외전환사채포함)발행후만기전사채취득(제3회차),2023-01-12,KOSDAQ,2910.0,2890.0,2855.0,2710.0,-0.0068728522336769515,-0.018900343642611728,-0.06872852233676974,
881434,20230531900854,00959229,세종메디칼,258830,전환사채(해외전환사채포함)발행후만기전사채취득(제6회차),2023-05-31,KOSDAQ,2905.0,3050.0,3030.0,2935.0,0.04991394148020656,0.04302925989672968,0.010327022375215211,
867605,20230630901124,00959229,세종메디칼,258830,전환사채(해외전환사채포함)발행후만기전사채취득(제3회차),2023-06-30,KOSDAQ,1851.0,1930.0,1882.0,1809.0,0.042679632631010156,0.016747703943814196,-0.02269043760129663,
858431,20230724900494,00959229,세종메디칼,258830,전환사채(해외전환사채포함)발행후만기전사채취득(제7회차),2023-07-24,KOSDAQ,1519.0,1439.0,1336.0,1433.0,-0.05266622778143515,-0.12047399605003295,-0.05661619486504277,
787974,20231208900634,00959229,세종메디칼,258830,전환사채(해외전환사채포함)발행후만기전사채취득(제7회차),2023-12-08,KOSDAQ,1261.0,1225.0,1225.0,1219.0,-0.028548770816812064,-0.028548770816812064,-0.03330689928628072,
752999,20240214901565,00959229,세종메디칼,258830,전환사채(해외전환사채포함)발행후만기전사채취득              (제7회차),2024-02-14,KOSDAQ,555.0,555.0,581.0,571.0,0.0,0.04684684684684681,0.028828828828828756,
745981,20240226901098,00959229,세종메디칼,258830,전환사채(해외전환사채포함)발행후만기전사채취득              (제6회차),2024-02-26,KOSDAQ,510.0,492.0,487.0,435.0,-0.03529411764705881,-0.045098039215686225,-0.1470588235294118,
658769,20240429900390,00959229,세종메디칼,258830,전환사채(해외전환사채포함)발행후만기전사채취득              (제6회차),2024-04-29,KOSDAQ,412.0,412.0,412.0,412.0,0.0,0.0,0.0,
631992,20240614000260,00959229,세종메디칼,258830,주요사항보고서(전환사채권발행결정),2024-06-14,KOSDAQ,412.0,412.0,412.0,412.0,0.0,0.0,0.0,
631991,20240614000298,00959229,세종메디칼,258830,주요사항보고서(전환사채권발행결정),2024-06-14,KOSDAQ,412.0,412.0,412.0,412.0,0.0,0.0,0.0,
631990,20240614900301,00959229,세종메디칼,258830,전환사채(해외전환사채포함)발행후만기전사채취득              (제9회차),2024-06-14,KOSDAQ,412.0,412.0,412.0,412.0,0.0,0.0,0.0,
624069,20240628900613,00959229,세종메디칼,258830,"전환사채(해외전환사채포함)발행후만기전사채취득              (제7회차, 제9회차)",2024-06-28,KOSDAQ,412.0,412.0,412.0,412.0,0.0,0.0,0.0,
569414,20241017900331,00959229,세종메디칼,258830,전환사채(해외전환사채포함)발행후만기전사채취득              (제5회차),2024-10-17,KOSDAQ,412.0,412.0,412.0,412.0,0.0,0.0,0.0,
463924,20250326000959,00959229,세종메디칼,258830,주요사항보고서(전환사채권발행결정),2025-03-26,KOSDAQ,412.0,412.0,412.0,412.0,0.0,0.0,0.0,
1305560,20210726000161,01050738,솔트룩스,304100,주요사항보고서(전환사채권발행결정),2021-07-26,KOSDAQ,17128.0,16427.0,16577.0,15926.0,-0.040927136851938384,-0.03216954694068197,-0.07017748715553485,
1304415,20210728900407,01050738,솔트룩스,304100,증권발행결과(자율공시)(제1회 무기명식 무보증 사모 전환사채),2021-07-28,KOSDAQ,16577.0,16527.0,16277.0,16853.0,-0.0030162273028895292,-0.018097363817337286,0.016649574711950388,
790312,20231205900123,01050738,솔트룩스,304100,전환사채(해외전환사채포함)발행후만기전사채취득(제1회차),2023-12-05,KOSDAQ,26600.0,25850.0,25100.0,26350.0,-0.02819548872180455,-0.05639097744360899,-0.009398496240601517,
1305463,20210726000214,01090471,SFA넥셀,222080,주요사항보고서(전환사채권발행결정),2021-07-26,KOSDAQ,11700.0,11600.0,11450.0,11600.0,-0.008547008547008517,-0.021367521367521403,-0.008547008547008517,
609623,20240731900717,01090471,SFA넥셀,222080,전환사채(해외전환사채포함)발행후만기전사채취득,2024-07-31,KOSDAQ,9440.0,9650.0,9280.0,8590.0,0.022245762711864403,-0.016949152542372836,-0.09004237288135597,
609232,20240801900340,01090471,SFA넥셀,222080,전환사채(해외전환사채포함)발행후만기전사채취득,2024-08-01,KOSDAQ,9650.0,9280.0,8000.0,8250.0,-0.0383419689119171,-0.17098445595854928,-0.14507772020725385,
516558,20250131900708,01090471,SFA넥셀,222080,전환사채(해외전환사채포함)발행후만기전사채취득,2025-01-31,KOSDAQ,7150.0,6710.0,6900.0,7040.0,-0.06153846153846154,-0.034965034965035,-0.01538461538461533,
263355,20260202902033,01090471,SFA넥셀,222080,전환사채(해외전환사채포함)발행후만기전사채취득,2026-02-02,KOSDAQ,11910.0,12000.0,13350.0,13080.0,0.007556675062972307,0.12090680100755669,0.09823677581863977,
1305415,20210726000254,00556907,에이스테크,088800,주요사항보고서(전환사채권발행결정),2021-07-26,KOSDAQ,52382.0,51833.0,50743.0,51427.0,-0.010480699476919542,-0.031289374212515764,-0.018231453552747134,
1237054,20211221900248,00556907,에이스테크,088800,전환사채(해외전환사채포함)발행후만기전사채취득,2021-12-21,KOSDAQ,39557.0,38331.0,38738.0,41739.0,-0.03099325024647981,-0.02070430012387192,0.05516090704552923,
1130908,20220419000342,00556907,에이스테크,088800,주요사항보고서(전환사채권발행결정),2022-04-19,KOSDAQ,30964.0,30689.0,30554.0,28782.0,-0.008881281488179793,-0.013241183309649962,-0.07046893166257584,
1103279,20220621900206,00556907,에이스테크,088800,전환사채(해외전환사채포함)발행후만기전사채취득,2022-06-21,KOSDAQ,22616.0,19560.0,19615.0,20595.0,-0.13512557481429077,-0.1326936681995048,-0.08936151397240888,
1085302,20220729900590,00556907,에이스테크,088800,전환사채(해외전환사채포함)발행후만기전사채취득,2022-07-29,KOSDAQ,20595.0,20786.0,20515.0,22071.0,0.009274095654284942,-0.0038844379703811827,0.07166788055353246,
1075371,20220818000271,00556907,에이스테크,088800,주요사항보고서(전환사채권발행결정),2022-08-18,KOSDAQ,19886.0,19476.0,18931.0,19560.0,-0.020617519863220357,-0.048023735291159664,-0.016393442622950838,
1064401,20220908900266,00556907,에이스테크,088800,전환사채(해외전환사채포함)발행후만기전사채취득,2022-09-08,KOSDAQ,19233.0,20296.0,19233.0,17622.0,0.055269588727707486,0.0,-0.08376228357510529,
824717,20230925900306,00556907,에이스테크,088800,전환사채(해외전환사채포함)발행후만기전사채취득,2023-09-25,KOSDAQ,12756.0,10414.0,10846.0,6794.0,-0.1835998745688303,-0.14973345876450295,-0.46738789589212915,
576587,20240927900438,00556907,에이스테크,088800,전환사채(해외전환사채포함)발행후만기전사채취득              (제49회차),2024-09-27,KOSDAQ,2511.0,3263.0,2988.0,2711.0,0.2994822779769015,0.1899641577060931,0.07964954201513352,
576580,20240927900445,00556907,에이스테크,088800,전환사채(해외전환사채포함)발행후만기전사채취득              (제51회차),2024-09-27,KOSDAQ,2511.0,3263.0,2988.0,2711.0,0.2994822779769015,0.1899641577060931,0.07964954201513352,
556773,20241114900736,00556907,에이스테크,088800,전환사채(해외전환사채포함)발행후만기전사채취득              (제51회차),2024-11-14,KOSDAQ,2597.0,2628.0,2622.0,2360.0,0.011936850211782923,0.00962649210627653,-0.091259145167501,
1305557,20210726900212,00110884,엠젠솔루션,032790,전환사채(해외전환사채포함)발행후만기전사채취득(제16회차),2021-07-26,KOSDAQ,10660.0,10660.0,10660.0,10660.0,0.0,0.0,0.0,
1286543,20210831001515,00110884,엠젠솔루션,032790,주요사항보고서(전환사채권발행결정),2021-08-31,KOSDAQ,10660.0,10660.0,10660.0,10660.0,0.0,0.0,0.0,
1015100,20221226900645,00110884,엠젠솔루션,032790,전환사채(해외전환사채포함)발행후만기전사채취득(제19회차),2022-12-26,KOSDAQ,4234.0,4188.0,4206.0,3964.0,-0.010864430798299463,-0.006613131790269233,-0.06376948512045344,
890796,20230516000301,00110884,엠젠솔루션,032790,주요사항보고서(전환사채권발행결정),2023-05-16,KOSDAQ,5292.0,5160.0,5048.0,5964.0,-0.024943310657596363,-0.046107331821617525,0.12698412698412698,
733837,20240308000878,00110884,엠젠솔루션,032790,주요사항보고서(전환사채권발행결정),2024-03-11,KOSDAQ,2824.0,2840.0,2766.0,2820.0,0.0056657223796034994,-0.02053824362606227,-0.0014164305949008194,
630171,20240619900550,00110884,엠젠솔루션,032790,전환사채(해외전환사채포함)발행후만기전사채취득              (제20회차),2024-06-19,KOSDAQ,3026.0,3016.0,3056.0,2930.0,-0.0033046926635822427,0.00991407799074695,-0.03172504957038991,
628203,20240624900302,00110884,엠젠솔루션,032790,전환사채(해외전환사채포함)발행후만기전사채취득              (제20회차),2024-06-24,KOSDAQ,2936.0,2934.0,2930.0,2990.0,-0.0006811989100817817,-0.002043596730245234,0.018392370572207106,
626798,20240625000444,00110884,엠젠솔루션,032790,주요사항보고서(전환사채권발행결정),2024-06-25,KOSDAQ,2934.0,2930.0,2922.0,2900.0,-0.0013633265167007913,-0.004089979550102263,-0.011588275391956393,
623973,20240628900664,00110884,엠젠솔루션,032790,전환사채(해외전환사채포함)발행후만기전사채취득              (제20회차),2024-06-28,KOSDAQ,2944.0,2990.0,2900.0,2928.0,0.015625,-0.014945652173913082,-0.005434782608695676,
605674,20240809000605,00110884,엠젠솔루션,032790,주요사항보고서(전환사채권발행결정),2024-08-09,KOSDAQ,2940.0,2918.0,3026.0,3008.0,-0.007482993197278964,0.029251700680272164,0.023129251700680253,
559777,20241108900611,00110884,엠젠솔루션,032790,전환사채(해외전환사채포함)발행후만기전사채취득              (제20회차),2024-11-08,KOSDAQ,2634.0,2610.0,2468.0,2304.0,-0.009111617312072884,-0.06302201974183752,-0.12528473804100226,
479819,20250313901844,00110884,엠젠솔루션,032790,전환사채(해외전환사채포함)발행후만기전사채취득              (제21회차),2025-03-13,KOSDAQ,2022.0,2022.0,2056.0,2188.0,0.0,0.016815034619188873,0.08209693372898119,
368939,20250714900194,00110884,엠젠솔루션,032790,전환사채(해외전환사채포함)발행후만기전사채취득              (제22회차),2025-07-14,KOSDAQ,2144.0,2116.0,2136.0,2120.0,-0.013059701492537323,-0.003731343283582045,-0.011194029850746245,
335714,20250910900512,00110884,엠젠솔루션,032790,전환사채(해외전환사채포함)발행후만기전사채취득              (제22회차),2025-09-10,KOSDAQ,1866.0,1832.0,1826.0,1970.0,-0.018220793140407254,-0.02143622722400862,0.055734190782422255,
313512,20251106900716,00110884,엠젠솔루션,032790,전환사채(해외전환사채포함)발행후만기전사채취득              (제23회차),2025-11-06,KOSDAQ,1812.0,1998.0,2046.0,2050.0,0.10264900662251653,0.12913907284768222,0.1313465783664458,
312126,20251110000376,00110884,엠젠솔루션,032790,주요사항보고서(전환사채권발행결정),2025-11-10,KOSDAQ,2046.0,2052.0,2058.0,2200.0,0.0029325513196480912,0.0058651026392961825,0.07526881720430101,
310292,20251113900495,00110884,엠젠솔루션,032790,전환사채(해외전환사채포함)발행후만기전사채취득              (제23회차),2025-11-13,KOSDAQ,2050.0,2064.0,2200.0,2214.0,0.006829268292682933,0.07317073170731714,0.08000000000000007,
296773,20251201000732,00110884,엠젠솔루션,032790,주요사항보고서(전환사채권발행결정),2025-12-01,KOSDAQ,1940.0,1982.0,1946.0,1912.0,0.021649484536082397,0.003092783505154628,-0.014432989690721598,
1305470,20210726900356,00249894,테라젠이텍스,066700,전환사채(해외전환사채포함)발행후만기전사채취득,2021-07-26,KOSDAQ,8280.0,8200.0,8180.0,8230.0,-0.009661835748792313,-0.012077294685990392,-0.006038647342995196,
1251583,20211125900500,00249894,테라젠이텍스,066700,전환사채(해외전환사채포함)발행후만기전사채취득,2021-11-25,KOSDAQ,5990.0,5910.0,6790.0,6710.0,-0.013355592654423987,0.1335559265442403,0.12020033388981632,
542339,20241206000496,00249894,테라젠이텍스,066700,주요사항보고서(전환사채권발행결정),2024-12-06,KOSDAQ,3035.0,2950.0,3010.0,3295.0,-0.028006589785831926,-0.008237232289950547,0.08566721581548609,
1305019,20210727000230,00605328,씨앤지하이테크,264660,주요사항보고서(전환사채권발행결정),2021-07-27,KOSDAQ,14011.0,15093.0,16567.0,17306.0,0.07722503747055876,0.18242809221326106,0.23517236457069446,
516652,20250131900560,00605328,씨앤지하이테크,264660,전환사채(해외전환사채포함)발행후만기전사채취득,2025-01-31,KOSDAQ,11530.0,10720.0,10860.0,14130.0,-0.07025151777970506,-0.05810928013876848,0.2254986990459671,
1304937,20210727000289,00226316,호전실업,111110,주요사항보고서(전환사채권발행결정),2021-07-27,KOSPI,13950.0,13500.0,13450.0,13300.0,-0.032258064516129004,-0.03584229390681004,-0.04659498207885304,
1268022,20211021000226,00226316,호전실업,111110,주요사항보고서(전환사채권발행결정),2021-10-21,KOSPI,14050.0,14200.0,14150.0,13950.0,0.01067615658362997,0.007117437722419906,-0.007117437722419906,
1254415,20211118800188,00226316,호전실업,111110,투자판단관련주요경영사항(전환사채 발행후 만기전 사채 일부 취득),2021-11-18,KOSPI,10250.0,10500.0,10400.0,10500.0,0.024390243902439046,0.014634146341463428,0.024390243902439046,
1061141,20220920800283,00226316,호전실업,111110,투자판단관련주요경영사항(전환사채 발행후 만기전 사채 일부 취득),2022-09-20,KOSPI,8780.0,8700.0,8390.0,7770.0,-0.009111617312072884,-0.044419134396355364,-0.11503416856492032,
859884,20230720800285,00226316,호전실업,111110,투자판단관련주요경영사항(전환사채 발행 후 만기전 사채 일부 취득),2023-07-20,KOSPI,8670.0,8400.0,8310.0,7920.0,-0.03114186851211076,-0.04152249134948094,-0.08650519031141868,
1304936,20210727900457,00641393,엔시트론,101400,전환사채(해외전환사채포함)발행후만기전사채취득(제10회차),2021-07-27,KOSDAQ,7637.0,7542.0,7510.0,7733.0,-0.012439439570511968,-0.016629566583737043,0.012570381039675338,
1252804,20211123000235,00641393,엔시트론,101400,주요사항보고서(전환사채권발행결정),2021-11-23,KOSDAQ,8306.0,8115.0,8051.0,7414.0,-0.022995424993980218,-0.03070069829039246,-0.10739224656874546,
1218838,20220128900378,00641393,엔시트론,101400,증권발행결과(자율공시)(제13회차 전환사채),2022-01-28,KOSDAQ,7828.0,7765.0,7765.0,7733.0,-0.008048032703117047,-0.008048032703117047,-0.012135922330097082,
1201674,20220225901185,00641393,엔시트론,101400,전환사채(해외전환사채포함)발행후만기전사채취득(제11회차),2022-02-25,KOSDAQ,7574.0,7542.0,7574.0,8401.0,-0.004224980195405292,0.0,0.10918933192500657,
1095397,20220706900315,00641393,엔시트론,101400,전환사채(해외전환사채포함)발행후만기전사채취득(제11회차 CB),2022-07-06,KOSDAQ,4958.0,4964.0,4970.0,4824.0,0.0012101653892697684,0.0024203307785397588,-0.027027027027026973,
1061130,20220920900319,00641393,엔시트론,101400,전환사채(해외전환사채포함)발행후만기전사채취득(제11회차),2022-09-20,KOSDAQ,4296.0,4302.0,4238.0,3882.0,0.0013966480446927498,-0.013500931098696434,-0.09636871508379885,
1052557,20221012900363,00641393,엔시트론,101400,전환사채(해외전환사채포함)발행후만기전사채취득(제11회차),2022-10-12,KOSDAQ,4264.0,4098.0,4079.0,4188.0,-0.038930581613508486,-0.043386491557223295,-0.017823639774859235,
1035075,20221117900351,00641393,엔시트론,101400,전환사채(해외전환사채포함)발행후만기전사채취득(제11회차),2022-11-17,KOSDAQ,4321.0,4105.0,4098.0,4086.0,-0.04998842860448971,-0.05160842397593146,-0.05438555889840313,
1026640,20221201900309,00641393,엔시트론,101400,전환사채(해외전환사채포함)발행후만기전사채취득(제13회차),2022-12-01,KOSDAQ,4270.0,4270.0,4334.0,4289.0,0.0,0.014988290398126436,0.0044496487119438655,
807472,20231108900613,00641393,엔시트론,101400,전환사채(해외전환사채포함)발행후만기전사채취득(제13회차),2023-11-08,KOSDAQ,3888.0,3895.0,3876.0,3863.0,0.0018004115226337714,-0.0030864197530864335,-0.0064300411522634215,
659519,20240426000940,00641393,엔시트론,101400,주요사항보고서(전환사채권발행결정),2024-04-26,KOSDAQ,3761.0,3615.0,3481.0,3621.0,-0.038819462908800895,-0.07444828503057699,-0.037224142515288494,
547775,20241128900555,00641393,엔시트론,101400,전환사채(해외전환사채포함)발행후만기전사채취득,2024-11-28,KOSDAQ,2558.0,2545.0,2545.0,2501.0,-0.0050820953870210905,-0.0050820953870210905,-0.022283033620015602,
1304781,20210727000396,01031502,코아시아씨엠,196450,주요사항보고서(전환사채권발행결정),2021-07-28,KOSDAQ,3095.0,3135.0,3095.0,3135.0,0.01292407108239102,0.0,0.01292407108239102,
1126246,20220510000764,01031502,코아시아씨엠,196450,주요사항보고서(전환사채권발행결정),2022-05-10,KOSDAQ,2530.0,2440.0,2345.0,2500.0,-0.035573122529644285,-0.0731225296442688,-0.011857707509881465,
1097427,20220630001013,01031502,코아시아씨엠,196450,주요사항보고서(전환사채권발행결정),2022-06-30,KOSDAQ,2060.0,2070.0,2050.0,2010.0,0.004854368932038833,-0.004854368932038833,-0.024271844660194164,
651716,20240513900452,01031502,코아시아씨엠,196450,전환사채(해외전환사채포함)발행후만기전사채취득              (제9회차),2024-05-13,KOSDAQ,1241.0,1257.0,1245.0,1245.0,0.012892828364222453,0.003223207091055613,0.003223207091055613,
604811,20240812900455,01031502,코아시아씨엠,196450,전환사채(해외전환사채포함)발행후만기전사채취득,2024-08-12,KOSDAQ,1236.0,1263.0,1245.0,1228.0,0.02184466019417486,0.00728155339805836,-0.006472491909385147,
327072,20250930900851,01031502,코아시아씨엠,196450,전환사채(해외전환사채포함)발행후만기전사채취득,2025-09-30,KOSDAQ,963.0,983.0,984.0,,0.020768431983385183,0.02180685358255441,,
1304698,20210728000051,00166175,대호특수강,021040,주요사항보고서(전환사채권발행결정),2021-07-28,KOSDAQ,4840.0,4785.0,4800.0,4840.0,-0.011363636363636354,-0.008264462809917328,0.0,
1082468,20220808000166,00166175,대호특수강,021040,주요사항보고서(전환사채권발행결정),2022-08-08,KOSDAQ,3660.0,3560.0,3660.0,3750.0,-0.02732240437158473,0.0,0.024590163934426146,
890118,20230518900264,00166175,대호특수강,021040,전환사채(해외전환사채포함)발행후만기전사채취득,2023-05-18,KOSDAQ,2685.0,2720.0,2710.0,2655.0,0.013035381750465591,0.009310986964618184,-0.011173184357541888,
860341,20230719000333,00166175,대호특수강,021040,주요사항보고서(전환사채권발행결정),2023-07-19,KOSDAQ,2525.0,2600.0,2650.0,2425.0,0.02970297029702973,0.04950495049504955,-0.03960396039603964,
811373,20231030900648,00166175,대호특수강,021040,전환사채(해외전환사채포함)발행후만기전사채취득,2023-10-30,KOSDAQ,1975.0,1975.0,1895.0,1985.0,0.0,-0.040506329113924044,0.005063291139240533,
753678,20240214900953,00166175,대호특수강,021040,전환사채(해외전환사채포함)발행후만기전사채취득,2024-02-14,KOSDAQ,2065.0,2115.0,2067.0,2137.0,0.02421307506053272,0.0009685230024212288,0.03486682808716712,
604771,20240812900493,00166175,대호특수강,021040,전환사채(해외전환사채포함)발행후만기전사채취득,2024-08-12,KOSDAQ,1907.0,1870.0,1905.0,1892.0,-0.019402202412165725,-0.001048767697954922,-0.007865757734661805,
521861,20250116900372,00166175,대호특수강,021040,전환사채(해외전환사채포함)발행후만기전사채취득,2025-01-16,KOSDAQ,982.0,978.0,980.0,952.0,-0.004073319755600768,-0.0020366598778004397,-0.03054989816700615,
520225,20250121900272,00166175,대호특수강,021040,전환사채(해외전환사채포함)발행후만기전사채취득,2025-01-21,KOSDAQ,950.0,975.0,952.0,905.0,0.026315789473684292,0.002105263157894832,-0.047368421052631615,
413153,20250421900332,00166175,대호특수강,021040,전환사채(해외전환사채포함)발행후만기전사채취득,2025-04-21,KOSDAQ,955.0,950.0,965.0,1675.0,-0.005235602094240788,0.010471204188481575,0.7539267015706805,
1304320,20210728000394,00351375,뉴보텍,060260,주요사항보고서(전환사채권발행결정),2021-07-28,KOSDAQ,7672.0,7600.0,7244.0,7030.0,-0.009384775808133461,-0.05578727841501563,-0.0836809176225235,
1030775,20221128900462,00351375,뉴보텍,060260,전환사채(해외전환사채포함)발행후만기전사채취득,2022-11-28,KOSDAQ,4237.0,4227.0,4232.0,4337.0,-0.0023601604909133655,-0.0011800802454566828,0.023601604909133878,
984518,20230227900645,00351375,뉴보텍,060260,전환사채(해외전환사채포함)발행후만기전사채취득,2023-02-27,KOSDAQ,3795.0,3833.0,3852.0,3710.0,0.010013175230566551,0.015019762845849716,-0.022397891963109373,
854912,20230731900577,00351375,뉴보텍,060260,전환사채(해외전환사채포함)발행후만기전사채취득,2023-07-31,KOSDAQ,4242.0,4251.0,4094.0,4489.0,0.0021216407355020284,-0.034889203206034836,0.05822725129655826,
838058,20230828900471,00351375,뉴보텍,060260,전환사채(해외전환사채포함)발행후만기전사채취득,2023-08-28,KOSDAQ,4341.0,4313.0,4299.0,4118.0,-0.006450126698917313,-0.009675190048375915,-0.05137065192351997,
811453,20231030900563,00351375,뉴보텍,060260,전환사채(해외전환사채포함)발행후만기전사채취득,2023-10-30,KOSDAQ,3776.0,3776.0,3814.0,3838.0,0.0,0.010063559322033955,0.016419491525423657,
657221,20240430900616,00351375,뉴보텍,060260,전환사채(해외전환사채포함)발행후만기전사채취득,2024-04-30,KOSDAQ,2598.0,2579.0,2589.0,2731.0,-0.007313317936874508,-0.0034642032332563577,0.05119322555812156,
610927,20240730900221,00351375,뉴보텍,060260,전환사채(해외전환사채포함)발행후만기전사채취득,2024-07-30,KOSDAQ,2190.0,2190.0,2190.0,2390.0,0.0,0.0,0.091324200913242,
1304309,20210728000415,00988364,SGA솔루션즈,184230,주요사항보고서(전환사채권발행결정),2021-07-28,KOSDAQ,6775.0,7040.0,6885.0,7085.0,0.03911439114391135,0.01623616236162362,0.04575645756457569,
855120,20230731900301,00988364,SGA솔루션즈,184230,전환사채(해외전환사채포함)발행후만기전사채취득,2023-07-31,KOSDAQ,3495.0,3550.0,3450.0,3415.0,0.01573676680972813,-0.012875536480686733,-0.022889842632331958,
763592,20240130900678,00988364,SGA솔루션즈,184230,전환사채(해외전환사채포함)발행후만기전사채취득,2024-01-30,KOSDAQ,3425.0,3410.0,3375.0,3380.0,-0.004379562043795637,-0.014598540145985384,-0.013138686131386912,
657572,20240430900289,00988364,SGA솔루션즈,184230,전환사채(해외전환사채포함)발행후만기전사채취득,2024-04-30,KOSDAQ,3225.0,3220.0,3225.0,3315.0,-0.0015503875968991832,0.0,0.027906976744185963,
655881,20240502000567,00988364,SGA솔루션즈,184230,주요사항보고서(전환사채권발행결정),2024-05-02,KOSDAQ,3220.0,3225.0,3330.0,3295.0,0.0015527950310558758,0.03416149068322971,0.02329192546583858,
654087,20240508900426,00988364,SGA솔루션즈,184230,전환사채(해외전환사채포함)발행후만기전사채취득,2024-05-08,KOSDAQ,3340.0,3315.0,3295.0,3455.0,-0.007485029940119792,-0.013473053892215536,0.034431137724550975,
371286,20250708900208,00988364,SGA솔루션즈,184230,전환사채(해외전환사채포함)발행후만기전사채취득,2025-07-08,KOSDAQ,2845.0,3030.0,3255.0,3815.0,0.06502636203866441,0.14411247803163452,0.3409490333919156,
285854,20251219000443,00988364,SGA솔루션즈,184230,주요사항보고서(전환사채권발행결정),2025-12-19,KOSDAQ,3200.0,3200.0,3145.0,3360.0,0.0,-0.017187500000000022,0.050000000000000044,
1304176,20210729000003,00121686,엠케이전자,033160,주요사항보고서(전환사채권발행결정),2021-07-29,KOSDAQ,18800.0,20500.0,23150.0,20750.0,0.09042553191489366,0.2313829787234043,0.10372340425531923,
1304175,20210729000004,00121686,엠케이전자,033160,주요사항보고서(전환사채권발행결정),2021-07-29,KOSDAQ,18800.0,20500.0,23150.0,20750.0,0.09042553191489366,0.2313829787234043,0.10372340425531923,
597111,20240819900331,00121686,엠케이전자,033160,전환사채(해외전환사채포함)발행후만기전사채취득,2024-08-19,KOSDAQ,8400.0,9190.0,8990.0,8490.0,0.09404761904761916,0.07023809523809521,0.010714285714285676,
597108,20240819900336,00121686,엠케이전자,033160,전환사채(해외전환사채포함)발행후만기전사채취득,2024-08-19,KOSDAQ,8400.0,9190.0,8990.0,8490.0,0.09404761904761916,0.07023809523809521,0.010714285714285676,
572139,20241010000623,00121686,엠케이전자,033160,주요사항보고서(전환사채권발행결정),2024-10-10,KOSDAQ,7770.0,7820.0,7970.0,7810.0,0.006435006435006496,0.025740025740025763,0.005148005148005064,
358851,20250805000270,00121686,엠케이전자,033160,주요사항보고서(전환사채권발행결정),2025-08-05,KOSDAQ,8110.0,8140.0,8200.0,8210.0,0.0036991368680641123,0.011097410604192337,0.012330456226880449,
1303956,20210729000284,00543204,아이오케이이엔엠,078860,주요사항보고서(전환사채권발행결정),2021-07-29,KOSDAQ,3787.0,3743.0,3743.0,3963.0,-0.01161869553736472,-0.01161869553736472,0.04647478214945866,
1251404,20211125000480,00543204,아이오케이이엔엠,078860,주요사항보고서(전환사채권발행결정),2021-11-25,KOSDAQ,4910.0,4194.0,3732.0,3247.0,-0.14582484725050915,-0.23991853360488802,-0.33869653767820773,
1246949,20211130001909,00543204,아이오케이이엔엠,078860,주요사항보고서(전환사채권발행결정),2021-11-30,KOSDAQ,3346.0,3357.0,3247.0,3379.0,0.0032875074716078867,-0.02958756724447098,0.00986252241482366,
1092036,20220714000250,00543204,아이오케이이엔엠,078860,주요사항보고서(전환사채권발행결정),2022-07-14,KOSDAQ,1585.0,1563.0,1596.0,1662.0,-0.013880126182965302,0.006940063091482651,0.04858044164037856,
1028301,20221130900199,00543204,아이오케이이엔엠,078860,전환사채(해외전환사채포함)발행후만기전사채취득,2022-11-30,KOSDAQ,1067.0,1089.0,1078.0,1067.0,0.020618556701030855,0.010309278350515427,0.0,
981555,20230228901018,00543204,아이오케이이엔엠,078860,전환사채(해외전환사채포함)발행후만기전사채취득,2023-02-28,KOSDAQ,946.0,946.0,946.0,902.0,0.0,0.0,-0.046511627906976716,
624899,20240627000810,00543204,아이오케이이엔엠,078860,주요사항보고서(전환사채권발행결정),2024-06-28,KOSDAQ,15126.0,16733.0,16249.0,15633.0,0.10624090969192124,0.07424302525452853,0.033518445061483604,
619314,20240709000354,00543204,아이오케이이엔엠,078860,주요사항보고서(전환사채권발행결정),2024-07-09,KOSDAQ,15721.0,16645.0,18495.0,18495.0,0.05877488709369638,0.17645187965142162,0.17645187965142162,
541218,20241210900564,00543204,아이오케이이엔엠,078860,전환사채(해외전환사채포함)발행후만기전사채취득,2024-12-10,KOSDAQ,18143.0,17284.0,17064.0,17042.0,-0.04734608388910322,-0.05947197266163262,-0.06068456153888557,
472340,20250320900346,00543204,아이오케이이엔엠,078860,전환사채(해외전환사채포함)발행후만기전사채취득,2025-03-20,KOSDAQ,16348.0,16833.0,16943.0,15600.0,0.02966723758257883,0.036395889405431925,-0.045754832395400014,
445372,20250402900782,00543204,아이오케이이엔엠,078860,전환사채(해외전환사채포함)발행후만기전사채취득,2025-04-02,KOSDAQ,16844.0,16645.0,18033.0,19166.0,-0.011814295891712234,0.07058893374495367,0.13785324151033018,
1303858,20210729900424,00766106,엣지파운드리,105550,전환사채(해외전환사채포함)발행후만기전사채취득(제13회차),2021-07-29,KOSDAQ,3550.0,3575.0,3580.0,3905.0,0.007042253521126751,0.008450704225352101,0.10000000000000009,
1250842,20211126000355,00766106,엣지파운드리,105550,주요사항보고서(전환사채권발행결정),2021-11-26,KOSDAQ,4405.0,4330.0,4190.0,4170.0,-0.017026106696935273,-0.0488081725312145,-0.05334846765039725,
837257,20230829000640,00766106,엣지파운드리,105550,주요사항보고서(전환사채권발행결정),2023-08-29,KOSDAQ,2935.0,2890.0,2845.0,2740.0,-0.015332197614991494,-0.030664395229982988,-0.06643952299829647,
791634,20231130900651,00766106,엣지파운드리,105550,전환사채(해외전환사채포함)발행후만기전사채취득(제14회차),2023-11-30,KOSDAQ,2315.0,2215.0,2265.0,2275.0,-0.043196544276457916,-0.021598272138228958,-0.017278617710583144,
659757,20240426900567,00766106,엣지파운드리,105550,전환사채(해외전환사채포함)발행후만기전사채취득              (제14회차),2024-04-26,KOSDAQ,2020.0,2135.0,2135.0,2135.0,0.05693069306930698,0.05693069306930698,0.05693069306930698,
644854,20240524000003,00766106,엣지파운드리,105550,주요사항보고서(전환사채권발행결정),2024-05-24,KOSDAQ,2825.0,2825.0,2860.0,2780.0,0.0,0.012389380530973382,-0.015929203539822967,
564831,20241029900435,00766106,엣지파운드리,105550,전환사채(해외전환사채포함)발행후만기전사채취득,2024-10-29,KOSDAQ,2570.0,2650.0,2625.0,2415.0,0.03112840466926059,0.021400778210116655,-0.060311284046692615,
513246,20250206000640,00766106,엣지파운드리,105550,주요사항보고서(전환사채권발행결정),2025-02-06,KOSDAQ,3005.0,3005.0,3160.0,3410.0,0.0,0.0515806988352745,0.13477537437604004,
302860,20251125900269,00766106,엣지파운드리,105550,전환사채(해외전환사채포함)발행후만기전사채취득,2025-11-25,KOSDAQ,1505.0,1513.0,1611.0,1553.0,0.0053156146179402786,0.07043189368770775,0.03189368770764123,
53,20260527000606,00766106,엣지파운드리,105550,주요사항보고서(전환사채권발행결정),2026-05-27,KOSDAQ,629.0,657.0,658.0,590.0,0.044515103338632844,0.04610492845786962,-0.062003179650238494,
115720,20260618900770,00766106,엣지파운드리,105550,전환사채(해외전환사채포함)발행후만기전사채취득,2026-06-18,KOSDAQ,501.0,473.0,467.0,441.0,-0.055888223552894245,-0.06786427145708585,-0.11976047904191611,
1302430,20210802900429,00415868,펩트론,087010,전환사채(해외전환사채포함)발행후만기전사채취득,2021-08-02,KOSDAQ,11193.0,11387.0,11435.0,11193.0,0.01733226123470022,0.02162065576699712,0.0,
1302173,20210803000164,01326279,아이엘,307180,주요사항보고서(전환사채권발행결정),2021-08-03,KOSDAQ,3790.0,3820.0,3800.0,3795.0,0.0079155672823219,0.0026385224274405594,0.0013192612137202797,
1301289,20210805900248,01326279,아이엘,307180,증권발행결과(자율공시)(제3회 무기명식 이권부 무보증 사모 전환사채),2021-08-05,KOSDAQ,3800.0,3790.0,3790.0,3850.0,-0.0026315789473684292,-0.0026315789473684292,0.013157894736842035,
1273590,20211006000485,01326279,아이엘,307180,주요사항보고서(전환사채권발행결정),2021-10-06,KOSDAQ,4400.0,4815.0,5140.0,5780.0,0.09431818181818175,0.1681818181818182,0.3136363636363637,
1272418,20211008900370,01326279,아이엘,307180,증권발행결과(자율공시)(제4회 무기명식 이권부 무보증 사모 전환사채),2021-10-08,KOSDAQ,5140.0,5100.0,5260.0,5850.0,-0.0077821011673151474,0.023346303501945442,0.1381322957198443,
1041859,20221108900255,01326279,아이엘,307180,전환사채(해외전환사채포함)발행후만기전사채취득(제4회차),2022-11-08,KOSDAQ,2960.0,3030.0,3000.0,3100.0,0.023648648648648685,0.013513513513513598,0.04729729729729737,
996208,20230208900918,01326279,아이엘,307180,전환사채(해외전환사채포함)발행후만기전사채취득(제4회차),2023-02-08,KOSDAQ,3135.0,3105.0,3100.0,2915.0,-0.009569377990430672,-0.011164274322169043,-0.07017543859649122,
827305,20230918000315,01326279,아이엘,307180,주요사항보고서(전환사채권발행결정),2023-09-18,KOSDAQ,3530.0,3400.0,3300.0,3140.0,-0.03682719546742208,-0.06515580736543913,-0.11048158640226624,
682876,20240408900194,01326279,아이엘,307180,전환사채(해외전환사채포함)발행후만기전사채취득,2024-04-08,KOSDAQ,2650.0,2700.0,2705.0,2605.0,0.018867924528301883,0.020754716981132182,-0.016981132075471694,
583996,20240909000303,01326279,아이엘,307180,주요사항보고서(전환사채권발행결정),2024-09-09,KOSDAQ,3285.0,3170.0,3130.0,3180.0,-0.03500761035007616,-0.04718417047184176,-0.03196347031963476,
470742,20250320902235,01326279,아이엘,307180,전환사채(해외전환사채포함)발행후만기전사채취득,2025-03-20,KOSDAQ,2925.0,2895.0,2870.0,2760.0,-0.01025641025641022,-0.018803418803418848,-0.05641025641025643,
380828,20250618900556,01326279,아이엘,307180,전환사채(해외전환사채포함)발행후만기전사채취득,2025-06-18,KOSDAQ,2855.0,2860.0,2880.0,2775.0,0.0017513134851139256,0.008756567425569184,-0.028021015761821366,
331402,20250922900485,01326279,아이엘,307180,전환사채(해외전환사채포함)발행후만기전사채취득,2025-09-22,KOSDAQ,2510.0,2515.0,2500.0,2485.0,0.0019920318725099584,-0.003984063745019917,-0.009960159362549792,
320029,20251023000367,01326279,아이엘,307180,주요사항보고서(전환사채권발행결정),2025-10-23,KOSDAQ,2750.0,2835.0,2735.0,2670.0,0.030909090909090997,-0.00545454545454549,-0.029090909090909056,
315677,20251031900838,01326279,아이엘,307180,전환사채(해외전환사채포함)발행후만기전사채취득,2025-10-31,KOSDAQ,2700.0,2710.0,2740.0,2710.0,0.0037037037037037646,0.014814814814814836,0.0037037037037037646,
285146,20251222900716,01326279,아이엘,307180,전환사채(해외전환사채포함)발행후만기전사채취득,2025-12-22,KOSDAQ,3135.0,3400.0,3380.0,3185.0,0.08452950558213712,0.07814992025518341,0.01594896331738438,
127473,20260529001709,01326279,아이엘,307180,주요사항보고서(전환사채권발행결정),2026-05-29,KOSDAQ,8470.0,8080.0,7900.0,6890.0,-0.046044864226682414,-0.06729634002361273,-0.18654073199527743,
1302181,20210803900249,00572905,ISC,095340,전환사채(해외전환사채포함)발행후만기전사채취득,2021-08-03,KOSDAQ,27450.0,27200.0,28350.0,28800.0,-0.00910746812386154,0.032786885245901676,0.049180327868852514,
1301725,20210804000153,00117027,알루코,001780,주요사항보고서(전환사채권발행결정),2021-08-04,KOSPI,4720.0,4830.0,4850.0,4665.0,0.02330508474576276,0.02754237288135597,-0.01165254237288138,
1301678,20210804000281,00171265,파라다이스,034230,주요사항보고서(전환사채권발행결정),2021-08-04,KOSPI,16950.0,16750.0,16850.0,16500.0,-0.01179941002949858,-0.005899705014749235,-0.026548672566371723,
1301637,20210804000327,00357607,케이피티유,054410,주요사항보고서(전환사채권발행결정),2021-08-04,KOSDAQ,8330.0,8590.0,8690.0,8250.0,0.031212484993997647,0.04321728691476601,-0.009603841536614643,
759888,20240206900429,00357607,케이피티유,054410,전환사채(해외전환사채포함)발행후만기전사채취득,2024-02-06,KOSDAQ,4950.0,4965.0,4940.0,5030.0,0.003030303030302939,-0.002020202020202033,0.016161616161616266,
654604,20240507900502,00357607,케이피티유,054410,전환사채(해외전환사채포함)발행후만기전사채취득,2024-05-07,KOSDAQ,4820.0,4805.0,4795.0,4700.0,-0.003112033195020736,-0.005186721991701226,-0.024896265560165998,
1300578,20210806000409,00297989,오르비텍,046120,주요사항보고서(전환사채권발행결정),2021-08-06,KOSDAQ,7590.0,7580.0,7540.0,7540.0,-0.0013175230566534468,-0.006587615283267456,-0.006587615283267456,
1170119,20220329902391,00297989,오르비텍,046120,전환사채(해외전환사채포함)발행후만기전사채취득,2022-03-29,KOSDAQ,7420.0,7410.0,7390.0,7100.0,-0.0013477088948786742,-0.0040431266846361336,-0.04312668463611857,
993693,20230213900974,00297989,오르비텍,046120,전환사채(해외전환사채포함)발행후만기전사채취득,2023-02-13,KOSDAQ,4485.0,4480.0,4315.0,4475.0,-0.0011148272017836858,-0.03790412486064665,-0.0022296544035674826,
651637,20240513900687,00297989,오르비텍,046120,전환사채(해외전환사채포함)발행후만기전사채취득,2024-05-13,KOSDAQ,3090.0,3035.0,3065.0,2950.0,-0.017799352750809017,-0.008090614886731351,-0.04530744336569581,
645197,20240523000315,00297989,오르비텍,046120,주요사항보고서(전환사채권발행결정),2024-05-23,KOSDAQ,3130.0,3165.0,3400.0,3175.0,0.011182108626198062,0.08626198083067083,0.01437699680511173,
539406,20241212000453,00297989,오르비텍,046120,주요사항보고서(전환사채권발행결정),2024-12-12,KOSDAQ,1929.0,1935.0,1945.0,2010.0,0.0031104199066873672,0.00829445308449972,0.04199066874028001,
537249,20241213901972,00297989,오르비텍,046120,기타주요경영사항              (제8회차 전환사채권 발행 결정 철회),2024-12-13,KOSDAQ,1935.0,1945.0,1927.0,1980.0,0.0051679586563306845,-0.004134366925064636,0.023255813953488413,
465322,20250326900206,00297989,오르비텍,046120,전환사채(해외전환사채포함)발행후만기전사채취득,2025-03-26,KOSDAQ,2400.0,2400.0,2370.0,2315.0,0.0,-0.012499999999999956,-0.03541666666666665,
312178,20251110000322,00297989,오르비텍,046120,주요사항보고서(전환사채권발행결정),2025-11-10,KOSDAQ,4130.0,4130.0,4105.0,4050.0,0.0,-0.006053268765133124,-0.01937046004842613,
304761,20251120000330,00297989,오르비텍,046120,주요사항보고서(전환사채권발행결정),2025-11-20,KOSDAQ,4010.0,3795.0,3730.0,3935.0,-0.05361596009975067,-0.06982543640897754,-0.018703241895261846,
300639,20251127000853,00297989,오르비텍,046120,주요사항보고서(전환사채권발행결정),2025-11-27,KOSDAQ,3935.0,3915.0,3820.0,3930.0,-0.0050825921219822545,-0.029224904701397714,-0.0012706480304955914,
286495,20251218000456,00297989,오르비텍,046120,주요사항보고서(전환사채권발행결정),2025-12-18,KOSDAQ,3995.0,4160.0,4195.0,3825.0,0.041301627033792254,0.050062578222778376,-0.04255319148936165,
97212,20260312001438,00297989,오르비텍,046120,주요사항보고서(전환사채권발행결정),2026-03-13,KOSDAQ,8480.0,10000.0,9410.0,13700.0,0.179245283018868,0.10966981132075482,0.615566037735849,
1300227,20210809900382,00261009,감성코퍼레이션,036620,기타경영사항(자율공시)(제6회차 감성코퍼레이션 기발행 전환사채 취득후 일부 재매각의 건),2021-08-09,KOSDAQ,1365.0,1370.0,1390.0,1330.0,0.00366300366300365,0.01831501831501825,-0.02564102564102566,
1218559,20220128000452,00261009,감성코퍼레이션,036620,주요사항보고서(전환사채권발행결정),2022-01-28,KOSDAQ,2100.0,2015.0,2165.0,2285.0,-0.04047619047619044,0.030952380952380842,0.088095238095238,
1300214,20210809900394,00526696,웨이브일렉트로,095270,전환사채(해외전환사채포함)발행후만기전사채취득(제12회차),2021-08-09,KOSDAQ,5310.0,5150.0,5100.0,5130.0,-0.030131826741996215,-0.039548022598870025,-0.03389830508474578,
1300100,20210809900572,00681249,씨유메디칼,115480,전환사채(해외전환사채포함)발행후만기전사채취득,2021-08-09,KOSDAQ,7250.0,7025.0,7075.0,5950.0,-0.03103448275862064,-0.024137931034482807,-0.17931034482758623,
1298566,20210812900524,00681249,씨유메디칼,115480,전환사채(해외전환사채포함)발행후만기전사채취득,2021-08-12,KOSDAQ,7200.0,6775.0,5950.0,5800.0,-0.05902777777777779,-0.17361111111111116,-0.19444444444444442,
1291152,20210825900431,00681249,씨유메디칼,115480,전환사채(해외전환사채포함)발행후만기전사채취득,2021-08-25,KOSDAQ,6400.0,6325.0,6275.0,6375.0,-0.01171875,-0.01953125,-0.00390625,
1258177,20211112901322,00681249,씨유메디칼,115480,전환사채(해외전환사채포함)발행후만기전사채취득,2021-11-12,KOSDAQ,5350.0,5375.0,5375.0,5200.0,0.004672897196261738,0.004672897196261738,-0.028037383177570097,
1247101,20211130900547,00681249,씨유메디칼,115480,전환사채(해외전환사채포함)발행후만기전사채취득,2021-11-30,KOSDAQ,5050.0,6050.0,6125.0,6125.0,0.19801980198019797,0.21287128712871284,0.21287128712871284,
1238170,20211217900308,00681249,씨유메디칼,115480,전환사채(해외전환사채포함)발행후만기전사채취득,2021-12-17,KOSDAQ,5875.0,5675.0,5625.0,5675.0,-0.03404255319148941,-0.04255319148936165,-0.03404255319148941,
1211712,20220214900472,00681249,씨유메디칼,115480,전환사채(해외전환사채포함)발행후만기전사채취득,2022-02-14,KOSDAQ,5875.0,5950.0,6075.0,6150.0,0.012765957446808418,0.03404255319148941,0.04680851063829783,
1170539,20220329901831,00681249,씨유메디칼,115480,전환사채(해외전환사채포함)발행후만기전사채취득,2022-03-29,KOSDAQ,6250.0,6275.0,6325.0,6400.0,0.0040000000000000036,0.01200000000000001,0.02400000000000002,
1080172,20220812900235,00681249,씨유메디칼,115480,전환사채(해외전환사채포함)발행후만기전사채취득,2022-08-12,KOSDAQ,5725.0,5650.0,6000.0,5800.0,-0.013100436681222738,0.048034934497816595,0.013100436681222627,
91904,20260317000894,00681249,씨유메디칼,115480,주요사항보고서(전환사채권발행결정),2026-03-18,KOSDAQ,2480.0,2505.0,2500.0,2500.0,0.010080645161290258,0.008064516129032251,0.008064516129032251,
1299668,20210810000313,01037214,킵스파마,256940,주요사항보고서(전환사채권발행결정),2021-08-10,KOSDAQ,16350.0,16050.0,15900.0,14850.0,-0.01834862385321101,-0.02752293577981646,-0.09174311926605505,
1076984,20220816902017,01037214,킵스파마,256940,전환사채(해외전환사채포함)발행후만기전사채취득,2022-08-16,KOSDAQ,6190.0,6060.0,6850.0,6680.0,-0.021001615508885352,0.10662358642972536,0.07915993537964461,
705951,20240329903101,01037214,킵스파마,256940,전환사채(해외전환사채포함)발행후만기전사채취득,2024-03-29,KOSDAQ,6950.0,7130.0,7020.0,6750.0,0.025899280575539585,0.010071942446043147,-0.02877697841726623,
604193,20240813900131,01037214,킵스파마,256940,전환사채(해외전환사채포함)발행후만기전사채취득,2024-08-13,KOSDAQ,5090.0,5250.0,5790.0,5610.0,0.03143418467583503,0.1375245579567781,0.10216110019646374,
549102,20241127900443,01037214,킵스파마,256940,전환사채(해외전환사채포함)발행후만기전사채취득,2024-11-27,KOSDAQ,5150.0,5230.0,5160.0,4760.0,0.01553398058252431,0.001941747572815622,-0.07572815533980581,
381861,20250616000286,01037214,킵스파마,256940,주요사항보고서(전환사채권발행결정),2025-06-16,KOSDAQ,17050.0,20050.0,20600.0,20950.0,0.1759530791788857,0.2082111436950147,0.22873900293255134,
1299540,20210810000396,00453488,다이나믹디자인,145210,주요사항보고서(전환사채권발행결정),2021-08-11,KOSPI,10048.0,10004.0,9783.0,8694.0,-0.00437898089171973,-0.026373407643312086,-0.13475318471337583,
1299539,20210810000397,00453488,다이나믹디자인,145210,주요사항보고서(전환사채권발행결정),2021-08-11,KOSPI,10048.0,10004.0,9783.0,8694.0,-0.00437898089171973,-0.026373407643312086,-0.13475318471337583,
1253118,20211122000282,00453488,다이나믹디자인,145210,주요사항보고서(전환사채권발행결정),2021-11-22,KOSPI,6796.0,6914.0,7193.0,6988.0,0.017363154796939284,0.05841671571512652,0.028251912889935227,
833147,20230901000327,00453488,다이나믹디자인,145210,주요사항보고서(전환사채권발행결정),2023-09-01,KOSPI,3000.0,2970.0,2705.0,2639.0,-0.010000000000000009,-0.09833333333333338,-0.12033333333333329,
1299226,20210811000291,01035678,링크드,193250,주요사항보고서(전환사채권발행결정),2021-08-11,KOSDAQ,12600.0,12250.0,12000.0,10600.0,-0.02777777777777779,-0.04761904761904767,-0.15873015873015872,
842013,20230818900385,01035678,링크드,193250,전환사채(해외전환사채포함)발행후만기전사채취득,2023-08-18,KOSDAQ,4720.0,4550.0,4425.0,4430.0,-0.03601694915254239,-0.0625,-0.06144067796610164,
750811,20240219900764,01035678,링크드,193250,전환사채(해외전환사채포함)발행후만기전사채취득,2024-02-19,KOSDAQ,4070.0,4020.0,4015.0,3925.0,-0.012285012285012331,-0.013513513513513487,-0.035626535626535616,
646617,20240520900235,01035678,링크드,193250,전환사채(해외전환사채포함)발행후만기전사채취득,2024-05-20,KOSDAQ,3610.0,3615.0,3595.0,3370.0,0.0013850415512466352,-0.0041551246537395725,-0.06648199445983383,
348428,20250818900283,01035678,링크드,193250,전환사채(해외전환사채포함)발행후만기전사채취득,2025-08-18,KOSDAQ,2410.0,2355.0,2325.0,2360.0,-0.022821576763485507,-0.03526970954356845,-0.020746887966805017,
305956,20251117000256,01035678,링크드,193250,주요사항보고서(전환사채권발행결정),2025-11-18,KOSDAQ,2155.0,2065.0,2085.0,2025.0,-0.04176334106728541,-0.0324825986078886,-0.06032482598607891,
1299146,20210811000366,00132628,성문전자,014910,주요사항보고서(전환사채권발행결정),2021-08-11,KOSPI,2345.0,2390.0,2330.0,2495.0,0.019189765458422103,-0.006396588486140775,0.06396588486140731,
1298507,20210812000414,00579139,한국맥널티,222980,주요사항보고서(전환사채권발행결정),2021-08-12,KOSDAQ,8390.0,8210.0,7850.0,7370.0,-0.021454112038140627,-0.06436233611442188,-0.12157330154946366,
750842,20240219900718,00579139,한국맥널티,222980,전환사채(해외전환사채포함)발행후만기전사채취득,2024-02-19,KOSDAQ,4470.0,4520.0,4430.0,4370.0,0.01118568232662187,-0.008948545861297563,-0.022371364653243853,
656035,20240502900531,00579139,한국맥널티,222980,전환사채(해외전환사채포함)발행후만기전사채취득,2024-05-02,KOSDAQ,4645.0,4610.0,4590.0,4760.0,-0.00753498385360607,-0.011840688912809427,0.02475780409041972,
569939,20241016000173,00579139,한국맥널티,222980,주요사항보고서(전환사채권발행결정),2024-10-16,KOSDAQ,4165.0,4085.0,4100.0,3790.0,-0.019207683073229287,-0.015606242496998823,-0.09003601440576225,
553045,20241119900415,00579139,한국맥널티,222980,전환사채(해외전환사채포함)발행후만기전사채취득,2024-11-19,KOSDAQ,3795.0,3650.0,3660.0,3675.0,-0.03820816864295129,-0.035573122529644285,-0.031620553359683834,
1298440,20210812000474,00475985,시너지이노베이션,048870,주요사항보고서(전환사채권발행결정),2021-08-12,KOSDAQ,4875.0,4140.0,4160.0,3890.0,-0.15076923076923077,-0.1466666666666666,-0.2020512820512821,
1282020,20210910000489,00475985,시너지이노베이션,048870,주요사항보고서(전환사채권발행결정),2021-09-10,KOSDAQ,4110.0,4190.0,4185.0,4150.0,0.019464720194647178,0.018248175182481674,0.009732360097323589,
843775,20230814902322,00475985,시너지이노베이션,048870,전환사채(해외전환사채포함)발행후만기전사채취득,2023-08-14,KOSDAQ,2025.0,1964.0,1936.0,2040.0,-0.030123456790123404,-0.043950617283950666,0.007407407407407307,
804950,20231113900809,00475985,시너지이노베이션,048870,전환사채(해외전환사채포함)발행후만기전사채취득,2023-11-13,KOSDAQ,2645.0,2690.0,2720.0,2725.0,0.017013232514177634,0.02835538752362954,0.030245746691871522,
787423,20231211000395,00475985,시너지이노베이션,048870,주요사항보고서(전환사채권발행결정),2023-12-11,KOSDAQ,3050.0,2940.0,2845.0,2935.0,-0.0360655737704918,-0.06721311475409841,-0.03770491803278686,
783088,20231215901625,00475985,시너지이노베이션,048870,전환사채(해외전환사채포함)발행후만기전사채취득,2023-12-15,KOSDAQ,2785.0,2935.0,2900.0,2850.0,0.05385996409335725,0.04129263913824066,0.02333931777378817,
755840,20240213900833,00475985,시너지이노베이션,048870,전환사채(해외전환사채포함)발행후만기전사채취득,2024-02-13,KOSDAQ,2805.0,2800.0,2790.0,2885.0,-0.0017825311942959443,-0.005347593582887722,0.028520499108734443,
661030,20240425900420,00475985,시너지이노베이션,048870,전환사채(해외전환사채포함)발행후만기전사채취득,2024-04-25,KOSDAQ,2800.0,2795.0,2825.0,2810.0,-0.0017857142857142794,0.008928571428571397,0.0035714285714285587,
285392,20251222900393,00475985,시너지이노베이션,048870,전환사채(해외전환사채포함)발행후만기전사채취득,2025-12-22,KOSDAQ,2400.0,2345.0,2325.0,2345.0,-0.022916666666666696,-0.03125,-0.022916666666666696,
85731,20260323900918,00475985,시너지이노베이션,048870,전환사채(해외전환사채포함)발행후만기전사채취득,2026-03-23,KOSDAQ,2150.0,2170.0,2195.0,2185.0,0.009302325581395321,0.020930232558139528,0.016279069767441756,
114651,20260622900307,00475985,시너지이노베이션,048870,전환사채(해외전환사채포함)발행후만기전사채취득,2026-06-22,KOSDAQ,1740.0,1596.0,1667.0,,-0.08275862068965523,-0.0419540229885057,,
114119,20260623900253,00475985,시너지이노베이션,048870,전환사채(해외전환사채포함)발행후만기전사채취득,2026-06-23,KOSDAQ,1596.0,1667.0,1654.0,,0.04448621553884702,0.036340852130325896,,
1297717,20210813000536,00111458,대영포장,014160,주요사항보고서(전환사채권발행결정),2021-08-13,KOSPI,3065.0,2880.0,2885.0,2635.0,-0.06035889070146816,-0.05872756933115819,-0.14029363784665583,
1297230,20210813001028,01022142,엠디바이스,226590,주요사항보고서(전환사채권발행결정),2021-08-13,KOSDAQ,11100.0,12200.0,11940.0,12110.0,0.0990990990990992,0.07567567567567557,0.09099099099099095,
1281707,20210913000126,01022142,엠디바이스,226590,주요사항보고서(전환사채권발행결정),2021-09-13,KOSDAQ,11100.0,12200.0,11940.0,12110.0,0.0990990990990992,0.07567567567567557,0.09099099099099095,
1277328,20210928000230,01022142,엠디바이스,226590,주요사항보고서(전환사채권발행결정),2021-09-28,KOSDAQ,11100.0,12200.0,11940.0,12110.0,0.0990990990990992,0.07567567567567557,0.09099099099099095,
1276665,20210929000288,01022142,엠디바이스,226590,주요사항보고서(전환사채권발행결정),2021-09-29,KOSDAQ,11100.0,12200.0,11940.0,12110.0,0.0990990990990992,0.07567567567567557,0.09099099099099095,
647127,20240517000179,01022142,엠디바이스,226590,주요사항보고서(전환사채권발행결정),2024-05-17,KOSDAQ,11100.0,12200.0,11940.0,12110.0,0.0990990990990992,0.07567567567567557,0.09099099099099095,
335201,20250911000306,01022142,엠디바이스,226590,주요사항보고서(전환사채권발행결정),2025-09-11,KOSDAQ,11920.0,15490.0,15900.0,18800.0,0.299496644295302,0.33389261744966436,0.5771812080536913,
1297544,20210813900883,00560982,바이오솔루션,086820,증권발행결과(자율공시)(제1회 무기명식 이권부 무보증 사모 전환사채),2021-08-13,KOSDAQ,9444.0,9074.0,9057.0,9208.0,-0.039178314273612846,-0.040978398983481545,-0.02498941126641252,
595440,20240822900318,00560982,바이오솔루션,086820,전환사채(해외전환사채포함)발행후만기전사채취득,2024-08-22,KOSDAQ,4579.0,4579.0,4484.0,5094.0,0.0,-0.020746887966805017,0.11246997160952166,
1294464,20210817002088,00106395,금호전기,001210,주요사항보고서(전환사채권발행결정),2021-08-17,KOSPI,2935.0,2885.0,2650.0,2995.0,-0.017035775127768327,-0.09710391822827935,0.020442930153321992,
1294376,20210817002110,00106395,금호전기,001210,주요사항보고서(전환사채권발행결정),2021-08-17,KOSPI,2935.0,2885.0,2650.0,2995.0,-0.017035775127768327,-0.09710391822827935,0.020442930153321992,
1294372,20210817002140,00106395,금호전기,001210,주요사항보고서(전환사채권발행결정),2021-08-17,KOSPI,2935.0,2885.0,2650.0,2995.0,-0.017035775127768327,-0.09710391822827935,0.020442930153321992,
1251602,20211125000300,00106395,금호전기,001210,주요사항보고서(전환사채권발행결정),2021-11-25,KOSPI,3375.0,3270.0,3135.0,3210.0,-0.03111111111111109,-0.07111111111111112,-0.04888888888888887,
1222518,20220121000001,00106395,금호전기,001210,주요사항보고서(전환사채권발행결정),2022-01-21,KOSPI,2760.0,2355.0,2195.0,2400.0,-0.1467391304347826,-0.20471014492753625,-0.13043478260869568,
780600,20231221000334,00106395,금호전기,001210,주요사항보고서(전환사채권발행결정),2023-12-21,KOSPI,842.0,831.0,821.0,830.0,-0.013064133016627122,-0.02494061757719712,-0.014251781472684133,
598947,20240814003359,00106395,금호전기,001210,주요사항보고서(전환사채권발행결정),2024-08-14,KOSPI,706.0,700.0,698.0,709.0,-0.008498583569405138,-0.011331444759206777,0.004249291784702569,
411718,20250423000539,00106395,금호전기,001210,주요사항보고서(전환사채권발행결정),2025-04-23,KOSPI,1228.0,1202.0,1204.0,1129.0,-0.021172638436482094,-0.019543973941368087,-0.08061889250814336,
1294310,20210817002141,00121969,에쓰씨엔지니어링,023960,주요사항보고서(전환사채권발행결정),2021-08-17,KOSPI,5800.0,5540.0,5040.0,5070.0,-0.04482758620689653,-0.13103448275862073,-0.12586206896551722,
1253085,20211122000305,00121969,에쓰씨엔지니어링,023960,주요사항보고서(전환사채권발행결정),2021-11-22,KOSPI,3270.0,3230.0,3190.0,3150.0,-0.012232415902140636,-0.024464831804281384,-0.03669724770642202,
547662,20241128001088,00121969,에쓰씨엔지니어링,023960,주요사항보고서(전환사채권발행결정),2024-11-28,KOSPI,1545.0,1497.0,1485.0,1413.0,-0.031067961165048508,-0.03883495145631066,-0.08543689320388348,
547565,20241128001255,00121969,에쓰씨엔지니어링,023960,주요사항보고서(전환사채권발행결정),2024-11-28,KOSPI,1545.0,1497.0,1485.0,1413.0,-0.031067961165048508,-0.03883495145631066,-0.08543689320388348,
1294278,20210817002246,00163716,한창,005110,주요사항보고서(전환사채권발행결정),2021-08-17,KOSPI,5700.0,5820.0,5600.0,5620.0,0.021052631578947434,-0.01754385964912286,-0.01403508771929829,
1096317,20220704000285,00163716,한창,005110,주요사항보고서(전환사채권발행결정),2022-07-04,KOSPI,3532.0,3632.0,3560.0,3780.0,0.028312570781426905,0.007927519818799578,0.07021517553793877,
859329,20230721000238,00163716,한창,005110,주요사항보고서(전환사채권발행결정),2023-07-21,KOSPI,1816.0,1632.0,1604.0,1644.0,-0.10132158590308371,-0.11674008810572689,-0.09471365638766516,
1294218,20210817002368,01043853,베노티앤알,206400,주요사항보고서(전환사채권발행결정),2021-08-17,KOSDAQ,6190.0,6400.0,6250.0,6090.0,0.03392568659127626,0.009693053311793154,-0.016155088852988664,
1294208,20210817002371,01043853,베노티앤알,206400,주요사항보고서(전환사채권발행결정),2021-08-17,KOSDAQ,6190.0,6400.0,6250.0,6090.0,0.03392568659127626,0.009693053311793154,-0.016155088852988664,
1276478,20210929900508,01043853,베노티앤알,206400,증권발행결과(자율공시)(제8회 무기명식 무보증 사모 전환사채),2021-09-29,KOSDAQ,5330.0,5770.0,5660.0,5500.0,0.0825515947467168,0.06191369606003749,0.031894934333958735,
1276476,20210929900513,01043853,베노티앤알,206400,증권발행결과(자율공시)(제9회 무기명식 무보증 사모 전환사채),2021-09-29,KOSDAQ,5330.0,5770.0,5660.0,5500.0,0.0825515947467168,0.06191369606003749,0.031894934333958735,
1236256,20211222900419,01043853,베노티앤알,206400,전환사채(해외전환사채포함)발행후만기전사채취득,2021-12-22,KOSDAQ,4665.0,4615.0,4625.0,4655.0,-0.010718113612004254,-0.008574490889603381,-0.002143622722400873,
962408,20230320001107,01043853,베노티앤알,206400,주요사항보고서(전환사채권발행결정),2023-03-20,KOSDAQ,2860.0,2750.0,2770.0,2745.0,-0.038461538461538436,-0.03146853146853146,-0.04020979020979021,
950549,20230329902269,01043853,베노티앤알,206400,전환사채(해외전환사채포함)발행후만기전사채취득(제8회차),2023-03-29,KOSDAQ,2990.0,3040.0,3080.0,4050.0,0.01672240802675584,0.030100334448160515,0.35451505016722407,
903449,20230426900514,01043853,베노티앤알,206400,전환사채(해외전환사채포함)발행후만기전사채취득(제9회차),2023-04-26,KOSDAQ,5430.0,5210.0,4995.0,5090.0,-0.04051565377532229,-0.08011049723756902,-0.06261510128913439,
865575,20230706900365,01043853,베노티앤알,206400,전환사채(해외전환사채포함)발행후만기전사채취득(제8회차),2023-07-06,KOSDAQ,4190.0,3950.0,3855.0,3890.0,-0.05727923627684961,-0.07995226730310268,-0.0715990453460621,
582136,20240912900457,01043853,베노티앤알,206400,전환사채(해외전환사채포함)발행후만기전사채취득,2024-09-12,KOSDAQ,3580.0,3785.0,3625.0,3615.0,0.0572625698324023,0.012569832402234526,0.009776536312849249,
511296,20250210900994,01043853,베노티앤알,206400,전환사채(해외전환사채포함)발행후만기전사채취득,2025-02-10,KOSDAQ,1784.0,1796.0,1835.0,1739.0,0.006726457399103047,0.028587443946188396,-0.02522421524663676,
368640,20250714000361,01043853,베노티앤알,206400,주요사항보고서(전환사채권발행결정),2025-07-14,KOSDAQ,2355.0,2100.0,2170.0,2505.0,-0.10828025477707004,-0.07855626326963905,0.06369426751592355,
254951,20260211901738,01043853,베노티앤알,206400,기타주요경영사항              (유상증자 및 제11회차 전환사채권 발행 결정 철회),2026-02-11,KOSDAQ,1507.0,1542.0,1486.0,1410.0,0.023224950232249464,-0.013934970139349745,-0.06436629064366295,
1295479,20210817901376,00560122,한울소재과학,091440,전환사채(해외전환사채포함)발행후만기전사채취득,2021-08-17,KOSDAQ,3695.0,3685.0,3550.0,3595.0,-0.0027063599458727605,-0.03924221921515558,-0.02706359945872805,
1189389,20220314900780,00560122,한울소재과학,091440,전환사채(해외전환사채포함)발행후만기전사채취득,2022-03-14,KOSDAQ,2665.0,2640.0,2710.0,2815.0,-0.009380863039399667,0.016885553470919357,0.05628517823639778,
1133805,20220414900360,00560122,한울소재과학,091440,전환사채(해외전환사채포함)발행후만기전사채취득,2022-04-14,KOSDAQ,2975.0,3000.0,3050.0,3130.0,0.008403361344537785,0.025210084033613356,0.05210084033613449,
791372,20231201000004,00560122,한울소재과학,091440,주요사항보고서(전환사채권발행결정),2023-12-01,KOSDAQ,4075.0,5290.0,6870.0,8730.0,0.29815950920245404,0.6858895705521473,1.1423312883435583,
791371,20231201000005,00560122,한울소재과학,091440,주요사항보고서(전환사채권발행결정),2023-12-01,KOSDAQ,4075.0,5290.0,6870.0,8730.0,0.29815950920245404,0.6858895705521473,1.1423312883435583,
655870,20240502000558,00560122,한울소재과학,091440,주요사항보고서(전환사채권발행결정),2024-05-02,KOSDAQ,12360.0,11800.0,12100.0,11840.0,-0.04530744336569581,-0.021035598705501646,-0.04207119741100329,
575467,20240930900700,00560122,한울소재과학,091440,전환사채(해외전환사채포함)발행후만기전사채취득,2024-09-30,KOSDAQ,5830.0,6070.0,5800.0,5710.0,0.04116638078902235,-0.005145797598627766,-0.020583190394511175,
529439,20241227900895,00560122,한울소재과학,091440,전환사채(해외전환사채포함)발행후만기전사채취득,2024-12-27,KOSDAQ,5490.0,6380.0,7170.0,6730.0,0.16211293260473592,0.30601092896174853,0.2258652094717668,
356238,20250811000481,00560122,한울소재과학,091440,주요사항보고서(전환사채권발행결정),2025-08-11,KOSDAQ,2405.0,2430.0,2405.0,2260.0,0.01039501039501034,0.0,-0.06029106029106024,
1293925,20210818000099,00519252,THE E&M,089230,주요사항보고서(전환사채권발행결정),2021-08-18,KOSDAQ,9270.0,9000.0,8690.0,8780.0,-0.029126213592232997,-0.06256742179072272,-0.052858683926645056,
1292766,20210820000362,00519252,THE E&M,089230,주요사항보고서(전환사채권발행결정),2021-08-20,KOSDAQ,8690.0,8660.0,8750.0,8600.0,-0.0034522439585730202,0.0069044879171460405,-0.010356731875719172,
1237371,20211220900534,00519252,THE E&M,089230,전환사채(해외전환사채포함)발행후만기전사채취득,2021-12-20,KOSDAQ,6190.0,6280.0,6310.0,6270.0,0.01453957996768973,0.01938610662358653,0.01292407108239102,
1070126,20220830900142,00519252,THE E&M,089230,전환사채(해외전환사채포함)발행후만기전사채취득,2022-08-30,KOSDAQ,4700.0,4680.0,4500.0,4430.0,-0.004255319148936176,-0.04255319148936165,-0.057446808510638325,
1066338,20220902900378,00519252,THE E&M,089230,전환사채(해외전환사채포함)발행후만기전사채취득,2022-09-02,KOSDAQ,4500.0,4470.0,4430.0,4290.0,-0.00666666666666671,-0.015555555555555545,-0.046666666666666634,
1055130,20221005900503,00519252,THE E&M,089230,전환사채(해외전환사채포함)발행후만기전사채취득,2022-10-05,KOSDAQ,3740.0,3710.0,3810.0,3180.0,-0.008021390374331583,0.018716577540107027,-0.14973262032085566,
1031645,20221125900479,00519252,THE E&M,089230,전환사채(해외전환사채포함)발행후만기전사채취득,2022-11-25,KOSDAQ,3700.0,3550.0,3560.0,3600.0,-0.04054054054054057,-0.037837837837837784,-0.027027027027026973,
1027425,20221130900541,00519252,THE E&M,089230,전환사채(해외전환사채포함)발행후만기전사채취득,2022-11-30,KOSDAQ,3570.0,3600.0,3600.0,3440.0,0.008403361344537785,0.008403361344537785,-0.036414565826330514,
1013440,20221228900583,00519252,THE E&M,089230,전환사채(해외전환사채포함)발행후만기전사채취득,2022-12-28,KOSDAQ,3140.0,3150.0,3190.0,3190.0,0.0031847133757962887,0.015923566878981,0.015923566878981,
989549,20230220900871,00519252,THE E&M,089230,전환사채(해외전환사채포함)발행후만기전사채취득,2023-02-20,KOSDAQ,3490.0,3400.0,3230.0,2960.0,-0.025787965616045794,-0.07449856733524352,-0.15186246418338112,
928076,20230406002853,00519252,THE E&M,089230,주요사항보고서(전환사채권발행결정),2023-04-06,KOSDAQ,3180.0,3490.0,3430.0,3440.0,0.09748427672955984,0.07861635220125796,0.08176100628930816,
898488,20230503000781,00519252,THE E&M,089230,주요사항보고서(전환사채권발행결정),2023-05-04,KOSDAQ,3040.0,2950.0,2880.0,2880.0,-0.02960526315789469,-0.052631578947368474,-0.052631578947368474,
779965,20231222900246,00519252,THE E&M,089230,전환사채(해외전환사채포함)발행후만기전사채취득(제16회차),2023-12-22,KOSDAQ,1970.0,1920.0,2050.0,2110.0,-0.025380710659898442,0.04060913705583746,0.07106598984771573,
762800,20240131900748,00519252,THE E&M,089230,전환사채(해외전환사채포함)발행후만기전사채취득(제16회차),2024-01-31,KOSDAQ,2150.0,2150.0,2150.0,2150.0,0.0,0.0,0.0,
747223,20240223900805,00519252,THE E&M,089230,전환사채(해외전환사채포함)발행후만기전사채취득              (제16회차),2024-02-23,KOSDAQ,1925.0,1860.0,1775.0,2015.0,-0.03376623376623378,-0.07792207792207795,0.04675324675324677,
728792,20240313902417,00519252,THE E&M,089230,전환사채(해외전환사채포함)발행후만기전사채취득              (제11회차),2024-03-13,KOSDAQ,1828.0,1856.0,1934.0,1886.0,0.015317286652078765,0.057986870897155374,0.03172866520787743,
725225,20240315000528,00519252,THE E&M,089230,주요사항보고서(전환사채권발행결정),2024-03-15,KOSDAQ,1934.0,1910.0,1898.0,2025.0,-0.012409513960703222,-0.018614270941054833,0.04705274043433305,
652972,20240510900276,00519252,THE E&M,089230,전환사채(해외전환사채포함)발행후만기전사채취득,2024-05-10,KOSDAQ,2070.0,2050.0,2015.0,1995.0,-0.009661835748792313,-0.02657004830917875,-0.036231884057971064,
630876,20240618900163,00519252,THE E&M,089230,증권발행결과(자율공시)              (제19회 무기명식 무보증 사모 전환사채),2024-06-18,KOSDAQ,1904.0,1820.0,1880.0,1815.0,-0.044117647058823484,-0.012605042016806678,-0.04674369747899154,
580376,20240919900356,00519252,THE E&M,089230,전환사채(해외전환사채포함)발행후만기전사채취득              (제11회차),2024-09-19,KOSDAQ,1352.0,1353.0,1364.0,1345.0,0.0007396449704142327,0.008875739644970349,-0.005177514792899407,
568239,20241021900468,00519252,THE E&M,089230,전환사채(해외전환사채포함)발행후만기전사채취득              (제17회차),2024-10-21,KOSDAQ,1360.0,1357.0,1346.0,1319.0,-0.0022058823529411686,-0.010294117647058787,-0.030147058823529416,
559129,20241111900544,00519252,THE E&M,089230,전환사채(해외전환사채포함)발행후만기전사채취득              (제18회차),2024-11-11,KOSDAQ,1128.0,1111.0,1061.0,1045.0,-0.01507092198581561,-0.05939716312056742,-0.0735815602836879,
552983,20241119900478,00519252,THE E&M,089230,전환사채(해외전환사채포함)발행후만기전사채취득              (제15회차),2024-11-19,KOSDAQ,1065.0,1073.0,1071.0,1087.0,0.007511737089201942,0.005633802816901401,0.020657276995305063,
539150,20241212900990,00519252,THE E&M,089230,전환사채(해외전환사채포함)발행후만기전사채취득              (제18회차),2024-12-12,KOSDAQ,902.0,900.0,916.0,905.0,-0.0022172949002217113,0.015521064301552201,0.003325942350332678,
520507,20250120900992,00519252,THE E&M,089230,전환사채(해외전환사채포함)발행후만기전사채취득              (제17회차),2025-01-20,KOSDAQ,960.0,910.0,903.0,896.0,-0.05208333333333337,-0.059374999999999956,-0.06666666666666665,
520088,20250121900456,00519252,THE E&M,089230,전환사채(해외전환사채포함)발행후만기전사채취득              (제11회차),2025-01-21,KOSDAQ,910.0,903.0,892.0,854.0,-0.007692307692307665,-0.01978021978021982,-0.06153846153846154,
520081,20250121900461,00519252,THE E&M,089230,전환사채(해외전환사채포함)발행후만기전사채취득              (제13회차),2025-01-21,KOSDAQ,910.0,903.0,892.0,854.0,-0.007692307692307665,-0.01978021978021982,-0.06153846153846154,
517411,20250124900761,00519252,THE E&M,089230,전환사채(해외전환사채포함)발행후만기전사채취득              (제16회차),2025-01-24,KOSDAQ,900.0,896.0,854.0,890.0,-0.004444444444444473,-0.05111111111111111,-0.011111111111111072,
502194,20250219901002,00519252,THE E&M,089230,전환사채(해외전환사채포함)발행후만기전사채취득,2025-02-19,KOSDAQ,887.0,889.0,889.0,896.0,0.0022547914317925244,0.0022547914317925244,0.01014656144306647,
460312,20250328901279,00519252,THE E&M,089230,전환사채(해외전환사채포함)발행후만기전사채취득,2025-03-28,KOSDAQ,742.0,735.0,765.0,763.0,-0.009433962264150941,0.030997304582210283,0.028301886792452935,
441602,20250403900748,00519252,THE E&M,089230,전환사채(해외전환사채포함)발행후만기전사채취득,2025-04-03,KOSDAQ,779.0,763.0,741.0,990.0,-0.020539152759948665,-0.04878048780487809,0.2708600770218228,
437913,20250404900848,00519252,THE E&M,089230,전환사채(해외전환사채포함)발행후만기전사채취득,2025-04-04,KOSDAQ,763.0,741.0,720.0,919.0,-0.028833551769331556,-0.056356487549148127,0.2044560943643512,
397070,20250516000311,00519252,THE E&M,089230,주요사항보고서(전환사채권발행결정),2025-05-16,KOSDAQ,847.0,864.0,895.0,866.0,0.02007083825265643,0.05667060212514752,0.022432113341204207,
397066,20250516000322,00519252,THE E&M,089230,주요사항보고서(전환사채권발행결정),2025-05-16,KOSDAQ,847.0,864.0,895.0,866.0,0.02007083825265643,0.05667060212514752,0.022432113341204207,
387988,20250602900007,00519252,THE E&M,089230,전환사채(해외전환사채포함)발행후만기전사채취득              (제16회차),2025-06-02,KOSDAQ,905.0,897.0,888.0,900.0,-0.008839779005524906,-0.018784530386740328,-0.0055248618784530246,
382337,20250613900660,00519252,THE E&M,089230,전환사채(해외전환사채포함)발행후만기전사채취득              (제11회차),2025-06-13,KOSDAQ,905.0,923.0,920.0,937.0,0.019889502762430844,0.016574585635359185,0.0353591160220994,
371602,20250707900321,00519252,THE E&M,089230,전환사채(해외전환사채포함)발행후만기전사채취득              (제11회차),2025-07-07,KOSDAQ,1271.0,1304.0,1302.0,1410.0,0.02596380802517695,0.024390243902439046,0.10936270653029112,
97215,20260312001436,00519252,THE E&M,089230,주요사항보고서(전환사채권발행결정),2026-03-13,KOSDAQ,2230.0,2730.0,2870.0,2855.0,0.22421524663677128,0.2869955156950672,0.28026905829596416,
95454,20260313001309,00519252,THE E&M,089230,주요사항보고서(전환사채권발행결정),2026-03-13,KOSDAQ,2230.0,2730.0,2870.0,2855.0,0.22421524663677128,0.2869955156950672,0.28026905829596416,
38798,20260409002938,00519252,THE E&M,089230,주요사항보고서(전환사채권발행결정),2026-04-09,KOSDAQ,2585.0,2610.0,2760.0,3275.0,0.009671179883945946,0.06769825918762096,0.2669245647969052,
1293667,20210818000325,00389998,한성크린텍,066980,주요사항보고서(전환사채권발행결정),2021-08-18,KOSDAQ,5400.0,5250.0,5225.0,5925.0,-0.02777777777777779,-0.03240740740740744,0.09722222222222232,
899260,20230502000935,00389998,한성크린텍,066980,주요사항보고서(전환사채권발행결정),2023-05-02,KOSDAQ,2700.0,2640.0,2630.0,2650.0,-0.022222222222222254,-0.025925925925925908,-0.01851851851851849,
841958,20230818900483,00389998,한성크린텍,066980,전환사채(해외전환사채포함)발행후만기전사채취득,2023-08-18,KOSDAQ,2855.0,2835.0,2760.0,2930.0,-0.007005253940455369,-0.03327495621716292,0.02626970227670755,
799788,20231117000325,00389998,한성크린텍,066980,주요사항보고서(전환사채권발행결정),2023-11-17,KOSDAQ,1706.0,1735.0,1720.0,1719.0,0.016998827667057403,0.008206330597889888,0.007620164126612039,
799789,20231117900513,00389998,한성크린텍,066980,전환사채(해외전환사채포함)발행후만기전사채취득,2023-11-17,KOSDAQ,1706.0,1735.0,1720.0,1719.0,0.016998827667057403,0.008206330597889888,0.007620164126612039,
750267,20240220900452,00389998,한성크린텍,066980,전환사채(해외전환사채포함)발행후만기전사채취득,2024-02-20,KOSDAQ,3100.0,3070.0,3040.0,2995.0,-0.009677419354838679,-0.01935483870967747,-0.03387096774193543,
597482,20240816900276,00389998,한성크린텍,066980,전환사채(해외전환사채포함)발행후만기전사채취득,2024-08-16,KOSDAQ,1781.0,1823.0,1856.0,1793.0,0.0235822571588995,0.04211117349803484,0.006737787759685476,
553436,20241118900467,00389998,한성크린텍,066980,전환사채(해외전환사채포함)발행후만기전사채취득,2024-11-18,KOSDAQ,1843.0,1847.0,1865.0,1851.0,0.0021703743895822303,0.011937059142702156,0.0043407487791644606,
396992,20250516900504,00389998,한성크린텍,066980,전환사채(해외전환사채포함)발행후만기전사채취득,2025-05-16,KOSDAQ,1452.0,1390.0,1425.0,1493.0,-0.04269972451790638,-0.018595041322314043,0.028236914600551,
394590,20250523900607,00389998,한성크린텍,066980,전환사채(해외전환사채포함)발행후만기전사채취득,2025-05-23,KOSDAQ,1493.0,1506.0,1504.0,1619.0,0.008707300736771506,0.007367716008037428,0.0843938379102478,
248067,20260223901072,00389998,한성크린텍,066980,전환사채(해외전환사채포함)발행후만기전사채취득,2026-02-23,KOSDAQ,1243.0,1289.0,1273.0,1303.0,0.03700724054706361,0.024135156878519748,0.048270313757039496,
127011,20260529002160,00389998,한성크린텍,066980,주요사항보고서(전환사채권발행결정),2026-05-29,KOSDAQ,2245.0,1987.0,1760.0,1804.0,-0.11492204899777281,-0.21603563474387533,-0.19643652561247216,
1293821,20210818900285,00923826,일월지엠엘,178780,전환사채(해외전환사채포함)발행후만기전사채취득(제14회차),2021-08-18,KOSDAQ,4750.0,4750.0,4750.0,4750.0,0.0,0.0,0.0,
1249380,20211129900532,00923826,일월지엠엘,178780,전환사채(해외전환사채포함)발행후만기전사채취득(제14회차),2021-11-29,KOSDAQ,4750.0,4750.0,4750.0,4750.0,0.0,0.0,0.0,
907026,20230419000292,00923826,일월지엠엘,178780,주요사항보고서(전환사채권발행결정),2023-04-19,KOSDAQ,4750.0,4750.0,4750.0,4750.0,0.0,0.0,0.0,
907024,20230419000294,00923826,일월지엠엘,178780,주요사항보고서(전환사채권발행결정),2023-04-19,KOSDAQ,4750.0,4750.0,4750.0,4750.0,0.0,0.0,0.0,
616093,20240717900192,00923826,일월지엠엘,178780,전환사채(해외전환사채포함)발행후만기전사채취득              (제15회차),2024-07-17,KOSDAQ,4750.0,4750.0,4750.0,4750.0,0.0,0.0,0.0,
1293799,20210818900336,00442455,코스나인,082660,전환사채(해외전환사채포함)발행후만기전사채취득(제19회차),2021-08-18,KOSDAQ,1335.0,1360.0,1445.0,1470.0,0.01872659176029967,0.08239700374531833,0.101123595505618,
1288510,20210830900428,00442455,코스나인,082660,전환사채(해외전환사채포함)발행후만기전사채취득(제17회차),2021-08-30,KOSDAQ,1570.0,1670.0,1615.0,1365.0,0.06369426751592355,0.02866242038216571,-0.13057324840764328,
1283760,20210907900303,00442455,코스나인,082660,전환사채(해외전환사채포함)발행후만기전사채취득(제19회차),2021-09-07,KOSDAQ,1425.0,1430.0,1370.0,1395.0,0.0035087719298245723,-0.038596491228070184,-0.021052631578947323,
1273495,20211006900651,00442455,코스나인,082660,전환사채(해외전환사채포함)발행후만기전사채취득(제19회차),2021-10-06,KOSDAQ,1425.0,1405.0,1375.0,1310.0,-0.01403508771929829,-0.03508771929824561,-0.08070175438596494,
1271485,20211012000552,00442455,코스나인,082660,주요사항보고서(전환사채권발행결정),2021-10-12,KOSDAQ,1400.0,1345.0,1310.0,1270.0,-0.03928571428571426,-0.06428571428571428,-0.09285714285714286,
1219959,20220126900814,00442455,코스나인,082660,전환사채(해외전환사채포함)발행후만기전사채취득,2022-01-26,KOSDAQ,926.0,926.0,960.0,1175.0,0.0,0.036717062634989306,0.2688984881209504,
1171927,20220328901470,00442455,코스나인,082660,전환사채(해외전환사채포함)발행후만기전사채취득,2022-03-28,KOSDAQ,502.0,652.0,847.0,995.0,0.298804780876494,0.6872509960159363,0.9820717131474104,
1031780,20221125900301,00442455,코스나인,082660,전환사채(해외전환사채포함)발행후만기전사채취득(제20회차),2022-11-25,KOSDAQ,687.0,685.0,682.0,737.0,-0.0029112081513827937,-0.00727802037845704,0.07278020378457062,
909287,20230414001796,00442455,코스나인,082660,주요사항보고서(전환사채권발행결정),2023-04-14,KOSDAQ,1392.0,1397.0,1466.0,1899.0,0.0035919540229885083,0.053160919540229834,0.3642241379310345,
860228,20230719000447,00442455,코스나인,082660,주요사항보고서(전환사채권발행결정),2023-07-19,KOSDAQ,1355.0,1650.0,1565.0,1662.0,0.21771217712177116,0.15498154981549805,0.22656826568265687,
631771,20240614900533,00442455,코스나인,082660,전환사채(해외전환사채포함)발행후만기전사채취득              (제22회차),2024-06-14,KOSDAQ,531.0,540.0,560.0,568.0,0.016949152542372836,0.05461393596986808,0.06967984934086635,
619803,20240708900224,00442455,코스나인,082660,전환사채(해외전환사채포함)발행후만기전사채취득              (제22회차),2024-07-08,KOSDAQ,598.0,599.0,615.0,482.0,0.0016722408026756952,0.028428093645485042,-0.19397993311036787,
616421,20240716900551,00442455,코스나인,082660,전환사채(해외전환사채포함)발행후만기전사채취득              (제22회차),2024-07-16,KOSDAQ,469.0,479.0,510.0,455.0,0.021321961620469176,0.08742004264392333,-0.02985074626865669,
522676,20250114900502,00442455,코스나인,082660,전환사채(해외전환사채포함)발행후만기전사채취득              (제22회차),2025-01-14,KOSDAQ,480.0,480.0,480.0,480.0,0.0,0.0,0.0,
522675,20250114900507,00442455,코스나인,082660,전환사채(해외전환사채포함)발행후만기전사채취득              (제23회차),2025-01-14,KOSDAQ,480.0,480.0,480.0,480.0,0.0,0.0,0.0,
1293369,20210819000205,01058101,라파스,214260,주요사항보고서(전환사채권발행결정),2021-08-19,KOSDAQ,50600.0,57700.0,61200.0,71000.0,0.14031620553359692,0.20948616600790504,0.4031620553359683,
903964,20230425000723,01058101,라파스,214260,주요사항보고서(전환사채권발행결정),2023-04-26,KOSDAQ,23350.0,19390.0,18440.0,18710.0,-0.16959314775160594,-0.21027837259100646,-0.19871520342612414,
840284,20230823900222,01058101,라파스,214260,전환사채(해외전환사채포함)발행후만기전사채취득,2023-08-23,KOSDAQ,25100.0,25600.0,25800.0,25400.0,0.019920318725099584,0.027888446215139417,0.01195219123505975,
798094,20231123900357,01058101,라파스,214260,전환사채(해외전환사채포함)발행후만기전사채취득,2023-11-23,KOSDAQ,20400.0,20150.0,19410.0,18470.0,-0.01225490196078427,-0.04852941176470593,-0.0946078431372549,
747796,20240223900215,01058101,라파스,214260,전환사채(해외전환사채포함)발행후만기전사채취득,2024-02-23,KOSDAQ,16470.0,16380.0,16100.0,16150.0,-0.005464480874316946,-0.022465088038858494,-0.01942926533090472,
645404,20240523900048,01058101,라파스,214260,전환사채(해외전환사채포함)발행후만기전사채취득,2024-05-23,KOSDAQ,13480.0,13300.0,13050.0,12850.0,-0.013353115727002929,-0.03189910979228483,-0.04673590504451042,
595068,20240823900095,01058101,라파스,214260,전환사채(해외전환사채포함)발행후만기전사채취득,2024-08-23,KOSDAQ,17350.0,17600.0,18540.0,21600.0,0.014409221902017322,0.0685878962536024,0.24495677233429403,
565470,20241028900438,01058101,라파스,214260,전환사채(해외전환사채포함)발행후만기전사채취득,2024-10-28,KOSDAQ,17390.0,17420.0,17880.0,16590.0,0.0017251293847038163,0.028177113283496258,-0.046003450258769396,
517479,20250124900738,01058101,라파스,214260,전환사채(해외전환사채포함)발행후만기전사채취득,2025-01-24,KOSDAQ,14470.0,14200.0,13760.0,16130.0,-0.018659295093296446,-0.04906703524533518,0.11472011057360065,
514135,20250205000510,01058101,라파스,214260,주요사항보고서(전환사채권발행결정),2025-02-05,KOSDAQ,15020.0,16130.0,15490.0,16010.0,0.07390146471371506,0.0312916111850865,0.06591211717709711,
409471,20250428900257,01058101,라파스,214260,전환사채(해외전환사채포함)발행후만기전사채취득,2025-04-28,KOSDAQ,15550.0,17500.0,17220.0,19700.0,0.12540192926045024,0.1073954983922829,0.26688102893890675,
363270,20250728900131,01058101,라파스,214260,전환사채(해외전환사채포함)발행후만기전사채취득,2025-07-28,KOSDAQ,15050.0,14640.0,14700.0,14250.0,-0.027242524916943567,-0.023255813953488413,-0.05315614617940201,
318983,20251027900158,01058101,라파스,214260,전환사채(해외전환사채포함)발행후만기전사채취득,2025-10-27,KOSDAQ,13550.0,13520.0,13470.0,12820.0,-0.0022140221402213722,-0.005904059040590437,-0.0538745387453875,
303747,20251124900104,01058101,라파스,214260,전환사채(해외전환사채포함)발행후만기전사채취득,2025-11-24,KOSDAQ,12390.0,12100.0,12450.0,12660.0,-0.023405972558514954,0.004842615012106588,0.021791767554479424,
268263,20260127900101,01058101,라파스,214260,전환사채(해외전환사채포함)발행후만기전사채취득,2026-01-27,KOSDAQ,13050.0,13110.0,13010.0,12000.0,0.0045977011494253706,-0.0030651340996168397,-0.08045977011494254,
1293344,20210819000214,00117300,TCC스틸,002710,주요사항보고서(전환사채권발행결정),2021-08-19,KOSPI,7040.0,6970.0,7200.0,7910.0,-0.009943181818181768,0.022727272727272707,0.12357954545454541,
630117,20240619000300,00117300,TCC스틸,002710,주요사항보고서(전환사채권발행결정),2024-06-19,KOSPI,56000.0,56100.0,54400.0,54300.0,0.0017857142857142794,-0.02857142857142858,-0.03035714285714286,
12181,20260512000554,00117300,TCC스틸,002710,주요사항보고서(전환사채권발행결정),2026-05-12,KOSPI,17420.0,17790.0,17680.0,15900.0,0.021239954075775058,0.014925373134328401,-0.08725602755453499,
1293350,20210819000229,01214248,뉴트리,270870,주요사항보고서(전환사채권발행결정),2021-08-19,KOSDAQ,29600.0,28200.0,29050.0,29800.0,-0.04729729729729726,-0.01858108108108103,0.006756756756756799,
987258,20230223900892,01214248,뉴트리,270870,전환사채(해외전환사채포함)발행후만기전사채취득,2023-02-23,KOSDAQ,9860.0,9860.0,9460.0,9650.0,0.0,-0.04056795131845847,-0.02129817444219062,
840184,20230823900361,01214248,뉴트리,270870,전환사채(해외전환사채포함)발행후만기전사채취득,2023-08-23,KOSDAQ,7090.0,6940.0,6920.0,7130.0,-0.021156558533145242,-0.023977433004231274,0.005641748942172065,
1292859,20210820000233,01116502,아티스트컴퍼니,321820,주요사항보고서(전환사채권발행결정),2021-08-20,KOSDAQ,23400.0,22650.0,23500.0,23450.0,-0.03205128205128205,0.004273504273504258,0.002136752136752129,
746349,20240226900613,01116502,아티스트컴퍼니,321820,전환사채(해외전환사채포함)발행후만기전사채취득              (제2회차),2024-02-26,KOSDAQ,15860.0,15870.0,17300.0,17430.0,0.0006305170239595537,0.09079445145018905,0.09899117276166458,
643916,20240527900699,01116502,아티스트컴퍼니,321820,전환사채(해외전환사채포함)발행후만기전사채취득              (제2회차),2024-05-27,KOSDAQ,15590.0,14920.0,14820.0,15400.0,-0.04297626683771649,-0.049390635022450335,-0.01218729955099418,
563122,20241031000459,01116502,아티스트컴퍼니,321820,주요사항보고서(전환사채권발행결정),2024-10-31,KOSDAQ,17840.0,17190.0,18720.0,17260.0,-0.03643497757847536,0.049327354260089606,-0.03251121076233188,
498384,20250225900793,01116502,아티스트컴퍼니,321820,전환사채(해외전환사채포함)발행후만기전사채취득,2025-02-25,KOSDAQ,11420.0,11140.0,11110.0,10700.0,-0.024518388791593737,-0.027145359019264403,-0.0630472854640981,
1292807,20210820000301,00447502,바이오톡스텍,086040,주요사항보고서(전환사채권발행결정),2021-08-20,KOSDAQ,9270.0,9700.0,10150.0,10000.0,0.04638619201725991,0.09492988133764824,0.07874865156418553,
746245,20240226900801,00447502,바이오톡스텍,086040,전환사채(해외전환사채포함)발행후만기전사채취득,2024-02-26,KOSDAQ,5930.0,5970.0,5960.0,5580.0,0.006745362563237878,0.005059021922428242,-0.05902192242833049,
644587,20240524900400,00447502,바이오톡스텍,086040,전환사채(해외전환사채포함)발행후만기전사채취득,2024-05-24,KOSDAQ,5440.0,5420.0,5490.0,5420.0,-0.003676470588235281,0.009191176470588314,-0.003676470588235281,
594206,20240826900259,00447502,바이오톡스텍,086040,전환사채(해외전환사채포함)발행후만기전사채취득,2024-08-26,KOSDAQ,4940.0,5000.0,4980.0,4935.0,0.012145748987854255,0.00809716599190291,-0.0010121457489878916,
550862,20241125900323,00447502,바이오톡스텍,086040,전환사채(해외전환사채포함)발행후만기전사채취득,2024-11-25,KOSDAQ,3175.0,3130.0,3180.0,3090.0,-0.014173228346456734,0.0015748031496063408,-0.026771653543307128,
1292765,20210820000347,01364297,코퍼스코리아,322780,주요사항보고서(전환사채권발행결정),2021-08-20,KOSDAQ,15450.0,16875.0,17400.0,17825.0,0.09223300970873782,0.12621359223300965,0.15372168284789645,
838853,20230825900466,01364297,코퍼스코리아,322780,전환사채(해외전환사채포함)발행후만기전사채취득(제3회차),2023-08-25,KOSDAQ,11550.0,11825.0,11850.0,12300.0,0.023809523809523725,0.025974025974025983,0.06493506493506485,
796477,20231127900401,01364297,코퍼스코리아,322780,전환사채(해외전환사채포함)발행후만기전사채취득(제3회차),2023-11-27,KOSDAQ,9975.0,9845.0,10000.0,9665.0,-0.013032581453634062,0.0025062656641603454,-0.031077694235588926,
746259,20240226900755,01364297,코퍼스코리아,322780,전환사채(해외전환사채포함)발행후만기전사채취득,2024-02-26,KOSDAQ,9465.0,9295.0,9440.0,9430.0,-0.0179609086106709,-0.002641310089804505,-0.003697834125726329,
646452,20240520000249,01364297,코퍼스코리아,322780,주요사항보고서(전환사채권발행결정),2024-05-20,KOSDAQ,7450.0,7225.0,7165.0,7175.0,-0.030201342281879207,-0.03825503355704696,-0.03691275167785235,
643999,20240527900600,01364297,코퍼스코리아,322780,전환사채(해외전환사채포함)발행후만기전사채취득              (제3회차),2024-05-27,KOSDAQ,7175.0,7200.0,7185.0,7345.0,0.0034843205574912606,0.0013937282229965486,0.02369337979094066,
323528,20251015000003,01364297,코퍼스코리아,322780,주요사항보고서(전환사채권발행결정),2025-10-15,KOSDAQ,9500.0,8805.0,8550.0,8670.0,-0.07315789473684209,-0.09999999999999998,-0.08736842105263154,
323527,20251015000004,01364297,코퍼스코리아,322780,주요사항보고서(전환사채권발행결정),2025-10-15,KOSDAQ,9500.0,8805.0,8550.0,8670.0,-0.07315789473684209,-0.09999999999999998,-0.08736842105263154,
264883,20260130901291,01364297,코퍼스코리아,322780,"기타주요경영사항              (유상증자 및 제5,6회차 전환사채권 발행 결정 철회)",2026-01-30,KOSDAQ,3725.0,3380.0,3245.0,2950.0,-0.09261744966442953,-0.12885906040268458,-0.20805369127516782,
251337,20260213901047,01364297,코퍼스코리아,322780,전환사채(해외전환사채포함)발행후만기전사채취득,2026-02-13,KOSDAQ,2045.0,1920.0,1950.0,1995.0,-0.06112469437652812,-0.04645476772616142,-0.02444987775061125,
3290,20260522900358,01364297,코퍼스코리아,322780,전환사채(해외전환사채포함)발행후만기전사채취득              (제4회차),2026-05-22,KOSDAQ,2290.0,2290.0,2395.0,2355.0,0.0,0.04585152838427953,0.028384279475982543,
1292387,20210823900148,00136925,신원종합개발,017000,전환사채(해외전환사채포함)발행후만기전사채취득,2021-08-23,KOSDAQ,5530.0,5920.0,6010.0,7720.0,0.07052441229656425,0.08679927667269438,0.3960216998191681,
1261140,20211108000331,00136925,신원종합개발,017000,주요사항보고서(전환사채권발행결정),2021-11-09,KOSDAQ,13900.0,13900.0,13450.0,17150.0,0.0,-0.03237410071942448,0.23381294964028787,
1261139,20211108000332,00136925,신원종합개발,017000,주요사항보고서(전환사채권발행결정),2021-11-09,KOSDAQ,13900.0,13900.0,13450.0,17150.0,0.0,-0.03237410071942448,0.23381294964028787,
880667,20230601900535,00136925,신원종합개발,017000,전환사채(해외전환사채포함)발행후만기전사채취득,2023-06-01,KOSDAQ,4590.0,4660.0,4780.0,4700.0,0.015250544662309462,0.04139433551198257,0.023965141612200425,
854890,20230731900610,00136925,신원종합개발,017000,전환사채(해외전환사채포함)발행후만기전사채취득,2023-07-31,KOSDAQ,4940.0,4970.0,4885.0,4680.0,0.006072874493927127,-0.011133603238866363,-0.052631578947368474,
575155,20240930900387,00136925,신원종합개발,017000,[첨부추가]전환사채(해외전환사채포함)발행후만기전사채취득,2024-09-30,KOSDAQ,3280.0,3205.0,3330.0,3245.0,-0.02286585365853655,0.015243902439024293,-0.010670731707317027,
575156,20240930900402,00136925,신원종합개발,017000,[첨부추가]전환사채(해외전환사채포함)발행후만기전사채취득,2024-09-30,KOSDAQ,3280.0,3205.0,3330.0,3245.0,-0.02286585365853655,0.015243902439024293,-0.010670731707317027,
1291556,20210824000363,00276834,KX하이텍,052900,주요사항보고서(전환사채권발행결정),2021-08-24,KOSDAQ,1815.0,1795.0,1795.0,1880.0,-0.011019283746556474,-0.011019283746556474,0.03581267217630857,
989023,20230221002150,00276834,KX하이텍,052900,주요사항보고서(전환사채권발행결정),2023-02-21,KOSDAQ,1388.0,1362.0,1362.0,1373.0,-0.018731988472622474,-0.018731988472622474,-0.010806916426512991,
989014,20230221002172,00276834,KX하이텍,052900,주요사항보고서(전환사채권발행결정),2023-02-21,KOSDAQ,1388.0,1362.0,1362.0,1373.0,-0.018731988472622474,-0.018731988472622474,-0.010806916426512991,
984516,20230227900648,00276834,KX하이텍,052900,전환사채(해외전환사채포함)발행후만기전사채취득,2023-02-27,KOSDAQ,1356.0,1373.0,1374.0,1404.0,0.012536873156342221,0.01327433628318575,0.03539823008849563,
1291324,20210825000197,00141413,영화금속,012280,주요사항보고서(전환사채권발행결정),2021-08-25,KOSPI,1825.0,1810.0,2030.0,2175.0,-0.008219178082191747,0.11232876712328776,0.19178082191780832,
1291210,20210825000311,01187494,덴티스,261200,주요사항보고서(전환사채권발행결정),2021-08-25,KOSDAQ,12950.0,13100.0,13200.0,12000.0,0.01158301158301156,0.019305019305019266,-0.07335907335907332,
596531,20240820000329,01187494,덴티스,261200,주요사항보고서(전환사채권발행결정),2024-08-20,KOSDAQ,8310.0,7990.0,7930.0,7890.0,-0.038507821901323736,-0.04572803850782192,-0.05054151624548742,
593421,20240827900401,01187494,덴티스,261200,전환사채(해외전환사채포함)발행후만기전사채취득,2024-08-27,KOSDAQ,7890.0,7840.0,7770.0,7800.0,-0.006337135614702172,-0.01520912547528519,-0.011406844106463865,
300523,20251127900781,01187494,덴티스,261200,전환사채(해외전환사채포함)발행후만기전사채취득,2025-11-27,KOSDAQ,4440.0,4550.0,4535.0,4500.0,0.024774774774774855,0.021396396396396344,0.013513513513513598,
1291153,20210825000342,00362159,웰크론,065950,주요사항보고서(전환사채권발행결정),2021-08-25,KOSDAQ,4330.0,4315.0,4290.0,4395.0,-0.0034642032332563577,-0.009237875288683584,0.01501154734411081,
838234,20230828900320,00362159,웰크론,065950,전환사채(해외전환사채포함)발행후만기전사채취득,2023-08-28,KOSDAQ,3050.0,3050.0,3065.0,2985.0,0.0,0.004918032786885185,-0.021311475409836023,
605960,20240809900390,00362159,웰크론,065950,전환사채(해외전환사채포함)발행후만기전사채취득,2024-08-09,KOSDAQ,2710.0,2530.0,2385.0,3385.0,-0.06642066420664205,-0.11992619926199266,0.24907749077490782,
593390,20240827900448,00362159,웰크론,065950,전환사채(해외전환사채포함)발행후만기전사채취득,2024-08-27,KOSDAQ,2520.0,2465.0,2360.0,2385.0,-0.02182539682539686,-0.06349206349206349,-0.0535714285714286,
1291067,20210825000454,01065013,우정바이오,215380,주요사항보고서(전환사채권발행결정),2021-08-25,KOSDAQ,6930.0,6770.0,6730.0,6760.0,-0.023088023088023046,-0.028860028860028808,-0.024531024531024515,
1283708,20210907000215,01065013,우정바이오,215380,주요사항보고서(전환사채권발행결정),2021-09-07,KOSDAQ,6650.0,6320.0,6440.0,6340.0,-0.049624060150375904,-0.03157894736842104,-0.046616541353383445,
984164,20230227900909,01065013,우정바이오,215380,전환사채(해외전환사채포함)발행후만기전사채취득,2023-02-27,KOSDAQ,2780.0,2860.0,2875.0,2815.0,0.02877697841726623,0.03417266187050361,0.012589928057553879,
974242,20230309901423,01065013,우정바이오,215380,전환사채(해외전환사채포함)발행후만기전사채취득,2023-03-09,KOSDAQ,2800.0,2755.0,2695.0,2630.0,-0.016071428571428625,-0.03749999999999998,-0.06071428571428572,
887079,20230526000002,01065013,우정바이오,215380,주요사항보고서(전환사채권발행결정),2023-05-26,KOSDAQ,2990.0,2860.0,2945.0,2975.0,-0.04347826086956519,-0.015050167224080258,-0.0050167224080267525,
634536,20240610900258,01065013,우정바이오,215380,전환사채(해외전환사채포함)발행후만기전사채취득,2024-06-10,KOSDAQ,1293.0,1299.0,1255.0,1198.0,0.004640371229698292,-0.029389017788089666,-0.07347254447022433,
315831,20251031900669,01065013,우정바이오,215380,전환사채(해외전환사채포함)발행후만기전사채취득,2025-10-31,KOSDAQ,1878.0,1990.0,2050.0,2150.0,0.059637912673056404,0.09158679446219375,0.14483493077742282,
108596,20260303003177,01065013,우정바이오,215380,주요사항보고서(전환사채권발행결정),2026-03-03,KOSDAQ,3030.0,2190.0,2105.0,3490.0,-0.27722772277227725,-0.30528052805280526,0.15181518151815188,
1290640,20210826000346,00126089,DH오토넥스,000300,주요사항보고서(전환사채권발행결정),2021-08-26,KOSPI,22829.0,23351.0,22742.0,26053.0,0.022865653335669478,-0.0038109422226115797,0.141223881904595,
1249871,20211129000436,00126089,DH오토넥스,000300,주요사항보고서(전환사채권발행결정),2021-11-29,KOSPI,24920.0,22479.0,22915.0,23961.0,-0.09795345104333864,-0.0804574638844302,-0.03848314606741576,
580607,20240913000851,00126089,DH오토넥스,000300,주요사항보고서(전환사채권발행결정),2024-09-19,KOSPI,4200.0,4200.0,4200.0,4200.0,0.0,0.0,0.0,
1290603,20210826000386,00332927,제이에스코퍼레이션,194370,주요사항보고서(전환사채권발행결정),2021-08-26,KOSPI,9750.0,9775.0,9975.0,10300.0,0.002564102564102555,0.023076923076922995,0.05641025641025643,
825716,20230921000331,00332927,제이에스코퍼레이션,194370,주요사항보고서(전환사채권발행결정),2023-09-21,KOSPI,6190.0,6280.0,6185.0,,0.01453957996768973,-0.0008077544426494665,,
1290552,20210826000431,00536888,케이알엠,093640,주요사항보고서(전환사채권발행결정),2021-08-26,KOSDAQ,3595.0,4670.0,4725.0,4265.0,0.2990264255910988,0.3143254520166898,0.18636995827538239,
1289684,20210827000758,00536888,케이알엠,093640,주요사항보고서(전환사채권발행결정),2021-08-27,KOSDAQ,4670.0,4725.0,4425.0,4205.0,0.01177730192719495,-0.05246252676659524,-0.0995717344753747,
1025014,20221206900371,00536888,케이알엠,093640,전환사채(해외전환사채포함)발행후만기전사채취득,2022-12-06,KOSDAQ,4390.0,4735.0,4885.0,5370.0,0.07858769931662879,0.11275626423690199,0.22323462414578588,
1016271,20221222900676,00536888,케이알엠,093640,전환사채(해외전환사채포함)발행후만기전사채취득,2022-12-22,KOSDAQ,4610.0,4540.0,4930.0,4735.0,-0.015184381778741818,0.06941431670282006,0.027114967462039008,
1000265,20230130000419,00536888,케이알엠,093640,주요사항보고서(전환사채권발행결정),2023-01-30,KOSDAQ,6600.0,8580.0,10320.0,10450.0,0.30000000000000004,0.5636363636363637,0.5833333333333333,
901157,20230428001040,00536888,케이알엠,093640,주요사항보고서(전환사채권발행결정),2023-04-28,KOSDAQ,7480.0,8420.0,8520.0,8060.0,0.12566844919786102,0.1390374331550801,0.07754010695187175,
533677,20241219900483,00536888,케이알엠,093640,전환사채(해외전환사채포함)발행후만기전사채취득,2024-12-19,KOSDAQ,4235.0,4200.0,4435.0,4280.0,-0.008264462809917328,0.04722550177095641,0.010625737898465104,
522891,20250114900320,00536888,케이알엠,093640,전환사채(해외전환사채포함)발행후만기전사채취득,2025-01-14,KOSDAQ,4520.0,4350.0,4070.0,3985.0,-0.03761061946902655,-0.0995575221238938,-0.11836283185840712,
473514,20250319900483,00536888,케이알엠,093640,전환사채(해외전환사채포함)발행후만기전사채취득,2025-03-19,KOSDAQ,4145.0,4050.0,4105.0,3760.0,-0.022919179734619988,-0.00965018094089265,-0.0928829915560917,
380392,20250619900540,00536888,케이알엠,093640,전환사채(해외전환사채포함)발행후만기전사채취득              (제4회차),2025-06-19,KOSDAQ,3795.0,3875.0,3890.0,4090.0,0.021080368906455815,0.025032938076416267,0.07773386034255592,
332272,20250919900197,00536888,케이알엠,093640,전환사채(해외전환사채포함)발행후만기전사채취득              (제4회차),2025-09-19,KOSDAQ,4370.0,4265.0,4100.0,4020.0,-0.024027459954233388,-0.06178489702517165,-0.080091533180778,
285925,20251219900546,00536888,케이알엠,093640,전환사채(해외전환사채포함)발행후만기전사채취득              (제4회차),2025-12-19,KOSDAQ,3780.0,3855.0,3800.0,3785.0,0.01984126984126977,0.005291005291005346,0.001322751322751392,
89431,20260319900613,00536888,케이알엠,093640,전환사채(해외전환사채포함)발행후만기전사채취득              (제4회차),2026-03-19,KOSDAQ,5440.0,5690.0,5330.0,4980.0,0.045955882352941124,-0.020220588235294157,-0.0845588235294118,
1289610,20210827000812,01335930,티움바이오,321550,주요사항보고서(전환사채권발행결정),2021-08-27,KOSDAQ,20700.0,20100.0,20050.0,20550.0,-0.02898550724637683,-0.03140096618357491,-0.007246376811594235,
833714,20230831900582,01335930,티움바이오,321550,전환사채(해외전환사채포함)발행후만기전사채취득,2023-08-31,KOSDAQ,7350.0,7290.0,7270.0,7110.0,-0.008163265306122436,-0.010884353741496544,-0.03265306122448974,
818190,20231013000258,01335930,티움바이오,321550,주요사항보고서(전환사채권발행결정),2023-10-13,KOSDAQ,7460.0,7380.0,7400.0,6650.0,-0.01072386058981234,-0.008042895442359255,-0.10857908847184983,
791565,20231130900726,01335930,티움바이오,321550,전환사채(해외전환사채포함)발행후만기전사채취득,2023-11-30,KOSDAQ,6850.0,6880.0,6880.0,7660.0,0.004379562043795637,0.004379562043795637,0.11824817518248176,
777319,20231228900499,01335930,티움바이오,321550,전환사채(해외전환사채포함)발행후만기전사채취득,2023-12-28,KOSDAQ,9770.0,9920.0,10160.0,9170.0,0.01535312180143289,0.03991811668372569,-0.06141248720573178,
739713,20240229901247,01335930,티움바이오,321550,전환사채(해외전환사채포함)발행후만기전사채취득,2024-02-29,KOSDAQ,8070.0,7880.0,7740.0,8460.0,-0.023543990086741018,-0.040892193308550207,0.048327137546468446,
637829,20240531900977,01335930,티움바이오,321550,전환사채(해외전환사채포함)발행후만기전사채취득,2024-05-31,KOSDAQ,6770.0,6900.0,6770.0,6970.0,0.019202363367799125,0.0,0.02954209748892178,
587127,20240902900629,01335930,티움바이오,321550,전환사채(해외전환사채포함)발행후만기전사채취득,2024-09-02,KOSDAQ,6210.0,6080.0,5780.0,5790.0,-0.020933977455716568,-0.06924315619967791,-0.06763285024154586,
544573,20241202900447,01335930,티움바이오,321550,전환사채(해외전환사채포함)발행후만기전사채취득,2024-12-02,KOSDAQ,4260.0,4095.0,3960.0,3640.0,-0.03873239436619713,-0.07042253521126762,-0.14553990610328638,
365639,20250722900409,01335930,티움바이오,321550,전환사채(해외전환사채포함)발행후만기전사채취득,2025-07-22,KOSDAQ,5170.0,5090.0,5110.0,4715.0,-0.015473887814313358,-0.011605415860735047,-0.08800773694390718,
320072,20251023900433,01335930,티움바이오,321550,전환사채(해외전환사채포함)발행후만기전사채취득,2025-10-23,KOSDAQ,6000.0,6170.0,6360.0,6270.0,0.02833333333333332,0.06000000000000005,0.04499999999999993,
1290025,20210827900270,00377018,기가레인,049080,전환사채(해외전환사채포함)발행후만기전사채취득,2021-08-27,KOSDAQ,2230.0,2315.0,2300.0,2335.0,0.03811659192825112,0.03139013452914807,0.047085201793722,
1286325,20210831001827,00292434,인트론바이오,048530,주요사항보고서(전환사채권발행결정),2021-08-31,KOSDAQ,21700.0,22700.0,22750.0,22600.0,0.04608294930875578,0.048387096774193505,0.041474654377880116,
833262,20230901900449,00292434,인트론바이오,048530,전환사채(해외전환사채포함)발행후만기전사채취득,2023-09-01,KOSDAQ,10200.0,9920.0,10780.0,10300.0,-0.027450980392156876,0.056862745098039236,0.009803921568627416,
1285708,20210901000420,01169434,오가닉티코스메틱,900300,주요사항보고서(전환사채권발행결정),2021-09-01,KOSDAQ,376500.0,399500.0,387000.0,405500.0,0.061088977423638724,0.027888446215139417,0.07702523240371839,
894138,20230512001362,01169434,오가닉티코스메틱,900300,주요사항보고서(전환사채권발행결정),2023-05-12,KOSDAQ,121000.0,107500.0,105000.0,107500.0,-0.11157024793388426,-0.1322314049586777,-0.11157024793388426,
561965,20241104000284,01169434,오가닉티코스메틱,900300,주요사항보고서(전환사채권발행결정),2024-11-04,KOSDAQ,36000.0,40500.0,36500.0,34000.0,0.125,0.01388888888888884,-0.05555555555555558,
322112,20251017000449,01169434,오가닉티코스메틱,900300,주요사항보고서(전환사채권발행결정),2025-10-17,KOSDAQ,18000.0,17800.0,17850.0,18000.0,-0.011111111111111072,-0.008333333333333304,0.0,
270950,20260121000004,01169434,오가닉티코스메틱,900300,주요사항보고서(전환사채권발행결정),2026-01-21,KOSDAQ,6800.0,7050.0,7300.0,7100.0,0.03676470588235303,0.07352941176470584,0.044117647058823595,
1285673,20210901000423,00442835,메타랩스,090370,주요사항보고서(전환사채권발행결정),2021-09-01,KOSPI,5425.0,5650.0,5650.0,5750.0,0.041474654377880116,0.041474654377880116,0.05990783410138256,
1251615,20211125000301,00442835,메타랩스,090370,주요사항보고서(전환사채권발행결정),2021-11-25,KOSPI,4700.0,4700.0,4645.0,4625.0,0.0,-0.011702127659574457,-0.015957446808510634,
610623,20240730000310,00442835,메타랩스,090370,주요사항보고서(전환사채권발행결정),2024-07-30,KOSPI,1951.0,2220.0,2170.0,1870.0,0.13787801127626853,0.1122501281394157,-0.04151717068170169,
1285841,20210901900346,01031229,한국비티비,219750,전환사채(해외전환사채포함)발행후만기전사채취득(제6회차),2021-09-01,KOSDAQ,22070.0,22020.0,21080.0,20380.0,-0.002265518803806099,-0.044857272315360186,-0.07657453556864524,
1237443,20211220900399,01031229,한국비티비,219750,전환사채(해외전환사채포함)발행후만기전사채취득(제5회차),2021-12-20,KOSDAQ,16745.0,17155.0,17200.0,19440.0,0.024484920871902016,0.027172290235891294,0.16094356524335618,
1186913,20220315901527,01031229,한국비티비,219750,전환사채(해외전환사채포함)발행후만기전사채취득(제6회차),2022-03-15,KOSDAQ,10045.0,11020.0,9720.0,11650.0,0.09706321553011454,-0.03235440517670485,0.15978098556495768,
1185513,20220316000631,01031229,한국비티비,219750,주요사항보고서(전환사채권발행결정),2022-03-16,KOSDAQ,11020.0,9720.0,10420.0,11650.0,-0.11796733212341193,-0.05444646098003625,0.05716878402903802,
1182994,20220317901605,01031229,한국비티비,219750,"전환사채(해외전환사채포함)발행후만기전사채취득(제6,7회차)",2022-03-17,KOSDAQ,9720.0,10420.0,9995.0,11650.0,0.07201646090534974,0.02829218106995879,0.19855967078189307,
1180441,20220321900770,01031229,한국비티비,219750,"전환사채(해외전환사채포함)발행후만기전사채취득(제5,7회차)",2022-03-21,KOSDAQ,9995.0,11650.0,11650.0,11650.0,0.16558279139569776,0.16558279139569776,0.16558279139569776,
1129561,20220421900666,01031229,한국비티비,219750,전환사채(해외전환사채포함)발행후만기전사채취득(제7회차),2022-04-21,KOSDAQ,11650.0,11650.0,11650.0,11650.0,0.0,0.0,0.0,
1102373,20220622900387,01031229,한국비티비,219750,전환사채(해외전환사채포함)발행후만기전사채취득(제5회차),2022-06-22,KOSDAQ,11650.0,11650.0,11650.0,11650.0,0.0,0.0,0.0,
1093683,20220711900208,01031229,한국비티비,219750,전환사채(해외전환사채포함)발행후만기전사채취득(제6회차),2022-07-11,KOSDAQ,11650.0,11650.0,11650.0,11650.0,0.0,0.0,0.0,
1084472,20220802900255,01031229,한국비티비,219750,전환사채(해외전환사채포함)발행후만기전사채취득(제6회차),2022-08-02,KOSDAQ,11650.0,11650.0,11650.0,11650.0,0.0,0.0,0.0,
1035457,20221116900179,01031229,한국비티비,219750,전환사채(해외전환사채포함)발행후만기전사채취득(제6회차),2022-11-16,KOSDAQ,11650.0,11650.0,11650.0,11650.0,0.0,0.0,0.0,
963807,20230317901370,01031229,한국비티비,219750,"전환사채(해외전환사채포함)발행후만기전사채취득(제6,7회차)",2023-03-17,KOSDAQ,11650.0,11650.0,11650.0,11650.0,0.0,0.0,0.0,
963037,20230320900639,01031229,한국비티비,219750,전환사채(해외전환사채포함)발행후만기전사채취득(제7회차),2023-03-20,KOSDAQ,11650.0,11650.0,11650.0,11650.0,0.0,0.0,0.0,
1285476,20210902000001,01267967,마이크로디지탈,305090,주요사항보고서(전환사채권발행결정),2021-09-02,KOSDAQ,15786.0,17212.0,16387.0,18563.0,0.09033320663879385,0.03807170910933744,0.17591536804763708,
827335,20230918900408,01267967,마이크로디지탈,305090,전환사채(해외전환사채포함)발행후만기전사채취득,2023-09-18,KOSDAQ,8230.0,8170.0,7540.0,7430.0,-0.007290400972053468,-0.08383961117861483,-0.0972053462940462,
723763,20240318000738,01267967,마이크로디지탈,305090,주요사항보고서(전환사채권발행결정),2024-03-18,KOSDAQ,6390.0,5790.0,5910.0,7500.0,-0.0938967136150235,-0.07511737089201875,0.1737089201877935,
631331,20240617900301,01267967,마이크로디지탈,305090,전환사채(해외전환사채포함)발행후만기전사채취득              (제1회차),2024-06-17,KOSDAQ,8600.0,8720.0,9480.0,10020.0,0.013953488372093092,0.10232558139534875,0.16511627906976734,
585284,20240905000417,01267967,마이크로디지탈,305090,주요사항보고서(전환사채권발행결정),2024-09-05,KOSDAQ,13580.0,13370.0,13040.0,13000.0,-0.015463917525773141,-0.03976435935198819,-0.04270986745213545,
365198,20250723000363,01267967,마이크로디지탈,305090,주요사항보고서(전환사채권발행결정),2025-07-23,KOSDAQ,10400.0,11220.0,11520.0,11310.0,0.07884615384615379,0.10769230769230775,0.08749999999999991,
1284767,20210903000237,00429694,파버나인,177830,주요사항보고서(전환사채권발행결정),2021-09-03,KOSDAQ,5580.0,5400.0,5450.0,5150.0,-0.032258064516129004,-0.023297491039426577,-0.07706093189964158,
829012,20230913900432,00429694,파버나인,177830,전환사채(해외전환사채포함)발행후만기전사채취득,2023-09-13,KOSDAQ,4035.0,4070.0,4095.0,5260.0,0.00867410161090465,0.014869888475836479,0.3035935563816605,
786157,20231213900466,00429694,파버나인,177830,전환사채(해외전환사채포함)발행후만기전사채취득,2023-12-13,KOSDAQ,3485.0,3430.0,3450.0,3490.0,-0.015781922525107572,-0.010043041606886627,0.0014347202295552641,
758735,20240207000622,00429694,파버나인,177830,주요사항보고서(전환사채권발행결정),2024-02-07,KOSDAQ,3465.0,3445.0,3580.0,3595.0,-0.005772005772005762,0.03318903318903321,0.037518037518037506,
730426,20240313900691,00429694,파버나인,177830,전환사채(해외전환사채포함)발행후만기전사채취득,2024-03-13,KOSDAQ,3540.0,3530.0,3560.0,3505.0,-0.0028248587570621764,0.005649717514124353,-0.009887005649717562,
632722,20240613900267,00429694,파버나인,177830,전환사채(해외전환사채포함)발행후만기전사채취득,2024-06-13,KOSDAQ,3650.0,3605.0,3685.0,3800.0,-0.012328767123287676,0.009589041095890316,0.041095890410958846,
537804,20241213901323,00429694,파버나인,177830,전환사채(해외전환사채포함)발행후만기전사채취득,2024-12-13,KOSDAQ,3020.0,3035.0,3010.0,2980.0,0.004966887417218624,-0.0033112582781457123,-0.013245033112582738,
250058,20260219900534,00429694,파버나인,177830,전환사채(해외전환사채포함)발행후만기전사채취득,2026-02-19,KOSDAQ,2825.0,2820.0,2815.0,2820.0,-0.001769911504424737,-0.0035398230088495852,-0.001769911504424737,
58860,20260402002645,00429694,파버나인,177830,주요사항보고서(전환사채권발행결정),2026-04-02,KOSDAQ,2730.0,2735.0,2750.0,2770.0,0.001831501831501825,0.0073260073260073,0.0146520146520146,
10582,20260514900392,00429694,파버나인,177830,전환사채(해외전환사채포함)발행후만기전사채취득,2026-05-14,KOSDAQ,2765.0,2740.0,2740.0,2520.0,-0.009041591320072317,-0.009041591320072317,-0.08860759493670889,
1284710,20210903000264,00306870,손오공,066910,주요사항보고서(전환사채권발행결정),2021-09-03,KOSDAQ,12130.0,11950.0,12150.0,12395.0,-0.01483924154987637,0.0016488046166529546,0.02184666117065137,
852394,20230807000004,00306870,손오공,066910,주요사항보고서(전환사채권발행결정),2023-08-07,KOSDAQ,11635.0,12375.0,12105.0,11725.0,0.06360120326600782,0.040395358831113004,0.007735281478298273,
852393,20230807000005,00306870,손오공,066910,주요사항보고서(전환사채권발행결정),2023-08-07,KOSDAQ,11635.0,12375.0,12105.0,11725.0,0.06360120326600782,0.040395358831113004,0.007735281478298273,
852391,20230807000007,00306870,손오공,066910,주요사항보고서(전환사채권발행결정),2023-08-07,KOSDAQ,11635.0,12375.0,12105.0,11725.0,0.06360120326600782,0.040395358831113004,0.007735281478298273,
626888,20240625900495,00306870,손오공,066910,기타주요경영사항              (제11회 전환사채 발행결정 철회),2024-06-25,KOSDAQ,9670.0,10295.0,9740.0,10005.0,0.06463288521199595,0.007238883143743546,0.03464322647362983,
520585,20250120900920,00306870,손오공,066910,전환사채(해외전환사채포함)발행후만기전사채취득,2025-01-20,KOSDAQ,4575.0,4585.0,4615.0,4705.0,0.002185792349726823,0.008743169398907069,0.02841530054644803,
520578,20250120900928,00306870,손오공,066910,전환사채(해외전환사채포함)발행후만기전사채취득,2025-01-20,KOSDAQ,4575.0,4585.0,4615.0,4705.0,0.002185792349726823,0.008743169398907069,0.02841530054644803,
478441,20250314900589,00306870,손오공,066910,전환사채(해외전환사채포함)발행후만기전사채취득,2025-03-14,KOSDAQ,3630.0,3795.0,3680.0,3600.0,0.045454545454545414,0.01377410468319562,-0.008264462809917328,
388681,20250530002177,00306870,손오공,066910,주요사항보고서(전환사채권발행결정),2025-05-30,KOSDAQ,5745.0,4960.0,4905.0,5210.0,-0.13664055700609223,-0.14621409921671014,-0.09312445604873798,
388667,20250530002194,00306870,손오공,066910,주요사항보고서(전환사채권발행결정),2025-05-30,KOSDAQ,5745.0,4960.0,4905.0,5210.0,-0.13664055700609223,-0.14621409921671014,-0.09312445604873798,
388642,20250530002211,00306870,손오공,066910,주요사항보고서(전환사채권발행결정),2025-05-30,KOSDAQ,5745.0,4960.0,4905.0,5210.0,-0.13664055700609223,-0.14621409921671014,-0.09312445604873798,
1284503,20210903900578,00409681,아스트,067390,전환사채(해외전환사채포함)발행후만기전사채취득(제4회차),2021-09-03,KOSDAQ,7520.0,7510.0,7290.0,7160.0,-0.0013297872340425343,-0.030585106382978733,-0.0478723404255319,
1232563,20211229900329,00409681,아스트,067390,전환사채(해외전환사채포함)발행후만기전사채취득(제4회차),2021-12-29,KOSDAQ,5680.0,5690.0,5830.0,5870.0,0.0017605633802817433,0.02640845070422526,0.03345070422535201,
1202207,20220225900819,00409681,아스트,067390,전환사채(해외전환사채포함)발행후만기전사채취득(제4회차),2022-02-25,KOSDAQ,6880.0,6870.0,6810.0,6430.0,-0.0014534883720930258,-0.01017441860465118,-0.06540697674418605,
1015437,20221223000590,00409681,아스트,067390,주요사항보고서(전환사채권발행결정),2022-12-26,KOSDAQ,4100.0,3980.0,4110.0,3905.0,-0.029268292682926855,0.0024390243902439046,-0.04756097560975614,
738480,20240304000591,00409681,아스트,067390,주요사항보고서(전환사채권발행결정),2024-03-05,KOSDAQ,1256.0,1297.0,1218.0,1164.0,0.03264331210191074,-0.030254777070063743,-0.07324840764331209,
738473,20240304000592,00409681,아스트,067390,주요사항보고서(전환사채권발행결정),2024-03-05,KOSDAQ,1256.0,1297.0,1218.0,1164.0,0.03264331210191074,-0.030254777070063743,-0.07324840764331209,
737010,20240306000439,00409681,아스트,067390,주요사항보고서(전환사채권발행결정),2024-03-06,KOSDAQ,1297.0,1218.0,1160.0,1113.0,-0.060909791827293724,-0.10562837316885121,-0.14186584425597537,
731948,20240312900703,00409681,아스트,067390,전환사채(해외전환사채포함)발행후만기전사채취득              (제6회차),2024-03-12,KOSDAQ,1164.0,1113.0,1113.0,1113.0,-0.04381443298969068,-0.04381443298969068,-0.04381443298969068,
704764,20240329003212,00409681,아스트,067390,주요사항보고서(전환사채권발행결정),2024-03-29,KOSDAQ,1113.0,1271.0,1239.0,1370.0,0.14195867026055708,0.1132075471698113,0.23090745732255158,
704714,20240329003286,00409681,아스트,067390,주요사항보고서(전환사채권발행결정),2024-03-29,KOSDAQ,1113.0,1271.0,1239.0,1370.0,0.14195867026055708,0.1132075471698113,0.23090745732255158,
704619,20240329003313,00409681,아스트,067390,주요사항보고서(전환사채권발행결정),2024-03-29,KOSDAQ,1113.0,1271.0,1239.0,1370.0,0.14195867026055708,0.1132075471698113,0.23090745732255158,
1284023,20210906000364,00990819,아티스트스튜디오,200350,주요사항보고서(전환사채권발행결정),2021-09-06,KOSDAQ,22450.0,21500.0,21000.0,20300.0,-0.04231625835189312,-0.06458797327394206,-0.09576837416481065,
1283681,20210907000237,00620868,아이티센글로벌,124500,주요사항보고서(전환사채권발행결정),2021-09-07,KOSDAQ,5240.0,5120.0,5070.0,5040.0,-0.022900763358778664,-0.03244274809160308,-0.03816793893129766,
827875,20230915900552,00620868,아이티센글로벌,124500,전환사채(해외전환사채포함)발행후만기전사채취득,2023-09-15,KOSDAQ,3900.0,3855.0,3755.0,3650.0,-0.011538461538461497,-0.03717948717948716,-0.0641025641025641,
782892,20231215901860,00620868,아이티센글로벌,124500,전환사채(해외전환사채포함)발행후만기전사채취득,2023-12-15,KOSDAQ,7980.0,7980.0,8730.0,7070.0,0.0,0.09398496240601495,-0.11403508771929827,
724901,20240315901092,00620868,아이티센글로벌,124500,전환사채(해외전환사채포함)발행후만기전사채취득,2024-03-15,KOSDAQ,9260.0,8950.0,8960.0,8240.0,-0.03347732181425489,-0.03239740820734338,-0.11015118790496758,
700721,20240401900983,00620868,아이티센글로벌,124500,전환사채(해외전환사채포함)발행후만기전사채취득              (제14회차),2024-04-01,KOSDAQ,6290.0,6280.0,6260.0,5910.0,-0.0015898251192368873,-0.004769475357710662,-0.060413354531001606,
16923,20260430001853,00620868,아이티센글로벌,124500,주요사항보고서(전환사채권발행결정),2026-04-30,KOSDAQ,54100.0,61900.0,60200.0,56600.0,0.14417744916820707,0.11275415896487995,0.04621072088724576,
1283636,20210907900438,01089378,디와이디,219550,전환사채(해외전환사채포함)발행후만기전사채취득(제4회차),2021-09-07,KOSDAQ,12690.0,13490.0,12765.0,13765.0,0.06304176516942483,0.005910165484633634,0.08471237194641446,
996405,20230208000354,01089378,디와이디,219550,주요사항보고서(전환사채권발행결정),2023-02-08,KOSDAQ,8605.0,8835.0,9000.0,10325.0,0.026728646135967482,0.04590354445090061,0.19988378849506105,
991804,20230215001581,01089378,디와이디,219550,주요사항보고서(전환사채권발행결정),2023-02-15,KOSDAQ,10325.0,10725.0,10000.0,10000.0,0.03874092009685226,-0.03147699757869249,-0.03147699757869249,
776855,20231228900994,01089378,디와이디,219550,전환사채(해외전환사채포함)발행후만기전사채취득,2023-12-28,KOSDAQ,4225.0,4375.0,4345.0,4290.0,0.035502958579881616,0.028402366863905293,0.01538461538461533,
640929,20240530001256,01089378,디와이디,219550,주요사항보고서(전환사채권발행결정),2024-05-30,KOSDAQ,3670.0,3635.0,3670.0,3460.0,-0.009536784741144388,0.0,-0.05722070844686644,
1283318,20210908000309,00428729,대호에이엘,069460,주요사항보고서(전환사채권발행결정),2021-09-08,KOSPI,21050.0,20300.0,20325.0,20550.0,-0.03562945368171022,-0.03444180522565321,-0.02375296912114011,
1252682,20211123000344,00428729,대호에이엘,069460,주요사항보고서(전환사채권발행결정),2021-11-23,KOSPI,18300.0,18275.0,18525.0,18450.0,-0.001366120218579181,0.012295081967213184,0.008196721311475308,
1252678,20211123000345,00428729,대호에이엘,069460,주요사항보고서(전환사채권발행결정),2021-11-23,KOSPI,18300.0,18275.0,18525.0,18450.0,-0.001366120218579181,0.012295081967213184,0.008196721311475308,
625191,20240627000725,00428729,대호에이엘,069460,주요사항보고서(전환사채권발행결정),2024-06-27,KOSPI,5415.0,5575.0,5815.0,6310.0,0.029547553093259404,0.07386888273314862,0.1652816251154201,
318769,20251027000258,00428729,대호에이엘,069460,주요사항보고서(전환사채권발행결정),2025-10-27,KOSPI,9385.0,9660.0,9575.0,9355.0,0.029302077783697422,0.020245071923281843,-0.003196590303676028,
301859,20251126000500,00428729,대호에이엘,069460,주요사항보고서(전환사채권발행결정),2025-11-26,KOSPI,8930.0,8600.0,8580.0,8775.0,-0.03695408734602468,-0.03919372900335949,-0.017357222844344933,
1283128,20210908000452,00103130,플레이그램,009810,주요사항보고서(전환사채권발행결정),2021-09-08,KOSPI,10217.0,13272.0,14073.0,14274.0,0.29901145150239805,0.3774101986884604,0.39708329255162966,
1282622,20210909000348,00103130,플레이그램,009810,주요사항보고서(전환사채권발행결정),2021-09-09,KOSPI,13272.0,14073.0,14073.0,14474.0,0.06035262206148273,0.06035262206148273,0.09056660638939129,
1116318,20220526000406,00103130,플레이그램,009810,주요사항보고서(전환사채권발행결정),2022-05-26,KOSPI,16928.0,16528.0,16377.0,15826.0,-0.023629489603024578,-0.03254962192816635,-0.0650992438563327,
1096286,20220704000328,00103130,플레이그램,009810,주요사항보고서(전환사채권발행결정),2022-07-04,KOSPI,11269.0,11319.0,11519.0,12170.0,0.004436950927322769,0.022184754636613624,0.07995385571035585,
798419,20231122000249,00103130,플레이그램,009810,주요사항보고서(전환사채권발행결정),2023-11-22,KOSPI,5849.0,5629.0,5489.0,5419.0,-0.03761326722516667,-0.06154898273209097,-0.07351684048555307,
772064,20240110000709,00103130,플레이그램,009810,주요사항보고서(전환사채권발행결정),2024-01-10,KOSPI,6330.0,6300.0,6160.0,6541.0,-0.004739336492891044,-0.026856240126382325,0.03333333333333344,
1282276,20210910000261,00367871,인바이오,352940,주요사항보고서(전환사채권발행결정),2021-09-10,KOSDAQ,9700.0,9200.0,9290.0,9480.0,-0.05154639175257736,-0.04226804123711336,-0.02268041237113405,
828620,20230914900213,00367871,인바이오,352940,전환사채(해외전환사채포함)발행후만기전사채취득(제3회차),2023-09-14,KOSDAQ,4525.0,4595.0,4525.0,4400.0,0.015469613259668558,0.0,-0.027624309392265234,
784834,20231214900902,00367871,인바이오,352940,전환사채(해외전환사채포함)발행후만기전사채취득(제3회차),2023-12-14,KOSDAQ,3480.0,3530.0,3570.0,3590.0,0.014367816091954033,0.02586206896551735,0.031609195402298784,
1282242,20210910000293,00487546,웰크론한텍,076080,주요사항보고서(전환사채권발행결정),2021-09-10,KOSDAQ,4420.0,4315.0,5370.0,4965.0,-0.02375565610859731,0.21493212669683248,0.12330316742081449,
1281326,20210914900136,00487546,웰크론한텍,076080,증권발행결과(자율공시)(제4회차 무기명식 무보증사모 전환사채),2021-09-14,KOSDAQ,5370.0,5520.0,5190.0,4660.0,0.027932960893854775,-0.03351955307262566,-0.13221601489757917,
876183,20230614900289,00487546,웰크론한텍,076080,전환사채(해외전환사채포함)발행후만기전사채취득(제4회차),2023-06-14,KOSDAQ,5130.0,5050.0,5110.0,5050.0,-0.015594541910331383,-0.003898635477582846,-0.015594541910331383,
1281493,20210913000266,00162832,한일단조,024740,주요사항보고서(전환사채권발행결정),2021-09-13,KOSDAQ,3915.0,4150.0,4130.0,3775.0,0.06002554278416339,0.054916985951468655,-0.03575989782886335,
578655,20240924900411,00162832,한일단조,024740,전환사채(해외전환사채포함)발행후만기전사채취득,2024-09-24,KOSDAQ,1963.0,1972.0,1970.0,2140.0,0.004584819154355602,0.00356597045338769,0.09016811003565972,
467488,20250324900632,00162832,한일단조,024740,전환사채(해외전환사채포함)발행후만기전사채취득,2025-03-24,KOSDAQ,2350.0,2205.0,2270.0,2150.0,-0.0617021276595745,-0.03404255319148941,-0.08510638297872342,
1281483,20210913000285,00391197,하이퍼코퍼레이션,065650,주요사항보고서(전환사채권발행결정),2021-09-13,KOSDAQ,53514.0,53140.0,52862.0,49784.0,-0.0069888253541129375,-0.012183727622678164,-0.06970138655305158,
1102035,20220622000575,00391197,하이퍼코퍼레이션,065650,주요사항보고서(전환사채권발행결정),2022-06-23,KOSDAQ,27036.0,28154.0,29646.0,28900.0,0.0413522710460128,0.09653794940079896,0.06894511022340577,
1074036,20220822000468,00391197,하이퍼코퍼레이션,065650,주요사항보고서(전환사채권발행결정),2022-08-22,KOSDAQ,29088.0,28342.0,28154.0,27130.0,-0.025646314631463163,-0.03210946094609457,-0.06731298129812979,
1062625,20220915900382,00391197,하이퍼코퍼레이션,065650,전환사채(해외전환사채포함)발행후만기전사채취득,2022-09-15,KOSDAQ,30020.0,28808.0,28808.0,26756.0,-0.04037308461025979,-0.04037308461025979,-0.10872751499000666,
1020146,20221215900985,00391197,하이퍼코퍼레이션,065650,전환사채(해외전환사채포함)발행후만기전사채취득,2022-12-15,KOSDAQ,24612.0,24612.0,24146.0,23774.0,0.0,-0.018933853404843215,-0.03404843165935312,
624140,20240628000620,00391197,하이퍼코퍼레이션,065650,주요사항보고서(전환사채권발행결정),2024-06-28,KOSDAQ,26420.0,25862.0,25824.0,25526.0,-0.021120363361090133,-0.022558667676003008,-0.03383800151400451,
614179,20240722000270,00391197,하이퍼코퍼레이션,065650,주요사항보고서(전환사채권발행결정),2024-07-22,KOSDAQ,26776.0,26010.0,26086.0,24986.0,-0.028607708395578135,-0.02576934568270095,-0.06685091126381837,
550667,20241125900256,00391197,하이퍼코퍼레이션,065650,[첨부추가]전환사채(해외전환사채포함)발행후만기전사채취득,2024-11-25,KOSDAQ,22002.0,21964.0,22486.0,24518.0,-0.0017271157167529916,0.021998000181801647,0.11435324061448959,
376583,20250627000002,00391197,하이퍼코퍼레이션,065650,주요사항보고서(전환사채권발행결정),2025-06-27,KOSDAQ,7210.0,9370.0,12180.0,8200.0,0.29958391123439676,0.6893203883495145,0.1373092926490984,
376582,20250627000003,00391197,하이퍼코퍼레이션,065650,주요사항보고서(전환사채권발행결정),2025-06-27,KOSDAQ,7210.0,9370.0,12180.0,8200.0,0.29958391123439676,0.6893203883495145,0.1373092926490984,
323233,20251015900359,00391197,하이퍼코퍼레이션,065650,전환사채(해외전환사채포함)발행후만기전사채취득              (제13회차),2025-10-15,KOSDAQ,7040.0,6780.0,6480.0,6350.0,-0.03693181818181823,-0.07954545454545459,-0.09801136363636365,
302666,20251125900458,00391197,하이퍼코퍼레이션,065650,전환사채(해외전환사채포함)발행후만기전사채취득              (제13회차),2025-11-25,KOSDAQ,3664.0,3918.0,4280.0,4150.0,0.06932314410480345,0.16812227074235797,0.13264192139737996,
294864,20251205900382,00391197,하이퍼코퍼레이션,065650,전환사채(해외전환사채포함)발행후만기전사채취득              (제13회차),2025-12-05,KOSDAQ,4260.0,4140.0,4160.0,3986.0,-0.028169014084507005,-0.023474178403755874,-0.06431924882629103,
281431,20251229900795,00391197,하이퍼코퍼레이션,065650,전환사채(해외전환사채포함)발행후만기전사채취득              (제14회차),2025-12-29,KOSDAQ,4160.0,4010.0,4020.0,4080.0,-0.03605769230769229,-0.033653846153846145,-0.019230769230769273,
1281330,20210914000076,01309795,알로이스,297570,주요사항보고서(전환사채권발행결정),2021-09-14,KOSDAQ,2514.0,2504.0,2474.0,2486.0,-0.003977724741447863,-0.015910898965791564,-0.011137629276054106,
1280502,20210915900529,01309795,알로이스,297570,증권발행결과(자율공시)(제3회 무기명식 무보증 사모 전환사채),2021-09-15,KOSDAQ,2504.0,2474.0,2461.0,2519.0,-0.011980830670926479,-0.017172523961661357,0.005990415335463295,
580491,20240919900192,01309795,알로이스,297570,전환사채(해외전환사채포함)발행후만기전사채취득,2024-09-19,KOSDAQ,941.0,954.0,958.0,960.0,0.01381509032943673,0.018065887353878818,0.020191285866099973,
1281215,20210914900257,00763473,코스메카코리아,241710,전환사채(해외전환사채포함)발행후만기전사채취득,2021-09-14,KOSDAQ,16600.0,16300.0,16250.0,15700.0,-0.01807228915662651,-0.02108433734939763,-0.054216867469879526,
1281141,20210914900334,00542898,케이이엠텍,106080,전환사채(해외전환사채포함)발행후만기전사채취득(제12회차),2021-09-14,KOSDAQ,50795.0,50795.0,50795.0,50795.0,0.0,0.0,0.0,
952437,20230328001163,00542898,케이이엠텍,106080,주요사항보고서(전환사채권발행결정),2023-03-29,KOSDAQ,34665.0,34280.0,31820.0,31305.0,-0.011106303187653266,-0.08207125342564547,-0.09692773691042844,
756210,20240213000440,00542898,케이이엠텍,106080,주요사항보고서(전환사채권발행결정),2024-02-13,KOSDAQ,22720.0,22420.0,22420.0,21990.0,-0.01320422535211263,-0.01320422535211263,-0.03213028169014087,
746867,20240223003452,00542898,케이이엠텍,106080,주요사항보고서(전환사채권발행결정),2024-02-26,KOSDAQ,24060.0,23370.0,23280.0,20330.0,-0.028678304239401542,-0.032418952618453845,-0.15502909393183706,
572809,20241008000546,00542898,케이이엠텍,106080,주요사항보고서(전환사채권발행결정),2024-10-08,KOSDAQ,19855.0,25785.0,27120.0,28890.0,0.29866532359607145,0.36590279526567615,0.455049106018635,
515665,20250203000470,00542898,케이이엠텍,106080,주요사항보고서(전환사채권발행결정),2025-02-03,KOSDAQ,10725.0,9795.0,10175.0,10275.0,-0.08671328671328671,-0.05128205128205132,-0.04195804195804198,
514122,20250205901144,00542898,케이이엠텍,106080,전환사채(해외전환사채포함)발행후만기전사채취득              (제17회차),2025-02-05,KOSDAQ,10175.0,10325.0,11075.0,10475.0,0.014742014742014753,0.08845208845208852,0.029484029484029506,
327878,20250929900645,00542898,케이이엠텍,106080,전환사채(해외전환사채포함)발행후만기전사채취득,2025-09-29,KOSDAQ,8030.0,7935.0,7985.0,7695.0,-0.011830635118306398,-0.005603985056039873,-0.0417185554171855,
324082,20251013900558,00542898,케이이엠텍,106080,전환사채(해외전환사채포함)발행후만기전사채취득,2025-10-13,KOSDAQ,7695.0,7140.0,7190.0,7265.0,-0.0721247563352827,-0.06562703053931129,-0.05588044184535412,
284008,20251223000826,00542898,케이이엠텍,106080,주요사항보고서(전환사채권발행결정),2025-12-23,KOSDAQ,4375.0,4325.0,4235.0,4625.0,-0.011428571428571455,-0.03200000000000003,0.05714285714285716,
275284,20260109900628,00542898,케이이엠텍,106080,전환사채(해외전환사채포함)발행후만기전사채취득              (제18회차),2026-01-09,KOSDAQ,4490.0,4350.0,4090.0,3375.0,-0.031180400890868598,-0.08908685968819596,-0.24832962138084635,
273474,20260113900413,00542898,케이이엠텍,106080,전환사채(해외전환사채포함)발행후만기전사채취득,2026-01-13,KOSDAQ,4090.0,3825.0,3670.0,3540.0,-0.0647921760391198,-0.10268948655256727,-0.13447432762836187,
260913,20260205000621,00542898,케이이엠텍,106080,주요사항보고서(전환사채권발행결정),2026-02-05,KOSDAQ,2920.0,2880.0,2910.0,3150.0,-0.013698630136986356,-0.003424657534246589,0.07876712328767121,
26286,20260417900809,00542898,케이이엠텍,106080,전환사채(해외전환사채포함)발행후만기전사채취득              (제21회차),2026-04-17,KOSDAQ,1650.0,1650.0,1650.0,1650.0,0.0,0.0,0.0,
1280933,20210914000390,01405451,알체라,347860,주요사항보고서(전환사채권발행결정),2021-09-15,KOSDAQ,21787.0,21559.0,21461.0,20325.0,-0.010464956166521322,-0.014963051360903257,-0.06710423647129027,
1251475,20211125000438,01405451,알체라,347860,주요사항보고서(전환사채권발행결정),2021-11-25,KOSDAQ,25131.0,25553.0,24091.0,21948.0,0.016792009868290103,-0.041383152282042146,-0.12665632087859613,
1067294,20220831900579,01405451,알체라,347860,전환사채(해외전환사채포함)발행후만기전사채취득(제1회차),2022-08-31,KOSDAQ,9220.0,8831.0,8928.0,8700.0,-0.04219088937093274,-0.031670281995661576,-0.05639913232104121,
735233,20240307901244,01405451,알체라,347860,전환사채(해외전환사채포함)발행후만기전사채취득,2024-03-07,KOSDAQ,5165.0,5305.0,5198.0,5090.0,0.027105517909002952,0.006389157792836331,-0.014520813165537216,
656150,20240502900327,01405451,알체라,347860,전환사채(해외전환사채포함)발행후만기전사채취득              (제2회차),2024-05-02,KOSDAQ,3184.0,3288.0,3304.0,3448.0,0.03266331658291466,0.03768844221105527,0.08291457286432169,
623600,20240628901092,01405451,알체라,347860,전환사채(해외전환사채포함)발행후만기전사채취득              (제2회차),2024-06-28,KOSDAQ,1485.0,1658.0,1712.0,1765.0,0.11649831649831643,0.1528619528619528,0.18855218855218858,
575711,20240930900377,01405451,알체라,347860,전환사채(해외전환사채포함)발행후만기전사채취득              (제2회차),2024-09-30,KOSDAQ,2355.0,2302.0,2207.0,2087.0,-0.022505307855626322,-0.06284501061571124,-0.11380042462845008,
543577,20241204900523,01405451,알체라,347860,전환사채(해외전환사채포함)발행후만기전사채취득              (제2회차),2024-12-04,KOSDAQ,1666.0,1691.0,1615.0,1658.0,0.015006002400960394,-0.030612244897959218,-0.004801920768307322,
414241,20250417000511,01405451,알체라,347860,주요사항보고서(전환사채권발행결정),2025-04-17,KOSDAQ,1830.0,1762.0,1774.0,1692.0,-0.03715846994535521,-0.030601092896174853,-0.07540983606557372,
11604,20260513000252,01405451,알체라,347860,주요사항보고서(전환사채권발행결정),2026-05-13,KOSDAQ,2200.0,2165.0,2065.0,1857.0,-0.015909090909090873,-0.0613636363636364,-0.15590909090909089,
1280787,20210915000107,00814786,티엔엔터테인먼트,131100,주요사항보고서(전환사채권발행결정),2021-09-15,KOSDAQ,4845.0,4840.0,4705.0,4970.0,-0.0010319917440660964,-0.028895768833849367,0.02579979360165119,
1262743,20211103000430,00814786,티엔엔터테인먼트,131100,주요사항보고서(전환사채권발행결정),2021-11-04,KOSDAQ,4790.0,4405.0,4130.0,3670.0,-0.08037578288100211,-0.13778705636743216,-0.2338204592901879,
1254663,20211117000264,00814786,티엔엔터테인먼트,131100,주요사항보고서(전환사채권발행결정),2021-11-17,KOSDAQ,4300.0,4615.0,4430.0,4120.0,0.07325581395348846,0.03023255813953485,-0.041860465116279055,
1231286,20211230900704,00814786,티엔엔터테인먼트,131100,증권발행결과(자율공시)(22회 무기명식 무보증 사모 전환사채),2021-12-30,KOSDAQ,3850.0,3890.0,4025.0,3920.0,0.010389610389610393,0.045454545454545414,0.018181818181818077,
1231283,20211230900731,00814786,티엔엔터테인먼트,131100,전환사채(해외전환사채포함)발행후만기전사채취득(제20회차),2021-12-30,KOSDAQ,3850.0,3890.0,4025.0,3920.0,0.010389610389610393,0.045454545454545414,0.018181818181818077,
1111571,20220531002239,00814786,티엔엔터테인먼트,131100,주요사항보고서(전환사채권발행결정),2022-05-31,KOSDAQ,3135.0,3080.0,3120.0,3015.0,-0.01754385964912286,-0.004784688995215336,-0.038277511961722466,
1111471,20220531002311,00814786,티엔엔터테인먼트,131100,주요사항보고서(전환사채권발행결정),2022-05-31,KOSDAQ,3135.0,3080.0,3120.0,3015.0,-0.01754385964912286,-0.004784688995215336,-0.038277511961722466,
1097007,20220701900332,00814786,티엔엔터테인먼트,131100,전환사채(해외전환사채포함)발행후만기전사채취득,2022-07-01,KOSDAQ,2855.0,2775.0,2840.0,2935.0,-0.028021015761821366,-0.005253940455341555,0.028021015761821255,
1054041,20221007900207,00814786,티엔엔터테인먼트,131100,전환사채(해외전환사채포함)발행후만기전사채취득(제24회차),2022-10-07,KOSDAQ,2620.0,2465.0,2480.0,2430.0,-0.059160305343511466,-0.05343511450381677,-0.0725190839694656,
951986,20230329900497,00814786,티엔엔터테인먼트,131100,전환사채(해외전환사채포함)발행후만기전사채취득,2023-03-29,KOSDAQ,2475.0,2340.0,2340.0,2530.0,-0.054545454545454564,-0.054545454545454564,0.022222222222222143,
849969,20230810900484,00814786,티엔엔터테인먼트,131100,전환사채(해외전환사채포함)발행후만기전사채취득(제19회차),2023-08-10,KOSDAQ,2190.0,2190.0,2170.0,2400.0,0.0,-0.0091324200913242,0.09589041095890405,
804928,20231113900787,00814786,티엔엔터테인먼트,131100,전환사채(해외전환사채포함)발행후만기전사채취득,2023-11-13,KOSDAQ,1905.0,1861.0,1971.0,1983.0,-0.023097112860892444,0.03464566929133861,0.04094488188976375,
774134,20240105900253,00814786,티엔엔터테인먼트,131100,전환사채(해외전환사채포함)발행후만기전사채취득(제25회차),2024-01-05,KOSDAQ,2220.0,2205.0,2200.0,2075.0,-0.006756756756756799,-0.009009009009009028,-0.06531531531531531,
678195,20240409900257,00814786,티엔엔터테인먼트,131100,전환사채(해외전환사채포함)발행후만기전사채취득              (제25회차),2024-04-09,KOSDAQ,1805.0,1784.0,1785.0,1735.0,-0.011634349030470892,-0.011080332409972304,-0.03878116343490301,
517503,20250124900705,00814786,티엔엔터테인먼트,131100,전환사채(해외전환사채포함)발행후만기전사채취득,2025-01-24,KOSDAQ,1288.0,1291.0,1258.0,,0.0023291925465838137,-0.02329192546583847,,
1280494,20210915000367,01136001,나노실리칸첨단소재,286750,주요사항보고서(전환사채권발행결정),2021-09-15,KOSDAQ,3537.0,3514.0,3637.0,3524.0,-0.006502685891998872,0.028272547356516853,-0.0036754311563471642,
883664,20230531900225,01136001,나노실리칸첨단소재,286750,전환사채(해외전환사채포함)발행후만기전사채취득(제1회차),2023-05-31,KOSDAQ,2375.0,2285.0,2305.0,2765.0,-0.037894736842105314,-0.02947368421052632,0.16421052631578958,
723944,20240318900887,01136001,나노실리칸첨단소재,286750,전환사채(해외전환사채포함)발행후만기전사채취득,2024-03-18,KOSDAQ,2410.0,2315.0,2315.0,2170.0,-0.03941908713692943,-0.03941908713692943,-0.09958506224066388,
631393,20240617900233,01136001,나노실리칸첨단소재,286750,전환사채(해외전환사채포함)발행후만기전사채취득,2024-06-17,KOSDAQ,1811.0,1794.0,1755.0,1765.0,-0.009387078961899498,-0.03092214246272773,-0.025400331308669255,
580477,20240919900206,01136001,나노실리칸첨단소재,286750,전환사채(해외전환사채포함)발행후만기전사채취득,2024-09-19,KOSDAQ,1884.0,1893.0,1848.0,1890.0,0.004777070063694211,-0.019108280254777066,0.0031847133757962887,
535180,20241217900420,01136001,나노실리칸첨단소재,286750,전환사채(해외전환사채포함)발행후만기전사채취득,2024-12-17,KOSDAQ,2115.0,2125.0,2125.0,2015.0,0.004728132387706863,0.004728132387706863,-0.047281323877068515,
458585,20250328002311,01136001,나노실리칸첨단소재,286750,주요사항보고서(전환사채권발행결정),2025-03-28,KOSDAQ,2525.0,2460.0,2450.0,2310.0,-0.025742574257425765,-0.02970297029702973,-0.08514851485148511,
348339,20250818900412,01136001,나노실리칸첨단소재,286750,전환사채(해외전환사채포함)발행후만기전사채취득              (제1회차),2025-08-18,KOSDAQ,1881.0,1800.0,1782.0,1800.0,-0.0430622009569378,-0.052631578947368474,-0.0430622009569378,
97387,20260312001257,01136001,나노실리칸첨단소재,286750,주요사항보고서(전환사채권발행결정),2026-03-12,KOSDAQ,1455.0,1515.0,1480.0,1572.0,0.04123711340206193,0.01718213058419238,0.08041237113402055,
123456,20260602900748,01136001,나노실리칸첨단소재,286750,전환사채(해외전환사채포함)발행후만기전사채취득              (제1회차 CB),2026-06-02,KOSDAQ,1556.0,1416.0,1371.0,1345.0,-0.08997429305912596,-0.11889460154241649,-0.13560411311053988,
1280307,20210916000002,00152385,에이프로젠,007460,주요사항보고서(전환사채권발행결정),2021-09-16,KOSPI,6345.0,6164.0,5984.0,5608.0,-0.028526398739164738,-0.0568951930654058,-0.11615445232466504,
1044190,20221101000310,00152385,에이프로젠,007460,주요사항보고서(전환사채권발행결정),2022-11-01,KOSPI,3157.0,3052.0,3112.0,3112.0,-0.03325942350332589,-0.01425403864428254,-0.01425403864428254,
949406,20230330000576,00152385,에이프로젠,007460,주요사항보고서(전환사채권발행결정),2023-03-30,KOSPI,1510.0,1491.0,1520.0,1493.0,-0.012582781456953684,0.0066225165562914245,-0.011258278145695355,
830700,20230908000419,00152385,에이프로젠,007460,주요사항보고서(전환사채권발행결정),2023-09-08,KOSPI,1677.0,1651.0,1621.0,1439.0,-0.015503875968992276,-0.0333929636255218,-0.1419200954084675,
322599,20251016800554,00152385,에이프로젠,007460,주요사항보고서(전환사채권발행결정)(자회사의 주요경영사항),2025-10-16,KOSPI,630.0,608.0,608.0,626.0,-0.03492063492063491,-0.03492063492063491,-0.006349206349206327,
20455,20260428000783,00152385,에이프로젠,007460,주요사항보고서(전환사채권발행결정),2026-04-28,KOSPI,293.0,293.0,293.0,293.0,0.0,0.0,0.0,
3745,20260521000742,00152385,에이프로젠,007460,주요사항보고서(전환사채권발행결정),2026-05-21,KOSPI,3880.0,4210.0,4440.0,3890.0,0.0850515463917525,0.14432989690721643,0.002577319587628857,
3704,20260521800995,00152385,에이프로젠,007460,주요사항보고서(전환사채권발행결정)(자회사의 주요경영사항),2026-05-21,KOSPI,3880.0,4210.0,4440.0,3890.0,0.0850515463917525,0.14432989690721643,0.002577319587628857,
2176,20260526800888,00152385,에이프로젠,007460,주요사항보고서(전환사채권발행결정)(자회사의 주요경영사항),2026-05-26,KOSPI,4440.0,4115.0,3960.0,3420.0,-0.07319819819819817,-0.10810810810810811,-0.22972972972972971,
1280037,20210916000279,00523936,HB솔루션,297890,주요사항보고서(전환사채권발행결정),2021-09-16,KOSDAQ,6103.0,6403.0,5903.0,4890.0,0.0491561527117812,-0.03277076847452076,-0.19875471079796825,
1278980,20210917900739,00116426,이렘,009730,기타주요경영사항(토지매매계약 원복에 따른 전환사채 발행 결정 원복 합의),2021-09-17,KOSDAQ,3095.0,3095.0,3095.0,3095.0,0.0,0.0,0.0,
1195014,20220307000639,00116426,이렘,009730,주요사항보고서(전환사채권발행결정),2022-03-08,KOSDAQ,3095.0,3095.0,3095.0,3095.0,0.0,0.0,0.0,
1191798,20220310902089,00116426,이렘,009730,"전환사채(해외전환사채포함)발행후만기전사채취득(제17회차, 제18회차)",2022-03-10,KOSDAQ,3095.0,3095.0,3095.0,3095.0,0.0,0.0,0.0,
1190218,20220311901644,00116426,이렘,009730,전환사채(해외전환사채포함)발행후만기전사채취득(제18회차),2022-03-11,KOSDAQ,3095.0,3095.0,3095.0,3095.0,0.0,0.0,0.0,
1126909,20220509900435,00116426,이렘,009730,전환사채(해외전환사채포함)발행후만기전사채취득(제18회차),2022-05-09,KOSDAQ,3095.0,3095.0,3095.0,3095.0,0.0,0.0,0.0,
1045551,20221028900396,00116426,이렘,009730,"전환사채(해외전환사채포함)발행후만기전사채취득(제17,18회차)",2022-10-28,KOSDAQ,3095.0,3095.0,3095.0,3095.0,0.0,0.0,0.0,
1015170,20221226900590,00116426,이렘,009730,전환사채(해외전환사채포함)발행후만기전사채취득(제18회차),2022-12-26,KOSDAQ,1247.0,1234.0,1243.0,1202.0,-0.010425020048115519,-0.003207698476343279,-0.03608660785886131,
972905,20230310901239,00116426,이렘,009730,전환사채(해외전환사채포함)발행후만기전사채취득(제20회차),2023-03-10,KOSDAQ,1950.0,1806.0,1806.0,1901.0,-0.0738461538461539,-0.0738461538461539,-0.025128205128205128,
943090,20230331903414,00116426,이렘,009730,전환사채(해외전환사채포함)발행후만기전사채취득(제20회차),2023-03-31,KOSDAQ,2725.0,2973.0,3212.0,3545.0,0.09100917431192657,0.17871559633027534,0.30091743119266057,
855532,20230728000681,00116426,이렘,009730,주요사항보고서(전환사채권발행결정),2023-07-28,KOSDAQ,4919.0,5117.0,5072.0,4748.0,0.04025208375686118,0.031103882903029012,-0.03476316324456186,
825083,20230922000447,00116426,이렘,009730,주요사항보고서(전환사채권발행결정),2023-09-22,KOSDAQ,4234.0,4370.0,4410.0,4280.0,0.03212092583845072,0.041568256967406736,0.010864430798299463,
797114,20231124900438,00116426,이렘,009730,전환사채(해외전환사채포함)발행후만기전사채취득(제21회차),2023-11-24,KOSDAQ,2590.0,2568.0,2549.0,2856.0,-0.008494208494208455,-0.015830115830115843,0.10270270270270276,
775419,20240102000399,00116426,이렘,009730,주요사항보고서(전환사채권발행결정),2024-01-03,KOSDAQ,2617.0,2649.0,2703.0,3514.0,0.012227741688956906,0.03286205578907153,0.3427588842185709,
658418,20240429900668,00116426,이렘,009730,전환사채(해외전환사채포함)발행후만기전사채취득              (제21회차),2024-04-29,KOSDAQ,1649.0,1645.0,1646.0,1677.0,-0.0024257125530624535,-0.0018192844147968401,0.016979987871437174,
377204,20250626900389,00116426,이렘,009730,전환사채(해외전환사채포함)발행후만기전사채취득              (제21회차),2025-06-26,KOSDAQ,792.0,775.0,798.0,895.0,-0.02146464646464652,0.007575757575757569,0.13005050505050497,
328624,20250926900743,00116426,이렘,009730,전환사채(해외전환사채포함)발행후만기전사채취득              (제21회차),2025-09-26,KOSDAQ,885.0,911.0,893.0,847.0,0.029378531073446235,0.009039548022598876,-0.04293785310734466,
323710,20251014900484,00116426,이렘,009730,전환사채(해외전환사채포함)발행후만기전사채취득              (제23회차),2025-10-14,KOSDAQ,837.0,833.0,827.0,811.0,-0.004778972520907976,-0.01194743130227005,-0.031063321385902065,
250555,20260213901889,00116426,이렘,009730,"전환사채(해외전환사채포함)발행후만기전사채취득              (제21회차, 제22회차)",2026-02-13,KOSDAQ,634.0,646.0,676.0,631.0,0.018927444794952786,0.06624605678233442,-0.004731861198738141,
1278915,20210917000617,00230036,드래곤플라이,030350,주요사항보고서(전환사채권발행결정),2021-09-23,KOSDAQ,12731.0,13089.0,10560.0,10076.0,0.02812033618725951,-0.17052863090095038,-0.20854606865132352,
1009670,20230105900398,00230036,드래곤플라이,030350,전환사채(해외전환사채포함)발행후만기전사채취득,2023-01-05,KOSDAQ,4181.0,4186.0,4386.0,4465.0,0.0011958861516383479,0.04903133221717293,0.06792633341305909,
796365,20231127000517,00230036,드래곤플라이,030350,주요사항보고서(전환사채권발행결정),2023-11-27,KOSDAQ,4351.0,4209.0,4215.0,4357.0,-0.03263617559181797,-0.0312571822569524,0.0013789933348655747,
483368,20250311001095,00230036,드래곤플라이,030350,주요사항보고서(전환사채권발행결정),2025-03-11,KOSDAQ,1306.0,1309.0,1300.0,1053.0,0.0022970903522205877,-0.004594180704441064,-0.19372128637059727,
470629,20250320001677,00230036,드래곤플라이,030350,주요사항보고서(전환사채권발행결정),2025-03-20,KOSDAQ,991.0,973.0,973.0,973.0,-0.01816347124117057,-0.01816347124117057,-0.01816347124117057,
334072,20250915900280,00230036,드래곤플라이,030350,기타주요경영사항              (제19회 전환사채권 발행 결정 철회),2025-09-15,KOSDAQ,973.0,973.0,973.0,973.0,0.0,0.0,0.0,
1277784,20210927000176,01335578,애니플러스,310200,주요사항보고서(전환사채권발행결정),2021-09-27,KOSDAQ,3750.0,3600.0,3400.0,3460.0,-0.040000000000000036,-0.09333333333333338,-0.07733333333333337,
906199,20230420000532,01335578,애니플러스,310200,주요사항보고서(전환사채권발행결정),2023-04-20,KOSDAQ,4255.0,4250.0,4055.0,3915.0,-0.001175088131609825,-0.047003525264394774,-0.0799059929494712,
837432,20230829900246,01335578,애니플러스,310200,전환사채(해외전환사채포함)발행후만기전사채취득,2023-08-29,KOSDAQ,3560.0,4000.0,4000.0,3840.0,0.12359550561797761,0.12359550561797761,0.0786516853932584,
663914,20240419000526,01335578,애니플러스,310200,주요사항보고서(전환사채권발행결정),2024-04-19,KOSDAQ,3245.0,3200.0,3200.0,3225.0,-0.013867488443759624,-0.013867488443759624,-0.006163328197226536,
521547,20250117900322,01335578,애니플러스,310200,전환사채(해외전환사채포함)발행후만기전사채취득,2025-01-17,KOSDAQ,2640.0,2700.0,2645.0,2745.0,0.022727272727272707,0.0018939393939394478,0.03977272727272729,
413219,20250421900244,01335578,애니플러스,310200,전환사채(해외전환사채포함)발행후만기전사채취득,2025-04-21,KOSDAQ,3500.0,3665.0,3700.0,3800.0,0.04714285714285715,0.05714285714285716,0.08571428571428563,
1276063,20210930000140,00173944,우진,105840,주요사항보고서(전환사채권발행결정),2021-09-30,KOSPI,8970.0,8480.0,8600.0,7710.0,-0.05462653288740249,-0.04124860646599782,-0.14046822742474918,
1275981,20210930000216,00861997,휴먼테크놀로지,175140,주요사항보고서(전환사채권발행결정),2021-09-30,KOSDAQ,7970.0,7680.0,7400.0,7750.0,-0.03638644918444167,-0.07151819322459219,-0.027603513174404015,
1175047,20220324000906,00861997,휴먼테크놀로지,175140,주요사항보고서(전환사채권발행결정),2022-03-25,KOSDAQ,6630.0,6980.0,7050.0,7100.0,0.052790346907994,0.06334841628959276,0.07088989441930615,
1084690,20220801900381,00861997,휴먼테크놀로지,175140,전환사채(해외전환사채포함)발행후만기전사채취득(제6회차),2022-08-01,KOSDAQ,7040.0,7000.0,6980.0,7190.0,-0.005681818181818232,-0.008522727272727293,0.02130681818181812,
1031550,20221125900558,00861997,휴먼테크놀로지,175140,전환사채(해외전환사채포함)발행후만기전사채취득(제8회차),2022-11-25,KOSDAQ,6170.0,6170.0,6010.0,5810.0,0.0,-0.02593192868719607,-0.05834683954619124,
1023267,20221209900382,00861997,휴먼테크놀로지,175140,전환사채(해외전환사채포함)발행후만기전사채취득(제7회차),2022-12-09,KOSDAQ,5420.0,5330.0,5320.0,5120.0,-0.016605166051660514,-0.01845018450184499,-0.05535055350553508,
769265,20240117000361,00861997,휴먼테크놀로지,175140,주요사항보고서(전환사채권발행결정),2024-01-17,KOSDAQ,4495.0,5110.0,5300.0,4545.0,0.1368186874304782,0.17908787541713012,0.011123470522803158,
635508,20240605900384,00861997,휴먼테크놀로지,175140,전환사채(해외전환사채포함)발행후만기전사채취득              (제9회차),2024-06-05,KOSDAQ,7920.0,7750.0,7690.0,7700.0,-0.02146464646464652,-0.02904040404040409,-0.02777777777777779,
553934,20241115900366,00861997,휴먼테크놀로지,175140,전환사채(해외전환사채포함)발행후만기전사채취득              (제9회차),2024-11-15,KOSDAQ,4610.0,5380.0,5930.0,5740.0,0.16702819956616044,0.28633405639913234,0.24511930585683306,
1275419,20210930900880,00326731,바이오니아,064550,전환사채(해외전환사채포함)발행후만기전사채취득,2021-09-30,KOSDAQ,65200.0,64500.0,61600.0,57500.0,-0.010736196319018454,-0.05521472392638038,-0.11809815950920244,
1275016,20211001000303,00910840,윈하이텍,192390,주요사항보고서(전환사채권발행결정),2021-10-01,KOSDAQ,4690.0,4200.0,4000.0,4215.0,-0.10447761194029848,-0.14712153518123672,-0.1012793176972282,
831950,20230906900235,00910840,윈하이텍,192390,전환사채(해외전환사채포함)발행후만기전사채취득,2023-09-06,KOSDAQ,3425.0,3390.0,3400.0,3525.0,-0.010218978102189746,-0.007299270072992692,0.029197080291970767,
682056,20240408900321,00910840,윈하이텍,192390,전환사채(해외전환사채포함)발행후만기전사채취득,2024-04-08,KOSDAQ,3390.0,3370.0,3325.0,3190.0,-0.005899705014749235,-0.019174041297935096,-0.05899705014749268,
619801,20240708900243,00910840,윈하이텍,192390,전환사채(해외전환사채포함)발행후만기전사채취득,2024-07-08,KOSDAQ,3360.0,3435.0,3455.0,4255.0,0.022321428571428603,0.028273809523809534,0.26636904761904767,
277733,20260106900520,00910840,윈하이텍,192390,전환사채(해외전환사채포함)발행후만기전사채취득,2026-01-06,KOSDAQ,2160.0,2130.0,2065.0,2150.0,-0.01388888888888884,-0.04398148148148151,-0.00462962962962965,
49910,20260406900849,00910840,윈하이텍,192390,전환사채(해외전환사채포함)발행후만기전사채취득,2026-04-06,KOSDAQ,1992.0,1988.0,2045.0,2005.0,-0.002008032128514081,0.026606425702811354,0.006526104417670764,
1274832,20211001900573,00231105,동성화인텍,033500,전환사채(해외전환사채포함)발행후만기전사채취득,2021-10-01,KOSDAQ,11900.0,11600.0,11200.0,11450.0,-0.025210084033613467,-0.05882352941176472,-0.037815126050420145,
1273525,20211006000595,00365624,아이윈,090150,주요사항보고서(전환사채권발행결정),2021-10-06,KOSDAQ,4148.0,4231.0,4386.0,4474.0,0.02000964320154286,0.05737704918032782,0.07859209257473476,
1130216,20220420000643,00365624,아이윈,090150,주요사항보고서(전환사채권발행결정),2022-04-20,KOSDAQ,2775.0,2780.0,2690.0,2615.0,0.0018018018018017834,-0.03063063063063065,-0.057657657657657624,
1048430,20221021900501,00365624,아이윈,090150,전환사채(해외전환사채포함)발행후만기전사채취득,2022-10-21,KOSDAQ,1630.0,1630.0,1625.0,1480.0,0.0,-0.0030674846625766694,-0.09202453987730064,
1046692,20221026000336,00365624,아이윈,090150,[첨부추가]주요사항보고서(전환사채권발행결정),2022-10-26,KOSDAQ,1540.0,1515.0,1480.0,1550.0,-0.016233766233766267,-0.038961038961038974,0.006493506493506551,
859136,20230721900491,00365624,아이윈,090150,전환사채(해외전환사채포함)발행후만기전사채취득,2023-07-21,KOSDAQ,1565.0,1538.0,1536.0,1580.0,-0.017252396166134165,-0.018530351437699655,0.009584664536741228,
846848,20230811002387,00365624,아이윈,090150,주요사항보고서(전환사채권발행결정),2023-08-11,KOSDAQ,1729.0,1705.0,1641.0,1537.0,-0.0138808559861191,-0.05089647194910352,-0.11104684788895314,
838498,20230828900090,00365624,아이윈,090150,전환사채(해외전환사채포함)발행후만기전사채취득,2023-08-28,KOSDAQ,1522.0,1527.0,1536.0,1489.0,0.003285151116951379,0.009198423127463773,-0.021681997371879147,
796627,20231127900299,00365624,아이윈,090150,전환사채(해외전환사채포함)발행후만기전사채취득,2023-11-27,KOSDAQ,1253.0,1259.0,1223.0,1237.0,0.004788507581803714,-0.023942537909018347,-0.012769353551476459,
762163,20240201900193,00365624,아이윈,090150,전환사채(해외전환사채포함)발행후만기전사채취득,2024-02-01,KOSDAQ,1297.0,1327.0,1342.0,1322.0,0.02313030069390898,0.03469545104086347,0.019275250578257408,
745965,20240226005996,00365624,아이윈,090150,주요사항보고서(전환사채권발행결정),2024-02-26,KOSDAQ,1339.0,1205.0,1186.0,1214.0,-0.10007468259895447,-0.11426437640029874,-0.0933532486930545,
744857,20240227900837,00365624,아이윈,090150,전환사채(해외전환사채포함)발행후만기전사채취득,2024-02-27,KOSDAQ,1205.0,1186.0,1184.0,1190.0,-0.01576763485477184,-0.01742738589211623,-0.012448132780082943,
657628,20240430900226,00365624,아이윈,090150,전환사채(해외전환사채포함)발행후만기전사채취득,2024-04-30,KOSDAQ,1185.0,1185.0,1202.0,1196.0,0.0,0.014345991561181437,0.009282700421940904,
654682,20240507000384,00365624,아이윈,090150,주요사항보고서(전환사채권발행결정),2024-05-07,KOSDAQ,1193.0,1200.0,1196.0,1234.0,0.005867560771165126,0.0025146689019279744,0.03436714165968158,
653468,20240509900476,00365624,아이윈,090150,전환사채(해외전환사채포함)발행후만기전사채취득,2024-05-09,KOSDAQ,1196.0,1218.0,1229.0,1201.0,0.018394648829431537,0.027591973244147194,0.004180602006689016,
644094,20240527900515,00365624,아이윈,090150,전환사채(해외전환사채포함)발행후만기전사채취득,2024-05-27,KOSDAQ,1213.0,1241.0,1210.0,1226.0,0.02308326463314092,-0.002473206924979432,0.010717230008244094,
611300,20240729900329,00365624,아이윈,090150,전환사채(해외전환사채포함)발행후만기전사채취득,2024-07-29,KOSDAQ,1031.0,1039.0,1044.0,874.0,0.007759456838021261,0.012609117361784605,-0.15227934044616875,
516634,20250131900590,00365624,아이윈,090150,전환사채(해외전환사채포함)발행후만기전사채취득,2025-01-31,KOSDAQ,857.0,826.0,863.0,872.0,-0.03617269544924151,0.007001166861143604,0.0175029171528589,
499446,20250224900607,00365624,아이윈,090150,전환사채(해외전환사채포함)발행후만기전사채취득,2025-02-24,KOSDAQ,811.0,805.0,812.0,800.0,-0.007398273736128225,0.0012330456226881115,-0.013563501849568449,
394032,20250526900670,00365624,아이윈,090150,전환사채(해외전환사채포함)발행후만기전사채취득,2025-05-26,KOSDAQ,788.0,788.0,788.0,783.0,0.0,0.0,-0.006345177664974666,
345790,20250825900310,00365624,아이윈,090150,전환사채(해외전환사채포함)발행후만기전사채취득,2025-08-25,KOSDAQ,734.0,726.0,729.0,716.0,-0.010899182561307952,-0.006811989100817484,-0.02452316076294281,
312592,20251110900103,00365624,아이윈,090150,전환사채(해외전환사채포함)발행후만기전사채취득,2025-11-10,KOSDAQ,752.0,740.0,751.0,756.0,-0.015957446808510634,-0.0013297872340425343,0.005319148936170137,
2319,20260526900670,00365624,아이윈,090150,전환사채(해외전환사채포함)발행후만기전사채취득,2026-05-26,KOSDAQ,680.0,625.0,617.0,540.0,-0.08088235294117652,-0.09264705882352942,-0.20588235294117652,
1271643,20211012000386,00177816,대주전자재료,078600,주요사항보고서(전환사채권발행결정),2021-10-12,KOSDAQ,95100.0,105800.0,103500.0,108700.0,0.11251314405888535,0.08832807570977907,0.14300736067297581,
634907,20240607000369,00177816,대주전자재료,078600,주요사항보고서(전환사채권발행결정),2024-06-07,KOSDAQ,123900.0,123100.0,155800.0,146000.0,-0.006456820016142006,0.25746569814366427,0.17836965294592422,
634902,20240607000382,00177816,대주전자재료,078600,주요사항보고서(전환사채권발행결정),2024-06-07,KOSDAQ,123900.0,123100.0,155800.0,146000.0,-0.006456820016142006,0.25746569814366427,0.17836965294592422,
1271241,20211013000141,00398701,엘앤에프,066970,주요사항보고서(전환사채권발행결정),2021-10-13,KOSPI,213100.0,209200.0,206400.0,211100.0,-0.018301267010793043,-0.031440638198029114,-0.00938526513374005,
535486,20241216000384,00398701,엘앤에프,066970,주요사항보고서(전환사채권발행결정),2024-12-16,KOSPI,99900.0,95700.0,97000.0,90300.0,-0.042042042042042094,-0.02902902902902904,-0.09609609609609615,
1271156,20211013000234,00624509,디바이스,187870,주요사항보고서(전환사채권발행결정),2021-10-13,KOSDAQ,13164.0,14263.0,14544.0,15285.0,0.08348526283804314,0.10483135824977219,0.16112123974475834,
666817,20240415900282,00624509,디바이스,187870,전환사채(해외전환사채포함)발행후만기전사채취득,2024-04-15,KOSDAQ,8598.0,8235.0,8404.0,8184.0,-0.04221912072575018,-0.022563386834147492,-0.048150732728541534,
617078,20240715900194,00624509,디바이스,187870,전환사채(해외전환사채포함)발행후만기전사채취득,2024-07-15,KOSDAQ,8307.0,8327.0,8307.0,7678.0,0.0024076080414108247,0.0,-0.07571927290237146,
570638,20241015900142,00624509,디바이스,187870,전환사채(해외전환사채포함)발행후만기전사채취득,2024-10-15,KOSDAQ,7167.0,7131.0,7095.0,6937.0,-0.005023022185014603,-0.010046044370029317,-0.03209153062648251,
565082,20241029900123,00624509,디바이스,187870,전환사채(해외전환사채포함)발행후만기전사채취득,2024-10-29,KOSDAQ,6758.0,6840.0,6722.0,6937.0,0.01213376738680072,-0.005327019828351598,0.02648712636874806,
1271078,20211013900402,00373021,테라사이언스,073640,전환사채(해외전환사채포함)발행후만기전사채취득(제15회차),2021-10-13,KOSDAQ,1950.0,1970.0,1980.0,2080.0,0.01025641025641022,0.01538461538461533,0.06666666666666665,
1269759,20211015900436,00373021,테라사이언스,073640,전환사채(해외전환사채포함)발행후만기전사채취득(제15회차),2021-10-15,KOSDAQ,1980.0,1995.0,1955.0,2075.0,0.007575757575757569,-0.012626262626262652,0.04797979797979801,
1249510,20211129000800,00373021,테라사이언스,073640,주요사항보고서(전환사채권발행결정),2021-11-29,KOSDAQ,1975.0,2035.0,2020.0,2020.0,0.030379746835442978,0.022784810126582178,0.022784810126582178,
1209432,20220217900345,00373021,테라사이언스,073640,전환사채(해외전환사채포함)발행후만기전사채취득(제15회차),2022-02-17,KOSDAQ,2020.0,2040.0,2040.0,1980.0,0.00990099009900991,0.00990099009900991,-0.01980198019801982,
1135662,20220413900491,00373021,테라사이언스,073640,전환사채(해외전환사채포함)발행후만기전사채취득(제15회차),2022-04-13,KOSDAQ,2430.0,2425.0,2290.0,2295.0,-0.002057613168724326,-0.057613168724279795,-0.05555555555555558,
1129046,20220422900492,00373021,테라사이언스,073640,전환사채(해외전환사채포함)발행후만기전사채취득,2022-04-22,KOSDAQ,2360.0,2340.0,2265.0,2370.0,-0.008474576271186418,-0.0402542372881356,0.004237288135593209,
1114320,20220530900791,00373021,테라사이언스,073640,전환사채(해외전환사채포함)발행후만기전사채취득(제15회차),2022-05-30,KOSDAQ,2325.0,2325.0,2395.0,2395.0,0.0,0.03010752688172036,0.03010752688172036,
1087289,20220726900393,00373021,테라사이언스,073640,전환사채(해외전환사채포함)발행후만기전사채취득,2022-07-26,KOSDAQ,1765.0,1720.0,1720.0,1700.0,-0.025495750708215303,-0.025495750708215303,-0.03682719546742208,
1077620,20220816901298,00373021,테라사이언스,073640,전환사채(해외전환사채포함)발행후만기전사채취득(제14회차),2022-08-16,KOSDAQ,1695.0,1750.0,1740.0,1645.0,0.032448377581120846,0.026548672566371723,-0.029498525073746285,
1046951,20221026900388,00373021,테라사이언스,073640,전환사채(해외전환사채포함)발행후만기전사채취득(제15회차),2022-10-26,KOSDAQ,1535.0,1560.0,1545.0,1575.0,0.016286644951140072,0.006514657980456029,0.026058631921824116,
1015814,20221223900452,00373021,테라사이언스,073640,전환사채(해외전환사채포함)발행후만기전사채취득(제14회차),2022-12-23,KOSDAQ,1655.0,1655.0,1690.0,1970.0,0.0,0.02114803625377637,0.190332326283988,
850898,20230809900353,00373021,테라사이언스,073640,전환사채(해외전환사채포함)발행후만기전사채취득(제16회차),2023-08-09,KOSDAQ,4490.0,4675.0,4465.0,2230.0,0.04120267260579058,-0.0055679287305122616,-0.5033407572383073,
1270308,20211014000454,01042711,글로벌텍스프리,204620,주요사항보고서(전환사채권발행결정),2021-10-14,KOSDAQ,3252.0,3178.0,3173.0,3313.0,-0.022755227552275548,-0.024292742927429223,0.018757687576875792,
896270,20230510000731,01042711,글로벌텍스프리,204620,주요사항보고서(전환사채권발행결정),2023-05-10,KOSDAQ,3556.0,3513.0,3500.0,3686.0,-0.012092238470191252,-0.015748031496062964,0.036557930258717564,
1269800,20211015000318,01139035,티에스아이,277880,주요사항보고서(전환사채권발행결정),2021-10-15,KOSDAQ,17850.0,16300.0,15800.0,14200.0,-0.08683473389355745,-0.11484593837535018,-0.20448179271708689,
1059184,20220926000168,01139035,티에스아이,277880,주요사항보고서(전환사채권발행결정),2022-09-26,KOSDAQ,8910.0,8870.0,8690.0,8580.0,-0.004489337822671136,-0.024691358024691357,-0.03703703703703709,
1059170,20220926000172,01139035,티에스아이,277880,주요사항보고서(전환사채권발행결정),2022-09-26,KOSDAQ,8910.0,8870.0,8690.0,8580.0,-0.004489337822671136,-0.024691358024691357,-0.03703703703703709,
1049645,20221019000325,01139035,티에스아이,277880,주요사항보고서(전환사채권발행결정),2022-10-19,KOSDAQ,8490.0,8280.0,8030.0,8460.0,-0.02473498233215543,-0.05418138987043586,-0.0035335689045936647,
878663,20230608900209,01139035,티에스아이,277880,전환사채(해외전환사채포함)발행후만기전사채취득(제2회차),2023-06-08,KOSDAQ,12370.0,13000.0,13460.0,14140.0,0.05092966855295078,0.0881164106709782,0.14308811641067098,
816018,20231019900296,01139035,티에스아이,277880,전환사채(해외전환사채포함)발행후만기전사채취득(제3회차),2023-10-19,KOSDAQ,10380.0,10180.0,10050.0,9610.0,-0.019267822736030782,-0.03179190751445082,-0.0741811175337187,
664050,20240419900352,01139035,티에스아이,277880,전환사채(해외전환사채포함)발행후만기전사채취득              (제3회차),2024-04-19,KOSDAQ,7400.0,7460.0,7380.0,7410.0,0.008108108108108025,-0.002702702702702675,0.0013513513513514486,
614890,20240719900364,01139035,티에스아이,277880,전환사채(해외전환사채포함)발행후만기전사채취득,2024-07-19,KOSDAQ,6930.0,6630.0,6490.0,6510.0,-0.04329004329004327,-0.06349206349206349,-0.06060606060606055,
575618,20240930900519,01139035,티에스아이,277880,전환사채(해외전환사채포함)발행후만기전사채취득,2024-09-30,KOSDAQ,6850.0,6810.0,6620.0,6870.0,-0.005839416058394109,-0.033576642335766405,0.0029197080291971655,
528840,20241230900503,01139035,티에스아이,277880,전환사채(해외전환사채포함)발행후만기전사채취득,2024-12-30,KOSDAQ,5030.0,4970.0,5090.0,5790.0,-0.011928429423459286,0.011928429423459175,0.15109343936381703,
520789,20250120900662,01139035,티에스아이,277880,전환사채(해외전환사채포함)발행후만기전사채취득,2025-01-20,KOSDAQ,5520.0,5320.0,5230.0,5120.0,-0.036231884057971064,-0.05253623188405798,-0.07246376811594202,
454079,20250331903406,01139035,티에스아이,277880,전환사채(해외전환사채포함)발행후만기전사채취득,2025-03-31,KOSDAQ,6300.0,6320.0,6360.0,5670.0,0.0031746031746031633,0.00952380952380949,-0.09999999999999998,
374831,20250630900598,01139035,티에스아이,277880,전환사채(해외전환사채포함)발행후만기전사채취득,2025-06-30,KOSDAQ,5310.0,5310.0,5280.0,5180.0,0.0,-0.005649717514124242,-0.024482109227871973,
374826,20250630900603,01139035,티에스아이,277880,전환사채(해외전환사채포함)발행후만기전사채취득,2025-06-30,KOSDAQ,5310.0,5310.0,5280.0,5180.0,0.0,-0.005649717514124242,-0.024482109227871973,
374824,20250630900606,01139035,티에스아이,277880,전환사채(해외전환사채포함)발행후만기전사채취득,2025-06-30,KOSDAQ,5310.0,5310.0,5280.0,5180.0,0.0,-0.005649717514124242,-0.024482109227871973,
339440,20250901900581,01139035,티에스아이,277880,전환사채(해외전환사채포함)발행후만기전사채취득,2025-09-01,KOSDAQ,5340.0,5390.0,5390.0,5460.0,0.009363295880149725,0.009363295880149725,0.022471910112359605,
1268927,20211019000247,00302582,캐스텍코리아,071850,주요사항보고서(전환사채권발행결정),2021-10-19,KOSDAQ,3337.0,3517.0,3517.0,3318.0,0.05394066526820507,0.05394066526820507,-0.005693736889421652,
620473,20240705900217,00302582,캐스텍코리아,071850,전환사채(해외전환사채포함)발행후만기전사채취득,2024-07-05,KOSDAQ,1129.0,1144.0,1140.0,1234.0,0.013286093888396744,0.009743135518157642,0.09300265721877765,
374628,20250630900731,00302582,캐스텍코리아,071850,전환사채(해외전환사채포함)발행후만기전사채취득,2025-06-30,KOSDAQ,1615.0,1614.0,1610.0,1620.0,-0.0006191950464395912,-0.003095975232198178,0.003095975232198178,
327499,20250930900289,00302582,캐스텍코리아,071850,전환사채(해외전환사채포함)발행후만기전사채취득,2025-09-30,KOSDAQ,1694.0,1674.0,1674.0,,-0.011806375442739103,-0.011806375442739103,,
1268864,20211019000305,00351454,더테크놀로지,043090,주요사항보고서(전환사채권발행결정),2021-10-19,KOSDAQ,35256.0,35886.0,35616.0,41730.0,0.017869298842750236,0.010211027910143056,0.1836283185840708,
1126192,20220510900591,00351454,더테크놀로지,043090,"전환사채(해외전환사채포함)발행후만기전사채취득(제17,18회차))",2022-05-10,KOSDAQ,31659.0,31029.0,31389.0,31029.0,-0.019899554629015492,-0.00852838055529237,-0.019899554629015492,
1083353,20220805000007,00351454,더테크놀로지,043090,주요사항보고서(전환사채권발행결정),2022-08-05,KOSDAQ,62598.0,81306.0,90840.0,81846.0,0.29885938847886506,0.45116457394804943,0.30748586216812046,
1082721,20220805000008,00351454,더테크놀로지,043090,[첨부추가]주요사항보고서(전환사채권발행결정),2022-08-05,KOSDAQ,62598.0,81306.0,90840.0,81846.0,0.29885938847886506,0.45116457394804943,0.30748586216812046,
769261,20240117900497,00351454,더테크놀로지,043090,전환사채(해외전환사채포함)발행후만기전사채취득(제20회차),2024-01-17,KOSDAQ,9621.0,9477.0,9210.0,8472.0,-0.014967259120673537,-0.04271905207358906,-0.11942625506704085,
704606,20240329904477,00351454,더테크놀로지,043090,전환사채(해외전환사채포함)발행후만기전사채취득              (제21회차),2024-03-29,KOSDAQ,8922.0,9174.0,9066.0,9243.0,0.02824478816408882,0.01613987895090796,0.03597848016139871,
1268799,20211019000331,00255105,케이바이오랩스,038530,주요사항보고서(전환사채권발행결정),2021-10-20,KOSDAQ,12905.0,12345.0,11860.0,12085.0,-0.04339403332041847,-0.08097636574970946,-0.06354126307632701,
973147,20230310900976,00255105,케이바이오랩스,038530,전환사채(해외전환사채포함)발행후만기전사채취득,2023-03-10,KOSDAQ,2270.0,2270.0,2270.0,2270.0,0.0,0.0,0.0,
1268334,20211020900274,00175623,ES큐브,050120,[첨부추가]전환사채(해외전환사채포함)발행후만기전사채취득,2021-10-20,KOSDAQ,4655.0,4500.0,4585.0,4500.0,-0.03329752953813103,-0.015037593984962405,-0.03329752953813103,
1246705,20211130002124,00175623,ES큐브,050120,주요사항보고서(전환사채권발행결정),2021-12-01,KOSDAQ,4340.0,4485.0,4425.0,4480.0,0.033410138248847865,0.019585253456221308,0.032258064516129004,
1267568,20211022000263,00187770,한국파마,032300,주요사항보고서(전환사채권발행결정),2021-10-22,KOSDAQ,53400.0,56300.0,62700.0,59000.0,0.054307116104868935,0.1741573033707866,0.10486891385767794,
812908,20231026900567,00187770,한국파마,032300,전환사채(해외전환사채포함)발행후만기전사채취득(제3회차),2023-10-26,KOSDAQ,16500.0,16800.0,17200.0,17580.0,0.018181818181818077,0.042424242424242475,0.06545454545454543,
796984,20231124000557,00187770,한국파마,032300,주요사항보고서(전환사채권발행결정),2023-11-24,KOSDAQ,20200.0,21300.0,20900.0,20400.0,0.054455445544554504,0.034653465346534684,0.00990099009900991,
764922,20240126900723,00187770,한국파마,032300,전환사채(해외전환사채포함)발행후만기전사채취득(제3회차),2024-01-26,KOSDAQ,21650.0,21800.0,22200.0,20950.0,0.006928406466512715,0.025404157043879882,-0.0323325635103926,
659755,20240426900699,00187770,한국파마,032300,전환사채(해외전환사채포함)발행후만기전사채취득              (제3회차),2024-04-26,KOSDAQ,18730.0,19190.0,19250.0,19330.0,0.024559530165509935,0.02776294714361982,0.03203416978109974,
611713,20240726900719,00187770,한국파마,032300,전환사채(해외전환사채포함)발행후만기전사채취득,2024-07-26,KOSDAQ,18020.0,18440.0,18050.0,17480.0,0.023307436182020025,0.0016648168701443034,-0.029966703662597127,
4731,20260520000243,00187770,한국파마,032300,주요사항보고서(전환사채권발행결정),2026-05-20,KOSDAQ,10160.0,10150.0,10650.0,9660.0,-0.0009842519685039353,0.04822834645669283,-0.049212598425196874,
130101,20260528900782,00187770,한국파마,032300,전환사채(해외전환사채포함)발행후만기전사채취득,2026-05-28,KOSDAQ,9660.0,9440.0,9130.0,8920.0,-0.022774327122153215,-0.054865424430641796,-0.07660455486542439,
1267480,20211022000329,00110750,플루토스,019570,주요사항보고서(전환사채권발행결정),2021-10-22,KOSDAQ,684.0,660.0,670.0,635.0,-0.03508771929824561,-0.020467836257309968,-0.07163742690058483,
1266266,20211026000411,00110750,플루토스,019570,주요사항보고서(전환사채권발행결정),2021-10-27,KOSDAQ,656.0,639.0,635.0,612.0,-0.02591463414634143,-0.03201219512195119,-0.06707317073170727,
1186931,20220315901606,00110750,플루토스,019570,전환사채(해외전환사채포함)발행후만기전사채취득,2022-03-15,KOSDAQ,577.0,555.0,554.0,534.0,-0.03812824956672445,-0.03986135181975736,-0.07452339688041598,
1131927,20220415900934,00110750,플루토스,019570,전환사채(해외전환사채포함)발행후만기전사채취득,2022-04-15,KOSDAQ,530.0,532.0,530.0,527.0,0.0037735849056603765,0.0,-0.005660377358490565,
1046775,20221026900595,00110750,플루토스,019570,전환사채(해외전환사채포함)발행후만기전사채취득,2022-10-26,KOSDAQ,550.0,601.0,500.0,531.0,0.09272727272727277,-0.09090909090909094,-0.034545454545454546,
1005916,20230113000586,00110750,플루토스,019570,주요사항보고서(전환사채권발행결정),2023-01-13,KOSDAQ,590.0,582.0,532.0,500.0,-0.013559322033898313,-0.09830508474576272,-0.15254237288135597,
1005915,20230113000588,00110750,플루토스,019570,주요사항보고서(전환사채권발행결정),2023-01-13,KOSDAQ,590.0,582.0,532.0,500.0,-0.013559322033898313,-0.09830508474576272,-0.15254237288135597,
1005914,20230113000589,00110750,플루토스,019570,주요사항보고서(전환사채권발행결정),2023-01-13,KOSDAQ,590.0,582.0,532.0,500.0,-0.013559322033898313,-0.09830508474576272,-0.15254237288135597,
1005912,20230113000592,00110750,플루토스,019570,주요사항보고서(전환사채권발행결정),2023-01-13,KOSDAQ,590.0,582.0,532.0,500.0,-0.013559322033898313,-0.09830508474576272,-0.15254237288135597,
1005911,20230113000595,00110750,플루토스,019570,주요사항보고서(전환사채권발행결정),2023-01-13,KOSDAQ,590.0,582.0,532.0,500.0,-0.013559322033898313,-0.09830508474576272,-0.15254237288135597,
996871,20230207000406,00110750,플루토스,019570,주요사항보고서(전환사채권발행결정),2023-02-07,KOSDAQ,496.0,502.0,530.0,497.0,0.012096774193548487,0.06854838709677424,0.002016129032258007,
855539,20230728900795,00110750,플루토스,019570,전환사채(해외전환사채포함)발행후만기전사채취득,2023-07-28,KOSDAQ,793.0,785.0,770.0,965.0,-0.010088272383354302,-0.0290037831021438,0.21689785624211844,
817064,20231017900257,00110750,플루토스,019570,전환사채(해외전환사채포함)발행후만기전사채취득,2023-10-17,KOSDAQ,633.0,622.0,604.0,650.0,-0.017377567140600347,-0.04581358609794628,0.026856240126382325,
809059,20231103900551,00110750,플루토스,019570,전환사채(해외전환사채포함)발행후만기전사채취득,2023-11-03,KOSDAQ,665.0,673.0,667.0,642.0,0.012030075187969835,0.003007518796992459,-0.0345864661654135,
619682,20240708900395,00110750,플루토스,019570,전환사채(해외전환사채포함)발행후만기전사채취득,2024-07-08,KOSDAQ,465.0,468.0,492.0,484.0,0.006451612903225712,0.058064516129032295,0.04086021505376336,
597491,20240816900266,00110750,플루토스,019570,전환사채(해외전환사채포함)발행후만기전사채취득,2024-08-16,KOSDAQ,402.0,377.0,378.0,351.0,-0.062189054726368154,-0.05970149253731338,-0.12686567164179108,
567742,20241022900444,00110750,플루토스,019570,전환사채(해외전환사채포함)발행후만기전사채취득,2024-10-22,KOSDAQ,397.0,381.0,370.0,396.0,-0.04030226700251893,-0.06801007556675065,-0.0025188916876573986,
535758,20241216901636,00110750,플루토스,019570,전환사채(해외전환사채포함)발행후만기전사채취득,2024-12-16,KOSDAQ,302.0,304.0,315.0,293.0,0.0066225165562914245,0.04304635761589415,-0.0298013245033113,
496504,20250226901317,00110750,플루토스,019570,전환사채(해외전환사채포함)발행후만기전사채취득,2025-02-26,KOSDAQ,234.0,304.0,290.0,259.0,0.2991452991452992,0.23931623931623935,0.1068376068376069,
366168,20250721900303,00110750,플루토스,019570,전환사채(해외전환사채포함)발행후만기전사채취득,2025-07-21,KOSDAQ,319.0,319.0,313.0,309.0,0.0,-0.018808777429467072,-0.031347962382445194,
108025,20260304900982,00110750,플루토스,019570,전환사채(해외전환사채포함)발행후만기전사채취득,2026-03-04,KOSDAQ,340.0,363.0,351.0,359.0,0.0676470588235294,0.032352941176470695,0.055882352941176494,
25710,20260420900567,00110750,플루토스,019570,전환사채(해외전환사채포함)발행후만기전사채취득,2026-04-20,KOSDAQ,407.0,406.0,527.0,486.0,-0.002457002457002422,0.29484029484029484,0.1941031941031941,
3700,20260521000733,00110750,플루토스,019570,주요사항보고서(전환사채권발행결정),2026-05-21,KOSDAQ,397.0,409.0,430.0,397.0,0.030226700251889227,0.08312342569269515,0.0,
119900,20260610000628,00110750,플루토스,019570,주요사항보고서(전환사채권발행결정),2026-06-10,KOSDAQ,330.0,326.0,329.0,296.0,-0.012121212121212088,-0.00303030303030305,-0.10303030303030303,
115194,20260619900689,00110750,플루토스,019570,전환사채(해외전환사채포함)발행후만기전사채취득,2026-06-19,KOSDAQ,296.0,296.0,296.0,296.0,0.0,0.0,0.0,
1267441,20211022000358,00601191,하나기술,299030,주요사항보고서(전환사채권발행결정),2021-10-22,KOSDAQ,54900.0,55700.0,55700.0,53000.0,0.014571948998178597,0.014571948998178597,-0.03460837887067392,
659522,20240426000933,00601191,하나기술,299030,주요사항보고서(전환사채권발행결정),2024-04-26,KOSDAQ,53800.0,56700.0,59900.0,61800.0,0.05390334572490696,0.11338289962825288,0.14869888475836435,
659667,20240426900804,00601191,하나기술,299030,전환사채(해외전환사채포함)발행후만기전사채취득              (제2회차),2024-04-26,KOSDAQ,53800.0,56700.0,59900.0,61800.0,0.05390334572490696,0.11338289962825288,0.14869888475836435,
611642,20240726900773,00601191,하나기술,299030,전환사채(해외전환사채포함)발행후만기전사채취득,2024-07-26,KOSDAQ,29500.0,32350.0,30800.0,30750.0,0.09661016949152534,0.04406779661016946,0.04237288135593231,
565420,20241028900418,00601191,하나기술,299030,전환사채(해외전환사채포함)발행후만기전사채취득              (2회차),2024-10-28,KOSDAQ,28850.0,28550.0,28150.0,29350.0,-0.010398613518197597,-0.024263431542461023,0.017331022530329365,
516584,20250131900595,00601191,하나기술,299030,전환사채(해외전환사채포함)발행후만기전사채취득              (제2회차),2025-01-31,KOSDAQ,21050.0,21200.0,22100.0,21100.0,0.0071258907363420665,0.04988123515439424,0.002375296912114022,
318733,20251027900362,00601191,하나기술,299030,전환사채(해외전환사채포함)발행후만기전사채취득              (제2회차),2025-10-27,KOSDAQ,32150.0,32050.0,31550.0,31000.0,-0.0031104199066873672,-0.018662519440124425,-0.03576982892690517,
252071,20260213001049,00601191,하나기술,299030,주요사항보고서(전환사채권발행결정),2026-02-13,KOSDAQ,30100.0,30200.0,29900.0,31400.0,0.0033222591362125353,-0.006644518272425293,0.04318936877076407,
17514,20260430901182,00601191,하나기술,299030,전환사채(해외전환사채포함)발행후만기전사채취득,2026-04-30,KOSDAQ,31850.0,31150.0,29900.0,26500.0,-0.02197802197802201,-0.061224489795918324,-0.16797488226059654,
1267367,20211022900580,00318662,CNT85,056730,전환사채(해외전환사채포함)발행후만기전사채취득(제23회차),2021-10-22,KOSDAQ,16500.0,16500.0,16500.0,16500.0,0.0,0.0,0.0,
1266366,20211026900518,00318662,CNT85,056730,전환사채(해외전환사채포함)발행후만기전사채취득(제21회차),2021-10-26,KOSDAQ,16500.0,16500.0,16500.0,16500.0,0.0,0.0,0.0,
1266365,20211026900521,00318662,CNT85,056730,전환사채(해외전환사채포함)발행후만기전사채취득(제22회차),2021-10-26,KOSDAQ,16500.0,16500.0,16500.0,16500.0,0.0,0.0,0.0,
1252864,20211123900252,00318662,CNT85,056730,전환사채(해외전환사채포함)발행후만기전사채취득(제23회차),2021-11-23,KOSDAQ,16500.0,16500.0,16500.0,16500.0,0.0,0.0,0.0,
1231305,20211230900763,00318662,CNT85,056730,전환사채(해외전환사채포함)발행후만기전사채취득(제24회차),2021-12-30,KOSDAQ,16500.0,16500.0,16500.0,16500.0,0.0,0.0,0.0,
1210807,20220215900462,00318662,CNT85,056730,전환사채(해외전환사채포함)발행후만기전사채취득(제22회차),2022-02-15,KOSDAQ,16500.0,16500.0,16500.0,16500.0,0.0,0.0,0.0,
1205802,20220223900841,00318662,CNT85,056730,전환사채(해외전환사채포함)발행후만기전사채취득(제22회차),2022-02-23,KOSDAQ,16500.0,16500.0,16500.0,16500.0,0.0,0.0,0.0,
1073686,20220823900301,00318662,CNT85,056730,전환사채(해외전환사채포함)발행후만기전사채취득(제21회차),2022-08-23,KOSDAQ,16500.0,16500.0,16500.0,16500.0,0.0,0.0,0.0,
1073684,20220823900312,00318662,CNT85,056730,전환사채(해외전환사채포함)발행후만기전사채취득(제22회차),2022-08-23,KOSDAQ,16500.0,16500.0,16500.0,16500.0,0.0,0.0,0.0,
1073678,20220823900316,00318662,CNT85,056730,전환사채(해외전환사채포함)발행후만기전사채취득(제23회차),2022-08-23,KOSDAQ,16500.0,16500.0,16500.0,16500.0,0.0,0.0,0.0,
1059754,20220923900306,00318662,CNT85,056730,전환사채(해외전환사채포함)발행후만기전사채취득(제23회차),2022-09-23,KOSDAQ,16500.0,16500.0,16500.0,16500.0,0.0,0.0,0.0,
1267176,20211025000084,01335143,로킷헬스케어,376900,주요사항보고서(전환사채권발행결정),2021-10-25,KOSDAQ,14750.0,15560.0,16510.0,19930.0,0.05491525423728816,0.11932203389830498,0.3511864406779661,
1249935,20211129000420,01335143,로킷헬스케어,376900,주요사항보고서(전환사채권발행결정),2021-11-29,KOSDAQ,14750.0,15560.0,16510.0,19930.0,0.05491525423728816,0.11932203389830498,0.3511864406779661,
1241166,20211214000298,01335143,로킷헬스케어,376900,주요사항보고서(전환사채권발행결정),2021-12-14,KOSDAQ,14750.0,15560.0,16510.0,19930.0,0.05491525423728816,0.11932203389830498,0.3511864406779661,
1144434,20220408002897,01335143,로킷헬스케어,376900,주요사항보고서(전환사채권발행결정),2022-04-08,KOSDAQ,14750.0,15560.0,16510.0,19930.0,0.05491525423728816,0.11932203389830498,0.3511864406779661,
1117231,20220525000128,01335143,로킷헬스케어,376900,주요사항보고서(전환사채권발행결정),2022-05-25,KOSDAQ,14750.0,15560.0,16510.0,19930.0,0.05491525423728816,0.11932203389830498,0.3511864406779661,
1088609,20220722000320,01335143,로킷헬스케어,376900,주요사항보고서(전환사채권발행결정),2022-07-22,KOSDAQ,14750.0,15560.0,16510.0,19930.0,0.05491525423728816,0.11932203389830498,0.3511864406779661,
1064476,20220908000294,01335143,로킷헬스케어,376900,주요사항보고서(전환사채권발행결정),2022-09-08,KOSDAQ,14750.0,15560.0,16510.0,19930.0,0.05491525423728816,0.11932203389830498,0.3511864406779661,
856879,20230727000240,01335143,로킷헬스케어,376900,주요사항보고서(전환사채권발행결정),2023-07-27,KOSDAQ,14750.0,15560.0,16510.0,19930.0,0.05491525423728816,0.11932203389830498,0.3511864406779661,
368002,20250716000142,01335143,로킷헬스케어,376900,주요사항보고서(전환사채권발행결정),2025-07-16,KOSDAQ,16890.0,17280.0,17560.0,15970.0,0.023090586145648295,0.039668442865600895,-0.05447010065127289,
1266895,20211025000273,00258102,지엔코,065060,주요사항보고서(전환사채권발행결정),2021-10-25,KOSDAQ,35735.0,35735.0,35735.0,35065.0,0.0,0.0,-0.018749125507205866,
1232440,20211229900470,00258102,지엔코,065060,전환사채(해외전환사채포함)발행후만기전사채취득,2021-12-29,KOSDAQ,28800.0,28925.0,29055.0,30145.0,0.004340277777777679,0.008854166666666607,0.04670138888888897,
342564,20250828001346,00258102,지엔코,065060,주요사항보고서(전환사채권발행결정),2025-08-28,KOSDAQ,4380.0,4290.0,4245.0,4355.0,-0.020547945205479423,-0.03082191780821919,-0.005707762557077611,
1266880,20211025000307,00681373,디지캡,197140,주요사항보고서(전환사채권발행결정),2021-10-25,KOSDAQ,8991.0,9430.0,10858.0,10858.0,0.04882660438215991,0.20765209654098538,0.20765209654098538,
1267016,20211025900303,00963976,SG,255220,전환사채(해외전환사채포함)발행후만기전사채취득,2021-10-25,KOSDAQ,1637.0,1633.0,1615.0,1606.0,-0.0024434941967013124,-0.013439218081857107,-0.01893708002443495,
1093490,20220711900422,00963976,SG,255220,전환사채(해외전환사채포함)발행후만기전사채취득,2022-07-11,KOSDAQ,1445.0,1441.0,1459.0,1508.0,-0.0027681660899654403,0.009688581314878819,0.04359861591695502,
1048099,20221024900302,00963976,SG,255220,전환사채(해외전환사채포함)발행후만기전사채취득,2022-10-24,KOSDAQ,1169.0,1227.0,1294.0,1169.0,0.04961505560307966,0.1069289991445681,0.0,
1022519,20221212900501,00963976,SG,255220,전환사채(해외전환사채포함)발행후만기전사채취득,2022-12-12,KOSDAQ,1106.0,1111.0,1115.0,1111.0,0.004520795660036159,0.008137432188065175,0.004520795660036159,
1008388,20230109900349,00963976,SG,255220,전환사채(해외전환사채포함)발행후만기전사채취득,2023-01-09,KOSDAQ,1066.0,1182.0,1151.0,1115.0,0.10881801125703561,0.07973733583489673,0.045966228893058236,
1005473,20230116000245,00963976,SG,255220,주요사항보고서(전환사채권발행결정),2023-01-16,KOSDAQ,1115.0,1084.0,1080.0,1101.0,-0.02780269058295959,-0.03139013452914796,-0.01255605381165914,
1003883,20230119900579,00963976,SG,255220,전환사채(해외전환사채포함)발행후만기전사채취득,2023-01-19,KOSDAQ,1066.0,1071.0,1101.0,1093.0,0.004690431519699834,0.03283302063789861,0.025328330206378924,
920877,20230410900823,00963976,SG,255220,전환사채(해외전환사채포함)발행후만기전사채취득,2023-04-10,KOSDAQ,1010.0,1005.0,1017.0,1040.0,-0.004950495049504955,0.006930693069306937,0.02970297029702973,
907015,20230419900312,00963976,SG,255220,전환사채(해외전환사채포함)발행후만기전사채취득,2023-04-19,KOSDAQ,1038.0,1035.0,1001.0,977.0,-0.0028901734104046506,-0.035645472061657024,-0.05876685934489401,
860422,20230719900287,00963976,SG,255220,전환사채(해외전환사채포함)발행후만기전사채취득,2023-07-19,KOSDAQ,1277.0,1315.0,1266.0,1141.0,0.029757243539545897,-0.008613938919342257,-0.10649960845732187,
819668,20231010900751,00963976,SG,255220,전환사채(해외전환사채포함)발행후만기전사채취득,2023-10-10,KOSDAQ,1074.0,1063.0,1079.0,1088.0,-0.010242085661080091,0.004655493482309092,0.013035381750465591,
815915,20231019900460,00963976,SG,255220,전환사채(해외전환사채포함)발행후만기전사채취득,2023-10-19,KOSDAQ,1017.0,1013.0,995.0,994.0,-0.003933136676499527,-0.021632251720747342,-0.022615535889872196,
774061,20240105900360,00963976,SG,255220,전환사채(해외전환사채포함)발행후만기전사채취득,2024-01-05,KOSDAQ,1502.0,1541.0,1558.0,1571.0,0.025965379494008012,0.03728362183754985,0.04593874833555267,
612586,20240725000317,00963976,SG,255220,주요사항보고서(전환사채권발행결정),2024-07-25,KOSDAQ,2795.0,2930.0,2940.0,3490.0,0.04830053667262968,0.051878354203935606,0.24865831842576025,
266115,20260129901019,00963976,SG,255220,전환사채(해외전환사채포함)발행후만기전사채취득,2026-01-29,KOSDAQ,2855.0,2680.0,2650.0,2965.0,-0.06129597197898429,-0.07180385288966729,0.038528896672504365,
1266460,20211026000278,00113261,대한광통신,010170,주요사항보고서(전환사채권발행결정),2021-10-26,KOSDAQ,3014.0,2818.0,2792.0,2656.0,-0.06502986065029859,-0.07365627073656267,-0.11877903118779032,
809006,20231103000395,00113261,대한광통신,010170,주요사항보고서(전환사채권발행결정),2023-11-03,KOSDAQ,1261.0,1235.0,1212.0,1153.0,-0.020618556701030966,-0.03885804916732749,-0.08564631245043619,
658461,20240429900639,00113261,대한광통신,010170,전환사채(해외전환사채포함)발행후만기전사채취득,2024-04-29,KOSDAQ,1009.0,1031.0,1029.0,1067.0,0.021803766105054523,0.019821605550049526,0.0574826560951438,
611336,20240729900286,00113261,대한광통신,010170,전환사채(해외전환사채포함)발행후만기전사채취득,2024-07-29,KOSDAQ,1008.0,996.0,989.0,854.0,-0.011904761904761862,-0.018849206349206393,-0.1527777777777778,
1266415,20211026000296,00970453,파마리서치,214450,주요사항보고서(전환사채권발행결정),2021-10-26,KOSDAQ,90700.0,92800.0,92100.0,90700.0,0.023153252480705655,0.015435501653803696,0.0,
565636,20241028900226,00970453,파마리서치,214450,전환사채(해외전환사채포함)발행후만기전사채취득,2024-10-28,KOSDAQ,233000.0,234500.0,234000.0,226500.0,0.006437768240343367,0.0042918454935623185,-0.027896995708154515,
1266054,20211027000178,01182550,EDGC,245620,주요사항보고서(전환사채권발행결정),2021-10-27,KOSDAQ,5576.0,5363.0,5306.0,6069.0,-0.038199426111908186,-0.048421807747489276,0.08841463414634143,
1263541,20211102900250,01182550,EDGC,245620,전환사채(해외전환사채포함)발행후만기전사채취득,2021-11-02,KOSDAQ,6306.0,6069.0,6495.0,6315.0,-0.03758325404376783,0.02997145575642235,0.0014272121788772019,
1249289,20211129000988,01182550,EDGC,245620,주요사항보고서(전환사채권발행결정),2021-11-29,KOSDAQ,6035.0,5469.0,5265.0,5240.0,-0.09378624689312343,-0.12758906379453194,-0.13173156586578294,
1217747,20220203900608,01182550,EDGC,245620,전환사채(해외전환사채포함)발행후만기전사채취득,2022-02-03,KOSDAQ,7783.0,6929.0,7627.0,7258.0,-0.10972632660927661,-0.020043684954387797,-0.06745470898111272,
1084463,20220802900264,01182550,EDGC,245620,전환사채(해외전환사채포함)발행후만기전사채취득,2022-08-02,KOSDAQ,5190.0,5174.0,5199.0,4756.0,-0.003082851637764894,0.001734104046242857,-0.08362235067437385,
1043828,20221102900430,01182550,EDGC,245620,전환사채(해외전환사채포함)발행후만기전사채취득,2022-11-02,KOSDAQ,3387.0,3362.0,3337.0,3321.0,-0.007381163271331537,-0.014762326542663073,-0.019486271036315284,
998948,20230202900338,01182550,EDGC,245620,전환사채(해외전환사채포함)발행후만기전사채취득,2023-02-02,KOSDAQ,3122.0,3137.0,3103.0,3147.0,0.004804612427930843,-0.00608584240871235,0.008007687379884665,
899490,20230502900597,01182550,EDGC,245620,전환사채(해외전환사채포함)발행후만기전사채취득,2023-05-02,KOSDAQ,2874.0,2785.0,2858.0,2765.0,-0.030967292971468385,-0.005567153792623514,-0.037926235212247694,
853909,20230802900431,01182550,EDGC,245620,전환사채(해외전환사채포함)발행후만기전사채취득,2023-08-02,KOSDAQ,2644.0,2703.0,2622.0,2778.0,0.022314674735249618,-0.008320726172465931,0.050680786686838175,
764834,20240126900908,01182550,EDGC,245620,전환사채(해외전환사채포함)발행후만기전사채취득,2024-01-26,KOSDAQ,655.0,851.0,805.0,815.0,0.29923664122137406,0.2290076335877862,0.2442748091603053,
764831,20240126900913,01182550,EDGC,245620,전환사채(해외전환사채포함)발행후만기전사채취득,2024-01-26,KOSDAQ,655.0,851.0,805.0,815.0,0.29923664122137406,0.2290076335877862,0.2442748091603053,
716384,20240322001055,01182550,EDGC,245620,주요사항보고서(전환사채권발행결정),2024-03-22,KOSDAQ,857.0,935.0,917.0,842.0,0.09101516919486574,0.07001166861143515,-0.017502917152858788,
1265999,20211027000221,01251489,라온피플,300120,주요사항보고서(전환사채권발행결정),2021-10-27,KOSDAQ,5044.0,5104.0,5119.0,5149.0,0.011895321173671647,0.014869151467089559,0.020816812053925382,
811603,20231030900381,01251489,라온피플,300120,전환사채(해외전환사채포함)발행후만기전사채취득,2023-10-30,KOSDAQ,3336.0,3234.0,3151.0,3532.0,-0.030575539568345356,-0.0554556354916067,0.058752997601918544,
769324,20240117000341,01251489,라온피플,300120,주요사항보고서(전환사채권발행결정),2024-01-17,KOSDAQ,4182.0,4337.0,4236.0,4539.0,0.03706360593017699,0.012912482065997155,0.08536585365853666,
764274,20240129900913,01251489,라온피플,300120,전환사채(해외전환사채포함)발행후만기전사채취득,2024-01-29,KOSDAQ,4277.0,4313.0,4128.0,4015.0,0.00841711480009355,-0.03483750292260934,-0.061257891045125135,
658732,20240429900412,01251489,라온피플,300120,전환사채(해외전환사채포함)발행후만기전사채취득,2024-04-29,KOSDAQ,3854.0,3842.0,3818.0,3943.0,-0.0031136481577581643,-0.009340944473274493,0.023092890503373154,
611287,20240729900351,01251489,라온피플,300120,전환사채(해외전환사채포함)발행후만기전사채취득,2024-07-29,KOSDAQ,3312.0,3187.0,3157.0,2501.0,-0.03774154589371981,-0.0467995169082126,-0.24486714975845414,
516781,20250131900361,01251489,라온피플,300120,전환사채(해외전환사채포함)발행후만기전사채취득,2025-01-31,KOSDAQ,2674.0,2484.0,2579.0,2686.0,-0.0710545998504114,-0.035527299925205647,0.004487658937920802,
502251,20250219001884,01251489,라온피플,300120,주요사항보고서(전환사채권발행결정),2025-02-19,KOSDAQ,2862.0,2788.0,2758.0,2674.0,-0.025856044723969296,-0.036338225017470305,-0.0656883298392732,
109914,20260227902118,01251489,라온피플,300120,전환사채(해외전환사채포함)발행후만기전사채취득,2026-02-27,KOSDAQ,1735.0,1585.0,1406.0,958.0,-0.08645533141210371,-0.18962536023054755,-0.4478386167146974,
76441,20260327902605,01251489,라온피플,300120,전환사채(해외전환사채포함)발행후만기전사채취득,2026-03-27,KOSDAQ,1087.0,1020.0,994.0,1000.0,-0.061637534498620083,-0.08555657773689052,-0.0800367985280589,
1265576,20211028000125,00228059,휴온스글로벌,084110,주요사항보고서(전환사채권발행결정),2021-10-28,KOSDAQ,47409.0,46932.0,46598.0,43069.0,-0.010061380750490456,-0.017106456579974227,-0.09154379970047877,
810151,20231101900520,00228059,휴온스글로벌,084110,전환사채(해외전환사채포함)발행후만기전사채취득,2023-11-01,KOSDAQ,19880.0,20750.0,20700.0,21800.0,0.043762575452716224,0.041247484909456844,0.09657947686116697,
761995,20240201900456,00228059,휴온스글로벌,084110,전환사채(해외전환사채포함)발행후만기전사채취득,2024-02-01,KOSDAQ,23350.0,23000.0,23650.0,23900.0,-0.01498929336188437,0.012847965738758127,0.023554603854389677,
609244,20240801900329,00228059,휴온스글로벌,084110,전환사채(해외전환사채포함)발행후만기전사채취득,2024-08-01,KOSDAQ,24800.0,23700.0,21350.0,24150.0,-0.04435483870967738,-0.1391129032258065,-0.02620967741935487,
1265467,20211028000223,00541437,코렌텍,104540,주요사항보고서(전환사채권발행결정),2021-10-28,KOSDAQ,13900.0,14100.0,13700.0,13250.0,0.014388489208633004,-0.014388489208633115,-0.046762589928057596,
559286,20241111900359,00541437,코렌텍,104540,전환사채(해외전환사채포함)발행후만기전사채취득,2024-11-11,KOSDAQ,6050.0,5690.0,5250.0,5170.0,-0.05950413223140494,-0.1322314049586777,-0.1454545454545455,
511404,20250210900806,00541437,코렌텍,104540,전환사채(해외전환사채포함)발행후만기전사채취득,2025-02-10,KOSDAQ,6510.0,6460.0,6450.0,6370.0,-0.007680491551459334,-0.009216589861751112,-0.021505376344086002,
344591,20250827900200,00541437,코렌텍,104540,전환사채(해외전환사채포함)발행후만기전사채취득,2025-08-27,KOSDAQ,5500.0,5530.0,5480.0,5520.0,0.005454545454545379,-0.0036363636363636598,0.0036363636363636598,
300550,20251127900767,00541437,코렌텍,104540,전환사채(해외전환사채포함)발행후만기전사채취득,2025-11-27,KOSDAQ,5150.0,5450.0,5710.0,5860.0,0.058252427184465994,0.10873786407766994,0.13786407766990294,
285959,20251219000364,00541437,코렌텍,104540,주요사항보고서(전환사채권발행결정),2025-12-19,KOSDAQ,6100.0,6840.0,6670.0,6540.0,0.12131147540983611,0.09344262295081962,0.0721311475409836,
281733,20251229900456,00541437,코렌텍,104540,전환사채(해외전환사채포함)발행후만기전사채취득,2025-12-29,KOSDAQ,6540.0,6700.0,6680.0,6860.0,0.024464831804281273,0.021406727828746197,0.04892966360856277,
1264894,20211029000080,01326224,원바이오젠,307280,주요사항보고서(전환사채권발행결정),2021-10-29,KOSDAQ,11209.0,11009.0,11109.0,10509.0,-0.017842804888928532,-0.008921402444464266,-0.06244981711124986,
854629,20230801900129,01326224,원바이오젠,307280,전환사채(해외전환사채포함)발행후만기전사채취득(제2회차),2023-08-01,KOSDAQ,10684.0,10233.0,10434.0,10684.0,-0.04221265443654065,-0.02339947585174096,0.0,
562601,20241101900328,01326224,원바이오젠,307280,전환사채(해외전환사채포함)발행후만기전사채취득,2024-11-01,KOSDAQ,6635.0,6795.0,6905.0,6805.0,0.024114544084400835,0.04069329314242642,0.02562170308967593,
1264688,20211029000245,01089350,켐트로스,220260,주요사항보고서(전환사채권발행결정),2021-10-29,KOSDAQ,14350.0,13300.0,13450.0,13550.0,-0.07317073170731703,-0.06271777003484325,-0.05574912891986061,
654200,20240508900307,01089350,켐트로스,220260,전환사채(해외전환사채포함)발행후만기전사채취득,2024-05-08,KOSDAQ,6850.0,6740.0,6590.0,6940.0,-0.016058394160583966,-0.03795620437956204,0.013138686131386912,
606632,20240808900372,01089350,켐트로스,220260,전환사채(해외전환사채포함)발행후만기전사채취득,2024-08-08,KOSDAQ,4920.0,5120.0,5340.0,5320.0,0.04065040650406515,0.08536585365853666,0.08130081300813008,
511473,20250210900679,01089350,켐트로스,220260,전환사채(해외전환사채포함)발행후만기전사채취득,2025-02-10,KOSDAQ,5050.0,4905.0,4820.0,4910.0,-0.02871287128712874,-0.045544554455445585,-0.027722772277227747,
1264421,20211029000471,00522007,크리스에프앤씨,110790,주요사항보고서(전환사채권발행결정),2021-10-29,KOSDAQ,42850.0,41600.0,41650.0,41850.0,-0.029171528588098017,-0.028004667444574083,-0.023337222870478458,
1074936,20220819000218,00522007,크리스에프앤씨,110790,주요사항보고서(전환사채권발행결정),2022-08-19,KOSDAQ,33000.0,32700.0,32700.0,30050.0,-0.009090909090909038,-0.009090909090909038,-0.08939393939393936,
611678,20240726000496,00522007,크리스에프앤씨,110790,주요사항보고서(전환사채권발행결정),2024-07-26,KOSDAQ,7880.0,7710.0,7610.0,7470.0,-0.021573604060913687,-0.03426395939086291,-0.05203045685279184,
594957,20240823900232,00522007,크리스에프앤씨,110790,전환사채(해외전환사채포함)발행후만기전사채취득,2024-08-23,KOSDAQ,7280.0,7340.0,7340.0,7020.0,0.008241758241758212,0.008241758241758212,-0.0357142857142857,
553104,20241119900298,00522007,크리스에프앤씨,110790,전환사채(해외전환사채포함)발행후만기전사채취득,2024-11-19,KOSDAQ,6350.0,6340.0,6340.0,6390.0,-0.0015748031496063408,-0.0015748031496063408,0.006299212598425141,
550924,20241125900247,00522007,크리스에프앤씨,110790,전환사채(해외전환사채포함)발행후만기전사채취득,2024-11-25,KOSDAQ,6450.0,6390.0,6430.0,6300.0,-0.009302325581395321,-0.0031007751937984773,-0.023255813953488413,
1264376,20211029000510,00416414,넥스턴앤롤코리아,089140,주요사항보고서(전환사채권발행결정),2021-10-29,KOSDAQ,38265.0,39265.0,40215.0,39715.0,0.02613354240167265,0.05096040768326149,0.037893636482425164,
1088416,20220722900481,00416414,넥스턴앤롤코리아,089140,전환사채(해외전환사채포함)발행후만기전사채취득,2022-07-22,KOSDAQ,13805.0,13580.0,13580.0,13280.0,-0.016298442593263296,-0.016298442593263296,-0.038029699384281024,
1049686,20221019900400,00416414,넥스턴앤롤코리아,089140,전환사채(해외전환사채포함)발행후만기전사채취득,2022-10-19,KOSDAQ,14706.0,14080.0,14255.0,13255.0,-0.042567659458724316,-0.030667754657962787,-0.09866721066231465,
1048518,20221021900425,00416414,넥스턴앤롤코리아,089140,전환사채(해외전환사채포함)발행후만기전사채취득,2022-10-21,KOSDAQ,14255.0,14180.0,13580.0,11830.0,-0.005261311820413894,-0.04735180638372505,-0.1701157488600491,
1003991,20230119900458,00416414,넥스턴앤롤코리아,089140,전환사채(해외전환사채포함)발행후만기전사채취득,2023-01-19,KOSDAQ,9529.0,9529.0,9444.0,9684.0,0.0,-0.008920138524504129,0.016266134956448797,
876667,20230613000357,00416414,넥스턴앤롤코리아,089140,주요사항보고서(전환사채권발행결정),2023-06-13,KOSDAQ,9840.0,9300.0,8780.0,8270.0,-0.054878048780487854,-0.1077235772357723,-0.15955284552845528,
858516,20230724000209,00416414,넥스턴앤롤코리아,089140,주요사항보고서(전환사채권발행결정),2023-07-24,KOSDAQ,8260.0,8160.0,7630.0,7970.0,-0.01210653753026636,-0.07627118644067798,-0.03510895883777243,
607185,20240807900521,00416414,넥스턴앤롤코리아,089140,전환사채(해외전환사채포함)발행후만기전사채취득,2024-08-07,KOSDAQ,2910.0,3120.0,3035.0,3110.0,0.07216494845360821,0.04295532646048117,0.06872852233676974,
560533,20241107900482,00416414,넥스턴앤롤코리아,089140,전환사채(해외전환사채포함)발행후만기전사채취득,2024-11-07,KOSDAQ,3865.0,3915.0,3680.0,3545.0,0.012936610608020649,-0.047865459249676556,-0.08279430789133246,
548942,20241127900703,00416414,넥스턴앤롤코리아,089140,전환사채(해외전환사채포함)발행후만기전사채취득,2024-11-27,KOSDAQ,3395.0,3370.0,3135.0,3075.0,-0.007363770250368162,-0.07658321060382911,-0.09425625920471281,
547306,20241128001445,00416414,넥스턴앤롤코리아,089140,주요사항보고서(전환사채권발행결정),2024-11-29,KOSDAQ,3135.0,3055.0,3180.0,2850.0,-0.02551834130781494,0.014354066985645897,-0.09090909090909094,
512916,20250207900181,00416414,넥스턴앤롤코리아,089140,전환사채(해외전환사채포함)발행후만기전사채취득,2025-02-07,KOSDAQ,2535.0,2665.0,2635.0,2630.0,0.05128205128205132,0.03944773175542404,0.03747534516765283,
408938,20250428000778,00416414,넥스턴앤롤코리아,089140,주요사항보고서(전환사채권발행결정),2025-04-28,KOSDAQ,2820.0,2675.0,2815.0,2760.0,-0.0514184397163121,-0.0017730496453900457,-0.021276595744680882,
357920,20250807900331,00416414,넥스턴앤롤코리아,089140,전환사채(해외전환사채포함)발행후만기전사채취득,2025-08-07,KOSDAQ,2405.0,2385.0,2385.0,2375.0,-0.008316008316008316,-0.008316008316008316,-0.012474012474012475,
345141,20250826900312,00416414,넥스턴앤롤코리아,089140,전환사채(해외전환사채포함)발행후만기전사채취득,2025-08-26,KOSDAQ,2360.0,2380.0,2355.0,2385.0,0.008474576271186418,-0.0021186440677966045,0.010593220338983134,
313215,20251107900250,00416414,넥스턴앤롤코리아,089140,전환사채(해외전환사채포함)발행후만기전사채취득,2025-11-07,KOSDAQ,2175.0,2240.0,2225.0,2395.0,0.029885057471264354,0.02298850574712641,0.10114942528735638,
1264276,20211029000587,01237434,플리토,300080,주요사항보고서(전환사채권발행결정),2021-10-29,KOSDAQ,7204.0,7521.0,8388.0,8738.0,0.04400333148250968,0.16435313714603006,0.21293725707940037,
809198,20231103900386,01237434,플리토,300080,전환사채(해외전환사채포함)발행후만기전사채취득,2023-11-03,KOSDAQ,8005.0,8605.0,8605.0,7971.0,0.07495315427857596,0.07495315427857596,-0.0042473454091193075,
1264211,20211029000611,00660033,씨엔플러스,115530,주요사항보고서(전환사채권발행결정),2021-11-01,KOSDAQ,8000.0,8000.0,8000.0,8000.0,0.0,0.0,0.0,
1078097,20220816000660,00660033,씨엔플러스,115530,주요사항보고서(전환사채권발행결정),2022-08-16,KOSDAQ,7070.0,7100.0,7160.0,6810.0,0.004243281471004279,0.012729844413012836,-0.036775106082036824,
1059515,20220923000514,00660033,씨엔플러스,115530,주요사항보고서(전환사채권발행결정),2022-09-23,KOSDAQ,6300.0,6280.0,6040.0,5640.0,-0.0031746031746031633,-0.041269841269841234,-0.10476190476190472,
99508,20260311902563,00660033,씨엔플러스,115530,전환사채(해외전환사채포함)발행후만기전사채취득              (제7회차),2026-03-11,KOSDAQ,2710.0,2840.0,3140.0,2880.0,0.047970479704797064,0.15867158671586723,0.0627306273062731,
1263400,20211102000288,00809429,뉴온,123840,주요사항보고서(전환사채권발행결정),2021-11-02,KOSDAQ,89729.0,87351.0,84864.0,80108.0,-0.02650202275741398,-0.054218814430117335,-0.10722285994494529,
1042815,20221104900425,00809429,뉴온,123840,전환사채(해외전환사채포함)발행후만기전사채취득,2022-11-04,KOSDAQ,65081.0,67891.0,67027.0,63891.0,0.043176964090902104,0.029901200043023213,-0.01828490650112935,
997564,20230206900980,00809429,뉴온,123840,전환사채(해외전환사채포함)발행후만기전사채취득(제11회차),2023-02-06,KOSDAQ,51675.0,52324.0,68000.0,56972.0,0.012559264634736333,0.3159167876149007,0.10250604741170788,
764992,20240126000455,00809429,뉴온,123840,주요사항보고서(전환사채권발행결정),2024-01-26,KOSDAQ,60000.0,55891.0,60864.0,59459.0,-0.06848333333333334,0.014399999999999968,-0.009016666666666673,
737760,20240305000509,00809429,뉴온,123840,주요사항보고서(전환사채권발행결정),2024-03-05,KOSDAQ,59135.0,58810.0,57297.0,55675.0,-0.005495899213663669,-0.03108142386065782,-0.05851018855161916,
522222,20250115000341,00809429,뉴온,123840,주요사항보고서(전환사채권발행결정),2025-01-15,KOSDAQ,15718.0,14832.0,14983.0,15135.0,-0.05636849471942995,-0.046761674513296825,-0.03709123298129535,
522217,20250115000342,00809429,뉴온,123840,주요사항보고서(전환사채권발행결정),2025-01-15,KOSDAQ,15718.0,14832.0,14983.0,15135.0,-0.05636849471942995,-0.046761674513296825,-0.03709123298129535,
521851,20250116900331,00809429,뉴온,123840,"전환사채(해외전환사채포함)발행후만기전사채취득              (제12회차, 제13회차)",2025-01-16,KOSDAQ,14832.0,14983.0,15340.0,14702.0,0.010180690399137049,0.03425026968716294,-0.00876483279395901,
1263377,20211102000298,00378220,버킷스튜디오,066410,주요사항보고서(전환사채권발행결정),2021-11-02,KOSDAQ,6030.0,5660.0,5370.0,5550.0,-0.06135986733001664,-0.1094527363184079,-0.07960199004975121,
1118135,20220523000288,00378220,버킷스튜디오,066410,주요사항보고서(전환사채권발행결정),2022-05-23,KOSDAQ,3025.0,2900.0,2825.0,2980.0,-0.04132231404958675,-0.06611570247933884,-0.014876033057851235,
956142,20230324900964,00378220,버킷스튜디오,066410,기타주요경영사항(제12회차 사모 전환사채 발행 결정 철회),2023-03-24,KOSDAQ,1153.0,1153.0,1153.0,1153.0,0.0,0.0,0.0,
1262739,20211104000002,01204056,하이브,352820,주요사항보고서(전환사채권발행결정),2021-11-04,KOSPI,356500.0,383500.0,392500.0,389000.0,0.07573632538569419,0.10098176718092566,0.09116409537166903,
570676,20241015000082,01204056,하이브,352820,주요사항보고서(전환사채권발행결정),2024-10-15,KOSPI,184500.0,179500.0,192100.0,196000.0,-0.027100271002710064,0.041192411924119154,0.06233062330623307,
1262588,20211104000126,00231044,우리기술,032820,주요사항보고서(전환사채권발행결정),2021-11-04,KOSDAQ,2155.0,2265.0,2245.0,2105.0,0.051044083526682105,0.0417633410672853,-0.023201856148491906,
1249271,20211129001007,00231044,우리기술,032820,주요사항보고서(전환사채권발행결정),2021-11-29,KOSDAQ,1705.0,1590.0,1670.0,1715.0,-0.06744868035190621,-0.02052785923753664,0.0058651026392961825,
1035742,20221115900272,00231044,우리기술,032820,전환사채(해외전환사채포함)발행후만기전사채취득,2022-11-15,KOSDAQ,1550.0,1600.0,1545.0,1495.0,0.032258064516129004,-0.003225806451612856,-0.03548387096774197,
842927,20230816900485,00231044,우리기술,032820,전환사채(해외전환사채포함)발행후만기전사채취득,2023-08-16,KOSDAQ,1276.0,1265.0,1256.0,1294.0,-0.008620689655172376,-0.01567398119122254,0.014106583072100332,
811330,20231030900679,00231044,우리기술,032820,전환사채(해외전환사채포함)발행후만기전사채취득,2023-10-30,KOSDAQ,1290.0,1275.0,1289.0,1342.0,-0.011627906976744207,-0.0007751937984495916,0.04031007751937987,
789983,20231205000469,00231044,우리기술,032820,주요사항보고서(전환사채권발행결정),2023-12-05,KOSDAQ,1338.0,1336.0,1319.0,1318.0,-0.001494768310911776,-0.01420029895366215,-0.014947683109118093,
593246,20240827000865,00231044,우리기술,032820,주요사항보고서(전환사채권발행결정),2024-08-27,KOSDAQ,2210.0,2095.0,2070.0,2285.0,-0.05203619909502266,-0.06334841628959276,0.03393665158371051,
567331,20241023000293,00231044,우리기술,032820,주요사항보고서(전환사채권발행결정),2024-10-23,KOSDAQ,2305.0,2315.0,2245.0,2280.0,0.00433839479392617,-0.026030368763557465,-0.010845986984815648,
409009,20250428000705,00231044,우리기술,032820,주요사항보고서(전환사채권발행결정),2025-04-28,KOSDAQ,1990.0,2010.0,2010.0,1857.0,0.01005025125628145,0.01005025125628145,-0.06683417085427135,
367236,20250717000413,00231044,우리기술,032820,주요사항보고서(전환사채권발행결정),2025-07-17,KOSDAQ,3855.0,3775.0,4010.0,3800.0,-0.02075226977950717,0.04020752269779515,-0.014267185473411104,
304487,20251120000565,00231044,우리기술,032820,주요사항보고서(전환사채권발행결정),2025-11-20,KOSDAQ,3880.0,3600.0,3620.0,3855.0,-0.07216494845360821,-0.0670103092783505,-0.006443298969072142,
281632,20251229900590,00231044,우리기술,032820,전환사채(해외전환사채포함)발행후만기전사채취득,2025-12-29,KOSDAQ,3700.0,3640.0,3735.0,4035.0,-0.01621621621621616,0.009459459459459474,0.09054054054054061,
266148,20260129900979,00231044,우리기술,032820,전환사채(해외전환사채포함)발행후만기전사채취득,2026-01-29,KOSDAQ,9010.0,9030.0,8770.0,9350.0,0.002219755826859071,-0.02663706992230852,0.037735849056603765,
102724,20260310900819,00231044,우리기술,032820,전환사채(해외전환사채포함)발행후만기전사채취득,2026-03-10,KOSDAQ,20650.0,22700.0,21900.0,24100.0,0.09927360774818395,0.060532687651331685,0.1670702179176755,
82195,20260325900581,00231044,우리기술,032820,전환사채(해외전환사채포함)발행후만기전사채취득,2026-03-25,KOSDAQ,25850.0,24000.0,23400.0,22050.0,-0.07156673114119927,-0.09477756286266925,-0.14700193423597674,
1262342,20211104000291,01261644,레인보우로보틱스,277810,주요사항보고서(전환사채권발행결정),2021-11-04,KOSDAQ,19150.0,19150.0,18900.0,18800.0,0.0,-0.01305483028720622,-0.018276762402088753,
1262328,20211104000327,00599595,BGF에코머티리얼즈,126600,주요사항보고서(전환사채권발행결정),2021-11-04,KOSDAQ,8734.0,11310.0,9742.0,10835.0,0.2949393176093429,0.11541103732539493,0.24055415617128473,
1262308,20211104000345,00349811,오션인더블유,052300,주요사항보고서(전환사채권발행결정),2021-11-04,KOSDAQ,13911.0,13831.0,13871.0,12504.0,-0.005750844655308729,-0.0028754223276543645,-0.10114298037524261,
1035346,20221116900344,00349811,오션인더블유,052300,전환사채(해외전환사채포함)발행후만기전사채취득,2022-11-16,KOSDAQ,4929.0,4921.0,5009.0,5033.0,-0.0016230472712517319,0.016230472712517763,0.02109961452627318,
1018904,20221216901019,00349811,오션인더블유,052300,전환사채(해외전환사채포함)발행후만기전사채취득,2022-12-16,KOSDAQ,5218.0,5114.0,4905.0,4824.0,-0.019931008049060894,-0.05998466845534689,-0.07550785741663468,
861395,20230717900377,00349811,오션인더블유,052300,전환사채(해외전환사채포함)발행후만기전사채취득,2023-07-17,KOSDAQ,2935.0,2822.0,2766.0,2645.0,-0.038500851788756396,-0.05758091993185688,-0.09880749574105618,
723872,20240318900982,00349811,오션인더블유,052300,전환사채(해외전환사채포함)발행후만기전사채취득,2024-03-18,KOSDAQ,3747.0,3980.0,3883.0,3916.0,0.06218307979717097,0.03629570322925013,0.04510274886575938,
1261685,20211105000452,00125974,삼부토건,001470,주요사항보고서(전환사채권발행결정),2021-11-05,KOSPI,2010.0,2000.0,1970.0,1855.0,-0.00497512437810943,-0.01990049751243783,-0.07711442786069655,
1260902,20211109000176,00331016,에프앤가이드,064850,주요사항보고서(전환사채권발행결정),2021-11-09,KOSDAQ,10400.0,9850.0,9900.0,10750.0,-0.05288461538461542,-0.04807692307692313,0.033653846153846256,
1260737,20211109000321,00479705,케스피온,079190,주요사항보고서(전환사채권발행결정),2021-11-09,KOSDAQ,3400.0,3380.0,3420.0,3640.0,-0.00588235294117645,0.00588235294117645,0.07058823529411762,
804702,20231113900473,00479705,케스피온,079190,[첨부추가]전환사채(해외전환사채포함)발행후만기전사채취득(제10회차),2023-11-13,KOSDAQ,1830.0,1800.0,1854.0,1924.0,-0.016393442622950838,0.013114754098360715,0.051366120218579336,
782457,20231218900315,00479705,케스피온,079190,전환사채(해외전환사채포함)발행후만기전사채취득(제10회차),2023-12-18,KOSDAQ,1860.0,1858.0,1860.0,1846.0,-0.0010752688172043223,0.0,-0.007526881720430145,
759807,20240206900510,00479705,케스피온,079190,전환사채(해외전환사채포함)발행후만기전사채취득,2024-02-06,KOSDAQ,1614.0,1574.0,1590.0,1686.0,-0.024783147459727428,-0.014869888475836479,0.044609665427509215,
755695,20240213900925,00479705,케스피온,079190,전환사채(해외전환사채포함)발행후만기전사채취득,2024-02-13,KOSDAQ,1638.0,1644.0,1686.0,1690.0,0.00366300366300365,0.0293040293040292,0.031746031746031855,
663802,20240419900566,00479705,케스피온,079190,전환사채(해외전환사채포함)발행후만기전사채취득              (제10회차),2024-04-19,KOSDAQ,1534.0,1494.0,1470.0,1440.0,-0.026075619295958252,-0.041720990873533204,-0.06127770534550192,
604937,20240812900332,00479705,케스피온,079190,전환사채(해외전환사채포함)발행후만기전사채취득              (제10회차),2024-08-12,KOSDAQ,1206.0,1192.0,1192.0,1740.0,-0.011608623548922004,-0.011608623548922004,0.4427860696517414,
270980,20260120000386,00479705,케스피온,079190,주요사항보고서(전환사채권발행결정),2026-01-20,KOSDAQ,1108.0,1054.0,1054.0,1036.0,-0.04873646209386284,-0.04873646209386284,-0.06498194945848379,
1260668,20211109000339,00299464,초록뱀미디어,047820,주요사항보고서(전환사채권발행결정),2021-11-10,KOSDAQ,49125.0,49275.0,46875.0,55050.0,0.003053435114503733,-0.04580152671755722,0.12061068702290068,
1022545,20221212900476,00299464,초록뱀미디어,047820,전환사채(해외전환사채포함)발행후만기전사채취득,2022-12-12,KOSDAQ,18300.0,17550.0,17850.0,17250.0,-0.040983606557377095,-0.024590163934426257,-0.05737704918032782,
1010198,20230104900316,00299464,초록뱀미디어,047820,전환사채(해외전환사채포함)발행후만기전사채취득,2023-01-04,KOSDAQ,15750.0,15900.0,15900.0,16500.0,0.00952380952380949,0.00952380952380949,0.04761904761904767,
957924,20230323901262,00299464,초록뱀미디어,047820,전환사채(해외전환사채포함)발행후만기전사채취득,2023-03-23,KOSDAQ,14460.0,14400.0,14145.0,14070.0,-0.004149377593360981,-0.021784232365145262,-0.026970954356846488,
860493,20230719900205,00299464,초록뱀미디어,047820,전환사채(해외전환사채포함)발행후만기전사채취득,2023-07-19,KOSDAQ,8100.0,8100.0,8100.0,8100.0,0.0,0.0,0.0,
830777,20230908900533,00299464,초록뱀미디어,047820,전환사채(해외전환사채포함)발행후만기전사채취득(제10회차),2023-09-08,KOSDAQ,8100.0,8100.0,8100.0,8100.0,0.0,0.0,0.0,
823880,20230926900378,00299464,초록뱀미디어,047820,전환사채(해외전환사채포함)발행후만기전사채취득,2023-09-26,KOSDAQ,8100.0,8100.0,8100.0,8100.0,0.0,0.0,0.0,
463562,20250326001268,00299464,초록뱀미디어,047820,주요사항보고서(전환사채권발행결정),2025-03-26,KOSDAQ,8100.0,8100.0,8100.0,8100.0,0.0,0.0,0.0,
463560,20250326001275,00299464,초록뱀미디어,047820,주요사항보고서(전환사채권발행결정),2025-03-26,KOSDAQ,8100.0,8100.0,8100.0,8100.0,0.0,0.0,0.0,
1260667,20211109000340,00608699,탑코미디어,134580,주요사항보고서(전환사채권발행결정),2021-11-10,KOSDAQ,4510.0,5860.0,7610.0,6980.0,0.29933481152993346,0.687361419068736,0.5476718403547671,
1260666,20211109000341,00608699,탑코미디어,134580,주요사항보고서(전환사채권발행결정),2021-11-10,KOSDAQ,4510.0,5860.0,7610.0,6980.0,0.29933481152993346,0.687361419068736,0.5476718403547671,
1015635,20221223900640,00608699,탑코미디어,134580,전환사채(해외전환사채포함)발행후만기전사채취득,2022-12-23,KOSDAQ,5210.0,4980.0,4975.0,4980.0,-0.04414587332053743,-0.04510556621881001,-0.04414587332053743,
1260052,20211110000509,01399071,고바이오랩,348150,주요사항보고서(전환사채권발행결정),2021-11-10,KOSDAQ,22850.0,22450.0,22900.0,22750.0,-0.017505470459518557,0.002188183807439792,-0.004376367614879695,
1236659,20211221000406,01399071,고바이오랩,348150,주요사항보고서(전환사채권발행결정),2021-12-21,KOSDAQ,20100.0,19650.0,19700.0,20800.0,-0.02238805970149249,-0.01990049751243783,0.03482587064676612,
646490,20240520900396,01399071,고바이오랩,348150,전환사채(해외전환사채포함)발행후만기전사채취득              (제1회차),2024-05-20,KOSDAQ,7790.0,7870.0,7760.0,7700.0,0.010269576379974277,-0.0038510911424903815,-0.011553273427471145,
624031,20240628900640,01399071,고바이오랩,348150,전환사채(해외전환사채포함)발행후만기전사채취득              (제2회차),2024-06-28,KOSDAQ,6450.0,6770.0,6550.0,6460.0,0.04961240310077519,0.015503875968992276,0.0015503875968991832,
1259150,20211112000235,00808022,메지온,140410,주요사항보고서(전환사채권발행결정),2021-11-12,KOSDAQ,55076.0,58113.0,58547.0,62419.0,0.055141985619870715,0.06302200595540697,0.13332486019318757,
384489,20250610000306,00808022,메지온,140410,주요사항보고서(전환사채권발행결정),2025-06-10,KOSDAQ,41400.0,40200.0,41600.0,39950.0,-0.02898550724637683,0.004830917874396157,-0.035024154589372025,
384480,20250610000308,00808022,메지온,140410,주요사항보고서(전환사채권발행결정),2025-06-10,KOSDAQ,41400.0,40200.0,41600.0,39950.0,-0.02898550724637683,0.004830917874396157,-0.035024154589372025,
18677,20260430000109,00808022,메지온,140410,주요사항보고서(전환사채권발행결정),2026-04-30,KOSDAQ,87700.0,91200.0,86800.0,80500.0,0.039908779931584926,-0.010262257696693311,-0.08209806157354615,
1258245,20211112001078,00145437,아센디오,012170,주요사항보고서(전환사채권발행결정),2021-11-12,KOSPI,2670.0,2460.0,2335.0,1945.0,-0.0786516853932584,-0.12546816479400746,-0.27153558052434457,
1258195,20211112001095,00145437,아센디오,012170,주요사항보고서(전환사채권발행결정),2021-11-12,KOSPI,2670.0,2460.0,2335.0,1945.0,-0.0786516853932584,-0.12546816479400746,-0.27153558052434457,
798235,20231122000385,00145437,아센디오,012170,주요사항보고서(전환사채권발행결정),2023-11-23,KOSPI,1255.0,1304.0,1420.0,1554.0,0.03904382470119527,0.13147410358565748,0.23824701195219133,
798234,20231122000386,00145437,아센디오,012170,주요사항보고서(전환사채권발행결정),2023-11-23,KOSPI,1255.0,1304.0,1420.0,1554.0,0.03904382470119527,0.13147410358565748,0.23824701195219133,
798233,20231122000388,00145437,아센디오,012170,주요사항보고서(전환사채권발행결정),2023-11-23,KOSPI,1255.0,1304.0,1420.0,1554.0,0.03904382470119527,0.13147410358565748,0.23824701195219133,
1257558,20211115900526,00475718,이엠앤아이,083470,전환사채(해외전환사채포함)발행후만기전사채취득(제12회차),2021-11-15,KOSDAQ,8000.0,8000.0,8000.0,8000.0,0.0,0.0,0.0,
953099,20230328000662,00475718,이엠앤아이,083470,주요사항보고서(전환사채권발행결정),2023-03-28,KOSDAQ,4435.0,4670.0,4830.0,4775.0,0.0529875986471251,0.08906426155580616,0.07666290868094694,
370857,20250709900141,00475718,이엠앤아이,083470,전환사채(해외전환사채포함)발행후만기전사채취득              (제13회차),2025-07-09,KOSDAQ,1010.0,989.0,988.0,956.0,-0.02079207920792081,-0.0217821782178218,-0.05346534653465351,
281677,20251229000465,00475718,이엠앤아이,083470,주요사항보고서(전환사채권발행결정),2025-12-29,KOSDAQ,815.0,798.0,802.0,767.0,-0.020858895705521463,-0.015950920245398792,-0.058895705521472386,
1255089,20211116000213,01137295,프리시젼바이오,335810,주요사항보고서(전환사채권발행결정),2021-11-16,KOSDAQ,11300.0,11100.0,10800.0,11150.0,-0.017699115044247815,-0.04424778761061943,-0.013274336283185861,
804782,20231113000768,01137295,프리시젼바이오,335810,주요사항보고서(전환사채권발행결정),2023-11-13,KOSDAQ,5050.0,5090.0,5080.0,5150.0,0.007920792079207928,0.005940594059405946,0.01980198019801982,
804765,20231113900978,01137295,프리시젼바이오,335810,전환사채(해외전환사채포함)발행후만기전사채취득(제1회차),2023-11-13,KOSDAQ,5050.0,5090.0,5080.0,5150.0,0.007920792079207928,0.005940594059405946,0.01980198019801982,
759583,20240206000462,01137295,프리시젼바이오,335810,주요사항보고서(전환사채권발행결정),2024-02-06,KOSDAQ,4785.0,4790.0,4845.0,4885.0,0.0010449320794148065,0.012539184952978122,0.020898641588296796,
750782,20240219900779,01137295,프리시젼바이오,335810,전환사채(해외전환사채포함)발행후만기전사채취득              (제1회차),2024-02-19,KOSDAQ,5370.0,5240.0,5290.0,5220.0,-0.02420856610800748,-0.014897579143389184,-0.027932960893854775,
306059,20251117900502,01137295,프리시젼바이오,335810,전환사채(해외전환사채포함)발행후만기전사채취득,2025-11-17,KOSDAQ,2835.0,2740.0,3005.0,2970.0,-0.0335097001763669,0.059964726631393406,0.04761904761904767,
249988,20260219900631,01137295,프리시젼바이오,335810,전환사채(해외전환사채포함)발행후만기전사채취득,2026-02-19,KOSDAQ,2650.0,2700.0,2680.0,2610.0,0.018867924528301883,0.01132075471698113,-0.015094339622641506,
13732,20260508900921,01137295,프리시젼바이오,335810,전환사채(해외전환사채포함)발행후만기전사채취득,2026-05-08,KOSDAQ,2175.0,2050.0,1985.0,2100.0,-0.05747126436781613,-0.08735632183908049,-0.03448275862068961,
6895,20260515902645,01137295,프리시젼바이오,335810,전환사채(해외전환사채포함)발행후만기전사채취득,2026-05-15,KOSDAQ,2100.0,2030.0,2000.0,2110.0,-0.033333333333333326,-0.04761904761904767,0.004761904761904745,
1254894,20211117000010,00480367,SK오션플랜트,100090,주요사항보고서(전환사채권발행결정),2021-11-17,KOSPI,23600.0,23300.0,22800.0,20150.0,-0.012711864406779627,-0.03389830508474578,-0.14618644067796616,
1254895,20211117000011,00480367,SK오션플랜트,100090,주요사항보고서(전환사채권발행결정),2021-11-17,KOSPI,23600.0,23300.0,22800.0,20150.0,-0.012711864406779627,-0.03389830508474578,-0.14618644067796616,
1254246,20211118000236,00243979,수성웹툰,084180,주요사항보고서(전환사채권발행결정),2021-11-18,KOSDAQ,17200.0,17950.0,17000.0,17150.0,0.043604651162790775,-0.011627906976744207,-0.0029069767441860517,
1246887,20211130001988,00243979,수성웹툰,084180,주요사항보고서(전환사채권발행결정),2021-11-30,KOSDAQ,17150.0,17150.0,17400.0,18600.0,0.0,0.014577259475218707,0.08454810495626819,
1196017,20220304901038,00243979,수성웹툰,084180,전환사채(해외전환사채포함)발행후만기전사채취득,2022-03-04,KOSDAQ,15650.0,15450.0,14600.0,14200.0,-0.012779552715655007,-0.06709265175718848,-0.09265175718849838,
1181990,20220318900853,00243979,수성웹툰,084180,전환사채(해외전환사채포함)발행후만기전사채취득(제11회차),2022-03-18,KOSDAQ,13850.0,14000.0,13850.0,14050.0,0.010830324909747224,0.0,0.014440433212996373,
1074075,20220822900460,00243979,수성웹툰,084180,전환사채(해외전환사채포함)발행후만기전사채취득(제17회차),2022-08-22,KOSDAQ,13250.0,13450.0,13950.0,13600.0,0.015094339622641506,0.05283018867924527,0.026415094339622636,
1061445,20220919000309,00243979,수성웹툰,084180,주요사항보고서(전환사채권발행결정),2022-09-19,KOSDAQ,15150.0,14750.0,14050.0,14350.0,-0.02640264026402639,-0.0726072607260726,-0.05280528052805278,
1022394,20221212900651,00243979,수성웹툰,084180,전환사채(해외전환사채포함)발행후만기전사채취득(제18회차),2022-12-12,KOSDAQ,15950.0,15400.0,15850.0,15550.0,-0.03448275862068961,-0.006269592476489061,-0.025078369905956133,
880531,20230601000453,00243979,수성웹툰,084180,주요사항보고서(전환사채권발행결정),2023-06-02,KOSDAQ,12760.0,11680.0,11840.0,11150.0,-0.08463949843260188,-0.07210031347962387,-0.12617554858934166,
880530,20230601000455,00243979,수성웹툰,084180,주요사항보고서(전환사채권발행결정),2023-06-02,KOSDAQ,12760.0,11680.0,11840.0,11150.0,-0.08463949843260188,-0.07210031347962387,-0.12617554858934166,
880529,20230601000456,00243979,수성웹툰,084180,주요사항보고서(전환사채권발행결정),2023-06-02,KOSDAQ,12760.0,11680.0,11840.0,11150.0,-0.08463949843260188,-0.07210031347962387,-0.12617554858934166,
880427,20230602000001,00243979,수성웹툰,084180,주요사항보고서(전환사채권발행결정),2023-06-02,KOSDAQ,12760.0,11680.0,11840.0,11150.0,-0.08463949843260188,-0.07210031347962387,-0.12617554858934166,
870028,20230628900486,00243979,수성웹툰,084180,전환사채(해외전환사채포함)발행후만기전사채취득(제19회차),2023-06-28,KOSDAQ,9720.0,9880.0,10400.0,10070.0,0.016460905349794164,0.06995884773662553,0.03600823045267498,
626808,20240625900564,00243979,수성웹툰,084180,전환사채(해외전환사채포함)발행후만기전사채취득              (제21회차),2024-06-25,KOSDAQ,6470.0,6480.0,6350.0,6050.0,0.0015455950540959051,-0.018547140649149974,-0.06491499227202469,
624053,20240628900648,00243979,수성웹툰,084180,전환사채(해외전환사채포함)발행후만기전사채취득              (제21회차),2024-06-28,KOSDAQ,6300.0,6180.0,6050.0,6060.0,-0.01904761904761909,-0.03968253968253965,-0.03809523809523807,
611163,20240729900613,00243979,수성웹툰,084180,전환사채(해외전환사채포함)발행후만기전사채취득              (제25회차),2024-07-29,KOSDAQ,5580.0,5620.0,5740.0,5090.0,0.007168458781362075,0.028673835125448077,-0.08781362007168458,
565341,20241028900601,00243979,수성웹툰,084180,전환사채(해외전환사채포함)발행후만기전사채취득              (제25회차),2024-10-28,KOSDAQ,6130.0,6090.0,6180.0,5830.0,-0.006525285481239762,0.00815660685154973,-0.04893964110929849,
544430,20241202900631,00243979,수성웹툰,084180,전환사채(해외전환사채포함)발행후만기전사채취득              (제22회차),2024-12-02,KOSDAQ,5080.0,5080.0,5080.0,5080.0,0.0,0.0,0.0,
532055,20241223900450,00243979,수성웹툰,084180,전환사채(해외전환사채포함)발행후만기전사채취득              (제21회차),2024-12-23,KOSDAQ,5080.0,5490.0,5390.0,5840.0,0.08070866141732291,0.061023622047243986,0.14960629921259838,
527955,20241231900468,00243979,수성웹툰,084180,전환사채(해외전환사채포함)발행후만기전사채취득              (제22회차),2024-12-31,KOSDAQ,5840.0,5840.0,5890.0,6040.0,0.0,0.008561643835616417,0.03424657534246567,
519471,20250122900660,00243979,수성웹툰,084180,전환사채(해외전환사채포함)발행후만기전사채취득              (제19회차),2025-01-22,KOSDAQ,5830.0,5700.0,5610.0,5600.0,-0.022298456260720356,-0.037735849056603765,-0.03945111492281306,
361040,20250731900595,00243979,수성웹툰,084180,전환사채(해외전환사채포함)발행후만기전사채취득              (제23회차),2025-07-31,KOSDAQ,4900.0,4780.0,4880.0,4995.0,-0.024489795918367308,-0.004081632653061273,0.019387755102040716,
291578,20251212900647,00243979,수성웹툰,084180,전환사채(해외전환사채포함)발행후만기전사채취득              (제21회차),2025-12-12,KOSDAQ,3410.0,3350.0,3355.0,3375.0,-0.017595307917888547,-0.016129032258064502,-0.01026392961876832,
31642,20260413900744,00243979,수성웹툰,084180,전환사채(해외전환사채포함)발행후만기전사채취득,2026-04-13,KOSDAQ,1166.0,1199.0,1193.0,1159.0,0.028301886792452935,0.023156089193824947,-0.006003430531732468,
2173,20260526900896,00243979,수성웹툰,084180,전환사채(해외전환사채포함)발행후만기전사채취득              (제24회차),2026-05-26,KOSDAQ,938.0,912.0,871.0,685.0,-0.02771855010660984,-0.0714285714285714,-0.26972281449893387,
1254153,20211118000259,00151605,THE CUBE&,013720,주요사항보고서(전환사채권발행결정),2021-11-19,KOSDAQ,11310.0,11660.0,12100.0,10840.0,0.030946065428824054,0.06984969053934575,-0.04155614500442084,
1254113,20211119000001,00151605,THE CUBE&,013720,주요사항보고서(전환사채권발행결정),2021-11-19,KOSDAQ,11310.0,11660.0,12100.0,10840.0,0.030946065428824054,0.06984969053934575,-0.04155614500442084,
1068970,20220830001586,00151605,THE CUBE&,013720,주요사항보고서(전환사채권발행결정),2022-08-31,KOSDAQ,5680.0,5190.0,4550.0,3710.0,-0.08626760563380287,-0.198943661971831,-0.346830985915493,
904667,20230424000549,00151605,THE CUBE&,013720,주요사항보고서(전환사채권발행결정),2023-04-25,KOSDAQ,2670.0,2640.0,2620.0,2800.0,-0.011235955056179803,-0.01872659176029967,0.04868913857677892,
841278,20230821000416,00151605,THE CUBE&,013720,주요사항보고서(전환사채권발행결정),2023-08-21,KOSDAQ,1358.0,1321.0,1328.0,1404.0,-0.02724594992636231,-0.022091310751104598,0.03387334315169377,
840334,20230823900170,00151605,THE CUBE&,013720,전환사채(해외전환사채포함)발행후만기전사채취득(제9회차),2023-08-23,KOSDAQ,1328.0,1361.0,1354.0,1414.0,0.02484939759036142,0.01957831325301207,0.06475903614457823,
658684,20240429900438,00151605,THE CUBE&,013720,전환사채(해외전환사채포함)발행후만기전사채취득              (제12회차),2024-04-29,KOSDAQ,1360.0,1474.0,1787.0,1525.0,0.08382352941176463,0.3139705882352941,0.12132352941176472,
646924,20240517900423,00151605,THE CUBE&,013720,전환사채(해외전환사채포함)발행후만기전사채취득              (제11회차),2024-05-17,KOSDAQ,1578.0,1540.0,1464.0,1410.0,-0.02408111533586821,-0.07224334600760451,-0.10646387832699622,
536194,20241216901081,00151605,THE CUBE&,013720,전환사채(해외전환사채포함)발행후만기전사채취득              (제11회차),2024-12-16,KOSDAQ,912.0,878.0,885.0,815.0,-0.037280701754385914,-0.02960526315789469,-0.10635964912280704,
533771,20241219900355,00151605,THE CUBE&,013720,전환사채(해외전환사채포함)발행후만기전사채취득              (제9회차),2024-12-19,KOSDAQ,868.0,824.0,815.0,810.0,-0.05069124423963134,-0.06105990783410142,-0.06682027649769584,
482204,20250312000656,00151605,THE CUBE&,013720,주요사항보고서(전환사채권발행결정),2025-03-12,KOSDAQ,732.0,753.0,766.0,719.0,0.028688524590164022,0.04644808743169393,-0.01775956284153002,
477682,20250314901424,00151605,THE CUBE&,013720,전환사채(해외전환사채포함)발행후만기전사채취득,2025-03-14,KOSDAQ,766.0,746.0,717.0,727.0,-0.026109660574412552,-0.06396866840731075,-0.050913838120104415,
414579,20250417000130,00151605,THE CUBE&,013720,주요사항보고서(전환사채권발행결정),2025-04-17,KOSDAQ,1330.0,1500.0,1741.0,1800.0,0.1278195488721805,0.3090225563909774,0.35338345864661647,
321159,20251021900287,00151605,THE CUBE&,013720,전환사채(해외전환사채포함)발행후만기전사채취득              (제11회차),2025-10-21,KOSDAQ,990.0,955.0,966.0,872.0,-0.03535353535353536,-0.024242424242424288,-0.11919191919191918,
317541,20251029900499,00151605,THE CUBE&,013720,전환사채(해외전환사채포함)발행후만기전사채취득              (제11회차),2025-10-29,KOSDAQ,844.0,829.0,818.0,864.0,-0.017772511848341277,-0.03080568720379151,0.023696682464454888,
83774,20260324900596,00151605,THE CUBE&,013720,전환사채(해외전환사채포함)발행후만기전사채취득              (제14회차),2026-03-24,KOSDAQ,905.0,892.0,863.0,872.0,-0.01436464088397793,-0.04640883977900556,-0.03646408839779003,
116647,20260617900253,00151605,THE CUBE&,013720,전환사채(해외전환사채포함)발행후만기전사채취득              (제13회차),2026-06-17,KOSDAQ,531.0,550.0,573.0,520.0,0.03578154425612046,0.07909604519774005,-0.020715630885122405,
1253916,20211119000195,01021666,덕산테코피아,317330,주요사항보고서(전환사채권발행결정),2021-11-19,KOSDAQ,35350.0,34300.0,31700.0,31100.0,-0.02970297029702973,-0.10325318246110327,-0.12022630834512027,
676302,20240409900732,01021666,덕산테코피아,317330,전환사채(해외전환사채포함)발행후만기전사채취득,2024-04-09,KOSDAQ,40050.0,40700.0,40100.0,38100.0,0.01622971285892638,0.0012484394506866447,-0.048689138576779034,
1253238,20211122000208,00605124,알파칩스,117670,주요사항보고서(전환사채권발행결정),2021-11-22,KOSDAQ,67763.0,64586.0,64998.0,59480.0,-0.04688399273940058,-0.040803978572377275,-0.12223484792585926,
1196538,20220304900470,00605124,알파칩스,117670,전환사채(해외전환사채포함)발행후만기전사채취득(제4회차),2022-03-04,KOSDAQ,61324.0,58462.0,57334.0,54266.0,-0.04667014545691739,-0.06506424890744245,-0.11509360120018264,
1148432,20220407900395,00605124,알파칩스,117670,전환사채(해외전환사채포함)발행후만기전사채취득(제9회차),2022-04-07,KOSDAQ,59177.0,58146.0,64695.0,62342.0,-0.017422309343156916,0.09324568666880717,0.05348361694577286,
1108813,20220607900390,00605124,알파칩스,117670,전환사채(해외전환사채포함)발행후만기전사채취득(제4회차),2022-06-07,KOSDAQ,61117.0,63470.0,62439.0,61530.0,0.03849992637073152,0.0216306428653239,0.00675753063795681,
1089177,20220721900457,00605124,알파칩스,117670,전환사채(해외전환사채포함)발행후만기전사채취득,2022-07-21,KOSDAQ,48542.0,49670.0,49561.0,48748.0,0.023237608668781773,0.02099213052614224,0.004243747682419308,
1084439,20220802900285,00605124,알파칩스,117670,전환사채(해외전환사채포함)발행후만기전사채취득,2022-08-02,KOSDAQ,47524.0,47220.0,49670.0,48651.0,-0.006396767948825821,0.045156131638750985,0.023714333810285426,
1074853,20220819900343,00605124,알파칩스,117670,전환사채(해외전환사채포함)발행후만기전사채취득(제10회차),2022-08-19,KOSDAQ,30765.0,29528.0,29431.0,30049.0,-0.04020802860393302,-0.043360962132293235,-0.023273200065008992,
1042311,20221107900306,00605124,알파칩스,117670,전환사채(해외전환사채포함)발행후만기전사채취득(제11회차),2022-11-07,KOSDAQ,20542.0,21148.0,21464.0,22482.0,0.02950053548826803,0.04488365300360231,0.09444065816376201,
1024537,20221207900441,00605124,알파칩스,117670,전환사채(해외전환사채포함)발행후만기전사채취득(제9회차),2022-12-07,KOSDAQ,21148.0,22482.0,23198.0,25235.0,0.0630792509930016,0.09693588046150947,0.19325704558350676,
1018151,20221219900463,00605124,알파칩스,117670,전환사채(해외전환사채포함)발행후만기전사채취득(제9회차),2022-12-19,KOSDAQ,25550.0,24835.0,24932.0,25441.0,-0.02798434442270059,-0.024187866927593005,-0.004266144814090045,
1013458,20221228900555,00605124,알파칩스,117670,전환사채(해외전환사채포함)발행후만기전사채취득(제11회차),2022-12-28,KOSDAQ,24119.0,23913.0,24629.0,24010.0,-0.008540984286247388,0.021145155271777405,-0.0045192586757327735,
968583,20230315901027,00605124,알파칩스,117670,전환사채(해외전환사채포함)발행후만기전사채취득,2023-03-15,KOSDAQ,21912.0,22276.0,23295.0,22894.0,0.016611902154070934,0.06311610076670315,0.04481562614092738,
880222,20230602900248,00605124,알파칩스,117670,"전환사채(해외전환사채포함)발행후만기전사채취득(제9회차, 제12회차)",2023-06-02,KOSDAQ,19317.0,19317.0,19317.0,19317.0,0.0,0.0,0.0,
863860,20230711900117,00605124,알파칩스,117670,전환사채(해외전환사채포함)발행후만기전사채취득(제9회차),2023-07-11,KOSDAQ,19317.0,19317.0,19317.0,19317.0,0.0,0.0,0.0,
857493,20230726900265,00605124,알파칩스,117670,전환사채(해외전환사채포함)발행후만기전사채취득(제11회차),2023-07-26,KOSDAQ,19317.0,19317.0,19317.0,19317.0,0.0,0.0,0.0,
855185,20230731900231,00605124,알파칩스,117670,전환사채(해외전환사채포함)발행후만기전사채취득(제9회차),2023-07-31,KOSDAQ,19317.0,19317.0,19317.0,19317.0,0.0,0.0,0.0,
762853,20240131900597,00605124,알파칩스,117670,전환사채(해외전환사채포함)발행후만기전사채취득,2024-01-31,KOSDAQ,19317.0,19317.0,19317.0,19317.0,0.0,0.0,0.0,
1253177,20211122000250,00373447,서린바이오,038070,주요사항보고서(전환사채권발행결정),2021-11-22,KOSDAQ,18195.0,18240.0,18958.0,21116.0,0.002473206924979321,0.041934597416872776,0.16053860950810672,
797314,20231124900308,00373447,서린바이오,038070,전환사채(해외전환사채포함)발행후만기전사채취득,2023-11-24,KOSDAQ,8415.0,8388.0,8368.0,8462.0,-0.0032085561497325887,-0.005585264408793811,0.005585264408793922,
746222,20240226900823,00373447,서린바이오,038070,전환사채(해외전환사채포함)발행후만기전사채취득,2024-02-26,KOSDAQ,9310.0,9531.0,9454.0,9320.0,0.023737916219119137,0.01546723952738982,0.0010741138560688146,
613270,20240724900485,00373447,서린바이오,038070,전환사채(해외전환사채포함)발행후만기전사채취득,2024-07-24,KOSDAQ,7862.0,7738.0,7738.0,7920.0,-0.015772068176036602,-0.015772068176036602,0.007377257695242889,
594174,20240826900316,00373447,서린바이오,038070,전환사채(해외전환사채포함)발행후만기전사채취득,2024-08-26,KOSDAQ,7824.0,7814.0,7814.0,7498.0,-0.001278118609406964,-0.001278118609406964,-0.04166666666666663,
550798,20241125900394,00373447,서린바이오,038070,전환사채(해외전환사채포함)발행후만기전사채취득,2024-11-25,KOSDAQ,6203.0,6203.0,6185.0,5993.0,0.0,-0.0029018216991778534,-0.033854586490407845,
383660,20250611000515,00373447,서린바이오,038070,주요사항보고서(전환사채권발행결정),2025-06-11,KOSDAQ,8069.0,7932.0,7648.0,7785.0,-0.01697855992068409,-0.052174990705167956,-0.03519643078448387,
1252701,20211123000339,00370200,아이로보틱스,066430,주요사항보고서(전환사채권발행결정),2021-11-23,KOSDAQ,1766.0,1690.0,1675.0,1488.0,-0.04303510758776896,-0.05152887882219703,-0.1574178935447339,
1252357,20211124000162,00150536,진양제약,007370,주요사항보고서(전환사채권발행결정),2021-11-24,KOSDAQ,6720.0,6770.0,6840.0,6400.0,0.007440476190476275,0.017857142857142794,-0.04761904761904767,
796484,20231127900442,00150536,진양제약,007370,전환사채(해외전환사채포함)발행후만기전사채취득,2023-11-27,KOSDAQ,6100.0,6150.0,6180.0,6130.0,0.008196721311475308,0.013114754098360715,0.004918032786885185,
643975,20240527900664,00150536,진양제약,007370,전환사채(해외전환사채포함)발행후만기전사채취득,2024-05-27,KOSDAQ,5200.0,5140.0,5060.0,5100.0,-0.011538461538461497,-0.02692307692307694,-0.019230769230769273,
594321,20240826900171,00150536,진양제약,007370,전환사채(해외전환사채포함)발행후만기전사채취득,2024-08-26,KOSDAQ,5720.0,5770.0,5930.0,5460.0,0.00874125874125875,0.036713286713286664,-0.045454545454545414,
550210,20241126900336,00150536,진양제약,007370,전환사채(해외전환사채포함)발행후만기전사채취득,2024-11-26,KOSDAQ,5910.0,5850.0,5880.0,5820.0,-0.010152284263959421,-0.005076142131979711,-0.015228426395939132,
1252197,20211124000315,00652423,인바이오젠,101140,주요사항보고서(전환사채권발행결정),2021-11-24,KOSPI,113115.0,118000.0,112489.0,109983.0,0.04318613800114934,-0.0055341908677010165,-0.027688635459488187,
1252182,20211124000326,00797364,KC코트렐,119650,주요사항보고서(전환사채권발행결정),2021-11-24,KOSPI,10470.0,10360.0,10092.0,9034.0,-0.010506208213944657,-0.036103151862464156,-0.13715377268385864,
1176691,20220323001203,00797364,KC코트렐,119650,주요사항보고서(전환사채권발행결정),2022-03-23,KOSPI,9776.0,9666.0,9540.0,9618.0,-0.011252045826513957,-0.024140752864157067,-0.01616202945990175,
1096352,20220704000244,00797364,KC코트렐,119650,주요사항보고서(전환사채권발행결정),2022-07-04,KOSPI,6362.0,6544.0,6432.0,6622.0,0.028607356177302812,0.011002829298962569,0.04086765168186113,
1252129,20211124000413,00159731,글로본,019660,주요사항보고서(전환사채권발행결정),2021-11-24,KOSDAQ,12010.0,11559.0,11499.0,11079.0,-0.03755203996669443,-0.042547876769358894,-0.07751873438801005,
1216755,20220204900943,00159731,글로본,019660,전환사채(해외전환사채포함)발행후만기전사채취득(제4회차),2022-02-04,KOSDAQ,7776.0,7896.0,7851.0,7311.0,0.015432098765432167,0.009645061728394966,-0.05979938271604934,
1199342,20220228900839,00159731,글로본,019660,전환사채(해외전환사채포함)발행후만기전사채취득(제3회차),2022-02-28,KOSDAQ,7191.0,7266.0,7086.0,6545.0,0.010429703796412282,-0.014601585314977017,-0.08983451536643028,
1044600,20221031000499,00159731,글로본,019660,주요사항보고서(전환사채권발행결정),2022-11-01,KOSDAQ,8452.0,8046.0,8407.0,8272.0,-0.04803596781826791,-0.005324183625177503,-0.021296734500709902,
1023970,20221208900550,00159731,글로본,019660,기타주요경영사항(제5회차 전환사채권 발행결정 철회),2022-12-08,KOSDAQ,6560.0,6695.0,6470.0,5554.0,0.020579268292682862,-0.013719512195121908,-0.15335365853658534,
981063,20230228901439,00159731,글로본,019660,전환사채(해외전환사채포함)발행후만기전사채취득(제3회차),2023-02-28,KOSDAQ,4762.0,4810.0,4819.0,5134.0,0.010079798404031948,0.011969760604787938,0.07811843763124737,
885323,20230530900459,00159731,글로본,019660,전환사채(해외전환사채포함)발행후만기전사채취득(제3회차),2023-05-30,KOSDAQ,5329.0,5251.0,5275.0,5584.0,-0.014636892475135999,-0.010133233252017315,0.04785137924563698,
316445,20251030000554,00159731,글로본,019660,주요사항보고서(전환사채권발행결정),2025-10-30,KOSDAQ,3005.0,3000.0,3015.0,3055.0,-0.0016638935108153063,0.0033277870216306127,0.016638935108153063,
1252111,20211124000417,00202060,구영테크,053270,주요사항보고서(전환사채권발행결정),2021-11-24,KOSDAQ,3390.0,3390.0,3240.0,2970.0,0.0,-0.04424778761061943,-0.12389380530973448,
796427,20231127900494,00202060,구영테크,053270,전환사채(해외전환사채포함)발행후만기전사채취득,2023-11-27,KOSDAQ,2900.0,2920.0,2860.0,2855.0,0.006896551724137945,-0.01379310344827589,-0.01551724137931032,
643951,20240527900707,00202060,구영테크,053270,전환사채(해외전환사채포함)발행후만기전사채취득,2024-05-27,KOSDAQ,2725.0,2725.0,2690.0,2725.0,0.0,-0.012844036697247652,0.0,
550297,20241126900265,00202060,구영테크,053270,전환사채(해외전환사채포함)발행후만기전사채취득,2024-11-26,KOSDAQ,2110.0,2105.0,2085.0,2065.0,-0.0023696682464454666,-0.011848341232227444,-0.021327014218009532,
497374,20250226900398,00202060,구영테크,053270,전환사채(해외전환사채포함)발행후만기전사채취득,2025-02-26,KOSDAQ,2365.0,2325.0,2250.0,2300.0,-0.016913319238900604,-0.04862579281183932,-0.02748414376321351,
301791,20251126900650,00202060,구영테크,053270,전환사채(해외전환사채포함)발행후만기전사채취득,2025-11-26,KOSDAQ,2040.0,2040.0,2065.0,2100.0,0.0,0.01225490196078427,0.02941176470588225,
244155,20260226900487,00202060,구영테크,053270,전환사채(해외전환사채포함)발행후만기전사채취득,2026-02-26,KOSDAQ,2525.0,2500.0,2370.0,2270.0,-0.00990099009900991,-0.06138613861386144,-0.10099009900990097,
2548,20260526900338,00202060,구영테크,053270,전환사채(해외전환사채포함)발행후만기전사채취득,2026-05-26,KOSDAQ,2260.0,2160.0,2130.0,1946.0,-0.04424778761061943,-0.05752212389380529,-0.13893805309734508,
1252085,20211124000449,01061558,덕산네오룩스,213420,주요사항보고서(전환사채권발행결정),2021-11-24,KOSDAQ,61900.0,59800.0,57800.0,55800.0,-0.03392568659127626,-0.06623586429725359,-0.09854604200323103,
1252084,20211124000462,00173449,빌리언스,044480,주요사항보고서(전환사채권발행결정),2021-11-24,KOSDAQ,17910.0,19005.0,17720.0,16410.0,0.06113902847571184,-0.010608598548296988,-0.08375209380234505,
1247170,20211130001773,00173449,빌리언스,044480,주요사항보고서(전환사채권발행결정),2021-11-30,KOSDAQ,16075.0,16410.0,16765.0,17815.0,0.02083981337480556,0.042923794712286245,0.10824261275272162,
1009053,20230106000364,00173449,빌리언스,044480,주요사항보고서(전환사채권발행결정),2023-01-06,KOSDAQ,7335.0,7405.0,7215.0,7285.0,0.009543285616905317,-0.01635991820040905,-0.0068166325835037345,
731500,20240312901201,00173449,빌리언스,044480,전환사채(해외전환사채포함)발행후만기전사채취득              (제5회차),2024-03-12,KOSDAQ,4575.0,4335.0,4260.0,4220.0,-0.05245901639344264,-0.06885245901639347,-0.07759562841530054,
655841,20240502900677,00173449,빌리언스,044480,전환사채(해외전환사채포함)발행후만기전사채취득              (제6회차),2024-05-02,KOSDAQ,4835.0,4935.0,4970.0,4925.0,0.020682523267838704,0.02792140641158225,0.018614270941054833,
88402,20260319001210,00173449,빌리언스,044480,주요사항보고서(전환사채권발행결정),2026-03-19,KOSDAQ,1390.0,1600.0,1555.0,1525.0,0.15107913669064743,0.11870503597122295,0.09712230215827344,
1252066,20211124000465,00231372,롯데관광개발,032350,주요사항보고서(전환사채권발행결정),2021-11-24,KOSPI,17950.0,17650.0,17150.0,16100.0,-0.01671309192200554,-0.04456824512534818,-0.10306406685236769,
1252065,20211124000470,00231372,롯데관광개발,032350,주요사항보고서(전환사채권발행결정),2021-11-24,KOSPI,17950.0,17650.0,17150.0,16100.0,-0.01671309192200554,-0.04456824512534818,-0.10306406685236769,
987984,20230222003213,00231372,롯데관광개발,032350,주요사항보고서(전환사채권발행결정),2023-02-22,KOSPI,13920.0,14200.0,13990.0,14160.0,0.02011494252873569,0.005028735632183867,0.01724137931034475,
987936,20230222003223,00231372,롯데관광개발,032350,주요사항보고서(전환사채권발행결정),2023-02-23,KOSPI,14200.0,13990.0,13820.0,13840.0,-0.014788732394366177,-0.026760563380281654,-0.025352112676056304,
837975,20230828000644,00231372,롯데관광개발,032350,주요사항보고서(전환사채권발행결정),2023-08-28,KOSPI,17400.0,16710.0,17290.0,15700.0,-0.03965517241379313,-0.006321839080459801,-0.0977011494252874,
837974,20230828000646,00231372,롯데관광개발,032350,주요사항보고서(전환사채권발행결정),2023-08-28,KOSPI,17400.0,16710.0,17290.0,15700.0,-0.03965517241379313,-0.006321839080459801,-0.0977011494252874,
1252146,20211124800467,00159971,KC그린홀딩스,009440,주요사항보고서(전환사채권발행결정)(자회사의 주요경영사항),2021-11-24,KOSPI,4795.0,4715.0,4530.0,4210.0,-0.016684045881126153,-0.05526590198123049,-0.1220020855057351,
1176656,20220323801672,00159971,KC그린홀딩스,009440,주요사항보고서(전환사채권발행결정)(자회사의 주요경영사항),2022-03-23,KOSPI,4260.0,4310.0,4285.0,4270.0,0.011737089201877993,0.005868544600938996,0.0023474178403755097,
1096347,20220704800629,00159971,KC그린홀딩스,009440,주요사항보고서(전환사채권발행결정)(자회사의 주요경영사항),2022-07-04,KOSPI,5090.0,5210.0,5040.0,5000.0,0.023575638506876162,-0.00982318271119842,-0.017681728880157177,
816469,20231018000330,00159971,KC그린홀딩스,009440,주요사항보고서(전환사채권발행결정),2023-10-18,KOSPI,2900.0,2840.0,2750.0,2740.0,-0.020689655172413834,-0.051724137931034475,-0.05517241379310345,
1252205,20211124900447,00813389,베셀,177350,전환사채(해외전환사채포함)발행후만기전사채취득,2021-11-24,KOSDAQ,6998.0,6998.0,6998.0,6998.0,0.0,0.0,0.0,
1240115,20211215900967,00813389,베셀,177350,전환사채(해외전환사채포함)발행후만기전사채취득,2021-12-15,KOSDAQ,5459.0,5484.0,5514.0,5159.0,0.0045795933321119975,0.010075105330646705,-0.0549551199853453,
1114828,20220530900555,00813389,베셀,177350,전환사채(해외전환사채포함)발행후만기전사채취득,2022-05-30,KOSDAQ,13027.0,13206.0,13401.0,12003.0,0.013740692408075628,0.028709603131956696,-0.07860597221156063,
1013041,20221228000716,00813389,베셀,177350,주요사항보고서(전환사채권발행결정),2022-12-29,KOSDAQ,10924.0,10174.0,11343.0,11868.0,-0.0686561699011351,0.03835591358476753,0.08641523251556205,
866970,20230703000399,00813389,베셀,177350,주요사항보고서(전환사채권발행결정),2023-07-04,KOSDAQ,8131.0,8476.0,7832.0,8072.0,0.04243020538679132,-0.03677284466855246,-0.007256180051654182,
866969,20230703000401,00813389,베셀,177350,주요사항보고서(전환사채권발행결정),2023-07-04,KOSDAQ,8131.0,8476.0,7832.0,8072.0,0.04243020538679132,-0.03677284466855246,-0.007256180051654182,
854898,20230731900602,00813389,베셀,177350,전환사채(해외전환사채포함)발행후만기전사채취득,2023-07-31,KOSDAQ,7087.0,7802.0,7802.0,7412.0,0.10088895160152389,0.10088895160152389,0.04585861436432914,
827952,20230915900434,00813389,베셀,177350,"기타주요경영사항(제3자배정 유상증자 결정 및 제8회, 제9회 전환사채 발행 철회의 건)",2023-09-15,KOSDAQ,5020.0,4655.0,4410.0,3796.0,-0.07270916334661359,-0.12151394422310757,-0.24382470119521915,
783255,20231215901355,00813389,베셀,177350,전환사채(해외전환사채포함)발행후만기전사채취득(제7회차),2023-12-15,KOSDAQ,6278.0,8161.0,8161.0,8067.0,0.2999362854412233,0.2999362854412233,0.2849633641287035,
600438,20240814901142,00813389,베셀,177350,전환사채(해외전환사채포함)발행후만기전사채취득              (제7회차),2024-08-14,KOSDAQ,1628.0,1608.0,1513.0,1468.0,-0.012285012285012331,-0.07063882063882065,-0.09828009828009832,
580366,20240919900308,00813389,베셀,177350,전환사채(해외전환사채포함)발행후만기전사채취득              (제7회차),2024-09-19,KOSDAQ,1608.0,1538.0,1483.0,1483.0,-0.04353233830845771,-0.07773631840796025,-0.07773631840796025,
334336,20250912000508,00813389,베셀,177350,[첨부추가]주요사항보고서(전환사채권발행결정),2025-09-12,KOSDAQ,1587.0,1665.0,1701.0,1612.0,0.04914933837429114,0.07183364839319473,0.015752993068683052,
1251565,20211125000367,00367482,빛과전자,069540,주요사항보고서(전환사채권발행결정),2021-11-25,KOSDAQ,4580.0,4995.0,4675.0,4670.0,0.0906113537117903,0.020742358078602585,0.01965065502183405,
1251564,20211125000374,00367482,빛과전자,069540,주요사항보고서(전환사채권발행결정),2021-11-25,KOSDAQ,4580.0,4995.0,4675.0,4670.0,0.0906113537117903,0.020742358078602585,0.01965065502183405,
1249592,20211129000740,00367482,빛과전자,069540,주요사항보고서(전환사채권발행결정),2021-11-29,KOSDAQ,4675.0,4500.0,4650.0,4625.0,-0.03743315508021394,-0.005347593582887722,-0.010695187165775444,
954494,20230327900748,00367482,빛과전자,069540,전환사채(해외전환사채포함)발행후만기전사채취득,2023-03-27,KOSDAQ,2440.0,2490.0,2530.0,2775.0,0.020491803278688492,0.03688524590163933,0.13729508196721318,
950381,20230329902582,00367482,빛과전자,069540,전환사채(해외전환사채포함)발행후만기전사채취득,2023-03-29,KOSDAQ,2530.0,2525.0,2560.0,2920.0,-0.0019762845849802257,0.011857707509881354,0.1541501976284585,
907604,20230418900268,00367482,빛과전자,069540,전환사채(해외전환사채포함)발행후만기전사채취득,2023-04-18,KOSDAQ,3660.0,3785.0,3690.0,3435.0,0.03415300546448097,0.008196721311475308,-0.061475409836065587,
903368,20230426000614,00367482,빛과전자,069540,주요사항보고서(전환사채권발행결정),2023-04-26,KOSDAQ,3200.0,3565.0,3465.0,3320.0,0.11406249999999996,0.08281249999999996,0.03750000000000009,
903464,20230426900452,00367482,빛과전자,069540,전환사채(해외전환사채포함)발행후만기전사채취득(제6회차),2023-04-26,KOSDAQ,3200.0,3565.0,3465.0,3320.0,0.11406249999999996,0.08281249999999996,0.03750000000000009,
900736,20230428900753,00367482,빛과전자,069540,전환사채(해외전환사채포함)발행후만기전사채취득(제8회차),2023-04-28,KOSDAQ,3465.0,3280.0,3390.0,3155.0,-0.053391053391053434,-0.02164502164502169,-0.08946608946608947,
899563,20230502900491,00367482,빛과전자,069540,전환사채(해외전환사채포함)발행후만기전사채취득(제8회차),2023-05-02,KOSDAQ,3280.0,3390.0,3320.0,3095.0,0.03353658536585358,0.012195121951219523,-0.05640243902439024,
898279,20230504000292,00367482,빛과전자,069540,주요사항보고서(전환사채권발행결정),2023-05-04,KOSDAQ,3320.0,3185.0,3155.0,3235.0,-0.04066265060240959,-0.04969879518072284,-0.025602409638554202,
897059,20230509900284,00367482,빛과전자,069540,전환사채(해외전환사채포함)발행후만기전사채취득(제8회차),2023-05-09,KOSDAQ,3155.0,3095.0,3180.0,2995.0,-0.019017432646592725,0.007923930269413626,-0.05071315372424723,
887452,20230525000280,00367482,빛과전자,069540,주요사항보고서(전환사채권발행결정),2023-05-25,KOSDAQ,3380.0,3320.0,3370.0,3295.0,-0.017751479289940808,-0.00295857988165682,-0.025147928994082802,
861968,20230714900293,00367482,빛과전자,069540,전환사채(해외전환사채포함)발행후만기전사채취득(제8회차),2023-07-14,KOSDAQ,3010.0,3460.0,3445.0,3320.0,0.1495016611295681,0.14451827242524917,0.10299003322259126,
859236,20230721900314,00367482,빛과전자,069540,전환사채(해외전환사채포함)발행후만기전사채취득(제8회차),2023-07-21,KOSDAQ,3320.0,3415.0,3915.0,4590.0,0.028614457831325213,0.17921686746987953,0.3825301204819278,
807431,20231108000562,00367482,빛과전자,069540,주요사항보고서(전환사채권발행결정),2023-11-08,KOSDAQ,3610.0,3660.0,4035.0,3785.0,0.013850415512465464,0.11772853185595578,0.0484764542936289,
787560,20231211900393,00367482,빛과전자,069540,전환사채(해외전환사채포함)발행후만기전사채취득(제8회차),2023-12-11,KOSDAQ,2610.0,2385.0,2345.0,2195.0,-0.08620689655172409,-0.1015325670498084,-0.15900383141762453,
780472,20231221900526,00367482,빛과전자,069540,전환사채(해외전환사채포함)발행후만기전사채취득(제8회차),2023-12-21,KOSDAQ,1955.0,1862.0,1862.0,2085.0,-0.047570332480818434,-0.047570332480818434,0.06649616368286448,
747339,20240223900718,00367482,빛과전자,069540,전환사채(해외전환사채포함)발행후만기전사채취득              (제8회차),2024-02-23,KOSDAQ,1896.0,1935.0,1870.0,2220.0,0.020569620253164667,-0.01371308016877637,0.1708860759493671,
658438,20240429900595,00367482,빛과전자,069540,전환사채(해외전환사채포함)발행후만기전사채취득              (제8회차),2024-04-29,KOSDAQ,3780.0,3715.0,3640.0,3790.0,-0.01719576719576721,-0.03703703703703709,0.002645502645502562,
658440,20240429900597,00367482,빛과전자,069540,전환사채(해외전환사채포함)발행후만기전사채취득              (제9회차),2024-04-29,KOSDAQ,3780.0,3715.0,3640.0,3790.0,-0.01719576719576721,-0.03703703703703709,0.002645502645502562,
656974,20240430900678,00367482,빛과전자,069540,전환사채(해외전환사채포함)발행후만기전사채취득              (제11회차),2024-04-30,KOSDAQ,3715.0,3640.0,3605.0,3680.0,-0.020188425302826385,-0.02960969044414541,-0.009421265141319024,
654515,20240507900570,00367482,빛과전자,069540,전환사채(해외전환사채포함)발행후만기전사채취득              (제10회차),2024-05-07,KOSDAQ,3740.0,3790.0,3680.0,3175.0,0.013368983957219305,-0.016042780748663055,-0.1510695187165776,
654407,20240508900001,00367482,빛과전자,069540,전환사채(해외전환사채포함)발행후만기전사채취득              (제9회차),2024-05-08,KOSDAQ,3790.0,3680.0,3520.0,3820.0,-0.02902374670184693,-0.0712401055408971,0.0079155672823219,
646248,20240521900266,00367482,빛과전자,069540,전환사채(해외전환사채포함)발행후만기전사채취득              (제10회차),2024-05-21,KOSDAQ,3800.0,3880.0,3850.0,3800.0,0.021052631578947434,0.013157894736842035,0.0,
646244,20240521900277,00367482,빛과전자,069540,전환사채(해외전환사채포함)발행후만기전사채취득              (제11회차),2024-05-21,KOSDAQ,3800.0,3880.0,3850.0,3800.0,0.021052631578947434,0.013157894736842035,0.0,
646241,20240521900288,00367482,빛과전자,069540,전환사채(해외전환사채포함)발행후만기전사채취득              (제9회차),2024-05-21,KOSDAQ,3800.0,3880.0,3850.0,3800.0,0.021052631578947434,0.013157894736842035,0.0,
576561,20240927900477,00367482,빛과전자,069540,전환사채(해외전환사채포함)발행후만기전사채취득              (제6회차),2024-09-27,KOSDAQ,1365.0,1394.0,1339.0,1400.0,0.02124542124542117,-0.01904761904761909,0.02564102564102555,
576545,20240927900482,00367482,빛과전자,069540,전환사채(해외전환사채포함)발행후만기전사채취득              (제7회차),2024-09-27,KOSDAQ,1365.0,1394.0,1339.0,1400.0,0.02124542124542117,-0.01904761904761909,0.02564102564102555,
574809,20241002900423,00367482,빛과전자,069540,전환사채(해외전환사채포함)발행후만기전사채취득              (제8회차),2024-10-02,KOSDAQ,1339.0,1346.0,1380.0,1360.0,0.005227781926810948,0.030619865571321903,0.015683345780433067,
569406,20241017900323,00367482,빛과전자,069540,전환사채(해외전환사채포함)발행후만기전사채취득              (제6회차),2024-10-17,KOSDAQ,1390.0,1471.0,1412.0,1416.0,0.058273381294964066,0.015827338129496438,0.018705035971223083,
569387,20241017900370,00367482,빛과전자,069540,전환사채(해외전환사채포함)발행후만기전사채취득              (제9회차),2024-10-17,KOSDAQ,1390.0,1471.0,1412.0,1416.0,0.058273381294964066,0.015827338129496438,0.018705035971223083,
569386,20241017900374,00367482,빛과전자,069540,전환사채(해외전환사채포함)발행후만기전사채취득              (제10회차),2024-10-17,KOSDAQ,1390.0,1471.0,1412.0,1416.0,0.058273381294964066,0.015827338129496438,0.018705035971223083,
524707,20250109900505,00367482,빛과전자,069540,전환사채(해외전환사채포함)발행후만기전사채취득              (제9회차),2025-01-09,KOSDAQ,1002.0,1007.0,961.0,924.0,0.004990019960079861,-0.04091816367265466,-0.07784431137724546,
397615,20250515002946,00367482,빛과전자,069540,주요사항보고서(전환사채권발행결정),2025-05-15,KOSDAQ,903.0,871.0,849.0,841.0,-0.03543743078626804,-0.05980066445182719,-0.06866002214839428,
396293,20250520900340,00367482,빛과전자,069540,전환사채(해외전환사채포함)발행후만기전사채취득              (제12회차),2025-05-20,KOSDAQ,860.0,854.0,841.0,965.0,-0.006976744186046546,-0.02209302325581397,0.12209302325581395,
287261,20251217000542,00367482,빛과전자,069540,주요사항보고서(전환사채권발행결정),2025-12-17,KOSDAQ,690.0,673.0,682.0,656.0,-0.024637681159420333,-0.011594202898550732,-0.049275362318840554,
276709,20260107000643,00367482,빛과전자,069540,주요사항보고서(전환사채권발행결정),2026-01-07,KOSDAQ,849.0,1103.0,1433.0,1450.0,0.29917550058892806,0.6878680800942285,0.707891637220259,
86438,20260320001399,00367482,빛과전자,069540,주요사항보고서(전환사채권발행결정),2026-03-23,KOSDAQ,2845.0,2620.0,3020.0,3080.0,-0.07908611599297011,0.06151142355008776,0.08260105448154653,
6749,20260515002359,00367482,빛과전자,069540,주요사항보고서(전환사채권발행결정),2026-05-15,KOSDAQ,5290.0,5050.0,4610.0,6610.0,-0.04536862003780717,-0.1285444234404537,0.24952741020793945,
1251389,20211125000507,00107677,비비안,002070,주요사항보고서(전환사채권발행결정),2021-11-25,KOSPI,3125.0,2995.0,2885.0,3065.0,-0.04159999999999997,-0.07679999999999998,-0.019199999999999995,
292980,20251210000545,00107677,비비안,002070,주요사항보고서(전환사채권발행결정),2025-12-10,KOSPI,640.0,634.0,654.0,631.0,-0.009375000000000022,0.02187500000000009,-0.014062499999999978,
270792,20260121000332,00107677,비비안,002070,주요사항보고서(전환사채권발행결정),2026-01-21,KOSPI,565.0,564.0,557.0,562.0,-0.001769911504424737,-0.01415929203539823,-0.005309734513274322,
4745,20260520000247,00107677,비비안,002070,주요사항보고서(전환사채권발행결정),2026-05-20,KOSPI,8970.0,8900.0,9200.0,8540.0,-0.0078037904124860225,0.02564102564102555,-0.047937569676700154,
1251380,20211125000513,00956028,엑세스바이오,950130,주요사항보고서(전환사채권발행결정),2021-11-25,KOSDAQ,13089.0,14244.0,15099.0,15442.0,0.08824203529681407,0.15356406142562462,0.17976927190770886,
1022636,20221212900318,00956028,엑세스바이오,950130,전환사채(해외전환사채포함)발행후만기전사채취득(제5회차),2022-12-12,KOSDAQ,10565.0,11036.0,10993.0,11934.0,0.04458116422148595,0.040511121628016955,0.1295787979176526,
1251370,20211125000535,00660459,나노씨엠에스,247660,주요사항보고서(전환사채권발행결정),2021-11-25,KOSDAQ,76200.0,87700.0,96500.0,83600.0,0.15091863517060378,0.26640419947506566,0.09711286089238835,
793918,20231129900358,00660459,나노씨엠에스,247660,전환사채(해외전환사채포함)발행후만기전사채취득(제2회차),2023-11-29,KOSDAQ,14000.0,14010.0,14460.0,14270.0,0.0007142857142856673,0.03285714285714292,0.01928571428571435,
740052,20240229900784,00660459,나노씨엠에스,247660,전환사채(해외전환사채포함)발행후만기전사채취득,2024-02-29,KOSDAQ,9580.0,9290.0,9210.0,9500.0,-0.030271398747390377,-0.0386221294363257,-0.008350730688935326,
642708,20240529900445,00660459,나노씨엠에스,247660,전환사채(해외전환사채포함)발행후만기전사채취득              (제2회차),2024-05-29,KOSDAQ,10670.0,10700.0,10650.0,10320.0,0.00281162136832247,-0.0018744142455482393,-0.03280224929709463,
629639,20240620000250,00660459,나노씨엠에스,247660,주요사항보고서(전환사채권발행결정),2024-06-20,KOSDAQ,10070.0,9770.0,9730.0,9530.0,-0.029791459781529306,-0.03376365441906648,-0.053624627606752684,
391811,20250529900331,00660459,나노씨엠에스,247660,전환사채(해외전환사채포함)발행후만기전사채취득,2025-05-29,KOSDAQ,5510.0,5600.0,5560.0,5520.0,0.016333938294010864,0.00907441016333932,0.001814882032667775,
282943,20251224900908,00660459,나노씨엠에스,247660,전환사채(해외전환사채포함)발행후만기전사채취득,2025-12-24,KOSDAQ,5130.0,5390.0,5230.0,4995.0,0.050682261208577106,0.01949317738791434,-0.02631578947368418,
113228,20260624900831,00660459,나노씨엠에스,247660,전환사채(해외전환사채포함)발행후만기전사채취득,2026-06-24,KOSDAQ,3310.0,3050.0,2795.0,,-0.0785498489425982,-0.15558912386706947,,
1251363,20211125000536,00197759,미래산업,025560,주요사항보고서(전환사채권발행결정),2021-11-25,KOSPI,28896.0,28460.0,27694.0,28338.0,-0.015088593576965681,-0.041597452934662216,-0.01931063122923593,
887673,20230524000569,00197759,미래산업,025560,주요사항보고서(전환사채권발행결정),2023-05-25,KOSPI,55614.0,51048.0,49619.0,48521.0,-0.08210162908620133,-0.10779659797892616,-0.12753982810083797,
871157,20230626000360,00197759,미래산업,025560,주요사항보고서(전환사채권발행결정),2023-06-26,KOSPI,57915.0,57810.0,56276.0,53436.0,-0.0018130018130018133,-0.02830009496676167,-0.07733747733747731,
1251364,20211125000542,00298377,아이씨디,040910,주요사항보고서(전환사채권발행결정),2021-11-25,KOSDAQ,12700.0,12300.0,11750.0,11600.0,-0.03149606299212604,-0.07480314960629919,-0.08661417322834641,
793706,20231129900445,00298377,아이씨디,040910,전환사채(해외전환사채포함)발행후만기전사채취득,2023-11-29,KOSDAQ,8450.0,8460.0,8500.0,8180.0,0.0011834319526626835,0.00591715976331364,-0.031952662721893454,
738554,20240304900840,00298377,아이씨디,040910,전환사채(해외전환사채포함)발행후만기전사채취득,2024-03-04,KOSDAQ,7770.0,7710.0,7710.0,8040.0,-0.007722007722007707,-0.007722007722007707,0.03474903474903468,
661668,20240424000512,00298377,아이씨디,040910,주요사항보고서(전환사채권발행결정),2024-04-24,KOSDAQ,8710.0,8290.0,8740.0,8860.0,-0.048220436280137724,0.003444316877152742,0.01722158438576349,
642707,20240529900454,00298377,아이씨디,040910,전환사채(해외전환사채포함)발행후만기전사채취득,2024-05-29,KOSDAQ,8730.0,8700.0,9490.0,8670.0,-0.0034364261168384758,0.08705612829324161,-0.0068728522336769515,
590875,20240829900249,00298377,아이씨디,040910,전환사채(해외전환사채포함)발행후만기전사채취득,2024-08-29,KOSDAQ,6380.0,6460.0,6340.0,6100.0,0.012539184952978122,-0.006269592476489061,-0.043887147335423204,
406146,20250430901221,00298377,아이씨디,040910,"전환사채(해외전환사채포함)발행후만기전사채취득              (제4,5회차)",2025-04-30,KOSDAQ,4105.0,4095.0,4040.0,4075.0,-0.0024360535931789995,-0.015834348355663774,-0.0073081607795371095,
389688,20250530900611,00298377,아이씨디,040910,전환사채(해외전환사채포함)발행후만기전사채취득,2025-05-30,KOSDAQ,4110.0,4160.0,4210.0,4235.0,0.012165450121654597,0.024330900243308973,0.03041362530413627,
1251243,20211126000001,01344336,신테카바이오,226330,주요사항보고서(전환사채권발행결정),2021-11-26,KOSDAQ,9832.0,10166.0,10710.0,10041.0,0.03397070789259571,0.08930024410089499,0.021257119609438657,
858798,20230721000638,01344336,신테카바이오,226330,주요사항보고서(전환사채권발행결정),2023-07-24,KOSDAQ,12041.0,11798.0,10292.0,11053.0,-0.0201810480857072,-0.14525371646873186,-0.08205298563242258,
791938,20231130900418,01344336,신테카바이오,226330,전환사채(해외전환사채포함)발행후만기전사채취득,2023-11-30,KOSDAQ,10099.0,9915.0,9648.0,9062.0,-0.018219625705515385,-0.044657886919497014,-0.10268343400336666,
710418,20240328001055,01344336,신테카바이오,226330,주요사항보고서(전환사채권발행결정),2024-03-28,KOSDAQ,9957.0,9363.0,9279.0,8869.0,-0.059656523049111176,-0.06809279903585419,-0.10926986039971875,
544635,20241202900348,01344336,신테카바이오,226330,전환사채(해외전환사채포함)발행후만기전사채취득,2024-12-02,KOSDAQ,5397.0,5221.0,4962.0,3941.0,-0.032610709653511205,-0.0806003335186215,-0.2697795071335928,
516577,20250131900676,01344336,신테카바이오,226330,전환사채(해외전환사채포함)발행후만기전사채취득,2025-01-31,KOSDAQ,6024.0,5598.0,5941.0,6903.0,-0.07071713147410363,-0.013778220451527212,0.14591633466135456,
366079,20250721900453,01344336,신테카바이오,226330,전환사채(해외전환사채포함)발행후만기전사채취득,2025-07-21,KOSDAQ,5706.0,5673.0,5690.0,5288.0,-0.005783385909568839,-0.002804065895548491,-0.0732562215212057,
338439,20250903000365,01344336,신테카바이오,226330,주요사항보고서(전환사채권발행결정),2025-09-03,KOSDAQ,4736.0,4485.0,4694.0,4635.0,-0.052998310810810856,-0.008868243243243201,-0.021326013513513487,
318667,20251027900587,01344336,신테카바이오,226330,전환사채(해외전환사채포함)발행후만기전사채취득,2025-10-27,KOSDAQ,3288.0,3313.0,3188.0,3317.0,0.007603406326033957,-0.03041362530413627,0.008819951338199461,
318072,20251028900649,01344336,신테카바이오,226330,전환사채(해외전환사채포함)발행후만기전사채취득,2025-10-28,KOSDAQ,3313.0,3188.0,3255.0,3547.0,-0.03773015393902812,-0.017506791427709056,0.07063084817386045,
281511,20251229900750,01344336,신테카바이오,226330,전환사채(해외전환사채포함)발행후만기전사채취득,2025-12-29,KOSDAQ,3980.0,3895.0,3940.0,3700.0,-0.021356783919597944,-0.01005025125628145,-0.07035175879396982,
13668,20260508900997,01344336,신테카바이오,226330,전환사채(해외전환사채포함)발행후만기전사채취득,2026-05-08,KOSDAQ,2905.0,2760.0,2700.0,2425.0,-0.04991394148020656,-0.07056798623063687,-0.16523235800344238,
1250763,20211126000491,00144720,와이투솔루션,011690,주요사항보고서(전환사채권발행결정),2021-11-26,KOSPI,6000.0,6000.0,6000.0,6000.0,0.0,0.0,0.0,
1250743,20211126000494,00144720,와이투솔루션,011690,주요사항보고서(전환사채권발행결정),2021-11-26,KOSPI,6000.0,6000.0,6000.0,6000.0,0.0,0.0,0.0,
386159,20250604000167,00144720,와이투솔루션,011690,주요사항보고서(전환사채권발행결정),2025-06-04,KOSPI,3510.0,3195.0,3255.0,3070.0,-0.08974358974358976,-0.07264957264957261,-0.1253561253561254,
1250745,20211126000514,01199727,샘씨엔에스,252990,주요사항보고서(전환사채권발행결정),2021-11-26,KOSDAQ,6150.0,5920.0,5890.0,5930.0,-0.0373983739837398,-0.042276422764227606,-0.03577235772357723,
1250538,20211126000693,00529815,오디텍,080520,주요사항보고서(전환사채권발행결정),2021-11-26,KOSDAQ,6510.0,6180.0,5740.0,6220.0,-0.05069124423963134,-0.11827956989247312,-0.044546850998463894,
740424,20240229900609,00529815,오디텍,080520,전환사채(해외전환사채포함)발행후만기전사채취득,2024-02-29,KOSDAQ,4720.0,4835.0,4810.0,4700.0,0.02436440677966112,0.019067796610169552,-0.004237288135593209,
389562,20250530900694,00529815,오디텍,080520,전환사채(해외전환사채포함)발행후만기전사채취득,2025-05-30,KOSDAQ,3235.0,3180.0,3215.0,3290.0,-0.01700154559505407,-0.0061823802163832875,0.01700154559505407,
298472,20251128900720,00529815,오디텍,080520,전환사채(해외전환사채포함)발행후만기전사채취득,2025-11-28,KOSDAQ,3135.0,3105.0,3160.0,3205.0,-0.009569377990430672,0.00797448165869219,0.022328548644338087,
1250481,20211126000734,00104573,국일제지,078130,주요사항보고서(전환사채권발행결정),2021-11-26,KOSDAQ,21630.0,20960.0,20230.0,21980.0,-0.03097549699491442,-0.06472491909385114,0.016181229773462702,
1129572,20220421000497,00104573,국일제지,078130,주요사항보고서(전환사채권발행결정),2022-04-21,KOSDAQ,18000.0,17330.0,16520.0,17520.0,-0.03722222222222227,-0.0822222222222222,-0.026666666666666616,
1096361,20220704900620,00104573,국일제지,078130,전환사채(해외전환사채포함)발행후만기전사채취득,2022-07-04,KOSDAQ,13330.0,14050.0,13810.0,13840.0,0.054013503375843985,0.03600900225056258,0.03825956489122273,
772404,20240110900265,00104573,국일제지,078130,전환사채(해외전환사채포함)발행후만기전사채취득(제7회차),2024-01-10,KOSDAQ,4300.0,4300.0,4300.0,4300.0,0.0,0.0,0.0,
772402,20240110900275,00104573,국일제지,078130,전환사채(해외전환사채포함)발행후만기전사채취득(제8회차),2024-01-10,KOSDAQ,4300.0,4300.0,4300.0,4300.0,0.0,0.0,0.0,
1249657,20211129000667,00269889,누리플렉스,040160,주요사항보고서(전환사채권발행결정),2021-11-29,KOSDAQ,8960.0,8300.0,8830.0,8800.0,-0.0736607142857143,-0.014508928571428603,-0.017857142857142905,
791154,20231201900344,00269889,누리플렉스,040160,전환사채(해외전환사채포함)발행후만기전사채취득,2023-12-01,KOSDAQ,5880.0,6060.0,5850.0,5810.0,0.030612244897959107,-0.005102040816326481,-0.011904761904761862,
739001,20240304900245,00269889,누리플렉스,040160,전환사채(해외전환사채포함)발행후만기전사채취득,2024-03-04,KOSDAQ,4020.0,3965.0,3970.0,3910.0,-0.013681592039801016,-0.01243781094527363,-0.027363184079602032,
1249286,20211129000975,00540429,휴림로봇,090710,주요사항보고서(전환사채권발행결정),2021-11-29,KOSDAQ,1770.0,1687.0,1745.0,1875.0,-0.04689265536723164,-0.01412429378531077,0.05932203389830515,
768306,20240119000584,00540429,휴림로봇,090710,주요사항보고서(전환사채권발행결정),2024-01-19,KOSDAQ,4000.0,3900.0,3605.0,3370.0,-0.025000000000000022,-0.09875,-0.15749999999999997,
615599,20240718900071,00540429,휴림로봇,090710,증권발행결과(자율공시)              (제15회차 전환사채),2024-07-18,KOSDAQ,2390.0,2370.0,2335.0,2660.0,-0.008368200836820106,-0.023012552301255207,0.11297071129707104,
504373,20250214901418,00540429,휴림로봇,090710,전환사채(해외전환사채포함)발행후만기전사채취득              (제15회차),2025-02-14,KOSDAQ,2430.0,2445.0,2785.0,2755.0,0.006172839506172867,0.14609053497942392,0.1337448559670782,
1249192,20211129000990,01336762,스피어,347700,주요사항보고서(전환사채권발행결정),2021-11-29,KOSDAQ,7959.0,10329.0,9524.0,9479.0,0.29777610252544284,0.19663274280688525,0.19097876617665532,
790908,20231201900670,01336762,스피어,347700,전환사채(해외전환사채포함)발행후만기전사채취득(제2회차),2023-12-01,KOSDAQ,2670.0,2620.0,2560.0,2485.0,-0.01872659176029967,-0.041198501872659166,-0.06928838951310856,
780412,20231221900634,01336762,스피어,347700,전환사채(해외전환사채포함)발행후만기전사채취득(제2회차),2023-12-21,KOSDAQ,2725.0,2705.0,3345.0,2275.0,-0.007339449541284404,0.22752293577981653,-0.1651376146788991,
738713,20240304900633,01336762,스피어,347700,전환사채(해외전환사채포함)발행후만기전사채취득              (제2회차),2024-03-04,KOSDAQ,2345.0,2365.0,2355.0,2105.0,0.008528784648187626,0.004264392324093924,-0.10234541577825162,
636602,20240603900446,01336762,스피어,347700,전환사채(해외전환사채포함)발행후만기전사채취득              (제2회차),2024-06-03,KOSDAQ,1770.0,1781.0,1776.0,1799.0,0.00621468926553681,0.003389830508474523,0.01638418079096038,
614180,20240722000268,01336762,스피어,347700,주요사항보고서(전환사채권발행결정),2024-07-22,KOSDAQ,2440.0,2480.0,2690.0,2715.0,0.016393442622950838,0.10245901639344268,0.11270491803278682,
544975,20241202000003,01336762,스피어,347700,주요사항보고서(전환사채권발행결정),2024-12-02,KOSDAQ,3300.0,3510.0,3695.0,3580.0,0.06363636363636371,0.11969696969696964,0.08484848484848495,
520605,20250120900893,01336762,스피어,347700,전환사채(해외전환사채포함)발행후만기전사채취득,2025-01-20,KOSDAQ,4185.0,4375.0,5000.0,4760.0,0.045400238948626104,0.1947431302270013,0.13739545997610514,
302730,20251125900423,01336762,스피어,347700,전환사채(해외전환사채포함)발행후만기전사채취득,2025-11-25,KOSDAQ,8560.0,8650.0,8800.0,8210.0,0.010514018691588856,0.028037383177569986,-0.04088785046728971,
278716,20260102000446,01336762,스피어,347700,주요사항보고서(전환사채권발행결정),2026-01-02,KOSDAQ,19090.0,19100.0,19100.0,18750.0,0.0005238344683080598,0.0005238344683080598,-0.01781037192247248,
109085,20260303900752,01336762,스피어,347700,전환사채(해외전환사채포함)발행후만기전사채취득,2026-03-03,KOSDAQ,42950.0,35300.0,45850.0,51100.0,-0.17811408614668223,0.06752037252619325,0.189755529685681,
108170,20260304900805,01336762,스피어,347700,전환사채(해외전환사채포함)발행후만기전사채취득,2026-03-04,KOSDAQ,35300.0,45850.0,46300.0,50900.0,0.2988668555240792,0.3116147308781869,0.4419263456090652,
24173,20260422000651,01336762,스피어,347700,주요사항보고서(전환사채권발행결정),2026-04-22,KOSDAQ,44500.0,42300.0,42600.0,40600.0,-0.04943820224719098,-0.04269662921348316,-0.08764044943820226,
1249215,20211129000995,00105138,파라텍,033540,주요사항보고서(전환사채권발행결정),2021-11-29,KOSDAQ,6050.0,5787.0,5750.0,6200.0,-0.04347107438016529,-0.04958677685950408,0.024793388429751984,
1054968,20221005000446,00105138,파라텍,033540,주요사항보고서(전환사채권발행결정),2022-10-05,KOSDAQ,2750.0,2285.0,2200.0,2115.0,-0.16909090909090907,-0.19999999999999996,-0.23090909090909095,
594460,20240823000587,00105138,파라텍,033540,주요사항보고서(전환사채권발행결정),2024-08-26,KOSDAQ,2205.0,2185.0,1976.0,1810.0,-0.009070294784580546,-0.10385487528344672,-0.17913832199546487,
594459,20240823000588,00105138,파라텍,033540,주요사항보고서(전환사채권발행결정),2024-08-26,KOSDAQ,2205.0,2185.0,1976.0,1810.0,-0.009070294784580546,-0.10385487528344672,-0.17913832199546487,
407901,20250429900899,00105138,파라텍,033540,기타주요경영사항              (제3자배정 유상증자 및 제4회차 전환사채권발행결정 철회),2025-04-29,KOSDAQ,1477.0,1417.0,1447.0,1445.0,-0.04062288422478,-0.02031144211239,-0.021665538253215932,
268996,20260126000003,00105138,파라텍,033540,주요사항보고서(전환사채권발행결정),2026-01-26,KOSDAQ,1183.0,1292.0,1394.0,1546.0,0.09213863060016902,0.1783601014370244,0.3068469991546914,
254914,20260211901846,00105138,파라텍,033540,전환사채(해외전환사채포함)발행후만기전사채취득              (제3회차),2026-02-11,KOSDAQ,1600.0,1561.0,1512.0,1296.0,-0.024375000000000036,-0.05500000000000005,-0.18999999999999995,
1249279,20211129001001,00608839,에이루트,096690,주요사항보고서(전환사채권발행결정),2021-11-29,KOSDAQ,26687.0,25100.0,26207.0,28467.0,-0.05946715629332633,-0.017986285457338824,0.06669914190429793,
1005521,20230116900556,00608839,에이루트,096690,전환사채(해외전환사채포함)발행후만기전사채취득(제17회차),2023-01-16,KOSDAQ,22312.0,22359.0,22166.0,22406.0,0.0021064897812836936,-0.006543564001434188,0.004212979562567165,
5010,20260519000315,00608839,에이루트,096690,주요사항보고서(전환사채권발행결정),2026-05-20,KOSDAQ,7830.0,7400.0,6650.0,6010.0,-0.054916985951468655,-0.1507024265644955,-0.2324393358876118,
1249171,20211129001067,00113997,롯데에너지머티리얼즈,020150,주요사항보고서(전환사채권발행결정),2021-11-29,KOSPI,139500.0,128500.0,130500.0,122500.0,-0.07885304659498205,-0.06451612903225812,-0.12186379928315416,
1249158,20211129001102,01049167,롤링스톤,214610,주요사항보고서(전환사채권발행결정),2021-11-29,KOSDAQ,74112.0,82428.0,84656.0,73664.0,0.11220854922279799,0.14227115716753014,-0.006044905008635526,
1244614,20211206900440,01049167,롤링스톤,214610,증권발행결과(자율공시)(제6회 무기명식 이권부 무보증 사모 전환사채),2021-12-06,KOSDAQ,73664.0,70833.0,74996.0,72030.0,-0.03843125543006076,0.018082102519548116,-0.02218179843614243,
1050998,20221014000464,01049167,롤링스톤,214610,주요사항보고서(전환사채권발행결정),2022-10-14,KOSDAQ,43436.0,42916.0,44914.0,41656.0,-0.0119716364306105,0.03402707431623542,-0.04097983239709002,
789444,20231206900483,01049167,롤링스톤,214610,전환사채(해외전환사채포함)발행후만기전사채취득(제6회차),2023-12-06,KOSDAQ,20703.0,19902.0,19964.0,19319.0,-0.0386900449210259,-0.03569530985847458,-0.06685021494469401,
736747,20240306900931,01049167,롤링스톤,214610,전환사채(해외전환사채포함)발행후만기전사채취득              (제6회차),2024-03-06,KOSDAQ,16997.0,17393.0,18788.0,17934.0,0.02329822909925272,0.10537153615343886,0.05512737541919166,
664583,20240418900479,01049167,롤링스톤,214610,전환사채(해외전환사채포함)발행후만기전사채취득              (제7회차),2024-04-18,KOSDAQ,16716.0,16498.0,15561.0,15249.0,-0.013041397463507964,-0.06909547738693467,-0.08776022972002873,
615345,20240718900403,01049167,롤링스톤,214610,전환사채(해외전환사채포함)발행후만기전사채취득,2024-07-18,KOSDAQ,13458.0,13479.0,14884.0,14364.0,0.0015604101649575597,0.10595928072521921,0.06732055283102989,
542576,20241206900317,01049167,롤링스톤,214610,전환사채(해외전환사채포함)발행후만기전사채취득              (제6회차),2024-12-06,KOSDAQ,16321.0,14572.0,15884.0,17903.0,-0.10716255131425767,-0.0267753201396973,0.09693033515103244,
529223,20241227000783,01049167,롤링스톤,214610,주요사항보고서(전환사채권발행결정),2024-12-30,KOSDAQ,14541.0,16102.0,15613.0,17174.0,0.10735162643559581,0.0737225775393715,0.18107420397496732,
528374,20241231000001,01049167,롤링스톤,214610,주요사항보고서(전환사채권발행결정),2024-12-31,KOSDAQ,16102.0,15613.0,17154.0,19100.0,-0.030368898273506417,0.06533349894423046,0.18618805117376724,
369662,20250711000002,01049167,롤링스톤,214610,주요사항보고서(전환사채권발행결정),2025-07-11,KOSDAQ,5900.0,6250.0,6240.0,6030.0,0.05932203389830515,0.057627118644067776,0.02203389830508473,
369660,20250711000004,01049167,롤링스톤,214610,주요사항보고서(전환사채권발행결정),2025-07-11,KOSDAQ,5900.0,6250.0,6240.0,6030.0,0.05932203389830515,0.057627118644067776,0.02203389830508473,
368284,20250715900395,01049167,롤링스톤,214610,전환사채(해외전환사채포함)발행후만기전사채취득              (제8회차),2025-07-15,KOSDAQ,6240.0,5890.0,6180.0,5840.0,-0.05608974358974361,-0.009615384615384581,-0.0641025641025641,
348313,20250818900435,01049167,롤링스톤,214610,전환사채(해외전환사채포함)발행후만기전사채취득              (제9회차),2025-08-18,KOSDAQ,4680.0,4250.0,4210.0,4630.0,-0.09188034188034189,-0.1004273504273504,-0.010683760683760646,
1249145,20211129001118,00587925,모아라이프플러스,142760,주요사항보고서(전환사채권발행결정),2021-11-29,KOSDAQ,8750.0,8320.0,8080.0,8510.0,-0.049142857142857155,-0.07657142857142862,-0.02742857142857147,
1004742,20230118900278,00587925,모아라이프플러스,142760,전환사채(해외전환사채포함)발행후만기전사채취득,2023-01-18,KOSDAQ,4370.0,4360.0,4415.0,4520.0,-0.0022883295194507935,0.010297482837528626,0.034324942791762014,
841943,20230818900497,00587925,모아라이프플러스,142760,전환사채(해외전환사채포함)발행후만기전사채취득,2023-08-18,KOSDAQ,2990.0,3040.0,2995.0,2990.0,0.01672240802675584,0.0016722408026756952,0.0,
791679,20231130900625,00587925,모아라이프플러스,142760,전환사채(해외전환사채포함)발행후만기전사채취득,2023-11-30,KOSDAQ,2100.0,2040.0,2045.0,1992.0,-0.02857142857142858,-0.02619047619047621,-0.05142857142857138,
775895,20231229000594,00587925,모아라이프플러스,142760,주요사항보고서(전환사채권발행결정),2024-01-02,KOSDAQ,2210.0,2180.0,2055.0,2040.0,-0.013574660633484115,-0.07013574660633481,-0.07692307692307687,
775048,20240103900727,00587925,모아라이프플러스,142760,전환사채(해외전환사채포함)발행후만기전사채취득,2024-01-03,KOSDAQ,2180.0,2055.0,2080.0,1670.0,-0.05733944954128445,-0.04587155963302747,-0.2339449541284404,
726045,20240314001728,00587925,모아라이프플러스,142760,주요사항보고서(전환사채권발행결정),2024-03-14,KOSDAQ,2580.0,2440.0,2330.0,2605.0,-0.054263565891472854,-0.0968992248062015,0.009689922480620172,
563893,20241030900708,00587925,모아라이프플러스,142760,전환사채(해외전환사채포함)발행후만기전사채취득,2024-10-30,KOSDAQ,1362.0,1389.0,1416.0,1550.0,0.01982378854625555,0.0396475770925111,0.13803230543318645,
540318,20241211000441,00587925,모아라이프플러스,142760,주요사항보고서(전환사채권발행결정),2024-12-11,KOSDAQ,1156.0,1199.0,1199.0,1260.0,0.037197231833909994,0.037197231833909994,0.08996539792387548,
532571,20241220900903,00587925,모아라이프플러스,142760,전환사채(해외전환사채포함)발행후만기전사채취득,2024-12-20,KOSDAQ,1188.0,1208.0,1210.0,1209.0,0.01683501683501687,0.0185185185185186,0.017676767676767735,
381479,20250617900323,00587925,모아라이프플러스,142760,전환사채(해외전환사채포함)발행후만기전사채취득,2025-06-17,KOSDAQ,2190.0,2145.0,2025.0,2160.0,-0.020547945205479423,-0.07534246575342463,-0.013698630136986356,
379796,20250620900428,00587925,모아라이프플러스,142760,전환사채(해외전환사채포함)발행후만기전사채취득,2025-06-20,KOSDAQ,2010.0,1912.0,2160.0,1905.0,-0.04875621890547266,0.07462686567164178,-0.052238805970149294,
362481,20250729900507,00587925,모아라이프플러스,142760,전환사채(해외전환사채포함)발행후만기전사채취득,2025-07-29,KOSDAQ,1721.0,1723.0,1730.0,1746.0,0.0011621150493899002,0.005229517722254551,0.01452643811737353,
281421,20251229900839,00587925,모아라이프플러스,142760,전환사채(해외전환사채포함)발행후만기전사채취득,2025-12-29,KOSDAQ,1750.0,1775.0,1700.0,1695.0,0.014285714285714235,-0.02857142857142858,-0.03142857142857147,
73676,20260330902343,00587925,모아라이프플러스,142760,전환사채(해외전환사채포함)발행후만기전사채취득,2026-03-30,KOSDAQ,950.0,915.0,977.0,1058.0,-0.0368421052631579,0.028421052631578902,0.11368421052631583,
27031,20260416000488,00587925,모아라이프플러스,142760,주요사항보고서(전환사채권발행결정),2026-04-16,KOSDAQ,925.0,925.0,909.0,930.0,0.0,-0.017297297297297343,0.00540540540540535,
127022,20260529901894,00587925,모아라이프플러스,142760,전환사채(해외전환사채포함)발행후만기전사채취득,2026-05-29,KOSDAQ,673.0,706.0,707.0,680.0,0.04903417533432397,0.050520059435364084,0.010401188707280795,
1249086,20211129001125,00384717,비엘팜텍,065170,주요사항보고서(전환사채권발행결정),2021-11-29,KOSDAQ,4358.0,4047.0,4161.0,4309.0,-0.07136301055530059,-0.04520422212023867,-0.011243689765947695,
1014078,20221227900791,00384717,비엘팜텍,065170,전환사채(해외전환사채포함)발행후만기전사채취득,2022-12-27,KOSDAQ,2149.0,2149.0,2048.0,1995.0,0.0,-0.04699860400186129,-0.07166123778501632,
945557,20230331901434,00384717,비엘팜텍,065170,전환사채(해외전환사채포함)발행후만기전사채취득,2023-03-31,KOSDAQ,1864.0,1805.0,2346.0,2464.0,-0.031652360515021405,0.2585836909871244,0.32188841201716745,
924904,20230407901050,00384717,비엘팜텍,065170,전환사채(해외전환사채포함)발행후만기전사채취득,2023-04-07,KOSDAQ,2464.0,2372.0,2559.0,2556.0,-0.037337662337662336,0.03855519480519476,0.03733766233766245,
872346,20230622000508,00384717,비엘팜텍,065170,주요사항보고서(전환사채권발행결정),2023-06-22,KOSDAQ,2605.0,2369.0,2313.0,2202.0,-0.09059500959692901,-0.11209213051823419,-0.15470249520153556,
872233,20230622000511,00384717,비엘팜텍,065170,주요사항보고서(전환사채권발행결정),2023-06-23,KOSDAQ,2369.0,2313.0,2258.0,2290.0,-0.023638666103841244,-0.046855213170113985,-0.03334740396791891,
790957,20231201900622,00384717,비엘팜텍,065170,전환사채(해외전환사채포함)발행후만기전사채취득,2023-12-01,KOSDAQ,1645.0,1841.0,1756.0,1772.0,0.11914893617021272,0.0674772036474165,0.07720364741641328,
781834,20231219900528,00384717,비엘팜텍,065170,전환사채(해외전환사채포함)발행후만기전사채취득,2023-12-19,KOSDAQ,1681.0,1717.0,1671.0,1628.0,0.021415823914336718,-0.005948839976204656,-0.031528851873884545,
775970,20231229900644,00384717,비엘팜텍,065170,전환사채(해외전환사채포함)발행후만기전사채취득,2023-12-29,KOSDAQ,1671.0,1654.0,1589.0,1566.0,-0.010173548773189656,-0.049072411729503274,-0.0628366247755835,
775969,20231229900646,00384717,비엘팜텍,065170,전환사채(해외전환사채포함)발행후만기전사채취득,2023-12-29,KOSDAQ,1671.0,1654.0,1589.0,1566.0,-0.010173548773189656,-0.049072411729503274,-0.0628366247755835,
365715,20250722000182,00384717,비엘팜텍,065170,주요사항보고서(전환사채권발행결정),2025-07-22,KOSDAQ,841.0,834.0,885.0,820.0,-0.008323424494649179,0.05231866825208087,-0.024970273483947647,
328061,20250929900473,00384717,비엘팜텍,065170,전환사채(해외전환사채포함)발행후만기전사채취득              (제19회차),2025-09-29,KOSDAQ,710.0,710.0,728.0,,0.0,0.025352112676056304,,
1249076,20211129001182,00583026,멤레이비티,072770,주요사항보고서(전환사채권발행결정),2021-11-29,KOSDAQ,4910.0,4700.0,4330.0,3700.0,-0.04276985743380857,-0.11812627291242361,-0.2464358452138493,
1032247,20221124900744,00583026,멤레이비티,072770,전환사채(해외전환사채포함)발행후만기전사채취득(제5회차),2022-11-24,KOSDAQ,3470.0,3450.0,3500.0,3390.0,-0.0057636887608069065,0.008645533141210304,-0.023054755043227626,
1002692,20230125900701,00583026,멤레이비티,072770,전환사채(해외전환사채포함)발행후만기전사채취득(제7회차),2023-01-25,KOSDAQ,3310.0,3276.0,3410.0,3246.0,-0.010271903323262888,0.030211480362537735,-0.01933534743202414,
976536,20230307000712,00583026,멤레이비티,072770,주요사항보고서(전환사채권발행결정),2023-03-08,KOSDAQ,4620.0,4470.0,4450.0,4640.0,-0.03246753246753242,-0.03679653679653683,0.0043290043290042934,
903219,20230426000746,00583026,멤레이비티,072770,주요사항보고서(전환사채권발행결정),2023-04-27,KOSDAQ,5840.0,6200.0,6170.0,5120.0,0.06164383561643838,0.05650684931506844,-0.12328767123287676,
840067,20230823900461,00583026,멤레이비티,072770,증권발행결과(자율공시)(제8회차 무기명식 이권부 무보증 사모 전환사채),2023-08-23,KOSDAQ,5120.0,5540.0,5500.0,6010.0,0.08203125,0.07421875,0.173828125,
806711,20231109000460,00583026,멤레이비티,072770,주요사항보고서(전환사채권발행결정),2023-11-09,KOSDAQ,5320.0,5400.0,5560.0,5380.0,0.015037593984962516,0.04511278195488733,0.011278195488721776,
806708,20231109000461,00583026,멤레이비티,072770,주요사항보고서(전환사채권발행결정),2023-11-09,KOSDAQ,5320.0,5400.0,5560.0,5380.0,0.015037593984962516,0.04511278195488733,0.011278195488721776,
770720,20240112900645,00583026,멤레이비티,072770,기타주요경영사항(제9회차 전환사채 발행결정 철회),2024-01-12,KOSDAQ,5390.0,5350.0,5340.0,5320.0,-0.007421150278293154,-0.00927643784786647,-0.012987012987012991,
594993,20240823900180,00583026,멤레이비티,072770,전환사채(해외전환사채포함)발행후만기전사채취득              (제8회차),2024-08-23,KOSDAQ,3436.0,3364.0,3474.0,3620.0,-0.020954598370197863,0.01105937136204882,0.0535506402793946,
582872,20240911000184,00583026,멤레이비티,072770,주요사항보고서(전환사채권발행결정),2024-09-11,KOSDAQ,3930.0,3940.0,4180.0,4690.0,0.0025445292620864812,0.06361323155216292,0.19338422391857502,
579667,20240920900559,00583026,멤레이비티,072770,전환사채(해외전환사채포함)발행후만기전사채취득              (제8회차),2024-09-20,KOSDAQ,4640.0,4690.0,4580.0,4170.0,0.010775862068965525,-0.012931034482758674,-0.10129310344827591,
325183,20251002000513,00583026,멤레이비티,072770,주요사항보고서(전환사채권발행결정),2025-10-02,KOSDAQ,2154.0,2266.0,2156.0,1720.0,0.05199628597957284,0.0009285051067779992,-0.20148560817084493,
255082,20260211901471,00583026,멤레이비티,072770,전환사채(해외전환사채포함)발행후만기전사채취득,2026-02-11,KOSDAQ,1610.0,1662.0,1596.0,1504.0,0.032298136645962705,-0.008695652173912993,-0.06583850931677016,
1249056,20211129001218,00339072,팬스타엔터프라이즈,054300,주요사항보고서(전환사채권발행결정),2021-11-29,KOSDAQ,1720.0,1596.0,1680.0,1778.0,-0.0720930232558139,-0.023255813953488413,0.033720930232558066,
790950,20231201900629,00339072,팬스타엔터프라이즈,054300,전환사채(해외전환사채포함)발행후만기전사채취득,2023-12-01,KOSDAQ,1396.0,1510.0,1468.0,1438.0,0.08166189111747846,0.05157593123209159,0.03008595988538687,
636651,20240603900380,00339072,팬스타엔터프라이즈,054300,전환사채(해외전환사채포함)발행후만기전사채취득,2024-06-03,KOSDAQ,1248.0,1224.0,1202.0,1250.0,-0.019230769230769273,-0.03685897435897434,0.0016025641025640969,
587192,20240902900545,00339072,팬스타엔터프라이즈,054300,전환사채(해외전환사채포함)발행후만기전사채취득,2024-09-02,KOSDAQ,1030.0,1028.0,1006.0,988.0,-0.001941747572815511,-0.023300970873786353,-0.04077669902912617,
394668,20250523000542,00339072,팬스타엔터프라이즈,054300,주요사항보고서(전환사채권발행결정),2025-05-23,KOSDAQ,1292.0,1238.0,1248.0,1232.0,-0.04179566563467496,-0.034055727554179516,-0.04643962848297212,
1249427,20211129900540,00977650,엔케이젠바이오텍코리아,182400,전환사채(해외전환사채포함)발행후만기전사채취득,2021-11-29,KOSDAQ,17304.0,17394.0,17076.0,17667.0,0.005201109570041718,-0.013176144244105403,0.02097780859916787,
1147645,20220407002632,00977650,엔케이젠바이오텍코리아,182400,주요사항보고서(전환사채권발행결정),2022-04-07,KOSDAQ,20346.0,20119.0,20529.0,20983.0,-0.011156984173793405,0.008994396933058146,0.031308365280644734,
830600,20230908000520,00977650,엔케이젠바이오텍코리아,182400,주요사항보고서(전환사채권발행결정),2023-09-08,KOSDAQ,13616.0,13361.0,13571.0,13061.0,-0.018727967097532328,-0.0033049353701527506,-0.040760869565217406,
365599,20250722900481,00977650,엔케이젠바이오텍코리아,182400,전환사채(해외전환사채포함)발행후만기전사채취득              (제11회차),2025-07-22,KOSDAQ,3670.0,3670.0,3670.0,3670.0,0.0,0.0,0.0,
365598,20250722900482,00977650,엔케이젠바이오텍코리아,182400,전환사채(해외전환사채포함)발행후만기전사채취득              (제13회차),2025-07-22,KOSDAQ,3670.0,3670.0,3670.0,3670.0,0.0,0.0,0.0,
365597,20250722900483,00977650,엔케이젠바이오텍코리아,182400,전환사채(해외전환사채포함)발행후만기전사채취득              (제14회차),2025-07-22,KOSDAQ,3670.0,3670.0,3670.0,3670.0,0.0,0.0,0.0,
1247538,20211130001363,01015160,PS일렉트로닉스,332570,주요사항보고서(전환사채권발행결정),2021-11-30,KOSDAQ,8050.0,7920.0,8000.0,8110.0,-0.016149068322981353,-0.006211180124223614,0.007453416149068248,
1235365,20211223900505,01015160,PS일렉트로닉스,332570,"기타주요경영사항(유상증자 결정, 전환사채권발행 결정, 신주인수권부사채권발행 결정 철회)",2021-12-23,KOSDAQ,7330.0,7130.0,7070.0,7190.0,-0.027285129604365577,-0.03547066848567526,-0.019099590723055893,
1049502,20221019000443,01015160,PS일렉트로닉스,332570,주요사항보고서(전환사채권발행결정),2022-10-19,KOSDAQ,3340.0,3290.0,3250.0,3050.0,-0.014970059880239472,-0.026946107784431184,-0.08682634730538918,
568279,20241021900430,01015160,PS일렉트로닉스,332570,전환사채(해외전환사채포함)발행후만기전사채취득              (제3회차),2024-10-21,KOSDAQ,2630.0,2600.0,2560.0,2550.0,-0.011406844106463865,-0.026615969581749055,-0.03041825095057038,
520189,20250121900326,01015160,PS일렉트로닉스,332570,전환사채(해외전환사채포함)발행후만기전사채취득              (제3회차),2025-01-21,KOSDAQ,4170.0,3955.0,4060.0,4795.0,-0.05155875299760193,-0.026378896882493952,0.14988009592326135,
412863,20250421900708,01015160,PS일렉트로닉스,332570,전환사채(해외전환사채포함)발행후만기전사채취득              (제3회차),2025-04-21,KOSDAQ,3025.0,2910.0,3025.0,3035.0,-0.0380165289256198,0.0,0.0033057851239668423,
365923,20250722900042,01015160,PS일렉트로닉스,332570,전환사채(해외전환사채포함)발행후만기전사채취득,2025-07-22,KOSDAQ,3015.0,2995.0,2985.0,3030.0,-0.0066334991708125735,-0.00995024875621886,0.004975124378109541,
1247360,20211130001598,00317487,티에스넥스젠,043220,주요사항보고서(전환사채권발행결정),2021-11-30,KOSDAQ,15450.0,16300.0,16400.0,16550.0,0.055016181229773364,0.06148867313915862,0.07119741100323629,
1084809,20220801900259,00317487,티에스넥스젠,043220,전환사채(해외전환사채포함)발행후만기전사채취득(제9회차),2022-08-01,KOSDAQ,11850.0,11750.0,11700.0,11950.0,-0.008438818565400852,-0.012658227848101222,0.00843881856540074,
1044886,20221031900362,00317487,티에스넥스젠,043220,전환사채(해외전환사채포함)발행후만기전사채취득(제9회차),2022-10-31,KOSDAQ,9920.0,10100.0,9980.0,9610.0,0.01814516129032251,0.006048387096774244,-0.03125,
1025580,20221205900283,00317487,티에스넥스젠,043220,전환사채(해외전환사채포함)발행후만기전사채취득(제10회차),2022-12-05,KOSDAQ,9400.0,9360.0,9360.0,9470.0,-0.004255319148936176,-0.004255319148936176,0.007446808510638281,
1000341,20230130900779,00317487,티에스넥스젠,043220,전환사채(해외전환사채포함)발행후만기전사채취득,2023-01-30,KOSDAQ,9490.0,9440.0,9760.0,9560.0,-0.005268703898840932,0.028451001053740876,0.007376185458377149,
854931,20230731900558,00317487,티에스넥스젠,043220,전환사채(해외전환사채포함)발행후만기전사채취득,2023-07-31,KOSDAQ,5720.0,6080.0,6750.0,6800.0,0.06293706293706292,0.18006993006993,0.18881118881118875,
737777,20240305900995,00317487,티에스넥스젠,043220,전환사채(해외전환사채포함)발행후만기전사채취득,2024-03-05,KOSDAQ,6920.0,7210.0,8210.0,9430.0,0.041907514450867156,0.18641618497109835,0.3627167630057804,
704751,20240329003221,00317487,티에스넥스젠,043220,주요사항보고서(전환사채권발행결정),2024-03-29,KOSDAQ,11790.0,11320.0,11020.0,9870.0,-0.03986429177268869,-0.06530958439355383,-0.1628498727735369,
655059,20240503000793,00317487,티에스넥스젠,043220,주요사항보고서(전환사채권발행결정),2024-05-03,KOSDAQ,8160.0,8160.0,9800.0,9120.0,0.0,0.2009803921568627,0.11764705882352944,
486997,20250307901009,00317487,티에스넥스젠,043220,전환사채(해외전환사채포함)발행후만기전사채취득,2025-03-07,KOSDAQ,1710.0,1740.0,2060.0,2240.0,0.01754385964912286,0.20467836257309946,0.3099415204678362,
455653,20250331901849,00317487,티에스넥스젠,043220,전환사채(해외전환사채포함)발행후만기전사채취득,2025-03-31,KOSDAQ,1710.0,1710.0,1710.0,1710.0,0.0,0.0,0.0,
1247179,20211130001740,00307028,경남제약,053950,주요사항보고서(전환사채권발행결정),2021-11-30,KOSDAQ,14445.0,14610.0,15525.0,15825.0,0.011422637590861928,0.07476635514018692,0.0955347871235721,
861424,20230717000165,00307028,경남제약,053950,주요사항보고서(전환사채권발행결정),2023-07-17,KOSDAQ,5400.0,5315.0,5295.0,5365.0,-0.015740740740740722,-0.019444444444444486,-0.0064814814814815325,
827481,20230918000169,00307028,경남제약,053950,주요사항보고서(전환사채권발행결정),2023-09-18,KOSDAQ,4830.0,4735.0,4660.0,4515.0,-0.019668737060041352,-0.035196687370600444,-0.06521739130434778,
646930,20240517900464,00307028,경남제약,053950,전환사채(해외전환사채포함)발행후만기전사채취득,2024-05-17,KOSDAQ,4820.0,5095.0,3850.0,3825.0,0.05705394190871371,-0.20124481327800825,-0.2064315352697096,
559179,20241111900502,00307028,경남제약,053950,전환사채(해외전환사채포함)발행후만기전사채취득,2024-11-11,KOSDAQ,4275.0,4140.0,4180.0,4075.0,-0.03157894736842104,-0.022222222222222254,-0.04678362573099415,
519616,20250122900465,00307028,경남제약,053950,전환사채(해외전환사채포함)발행후만기전사채취득,2025-01-22,KOSDAQ,3815.0,3530.0,3525.0,3290.0,-0.07470511140235914,-0.07601572739187423,-0.13761467889908252,
504399,20250214901402,00307028,경남제약,053950,전환사채(해외전환사채포함)발행후만기전사채취득,2025-02-14,KOSDAQ,3325.0,3390.0,3340.0,3370.0,0.019548872180451093,0.004511278195488799,0.013533834586466176,
114330,20260622900728,00307028,경남제약,053950,전환사채(해외전환사채포함)발행후만기전사채취득,2026-06-22,KOSDAQ,1788.0,2320.0,2080.0,,0.29753914988814323,0.1633109619686801,,
1247111,20211130001780,00369213,폴라리스AI,039980,주요사항보고서(전환사채권발행결정),2021-11-30,KOSDAQ,5083.0,5418.0,5538.0,5633.0,0.06590596104662594,0.08951406649616378,0.10820381664371426,
1247036,20211130001824,00867973,서남,294630,주요사항보고서(전환사채권발행결정),2021-11-30,KOSDAQ,3190.0,3300.0,3350.0,3620.0,0.034482758620689724,0.050156739811912265,0.13479623824451403,
1246979,20211130001859,00351579,비트플래닛,049470,주요사항보고서(전환사채권발행결정),2021-11-30,KOSDAQ,4070.0,4170.0,4220.0,4465.0,0.024570024570024662,0.03685503685503688,0.09705159705159705,
764852,20240126900880,00351579,비트플래닛,049470,전환사채(해외전환사채포함)발행후만기전사채취득,2024-01-26,KOSDAQ,2340.0,2390.0,2435.0,2400.0,0.02136752136752129,0.040598290598290676,0.02564102564102555,
253474,20260212001451,00351579,비트플래닛,049470,주요사항보고서(전환사채권발행결정),2026-02-12,KOSDAQ,4000.0,3690.0,3600.0,3305.0,-0.07750000000000001,-0.09999999999999998,-0.17374999999999996,
10021,20260514000894,00351579,비트플래닛,049470,주요사항보고서(전환사채권발행결정),2026-05-14,KOSDAQ,3360.0,2380.0,2070.0,1996.0,-0.29166666666666663,-0.3839285714285714,-0.40595238095238095,
9941,20260514000974,00351579,비트플래닛,049470,주요사항보고서(전환사채권발행결정),2026-05-14,KOSDAQ,3360.0,2380.0,2070.0,1996.0,-0.29166666666666663,-0.3839285714285714,-0.40595238095238095,
1246967,20211130001935,00124090,한국특강,007280,주요사항보고서(전환사채권발행결정),2021-11-30,KOSPI,5683.0,5813.0,5813.0,5893.0,0.022875241949674496,0.022875241949674496,0.036952313918704904,
1246943,20211130001950,00255433,라온시큐어,042510,주요사항보고서(전환사채권발행결정),2021-11-30,KOSDAQ,18309.0,18934.0,19360.0,19260.0,0.03413621716095916,0.057403462777868786,0.05194166803211542,
781541,20231220900179,00255433,라온시큐어,042510,전환사채(해외전환사채포함)발행후만기전사채취득(제9회차),2023-12-20,KOSDAQ,12331.0,12206.0,11981.0,12331.0,-0.010137052955964676,-0.028383748276700982,0.0,
1246860,20211130002031,01243161,인산가,277410,주요사항보고서(전환사채권발행결정),2021-11-30,KOSDAQ,1915.0,1985.0,2100.0,2130.0,0.036553524804177506,0.0966057441253263,0.1122715404699739,
1245047,20211203900549,01243161,인산가,277410,전환사채(해외전환사채포함)발행후만기전사채취득(제7회차),2021-12-03,KOSDAQ,2100.0,2110.0,2130.0,2195.0,0.004761904761904745,0.014285714285714235,0.0452380952380953,
584213,20240909900203,01243161,인산가,277410,전환사채(해외전환사채포함)발행후만기전사채취득,2024-09-09,KOSDAQ,1446.0,1414.0,1414.0,1436.0,-0.022130013831258677,-0.022130013831258677,-0.006915629322268302,
24473,20260422000430,01243161,인산가,277410,주요사항보고서(전환사채권발행결정),2026-04-22,KOSDAQ,1173.0,1152.0,1162.0,1130.0,-0.01790281329923271,-0.009377664109121886,-0.036658141517476595,
1246710,20211130002064,00356839,메디콕스,054180,[첨부추가]주요사항보고서(전환사채권발행결정),2021-11-30,KOSDAQ,68295.0,69285.0,73125.0,70335.0,0.014495936745003268,0.07072260048319778,0.029870415110915927,
1246173,20211201900648,00356839,메디콕스,054180,전환사채(해외전환사채포함)발행후만기전사채취득(제15회차),2021-12-01,KOSDAQ,69285.0,73125.0,71910.0,74400.0,0.05542325178610086,0.037886988525654974,0.0738255033557047,
1233172,20211228900727,00356839,메디콕스,054180,전환사채(해외전환사채포함)발행후만기전사채취득(제16회차),2021-12-28,KOSDAQ,72885.0,73725.0,74625.0,74325.0,0.011525005145091693,0.023873224943403937,0.019757151677299856,
1091171,20220715900455,00356839,메디콕스,054180,전환사채(해외전환사채포함)발행후만기전사채취득(제17회차),2022-07-15,KOSDAQ,43620.0,41820.0,40845.0,51285.0,-0.04126547455295737,-0.06361760660247595,0.1757221458046767,
1053747,20221007900453,00356839,메디콕스,054180,전환사채(해외전환사채포함)발행후만기전사채취득(제18회차),2022-10-07,KOSDAQ,76590.0,66075.0,71940.0,68700.0,-0.1372894633764199,-0.060712886799843324,-0.10301605953779869,
1014079,20221227000628,00356839,메디콕스,054180,주요사항보고서(전환사채권발행결정),2022-12-27,KOSDAQ,52650.0,48900.0,50625.0,46125.0,-0.07122507122507127,-0.038461538461538436,-0.12393162393162394,
1014062,20221227000635,00356839,메디콕스,054180,주요사항보고서(전환사채권발행결정),2022-12-27,KOSDAQ,52650.0,48900.0,50625.0,46125.0,-0.07122507122507127,-0.038461538461538436,-0.12393162393162394,
1014055,20221227000641,00356839,메디콕스,054180,주요사항보고서(전환사채권발행결정),2022-12-27,KOSDAQ,52650.0,48900.0,50625.0,46125.0,-0.07122507122507127,-0.038461538461538436,-0.12393162393162394,
1012608,20221229900473,00356839,메디콕스,054180,증권발행결과(자율공시)(제19회차 전환사채),2022-12-29,KOSDAQ,50625.0,47700.0,45000.0,48600.0,-0.05777777777777782,-0.11111111111111116,-0.040000000000000036,
1012326,20221229900836,00356839,메디콕스,054180,전환사채(해외전환사채포함)발행후만기전사채취득(제18회차),2022-12-29,KOSDAQ,50625.0,47700.0,45000.0,48600.0,-0.05777777777777782,-0.11111111111111116,-0.040000000000000036,
843337,20230814902742,00356839,메디콕스,054180,"기타주요경영사항(제3자배정 유상증자 결정 2건 및 제20회, 제21회 전환사채 발행결정 철회의 건)",2023-08-14,KOSDAQ,25485.0,22620.0,21030.0,19620.0,-0.11241907004120066,-0.17480871100647444,-0.2301353737492643,
816869,20231017900465,00356839,메디콕스,054180,전환사채(해외전환사채포함)발행후만기전사채취득(제18회차),2023-10-17,KOSDAQ,11610.0,11445.0,10785.0,11325.0,-0.014211886304909549,-0.07105943152454786,-0.02454780361757103,
750072,20240220900702,00356839,메디콕스,054180,전환사채(해외전환사채포함)발행후만기전사채취득              (제19회차),2024-02-20,KOSDAQ,12600.0,12555.0,12165.0,11730.0,-0.0035714285714285587,-0.03452380952380951,-0.06904761904761902,
735011,20240308000002,00356839,메디콕스,054180,주요사항보고서(전환사채권발행결정),2024-03-08,KOSDAQ,12060.0,12180.0,12495.0,12150.0,0.00995024875621886,0.03606965174129351,0.00746268656716409,
527987,20241231900450,00356839,메디콕스,054180,전환사채(해외전환사채포함)발행후만기전사채취득              (제20회차),2024-12-31,KOSDAQ,4830.0,4785.0,4845.0,4845.0,-0.009316770186335366,0.0031055900621117516,0.0031055900621117516,
396595,20250519900406,00356839,메디콕스,054180,전환사채(해외전환사채포함)발행후만기전사채취득,2025-05-19,KOSDAQ,3150.0,2895.0,2790.0,3720.0,-0.080952380952381,-0.11428571428571432,0.18095238095238098,
391488,20250529900564,00356839,메디콕스,054180,전환사채(해외전환사채포함)발행후만기전사채취득,2025-05-29,KOSDAQ,3555.0,3285.0,3225.0,2535.0,-0.07594936708860756,-0.09282700421940926,-0.28691983122362874,
366642,20250718900507,00356839,메디콕스,054180,전환사채(해외전환사채포함)발행후만기전사채취득,2025-07-18,KOSDAQ,2295.0,2295.0,2295.0,2295.0,0.0,0.0,0.0,
1246801,20211130002078,00301422,스모트로닉,066590,주요사항보고서(전환사채권발행결정),2021-11-30,KOSDAQ,3995.0,4090.0,4155.0,4270.0,0.02377972465581979,0.040050062578222745,0.06883604505632035,
1246800,20211130002082,00301422,스모트로닉,066590,주요사항보고서(전환사채권발행결정),2021-11-30,KOSDAQ,3995.0,4090.0,4155.0,4270.0,0.02377972465581979,0.040050062578222745,0.06883604505632035,
1029840,20221129900284,00301422,스모트로닉,066590,전환사채(해외전환사채포함)발행후만기전사채취득,2022-11-29,KOSDAQ,2770.0,2850.0,2875.0,2950.0,0.028880866425992746,0.03790613718411562,0.06498194945848379,
822716,20230927900572,00301422,스모트로닉,066590,전환사채(해외전환사채포함)발행후만기전사채취득,2023-09-27,KOSDAQ,2560.0,2470.0,2460.0,2485.0,-0.03515625,-0.0390625,-0.029296875,
822713,20230927900574,00301422,스모트로닉,066590,전환사채(해외전환사채포함)발행후만기전사채취득,2023-09-27,KOSDAQ,2560.0,2470.0,2460.0,2485.0,-0.03515625,-0.0390625,-0.029296875,
795640,20231128900203,00301422,스모트로닉,066590,전환사채(해외전환사채포함)발행후만기전사채취득,2023-11-28,KOSDAQ,2580.0,2565.0,2540.0,2540.0,-0.005813953488372103,-0.015503875968992276,-0.015503875968992276,
795638,20231128900204,00301422,스모트로닉,066590,전환사채(해외전환사채포함)발행후만기전사채취득,2023-11-28,KOSDAQ,2580.0,2565.0,2540.0,2540.0,-0.005813953488372103,-0.015503875968992276,-0.015503875968992276,
1248960,20211130900005,00807397,코이즈,121850,전환사채(해외전환사채포함)발행후만기전사채취득,2021-11-30,KOSDAQ,16897.0,17196.0,15709.0,16989.0,0.01769544889625374,-0.07030833875835951,0.005444753506539612,
2841,20260522000636,00807397,코이즈,121850,주요사항보고서(전환사채권발행결정),2026-05-22,KOSDAQ,2535.0,2465.0,2380.0,2090.0,-0.027613412228796874,-0.06114398422090728,-0.1755424063116371,
1246422,20211201900303,00390860,대산F&B,065150,전환사채(해외전환사채포함)발행후만기전사채취득(제4회차),2021-12-01,KOSDAQ,8270.0,8390.0,7950.0,7610.0,0.0145102781136639,-0.03869407496977029,-0.07980652962515111,
996268,20230208000499,00390860,대산F&B,065150,주요사항보고서(전환사채권발행결정),2023-02-08,KOSDAQ,4210.0,4140.0,4050.0,3990.0,-0.016627078384798155,-0.038004750593824244,-0.052256532066508266,
859804,20230720000348,00390860,대산F&B,065150,주요사항보고서(전환사채권발행결정),2023-07-20,KOSDAQ,3160.0,3200.0,3100.0,2950.0,0.012658227848101333,-0.01898734177215189,-0.06645569620253167,
809529,20231102900546,00390860,대산F&B,065150,전환사채(해외전환사채포함)발행후만기전사채취득(제6회차),2023-11-02,KOSDAQ,2420.0,2450.0,2520.0,2450.0,0.012396694214876103,0.04132231404958686,0.012396694214876103,
806019,20231110900541,00390860,대산F&B,065150,전환사채(해외전환사채포함)발행후만기전사채취득(제6회차),2023-11-10,KOSDAQ,2370.0,2330.0,2430.0,2820.0,-0.016877637130801704,0.025316455696202445,0.1898734177215189,
797047,20231124900566,00390860,대산F&B,065150,전환사채(해외전환사채포함)발행후만기전사채취득(제6회차),2023-11-24,KOSDAQ,2710.0,2680.0,2820.0,2740.0,-0.011070110701106972,0.040590405904058935,0.011070110701107083,
517427,20250124900753,00390860,대산F&B,065150,전환사채(해외전환사채포함)발행후만기전사채취득              (제6회차),2025-01-24,KOSDAQ,1450.0,1450.0,1450.0,1450.0,0.0,0.0,0.0,
388765,20250530900927,00390860,대산F&B,065150,전환사채(해외전환사채포함)발행후만기전사채취득              (제6회차),2025-05-30,KOSDAQ,1450.0,1450.0,1450.0,1450.0,0.0,0.0,0.0,
373084,20250702900601,00390860,대산F&B,065150,전환사채(해외전환사채포함)발행후만기전사채취득              (제6회차),2025-07-02,KOSDAQ,1450.0,1450.0,1450.0,1450.0,0.0,0.0,0.0,
298018,20251128900991,00390860,대산F&B,065150,전환사채(해외전환사채포함)발행후만기전사채취득              (제6회차),2025-11-28,KOSDAQ,1450.0,1450.0,1450.0,1450.0,0.0,0.0,0.0,
35335,20260410900864,00390860,대산F&B,065150,전환사채(해외전환사채포함)발행후만기전사채취득              (제6회차),2026-04-10,KOSDAQ,1450.0,1450.0,1450.0,1450.0,0.0,0.0,0.0,
1245549,20211202000442,00525642,코오롱생명과학,102940,주요사항보고서(전환사채권발행결정),2021-12-02,KOSDAQ,33800.0,34200.0,36250.0,36950.0,0.01183431952662728,0.0724852071005917,0.09319526627218933,
1245548,20211202000448,00525642,코오롱생명과학,102940,주요사항보고서(전환사채권발행결정),2021-12-02,KOSDAQ,33800.0,34200.0,36250.0,36950.0,0.01183431952662728,0.0724852071005917,0.09319526627218933,
551360,20241122000494,00525642,코오롱생명과학,102940,주요사항보고서(전환사채권발행결정),2024-11-22,KOSDAQ,17800.0,18000.0,17850.0,18870.0,0.011235955056179803,0.002808988764045006,0.06011235955056171,
542526,20241206900364,00525642,코오롱생명과학,102940,전환사채(해외전환사채포함)발행후만기전사채취득              (제2회차),2024-12-06,KOSDAQ,19630.0,18510.0,19370.0,25000.0,-0.05705552725420271,-0.013245033112582738,0.2735608762098829,
311647,20251111000327,00525642,코오롱생명과학,102940,주요사항보고서(전환사채권발행결정),2025-11-11,KOSDAQ,32400.0,36900.0,37150.0,40600.0,0.13888888888888884,0.14660493827160503,0.25308641975308643,
1244649,20211206900405,00367695,에이전트AI,060900,전환사채(해외전환사채포함)발행후만기전사채취득(제31회차),2021-12-06,KOSDAQ,112088.0,110828.0,128094.0,122965.0,-0.011241167653986195,0.14279851545214473,0.09703982585111692,
1242394,20211210900682,00367695,에이전트AI,060900,전환사채(해외전환사채포함)발행후만기전사채취득(제31회차),2021-12-10,KOSDAQ,128094.0,122965.0,120675.0,121247.0,-0.04004090745858513,-0.057918403672303165,-0.05345293300232645,
1082357,20220808000240,00367695,에이전트AI,060900,주요사항보고서(전환사채권발행결정),2022-08-08,KOSDAQ,100753.0,98349.0,99265.0,97204.0,-0.023860331702281856,-0.014768791003741844,-0.035224757575456844,
1022520,20221212000293,00367695,에이전트AI,060900,주요사항보고서(전환사채권발행결정),2022-12-12,KOSDAQ,77076.0,77648.0,75359.0,81312.0,0.007421246561835071,-0.022276713892781186,0.054958742020862594,
744541,20240227901184,00367695,에이전트AI,060900,전환사채(해외전환사채포함)발행후만기전사채취득,2024-02-27,KOSDAQ,24593.0,20860.0,19440.0,17746.0,-0.1517911600862034,-0.20953116740535926,-0.27841255641849305,
534998,20241217900654,00367695,에이전트AI,060900,전환사채(해외전환사채포함)발행후만기전사채취득              (제33회차),2024-12-17,KOSDAQ,12113.0,11884.0,12090.0,11586.0,-0.018905308346404692,-0.0018987864278048328,-0.04350697597622388,
458907,20250328903244,00367695,에이전트AI,060900,전환사채(해외전환사채포함)발행후만기전사채취득,2025-03-28,KOSDAQ,10052.0,10052.0,10304.0,10418.0,0.0,0.025069637883008422,0.036410664544369364,
376039,20250627900467,00367695,에이전트AI,060900,전환사채(해외전환사채포함)발행후만기전사채취득              (제33회차),2025-06-27,KOSDAQ,13716.0,13578.0,14197.0,14357.0,-0.010061242344706955,0.03506853310002911,0.046733741615631486,
332421,20250919000003,00367695,에이전트AI,060900,주요사항보고서(전환사채권발행결정),2025-09-19,KOSDAQ,17929.0,17173.0,18273.0,19486.0,-0.042166322717385296,0.01918679234759324,0.0868425455965196,
67848,20260331903996,00367695,에이전트AI,060900,전환사채(해외전환사채포함)발행후만기전사채취득              (제33회차),2026-03-31,KOSDAQ,10327.0,10693.0,9594.0,7900.0,0.03544107678899966,-0.07097898712113881,-0.2350150091991866,
117513,20260615900668,00367695,에이전트AI,060900,전환사채(해외전환사채포함)발행후만기전사채취득              (제33회차),2026-06-15,KOSDAQ,5000.0,4945.0,4800.0,4630.0,-0.01100000000000001,-0.040000000000000036,-0.07399999999999995,
114993,20260619000575,00367695,에이전트AI,060900,주요사항보고서(전환사채권발행결정),2026-06-19,KOSDAQ,4870.0,4630.0,4610.0,4345.0,-0.04928131416837778,-0.05338809034907599,-0.1078028747433265,
1244074,20211207900524,00657987,KX,122450,전환사채(해외전환사채포함)발행후만기전사채취득(제4회차),2021-12-07,KOSDAQ,8050.0,7980.0,7980.0,7870.0,-0.008695652173912993,-0.008695652173912993,-0.022360248447204967,
1237960,20211217900506,00657987,KX,122450,소송등의판결ㆍ결정(전환사채등 발행무효확인),2021-12-17,KOSDAQ,7790.0,7700.0,7660.0,7850.0,-0.011553273427471145,-0.016688061617458283,0.007702182284980763,
1243564,20211208900552,00627029,DGI,099520,전환사채(해외전환사채포함)발행후만기전사채취득(제3회차),2021-12-08,KOSDAQ,1284.0,1284.0,1284.0,1284.0,0.0,0.0,0.0,
1243563,20211208900554,00627029,DGI,099520,전환사채(해외전환사채포함)발행후만기전사채취득(제3회차),2021-12-08,KOSDAQ,1284.0,1284.0,1284.0,1284.0,0.0,0.0,0.0,
1243086,20211209000398,00297448,플래스크,041590,주요사항보고서(전환사채권발행결정),2021-12-09,KOSDAQ,3334.0,3289.0,3244.0,3244.0,-0.013497300539892065,-0.02699460107978402,-0.02699460107978402,
1225267,20220114000003,00297448,플래스크,041590,주요사항보고서(전환사채권발행결정),2022-01-14,KOSDAQ,4505.0,4535.0,5106.0,6548.0,0.006659267480577213,0.1334073251942287,0.45349611542730295,
877890,20230609900438,00297448,플래스크,041590,전환사채(해외전환사채포함)발행후만기전사채취득,2023-06-09,KOSDAQ,3484.0,3394.0,3418.0,3385.0,-0.025832376578645233,-0.01894374282433986,-0.028415614236509734,
832599,20230904900815,00297448,플래스크,041590,전환사채(해외전환사채포함)발행후만기전사채취득,2023-09-04,KOSDAQ,3478.0,3328.0,3304.0,3229.0,-0.043128234617596295,-0.05002875215641178,-0.07159286946520993,
825188,20230922900440,00297448,플래스크,041590,전환사채(해외전환사채포함)발행후만기전사채취득,2023-09-22,KOSDAQ,3226.0,3244.0,3150.0,3105.0,0.0055796652200867936,-0.023558586484810906,-0.03750774953502789,
788088,20231208900536,00297448,플래스크,041590,전환사채(해외전환사채포함)발행후만기전사채취득,2023-12-08,KOSDAQ,3196.0,3310.0,3526.0,3316.0,0.03566958698372957,0.10325406758448064,0.03754693366708395,
787502,20231211900568,00297448,플래스크,041590,전환사채(해외전환사채포함)발행후만기전사채취득,2023-12-11,KOSDAQ,3310.0,3526.0,3565.0,3069.0,0.06525679758308156,0.07703927492447127,-0.072809667673716,
753315,20240214901237,00297448,플래스크,041590,전환사채(해외전환사채포함)발행후만기전사채취득,2024-02-14,KOSDAQ,2327.0,2592.0,2931.0,2790.0,0.11388053287494637,0.25956166738289643,0.19896862913622693,
752321,20240215900674,00297448,플래스크,041590,전환사채(해외전환사채포함)발행후만기전사채취득,2024-02-15,KOSDAQ,2592.0,2931.0,2760.0,2808.0,0.13078703703703698,0.06481481481481488,0.08333333333333326,
739638,20240229901302,00297448,플래스크,041590,전환사채(해외전환사채포함)발행후만기전사채취득,2024-02-29,KOSDAQ,2928.0,2682.0,2577.0,2484.0,-0.0840163934426229,-0.11987704918032782,-0.15163934426229508,
738579,20240304900805,00297448,플래스크,041590,전환사채(해외전환사채포함)발행후만기전사채취득,2024-03-04,KOSDAQ,2682.0,2577.0,2583.0,2871.0,-0.03914988814317677,-0.03691275167785235,0.07046979865771807,
738575,20240304900809,00297448,플래스크,041590,전환사채(해외전환사채포함)발행후만기전사채취득,2024-03-04,KOSDAQ,2682.0,2577.0,2583.0,2871.0,-0.03914988814317677,-0.03691275167785235,0.07046979865771807,
728481,20240313001785,00297448,플래스크,041590,주요사항보고서(전환사채권발행결정),2024-03-14,KOSDAQ,4055.0,3388.0,2373.0,2132.0,-0.1644882860665845,-0.41479654747225647,-0.47422934648581994,
676559,20240409900645,00297448,플래스크,041590,기타주요경영사항              (제22회 전환사채 발행결정 철회),2024-04-09,KOSDAQ,2370.0,2370.0,2370.0,2370.0,0.0,0.0,0.0,
676602,20240409900649,00297448,플래스크,041590,전환사채(해외전환사채포함)발행후만기전사채취득,2024-04-09,KOSDAQ,2370.0,2370.0,2370.0,2370.0,0.0,0.0,0.0,
676587,20240409900654,00297448,플래스크,041590,전환사채(해외전환사채포함)발행후만기전사채취득,2024-04-09,KOSDAQ,2370.0,2370.0,2370.0,2370.0,0.0,0.0,0.0,
663855,20240419900595,00297448,플래스크,041590,전환사채(해외전환사채포함)발행후만기전사채취득              (제21회차),2024-04-19,KOSDAQ,2370.0,2370.0,2370.0,2370.0,0.0,0.0,0.0,
656993,20240430900810,00297448,플래스크,041590,전환사채(해외전환사채포함)발행후만기전사채취득              (제20회차),2024-04-30,KOSDAQ,2370.0,2370.0,2370.0,2370.0,0.0,0.0,0.0,
656991,20240430900815,00297448,플래스크,041590,전환사채(해외전환사채포함)발행후만기전사채취득              (제21회차),2024-04-30,KOSDAQ,2370.0,2370.0,2370.0,2370.0,0.0,0.0,0.0,
624166,20240628900528,00297448,플래스크,041590,"전환사채(해외전환사채포함)발행후만기전사채취득              (제 20, 21회차)",2024-06-28,KOSDAQ,2370.0,2370.0,2370.0,2370.0,0.0,0.0,0.0,
597523,20240816900192,00297448,플래스크,041590,전환사채(해외전환사채포함)발행후만기전사채취득              (제20회차),2024-08-16,KOSDAQ,2370.0,2370.0,2370.0,2370.0,0.0,0.0,0.0,
1243404,20211209900152,00308559,코디,080530,"전환사채(해외전환사채포함)발행후만기전사채취득(제12,13회차)",2021-12-09,KOSDAQ,7675.0,7575.0,7675.0,7500.0,-0.013029315960912058,0.0,-0.0228013029315961,
1211644,20220214900586,00308559,코디,080530,"전환사채(해외전환사채포함)발행후만기전사채취득(제12회차, 제13회차)",2022-02-14,KOSDAQ,7775.0,7500.0,7875.0,7950.0,-0.03536977491961413,0.012861736334405238,0.022508038585209,
1211643,20220214900594,00308559,코디,080530,전환사채(해외전환사채포함)발행후만기전사채취득(제14회차),2022-02-14,KOSDAQ,7775.0,7500.0,7875.0,7950.0,-0.03536977491961413,0.012861736334405238,0.022508038585209,
1239696,20211215000502,00977641,하이로닉,149980,주요사항보고서(전환사채권발행결정),2021-12-15,KOSDAQ,9565.0,9576.0,9418.0,11589.0,0.0011500261369576936,-0.015368531102979643,0.2116048092002092,
1240121,20211215900955,00327396,옵트론텍,082210,전환사채(해외전환사채포함)발행후만기전사채취득,2021-12-15,KOSDAQ,7960.0,8350.0,8750.0,8430.0,0.04899497487437188,0.09924623115577891,0.05904522613065333,
1234727,20211224000299,00327396,옵트론텍,082210,주요사항보고서(전환사채권발행결정),2021-12-24,KOSDAQ,8580.0,8450.0,8360.0,8680.0,-0.015151515151515138,-0.02564102564102566,0.011655011655011593,
1116477,20220526900264,00327396,옵트론텍,082210,전환사채(해외전환사채포함)발행후만기전사채취득,2022-05-26,KOSDAQ,6120.0,6120.0,6190.0,6180.0,0.0,0.011437908496731986,0.009803921568627416,
1026228,20221202900267,00327396,옵트론텍,082210,전환사채(해외전환사채포함)발행후만기전사채취득,2022-12-02,KOSDAQ,4085.0,4010.0,3890.0,3955.0,-0.01835985312117505,-0.04773561811505511,-0.03182374541003674,
1015628,20221223000455,00327396,옵트론텍,082210,주요사항보고서(전환사채권발행결정),2022-12-23,KOSDAQ,3850.0,3810.0,3750.0,3460.0,-0.010389610389610393,-0.025974025974025983,-0.10129870129870133,
1015177,20221226000268,00327396,옵트론텍,082210,주요사항보고서(전환사채권발행결정),2022-12-26,KOSDAQ,3810.0,3750.0,3750.0,3480.0,-0.015748031496062964,-0.015748031496062964,-0.08661417322834641,
1008352,20230109900380,00327396,옵트론텍,082210,전환사채(해외전환사채포함)발행후만기전사채취득,2023-01-09,KOSDAQ,3620.0,3635.0,3690.0,3715.0,0.004143646408839796,0.01933701657458564,0.026243093922651894,
1008156,20230110900189,00327396,옵트론텍,082210,전환사채(해외전환사채포함)발행후만기전사채취득,2023-01-10,KOSDAQ,3635.0,3690.0,3700.0,3690.0,0.015130674002751032,0.017881705639614776,0.015130674002751032,
999715,20230131900712,00327396,옵트론텍,082210,전환사채(해외전환사채포함)발행후만기전사채취득,2023-01-31,KOSDAQ,3785.0,3810.0,3880.0,3925.0,0.006605019815059343,0.025099075297225992,0.036988110964332854,
998875,20230202900420,00327396,옵트론텍,082210,전환사채(해외전환사채포함)발행후만기전사채취득,2023-02-02,KOSDAQ,3880.0,3940.0,3875.0,4025.0,0.015463917525773141,-0.0012886597938144284,0.037371134020618646,
838775,20230825900599,00327396,옵트론텍,082210,전환사채(해외전환사채포함)발행후만기전사채취득,2023-08-25,KOSDAQ,2815.0,2700.0,2770.0,2835.0,-0.04085257548845467,-0.01598579040852577,0.007104795737122638,
838354,20230828900179,00327396,옵트론텍,082210,전환사채(해외전환사채포함)발행후만기전사채취득,2023-08-28,KOSDAQ,2700.0,2770.0,2915.0,2755.0,0.025925925925925908,0.07962962962962972,0.020370370370370372,
778931,20231226900455,00327396,옵트론텍,082210,전환사채(해외전환사채포함)발행후만기전사채취득,2023-12-26,KOSDAQ,3445.0,3555.0,3675.0,3880.0,0.03193033381712618,0.06676342525399126,0.1262699564586358,
772828,20240109900264,00327396,옵트론텍,082210,전환사채(해외전환사채포함)발행후만기전사채취득,2024-01-09,KOSDAQ,4020.0,4140.0,3975.0,3930.0,0.029850746268656803,-0.011194029850746245,-0.02238805970149249,
762801,20240131900791,00327396,옵트론텍,082210,전환사채(해외전환사채포함)발행후만기전사채취득,2024-01-31,KOSDAQ,4095.0,3845.0,3820.0,3970.0,-0.061050061050061055,-0.06715506715506714,-0.030525030525030528,
746193,20240226900847,00327396,옵트론텍,082210,전환사채(해외전환사채포함)발행후만기전사채취득,2024-02-26,KOSDAQ,4390.0,4270.0,4245.0,4080.0,-0.02733485193621865,-0.03302961275626426,-0.07061503416856496,
732690,20240311901357,00327396,옵트론텍,082210,전환사채(해외전환사채포함)발행후만기전사채취득,2024-03-11,KOSDAQ,3860.0,3830.0,3795.0,4360.0,-0.007772020725388629,-0.016839378238341918,0.1295336787564767,
696951,20240402900569,00327396,옵트론텍,082210,전환사채(해외전환사채포함)발행후만기전사채취득,2024-04-02,KOSDAQ,4695.0,4600.0,4580.0,4410.0,-0.020234291799786974,-0.024494142705005273,-0.060702875399361034,
662799,20240423900200,00327396,옵트론텍,082210,전환사채(해외전환사채포함)발행후만기전사채취득,2024-04-23,KOSDAQ,4000.0,4280.0,4330.0,4530.0,0.07000000000000006,0.08250000000000002,0.13250000000000006,
643871,20240527000376,00327396,옵트론텍,082210,주요사항보고서(전환사채권발행결정),2024-05-27,KOSDAQ,3875.0,3785.0,3700.0,3700.0,-0.023225806451612874,-0.04516129032258065,-0.04516129032258065,
579115,20240923000374,00327396,옵트론텍,082210,주요사항보고서(전환사채권발행결정),2024-09-23,KOSDAQ,2160.0,2185.0,2215.0,2430.0,0.011574074074074181,0.02546296296296302,0.125,
579106,20240923000394,00327396,옵트론텍,082210,주요사항보고서(전환사채권발행결정),2024-09-23,KOSDAQ,2160.0,2185.0,2215.0,2430.0,0.011574074074074181,0.02546296296296302,0.125,
12959,20260511000467,00327396,옵트론텍,082210,주요사항보고서(전환사채권발행결정),2026-05-11,KOSDAQ,1832.0,1761.0,1708.0,1706.0,-0.038755458515283836,-0.06768558951965065,-0.06877729257641918,
12844,20260511000567,00327396,옵트론텍,082210,주요사항보고서(전환사채권발행결정),2026-05-11,KOSDAQ,1832.0,1761.0,1708.0,1706.0,-0.038755458515283836,-0.06768558951965065,-0.06877729257641918,
125453,20260601900780,00327396,옵트론텍,082210,전환사채(해외전환사채포함)발행후만기전사채취득              (제15회차),2026-06-01,KOSDAQ,1561.0,1524.0,1430.0,1553.0,-0.0237027546444587,-0.0839205637411915,-0.005124919923126248,
1239191,20211216000163,00838005,서진시스템,178320,주요사항보고서(전환사채권발행결정),2021-12-16,KOSDAQ,20826.0,21177.0,20351.0,20376.0,0.016853932584269593,-0.022808028426005933,-0.021607605877268843,
1239188,20211216000167,00838005,서진시스템,178320,주요사항보고서(전환사채권발행결정),2021-12-16,KOSDAQ,20826.0,21177.0,20351.0,20376.0,0.016853932584269593,-0.022808028426005933,-0.021607605877268843,
1239182,20211216000170,00838005,서진시스템,178320,주요사항보고서(전환사채권발행결정),2021-12-16,KOSDAQ,20826.0,21177.0,20351.0,20376.0,0.016853932584269593,-0.022808028426005933,-0.021607605877268843,
607677,20240806000296,00838005,서진시스템,178320,주요사항보고서(전환사채권발행결정),2024-08-06,KOSDAQ,23700.0,24000.0,26000.0,26750.0,0.012658227848101333,0.09704641350210963,0.12869198312236296,
356152,20250811900734,00838005,서진시스템,178320,전환사채(해외전환사채포함)발행후만기전사채취득              (제20회차),2025-08-11,KOSDAQ,22350.0,21250.0,21000.0,18960.0,-0.04921700223713643,-0.06040268456375841,-0.15167785234899334,
1238204,20211217900264,01071041,CJ 바이오사이언스,311690,전환사채(해외전환사채포함)발행후만기전사채취득(제1회차),2021-12-17,KOSDAQ,42090.0,41607.0,41739.0,39806.0,-0.011475409836065542,-0.008339272986457535,-0.054264670943216964,
832732,20230904900634,01071041,CJ 바이오사이언스,311690,전환사채(해외전환사채포함)발행후만기전사채취득,2023-09-04,KOSDAQ,16030.0,15950.0,16750.0,16810.0,-0.004990642545227741,0.04491578290704923,0.04865876481596998,
1237414,20211220900439,01070149,올리패스,244460,전환사채(해외전환사채포함)발행후만기전사채취득(제9회차),2021-12-20,KOSDAQ,105664.0,105434.0,104055.0,105894.0,-0.002176711084191374,-0.01522751362810415,0.002176711084191485,
1180429,20220321900990,01070149,올리패스,244460,전환사채(해외전환사채포함)발행후만기전사채취득(제9회차),2022-03-21,KOSDAQ,92672.0,92097.0,91177.0,89452.0,-0.006204678867403279,-0.016132165055248615,-0.034746201657458564,
1103503,20220620900717,01070149,올리패스,244460,전환사채(해외전환사채포함)발행후만기전사채취득(제9회차),2022-06-20,KOSDAQ,73585.0,71401.0,66572.0,68411.0,-0.029679961948766764,-0.09530474960929536,-0.0703132431881498,
1061122,20220920900338,01070149,올리패스,244460,전환사채(해외전환사채포함)발행후만기전사채취득(제9회차),2022-09-20,KOSDAQ,60248.0,58868.0,60248.0,61513.0,-0.02290532465807993,0.0,0.02099654760323988,
1017817,20221220900350,01070149,올리패스,244460,전환사채(해외전환사채포함)발행후만기전사채취득(제9회차),2022-12-20,KOSDAQ,62088.0,61628.0,61168.0,61513.0,-0.007408839067130524,-0.014817678134261048,-0.00926104883391321,
832628,20230904000185,01070149,올리패스,244460,주요사항보고서(전환사채권발행결정),2023-09-04,KOSDAQ,24547.0,25180.0,28859.0,29549.0,0.025787265246262292,0.17566301381024152,0.20377235507393987,
782226,20231218000345,01070149,올리패스,244460,주요사항보고서(전환사채권발행결정),2023-12-19,KOSDAQ,9600.0,9382.0,9140.0,8818.0,-0.02270833333333333,-0.04791666666666672,-0.0814583333333333,
782225,20231218000346,01070149,올리패스,244460,주요사항보고서(전환사채권발행결정),2023-12-19,KOSDAQ,9600.0,9382.0,9140.0,8818.0,-0.02270833333333333,-0.04791666666666672,-0.0814583333333333,
736651,20240306000711,01070149,올리패스,244460,주요사항보고서(전환사채권발행결정),2024-03-06,KOSDAQ,6760.0,6496.0,7496.0,6645.0,-0.03905325443786978,0.10887573964497044,-0.017011834319526575,
592306,20240828900360,01070149,올리패스,244460,기타주요경영사항              (제12회차 전환사채권 발행결정 철회),2024-08-28,KOSDAQ,7726.0,8289.0,8151.0,8151.0,0.07287082578307014,0.05500906031581665,0.05500906031581665,
453475,20250331004241,01070149,올리패스,244460,주요사항보고서(전환사채권발행결정),2025-03-31,KOSDAQ,3105.0,3050.0,3015.0,1651.0,-0.017713365539452464,-0.02898550724637683,-0.4682769726247987,
414901,20250416900593,01070149,올리패스,244460,전환사채(해외전환사채포함)발행후만기전사채취득              (제10회차),2025-04-16,KOSDAQ,1651.0,1651.0,1651.0,1651.0,0.0,0.0,0.0,
286663,20251218000337,01070149,올리패스,244460,주요사항보고서(전환사채권발행결정),2025-12-18,KOSDAQ,1651.0,1651.0,1651.0,1651.0,0.0,0.0,0.0,
1236689,20211221000400,00555874,제주항공,089590,주요사항보고서(전환사채권발행결정),2021-12-21,KOSPI,14979.0,15298.0,15344.0,15435.0,0.021296481741104323,0.024367447760197614,0.030442619667534476,
1236676,20211221800653,00125080,AK홀딩스,006840,주요사항보고서(전환사채권발행결정)(자회사의 주요경영사항),2021-12-21,KOSPI,20150.0,20000.0,20000.0,19350.0,-0.007444168734491274,-0.007444168734491274,-0.03970223325062039,
1236564,20211221000473,00409140,이원컴포텍,088290,주요사항보고서(전환사채권발행결정),2021-12-22,KOSDAQ,40600.0,40100.0,39100.0,40600.0,-0.012315270935960632,-0.036945812807881784,0.0,
1236563,20211221000475,00409140,이원컴포텍,088290,주요사항보고서(전환사채권발행결정),2021-12-22,KOSDAQ,40600.0,40100.0,39100.0,40600.0,-0.012315270935960632,-0.036945812807881784,0.0,
1218955,20220128900282,00409140,이원컴포텍,088290,전환사채(해외전환사채포함)발행후만기전사채취득(제4회차),2022-01-28,KOSDAQ,40750.0,41350.0,41550.0,41100.0,0.014723926380368013,0.019631901840490906,0.008588957055214674,
1196012,20220304901066,00409140,이원컴포텍,088290,전환사채(해외전환사채포함)발행후만기전사채취득(제3회차),2022-03-04,KOSDAQ,44200.0,42500.0,42750.0,43350.0,-0.038461538461538436,-0.03280542986425339,-0.019230769230769273,
988888,20230221900764,00409140,이원컴포텍,088290,전환사채(해외전환사채포함)발행후만기전사채취득(제6회차),2023-02-21,KOSDAQ,35500.0,35500.0,35500.0,36950.0,0.0,0.0,0.04084507042253516,
988348,20230222900456,00409140,이원컴포텍,088290,전환사채(해외전환사채포함)발행후만기전사채취득(제6회차),2023-02-22,KOSDAQ,35500.0,35500.0,35500.0,38850.0,0.0,0.0,0.09436619718309869,
979595,20230302000601,00409140,이원컴포텍,088290,주요사항보고서(전환사채권발행결정),2023-03-02,KOSDAQ,38850.0,40000.0,41250.0,44850.0,0.029601029601029616,0.061776061776061875,0.15444015444015435,
979554,20230302000605,00409140,이원컴포텍,088290,주요사항보고서(전환사채권발행결정),2023-03-02,KOSDAQ,38850.0,40000.0,41250.0,44850.0,0.029601029601029616,0.061776061776061875,0.15444015444015435,
976087,20230308000335,00409140,이원컴포텍,088290,주요사항보고서(전환사채권발행결정),2023-03-08,KOSDAQ,41900.0,44850.0,43750.0,39300.0,0.07040572792362765,0.04415274463007157,-0.06205250596658707,
869012,20230629900730,00409140,이원컴포텍,088290,전환사채(해외전환사채포함)발행후만기전사채취득(제4회차),2023-06-29,KOSDAQ,21500.0,21175.0,22550.0,22000.0,-0.015116279069767424,0.04883720930232549,0.023255813953488413,
869006,20230629900752,00409140,이원컴포텍,088290,전환사채(해외전환사채포함)발행후만기전사채취득(제6회차),2023-06-29,KOSDAQ,21500.0,21175.0,22550.0,22000.0,-0.015116279069767424,0.04883720930232549,0.023255813953488413,
827146,20230919900121,00409140,이원컴포텍,088290,전환사채(해외전환사채포함)발행후만기전사채취득(제6회차),2023-09-19,KOSDAQ,13700.0,13400.0,12650.0,13825.0,-0.021897810218978075,-0.07664233576642332,0.009124087591240837,
798767,20231121900456,00409140,이원컴포텍,088290,전환사채(해외전환사채포함)발행후만기전사채취득(제7회차),2023-11-21,KOSDAQ,16100.0,15650.0,15050.0,14700.0,-0.02795031055900621,-0.06521739130434778,-0.08695652173913049,
561495,20241105000192,00409140,이원컴포텍,088290,주요사항보고서(전환사채권발행결정),2024-11-05,KOSDAQ,5675.0,5665.0,5645.0,5010.0,-0.0017621145374449032,-0.005286343612334821,-0.11718061674008806,
561004,20241106900517,00409140,이원컴포텍,088290,전환사채(해외전환사채포함)발행후만기전사채취득,2024-11-06,KOSDAQ,5665.0,5645.0,5600.0,4785.0,-0.003530450132391838,-0.011473962930273585,-0.15533980582524276,
334604,20250912900284,00409140,이원컴포텍,088290,전환사채(해외전환사채포함)발행후만기전사채취득,2025-09-12,KOSDAQ,5230.0,5200.0,5180.0,5170.0,-0.005736137667303964,-0.009560229445506718,-0.01147227533460804,
334602,20250912900285,00409140,이원컴포텍,088290,전환사채(해외전환사채포함)발행후만기전사채취득,2025-09-12,KOSDAQ,5230.0,5200.0,5180.0,5170.0,-0.005736137667303964,-0.009560229445506718,-0.01147227533460804,
324715,20251010900356,00409140,이원컴포텍,088290,전환사채(해외전환사채포함)발행후만기전사채취득,2025-10-10,KOSDAQ,5205.0,5250.0,5080.0,5090.0,0.008645533141210304,-0.0240153698366955,-0.022094140249759864,
97214,20260312001440,00409140,이원컴포텍,088290,주요사항보고서(전환사채권발행결정),2026-03-13,KOSDAQ,2965.0,2920.0,2910.0,2415.0,-0.015177065767284947,-0.018549747048903886,-0.18549747048903875,
87004,20260320901533,00409140,이원컴포텍,088290,전환사채(해외전환사채포함)발행후만기전사채취득,2026-03-20,KOSDAQ,2415.0,2335.0,1970.0,2160.0,-0.0331262939958592,-0.18426501035196685,-0.10559006211180122,
87000,20260320901538,00409140,이원컴포텍,088290,전환사채(해외전환사채포함)발행후만기전사채취득,2026-03-20,KOSDAQ,2415.0,2335.0,1970.0,2160.0,-0.0331262939958592,-0.18426501035196685,-0.10559006211180122,
1236477,20211222900150,00781202,파이온엑스,900100,전환사채(해외전환사채포함)발행후만기전사채취득(제22회차),2021-12-22,KOSDAQ,38000.0,38000.0,38000.0,38000.0,0.0,0.0,0.0,
769950,20240116000163,00781202,파이온엑스,900100,주요사항보고서(전환사채권발행결정),2024-01-16,KOSDAQ,19650.0,20200.0,20150.0,18490.0,0.027989821882951738,0.025445292620865034,-0.0590330788804071,
644033,20240527000227,00781202,파이온엑스,900100,주요사항보고서(전환사채권발행결정),2024-05-27,KOSDAQ,15190.0,14200.0,13100.0,12700.0,-0.06517445687952605,-0.1375905200789993,-0.16392363396971688,
379062,20250623000330,00781202,파이온엑스,900100,주요사항보고서(전환사채권발행결정),2025-06-23,KOSDAQ,10760.0,11910.0,11480.0,11270.0,0.10687732342007439,0.06691449814126393,0.047397769516728694,
28517,20260414002746,00781202,파이온엑스,900100,주요사항보고서(전환사채권발행결정),2026-04-15,KOSDAQ,4740.0,4180.0,4220.0,6600.0,-0.11814345991561181,-0.10970464135021096,0.39240506329113933,
1234191,20211227900297,00585538,에스에너지,095910,전환사채(해외전환사채포함)발행후만기전사채취득,2021-12-27,KOSDAQ,3646.0,3641.0,3687.0,3716.0,-0.0013713658804168638,0.01124520021941855,0.019199122325836537,
1233690,20211227000456,01189438,HLB바이오스텝,278650,[첨부추가]주요사항보고서(전환사채권발행결정),2021-12-28,KOSDAQ,15595.0,15595.0,15930.0,16155.0,0.0,0.021481243988457743,0.03590894517473542,
1233689,20211227000457,01189438,HLB바이오스텝,278650,[첨부추가]주요사항보고서(전환사채권발행결정),2021-12-28,KOSDAQ,15595.0,15595.0,15930.0,16155.0,0.0,0.021481243988457743,0.03590894517473542,
770317,20240115900683,01189438,HLB바이오스텝,278650,전환사채(해외전환사채포함)발행후만기전사채취득,2024-01-15,KOSDAQ,14700.0,14400.0,14225.0,14200.0,-0.020408163265306145,-0.03231292517006801,-0.03401360544217691,
660802,20240425000626,01189438,HLB바이오스텝,278650,주요사항보고서(전환사채권발행결정),2024-04-25,KOSDAQ,19300.0,18900.0,18650.0,17850.0,-0.020725388601036232,-0.033678756476683946,-0.07512953367875652,
508813,20250212000769,01189438,HLB바이오스텝,278650,주요사항보고서(전환사채권발행결정),2025-02-12,KOSDAQ,11075.0,10925.0,11475.0,12200.0,-0.013544018058690765,0.03611738148984189,0.10158013544018063,
1232132,20211229900834,00961507,케일럼,258610,전환사채(해외전환사채포함)발행후만기전사채취득(제4회차),2021-12-29,KOSDAQ,5300.0,5360.0,5320.0,5000.0,0.01132075471698113,0.0037735849056603765,-0.05660377358490565,
1231536,20211230900471,00961507,케일럼,258610,전환사채(해외전환사채포함)발행후만기전사채취득(제4회차),2021-12-30,KOSDAQ,5360.0,5320.0,5190.0,4990.0,-0.007462686567164201,-0.03171641791044777,-0.06902985074626866,
1217240,20220204900309,00961507,케일럼,258610,전환사채(해외전환사채포함)발행후만기전사채취득,2022-02-04,KOSDAQ,4785.0,4780.0,4740.0,4600.0,-0.0010449320794148065,-0.009404388714733591,-0.03866248693834906,
1085391,20220729900469,00961507,케일럼,258610,전환사채(해외전환사채포함)발행후만기전사채취득(제4회차),2022-07-29,KOSDAQ,4210.0,4215.0,4140.0,4290.0,0.0011876484560569,-0.016627078384798155,0.019002375296912177,
1066358,20220902900322,00961507,케일럼,258610,전환사채(해외전환사채포함)발행후만기전사채취득(제4회차),2022-09-02,KOSDAQ,3850.0,3960.0,4255.0,4140.0,0.02857142857142847,0.10519480519480529,0.07532467532467524,
1000653,20230130900231,00961507,케일럼,258610,전환사채(해외전환사채포함)발행후만기전사채취득,2023-01-30,KOSDAQ,2810.0,2800.0,2810.0,2795.0,-0.003558718861209953,0.0,-0.005338078291814985,
918362,20230411900273,00961507,케일럼,258610,전환사채(해외전환사채포함)발행후만기전사채취득(제4회차),2023-04-11,KOSDAQ,3110.0,3205.0,3080.0,3100.0,0.030546623794212246,-0.009646302250803873,-0.003215434083601254,
899822,20230502900231,00961507,케일럼,258610,전환사채(해외전환사채포함)발행후만기전사채취득(제4회차),2023-05-02,KOSDAQ,3670.0,3985.0,4755.0,4530.0,0.08583106267029983,0.2956403269754768,0.2343324250681198,
1231065,20211230000722,00346911,아이톡시,052770,주요사항보고서(전환사채권발행결정),2021-12-31,KOSDAQ,7433.0,7433.0,7433.0,7433.0,0.0,0.0,0.0,
1148521,20220407001737,00346911,아이톡시,052770,주요사항보고서(전환사채권발행결정),2022-04-07,KOSDAQ,7433.0,7433.0,7433.0,7433.0,0.0,0.0,0.0,
1054959,20221005900678,00346911,아이톡시,052770,전환사채(해외전환사채포함)발행후만기전사채취득(제11회차),2022-10-05,KOSDAQ,7433.0,7433.0,7433.0,7433.0,0.0,0.0,0.0,
898583,20230503000725,00346911,아이톡시,052770,주요사항보고서(전환사채권발행결정),2023-05-03,KOSDAQ,7433.0,7433.0,7433.0,7433.0,0.0,0.0,0.0,
736570,20240306000002,00346911,아이톡시,052770,[첨부추가]주요사항보고서(전환사채권발행결정),2024-03-06,KOSDAQ,8775.0,8672.0,8568.0,9559.0,-0.011737891737891748,-0.02358974358974364,0.08934472934472937,
638390,20240531900706,00346911,아이톡시,052770,증권발행결과(자율공시)              (제15회 무기명식 이권부 무보증 사모 영구전환사채),2024-05-31,KOSDAQ,6718.0,6487.0,6289.0,6206.0,-0.03438523370050606,-0.06385829115808273,-0.07621315867817802,
531966,20241223000364,00346911,아이톡시,052770,주요사항보고서(전환사채권발행결정),2024-12-23,KOSDAQ,4224.0,4216.0,3910.0,3873.0,-0.0018939393939394478,-0.07433712121212122,-0.08309659090909094,
280015,20251230000928,00346911,아이톡시,052770,주요사항보고서(전환사채권발행결정),2025-12-31,KOSDAQ,662.0,730.0,729.0,1071.0,0.10271903323262843,0.1012084592145015,0.6178247734138973,
279987,20251231000002,00346911,아이톡시,052770,주요사항보고서(전환사채권발행결정),2025-12-31,KOSDAQ,662.0,730.0,729.0,1071.0,0.10271903323262843,0.1012084592145015,0.6178247734138973,
279318,20251231900743,00346911,아이톡시,052770,기타주요경영사항              (제18회차 전환사채권 발행 결정 철회),2025-12-31,KOSDAQ,662.0,730.0,729.0,1071.0,0.10271903323262843,0.1012084592145015,0.6178247734138973,
1226443,20220111000410,00614593,넥스트아이,137940,주요사항보고서(전환사채권발행결정),2022-01-11,KOSDAQ,13750.0,13600.0,13500.0,12750.0,-0.010909090909090868,-0.018181818181818188,-0.07272727272727275,
1196148,20220304900921,00614593,넥스트아이,137940,전환사채(해외전환사채포함)발행후만기전사채취득,2022-03-04,KOSDAQ,12500.0,12050.0,12450.0,12200.0,-0.03600000000000003,-0.0040000000000000036,-0.02400000000000002,
1140837,20220411900709,00614593,넥스트아이,137940,전환사채(해외전환사채포함)발행후만기전사채취득,2022-04-11,KOSDAQ,12100.0,12000.0,12050.0,11750.0,-0.008264462809917328,-0.004132231404958664,-0.02892561983471076,
1108727,20220607900520,00614593,넥스트아이,137940,전환사채(해외전환사채포함)발행후만기전사채취득,2022-06-07,KOSDAQ,9610.0,9640.0,9450.0,8360.0,0.003121748178980255,-0.01664932362122784,-0.13007284079084291,
1092681,20220712900507,00614593,넥스트아이,137940,전환사채(해외전환사채포함)발행후만기전사채취득,2022-07-12,KOSDAQ,6970.0,6860.0,6890.0,7090.0,-0.015781922525107572,-0.011477761836441891,0.017216642754662947,
1081348,20220810900542,00614593,넥스트아이,137940,기타주요경영사항(제6회차 전환사채권 발행결정 철회),2022-08-10,KOSDAQ,7450.0,7390.0,7300.0,7190.0,-0.008053691275167751,-0.020134228187919434,-0.03489932885906044,
1065441,20220906900365,00614593,넥스트아이,137940,전환사채(해외전환사채포함)발행후만기전사채취득,2022-09-06,KOSDAQ,6730.0,6640.0,6600.0,6460.0,-0.013372956909361022,-0.019316493313521588,-0.04011887072808318,
1040449,20221110900589,00614593,넥스트아이,137940,전환사채(해외전환사채포함)발행후만기전사채취득(제5회차),2022-11-10,KOSDAQ,6130.0,6300.0,6430.0,6430.0,0.027732463295269127,0.048939641109298604,0.048939641109298604,
1226163,20220112900145,00108649,TPC로보틱스,048770,전환사채(해외전환사채포함)발행후만기전사채취득,2022-01-12,KOSDAQ,5270.0,5250.0,5250.0,4230.0,-0.003795066413662229,-0.003795066413662229,-0.19734345351043647,
1224928,20220114000413,01041828,JTC,950170,주요사항보고서(전환사채권발행결정),2022-01-14,KOSDAQ,3800.0,3735.0,3640.0,3025.0,-0.017105263157894735,-0.04210526315789476,-0.20394736842105265,
1187402,20220315901014,01041828,JTC,950170,전환사채(해외전환사채포함)발행후만기전사채취득(제1회차),2022-03-15,KOSDAQ,4270.0,4345.0,4365.0,4440.0,0.017564402810304358,0.022248243559718883,0.03981264637002346,
1224816,20220114900589,00533191,비보존 제약,082800,"전환사채(해외전환사채포함)발행후만기전사채취득(제16회차, 제17회차)",2022-01-14,KOSDAQ,5012.0,4894.0,4746.0,4376.0,-0.023543495610534704,-0.05307262569832405,-0.1268954509177973,
1224422,20220117900504,00533191,비보존 제약,082800,전환사채(해외전환사채포함)발행후만기전사채취득(제13회차),2022-01-17,KOSDAQ,4894.0,4746.0,4727.0,4181.0,-0.030241111565181833,-0.03412341642827954,-0.14568859828361258,
1098796,20220629900711,00533191,비보존 제약,082800,전환사채(해외전환사채포함)발행후만기전사채취득(제18회차 CB),2022-06-29,KOSDAQ,4438.0,4433.0,4247.0,4380.0,-0.0011266336187472081,-0.04303740423614244,-0.013068949977467326,
1090576,20220718900489,00533191,비보존 제약,082800,전환사채(해외전환사채포함)발행후만기전사채취득(제13회차),2022-07-18,KOSDAQ,4537.0,4537.0,4628.0,4742.0,0.0,0.02005730659025784,0.04518404231871287,
1057419,20220929900289,00533191,비보존 제약,082800,전환사채(해외전환사채포함)발행후만기전사채취득(제18회차),2022-09-29,KOSDAQ,2589.0,2622.0,2627.0,3673.0,0.012746234067207318,0.014677481653147861,0.4186944766319043,
1050791,20221017900150,00533191,비보존 제약,082800,전환사채(해외전환사채포함)발행후만기전사채취득(제13회차),2022-10-17,KOSDAQ,3425.0,3753.0,3777.0,3801.0,0.09576642335766428,0.10277372262773721,0.10978102189781014,
1038923,20221111000994,00533191,비보존 제약,082800,[첨부추가]주요사항보고서(전환사채권발행결정),2022-11-11,KOSDAQ,3421.0,3482.0,3269.0,3292.0,0.017831043554516146,-0.04443145279158145,-0.037708272434960555,
781485,20231220900220,00533191,비보존 제약,082800,전환사채(해외전환사채포함)발행후만기전사채취득(제20회차),2023-12-20,KOSDAQ,2879.0,2850.0,2993.0,2850.0,-0.010072941993747864,0.039597082320250054,-0.010072941993747864,
722138,20240320900433,00533191,비보존 제약,082800,전환사채(해외전환사채포함)발행후만기전사채취득              (제20회차),2024-03-20,KOSDAQ,2926.0,3088.0,3349.0,3150.0,0.055365686944634396,0.14456596035543412,0.07655502392344493,
629785,20240620900145,00533191,비보존 제약,082800,전환사채(해외전환사채포함)발행후만기전사채취득,2024-06-20,KOSDAQ,2984.0,2931.0,2874.0,2893.0,-0.017761394101876715,-0.03686327077747986,-0.030495978552278813,
544977,20241202000001,00533191,비보존 제약,082800,주요사항보고서(전환사채권발행결정),2024-12-02,KOSDAQ,7222.0,7298.0,7260.0,6509.0,0.010523400720022114,0.005261700360011057,-0.0987261146496815,
68962,20260331902393,00533191,비보존 제약,082800,전환사채(해외전환사채포함)발행후만기전사채취득              (제15회차),2026-03-31,KOSDAQ,3225.0,3200.0,3080.0,2980.0,-0.007751937984496138,-0.04496124031007753,-0.07596899224806197,
17030,20260430901635,00533191,비보존 제약,082800,전환사채(해외전환사채포함)발행후만기전사채취득              (제15회차),2026-04-30,KOSDAQ,3230.0,3190.0,3090.0,2900.0,-0.012383900928792602,-0.04334365325077394,-0.10216718266253866,
1223967,20220118000259,00148920,조광페인트,004910,주요사항보고서(전환사채권발행결정),2022-01-18,KOSPI,9390.0,10350.0,10600.0,8580.0,0.10223642172523961,0.12886048988285403,-0.08626198083067094,
1223872,20220118000367,00147082,재영솔루텍,049630,주요사항보고서(전환사채권발행결정),2022-01-18,KOSDAQ,5425.0,5650.0,5625.0,5250.0,0.041474654377880116,0.03686635944700467,-0.032258064516129004,
796768,20231127900185,00147082,재영솔루텍,049630,전환사채(해외전환사채포함)발행후만기전사채취득,2023-11-27,KOSDAQ,3010.0,2975.0,3005.0,3065.0,-0.011627906976744207,-0.0016611295681062677,0.0182724252491695,
1223970,20220118900404,00624518,다산솔루에타,154040,전환사채(해외전환사채포함)발행후만기전사채취득,2022-01-18,KOSDAQ,3280.0,3235.0,3300.0,2895.0,-0.013719512195121908,0.0060975609756097615,-0.11737804878048785,
1037205,20221114901797,00624518,다산솔루에타,154040,전환사채(해외전환사채포함)발행후만기전사채취득,2022-11-14,KOSDAQ,2645.0,2585.0,2700.0,2660.0,-0.022684310018903586,0.020793950850661602,0.005671077504725952,
1021068,20221214900832,00624518,다산솔루에타,154040,전환사채(해외전환사채포함)발행후만기전사채취득,2022-12-14,KOSDAQ,2785.0,2770.0,2630.0,2640.0,-0.0053859964093356805,-0.055655296229802476,-0.05206463195691202,
666352,20240415900607,00624518,다산솔루에타,154040,전환사채(해외전환사채포함)발행후만기전사채취득,2024-04-15,KOSDAQ,1500.0,1440.0,1493.0,1476.0,-0.040000000000000036,-0.004666666666666708,-0.016000000000000014,
661799,20240424900440,00624518,다산솔루에타,154040,전환사채(해외전환사채포함)발행후만기전사채취득,2024-04-24,KOSDAQ,1490.0,1470.0,1470.0,1520.0,-0.01342281879194629,-0.01342281879194629,0.020134228187919545,
644572,20240524900412,00624518,다산솔루에타,154040,전환사채(해외전환사채포함)발행후만기전사채취득,2024-05-24,KOSDAQ,1639.0,1645.0,1700.0,1607.0,0.0036607687614398365,0.03721781574130567,-0.019524100061012795,
636127,20240604900330,00624518,다산솔루에타,154040,전환사채(해외전환사채포함)발행후만기전사채취득,2024-06-04,KOSDAQ,1626.0,1613.0,1614.0,1642.0,-0.00799507995079951,-0.0073800738007380184,0.009840098400984099,
567299,20241023900471,00624518,다산솔루에타,154040,전환사채(해외전환사채포함)발행후만기전사채취득,2024-10-23,KOSDAQ,1665.0,1670.0,1712.0,1779.0,0.0030030030030030463,0.028228228228228236,0.06846846846846844,
339130,20250902900001,00624518,다산솔루에타,154040,전환사채(해외전환사채포함)발행후만기전사채취득,2025-09-02,KOSDAQ,1231.0,1224.0,1221.0,1207.0,-0.005686433793663737,-0.008123476848091005,-0.019496344435418367,
1223917,20220118900463,01188378,시스웍,269620,전환사채(해외전환사채포함)발행후만기전사채취득,2022-01-18,KOSDAQ,906.0,887.0,905.0,799.0,-0.020971302428256067,-0.001103752759381904,-0.11810154525386318,
1175240,20220324901281,01188378,시스웍,269620,전환사채(해외전환사채포함)발행후만기전사채취득,2022-03-24,KOSDAQ,889.0,889.0,889.0,889.0,0.0,0.0,0.0,
1156693,20220404900759,01188378,시스웍,269620,전환사채(해외전환사채포함)발행후만기전사채취득,2022-04-04,KOSDAQ,889.0,889.0,889.0,889.0,0.0,0.0,0.0,
1118689,20220520900479,01188378,시스웍,269620,전환사채(해외전환사채포함)발행후만기전사채취득,2022-05-20,KOSDAQ,889.0,889.0,889.0,889.0,0.0,0.0,0.0,
1072440,20220825900479,01188378,시스웍,269620,전환사채(해외전환사채포함)발행후만기전사채취득,2022-08-25,KOSDAQ,889.0,889.0,889.0,889.0,0.0,0.0,0.0,
1221431,20220124000219,00141477,영흥,012160,주요사항보고서(전환사채권발행결정),2022-01-24,KOSPI,994.0,960.0,960.0,945.0,-0.03420523138832998,-0.03420523138832998,-0.04929577464788737,
1220860,20220125900575,00201432,비츠로시스,054220,전환사채(해외전환사채포함)발행후만기전사채취득(제10회차),2022-01-25,KOSDAQ,22420.0,22420.0,22420.0,22420.0,0.0,0.0,0.0,
1021841,20221213000299,00201432,비츠로시스,054220,주요사항보고서(전환사채권발행결정),2022-12-13,KOSDAQ,5860.0,5900.0,5685.0,5165.0,0.006825938566553003,-0.029863481228668887,-0.1186006825938567,
1021839,20221213000304,00201432,비츠로시스,054220,주요사항보고서(전환사채권발행결정),2022-12-13,KOSDAQ,5860.0,5900.0,5685.0,5165.0,0.006825938566553003,-0.029863481228668887,-0.1186006825938567,
780623,20231221000328,00201432,비츠로시스,054220,주요사항보고서(전환사채권발행결정),2023-12-21,KOSDAQ,3015.0,2885.0,3005.0,2960.0,-0.04311774461028195,-0.0033167495854062867,-0.018242122719734688,
779956,20231222900276,00201432,비츠로시스,054220,전환사채(해외전환사채포함)발행후만기전사채취득(제12회차),2023-12-22,KOSDAQ,2885.0,3005.0,2870.0,3060.0,0.04159445407279039,-0.005199306759098743,0.060658578856152445,
650989,20240514900551,00201432,비츠로시스,054220,전환사채(해외전환사채포함)발행후만기전사채취득              (제11회차),2024-05-14,KOSDAQ,2560.0,2505.0,2495.0,2440.0,-0.021484375,-0.025390625,-0.046875,
626906,20240625000364,00201432,비츠로시스,054220,주요사항보고서(전환사채권발행결정),2024-06-25,KOSDAQ,2330.0,2335.0,2320.0,2280.0,0.0021459227467810482,-0.0042918454935622075,-0.02145922746781115,
626072,20240626900843,00201432,비츠로시스,054220,전환사채(해외전환사채포함)발행후만기전사채취득              (제12회차),2024-06-26,KOSDAQ,2335.0,2320.0,2325.0,2215.0,-0.0064239828693790635,-0.004282655246252709,-0.051391862955032175,
566606,20241024000452,00201432,비츠로시스,054220,주요사항보고서(전환사채권발행결정),2024-10-24,KOSDAQ,2205.0,2190.0,2205.0,2220.0,-0.006802721088435382,0.0,0.006802721088435382,
541852,20241209900421,00201432,비츠로시스,054220,전환사채(해외전환사채포함)발행후만기전사채취득              (제11회차),2024-12-09,KOSDAQ,2270.0,2425.0,2500.0,2575.0,0.06828193832599116,0.1013215859030836,0.13436123348017626,
535000,20241217900637,00201432,비츠로시스,054220,전환사채(해외전환사채포함)발행후만기전사채취득              (제13회차),2024-12-17,KOSDAQ,2580.0,2600.0,2610.0,2625.0,0.007751937984496138,0.011627906976744207,0.01744186046511631,
517204,20250124901064,00201432,비츠로시스,054220,전환사채(해외전환사채포함)발행후만기전사채취득              (제13회차),2025-01-24,KOSDAQ,2350.0,2335.0,2215.0,2240.0,-0.006382978723404209,-0.057446808510638325,-0.04680851063829783,
377073,20250626900583,00201432,비츠로시스,054220,전환사채(해외전환사채포함)발행후만기전사채취득              (제14회차),2025-06-26,KOSDAQ,1740.0,1780.0,1685.0,1735.0,0.02298850574712641,-0.031609195402298895,-0.002873563218390829,
329164,20250926900249,00201432,비츠로시스,054220,전환사채(해외전환사채포함)발행후만기전사채취득              (제14회차),2025-09-26,KOSDAQ,2085.0,2215.0,2195.0,2285.0,0.062350119904076795,0.052757793764987904,0.09592326139088736,
319531,20251024900234,00201432,비츠로시스,054220,전환사채(해외전환사채포함)발행후만기전사채취득              (제15회차),2025-10-24,KOSDAQ,2185.0,2180.0,2135.0,2175.0,-0.0022883295194507935,-0.022883295194508046,-0.004576659038901587,
297853,20251128901155,00201432,비츠로시스,054220,전환사채(해외전환사채포함)발행후만기전사채취득              (제15회차),2025-11-28,KOSDAQ,1910.0,1900.0,1795.0,1900.0,-0.005235602094240788,-0.060209424083769614,-0.005235602094240788,
282658,20251226900204,00201432,비츠로시스,054220,전환사채(해외전환사채포함)발행후만기전사채취득              (제14회차),2025-12-26,KOSDAQ,1975.0,1960.0,1955.0,1995.0,-0.0075949367088608,-0.010126582278481067,0.010126582278481067,
21653,20260427900522,00201432,비츠로시스,054220,전환사채(해외전환사채포함)발행후만기전사채취득              (제15회차),2026-04-27,KOSDAQ,2740.0,2740.0,2740.0,2740.0,0.0,0.0,0.0,
1220147,20220126000359,01310773,엔시스,333620,주요사항보고서(전환사채권발행결정),2022-01-26,KOSDAQ,20800.0,19700.0,19650.0,19750.0,-0.05288461538461542,-0.055288461538461564,-0.050480769230769273,
660863,20240425000562,01310773,엔시스,333620,주요사항보고서(전환사채권발행결정),2024-04-25,KOSDAQ,8040.0,7910.0,8100.0,8240.0,-0.016169154228855676,0.00746268656716409,0.02487562189054726,
611187,20240729900569,01310773,엔시스,333620,전환사채(해외전환사채포함)발행후만기전사채취득,2024-07-29,KOSDAQ,10710.0,10770.0,10770.0,8260.0,0.0056022408963585235,0.0056022408963585235,-0.2287581699346405,
1219149,20220127000421,00513948,녹십자엠에스,142280,주요사항보고서(전환사채권발행결정),2022-01-28,KOSDAQ,6750.0,7510.0,6980.0,9770.0,0.11259259259259258,0.034074074074074145,0.4474074074074075,
760549,20240205900665,00513948,녹십자엠에스,142280,전환사채(해외전환사채포함)발행후만기전사채취득,2024-02-05,KOSDAQ,4555.0,4485.0,4415.0,4430.0,-0.015367727771679496,-0.03073545554335899,-0.027442371020856227,
654657,20240507900435,00513948,녹십자엠에스,142280,전환사채(해외전환사채포함)발행후만기전사채취득,2024-05-07,KOSDAQ,4100.0,4100.0,4080.0,4085.0,0.0,-0.004878048780487809,-0.003658536585365857,
608091,20240805900844,00513948,녹십자엠에스,142280,전환사채(해외전환사채포함)발행후만기전사채취득,2024-08-05,KOSDAQ,3705.0,3875.0,4350.0,5570.0,0.045883940620782715,0.1740890688259109,0.5033738191632928,
562033,20241104900377,00513948,녹십자엠에스,142280,전환사채(해외전환사채포함)발행후만기전사채취득,2024-11-04,KOSDAQ,4215.0,4250.0,4170.0,3945.0,0.008303677342823335,-0.010676156583629859,-0.06405693950177938,
515267,20250204900733,00513948,녹십자엠에스,142280,전환사채(해외전환사채포함)발행후만기전사채취득,2025-02-04,KOSDAQ,3695.0,3760.0,3745.0,3675.0,0.017591339648173276,0.013531799729364025,-0.005412719891745632,
1217591,20220203000390,00347716,중앙첨단소재,051980,주요사항보고서(전환사채권발행결정),2022-02-03,KOSDAQ,1734.0,1740.0,1696.0,1631.0,0.0034602076124568004,-0.021914648212226107,-0.05940023068050748,
1217467,20220203000421,00347716,중앙첨단소재,051980,주요사항보고서(전환사채권발행결정),2022-02-04,KOSDAQ,1740.0,1696.0,1582.0,1560.0,-0.025287356321839094,-0.09080459770114946,-0.10344827586206895,
1059014,20220926900455,00347716,중앙첨단소재,051980,전환사채(해외전환사채포함)발행후만기전사채취득(제10회차),2022-09-26,KOSDAQ,425.0,436.0,434.0,438.0,0.025882352941176467,0.021176470588235352,0.030588235294117583,
1058734,20220927900271,00347716,중앙첨단소재,051980,전환사채(해외전환사채포함)발행후만기전사채취득(제10회차),2022-09-27,KOSDAQ,436.0,434.0,444.0,392.0,-0.004587155963302725,0.0183486238532109,-0.1009174311926605,
1023365,20221209000406,00347716,중앙첨단소재,051980,주요사항보고서(전환사채권발행결정),2022-12-09,KOSDAQ,925.0,1200.0,1040.0,1540.0,0.29729729729729737,0.12432432432432439,0.664864864864865,
947789,20230330001797,00347716,중앙첨단소재,051980,주요사항보고서(전환사채권발행결정),2023-03-31,KOSDAQ,3620.0,4070.0,4395.0,5070.0,0.12430939226519344,0.21408839779005517,0.40055248618784534,
873440,20230620000377,00347716,중앙첨단소재,051980,주요사항보고서(전환사채권발행결정),2023-06-20,KOSDAQ,4510.0,4310.0,4215.0,3985.0,-0.04434589800443456,-0.06541019955654104,-0.11640798226164084,
1217897,20220203900367,00111838,대원,007680,전환사채(해외전환사채포함)발행후만기전사채취득,2022-02-03,KOSDAQ,9050.0,9120.0,9230.0,9310.0,0.007734806629834168,0.019889502762430844,0.02872928176795586,
1195655,20220307900322,00111838,대원,007680,전환사채(해외전환사채포함)발행후만기전사채취득,2022-03-07,KOSDAQ,9380.0,9340.0,9640.0,9800.0,-0.004264392324093813,0.02771855010660973,0.04477611940298498,
1084894,20220801900188,00111838,대원,007680,전환사채(해외전환사채포함)발행후만기전사채취득,2022-08-01,KOSDAQ,8900.0,8940.0,8760.0,8850.0,0.004494382022471877,-0.01573033707865168,-0.005617977528089901,
1044432,20221101900263,00111838,대원,007680,전환사채(해외전환사채포함)발행후만기전사채취득,2022-11-01,KOSDAQ,7180.0,7210.0,7120.0,7330.0,0.00417827298050133,-0.00835654596100277,0.02089136490250687,
1024734,20221207900208,00111838,대원,007680,전환사채(해외전환사채포함)발행후만기전사채취득,2022-12-07,KOSDAQ,7520.0,7520.0,7600.0,7610.0,0.0,0.010638297872340496,0.01196808510638303,
999487,20230201900271,00111838,대원,007680,전환사채(해외전환사채포함)발행후만기전사채취득,2023-02-01,KOSDAQ,7140.0,7150.0,7200.0,7230.0,0.0014005602240896309,0.008403361344537785,0.012605042016806678,
831409,20230907900310,00111838,대원,007680,전환사채(해외전환사채포함)발행후만기전사채취득,2023-09-07,KOSDAQ,5880.0,5930.0,5900.0,5720.0,0.008503401360544283,0.00340136054421758,-0.027210884353741527,
1217788,20220203900546,00180263,리더스코스메틱,016100,전환사채(해외전환사채포함)발행후만기전사채취득,2022-02-03,KOSDAQ,2815.0,2910.0,2945.0,3025.0,0.03374777975133214,0.04618117229129659,0.07460035523978692,
1183664,20220317900894,00180263,리더스코스메틱,016100,전환사채(해외전환사채포함)발행후만기전사채취득,2022-03-17,KOSDAQ,2440.0,2455.0,2445.0,2800.0,0.006147540983606481,0.002049180327868827,0.14754098360655732,
1215902,20220207000297,01047840,미스터블루,207760,[첨부추가]주요사항보고서(전환사채권발행결정),2022-02-07,KOSDAQ,3071.0,2917.0,2904.0,2673.0,-0.05014653207424291,-0.054379680885704995,-0.12959947899706936,
672395,20240411900501,01047840,미스터블루,207760,전환사채(해외전환사채포함)발행후만기전사채취득,2024-04-11,KOSDAQ,2545.0,2585.0,2590.0,2595.0,0.015717092337917515,0.017681728880157177,0.01964636542239684,
653352,20240509000558,01047840,미스터블루,207760,주요사항보고서(전환사채권발행결정),2024-05-09,KOSDAQ,2740.0,2760.0,2685.0,2760.0,0.007299270072992803,-0.02007299270072993,0.007299270072992803,
643968,20240527900674,01047840,미스터블루,207760,전환사채(해외전환사채포함)발행후만기전사채취득,2024-05-27,KOSDAQ,2620.0,2640.0,2625.0,2730.0,0.007633587786259444,0.001908396946564972,0.041984732824427384,
509996,20250211901156,01047840,미스터블루,207760,전환사채(해외전환사채포함)발행후만기전사채취득,2025-02-11,KOSDAQ,1010.0,999.0,998.0,1063.0,-0.0108910891089109,-0.011881188118811892,0.05247524752475252,
11291,20260513900770,01047840,미스터블루,207760,전환사채(해외전환사채포함)발행후만기전사채취득,2026-05-13,KOSDAQ,903.0,897.0,860.0,828.0,-0.006644518272425293,-0.04761904761904767,-0.0830564784053156,
1213000,20220210000743,00535746,컴투스홀딩스,063080,주요사항보고서(전환사채권발행결정),2022-02-11,KOSDAQ,139100.0,125300.0,126500.0,131100.0,-0.09920920201294037,-0.09058231488138035,-0.0575125808770669,
504628,20250214901145,00535746,컴투스홀딩스,063080,전환사채(해외전환사채포함)발행후만기전사채취득,2025-02-14,KOSDAQ,26800.0,27200.0,27500.0,26700.0,0.014925373134328401,0.026119402985074647,-0.003731343283582045,
401008,20250514901086,00535746,컴투스홀딩스,063080,전환사채(해외전환사채포함)발행후만기전사채취득,2025-05-14,KOSDAQ,22000.0,21350.0,20950.0,21350.0,-0.02954545454545454,-0.04772727272727273,-0.02954545454545454,
350373,20250814902274,00535746,컴투스홀딩스,063080,전환사채(해외전환사채포함)발행후만기전사채취득,2025-08-14,KOSDAQ,23400.0,23100.0,23100.0,23100.0,-0.012820512820512775,-0.012820512820512775,-0.012820512820512775,
1212577,20220211000453,00127158,씨아이테크,004920,주요사항보고서(전환사채권발행결정),2022-02-11,KOSPI,1165.0,1150.0,1060.0,1125.0,-0.012875536480686733,-0.09012875536480691,-0.03433476394849788,
1107650,20220609000518,00127158,씨아이테크,004920,주요사항보고서(전환사채권발행결정),2022-06-09,KOSPI,1310.0,1305.0,1220.0,1200.0,-0.003816793893129722,-0.06870229007633588,-0.08396946564885499,
619251,20240709000416,00127158,씨아이테크,004920,주요사항보고서(전환사채권발행결정),2024-07-09,KOSPI,1115.0,1135.0,1139.0,1121.0,0.017937219730941756,0.021524663677130018,0.0053811659192826156,
1212567,20220211000499,00447007,알리코제약,260660,주요사항보고서(전환사채권발행결정),2022-02-11,KOSDAQ,7620.0,7320.0,7150.0,7350.0,-0.03937007874015752,-0.061679790026246684,-0.03543307086614178,
807651,20231108000333,00447007,알리코제약,260660,주요사항보고서(전환사채권발행결정),2023-11-08,KOSDAQ,6270.0,6300.0,6290.0,5940.0,0.004784688995215225,0.0031897926634769647,-0.052631578947368474,
750861,20240219900690,00447007,알리코제약,260660,전환사채(해외전환사채포함)발행후만기전사채취득,2024-02-19,KOSDAQ,5450.0,5340.0,5400.0,5370.0,-0.020183486238532056,-0.00917431192660545,-0.014678899082568808,
647238,20240517900080,00447007,알리코제약,260660,전환사채(해외전환사채포함)발행후만기전사채취득,2024-05-17,KOSDAQ,5130.0,5080.0,5080.0,5050.0,-0.00974658869395717,-0.00974658869395717,-0.015594541910331383,
597617,20240816900062,00447007,알리코제약,260660,전환사채(해외전환사채포함)발행후만기전사채취득,2024-08-16,KOSDAQ,5250.0,5290.0,5210.0,4610.0,0.007619047619047636,-0.007619047619047636,-0.12190476190476196,
553463,20241118900432,00447007,알리코제약,260660,전환사채(해외전환사채포함)발행후만기전사채취득,2024-11-18,KOSDAQ,3435.0,3445.0,3400.0,3495.0,0.0029112081513829047,-0.010189228529839833,0.017467248908296984,
287071,20251217000606,00447007,알리코제약,260660,주요사항보고서(전환사채권발행결정),2025-12-18,KOSDAQ,4330.0,4670.0,4500.0,4480.0,0.07852193995381063,0.03926096997690531,0.03464203233256358,
256780,20260210900823,00447007,알리코제약,260660,전환사채(해외전환사채포함)발행후만기전사채취득,2026-02-10,KOSDAQ,4000.0,3975.0,3975.0,3900.0,-0.006249999999999978,-0.006249999999999978,-0.025000000000000022,
1211098,20220214000782,01368637,유일에너테크,340930,[첨부추가]주요사항보고서(전환사채권발행결정),2022-02-14,KOSDAQ,4546.0,4422.0,4725.0,4647.0,-0.02727672679278481,0.03937527496700399,0.022217333919929638,
649647,20240516000222,01368637,유일에너테크,340930,주요사항보고서(전환사채권발행결정),2024-05-16,KOSDAQ,2333.0,2303.0,2313.0,2219.0,-0.012858979854264874,-0.00857265323617662,-0.04886412344620661,
646532,20240520900332,01368637,유일에너테크,340930,전환사채(해외전환사채포함)발행후만기전사채취득              (제1회차),2024-05-20,KOSDAQ,2313.0,2273.0,2239.0,2417.0,-0.017293558149589328,-0.03199308257674016,0.044963251188932185,
597136,20240819900277,01368637,유일에너테크,340930,전환사채(해외전환사채포함)발행후만기전사채취득,2024-08-19,KOSDAQ,1609.0,1769.0,1716.0,1575.0,0.09944064636420147,0.06650093225605969,-0.021131137352392804,
275537,20260109900356,01368637,유일에너테크,340930,전환사채(해외전환사채포함)발행후만기전사채취득,2026-01-09,KOSDAQ,1155.0,1125.0,1123.0,979.0,-0.025974025974025983,-0.027705627705627678,-0.1523809523809524,
271956,20260116900840,01368637,유일에너테크,340930,전환사채(해외전환사채포함)발행후만기전사채취득,2026-01-16,KOSDAQ,979.0,1020.0,1044.0,1539.0,0.04187946884576088,0.06639427987742597,0.5720122574055158,
1209328,20220217001153,00866062,엘티씨,170920,주요사항보고서(전환사채권발행결정),2022-02-17,KOSDAQ,12300.0,12150.0,12150.0,10100.0,-0.012195121951219523,-0.012195121951219523,-0.17886178861788615,
798802,20231121900427,00866062,엘티씨,170920,전환사채(해외전환사채포함)발행후만기전사채취득,2023-11-21,KOSDAQ,8450.0,8800.0,8810.0,12460.0,0.041420118343195256,0.04260355029585794,0.4745562130177514,
787945,20231208000648,00866062,엘티씨,170920,주요사항보고서(전환사채권발행결정),2023-12-08,KOSDAQ,14000.0,13400.0,13480.0,13800.0,-0.042857142857142816,-0.037142857142857144,-0.014285714285714235,
1208716,20220218000856,00897752,천보,278280,주요사항보고서(전환사채권발행결정),2022-02-18,KOSDAQ,288700.0,284000.0,283600.0,281700.0,-0.016279875303082836,-0.01766539660547284,-0.024246622791825434,
550637,20241126900031,00897752,천보,278280,전환사채(해외전환사채포함)발행후만기전사채취득,2024-11-26,KOSDAQ,43000.0,42050.0,43300.0,43450.0,-0.02209302325581397,0.006976744186046435,0.010465116279069875,
548988,20241127000765,00897752,천보,278280,주요사항보고서(전환사채권발행결정),2024-11-27,KOSDAQ,42050.0,43300.0,41150.0,42600.0,0.029726516052318575,-0.021403091557669396,0.013079667063020217,
541031,20241210900777,00897752,천보,278280,전환사채(해외전환사채포함)발행후만기전사채취득,2024-12-10,KOSDAQ,39800.0,42100.0,41250.0,38400.0,0.057788944723618174,0.03643216080402012,-0.035175879396984966,
494518,20250227900932,00897752,천보,278280,전환사채(해외전환사채포함)발행후만기전사채취득,2025-02-27,KOSDAQ,40900.0,38550.0,36700.0,37900.0,-0.057457212713936445,-0.10268948655256727,-0.07334963325183375,
2854,20260522900917,00897752,천보,278280,전환사채권발행결정(자회사의 주요경영사항),2026-05-22,KOSDAQ,50100.0,50600.0,48000.0,47950.0,0.009980039920159722,-0.041916167664670656,-0.04291417165668665,
1208341,20220218001690,01098792,본느,226340,주요사항보고서(전환사채권발행결정),2022-02-18,KOSDAQ,10695.0,10760.0,10570.0,10400.0,0.006077606358111165,-0.011687704534829368,-0.02758298270219728,
1199067,20220228901115,01098792,본느,226340,전환사채(해외전환사채포함)발행후만기전사채취득(제2회차),2022-02-28,KOSDAQ,10335.0,10355.0,10400.0,9845.0,0.0019351717464926033,0.0062893081761006275,-0.047411707789066226,
1189338,20220314900814,01098792,본느,226340,전환사채(해외전환사채포함)발행후만기전사채취득(제2회차),2022-03-14,KOSDAQ,9995.0,9720.0,9760.0,9975.0,-0.027513756878439266,-0.023511755877938967,-0.002001000500250094,
1207983,20220221000002,00409788,비에이치아이,083650,주요사항보고서(전환사채권발행결정),2022-02-21,KOSDAQ,4270.0,4350.0,4865.0,4950.0,0.0187353629976581,0.139344262295082,0.15925058548009363,
1207562,20220221900862,00913689,세경하이테크,148150,전환사채(해외전환사채포함)발행후만기전사채취득(제2회차),2022-02-21,KOSDAQ,7842.0,8025.0,8009.0,8009.0,0.023335883703136995,0.021295587860239662,0.021295587860239662,
1118103,20220523900444,00913689,세경하이테크,148150,전환사채(해외전환사채포함)발행후만기전사채취득(제2회차),2022-05-23,KOSDAQ,7608.0,7391.0,7525.0,7558.0,-0.028522607781282905,-0.010909568874868603,-0.006572029442691862,
1074255,20220822900263,00913689,세경하이테크,148150,전환사채(해외전환사채포함)발행후만기전사채취득(제2회차),2022-08-22,KOSDAQ,5806.0,5806.0,6106.0,6006.0,0.0,0.05167068549776088,0.034447123665173995,
1033762,20221121900370,00913689,세경하이테크,148150,전환사채(해외전환사채포함)발행후만기전사채취득(제2회차),2022-11-21,KOSDAQ,4188.0,4154.0,4338.0,4922.0,-0.008118433619866305,0.035816618911174825,0.17526265520534867,
1018120,20221219900504,00913689,세경하이테크,148150,전환사채(해외전환사채포함)발행후만기전사채취득(제2회차),2022-12-19,KOSDAQ,4471.0,4404.0,4354.0,4138.0,-0.014985461865354543,-0.02616864236188776,-0.0744799821069112,
1207463,20220221901064,00244747,파크시스템스,140860,전환사채(해외전환사채포함)발행후만기전사채취득,2022-02-21,KOSDAQ,119800.0,116600.0,119100.0,119000.0,-0.026711185308848084,-0.005843071786310494,-0.006677796327211993,
1205707,20220223003418,01326792,비투엔,307870,주요사항보고서(전환사채권발행결정),2022-02-23,KOSDAQ,3240.0,3085.0,3370.0,3195.0,-0.0478395061728395,0.04012345679012341,-0.01388888888888884,
862257,20230714000001,01326792,비투엔,307870,주요사항보고서(전환사채권발행결정),2023-07-14,KOSDAQ,3980.0,3600.0,3765.0,3770.0,-0.09547738693467334,-0.0540201005025126,-0.05276381909547734,
860718,20230718000391,01326792,비투엔,307870,주요사항보고서(전환사채권발행결정),2023-07-18,KOSDAQ,3765.0,3720.0,3860.0,3200.0,-0.01195219123505975,0.025232403718459473,-0.15006640106241698,
838970,20230825900352,01326792,비투엔,307870,전환사채(해외전환사채포함)발행후만기전사채취득(제2회차),2023-08-25,KOSDAQ,4410.0,4235.0,4290.0,2965.0,-0.03968253968253965,-0.027210884353741527,-0.3276643990929705,
804997,20231113900737,01326792,비투엔,307870,전환사채(해외전환사채포함)발행후만기전사채취득(제2회차),2023-11-13,KOSDAQ,2045.0,1991.0,2015.0,2080.0,-0.026405867970660135,-0.014669926650366705,0.017114914425427896,
770211,20240115000347,01326792,비투엔,307870,주요사항보고서(전환사채권발행결정),2024-01-15,KOSDAQ,2050.0,2000.0,1907.0,1791.0,-0.024390243902439046,-0.06975609756097556,-0.12634146341463415,
563840,20241030900760,01326792,비투엔,307870,"전환사채(해외전환사채포함)발행후만기전사채취득              (제3회차, 제4회차)",2024-10-30,KOSDAQ,755.0,981.0,1233.0,1234.0,0.2993377483443709,0.633112582781457,0.6344370860927153,
521494,20250117900389,01326792,비투엔,307870,전환사채(해외전환사채포함)발행후만기전사채취득              (제5회차),2025-01-17,KOSDAQ,891.0,881.0,873.0,1108.0,-0.011223344556677839,-0.02020202020202022,0.2435465768799101,
519481,20250122900629,01326792,비투엔,307870,전환사채(해외전환사채포함)발행후만기전사채취득,2025-01-22,KOSDAQ,931.0,999.0,1108.0,1207.0,0.07303974221267451,0.19011815252416753,0.29645542427497307,
494250,20250227901122,01326792,비투엔,307870,전환사채(해외전환사채포함)발행후만기전사채취득              (제5회차),2025-02-27,KOSDAQ,1002.0,930.0,845.0,711.0,-0.07185628742514971,-0.15668662674650702,-0.2904191616766467,
86857,20260320001154,01326792,비투엔,307870,주요사항보고서(전환사채권발행결정),2026-03-20,KOSDAQ,1191.0,1229.0,1169.0,1330.0,0.031905961376994085,-0.01847187237615444,0.11670864819479432,
1203874,20220224004729,01208849,나인테크,267320,주요사항보고서(전환사채권발행결정),2022-02-25,KOSDAQ,3250.0,3300.0,3355.0,3725.0,0.01538461538461533,0.03230769230769237,0.14615384615384608,
849944,20230810000671,01208849,나인테크,267320,주요사항보고서(전환사채권발행결정),2023-08-10,KOSDAQ,3445.0,3480.0,3330.0,4815.0,0.010159651669085612,-0.03338171262699563,0.3976777939042091,
768501,20240119900409,01208849,나인테크,267320,전환사채(해외전환사채포함)발행후만기전사채취득,2024-01-19,KOSDAQ,3215.0,3150.0,3115.0,3160.0,-0.02021772939346811,-0.031104199066874005,-0.017107309486780742,
656015,20240502000387,01208849,나인테크,267320,주요사항보고서(전환사채권발행결정),2024-05-02,KOSDAQ,2930.0,2880.0,2905.0,2990.0,-0.017064846416382284,-0.008532423208191142,0.020477815699658786,
588292,20240830900394,01208849,나인테크,267320,전환사채(해외전환사채포함)발행후만기전사채취득,2024-08-30,KOSDAQ,2645.0,2635.0,2640.0,2415.0,-0.003780718336483968,-0.001890359168241984,-0.08695652173913049,
294241,20251208000354,01208849,나인테크,267320,주요사항보고서(전환사채권발행결정),2025-12-08,KOSDAQ,3320.0,3115.0,3100.0,3190.0,-0.06174698795180722,-0.0662650602409639,-0.03915662650602414,
1201965,20220225900972,01228515,앱튼,270520,"기타주요경영사항(유상증자 결정, 전환사채권 발행결정, 신주인수권부사채 발행결정 철회)",2022-02-25,KOSDAQ,7730.0,7500.0,7830.0,7830.0,-0.02975420439844756,0.012936610608020649,0.012936610608020649,
1040349,20221110000516,01228515,앱튼,270520,주요사항보고서(전환사채권발행결정),2022-11-10,KOSDAQ,10920.0,13000.0,14000.0,14090.0,0.19047619047619047,0.28205128205128216,0.29029304029304037,
1040346,20221110000523,01228515,앱튼,270520,주요사항보고서(전환사채권발행결정),2022-11-10,KOSDAQ,10920.0,13000.0,14000.0,14090.0,0.19047619047619047,0.28205128205128216,0.29029304029304037,
1010535,20230103000439,01228515,앱튼,270520,주요사항보고서(전환사채권발행결정),2023-01-03,KOSDAQ,13600.0,13690.0,13140.0,14190.0,0.006617647058823506,-0.0338235294117647,0.04338235294117654,
1010530,20230103000444,01228515,앱튼,270520,주요사항보고서(전환사채권발행결정),2023-01-03,KOSDAQ,13600.0,13690.0,13140.0,14190.0,0.006617647058823506,-0.0338235294117647,0.04338235294117654,
798843,20231121900389,01228515,앱튼,270520,전환사채(해외전환사채포함)발행후만기전사채취득,2023-11-21,KOSDAQ,28350.0,28000.0,28000.0,26600.0,-0.012345679012345734,-0.012345679012345734,-0.06172839506172845,
596973,20240819000301,01228515,앱튼,270520,주요사항보고서(전환사채권발행결정),2024-08-19,KOSDAQ,14390.0,14680.0,14470.0,14200.0,0.020152883947185618,0.005559416261292638,-0.013203613620569876,
596972,20240819000309,01228515,앱튼,270520,주요사항보고서(전환사채권발행결정),2024-08-19,KOSDAQ,14390.0,14680.0,14470.0,14200.0,0.020152883947185618,0.005559416261292638,-0.013203613620569876,
548900,20241127000778,01228515,앱튼,270520,주요사항보고서(전환사채권발행결정),2024-11-27,KOSDAQ,17810.0,16540.0,16450.0,19100.0,-0.0713082537900056,-0.07636159460976977,0.07243121841661981,
548897,20241127000789,01228515,앱튼,270520,주요사항보고서(전환사채권발행결정),2024-11-27,KOSDAQ,17810.0,16540.0,16450.0,19100.0,-0.0713082537900056,-0.07636159460976977,0.07243121841661981,
318702,20251027900547,01228515,앱튼,270520,전환사채(해외전환사채포함)발행후만기전사채취득,2025-10-27,KOSDAQ,7390.0,7060.0,7190.0,6240.0,-0.044654939106901215,-0.02706359945872805,-0.15561569688768606,
312334,20251110900474,01228515,앱튼,270520,전환사채(해외전환사채포함)발행후만기전사채취득,2025-11-10,KOSDAQ,5830.0,5370.0,5310.0,4930.0,-0.07890222984562612,-0.08919382504288165,-0.15437392795883365,
295969,20251203900381,01228515,앱튼,270520,전환사채(해외전환사채포함)발행후만기전사채취득,2025-12-03,KOSDAQ,4170.0,3970.0,3880.0,3970.0,-0.04796163069544368,-0.0695443645083933,-0.04796163069544368,
293821,20251209900359,01228515,앱튼,270520,전환사채(해외전환사채포함)발행후만기전사채취득,2025-12-09,KOSDAQ,3990.0,3970.0,4110.0,3680.0,-0.005012531328320802,0.03007518796992481,-0.07769423558897248,
275393,20260109900536,01228515,앱튼,270520,전환사채(해외전환사채포함)발행후만기전사채취득,2026-01-09,KOSDAQ,3370.0,3800.0,3600.0,3630.0,0.12759643916913954,0.06824925816023741,0.0771513353115727,
1201555,20220225901319,00273110,에스티큐브,052020,전환사채(해외전환사채포함)발행후만기전사채취득,2022-02-25,KOSDAQ,5142.0,5075.0,4892.0,4144.0,-0.013029949436017096,-0.048619214313496695,-0.1940879035394788,
1197248,20220303000653,00135050,팜젠사이언스,004720,주요사항보고서(전환사채권발행결정),2022-03-03,KOSPI,9450.0,9260.0,9100.0,9030.0,-0.02010582010582007,-0.03703703703703709,-0.0444444444444444,
1196705,20220304900280,00820352,파인텍,131760,전환사채(해외전환사채포함)발행후만기전사채취득,2022-03-04,KOSDAQ,6800.0,6550.0,6475.0,6475.0,-0.03676470588235292,-0.047794117647058876,-0.047794117647058876,
1066372,20220902900321,00820352,파인텍,131760,전환사채(해외전환사채포함)발행후만기전사채취득,2022-09-02,KOSDAQ,6300.0,6350.0,6350.0,6275.0,0.007936507936507908,0.007936507936507908,-0.003968253968253954,
1025715,20221205900098,00820352,파인텍,131760,전환사채(해외전환사채포함)발행후만기전사채취득,2022-12-05,KOSDAQ,6575.0,6400.0,6375.0,6200.0,-0.026615969581749055,-0.03041825095057038,-0.057034220532319435,
879689,20230605900068,00820352,파인텍,131760,전환사채(해외전환사채포함)발행후만기전사채취득,2023-06-05,KOSDAQ,6025.0,6010.0,5990.0,5905.0,-0.0024896265560165887,-0.0058091286307053736,-0.01991701244813282,
1194818,20220308900327,00631837,안트로젠,065660,전환사채(해외전환사채포함)발행후만기전사채취득(제5회차),2022-03-08,KOSDAQ,28050.0,28750.0,28500.0,28600.0,0.024955436720142554,0.016042780748663166,0.019607843137254832,
878744,20230608900138,00631837,안트로젠,065660,전환사채(해외전환사채포함)발행후만기전사채취득(제5회차),2023-06-08,KOSDAQ,18310.0,18520.0,18150.0,16800.0,0.011469142545057265,-0.008738394320043641,-0.08246859639541237,
1190455,20220311000958,00288343,삼영이엔씨,065570,주요사항보고서(전환사채권발행결정),2022-03-11,KOSDAQ,7620.0,7800.0,7780.0,7620.0,0.023622047244094446,0.0209973753280841,0.0,
825234,20230922000361,00288343,삼영이엔씨,065570,주요사항보고서(전환사채권발행결정),2023-09-22,KOSDAQ,4370.0,4610.0,4495.0,4070.0,0.05491990846681927,0.028604118993134975,-0.06864988558352403,
782382,20231218900465,00288343,삼영이엔씨,065570,전환사채(해외전환사채포함)발행후만기전사채취득,2023-12-18,KOSDAQ,2965.0,3035.0,2995.0,2975.0,0.02360876897133224,0.010118043844856706,0.003372681281618828,
723989,20240318900811,00288343,삼영이엔씨,065570,전환사채(해외전환사채포함)발행후만기전사채취득,2024-03-18,KOSDAQ,2965.0,2955.0,2810.0,2980.0,-0.003372681281618939,-0.05227655986509272,0.005059021922428242,
634316,20240610000384,00288343,삼영이엔씨,065570,주요사항보고서(전환사채권발행결정),2024-06-10,KOSDAQ,2905.0,2705.0,2590.0,2555.0,-0.0688468158347676,-0.10843373493975905,-0.12048192771084343,
583997,20240909000302,00288343,삼영이엔씨,065570,주요사항보고서(전환사채권발행결정),2024-09-09,KOSDAQ,1520.0,1778.0,1704.0,1911.0,0.16973684210526319,0.1210526315789473,0.2572368421052631,
580269,20240919900472,00288343,삼영이엔씨,065570,전환사채(해외전환사채포함)발행후만기전사채취득,2024-09-19,KOSDAQ,1911.0,1756.0,1750.0,1769.0,-0.08110936682365255,-0.08424908424908428,-0.07430664573521717,
547579,20241128900752,00288343,삼영이엔씨,065570,전환사채(해외전환사채포함)발행후만기전사채취득,2024-11-28,KOSDAQ,1871.0,1701.0,1639.0,1440.0,-0.090860502405131,-0.12399786210582575,-0.23035809727418488,
541792,20241209900540,00288343,삼영이엔씨,065570,기타주요경영사항              (제4회차 전환사채권 발행결정 철회),2024-12-09,KOSDAQ,1452.0,1599.0,1607.0,1773.0,0.10123966942148765,0.10674931129476595,0.22107438016528924,
535587,20241216901814,00288343,삼영이엔씨,065570,전환사채(해외전환사채포함)발행후만기전사채취득,2024-12-16,KOSDAQ,1773.0,1710.0,1686.0,1518.0,-0.035532994923857864,-0.04906937394247035,-0.143824027072758,
534979,20241217900708,00288343,삼영이엔씨,065570,전환사채(해외전환사채포함)발행후만기전사채취득,2024-12-17,KOSDAQ,1710.0,1686.0,1655.0,1550.0,-0.01403508771929829,-0.032163742690058506,-0.0935672514619883,
532598,20241220900869,00288343,삼영이엔씨,065570,전환사채(해외전환사채포함)발행후만기전사채취득,2024-12-20,KOSDAQ,1495.0,1518.0,1550.0,1740.0,0.01538461538461533,0.03678929765886285,0.16387959866220725,
529444,20241227900886,00288343,삼영이엔씨,065570,전환사채(해외전환사채포함)발행후만기전사채취득,2024-12-27,KOSDAQ,1990.0,1740.0,1610.0,1576.0,-0.12562814070351758,-0.19095477386934678,-0.20804020100502507,
513243,20250206901176,00288343,삼영이엔씨,065570,전환사채(해외전환사채포함)발행후만기전사채취득              (제2회차),2025-02-06,KOSDAQ,1070.0,1067.0,800.0,764.0,-0.002803738317757043,-0.25233644859813087,-0.28598130841121494,
402713,20250512900755,00288343,삼영이엔씨,065570,기타주요경영사항              (제5회차 전환사채 발행결정 철회),2025-05-12,KOSDAQ,764.0,764.0,764.0,764.0,0.0,0.0,0.0,
1191267,20220311900451,00146436,엔브이에이치코리아,067570,전환사채(해외전환사채포함)발행후만기전사채취득(제8회차),2022-03-11,KOSDAQ,3587.0,3768.0,3703.0,3852.0,0.05045999442431004,0.03233900195149153,0.07387789238918319,
1185110,20220316000902,00353762,키이스트,054780,주요사항보고서(전환사채권발행결정),2022-03-16,KOSDAQ,12800.0,12700.0,12650.0,12600.0,-0.0078125,-0.01171875,-0.015625,
724372,20240318900319,00353762,키이스트,054780,전환사채(해외전환사채포함)발행후만기전사채취득,2024-03-18,KOSDAQ,6240.0,6110.0,6120.0,6100.0,-0.02083333333333337,-0.019230769230769273,-0.022435897435897467,
630791,20240618900309,00353762,키이스트,054780,전환사채(해외전환사채포함)발행후만기전사채취득,2024-06-18,KOSDAQ,5980.0,5960.0,5920.0,5700.0,-0.0033444816053511683,-0.010033444816053505,-0.04682274247491636,
628773,20240621000710,00353762,키이스트,054780,주요사항보고서(전환사채권발행결정),2024-06-21,KOSDAQ,5820.0,5730.0,5700.0,5760.0,-0.015463917525773141,-0.020618556701030966,-0.010309278350515427,
580523,20240919900154,00353762,키이스트,054780,전환사채(해외전환사채포함)발행후만기전사채취득,2024-09-19,KOSDAQ,4490.0,4510.0,4490.0,4670.0,0.00445434298440972,0.0,0.04008908685968815,
1184330,20220317000001,00453929,메디포스트,078160,주요사항보고서(전환사채권발행결정),2022-03-17,KOSDAQ,18262.0,21035.0,20023.0,19802.0,0.15184536195378384,0.09642974482532041,0.08432811302157495,
1184329,20220317000003,00453929,메디포스트,078160,주요사항보고서(전환사채권발행결정),2022-03-17,KOSDAQ,18262.0,21035.0,20023.0,19802.0,0.15184536195378384,0.09642974482532041,0.08432811302157495,
1168197,20220330901718,00453929,메디포스트,078160,전환사채(해외전환사채포함)발행후만기전사채취득,2022-03-30,KOSDAQ,19847.0,19802.0,20199.0,22707.0,-0.002267345190708925,0.017735677936212113,0.14410238323172275,
1132164,20220415900647,00453929,메디포스트,078160,전환사채(해외전환사채포함)발행후만기전사채취득,2022-04-15,KOSDAQ,22267.0,21475.0,21475.0,20551.0,-0.035568329815421906,-0.035568329815421906,-0.0770647146000808,
287960,20251216000513,00453929,메디포스트,078160,주요사항보고서(전환사채권발행결정),2025-12-16,KOSDAQ,17530.0,18990.0,20100.0,17260.0,0.08328579577866524,0.14660581859669142,-0.01540216771249292,
287848,20251216000516,00453929,메디포스트,078160,주요사항보고서(전환사채권발행결정),2025-12-17,KOSDAQ,18990.0,20100.0,18490.0,16890.0,0.05845181674565558,-0.02632964718272779,-0.11058451816745651,
287847,20251216000518,00453929,메디포스트,078160,주요사항보고서(전환사채권발행결정),2025-12-17,KOSDAQ,18990.0,20100.0,18490.0,16890.0,0.05845181674565558,-0.02632964718272779,-0.11058451816745651,
287846,20251216000519,00453929,메디포스트,078160,주요사항보고서(전환사채권발행결정),2025-12-17,KOSDAQ,18990.0,20100.0,18490.0,16890.0,0.05845181674565558,-0.02632964718272779,-0.11058451816745651,
1180597,20220321000686,00164618,현대사료,016790,주요사항보고서(전환사채권발행결정),2022-03-21,KOSDAQ,1622.0,2106.0,2737.0,4620.0,0.29839704069050565,0.6874229346485821,1.848335388409371,
1103499,20220620000310,00164618,현대사료,016790,주요사항보고서(전환사채권발행결정),2022-06-20,KOSDAQ,9021.0,9021.0,11722.0,11789.0,0.0,0.2994124819864761,0.3068395964970625,
1103498,20220620000314,00164618,현대사료,016790,주요사항보고서(전환사채권발행결정),2022-06-20,KOSDAQ,9021.0,9021.0,11722.0,11789.0,0.0,0.2994124819864761,0.3068395964970625,
1088639,20220722900266,00164618,현대사료,016790,전환사채(해외전환사채포함)발행후만기전사채취득,2022-07-22,KOSDAQ,12823.0,12506.0,12172.0,11739.0,-0.02472120408640721,-0.050768150978710125,-0.08453560009358185,
1086042,20220728900592,00164618,현대사료,016790,전환사채(해외전환사채포함)발행후만기전사채취득,2022-07-28,KOSDAQ,11856.0,11739.0,12489.0,13740.0,-0.009868421052631526,0.05339068825910931,0.1589068825910931,
1083635,20220804900270,00164618,현대사료,016790,전환사채(해외전환사채포함)발행후만기전사채취득,2022-08-04,KOSDAQ,13740.0,13206.0,12489.0,11639.0,-0.038864628820960645,-0.09104803493449787,-0.15291120815138282,
1080960,20220811900367,00164618,현대사료,016790,전환사채(해외전환사채포함)발행후만기전사채취득,2022-08-11,KOSDAQ,11639.0,11705.0,11472.0,8070.0,0.005670590256894981,-0.014348311710628114,-0.3066414640433027,
1063660,20220913900401,00164618,현대사료,016790,전환사채(해외전환사채포함)발행후만기전사채취득,2022-09-13,KOSDAQ,6403.0,6469.0,5986.0,5752.0,0.010307668280493454,-0.06512572231766356,-0.10167109167577693,
1035543,20221116000001,00164618,현대사료,016790,주요사항보고서(전환사채권발행결정),2022-11-16,KOSDAQ,5502.0,5219.0,4952.0,5085.0,-0.051435841512177394,-0.09996364958197024,-0.07579062159214833,
1035542,20221116000002,00164618,현대사료,016790,주요사항보고서(전환사채권발행결정),2022-11-16,KOSDAQ,5502.0,5219.0,4952.0,5085.0,-0.051435841512177394,-0.09996364958197024,-0.07579062159214833,
1013361,20221228000487,00164618,현대사료,016790,주요사항보고서(전환사채권발행결정),2022-12-28,KOSDAQ,4418.0,4135.0,4335.0,4435.0,-0.06405613399728383,-0.01878678134902667,0.003847894975101962,
1005905,20230113000606,00164618,현대사료,016790,주요사항보고서(전환사채권발행결정),2023-01-13,KOSDAQ,4835.0,4919.0,4869.0,4502.0,0.017373319544984556,0.007032057911065204,-0.06887280248190275,
1005480,20230116000227,00164618,현대사료,016790,주요사항보고서(전환사채권발행결정),2023-01-16,KOSDAQ,4919.0,4869.0,4635.0,4415.0,-0.010164667615368939,-0.05773531205529581,-0.10245984956291931,
643860,20240527900805,00164618,현대사료,016790,"전환사채(해외전환사채포함)발행후만기전사채취득              (제4회차, 제5회차, 제6회차, 제7회차, 제8회차)",2024-05-27,KOSDAQ,994.0,994.0,994.0,994.0,0.0,0.0,0.0,
1177790,20220323000317,00172945,동일스틸럭스,023790,주요사항보고서(전환사채권발행결정),2022-03-23,KOSDAQ,7640.0,7602.0,7433.0,7179.0,-0.004973821989528782,-0.027094240837696293,-0.06034031413612562,
824699,20230925900328,00172945,동일스틸럭스,023790,전환사채(해외전환사채포함)발행후만기전사채취득,2023-09-25,KOSDAQ,2912.0,2852.0,2840.0,2730.0,-0.020604395604395642,-0.02472527472527475,-0.0625,
818672,20231012900264,00172945,동일스틸럭스,023790,전환사채(해외전환사채포함)발행후만기전사채취득,2023-10-12,KOSDAQ,2776.0,2776.0,2688.0,2003.0,0.0,-0.03170028818443804,-0.2784582132564841,
778970,20231226900392,00172945,동일스틸럭스,023790,전환사채(해외전환사채포함)발행후만기전사채취득,2023-12-26,KOSDAQ,3386.0,3326.0,3386.0,3380.0,-0.017720023626698223,0.0,-0.0017720023626698334,
766097,20240125900381,00172945,동일스틸럭스,023790,전환사채(해외전환사채포함)발행후만기전사채취득,2024-01-25,KOSDAQ,2289.0,2283.0,2283.0,2283.0,-0.002621231979030192,-0.002621231979030192,-0.002621231979030192,
628313,20240624000102,00172945,동일스틸럭스,023790,주요사항보고서(전환사채권발행결정),2024-06-24,KOSDAQ,2077.0,2119.0,2063.0,1913.0,0.020221473278767554,-0.006740491092922518,-0.07896003851709199,
377225,20250626900373,00172945,동일스틸럭스,023790,전환사채(해외전환사채포함)발행후만기전사채취득              (제3회차),2025-06-26,KOSDAQ,1655.0,1725.0,1683.0,1769.0,0.04229607250755296,0.016918429003021096,0.06888217522658602,
1177656,20220323000467,00109514,티웨이홀딩스,004870,주요사항보고서(전환사채권발행결정),2022-03-23,KOSPI,720.0,715.0,720.0,706.0,-0.00694444444444442,0.0,-0.019444444444444486,
1175215,20220324000838,00346407,크레오에스지,040350,주요사항보고서(전환사채권발행결정),2022-03-24,KOSDAQ,12660.0,13050.0,13050.0,13215.0,0.0308056872037914,0.0308056872037914,0.04383886255924163,
852158,20230807000260,00346407,크레오에스지,040350,주요사항보고서(전환사채권발행결정),2023-08-07,KOSDAQ,5230.0,5075.0,5285.0,5285.0,-0.029636711281070705,0.010516252390057268,0.010516252390057268,
450453,20250401900589,00346407,크레오에스지,040350,전환사채(해외전환사채포함)발행후만기전사채취득,2025-04-01,KOSDAQ,6230.0,6230.0,6090.0,5935.0,0.0,-0.022471910112359605,-0.047351524879614804,
339364,20250901900665,00346407,크레오에스지,040350,전환사채(해외전환사채포함)발행후만기전사채취득              (제22회차),2025-09-01,KOSDAQ,4295.0,5120.0,4900.0,5145.0,0.19208381839348077,0.14086146682188594,0.1979045401629802,
300382,20251127001088,00346407,크레오에스지,040350,주요사항보고서(전환사채권발행결정),2025-11-27,KOSDAQ,2780.0,2780.0,2780.0,2780.0,0.0,0.0,0.0,
14815,20260507900576,00346407,크레오에스지,040350,전환사채(해외전환사채포함)발행후만기전사채취득,2026-05-07,KOSDAQ,3660.0,3660.0,3660.0,3515.0,0.0,0.0,-0.0396174863387978,
13922,20260508000571,00346407,크레오에스지,040350,주요사항보고서(전환사채권발행결정),2026-05-08,KOSDAQ,3660.0,3660.0,3910.0,3635.0,0.0,0.06830601092896171,-0.006830601092896127,
1175210,20220324000857,00296324,큐로홀딩스,051780,주요사항보고서(전환사채권발행결정),2022-03-24,KOSDAQ,27415.0,25990.0,25635.0,25550.0,-0.05197884369870509,-0.06492795914645266,-0.06802845157760351,
480114,20250313901459,00296324,큐로홀딩스,051780,전환사채(해외전환사채포함)발행후만기전사채취득              (제17회차),2025-03-13,KOSDAQ,3245.0,3085.0,2825.0,2885.0,-0.04930662557781207,-0.1294298921417566,-0.11093990755007699,
462029,20250327001186,00296324,큐로홀딩스,051780,주요사항보고서(전환사채권발행결정),2025-03-27,KOSDAQ,2840.0,2760.0,2695.0,2710.0,-0.028169014084507005,-0.051056338028169,-0.045774647887323994,
36129,20260410900512,00296324,큐로홀딩스,051780,전환사채(해외전환사채포함)발행후만기전사채취득,2026-04-10,KOSDAQ,3635.0,3635.0,3635.0,3635.0,0.0,0.0,0.0,
1175487,20220324600997,00311216,에이치엔에스하이텍,044990,전환사채(해외전환사채포함)발행후만기전사채취득,2022-03-24,KOSDAQ,12150.0,12150.0,12150.0,12150.0,0.0,0.0,0.0,
1170984,20220329901192,00259545,엠에스오토텍,123040,전환사채(해외전환사채포함)발행후만기전사채취득,2022-03-29,KOSDAQ,5550.0,5680.0,5680.0,5770.0,0.023423423423423406,0.023423423423423406,0.03963963963963968,
1098877,20220629900649,00259545,엠에스오토텍,123040,전환사채(해외전환사채포함)발행후만기전사채취득,2022-06-29,KOSDAQ,4475.0,4390.0,4375.0,4175.0,-0.018994413407821265,-0.022346368715083775,-0.06703910614525144,
1012582,20221229900573,00259545,엠에스오토텍,123040,전환사채(해외전환사채포함)발행후만기전사채취득,2022-12-29,KOSDAQ,4205.0,4140.0,4155.0,4255.0,-0.015457788347205681,-0.01189060642092743,0.01189060642092743,
622577,20240701900569,00259545,엠에스오토텍,123040,전환사채(해외전환사채포함)발행후만기전사채취득,2024-07-01,KOSDAQ,4285.0,4195.0,4205.0,4220.0,-0.02100350058343059,-0.018669778296382722,-0.01516919486581092,
453351,20250331904084,00259545,엠에스오토텍,123040,전환사채(해외전환사채포함)발행후만기전사채취득,2025-03-31,KOSDAQ,2700.0,2730.0,2775.0,2340.0,0.011111111111111072,0.02777777777777768,-0.1333333333333333,
1170528,20220329901768,01182578,DH오토리드,290120,전환사채(해외전환사채포함)발행후만기전사채취득(제1회차),2022-03-29,KOSDAQ,6660.0,6500.0,6670.0,6690.0,-0.024024024024024038,0.0015015015015014122,0.0045045045045044585,
1022614,20221212900374,01182578,DH오토리드,290120,전환사채(해외전환사채포함)발행후만기전사채취득,2022-12-12,KOSDAQ,6200.0,5950.0,6220.0,6130.0,-0.040322580645161255,0.003225806451612856,-0.011290322580645107,
971425,20230313901341,01182578,DH오토리드,290120,전환사채(해외전환사채포함)발행후만기전사채취득,2023-03-13,KOSDAQ,5650.0,5400.0,5460.0,5500.0,-0.04424778761061943,-0.03362831858407078,-0.026548672566371723,
877402,20230612900164,01182578,DH오토리드,290120,전환사채(해외전환사채포함)발행후만기전사채취득,2023-06-12,KOSDAQ,5610.0,5620.0,5440.0,5520.0,0.0017825311942958333,-0.030303030303030276,-0.016042780748663055,
830290,20230911900247,01182578,DH오토리드,290120,전환사채(해외전환사채포함)발행후만기전사채취득,2023-09-11,KOSDAQ,4320.0,4315.0,4260.0,4255.0,-0.0011574074074074403,-0.01388888888888884,-0.01504629629629628,
792177,20231130900287,01182578,DH오토리드,290120,전환사채(해외전환사채포함)발행후만기전사채취득,2023-11-30,KOSDAQ,3685.0,4790.0,4470.0,4080.0,0.299864314789688,0.21302578018995932,0.1071913161465401,
787644,20231211900364,01182578,DH오토리드,290120,전환사채(해외전환사채포함)발행후만기전사채취득,2023-12-11,KOSDAQ,3970.0,3895.0,3760.0,4040.0,-0.018891687657430767,-0.052896725440806036,0.017632241813602123,
767244,20240123900558,01182578,DH오토리드,290120,전환사채(해외전환사채포함)발행후만기전사채취득,2024-01-23,KOSDAQ,3610.0,3640.0,3635.0,3760.0,0.008310249307479145,0.006925207756232732,0.04155124653739617,
732988,20240311901015,01182578,DH오토리드,290120,전환사채(해외전환사채포함)발행후만기전사채취득,2024-03-11,KOSDAQ,3385.0,3350.0,3355.0,3290.0,-0.010339734121122546,-0.008862629246676468,-0.028064992614475592,
636105,20240604000228,01182578,DH오토리드,290120,주요사항보고서(전환사채권발행결정),2024-06-04,KOSDAQ,2895.0,2910.0,2850.0,2785.0,0.005181347150259086,-0.015544041450777257,-0.03799654576856648,
121344,20260608900912,01182578,DH오토리드,290120,전환사채(해외전환사채포함)발행후만기전사채취득,2026-06-08,KOSDAQ,2605.0,2650.0,2535.0,2545.0,0.017274472168905985,-0.026871401151631447,-0.02303262955854124,
1168040,20220330001387,00599106,네오리진,094860,주요사항보고서(전환사채권발행결정),2022-03-30,KOSDAQ,4525.0,4475.0,4500.0,4680.0,-0.011049723756906049,-0.0055248618784530246,0.034254143646408775,
1036549,20221114002180,00599106,네오리진,094860,주요사항보고서(전환사채권발행결정),2022-11-14,KOSDAQ,3420.0,3525.0,3505.0,3410.0,0.030701754385964897,0.024853801169590684,-0.0029239766081871066,
1036551,20221114002282,00599106,네오리진,094860,주요사항보고서(전환사채권발행결정),2022-11-14,KOSDAQ,3420.0,3525.0,3505.0,3410.0,0.030701754385964897,0.024853801169590684,-0.0029239766081871066,
1037893,20221114901079,00599106,네오리진,094860,전환사채(해외전환사채포함)발행후만기전사채취득,2022-11-14,KOSDAQ,3420.0,3525.0,3505.0,3410.0,0.030701754385964897,0.024853801169590684,-0.0029239766081871066,
800793,20231116900103,00599106,네오리진,094860,전환사채(해외전환사채포함)발행후만기전사채취득,2023-11-16,KOSDAQ,1470.0,1405.0,1465.0,2110.0,-0.04421768707482998,-0.003401360544217691,0.435374149659864,
1163345,20220331003619,00440712,리튬포어스,073570,주요사항보고서(전환사채권발행결정),2022-03-31,KOSDAQ,35121.0,35362.0,35963.0,36204.0,0.0068619914011560645,0.023974260413997417,0.03083625181515326,
1103046,20220621900441,00440712,리튬포어스,073570,전환사채(해외전환사채포함)발행후만기전사채취득(제15회차),2022-06-21,KOSDAQ,24777.0,24176.0,23382.0,25739.0,-0.02425636679178267,-0.05630221576462047,0.03882633087137255,
1083456,20220804900520,00440712,리튬포어스,073570,기타주요경영사항(제16회 전환사채권 발행결정 철회),2022-08-04,KOSDAQ,24657.0,23719.0,23045.0,21963.0,-0.03804193535304379,-0.06537697205661674,-0.10925903394573544,
1060929,20220921000002,00440712,리튬포어스,073570,주요사항보고서(전환사채권발행결정),2022-09-21,KOSDAQ,35602.0,46187.0,46307.0,43180.0,0.29731475759788784,0.30068535475535074,0.21285321049379258,
1060562,20220921900448,00440712,리튬포어스,073570,전환사채(해외전환사채포함)발행후만기전사채취득,2022-09-21,KOSDAQ,35602.0,46187.0,46307.0,43180.0,0.29731475759788784,0.30068535475535074,0.21285321049379258,
615153,20240719900001,00440712,리튬포어스,073570,전환사채(해외전환사채포함)발행후만기전사채취득,2024-07-19,KOSDAQ,13543.0,12701.0,12268.0,12244.0,-0.06217233995421989,-0.09414457653400277,-0.09591670973934874,
1160579,20220401002445,00618410,KS인더스트리,101000,주요사항보고서(전환사채권발행결정),2022-04-01,KOSDAQ,1000.0,1005.0,996.0,932.0,0.004999999999999893,-0.0040000000000000036,-0.06799999999999995,
1160576,20220401002464,00618410,KS인더스트리,101000,주요사항보고서(전환사채권발행결정),2022-04-01,KOSDAQ,1000.0,1005.0,996.0,932.0,0.004999999999999893,-0.0040000000000000036,-0.06799999999999995,
937809,20230403004578,00618410,KS인더스트리,101000,주요사항보고서(전환사채권발행결정),2023-04-04,KOSDAQ,325.0,325.0,325.0,325.0,0.0,0.0,0.0,
937808,20230403004584,00618410,KS인더스트리,101000,주요사항보고서(전환사채권발행결정),2023-04-04,KOSDAQ,325.0,325.0,325.0,325.0,0.0,0.0,0.0,
935868,20230404900443,00618410,KS인더스트리,101000,전환사채(해외전환사채포함)발행후만기전사채취득(제11회차),2023-04-04,KOSDAQ,325.0,325.0,325.0,325.0,0.0,0.0,0.0,
931862,20230405900542,00618410,KS인더스트리,101000,전환사채(해외전환사채포함)발행후만기전사채취득(제11회차),2023-04-05,KOSDAQ,325.0,325.0,325.0,325.0,0.0,0.0,0.0,
931858,20230405900546,00618410,KS인더스트리,101000,전환사채(해외전환사채포함)발행후만기전사채취득(제12회차),2023-04-05,KOSDAQ,325.0,325.0,325.0,325.0,0.0,0.0,0.0,
731056,20240312001070,00618410,KS인더스트리,101000,주요사항보고서(전환사채권발행결정),2024-03-13,KOSDAQ,2680.0,3060.0,3455.0,3795.0,0.14179104477611948,0.28917910447761197,0.41604477611940305,
619620,20240708000440,00618410,KS인더스트리,101000,주요사항보고서(전환사채권발행결정),2024-07-08,KOSDAQ,2955.0,2770.0,2620.0,2695.0,-0.06260575296108295,-0.11336717428087983,-0.08798646362098139,
543108,20241205900357,00618410,KS인더스트리,101000,전환사채(해외전환사채포함)발행후만기전사채취득              (제16회차),2024-12-05,KOSDAQ,2165.0,2170.0,2170.0,2440.0,0.002309468822170979,0.002309468822170979,0.12702078521939963,
500111,20250221002804,00618410,KS인더스트리,101000,주요사항보고서(전환사채권발행결정),2025-02-21,KOSDAQ,2440.0,2345.0,2395.0,2510.0,-0.03893442622950816,-0.018442622950819665,0.028688524590164022,
338093,20250904000358,00618410,KS인더스트리,101000,주요사항보고서(전환사채권발행결정),2025-09-04,KOSDAQ,1770.0,1767.0,2120.0,2345.0,-0.0016949152542372614,0.19774011299435035,0.32485875706214684,
1159926,20220401003096,00942131,앤디포스,238090,주요사항보고서(전환사채권발행결정),2022-04-01,KOSDAQ,9000.0,9010.0,9010.0,8610.0,0.0011111111111110628,0.0011111111111110628,-0.043333333333333335,
932803,20230405900345,00942131,앤디포스,238090,전환사채(해외전환사채포함)발행후만기전사채취득,2023-04-05,KOSDAQ,3330.0,2800.0,2850.0,2775.0,-0.15915915915915912,-0.14414414414414412,-0.16666666666666663,
93237,20260316001577,00942131,앤디포스,238090,주요사항보고서(전환사채권발행결정),2026-03-16,KOSDAQ,3125.0,3095.0,2985.0,3170.0,-0.009600000000000053,-0.04479999999999995,0.014399999999999968,
116495,20260617000378,00942131,앤디포스,238090,주요사항보고서(전환사채권발행결정),2026-06-17,KOSDAQ,2600.0,2600.0,2460.0,2835.0,0.0,-0.05384615384615388,0.09038461538461529,
1159803,20220401003154,01080687,아우딘퓨쳐스,227610,주요사항보고서(전환사채권발행결정),2022-04-04,KOSDAQ,3470.0,3460.0,3480.0,3320.0,-0.0028818443804035088,0.0028818443804035088,-0.043227665706051854,
1066011,20220905900334,01080687,아우딘퓨쳐스,227610,전환사채(해외전환사채포함)발행후만기전사채취득(제1회차),2022-09-05,KOSDAQ,4870.0,4870.0,4860.0,5030.0,0.0,-0.002053388090349051,0.03285420944558526,
1039233,20221111000888,01080687,아우딘퓨쳐스,227610,주요사항보고서(전환사채권발행결정),2022-11-11,KOSDAQ,5860.0,5420.0,5090.0,5280.0,-0.07508532423208192,-0.1313993174061433,-0.0989761092150171,
1022332,20221213000002,01080687,아우딘퓨쳐스,227610,주요사항보고서(전환사채권발행결정),2022-12-13,KOSDAQ,6210.0,7860.0,7800.0,9040.0,0.2657004830917875,0.2560386473429952,0.4557165861513688,
1022331,20221213000003,01080687,아우딘퓨쳐스,227610,주요사항보고서(전환사채권발행결정),2022-12-13,KOSDAQ,6210.0,7860.0,7800.0,9040.0,0.2657004830917875,0.2560386473429952,0.4557165861513688,
870520,20230627900573,01080687,아우딘퓨쳐스,227610,소송등의판결ㆍ결정(전환사채발행금지가처분),2023-06-27,KOSDAQ,7230.0,8620.0,8010.0,7740.0,0.19225449515905946,0.10788381742738595,0.0705394190871369,
750692,20240219900939,01080687,아우딘퓨쳐스,227610,전환사채(해외전환사채포함)발행후만기전사채취득              (제5회차),2024-02-19,KOSDAQ,3850.0,3796.0,3986.0,3754.0,-0.014025974025974053,0.035324675324675425,-0.02493506493506492,
622607,20240701900517,01080687,아우딘퓨쳐스,227610,전환사채(해외전환사채포함)발행후만기전사채취득              (제3회차),2024-07-01,KOSDAQ,3268.0,3464.0,3374.0,3424.0,0.059975520195838516,0.03243574051407583,0.047735618115055,
543014,20241205900520,01080687,아우딘퓨쳐스,227610,전환사채(해외전환사채포함)발행후만기전사채취득              (제3회차),2024-12-05,KOSDAQ,2508.0,2460.0,2180.0,2296.0,-0.019138755980861233,-0.1307814992025519,-0.08452950558213712,
414245,20250417900840,01080687,아우딘퓨쳐스,227610,전환사채(해외전환사채포함)발행후만기전사채취득              (제5회차),2025-04-17,KOSDAQ,2024.0,2028.0,2008.0,2006.0,0.0019762845849802257,-0.007905138339920903,-0.008893280632411016,
412900,20250421900680,01080687,아우딘퓨쳐스,227610,전환사채(해외전환사채포함)발행후만기전사채취득,2025-04-21,KOSDAQ,2008.0,1990.0,2016.0,1992.0,-0.008964143426294813,0.003984063745019917,-0.007968127490039834,
377769,20250625900551,01080687,아우딘퓨쳐스,227610,전환사채(해외전환사채포함)발행후만기전사채취득              (제3회차),2025-06-25,KOSDAQ,2264.0,2222.0,2194.0,2290.0,-0.01855123674911663,-0.030918727915194344,0.01148409893992941,
296962,20251201900729,01080687,아우딘퓨쳐스,227610,전환사채(해외전환사채포함)발행후만기전사채취득              (제3회차),2025-12-01,KOSDAQ,1800.0,1800.0,1800.0,1606.0,0.0,0.0,-0.10777777777777775,
257419,20260209901803,01080687,아우딘퓨쳐스,227610,전환사채(해외전환사채포함)발행후만기전사채취득,2026-02-09,KOSDAQ,1514.0,1520.0,1496.0,1324.0,0.003963011889035695,-0.011889035667106973,-0.1254953764861294,
255144,20260211901353,01080687,아우딘퓨쳐스,227610,전환사채(해외전환사채포함)발행후만기전사채취득,2026-02-11,KOSDAQ,1496.0,1460.0,1328.0,1270.0,-0.024064171122994638,-0.11229946524064172,-0.1510695187165776,
1157659,20220404900412,00232089,바이온,032980,전환사채(해외전환사채포함)발행후만기전사채취득,2022-04-04,KOSDAQ,3396.0,3472.0,3464.0,3382.0,0.022379269729092988,0.020023557126030544,-0.0041224970553592755,
1025414,20221205900610,00232089,바이온,032980,전환사채(해외전환사채포함)발행후만기전사채취득,2022-12-05,KOSDAQ,2410.0,2550.0,2390.0,2520.0,0.05809128630705396,-0.008298755186721962,0.045643153526971014,
982184,20230228004199,00232089,바이온,032980,주요사항보고서(전환사채권발행결정),2023-02-28,KOSDAQ,2104.0,2036.0,2052.0,2044.0,-0.03231939163498099,-0.024714828897338448,-0.028517110266159662,
853992,20230802000241,00232089,바이온,032980,주요사항보고서(전환사채권발행결정),2023-08-02,KOSDAQ,3316.0,3242.0,3242.0,3274.0,-0.02231604342581428,-0.02231604342581428,-0.01266586248492163,
633130,20240612900464,00232089,바이온,032980,전환사채(해외전환사채포함)발행후만기전사채취득,2024-06-12,KOSDAQ,2150.0,2002.0,2222.0,2284.0,-0.06883720930232562,0.033488372093023244,0.06232558139534894,
632470,20240613000384,00232089,바이온,032980,주요사항보고서(전환사채권발행결정),2024-06-13,KOSDAQ,2002.0,2222.0,2272.0,2304.0,0.10989010989010994,0.13486513486513485,0.15084915084915096,
625637,20240627900333,00232089,바이온,032980,전환사채(해외전환사채포함)발행후만기전사채취득,2024-06-27,KOSDAQ,2180.0,2164.0,2078.0,2114.0,-0.007339449541284404,-0.046788990825688104,-0.03027522935779814,
577998,20240925900529,00232089,바이온,032980,"풍문또는보도에대한해명(미확정)              (41,42회차 전환사채 발행 무효 확인 소송 피소 관련 보도)",2024-09-25,KOSDAQ,1692.0,1552.0,1576.0,1556.0,-0.08274231678486998,-0.0685579196217494,-0.08037825059101655,
504103,20250217900504,00232089,바이온,032980,소송등의판결ㆍ결정              (전환사채 발행무효 확인의 소),2025-02-17,KOSDAQ,676.0,646.0,540.0,456.0,-0.044378698224852076,-0.20118343195266275,-0.3254437869822485,
449241,20250401901056,00232089,바이온,032980,전환사채(해외전환사채포함)발행후만기전사채취득              (제40회차),2025-04-01,KOSDAQ,604.0,604.0,604.0,604.0,0.0,0.0,0.0,
386035,20250604900429,00232089,바이온,032980,전환사채(해외전환사채포함)발행후만기전사채취득              (제40회차),2025-06-04,KOSDAQ,604.0,604.0,604.0,604.0,0.0,0.0,0.0,
108570,20260303901433,00232089,바이온,032980,전환사채(해외전환사채포함)발행후만기전사채취득              (제40회차),2026-03-03,KOSDAQ,604.0,604.0,604.0,604.0,0.0,0.0,0.0,
1144936,20220408900471,00205687,더라미,032860,전환사채(해외전환사채포함)발행후만기전사채취득,2022-04-08,KOSDAQ,3640.0,3640.0,3640.0,3640.0,0.0,0.0,0.0,
1129781,20220421900365,00205687,더라미,032860,전환사채(해외전환사채포함)발행후만기전사채취득,2022-04-21,KOSDAQ,3640.0,3640.0,3640.0,3640.0,0.0,0.0,0.0,
1041842,20221108900264,00205687,더라미,032860,전환사채(해외전환사채포함)발행후만기전사채취득,2022-11-08,KOSDAQ,3640.0,3640.0,3640.0,3640.0,0.0,0.0,0.0,
1024698,20221207900229,00205687,더라미,032860,전환사채(해외전환사채포함)발행후만기전사채취득(제11회차),2022-12-07,KOSDAQ,3640.0,3640.0,3640.0,3640.0,0.0,0.0,0.0,
1140617,20220411003401,00200910,아이즈비전,031310,주요사항보고서(전환사채권발행결정),2022-04-11,KOSDAQ,3890.0,3850.0,3940.0,4055.0,-0.010282776349614386,0.01285347043701801,0.0424164524421593,
1061528,20220919900376,00200910,아이즈비전,031310,전환사채(해외전환사채포함)발행후만기전사채취득,2022-09-19,KOSDAQ,2950.0,3035.0,3010.0,2605.0,0.028813559322034,0.02033898305084736,-0.11694915254237293,
1018212,20221219900396,00200910,아이즈비전,031310,전환사채(해외전환사채포함)발행후만기전사채취득,2022-12-19,KOSDAQ,2605.0,2565.0,2520.0,2785.0,-0.015355086372360827,-0.03262955854126681,0.06909788867562372,
666721,20240415900326,00200910,아이즈비전,031310,전환사채(해외전환사채포함)발행후만기전사채취득,2024-04-15,KOSDAQ,2350.0,2270.0,2285.0,2265.0,-0.03404255319148941,-0.02765957446808509,-0.036170212765957444,
630055,20240619900746,00200910,아이즈비전,031310,전환사채(해외전환사채포함)발행후만기전사채취득,2024-06-19,KOSDAQ,2655.0,2760.0,2590.0,2475.0,0.039548022598870025,-0.024482109227871973,-0.06779661016949157,
580407,20240919900318,00200910,아이즈비전,031310,전환사채(해외전환사채포함)발행후만기전사채취득,2024-09-19,KOSDAQ,1718.0,1836.0,1823.0,1899.0,0.06868451688009314,0.06111757857974398,0.10535506402793948,
570835,20241014900515,00200910,아이즈비전,031310,전환사채(해외전환사채포함)발행후만기전사채취득,2024-10-14,KOSDAQ,1872.0,1856.0,1851.0,1840.0,-0.008547008547008517,-0.011217948717948678,-0.017094017094017144,
523406,20250113900370,00200910,아이즈비전,031310,전환사채(해외전환사채포함)발행후만기전사채취득,2025-01-13,KOSDAQ,1900.0,1923.0,1930.0,1940.0,0.012105263157894841,0.015789473684210575,0.021052631578947434,
502299,20250219001785,00200910,아이즈비전,031310,주요사항보고서(전환사채권발행결정),2025-02-19,KOSDAQ,1898.0,1867.0,1867.0,1836.0,-0.016332982086406767,-0.016332982086406767,-0.03266596417281353,
1138115,20220412002159,00838500,엘브이엠씨,900140,주요사항보고서(전환사채권발행결정),2022-04-12,KOSPI,2361.0,2439.0,2442.0,2406.0,0.033036848792884266,0.03430749682337986,0.019059720457433205,
317340,20251029000370,00838500,엘브이엠씨,900140,주요사항보고서(전환사채권발행결정),2025-10-29,KOSPI,1707.0,1679.0,1658.0,1613.0,-0.016403046280023426,-0.028705330990041023,-0.05506736965436443,
1137933,20220412002398,00366942,미코,059090,주요사항보고서(전환사채권발행결정),2022-04-12,KOSDAQ,11850.0,11700.0,11600.0,11350.0,-0.012658227848101222,-0.021097046413502074,-0.04219409282700426,
1132103,20220415900711,00366942,미코,059090,전환사채(해외전환사채포함)발행후만기전사채취득,2022-04-15,KOSDAQ,11400.0,11300.0,11350.0,11200.0,-0.00877192982456143,-0.004385964912280715,-0.01754385964912286,
1129999,20220421900135,00366942,미코,059090,전환사채(해외전환사채포함)발행후만기전사채취득,2022-04-21,KOSDAQ,11350.0,11200.0,10900.0,10800.0,-0.013215859030836996,-0.03964757709251099,-0.048458149779735726,
1137845,20220412002527,00117276,네이처셀,007390,주요사항보고서(전환사채권발행결정),2022-04-12,KOSDAQ,17550.0,16950.0,16850.0,16350.0,-0.03418803418803418,-0.03988603988603989,-0.06837606837606836,
888869,20230522900363,00117276,네이처셀,007390,전환사채(해외전환사채포함)발행후만기전사채취득,2023-05-22,KOSDAQ,10530.0,10700.0,10760.0,10370.0,0.01614434947768273,0.021842355175688555,-0.015194681861348536,
1135757,20220413002025,00118521,진원생명과학,011000,주요사항보고서(전환사채권발행결정),2022-04-13,KOSPI,13100.0,12800.0,12850.0,12300.0,-0.022900763358778664,-0.01908396946564883,-0.06106870229007633,
317299,20251029000399,00118521,진원생명과학,011000,주요사항보고서(전환사채권발행결정),2025-10-29,KOSPI,2140.0,2070.0,2100.0,2115.0,-0.032710280373831724,-0.01869158878504673,-0.011682242990654235,
300702,20251127000867,00118521,진원생명과학,011000,주요사항보고서(전환사채권발행결정),2025-11-27,KOSPI,2095.0,2150.0,2095.0,2075.0,0.026252983293556076,0.0,-0.009546539379474916,
1133360,20220414900521,00103547,우진비앤지,018620,전환사채(해외전환사채포함)발행후만기전사채취득,2022-04-14,KOSDAQ,8654.0,8904.0,8946.0,9237.0,0.02888837531777222,0.03374162237115774,0.06736769124104458,
1051272,20221014900285,00103547,우진비앤지,018620,전환사채(해외전환사채포함)발행후만기전사채취득,2022-10-14,KOSDAQ,7757.0,7778.0,7819.0,7402.0,0.002707232177388219,0.007992780714193737,-0.045765115379657106,
961576,20230321000834,00103547,우진비앤지,018620,주요사항보고서(전환사채권발행결정),2023-03-21,KOSDAQ,5964.0,5830.0,5768.0,5742.0,-0.0224681421864521,-0.032863849765258246,-0.037223340040241415,
909233,20230414900438,00103547,우진비앤지,018620,전환사채(해외전환사채포함)발행후만기전사채취득,2023-04-14,KOSDAQ,6343.0,6331.0,6351.0,6193.0,-0.0018918492826738298,0.0012612328551158125,-0.02364811603342265,
579358,20240923900267,00103547,우진비앤지,018620,전환사채(해외전환사채포함)발행후만기전사채취득,2024-09-23,KOSDAQ,4170.0,4258.0,4258.0,4345.0,0.02110311750599525,0.02110311750599525,0.04196642685851315,
1129986,20220421900152,00573269,에스코넥,096630,전환사채(해외전환사채포함)발행후만기전사채취득,2022-04-21,KOSDAQ,7650.0,7575.0,7425.0,7200.0,-0.009803921568627416,-0.02941176470588236,-0.05882352941176472,
1118752,20220520000481,00573269,에스코넥,096630,주요사항보고서(전환사채권발행결정),2022-05-20,KOSDAQ,6725.0,6725.0,6650.0,6750.0,0.0,-0.01115241635687736,0.0037174721189590088,
1089348,20220721900267,00573269,에스코넥,096630,전환사채(해외전환사채포함)발행후만기전사채취득,2022-07-21,KOSDAQ,5850.0,5850.0,5875.0,5950.0,0.0,0.004273504273504258,0.017094017094017033,
1048738,20221021900149,00573269,에스코넥,096630,전환사채(해외전환사채포함)발행후만기전사채취득,2022-10-21,KOSDAQ,4170.0,4120.0,4105.0,4120.0,-0.011990407673860948,-0.015587529976019199,-0.011990407673860948,
1020533,20221215900507,00573269,에스코넥,096630,전환사채(해외전환사채포함)발행후만기전사채취득,2022-12-15,KOSDAQ,4970.0,4980.0,4950.0,4855.0,0.002012072434607548,-0.004024144869215318,-0.023138832997987913,
1002899,20230125900336,00573269,에스코넥,096630,전환사채(해외전환사채포함)발행후만기전사채취득,2023-01-25,KOSDAQ,4935.0,4970.0,5245.0,5255.0,0.007092198581560183,0.0628166160081054,0.06484295845997967,
643973,20240527900668,00573269,에스코넥,096630,전환사채(해외전환사채포함)발행후만기전사채취득,2024-05-27,KOSDAQ,10850.0,10600.0,10050.0,9230.0,-0.02304147465437789,-0.07373271889400923,-0.14930875576036862,
566403,20241025900115,00573269,에스코넥,096630,전환사채(해외전환사채포함)발행후만기전사채취득,2024-10-25,KOSDAQ,3540.0,3575.0,3515.0,3635.0,0.009887005649717562,-0.007062146892655385,0.026836158192090398,
549083,20241127900455,00573269,에스코넥,096630,전환사채(해외전환사채포함)발행후만기전사채취득,2024-11-27,KOSDAQ,3215.0,3160.0,3025.0,2925.0,-0.017107309486780742,-0.059097978227060644,-0.09020217729393465,
1129898,20220421900265,00259590,바른손이앤에이,035620,전환사채(해외전환사채포함)발행후만기전사채취득,2022-04-21,KOSDAQ,6261.0,6283.0,6110.0,5893.0,0.0035138156843954604,-0.02411755310653252,-0.05877655326625142,
1128995,20220422000582,00149804,디와이에이,002880,주요사항보고서(전환사채권발행결정),2022-04-22,KOSPI,4369.0,4176.0,4228.0,4228.0,-0.044174868390936095,-0.03227283131151293,-0.03227283131151293,
632612,20240613000269,00149804,디와이에이,002880,주요사항보고서(전환사채권발행결정),2024-06-13,KOSPI,1290.0,1310.0,1388.0,1311.0,0.015503875968992276,0.07596899224806197,0.016279069767441756,
1127464,20220506000527,00623184,오늘이엔엠,192410,주요사항보고서(전환사채권발행결정),2022-05-06,KOSDAQ,32924.0,42792.0,39961.0,36357.0,0.2997205685821893,0.21373466164500066,0.10427044101567251,
1127463,20220506000528,00623184,오늘이엔엠,192410,주요사항보고서(전환사채권발행결정),2022-05-06,KOSDAQ,32924.0,42792.0,39961.0,36357.0,0.2997205685821893,0.21373466164500066,0.10427044101567251,
1000908,20230127900918,00623184,오늘이엔엠,192410,기타주요경영사항(제5회차 전환사채 발행결정 철회),2023-01-27,KOSDAQ,17633.0,18079.0,17803.0,18061.0,0.025293483808767725,0.009641014007826243,0.024272670560880227,
1000907,20230127900922,00623184,오늘이엔엠,192410,기타주요경영사항(제6회차 전환사채 발행결정 철회),2023-01-27,KOSDAQ,17633.0,18079.0,17803.0,18061.0,0.025293483808767725,0.009641014007826243,0.024272670560880227,
622348,20240702000001,00623184,오늘이엔엠,192410,주요사항보고서(전환사채권발행결정),2024-07-02,KOSDAQ,7625.0,7741.0,7621.0,9386.0,0.015213114754098367,-0.0005245901639344686,0.23095081967213105,
537248,20241213901892,00623184,오늘이엔엠,192410,전환사채(해외전환사채포함)발행후만기전사채취득              (제5회차),2024-12-13,KOSDAQ,4702.0,4261.0,4311.0,4211.0,-0.0937898766482348,-0.0831561037856231,-0.10442364951084648,
520185,20250121900304,00623184,오늘이엔엠,192410,전환사채(해외전환사채포함)발행후만기전사채취득              (제5회차),2025-01-21,KOSDAQ,3795.0,3745.0,3661.0,3581.0,-0.013175230566534912,-0.03530961791831355,-0.05638998682476948,
467337,20250324900726,00623184,오늘이엔엠,192410,전환사채(해외전환사채포함)발행후만기전사채취득              (제5회차),2025-03-24,KOSDAQ,1420.0,1402.0,1440.0,1384.0,-0.012676056338028152,0.014084507042253502,-0.025352112676056304,
437745,20250404900981,00623184,오늘이엔엠,192410,전환사채(해외전환사채포함)발행후만기전사채취득              (제5회차),2025-04-04,KOSDAQ,1376.0,1320.0,1328.0,1712.0,-0.04069767441860461,-0.03488372093023251,0.2441860465116279,
1127108,20220509000373,01453670,휴럼,353190,주요사항보고서(전환사채권발행결정),2022-05-09,KOSDAQ,8650.0,8625.0,8500.0,8025.0,-0.0028901734104046506,-0.017341040462427793,-0.0722543352601156,
607880,20240806000137,01453670,휴럼,353190,주요사항보고서(전환사채권발행결정),2024-08-06,KOSDAQ,4905.0,4990.0,4945.0,5060.0,0.017329255861366022,0.00815494393476035,0.031600407747196746,
606580,20240808900388,01453670,휴럼,353190,전환사채(해외전환사채포함)발행후만기전사채취득              (제2회차),2024-08-08,KOSDAQ,4945.0,5150.0,5135.0,4865.0,0.04145601617795758,0.03842264914054594,-0.016177957532861442,
600059,20240814901485,01453670,휴럼,353190,전환사채(해외전환사채포함)발행후만기전사채취득              (제2회차),2024-08-14,KOSDAQ,5055.0,4865.0,4835.0,4655.0,-0.03758654797230465,-0.04352126607319484,-0.0791295746785361,
559268,20241111900344,01453670,휴럼,353190,전환사채(해외전환사채포함)발행후만기전사채취득              (제2회차),2024-11-11,KOSDAQ,3875.0,3790.0,3700.0,3750.0,-0.021935483870967776,-0.04516129032258065,-0.032258064516129004,
1126225,20220510000793,00833064,엠플러스,259630,주요사항보고서(전환사채권발행결정),2022-05-10,KOSDAQ,17050.0,16650.0,15950.0,16400.0,-0.02346041055718473,-0.06451612903225812,-0.038123167155425186,
572153,20241010000602,00833064,엠플러스,259630,주요사항보고서(전환사채권발행결정),2024-10-10,KOSDAQ,10670.0,10350.0,10490.0,10150.0,-0.029990627928772273,-0.016869728209934376,-0.04873477038425489,
572140,20241010000608,00833064,엠플러스,259630,주요사항보고서(전환사채권발행결정),2024-10-10,KOSDAQ,10670.0,10350.0,10490.0,10150.0,-0.029990627928772273,-0.016869728209934376,-0.04873477038425489,
571513,20241011900437,00833064,엠플러스,259630,전환사채(해외전환사채포함)발행후만기전사채취득,2024-10-11,KOSDAQ,10350.0,10490.0,10360.0,10000.0,0.01352657004830915,0.0009661835748793202,-0.033816425120772986,
324459,20251013900171,00833064,엠플러스,259630,전환사채(해외전환사채포함)발행후만기전사채취득,2025-10-13,KOSDAQ,13710.0,15000.0,15430.0,15050.0,0.09409190371991238,0.12545587162654992,0.09773887673231219,
305406,20251119900141,00833064,엠플러스,259630,전환사채(해외전환사채포함)발행후만기전사채취득,2025-11-19,KOSDAQ,14660.0,14750.0,14080.0,15080.0,0.006139154160982319,-0.0395634379263301,0.028649386084584005,
1120156,20220517900298,00938721,필옵틱스,161580,전환사채(해외전환사채포함)발행후만기전사채취득,2022-05-17,KOSDAQ,8530.0,8400.0,8250.0,8240.0,-0.015240328253223967,-0.03282532239155922,-0.03399765533411492,
990011,20230217900949,00938721,필옵틱스,161580,전환사채(해외전환사채포함)발행후만기전사채취득,2023-02-17,KOSDAQ,10040.0,9900.0,9760.0,9330.0,-0.013944223107569709,-0.027888446215139417,-0.07071713147410363,
1118302,20220523900222,00562360,에코볼트,097780,전환사채(해외전환사채포함)발행후만기전사채취득(제13회차),2022-05-23,KOSDAQ,5678.0,5678.0,5678.0,5678.0,0.0,0.0,0.0,
1114633,20220530900611,00562360,에코볼트,097780,전환사채(해외전환사채포함)발행후만기전사채취득(제14회차),2022-05-30,KOSDAQ,5678.0,5678.0,5678.0,5678.0,0.0,0.0,0.0,
1070831,20220829900393,00562360,에코볼트,097780,전환사채(해외전환사채포함)발행후만기전사채취득(제14회차),2022-08-29,KOSDAQ,5678.0,5678.0,5678.0,5678.0,0.0,0.0,0.0,
988310,20230222900505,00562360,에코볼트,097780,전환사채(해외전환사채포함)발행후만기전사채취득,2023-02-22,KOSDAQ,3138.0,3133.0,3108.0,3086.0,-0.0015933715742511012,-0.009560229445506718,-0.016571064372211564,
981347,20230228901200,00562360,에코볼트,097780,전환사채(해외전환사채포함)발행후만기전사채취득(제14회차),2023-02-28,KOSDAQ,3083.0,3086.0,3046.0,2962.0,0.0009730781706129843,-0.012001297437560843,-0.03924748621472596,
1115766,20220527000441,01112889,피엔에이치테크,239890,주요사항보고서(전환사채권발행결정),2022-05-27,KOSDAQ,24300.0,25000.0,25550.0,24950.0,0.028806584362139898,0.05144032921810693,0.026748971193415683,
1110932,20220531900779,01112889,피엔에이치테크,239890,증권발행결과(자율공시)(제1회 무기명식 무이권부 무보증 사모 전환사채),2022-05-31,KOSDAQ,25550.0,25300.0,25250.0,24100.0,-0.009784735812133127,-0.011741682974559686,-0.05675146771037187,
636636,20240603900348,01112889,피엔에이치테크,239890,전환사채(해외전환사채포함)발행후만기전사채취득              (제1회차),2024-06-03,KOSDAQ,18460.0,18210.0,18210.0,16780.0,-0.013542795232936111,-0.013542795232936111,-0.09100758396533049,
491374,20250228901526,01112889,피엔에이치테크,239890,전환사채(해외전환사채포함)발행후만기전사채취득,2025-02-28,KOSDAQ,6900.0,6810.0,6800.0,6780.0,-0.013043478260869601,-0.01449275362318836,-0.017391304347826098,
386546,20250602900737,01112889,피엔에이치테크,239890,전환사채(해외전환사채포함)발행후만기전사채취득,2025-06-02,KOSDAQ,5240.0,5340.0,5150.0,5370.0,0.01908396946564883,-0.01717557251908397,0.024809160305343525,
339238,20250901900830,01112889,피엔에이치테크,239890,전환사채(해외전환사채포함)발행후만기전사채취득,2025-09-01,KOSDAQ,5750.0,5930.0,5930.0,6090.0,0.03130434782608704,0.03130434782608704,0.05913043478260871,
1114542,20220530000758,00469799,이엔플러스,074610,주요사항보고서(전환사채권발행결정),2022-05-30,KOSPI,35850.0,35850.0,36200.0,34700.0,0.0,0.009762900976290068,-0.03207810320781035,
1104015,20220617000408,00469799,이엔플러스,074610,주요사항보고서(전환사채권발행결정),2022-06-17,KOSPI,32050.0,31000.0,30650.0,30350.0,-0.032761310452418146,-0.043681747269890825,-0.05304212168486744,
1054434,20221006000583,00469799,이엔플러스,074610,주요사항보고서(전환사채권발행결정),2022-10-06,KOSPI,39300.0,37450.0,37850.0,38700.0,-0.04707379134860046,-0.03689567430025442,-0.01526717557251911,
1054432,20221006000586,00469799,이엔플러스,074610,주요사항보고서(전환사채권발행결정),2022-10-06,KOSPI,39300.0,37450.0,37850.0,38700.0,-0.04707379134860046,-0.03689567430025442,-0.01526717557251911,
1054424,20221006000593,00469799,이엔플러스,074610,주요사항보고서(전환사채권발행결정),2022-10-06,KOSPI,39300.0,37450.0,37850.0,38700.0,-0.04707379134860046,-0.03689567430025442,-0.01526717557251911,
1054420,20221006000595,00469799,이엔플러스,074610,주요사항보고서(전환사채권발행결정),2022-10-06,KOSPI,39300.0,37450.0,37850.0,38700.0,-0.04707379134860046,-0.03689567430025442,-0.01526717557251911,
1054411,20221006000601,00469799,이엔플러스,074610,주요사항보고서(전환사채권발행결정),2022-10-06,KOSPI,39300.0,37450.0,37850.0,38700.0,-0.04707379134860046,-0.03689567430025442,-0.01526717557251911,
823518,20230926000701,00469799,이엔플러스,074610,주요사항보고서(전환사채권발행결정),2023-09-26,KOSPI,58600.0,60800.0,56900.0,52000.0,0.03754266211604085,-0.029010238907849817,-0.11262798634812288,
801849,20231114002688,00469799,이엔플러스,074610,주요사항보고서(전환사채권발행결정),2023-11-14,KOSPI,44350.0,44200.0,43700.0,42450.0,-0.0033821871476887866,-0.01465614430665163,-0.04284103720405863,
771402,20240111000400,00469799,이엔플러스,074610,주요사항보고서(전환사채권발행결정),2024-01-11,KOSPI,35250.0,34650.0,33600.0,31800.0,-0.017021276595744705,-0.04680851063829783,-0.09787234042553195,
751352,20240216001277,00469799,이엔플러스,074610,주요사항보고서(전환사채권발행결정),2024-02-16,KOSPI,37400.0,34550.0,34500.0,31350.0,-0.0762032085561497,-0.07754010695187163,-0.16176470588235292,
3527,20260521000803,00469799,이엔플러스,074610,주요사항보고서(전환사채권발행결정),2026-05-22,KOSPI,5110.0,5110.0,5110.0,5110.0,0.0,0.0,0.0,
1114249,20220530001048,00410997,누리플랜,069140,주요사항보고서(전환사채권발행결정),2022-05-30,KOSDAQ,5847.0,5898.0,6024.0,6252.0,0.008722421754745913,0.03027193432529507,0.06926629040533605,
872816,20230621000440,00410997,누리플랜,069140,주요사항보고서(전환사채권발행결정),2023-06-22,KOSDAQ,4393.0,4351.0,4334.0,4085.0,-0.0095606646938311,-0.013430457546096064,-0.0701115410880947,
790508,20231204900470,00410997,누리플랜,069140,전환사채(해외전환사채포함)발행후만기전사채취득,2023-12-04,KOSDAQ,2360.0,2325.0,2395.0,2620.0,-0.014830508474576232,0.014830508474576343,0.11016949152542366,
782559,20231218900228,00410997,누리플랜,069140,전환사채(해외전환사채포함)발행후만기전사채취득,2023-12-18,KOSDAQ,2500.0,2510.0,2085.0,1923.0,0.0040000000000000036,-0.16600000000000004,-0.2308,
542489,20241206000378,00410997,누리플랜,069140,주요사항보고서(전환사채권발행결정),2024-12-06,KOSDAQ,1070.0,1042.0,1075.0,1326.0,-0.0261682242990654,0.004672897196261738,0.2392523364485981,
532010,20241223900531,00410997,누리플랜,069140,전환사채(해외전환사채포함)발행후만기전사채취득,2024-12-23,KOSDAQ,1325.0,1574.0,1449.0,1352.0,0.18792452830188688,0.09358490566037725,0.02037735849056599,
1111572,20220531002338,00365590,HLB생명과학,067630,주요사항보고서(전환사채권발행결정),2022-05-31,KOSDAQ,14539.0,14121.0,13702.0,12680.0,-0.02875025792695507,-0.05756929637526653,-0.1278629892014581,
869000,20230629000679,00365590,HLB생명과학,067630,주요사항보고서(전환사채권발행결정),2023-06-29,KOSDAQ,9744.0,9890.0,9939.0,9403.0,0.014983579638752076,0.020012315270935943,-0.03499589490968802,
808142,20231107000219,00365590,HLB생명과학,067630,주요사항보고서(전환사채권발행결정),2023-11-07,KOSDAQ,9403.0,9247.0,9101.0,8799.0,-0.01659044985642877,-0.032117409337445446,-0.064234818674891,
808132,20231107900575,00365590,HLB생명과학,067630,전환사채(해외전환사채포함)발행후만기전사채취득,2023-11-07,KOSDAQ,9403.0,9247.0,9101.0,8799.0,-0.01659044985642877,-0.032117409337445446,-0.064234818674891,
595975,20240821000354,00365590,HLB생명과학,067630,주요사항보고서(전환사채권발행결정),2024-08-21,KOSDAQ,10580.0,10360.0,10700.0,10330.0,-0.020793950850661602,0.011342155009451904,-0.023629489603024578,
525030,20250108000490,00365590,HLB생명과학,067630,주요사항보고서(전환사채권발행결정),2025-01-08,KOSDAQ,10810.0,10620.0,10650.0,10380.0,-0.017576318223866738,-0.014801110083256241,-0.039777983348751156,
249885,20260219900745,00365590,HLB생명과학,067630,전환사채(해외전환사채포함)발행후만기전사채취득              (제13회차),2026-02-19,KOSDAQ,4110.0,4070.0,3935.0,3885.0,-0.009732360097323589,-0.04257907542579076,-0.054744525547445244,
245652,20260225901098,00365590,HLB생명과학,067630,전환사채(해외전환사채포함)발행후만기전사채취득              (제13회차),2026-02-25,KOSDAQ,3885.0,3885.0,3885.0,3790.0,0.0,0.0,-0.02445302445302444,
108914,20260303900884,00365590,HLB생명과학,067630,전환사채(해외전환사채포함)발행후만기전사채취득              (제13회차),2026-03-03,KOSDAQ,3830.0,3340.0,3790.0,3865.0,-0.12793733681462138,-0.010443864229765065,0.009138381201044377,
129986,20260528000687,00365590,HLB생명과학,067630,주요사항보고서(전환사채권발행결정),2026-05-28,KOSDAQ,3370.0,3280.0,3330.0,3170.0,-0.02670623145400597,-0.011869436201780381,-0.05934718100890213,
127427,20260529901374,00365590,HLB생명과학,067630,전환사채(해외전환사채포함)발행후만기전사채취득              (제13회차),2026-05-29,KOSDAQ,3280.0,3330.0,3155.0,2975.0,0.015243902439024293,-0.038109756097560954,-0.09298780487804881,
115812,20260618900614,00365590,HLB생명과학,067630,전환사채(해외전환사채포함)발행후만기전사채취득              (제13회차),2026-06-18,KOSDAQ,3360.0,3275.0,3330.0,3110.0,-0.02529761904761907,-0.008928571428571397,-0.07440476190476186,
1110868,20220531002775,00303873,CJ CGV,079160,주요사항보고서(전환사채권발행결정),2022-05-31,KOSPI,19319.0,18865.0,18655.0,19424.0,-0.023500181168797596,-0.03437030902220617,0.005435063926704231,
1110904,20220531002890,00199252,HLB,028300,주요사항보고서(전환사채권발행결정),2022-05-31,KOSDAQ,40811.0,40319.0,38883.0,35430.0,-0.012055573252309437,-0.04724216510254586,-0.1318517066477175,
790533,20231204900438,00199252,HLB,028300,전환사채(해외전환사채포함)발행후만기전사채취득(제36회차),2023-12-04,KOSDAQ,32800.0,32900.0,32800.0,34050.0,0.0030487804878047697,0.0,0.038109756097560954,
738723,20240304000416,00199252,HLB,028300,주요사항보고서(전환사채권발행결정),2024-03-04,KOSDAQ,82100.0,79700.0,80100.0,100600.0,-0.02923264311814855,-0.02436053593179055,0.22533495736906217,
626914,20240625000315,00199252,HLB,028300,주요사항보고서(전환사채권발행결정),2024-06-25,KOSDAQ,72800.0,65000.0,63900.0,59100.0,-0.1071428571428571,-0.12225274725274726,-0.18818681318681318,
347588,20250820000179,00199252,HLB,028300,주요사항보고서(전환사채권발행결정),2025-08-20,KOSDAQ,38150.0,39400.0,37400.0,37500.0,0.03276539973787673,-0.019659239842726106,-0.017038007863695914,
336835,20250908900384,00199252,HLB,028300,전환사채(해외전환사채포함)발행후만기전사채취득,2025-09-08,KOSDAQ,38750.0,38000.0,38650.0,38650.0,-0.01935483870967747,-0.002580645161290307,-0.002580645161290307,
330416,20250924000387,00199252,HLB,028300,주요사항보고서(전환사채권발행결정),2025-09-24,KOSDAQ,39150.0,39650.0,38750.0,37900.0,0.012771392081736943,-0.010217113665389577,-0.03192848020434225,
326124,20251001900619,00199252,HLB,028300,전환사채(해외전환사채포함)발행후만기전사채취득,2025-10-01,KOSDAQ,37900.0,38000.0,37000.0,38550.0,0.0026385224274405594,-0.0237467018469657,0.01715039577836408,
294268,20251208900498,00199252,HLB,028300,전환사채(해외전환사채포함)발행후만기전사채취득,2025-12-08,KOSDAQ,49600.0,49350.0,49000.0,47050.0,-0.005040322580645129,-0.012096774193548376,-0.05141129032258063,
103619,20260309901237,00199252,HLB,028300,전환사채(해외전환사채포함)발행후만기전사채취득,2026-03-09,KOSDAQ,49450.0,50400.0,48600.0,48750.0,0.01921132457027297,-0.01718907987866536,-0.014155712841253831,
46112,20260407003007,00199252,HLB,028300,주요사항보고서(전환사채권발행결정),2026-04-07,KOSDAQ,52200.0,54900.0,55900.0,62700.0,0.051724137931034475,0.07088122605363978,0.20114942528735624,
1108481,20220608900250,01062177,제놀루션,225220,전환사채(해외전환사채포함)발행후만기전사채취득,2022-06-08,KOSDAQ,6775.0,6698.0,6621.0,6159.0,-0.011365313653136533,-0.022730627306273066,-0.09092250922509226,
1107663,20220609000528,00138792,아시아나항공,020560,주요사항보고서(전환사채권발행결정),2022-06-09,KOSPI,18450.0,17950.0,17000.0,16450.0,-0.027100271002710064,-0.07859078590785906,-0.10840108401084014,
809834,20231102000141,00138792,아시아나항공,020560,주요사항보고서(전환사채권발행결정),2023-11-02,KOSPI,10210.0,10120.0,10400.0,10490.0,-0.008814887365328095,0.0186092066601371,0.027424094025465307,
630604,20240618000367,00138792,아시아나항공,020560,주요사항보고서(전환사채권발행결정),2024-06-18,KOSPI,10520.0,10460.0,10480.0,10630.0,-0.005703422053231932,-0.0038022813688213253,0.010456273764258617,
314733,20251104000252,00138792,아시아나항공,020560,주요사항보고서(전환사채권발행결정),2025-11-04,KOSPI,8590.0,8440.0,8520.0,8480.0,-0.0174621653084982,-0.008149010477299212,-0.012805587892898762,
1107772,20220609900309,00267942,큐캐피탈,016600,전환사채(해외전환사채포함)발행후만기전사채취득,2022-06-09,KOSDAQ,8474.0,8524.0,8096.0,7831.0,0.005900401227283414,-0.044607033278262875,-0.07587915978286519,
900989,20230428900618,00267942,큐캐피탈,016600,전환사채(해외전환사채포함)발행후만기전사채취득,2023-04-28,KOSDAQ,4956.0,5120.0,5044.0,5056.0,0.03309120258272791,0.0177562550443906,0.020177562550443895,
787970,20231208900645,00267942,큐캐피탈,016600,전환사채(해외전환사채포함)발행후만기전사채취득,2023-12-08,KOSDAQ,4666.0,4829.0,4842.0,4741.0,0.03493356193741959,0.03771967423917699,0.016073724817831092,
1107099,20220610900220,00867478,아시아종묘,154030,전환사채(해외전환사채포함)발행후만기전사채취득(제5회차),2022-06-10,KOSDAQ,5040.0,5000.0,4955.0,4770.0,-0.007936507936507908,-0.016865079365079416,-0.0535714285714286,
1091325,20220715900273,00867478,아시아종묘,154030,전환사채(해외전환사채포함)발행후만기전사채취득(제5회차),2022-07-15,KOSDAQ,4220.0,4260.0,4265.0,4510.0,0.009478672985782088,0.010663507109004655,0.06872037914691953,
1085244,20220729900639,00867478,아시아종묘,154030,전환사채(해외전환사채포함)발행후만기전사채취득(제5회차),2022-07-29,KOSDAQ,4720.0,5020.0,4675.0,4620.0,0.06355932203389836,-0.009533898305084776,-0.021186440677966156,
1073587,20220823000343,00867478,아시아종묘,154030,주요사항보고서(전환사채권발행결정),2022-08-23,KOSDAQ,4425.0,4405.0,4420.0,4270.0,-0.004519774011299438,-0.001129943502824804,-0.03502824858757059,
746027,20240226900956,00867478,아시아종묘,154030,전환사채(해외전환사채포함)발행후만기전사채취득,2024-02-26,KOSDAQ,2830.0,2835.0,2835.0,2775.0,0.0017667844522968323,0.0017667844522968323,-0.019434628975265045,
550913,20241125900249,00867478,아시아종묘,154030,전환사채(해외전환사채포함)발행후만기전사채취득              (제6회차),2024-11-25,KOSDAQ,2135.0,2070.0,2110.0,2055.0,-0.030444964871194413,-0.011709601873536313,-0.0374707259953162,
1105676,20220614000424,00148531,제이스코홀딩스,023440,주요사항보고서(전환사채권발행결정),2022-06-14,KOSDAQ,2170.0,2120.0,2120.0,1920.0,-0.02304147465437789,-0.02304147465437789,-0.11520737327188935,
1105677,20220614900560,00148531,제이스코홀딩스,023440,전환사채(해외전환사채포함)발행후만기전사채취득(제1회차),2022-06-14,KOSDAQ,2170.0,2120.0,2120.0,1920.0,-0.02304147465437789,-0.02304147465437789,-0.11520737327188935,
914554,20230412002504,00148531,제이스코홀딩스,023440,주요사항보고서(전환사채권발행결정),2023-04-12,KOSDAQ,5090.0,5130.0,4760.0,4000.0,0.007858546168958647,-0.06483300589390961,-0.21414538310412579,
902356,20230427900732,00148531,제이스코홀딩스,023440,전환사채(해외전환사채포함)발행후만기전사채취득,2023-04-27,KOSDAQ,4150.0,3985.0,3610.0,3530.0,-0.03975903614457832,-0.13012048192771086,-0.14939759036144573,
861243,20230717900560,00148531,제이스코홀딩스,023440,전환사채(해외전환사채포함)발행후만기전사채취득,2023-07-17,KOSDAQ,2510.0,2510.0,2690.0,2985.0,0.0,0.0717131474103585,0.18924302788844627,
782976,20231215901754,00148531,제이스코홀딩스,023440,전환사채(해외전환사채포함)발행후만기전사채취득,2023-12-15,KOSDAQ,1428.0,1390.0,1385.0,1370.0,-0.026610644257703098,-0.030112044817927175,-0.040616246498599407,
654454,20240507900686,00148531,제이스코홀딩스,023440,전환사채(해외전환사채포함)발행후만기전사채취득,2024-05-07,KOSDAQ,1264.0,1300.0,1300.0,1290.0,0.028481012658227778,0.028481012658227778,0.020569620253164667,
557486,20241113900995,00148531,제이스코홀딩스,023440,전환사채(해외전환사채포함)발행후만기전사채취득,2024-11-13,KOSDAQ,2085.0,2085.0,2170.0,1900.0,0.0,0.04076738609112707,-0.08872901678657075,
552927,20241119000268,00148531,제이스코홀딩스,023440,주요사항보고서(전환사채권발행결정),2024-11-20,KOSDAQ,1900.0,1905.0,1905.0,1801.0,0.002631578947368318,0.002631578947368318,-0.052105263157894766,
522551,20250115900005,00148531,제이스코홀딩스,023440,전환사채(해외전환사채포함)발행후만기전사채취득,2025-01-15,KOSDAQ,1590.0,1611.0,1615.0,1543.0,0.013207547169811429,0.01572327044025168,-0.02955974842767295,
49372,20260406901052,00148531,제이스코홀딩스,023440,전환사채(해외전환사채포함)발행후만기전사채취득              (제3회차),2026-04-06,KOSDAQ,521.0,521.0,521.0,521.0,0.0,0.0,0.0,
1105295,20220615000269,01343665,RF머트리얼즈,327260,주요사항보고서(전환사채권발행결정),2022-06-15,KOSDAQ,11667.0,11716.0,11667.0,10140.0,0.004199880003428413,0.0,-0.13088197480071995,
477967,20250314901167,01343665,RF머트리얼즈,327260,전환사채(해외전환사채포함)발행후만기전사채취득,2025-03-14,KOSDAQ,6330.0,6281.0,6350.0,6370.0,-0.007740916271721909,0.003159557661927437,0.006319115323854652,
412973,20250421900592,01343665,RF머트리얼즈,327260,전환사채(해외전환사채포함)발행후만기전사채취득,2025-04-21,KOSDAQ,5198.0,5149.0,5228.0,5464.0,-0.009426702577914559,0.005771450557906954,0.051173528280107794,
1105140,20220615000407,00659976,영화테크,265560,주요사항보고서(전환사채권발행결정),2022-06-15,KOSDAQ,14200.0,14100.0,14000.0,11750.0,-0.007042253521126751,-0.014084507042253502,-0.17253521126760563,
1105135,20220615000412,00659976,영화테크,265560,주요사항보고서(전환사채권발행결정),2022-06-15,KOSDAQ,14200.0,14100.0,14000.0,11750.0,-0.007042253521126751,-0.014084507042253502,-0.17253521126760563,
503989,20250217900716,00659976,영화테크,265560,전환사채(해외전환사채포함)발행후만기전사채취득,2025-02-17,KOSDAQ,7600.0,7630.0,7770.0,7600.0,0.003947368421052699,0.022368421052631593,0.0,
396780,20250519900137,00659976,영화테크,265560,전환사채(해외전환사채포함)발행후만기전사채취득,2025-05-19,KOSDAQ,7620.0,7740.0,7910.0,7680.0,0.015748031496062964,0.03805774278215224,0.007874015748031482,
394265,20250526900395,00659976,영화테크,265560,전환사채(해외전환사채포함)발행후만기전사채취득,2025-05-26,KOSDAQ,7680.0,7700.0,8010.0,8120.0,0.0026041666666667407,0.04296875,0.05729166666666674,
1105376,20220615900328,01263527,카이노스메드,284620,전환사채(해외전환사채포함)발행후만기전사채취득(제2회차),2022-06-15,KOSDAQ,10367.0,10177.0,9965.0,8765.0,-0.01832738497154429,-0.038776888202951665,-0.15452879328638947,
1061148,20220920900309,01263527,카이노스메드,284620,전환사채(해외전환사채포함)발행후만기전사채취득(제2회차),2022-09-20,KOSDAQ,6700.0,6390.0,6300.0,4485.0,-0.04626865671641789,-0.05970149253731338,-0.3305970149253732,
1056431,20220930900602,01263527,카이노스메드,284620,전환사채(해외전환사채포함)발행후만기전사채취득(제2회차),2022-09-30,KOSDAQ,3730.0,3625.0,3475.0,3435.0,-0.02815013404825739,-0.06836461126005366,-0.079088471849866,
1103901,20220617000440,00946030,로보티즈,108490,주요사항보고서(전환사채권발행결정),2022-06-20,KOSDAQ,18989.0,19135.0,17918.0,18697.0,0.007688661856864565,-0.056401074306177246,-0.015377323713729019,
1103902,20220617000441,00946030,로보티즈,108490,주요사항보고서(전환사채권발행결정),2022-06-20,KOSDAQ,18989.0,19135.0,17918.0,18697.0,0.007688661856864565,-0.056401074306177246,-0.015377323713729019,
644395,20240524900647,00946030,로보티즈,108490,전환사채(해외전환사채포함)발행후만기전사채취득,2024-05-24,KOSDAQ,22349.0,22349.0,22884.0,22105.0,0.0,0.023938431249720393,-0.010917714439124815,
644391,20240524900651,00946030,로보티즈,108490,전환사채(해외전환사채포함)발행후만기전사채취득,2024-05-24,KOSDAQ,22349.0,22349.0,22884.0,22105.0,0.0,0.023938431249720393,-0.010917714439124815,
531259,20241224900530,00946030,로보티즈,108490,전환사채(해외전환사채포함)발행후만기전사채취득,2024-12-24,KOSDAQ,20158.0,20937.0,22008.0,24394.0,0.0386447068161524,0.09177497767635678,0.2101398948308364,
1103518,20220620000313,00231354,파워넷,037030,주요사항보고서(전환사채권발행결정),2022-06-20,KOSDAQ,4030.0,4165.0,3865.0,3885.0,0.03349875930521096,-0.04094292803970223,-0.03598014888337464,
1035382,20221116900284,00231354,파워넷,037030,전환사채(해외전환사채포함)발행후만기전사채취득,2022-11-16,KOSDAQ,3400.0,3385.0,3370.0,3315.0,-0.004411764705882337,-0.008823529411764675,-0.025000000000000022,
995578,20230209900717,00231354,파워넷,037030,전환사채(해외전환사채포함)발행후만기전사채취득,2023-02-09,KOSDAQ,3650.0,3560.0,3555.0,3635.0,-0.024657534246575352,-0.02602739726027392,-0.004109589041095929,
816873,20231017000310,00231354,파워넷,037030,주요사항보고서(전환사채권발행결정),2023-10-17,KOSDAQ,3080.0,3040.0,2905.0,2945.0,-0.012987012987012991,-0.05681818181818177,-0.043831168831168776,
806818,20231109900523,00231354,파워넷,037030,전환사채(해외전환사채포함)발행후만기전사채취득,2023-11-09,KOSDAQ,2985.0,2890.0,2915.0,3055.0,-0.031825795644891075,-0.02345058626465657,0.02345058626465657,
755458,20240213901244,00231354,파워넷,037030,전환사채(해외전환사채포함)발행후만기전사채취득,2024-02-13,KOSDAQ,3015.0,3065.0,3160.0,3170.0,0.016583747927031434,0.04809286898839127,0.05140961857379778,
629061,20240621900306,00231354,파워넷,037030,전환사채(해외전환사채포함)발행후만기전사채취득,2024-06-21,KOSDAQ,2690.0,2680.0,2640.0,2665.0,-0.0037174721189591198,-0.018587360594795488,-0.009293680297397744,
579316,20240923900317,00231354,파워넷,037030,전환사채(해외전환사채포함)발행후만기전사채취득,2024-09-23,KOSDAQ,2445.0,2435.0,2485.0,2555.0,-0.004089979550102263,0.01635991820040905,0.04498977505112478,
271571,20260119900729,00231354,파워넷,037030,전환사채(해외전환사채포함)발행후만기전사채취득,2026-01-19,KOSDAQ,2755.0,2750.0,2750.0,2820.0,-0.001814882032667886,-0.001814882032667886,0.023593466424682408,
1103194,20220621000318,01368354,네패스아크,330860,주요사항보고서(전환사채권발행결정),2022-06-21,KOSDAQ,30750.0,28400.0,28100.0,30250.0,-0.07642276422764227,-0.08617886178861789,-0.016260162601625994,
576547,20240927900515,01368354,네패스아크,330860,전환사채(해외전환사채포함)발행후만기전사채취득,2024-09-27,KOSDAQ,14570.0,14240.0,13880.0,13980.0,-0.022649279341111828,-0.047357584076870296,-0.04049416609471512,
1101741,20220623900346,00276083,피노,033790,전환사채(해외전환사채포함)발행후만기전사채취득(제2회차),2022-06-23,KOSDAQ,829.0,829.0,829.0,829.0,0.0,0.0,0.0,
658483,20240429000971,00276083,피노,033790,주요사항보고서(전환사채권발행결정),2024-04-29,KOSDAQ,1541.0,2000.0,2600.0,5700.0,0.29785853341985713,0.6872160934458145,2.6988968202465933,
1101361,20220624000001,00308896,셀피글로벌,068940,주요사항보고서(전환사채권발행결정),2022-06-24,KOSDAQ,3395.0,3900.0,3910.0,3765.0,0.14874815905743732,0.1516936671575846,0.10898379970544925,
969710,20230314901866,00308896,셀피글로벌,068940,기타주요경영사항(제12회차 전환사채 발행결정 철회),2023-03-14,KOSDAQ,747.0,784.0,746.0,778.0,0.04953145917001334,-0.0013386880856760541,0.041499330655957234,
16879,20260430001912,00308896,셀피글로벌,068940,주요사항보고서(전환사채권발행결정),2026-04-30,KOSDAQ,778.0,778.0,778.0,778.0,0.0,0.0,0.0,
1100461,20220627900253,01046391,싸이토젠,217330,전환사채(해외전환사채포함)발행후만기전사채취득(제3회차),2022-06-27,KOSDAQ,19400.0,19400.0,19400.0,19568.0,0.0,0.0,0.008659793814433048,
888861,20230522900349,01046391,싸이토젠,217330,전환사채(해외전환사채포함)발행후만기전사채취득,2023-05-22,KOSDAQ,17940.0,17420.0,17560.0,17070.0,-0.02898550724637683,-0.021181716833890696,-0.04849498327759194,
841297,20230821900395,01046391,싸이토젠,217330,전환사채(해외전환사채포함)발행후만기전사채취득(제4회차),2023-08-21,KOSDAQ,15770.0,15870.0,16490.0,15810.0,0.006341154090044432,0.045656309448319554,0.0025364616360177283,
823601,20230926000620,01046391,싸이토젠,217330,주요사항보고서(전환사채권발행결정),2023-09-26,KOSDAQ,15950.0,15930.0,15480.0,15190.0,-0.0012539184952977678,-0.02946708463949843,-0.04764890282131662,
799247,20231120900601,01046391,싸이토젠,217330,전환사채(해외전환사채포함)발행후만기전사채취득(제4회차),2023-11-20,KOSDAQ,14910.0,16030.0,15910.0,14650.0,0.07511737089201875,0.06706908115358812,-0.017437961099932897,
750008,20240220900743,01046391,싸이토젠,217330,전환사채(해외전환사채포함)발행후만기전사채취득              (제4회차),2024-02-20,KOSDAQ,14710.0,14150.0,14610.0,14240.0,-0.03806934058463629,-0.00679809653297081,-0.03195105370496265,
723714,20240318000643,01046391,싸이토젠,217330,주요사항보고서(전환사채권발행결정),2024-03-18,KOSDAQ,14980.0,14610.0,15020.0,14770.0,-0.02469959946595457,0.002670226969292422,-0.014018691588784993,
466265,20250325900706,01046391,싸이토젠,217330,전환사채(해외전환사채포함)발행후만기전사채취득              (제3회차),2025-03-25,KOSDAQ,4115.0,3955.0,3810.0,3525.0,-0.03888213851761846,-0.07411907654921024,-0.14337788578371813,
87348,20260320900870,01046391,싸이토젠,217330,전환사채(해외전환사채포함)발행후만기전사채취득,2026-03-20,KOSDAQ,5360.0,4925.0,5200.0,4720.0,-0.08115671641791045,-0.02985074626865669,-0.11940298507462688,
23338,20260423900847,01046391,싸이토젠,217330,전환사채(해외전환사채포함)발행후만기전사채취득              (제6회차),2026-04-23,KOSDAQ,5240.0,5050.0,5580.0,5900.0,-0.0362595419847328,0.06488549618320616,0.12595419847328237,
5511,20260518000364,01046391,싸이토젠,217330,주요사항보고서(전환사채권발행결정),2026-05-18,KOSDAQ,4930.0,4670.0,4585.0,5080.0,-0.05273833671399597,-0.06997971602434072,0.030425963488843744,
1100285,20220627900487,00989664,코아스템켐온,166480,전환사채(해외전환사채포함)발행후만기전사채취득,2022-06-27,KOSDAQ,8892.0,8977.0,8977.0,8550.0,0.009559154295996297,0.009559154295996297,-0.038461538461538436,
1059112,20220926900374,00989664,코아스템켐온,166480,전환사채(해외전환사채포함)발행후만기전사채취득,2022-09-26,KOSDAQ,7028.0,7071.0,7011.0,7874.0,0.006118383608423539,-0.002418895845190616,0.12037564029595904,
1015092,20221226900680,00989664,코아스템켐온,166480,전환사채(해외전환사채포함)발행후만기전사채취득,2022-12-26,KOSDAQ,6814.0,6857.0,6814.0,6455.0,0.006310537129439409,0.0,-0.05268564719694746,
1003334,20230120900552,00989664,코아스템켐온,166480,전환사채(해외전환사채포함)발행후만기전사채취득,2023-01-20,KOSDAQ,6934.0,6968.0,7250.0,7276.0,0.004903374675512051,0.04557254110181708,0.04932218055956161,
954528,20230327900801,00989664,코아스템켐온,166480,전환사채(해외전환사채포함)발행후만기전사채취득,2023-03-27,KOSDAQ,6327.0,6361.0,6532.0,6352.0,0.005373794847479019,0.03240082187450599,0.003951319740793435,
953179,20230328901031,00989664,코아스템켐온,166480,전환사채(해외전환사채포함)발행후만기전사채취득,2023-03-28,KOSDAQ,6361.0,6532.0,6575.0,6729.0,0.026882565634334332,0.0336425090394592,0.05785253890897657,
1099707,20220628000337,01181515,엘앤씨바이오,290650,주요사항보고서(전환사채권발행결정),2022-06-28,KOSDAQ,33000.0,31700.0,31000.0,31150.0,-0.039393939393939426,-0.06060606060606055,-0.05606060606060603,
449842,20250401003356,01181515,엘앤씨바이오,290650,주요사항보고서(전환사채권발행결정),2025-04-01,KOSDAQ,19850.0,20550.0,20000.0,18950.0,0.035264483627204024,0.007556675062972307,-0.04534005037783373,
1099532,20220628000484,00983916,HLB제넥스,187420,[첨부추가]주요사항보고서(전환사채권발행결정),2022-06-28,KOSDAQ,5350.0,5500.0,5280.0,5140.0,0.028037383177569986,-0.013084112149532756,-0.03925233644859816,
1032398,20221124900573,00983916,HLB제넥스,187420,전환사채(해외전환사채포함)발행후만기전사채취득,2022-11-24,KOSDAQ,5910.0,5910.0,5810.0,5830.0,0.0,-0.016920473773265665,-0.013536379018612488,
626139,20240626900801,00983916,HLB제넥스,187420,전환사채(해외전환사채포함)발행후만기전사채취득,2024-06-26,KOSDAQ,3550.0,3480.0,3625.0,3565.0,-0.019718309859154903,0.021126760563380254,0.004225352112676051,
619622,20240708900450,00983916,HLB제넥스,187420,전환사채(해외전환사채포함)발행후만기전사채취득,2024-07-08,KOSDAQ,3585.0,3610.0,3620.0,3690.0,0.0069735006973501434,0.009762900976290068,0.029288702928870203,
573550,20241007900647,00983916,HLB제넥스,187420,전환사채(해외전환사채포함)발행후만기전사채취득,2024-10-07,KOSDAQ,3015.0,3030.0,3030.0,3150.0,0.004975124378109541,0.004975124378109541,0.04477611940298498,
565163,20241028000412,00983916,HLB제넥스,187420,주요사항보고서(전환사채권발행결정),2024-10-29,KOSDAQ,5240.0,4525.0,4655.0,4105.0,-0.13645038167938928,-0.11164122137404575,-0.21660305343511455,
371536,20250707900421,00983916,HLB제넥스,187420,전환사채(해외전환사채포함)발행후만기전사채취득,2025-07-07,KOSDAQ,3150.0,3160.0,3175.0,3225.0,0.0031746031746031633,0.007936507936507908,0.023809523809523725,
324774,20251010900282,00983916,HLB제넥스,187420,전환사채(해외전환사채포함)발행후만기전사채취득,2025-10-10,KOSDAQ,3005.0,3020.0,3040.0,3045.0,0.004991680532445919,0.011647254575707144,0.01331114808652245,
50501,20260406900660,00983916,HLB제넥스,187420,전환사채(해외전환사채포함)발행후만기전사채취득,2026-04-06,KOSDAQ,2550.0,2565.0,2610.0,2830.0,0.00588235294117645,0.0235294117647058,0.1098039215686275,
118437,20260612900632,00983916,HLB제넥스,187420,전환사채(해외전환사채포함)발행후만기전사채취득,2026-06-12,KOSDAQ,2240.0,2220.0,2230.0,2165.0,-0.008928571428571397,-0.004464285714285698,-0.033482142857142905,
1097516,20220630900973,00808068,앤로보틱스,138360,전환사채(해외전환사채포함)발행후만기전사채취득(제4회차),2022-06-30,KOSDAQ,4480.0,4480.0,4480.0,4480.0,0.0,0.0,0.0,
1020354,20221215900729,00808068,앤로보틱스,138360,전환사채(해외전환사채포함)발행후만기전사채취득(제4회차),2022-12-15,KOSDAQ,4480.0,4480.0,4480.0,4480.0,0.0,0.0,0.0,
968501,20230315901065,00808068,앤로보틱스,138360,전환사채(해외전환사채포함)발행후만기전사채취득,2023-03-15,KOSDAQ,1165.0,1241.0,1244.0,1215.0,0.06523605150214595,0.06781115879828326,0.0429184549356223,
888386,20230523900388,00808068,앤로보틱스,138360,전환사채(해외전환사채포함)발행후만기전사채취득(제4회차),2023-05-23,KOSDAQ,1386.0,1335.0,1292.0,1266.0,-0.03679653679653683,-0.06782106782106778,-0.08658008658008653,
833946,20230831900388,00808068,앤로보틱스,138360,전환사채(해외전환사채포함)발행후만기전사채취득(제4회차),2023-08-31,KOSDAQ,976.0,979.0,975.0,971.0,0.0030737704918033515,-0.0010245901639344135,-0.0051229508196721785,
800511,20231116000426,00808068,앤로보틱스,138360,주요사항보고서(전환사채권발행결정),2023-11-16,KOSDAQ,1119.0,1354.0,1300.0,1393.0,0.21000893655049158,0.16175156389633605,0.24486148346738168,
725282,20240315900549,00808068,앤로보틱스,138360,전환사채(해외전환사채포함)발행후만기전사채취득              (제4회차),2024-03-15,KOSDAQ,911.0,952.0,1049.0,1039.0,0.04500548847420416,0.1514818880351263,0.14050493962678368,
370570,20250709900457,00808068,앤로보틱스,138360,전환사채(해외전환사채포함)발행후만기전사채취득              (제5회차),2025-07-09,KOSDAQ,698.0,697.0,702.0,682.0,-0.0014326647564469885,0.005730659025787954,-0.022922636103151817,
361065,20250731900535,00808068,앤로보틱스,138360,전환사채(해외전환사채포함)발행후만기전사채취득              (제5회차),2025-07-31,KOSDAQ,737.0,720.0,738.0,726.0,-0.023066485753052923,0.0013568521031208647,-0.014925373134328401,
324046,20251013000362,00808068,앤로보틱스,138360,주요사항보고서(전환사채권발행결정),2025-10-14,KOSDAQ,778.0,786.0,774.0,745.0,0.010282776349614497,-0.005141388174807249,-0.042416452442159414,
317293,20251029000407,00808068,앤로보틱스,138360,주요사항보고서(전환사채권발행결정),2025-10-29,KOSDAQ,930.0,930.0,932.0,941.0,0.0,0.0021505376344086446,0.011827956989247213,
1097498,20220630900985,00624749,에스피시스템스,317830,전환사채(해외전환사채포함)발행후만기전사채취득(제1회차),2022-06-30,KOSDAQ,10150.0,9660.0,9250.0,10450.0,-0.0482758620689655,-0.08866995073891626,0.029556650246305383,
1095530,20220706000148,01381984,SKAI,357880,주요사항보고서(전환사채권발행결정),2022-07-06,KOSDAQ,6354.0,6823.0,7028.0,6823.0,0.07381177211205547,0.10607491344035247,0.07381177211205547,
553597,20241118000112,01381984,SKAI,357880,주요사항보고서(전환사채권발행결정),2024-11-18,KOSDAQ,2925.0,3800.0,3305.0,2330.0,0.2991452991452992,0.1299145299145299,-0.20341880341880347,
553595,20241118000113,01381984,SKAI,357880,주요사항보고서(전환사채권발행결정),2024-11-18,KOSDAQ,2925.0,3800.0,3305.0,2330.0,0.2991452991452992,0.1299145299145299,-0.20341880341880347,
553592,20241118000114,01381984,SKAI,357880,주요사항보고서(전환사채권발행결정),2024-11-18,KOSDAQ,2925.0,3800.0,3305.0,2330.0,0.2991452991452992,0.1299145299145299,-0.20341880341880347,
553577,20241118000128,01381984,SKAI,357880,주요사항보고서(전환사채권발행결정),2024-11-18,KOSDAQ,2925.0,3800.0,3305.0,2330.0,0.2991452991452992,0.1299145299145299,-0.20341880341880347,
553251,20241119900058,01381984,SKAI,357880,전환사채(해외전환사채포함)발행후만기전사채취득              (제2회차),2024-11-19,KOSDAQ,3800.0,3305.0,2740.0,2430.0,-0.13026315789473686,-0.2789473684210526,-0.3605263157894737,
297799,20251128901162,01381984,SKAI,357880,기타주요경영사항              (제6회차 전환사채권 발행결정 철회),2025-11-28,KOSDAQ,1575.0,1537.0,1531.0,1467.0,-0.024126984126984108,-0.027936507936507926,-0.06857142857142862,
276033,20260108900643,01381984,SKAI,357880,전환사채(해외전환사채포함)발행후만기전사채취득,2026-01-08,KOSDAQ,1639.0,1638.0,1633.0,1867.0,-0.0006101281269066394,-0.0036607687614399476,0.13910921293471623,
1095296,20220706000385,01423837,모아데이타,288980,주요사항보고서(전환사채권발행결정),2022-07-06,KOSDAQ,4252.0,3743.0,3843.0,3501.0,-0.11970837253057387,-0.09619002822201317,-0.17662276575729063,
827428,20230918000207,01423837,모아데이타,288980,주요사항보고서(전환사채권발행결정),2023-09-18,KOSDAQ,3405.0,3125.0,3015.0,3030.0,-0.08223201174743022,-0.1145374449339207,-0.11013215859030834,
770289,20240115900697,01423837,모아데이타,288980,전환사채(해외전환사채포함)발행후만기전사채취득(제6회차),2024-01-15,KOSDAQ,2505.0,2440.0,2325.0,2520.0,-0.02594810379241519,-0.07185628742514971,0.0059880239520957446,
666233,20240415900648,01423837,모아데이타,288980,전환사채(해외전환사채포함)발행후만기전사채취득              (제6회차),2024-04-15,KOSDAQ,2555.0,2525.0,2525.0,2545.0,-0.011741682974559686,-0.011741682974559686,-0.003913894324853229,
616864,20240715900498,01423837,모아데이타,288980,전환사채(해외전환사채포함)발행후만기전사채취득              (제6회차),2024-07-15,KOSDAQ,1930.0,1903.0,1856.0,1789.0,-0.013989637305699465,-0.0383419689119171,-0.0730569948186528,
582013,20240912000493,01423837,모아데이타,288980,주요사항보고서(전환사채권발행결정),2024-09-12,KOSDAQ,1434.0,1414.0,1384.0,1431.0,-0.013947001394700176,-0.034867503486750384,-0.0020920502092049986,
579811,20240920900374,01423837,모아데이타,288980,전환사채(해외전환사채포함)발행후만기전사채취득              (제7회차),2024-09-20,KOSDAQ,1456.0,1422.0,1431.0,1600.0,-0.02335164835164838,-0.01717032967032972,0.098901098901099,
570619,20241015900155,01423837,모아데이타,288980,전환사채(해외전환사채포함)발행후만기전사채취득              (제6회차),2024-10-15,KOSDAQ,1549.0,1526.0,1600.0,1630.0,-0.01484828921885084,0.032924467398321555,0.05229180116204013,
471612,20250320901180,01423837,모아데이타,288980,전환사채(해외전환사채포함)발행후만기전사채취득              (제7회차),2025-03-20,KOSDAQ,1050.0,1042.0,1015.0,1030.0,-0.007619047619047636,-0.033333333333333326,-0.01904761904761909,
374373,20250630000863,01423837,모아데이타,288980,주요사항보고서(전환사채권발행결정),2025-06-30,KOSDAQ,1370.0,1412.0,1370.0,1320.0,0.03065693430656924,0.0,-0.03649635036496346,
366768,20250718000367,01423837,모아데이타,288980,주요사항보고서(전환사채권발행결정),2025-07-18,KOSDAQ,1320.0,1381.0,1330.0,1264.0,0.04621212121212115,0.007575757575757569,-0.042424242424242475,
285153,20251222000425,01423837,모아데이타,288980,주요사항보고서(전환사채권발행결정),2025-12-22,KOSDAQ,961.0,1000.0,1000.0,1006.0,0.04058272632674287,0.04058272632674287,0.04682622268470338,
275375,20260109900557,01423837,모아데이타,288980,전환사채(해외전환사채포함)발행후만기전사채취득,2026-01-09,KOSDAQ,910.0,916.0,920.0,897.0,0.00659340659340657,0.01098901098901095,-0.014285714285714235,
109939,20260227008678,01423837,모아데이타,288980,주요사항보고서(전환사채권발행결정),2026-02-27,KOSDAQ,690.0,670.0,605.0,614.0,-0.02898550724637683,-0.12318840579710144,-0.11014492753623184,
62120,20260401004960,01423837,모아데이타,288980,주요사항보고서(전환사채권발행결정),2026-04-01,KOSDAQ,791.0,815.0,855.0,1408.0,0.03034134007585343,0.08091024020227566,0.7800252844500632,
45574,20260407901092,01423837,모아데이타,288980,전환사채(해외전환사채포함)발행후만기전사채취득,2026-04-07,KOSDAQ,1171.0,1408.0,1385.0,1449.0,0.20239111870196402,0.1827497865072587,0.23740392826643886,
1090622,20220718000295,00651901,에어부산,298690,주요사항보고서(전환사채권발행결정),2022-07-18,KOSPI,3589.0,3550.0,3563.0,3563.0,-0.010866536639732471,-0.007244357759821685,-0.007244357759821685,
402072,20250513000764,00651901,에어부산,298690,주요사항보고서(전환사채권발행결정),2025-05-13,KOSPI,2140.0,2165.0,2125.0,2075.0,0.011682242990654235,-0.007009345794392496,-0.030373831775700966,
402078,20250513000775,00651901,에어부산,298690,특수관계인에대한전환사채발행의결,2025-05-13,KOSPI,2140.0,2165.0,2125.0,2075.0,0.011682242990654235,-0.007009345794392496,-0.030373831775700966,
1090593,20220718000320,00545734,아미코젠,092040,주요사항보고서(전환사채권발행결정),2022-07-18,KOSDAQ,11865.0,11124.0,11054.0,10776.0,-0.062452591656131484,-0.06835229667088072,-0.09178255372945643,
776019,20231229900598,00545734,아미코젠,092040,전환사채(해외전환사채포함)발행후만기전사채취득,2023-12-29,KOSDAQ,7750.0,7370.0,7440.0,6780.0,-0.049032258064516165,-0.040000000000000036,-0.1251612903225806,
616349,20240716000307,00545734,아미코젠,092040,주요사항보고서(전환사채권발행결정),2024-07-16,KOSDAQ,5260.0,5420.0,5380.0,5150.0,0.03041825095057038,0.02281368821292773,-0.020912547528517123,
614305,20240722900495,00545734,아미코젠,092040,전환사채(해외전환사채포함)발행후만기전사채취득,2024-07-22,KOSDAQ,5190.0,5150.0,4985.0,4930.0,-0.0077071290944122905,-0.039499036608863225,-0.050096339113680166,
579217,20240923900448,00545734,아미코젠,092040,전환사채(해외전환사채포함)발행후만기전사채취득,2024-09-23,KOSDAQ,4665.0,4685.0,4810.0,4750.0,0.004287245444801746,0.031082529474812493,0.018220793140407254,
565241,20241028000369,00545734,아미코젠,092040,주요사항보고서(전환사채권발행결정),2024-10-28,KOSDAQ,5060.0,4830.0,4700.0,4850.0,-0.045454545454545414,-0.07114624505928857,-0.04150197628458496,
561571,20241105900395,00545734,아미코젠,092040,전환사채(해외전환사채포함)발행후만기전사채취득,2024-11-05,KOSDAQ,4765.0,4590.0,4450.0,4085.0,-0.036726128016789095,-0.06610703043022037,-0.142707240293809,
544435,20241202900634,00545734,아미코젠,092040,전환사채(해외전환사채포함)발행후만기전사채취득,2024-12-02,KOSDAQ,3540.0,3600.0,3405.0,3155.0,0.016949152542372836,-0.03813559322033899,-0.10875706214689262,
531934,20241223900624,00545734,아미코젠,092040,전환사채(해외전환사채포함)발행후만기전사채취득,2024-12-23,KOSDAQ,3950.0,3935.0,3885.0,3865.0,-0.0037974683544304,-0.016455696202531622,-0.021518987341772156,
520499,20250120901021,00545734,아미코젠,092040,전환사채(해외전환사채포함)발행후만기전사채취득,2025-01-20,KOSDAQ,4260.0,4165.0,4195.0,3600.0,-0.02230046948356812,-0.015258215962441368,-0.15492957746478875,
518499,20250123901003,00545734,아미코젠,092040,전환사채(해외전환사채포함)발행후만기전사채취득,2025-01-23,KOSDAQ,4075.0,4050.0,3600.0,3525.0,-0.006134969325153339,-0.1165644171779141,-0.13496932515337423,
360101,20250801000703,00545734,아미코젠,092040,주요사항보고서(전환사채권발행결정),2025-08-01,KOSDAQ,4055.0,4025.0,4100.0,4005.0,-0.007398273736128225,0.011097410604192337,-0.012330456226880449,
297736,20251128901252,00545734,아미코젠,092040,전환사채(해외전환사채포함)발행후만기전사채취득              (제4회차),2025-11-28,KOSDAQ,2840.0,2710.0,2590.0,2570.0,-0.045774647887323994,-0.0880281690140845,-0.09507042253521125,
246671,20260224901396,00545734,아미코젠,092040,전환사채(해외전환사채포함)발행후만기전사채취득              (제5회차),2026-02-24,KOSDAQ,1253.0,1245.0,1392.0,1175.0,-0.006384676775738174,0.11093375897845181,-0.06225059856344772,
246670,20260224901397,00545734,아미코젠,092040,전환사채(해외전환사채포함)발행후만기전사채취득              (제4회차),2026-02-24,KOSDAQ,1253.0,1245.0,1392.0,1175.0,-0.006384676775738174,0.11093375897845181,-0.06225059856344772,
110747,20260227901217,00545734,아미코젠,092040,전환사채(해외전환사채포함)발행후만기전사채취득,2026-02-27,KOSDAQ,1348.0,1270.0,1175.0,1279.0,-0.05786350148367958,-0.12833827893175076,-0.05118694362017806,
1090507,20220718000358,01047707,포톤,208710,주요사항보고서(전환사채권발행결정),2022-07-19,KOSDAQ,7000.0,6725.0,6800.0,7050.0,-0.03928571428571426,-0.02857142857142858,0.0071428571428571175,
1089625,20220720900523,01047707,포톤,208710,전환사채(해외전환사채포함)발행후만기전사채취득,2022-07-20,KOSDAQ,6725.0,6800.0,6575.0,6800.0,0.011152416356877248,-0.022304832713754608,0.011152416356877248,
1064953,20220907000327,01047707,포톤,208710,주요사항보고서(전환사채권발행결정),2022-09-07,KOSDAQ,6050.0,5975.0,6025.0,5800.0,-0.012396694214875992,-0.004132231404958664,-0.04132231404958675,
897857,20230504900746,01047707,포톤,208710,기타주요경영사항(제6회차 전환사채 미발행 처리),2023-05-04,KOSDAQ,4635.0,4735.0,4610.0,4620.0,0.02157497303128375,-0.005393743257820938,-0.003236245954692518,
859785,20230720900455,01047707,포톤,208710,전환사채(해외전환사채포함)발행후만기전사채취득,2023-07-20,KOSDAQ,5405.0,5340.0,5095.0,4745.0,-0.012025901942645745,-0.057354301572617894,-0.12210915818686396,
812176,20231027900600,01047707,포톤,208710,전환사채(해외전환사채포함)발행후만기전사채취득,2023-10-27,KOSDAQ,4390.0,4435.0,4280.0,4495.0,0.010250569476081939,-0.02505694760820043,0.023917995444191265,
91292,20260318000650,01047707,포톤,208710,주요사항보고서(전환사채권발행결정),2026-03-18,KOSDAQ,1946.0,1932.0,1943.0,2025.0,-0.007194244604316502,-0.0015416238437820917,0.04059609455292912,
1087997,20220725000131,01211232,코윈테크,282880,주요사항보고서(전환사채권발행결정),2022-07-25,KOSDAQ,23168.0,22897.0,23346.0,24068.0,-0.011697168508287281,0.007683011049723687,0.038846685082873034,
989255,20230221001282,01211232,코윈테크,282880,주요사항보고서(전환사채권발행결정),2023-02-21,KOSDAQ,22594.0,23242.0,23058.0,22502.0,0.02868018057891475,0.02053642559971669,-0.0040718774895990295,
822491,20230927900835,01211232,코윈테크,282880,전환사채(해외전환사채포함)발행후만기전사채취득,2023-09-27,KOSDAQ,33198.0,30698.0,30976.0,30790.0,-0.07530574130971746,-0.06693174287607684,-0.07253449002951984,
611365,20240729900244,01211232,코윈테크,282880,전환사채(해외전환사채포함)발행후만기전사채취득,2024-07-29,KOSDAQ,16249.0,15726.0,15964.0,12818.0,-0.03218659609822139,-0.017539540894824346,-0.21115145547418301,
565640,20241028900220,01211232,코윈테크,282880,전환사채(해외전환사채포함)발행후만기전사채취득,2024-10-28,KOSDAQ,13352.0,13342.0,13095.0,16859.0,-0.0007489514679448472,-0.01924805272618335,0.2626572798082685,
517313,20250124900969,01211232,코윈테크,282880,전환사채(해외전환사채포함)발행후만기전사채취득,2025-01-24,KOSDAQ,14025.0,14525.0,14868.0,15015.0,0.035650623885918,0.06010695187165771,0.07058823529411762,
409207,20250428900528,01211232,코윈테크,282880,전환사채(해외전환사채포함)발행후만기전사채취득,2025-04-28,KOSDAQ,12701.0,12760.0,12642.0,12779.0,0.00464530351940784,-0.004645303519407951,0.0061412487205732,
1087766,20220725000316,01158553,켄코아에어로스페이스,274090,주요사항보고서(전환사채권발행결정),2022-07-25,KOSDAQ,11350.0,11000.0,11300.0,12000.0,-0.03083700440528636,-0.004405286343612369,0.05726872246696035,
988986,20230221002184,01158553,켄코아에어로스페이스,274090,주요사항보고서(전환사채권발행결정),2023-02-21,KOSDAQ,15720.0,16270.0,17250.0,17100.0,0.03498727735368967,0.09732824427480913,0.08778625954198471,
984137,20230227900880,01158553,켄코아에어로스페이스,274090,전환사채(해외전환사채포함)발행후만기전사채취득(제7회차),2023-02-27,KOSDAQ,17540.0,17100.0,15800.0,16760.0,-0.02508551881413912,-0.09920182440136827,-0.04446978335233753,
954373,20230327900927,01158553,켄코아에어로스페이스,274090,전환사채(해외전환사채포함)발행후만기전사채취득(제8회차),2023-03-27,KOSDAQ,16220.0,16880.0,16950.0,18520.0,0.040690505548705236,0.045006165228113515,0.1418002466091246,
768763,20240119000002,01158553,켄코아에어로스페이스,274090,주요사항보고서(전환사채권발행결정),2024-01-19,KOSDAQ,13480.0,12930.0,12750.0,12250.0,-0.04080118694362023,-0.054154302670623156,-0.09124629080118696,
666441,20240415900572,01158553,켄코아에어로스페이스,274090,전환사채(해외전환사채포함)발행후만기전사채취득,2024-04-15,KOSDAQ,10900.0,10590.0,11150.0,10990.0,-0.028440366972477094,0.022935779816513735,0.008256880733944927,
550696,20241125900492,01158553,켄코아에어로스페이스,274090,전환사채(해외전환사채포함)발행후만기전사채취득,2024-11-25,KOSDAQ,10610.0,10610.0,10480.0,11650.0,0.0,-0.012252591894439169,0.09802073515551357,
394653,20250523900545,01158553,켄코아에어로스페이스,274090,전환사채(해외전환사채포함)발행후만기전사채취득,2025-05-23,KOSDAQ,12860.0,12980.0,13180.0,12630.0,0.009331259720062102,0.02488335925349916,-0.017884914463452528,
345786,20250825900314,01158553,켄코아에어로스페이스,274090,전환사채(해외전환사채포함)발행후만기전사채취득,2025-08-25,KOSDAQ,10390.0,10530.0,10620.0,10620.0,0.013474494706448459,0.022136669874879722,0.022136669874879722,
303434,20251124900542,01158553,켄코아에어로스페이스,274090,전환사채(해외전환사채포함)발행후만기전사채취득,2025-11-24,KOSDAQ,10150.0,10190.0,10290.0,9960.0,0.003940886699507429,0.01379310344827589,-0.01871921182266012,
1087884,20220725900335,01036367,아크솔루션스,203690,전환사채(해외전환사채포함)발행후만기전사채취득,2022-07-25,KOSDAQ,11125.0,11350.0,11250.0,10200.0,0.020224719101123556,0.011235955056179803,-0.08314606741573038,
1085436,20220729900428,01036367,아크솔루션스,203690,전환사채(해외전환사채포함)발행후만기전사채취득,2022-07-29,KOSDAQ,10600.0,10200.0,10075.0,10975.0,-0.037735849056603765,-0.04952830188679247,0.03537735849056611,
1083606,20220804900310,01036367,아크솔루션스,203690,전환사채(해외전환사채포함)발행후만기전사채취득,2022-08-04,KOSDAQ,11000.0,10975.0,10650.0,10200.0,-0.002272727272727315,-0.03181818181818186,-0.07272727272727275,
1073165,20220824000428,01036367,아크솔루션스,203690,주요사항보고서(전환사채권발행결정),2022-08-24,KOSDAQ,9325.0,9050.0,9050.0,8125.0,-0.029490616621983934,-0.029490616621983934,-0.12868632707774796,
1073175,20220824900442,01036367,아크솔루션스,203690,전환사채(해외전환사채포함)발행후만기전사채취득,2022-08-24,KOSDAQ,9325.0,9050.0,9050.0,8125.0,-0.029490616621983934,-0.029490616621983934,-0.12868632707774796,
1051716,20221013000487,01036367,아크솔루션스,203690,주요사항보고서(전환사채권발행결정),2022-10-13,KOSDAQ,4985.0,5900.0,5750.0,6225.0,0.18355065195586762,0.1534603811434303,0.24874623871614854,
1050634,20221017900336,01036367,아크솔루션스,203690,전환사채(해외전환사채포함)발행후만기전사채취득,2022-10-17,KOSDAQ,5750.0,6500.0,6425.0,6075.0,0.13043478260869557,0.11739130434782608,0.05652173913043468,
1042868,20221104900404,01036367,아크솔루션스,203690,전환사채(해외전환사채포함)발행후만기전사채취득,2022-11-04,KOSDAQ,5525.0,5600.0,5850.0,5950.0,0.013574660633484115,0.05882352941176472,0.07692307692307687,
881284,20230531002848,01036367,아크솔루션스,203690,주요사항보고서(전환사채권발행결정),2023-05-31,KOSDAQ,5120.0,4495.0,4550.0,5340.0,-0.1220703125,-0.111328125,0.04296875,
881282,20230531002920,01036367,아크솔루션스,203690,주요사항보고서(전환사채권발행결정),2023-05-31,KOSDAQ,5120.0,4495.0,4550.0,5340.0,-0.1220703125,-0.111328125,0.04296875,
856791,20230727900442,01036367,아크솔루션스,203690,전환사채(해외전환사채포함)발행후만기전사채취득,2023-07-27,KOSDAQ,7060.0,7510.0,7410.0,6990.0,0.06373937677053831,0.049575070821529676,-0.009915014164305958,
835967,20230830900283,01036367,아크솔루션스,203690,전환사채(해외전환사채포함)발행후만기전사채취득,2023-08-30,KOSDAQ,8010.0,8310.0,8390.0,10660.0,0.03745318352059934,0.04744069912609228,0.33083645443195997,
829044,20230913900403,01036367,아크솔루션스,203690,전환사채(해외전환사채포함)발행후만기전사채취득,2023-09-13,KOSDAQ,9000.0,9260.0,9360.0,9200.0,0.028888888888888964,0.040000000000000036,0.022222222222222143,
812337,20231027900379,01036367,아크솔루션스,203690,전환사채(해외전환사채포함)발행후만기전사채취득,2023-10-27,KOSDAQ,7180.0,7030.0,7060.0,7580.0,-0.02089136490250698,-0.01671309192200554,0.055710306406685284,
789499,20231206900446,01036367,아크솔루션스,203690,전환사채(해외전환사채포함)발행후만기전사채취득,2023-12-06,KOSDAQ,8940.0,8790.0,9210.0,8240.0,-0.016778523489932917,0.030201342281879207,-0.07829977628635343,
762978,20240131900534,01036367,아크솔루션스,203690,전환사채(해외전환사채포함)발행후만기전사채취득,2024-01-31,KOSDAQ,8940.0,9100.0,9050.0,8860.0,0.017897091722595126,0.01230425055928408,-0.008948545861297563,
560397,20241107900645,01036367,아크솔루션스,203690,전환사채(해외전환사채포함)발행후만기전사채취득,2024-11-07,KOSDAQ,5000.0,5020.0,5000.0,4965.0,0.0040000000000000036,0.0,-0.007000000000000006,
531711,20241224900001,01036367,아크솔루션스,203690,전환사채(해외전환사채포함)발행후만기전사채취득,2024-12-24,KOSDAQ,6080.0,5890.0,6010.0,6000.0,-0.03125,-0.011513157894736836,-0.013157894736842146,
524541,20250109900748,01036367,아크솔루션스,203690,전환사채(해외전환사채포함)발행후만기전사채취득,2025-01-09,KOSDAQ,6130.0,5940.0,5700.0,5620.0,-0.030995106035889064,-0.07014681892332786,-0.0831973898858075,
395612,20250521900452,01036367,아크솔루션스,203690,전환사채(해외전환사채포함)발행후만기전사채취득              (제7회차),2025-05-21,KOSDAQ,4425.0,4425.0,4425.0,4425.0,0.0,0.0,0.0,
374517,20250630900913,01036367,아크솔루션스,203690,전환사채(해외전환사채포함)발행후만기전사채취득              (제7회차),2025-06-30,KOSDAQ,4425.0,4425.0,4425.0,4425.0,0.0,0.0,0.0,
1087310,20220726000267,00991191,앱클론,174900,주요사항보고서(전환사채권발행결정),2022-07-26,KOSDAQ,11100.0,11600.0,11750.0,11100.0,0.04504504504504503,0.05855855855855863,0.0,
565294,20241028000333,00991191,앱클론,174900,주요사항보고서(전환사채권발행결정),2024-10-28,KOSDAQ,15830.0,15940.0,16620.0,15890.0,0.006948831332912242,0.04990524320909673,0.0037902716361339905,
326567,20251001000122,00991191,앱클론,174900,주요사항보고서(전환사채권발행결정),2025-10-01,KOSDAQ,19860.0,19290.0,18150.0,,-0.028700906344410915,-0.08610271903323263,,
1087264,20220726000314,00128032,삼일제약,000520,주요사항보고서(전환사채권발행결정),2022-07-26,KOSPI,7445.0,7427.0,7427.0,7299.0,-0.002417730020147779,-0.002417730020147779,-0.01961047683008732,
908029,20230417000353,00128032,삼일제약,000520,주요사항보고서(전환사채권발행결정),2023-04-17,KOSPI,7690.0,7570.0,7570.0,7560.0,-0.015604681404421283,-0.015604681404421283,-0.016905071521456483,
119221,20260611000446,00128032,삼일제약,000520,주요사항보고서(전환사채권발행결정),2026-06-11,KOSPI,7090.0,7260.0,7520.0,7050.0,0.023977433004231274,0.060648801128349694,-0.005641748942172065,
1086938,20220727000182,00695969,동운아나텍,094170,주요사항보고서(전환사채권발행결정),2022-07-27,KOSDAQ,8344.0,7778.0,7623.0,7860.0,-0.06783317353787155,-0.08640939597315433,-0.05800575263662511,
1086679,20220727000378,00445841,MDS테크,086960,주요사항보고서(전환사채권발행결정),2022-07-27,KOSDAQ,4341.0,4303.0,4116.0,4479.0,-0.008753743377101997,-0.05183137525915693,0.03178991015894961,
833119,20230901900630,00445841,MDS테크,086960,전환사채(해외전환사채포함)발행후만기전사채취득,2023-09-01,KOSDAQ,5292.0,5417.0,5317.0,5267.0,0.02362055933484508,0.004724111866968972,-0.004724111866968972,
553538,20241118000155,00445841,MDS테크,086960,주요사항보고서(전환사채권발행결정),2024-11-18,KOSDAQ,2427.0,2427.0,2327.0,2452.0,0.0,-0.04120313143798926,0.010300782859497426,
1085020,20220729000598,00372688,티사이언티픽,057680,주요사항보고서(전환사채권발행결정),2022-08-01,KOSDAQ,18072.0,17592.0,17379.0,17006.0,-0.026560424966799445,-0.0383466135458167,-0.05898627711376714,
767671,20240122000401,00372688,티사이언티픽,057680,주요사항보고서(전환사채권발행결정),2024-01-22,KOSDAQ,8226.0,8391.0,8465.0,7970.0,0.020058351568198463,0.02905421833211763,-0.031120836372477534,
623606,20240628901114,00372688,티사이언티픽,057680,전환사채(해외전환사채포함)발행후만기전사채취득,2024-06-28,KOSDAQ,5368.0,5496.0,5507.0,5491.0,0.023845007451564815,0.02589418777943364,0.022913561847988095,
622585,20240701900560,00372688,티사이언티픽,057680,전환사채(해외전환사채포함)발행후만기전사채취득,2024-07-01,KOSDAQ,5496.0,5507.0,5501.0,5485.0,0.002001455604075719,0.0009097525473071855,-0.002001455604075719,
462018,20250327001197,00372688,티사이언티픽,057680,주요사항보고서(전환사채권발행결정),2025-03-27,KOSDAQ,4499.0,4563.0,4238.0,4163.0,0.014225383418537518,-0.05801289175372304,-0.07468326294732164,
1084617,20220801000276,00132868,우성머티리얼스,011300,주요사항보고서(전환사채권발행결정),2022-08-02,KOSPI,8700.0,9020.0,8970.0,9500.0,0.0367816091954023,0.03103448275862064,0.09195402298850586,
1084607,20220802000001,00132868,우성머티리얼스,011300,주요사항보고서(전환사채권발행결정),2022-08-02,KOSPI,8700.0,9020.0,8970.0,9500.0,0.0367816091954023,0.03103448275862064,0.09195402298850586,
1011012,20230102000302,00132868,우성머티리얼스,011300,주요사항보고서(전환사채권발행결정),2023-01-02,KOSPI,8430.0,8400.0,8390.0,9590.0,-0.003558718861209953,-0.004744958481613271,0.1376037959667853,
1007178,20230111000306,00132868,우성머티리얼스,011300,주요사항보고서(전환사채권발행결정),2023-01-11,KOSPI,9950.0,9720.0,10030.0,9640.0,-0.02311557788944718,0.008040201005025116,-0.031155778894472408,
987259,20230223002905,00132868,우성머티리얼스,011300,주요사항보고서(전환사채권발행결정),2023-02-23,KOSPI,8810.0,8760.0,8660.0,8960.0,-0.005675368898978461,-0.017026106696935273,0.017026106696935273,
971634,20230313000627,00132868,우성머티리얼스,011300,주요사항보고서(전환사채권발행결정),2023-03-13,KOSPI,9380.0,9430.0,9650.0,9580.0,0.005330490405117239,0.028784648187633266,0.021321961620469176,
634370,20240610000318,00132868,우성머티리얼스,011300,주요사항보고서(전환사채권발행결정),2024-06-10,KOSPI,13410.0,13030.0,12560.0,12170.0,-0.028337061894108895,-0.06338553318419093,-0.09246830723340793,
634368,20240610000350,00132868,우성머티리얼스,011300,주요사항보고서(전환사채권발행결정),2024-06-10,KOSPI,13410.0,13030.0,12560.0,12170.0,-0.028337061894108895,-0.06338553318419093,-0.09246830723340793,
1083269,20220805900172,01110678,유틸렉스,263050,전환사채(해외전환사채포함)발행후만기전사채취득,2022-08-05,KOSDAQ,5780.0,5650.0,5420.0,5360.0,-0.02249134948096887,-0.06228373702422141,-0.0726643598615917,
1042963,20221104900282,01110678,유틸렉스,263050,전환사채(해외전환사채포함)발행후만기전사채취득,2022-11-04,KOSDAQ,7340.0,7130.0,8790.0,8430.0,-0.028610354223433276,0.1975476839237058,0.1485013623978202,
997737,20230206900687,01110678,유틸렉스,263050,전환사채(해외전환사채포함)발행후만기전사채취득,2023-02-06,KOSDAQ,6270.0,6240.0,6330.0,5990.0,-0.004784688995215336,0.009569377990430672,-0.044657097288676284,
851990,20230807900510,01110678,유틸렉스,263050,전환사채(해외전환사채포함)발행후만기전사채취득,2023-08-07,KOSDAQ,3655.0,3495.0,3690.0,3780.0,-0.04377564979480164,0.009575923392612928,0.03419972640218871,
1082466,20220808900324,00407814,CG인바이츠,083790,전환사채(해외전환사채포함)발행후만기전사채취득(제12회차),2022-08-08,KOSDAQ,4140.0,4150.0,4000.0,4000.0,0.0024154589371980784,-0.033816425120772986,-0.033816425120772986,
996800,20230207900973,00407814,CG인바이츠,083790,전환사채(해외전환사채포함)발행후만기전사채취득(제12회차),2023-02-07,KOSDAQ,3430.0,3490.0,3500.0,3450.0,0.017492711370262315,0.020408163265306145,0.005830903790087438,
1082004,20220809000224,00336817,HLB제약,047920,주요사항보고서(전환사채권발행결정),2022-08-09,KOSDAQ,17000.0,16050.0,16300.0,16500.0,-0.055882352941176494,-0.04117647058823526,-0.02941176470588236,
805848,20231110900770,00336817,HLB제약,047920,전환사채(해외전환사채포함)발행후만기전사채취득,2023-11-10,KOSDAQ,12060.0,11970.0,12100.0,12150.0,-0.007462686567164201,0.0033167495854062867,0.00746268656716409,
805091,20231113900663,00336817,HLB제약,047920,전환사채(해외전환사채포함)발행후만기전사채취득,2023-11-13,KOSDAQ,11970.0,12100.0,12240.0,12200.0,0.010860484544695126,0.022556390977443552,0.019214703425229684,
1081466,20220810000322,01049422,썸에이지,208640,주요사항보고서(전환사채권발행결정),2022-08-10,KOSDAQ,11695.0,11796.0,11494.0,11040.0,0.008636169303120944,-0.017186831979478456,-0.056006840530141044,
604893,20240812900373,01049422,썸에이지,208640,전환사채(해외전환사채포함)발행후만기전사채취득              (제4회차),2024-08-12,KOSDAQ,3155.0,3095.0,3065.0,3044.0,-0.019017432646592725,-0.02852614896988903,-0.03518225039619649,
1080753,20220811000391,00665676,아시아경제,127710,주요사항보고서(전환사채권발행결정),2022-08-11,KOSDAQ,2185.0,2180.0,2210.0,2105.0,-0.0022883295194507935,0.011441647597254079,-0.03661327231121281,
755879,20240213900797,00665676,아시아경제,127710,전환사채(해외전환사채포함)발행후만기전사채취득,2024-02-13,KOSDAQ,1220.0,1206.0,1212.0,1200.0,-0.011475409836065542,-0.006557377049180357,-0.016393442622950838,
749160,20240221001980,00665676,아시아경제,127710,주요사항보고서(전환사채권발행결정),2024-02-21,KOSDAQ,1199.0,1183.0,1177.0,1177.0,-0.01334445371142623,-0.01834862385321101,-0.01834862385321101,
1080845,20220811900471,00915508,알엔투테크놀로지,148250,전환사채(해외전환사채포함)발행후만기전사채취득,2022-08-11,KOSDAQ,8100.0,8100.0,8100.0,7720.0,0.0,0.0,-0.04691358024691361,
1050059,20221018000324,00915508,알엔투테크놀로지,148250,주요사항보고서(전환사채권발행결정),2022-10-18,KOSDAQ,10300.0,10500.0,10750.0,10450.0,0.01941747572815533,0.043689320388349495,0.014563106796116498,
986199,20230224900670,00915508,알엔투테크놀로지,148250,"기타주요경영사항(유상증자 결정, 전환사채 발행결정 철회)",2023-02-24,KOSDAQ,8940.0,8800.0,8810.0,8980.0,-0.015659955257270708,-0.014541387024608499,0.004474272930648837,
521276,20250117000538,00915508,알엔투테크놀로지,148250,주요사항보고서(전환사채권발행결정),2025-01-17,KOSDAQ,4475.0,4515.0,4610.0,4515.0,0.00893854748603351,0.03016759776536304,0.00893854748603351,
355173,20250812000841,00915508,알엔투테크놀로지,148250,주요사항보고서(전환사채권발행결정),2025-08-13,KOSDAQ,7390.0,7290.0,7290.0,6980.0,-0.013531799729364025,-0.013531799729364025,-0.05548037889039237,
322589,20251016000370,00915508,알엔투테크놀로지,148250,주요사항보고서(전환사채권발행결정),2025-10-16,KOSDAQ,6760.0,6620.0,6930.0,6730.0,-0.020710059171597628,0.025147928994082802,-0.004437869822485174,
1080025,20220812000330,00666064,셀바스AI,108860,주요사항보고서(전환사채권발행결정),2022-08-12,KOSDAQ,7286.0,7324.0,7054.0,6522.0,0.005215481745813877,-0.031841888553390096,-0.10485863299478448,
1078836,20220816000002,00615723,알엔티엑스,123010,주요사항보고서(전환사채권발행결정),2022-08-16,KOSDAQ,2935.0,3005.0,3080.0,3085.0,0.023850085178875657,0.049403747870528036,0.05110732538330498,
784627,20231214901273,00615723,알엔티엑스,123010,전환사채(해외전환사채포함)발행후만기전사채취득(제4회차),2023-12-14,KOSDAQ,1556.0,1560.0,1572.0,1573.0,0.0025706940874035134,0.010282776349614497,0.010925449871465265,
726433,20240314902007,00615723,알엔티엑스,123010,전환사채(해외전환사채포함)발행후만기전사채취득,2024-03-14,KOSDAQ,1210.0,1180.0,1190.0,1147.0,-0.024793388429752095,-0.016528925619834656,-0.05206611570247932,
643150,20240529000001,00615723,알엔티엑스,123010,주요사항보고서(전환사채권발행결정),2024-05-29,KOSDAQ,1252.0,1101.0,1055.0,1006.0,-0.12060702875399365,-0.15734824281150162,-0.19648562300319494,
631783,20240614900535,00615723,알엔티엑스,123010,전환사채(해외전환사채포함)발행후만기전사채취득              (제4회차),2024-06-14,KOSDAQ,981.0,989.0,990.0,1001.0,0.00815494393476035,0.00917431192660545,0.020387359836901098,
580456,20240919900236,00615723,알엔티엑스,123010,전환사채(해외전환사채포함)발행후만기전사채취득,2024-09-19,KOSDAQ,832.0,832.0,851.0,833.0,0.0,0.022836538461538547,0.0012019230769231282,
535739,20241216901664,00615723,알엔티엑스,123010,전환사채(해외전환사채포함)발행후만기전사채취득,2024-12-16,KOSDAQ,741.0,963.0,1140.0,1010.0,0.2995951417004048,0.5384615384615385,0.3630229419703104,
405055,20250507900472,00615723,알엔티엑스,123010,전환사채(해외전환사채포함)발행후만기전사채취득,2025-05-07,KOSDAQ,1355.0,1409.0,1458.0,1361.0,0.039852398523985144,0.07601476014760156,0.0044280442804427445,
257433,20260209000684,00615723,알엔티엑스,123010,주요사항보고서(전환사채권발행결정),2026-02-09,KOSDAQ,1419.0,1351.0,1322.0,1192.0,-0.047921071176885155,-0.06835799859055669,-0.1599718111346018,
11955,20260512000728,00615723,알엔티엑스,123010,주요사항보고서(전환사채권발행결정),2026-05-12,KOSDAQ,2005.0,2605.0,2550.0,2065.0,0.29925187032418954,0.27182044887780554,0.029925187032418865,
11954,20260512000739,00615723,알엔티엑스,123010,주요사항보고서(전환사채권발행결정),2026-05-12,KOSDAQ,2005.0,2605.0,2550.0,2065.0,0.29925187032418954,0.27182044887780554,0.029925187032418865,
1076020,20220816900509,01020524,자이글,234920,[첨부추가]전환사채(해외전환사채포함)발행후만기전사채취득,2022-08-16,KOSDAQ,2850.0,2830.0,2830.0,3145.0,-0.007017543859649145,-0.007017543859649145,0.10350877192982466,
1074941,20220819000207,00545114,랩지노믹스,084650,주요사항보고서(전환사채권발행결정),2022-08-19,KOSDAQ,4450.0,4055.0,3640.0,3380.0,-0.08876404494382018,-0.18202247191011234,-0.24044943820224718,
11818,20260512000766,00545114,랩지노믹스,084650,주요사항보고서(전환사채권발행결정),2026-05-13,KOSDAQ,1385.0,1410.0,1328.0,1370.0,0.018050541516245522,-0.04115523465703974,-0.010830324909747335,
5528,20260518900837,00545114,랩지노믹스,084650,전환사채(해외전환사채포함)발행후만기전사채취득,2026-05-18,KOSDAQ,1271.0,1280.0,1370.0,1302.0,0.007081038552321006,0.07789142407553107,0.024390243902439046,
1074042,20220822900511,00962922,팬젠,222110,전환사채(해외전환사채포함)발행후만기전사채취득,2022-08-22,KOSDAQ,7340.0,7360.0,7220.0,6990.0,0.0027247956403269047,-0.016348773841961872,-0.04768392370572205,
907473,20230418000408,00962922,팬젠,222110,주요사항보고서(전환사채권발행결정),2023-04-18,KOSDAQ,6140.0,6350.0,6200.0,6290.0,0.03420195439739415,0.009771986970684043,0.02442996742671011,
568417,20241021900268,00962922,팬젠,222110,전환사채(해외전환사채포함)발행후만기전사채취득,2024-10-21,KOSDAQ,4940.0,4790.0,4760.0,4955.0,-0.030364372469635637,-0.036437246963562764,0.0030364372469635637,
25613,20260420900706,00962922,팬젠,222110,전환사채(해외전환사채포함)발행후만기전사채취득,2026-04-20,KOSDAQ,6780.0,6280.0,6080.0,6200.0,-0.07374631268436582,-0.1032448377581121,-0.08554572271386429,
1073416,20220824000160,01505186,하이딥,365590,주요사항보고서(전환사채권발행결정),2022-08-24,KOSDAQ,7653.0,7779.0,7779.0,7528.0,0.01646413171305361,0.01646413171305361,-0.016333464001045295,
594395,20240826900096,01505186,하이딥,365590,전환사채(해외전환사채포함)발행후만기전사채취득              (제2회차),2024-08-26,KOSDAQ,5166.0,5116.0,5121.0,4934.0,-0.009678668215253539,-0.008710801393728262,-0.044909020518776654,
496769,20250226900947,01505186,하이딥,365590,전환사채(해외전환사채포함)발행후만기전사채취득              (제2회차),2025-02-26,KOSDAQ,3313.0,3217.0,3197.0,3147.0,-0.028976758225173538,-0.035013582855418,-0.05010564443102927,
430688,20250408001706,01505186,하이딥,365590,주요사항보고서(전환사채권발행결정),2025-04-08,KOSDAQ,3091.0,3011.0,3132.0,3353.0,-0.025881591717890617,0.013264315755418865,0.08476221287609187,
1073370,20220824000226,00182696,대한조선,439260,전환사채발행결정,2022-08-24,KOSPI,,,,,,,,no_price_data
1064539,20220908000228,00182696,대한조선,439260,전환사채발행결정,2022-09-08,KOSPI,,,,,,,,no_price_data
1072738,20220825000393,00136864,신원,009270,주요사항보고서(전환사채권발행결정),2022-08-25,KOSPI,1730.0,1730.0,1665.0,1630.0,0.0,-0.037572254335260125,-0.05780346820809246,
1071524,20220826000755,00863038,캐리,313760,주요사항보고서(전환사채권발행결정),2022-08-26,KOSDAQ,11200.0,11000.0,10550.0,10300.0,-0.017857142857142905,-0.0580357142857143,-0.0803571428571429,
876590,20230613000438,00863038,캐리,313760,주요사항보고서(전환사채권발행결정),2023-06-13,KOSDAQ,13250.0,12680.0,11480.0,11060.0,-0.04301886792452825,-0.1335849056603774,-0.1652830188679245,
655072,20240503000789,00863038,캐리,313760,주요사항보고서(전환사채권발행결정),2024-05-03,KOSDAQ,7740.0,7770.0,7450.0,6800.0,0.003875968992248069,-0.03746770025839796,-0.12144702842377264,
568211,20241021900493,00863038,캐리,313760,전환사채(해외전환사채포함)발행후만기전사채취득              (제1회차),2024-10-21,KOSDAQ,7640.0,6840.0,6870.0,6590.0,-0.10471204188481675,-0.10078534031413611,-0.13743455497382195,
1069982,20220830000628,01397903,엔젠바이오,354200,주요사항보고서(전환사채권발행결정),2022-08-30,KOSDAQ,7853.0,8100.0,8100.0,7929.0,0.031452947917993024,0.031452947917993024,0.00967783012861334,
655102,20240503900718,01397903,엔젠바이오,354200,전환사채(해외전환사채포함)발행후만기전사채취득              (제3회차),2024-05-03,KOSDAQ,3945.0,3775.0,3756.0,3571.0,-0.04309252217997461,-0.04790874524714828,-0.09480354879594421,
637127,20240531901339,01397903,엔젠바이오,354200,전환사채(해외전환사채포함)발행후만기전사채취득              (제3회차),2024-05-31,KOSDAQ,3348.0,3216.0,3235.0,3145.0,-0.03942652329749108,-0.033751493428912815,-0.06063321385902032,
636899,20240603000003,01397903,엔젠바이오,354200,주요사항보고서(전환사채권발행결정),2024-06-03,KOSDAQ,3216.0,3235.0,3235.0,3060.0,0.00590796019900508,0.00590796019900508,-0.04850746268656714,
602978,20240813001357,01397903,엔젠바이오,354200,주요사항보고서(전환사채권발행결정),2024-08-13,KOSDAQ,2884.0,2889.0,2960.0,2761.0,0.0017337031900139799,0.026352288488210807,-0.042649098474341174,
587094,20240902900670,01397903,엔젠바이오,354200,전환사채(해외전환사채포함)발행후만기전사채취득,2024-09-02,KOSDAQ,2477.0,2477.0,2439.0,2614.0,0.0,-0.015341138473960458,0.055308841340331094,
581110,20240913900515,01397903,엔젠바이오,354200,전환사채(해외전환사채포함)발행후만기전사채취득,2024-09-13,KOSDAQ,2415.0,2463.0,3202.0,3614.0,0.019875776397515477,0.325879917184265,0.49648033126294,
531319,20241224900440,01397903,엔젠바이오,354200,전환사채(해외전환사채포함)발행후만기전사채취득,2024-12-24,KOSDAQ,2095.0,1668.0,1577.0,1713.0,-0.20381861575178994,-0.24725536992840091,-0.18233890214797133,
381815,20250616900636,01397903,엔젠바이오,354200,전환사채(해외전환사채포함)발행후만기전사채취득,2025-06-16,KOSDAQ,2120.0,2080.0,2080.0,2035.0,-0.018867924528301883,-0.018867924528301883,-0.04009433962264153,
323260,20251015000276,01397903,엔젠바이오,354200,주요사항보고서(전환사채권발행결정),2025-10-15,KOSDAQ,1699.0,1660.0,1613.0,1594.0,-0.022954679223072372,-0.050618010594467355,-0.06180105944673342,
1067465,20220831001348,01245062,코오롱티슈진,950160,주요사항보고서(전환사채권발행결정),2022-08-31,KOSDAQ,16050.0,16050.0,16050.0,16050.0,0.0,0.0,0.0,
625238,20240627000674,01245062,코오롱티슈진,950160,주요사항보고서(전환사채권발행결정),2024-06-27,KOSDAQ,14070.0,13990.0,14380.0,13440.0,-0.005685856432125047,0.022032693674484793,-0.04477611940298509,
502198,20250219001923,01245062,코오롱티슈진,950160,주요사항보고서(전환사채권발행결정),2025-02-19,KOSDAQ,36650.0,38750.0,35300.0,37000.0,0.05729877216916779,-0.03683492496589358,0.009549795361528002,
334573,20250912000305,01245062,코오롱티슈진,950160,주요사항보고서(전환사채권발행결정),2025-09-12,KOSDAQ,49650.0,48450.0,46400.0,45100.0,-0.024169184290030232,-0.06545820745216513,-0.09164149043303127,
1066741,20220901000363,01394669,누보,332290,주요사항보고서(전환사채권발행결정),2022-09-01,KOSDAQ,2360.0,2535.0,2465.0,2275.0,0.07415254237288127,0.044491525423728806,-0.03601694915254239,
594929,20240823000330,01394669,누보,332290,주요사항보고서(전환사채권발행결정),2024-08-23,KOSDAQ,1378.0,1320.0,1280.0,1212.0,-0.0420899854862119,-0.0711175616835994,-0.12046444121915822,
584836,20240906900303,01394669,누보,332290,전환사채(해외전환사채포함)발행후만기전사채취득              (제2회차),2024-09-06,KOSDAQ,1160.0,1139.0,1131.0,1194.0,-0.018103448275862077,-0.025000000000000022,0.02931034482758621,
542482,20241206900377,01394669,누보,332290,전환사채(해외전환사채포함)발행후만기전사채취득              (제2회차),2024-12-06,KOSDAQ,959.0,901.0,962.0,1012.0,-0.060479666319082415,0.0031282586027112647,0.05526590198123049,
488314,20250306900856,01394669,누보,332290,전환사채(해외전환사채포함)발행후만기전사채취득              (제2회차),2025-03-06,KOSDAQ,1024.0,1036.0,1060.0,1006.0,0.01171875,0.03515625,-0.017578125,
384968,20250609900363,01394669,누보,332290,전환사채(해외전환사채포함)발행후만기전사채취득              (제2회차),2025-06-09,KOSDAQ,1220.0,1220.0,1208.0,1213.0,0.0,-0.00983606557377048,-0.0057377049180328266,
1066071,20220905000002,00527491,하이드로리튬,101670,주요사항보고서(전환사채권발행결정),2022-09-05,KOSDAQ,5990.0,6600.0,8580.0,9800.0,0.10183639398998334,0.43238731218697835,0.6360601001669448,
303374,20251124000319,00527491,하이드로리튬,101670,주요사항보고서(전환사채권발행결정),2025-11-24,KOSDAQ,2010.0,2035.0,2195.0,2250.0,0.01243781094527363,0.09203980099502496,0.11940298507462677,
90478,20260318001163,00527491,하이드로리튬,101670,주요사항보고서(전환사채권발행결정),2026-03-18,KOSDAQ,1957.0,1875.0,1884.0,2030.0,-0.041900868676545744,-0.03730199284619318,0.037301992846193066,
74136,20260330001440,00527491,하이드로리튬,101670,주요사항보고서(전환사채권발행결정),2026-03-30,KOSDAQ,2035.0,2355.0,2180.0,2170.0,0.15724815724815722,0.07125307125307123,0.06633906633906639,
24119,20260422000701,00527491,하이드로리튬,101670,주요사항보고서(전환사채권발행결정),2026-04-22,KOSDAQ,2190.0,2035.0,2070.0,2145.0,-0.07077625570776258,-0.0547945205479452,-0.020547945205479423,
1065459,20220906000240,00169048,HLB글로벌,003580,주요사항보고서(전환사채권발행결정),2022-09-06,KOSPI,7510.0,7510.0,9760.0,9080.0,0.0,0.2996005326231692,0.2090545938748336,
928718,20230406002160,00169048,HLB글로벌,003580,주요사항보고서(전환사채권발행결정),2023-04-06,KOSPI,6380.0,6150.0,6140.0,6300.0,-0.036050156739811934,-0.037617554858934144,-0.01253918495297801,
814235,20231024000272,00169048,HLB글로벌,003580,주요사항보고서(전환사채권발행결정),2023-10-24,KOSPI,3735.0,3655.0,3600.0,3490.0,-0.021419009370816644,-0.03614457831325302,-0.06559571619812588,
626952,20240625000329,00169048,HLB글로벌,003580,주요사항보고서(전환사채권발행결정),2024-06-25,KOSPI,4500.0,4505.0,4370.0,4190.0,0.0011111111111110628,-0.028888888888888853,-0.06888888888888889,
337298,20250905000505,00169048,HLB글로벌,003580,주요사항보고서(전환사채권발행결정),2025-09-05,KOSPI,2305.0,2205.0,2155.0,2180.0,-0.04338394793926248,-0.06507592190889366,-0.05422993492407813,
296029,20251203000193,00169048,HLB글로벌,003580,주요사항보고서(전환사채권발행결정),2025-12-03,KOSPI,2230.0,2185.0,2180.0,2215.0,-0.020179372197309364,-0.022421524663677084,-0.006726457399103158,
1065395,20220906000322,01084364,다산디엠씨,208860,주요사항보고서(전환사채권발행결정),2022-09-06,KOSDAQ,2385.0,2385.0,2385.0,2385.0,0.0,0.0,0.0,
897780,20230504000758,01084364,다산디엠씨,208860,[첨부추가]주요사항보고서(전환사채권발행결정),2023-05-04,KOSDAQ,2385.0,2385.0,2385.0,2385.0,0.0,0.0,0.0,
411756,20250423000489,01084364,다산디엠씨,208860,주요사항보고서(전환사채권발행결정),2025-04-23,KOSDAQ,2385.0,2385.0,2385.0,2385.0,0.0,0.0,0.0,
1064770,20220907000508,00995993,DXVX,180400,주요사항보고서(전환사채권발행결정),2022-09-07,KOSDAQ,7029.0,7029.0,7029.0,7029.0,0.0,0.0,0.0,
1054595,20221006000396,00995993,DXVX,180400,주요사항보고서(전환사채권발행결정),2022-10-06,KOSDAQ,7029.0,7029.0,7029.0,7029.0,0.0,0.0,0.0,
734743,20240308900349,00995993,DXVX,180400,전환사채(해외전환사채포함)발행후만기전사채취득              (제5회차),2024-03-08,KOSDAQ,3692.0,3623.0,3349.0,3380.0,-0.01868905742145177,-0.09290357529794147,-0.08450704225352113,
578282,20240925900191,00995993,DXVX,180400,전환사채(해외전환사채포함)발행후만기전사채취득              (제6회차),2024-09-25,KOSDAQ,2925.0,2805.0,2700.0,2665.0,-0.04102564102564099,-0.07692307692307687,-0.0888888888888889,
1064965,20220907900361,01187148,케어랩스,263700,전환사채(해외전환사채포함)발행후만기전사채취득,2022-09-07,KOSDAQ,5640.0,5640.0,5800.0,5600.0,0.0,0.028368794326241176,-0.007092198581560294,
908147,20230417900268,01187148,케어랩스,263700,전환사채(해외전환사채포함)발행후만기전사채취득,2023-04-17,KOSDAQ,8190.0,7800.0,7710.0,7500.0,-0.04761904761904767,-0.05860805860805862,-0.08424908424908428,
843042,20230816900283,01187148,케어랩스,263700,전환사채(해외전환사채포함)발행후만기전사채취득,2023-08-16,KOSDAQ,5130.0,5100.0,5000.0,5210.0,-0.005847953216374324,-0.025341130604288553,0.015594541910331383,
817469,20231016900295,01187148,케어랩스,263700,전환사채(해외전환사채포함)발행후만기전사채취득,2023-10-16,KOSDAQ,4110.0,4340.0,4375.0,4050.0,0.05596107055961075,0.06447688564476883,-0.014598540145985384,
801136,20231115900383,01187148,케어랩스,263700,전환사채(해외전환사채포함)발행후만기전사채취득,2023-11-15,KOSDAQ,4065.0,4165.0,4165.0,4185.0,0.024600246002460135,0.024600246002460135,0.029520295202952074,
770393,20240115900549,01187148,케어랩스,263700,전환사채(해외전환사채포함)발행후만기전사채취득,2024-01-15,KOSDAQ,4175.0,4100.0,3950.0,4000.0,-0.017964071856287456,-0.053892215568862256,-0.041916167664670656,
1063834,20220913000204,00317104,라이온켐텍,171120,주요사항보고서(전환사채권발행결정),2022-09-13,KOSDAQ,5250.0,4990.0,4950.0,4560.0,-0.049523809523809526,-0.05714285714285716,-0.13142857142857145,
668324,20240412900514,00317104,라이온켐텍,171120,전환사채(해외전환사채포함)발행후만기전사채취득              (제1회차),2024-04-12,KOSDAQ,3130.0,3085.0,2995.0,3100.0,-0.014376996805111841,-0.04313099041533541,-0.009584664536741228,
1063378,20220914000213,01329957,국전,307750,주요사항보고서(전환사채권발행결정),2022-09-14,KOSDAQ,8920.0,8700.0,9260.0,8880.0,-0.024663677130044803,0.03811659192825112,-0.004484304932735439,
580480,20240919900203,01329957,국전,307750,전환사채(해외전환사채포함)발행후만기전사채취득,2024-09-19,KOSDAQ,4410.0,4420.0,4450.0,4480.0,0.0022675736961450532,0.009070294784580435,0.015873015873015817,
535898,20241216901428,01329957,국전,307750,전환사채(해외전환사채포함)발행후만기전사채취득,2024-12-16,KOSDAQ,3695.0,3690.0,3680.0,3605.0,-0.0013531799729363803,-0.004059539918809252,-0.024357239512855178,
475935,20250317901034,01329957,국전,307750,전환사채(해외전환사채포함)발행후만기전사채취득,2025-03-17,KOSDAQ,3345.0,3425.0,3380.0,3265.0,0.02391629297458886,0.010463378176382765,-0.02391629297458897,
381974,20250616900420,01329957,국전,307750,전환사채(해외전환사채포함)발행후만기전사채취득,2025-06-16,KOSDAQ,3765.0,3880.0,3905.0,3640.0,0.030544488711819362,0.03718459495351922,-0.033200531208499307,
333635,20250916900261,01329957,국전,307750,전환사채(해외전환사채포함)발행후만기전사채취득,2025-09-16,KOSDAQ,4025.0,4030.0,4040.0,4030.0,0.001242236024844745,0.003726708074534235,0.001242236024844745,
1061593,20220919000160,00609634,아이엠,101390,주요사항보고서(전환사채권발행결정),2022-09-19,KOSDAQ,6580.0,6300.0,6430.0,6220.0,-0.04255319148936165,-0.022796352583586588,-0.054711246200607855,
1012236,20221229900987,00609634,아이엠,101390,전환사채(해외전환사채포함)발행후만기전사채취득,2022-12-29,KOSDAQ,5050.0,5000.0,4860.0,5180.0,-0.00990099009900991,-0.03762376237623766,0.025742574257425765,
972845,20230310901294,00609634,아이엠,101390,전환사채(해외전환사채포함)발행후만기전사채취득(제7회차),2023-03-10,KOSDAQ,8040.0,7950.0,8050.0,7970.0,-0.011194029850746245,0.0012437810945273853,-0.008706467661691586,
873490,20230620000354,00609634,아이엠,101390,주요사항보고서(전환사채권발행결정),2023-06-20,KOSDAQ,13400.0,11250.0,11480.0,10550.0,-0.16044776119402981,-0.14328358208955227,-0.2126865671641791,
854382,20230801000313,00609634,아이엠,101390,주요사항보고서(전환사채권발행결정),2023-08-01,KOSDAQ,6530.0,6570.0,6410.0,6410.0,0.006125574272588086,-0.018376722817764146,-0.018376722817764146,
713822,20240326901496,00609634,아이엠,101390,전환사채(해외전환사채포함)발행후만기전사채취득              (제9회차),2024-03-26,KOSDAQ,8950.0,8910.0,8750.0,8070.0,-0.004469273743016755,-0.022346368715083775,-0.09832402234636872,
661156,20240425900269,00609634,아이엠,101390,"소송등의판결ㆍ결정              (전환권행사주식발행 및 상장금지 가처분신청 ,전환사채 처분금지 가처분 신청)",2024-04-25,KOSDAQ,9110.0,8810.0,6850.0,8140.0,-0.03293084522502743,-0.24807903402854004,-0.10647639956092203,
611757,20240726900653,00609634,아이엠,101390,전환사채(해외전환사채포함)발행후만기전사채취득              (제8회차),2024-07-26,KOSDAQ,4985.0,5020.0,5040.0,5050.0,0.007021063189568633,0.011033099297893756,0.013039117352056095,
608687,20240802900433,00609634,아이엠,101390,전환사채(해외전환사채포함)발행후만기전사채취득              (제8회차),2024-08-02,KOSDAQ,5050.0,5000.0,5400.0,5240.0,-0.00990099009900991,0.06930693069306937,0.03762376237623766,
574692,20241002900589,00609634,아이엠,101390,전환사채(해외전환사채포함)발행후만기전사채취득              (제8회차),2024-10-02,KOSDAQ,3565.0,3915.0,3925.0,3625.0,0.09817671809256656,0.10098176718092566,0.016830294530154388,
572893,20241008900560,00609634,아이엠,101390,전환사채(해외전환사채포함)발행후만기전사채취득              (제8회차 CB),2024-10-08,KOSDAQ,3905.0,3620.0,3625.0,3275.0,-0.07298335467349548,-0.07170294494238161,-0.16133162612035856,
571436,20241011900508,00609634,아이엠,101390,전환사채(해외전환사채포함)발행후만기전사채취득              (제8회차),2024-10-11,KOSDAQ,3625.0,3530.0,3370.0,3045.0,-0.026206896551724146,-0.07034482758620686,-0.16000000000000003,
565263,20241028900671,00609634,아이엠,101390,전환사채(해외전환사채포함)발행후만기전사채취득              (제8회차),2024-10-28,KOSDAQ,3300.0,3205.0,3425.0,3170.0,-0.028787878787878807,0.037878787878787845,-0.039393939393939426,
562863,20241101900002,00609634,아이엠,101390,전환사채(해외전환사채포함)발행후만기전사채취득              (제10회차),2024-11-01,KOSDAQ,3125.0,3170.0,3070.0,3210.0,0.014399999999999968,-0.01759999999999995,0.02719999999999989,
560458,20241107900556,00609634,아이엠,101390,전환사채(해외전환사채포함)발행후만기전사채취득              (제8회차),2024-11-07,KOSDAQ,3120.0,3210.0,2910.0,2810.0,0.028846153846153744,-0.06730769230769229,-0.09935897435897434,
553081,20241119900315,00609634,아이엠,101390,전환사채(해외전환사채포함)발행후만기전사채취득              (제8회차),2024-11-19,KOSDAQ,2725.0,2725.0,2825.0,2885.0,0.0,0.03669724770642202,0.05871559633027523,
552623,20241120900343,00609634,아이엠,101390,전환사채(해외전환사채포함)발행후만기전사채취득              (제8회차),2024-11-20,KOSDAQ,2725.0,2825.0,2870.0,2875.0,0.03669724770642202,0.053211009174311874,0.05504587155963292,
537719,20241213901375,00609634,아이엠,101390,전환사채(해외전환사채포함)발행후만기전사채취득              (제8회차),2024-12-13,KOSDAQ,2490.0,2500.0,2455.0,2345.0,0.004016064257028162,-0.014056224899598346,-0.05823293172690758,
1061437,20220919900480,00765462,씨에스베어링,297090,전환사채(해외전환사채포함)발행후만기전사채취득(제1회차),2022-09-19,KOSDAQ,9760.0,9810.0,9560.0,9090.0,0.0051229508196721785,-0.020491803278688492,-0.06864754098360659,
1018105,20221219900520,00765462,씨에스베어링,297090,전환사채(해외전환사채포함)발행후만기전사채취득(제1회차),2022-12-19,KOSDAQ,8680.0,8300.0,8170.0,8160.0,-0.04377880184331795,-0.05875576036866359,-0.05990783410138245,
580411,20240919900312,00765462,씨에스베어링,297090,전환사채(해외전환사채포함)발행후만기전사채취득,2024-09-19,KOSDAQ,6500.0,6510.0,6450.0,6500.0,0.0015384615384614886,-0.007692307692307665,0.0,
1060299,20220922000174,00668600,케이옥션,102370,주요사항보고서(전환사채권발행결정),2022-09-22,KOSDAQ,6010.0,6020.0,5420.0,4980.0,0.0016638935108153063,-0.09816971713810319,-0.17138103161397666,
1059388,20220923000540,00370255,테크엘,064520,주요사항보고서(전환사채권발행결정),2022-09-26,KOSDAQ,6680.0,6400.0,6100.0,5800.0,-0.041916167664670656,-0.08682634730538918,-0.13173652694610782,
1059387,20220923000541,00370255,테크엘,064520,주요사항보고서(전환사채권발행결정),2022-09-26,KOSDAQ,6680.0,6400.0,6100.0,5800.0,-0.041916167664670656,-0.08682634730538918,-0.13173652694610782,
1059386,20220923000543,00370255,테크엘,064520,주요사항보고서(전환사채권발행결정),2022-09-26,KOSDAQ,6680.0,6400.0,6100.0,5800.0,-0.041916167664670656,-0.08682634730538918,-0.13173652694610782,
1059385,20220923000544,00370255,테크엘,064520,주요사항보고서(전환사채권발행결정),2022-09-26,KOSDAQ,6680.0,6400.0,6100.0,5800.0,-0.041916167664670656,-0.08682634730538918,-0.13173652694610782,
658493,20240429900608,00370255,테크엘,064520,전환사채(해외전환사채포함)발행후만기전사채취득              (제14회차),2024-04-29,KOSDAQ,3520.0,3530.0,3530.0,3525.0,0.0028409090909091717,0.0028409090909091717,0.0014204545454545858,
572500,20241010900240,00370255,테크엘,064520,전환사채(해외전환사채포함)발행후만기전사채취득              (제16회차),2024-10-10,KOSDAQ,2520.0,2410.0,2500.0,2400.0,-0.04365079365079361,-0.007936507936507908,-0.04761904761904767,
524363,20250110900192,00370255,테크엘,064520,전환사채(해외전환사채포함)발행후만기전사채취득              (제16회차),2025-01-10,KOSDAQ,1838.0,1765.0,1782.0,1862.0,-0.03971708378672467,-0.030467899891186034,0.013057671381936808,
1059207,20220926900242,00350020,파인디앤씨,049120,전환사채(해외전환사채포함)발행후만기전사채취득,2022-09-26,KOSDAQ,9150.0,8900.0,8475.0,8650.0,-0.02732240437158473,-0.07377049180327866,-0.05464480874316935,
1046926,20221026000338,00350020,파인디앤씨,049120,주요사항보고서(전환사채권발행결정),2022-10-26,KOSDAQ,9700.0,9750.0,9725.0,9550.0,0.005154639175257714,0.002577319587628857,-0.015463917525773141,
903410,20230426000574,00350020,파인디앤씨,049120,주요사항보고서(전환사채권발행결정),2023-04-26,KOSDAQ,7710.0,7540.0,7470.0,7615.0,-0.022049286640726362,-0.0311284046692607,-0.012321660181582317,
831806,20230906000317,00350020,파인디앤씨,049120,주요사항보고서(전환사채권발행결정),2023-09-06,KOSDAQ,6240.0,6185.0,6185.0,6150.0,-0.008814102564102533,-0.008814102564102533,-0.014423076923076872,
565527,20241028900361,00350020,파인디앤씨,049120,전환사채(해외전환사채포함)발행후만기전사채취득,2024-10-28,KOSDAQ,5865.0,5865.0,5900.0,5780.0,0.0,0.0059676044330776445,-0.01449275362318836,
531391,20241224900386,00350020,파인디앤씨,049120,전환사채(해외전환사채포함)발행후만기전사채취득,2024-12-24,KOSDAQ,5250.0,5020.0,5135.0,5185.0,-0.043809523809523854,-0.02190476190476187,-0.012380952380952381,
529587,20241227000582,00350020,파인디앤씨,049120,주요사항보고서(전환사채권발행결정),2024-12-27,KOSDAQ,5135.0,5120.0,5100.0,5225.0,-0.0029211295034079487,-0.006815968841285325,0.017526777020447915,
467298,20250324900896,00350020,파인디앤씨,049120,전환사채(해외전환사채포함)발행후만기전사채취득,2025-03-24,KOSDAQ,4985.0,4975.0,4970.0,4970.0,-0.0020060180541624506,-0.0030090270812437314,-0.0030090270812437314,
409361,20250428900370,00350020,파인디앤씨,049120,전환사채(해외전환사채포함)발행후만기전사채취득,2025-04-28,KOSDAQ,5025.0,5045.0,5025.0,5000.0,0.003980099502487455,0.0,-0.00497512437810943,
409349,20250428900376,00350020,파인디앤씨,049120,전환사채(해외전환사채포함)발행후만기전사채취득,2025-04-28,KOSDAQ,5025.0,5045.0,5025.0,5000.0,0.003980099502487455,0.0,-0.00497512437810943,
378546,20250624900417,00350020,파인디앤씨,049120,전환사채(해외전환사채포함)발행후만기전사채취득,2025-06-24,KOSDAQ,4560.0,4615.0,4610.0,4665.0,0.012061403508771829,0.010964912280701844,0.023026315789473673,
368244,20250715000315,00350020,파인디앤씨,049120,주요사항보고서(전환사채권발행결정),2025-07-15,KOSDAQ,4580.0,4635.0,4485.0,4475.0,0.012008733624454093,-0.020742358078602585,-0.022925764192139764,
318101,20251028900610,00350020,파인디앤씨,049120,전환사채(해외전환사채포함)발행후만기전사채취득,2025-10-28,KOSDAQ,4495.0,4375.0,4335.0,4450.0,-0.026696329254727424,-0.03559510567296997,-0.010011123470522798,
314828,20251104900304,00350020,파인디앤씨,049120,전환사채(해외전환사채포함)발행후만기전사채취득,2025-11-04,KOSDAQ,4450.0,4475.0,4390.0,4370.0,0.00561797752808979,-0.013483146067415741,-0.017977528089887618,
267288,20260128900599,00350020,파인디앤씨,049120,전환사채(해외전환사채포함)발행후만기전사채취득,2026-01-28,KOSDAQ,3320.0,3225.0,3095.0,3175.0,-0.028614457831325324,-0.06777108433734935,-0.04367469879518071,
20802,20260428900504,00350020,파인디앤씨,049120,전환사채(해외전환사채포함)발행후만기전사채취득,2026-04-28,KOSDAQ,3400.0,3400.0,3400.0,3490.0,0.0,0.0,0.026470588235294024,
1057956,20220928900573,00181299,상아프론테크,089980,전환사채(해외전환사채포함)발행후만기전사채취득,2022-09-28,KOSDAQ,25400.0,24950.0,25000.0,25950.0,-0.017716535433070835,-0.015748031496062964,0.021653543307086576,
1013401,20221228900628,00181299,상아프론테크,089980,전환사채(해외전환사채포함)발행후만기전사채취득,2022-12-28,KOSDAQ,28500.0,27100.0,27600.0,27650.0,-0.0491228070175439,-0.03157894736842104,-0.029824561403508754,
897389,20230508000614,00181299,상아프론테크,089980,주요사항보고서(전환사채권발행결정),2023-05-08,KOSDAQ,31450.0,30150.0,29950.0,28350.0,-0.04133545310015896,-0.04769475357710651,-0.09856915739268679,
20703,20260428000579,00181299,상아프론테크,089980,주요사항보고서(전환사채권발행결정),2026-04-28,KOSDAQ,27900.0,28450.0,27450.0,27000.0,0.019713261648745428,-0.016129032258064502,-0.032258064516129004,
13001,20260511900530,00181299,상아프론테크,089980,전환사채(해외전환사채포함)발행후만기전사채취득,2026-05-11,KOSDAQ,25300.0,24150.0,23600.0,23200.0,-0.045454545454545414,-0.06719367588932801,-0.08300395256916993,
1055519,20221004000378,01265251,압타머사이언스,291650,주요사항보고서(전환사채권발행결정),2022-10-04,KOSDAQ,3474.0,3363.0,3551.0,3312.0,-0.031951640759930955,0.022164651698330484,-0.04663212435233166,
573756,20241007900385,01265251,압타머사이언스,291650,전환사채(해외전환사채포함)발행후만기전사채취득,2024-10-07,KOSDAQ,2249.0,2108.0,2053.0,2356.0,-0.06269453090262334,-0.08714984437527795,0.0475767007558916,
526262,20250106900470,01265251,압타머사이언스,291650,전환사채(해외전환사채포함)발행후만기전사채취득,2025-01-06,KOSDAQ,1154.0,1160.0,1209.0,1121.0,0.005199306759098743,0.04766031195840559,-0.02859618717504331,
433513,20250407900850,01265251,압타머사이언스,291650,전환사채(해외전환사채포함)발행후만기전사채취득,2025-04-07,KOSDAQ,864.0,858.0,823.0,940.0,-0.00694444444444442,-0.04745370370370372,0.08796296296296302,
336679,20250909000002,01265251,압타머사이언스,291650,주요사항보고서(전환사채권발행결정),2025-09-09,KOSDAQ,1091.0,1133.0,1161.0,1088.0,0.03849679193400557,0.06416131989000906,-0.002749770852429001,
271886,20260116000487,01265251,압타머사이언스,291650,주요사항보고서(전환사채권발행결정),2026-01-16,KOSDAQ,1060.0,1105.0,1131.0,1149.0,0.04245283018867929,0.06698113207547163,0.08396226415094343,
1054647,20221006000336,00486875,우양,103840,주요사항보고서(전환사채권발행결정),2022-10-06,KOSDAQ,2905.0,2905.0,2680.0,2605.0,0.0,-0.07745266781411364,-0.10327022375215145,
659497,20240426000992,00486875,우양,103840,주요사항보고서(전환사채권발행결정),2024-04-26,KOSDAQ,4330.0,4425.0,4305.0,4240.0,0.021939953810623525,-0.005773672055427226,-0.020785219399538146,
617560,20240712900298,00486875,우양,103840,전환사채(해외전환사채포함)발행후만기전사채취득,2024-07-12,KOSDAQ,7000.0,7010.0,6860.0,6710.0,0.0014285714285713347,-0.020000000000000018,-0.04142857142857148,
616520,20240716900453,00486875,우양,103840,전환사채(해외전환사채포함)발행후만기전사채취득,2024-07-16,KOSDAQ,6860.0,6730.0,6620.0,6820.0,-0.01895043731778423,-0.03498542274052474,-0.005830903790087438,
592475,20240828000561,00486875,우양,103840,주요사항보고서(전환사채권발행결정),2024-08-28,KOSDAQ,4680.0,4525.0,4610.0,4420.0,-0.03311965811965811,-0.014957264957264904,-0.05555555555555558,
571598,20241011900333,00486875,우양,103840,전환사채(해외전환사채포함)발행후만기전사채취득,2024-10-11,KOSDAQ,4240.0,4300.0,4220.0,3995.0,0.014150943396226356,-0.004716981132075526,-0.057783018867924474,
1054415,20221006000581,01535150,SK리츠,395400,주요사항보고서(전환사채권발행결정),2022-10-06,KOSPI,4958.0,4977.0,4785.0,4419.0,0.0038321903993545625,-0.03489310205728113,-0.108713190802743,
1025969,20221202000649,01535150,SK리츠,395400,주요사항보고서(전환사채권발행결정),2022-12-02,KOSPI,4637.0,5007.0,5076.0,5135.0,0.07979296959240889,0.09467328013802034,0.10739702393789097,
971543,20230313000796,01535150,SK리츠,395400,주요사항보고서(전환사채권발행결정),2023-03-13,KOSPI,5056.0,4938.0,4948.0,4805.0,-0.023338607594936667,-0.02136075949367089,-0.04964398734177211,
1054796,20221006900178,00389110,지어소프트,051160,전환사채(해외전환사채포함)발행후만기전사채취득,2022-10-06,KOSDAQ,9400.0,9380.0,8880.0,8850.0,-0.0021276595744680327,-0.05531914893617018,-0.058510638297872286,
1054531,20221006900462,00216027,바이넥스,053030,전환사채(해외전환사채포함)발행후만기전사채취득,2022-10-06,KOSDAQ,11600.0,11300.0,10650.0,11150.0,-0.025862068965517238,-0.0818965517241379,-0.03879310344827591,
1009001,20230106900452,00216027,바이넥스,053030,전환사채(해외전환사채포함)발행후만기전사채취득,2023-01-06,KOSDAQ,11100.0,11350.0,11100.0,11050.0,0.022522522522522515,0.0,-0.0045045045045044585,
928801,20230406900470,00216027,바이넥스,053030,전환사채(해외전환사채포함)발행후만기전사채취득,2023-04-06,KOSDAQ,9760.0,9830.0,9600.0,10230.0,0.0071721311475410054,-0.016393442622950838,0.04815573770491799,
820535,20231006900496,00216027,바이넥스,053030,전환사채(해외전환사채포함)발행후만기전사채취득,2023-10-06,KOSDAQ,8000.0,7730.0,7920.0,7800.0,-0.03374999999999995,-0.010000000000000009,-0.025000000000000022,
1053272,20221011900302,00374738,위세아이텍,065370,전환사채(해외전환사채포함)발행후만기전사채취득(제4회차),2022-10-11,KOSDAQ,10400.0,10300.0,9890.0,10650.0,-0.009615384615384581,-0.049038461538461586,0.024038461538461453,
1050525,20221017900467,01082348,오스테오닉,226400,전환사채(해외전환사채포함)발행후만기전사채취득,2022-10-17,KOSDAQ,2485.0,2500.0,2485.0,2485.0,0.006036217303822866,0.0,0.0,
1050298,20221018900225,00206686,케이피엠테크,042040,전환사채(해외전환사채포함)발행후만기전사채취득,2022-10-18,KOSDAQ,3840.0,4000.0,4170.0,3800.0,0.04166666666666674,0.0859375,-0.01041666666666663,
1004633,20230118900414,00206686,케이피엠테크,042040,전환사채(해외전환사채포함)발행후만기전사채취득,2023-01-18,KOSDAQ,3900.0,3840.0,3880.0,4040.0,-0.01538461538461533,-0.00512820512820511,0.03589743589743599,
644556,20240524000392,00206686,케이피엠테크,042040,주요사항보고서(전환사채권발행결정),2024-05-24,KOSDAQ,3680.0,3450.0,3460.0,3520.0,-0.0625,-0.05978260869565222,-0.04347826086956519,
625297,20240627000595,00206686,케이피엠테크,042040,주요사항보고서(전환사채권발행결정),2024-06-27,KOSDAQ,3260.0,3240.0,3230.0,3130.0,-0.006134969325153339,-0.009202453987730008,-0.039877300613496924,
393360,20250527900478,00206686,케이피엠테크,042040,전환사채(해외전환사채포함)발행후만기전사채취득,2025-05-27,KOSDAQ,2610.0,2560.0,2660.0,2560.0,-0.019157088122605415,0.019157088122605304,-0.019157088122605415,
300503,20251127900794,00206686,케이피엠테크,042040,전환사채(해외전환사채포함)발행후만기전사채취득,2025-11-27,KOSDAQ,2100.0,2170.0,2140.0,2210.0,0.03333333333333344,0.01904761904761898,0.05238095238095242,
294168,20251208000403,00206686,케이피엠테크,042040,주요사항보고서(전환사채권발행결정),2025-12-08,KOSDAQ,2200.0,2310.0,2240.0,2190.0,0.050000000000000044,0.018181818181818077,-0.004545454545454519,
287986,20251216901966,00206686,케이피엠테크,042040,전환사채(해외전환사채포함)발행후만기전사채취득,2025-12-16,KOSDAQ,2180.0,2170.0,2140.0,2140.0,-0.004587155963302725,-0.01834862385321101,-0.01834862385321101,
114,20260527900813,00206686,케이피엠테크,042040,전환사채(해외전환사채포함)발행후만기전사채취득,2026-05-27,KOSDAQ,798.0,749.0,749.0,749.0,-0.06140350877192979,-0.06140350877192979,-0.06140350877192979,
1049661,20221019000305,00305297,코텍,052330,주요사항보고서(전환사채권발행결정),2022-10-19,KOSDAQ,9790.0,9060.0,8880.0,9210.0,-0.07456588355464755,-0.09295199182839631,-0.05924412665985701,
20885,20260428900417,00305297,코텍,052330,전환사채(해외전환사채포함)발행후만기전사채취득,2026-04-28,KOSDAQ,11330.0,11600.0,11770.0,11700.0,0.02383053839364524,0.03883495145631066,0.032656663724624835,
1049100,20221020900361,01105621,엔투텍,227950,전환사채(해외전환사채포함)발행후만기전사채취득(제12회차),2022-10-20,KOSDAQ,3605.0,3540.0,3550.0,3750.0,-0.018030513176144236,-0.015256588072122046,0.04022191400832176,
1045337,20221028900638,01105621,엔투텍,227950,전환사채(해외전환사채포함)발행후만기전사채취득(제16회차),2022-10-28,KOSDAQ,3625.0,3685.0,3645.0,3520.0,0.016551724137930934,0.0055172413793103114,-0.0289655172413793,
1027205,20221130900646,01105621,엔투텍,227950,전환사채(해외전환사채포함)발행후만기전사채취득(제15회차),2022-11-30,KOSDAQ,4455.0,5125.0,4935.0,4360.0,0.1503928170594837,0.1077441077441077,-0.021324354657688005,
1025555,20221205900420,01105621,엔투텍,227950,전환사채(해외전환사채포함)발행후만기전사채취득(제13회차),2022-12-05,KOSDAQ,4900.0,4505.0,4360.0,4100.0,-0.08061224489795915,-0.11020408163265305,-0.16326530612244894,
1003654,20230120900143,01105621,엔투텍,227950,전환사채(해외전환사채포함)발행후만기전사채취득(제12회차),2023-01-20,KOSDAQ,3545.0,3535.0,3545.0,3500.0,-0.0028208744710860323,0.0,-0.012693935119887145,
928531,20230406900606,01105621,엔투텍,227950,전환사채(해외전환사채포함)발행후만기전사채취득(제16회차),2023-04-06,KOSDAQ,7655.0,8550.0,8360.0,6885.0,0.116917047681254,0.09209666884389289,-0.10058785107772694,
375716,20250627000771,01105621,엔투텍,227950,주요사항보고서(전환사채권발행결정),2025-06-27,KOSDAQ,1920.0,1850.0,1825.0,1875.0,-0.03645833333333337,-0.04947916666666663,-0.0234375,
1049125,20221020900368,00556615,모바일어플라이언스,087260,전환사채(해외전환사채포함)발행후만기전사채취득,2022-10-20,KOSDAQ,3305.0,3225.0,3335.0,3400.0,-0.024205748865355536,0.00907715582450841,0.02874432677760974,
1032453,20221124900499,00556615,모바일어플라이언스,087260,전환사채(해외전환사채포함)발행후만기전사채취득,2022-11-24,KOSDAQ,3410.0,3390.0,3270.0,3315.0,-0.0058651026392961825,-0.04105571847507328,-0.027859237536656867,
985953,20230224900950,00556615,모바일어플라이언스,087260,전환사채(해외전환사채포함)발행후만기전사채취득,2023-02-24,KOSDAQ,3290.0,3330.0,3315.0,3365.0,0.012158054711246091,0.0075987841945288626,0.022796352583586588,
888055,20230524900299,00556615,모바일어플라이언스,087260,전환사채(해외전환사채포함)발행후만기전사채취득,2023-05-24,KOSDAQ,3265.0,3250.0,3230.0,3285.0,-0.004594180704441064,-0.01071975497702915,0.006125574272588086,
839631,20230824900373,00556615,모바일어플라이언스,087260,전환사채(해외전환사채포함)발행후만기전사채취득,2023-08-24,KOSDAQ,2440.0,2425.0,2465.0,3030.0,-0.006147540983606592,0.010245901639344357,0.2418032786885247,
594201,20240826900264,00556615,모바일어플라이언스,087260,전환사채(해외전환사채포함)발행후만기전사채취득,2024-08-26,KOSDAQ,2185.0,2155.0,2255.0,2280.0,-0.013729977116704761,0.03203661327231111,0.04347826086956519,
550781,20241125900418,00556615,모바일어플라이언스,087260,전환사채(해외전환사채포함)발행후만기전사채취득,2024-11-25,KOSDAQ,2240.0,2265.0,2255.0,2135.0,0.01116071428571419,0.006696428571428603,-0.046875,
499400,20250224900666,00556615,모바일어플라이언스,087260,전환사채(해외전환사채포함)발행후만기전사채취득,2025-02-24,KOSDAQ,2165.0,2120.0,2135.0,1995.0,-0.020785219399538146,-0.01385681293302543,-0.07852193995381063,
249037,20260220002116,00556615,모바일어플라이언스,087260,주요사항보고서(전환사채권발행결정),2026-02-20,KOSDAQ,2035.0,2085.0,2115.0,1991.0,0.024570024570024662,0.039312039312039415,-0.021621621621621623,
1047478,20221025000428,00105606,금호에이치티,214330,주요사항보고서(전환사채권발행결정),2022-10-25,KOSPI,10300.0,10000.0,10050.0,10000.0,-0.029126213592232997,-0.024271844660194164,-0.029126213592232997,
828509,20230914000303,00105606,금호에이치티,214330,주요사항보고서(전환사채권발행결정),2023-09-14,KOSPI,7590.0,7700.0,7690.0,7240.0,0.01449275362318847,0.013175230566534912,-0.04611330698287219,
1047058,20221026000212,00330044,캠시스,050110,주요사항보고서(전환사채권발행결정),2022-10-26,KOSDAQ,10751.0,10702.0,10164.0,10262.0,-0.004557715561343101,-0.05459957213282485,-0.045484141010138646,
565668,20241028900180,00330044,캠시스,050110,전환사채(해외전환사채포함)발행후만기전사채취득,2024-10-28,KOSDAQ,5295.0,5270.0,5255.0,5206.0,-0.0047214353163361755,-0.007554296506137814,-0.016808309726156767,
516884,20250131900182,00330044,캠시스,050110,전환사채(해외전환사채포함)발행후만기전사채취득,2025-01-31,KOSDAQ,3830.0,3688.0,3850.0,3776.0,-0.03707571801566578,0.005221932114882533,-0.014099216710182771,
409466,20250428900267,00330044,캠시스,050110,전환사채(해외전환사채포함)발행후만기전사채취득,2025-04-28,KOSDAQ,3438.0,3453.0,3423.0,3399.0,0.0043630017452007674,-0.004363001745200656,-0.011343804537521818,
379235,20250623000172,00330044,캠시스,050110,주요사항보고서(전환사채권발행결정),2025-06-23,KOSDAQ,4090.0,4202.0,4085.0,4060.0,0.027383863080684634,-0.0012224938875305957,-0.007334963325183352,
363163,20250728900277,00330044,캠시스,050110,전환사채(해외전환사채포함)발행후만기전사채취득,2025-07-28,KOSDAQ,4800.0,4864.0,4868.0,4702.0,0.01333333333333342,0.01416666666666666,-0.02041666666666664,
1046821,20221026000426,01257872,에스프리즘,288620,주요사항보고서(전환사채권발행결정),2022-10-26,KOSDAQ,19650.0,20300.0,19800.0,20000.0,0.0330788804071247,0.007633587786259444,0.01781170483460559,
567697,20241022000318,01257872,에스프리즘,288620,주요사항보고서(전환사채권발행결정),2024-10-22,KOSDAQ,10780.0,10780.0,10620.0,10580.0,0.0,-0.014842300556586308,-0.01855287569573283,
565366,20241028900578,01257872,에스프리즘,288620,전환사채(해외전환사채포함)발행후만기전사채취득,2024-10-28,KOSDAQ,10610.0,10580.0,10160.0,10320.0,-0.002827521206409056,-0.04241281809613573,-0.027332704995287505,
516556,20250131900710,01257872,에스프리즘,288620,전환사채(해외전환사채포함)발행후만기전사채취득,2025-01-31,KOSDAQ,8630.0,8290.0,8410.0,8460.0,-0.03939745075318657,-0.02549246813441486,-0.01969872537659323,
409094,20250428900675,01257872,에스프리즘,288620,전환사채(해외전환사채포함)발행후만기전사채취득,2025-04-28,KOSDAQ,10670.0,10340.0,10530.0,11370.0,-0.030927835051546393,-0.013120899718837897,0.06560449859418926,
318208,20251028900467,01257872,에스프리즘,288620,전환사채(해외전환사채포함)발행후만기전사채취득,2025-10-28,KOSDAQ,12780.0,12720.0,12600.0,14070.0,-0.0046948356807511304,-0.014084507042253502,0.10093896713615025,
267299,20260128900577,01257872,에스프리즘,288620,전환사채(해외전환사채포함)발행후만기전사채취득,2026-01-28,KOSDAQ,10340.0,10540.0,10120.0,10410.0,0.01934235976789167,-0.021276595744680882,0.0067698259187620735,
1046819,20221026900559,01099667,에스디생명공학,217480,전환사채(해외전환사채포함)발행후만기전사채취득,2022-10-26,KOSDAQ,5090.0,5154.0,5132.0,2423.0,0.012573673870333923,0.008251473477406623,-0.5239685658153241,
1044795,20221031900512,01099667,에스디생명공학,217480,전환사채(해외전환사채포함)발행후만기전사채취득,2022-10-31,KOSDAQ,4718.0,3302.0,2423.0,2444.0,-0.3001271725307334,-0.4864349300551081,-0.48198389147944043,
1018062,20221220000001,01099667,에스디생명공학,217480,주요사항보고서(전환사채권발행결정),2022-12-20,KOSDAQ,2259.0,2352.0,2294.0,1908.0,0.04116865869853914,0.015493581230632936,-0.15537848605577687,
829526,20230912900476,01099667,에스디생명공학,217480,전환사채(해외전환사채포함)발행후만기전사채취득(제3회차),2023-09-12,KOSDAQ,499.0,499.0,499.0,499.0,0.0,0.0,0.0,
782227,20231218000336,01099667,에스디생명공학,217480,주요사항보고서(전환사채권발행결정),2023-12-19,KOSDAQ,499.0,499.0,499.0,499.0,0.0,0.0,0.0,
768908,20240118900484,01099667,에스디생명공학,217480,전환사채(해외전환사채포함)발행후만기전사채취득,2024-01-18,KOSDAQ,499.0,499.0,499.0,499.0,0.0,0.0,0.0,
768907,20240118900486,01099667,에스디생명공학,217480,전환사채(해외전환사채포함)발행후만기전사채취득,2024-01-18,KOSDAQ,499.0,499.0,499.0,499.0,0.0,0.0,0.0,
304495,20251120900738,01099667,에스디생명공학,217480,전환사채(해외전환사채포함)발행후만기전사채취득              (제4회차),2025-11-20,KOSDAQ,499.0,499.0,499.0,499.0,0.0,0.0,0.0,
250029,20260219900539,01099667,에스디생명공학,217480,전환사채(해외전환사채포함)발행후만기전사채취득              (제4회차),2026-02-19,KOSDAQ,499.0,499.0,499.0,499.0,0.0,0.0,0.0,
3758,20260521900913,01099667,에스디생명공학,217480,전환사채(해외전환사채포함)발행후만기전사채취득              (제4회차),2026-05-21,KOSDAQ,499.0,499.0,499.0,499.0,0.0,0.0,0.0,
1045998,20221027000579,00350048,오성첨단소재,052420,주요사항보고서(전환사채권발행결정),2022-10-27,KOSDAQ,24200.0,22850.0,22200.0,21900.0,-0.05578512396694213,-0.0826446280991735,-0.0950413223140496,
1042196,20221107900433,00350048,오성첨단소재,052420,전환사채(해외전환사채포함)발행후만기전사채취득,2022-11-07,KOSDAQ,20550.0,20700.0,20000.0,20650.0,0.007299270072992803,-0.02676399026763987,0.0048661800486617945,
997075,20230207900519,00350048,오성첨단소재,052420,전환사채(해외전환사채포함)발행후만기전사채취득(제23회차),2023-02-07,KOSDAQ,17160.0,17500.0,17710.0,16820.0,0.019813519813519864,0.03205128205128216,-0.019813519813519864,
897480,20230508900307,00350048,오성첨단소재,052420,전환사채(해외전환사채포함)발행후만기전사채취득(제23회차),2023-05-08,KOSDAQ,16100.0,15620.0,15690.0,15190.0,-0.029813664596273326,-0.02546583850931672,-0.05652173913043479,
332587,20250918000392,00350048,오성첨단소재,052420,주요사항보고서(전환사채권발행결정),2025-09-18,KOSDAQ,17300.0,17170.0,17160.0,16630.0,-0.007514450867052047,-0.008092485549133,-0.03872832369942192,
327093,20250930000724,00350048,오성첨단소재,052420,주요사항보고서(전환사채권발행결정),2025-09-30,KOSDAQ,19020.0,17740.0,17320.0,,-0.06729758149316512,-0.08937960042060988,,
1045259,20221028000518,00125822,삼보산업,009620,주요사항보고서(전환사채권발행결정),2022-10-28,KOSDAQ,4900.0,4972.0,5071.0,4922.0,0.014693877551020362,0.034897959183673555,0.004489795918367401,
782898,20231215901850,00125822,삼보산업,009620,전환사채(해외전환사채포함)발행후만기전사채취득,2023-12-15,KOSDAQ,6270.0,6484.0,6264.0,6473.0,0.034130781499202456,-0.000956937799043045,0.03237639553429017,
781886,20231219900476,00125822,삼보산업,009620,전환사채(해외전환사채포함)발행후만기전사채취득,2023-12-19,KOSDAQ,6264.0,6242.0,6259.0,5588.0,-0.0035121328224776427,-0.0007982120051085451,-0.10791826309067687,
266351,20260129000590,00125822,삼보산업,009620,주요사항보고서(전환사채권발행결정),2026-01-29,KOSDAQ,1744.0,1748.0,1655.0,1688.0,0.002293577981651307,-0.05103211009174313,-0.032110091743119296,
1044945,20221031900303,00537337,앤씨앤,092600,전환사채(해외전환사채포함)발행후만기전사채취득,2022-10-31,KOSDAQ,9050.0,8800.0,8650.0,8575.0,-0.027624309392265234,-0.04419889502762431,-0.0524861878453039,
999831,20230131900511,00537337,앤씨앤,092600,전환사채(해외전환사채포함)발행후만기전사채취득,2023-01-31,KOSDAQ,8685.0,8460.0,8505.0,8555.0,-0.025906735751295318,-0.020725388601036232,-0.014968336211859556,
810952,20231031900395,00537337,앤씨앤,092600,전환사채(해외전환사채포함)발행후만기전사채취득,2023-10-31,KOSDAQ,7195.0,7145.0,7255.0,7165.0,-0.006949270326615742,0.008339124391938846,-0.004169562195969423,
762843,20240131900732,00537337,앤씨앤,092600,전환사채(해외전환사채포함)발행후만기전사채취득,2024-01-31,KOSDAQ,7250.0,7100.0,7200.0,7250.0,-0.020689655172413834,-0.006896551724137945,0.0,
609890,20240731900388,00537337,앤씨앤,092600,전환사채(해외전환사채포함)발행후만기전사채취득,2024-07-31,KOSDAQ,6125.0,6100.0,5980.0,5650.0,-0.004081632653061273,-0.023673469387755053,-0.07755102040816331,
1044368,20221101000194,01344202,뷰노,338220,주요사항보고서(전환사채권발행결정),2022-11-01,KOSDAQ,6020.0,6140.0,5970.0,6250.0,0.019933554817275656,-0.00830564784053156,0.038205980066445155,
809565,20231102900493,01344202,뷰노,338220,전환사채(해외전환사채포함)발행후만기전사채취득(제1회차),2023-11-02,KOSDAQ,34850.0,38150.0,40650.0,36800.0,0.09469153515064566,0.16642754662840753,0.05595408895265419,
719159,20240321000974,01344202,뷰노,338220,주요사항보고서(전환사채권발행결정),2024-03-21,KOSDAQ,34200.0,35150.0,34700.0,32250.0,0.02777777777777768,0.014619883040935644,-0.05701754385964908,
531578,20241224000154,01344202,뷰노,338220,주요사항보고서(전환사채권발행결정),2024-12-24,KOSDAQ,24600.0,23650.0,23050.0,25250.0,-0.03861788617886175,-0.0630081300813008,0.026422764227642226,
296478,20251202000243,01344202,뷰노,338220,주요사항보고서(전환사채권발행결정),2025-12-02,KOSDAQ,26650.0,27500.0,26650.0,24300.0,0.031894934333958735,0.0,-0.08818011257035652,
253942,20260212001094,01344202,뷰노,338220,주요사항보고서(전환사채권발행결정),2026-02-12,KOSDAQ,19550.0,19890.0,20300.0,19950.0,0.017391304347825987,0.038363171355498826,0.020460358056265893,
243897,20260226900697,01344202,뷰노,338220,전환사채(해외전환사채포함)발행후만기전사채취득,2026-02-26,KOSDAQ,19210.0,19050.0,17900.0,17150.0,-0.008328995314940135,-0.0681936491410724,-0.10723581467985421,
1044042,20221102000064,00444329,위메이드,112040,주요사항보고서(전환사채권발행결정),2022-11-02,KOSDAQ,55700.0,53600.0,52300.0,55000.0,-0.037701974865350096,-0.06104129263913827,-0.012567324955116699,
1044039,20221102000077,00444329,위메이드,112040,주요사항보고서(전환사채권발행결정),2022-11-02,KOSDAQ,55700.0,53600.0,52300.0,55000.0,-0.037701974865350096,-0.06104129263913827,-0.012567324955116699,
1044035,20221102000082,00444329,위메이드,112040,주요사항보고서(전환사채권발행결정),2022-11-02,KOSDAQ,55700.0,53600.0,52300.0,55000.0,-0.037701974865350096,-0.06104129263913827,-0.012567324955116699,
827406,20230918000211,00444329,위메이드,112040,주요사항보고서(전환사채권발행결정),2023-09-18,KOSDAQ,38250.0,34700.0,33550.0,38250.0,-0.09281045751633987,-0.12287581699346406,0.0,
396706,20250519900257,00444329,위메이드,112040,전환사채(해외전환사채포함)발행후만기전사채취득,2025-05-19,KOSDAQ,24350.0,23850.0,24350.0,24550.0,-0.02053388090349073,0.0,0.008213552361396204,
374441,20250630901006,00444329,위메이드,112040,전환사채(해외전환사채포함)발행후만기전사채취득,2025-06-30,KOSDAQ,34200.0,33800.0,33100.0,33050.0,-0.011695906432748537,-0.032163742690058506,-0.033625730994152,
1042107,20221107900561,00606886,엔지켐생명과학,183490,전환사채(해외전환사채포함)발행후만기전사채취득(제2회차),2022-11-07,KOSDAQ,1855.0,1915.0,1910.0,2030.0,0.032345013477088846,0.029649595687331498,0.09433962264150941,
997657,20230206900790,00606886,엔지켐생명과학,183490,전환사채(해외전환사채포함)발행후만기전사채취득(제2회차),2023-02-06,KOSDAQ,1740.0,1700.0,1772.0,1720.0,-0.02298850574712641,0.01839080459770126,-0.011494252873563204,
897400,20230508900444,00606886,엔지켐생명과학,183490,전환사채(해외전환사채포함)발행후만기전사채취득(제2회차),2023-05-08,KOSDAQ,1795.0,1766.0,1744.0,1712.0,-0.016155988857938675,-0.028412256267409508,-0.04623955431754878,
1041741,20221108000247,01409095,비트맥스,377030,주요사항보고서(전환사채권발행결정),2022-11-08,KOSDAQ,40983.0,40612.0,40059.0,43749.0,-0.00905253397750283,-0.022545933679818497,0.06749139887270328,
553060,20241119900359,01409095,비트맥스,377030,전환사채(해외전환사채포함)발행후만기전사채취득              (제1회차),2024-11-19,KOSDAQ,8105.0,8012.0,7738.0,6418.0,-0.011474398519432438,-0.04528069093152376,-0.20814312152991976,
533156,20241220900259,01409095,비트맥스,377030,전환사채(해외전환사채포함)발행후만기전사채취득              (제1회차),2024-12-20,KOSDAQ,5608.0,5967.0,5486.0,5343.0,0.06401569186875888,-0.021754636233951463,-0.047253922967189776,
531136,20241224900637,01409095,비트맥스,377030,전환사채(해외전환사채포함)발행후만기전사채취득              (제1회차),2024-12-24,KOSDAQ,5486.0,5191.0,5237.0,5511.0,-0.0537732409770324,-0.045388261028071475,0.004557054320087461,
522377,20250115000192,01409095,비트맥스,377030,주요사항보고서(전환사채권발행결정),2025-01-15,KOSDAQ,5874.0,5958.0,5798.0,5516.0,0.01430030643513791,-0.012938372488934258,-0.060946544092611465,
504414,20250214901298,01409095,비트맥스,377030,전환사채(해외전환사채포함)발행후만기전사채취득,2025-02-14,KOSDAQ,7569.0,7464.0,7974.0,9952.0,-0.013872374157748668,0.053507728894173656,0.31483683445633504,
504182,20250214002823,01409095,비트맥스,377030,주요사항보고서(전환사채권발행결정),2025-02-17,KOSDAQ,7464.0,7974.0,9552.0,9003.0,0.06832797427652726,0.279742765273312,0.2061897106109325,
394632,20250523000515,01409095,비트맥스,377030,주요사항보고서(전환사채권발행결정),2025-05-23,KOSDAQ,11892.0,13916.0,13347.0,16067.0,0.1701984527413387,0.12235116044399597,0.3510763538513286,
381868,20250616000261,01409095,비트맥스,377030,주요사항보고서(전환사채권발행결정),2025-06-16,KOSDAQ,20559.0,22562.0,26146.0,27496.0,0.09742691765163669,0.2717544627656987,0.3374191351719442,
20781,20260428000479,01409095,비트맥스,377030,주요사항보고서(전환사채권발행결정),2026-04-28,KOSDAQ,2640.0,2640.0,3430.0,3190.0,0.0,0.2992424242424243,0.20833333333333326,
64,20260527000592,01409095,비트맥스,377030,주요사항보고서(전환사채권발행결정),2026-05-27,KOSDAQ,2585.0,2355.0,2450.0,1827.0,-0.08897485493230173,-0.0522243713733076,-0.29323017408123786,
1041267,20221109000212,00353878,다스코,058730,주요사항보고서(전환사채권발행결정),2022-11-09,KOSPI,6060.0,6150.0,6120.0,6030.0,0.014851485148514865,0.00990099009900991,-0.004950495049504955,
1040794,20221110000162,00523307,다원시스,068240,주요사항보고서(전환사채권발행결정),2022-11-10,KOSDAQ,16603.0,18019.0,17433.0,18507.0,0.08528579172438722,0.04999096548816473,0.11467807022827192,
559230,20241111900409,00523307,다원시스,068240,전환사채(해외전환사채포함)발행후만기전사채취득,2024-11-11,KOSDAQ,10190.0,10300.0,10510.0,10830.0,0.01079489695780178,0.03140333660451433,0.06280667320902844,
509999,20250211901144,00523307,다원시스,068240,전환사채(해외전환사채포함)발행후만기전사채취득,2025-02-11,KOSDAQ,10190.0,10330.0,10420.0,11300.0,0.013738959764475034,0.02257114818449457,0.10893032384690882,
402935,20250512900486,00523307,다원시스,068240,전환사채(해외전환사채포함)발행후만기전사채취득,2025-05-12,KOSDAQ,8700.0,8650.0,8770.0,8180.0,-0.005747126436781658,0.008045977011494232,-0.05977011494252871,
369849,20250710000607,00523307,다원시스,068240,주요사항보고서(전환사채권발행결정),2025-07-10,KOSDAQ,8460.0,8280.0,8250.0,8180.0,-0.021276595744680882,-0.024822695035460973,-0.03309692671394804,
356269,20250811900641,00523307,다원시스,068240,전환사채(해외전환사채포함)발행후만기전사채취득,2025-08-11,KOSDAQ,8390.0,8170.0,8150.0,7530.0,-0.026221692491060766,-0.028605482717520836,-0.1025029797377831,
1037507,20221114901469,01159853,휴온스,243070,전환사채(해외전환사채포함)발행후만기전사채취득,2022-11-14,KOSDAQ,31600.0,33350.0,32500.0,31300.0,0.05537974683544311,0.028481012658227778,-0.009493670886076,
993570,20230213901153,01159853,휴온스,243070,전환사채(해외전환사채포함)발행후만기전사채취득,2023-02-13,KOSDAQ,28800.0,32800.0,32950.0,34700.0,0.13888888888888884,0.14409722222222232,0.20486111111111116,
891447,20230515902610,01159853,휴온스,243070,전환사채(해외전환사채포함)발행후만기전사채취득,2023-05-15,KOSDAQ,32000.0,31700.0,32050.0,33000.0,-0.009375000000000022,0.0015624999999999112,0.03125,
843917,20230814902199,01159853,휴온스,243070,전환사채(해외전환사채포함)발행후만기전사채취득,2023-08-14,KOSDAQ,43600.0,45200.0,44000.0,44050.0,0.03669724770642202,0.00917431192660545,0.010321100917431103,
602878,20240813901012,01159853,휴온스,243070,전환사채(해외전환사채포함)발행후만기전사채취득,2024-08-13,KOSDAQ,29450.0,29600.0,29500.0,29950.0,0.005093378607809784,0.001697792869269854,0.01697792869269943,
353827,20250813900892,01159853,휴온스,243070,전환사채(해외전환사채포함)발행후만기전사채취득,2025-08-13,KOSDAQ,29150.0,29150.0,28250.0,28300.0,0.0,-0.030874785591766707,-0.029159519725557415,
1035628,20221115000002,00146427,한주에이알티,058450,[첨부추가]주요사항보고서(전환사채권발행결정),2022-11-15,KOSDAQ,29694.0,26990.0,28920.0,32264.0,-0.09106216744123397,-0.026065871893311776,0.08654947127365809,
1011028,20230102000288,00146427,한주에이알티,058450,주요사항보고서(전환사채권발행결정),2023-01-02,KOSDAQ,41517.0,40103.0,38689.0,40877.0,-0.034058337548474094,-0.06811667509694819,-0.015415372016282514,
667454,20240415000007,00146427,한주에이알티,058450,주요사항보고서(전환사채권발행결정),2024-04-15,KOSDAQ,24272.0,19920.0,19367.0,22131.0,-0.17930125247198414,-0.20208470665787737,-0.08820863546473301,
667444,20240415000009,00146427,한주에이알티,058450,주요사항보고서(전환사채권발행결정),2024-04-15,KOSDAQ,24272.0,19920.0,19367.0,22131.0,-0.17930125247198414,-0.20208470665787737,-0.08820863546473301,
646864,20240517900491,00146427,한주에이알티,058450,전환사채(해외전환사채포함)발행후만기전사채취득              (2CB),2024-05-17,KOSDAQ,22338.0,21279.0,21716.0,21048.0,-0.047408004297609496,-0.02784492792550808,-0.05774912704807955,
586021,20240904900238,00146427,한주에이알티,058450,전환사채(해외전환사채포함)발행후만기전사채취득              (제2회차),2024-09-04,KOSDAQ,9557.0,9188.0,9303.0,9372.0,-0.038610442607512785,-0.026577377838233773,-0.019357538976666366,
580450,20240919900217,00146427,한주에이알티,058450,전환사채(해외전환사채포함)발행후만기전사채취득              (제2회차),2024-09-19,KOSDAQ,8940.0,8691.0,11284.0,12113.0,-0.02785234899328859,0.262192393736018,0.3549217002237137,
541055,20241210900747,00146427,한주에이알티,058450,전환사채(해외전환사채포함)발행후만기전사채취득              (제4회차),2024-12-10,KOSDAQ,9202.0,8566.0,8345.0,8737.0,-0.0691154096935449,-0.09313192784177349,-0.05053249293631823,
541054,20241210900755,00146427,한주에이알티,058450,전환사채(해외전환사채포함)발행후만기전사채취득              (제5회차),2024-12-10,KOSDAQ,9202.0,8566.0,8345.0,8737.0,-0.0691154096935449,-0.09313192784177349,-0.05053249293631823,
476496,20250317900327,00146427,한주에이알티,058450,전환사채(해외전환사채포함)발행후만기전사채취득              (제2회차),2025-03-17,KOSDAQ,7300.0,7139.0,6770.0,4370.0,-0.022054794520547927,-0.07260273972602738,-0.4013698630136986,
455924,20250331901478,00146427,한주에이알티,058450,전환사채(해외전환사채포함)발행후만기전사채취득              (제2회차),2025-03-31,KOSDAQ,4366.0,4357.0,4324.0,3818.0,-0.0020613834173156542,-0.009619789280806201,-0.12551534585432889,
454440,20250331902817,00146427,한주에이알티,058450,전환사채(해외전환사채포함)발행후만기전사채취득              (제5회차),2025-03-31,KOSDAQ,4366.0,4357.0,4324.0,3818.0,-0.0020613834173156542,-0.009619789280806201,-0.12551534585432889,
412953,20250421900595,00146427,한주에이알티,058450,전환사채(해외전환사채포함)발행후만기전사채취득              (제4회차),2025-04-21,KOSDAQ,4182.0,4085.0,4076.0,3984.0,-0.023194643711142993,-0.02534672405547589,-0.04734576757532283,
374464,20250630900916,00146427,한주에이알티,058450,전환사채(해외전환사채포함)발행후만기전사채취득              (제4회차),2025-06-30,KOSDAQ,4988.0,5011.0,5172.0,5342.0,0.004611066559743415,0.0368885324779471,0.07097032878909393,
374461,20250630900921,00146427,한주에이알티,058450,전환사채(해외전환사채포함)발행후만기전사채취득              (제5회차),2025-06-30,KOSDAQ,4988.0,5011.0,5172.0,5342.0,0.004611066559743415,0.0368885324779471,0.07097032878909393,
104472,20260306001059,00146427,한주에이알티,058450,주요사항보고서(전환사채권발행결정),2026-03-09,KOSDAQ,1971.0,2201.0,2132.0,1869.0,0.11669203450025378,0.08168442415017751,-0.0517503805175038,
100052,20260311004183,00146427,한주에이알티,058450,주요사항보고서(전환사채권발행결정),2026-03-11,KOSDAQ,2132.0,1939.0,2054.0,2514.0,-0.09052532833020643,-0.03658536585365857,0.1791744840525329,
1035688,20221115000243,00146083,일동홀딩스,000230,주요사항보고서(전환사채권발행결정),2022-11-15,KOSPI,33950.0,35650.0,37000.0,32650.0,0.050073637702503726,0.0898379970544918,-0.038291605301914555,
816457,20231018800369,00146083,일동홀딩스,000230,주요사항보고서(전환사채권발행결정)(자회사의 주요경영사항),2023-10-18,KOSPI,10420.0,10020.0,9980.0,10360.0,-0.03838771593090207,-0.04222648752399227,-0.0057581573896353655,
1035373,20221116000157,00867098,티로보틱스,117730,주요사항보고서(전환사채권발행결정),2022-11-16,KOSDAQ,6350.0,6390.0,6420.0,6360.0,0.006299212598425141,0.011023622047244164,0.0015748031496063408,
572914,20241008000363,00867098,티로보틱스,117730,주요사항보고서(전환사채권발행결정),2024-10-08,KOSDAQ,8700.0,8320.0,8210.0,8040.0,-0.04367816091954024,-0.056321839080459735,-0.07586206896551728,
1034360,20221118000539,00767628,나이벡,138610,주요사항보고서(전환사채권발행결정),2022-11-18,KOSDAQ,20750.0,20000.0,19450.0,19050.0,-0.03614457831325302,-0.0626506024096386,-0.08192771084337347,
1013368,20221228900679,00767628,나이벡,138610,전환사채(해외전환사채포함)발행후만기전사채취득,2022-12-28,KOSDAQ,18750.0,18950.0,18800.0,17600.0,0.010666666666666602,0.002666666666666595,-0.06133333333333335,
953140,20230328901069,00767628,나이벡,138610,전환사채(해외전환사채포함)발행후만기전사채취득,2023-03-28,KOSDAQ,16800.0,16320.0,16640.0,16840.0,-0.02857142857142858,-0.00952380952380949,0.0023809523809523725,
869953,20230628900568,00767628,나이벡,138610,전환사채(해외전환사채포함)발행후만기전사채취득,2023-06-28,KOSDAQ,15140.0,14710.0,14760.0,13200.0,-0.028401585204755664,-0.02509907529722588,-0.12813738441215328,
776980,20231228900883,00767628,나이벡,138610,전환사채(해외전환사채포함)발행후만기전사채취득,2023-12-28,KOSDAQ,21650.0,21850.0,23100.0,22250.0,0.009237875288683695,0.06697459584295617,0.02771362586605086,
499011,20250224901157,00767628,나이벡,138610,전환사채(해외전환사채포함)발행후만기전사채취득,2025-02-24,KOSDAQ,15500.0,15800.0,15550.0,14770.0,0.019354838709677358,0.003225806451612856,-0.04709677419354841,
395090,20250522900469,00767628,나이벡,138610,전환사채(해외전환사채포함)발행후만기전사채취득,2025-05-22,KOSDAQ,22350.0,22700.0,22300.0,28950.0,0.015659955257270708,-0.0022371364653244186,0.2953020134228188,
1034295,20221118000596,01688896,삼성FN리츠,448730,특수관계인에대한전환사채발행의결,2022-11-18,KOSPI,,,,,,,,no_price_data
1034251,20221118000623,01688896,삼성FN리츠,448730,전환사채발행결정,2022-11-18,KOSPI,,,,,,,,no_price_data
1034496,20221118900331,00545929,제넥신,095700,전환사채(해외전환사채포함)발행후만기전사채취득,2022-11-18,KOSDAQ,17104.0,16334.0,16141.0,16102.0,-0.04501870907390082,-0.05630261927034608,-0.05858278765201119,
782551,20231218900238,00545929,제넥신,095700,전환사채(해외전환사채포함)발행후만기전사채취득,2023-12-18,KOSDAQ,9160.0,9380.0,9380.0,9430.0,0.024017467248908186,0.024017467248908186,0.029475982532751077,
330813,20250923000407,00545929,제넥신,095700,주요사항보고서(전환사채권발행결정),2025-09-24,KOSDAQ,5190.0,5120.0,5090.0,5370.0,-0.013487475915221592,-0.019267822736030782,0.034682080924855585,
1033770,20221121900384,00264635,에스넷,038680,전환사채(해외전환사채포함)발행후만기전사채취득,2022-11-21,KOSDAQ,4843.0,4814.0,5000.0,5098.0,-0.005988023952095856,0.03241792277513933,0.052653314061532175,
1030834,20221128000489,00264635,에스넷,038680,주요사항보고서(전환사채권발행결정),2022-11-28,KOSDAQ,5098.0,5049.0,5049.0,5167.0,-0.009611612397018465,-0.009611612397018465,0.013534719497842351,
989631,20230220900742,00264635,에스넷,038680,전환사채(해외전환사채포함)발행후만기전사채취득,2023-02-20,KOSDAQ,5619.0,5580.0,5452.0,5668.0,-0.006940736785905011,-0.029720590852464812,0.008720412884855033,
1033533,20221122900134,01077577,우리산업,215360,전환사채(해외전환사채포함)발행후만기전사채취득,2022-11-22,KOSDAQ,14200.0,14700.0,15550.0,15700.0,0.035211267605633756,0.09507042253521125,0.10563380281690149,
1032860,20221123000344,00862880,새빗켐,107600,주요사항보고서(전환사채권발행결정),2022-11-23,KOSDAQ,102200.0,102700.0,100400.0,102600.0,0.004892367906066619,-0.017612524461839585,0.00391389432485334,
551039,20241125900077,00862880,새빗켐,107600,전환사채(해외전환사채포함)발행후만기전사채취득              (제1회차),2024-11-25,KOSDAQ,18290.0,18390.0,18210.0,16800.0,0.005467468562055711,-0.004373974849644635,-0.08146528157463095,
1032827,20221123000374,00965813,미투온,201490,주요사항보고서(전환사채권발행결정),2022-11-23,KOSDAQ,4645.0,4710.0,4460.0,4450.0,0.013993541442411273,-0.03982777179763186,-0.041980624327233595,
553839,20241115000344,00965813,미투온,201490,주요사항보고서(전환사채권발행결정),2024-11-15,KOSDAQ,1918.0,1930.0,1930.0,1855.0,0.006256517205422307,0.006256517205422307,-0.03284671532846717,
551006,20241125900138,00965813,미투온,201490,전환사채(해외전환사채포함)발행후만기전사채취득,2024-11-25,KOSDAQ,1858.0,1879.0,1827.0,1778.0,0.011302475780408994,-0.01668460710441333,-0.04305705059203446,
498318,20250225900884,00965813,미투온,201490,전환사채(해외전환사채포함)발행후만기전사채취득,2025-02-25,KOSDAQ,1746.0,1753.0,1754.0,1734.0,0.004009163802978222,0.004581901489117968,-0.0068728522336769515,
394057,20250526900625,00965813,미투온,201490,전환사채(해외전환사채포함)발행후만기전사채취득,2025-05-26,KOSDAQ,1793.0,1792.0,1798.0,1877.0,-0.000557724484104849,0.002788622420524245,0.04684885666480754,
5795,20260518900441,00965813,미투온,201490,전환사채(해외전환사채포함)발행후만기전사채취득,2026-05-18,KOSDAQ,2795.0,2795.0,2645.0,2720.0,0.0,-0.05366726296958857,-0.02683363148479423,
1031540,20221125900581,00663669,폴라리스우노,114630,전환사채(해외전환사채포함)발행후만기전사채취득,2022-11-25,KOSDAQ,5075.0,4845.0,5000.0,5025.0,-0.04532019704433499,-0.014778325123152691,-0.009852216748768461,
300202,20251127001361,00663669,폴라리스우노,114630,주요사항보고서(전환사채권발행결정),2025-11-27,KOSDAQ,2490.0,2550.0,2540.0,2530.0,0.024096385542168752,0.02008032128514059,0.016064257028112428,
1031108,20221128900175,00957735,클리오,237880,전환사채(해외전환사채포함)발행후만기전사채취득(제1회차),2022-11-28,KOSDAQ,13400.0,14000.0,13900.0,15700.0,0.04477611940298498,0.03731343283582089,0.17164179104477606,
1030118,20221129900189,01246034,다이나믹솔루션,290660,전환사채(해외전환사채포함)발행후만기전사채취득,2022-11-29,KOSDAQ,3160.0,3260.0,3380.0,3300.0,0.03164556962025311,0.06962025316455689,0.044303797468354444,
1008618,20230109000003,01246034,다이나믹솔루션,290660,주요사항보고서(전환사채권발행결정),2023-01-09,KOSDAQ,3140.0,3120.0,3100.0,3220.0,-0.006369426751592355,-0.01273885350318471,0.02547770700636942,
1008617,20230109000004,01246034,다이나믹솔루션,290660,주요사항보고서(전환사채권발행결정),2023-01-09,KOSDAQ,3140.0,3120.0,3100.0,3220.0,-0.006369426751592355,-0.01273885350318471,0.02547770700636942,
1008616,20230109000005,01246034,다이나믹솔루션,290660,주요사항보고서(전환사채권발행결정),2023-01-09,KOSDAQ,3140.0,3120.0,3100.0,3220.0,-0.006369426751592355,-0.01273885350318471,0.02547770700636942,
906857,20230419000431,01246034,다이나믹솔루션,290660,주요사항보고서(전환사채권발행결정),2023-04-19,KOSDAQ,2762.0,2642.0,2614.0,2576.0,-0.04344677769732075,-0.053584359160029016,-0.06734250543084719,
906913,20230419900431,01246034,다이나믹솔루션,290660,전환사채(해외전환사채포함)발행후만기전사채취득,2023-04-19,KOSDAQ,2762.0,2642.0,2614.0,2576.0,-0.04344677769732075,-0.053584359160029016,-0.06734250543084719,
861847,20230714000488,01246034,다이나믹솔루션,290660,주요사항보고서(전환사채권발행결정),2023-07-14,KOSDAQ,2804.0,2714.0,2670.0,2858.0,-0.032097004279600605,-0.04778887303851642,0.01925820256776034,
857388,20230726900473,01246034,다이나믹솔루션,290660,전환사채(해외전환사채포함)발행후만기전사채취득,2023-07-26,KOSDAQ,2440.0,2520.0,2610.0,2688.0,0.032786885245901676,0.069672131147541,0.10163934426229515,
809374,20231103900188,01246034,다이나믹솔루션,290660,전환사채(해외전환사채포함)발행후만기전사채취득,2023-11-03,KOSDAQ,2532.0,2602.0,2508.0,2488.0,0.027646129541864184,-0.009478672985781977,-0.017377567140600347,
334536,20250912000319,01246034,다이나믹솔루션,290660,주요사항보고서(전환사채권발행결정),2025-09-12,KOSDAQ,2418.0,2328.0,2328.0,2252.0,-0.037220843672456594,-0.037220843672456594,-0.06865177832919767,
325398,20251002000338,01246034,다이나믹솔루션,290660,주요사항보고서(전환사채권발행결정),2025-10-02,KOSDAQ,1930.0,1880.0,1890.0,1830.0,-0.025906735751295318,-0.020725388601036232,-0.051813471502590636,
325435,20251002900339,01246034,다이나믹솔루션,290660,전환사채(해외전환사채포함)발행후만기전사채취득,2025-10-02,KOSDAQ,1930.0,1880.0,1890.0,1830.0,-0.025906735751295318,-0.020725388601036232,-0.051813471502590636,
82767,20260325000005,01246034,다이나믹솔루션,290660,주요사항보고서(전환사채권발행결정),2026-03-25,KOSDAQ,2858.0,2676.0,2592.0,2318.0,-0.06368089573128066,-0.09307207837648701,-0.18894331700489853,
10984,20260513000875,01246034,다이나믹솔루션,290660,주요사항보고서(전환사채권발행결정),2026-05-13,KOSDAQ,1916.0,1832.0,1968.0,2226.0,-0.04384133611691021,0.02713987473903967,0.16179540709812112,
1026024,20221202000602,00249502,골드앤에스,035290,주요사항보고서(전환사채권발행결정),2022-12-02,KOSDAQ,49335.0,47735.0,45670.0,45950.0,-0.03243133677916288,-0.07428803080976998,-0.06861254687341645,
778633,20231226900874,00249502,골드앤에스,035290,전환사채(해외전환사채포함)발행후만기전사채취득(제18회차),2023-12-26,KOSDAQ,5945.0,6020.0,6030.0,5985.0,0.012615643397813292,0.014297729184188368,0.006728343145500526,
1026287,20221202900200,00310156,셀루메드,049180,전환사채(해외전환사채포함)발행후만기전사채취득(제24회차),2022-12-02,KOSDAQ,4800.0,6030.0,5600.0,5260.0,0.2562500000000001,0.16666666666666674,0.09583333333333344,
991792,20230215901062,00310156,셀루메드,049180,전환사채(해외전환사채포함)발행후만기전사채취득,2023-02-15,KOSDAQ,5510.0,5600.0,5540.0,5470.0,0.016333938294010864,0.005444646098003547,-0.007259528130671544,
950679,20230329001203,00310156,셀루메드,049180,주요사항보고서(전환사채권발행결정),2023-03-29,KOSDAQ,5540.0,5530.0,5390.0,5710.0,-0.0018050541516245744,-0.027075812274368283,0.03068592057761732,
833644,20230831001592,00310156,셀루메드,049180,주요사항보고서(전환사채권발행결정),2023-08-31,KOSDAQ,3760.0,3730.0,3600.0,3815.0,-0.007978723404255317,-0.04255319148936165,0.0146276595744681,
820495,20231006000469,00310156,셀루메드,049180,주요사항보고서(전환사채권발행결정),2023-10-06,KOSDAQ,3340.0,3285.0,3285.0,2785.0,-0.01646706586826352,-0.01646706586826352,-0.1661676646706587,
717790,20240321902494,00310156,셀루메드,049180,전환사채(해외전환사채포함)발행후만기전사채취득,2024-03-21,KOSDAQ,1726.0,1924.0,1861.0,1783.0,0.11471610660486675,0.07821552723059089,0.0330243337195828,
629568,20240620900372,00310156,셀루메드,049180,"전환사채(해외전환사채포함)발행후만기전사채취득              (제27회차, 제28회차)",2024-06-20,KOSDAQ,1575.0,1448.0,1435.0,1485.0,-0.08063492063492061,-0.0888888888888889,-0.05714285714285716,
561018,20241106000304,00310156,셀루메드,049180,주요사항보고서(전환사채권발행결정),2024-11-06,KOSDAQ,3120.0,2725.0,2610.0,2355.0,-0.1266025641025641,-0.16346153846153844,-0.2451923076923077,
322730,20251016900396,00310156,셀루메드,049180,전환사채(해외전환사채포함)발행후만기전사채취득              (제28회차),2025-10-16,KOSDAQ,805.0,761.0,780.0,710.0,-0.05465838509316767,-0.03105590062111796,-0.11801242236024845,
253255,20260212901520,00310156,셀루메드,049180,전환사채(해외전환사채포함)발행후만기전사채취득,2026-02-12,KOSDAQ,1590.0,1478.0,1507.0,1375.0,-0.07044025157232703,-0.05220125786163521,-0.1352201257861635,
250565,20260213901826,00310156,셀루메드,049180,전환사채(해외전환사채포함)발행후만기전사채취득              (제29회차),2026-02-13,KOSDAQ,1478.0,1507.0,1402.0,1468.0,0.01962110960757779,-0.05142083897158323,-0.006765899864682012,
1023253,20221209900413,00925295,에프엔씨엔터,173940,전환사채(해외전환사채포함)발행후만기전사채취득,2022-12-09,KOSDAQ,5680.0,5570.0,5460.0,5710.0,-0.01936619718309862,-0.03873239436619713,0.005281690140845008,
574101,20241004000312,00925295,에프엔씨엔터,173940,주요사항보고서(전환사채권발행결정),2024-10-04,KOSDAQ,3525.0,3575.0,3575.0,3680.0,0.014184397163120588,0.014184397163120588,0.04397163120567371,
25508,20260420000528,00925295,에프엔씨엔터,173940,주요사항보고서(전환사채권발행결정),2026-04-20,KOSDAQ,5050.0,4250.0,4100.0,4235.0,-0.15841584158415845,-0.18811881188118806,-0.16138613861386142,
1022766,20221212000120,00787057,휴맥스,115160,주요사항보고서(전환사채권발행결정),2022-12-12,KOSDAQ,37450.0,36750.0,36450.0,35250.0,-0.01869158878504673,-0.026702269692923886,-0.058744993324432615,
978725,20230303900776,00787057,휴맥스,115160,전환사채(해외전환사채포함)발행후만기전사채취득,2023-03-03,KOSDAQ,38950.0,39800.0,40800.0,37700.0,0.021822849807445532,0.047496790757381335,-0.03209242618741981,
973183,20230310000750,00787057,휴맥스,115160,주요사항보고서(전환사채권발행결정),2023-03-10,KOSDAQ,37700.0,37350.0,35200.0,38000.0,-0.009283819628647216,-0.06631299734748008,0.007957559681697646,
783281,20231215901259,00787057,휴맥스,115160,전환사채(해외전환사채포함)발행후만기전사채취득(제10회차),2023-12-15,KOSDAQ,29150.0,29550.0,30650.0,30000.0,0.013722126929674117,0.05145797598627788,0.029159519725557415,
738891,20240304900383,00787057,휴맥스,115160,전환사채(해외전환사채포함)발행후만기전사채취득              (제12회차),2024-03-04,KOSDAQ,29850.0,28650.0,28500.0,28800.0,-0.04020100502512558,-0.045226130653266305,-0.035175879396984966,
631925,20240614900350,00787057,휴맥스,115160,전환사채(해외전환사채포함)발행후만기전사채취득              (제18회차),2024-06-14,KOSDAQ,22300.0,21850.0,21600.0,21000.0,-0.020179372197309364,-0.03139013452914796,-0.058295964125560484,
580513,20240919900166,00787057,휴맥스,115160,전환사채(해외전환사채포함)발행후만기전사채취득,2024-09-19,KOSDAQ,17440.0,17780.0,17850.0,18500.0,0.019495412844036775,0.023509174311926673,0.06077981651376141,
487137,20250307000651,00787057,휴맥스,115160,주요사항보고서(전환사채권발행결정),2025-03-07,KOSDAQ,11480.0,11400.0,11440.0,11430.0,-0.006968641114982632,-0.0034843205574912606,-0.004355400696864131,
478202,20250314900882,00787057,휴맥스,115160,전환사채(해외전환사채포함)발행후만기전사채취득,2025-03-14,KOSDAQ,11430.0,11400.0,11300.0,10750.0,-0.002624671916010457,-0.011373578302712128,-0.05949256342957132,
476430,20250317900429,00787057,휴맥스,115160,전환사채(해외전환사채포함)발행후만기전사채취득,2025-03-17,KOSDAQ,11400.0,11300.0,10690.0,10590.0,-0.00877192982456143,-0.062280701754385936,-0.07105263157894737,
381855,20250616900585,00787057,휴맥스,115160,전환사채(해외전환사채포함)발행후만기전사채취득,2025-06-16,KOSDAQ,11140.0,11030.0,10900.0,10500.0,-0.009874326750448859,-0.021543985637342944,-0.0574506283662477,
1016376,20221222000428,00126779,삼아알미늄,006110,주요사항보고서(전환사채권발행결정),2022-12-22,KOSPI,35000.0,40000.0,37750.0,41400.0,0.1428571428571428,0.07857142857142851,0.18285714285714283,
1016366,20221222900588,00664048,우리넷,115440,전환사채(해외전환사채포함)발행후만기전사채취득,2022-12-22,KOSDAQ,8640.0,8440.0,8300.0,8350.0,-0.02314814814814814,-0.03935185185185186,-0.03356481481481477,
840238,20230823900285,00664048,우리넷,115440,전환사채(해외전환사채포함)발행후만기전사채취득,2023-08-23,KOSDAQ,9500.0,8570.0,8150.0,8270.0,-0.09789473684210526,-0.14210526315789473,-0.1294736842105263,
779620,20231222900657,00664048,우리넷,115440,전환사채(해외전환사채포함)발행후만기전사채취득,2023-12-22,KOSDAQ,7050.0,6980.0,7090.0,7370.0,-0.009929078014184411,0.005673758865248235,0.04539007092198588,
716735,20240322901001,00664048,우리넷,115440,전환사채(해외전환사채포함)발행후만기전사채취득,2024-03-22,KOSDAQ,6920.0,6950.0,6970.0,6970.0,0.004335260115607031,0.007225433526011571,0.007225433526011571,
1012879,20221229900171,00778235,TS인베스트먼트,246690,전환사채(해외전환사채포함)발행후만기전사채취득,2022-12-29,KOSDAQ,1655.0,1640.0,1605.0,1715.0,-0.009063444108761365,-0.030211480362537735,0.03625377643504524,
951474,20230329901184,00778235,TS인베스트먼트,246690,전환사채(해외전환사채포함)발행후만기전사채취득,2023-03-29,KOSDAQ,1834.0,1880.0,1853.0,1857.0,0.025081788440566966,0.010359869138495181,0.012540894220283594,
869309,20230629900439,00778235,TS인베스트먼트,246690,전환사채(해외전환사채포함)발행후만기전사채취득,2023-06-29,KOSDAQ,1567.0,1567.0,1570.0,1519.0,0.0,0.0019144862795150708,-0.03063178047223991,
776090,20231229900540,00778235,TS인베스트먼트,246690,전환사채(해외전환사채포함)발행후만기전사채취득,2023-12-29,KOSDAQ,1408.0,1389.0,1396.0,1415.0,-0.013494318181818232,-0.008522727272727293,0.004971590909090828,
622684,20240701900452,00778235,TS인베스트먼트,246690,전환사채(해외전환사채포함)발행후만기전사채취득,2024-07-01,KOSDAQ,1184.0,1179.0,1167.0,1157.0,-0.004222972972973027,-0.014358108108108114,-0.022804054054054057,
575548,20240930900606,00778235,TS인베스트먼트,246690,전환사채(해외전환사채포함)발행후만기전사채취득,2024-09-30,KOSDAQ,1048.0,1040.0,1043.0,1041.0,-0.007633587786259555,-0.004770992366412208,-0.006679389312977069,
469826,20250321000681,00778235,TS인베스트먼트,246690,주요사항보고서(전환사채권발행결정),2025-03-21,KOSDAQ,1213.0,1116.0,1090.0,1065.0,-0.07996702390766697,-0.10140148392415493,-0.12201154163231653,
454298,20250331903170,00778235,TS인베스트먼트,246690,전환사채(해외전환사채포함)발행후만기전사채취득,2025-03-31,KOSDAQ,1036.0,1078.0,1060.0,1210.0,0.04054054054054057,0.02316602316602312,0.16795366795366795,
1012586,20221229900567,00994994,나노,187790,전환사채(해외전환사채포함)발행후만기전사채취득,2022-12-29,KOSDAQ,1130.0,1135.0,1157.0,1196.0,0.004424778761061843,0.023893805309734617,0.05840707964601766,
1005617,20230116900425,01336373,메드팩토,235980,전환사채(해외전환사채포함)발행후만기전사채취득(제4회차 CB),2023-01-16,KOSDAQ,19256.0,18818.0,18774.0,18730.0,-0.022746157041960924,-0.02503115911923559,-0.027316161196510147,
1005096,20230117000211,00626011,아이텍,119830,주요사항보고서(전환사채권발행결정),2023-01-17,KOSDAQ,9060.0,8650.0,9150.0,9110.0,-0.045253863134657846,0.009933774834437026,0.0055187637969094094,
676344,20240409003855,00626011,아이텍,119830,주요사항보고서(전환사채권발행결정),2024-04-09,KOSDAQ,8000.0,7820.0,7800.0,8030.0,-0.022499999999999964,-0.025000000000000022,0.00374999999999992,
611225,20240729900432,00626011,아이텍,119830,전환사채(해외전환사채포함)발행후만기전사채취득,2024-07-29,KOSDAQ,7550.0,7320.0,7430.0,5980.0,-0.030463576158940353,-0.015894039735099286,-0.2079470198675497,
565451,20241028900469,00626011,아이텍,119830,전환사채(해외전환사채포함)발행후만기전사채취득,2024-10-28,KOSDAQ,5420.0,5460.0,5450.0,5570.0,0.007380073800737907,0.005535055350553542,0.027675276752767486,
516830,20250131900280,00626011,아이텍,119830,전환사채(해외전환사채포함)발행후만기전사채취득,2025-01-31,KOSDAQ,5430.0,5270.0,5320.0,5450.0,-0.029465930018416242,-0.02025782688766109,0.0036832412523020164,
419649,20250411900555,00626011,아이텍,119830,전환사채(해외전환사채포함)발행후만기전사채취득,2025-04-11,KOSDAQ,5490.0,5570.0,5530.0,5550.0,0.014571948998178597,0.007285974499089187,0.010928961748633892,
409102,20250428900662,00626011,아이텍,119830,전환사채(해외전환사채포함)발행후만기전사채취득,2025-04-28,KOSDAQ,5640.0,5700.0,5760.0,5810.0,0.010638297872340496,0.02127659574468077,0.03014184397163122,
318090,20251028900626,00626011,아이텍,119830,전환사채(해외전환사채포함)발행후만기전사채취득,2025-10-28,KOSDAQ,6160.0,6130.0,6140.0,5890.0,-0.004870129870129913,-0.0032467532467532756,-0.043831168831168776,
274709,20260112900518,00626011,아이텍,119830,전환사채(해외전환사채포함)발행후만기전사채취득,2026-01-12,KOSDAQ,6530.0,6720.0,6680.0,6830.0,0.029096477794793296,0.02297090352220521,0.04594180704441042,
267128,20260128900858,00626011,아이텍,119830,전환사채(해외전환사채포함)발행후만기전사채취득,2026-01-28,KOSDAQ,7600.0,7840.0,8400.0,9600.0,0.03157894736842115,0.10526315789473695,0.26315789473684204,
250527,20260213002764,00626011,아이텍,119830,주요사항보고서(전환사채권발행결정),2026-02-13,KOSDAQ,9110.0,8490.0,9270.0,8450.0,-0.0680570801317234,0.01756311745334793,-0.07244785949506038,
1002843,20230125000281,01575839,플라즈맵,405000,주요사항보고서(전환사채권발행결정),2023-01-25,KOSDAQ,65472.0,71118.0,70028.0,73198.0,0.08623533724340171,0.06958699902248289,0.11800464320625603,
780385,20231221000516,01575839,플라즈맵,405000,주요사항보고서(전환사채권발행결정),2023-12-21,KOSDAQ,41105.0,40164.0,39075.0,41303.0,-0.022892592142075174,-0.049385719498844405,0.004816932246685335,
528719,20241230900626,01575839,플라즈맵,405000,전환사채(해외전환사채포함)발행후만기전사채취득              (제3회차),2024-12-30,KOSDAQ,13114.0,13777.0,13867.0,14362.0,0.050556657007778005,0.05741955162421841,0.09516547201464087,
382384,20250613900618,01575839,플라즈맵,405000,전환사채(해외전환사채포함)발행후만기전사채취득              (제2회차),2025-06-13,KOSDAQ,9060.0,9060.0,9070.0,9000.0,0.0,0.001103752759381793,-0.0066225165562914245,
1002725,20230125900599,01274310,이오플로우,294090,전환사채(해외전환사채포함)발행후만기전사채취득(제1회차),2023-01-25,KOSDAQ,14961.0,16500.0,18751.0,17212.0,0.10286745538399833,0.2533253124791124,0.15045785709511406,
989060,20230221002039,01274310,이오플로우,294090,주요사항보고서(전환사채권발행결정),2023-02-21,KOSDAQ,20918.0,20543.0,22325.0,23169.0,-0.0179271440864327,0.0672626446122957,0.10761067023616033,
791597,20231130900637,01274310,이오플로우,294090,"전환사채(해외전환사채포함)발행후만기전사채취득(제1, 2회차)",2023-11-30,KOSDAQ,7776.0,8920.0,8911.0,6763.0,0.14711934156378592,0.1459619341563787,-0.13027263374485598,
759547,20240206000490,01274310,이오플로우,294090,주요사항보고서(전환사채권발행결정),2024-02-06,KOSDAQ,4296.0,4727.0,4441.0,4146.0,0.10032588454376157,0.033752327746741084,-0.03491620111731841,
630594,20240618000371,01274310,이오플로우,294090,주요사항보고서(전환사채권발행결정),2024-06-18,KOSDAQ,12804.0,15149.0,13554.0,12006.0,0.1831458919087785,0.05857544517338331,-0.0623242736644799,
75820,20260330000004,01274310,이오플로우,294090,주요사항보고서(전환사채권발행결정),2026-03-30,KOSDAQ,1490.0,1490.0,1490.0,1490.0,0.0,0.0,0.0,
1002741,20230125900607,00143226,엠투엔,033310,전환사채(해외전환사채포함)발행후만기전사채취득,2023-01-25,KOSDAQ,4760.0,4835.0,4830.0,5000.0,0.015756302521008347,0.014705882352941124,0.050420168067226934,
858444,20230724900496,00143226,엠투엔,033310,전환사채(해외전환사채포함)발행후만기전사채취득,2023-07-24,KOSDAQ,3785.0,3750.0,3470.0,3765.0,-0.009247027741083214,-0.08322324966974903,-0.005284015852047519,
814694,20231023900454,00143226,엠투엔,033310,전환사채(해외전환사채포함)발행후만기전사채취득,2023-10-23,KOSDAQ,3035.0,3100.0,3160.0,2980.0,0.021416803953871577,0.041186161449752845,-0.018121911037891292,
1000922,20230127900913,00620558,에이비프로바이오,195990,전환사채(해외전환사채포함)발행후만기전사채취득,2023-01-27,KOSDAQ,3699.0,3691.0,3631.0,3828.0,-0.0021627466882940816,-0.018383346850500137,0.0348742903487429,
971531,20230313901231,00620558,에이비프로바이오,195990,전환사채(해외전환사채포함)발행후만기전사채취득,2023-03-13,KOSDAQ,3228.0,3305.0,3340.0,3125.0,0.023853779429987565,0.03469640644361838,-0.03190830235439901,
632388,20240613000400,00620558,에이비프로바이오,195990,주요사항보고서(전환사채권발행결정),2024-06-14,KOSDAQ,4282.0,4282.0,4265.0,4093.0,0.0,-0.00397010742643622,-0.04413825315273234,
381493,20250617900301,00620558,에이비프로바이오,195990,전환사채(해외전환사채포함)발행후만기전사채취득,2025-06-17,KOSDAQ,2509.0,2509.0,2509.0,2483.0,0.0,0.0,-0.010362694300518172,
333140,20250917900258,00620558,에이비프로바이오,195990,전환사채(해외전환사채포함)발행후만기전사채취득              (제17회차),2025-09-17,KOSDAQ,1772.0,1798.0,1789.0,1721.0,0.0146726862302482,0.00959367945823919,-0.028781038374717793,
93892,20260316001061,00620558,에이비프로바이오,195990,주요사항보고서(전환사채권발행결정),2026-03-16,KOSDAQ,1859.0,2415.0,2220.0,1814.0,0.29908552985476056,0.19419042495965577,-0.024206562668101173,
93844,20260316001066,00620558,에이비프로바이오,195990,주요사항보고서(전환사채권발행결정),2026-03-16,KOSDAQ,1859.0,2415.0,2220.0,1814.0,0.29908552985476056,0.19419042495965577,-0.024206562668101173,
1000520,20230130900488,00843900,육일씨엔에쓰,191410,전환사채(해외전환사채포함)발행후만기전사채취득,2023-01-30,KOSDAQ,2765.0,2745.0,2800.0,2800.0,-0.007233273056057921,0.012658227848101333,0.012658227848101333,
630397,20240619000005,00843900,육일씨엔에쓰,191410,주요사항보고서(전환사채권발행결정),2024-06-19,KOSDAQ,2350.0,2420.0,2330.0,2440.0,0.029787234042553123,-0.008510638297872353,0.038297872340425476,
1000296,20230130900819,00220109,알파AI,043100,전환사채(해외전환사채포함)발행후만기전사채취득(제12회차),2023-01-30,KOSDAQ,3322.0,3316.0,3377.0,3404.0,-0.0018061408789885602,0.01655629139072845,0.024683925346177027,
854987,20230731900421,00220109,알파AI,043100,전환사채(해외전환사채포함)발행후만기전사채취득(제12회차),2023-07-31,KOSDAQ,3247.0,3206.0,3193.0,3118.0,-0.012627040344933782,-0.01663073606405918,-0.03972898059747454,
811348,20231030900662,00220109,알파AI,043100,전환사채(해외전환사채포함)발행후만기전사채취득(제12회차),2023-10-30,KOSDAQ,3193.0,3186.0,3193.0,3193.0,-0.0021922956467271826,0.0,0.0,
797018,20231124000542,00220109,알파AI,043100,주요사항보고서(전환사채권발행결정),2023-11-24,KOSDAQ,3357.0,3329.0,3267.0,3050.0,-0.00834078045874298,-0.02680965147453085,-0.0914507000297885,
764286,20240129900878,00220109,알파AI,043100,전환사채(해외전환사채포함)발행후만기전사채취득(제12회차),2024-01-29,KOSDAQ,2408.0,2408.0,2395.0,3200.0,0.0,-0.005398671096345509,0.3289036544850499,
726402,20240314001462,00220109,알파AI,043100,주요사항보고서(전환사채권발행결정),2024-03-14,KOSDAQ,3643.0,3636.0,3575.0,3548.0,-0.0019214932747735336,-0.018665934669228612,-0.026077408729069496,
478158,20250314900935,00220109,알파AI,043100,전환사채(해외전환사채포함)발행후만기전사채취득,2025-03-14,KOSDAQ,1315.0,1304.0,1300.0,1210.0,-0.008365019011406849,-0.011406844106463865,-0.07984790874524716,
404798,20250507000716,00220109,알파AI,043100,주요사항보고서(전환사채권발행결정),2025-05-08,KOSDAQ,2720.0,2655.0,2490.0,2855.0,-0.023897058823529438,-0.0845588235294118,0.049632352941176405,
394039,20250526900655,00220109,알파AI,043100,전환사채(해외전환사채포함)발행후만기전사채취득,2025-05-26,KOSDAQ,3840.0,4050.0,3690.0,3940.0,0.0546875,-0.0390625,0.02604166666666674,
360851,20250731000550,00220109,알파AI,043100,주요사항보고서(전환사채권발행결정),2025-08-01,KOSDAQ,4635.0,4495.0,4490.0,2085.0,-0.030204962243797207,-0.031283710895361416,-0.5501618122977346,
325810,20251001000773,00220109,알파AI,043100,주요사항보고서(전환사채권발행결정),2025-10-01,KOSDAQ,1415.0,1419.0,1420.0,1692.0,0.002826855123674976,0.0035335689045936647,0.1957597173144876,
267798,20260127000426,00220109,알파AI,043100,주요사항보고서(전환사채권발행결정),2026-01-27,KOSDAQ,1957.0,2110.0,2170.0,2525.0,0.07818088911599386,0.10884006131834445,0.2902401635155851,
267791,20260127000435,00220109,알파AI,043100,주요사항보고서(전환사채권발행결정),2026-01-27,KOSDAQ,1957.0,2110.0,2170.0,2525.0,0.07818088911599386,0.10884006131834445,0.2902401635155851,
1000022,20230131000138,00317210,성호전자,043260,주요사항보고서(전환사채권발행결정),2023-01-31,KOSDAQ,1278.0,1299.0,1299.0,1280.0,0.016431924882629012,0.016431924882629012,0.0015649452269170805,
606428,20240808900665,00317210,성호전자,043260,전환사채(해외전환사채포함)발행후만기전사채취득,2024-08-08,KOSDAQ,1430.0,1517.0,1527.0,1745.0,0.060839160839160744,0.06783216783216783,0.2202797202797202,
364776,20250724000307,00317210,성호전자,043260,주요사항보고서(전환사채권발행결정),2025-07-24,KOSDAQ,1131.0,1120.0,1085.0,1104.0,-0.00972590627763037,-0.040671971706454424,-0.023872679045092826,
364773,20250724000313,00317210,성호전자,043260,주요사항보고서(전환사채권발행결정),2025-07-24,KOSDAQ,1131.0,1120.0,1085.0,1104.0,-0.00972590627763037,-0.040671971706454424,-0.023872679045092826,
294160,20251208000440,00317210,성호전자,043260,주요사항보고서(전환사채권발행결정),2025-12-08,KOSDAQ,3860.0,5010.0,6250.0,5510.0,0.2979274611398963,0.6191709844559585,0.427461139896373,
999861,20230131000267,00364254,알티캐스트,085810,주요사항보고서(전환사채권발행결정),2023-01-31,KOSDAQ,11467.0,11532.0,11662.0,11938.0,0.005668439870933906,0.01700531961280194,0.041074387372460164,
842665,20230816000335,00364254,알티캐스트,085810,[첨부추가]주요사항보고서(전환사채권발행결정),2023-08-17,KOSDAQ,9115.0,9097.0,9050.0,8933.0,-0.0019747668678002928,-0.007131102578167847,-0.019967087218869972,
541715,20241209900655,00364254,알티캐스트,085810,전환사채(해외전환사채포함)발행후만기전사채취득,2024-12-09,KOSDAQ,3434.0,3734.0,3946.0,5175.0,0.08736167734420497,0.14909726266744316,0.5069889341875364,
537106,20241216000003,00364254,알티캐스트,085810,주요사항보고서(전환사채권발행결정),2024-12-16,KOSDAQ,5175.0,5351.0,6957.0,6857.0,0.03400966183574883,0.3443478260869566,0.32502415458937195,
537103,20241216000004,00364254,알티캐스트,085810,주요사항보고서(전환사채권발행결정),2024-12-16,KOSDAQ,5175.0,5351.0,6957.0,6857.0,0.03400966183574883,0.3443478260869566,0.32502415458937195,
535183,20241217900415,00364254,알티캐스트,085810,전환사채(해외전환사채포함)발행후만기전사채취득,2024-12-17,KOSDAQ,5351.0,6957.0,6469.0,6780.0,0.30013081666978136,0.2089329097364978,0.26705288731078314,
529869,20241227900417,00364254,알티캐스트,085810,전환사채(해외전환사채포함)발행후만기전사채취득,2024-12-27,KOSDAQ,7021.0,7033.0,7310.0,8174.0,0.0017091582395669658,0.041162227602905554,0.16422162085173042,
526196,20250106900550,00364254,알티캐스트,085810,전환사채(해외전환사채포함)발행후만기전사채취득,2025-01-06,KOSDAQ,8209.0,8174.0,7886.0,7704.0,-0.004263613107564845,-0.03934705810695582,-0.061517846266293086,
515867,20250203901101,00364254,알티캐스트,085810,전환사채(해외전환사채포함)발행후만기전사채취득,2025-02-03,KOSDAQ,7998.0,8180.0,8015.0,9644.0,0.022755688922230455,0.002125531382845658,0.20580145036259068,
502184,20250219901053,00364254,알티캐스트,085810,전환사채(해외전환사채포함)발행후만기전사채취득,2025-02-19,KOSDAQ,10003.0,10085.0,10462.0,10785.0,0.008197540737778564,0.045886234129761005,0.07817654703588928,
372031,20250704900785,00364254,알티캐스트,085810,전환사채(해외전환사채포함)발행후만기전사채취득,2025-07-04,KOSDAQ,3957.0,3793.0,3981.0,3740.0,-0.04144553955016428,0.006065200909780133,-0.05483952489259536,
998834,20230202900488,00554352,아이큐어,175250,전환사채(해외전환사채포함)발행후만기전사채취득,2023-02-02,KOSDAQ,2805.0,2765.0,2695.0,2750.0,-0.014260249554367221,-0.039215686274509776,-0.019607843137254943,
899529,20230502900551,00554352,아이큐어,175250,전환사채(해외전환사채포함)발행후만기전사채취득,2023-05-02,KOSDAQ,3040.0,2965.0,3295.0,3300.0,-0.024671052631578982,0.08388157894736836,0.08552631578947367,
864873,20230707000625,00554352,아이큐어,175250,주요사항보고서(전환사채권발행결정),2023-07-07,KOSDAQ,2665.0,2500.0,2500.0,2505.0,-0.06191369606003749,-0.06191369606003749,-0.060037523452157626,
853975,20230802900350,00554352,아이큐어,175250,전환사채(해외전환사채포함)발행후만기전사채취득,2023-08-02,KOSDAQ,2560.0,2675.0,2670.0,2625.0,0.044921875,0.04296875,0.025390625,
809594,20231102900498,00554352,아이큐어,175250,전환사채(해외전환사채포함)발행후만기전사채취득,2023-11-02,KOSDAQ,1959.0,1917.0,1962.0,1957.0,-0.02143950995405819,0.0015313935681469104,-0.0010209290454313846,
530968,20241224000610,00554352,아이큐어,175250,주요사항보고서(전환사채권발행결정),2024-12-26,KOSDAQ,1768.0,1741.0,1815.0,1897.0,-0.015271493212669629,0.026583710407239725,0.07296380090497734,
458815,20250328903457,00554352,아이큐어,175250,전환사채(해외전환사채포함)발행후만기전사채취득,2025-03-28,KOSDAQ,1623.0,1558.0,1605.0,1623.0,-0.04004929143561309,-0.011090573012939031,0.0,
374658,20250630900793,00554352,아이큐어,175250,전환사채(해외전환사채포함)발행후만기전사채취득,2025-06-30,KOSDAQ,1903.0,1988.0,1998.0,1918.0,0.04466631634261686,0.049921177088807056,0.00788229111928529,
997969,20230203000554,01302853,아이씨에이치,368600,주요사항보고서(전환사채권발행결정),2023-02-06,KOSDAQ,6402.0,6627.0,6618.0,6042.0,0.03514526710402999,0.03373945641986875,-0.05623242736644796,
520569,20250120000396,01302853,아이씨에이치,368600,주요사항보고서(전환사채권발행결정),2025-01-20,KOSDAQ,3048.0,3025.0,2971.0,2828.0,-0.007545931758530133,-0.02526246719160108,-0.07217847769028873,
512487,20250207900755,01302853,아이씨에이치,368600,전환사채(해외전환사채포함)발행후만기전사채취득              (제1회차),2025-02-07,KOSDAQ,2814.0,2877.0,2918.0,2855.0,0.02238805970149249,0.03695806680881297,0.014570007107320482,
405032,20250507900464,01302853,아이씨에이치,368600,전환사채(해외전환사채포함)발행후만기전사채취득              (제1회차),2025-05-07,KOSDAQ,2652.0,2639.0,2549.0,2666.0,-0.004901960784313708,-0.038838612368024106,0.005279034690799378,
395708,20250521000320,01302853,아이씨에이치,368600,주요사항보고서(전환사채권발행결정),2025-05-21,KOSDAQ,2585.0,2508.0,2477.0,2382.0,-0.029787234042553234,-0.041779497098646035,-0.07852998065764027,
357836,20250807900436,01302853,아이씨에이치,368600,전환사채(해외전환사채포함)발행후만기전사채취득              (제1회차),2025-08-07,KOSDAQ,2378.0,2346.0,2360.0,2378.0,-0.01345668629100083,-0.007569386038687953,0.0,
997217,20230207000196,00260930,에스엠,041510,주요사항보고서(전환사채권발행결정),2023-02-07,KOSDAQ,90100.0,98700.0,98500.0,116800.0,0.09544950055493895,0.09322974472807988,0.29633740288568267,
995973,20230209900039,00260930,에스엠,041510,조회공시요구(풍문또는보도)(신주 및 전환사채(CB) 발행 금지 가처분 신청 보도),2023-02-09,KOSDAQ,98500.0,114700.0,116000.0,131900.0,0.1644670050761421,0.17766497461928932,0.3390862944162436,
994409,20230210901201,00260930,에스엠,041510,소송등의제기ㆍ신청(경영권분쟁소송)(신주 및 전환사채 발행금지가처분),2023-02-10,KOSDAQ,114700.0,116000.0,116800.0,130100.0,0.011333914559721103,0.018308631211856996,0.13426329555361805,
978539,20230303901043,00260930,에스엠,041510,소송등의판결ㆍ결정(신주 및 전환사채 발행금지가처분),2023-03-03,KOSDAQ,129200.0,130100.0,149700.0,147800.0,0.006965944272445901,0.15866873065015485,0.14396284829721373,
978365,20230306900055,00260930,에스엠,041510,기타주요경영사항(유상증자 및 전환사채 발행에 대한 계약 해제),2023-03-06,KOSDAQ,130100.0,149700.0,158500.0,113100.0,0.15065334358186,0.2182936202920831,-0.1306687163720215,
991646,20230215001628,00683007,엑스큐어,070300,주요사항보고서(전환사채권발행결정),2023-02-16,KOSDAQ,1882.0,1882.0,2061.0,2007.0,0.0,0.09511158342189163,0.06641870350690748,
615615,20240718000004,00683007,엑스큐어,070300,주요사항보고서(전환사채권발행결정),2024-07-18,KOSDAQ,5127.0,6018.0,5666.0,6099.0,0.17378583967232308,0.10512970548078804,0.18958455236980698,
615614,20240718000005,00683007,엑스큐어,070300,주요사항보고서(전환사채권발행결정),2024-07-18,KOSDAQ,5127.0,6018.0,5666.0,6099.0,0.17378583967232308,0.10512970548078804,0.18958455236980698,
28832,20260414002446,00683007,엑스큐어,070300,주요사항보고서(전환사채권발행결정),2026-04-14,KOSDAQ,2785.0,2910.0,3005.0,2865.0,0.044883303411131115,0.07899461400359065,0.02872531418312385,
984365,20230227006366,00111689,아진전자부품,009320,주요사항보고서(전환사채권발행결정),2023-02-27,KOSPI,1490.0,1509.0,1500.0,1504.0,0.012751677852349097,0.006711409395973256,0.00939597315436247,
979599,20230302000561,00543107,오킨스전자,080580,주요사항보고서(전환사채권발행결정),2023-03-02,KOSDAQ,22550.0,20850.0,19570.0,18820.0,-0.07538802660753885,-0.13215077605321512,-0.16541019955654102,
829690,20230912000226,00543107,오킨스전자,080580,주요사항보고서(전환사채권발행결정),2023-09-12,KOSDAQ,4980.0,4955.0,5020.0,4900.0,-0.005020080321285092,0.008032128514056325,-0.016064257028112428,
786124,20231213900501,00543107,오킨스전자,080580,전환사채(해외전환사채포함)발행후만기전사채취득,2023-12-13,KOSDAQ,5140.0,6680.0,6710.0,7220.0,0.2996108949416343,0.30544747081712065,0.404669260700389,
978712,20230303000566,00117629,KBI동양철관,008970,주요사항보고서(전환사채권발행결정),2023-03-03,KOSPI,1934.0,1964.0,1984.0,1949.0,0.015511892450879028,0.02585315408479838,0.007755946225439514,
979399,20230303900059,00203023,시노펙스,025320,전환사채(해외전환사채포함)발행후만기전사채취득,2023-03-03,KOSDAQ,2494.0,2511.0,2545.0,2437.0,0.006816359262229454,0.02044907778668814,-0.022854851643945517,
978173,20230306900353,00614478,휴메딕스,200670,전환사채(해외전환사채포함)발행후만기전사채취득,2023-03-06,KOSDAQ,26850.0,27000.0,26700.0,26650.0,0.005586592178770999,-0.005586592178770999,-0.007448789571694592,
973314,20230310000689,00138242,KG모빌리티,003620,주요사항보고서(전환사채권발행결정),2023-03-10,KOSPI,14067.0,14067.0,14067.0,14067.0,0.0,0.0,0.0,
973297,20230310000702,00138242,KG모빌리티,003620,주요사항보고서(전환사채권발행결정),2023-03-10,KOSPI,14067.0,14067.0,14067.0,14067.0,0.0,0.0,0.0,
973274,20230310000727,00138242,KG모빌리티,003620,주요사항보고서(전환사채권발행결정),2023-03-10,KOSPI,14067.0,14067.0,14067.0,14067.0,0.0,0.0,0.0,
972054,20230313900599,01170865,네오셈,253590,전환사채(해외전환사채포함)발행후만기전사채취득,2023-03-13,KOSDAQ,3480.0,3365.0,3330.0,3430.0,-0.033045977011494254,-0.0431034482758621,-0.014367816091954033,
971302,20230313000944,00445054,하나마이크론,067310,주요사항보고서(전환사채권발행결정),2023-03-14,KOSDAQ,8556.0,8608.0,9052.0,11198.0,0.006077606358111165,0.05797101449275366,0.3087891538101917,
970876,20230314000364,01258428,프레스티지바이오로직스,334970,주요사항보고서(전환사채권발행결정),2023-03-14,KOSDAQ,3290.0,3460.0,3780.0,4040.0,0.05167173252279644,0.14893617021276606,0.22796352583586632,
970862,20230314000375,00800145,서진오토모티브,122690,주요사항보고서(전환사채권발행결정),2023-03-14,KOSDAQ,3180.0,3230.0,3905.0,3450.0,0.01572327044025168,0.2279874213836477,0.08490566037735858,
611346,20240729900269,00800145,서진오토모티브,122690,전환사채(해외전환사채포함)발행후만기전사채취득              (제8회차),2024-07-29,KOSDAQ,2640.0,2610.0,2625.0,2300.0,-0.011363636363636354,-0.005681818181818232,-0.12878787878787878,
564810,20241029900437,00800145,서진오토모티브,122690,전환사채(해외전환사채포함)발행후만기전사채취득              (제8회차),2024-10-29,KOSDAQ,2255.0,2290.0,2290.0,2310.0,0.015521064301552201,0.015521064301552201,0.024390243902439046,
516585,20250131900648,00800145,서진오토모티브,122690,전환사채(해외전환사채포함)발행후만기전사채취득              (제8회차),2025-01-31,KOSDAQ,1842.0,1817.0,1865.0,1834.0,-0.01357220412595006,0.012486427795874055,-0.004343105320304019,
476331,20250317900510,00800145,서진오토모티브,122690,전환사채(해외전환사채포함)발행후만기전사채취득              (제10회차),2025-03-17,KOSDAQ,1885.0,1876.0,1875.0,1835.0,-0.004774535809018543,-0.0053050397877983935,-0.02652519893899208,
408275,20250429900506,00800145,서진오토모티브,122690,전환사채(해외전환사채포함)발행후만기전사채취득              (제8회차),2025-04-29,KOSDAQ,1921.0,1928.0,1939.0,1931.0,0.0036439354502864063,0.00937011972930768,0.005205622071837501,
381948,20250616900431,00800145,서진오토모티브,122690,전환사채(해외전환사채포함)발행후만기전사채취득              (제10회차),2025-06-16,KOSDAQ,2520.0,2545.0,2550.0,2360.0,0.009920634920634885,0.011904761904761862,-0.06349206349206349,
969735,20230314001094,01297898,마음AI,377480,주요사항보고서(전환사채권발행결정),2023-03-14,KOSDAQ,22950.0,24700.0,23550.0,26600.0,0.07625272331154687,0.02614379084967311,0.159041394335512,
377707,20250625000504,01297898,마음AI,377480,주요사항보고서(전환사채권발행결정),2025-06-25,KOSDAQ,25650.0,25150.0,24200.0,22800.0,-0.01949317738791423,-0.05653021442495132,-0.11111111111111116,
969547,20230314001250,01359815,한울반도체,320000,주요사항보고서(전환사채권발행결정),2023-03-14,KOSDAQ,31670.0,30019.0,28818.0,28168.0,-0.05213135459425322,-0.09005367856015156,-0.11057783391221976,
859272,20230721900298,01359815,한울반도체,320000,증권발행결과(자율공시)(제2회 무기명식 이권부 무보증 사모 전환사채),2023-07-21,KOSDAQ,14009.0,13608.0,13358.0,13809.0,-0.028624455707045415,-0.04647012634734815,-0.014276536512242144,
654406,20240508900002,01359815,한울반도체,320000,전환사채(해외전환사채포함)발행후만기전사채취득              (제2회차),2024-05-08,KOSDAQ,20713.0,21564.0,21313.0,21889.0,0.04108530874330141,0.028967315212668376,0.05677593781682999,
654249,20240508900210,01359815,한울반도체,320000,전환사채(해외전환사채포함)발행후만기전사채취득              (제2회차),2024-05-08,KOSDAQ,20713.0,21564.0,21313.0,21889.0,0.04108530874330141,0.028967315212668376,0.05677593781682999,
621277,20240703900629,01359815,한울반도체,320000,전환사채(해외전환사채포함)발행후만기전사채취득              (제2회차),2024-07-03,KOSDAQ,19837.0,20313.0,19762.0,20513.0,0.023995563845339518,-0.0037808136310933937,0.03407773352825538,
309783,20251113000957,01359815,한울반도체,320000,주요사항보고서(전환사채권발행결정),2025-11-13,KOSDAQ,11007.0,10782.0,10256.0,10581.0,-0.02044153720359776,-0.06822930862178611,-0.03870264377214505,
309782,20251113000966,01359815,한울반도체,320000,주요사항보고서(전환사채권발행결정),2025-11-13,KOSDAQ,11007.0,10782.0,10256.0,10581.0,-0.02044153720359776,-0.06822930862178611,-0.03870264377214505,
267958,20260127000287,01359815,한울반도체,320000,주요사항보고서(전환사채권발행결정),2026-01-27,KOSDAQ,9581.0,9506.0,9551.0,9381.0,-0.007827992902619818,-0.0031311971610479272,-0.02087464774031933,
969432,20230315000003,00396925,엠로,058970,주요사항보고서(전환사채권발행결정),2023-03-15,KOSDAQ,30200.0,37900.0,40950.0,46450.0,0.2549668874172186,0.35596026490066235,0.5380794701986755,
968813,20230315000530,01150515,대명에너지,389260,주요사항보고서(전환사채권발행결정),2023-03-15,KOSDAQ,22500.0,21850.0,21300.0,24700.0,-0.028888888888888853,-0.053333333333333344,0.09777777777777774,
968694,20230315000597,00130879,서울식품공업,004410,주요사항보고서(전환사채권발행결정),2023-03-15,KOSPI,1970.0,1940.0,1950.0,1970.0,-0.015228426395939132,-0.010152284263959421,0.0,
593438,20240827000618,00130879,서울식품공업,004410,주요사항보고서(전환사채권발행결정),2024-08-27,KOSPI,1680.0,1680.0,1670.0,1680.0,0.0,-0.005952380952380931,0.0,
270067,20260122000408,00130879,서울식품공업,004410,주요사항보고서(전환사채권발행결정),2026-01-22,KOSPI,1450.0,1450.0,1440.0,1440.0,0.0,-0.006896551724137945,-0.006896551724137945,
966994,20230316900413,01071944,미래생명자원,218150,전환사채(해외전환사채포함)발행후만기전사채취득,2023-03-16,KOSDAQ,3770.0,3945.0,3930.0,3705.0,0.04641909814323597,0.04244031830238737,-0.017241379310344862,
827607,20230918900104,01071944,미래생명자원,218150,전환사채(해외전환사채포함)발행후만기전사채취득,2023-09-18,KOSDAQ,4740.0,4525.0,4470.0,4335.0,-0.04535864978902948,-0.05696202531645567,-0.08544303797468356,
782571,20231218900205,01071944,미래생명자원,218150,전환사채(해외전환사채포함)발행후만기전사채취득,2023-12-18,KOSDAQ,4355.0,4345.0,4460.0,4355.0,-0.0022962112514350874,0.024110218140068973,0.0,
963858,20230317001019,00974927,NEW,160550,주요사항보고서(전환사채권발행결정),2023-03-17,KOSDAQ,7090.0,6260.0,6200.0,6620.0,-0.11706629055007056,-0.12552891396332866,-0.06629055007052187,
682096,20240408900314,00974927,NEW,160550,전환사채(해외전환사채포함)발행후만기전사채취득,2024-04-08,KOSDAQ,3090.0,3110.0,3310.0,3040.0,0.006472491909385036,0.07119741100323629,-0.016181229773462813,
491342,20250228006466,00974927,NEW,160550,주요사항보고서(전환사채권발행결정),2025-02-28,KOSDAQ,2245.0,2155.0,2060.0,2065.0,-0.04008908685968815,-0.08240534521158127,-0.08017817371937641,
469554,20250321901022,00974927,NEW,160550,전환사채(해외전환사채포함)발행후만기전사채취득,2025-03-21,KOSDAQ,2040.0,2070.0,2005.0,1990.0,0.014705882352941124,-0.01715686274509809,-0.02450980392156865,
419098,20250411003334,00974927,NEW,160550,주요사항보고서(전환사채권발행결정),2025-04-11,KOSDAQ,1974.0,1978.0,1977.0,2030.0,0.0020263424518742745,0.001519756838905817,0.028368794326241176,
379176,20250623900280,00974927,NEW,160550,전환사채(해외전환사채포함)발행후만기전사채취득,2025-06-23,KOSDAQ,2400.0,2410.0,2350.0,2245.0,0.004166666666666652,-0.02083333333333337,-0.06458333333333333,
963529,20230320900143,00152260,카스,016920,전환사채(해외전환사채포함)발행후만기전사채취득,2023-03-20,KOSDAQ,1634.0,1607.0,1589.0,1608.0,-0.01652386780905757,-0.027539779681762577,-0.01591187270501837,
874132,20230619900436,00152260,카스,016920,전환사채(해외전환사채포함)발행후만기전사채취득,2023-06-19,KOSDAQ,1626.0,1619.0,1609.0,1591.0,-0.004305043050430557,-0.01045510455104548,-0.021525215252152563,
827611,20230918900099,00152260,카스,016920,전환사채(해외전환사채포함)발행후만기전사채취득,2023-09-18,KOSDAQ,1590.0,1563.0,1510.0,1417.0,-0.016981132075471694,-0.05031446540880502,-0.10880503144654086,
782619,20231218900149,00152260,카스,016920,전환사채(해외전환사채포함)발행후만기전사채취득,2023-12-18,KOSDAQ,1483.0,1490.0,1493.0,1488.0,0.00472016183411994,0.006743088334457248,0.003371544167228624,
580511,20240919900170,00152260,카스,016920,전환사채(해외전환사채포함)발행후만기전사채취득,2024-09-19,KOSDAQ,1214.0,1201.0,1199.0,1199.0,-0.010708401976935789,-0.012355848434925876,-0.012355848434925876,
534385,20241218900455,00152260,카스,016920,전환사채(해외전환사채포함)발행후만기전사채취득,2024-12-18,KOSDAQ,2120.0,2000.0,2005.0,2020.0,-0.05660377358490565,-0.054245283018867885,-0.047169811320754707,
962845,20230320900964,01235296,셀리드,299660,전환사채(해외전환사채포함)발행후만기전사채취득,2023-03-20,KOSDAQ,7410.0,7250.0,7118.0,6922.0,-0.021592442645074206,-0.03940620782726045,-0.06585695006747638,
781921,20231219900432,01235296,셀리드,299660,전환사채(해외전환사채포함)발행후만기전사채취득,2023-12-19,KOSDAQ,3573.0,3520.0,3525.0,3528.0,-0.014833473271760433,-0.013434089000839644,-0.012594458438287104,
630205,20240619900557,01235296,셀리드,299660,전환사채(해외전환사채포함)발행후만기전사채취득,2024-06-19,KOSDAQ,2016.0,2019.0,1907.0,1628.0,0.0014880952380953438,-0.05406746031746035,-0.19246031746031744,
962762,20230320901077,01014055,에스트래픽,234300,전환사채(해외전환사채포함)발행후만기전사채취득,2023-03-20,KOSDAQ,4110.0,4080.0,4060.0,4225.0,-0.007299270072992692,-0.012165450121654486,0.027980535279805263,
852098,20230807900381,01014055,에스트래픽,234300,전환사채(해외전환사채포함)발행후만기전사채취득,2023-08-07,KOSDAQ,4800.0,4605.0,4610.0,4560.0,-0.04062500000000002,-0.039583333333333304,-0.050000000000000044,
808545,20231106900609,01014055,에스트래픽,234300,전환사채(해외전환사채포함)발행후만기전사채취득,2023-11-06,KOSDAQ,3855.0,3775.0,3835.0,3670.0,-0.02075226977950717,-0.005188067444876765,-0.0479896238651103,
759637,20240206900763,01014055,에스트래픽,234300,전환사채(해외전환사채포함)발행후만기전사채취득,2024-02-06,KOSDAQ,4190.0,4275.0,4200.0,4250.0,0.02028639618138417,0.0023866348448686736,0.014319809069212486,
513705,20250206900540,01014055,에스트래픽,234300,전환사채(해외전환사채포함)발행후만기전사채취득,2025-02-06,KOSDAQ,4130.0,4085.0,4100.0,4050.0,-0.010895883777239712,-0.007263922518159771,-0.01937046004842613,
960796,20230321901868,00516246,알에프세미,096610,전환사채(해외전환사채포함)발행후만기전사채취득,2023-03-21,KOSDAQ,3970.0,3930.0,3945.0,4550.0,-0.010075566750629705,-0.006297229219143552,0.1460957178841309,
949150,20230330901129,00516246,알에프세미,096610,전환사채(해외전환사채포함)발행후만기전사채취득,2023-03-30,KOSDAQ,5530.0,7180.0,9330.0,9750.0,0.2983725135623869,0.6871609403254972,0.7631103074141048,
942756,20230331004498,00516246,알에프세미,096610,주요사항보고서(전환사채권발행결정),2023-03-31,KOSDAQ,7180.0,9330.0,8340.0,10240.0,0.29944289693593307,0.1615598885793872,0.42618384401114207,
937731,20230404000001,00516246,알에프세미,096610,주요사항보고서(전환사채권발행결정),2023-04-04,KOSDAQ,8340.0,9110.0,9750.0,15400.0,0.09232613908872911,0.1690647482014389,0.8465227817745804,
800465,20231116900433,00516246,알에프세미,096610,기타주요경영사항(제5회차 전환사채 발행결정 철회),2023-11-16,KOSDAQ,5490.0,5020.0,5500.0,4765.0,-0.08561020036429867,0.0018214936247722413,-0.1320582877959927,
791531,20231130900730,00516246,알에프세미,096610,기타주요경영사항(제6회차 전환사채 발행결정 철회),2023-11-30,KOSDAQ,3895.0,4350.0,3945.0,3505.0,0.11681643132220798,0.012836970474968012,-0.1001283697047497,
595328,20240822900447,00516246,알에프세미,096610,전환사채(해외전환사채포함)발행후만기전사채취득              (제4회차),2024-08-22,KOSDAQ,2965.0,2965.0,2965.0,2965.0,0.0,0.0,0.0,
415027,20250416900486,00516246,알에프세미,096610,전환사채(해외전환사채포함)발행후만기전사채취득              (제4회차),2025-04-16,KOSDAQ,2965.0,2965.0,2965.0,2965.0,0.0,0.0,0.0,
102548,20260310900989,00516246,알에프세미,096610,전환사채(해외전환사채포함)발행후만기전사채취득              (제4회차),2026-03-10,KOSDAQ,2965.0,2965.0,2965.0,2965.0,0.0,0.0,0.0,
959503,20230322001000,00348292,한빛소프트,047080,주요사항보고서(전환사채권발행결정),2023-03-22,KOSDAQ,3220.0,3070.0,3140.0,3165.0,-0.04658385093167705,-0.024844720496894457,-0.017080745341614856,
939275,20230403900503,00348292,한빛소프트,047080,전환사채(해외전환사채포함)발행후만기전사채취득(제3회차),2023-04-03,KOSDAQ,3170.0,3150.0,3190.0,3030.0,-0.006309148264984188,0.006309148264984188,-0.04416403785488954,
867185,20230703900374,00348292,한빛소프트,047080,전환사채(해외전환사채포함)발행후만기전사채취득,2023-07-03,KOSDAQ,2750.0,2725.0,2700.0,2555.0,-0.009090909090909038,-0.018181818181818188,-0.07090909090909092,
821992,20231004900306,00348292,한빛소프트,047080,전환사채(해외전환사채포함)발행후만기전사채취득,2023-10-04,KOSDAQ,2395.0,2560.0,2485.0,2535.0,0.06889352818371597,0.03757828810020869,0.05845511482254695,
778733,20231226900703,00348292,한빛소프트,047080,전환사채(해외전환사채포함)발행후만기전사채취득,2023-12-26,KOSDAQ,2800.0,2785.0,2845.0,2990.0,-0.005357142857142838,0.016071428571428514,0.06785714285714284,
467533,20250324900570,00348292,한빛소프트,047080,전환사채(해외전환사채포함)발행후만기전사채취득,2025-03-24,KOSDAQ,1298.0,1303.0,1296.0,1259.0,0.0038520801232666546,-0.0015408320493066618,-0.03004622496147924,
378592,20250624900364,00348292,한빛소프트,047080,전환사채(해외전환사채포함)발행후만기전사채취득,2025-06-24,KOSDAQ,1423.0,1425.0,1385.0,1410.0,0.0014054813773718422,-0.026704146170063225,-0.00913562895291642,
954532,20230327900797,00526951,신화프리텍,095190,전환사채(해외전환사채포함)발행후만기전사채취득,2023-03-27,KOSDAQ,2750.0,2805.0,2840.0,2870.0,0.020000000000000018,0.032727272727272716,0.043636363636363695,
876118,20230614000352,00526951,신화프리텍,095190,주요사항보고서(전환사채권발행결정),2023-06-14,KOSDAQ,2785.0,2735.0,2745.0,2745.0,-0.01795332136445238,-0.014362657091561926,-0.014362657091561926,
526307,20250106900392,00526951,신화프리텍,095190,전환사채(해외전환사채포함)발행후만기전사채취득,2025-01-06,KOSDAQ,2305.0,2320.0,2300.0,2270.0,0.006507592190889477,-0.002169197396963085,-0.015184381778741818,
521542,20250117900325,00526951,신화프리텍,095190,전환사채(해외전환사채포함)발행후만기전사채취득,2025-01-17,KOSDAQ,2335.0,2350.0,2350.0,2285.0,0.0064239828693790635,0.0064239828693790635,-0.021413276231263434,
382099,20250616900270,00526951,신화프리텍,095190,전환사채(해외전환사채포함)발행후만기전사채취득,2025-06-16,KOSDAQ,2465.0,2350.0,2345.0,2375.0,-0.04665314401622722,-0.0486815415821501,-0.0365111561866126,
288598,20251216901161,00526951,신화프리텍,095190,전환사채(해외전환사채포함)발행후만기전사채취득,2025-12-16,KOSDAQ,2050.0,2045.0,2010.0,2150.0,-0.0024390243902439046,-0.019512195121951237,0.04878048780487809,
94543,20260316901032,00526951,신화프리텍,095190,전환사채(해외전환사채포함)발행후만기전사채취득,2026-03-16,KOSDAQ,2315.0,2330.0,2310.0,2265.0,0.00647948164146861,-0.002159827213822907,-0.021598272138228958,
954034,20230327000980,00380429,CMG제약,058820,주요사항보고서(전환사채권발행결정),2023-03-28,KOSDAQ,2065.0,2040.0,2080.0,2140.0,-0.01210653753026636,0.007263922518159882,0.036319612590798966,
619287,20240709000388,00380429,CMG제약,058820,주요사항보고서(전환사채권발행결정),2024-07-09,KOSDAQ,2205.0,2190.0,2155.0,2280.0,-0.006802721088435382,-0.0226757369614512,0.03401360544217691,
953570,20230328000343,00579980,아이티엠반도체,084850,주요사항보고서(전환사채권발행결정),2023-03-28,KOSDAQ,26200.0,26350.0,27500.0,26750.0,0.005725190839694694,0.04961832061068705,0.020992366412213803,
454994,20250331902495,00579980,아이티엠반도체,084850,전환사채(해외전환사채포함)발행후만기전사채취득,2025-03-31,KOSDAQ,11300.0,11380.0,11370.0,10120.0,0.0070796460176991705,0.006194690265486802,-0.10442477876106193,
953246,20230328000568,00527002,화인써키트,127980,주요사항보고서(전환사채권발행결정),2023-03-28,KOSDAQ,16970.0,18450.0,19750.0,17030.0,0.08721272834413663,0.16381850324101355,0.003535651149086716,
454592,20250331902820,00527002,화인써키트,127980,전환사채(해외전환사채포함)발행후만기전사채취득              (제6회차),2025-03-31,KOSDAQ,5630.0,5680.0,5640.0,5430.0,0.008880994671403242,0.001776198934280604,-0.035523978685612745,
374923,20250630900486,00527002,화인써키트,127980,전환사채(해외전환사채포함)발행후만기전사채취득              (제6회차),2025-06-30,KOSDAQ,5970.0,6010.0,6050.0,6000.0,0.00670016750418756,0.01340033500837512,0.005025125628140614,
327340,20250930900505,00527002,화인써키트,127980,전환사채(해외전환사채포함)발행후만기전사채취득              (제6회차),2025-09-30,KOSDAQ,6460.0,6350.0,6510.0,6600.0,-0.017027863777089758,0.007739938080495445,0.021671826625387025,
74518,20260330901181,00527002,화인써키트,127980,전환사채(해외전환사채포함)발행후만기전사채취득              (제6회차),2026-03-30,KOSDAQ,5100.0,5090.0,5090.0,4985.0,-0.0019607843137254832,-0.0019607843137254832,-0.022549019607843168,
58565,20260402003319,00527002,화인써키트,127980,주요사항보고서(전환사채권발행결정),2026-04-02,KOSDAQ,4980.0,5000.0,4985.0,5000.0,0.004016064257028162,0.0010040160642570406,0.004016064257028162,
938472,20230403003828,00441243,형지엘리트,093240,주요사항보고서(전환사채권발행결정),2023-04-03,KOSPI,1071.0,1084.0,1097.0,1029.0,0.012138188608776801,0.024276377217553602,-0.039215686274509776,
760674,20240205000094,00441243,형지엘리트,093240,주요사항보고서(전환사채권발행결정),2024-02-05,KOSPI,1160.0,1145.0,1158.0,1160.0,-0.012931034482758674,-0.0017241379310344307,0.0,
934850,20230404002708,00958327,지앤비에스 에코,382800,주요사항보고서(전환사채권발행결정),2023-04-04,KOSDAQ,5100.0,4792.0,4537.0,4505.0,-0.06039215686274513,-0.11039215686274506,-0.1166666666666667,
314784,20251104900359,00958327,지앤비에스 에코,382800,전환사채(해외전환사채포함)발행후만기전사채취득,2025-11-04,KOSDAQ,2925.0,2840.0,2810.0,2805.0,-0.029059829059829068,-0.03931623931623929,-0.04102564102564099,
931264,20230405003122,01276026,지놈앤컴퍼니,314130,주요사항보고서(전환사채권발행결정),2023-04-05,KOSDAQ,11975.0,12475.0,12300.0,14675.0,0.04175365344467652,0.02713987473903967,0.22546972860125258,
615711,20240717000406,01276026,지놈앤컴퍼니,314130,주요사항보고서(전환사채권발행결정),2024-07-17,KOSDAQ,4820.0,4700.0,4700.0,5075.0,-0.024896265560165998,-0.024896265560165998,0.05290456431535273,
410983,20250424000581,01276026,지놈앤컴퍼니,314130,주요사항보고서(전환사채권발행결정),2025-04-24,KOSDAQ,3005.0,2805.0,2760.0,2730.0,-0.06655574043261236,-0.08153078202995012,-0.09151414309484196,
386027,20250604900464,01276026,지놈앤컴퍼니,314130,전환사채(해외전환사채포함)발행후만기전사채취득,2025-06-04,KOSDAQ,2805.0,2765.0,2850.0,2875.0,-0.014260249554367221,0.016042780748663166,0.024955436720142554,
324725,20251010900344,01276026,지놈앤컴퍼니,314130,전환사채(해외전환사채포함)발행후만기전사채취득,2025-10-10,KOSDAQ,2845.0,2825.0,2890.0,2645.0,-0.007029876977152849,0.01581722319859402,-0.07029876977152905,
276746,20260107900658,01276026,지놈앤컴퍼니,314130,전환사채(해외전환사채포함)발행후만기전사채취득,2026-01-07,KOSDAQ,6750.0,7260.0,7130.0,5940.0,0.0755555555555556,0.05629629629629629,-0.12,
105845,20260305001673,01276026,지놈앤컴퍼니,314130,주요사항보고서(전환사채권발행결정),2026-03-06,KOSDAQ,7030.0,6330.0,6970.0,8620.0,-0.09957325746799428,-0.008534850640113834,0.22617354196301576,
46067,20260407900847,01276026,지놈앤컴퍼니,314130,전환사채(해외전환사채포함)발행후만기전사채취득,2026-04-07,KOSDAQ,6780.0,6910.0,6660.0,7070.0,0.019174041297935096,-0.017699115044247815,0.04277286135693226,
925407,20230407002393,00494476,이녹스,088390,주요사항보고서(전환사채권발행결정),2023-04-07,KOSDAQ,44250.0,49200.0,48900.0,49000.0,0.11186440677966103,0.10508474576271176,0.10734463276836159,
483967,20250311901221,00494476,이녹스,088390,전환사채(해외전환사채포함)발행후만기전사채취득,2025-03-11,KOSDAQ,7960.0,8000.0,8030.0,8050.0,0.005025125628140614,0.008793969849246297,0.011306532663316604,
420014,20250411900459,00494476,이녹스,088390,전환사채(해외전환사채포함)발행후만기전사채취득,2025-04-11,KOSDAQ,7080.0,7330.0,7310.0,7430.0,0.035310734463276816,0.03248587570621475,0.04943502824858759,
364737,20250724000361,00494476,이녹스,088390,주요사항보고서(전환사채권발행결정),2025-07-24,KOSDAQ,12670.0,12050.0,11700.0,11390.0,-0.048934490923441154,-0.07655880031570639,-0.10102604577742702,
925361,20230407900842,00761952,아나패스,123860,전환사채(해외전환사채포함)발행후만기전사채취득,2023-04-07,KOSDAQ,18430.0,18600.0,18670.0,18000.0,0.009224091155724423,0.01302224633749316,-0.023331524688008698,
118503,20260612000335,00761952,아나패스,123860,주요사항보고서(전환사채권발행결정),2026-06-12,KOSDAQ,14990.0,16240.0,16240.0,16770.0,0.08338892595063374,0.08338892595063374,0.11874583055370236,
921275,20230410900603,00975290,에이스토리,241840,전환사채(해외전환사채포함)발행후만기전사채취득(제1회차),2023-04-10,KOSDAQ,21800.0,21100.0,21800.0,22800.0,-0.032110091743119296,0.0,0.04587155963302747,
864279,20230710900460,00975290,에이스토리,241840,전환사채(해외전환사채포함)발행후만기전사채취득,2023-07-10,KOSDAQ,16800.0,16760.0,16650.0,16710.0,-0.0023809523809523725,-0.008928571428571397,-0.005357142857142838,
819962,20231010900408,00975290,에이스토리,241840,전환사채(해외전환사채포함)발행후만기전사채취득,2023-10-10,KOSDAQ,13310.0,13640.0,13950.0,13450.0,0.024793388429751984,0.04808414725770094,0.010518407212622094,
772752,20240109900362,00975290,에이스토리,241840,전환사채(해외전환사채포함)발행후만기전사채취득,2024-01-09,KOSDAQ,14000.0,13800.0,13840.0,13040.0,-0.014285714285714235,-0.011428571428571455,-0.06857142857142862,
677896,20240409900354,00975290,에이스토리,241840,전환사채(해외전환사채포함)발행후만기전사채취득,2024-04-09,KOSDAQ,10850.0,10900.0,10960.0,10580.0,0.004608294930875667,0.010138248847926246,-0.02488479262672816,
619322,20240709900503,00975290,에이스토리,241840,전환사채(해외전환사채포함)발행후만기전사채취득,2024-07-09,KOSDAQ,8390.0,8410.0,8660.0,8570.0,0.0023837902264600697,0.03218116805721105,0.021454112038140627,
572461,20241010900289,00975290,에이스토리,241840,전환사채(해외전환사채포함)발행후만기전사채취득,2024-10-10,KOSDAQ,7360.0,7280.0,7300.0,7110.0,-0.010869565217391353,-0.008152173913043459,-0.03396739130434778,
524750,20250109900475,00975290,에이스토리,241840,전환사채(해외전환사채포함)발행후만기전사채취득,2025-01-09,KOSDAQ,7660.0,7440.0,7160.0,7530.0,-0.02872062663185382,-0.06527415143603132,-0.016971279373368175,
426973,20250409900382,00975290,에이스토리,241840,전환사채(해외전환사채포함)발행후만기전사채취득,2025-04-09,KOSDAQ,7930.0,8240.0,9570.0,8920.0,0.0390920554854981,0.20680958385876425,0.12484237074401006,
918023,20230411002112,00983934,아이스크림에듀,289010,주요사항보고서(전환사채권발행결정),2023-04-11,KOSDAQ,5400.0,5270.0,5240.0,5270.0,-0.024074074074074026,-0.029629629629629672,-0.024074074074074026,
429456,20250408002869,00983934,아이스크림에듀,289010,주요사항보고서(전환사채권발행결정),2025-04-08,KOSDAQ,2940.0,2640.0,2970.0,3080.0,-0.10204081632653061,0.010204081632652962,0.04761904761904767,
416786,20250414900470,00983934,아이스크림에듀,289010,전환사채(해외전환사채포함)발행후만기전사채취득,2025-04-14,KOSDAQ,3255.0,3080.0,3560.0,4760.0,-0.053763440860215006,0.09370199692780345,0.4623655913978495,
368864,20250714900285,00983934,아이스크림에듀,289010,전환사채(해외전환사채포함)발행후만기전사채취득,2025-07-14,KOSDAQ,1960.0,1959.0,1948.0,1946.0,-0.0005102040816326037,-0.006122448979591799,-0.0071428571428571175,
324258,20251013900443,00983934,아이스크림에듀,289010,전환사채(해외전환사채포함)발행후만기전사채취득,2025-10-13,KOSDAQ,1772.0,1779.0,1819.0,1813.0,0.003950338600451575,0.026523702031602703,0.023137697516929956,
917166,20230411002934,00977377,에이비온,203400,주요사항보고서(전환사채권발행결정),2023-04-11,KOSDAQ,4312.0,4080.0,4255.0,4127.0,-0.05380333951762528,-0.01321892393320967,-0.042903525046382174,
664538,20240418000426,00977377,에이비온,203400,주요사항보고서(전환사채권발행결정),2024-04-18,KOSDAQ,2875.0,3211.0,3188.0,3368.0,0.11686956521739122,0.10886956521739122,0.1714782608695653,
363460,20250725900798,00977377,에이비온,203400,전환사채(해외전환사채포함)발행후만기전사채취득,2025-07-25,KOSDAQ,3620.0,3406.0,3601.0,3254.0,-0.05911602209944755,-0.005248618784530423,-0.1011049723756906,
334638,20250912900250,00977377,에이비온,203400,전환사채(해외전환사채포함)발행후만기전사채취득,2025-09-12,KOSDAQ,2523.0,2500.0,2462.0,2467.0,-0.00911613158937774,-0.024177566389219196,-0.022195798652397958,
914894,20230412900496,01353024,TS트릴리온,317240,전환사채(해외전환사채포함)발행후만기전사채취득(제2회차),2023-04-12,KOSDAQ,3320.0,3325.0,3340.0,3295.0,0.001506024096385561,0.006024096385542244,-0.0075301204819276935,
873328,20230621000001,01353024,TS트릴리온,317240,주요사항보고서(전환사채권발행결정),2023-06-21,KOSDAQ,6910.0,6820.0,7435.0,9600.0,-0.013024602026049159,0.0759768451519538,0.3892908827785817,
665188,20240417900493,01353024,TS트릴리온,317240,기타주요경영사항              (제3회 전환사채 발행결정 철회),2024-04-17,KOSDAQ,2185.0,2185.0,2185.0,2185.0,0.0,0.0,0.0,
292984,20251210000543,01353024,TS트릴리온,317240,주요사항보고서(전환사채권발행결정),2025-12-10,KOSDAQ,1240.0,1250.0,1215.0,1700.0,0.008064516129032251,-0.020161290322580627,0.37096774193548376,
14813,20260507000568,01353024,TS트릴리온,317240,주요사항보고서(전환사채권발행결정),2026-05-07,KOSDAQ,1557.0,1332.0,1212.0,1296.0,-0.1445086705202312,-0.22157996146435455,-0.16763005780346818,
913144,20230413000938,00101044,에이프로젠바이오로직스,003060,주요사항보고서(전환사채권발행결정),2023-04-13,KOSPI,2997.0,3073.0,3073.0,2915.0,0.025358692025358787,0.025358692025358787,-0.027360694027360744,
905566,20230421000538,00101044,에이프로젠바이오로직스,003060,주요사항보고서(전환사채권발행결정),2023-04-21,KOSPI,2840.0,2750.0,2742.0,2832.0,-0.03169014084507038,-0.03450704225352108,-0.0028169014084507005,
620674,20240704000504,00101044,에이프로젠바이오로직스,003060,주요사항보고서(전환사채권발행결정),2024-07-05,KOSPI,1380.0,1555.0,1300.0,1131.0,0.12681159420289845,-0.05797101449275366,-0.1804347826086956,
464199,20250326000809,00101044,에이프로젠바이오로직스,003060,주요사항보고서(전환사채권발행결정),2025-03-26,KOSPI,781.0,786.0,780.0,703.0,0.006402048655569814,-0.001280409731113985,-0.09987195902688861,
322603,20251016000361,00101044,에이프로젠바이오로직스,003060,주요사항보고서(전환사채권발행결정),2025-10-16,KOSPI,593.0,563.0,567.0,571.0,-0.050590219224283306,-0.04384485666104554,-0.03709949409780777,
3709,20260521000775,00101044,에이프로젠바이오로직스,003060,주요사항보고서(전환사채권발행결정),2026-05-21,KOSPI,3175.0,3450.0,3555.0,3165.0,0.08661417322834652,0.1196850393700788,-0.0031496062992125706,
2178,20260526000523,00101044,에이프로젠바이오로직스,003060,주요사항보고서(전환사채권발행결정),2026-05-26,KOSPI,3555.0,3355.0,3115.0,2820.0,-0.05625879043600568,-0.12376933895921238,-0.2067510548523207,
907989,20230417000420,00530556,예스티,122640,주요사항보고서(전환사채권발행결정),2023-04-17,KOSDAQ,10080.0,9750.0,10220.0,10530.0,-0.03273809523809523,0.01388888888888884,0.044642857142857206,
893609,20230515900435,00530556,예스티,122640,전환사채(해외전환사채포함)발행후만기전사채취득,2023-05-15,KOSDAQ,10040.0,9910.0,10190.0,10610.0,-0.01294820717131473,0.014940239043824688,0.056772908366533814,
413299,20250421900142,00530556,예스티,122640,전환사채(해외전환사채포함)발행후만기전사채취득,2025-04-21,KOSDAQ,12440.0,12250.0,12350.0,17120.0,-0.015273311897106123,-0.007234726688102877,0.3762057877813505,
906970,20230419000287,01375822,에이프릴바이오,397030,주요사항보고서(전환사채권발행결정),2023-04-19,KOSDAQ,12230.0,11605.0,11680.0,11030.0,-0.05110384300899429,-0.04497138184791494,-0.09811937857726905,
551882,20241121900557,01375822,에이프릴바이오,397030,전환사채(해외전환사채포함)발행후만기전사채취득              (제1회차),2024-11-21,KOSDAQ,16260.0,15350.0,16190.0,16830.0,-0.055965559655596575,-0.004305043050430557,0.035055350553505615,
904952,20230424900245,00919966,신라젠,215600,전환사채(해외전환사채포함)발행후만기전사채취득,2023-04-24,KOSDAQ,5961.0,5831.0,5767.0,5785.0,-0.021808421405804412,-0.03254487502096959,-0.029525247441704372,
858600,20230724900273,00919966,신라젠,215600,전환사채(해외전환사채포함)발행후만기전사채취득(제33회차),2023-07-24,KOSDAQ,4198.0,3952.0,3776.0,4211.0,-0.05859933301572173,-0.10052405907575035,0.0030967127203429534,
814209,20231024900399,00919966,신라젠,215600,전환사채(해외전환사채포함)발행후만기전사채취득(제33회차),2023-10-24,KOSDAQ,4452.0,4253.0,4198.0,4022.0,-0.044699011680143785,-0.05705300988319861,-0.09658580413297391,
463535,20250326001290,00919966,신라젠,215600,주요사항보고서(전환사채권발행결정),2025-03-26,KOSDAQ,2290.0,2345.0,2300.0,2015.0,0.024017467248908186,0.004366812227074135,-0.12008733624454149,
904870,20230424900365,00892526,디케이앤디,263020,전환사채(해외전환사채포함)발행후만기전사채취득,2023-04-24,KOSDAQ,3080.0,2995.0,3025.0,3470.0,-0.02759740259740262,-0.017857142857142905,0.12662337662337664,
858517,20230724900400,00892526,디케이앤디,263020,전환사채(해외전환사채포함)발행후만기전사채취득,2023-07-24,KOSDAQ,3200.0,3110.0,2935.0,3145.0,-0.028124999999999956,-0.08281249999999996,-0.017187500000000022,
814851,20231023900276,00892526,디케이앤디,263020,전환사채(해외전환사채포함)발행후만기전사채취득,2023-10-23,KOSDAQ,2535.0,2650.0,2580.0,2530.0,0.04536489151873768,0.01775147928994092,-0.0019723865877712132,
767802,20240122900491,00892526,디케이앤디,263020,전환사채(해외전환사채포함)발행후만기전사채취득,2024-01-22,KOSDAQ,2770.0,2820.0,2860.0,2950.0,0.018050541516245522,0.032490974729241895,0.06498194945848379,
904063,20230425900687,00828761,레이,228670,전환사채(해외전환사채포함)발행후만기전사채취득(제1회차),2023-04-25,KOSDAQ,34850.0,34000.0,34300.0,35850.0,-0.024390243902439046,-0.015781922525107572,0.02869440459110484,
775119,20240103900634,00828761,레이,228670,전환사채(해외전환사채포함)발행후만기전사채취득(제1회차),2024-01-03,KOSDAQ,23300.0,23050.0,24050.0,23550.0,-0.010729613733905574,0.032188841201716833,0.010729613733905685,
715089,20240325000929,00828761,레이,228670,주요사항보고서(전환사채권발행결정),2024-03-25,KOSDAQ,16970.0,14820.0,15900.0,16720.0,-0.12669416617560403,-0.0630524454920448,-0.014731879787860946,
662996,20240422900680,00828761,레이,228670,전환사채(해외전환사채포함)발행후만기전사채취득,2024-04-22,KOSDAQ,13680.0,13720.0,13660.0,13480.0,0.0029239766081872176,-0.0014619883040936088,-0.014619883040935644,
614402,20240722900365,00828761,레이,228670,전환사채(해외전환사채포함)발행후만기전사채취득              (제1회차),2024-07-22,KOSDAQ,11480.0,11120.0,11040.0,11260.0,-0.03135888501742157,-0.0383275261324042,-0.019163763066202044,
567678,20241022900500,00828761,레이,228670,전환사채(해외전환사채포함)발행후만기전사채취득              (제1회차),2024-10-22,KOSDAQ,8830.0,8980.0,8610.0,8340.0,0.016987542468856143,-0.02491506228765572,-0.05549263873159682,
519550,20250122900443,00828761,레이,228670,전환사채(해외전환사채포함)발행후만기전사채취득              (제1회차),2025-01-22,KOSDAQ,7500.0,7470.0,7890.0,7900.0,-0.0040000000000000036,0.052000000000000046,0.05333333333333323,
76098,20260327903127,00828761,레이,228670,전환사채(해외전환사채포함)발행후만기전사채취득,2026-03-27,KOSDAQ,5500.0,5260.0,5020.0,5080.0,-0.043636363636363584,-0.08727272727272728,-0.07636363636363641,
903572,20230426900399,01165155,모비스,250060,전환사채(해외전환사채포함)발행후만기전사채취득,2023-04-26,KOSDAQ,2145.0,2345.0,2220.0,2305.0,0.09324009324009319,0.034965034965035,0.07459207459207451,
897591,20230508900231,01165155,모비스,250060,전환사채(해외전환사채포함)발행후만기전사채취득,2023-05-08,KOSDAQ,2300.0,2240.0,2205.0,2680.0,-0.02608695652173909,-0.04130434782608694,0.16521739130434776,
633350,20240612000125,01165155,모비스,250060,주요사항보고서(전환사채권발행결정),2024-06-12,KOSDAQ,3605.0,3555.0,3540.0,3595.0,-0.01386962552011095,-0.018030513176144236,-0.00277392510402219,
290240,20251215900877,01165155,모비스,250060,전환사채(해외전환사채포함)발행후만기전사채취득,2025-12-15,KOSDAQ,3090.0,2975.0,2985.0,3430.0,-0.03721682847896435,-0.03398058252427183,0.11003236245954695,
902952,20230427900208,01023318,센코,347000,전환사채(해외전환사채포함)발행후만기전사채취득(제1회차),2023-04-27,KOSDAQ,4038.0,3690.0,3927.0,3842.0,-0.08618127786032692,-0.027488855869242212,-0.048538880633977266,
901471,20230428000597,01152586,유일로보틱스,388720,주요사항보고서(전환사채권발행결정),2023-04-28,KOSDAQ,27150.0,27700.0,27950.0,28400.0,0.0202578268876612,0.02946593001841613,0.046040515653775316,
901489,20230428900364,01108248,지노믹트리,228760,전환사채(해외전환사채포함)발행후만기전사채취득,2023-04-28,KOSDAQ,12930.0,13170.0,13140.0,12700.0,0.018561484918793614,0.016241299303944245,-0.017788089713843824,
899934,20230502000094,01383229,저스템,417840,주요사항보고서(전환사채권발행결정),2023-05-02,KOSDAQ,5653.0,6259.0,5927.0,5978.0,0.10719971696444364,0.04846983902352742,0.057491597381921,
404846,20250507900733,01383229,저스템,417840,전환사채(해외전환사채포함)발행후만기전사채취득              (제1회차),2025-05-07,KOSDAQ,2508.0,2538.0,2532.0,2742.0,0.011961722488038173,0.009569377990430672,0.09330143540669855,
899500,20230502000721,00755739,파인테크닉스,106240,주요사항보고서(전환사채권발행결정),2023-05-02,KOSDAQ,2280.0,2235.0,2230.0,2240.0,-0.019736842105263164,-0.021929824561403466,-0.01754385964912286,
453929,20250331903527,00755739,파인테크닉스,106240,전환사채(해외전환사채포함)발행후만기전사채취득,2025-03-31,KOSDAQ,1128.0,1188.0,1124.0,1281.0,0.05319148936170204,-0.0035460992907800915,0.1356382978723405,
404996,20250507900541,00755739,파인테크닉스,106240,전환사채(해외전환사채포함)발행후만기전사채취득,2025-05-07,KOSDAQ,1172.0,1167.0,1172.0,1075.0,-0.004266211604095571,0.0,-0.08276450511945388,
314833,20251104900293,00755739,파인테크닉스,106240,전환사채(해외전환사채포함)발행후만기전사채취득,2025-11-04,KOSDAQ,1390.0,1473.0,1460.0,1457.0,0.05971223021582728,0.050359712230215736,0.04820143884892092,
898239,20230504900300,00532855,한국유니온제약,080720,전환사채(해외전환사채포함)발행후만기전사채취득,2023-05-04,KOSDAQ,6070.0,6050.0,6000.0,5840.0,-0.0032948929159802853,-0.011532125205930832,-0.03789126853377267,
852841,20230804900260,00532855,한국유니온제약,080720,전환사채(해외전환사채포함)발행후만기전사채취득,2023-08-04,KOSDAQ,4990.0,5040.0,5030.0,5300.0,0.01002004008016022,0.008016032064128265,0.06212424849699394,
808635,20231106900512,00532855,한국유니온제약,080720,전환사채(해외전환사채포함)발행후만기전사채취득,2023-11-06,KOSDAQ,4780.0,4750.0,4740.0,4705.0,-0.006276150627615107,-0.008368200836820106,-0.01569037656903771,
660875,20240425000579,00532855,한국유니온제약,080720,주요사항보고서(전환사채권발행결정),2024-04-25,KOSDAQ,6270.0,6230.0,6220.0,6000.0,-0.006379585326953707,-0.00797448165869219,-0.0430622009569378,
610586,20240730000360,00532855,한국유니온제약,080720,주요사항보고서(전환사채권발행결정),2024-07-30,KOSDAQ,5070.0,4875.0,4990.0,5500.0,-0.038461538461538436,-0.015779092702169595,0.08481262327416172,
517451,20250124900682,00532855,한국유니온제약,080720,기타주요경영사항              (제3자배정 유상증자 및 제5회차 전환사채권발행결정 철회),2025-01-24,KOSDAQ,2725.0,2725.0,2725.0,,0.0,0.0,,
897670,20230508900155,01110182,SCL사이언스,246960,전환사채(해외전환사채포함)발행후만기전사채취득,2023-05-08,KOSDAQ,1797.0,1930.0,1967.0,1987.0,0.07401224262659989,0.09460211463550361,0.10573177518085708,
864146,20230710900609,01110182,SCL사이언스,246960,전환사채(해외전환사채포함)발행후만기전사채취득,2023-07-10,KOSDAQ,2125.0,2117.0,2215.0,2197.0,-0.0037647058823528923,0.04235294117647048,0.033882352941176475,
818907,20231012900051,01110182,SCL사이언스,246960,전환사채(해외전환사채포함)발행후만기전사채취득,2023-10-12,KOSDAQ,2122.0,2117.0,2047.0,1960.0,-0.0023562676720075837,-0.03534401508011309,-0.07634307257304429,
528650,20241230000452,01110182,SCL사이언스,246960,주요사항보고서(전환사채권발행결정),2024-12-30,KOSDAQ,2060.0,2082.0,2062.0,2170.0,0.010679611650485477,0.000970873786407811,0.05339805825242716,
427288,20250409900292,01110182,SCL사이언스,246960,전환사채(해외전환사채포함)발행후만기전사채취득,2025-04-09,KOSDAQ,1922.0,2062.0,2015.0,2005.0,0.0728407908428721,0.048387096774193505,0.043184183142559895,
897504,20230508900276,00876166,KBG,318000,전환사채(해외전환사채포함)발행후만기전사채취득(제3회차),2023-05-08,KOSDAQ,15390.0,19440.0,19200.0,17200.0,0.26315789473684204,0.24756335282651065,0.11760883690708246,
897050,20230509000392,00450010,씨티알모빌리티,308170,주요사항보고서(전환사채권발행결정),2023-05-09,KOSPI,15670.0,15910.0,16050.0,15650.0,0.0153158902361199,0.02425015954052334,-0.0012763241863433805,
896743,20230509000699,01011526,엔켐,348370,주요사항보고서(전환사채권발행결정),2023-05-10,KOSDAQ,65300.0,64600.0,65400.0,67100.0,-0.01071975497702915,0.0015313935681469104,0.027565084226646164,
890389,20230517000312,01011526,엔켐,348370,주요사항보고서(전환사채권발행결정),2023-05-17,KOSDAQ,67100.0,67300.0,68500.0,69300.0,0.0029806259314455463,0.02086438152011927,0.032786885245901676,
879986,20230602900501,01011526,엔켐,348370,증권발행결과(자율공시)(제12회차 전환사채),2023-06-02,KOSDAQ,72800.0,74000.0,75700.0,73900.0,0.016483516483516425,0.039835164835164916,0.015109890109890056,
865931,20230705000401,01011526,엔켐,348370,주요사항보고서(전환사채권발행결정),2023-07-05,KOSDAQ,71700.0,68500.0,68300.0,69500.0,-0.04463040446304045,-0.04741980474198049,-0.030683403068340276,
570756,20241014000307,01011526,엔켐,348370,[첨부추가]주요사항보고서(전환사채권발행결정),2024-10-14,KOSDAQ,196500.0,191600.0,189400.0,185700.0,-0.024936386768447782,-0.036132315521628544,-0.05496183206106875,
527983,20241231900456,01011526,엔켐,348370,전환사채(해외전환사채포함)발행후만기전사채취득,2024-12-31,KOSDAQ,134100.0,138300.0,146000.0,152500.0,0.031319910514541416,0.0887397464578672,0.13721103653989553,
396996,20250516900487,01011526,엔켐,348370,전환사채(해외전환사채포함)발행후만기전사채취득              (제11회차),2025-05-16,KOSDAQ,62400.0,62700.0,58600.0,61300.0,0.004807692307692291,-0.0608974358974359,-0.017628205128205177,
383611,20250611900708,01011526,엔켐,348370,전환사채(해외전환사채포함)발행후만기전사채취득              (제11회차),2025-06-11,KOSDAQ,63000.0,63400.0,58900.0,53800.0,0.006349206349206327,-0.06507936507936507,-0.14603174603174607,
383535,20250612900001,01011526,엔켐,348370,전환사채(해외전환사채포함)발행후만기전사채취득              (제12회차),2025-06-12,KOSDAQ,63400.0,58900.0,57200.0,56300.0,-0.07097791798107256,-0.09779179810725547,-0.11198738170347,
361773,20250730900761,01011526,엔켐,348370,전환사채(해외전환사채포함)발행후만기전사채취득              (제13회차),2025-07-30,KOSDAQ,66900.0,67100.0,64300.0,67600.0,0.002989536621823552,-0.038863976083707064,0.010463378176382765,
342378,20250828900612,01011526,엔켐,348370,전환사채(해외전환사채포함)발행후만기전사채취득              (제13회차),2025-08-28,KOSDAQ,79600.0,74900.0,71400.0,70500.0,-0.05904522613065322,-0.10301507537688437,-0.11432160804020097,
336717,20250908900489,01011526,엔켐,348370,전환사채(해외전환사채포함)발행후만기전사채취득              (제13회차),2025-09-08,KOSDAQ,71100.0,71100.0,69700.0,79600.0,0.0,-0.019690576652601988,0.1195499296765119,
331996,20250919900510,01011526,엔켐,348370,전환사채(해외전환사채포함)발행후만기전사채취득              (제13회차),2025-09-19,KOSDAQ,80300.0,78300.0,77200.0,72300.0,-0.02490660024906599,-0.03860523038605235,-0.09962640099626396,
282317,20251226000378,01011526,엔켐,348370,주요사항보고서(전환사채권발행결정),2025-12-26,KOSDAQ,67000.0,66300.0,62900.0,65400.0,-0.010447761194029903,-0.06119402985074629,-0.023880597014925398,
271033,20260120000352,01011526,엔켐,348370,주요사항보고서(전환사채권발행결정),2026-01-20,KOSDAQ,63100.0,60600.0,65200.0,76100.0,-0.03961965134706813,0.033280507131537185,0.20602218700475428,
269736,20260122000527,01011526,엔켐,348370,주요사항보고서(전환사채권발행결정),2026-01-23,KOSDAQ,64800.0,72900.0,76100.0,96100.0,0.125,0.1743827160493827,0.4830246913580247,
114976,20260619900823,01011526,엔켐,348370,전환사채(해외전환사채포함)발행후만기전사채취득              (제11회차),2026-06-19,KOSDAQ,31100.0,29900.0,27800.0,24000.0,-0.03858520900321538,-0.1061093247588425,-0.22829581993569137,
891157,20230515002918,00605522,소룩스,290690,주요사항보고서(전환사채권발행결정),2023-05-15,KOSDAQ,3236.0,4206.0,5466.0,7117.0,0.29975278121137205,0.6891223733003708,1.1993201483312732,
797035,20231124000529,00605522,소룩스,290690,주요사항보고서(전환사채권발행결정),2023-11-24,KOSDAQ,7247.0,7117.0,7367.0,8167.0,-0.01793845729267285,0.016558575962467126,0.12694908237891545,
479410,20250313001423,00605522,소룩스,290690,주요사항보고서(전환사채권발행결정),2025-03-13,KOSDAQ,3470.0,4250.0,4200.0,4640.0,0.2247838616714697,0.21037463976945237,0.33717579250720453,
476984,20250314001708,00605522,소룩스,290690,주요사항보고서(전환사채권발행결정),2025-03-14,KOSDAQ,4250.0,4200.0,4910.0,4525.0,-0.0117647058823529,0.1552941176470588,0.06470588235294117,
464306,20250326901765,00605522,소룩스,290690,전환사채(해외전환사채포함)발행후만기전사채취득,2025-03-26,KOSDAQ,4360.0,4220.0,4195.0,3990.0,-0.032110091743119296,-0.037844036697247674,-0.08486238532110091,
407744,20250430000002,00605522,소룩스,290690,주요사항보고서(전환사채권발행결정),2025-04-30,KOSDAQ,3895.0,3865.0,3725.0,3790.0,-0.007702182284980763,-0.04364569961489084,-0.02695763799743256,
333835,20250915000369,00605522,소룩스,290690,주요사항보고서(전환사채권발행결정),2025-09-15,KOSDAQ,5840.0,5230.0,5170.0,5090.0,-0.10445205479452058,-0.11472602739726023,-0.1284246575342466,
305160,20251119000274,00605522,소룩스,290690,주요사항보고서(전환사채권발행결정),2025-11-19,KOSDAQ,4010.0,4310.0,4085.0,4275.0,0.07481296758104738,0.018703241895261735,0.06608478802992512,
79928,20260326901618,00605522,소룩스,290690,증권발행결과(자율공시)              (제5회차 전환사채),2026-03-26,KOSDAQ,3905.0,3895.0,3755.0,3560.0,-0.002560819462227859,-0.03841229193341866,-0.08834827144686297,
11817,20260512000759,00605522,소룩스,290690,주요사항보고서(전환사채권발행결정),2026-05-13,KOSDAQ,3300.0,4290.0,5570.0,4950.0,0.30000000000000004,0.687878787878788,0.5,
9568,20260514001350,00605522,소룩스,290690,주요사항보고서(전환사채권발행결정),2026-05-14,KOSDAQ,4290.0,5570.0,5730.0,5180.0,0.2983682983682985,0.3356643356643356,0.20745920745920743,
892422,20230515901453,01327092,라닉스,317120,전환사채(해외전환사채포함)발행후만기전사채취득(제1회차),2023-05-15,KOSDAQ,4709.0,4735.0,4850.0,4938.0,0.005521342110851535,0.029942662985771973,0.04863028243788481,
845103,20230814901064,01327092,라닉스,317120,전환사채(해외전환사채포함)발행후만기전사채취득,2023-08-14,KOSDAQ,4100.0,4003.0,3950.0,3756.0,-0.023658536585365875,-0.03658536585365857,-0.08390243902439021,
420300,20250411002196,01327092,라닉스,317120,주요사항보고서(전환사채권발행결정),2025-04-11,KOSDAQ,2310.0,2412.0,2425.0,2412.0,0.04415584415584406,0.04978354978354971,0.04415584415584406,
330281,20250924000459,01327092,라닉스,317120,주요사항보고서(전환사채권발행결정),2025-09-25,KOSDAQ,2340.0,3040.0,2925.0,2850.0,0.2991452991452992,0.25,0.21794871794871784,
891739,20230515902337,00617998,폴라리스세원,234100,전환사채(해외전환사채포함)발행후만기전사채취득,2023-05-15,KOSDAQ,11825.0,12150.0,12675.0,12350.0,0.02748414376321362,0.07188160676532762,0.044397463002114224,
409875,20250425900910,00617998,폴라리스세원,234100,전환사채(해외전환사채포함)발행후만기전사채취득,2025-04-25,KOSDAQ,5350.0,5340.0,5300.0,5320.0,-0.0018691588785046953,-0.009345794392523366,-0.005607476635513975,
890411,20230517000302,01440153,넥사다이내믹스,351320,주요사항보고서(전환사채권발행결정),2023-05-17,KOSDAQ,4445.0,4225.0,4085.0,4060.0,-0.04949381327334079,-0.08098987626546683,-0.08661417322834641,
516288,20250203000003,01440153,넥사다이내믹스,351320,주요사항보고서(전환사채권발행결정),2025-02-03,KOSDAQ,2100.0,2730.0,3015.0,2690.0,0.30000000000000004,0.4357142857142857,0.28095238095238084,
512573,20250207900643,01440153,넥사다이내믹스,351320,전환사채(해외전환사채포함)발행후만기전사채취득              (제2회차),2025-02-07,KOSDAQ,2510.0,2690.0,2560.0,2510.0,0.0717131474103585,0.019920318725099584,0.0,
491502,20250228901357,01440153,넥사다이내믹스,351320,전환사채(해외전환사채포함)발행후만기전사채취득              (제2회차),2025-02-28,KOSDAQ,2250.0,2155.0,2390.0,2210.0,-0.04222222222222227,0.06222222222222218,-0.01777777777777778,
314691,20251104000289,01440153,넥사다이내믹스,351320,주요사항보고서(전환사채권발행결정),2025-11-04,KOSDAQ,1547.0,1522.0,1442.0,1440.0,-0.01616031027795739,-0.0678733031674208,-0.06916612798965738,
31286,20260414000001,01440153,넥사다이내믹스,351320,주요사항보고서(전환사채권발행결정),2026-04-14,KOSDAQ,1403.0,1357.0,1400.0,1480.0,-0.032786885245901676,-0.002138275124732747,0.05488239486813962,
31285,20260414000002,01440153,넥사다이내믹스,351320,주요사항보고서(전환사채권발행결정),2026-04-14,KOSDAQ,1403.0,1357.0,1400.0,1480.0,-0.032786885245901676,-0.002138275124732747,0.05488239486813962,
31284,20260414000003,01440153,넥사다이내믹스,351320,주요사항보고서(전환사채권발행결정),2026-04-14,KOSDAQ,1403.0,1357.0,1400.0,1480.0,-0.032786885245901676,-0.002138275124732747,0.05488239486813962,
889966,20230518000270,00144818,유유제약,000220,주요사항보고서(전환사채권발행결정),2023-05-18,KOSPI,6170.0,5870.0,5910.0,5860.0,-0.0486223662884927,-0.04213938411669371,-0.05024311183144248,
887911,20230524000462,00567897,에스비비테크,389500,주요사항보고서(전환사채권발행결정),2023-05-24,KOSDAQ,43650.0,46550.0,46300.0,47200.0,0.06643757159221075,0.060710194730813294,0.08132875143184415,
594268,20240826900190,00567897,에스비비테크,389500,전환사채(해외전환사채포함)발행후만기전사채취득              (제3회차),2024-08-26,KOSDAQ,21500.0,21100.0,20300.0,23300.0,-0.018604651162790753,-0.05581395348837215,0.08372093023255811,
550163,20241126900373,00567897,에스비비테크,389500,전환사채(해외전환사채포함)발행후만기전사채취득              (제3회차),2024-11-26,KOSDAQ,16920.0,17200.0,16840.0,16180.0,0.016548463356973908,-0.004728132387706863,-0.043735224586288424,
887523,20230525000169,00351092,삼보모터스,053700,주요사항보고서(전환사채권발행결정),2023-05-25,KOSDAQ,6320.0,6230.0,6160.0,6260.0,-0.014240506329113889,-0.025316455696202556,-0.009493670886076,
393328,20250527000461,00351092,삼보모터스,053700,주요사항보고서(전환사채권발행결정),2025-05-27,KOSDAQ,4220.0,4140.0,4185.0,4180.0,-0.018957345971563955,-0.008293838862559189,-0.009478672985781977,
390006,20250530900540,00351092,삼보모터스,053700,전환사채(해외전환사채포함)발행후만기전사채취득,2025-05-30,KOSDAQ,4110.0,4095.0,4180.0,4310.0,-0.0036496350364964014,0.017031630170316392,0.048661800486617945,
368432,20250715900210,00351092,삼보모터스,053700,전환사채(해외전환사채포함)발행후만기전사채취득,2025-07-15,KOSDAQ,4490.0,4405.0,4450.0,4430.0,-0.018930957683741645,-0.008908685968819552,-0.013363028953229383,
339460,20250901900538,00351092,삼보모터스,053700,전환사채(해외전환사채포함)발행후만기전사채취득,2025-09-01,KOSDAQ,4135.0,4135.0,4105.0,4150.0,0.0,-0.00725513905683195,0.0036275695284160303,
297058,20251201900628,00351092,삼보모터스,053700,전환사채(해외전환사채포함)발행후만기전사채취득,2025-12-01,KOSDAQ,3950.0,3970.0,3985.0,4070.0,0.005063291139240533,0.008860759493670933,0.030379746835442978,
887627,20230525900035,00158024,KBI메탈,024840,전환사채(해외전환사채포함)발행후만기전사채취득,2023-05-25,KOSDAQ,1880.0,1808.0,1840.0,1905.0,-0.03829787234042559,-0.021276595744680882,0.013297872340425565,
839313,20230825900101,00158024,KBI메탈,024840,전환사채(해외전환사채포함)발행후만기전사채취득,2023-08-25,KOSDAQ,1610.0,1645.0,1652.0,1560.0,0.021739130434782705,0.026086956521739202,-0.03105590062111796,
796866,20231127900087,00158024,KBI메탈,024840,전환사채(해외전환사채포함)발행후만기전사채취득,2023-11-27,KOSDAQ,1453.0,1459.0,1464.0,1467.0,0.004129387474191226,0.007570543702684063,0.009635237439779676,
746474,20240226900497,00158024,KBI메탈,024840,전환사채(해외전환사채포함)발행후만기전사채취득,2024-02-26,KOSDAQ,1371.0,1337.0,1351.0,1330.0,-0.02479941648431805,-0.014587892049598872,-0.029905178701677637,
643969,20240527900673,00158024,KBI메탈,024840,전환사채(해외전환사채포함)발행후만기전사채취득,2024-05-27,KOSDAQ,3785.0,3885.0,3700.0,3240.0,0.026420079260237816,-0.022457067371202122,-0.14398943196829594,
630173,20240619000231,00158024,KBI메탈,024840,주요사항보고서(전환사채권발행결정),2024-06-19,KOSDAQ,2705.0,2775.0,2915.0,2765.0,0.025878003696857776,0.07763401109057311,0.022181146025878062,
116476,20260617000357,00158024,KBI메탈,024840,주요사항보고서(전환사채권발행결정),2026-06-17,KOSDAQ,5530.0,4900.0,4475.0,4050.0,-0.11392405063291144,-0.19077757685352625,-0.26763110307414106,
886437,20230526000721,00122205,졸스,018700,주요사항보고서(전환사채권발행결정),2023-05-26,KOSDAQ,7017.0,7167.0,7122.0,7182.0,0.021376656690893503,0.014963659683625563,0.023514322359982964,
788161,20231208000404,00122205,졸스,018700,주요사항보고서(전환사채권발행결정),2023-12-08,KOSDAQ,5677.0,5815.0,5650.0,5601.0,0.024308613704421278,-0.004756033116082414,-0.01338735247489875,
540516,20241211900479,00122205,졸스,018700,전환사채(해외전환사채포함)발행후만기전사채취득,2024-12-11,KOSDAQ,3059.0,3086.0,3167.0,3573.0,0.008826413860738791,0.035305655442955164,0.16802876757110163,
393407,20250527000384,00122205,졸스,018700,주요사항보고서(전환사채권발행결정),2025-05-27,KOSDAQ,2680.0,2671.0,2635.0,2752.0,-0.0033582089552238736,-0.016791044776119368,0.02686567164179099,
386931,20250602900529,00122205,졸스,018700,전환사채(해외전환사채포함)발행후만기전사채취득,2025-06-02,KOSDAQ,2677.0,2752.0,2834.0,3110.0,0.028016436309301396,0.05864774000747097,0.16174822562570035,
885883,20230530000334,01061497,FSN,214270,주요사항보고서(전환사채권발행결정),2023-05-30,KOSDAQ,3640.0,3565.0,3455.0,3460.0,-0.020604395604395642,-0.050824175824175866,-0.0494505494505495,
770862,20240112000413,01061497,FSN,214270,주요사항보고서(전환사채권발행결정),2024-01-12,KOSDAQ,2625.0,2525.0,2505.0,2435.0,-0.03809523809523807,-0.04571428571428571,-0.07238095238095243,
770861,20240112000425,01061497,FSN,214270,주요사항보고서(전환사채권발행결정),2024-01-12,KOSDAQ,2625.0,2525.0,2505.0,2435.0,-0.03809523809523807,-0.04571428571428571,-0.07238095238095243,
713897,20240326000845,01061497,FSN,214270,주요사항보고서(전환사채권발행결정),2024-03-26,KOSDAQ,2565.0,2550.0,2455.0,2465.0,-0.005847953216374324,-0.042884990253411304,-0.03898635477582846,
636667,20240603900329,01061497,FSN,214270,전환사채(해외전환사채포함)발행후만기전사채취득              (제10회차),2024-06-03,KOSDAQ,2075.0,2065.0,2060.0,1999.0,-0.004819277108433773,-0.0072289156626506035,-0.03662650602409634,
623723,20240628901012,01061497,FSN,214270,전환사채(해외전환사채포함)발행후만기전사채취득              (제12회),2024-06-28,KOSDAQ,1865.0,1952.0,1930.0,1875.0,0.04664879356568363,0.034852546916890104,0.00536193029490617,
609216,20240801900372,01061497,FSN,214270,전환사채(해외전환사채포함)발행후만기전사채취득,2024-08-01,KOSDAQ,2090.0,1980.0,1667.0,1744.0,-0.052631578947368474,-0.20239234449760768,-0.16555023923444978,
574941,20241002900274,01061497,FSN,214270,전환사채(해외전환사채포함)발행후만기전사채취득,2024-10-02,KOSDAQ,1891.0,1897.0,1870.0,1815.0,0.0031729243786355887,-0.011105235325224783,-0.040190375462718086,
570155,20241015000464,01061497,FSN,214270,주요사항보고서(전환사채권발행결정),2024-10-16,KOSDAQ,2055.0,1998.0,2010.0,2130.0,-0.027737226277372296,-0.021897810218978075,0.03649635036496357,
562426,20241101900518,01061497,FSN,214270,전환사채(해외전환사채포함)발행후만기전사채취득,2024-11-01,KOSDAQ,2235.0,2350.0,2295.0,2175.0,0.05145413870246096,0.02684563758389258,-0.02684563758389258,
544659,20241202900327,01061497,FSN,214270,전환사채(해외전환사채포함)발행후만기전사채취득,2024-12-02,KOSDAQ,1881.0,1917.0,1891.0,1578.0,0.019138755980861344,0.005316321105794719,-0.16108452950558216,
527402,20250102900655,01061497,FSN,214270,전환사채(해외전환사채포함)발행후만기전사채취득,2025-01-02,KOSDAQ,1828.0,1884.0,1901.0,1850.0,0.03063457330415753,0.03993435448577687,0.012035010940919078,
522228,20250115000344,01061497,FSN,214270,주요사항보고서(전환사채권발행결정),2025-01-15,KOSDAQ,2100.0,2005.0,1999.0,1909.0,-0.04523809523809519,-0.04809523809523808,-0.090952380952381,
516133,20250203900622,01061497,FSN,214270,전환사채(해외전환사채포함)발행후만기전사채취득,2025-02-03,KOSDAQ,1746.0,1788.0,1817.0,1810.0,0.02405498281786933,0.040664375715922185,0.036655211912943964,
490326,20250304900988,01061497,FSN,214270,전환사채(해외전환사채포함)발행후만기전사채취득,2025-03-04,KOSDAQ,1501.0,1507.0,1225.0,1267.0,0.003997335109926725,-0.1838774150566289,-0.15589606928714195,
473756,20250319900168,01061497,FSN,214270,전환사채(해외전환사채포함)발행후만기전사채취득,2025-03-19,KOSDAQ,1311.0,1282.0,1240.0,1240.0,-0.02212051868802445,-0.05415713196033567,-0.05415713196033567,
462419,20250327901310,01061497,FSN,214270,전환사채(해외전환사채포함)발행후만기전사채취득,2025-03-27,KOSDAQ,1241.0,1248.0,1272.0,1317.0,0.005640612409347323,0.024979854955681002,0.06124093473005643,
409209,20250428900527,01061497,FSN,214270,전환사채(해외전환사채포함)발행후만기전사채취득,2025-04-28,KOSDAQ,1626.0,1652.0,1610.0,1676.0,0.01599015990159902,-0.009840098400983988,0.03075030750307506,
110023,20260227902000,01061497,FSN,214270,전환사채(해외전환사채포함)발행후만기전사채취득,2026-02-27,KOSDAQ,2190.0,2035.0,2045.0,2195.0,-0.07077625570776258,-0.06621004566210043,0.0022831050228311334,
885318,20230530000762,01584934,핑거스토리,417180,주요사항보고서(전환사채권발행결정),2023-05-30,KOSDAQ,28067.0,27617.0,27467.0,28167.0,-0.01603306374033564,-0.021377418320447483,0.0035629030534078954,
630694,20240618000288,01584934,핑거스토리,417180,주요사항보고서(전환사채권발행결정),2024-06-18,KOSDAQ,17210.0,16660.0,16935.0,16260.0,-0.03195816385822192,-0.015979081929111016,-0.0552004648460197,
627137,20240625900205,01584934,핑거스토리,417180,증권발행결과(자율공시)              (제3회 무기명식 이권부 무보증 사모 전환사채),2024-06-25,KOSDAQ,16260.0,17110.0,16385.0,15359.0,0.05227552275522762,0.007687576875768709,-0.055412054120541177,
626308,20240626900485,01584934,핑거스토리,417180,전환사채(해외전환사채포함)발행후만기전사채취득,2024-06-26,KOSDAQ,17110.0,16385.0,16460.0,14984.0,-0.0423728813559322,-0.037989479836353035,-0.12425482174167157,
608464,20240805900172,01584934,핑거스토리,417180,전환사채(해외전환사채포함)발행후만기전사채취득              (제2회차),2024-08-05,KOSDAQ,11382.0,11682.0,12157.0,12232.0,0.026357406431207098,0.06808996661395184,0.07467931822175355,
322233,20251017000308,01584934,핑거스토리,417180,주요사항보고서(전환사채권발행결정),2025-10-17,KOSDAQ,11157.0,10981.0,10581.0,10306.0,-0.015774849870036745,-0.05162678139284749,-0.07627498431477997,
282426,20251226900512,01584934,핑거스토리,417180,전환사채(해외전환사채포함)발행후만기전사채취득              (제3회차),2025-12-26,KOSDAQ,8365.0,8820.0,8765.0,9045.0,0.05439330543933063,0.04781829049611486,0.08129109384339506,
82000,20260325900786,01584934,핑거스토리,417180,전환사채(해외전환사채포함)발행후만기전사채취득              (제3회차),2026-03-25,KOSDAQ,8015.0,7960.0,7879.0,7799.0,-0.006862133499688117,-0.016968184653774143,-0.026949469744229515,
880076,20230602000357,00264228,위즈코프,038620,주요사항보고서(전환사채권발행결정),2023-06-02,KOSDAQ,4270.0,4395.0,4425.0,4870.0,0.02927400468384067,0.03629976580796246,0.14051522248243553,
634983,20240607900341,00264228,위즈코프,038620,전환사채(해외전환사채포함)발행후만기전사채취득,2024-06-07,KOSDAQ,3995.0,3995.0,3945.0,3910.0,0.0,-0.01251564455569465,-0.021276595744680882,
584141,20240909900312,00264228,위즈코프,038620,전환사채(해외전환사채포함)발행후만기전사채취득,2024-09-09,KOSDAQ,2970.0,3050.0,2950.0,3030.0,0.026936026936027035,-0.006734006734006703,0.02020202020202011,
560603,20241107900420,00264228,위즈코프,038620,전환사채(해외전환사채포함)발행후만기전사채취득,2024-11-07,KOSDAQ,3000.0,3000.0,2985.0,2785.0,0.0,-0.0050000000000000044,-0.07166666666666666,
541928,20241209900349,00264228,위즈코프,038620,전환사채(해외전환사채포함)발행후만기전사채취득,2024-12-09,KOSDAQ,2875.0,3165.0,4110.0,4465.0,0.10086956521739121,0.42956521739130427,0.5530434782608695,
404856,20250507900729,00264228,위즈코프,038620,전환사채(해외전환사채포함)발행후만기전사채취득,2025-05-07,KOSDAQ,3910.0,3840.0,3750.0,3770.0,-0.01790281329923271,-0.04092071611253201,-0.03580562659846542,
879507,20230605900259,00287812,에코심플렉스,038870,전환사채(해외전환사채포함)발행후만기전사채취득,2023-06-05,KOSDAQ,7030.0,6900.0,6770.0,6440.0,-0.01849217638691325,-0.0369843527738265,-0.08392603129445231,
879136,20230607900318,00287812,에코심플렉스,038870,전환사채(해외전환사채포함)발행후만기전사채취득,2023-06-07,KOSDAQ,6900.0,6770.0,6800.0,6280.0,-0.018840579710144967,-0.01449275362318836,-0.08985507246376812,
585963,20240904900346,00287812,에코심플렉스,038870,전환사채(해외전환사채포함)발행후만기전사채취득,2024-09-04,KOSDAQ,4175.0,4105.0,3995.0,3990.0,-0.016766467065868262,-0.04311377245508985,-0.04431137724550893,
543677,20241204900372,00287812,에코심플렉스,038870,전환사채(해외전환사채포함)발행후만기전사채취득,2024-12-04,KOSDAQ,3135.0,3020.0,2990.0,3100.0,-0.036682615629984094,-0.046251993620414655,-0.011164274322169043,
490675,20250304900548,00287812,에코심플렉스,038870,전환사채(해외전환사채포함)발행후만기전사채취득,2025-03-04,KOSDAQ,3740.0,3845.0,3765.0,3675.0,0.02807486631016043,0.006684491978609541,-0.017379679144384985,
24493,20260422900340,00287812,에코심플렉스,038870,기타경영사항(자율공시)              (자기사채(제6회차 발행 사모전환사채)소각 결정),2026-04-22,KOSDAQ,3125.0,3045.0,3145.0,3200.0,-0.025599999999999956,0.006399999999999961,0.02400000000000002,
878820,20230608900072,00808086,HLB펩,196300,전환사채(해외전환사채포함)발행후만기전사채취득,2023-06-08,KOSDAQ,13810.0,15150.0,14670.0,14890.0,0.09703113685734976,0.062273714699493166,0.07820419985517746,
485205,20250310000859,00808086,HLB펩,196300,주요사항보고서(전환사채권발행결정),2025-03-10,KOSDAQ,11340.0,11550.0,11230.0,11600.0,0.0185185185185186,-0.00970017636684306,0.022927689594356204,
878706,20230608900186,01181807,형지글로벌,308100,전환사채(해외전환사채포함)발행후만기전사채취득,2023-06-08,KOSDAQ,7079.0,6997.0,7124.0,6942.0,-0.01158355699957625,0.006356830060743057,-0.019353015962706555,
854806,20230731900711,01181807,형지글로벌,308100,전환사채(해외전환사채포함)발행후만기전사채취득,2023-07-31,KOSDAQ,5459.0,5514.0,5341.0,5405.0,0.010075105330646705,-0.021615680527569126,-0.009891921597362185,
830660,20230908900705,01181807,형지글로벌,308100,전환사채(해외전환사채포함)발행후만기전사채취득,2023-09-08,KOSDAQ,5195.0,5168.0,5032.0,5077.0,-0.005197305101058758,-0.031376323387872995,-0.022714148219441732,
827805,20230915000474,01181807,형지글로벌,308100,주요사항보고서(전환사채권발행결정),2023-09-15,KOSDAQ,5077.0,5050.0,4968.0,4822.0,-0.005318101240890272,-0.021469371676186677,-0.05022651171951942,
731054,20240312001074,01181807,형지글로벌,308100,주요사항보고서(전환사채권발행결정),2024-03-13,KOSDAQ,4076.0,4067.0,4026.0,3999.0,-0.0022080471050048844,-0.012266928361138407,-0.01889106967615306,
633070,20240612900535,01181807,형지글로벌,308100,전환사채(해외전환사채포함)발행후만기전사채취득,2024-06-12,KOSDAQ,3548.0,3530.0,3485.0,3507.0,-0.005073280721533235,-0.017756482525366435,-0.011555806087936826,
403605,20250509900670,01181807,형지글로벌,308100,전환사채(해외전환사채포함)발행후만기전사채취득,2025-05-09,KOSDAQ,5687.0,6770.0,7743.0,5259.0,0.1904343238966062,0.36152628802532094,-0.07525936346052398,
368349,20250715900338,01181807,형지글로벌,308100,전환사채(해외전환사채포함)발행후만기전사채취득,2025-07-15,KOSDAQ,5000.0,4780.0,4630.0,3890.0,-0.04400000000000004,-0.07399999999999995,-0.22199999999999998,
331931,20250919000586,01181807,형지글로벌,308100,주요사항보고서(전환사채권발행결정),2025-09-19,KOSDAQ,2045.0,1969.0,1948.0,1838.0,-0.03716381418092907,-0.047432762836185804,-0.10122249388753057,
878486,20230608900381,01051472,젠큐릭스,229000,전환사채(해외전환사채포함)발행후만기전사채취득(제5회차),2023-06-08,KOSDAQ,3405.0,3400.0,3325.0,3305.0,-0.001468428781204123,-0.023494860499265746,-0.029368575624082238,
778720,20231226000463,01051472,젠큐릭스,229000,주요사항보고서(전환사채권발행결정),2023-12-26,KOSDAQ,6060.0,6030.0,6220.0,5950.0,-0.004950495049504955,0.0264026402640265,-0.018151815181518205,
734021,20240308901176,01051472,젠큐릭스,229000,전환사채(해외전환사채포함)발행후만기전사채취득,2024-03-08,KOSDAQ,4130.0,4185.0,4120.0,3970.0,0.013317191283293006,-0.002421307506053294,-0.03874092009685226,
634348,20240610900506,01051472,젠큐릭스,229000,전환사채(해외전환사채포함)발행후만기전사채취득,2024-06-10,KOSDAQ,2945.0,2895.0,2890.0,2850.0,-0.01697792869269954,-0.018675721561969394,-0.032258064516129004,
284199,20251223000647,01051472,젠큐릭스,229000,주요사항보고서(전환사채권발행결정),2025-12-23,KOSDAQ,1500.0,1529.0,1522.0,1579.0,0.019333333333333425,0.014666666666666606,0.05266666666666664,
877989,20230609000357,01516456,인벤티지랩,389470,주요사항보고서(전환사채권발행결정),2023-06-09,KOSDAQ,9790.0,9660.0,9370.0,9110.0,-0.013278855975485171,-0.04290091930541373,-0.06945863125638407,
582641,20240911000375,01516456,인벤티지랩,389470,주요사항보고서(전환사채권발행결정),2024-09-11,KOSDAQ,19380.0,20450.0,24100.0,20950.0,0.05521155830753344,0.2435500515995872,0.08101135190918463,
523329,20250113000300,01516456,인벤티지랩,389470,주요사항보고서(전환사채권발행결정),2025-01-13,KOSDAQ,20150.0,19270.0,18710.0,17500.0,-0.04367245657568242,-0.07146401985111661,-0.13151364764267992,
382309,20250613900712,01516456,인벤티지랩,389470,전환사채(해외전환사채포함)발행후만기전사채취득              (제1회차),2025-06-13,KOSDAQ,40900.0,43500.0,46500.0,41150.0,0.0635696821515892,0.13691931540342295,0.006112469437652868,
104564,20260306001011,01516456,인벤티지랩,389470,주요사항보고서(전환사채권발행결정),2026-03-06,KOSDAQ,95500.0,90700.0,93000.0,99000.0,-0.05026178010471205,-0.02617801047120416,0.03664921465968596,
114540,20260622900427,01516456,인벤티지랩,389470,전환사채(해외전환사채포함)발행후만기전사채취득              (제2회차),2026-06-22,KOSDAQ,40800.0,38400.0,40300.0,,-0.05882352941176472,-0.01225490196078427,,
875316,20230615000504,00115612,동부건설,005960,주요사항보고서(전환사채권발행결정),2023-06-15,KOSPI,7220.0,7290.0,7630.0,7350.0,0.00969529085872578,0.056786703601108046,0.018005540166204925,
875314,20230615000511,00115612,동부건설,005960,주요사항보고서(전환사채권발행결정),2023-06-15,KOSPI,7220.0,7290.0,7630.0,7350.0,0.00969529085872578,0.056786703601108046,0.018005540166204925,
27071,20260416000470,00115612,동부건설,005960,주요사항보고서(전환사채권발행결정),2026-04-16,KOSPI,9350.0,9450.0,9100.0,9140.0,0.010695187165775444,-0.0267379679144385,-0.022459893048128343,
874073,20230619000202,00577335,대성하이텍,129920,주요사항보고서(전환사채권발행결정),2023-06-19,KOSDAQ,10270.0,9970.0,9380.0,9210.0,-0.02921129503407982,-0.08666017526777026,-0.10321324245374874,
873185,20230621900199,00577335,대성하이텍,129920,증권발행결과(자율공시)(제4회차 전환사채),2023-06-21,KOSDAQ,9380.0,9400.0,9270.0,9250.0,0.002132196162046851,-0.011727078891258014,-0.013859275053304865,
613283,20240724000424,00577335,대성하이텍,129920,주요사항보고서(전환사채권발행결정),2024-07-24,KOSDAQ,4020.0,3985.0,3930.0,4160.0,-0.008706467661691586,-0.02238805970149249,0.03482587064676612,
611888,20240726900453,00577335,대성하이텍,129920,증권발행결과(자율공시)              (제5회차 전환사채),2024-07-26,KOSDAQ,3930.0,4085.0,4020.0,5390.0,0.0394402035623409,0.022900763358778553,0.37150127226463114,
415018,20250416000376,00577335,대성하이텍,129920,주요사항보고서(전환사채권발행결정),2025-04-16,KOSDAQ,3690.0,4795.0,4600.0,4300.0,0.2994579945799458,0.24661246612466114,0.16531165311653107,
379078,20250623900417,00577335,대성하이텍,129920,전환사채(해외전환사채포함)발행후만기전사채취득              (제4회차),2025-06-23,KOSDAQ,5250.0,4765.0,4670.0,4595.0,-0.09238095238095234,-0.1104761904761905,-0.12476190476190474,
21414,20260427900872,00577335,대성하이텍,129920,전환사채(해외전환사채포함)발행후만기전사채취득              (제5회차),2026-04-27,KOSDAQ,11340.0,11530.0,10800.0,8790.0,0.016754850088183337,-0.04761904761904767,-0.22486772486772488,
12946,20260511000476,00577335,대성하이텍,129920,주요사항보고서(전환사채권발행결정),2026-05-11,KOSDAQ,10740.0,9830.0,10740.0,9200.0,-0.08472998137802612,0.0,-0.14338919925512106,
872883,20230621000435,00172079,HLB파나진,046210,주요사항보고서(전환사채권발행결정),2023-06-21,KOSDAQ,4455.0,5790.0,5670.0,5590.0,0.29966329966329974,0.2727272727272727,0.25476992143658816,
872882,20230621000436,00172079,HLB파나진,046210,주요사항보고서(전환사채권발행결정),2023-06-21,KOSDAQ,4455.0,5790.0,5670.0,5590.0,0.29966329966329974,0.2727272727272727,0.25476992143658816,
769353,20240117000302,00172079,HLB파나진,046210,주요사항보고서(전환사채권발행결정),2024-01-17,KOSDAQ,3710.0,3805.0,3685.0,3665.0,0.025606469002695365,-0.006738544474393482,-0.0121293800539084,
652603,20240510000846,00172079,HLB파나진,046210,주요사항보고서(전환사채권발행결정),2024-05-10,KOSDAQ,4135.0,3995.0,4050.0,2985.0,-0.03385731559854899,-0.02055622732769047,-0.27811366384522374,
652601,20240510000864,00172079,HLB파나진,046210,주요사항보고서(전환사채권발행결정),2024-05-10,KOSDAQ,4135.0,3995.0,4050.0,2985.0,-0.03385731559854899,-0.02055622732769047,-0.27811366384522374,
543106,20241205000430,00172079,HLB파나진,046210,주요사항보고서(전환사채권발행결정),2024-12-05,KOSDAQ,2795.0,2695.0,2710.0,2810.0,-0.035778175313059046,-0.030411449016100156,0.005366726296958779,
520712,20250120900750,00172079,HLB파나진,046210,전환사채(해외전환사채포함)발행후만기전사채취득,2025-01-20,KOSDAQ,2980.0,3145.0,3115.0,3080.0,0.05536912751677847,0.04530201342281881,0.033557046979865834,
366781,20250718900370,00172079,HLB파나진,046210,전환사채(해외전환사채포함)발행후만기전사채취득,2025-07-18,KOSDAQ,2165.0,2085.0,2055.0,2045.0,-0.036951501154734445,-0.050808314087759765,-0.05542725173210161,
366778,20250718900372,00172079,HLB파나진,046210,전환사채(해외전환사채포함)발행후만기전사채취득,2025-07-18,KOSDAQ,2165.0,2085.0,2055.0,2045.0,-0.036951501154734445,-0.050808314087759765,-0.05542725173210161,
327278,20250930900602,00172079,HLB파나진,046210,전환사채(해외전환사채포함)발행후만기전사채취득,2025-09-30,KOSDAQ,1668.0,1668.0,1690.0,1631.0,0.0,0.01318944844124692,-0.02218225419664266,
321680,20251020900321,00172079,HLB파나진,046210,전환사채(해외전환사채포함)발행후만기전사채취득,2025-10-20,KOSDAQ,1634.0,1700.0,1719.0,1705.0,0.04039167686658507,0.052019583843329276,0.04345165238678095,
321677,20251020900327,00172079,HLB파나진,046210,전환사채(해외전환사채포함)발행후만기전사채취득,2025-10-20,KOSDAQ,1634.0,1700.0,1719.0,1705.0,0.04039167686658507,0.052019583843329276,0.04345165238678095,
271617,20260119900612,00172079,HLB파나진,046210,전환사채(해외전환사채포함)발행후만기전사채취득,2026-01-19,KOSDAQ,1676.0,1699.0,1631.0,1802.0,0.013723150357995317,-0.026849642004773244,0.07517899761336522,
271616,20260119900616,00172079,HLB파나진,046210,전환사채(해외전환사채포함)발행후만기전사채취득,2026-01-19,KOSDAQ,1676.0,1699.0,1631.0,1802.0,0.013723150357995317,-0.026849642004773244,0.07517899761336522,
106339,20260305901499,00172079,HLB파나진,046210,전환사채(해외전환사채포함)발행후만기전사채취득,2026-03-05,KOSDAQ,1939.0,2045.0,1908.0,2110.0,0.054667354306343396,-0.01598762248581742,0.0881897885507994,
106326,20260305901537,00172079,HLB파나진,046210,전환사채(해외전환사채포함)발행후만기전사채취득,2026-03-05,KOSDAQ,1939.0,2045.0,1908.0,2110.0,0.054667354306343396,-0.01598762248581742,0.0881897885507994,
871899,20230623000350,00309831,알에프텍,061040,주요사항보고서(전환사채권발행결정),2023-06-23,KOSDAQ,21210.0,21761.0,23737.0,22786.0,0.025978312116925917,0.11914191419141917,0.07430457331447426,
74291,20260330901554,00309831,알에프텍,061040,전환사채(해외전환사채포함)발행후만기전사채취득,2026-03-30,KOSDAQ,8199.0,8199.0,8104.0,8004.0,0.0,-0.011586778875472659,-0.023783388218075352,
58873,20260402900845,00309831,알에프텍,061040,전환사채(해외전환사채포함)발행후만기전사채취득,2026-04-02,KOSDAQ,7608.0,7774.0,8004.0,7748.0,0.021819137749737205,0.05205047318611977,0.018401682439537437,
871129,20230626000354,01397772,큐라클,365270,주요사항보고서(전환사채권발행결정),2023-06-26,KOSDAQ,8969.0,9074.0,8907.0,9048.0,0.011706990745902646,-0.006912699297580538,0.00880811684691718,
392717,20250528900296,01397772,큐라클,365270,전환사채(해외전환사채포함)발행후만기전사채취득              (제1회차),2025-05-28,KOSDAQ,4107.0,4103.0,4024.0,3980.0,-0.0009739469198928319,-0.020209398587776928,-0.030922814706598523,
871037,20230626000403,01062867,디알텍,214680,주요사항보고서(전환사채권발행결정),2023-06-27,KOSDAQ,3580.0,3940.0,3580.0,3420.0,0.1005586592178771,0.0,-0.04469273743016755,
645535,20240522000495,01062867,디알텍,214680,주요사항보고서(전환사채권발행결정),2024-05-22,KOSDAQ,3785.0,4610.0,4340.0,4255.0,0.21796565389696165,0.1466314398943196,0.12417437252311747,
502182,20250219001966,01062867,디알텍,214680,주요사항보고서(전환사채권발행결정),2025-02-19,KOSDAQ,2300.0,2215.0,2140.0,2145.0,-0.036956521739130443,-0.06956521739130439,-0.06739130434782614,
118991,20260611000651,01062867,디알텍,214680,주요사항보고서(전환사채권발행결정),2026-06-11,KOSDAQ,1310.0,1273.0,1306.0,1250.0,-0.028244274809160252,-0.003053435114503844,-0.04580152671755722,
870714,20230627000295,00531865,유니테크노,241690,주요사항보고서(전환사채권발행결정),2023-06-27,KOSDAQ,4590.0,4700.0,4625.0,4620.0,0.023965141612200425,0.007625272331154731,0.006535947712418277,
870710,20230627000305,00531865,유니테크노,241690,주요사항보고서(전환사채권발행결정),2023-06-27,KOSDAQ,4590.0,4700.0,4625.0,4620.0,0.023965141612200425,0.007625272331154731,0.006535947712418277,
262146,20260204900902,00531865,유니테크노,241690,전환사채(해외전환사채포함)발행후만기전사채취득,2026-02-04,KOSDAQ,4000.0,3825.0,3780.0,3880.0,-0.043749999999999956,-0.05500000000000005,-0.030000000000000027,
868999,20230629000683,00156600,한주라이트메탈,198940,주요사항보고서(전환사채권발행결정),2023-06-29,KOSDAQ,7470.0,7810.0,7754.0,8378.0,0.045515394912985174,0.038018741633199404,0.1215528781793842,
379757,20250620000468,00156600,한주라이트메탈,198940,주요사항보고서(전환사채권발행결정),2025-06-20,KOSDAQ,1540.0,1502.0,1522.0,1500.0,-0.024675324675324628,-0.011688311688311637,-0.025974025974025983,
374577,20250630900798,00156600,한주라이트메탈,198940,전환사채(해외전환사채포함)발행후만기전사채취득              (제4회차),2025-06-30,KOSDAQ,1502.0,1498.0,1478.0,1462.0,-0.0026631158455392434,-0.015978695073235683,-0.026631158455392767,
868354,20230630000403,01160363,에코프로비엠,247540,주요사항보고서(전환사채권발행결정),2023-06-30,KOSDAQ,249000.0,263500.0,274500.0,280000.0,0.05823293172690769,0.10240963855421681,0.12449799196787148,
866537,20230704000418,00187415,코미팜,041960,주요사항보고서(전환사채권발행결정),2023-07-04,KOSDAQ,6183.0,6183.0,5910.0,6083.0,0.0,-0.04415332362930613,-0.01617337861879342,
821945,20231004900366,00187415,코미팜,041960,전환사채(해외전환사채포함)발행후만기전사채취득,2023-10-04,KOSDAQ,5300.0,5350.0,5360.0,5430.0,0.009433962264151052,0.01132075471698113,0.02452830188679256,
775684,20240102900410,00187415,코미팜,041960,전환사채(해외전환사채포함)발행후만기전사채취득,2024-01-02,KOSDAQ,4230.0,4245.0,4170.0,4275.0,0.0035460992907800915,-0.014184397163120588,0.010638297872340496,
371615,20250707900329,00187415,코미팜,041960,전환사채(해외전환사채포함)발행후만기전사채취득,2025-07-07,KOSDAQ,5180.0,5380.0,5410.0,5390.0,0.03861003861003853,0.044401544401544424,0.04054054054054057,
361843,20250730000398,00187415,코미팜,041960,주요사항보고서(전환사채권발행결정),2025-07-30,KOSDAQ,5230.0,5290.0,5180.0,5310.0,0.011472275334607929,-0.009560229445506718,0.015296367112810794,
866479,20230704000493,01336461,뉴로메카,348340,주요사항보고서(전환사채권발행결정),2023-07-04,KOSDAQ,32494.0,31350.0,31017.0,28777.0,-0.03520649966147593,-0.045454545454545414,-0.11439034898750533,
545978,20241129001210,01336461,뉴로메카,348340,주요사항보고서(전환사채권발행결정),2024-11-29,KOSDAQ,25109.0,22869.0,22107.0,21726.0,-0.0892110398661834,-0.11955872396351908,-0.13473256601218686,
277983,20260106900176,01336461,뉴로메카,348340,전환사채(해외전환사채포함)발행후만기전사채취득,2026-01-06,KOSDAQ,31445.0,31445.0,30874.0,41308.0,0.0,-0.018158689775799042,0.3136587692796946,
866145,20230705000170,00661847,화인베스틸,133820,주요사항보고서(전환사채권발행결정),2023-07-05,KOSPI,2595.0,2450.0,2490.0,2560.0,-0.055876685934489356,-0.040462427745664775,-0.013487475915221592,
866132,20230705000183,00661847,화인베스틸,133820,주요사항보고서(전환사채권발행결정),2023-07-05,KOSPI,2595.0,2450.0,2490.0,2560.0,-0.055876685934489356,-0.040462427745664775,-0.013487475915221592,
865604,20230706000311,00542074,LSK아이로봇,091970,주요사항보고서(전환사채권발행결정),2023-07-06,KOSDAQ,4420.0,4360.0,4560.0,4600.0,-0.013574660633484115,0.03167420814479649,0.040723981900452566,
819089,20231011000445,00542074,LSK아이로봇,091970,주요사항보고서(전환사채권발행결정),2023-10-11,KOSDAQ,5080.0,5065.0,5155.0,4825.0,-0.0029527559055118058,0.014763779527559029,-0.05019685039370081,
819085,20231011000459,00542074,LSK아이로봇,091970,주요사항보고서(전환사채권발행결정),2023-10-11,KOSDAQ,5080.0,5065.0,5155.0,4825.0,-0.0029527559055118058,0.014763779527559029,-0.05019685039370081,
819082,20231011000486,00542074,LSK아이로봇,091970,주요사항보고서(전환사채권발행결정),2023-10-11,KOSDAQ,5080.0,5065.0,5155.0,4825.0,-0.0029527559055118058,0.014763779527559029,-0.05019685039370081,
639704,20240531900369,00542074,LSK아이로봇,091970,전환사채(해외전환사채포함)발행후만기전사채취득              (제7회차),2024-05-31,KOSDAQ,3220.0,3190.0,3245.0,3205.0,-0.009316770186335366,0.007763975155279601,-0.004658385093167738,
628263,20240624900239,00542074,LSK아이로봇,091970,전환사채(해외전환사채포함)발행후만기전사채취득              (제6회차),2024-06-24,KOSDAQ,2855.0,3080.0,3000.0,3105.0,0.07880910683012265,0.05078809106830118,0.08756567425569184,
568939,20241018000299,00542074,LSK아이로봇,091970,주요사항보고서(전환사채권발행결정),2024-10-18,KOSDAQ,3455.0,3315.0,3235.0,3100.0,-0.04052098408104199,-0.06367583212735162,-0.10274963820549932,
565246,20241028000372,00542074,LSK아이로봇,091970,주요사항보고서(전환사채권발행결정),2024-10-28,KOSDAQ,3020.0,2980.0,2990.0,2900.0,-0.013245033112582738,-0.009933774834437137,-0.039735099337748325,
551406,20241122000422,00542074,LSK아이로봇,091970,주요사항보고서(전환사채권발행결정),2024-11-22,KOSDAQ,3095.0,3005.0,2985.0,3240.0,-0.029079159935379684,-0.03554119547657508,0.04684975767366728,
273762,20260113900299,00542074,LSK아이로봇,091970,전환사채(해외전환사채포함)발행후만기전사채취득              (제12회차),2026-01-13,KOSDAQ,3000.0,2995.0,2990.0,2950.0,-0.0016666666666667052,-0.0033333333333332993,-0.01666666666666672,
118373,20260612900677,00542074,LSK아이로봇,091970,전환사채(해외전환사채포함)발행후만기전사채취득              (제9회차),2026-06-12,KOSDAQ,3025.0,2995.0,2845.0,3570.0,-0.00991735537190086,-0.05950413223140494,0.18016528925619846,
864870,20230707000578,00675594,디티앤씨,187220,주요사항보고서(전환사채권발행결정),2023-07-07,KOSDAQ,5210.0,4870.0,5000.0,4690.0,-0.06525911708253362,-0.040307101727447225,-0.09980806142034548,
382390,20250613000433,00675594,디티앤씨,187220,주요사항보고서(전환사채권발행결정),2025-06-13,KOSDAQ,3035.0,3050.0,2955.0,2945.0,0.0049423393739702615,-0.02635914332784184,-0.029654036243822124,
369298,20250711900399,00675594,디티앤씨,187220,전환사채(해외전환사채포함)발행후만기전사채취득,2025-07-11,KOSDAQ,2880.0,2860.0,2870.0,2845.0,-0.00694444444444442,-0.00347222222222221,-0.01215277777777779,
864240,20230710000487,00134723,페이퍼코리아,001020,주요사항보고서(전환사채권발행결정),2023-07-10,KOSPI,5705.0,4370.0,4315.0,4390.0,-0.23400525854513587,-0.24364592462751977,-0.23049956178790532,
863485,20230711000434,00163512,한진,002320,[첨부추가]주요사항보고서(전환사채권발행결정),2023-07-11,KOSPI,18980.0,19100.0,19140.0,19270.0,0.006322444678608985,0.008429926238145313,0.015279241306638491,
861222,20230717000331,00888347,휴젤,145020,특수관계인에대한전환사채발행의결,2023-07-17,KOSDAQ,110200.0,108200.0,108300.0,105400.0,-0.01814882032667875,-0.017241379310344862,-0.04355716878402904,
861164,20230717000375,00418379,자연과환경,043910,주요사항보고서(전환사채권발행결정),2023-07-17,KOSDAQ,14770.0,14160.0,13550.0,11910.0,-0.04129993229519291,-0.08259986459038593,-0.1936357481381178,
366134,20250721900354,00418379,자연과환경,043910,전환사채(해외전환사채포함)발행후만기전사채취득,2025-07-21,KOSDAQ,7610.0,7430.0,7310.0,7140.0,-0.023653088042049908,-0.03942181340341655,-0.06176084099868595,
347935,20250819000264,00418379,자연과환경,043910,주요사항보고서(전환사채권발행결정),2025-08-19,KOSDAQ,7530.0,7410.0,7370.0,7300.0,-0.015936254980079667,-0.021248339973439556,-0.030544488711819362,
860745,20230718000372,01429840,아이티아이즈,372800,주요사항보고서(전환사채권발행결정),2023-07-18,KOSDAQ,9170.0,8850.0,9010.0,8260.0,-0.034896401308615044,-0.017448200654307522,-0.0992366412213741,
522300,20250115000254,01429840,아이티아이즈,372800,주요사항보고서(전환사채권발행결정),2025-01-15,KOSDAQ,4620.0,4500.0,4460.0,4610.0,-0.025974025974025983,-0.03463203463203468,-0.0021645021645021467,
516687,20250131900437,01429840,아이티아이즈,372800,전환사채(해외전환사채포함)발행후만기전사채취득,2025-01-31,KOSDAQ,4600.0,4610.0,4675.0,4875.0,0.0021739130434783593,0.016304347826086918,0.059782608695652106,
271659,20260119900555,01429840,아이티아이즈,372800,전환사채(해외전환사채포함)발행후만기전사채취득,2026-01-19,KOSDAQ,4485.0,4455.0,4345.0,7180.0,-0.006688963210702337,-0.031215161649944312,0.600891861761427,
262870,20260203000346,01429840,아이티아이즈,372800,주요사항보고서(전환사채권발행결정),2026-02-03,KOSDAQ,5620.0,5890.0,5530.0,5000.0,0.04804270462633453,-0.016014234875444844,-0.11032028469750887,
858994,20230721000628,01303029,알비더블유,361570,주요사항보고서(전환사채권발행결정),2023-07-21,KOSDAQ,6170.0,5590.0,5440.0,4925.0,-0.09400324149108585,-0.11831442463533226,-0.2017828200972447,
777316,20231228900492,01303029,알비더블유,361570,기타주요경영사항(제1회차 전환사채 발행결정 철회),2023-12-28,KOSDAQ,3985.0,4040.0,4020.0,4120.0,0.013801756587201952,0.008782936010037545,0.03387703889585958,
346899,20250821000520,01303029,알비더블유,361570,주요사항보고서(전환사채권발행결정),2025-08-21,KOSDAQ,2170.0,2135.0,2180.0,2125.0,-0.016129032258064502,0.004608294930875667,-0.020737327188940058,
858388,20230724000313,01514698,엑스플러스,373200,주요사항보고서(전환사채권발행결정),2023-07-24,KOSDAQ,6045.0,5825.0,5405.0,5955.0,-0.03639371381306866,-0.10587262200165426,-0.01488833746898266,
808771,20231106900342,01514698,엑스플러스,373200,전환사채(해외전환사채포함)발행후만기전사채취득(제2회차),2023-11-06,KOSDAQ,8670.0,8730.0,9130.0,9070.0,0.006920415224913601,0.053056516724336866,0.046136101499423265,
808538,20231106900574,01514698,엑스플러스,373200,전환사채(해외전환사채포함)발행후만기전사채취득(제2회차),2023-11-06,KOSDAQ,8670.0,8730.0,9130.0,9070.0,0.006920415224913601,0.053056516724336866,0.046136101499423265,
647253,20240517000004,01514698,엑스플러스,373200,주요사항보고서(전환사채권발행결정),2024-05-17,KOSDAQ,9155.0,8870.0,8400.0,8350.0,-0.031130529765155623,-0.08246859639541237,-0.08793009284543962,
646947,20240517900399,01514698,엑스플러스,373200,전환사채(해외전환사채포함)발행후만기전사채취득              (제2회차),2024-05-17,KOSDAQ,9155.0,8870.0,8400.0,8350.0,-0.031130529765155623,-0.08246859639541237,-0.08793009284543962,
467041,20250324000924,01514698,엑스플러스,373200,주요사항보고서(전환사채권발행결정),2025-03-24,KOSDAQ,3990.0,3995.0,3900.0,3715.0,0.0012531328320801727,-0.022556390977443663,-0.06892230576441105,
382608,20250613000268,01514698,엑스플러스,373200,주요사항보고서(전환사채권발행결정),2025-06-13,KOSDAQ,3240.0,3455.0,3400.0,3405.0,0.06635802469135799,0.04938271604938271,0.05092592592592582,
855056,20230731000243,00536286,윈팩,097800,주요사항보고서(전환사채권발행결정),2023-07-31,KOSDAQ,7025.0,7080.0,6910.0,6670.0,0.00782918149466183,-0.016370106761565806,-0.05053380782918149,
787426,20231211900655,00536286,윈팩,097800,전환사채(해외전환사채포함)발행후만기전사채취득,2023-12-11,KOSDAQ,5540.0,5850.0,5910.0,5860.0,0.05595667870036092,0.06678700361010836,0.05776173285198549,
643290,20240528900533,00536286,윈팩,097800,전환사채(해외전환사채포함)발행후만기전사채취득,2024-05-28,KOSDAQ,5320.0,5245.0,5395.0,5340.0,-0.014097744360902276,0.014097744360902276,0.003759398496240518,
359431,20250804900231,00536286,윈팩,097800,전환사채(해외전환사채포함)발행후만기전사채취득,2025-08-04,KOSDAQ,2240.0,2245.0,2240.0,2480.0,0.0022321428571427937,0.0,0.1071428571428572,
855002,20230731900432,00688358,하이즈항공,221840,전환사채(해외전환사채포함)발행후만기전사채취득,2023-07-31,KOSDAQ,2985.0,2975.0,2990.0,2945.0,-0.00335008375209378,0.0016750418760469454,-0.01340033500837523,
854057,20230802000174,00604028,피코그램,376180,주요사항보고서(전환사채권발행결정),2023-08-02,KOSDAQ,6650.0,6480.0,6450.0,6550.0,-0.025563909774436122,-0.03007518796992481,-0.015037593984962405,
515328,20250204900607,00604028,피코그램,376180,전환사채(해외전환사채포함)발행후만기전사채취득              (제1회차),2025-02-04,KOSDAQ,2525.0,2580.0,2560.0,2495.0,0.0217821782178218,0.013861386138613874,-0.011881188118811892,
405077,20250507900416,00604028,피코그램,376180,전환사채(해외전환사채포함)발행후만기전사채취득              (제1회차),2025-05-07,KOSDAQ,2325.0,2320.0,2275.0,2420.0,-0.0021505376344086446,-0.021505376344086002,0.04086021505376336,
359430,20250804900232,00604028,피코그램,376180,전환사채(해외전환사채포함)발행후만기전사채취득,2025-08-04,KOSDAQ,3220.0,3250.0,3300.0,3240.0,0.009316770186335477,0.024844720496894457,0.006211180124223503,
314745,20251104900421,00604028,피코그램,376180,전환사채(해외전환사채포함)발행후만기전사채취득,2025-11-04,KOSDAQ,2600.0,2525.0,2540.0,2520.0,-0.028846153846153855,-0.023076923076923106,-0.03076923076923077,
262142,20260204900907,00604028,피코그램,376180,전환사채(해외전환사채포함)발행후만기전사채취득,2026-02-04,KOSDAQ,2535.0,2540.0,2490.0,2610.0,0.0019723865877712132,-0.017751479289940808,0.029585798816567976,
16218,20260504900513,00604028,피코그램,376180,전환사채(해외전환사채포함)발행후만기전사채취득,2026-05-04,KOSDAQ,2960.0,2930.0,2815.0,2480.0,-0.010135135135135087,-0.048986486486486513,-0.16216216216216217,
853869,20230802000364,00694942,이미지스,115610,주요사항보고서(전환사채권발행결정),2023-08-02,KOSDAQ,5442.0,4815.0,5578.0,5652.0,-0.11521499448732087,0.02499081220139665,0.03858875413450935,
561890,20241104900514,00694942,이미지스,115610,전환사채(해외전환사채포함)발행후만기전사채취득              (제1회차),2024-11-04,KOSDAQ,6088.0,6188.0,6034.0,5988.0,0.016425755584756896,-0.008869908015768702,-0.016425755584756896,
412909,20250421900670,00694942,이미지스,115610,전환사채(해외전환사채포함)발행후만기전사채취득              (제1회차),2025-04-21,KOSDAQ,2912.0,2900.0,2894.0,2976.0,-0.004120879120879106,-0.006181318681318659,0.0219780219780219,
411902,20250423900393,00694942,이미지스,115610,전환사채(해외전환사채포함)발행후만기전사채취득              (제1회차),2025-04-23,KOSDAQ,2894.0,2898.0,2920.0,3130.0,0.0013821700069107656,0.00898410504492042,0.08154803040774006,
852945,20230804000116,01084294,오토앤,353590,주요사항보고서(전환사채권발행결정),2023-08-04,KOSDAQ,9640.0,9630.0,9310.0,9680.0,-0.0010373443983402453,-0.034232365145228205,0.004149377593360981,
356902,20250808900547,01084294,오토앤,353590,전환사채(해외전환사채포함)발행후만기전사채취득,2025-08-08,KOSDAQ,3050.0,3010.0,3110.0,3115.0,-0.013114754098360604,0.01967213114754096,0.021311475409836023,
312268,20251110900559,01084294,오토앤,353590,전환사채(해외전환사채포함)발행후만기전사채취득,2025-11-10,KOSDAQ,3275.0,3355.0,3250.0,3390.0,0.02442748091603053,-0.007633587786259555,0.03511450381679393,
304688,20251120000396,01084294,오토앤,353590,주요사항보고서(전환사채권발행결정),2025-11-20,KOSDAQ,3170.0,3050.0,2985.0,2950.0,-0.03785488958990535,-0.05835962145110407,-0.06940063091482651,
257993,20260209900854,01084294,오토앤,353590,전환사채(해외전환사채포함)발행후만기전사채취득,2026-02-09,KOSDAQ,3360.0,3310.0,3355.0,3295.0,-0.014880952380952328,-0.0014880952380952328,-0.019345238095238138,
851980,20230807000401,00871833,에스티팜,237690,주요사항보고서(전환사채권발행결정),2023-08-07,KOSDAQ,78800.0,74000.0,82200.0,82600.0,-0.060913705583756306,0.043147208121827374,0.048223350253807196,
851971,20230807800526,00116824,동아쏘시오홀딩스,000640,주요사항보고서(전환사채권발행결정)(자회사의 주요경영사항)(제2회차),2023-08-07,KOSPI,81987.0,81892.0,86610.0,89818.0,-0.0011587202849232536,0.05638698818105303,0.09551514264456551,
851652,20230808000253,00142713,형지I&C,011080,주요사항보고서(전환사채권발행결정),2023-08-08,KOSDAQ,8868.0,8890.0,8890.0,10022.0,0.0024808299503833453,0.0024808299503833453,0.13013080739738392,
511452,20250210900698,00142713,형지I&C,011080,전환사채(해외전환사채포함)발행후만기전사채취득,2025-02-10,KOSDAQ,10055.0,10447.0,10001.0,10751.0,0.03898557931377433,-0.005370462456489311,0.06921929388364001,
849624,20230810000961,01480780,NH올원리츠,400760,주요사항보고서(전환사채권발행결정),2023-08-10,KOSPI,3018.0,3042.0,3037.0,3028.0,0.007952286282306265,0.006295559973492404,0.003313452617627499,
847455,20230811001886,01082418,SAMG엔터,419530,주요사항보고서(전환사채권발행결정),2023-08-11,KOSDAQ,24200.0,22500.0,21700.0,20200.0,-0.07024793388429751,-0.10330578512396693,-0.1652892561983471,
250033,20260219900541,01082418,SAMG엔터,419530,전환사채(해외전환사채포함)발행후만기전사채취득              (제2회차),2026-02-19,KOSDAQ,37600.0,37350.0,37150.0,35800.0,-0.0066489361702127825,-0.01196808510638303,-0.0478723404255319,
842838,20230816000330,01251595,압타바이오,293780,주요사항보고서(전환사채권발행결정),2023-08-16,KOSDAQ,11180.0,10890.0,10190.0,10690.0,-0.025939177101967803,-0.08855098389982108,-0.043828264758497326,
838299,20230828000357,01012640,슈어소프트테크,298830,주요사항보고서(전환사채권발행결정),2023-08-28,KOSDAQ,8140.0,8190.0,9700.0,11210.0,0.006142506142506221,0.19164619164619157,0.37714987714987713,
339471,20250901900511,01012640,슈어소프트테크,298830,전환사채(해외전환사채포함)발행후만기전사채취득              (제1회차),2025-09-01,KOSDAQ,4675.0,4715.0,4815.0,4760.0,0.00855614973262031,0.0299465240641712,0.018181818181818077,
838074,20230828900449,01113718,올릭스,226950,전환사채(해외전환사채포함)발행후만기전사채취득,2023-08-28,KOSDAQ,15830.0,15460.0,19000.0,19030.0,-0.023373341756159238,0.2002526847757422,0.2021478205938092,
788706,20231207000480,01113718,올릭스,226950,주요사항보고서(전환사채권발행결정),2023-12-07,KOSDAQ,13660.0,13340.0,13200.0,13150.0,-0.02342606149341142,-0.03367496339677889,-0.03733528550512444,
784535,20231214901395,01113718,올릭스,226950,전환사채(해외전환사채포함)발행후만기전사채취득,2023-12-14,KOSDAQ,13150.0,13260.0,13190.0,14440.0,0.008365019011406849,0.003041825095057016,0.09809885931558937,
783238,20231215901437,01113718,올릭스,226950,전환사채(해외전환사채포함)발행후만기전사채취득,2023-12-15,KOSDAQ,13260.0,13190.0,13930.0,14830.0,-0.005279034690799378,0.05052790346907998,0.11840120663650078,
720013,20240321000004,01113718,올릭스,226950,주요사항보고서(전환사채권발행결정),2024-03-21,KOSDAQ,15640.0,16860.0,17330.0,16160.0,0.07800511508951402,0.10805626598465468,0.03324808184143224,
379210,20250623900239,01113718,올릭스,226950,전환사채(해외전환사채포함)발행후만기전사채취득,2025-06-23,KOSDAQ,38950.0,40150.0,39300.0,34800.0,0.030808729139923052,0.00898587933247752,-0.1065468549422336,
837306,20230829000575,00571298,덕우전자,263600,주요사항보고서(전환사채권발행결정),2023-08-29,KOSDAQ,9550.0,9790.0,9960.0,9980.0,0.025130890052355914,0.04293193717277477,0.04502617801047126,
337469,20250905900317,00571298,덕우전자,263600,전환사채(해외전환사채포함)발행후만기전사채취득,2025-09-05,KOSDAQ,4820.0,4830.0,4825.0,4710.0,0.0020746887966804906,0.0010373443983402453,-0.022821576763485507,
833711,20230831001545,01436558,신한서부티엔디리츠,404990,주요사항보고서(전환사채권발행결정),2023-08-31,KOSPI,3385.0,3395.0,3385.0,3270.0,0.002954209748892156,0.0,-0.033973412112260015,
748419,20240222002142,01436558,신한서부티엔디리츠,404990,주요사항보고서(전환사채권발행결정),2024-02-22,KOSPI,3760.0,3760.0,3780.0,3770.0,0.0,0.005319148936170137,0.0026595744680850686,
833249,20230901000246,00155355,풀무원,017810,주요사항보고서(전환사채권발행결정),2023-09-01,KOSPI,10930.0,10850.0,10560.0,10410.0,-0.007319304666056681,-0.03385178408051237,-0.04757548032936876,
833206,20230901000271,00155355,풀무원,017810,주요사항보고서(전환사채권발행결정),2023-09-01,KOSPI,10930.0,10850.0,10560.0,10410.0,-0.007319304666056681,-0.03385178408051237,-0.04757548032936876,
832731,20230904000157,00108746,DKME,015590,주요사항보고서(전환사채권발행결정),2023-09-04,KOSPI,4370.0,4465.0,4420.0,5020.0,0.021739130434782705,0.011441647597254079,0.14874141876430214,
832290,20230905000252,00964595,엔바이오니아,317870,주요사항보고서(전환사채권발행결정),2023-09-05,KOSDAQ,19970.0,19670.0,19350.0,18960.0,-0.015022533800701066,-0.031046569854782158,-0.050575863795693565,
681874,20240408900356,00964595,엔바이오니아,317870,전환사채(해외전환사채포함)발행후만기전사채취득,2024-04-08,KOSDAQ,20100.0,20600.0,20400.0,19450.0,0.02487562189054726,0.014925373134328401,-0.03233830845771146,
407926,20250429000915,00964595,엔바이오니아,317870,주요사항보고서(전환사채권발행결정),2025-04-29,KOSDAQ,19120.0,18680.0,18460.0,18140.0,-0.023012552301255207,-0.03451882845188281,-0.05125523012552302,
832153,20230905000382,00530413,더코디,224060,주요사항보고서(전환사채권발행결정),2023-09-05,KOSDAQ,7900.0,7980.0,8670.0,11160.0,0.010126582278481067,0.09746835443037982,0.41265822784810124,
832117,20230905000392,00530413,더코디,224060,주요사항보고서(전환사채권발행결정),2023-09-06,KOSDAQ,7980.0,8670.0,10600.0,10410.0,0.08646616541353391,0.32832080200501257,0.3045112781954886,
587273,20240902900442,00530413,더코디,224060,전환사채(해외전환사채포함)발행후만기전사채취득              (제9회차),2024-09-02,KOSDAQ,5000.0,5020.0,5050.0,5290.0,0.0040000000000000036,0.010000000000000009,0.05800000000000005,
579961,20240920900243,00530413,더코디,224060,전환사채(해외전환사채포함)발행후만기전사채취득              (제8회차),2024-09-20,KOSDAQ,4925.0,5160.0,5230.0,5340.0,0.04771573604060908,0.061928934010152314,0.08426395939086295,
97180,20260313000004,00530413,더코디,224060,주요사항보고서(전환사채권발행결정),2026-03-13,KOSDAQ,5300.0,5350.0,4905.0,7110.0,0.009433962264151052,-0.07452830188679249,0.3415094339622642,
829124,20230913000278,01407909,원텍,336570,주요사항보고서(전환사채권발행결정),2023-09-13,KOSDAQ,13010.0,13350.0,12190.0,11360.0,0.02613374327440421,-0.06302843966179861,-0.12682551883166793,
10417,20260514000557,01407909,원텍,336570,주요사항보고서(전환사채권발행결정),2026-05-14,KOSDAQ,7870.0,8080.0,7700.0,8900.0,0.02668360864040653,-0.021601016518424387,0.13087674714104192,
117735,20260615900444,01407909,원텍,336570,전환사채(해외전환사채포함)발행후만기전사채취득,2026-06-15,KOSDAQ,7010.0,6620.0,6610.0,5930.0,-0.05563480741797433,-0.05706134094151216,-0.15406562054208273,
827457,20230918900246,01686755,파인엠텍,441270,전환사채(해외전환사채포함)발행후만기전사채취득(제7회차),2023-09-18,KOSDAQ,7820.0,8040.0,8180.0,7590.0,0.028132992327365658,0.04603580562659837,-0.02941176470588236,
563275,20241031900445,01686755,파인엠텍,441270,전환사채(해외전환사채포함)발행후만기전사채취득              (제7회차),2024-10-31,KOSDAQ,5930.0,5920.0,6160.0,5860.0,-0.001686340640809414,0.038785834738617186,-0.01180438448566612,
520043,20250121000346,01686755,파인엠텍,441270,주요사항보고서(전환사채권발행결정),2025-01-21,KOSDAQ,5540.0,5550.0,5380.0,4870.0,0.0018050541516245744,-0.028880866425992746,-0.12093862815884482,
3751,20260521000737,01686755,파인엠텍,441270,주요사항보고서(전환사채권발행결정),2026-05-21,KOSDAQ,9700.0,10370.0,10600.0,9070.0,0.06907216494845358,0.09278350515463907,-0.06494845360824741,
826849,20230919000333,00439965,나노신소재,121600,주요사항보고서(전환사채권발행결정),2023-09-19,KOSDAQ,153800.0,152000.0,144100.0,132700.0,-0.011703511053316018,-0.06306892067620284,-0.1371911573472041,
826843,20230919000340,00439965,나노신소재,121600,주요사항보고서(전환사채권발행결정),2023-09-19,KOSDAQ,153800.0,152000.0,144100.0,132700.0,-0.011703511053316018,-0.06306892067620284,-0.1371911573472041,
84795,20260323902198,00439965,나노신소재,121600,전환사채(해외전환사채포함)발행후만기전사채취득,2026-03-23,KOSDAQ,59500.0,61900.0,62700.0,67100.0,0.04033613445378159,0.05378151260504205,0.12773109243697478,
825322,20230922000276,00367455,현우산업,092300,주요사항보고서(전환사채권발행결정),2023-09-22,KOSDAQ,4210.0,4050.0,3985.0,3850.0,-0.038004750593824244,-0.05344418052256528,-0.08551068883610446,
464911,20250326900777,00367455,현우산업,092300,전환사채(해외전환사채포함)발행후만기전사채취득,2025-03-26,KOSDAQ,2920.0,2850.0,2755.0,2750.0,-0.023972602739726012,-0.05650684931506844,-0.05821917808219179,
377390,20250626900180,00367455,현우산업,092300,전환사채(해외전환사채포함)발행후만기전사채취득,2025-06-26,KOSDAQ,2785.0,2795.0,2755.0,2815.0,0.0035906642728904536,-0.010771992818671472,0.010771992818671361,
329179,20250926900241,00367455,현우산업,092300,전환사채(해외전환사채포함)발행후만기전사채취득,2025-09-26,KOSDAQ,2950.0,3040.0,2970.0,3230.0,0.03050847457627115,0.006779661016949046,0.0949152542372882,
304781,20251120000308,00367455,현우산업,092300,주요사항보고서(전환사채권발행결정),2025-11-20,KOSDAQ,3525.0,3360.0,3360.0,3225.0,-0.04680851063829783,-0.04680851063829783,-0.08510638297872342,
824597,20230925000359,01357765,큐라티스,348080,주요사항보고서(전환사채권발행결정),2023-09-25,KOSDAQ,3350.0,2770.0,3155.0,3140.0,-0.17313432835820897,-0.05820895522388059,-0.06268656716417909,
714185,20240326901005,01357765,큐라티스,348080,전환사채(해외전환사채포함)발행후만기전사채취득              (제1회차),2024-03-26,KOSDAQ,2080.0,1996.0,1973.0,1851.0,-0.04038461538461535,-0.05144230769230773,-0.1100961538461539,
563021,20241031000507,01357765,큐라티스,348080,주요사항보고서(전환사채권발행결정),2024-10-31,KOSDAQ,937.0,876.0,876.0,831.0,-0.06510138740661686,-0.06510138740661686,-0.11312700106723583,
543695,20241204900329,01357765,큐라티스,348080,전환사채(해외전환사채포함)발행후만기전사채취득              (제3회차),2024-12-04,KOSDAQ,625.0,602.0,567.0,584.0,-0.036800000000000055,-0.0928,-0.06559999999999999,
824577,20230925000368,01109070,비피도,238200,주요사항보고서(전환사채권발행결정),2023-09-25,KOSDAQ,6496.0,6445.0,6404.0,6015.0,-0.007850985221674822,-0.014162561576354649,-0.07404556650246308,
795217,20231128000940,01109070,비피도,238200,주요사항보고서(전환사채권발행결정),2023-11-28,KOSDAQ,5586.0,5453.0,5371.0,5248.0,-0.023809523809523836,-0.0384890798424633,-0.06050841389187256,
618653,20240710900481,01109070,비피도,238200,전환사채(해외전환사채포함)발행후만기전사채취득,2024-07-10,KOSDAQ,4650.0,4650.0,4650.0,4650.0,0.0,0.0,0.0,
824542,20230925900524,01275665,리메드,302550,전환사채(해외전환사채포함)발행후만기전사채취득,2023-09-25,KOSDAQ,4120.0,4100.0,3640.0,3610.0,-0.004854368932038833,-0.11650485436893199,-0.12378640776699024,
778137,20231227900466,01275665,리메드,302550,전환사채(해외전환사채포함)발행후만기전사채취득,2023-12-27,KOSDAQ,3120.0,3255.0,3280.0,3350.0,0.04326923076923084,0.05128205128205132,0.07371794871794868,
746130,20240226005312,01275665,리메드,302550,주요사항보고서(전환사채권발행결정),2024-02-26,KOSDAQ,2805.0,2965.0,2825.0,2730.0,0.057040998217468886,0.007130124777183555,-0.0267379679144385,
298467,20251128900722,01275665,리메드,302550,전환사채(해외전환사채포함)발행후만기전사채취득,2025-11-28,KOSDAQ,3155.0,3080.0,3185.0,3185.0,-0.023771790808240878,0.009508716323296307,0.009508716323296307,
824286,20230925000572,00642541,제이에스링크,127120,주요사항보고서(전환사채권발행결정),2023-09-26,KOSDAQ,3975.0,3865.0,3710.0,3715.0,-0.02767295597484276,-0.06666666666666665,-0.06540880503144653,
767901,20240122000232,00642541,제이에스링크,127120,주요사항보고서(전환사채권발행결정),2024-01-22,KOSDAQ,3225.0,3240.0,3250.0,3250.0,0.0046511627906977715,0.007751937984496138,0.007751937984496138,
629654,20240620000252,00642541,제이에스링크,127120,주요사항보고서(전환사채권발행결정),2024-06-20,KOSDAQ,2385.0,2585.0,2670.0,2440.0,0.0838574423480083,0.11949685534591192,0.023060796645702375,
596030,20240821900268,00642541,제이에스링크,127120,전환사채(해외전환사채포함)발행후만기전사채취득              (제11회차),2024-08-21,KOSDAQ,3330.0,3545.0,3465.0,3315.0,0.0645645645645645,0.04054054054054057,-0.0045045045045044585,
556010,20241114001363,00642541,제이에스링크,127120,주요사항보고서(전환사채권발행결정),2024-11-14,KOSDAQ,3850.0,3835.0,3740.0,3545.0,-0.003896103896103842,-0.02857142857142858,-0.07922077922077919,
535032,20241217000426,00642541,제이에스링크,127120,주요사항보고서(전환사채권발행결정),2024-12-17,KOSDAQ,4200.0,4525.0,4730.0,5160.0,0.07738095238095233,0.1261904761904762,0.22857142857142865,
365628,20250722000225,00642541,제이에스링크,127120,주요사항보고서(전환사채권발행결정),2025-07-22,KOSDAQ,14000.0,14530.0,15140.0,14180.0,0.03785714285714281,0.0814285714285714,0.0128571428571429,
358409,20250806000259,00642541,제이에스링크,127120,주요사항보고서(전환사채권발행결정),2025-08-06,KOSDAQ,15810.0,15180.0,15210.0,16740.0,-0.03984819734345346,-0.0379506641366224,0.05882352941176472,
331425,20250922000234,00642541,제이에스링크,127120,주요사항보고서(전환사채권발행결정),2025-09-22,KOSDAQ,23500.0,25100.0,25100.0,23500.0,0.06808510638297882,0.06808510638297882,0.0,
11379,20260513000499,00642541,제이에스링크,127120,주요사항보고서(전환사채권발행결정),2026-05-13,KOSDAQ,40400.0,40500.0,35600.0,36550.0,0.0024752475247524774,-0.1188118811881188,-0.09529702970297027,
11378,20260513000505,00642541,제이에스링크,127120,주요사항보고서(전환사채권발행결정),2026-05-13,KOSDAQ,40400.0,40500.0,35600.0,36550.0,0.0024752475247524774,-0.1188118811881188,-0.09529702970297027,
823555,20230926000656,00574611,SDN,099220,주요사항보고서(전환사채권발행결정),2023-09-26,KOSDAQ,1309.0,1290.0,1230.0,1237.0,-0.014514896867838023,-0.06035141329258975,-0.05500381970970203,
462259,20250327901519,00574611,SDN,099220,전환사채(해외전환사채포함)발행후만기전사채취득,2025-03-27,KOSDAQ,1043.0,1001.0,980.0,1165.0,-0.04026845637583898,-0.06040268456375841,0.11697027804410354,
823547,20230926000665,00599151,SV인베스트먼트,289080,주요사항보고서(전환사채권발행결정),2023-09-26,KOSDAQ,1808.0,1791.0,1721.0,2290.0,-0.009402654867256666,-0.04811946902654862,0.2665929203539823,
414219,20250417000522,00599151,SV인베스트먼트,289080,주요사항보고서(전환사채권발행결정),2025-04-17,KOSDAQ,1490.0,1500.0,1874.0,1596.0,0.006711409395973256,0.25771812080536916,0.07114093959731549,
409981,20250425900780,00599151,SV인베스트먼트,289080,전환사채(해외전환사채포함)발행후만기전사채취득,2025-04-25,KOSDAQ,1630.0,1585.0,1570.0,1558.0,-0.027607361963190136,-0.036809815950920255,-0.04417177914110426,
823472,20230926000742,00249441,씨씨에스,066790,주요사항보고서(전환사채권발행결정),2023-09-26,KOSDAQ,1160.0,1145.0,1340.0,1432.0,-0.012931034482758674,0.15517241379310343,0.23448275862068968,
577021,20240927900002,00249441,씨씨에스,066790,기타주요경영사항              (제13회차 전환사채권 발행결정 철회),2024-09-27,KOSDAQ,2155.0,1871.0,1780.0,1717.0,-0.13178654292343384,-0.17401392111368907,-0.20324825986078887,
820613,20231006000399,01526806,삼기에너지솔루션즈,419050,주요사항보고서(전환사채권발행결정),2023-10-06,KOSDAQ,3245.0,3365.0,3540.0,3270.0,0.036979969183358996,0.09090909090909083,0.007704160246533087,
338821,20250902000329,01526806,삼기에너지솔루션즈,419050,주요사항보고서(전환사채권발행결정),2025-09-02,KOSDAQ,2130.0,2060.0,2085.0,2085.0,-0.032863849765258246,-0.021126760563380254,-0.021126760563380254,
324248,20251013900444,01526806,삼기에너지솔루션즈,419050,전환사채(해외전환사채포함)발행후만기전사채취득              (제1회차),2025-10-13,KOSDAQ,2040.0,2180.0,2185.0,2280.0,0.06862745098039214,0.07107843137254899,0.11764705882352944,
819792,20231010000544,01515864,넥스트칩,396270,주요사항보고서(전환사채권발행결정),2023-10-10,KOSDAQ,13147.0,15166.0,15627.0,15334.0,0.1535711569179281,0.18863619076595417,0.16634973758271854,
324385,20251013900246,01515864,넥스트칩,396270,전환사채(해외전환사채포함)발행후만기전사채취득              (제1회차),2025-10-13,KOSDAQ,2652.0,2681.0,2689.0,2585.0,0.010935143288084426,0.013951734539969785,-0.02526395173453999,
274881,20260112900279,01515864,넥스트칩,396270,전환사채(해외전환사채포함)발행후만기전사채취득              (제1회차),2026-01-12,KOSDAQ,3260.0,3230.0,3415.0,3590.0,-0.009202453987730008,0.04754601226993871,0.10122699386503076,
818689,20231012000233,00188973,화일약품,061250,주요사항보고서(전환사채권발행결정),2023-10-12,KOSDAQ,21500.0,20750.0,19870.0,19320.0,-0.03488372093023251,-0.07581395348837205,-0.10139534883720935,
818539,20231012000367,01301252,티이엠씨,425040,주요사항보고서(전환사채권발행결정),2023-10-12,KOSDAQ,19900.0,19325.0,18575.0,17975.0,-0.028894472361809087,-0.06658291457286436,-0.09673366834170849,
322795,20251016900296,01301252,티이엠씨,425040,전환사채(해외전환사채포함)발행후만기전사채취득              (제1회차),2025-10-16,KOSDAQ,10180.0,9850.0,9930.0,9390.0,-0.03241650294695486,-0.024557956777996104,-0.07760314341846763,
818017,20231013000400,00177870,대창솔루션,096350,주요사항보고서(전환사채권발행결정),2023-10-13,KOSDAQ,2625.0,2575.0,2585.0,2385.0,-0.01904761904761909,-0.015238095238095273,-0.09142857142857141,
816751,20231018000001,01231786,엑스페릭스,317770,주요사항보고서(전환사채권발행결정),2023-10-18,KOSDAQ,4360.0,3970.0,3780.0,3860.0,-0.08944954128440363,-0.1330275229357798,-0.11467889908256879,
645599,20240522000428,01231786,엑스페릭스,317770,주요사항보고서(전환사채권발행결정),2024-05-22,KOSDAQ,4850.0,5060.0,4885.0,4600.0,0.04329896907216502,0.007216494845360799,-0.05154639175257736,
362566,20250729000227,01231786,엑스페릭스,317770,주요사항보고서(전환사채권발행결정),2025-07-29,KOSDAQ,3775.0,3825.0,3770.0,3740.0,0.013245033112582849,-0.0013245033112583293,-0.009271523178807972,
345806,20250825900284,01231786,엑스페릭스,317770,전환사채(해외전환사채포함)발행후만기전사채취득              (제4회차),2025-08-25,KOSDAQ,3410.0,3370.0,3520.0,3620.0,-0.011730205278592365,0.032258064516129004,0.061583577712609916,
14803,20260507000567,01231786,엑스페릭스,317770,주요사항보고서(전환사채권발행결정),2026-05-07,KOSDAQ,4000.0,3680.0,3920.0,3500.0,-0.07999999999999996,-0.020000000000000018,-0.125,
14804,20260507000571,01231786,엑스페릭스,317770,주요사항보고서(전환사채권발행결정),2026-05-07,KOSDAQ,4000.0,3680.0,3920.0,3500.0,-0.07999999999999996,-0.020000000000000018,-0.125,
816459,20231018000329,01168383,일동제약,249420,주요사항보고서(전환사채권발행결정),2023-10-18,KOSPI,16750.0,16110.0,15910.0,16900.0,-0.03820895522388057,-0.05014925373134327,0.008955223880596996,
815903,20231019000318,01416642,다보링크,340360,주요사항보고서(전환사채권발행결정),2023-10-19,KOSDAQ,2330.0,2330.0,2300.0,2385.0,0.0,-0.012875536480686733,0.023605150214592197,
630570,20240618900580,01416642,다보링크,340360,기타주요경영사항              (제2회 전환사채 발행결정 철회),2024-06-18,KOSDAQ,2415.0,2500.0,2895.0,2940.0,0.035196687370600444,0.1987577639751552,0.21739130434782616,
579674,20240920000446,01416642,다보링크,340360,주요사항보고서(전환사채권발행결정),2024-09-20,KOSDAQ,2640.0,2775.0,2810.0,2745.0,0.051136363636363535,0.06439393939393945,0.03977272727272729,
579657,20240920000452,01416642,다보링크,340360,주요사항보고서(전환사채권발행결정),2024-09-20,KOSDAQ,2640.0,2775.0,2810.0,2745.0,0.051136363636363535,0.06439393939393945,0.03977272727272729,
814458,20231024000113,01508855,블리츠웨이엔터테인먼트,369370,주요사항보고서(전환사채권발행결정),2023-10-24,KOSDAQ,2110.0,2120.0,2075.0,2005.0,0.004739336492890933,-0.016587677725118488,-0.049763033175355464,
814457,20231024000115,01508855,블리츠웨이엔터테인먼트,369370,주요사항보고서(전환사채권발행결정),2023-10-24,KOSDAQ,2110.0,2120.0,2075.0,2005.0,0.004739336492890933,-0.016587677725118488,-0.049763033175355464,
268032,20260127900449,01508855,블리츠웨이엔터테인먼트,369370,전환사채(해외전환사채포함)발행후만기전사채취득,2026-01-27,KOSDAQ,1412.0,1415.0,1397.0,1402.0,0.0021246458923511735,-0.010623229461756423,-0.007082152974504208,
814167,20231024000343,01491607,오에스피,368970,주요사항보고서(전환사채권발행결정),2023-10-24,KOSDAQ,6418.0,6392.0,6012.0,5865.0,-0.004051106263633586,-0.0632595824244313,-0.08616391399189782,
348307,20250818000174,01491607,오에스피,368970,주요사항보고서(전환사채권발행결정),2025-08-18,KOSDAQ,3526.0,3192.0,3386.0,3379.0,-0.09472490073737949,-0.03970504821327281,-0.04169030062393653,
318775,20251027900370,01491607,오에스피,368970,전환사채(해외전환사채포함)발행후만기전사채취득              (제1회차),2025-10-27,KOSDAQ,2912.0,2899.0,2872.0,2732.0,-0.004464285714285698,-0.013736263736263687,-0.061813186813186816,
813585,20231025000510,01360875,탑머티리얼,360070,주요사항보고서(전환사채권발행결정),2023-10-25,KOSDAQ,65600.0,68200.0,66200.0,64800.0,0.03963414634146334,0.009146341463414531,-0.012195121951219523,
813582,20231025000514,01360875,탑머티리얼,360070,주요사항보고서(전환사채권발행결정),2023-10-25,KOSDAQ,65600.0,68200.0,66200.0,64800.0,0.03963414634146334,0.009146341463414531,-0.012195121951219523,
812594,20231027000002,01037542,NPX,222160,주요사항보고서(전환사채권발행결정),2023-10-27,KOSDAQ,5920.0,5500.0,5290.0,5620.0,-0.07094594594594594,-0.10641891891891897,-0.05067567567567566,
624111,20240628900602,01037542,NPX,222160,기타주요경영사항              (제3회 전환사채 발행 결정 철회),2024-06-28,KOSDAQ,8040.0,8040.0,8040.0,8040.0,0.0,0.0,0.0,
812146,20231027000378,00531917,톱텍,108230,주요사항보고서(전환사채권발행결정),2023-10-27,KOSDAQ,7600.0,7550.0,7200.0,7900.0,-0.006578947368421018,-0.052631578947368474,0.03947368421052633,
812034,20231027000483,00958664,신스틸,162300,주요사항보고서(전환사채권발행결정),2023-10-27,KOSDAQ,2810.0,2890.0,2740.0,2900.0,0.028469750889679624,-0.02491103202846978,0.03202846975088969,
321160,20251021000246,00958664,신스틸,162300,주요사항보고서(전환사채권발행결정),2025-10-21,KOSDAQ,1940.0,1913.0,1919.0,1868.0,-0.013917525773195827,-0.010824742268041199,-0.03711340206185565,
315992,20251031900453,00958664,신스틸,162300,전환사채(해외전환사채포함)발행후만기전사채취득              (제2회차),2025-10-31,KOSDAQ,1872.0,1823.0,1798.0,1766.0,-0.026175213675213693,-0.0395299145299145,-0.056623931623931645,
263730,20260202901440,00958664,신스틸,162300,전환사채(해외전환사채포함)발행후만기전사채취득              (제2회차),2026-02-02,KOSDAQ,1687.0,1720.0,1735.0,1704.0,0.01956135151155891,0.02845287492590387,0.010077059869590954,
17377,20260430901254,00958664,신스틸,162300,전환사채(해외전환사채포함)발행후만기전사채취득              (제2회차),2026-04-30,KOSDAQ,2050.0,1975.0,1913.0,1768.0,-0.03658536585365857,-0.06682926829268288,-0.1375609756097561,
810850,20231031000352,00547510,툴젠,199800,주요사항보고서(전환사채권발행결정),2023-10-31,KOSDAQ,32000.0,41600.0,40000.0,39350.0,0.30000000000000004,0.25,0.22968750000000004,
808229,20231107900461,00397191,팬엔터테인먼트,068050,전환사채(해외전환사채포함)발행후만기전사채취득,2023-11-07,KOSDAQ,3865.0,3925.0,3890.0,3730.0,0.015523932729624823,0.0064683053040104355,-0.03492884864165591,
584187,20240909900231,00397191,팬엔터테인먼트,068050,전환사채(해외전환사채포함)발행후만기전사채취득,2024-09-09,KOSDAQ,2010.0,2065.0,2090.0,2085.0,0.027363184079602032,0.03980099502487566,0.03731343283582089,
807541,20231108000461,01259311,푸드나무,290720,주요사항보고서(전환사채권발행결정),2023-11-08,KOSDAQ,8160.0,8130.0,8070.0,8150.0,-0.003676470588235281,-0.011029411764705843,-0.001225490196078427,
519478,20250122900698,01259311,푸드나무,290720,전환사채(해외전환사채포함)발행후만기전사채취득,2025-01-22,KOSDAQ,2600.0,2500.0,2485.0,2720.0,-0.038461538461538436,-0.044230769230769185,0.04615384615384621,
412402,20250422000404,01259311,푸드나무,290720,주요사항보고서(전환사채권발행결정),2025-04-22,KOSDAQ,2175.0,2155.0,2135.0,2000.0,-0.00919540229885063,-0.01839080459770115,-0.08045977011494254,
800959,20231115000399,01141599,아리바이오LAB,261780,주요사항보고서(전환사채권발행결정),2023-11-15,KOSDAQ,5390.0,5340.0,5200.0,5230.0,-0.00927643784786647,-0.03525046382189234,-0.029684601113172504,
797088,20231124900488,01141599,아리바이오LAB,261780,전환사채(해외전환사채포함)발행후만기전사채취득(제3회차),2023-11-24,KOSDAQ,5380.0,5100.0,5100.0,5140.0,-0.052044609665427455,-0.052044609665427455,-0.044609665427509326,
790437,20231204900525,01141599,아리바이오LAB,261780,전환사채(해외전환사채포함)발행후만기전사채취득(제2회차),2023-12-04,KOSDAQ,5000.0,5090.0,5220.0,5250.0,0.018000000000000016,0.04400000000000004,0.050000000000000044,
585881,20240904000386,01141599,아리바이오LAB,261780,주요사항보고서(전환사채권발행결정),2024-09-04,KOSDAQ,4180.0,4130.0,4050.0,3955.0,-0.011961722488038284,-0.031100478468899517,-0.053827751196172224,
306218,20251117900230,01141599,아리바이오LAB,261780,전환사채(해외전환사채포함)발행후만기전사채취득,2025-11-17,KOSDAQ,2880.0,2765.0,2700.0,2595.0,-0.03993055555555558,-0.0625,-0.09895833333333337,
250002,20260219900606,01141599,아리바이오LAB,261780,전환사채(해외전환사채포함)발행후만기전사채취득,2026-02-19,KOSDAQ,2635.0,2625.0,2650.0,2480.0,-0.003795066413662229,0.005692599620493288,-0.05882352941176472,
79153,20260326902982,01141599,차백신연구소,261780,전환사채(해외전환사채포함)발행후만기전사채취득,2026-03-26,KOSDAQ,4530.0,3990.0,3800.0,3615.0,-0.11920529801324509,-0.16114790286975722,-0.20198675496688745,
35508,20260410900859,01141599,차백신연구소,261780,전환사채(해외전환사채포함)발행후만기전사채취득,2026-04-10,KOSDAQ,3320.0,3665.0,3550.0,3780.0,0.10391566265060237,0.06927710843373491,0.13855421686746983,
9208,20260515000010,01141599,차백신연구소,261780,주요사항보고서(전환사채권발행결정),2026-05-15,KOSDAQ,4195.0,3355.0,3735.0,3175.0,-0.20023837902264596,-0.10965435041716332,-0.24314660309892733,
799876,20231117000218,00141149,영진약품,003520,주요사항보고서(전환사채권발행결정),2023-11-17,KOSPI,2230.0,2210.0,2235.0,2170.0,-0.008968609865470878,0.0022421524663676085,-0.026905829596412523,
304434,20251120000602,00141149,영진약품,003520,주요사항보고서(전환사채권발행결정),2025-11-20,KOSPI,1987.0,1960.0,1957.0,1960.0,-0.013588324106693528,-0.01509813789632608,-0.013588324106693528,
799502,20231120000583,01226410,씨앤씨인터내셔널,352480,주요사항보고서(전환사채권발행결정),2023-11-20,KOSDAQ,56900.0,60400.0,57700.0,59000.0,0.06151142355008776,0.014059753954305698,0.03690685413005279,
303616,20251124900317,01226410,씨앤씨인터내셔널,352480,전환사채(해외전환사채포함)발행후만기전사채취득,2025-11-24,KOSDAQ,31850.0,30800.0,31950.0,32350.0,-0.03296703296703296,0.0031397174254317317,0.01569858712715866,
247881,20260223901373,01226410,씨앤씨인터내셔널,352480,전환사채(해외전환사채포함)발행후만기전사채취득,2026-02-23,KOSDAQ,31200.0,31300.0,31050.0,28750.0,0.0032051282051281937,-0.004807692307692291,-0.07852564102564108,
799229,20231120900617,00403793,바이브컴퍼니,301300,전환사채(해외전환사채포함)발행후만기전사채취득(제1회차),2023-11-20,KOSDAQ,7070.0,7120.0,7020.0,7030.0,0.007072135785006983,-0.007072135785007094,-0.005657708628005631,
788872,20231207000337,00403793,바이브컴퍼니,301300,주요사항보고서(전환사채권발행결정),2023-12-07,KOSDAQ,6900.0,7020.0,7030.0,6910.0,0.017391304347825987,0.018840579710144967,0.0014492753623187582,
750786,20240219900767,00403793,바이브컴퍼니,301300,전환사채(해외전환사채포함)발행후만기전사채취득              (제1회차),2024-02-19,KOSDAQ,7850.0,8050.0,7630.0,7560.0,0.02547770700636942,-0.028025477707006363,-0.03694267515923566,
646680,20240520900145,00403793,바이브컴퍼니,301300,전환사채(해외전환사채포함)발행후만기전사채취득              (제1회차),2024-05-20,KOSDAQ,6610.0,6500.0,6360.0,6170.0,-0.016641452344931973,-0.03782148260211804,-0.06656580937972767,
553367,20241118900557,00403793,바이브컴퍼니,301300,전환사채(해외전환사채포함)발행후만기전사채취득,2024-11-18,KOSDAQ,3450.0,3635.0,3585.0,3890.0,0.05362318840579716,0.03913043478260869,0.12753623188405805,
294494,20251208900188,00403793,바이브컴퍼니,301300,전환사채(해외전환사채포함)발행후만기전사채취득,2025-12-08,KOSDAQ,3640.0,3580.0,3530.0,3455.0,-0.016483516483516536,-0.030219780219780223,-0.050824175824175866,
103677,20260309901141,00403793,바이브컴퍼니,301300,전환사채(해외전환사채포함)발행후만기전사채취득,2026-03-09,KOSDAQ,2270.0,2355.0,2395.0,2655.0,0.037444933920704804,0.05506607929515428,0.169603524229075,
121657,20260608900482,00403793,바이브컴퍼니,301300,전환사채(해외전환사채포함)발행후만기전사채취득,2026-06-08,KOSDAQ,1600.0,1709.0,1597.0,1710.0,0.06812499999999999,-0.00187499999999996,0.06875000000000009,
791626,20231130001655,00479787,인텍플러스,064290,주요사항보고서(전환사채권발행결정),2023-11-30,KOSDAQ,34950.0,33500.0,31050.0,29250.0,-0.0414878397711016,-0.11158798283261806,-0.16309012875536477,
294856,20251205900420,00479787,인텍플러스,064290,전환사채(해외전환사채포함)발행후만기전사채취득,2025-12-05,KOSDAQ,13720.0,13900.0,13440.0,13560.0,0.013119533527696792,-0.020408163265306145,-0.011661807580174877,
106379,20260305901446,00479787,인텍플러스,064290,전환사채(해외전환사채포함)발행후만기전사채취득,2026-03-05,KOSDAQ,15420.0,15380.0,13610.0,15600.0,-0.0025940337224383825,-0.11738002594033725,0.011673151750972721,
121980,20260605900786,00479787,인텍플러스,064290,전환사채(해외전환사채포함)발행후만기전사채취득,2026-06-05,KOSDAQ,38800.0,33950.0,38050.0,42400.0,-0.125,-0.019329896907216537,0.09278350515463907,
785774,20231213000569,01091054,쎄노텍,222420,주요사항보고서(전환사채권발행결정),2023-12-13,KOSDAQ,1523.0,1524.0,1533.0,1593.0,0.0006565988181221893,0.006565988181221227,0.04596191726854881,
658707,20240429900433,01091054,쎄노텍,222420,전환사채(해외전환사채포함)발행후만기전사채취득,2024-04-29,KOSDAQ,1140.0,1135.0,1136.0,1138.0,-0.004385964912280715,-0.0035087719298245723,-0.0017543859649122862,
646512,20240520900385,01091054,쎄노텍,222420,전환사채(해외전환사채포함)발행후만기전사채취득,2024-05-20,KOSDAQ,1107.0,1093.0,1078.0,1046.0,-0.012646793134598044,-0.02619692863595302,-0.05510388437217706,
597122,20240819900302,01091054,쎄노텍,222420,전환사채(해외전환사채포함)발행후만기전사채취득,2024-08-19,KOSDAQ,830.0,837.0,845.0,864.0,0.008433734939758963,0.01807228915662651,0.04096385542168668,
568246,20241021900476,01091054,쎄노텍,222420,전환사채(해외전환사채포함)발행후만기전사채취득,2024-10-21,KOSDAQ,823.0,807.0,817.0,858.0,-0.019441069258809285,-0.007290400972053468,0.04252733900364514,
503225,20250218900447,01091054,쎄노텍,222420,전환사채(해외전환사채포함)발행후만기전사채취득,2025-02-18,KOSDAQ,685.0,673.0,668.0,704.0,-0.017518248175182438,-0.02481751824817513,0.027737226277372296,
384507,20250610000281,01091054,쎄노텍,222420,주요사항보고서(전환사채권발행결정),2025-06-10,KOSDAQ,856.0,843.0,847.0,833.0,-0.015186915887850483,-0.010514018691588745,-0.026869158878504718,
381916,20250616900505,01091054,쎄노텍,222420,전환사채(해외전환사채포함)발행후만기전사채취득,2025-06-16,KOSDAQ,829.0,833.0,833.0,796.0,0.004825090470446325,0.004825090470446325,-0.039806996381182125,
334024,20250915900345,01091054,쎄노텍,222420,전환사채(해외전환사채포함)발행후만기전사채취득,2025-09-15,KOSDAQ,805.0,812.0,837.0,826.0,0.008695652173912993,0.03975155279503095,0.026086956521739202,
289817,20251215901393,01091054,쎄노텍,222420,전환사채(해외전환사채포함)발행후만기전사채취득,2025-12-15,KOSDAQ,856.0,850.0,870.0,843.0,-0.007009345794392496,0.016355140186915973,-0.015186915887850483,
117674,20260615900538,01091054,쎄노텍,222420,전환사채(해외전환사채포함)발행후만기전사채취득,2026-06-15,KOSDAQ,1216.0,1260.0,1224.0,1076.0,0.03618421052631571,0.006578947368421018,-0.11513157894736847,
781740,20231219000375,01042650,큐리언트,115180,주요사항보고서(전환사채권발행결정),2023-12-19,KOSDAQ,6250.0,5840.0,5130.0,4705.0,-0.06559999999999999,-0.17920000000000003,-0.24719999999999998,
553162,20241119000095,01042650,큐리언트,115180,주요사항보고서(전환사채권발행결정),2024-11-19,KOSDAQ,4375.0,4430.0,4450.0,4485.0,0.012571428571428678,0.017142857142857126,0.025142857142857133,
317518,20251029000238,01042650,큐리언트,115180,주요사항보고서(전환사채권발행결정),2025-10-29,KOSDAQ,18980.0,18840.0,20050.0,20850.0,-0.00737618545837726,0.05637513171759756,0.09852476290832457,
778811,20231226000369,00608802,텔콘RF제약,200230,주요사항보고서(전환사채권발행결정),2023-12-26,KOSDAQ,2237.0,2291.0,2353.0,2315.0,0.024139472507823,0.05185516316495309,0.03486812695574426,
664318,20240419000001,00608802,텔콘RF제약,200230,주요사항보고서(전환사채권발행결정),2024-04-19,KOSDAQ,2046.0,1997.0,2035.0,2035.0,-0.023949169110459412,-0.005376344086021501,-0.005376344086021501,
563116,20241031900701,00608802,텔콘RF제약,200230,전환사채(해외전환사채포함)발행후만기전사채취득,2024-10-31,KOSDAQ,1641.0,1655.0,1657.0,1568.0,0.008531383302864182,0.009750152346130303,-0.04448507007921998,
412972,20250421000372,00608802,텔콘RF제약,200230,주요사항보고서(전환사채권발행결정),2025-04-21,KOSDAQ,1012.0,1010.0,1124.0,1144.0,-0.0019762845849802257,0.11067193675889331,0.13043478260869557,
412317,20250422900564,00608802,텔콘RF제약,200230,전환사채(해외전환사채포함)발행후만기전사채취득,2025-04-22,KOSDAQ,1010.0,1124.0,1121.0,1134.0,0.11287128712871297,0.10990099009901,0.12277227722772288,
777723,20231227000648,01784394,STX그린로지스,465770,주요사항보고서(전환사채권발행결정),2023-12-28,KOSPI,12330.0,12350.0,11940.0,12230.0,0.0016220600162206722,-0.031630170316301665,-0.008110300081103028,
574545,20241002000460,01784394,STX그린로지스,465770,주요사항보고서(전환사채권발행결정),2024-10-02,KOSPI,13250.0,12250.0,11980.0,11700.0,-0.07547169811320753,-0.09584905660377363,-0.11698113207547167,
531208,20241224000394,01784394,STX그린로지스,465770,주요사항보고서(전환사채권발행결정),2024-12-24,KOSPI,8080.0,7870.0,7840.0,8080.0,-0.025990099009901013,-0.02970297029702973,0.0,
776366,20231229900264,01042429,넥써쓰,205500,전환사채(해외전환사채포함)발행후만기전사채취득(제2회차),2023-12-29,KOSDAQ,1668.0,1639.0,1632.0,1600.0,-0.017386091127098324,-0.021582733812949617,-0.04076738609112707,
665193,20240417000405,01042429,넥써쓰,205500,주요사항보고서(전환사채권발행결정),2024-04-17,KOSDAQ,1584.0,1584.0,1585.0,1574.0,0.0,0.0006313131313131493,-0.0063131313131312705,
540031,20241212000004,01042429,넥써쓰,205500,주요사항보고서(전환사채권발행결정),2024-12-12,KOSDAQ,1545.0,2005.0,2010.0,1909.0,0.2977346278317152,0.30097087378640786,0.2355987055016182,
336137,20250910000128,01042429,넥써쓰,205500,주요사항보고서(전환사채권발행결정),2025-09-10,KOSDAQ,3125.0,3150.0,3150.0,3250.0,0.008000000000000007,0.008000000000000007,0.040000000000000036,
255600,20260211000746,01042429,넥써쓰,205500,주요사항보고서(전환사채권발행결정),2026-02-11,KOSDAQ,2315.0,2010.0,1926.0,1835.0,-0.13174946004319654,-0.16803455723542116,-0.20734341252699784,
115717,20260618000359,01042429,넥써쓰,205500,주요사항보고서(전환사채권발행결정),2026-06-18,KOSDAQ,2690.0,1951.0,1969.0,1649.0,-0.27472118959107805,-0.26802973977695166,-0.38698884758364316,
769431,20240117000249,01335453,조이웍스앤코,309930,주요사항보고서(전환사채권발행결정),2024-01-17,KOSDAQ,4577.0,4717.0,4844.0,4316.0,0.030587721214769603,0.05833515403102463,-0.05702425169324887,
579174,20240923900514,01335453,조이웍스앤코,309930,전환사채(해외전환사채포함)발행후만기전사채취득,2024-09-23,KOSDAQ,2638.0,2644.0,2676.0,2714.0,0.0022744503411675776,0.014404852160727843,0.028809704321455687,
576468,20240927900591,01335453,조이웍스앤코,309930,전환사채(해외전환사채포함)발행후만기전사채취득,2024-09-27,KOSDAQ,2752.0,2714.0,2682.0,2631.0,-0.01380813953488369,-0.025436046511627897,-0.04396802325581395,
567928,20241022900265,01335453,조이웍스앤코,309930,전환사채(해외전환사채포함)발행후만기전사채취득,2024-10-22,KOSDAQ,2581.0,2631.0,2587.0,2497.0,0.019372336303758342,0.0023246803564509477,-0.03254552499031382,
368637,20250714000404,01335453,조이웍스앤코,309930,주요사항보고서(전환사채권발행결정),2025-07-14,KOSDAQ,4081.0,3954.0,3827.0,3897.0,-0.03111982357265375,-0.0622396471453075,-0.04508698848321491,
366088,20250721900427,01335453,조이웍스앤코,309930,전환사채(해외전환사채포함)발행후만기전사채취득,2025-07-21,KOSDAQ,3897.0,4062.0,4297.0,3928.0,0.04234026173979988,0.10264305876315105,0.007954837054144237,
336912,20250908900267,01335453,조이웍스앤코,309930,전환사채(해외전환사채포함)발행후만기전사채취득,2025-09-08,KOSDAQ,3331.0,3394.0,3522.0,4017.0,0.018913239267487336,0.0573401380966676,0.2059441609126389,
286900,20251218900189,01335453,조이웍스앤코,309930,전환사채(해외전환사채포함)발행후만기전사채취득,2025-12-18,KOSDAQ,2625.0,2509.0,2408.0,2549.0,-0.044190476190476224,-0.08266666666666667,-0.02895238095238095,
271536,20260119900789,01335453,조이웍스앤코,309930,전환사채(해외전환사채포함)발행후만기전사채취득,2026-01-19,KOSDAQ,1397.0,1424.0,1440.0,1462.0,0.019327129563350143,0.03078024337866858,0.046528274874731546,
25654,20260420900644,01335453,조이웍스앤코,309930,전환사채(해외전환사채포함)발행후만기전사채취득,2026-04-20,KOSDAQ,1970.0,2072.0,2049.0,2314.0,0.05177664974619289,0.04010152284263957,0.1746192893401015,
2363,20260526900613,01335453,조이웍스앤코,309930,전환사채(해외전환사채포함)발행후만기전사채취득,2026-05-26,KOSDAQ,2810.0,3650.0,3650.0,1749.0,0.29893238434163694,0.29893238434163694,-0.3775800711743772,
769231,20240117000396,00140566,한탑,002680,주요사항보고서(전환사채권발행결정),2024-01-18,KOSDAQ,1344.0,1338.0,1310.0,1240.0,-0.004464285714285698,-0.02529761904761907,-0.07738095238095233,
321652,20251020900338,00140566,한탑,002680,전환사채(해외전환사채포함)발행후만기전사채취득              (제2회차),2025-10-20,KOSDAQ,797.0,775.0,796.0,768.0,-0.027603513174404015,-0.0012547051442910462,-0.03638644918444167,
767300,20240123000323,01573381,레이저쎌,412350,주요사항보고서(전환사채권발행결정),2024-01-23,KOSDAQ,8484.0,8502.0,9119.0,10549.0,0.0021216407355020284,0.07484677039132492,0.24339933993399332,
765943,20240125900607,01573381,레이저쎌,412350,증권발행결과(자율공시)(제2회차 전환사채),2024-01-25,KOSDAQ,9119.0,8573.0,11139.0,8931.0,-0.05987498629235666,0.22151551705230843,-0.02061629564645251,
272422,20260115000406,01573381,레이저쎌,412350,주요사항보고서(전환사채권발행결정),2026-01-15,KOSDAQ,1729.0,1766.0,1835.0,1921.0,0.021399652978600248,0.061307113938692925,0.11104684788895325,
266079,20260129901063,01573381,레이저쎌,412350,전환사채(해외전환사채포함)발행후만기전사채취득,2026-01-29,KOSDAQ,2215.0,2275.0,2560.0,2515.0,0.02708803611738153,0.15575620767494347,0.13544018058690743,
54070,20260403003664,01573381,레이저쎌,412350,주요사항보고서(전환사채권발행결정),2026-04-03,KOSDAQ,9020.0,9540.0,8290.0,8070.0,0.05764966740576494,-0.08093126385809313,-0.10532150776053217,
765905,20240125000601,01391103,젝시믹스,337930,주요사항보고서(전환사채권발행결정),2024-01-25,KOSDAQ,6570.0,7230.0,6410.0,5440.0,0.10045662100456632,-0.0243531202435312,-0.17199391171993916,
335955,20250910900243,01391103,젝시믹스,337930,전환사채(해외전환사채포함)발행후만기전사채취득              (제1회차),2025-09-10,KOSDAQ,5420.0,5420.0,5460.0,5370.0,0.0,0.007380073800737907,-0.009225092250922495,
16463,20260430901349,01391103,젝시믹스,337930,[첨부추가]전환사채(해외전환사채포함)발행후만기전사채취득              (제1회차),2026-04-30,KOSDAQ,4395.0,4350.0,4200.0,4065.0,-0.010238907849829393,-0.04436860068259385,-0.07508532423208192,
122811,20260604900681,01391103,젝시믹스,337930,전환사채(해외전환사채포함)발행후만기전사채취득              (제1회차),2026-06-04,KOSDAQ,3075.0,3040.0,2930.0,3425.0,-0.011382113821138184,-0.047154471544715415,0.11382113821138207,
765120,20240126000356,01593668,센서뷰,321370,주요사항보고서(전환사채권발행결정),2024-01-26,KOSDAQ,5120.0,5066.0,4859.0,4689.0,-0.010546874999999956,-0.050976562500000044,-0.08417968750000004,
283839,20251223000882,01593668,센서뷰,321370,주요사항보고서(전환사채권발행결정),2025-12-24,KOSDAQ,1185.0,1188.0,1284.0,1834.0,0.0025316455696202667,0.08354430379746836,0.5476793248945149,
109940,20260227901875,01593668,센서뷰,321370,기타주요경영사항              (제3회차 전환사채권 발행 결정 철회),2026-02-27,KOSDAQ,2190.0,2071.0,1855.0,2937.0,-0.054337899543378976,-0.15296803652968038,0.3410958904109589,
764827,20240126000574,00258360,위지트,036090,주요사항보고서(전환사채권발행결정),2024-01-26,KOSDAQ,2295.0,2289.0,2338.0,2304.0,-0.002614379084967311,0.018736383442265803,0.0039215686274509665,
365119,20250723000399,00258360,위지트,036090,주요사항보고서(전환사채권발행결정),2025-07-24,KOSDAQ,2084.0,2061.0,2055.0,2026.0,-0.011036468330134386,-0.013915547024952013,-0.027831094049904026,
359226,20250804900465,00258360,위지트,036090,전환사채(해외전환사채포함)발행후만기전사채취득,2025-08-04,KOSDAQ,2018.0,2038.0,2041.0,2096.0,0.009910802775024763,0.011397423191278566,0.038652130822596664,
762871,20240131900692,00449379,도이치모터스,067990,전환사채(해외전환사채포함)발행후만기전사채취득,2024-01-31,KOSDAQ,4915.0,5060.0,5100.0,5100.0,0.029501525940996975,0.03763987792472023,0.03763987792472023,
761109,20240202000353,01430475,코람코라이프인프라리츠,357120,주요사항보고서(전환사채권발행결정),2024-02-02,KOSPI,4869.0,4894.0,4894.0,4989.0,0.005134524543027208,0.005134524543027208,0.02464571780653113,
242984,20260226006908,01430475,코람코라이프인프라리츠,357120,주요사항보고서(전환사채권발행결정),2026-02-26,KOSPI,4580.0,4585.0,4525.0,4525.0,0.0010917030567685337,-0.012008733624454093,-0.012008733624454093,
242979,20260226006922,01430475,코람코라이프인프라리츠,357120,주요사항보고서(전환사채권발행결정),2026-02-26,KOSPI,4580.0,4585.0,4525.0,4525.0,0.0010917030567685337,-0.012008733624454093,-0.012008733624454093,
760187,20240205000428,01035368,티에프이,425420,주요사항보고서(전환사채권발행결정),2024-02-06,KOSDAQ,31400.0,30750.0,35200.0,33700.0,-0.02070063694267521,0.12101910828025475,0.0732484076433122,
312558,20251110900145,01035368,티에프이,425420,전환사채(해외전환사채포함)발행후만기전사채취득              (제1회차),2025-11-10,KOSDAQ,39400.0,38700.0,37600.0,43050.0,-0.017766497461928932,-0.045685279187817285,0.09263959390862953,
760168,20240206000001,00876865,네오오토,212560,주요사항보고서(전환사채권발행결정),2024-02-06,KOSDAQ,5986.0,6126.0,6273.0,6299.0,0.023387905111927898,0.047945205479452024,0.05228867357166722,
756758,20240208001241,00453442,해성에어로보틱스,059270,주요사항보고서(전환사채권발행결정),2024-02-08,KOSDAQ,11900.0,11500.0,13740.0,15260.0,-0.03361344537815125,0.1546218487394957,0.2823529411764707,
665677,20240416900515,00453442,해성에어로보틱스,059270,기타주요경영사항              (제2회 전환사채 발행결정 철회),2024-04-16,KOSDAQ,8800.0,8670.0,8120.0,6860.0,-0.01477272727272727,-0.07727272727272727,-0.22045454545454546,
5113,20260519000254,00453442,해성에어로보틱스,059270,주요사항보고서(전환사채권발행결정),2026-05-19,KOSDAQ,10500.0,10220.0,11290.0,9830.0,-0.026666666666666616,0.07523809523809533,-0.06380952380952376,
750091,20240220001919,01437432,디티앤씨알오,383930,주요사항보고서(전환사채권발행결정),2024-02-20,KOSDAQ,11040.0,10730.0,10420.0,10540.0,-0.028079710144927494,-0.0561594202898551,-0.04528985507246375,
261803,20260204000609,01437432,디티앤씨알오,383930,주요사항보고서(전환사채권발행결정),2026-02-05,KOSDAQ,2755.0,2635.0,2690.0,2820.0,-0.04355716878402904,-0.023593466424682408,0.023593466424682408,
248131,20260223900955,01437432,디티앤씨알오,383930,전환사채(해외전환사채포함)발행후만기전사채취득              (제1회차),2026-02-23,KOSDAQ,3100.0,3230.0,3240.0,2840.0,0.041935483870967794,0.04516129032258065,-0.08387096774193548,
747333,20240223002359,00288495,HC홈센타,060560,주요사항보고서(전환사채권발행결정),2024-02-23,KOSDAQ,6720.0,6820.0,6840.0,7055.0,0.014880952380952328,0.017857142857142794,0.049851190476190466,
747305,20240223900773,00288495,HC홈센타,060560,주요사항보고서(전환사채권발행결정)(자회사의 주요경영사항)              (제4회차),2024-02-23,KOSDAQ,6720.0,6820.0,6840.0,7055.0,0.014880952380952328,0.017857142857142794,0.049851190476190466,
527909,20241231900513,00288495,HC홈센타,060560,전환사채(해외전환사채포함)발행후만기전사채취득              (제4회차),2024-12-31,KOSDAQ,4950.0,4950.0,4950.0,4950.0,0.0,0.0,0.0,
250426,20260213902049,00288495,HC홈센타,060560,주요사항보고서(전환사채권발행결정)(자회사의 주요경영사항)              (제5회차),2026-02-13,KOSDAQ,3530.0,3540.0,3545.0,3505.0,0.0028328611898016387,0.004249291784702569,-0.007082152974504208,
747332,20240223002434,00568461,HC보광산업,225530,주요사항보고서(전환사채권발행결정),2024-02-23,KOSDAQ,5320.0,5500.0,5390.0,5530.0,0.03383458646616533,0.013157894736842035,0.03947368421052633,
250440,20260213002818,00568461,HC보광산업,225530,주요사항보고서(전환사채권발행결정),2026-02-13,KOSDAQ,2935.0,2910.0,2860.0,2965.0,-0.008517887563884163,-0.02555366269165249,0.010221465076660996,
111305,20260227900706,00568461,HC보광산업,225530,전환사채(해외전환사채포함)발행후만기전사채취득,2026-02-27,KOSDAQ,2960.0,2845.0,2665.0,2650.0,-0.038851351351351315,-0.09966216216216217,-0.10472972972972971,
266,20260527900656,00568461,HC보광산업,225530,전환사채(해외전환사채포함)발행후만기전사채취득,2026-05-27,KOSDAQ,2720.0,2655.0,2640.0,2225.0,-0.023897058823529438,-0.02941176470588236,-0.18198529411764708,
745960,20240226006083,01506990,옵티코어,380540,주요사항보고서(전환사채권발행결정),2024-02-26,KOSDAQ,2978.0,2906.0,2846.0,2664.0,-0.02417730020147746,-0.044325050369375396,-0.10543989254533248,
563078,20241031900697,01506990,옵티코어,380540,전환사채(해외전환사채포함)발행후만기전사채취득              (제2회차),2024-10-31,KOSDAQ,2260.0,2226.0,2304.0,2606.0,-0.015044247787610598,0.019469026548672552,0.1530973451327433,
553370,20241118000278,01506990,옵티코어,380540,주요사항보고서(전환사채권발행결정),2024-11-18,KOSDAQ,2898.0,2800.0,2730.0,2712.0,-0.033816425120772986,-0.05797101449275366,-0.06418219461697727,
459419,20250328001589,01506990,옵티코어,380540,주요사항보고서(전환사채권발행결정),2025-03-28,KOSDAQ,3358.0,3358.0,3504.0,3780.0,0.0,0.04347826086956519,0.1256700416914831,
409026,20250428900730,01506990,옵티코어,380540,전환사채(해외전환사채포함)발행후만기전사채취득              (제2회차),2025-04-28,KOSDAQ,5320.0,5060.0,4520.0,4400.0,-0.048872180451127845,-0.15037593984962405,-0.17293233082706772,
362874,20250728900648,01506990,옵티코어,380540,전환사채(해외전환사채포함)발행후만기전사채취득              (제2회차),2025-07-28,KOSDAQ,3740.0,3646.0,3586.0,3412.0,-0.025133689839572204,-0.04117647058823526,-0.08770053475935824,
336278,20250909000354,01506990,옵티코어,380540,주요사항보고서(전환사채권발행결정),2025-09-09,KOSDAQ,3440.0,3624.0,3680.0,3850.0,0.05348837209302326,0.06976744186046502,0.1191860465116279,
328133,20250929000275,01506990,옵티코어,380540,주요사항보고서(전환사채권발행결정),2025-09-29,KOSDAQ,3782.0,3772.0,3740.0,,-0.0026441036488630276,-0.011105235325224783,,
745045,20240227004886,01236532,와이즈버즈,273060,주요사항보고서(전환사채권발행결정),2024-02-27,KOSDAQ,1479.0,1430.0,1375.0,1621.0,-0.03313049357674103,-0.07031778228532792,0.09601081812035162,
744576,20240227007413,01236532,와이즈버즈,273060,주요사항보고서(전환사채권발행결정),2024-02-27,KOSDAQ,1479.0,1430.0,1375.0,1621.0,-0.03313049357674103,-0.07031778228532792,0.09601081812035162,
130173,20260528900696,01236532,와이즈버즈,273060,전환사채(해외전환사채포함)발행후만기전사채취득,2026-05-28,KOSDAQ,1060.0,1052.0,1020.0,1133.0,-0.007547169811320753,-0.037735849056603765,0.06886792452830193,
740114,20240229900774,01022902,애드바이오텍,179530,전환사채(해외전환사채포함)발행후만기전사채취득              (제4회차),2024-02-29,KOSDAQ,2915.0,3015.0,2925.0,2945.0,0.03430531732418518,0.0034305317324185847,0.010291595197255532,
660902,20240425000468,01022902,애드바이오텍,179530,주요사항보고서(전환사채권발행결정),2024-04-25,KOSDAQ,2490.0,2480.0,2485.0,2480.0,-0.004016064257028162,-0.002008032128514081,-0.004016064257028162,
465724,20250325901246,01022902,애드바이오텍,179530,전환사채(해외전환사채포함)발행후만기전사채취득              (제6회차),2025-03-25,KOSDAQ,1416.0,1447.0,1428.0,1520.0,0.021892655367231617,0.008474576271186418,0.07344632768361592,
385247,20250609000001,01022902,애드바이오텍,179530,주요사항보고서(전환사채권발행결정),2025-06-09,KOSDAQ,2485.0,3230.0,4195.0,4430.0,0.2997987927565393,0.688128772635815,0.7826961770623742,
363494,20250725000770,01022902,애드바이오텍,179530,주요사항보고서(전환사채권발행결정),2025-07-25,KOSDAQ,3635.0,3785.0,3745.0,3710.0,0.04126547455295726,0.030261348005502064,0.02063273727647874,
363490,20250725000771,01022902,애드바이오텍,179530,주요사항보고서(전환사채권발행결정),2025-07-25,KOSDAQ,3635.0,3785.0,3745.0,3710.0,0.04126547455295726,0.030261348005502064,0.02063273727647874,
129964,20260528000785,01022902,애드바이오텍,179530,주요사항보고서(전환사채권발행결정),2026-05-28,KOSDAQ,2655.0,2570.0,2445.0,2500.0,-0.032015065913371,-0.07909604519774016,-0.05838041431261776,
735691,20240307000570,01367586,제이아이테크,417500,주요사항보고서(전환사채권발행결정),2024-03-07,KOSDAQ,5660.0,5060.0,5030.0,5060.0,-0.10600706713780916,-0.11130742049469966,-0.10600706713780916,
117547,20260615900657,01367586,제이아이테크,417500,전환사채(해외전환사채포함)발행후만기전사채취득              (제1회차),2026-06-15,KOSDAQ,3530.0,3455.0,3440.0,3825.0,-0.021246458923512734,-0.025495750708215303,0.08356940509915023,
735355,20240307000750,00317681,메타바이오메드,059210,주요사항보고서(전환사채권발행결정),2024-03-07,KOSDAQ,4700.0,5150.0,5090.0,4660.0,0.0957446808510638,0.08297872340425538,-0.008510638297872353,
119265,20260611900463,00317681,메타바이오메드,059210,전환사채(해외전환사채포함)발행후만기전사채취득,2026-06-11,KOSDAQ,3700.0,3795.0,3740.0,3885.0,0.025675675675675746,0.0108108108108107,0.050000000000000044,
735045,20240307000999,01311286,퀀타매트릭스,317690,주요사항보고서(전환사채권발행결정),2024-03-08,KOSDAQ,4205.0,4200.0,4215.0,4200.0,-0.0011890606420927874,0.0023781212841855748,-0.0011890606420927874,
285145,20251222000411,01311286,퀀타매트릭스,317690,주요사항보고서(전환사채권발행결정),2025-12-22,KOSDAQ,4515.0,4220.0,4500.0,4790.0,-0.06533776301218164,-0.0033222591362126463,0.060908084163898035,
104019,20260309900699,01311286,퀀타매트릭스,317690,전환사채(해외전환사채포함)발행후만기전사채취득,2026-03-09,KOSDAQ,3630.0,3780.0,3725.0,3705.0,0.04132231404958686,0.026170798898071723,0.02066115702479343,
121455,20260608900788,01311286,퀀타매트릭스,317690,전환사채(해외전환사채포함)발행후만기전사채취득,2026-06-08,KOSDAQ,2715.0,2840.0,2765.0,2825.0,0.046040515653775316,0.018416206261510082,0.04051565377532218,
734522,20240308000388,00115931,디오,039840,주요사항보고서(전환사채권발행결정),2024-03-08,KOSDAQ,21400.0,20650.0,20850.0,21350.0,-0.03504672897196259,-0.025700934579439227,-0.002336448598130869,
733936,20240308901282,00152127,심텍홀딩스,036710,주요사항보고서(전환사채권발행결정)(자회사의 주요경영사항)              (제4회차),2024-03-08,KOSDAQ,2715.0,2680.0,2680.0,2590.0,-0.012891344383057057,-0.012891344383057057,-0.046040515653775316,
733834,20240308000879,01095722,심텍,222800,주요사항보고서(전환사채권발행결정),2024-03-11,KOSDAQ,29200.0,28750.0,29250.0,28850.0,-0.015410958904109595,0.001712328767123239,-0.011986301369863006,
383897,20250611000341,01095722,심텍,222800,주요사항보고서(전환사채권발행결정),2025-06-11,KOSDAQ,23300.0,23500.0,24000.0,23300.0,0.008583690987124415,0.030042918454935563,0.0,
732422,20240312900213,01027794,브이원텍,251630,전환사채(해외전환사채포함)발행후만기전사채취득,2024-03-12,KOSDAQ,9300.0,9580.0,9240.0,9400.0,0.03010752688172036,-0.006451612903225823,0.010752688172043001,
482503,20250312900797,01027794,브이원텍,251630,전환사채(해외전환사채포함)발행후만기전사채취득,2025-03-12,KOSDAQ,4425.0,4320.0,4525.0,4410.0,-0.023728813559321993,0.02259887005649719,-0.003389830508474523,
722495,20240319000008,01230255,한울앤제주,276730,[첨부추가]주요사항보고서(전환사채권발행결정),2024-03-19,KOSDAQ,71286.0,73409.0,78172.0,87181.0,0.029781443761748516,0.09659680722722563,0.22297505821619956,
331423,20250922000243,01230255,한울앤제주,276730,주요사항보고서(전환사채권발행결정),2025-09-22,KOSDAQ,24964.0,24421.0,24602.0,24071.0,-0.02175132190354112,-0.014500881269027377,-0.03577151097580511,
15479,20260506000573,01230255,한울앤제주,276730,주요사항보고서(전환사채권발행결정),2026-05-06,KOSDAQ,12020.0,13350.0,13500.0,15290.0,0.11064891846921787,0.12312811980033267,0.2720465890183028,
15476,20260506000581,01230255,한울앤제주,276730,주요사항보고서(전환사채권발행결정),2026-05-06,KOSDAQ,12020.0,13350.0,13500.0,15290.0,0.11064891846921787,0.12312811980033267,0.2720465890183028,
715471,20240325000589,00816933,진영,285800,주요사항보고서(전환사채권발행결정),2024-03-25,KOSDAQ,3860.0,3795.0,3850.0,3785.0,-0.016839378238341918,-0.002590673575129543,-0.01943005181347146,
77582,20260327900820,00816933,진영,285800,전환사채(해외전환사채포함)발행후만기전사채취득              (제1회차),2026-03-27,KOSDAQ,2100.0,2150.0,1913.0,1709.0,0.023809523809523725,-0.08904761904761904,-0.18619047619047624,
51971,20260406001930,00816933,진영,285800,주요사항보고서(전환사채권발행결정),2026-04-06,KOSDAQ,2220.0,2410.0,1964.0,2360.0,0.0855855855855856,-0.11531531531531536,0.06306306306306309,
713756,20240326000886,01166109,예선테크,250930,주요사항보고서(전환사채권발행결정),2024-03-26,KOSDAQ,718.0,725.0,708.0,676.0,0.009749303621169991,-0.013927576601671321,-0.058495821727019504,
372760,20250703900353,01166109,예선테크,250930,전환사채(해외전환사채포함)발행후만기전사채취득,2025-07-03,KOSDAQ,515.0,525.0,524.0,518.0,0.01941747572815533,0.01747572815533971,0.005825242718446644,
273863,20260113900267,01166109,예선테크,250930,전환사채(해외전환사채포함)발행후만기전사채취득,2026-01-13,KOSDAQ,475.0,474.0,467.0,467.0,-0.002105263157894721,-0.01684210526315788,-0.01684210526315788,
705365,20240329002828,01201590,에브리봇,270660,주요사항보고서(전환사채권발행결정),2024-03-29,KOSDAQ,23250.0,23400.0,22950.0,21500.0,0.006451612903225712,-0.012903225806451646,-0.07526881720430112,
696081,20240402900851,01201590,에브리봇,270660,증권발행결과(자율공시)              (제1회차 전환사채),2024-04-02,KOSDAQ,22950.0,22200.0,21950.0,21800.0,-0.0326797385620915,-0.04357298474945537,-0.050108932461873645,
58106,20260402901101,01201590,에브리봇,270660,전환사채(해외전환사채포함)발행후만기전사채취득,2026-04-02,KOSDAQ,15990.0,16460.0,16100.0,16790.0,0.029393370856785506,0.0068792995622264375,0.050031269543464596,
704404,20240329003506,00373571,스타코링크,060240,주요사항보고서(전환사채권발행결정),2024-03-29,KOSDAQ,24562.0,22768.0,21813.0,20393.0,-0.07303965475124174,-0.11192085335070434,-0.16973373503786338,
597643,20240816000004,00373571,스타코링크,060240,주요사항보고서(전환사채권발행결정),2024-08-16,KOSDAQ,15488.0,14920.0,15256.0,14856.0,-0.03667355371900827,-0.014979338842975198,-0.04080578512396693,
579257,20240923000251,00373571,스타코링크,060240,주요사항보고서(전환사채권발행결정),2024-09-23,KOSDAQ,11797.0,11745.0,12094.0,12003.0,-0.004407900313639024,0.025175892175977044,0.017462066627108586,
544012,20241203900528,00373571,스타코링크,060240,전환사채(해외전환사채포함)발행후만기전사채취득              (제8회차),2024-12-03,KOSDAQ,5511.0,5434.0,5421.0,4620.0,-0.013972055888223589,-0.016330974414806798,-0.16167664670658688,
540242,20241211000496,00373571,스타코링크,060240,주요사항보고서(전환사채권발행결정),2024-12-11,KOSDAQ,5201.0,6750.0,6595.0,6247.0,0.2978273408959815,0.26802537973466634,0.2011151701595848,
540241,20241211900731,00373571,스타코링크,060240,전환사채(해외전환사채포함)발행후만기전사채취득              (제7회차),2024-12-11,KOSDAQ,5201.0,6750.0,6595.0,6247.0,0.2978273408959815,0.26802537973466634,0.2011151701595848,
535531,20241216901822,00373571,스타코링크,060240,전환사채(해외전환사채포함)발행후만기전사채취득              (제6회차),2024-12-16,KOSDAQ,6260.0,6169.0,6247.0,5898.0,-0.014536741214057458,-0.0020766773162939067,-0.05782747603833871,
535530,20241216901847,00373571,스타코링크,060240,전환사채(해외전환사채포함)발행후만기전사채취득              (제7회차),2024-12-16,KOSDAQ,6260.0,6169.0,6247.0,5898.0,-0.014536741214057458,-0.0020766773162939067,-0.05782747603833871,
337441,20250905900335,00373571,스타코링크,060240,전환사채(해외전환사채포함)발행후만기전사채취득              (제6회차),2025-09-05,KOSDAQ,1976.0,1976.0,1976.0,1976.0,0.0,0.0,0.0,
286720,20251218000294,00373571,스타코링크,060240,주요사항보고서(전환사채권발행결정),2025-12-18,KOSDAQ,1976.0,1976.0,1976.0,1976.0,0.0,0.0,0.0,
282355,20251226900597,00373571,스타코링크,060240,전환사채(해외전환사채포함)발행후만기전사채취득              (제7회차),2025-12-26,KOSDAQ,1976.0,1976.0,1976.0,1976.0,0.0,0.0,0.0,
700137,20240401901332,01137383,카카오게임즈,293490,전환사채(해외전환사채포함)발행후만기전사채취득              (제1회차),2024-04-01,KOSDAQ,23700.0,23050.0,23000.0,21350.0,-0.02742616033755274,-0.029535864978902926,-0.09915611814345993,
575450,20240930900732,01137383,카카오게임즈,293490,전환사채(해외전환사채포함)발행후만기전사채취득,2024-09-30,KOSDAQ,17500.0,17500.0,18210.0,17500.0,0.0,0.04057142857142848,0.0,
454106,20250331903373,01137383,카카오게임즈,293490,전환사채(해외전환사채포함)발행후만기전사채취득,2025-03-31,KOSDAQ,14370.0,14700.0,14350.0,13960.0,0.022964509394572064,-0.0013917884481559062,-0.028531663187195577,
696319,20240402003067,01512575,코어라인소프트,384470,주요사항보고서(전환사채권발행결정),2024-04-02,KOSDAQ,15731.0,15463.0,14908.0,13594.0,-0.017036424893522306,-0.05231708092301823,-0.13584641790095986,
689847,20240404900388,01512575,코어라인소프트,384470,증권발행결과(자율공시)              (제2회차 전환사채),2024-04-04,KOSDAQ,14908.0,14898.0,14269.0,13214.0,-0.0006707807888381989,-0.042862892406761444,-0.11363026562919243,
253314,20260212001671,01512575,코어라인소프트,384470,주요사항보고서(전환사채권발행결정),2026-02-12,KOSDAQ,3800.0,3670.0,3815.0,3830.0,-0.03421052631578947,0.003947368421052699,0.007894736842105177,
50331,20260406900643,01512575,코어라인소프트,384470,전환사채(해외전환사채포함)발행후만기전사채취득,2026-04-06,KOSDAQ,3035.0,3040.0,3080.0,3100.0,0.0016474464579900872,0.014827018121911006,0.021416803953871577,
681243,20240408900480,00482426,인화정공,101930,전환사채(해외전환사채포함)발행후만기전사채취득              (제1회차),2024-04-08,KOSDAQ,2406.0,2418.0,2410.0,2384.0,0.004987531172069737,0.0016625103906899863,-0.009143807148794703,
668662,20240412002972,00127909,삼일,032280,주요사항보고서(전환사채권발행결정),2024-04-12,KOSDAQ,1805.0,1792.0,1773.0,1765.0,-0.00720221606648197,-0.017728531855955687,-0.02216066481994461,
322264,20251017900338,00127909,삼일,032280,전환사채(해외전환사채포함)발행후만기전사채취득,2025-10-17,KOSDAQ,1347.0,1363.0,1350.0,1348.0,0.01187824795842607,0.00222717149220486,0.0007423904974015461,
666500,20240415000955,01586455,꿈비,407400,주요사항보고서(전환사채권발행결정),2024-04-15,KOSDAQ,7950.0,7700.0,7700.0,8040.0,-0.03144654088050314,-0.03144654088050314,0.01132075471698113,
396579,20250519900454,01586455,꿈비,407400,전환사채(해외전환사채포함)발행후만기전사채취득              (제1회차),2025-05-19,KOSDAQ,9160.0,9060.0,9200.0,7760.0,-0.01091703056768556,0.004366812227074135,-0.15283842794759828,
373116,20250702000491,01586455,꿈비,407400,주요사항보고서(전환사채권발행결정),2025-07-02,KOSDAQ,8070.0,8130.0,8280.0,7920.0,0.0074349442379182396,0.026022304832713727,-0.018587360594795488,
26415,20260417900657,01586455,꿈비,407400,전환사채(해외전환사채포함)발행후만기전사채취득              (제1회차),2026-04-17,KOSDAQ,4450.0,4455.0,4445.0,4545.0,0.0011235955056179137,-0.0011235955056180247,0.02134831460674147,
666649,20240415900378,01068348,러셀,217500,전환사채(해외전환사채포함)발행후만기전사채취득,2024-04-15,KOSDAQ,2730.0,2655.0,2675.0,2580.0,-0.027472527472527486,-0.020146520146520186,-0.05494505494505497,
616988,20240715900350,01068348,러셀,217500,전환사채(해외전환사채포함)발행후만기전사채취득,2024-07-15,KOSDAQ,2505.0,2470.0,2475.0,2280.0,-0.013972055888223589,-0.0119760479041916,-0.08982035928143717,
571011,20241014900281,01068348,러셀,217500,전환사채(해외전환사채포함)발행후만기전사채취득,2024-10-14,KOSDAQ,1883.0,1895.0,1888.0,1850.0,0.006372809346786967,0.0026553372278279586,-0.017525225703664327,
417518,20250414900270,01068348,러셀,217500,전환사채(해외전환사채포함)발행후만기전사채취득,2025-04-14,KOSDAQ,1579.0,1639.0,1642.0,1635.0,0.03799873337555404,0.039898670044331785,0.03546548448385045,
665075,20240417000527,00385363,빅텍,065450,주요사항보고서(전환사채권발행결정),2024-04-17,KOSDAQ,5150.0,4930.0,5470.0,4970.0,-0.042718446601941795,0.062135922330097015,-0.03495145631067964,
654485,20240507900645,00385363,빅텍,065450,전환사채(해외전환사채포함)발행후만기전사채취득,2024-05-07,KOSDAQ,4835.0,4765.0,4710.0,4665.0,-0.014477766287487093,-0.02585315408479838,-0.0351602895553258,
607935,20240806900547,00385363,빅텍,065450,전환사채(해외전환사채포함)발행후만기전사채취득,2024-08-06,KOSDAQ,5420.0,5740.0,5380.0,5430.0,0.05904059040590415,-0.0073800738007380184,0.0018450184501845879,
513689,20250206900569,00385363,빅텍,065450,전환사채(해외전환사채포함)발행후만기전사채취득,2025-02-06,KOSDAQ,4090.0,4015.0,4015.0,4090.0,-0.01833740831295838,-0.01833740831295838,0.0,
663707,20240419000709,01075126,사토시홀딩스,223310,주요사항보고서(전환사채권발행결정),2024-04-19,KOSDAQ,8158.0,8443.0,8353.0,8498.0,0.03493503309634716,0.02390291738171113,0.04167688158862459,
596380,20240820000412,01075126,사토시홀딩스,223310,주요사항보고서(전환사채권발행결정),2024-08-21,KOSDAQ,15306.0,15006.0,16307.0,15706.0,-0.019600156801254376,0.06539918986018556,0.02613354240167265,
379168,20250623000222,01075126,사토시홀딩스,223310,주요사항보고서(전환사채권발행결정),2025-06-23,KOSDAQ,17507.0,22760.0,26361.0,29763.0,0.3000514080082253,0.5057405609184897,0.700062832010053,
345011,20250826900446,01075126,사토시홀딩스,223310,전환사채(해외전환사채포함)발행후만기전사채취득              (제9회차),2025-08-26,KOSDAQ,16657.0,16832.0,16532.0,15481.0,0.010506093534249805,-0.007504352524464242,-0.07060094855015908,
289706,20251215000366,01075126,사토시홀딩스,223310,주요사항보고서(전환사채권발행결정),2025-12-15,KOSDAQ,10029.0,9654.0,9254.0,10304.0,-0.037391564463057136,-0.07727589989031802,0.027420480606241915,
289701,20251215901512,01075126,사토시홀딩스,223310,전환사채(해외전환사채포함)발행후만기전사채취득              (제9회차),2025-12-15,KOSDAQ,10029.0,9654.0,9254.0,10304.0,-0.037391564463057136,-0.07727589989031802,0.027420480606241915,
110694,20260227007101,01075126,사토시홀딩스,223310,주요사항보고서(전환사채권발행결정),2026-02-27,KOSDAQ,8023.0,7233.0,6252.0,6752.0,-0.09846690764053345,-0.22074037143213265,-0.15841954381154177,
103526,20260309901300,01075126,사토시홀딩스,223310,증권발행결과(자율공시)              (전환사채 제12회차),2026-03-09,KOSDAQ,6752.0,6988.0,7163.0,7518.0,0.03495260663507116,0.06087085308056861,0.11344786729857814,
114373,20260622000309,01075126,사토시홀딩스,223310,주요사항보고서(전환사채권발행결정),2026-06-22,KOSDAQ,4405.0,3905.0,3990.0,,-0.11350737797956867,-0.09421112372304197,,
663722,20240419900746,01315042,시선AI,340810,전환사채(해외전환사채포함)발행후만기전사채취득              (제3회차),2024-04-19,KOSDAQ,5050.0,5110.0,5520.0,5550.0,0.011881188118811892,0.09306930693069315,0.0990099009900991,
660751,20240425000691,01315042,시선AI,340810,주요사항보고서(전환사채권발행결정),2024-04-25,KOSDAQ,5310.0,5550.0,5600.0,5780.0,0.04519774011299438,0.05461393596986808,0.08851224105461397,
517523,20250124900644,01315042,시선AI,340810,전환사채(해외전환사채포함)발행후만기전사채취득              (제3회차),2025-01-24,KOSDAQ,3500.0,3390.0,3415.0,3455.0,-0.03142857142857147,-0.024285714285714244,-0.0128571428571429,
332073,20250919000372,01315042,시선AI,340810,주요사항보고서(전환사채권발행결정),2025-09-19,KOSDAQ,3695.0,3570.0,3815.0,3455.0,-0.03382949932341006,0.03247631935047357,-0.06495263870094725,
327485,20250930000353,01315042,시선AI,340810,주요사항보고서(전환사채권발행결정),2025-09-30,KOSDAQ,3645.0,3505.0,3575.0,3485.0,-0.0384087791495199,-0.019204389574759895,-0.04389574759945125,
320177,20251023000235,01315042,시선AI,340810,주요사항보고서(전환사채권발행결정),2025-10-23,KOSDAQ,3365.0,3320.0,3385.0,3185.0,-0.013372956909361022,0.005943536404160454,-0.05349182763744431,
312949,20251107900530,01315042,시선AI,340810,전환사채(해외전환사채포함)발행후만기전사채취득              (제4회차),2025-11-07,KOSDAQ,3130.0,3215.0,3125.0,3025.0,0.02715654952076685,-0.0015974440894568342,-0.033546325878594296,
16993,20260430901689,01315042,시선AI,340810,전환사채(해외전환사채포함)발행후만기전사채취득              (제4회차),2026-04-30,KOSDAQ,3335.0,3235.0,3210.0,3075.0,-0.02998500749625188,-0.03748125937031488,-0.07796101949025491,
661793,20240424000380,01012987,아모센스,357580,주요사항보고서(전환사채권발행결정),2024-04-24,KOSDAQ,10160.0,10080.0,10200.0,10310.0,-0.007874015748031482,0.003937007874015741,0.014763779527559029,
658649,20240429900430,01012987,아모센스,357580,전환사채(해외전환사채포함)발행후만기전사채취득,2024-04-29,KOSDAQ,10250.0,10320.0,10310.0,10350.0,0.006829268292682933,0.005853658536585371,0.009756097560975618,
633175,20240612000284,01012987,아모센스,357580,주요사항보고서(전환사채권발행결정),2024-06-12,KOSDAQ,11770.0,11820.0,11510.0,10820.0,0.004248088360237823,-0.022090059473237056,-0.08071367884451996,
629690,20240620900252,01012987,아모센스,357580,전환사채(해외전환사채포함)발행후만기전사채취득              (제1회차),2024-06-20,KOSDAQ,11000.0,10450.0,10600.0,10340.0,-0.050000000000000044,-0.036363636363636376,-0.06000000000000005,
611291,20240729900345,01012987,아모센스,357580,전환사채(해외전환사채포함)발행후만기전사채취득,2024-07-29,KOSDAQ,9050.0,8980.0,9060.0,7510.0,-0.007734806629834279,0.0011049723756906271,-0.17016574585635358,
367858,20250716000250,01012987,아모센스,357580,주요사항보고서(전환사채권발행결정),2025-07-16,KOSDAQ,6860.0,6900.0,6860.0,6700.0,0.005830903790087438,0.0,-0.023323615160349864,
364621,20250724900543,01012987,아모센스,357580,전환사채(해외전환사채포함)발행후만기전사채취득,2025-07-24,KOSDAQ,6510.0,7500.0,7050.0,7030.0,0.1520737327188939,0.08294930875576045,0.07987711213517668,
364617,20250724900547,01012987,아모센스,357580,전환사채(해외전환사채포함)발행후만기전사채취득,2025-07-24,KOSDAQ,6510.0,7500.0,7050.0,7030.0,0.1520737327188939,0.08294930875576045,0.07987711213517668,
660771,20240425000614,01274329,성일하이텍,365340,주요사항보고서(전환사채권발행결정),2024-04-25,KOSDAQ,77100.0,78000.0,79500.0,81500.0,0.011673151750972721,0.03112840466926059,0.05706874189364464,
322163,20251017000299,01274329,성일하이텍,365340,[첨부추가]주요사항보고서(전환사채권발행결정),2025-10-17,KOSDAQ,43200.0,42700.0,42600.0,44850.0,-0.01157407407407407,-0.01388888888888884,0.03819444444444442,
316432,20251030900827,01274329,성일하이텍,365340,전환사채(해외전환사채포함)발행후만기전사채취득              (제3회차),2025-10-30,KOSDAQ,44050.0,42950.0,43100.0,41100.0,-0.024971623155505163,-0.02156640181611802,-0.06696935300794549,
298165,20251128001687,01274329,성일하이텍,365340,주요사항보고서(전환사채권발행결정),2025-11-28,KOSDAQ,41750.0,41950.0,42600.0,42400.0,0.004790419161676551,0.020359281437125842,0.015568862275449069,
660697,20240425000705,01397620,루닛,328130,주요사항보고서(전환사채권발행결정),2024-04-25,KOSDAQ,25171.0,24515.0,25499.0,26624.0,-0.02606173771403597,0.013030868857017985,0.057725159906241386,
660696,20240425000716,01397620,루닛,328130,주요사항보고서(전환사채권발행결정),2024-04-25,KOSDAQ,25171.0,24515.0,25499.0,26624.0,-0.02606173771403597,0.013030868857017985,0.057725159906241386,
16150,20260504900575,01397620,루닛,328130,전환사채(해외전환사채포함)발행후만기전사채취득              (제1회차),2026-05-04,KOSDAQ,20800.0,22300.0,20850.0,17630.0,0.07211538461538458,0.0024038461538462563,-0.15240384615384617,
125028,20260601901071,01397620,루닛,328130,전환사채(해외전환사채포함)발행후만기전사채취득              (제2회차),2026-06-01,KOSDAQ,16000.0,15060.0,15240.0,14630.0,-0.05874999999999997,-0.04749999999999999,-0.08562499999999995,
659756,20240426000737,00550994,아이센스,099190,주요사항보고서(전환사채권발행결정),2024-04-26,KOSDAQ,19120.0,20000.0,19630.0,19500.0,0.046025104602510414,0.026673640167363954,0.01987447698744771,
17911,20260430900807,00550994,아이센스,099190,전환사채(해외전환사채포함)발행후만기전사채취득,2026-04-30,KOSDAQ,21200.0,21800.0,21300.0,19510.0,0.028301886792452935,0.004716981132075526,-0.07971698113207548,
654085,20240508000390,00525679,차바이오텍,085660,주요사항보고서(전환사채권발행결정),2024-05-08,KOSDAQ,16081.0,15453.0,15508.0,15647.0,-0.03905229774267771,-0.035632112430818985,-0.0269883713699397,
528595,20241230900828,00525679,차바이오텍,085660,전환사채(해외전환사채포함)발행후만기전사채취득,2024-12-30,KOSDAQ,10579.0,10357.0,10754.0,10920.0,-0.020984970224028787,0.016542206257680325,0.03223367047925141,
473244,20250319900849,00525679,차바이오텍,085660,전환사채(해외전환사채포함)발행후만기전사채취득,2025-03-19,KOSDAQ,10874.0,10939.0,10717.0,10616.0,0.005977561155048772,-0.014438109251425413,-0.02372631966157812,
649972,20240514001614,01555215,스마트레이더시스템,424960,주요사항보고서(전환사채권발행결정),2024-05-14,KOSDAQ,12160.0,12090.0,11730.0,11860.0,-0.005756578947368474,-0.035361842105263164,-0.024671052631578982,
92192,20260317000696,01555215,스마트레이더시스템,424960,주요사항보고서(전환사채권발행결정),2026-03-17,KOSDAQ,6980.0,7170.0,7280.0,7230.0,0.027220630372492893,0.042979942693409656,0.035816618911174825,
5626,20260518900653,01555215,스마트레이더시스템,424960,전환사채(해외전환사채포함)발행후만기전사채취득              (제1회차),2026-05-18,KOSDAQ,6430.0,6200.0,6000.0,6570.0,-0.03576982892690517,-0.06687402799377917,0.021772939346811793,
647439,20240516002252,00313649,현대바이오,048410,주요사항보고서(전환사채권발행결정),2024-05-16,KOSDAQ,9800.0,9941.0,9847.0,9423.0,0.014387755102040822,0.004795918367346941,-0.038469387755102,
631379,20240617000166,00313649,현대바이오,048410,주요사항보고서(전환사채권발행결정),2024-06-17,KOSDAQ,8806.0,8598.0,8339.0,8787.0,-0.02362025891437658,-0.05303202362025894,-0.0021576198046786565,
393332,20250527900514,00313649,현대바이오,048410,전환사채(해외전환사채포함)발행후만기전사채취득,2025-05-27,KOSDAQ,5500.0,5415.0,5530.0,5505.0,-0.015454545454545499,0.005454545454545379,0.0009090909090909705,
374561,20250630900884,00313649,현대바이오,048410,전환사채(해외전환사채포함)발행후만기전사채취득,2025-06-30,KOSDAQ,4415.0,4455.0,4515.0,5345.0,0.009060022650056565,0.022650056625141524,0.21064552661381652,
330351,20250924000441,00313649,현대바이오,048410,주요사항보고서(전환사채권발행결정),2025-09-24,KOSDAQ,5600.0,5570.0,5450.0,5250.0,-0.005357142857142838,-0.0267857142857143,-0.0625,
117376,20260615000419,00313649,현대바이오,048410,주요사항보고서(전환사채권발행결정),2026-06-15,KOSDAQ,9530.0,9570.0,9700.0,8530.0,0.0041972717733473885,0.01783840503672618,-0.10493179433368316,
646656,20240520000118,00911229,라온로보틱스,232680,주요사항보고서(전환사채권발행결정),2024-05-20,KOSDAQ,8400.0,8350.0,8330.0,8110.0,-0.005952380952380931,-0.008333333333333304,-0.03452380952380951,
248400,20260223900572,00911229,라온로보틱스,232680,전환사채(해외전환사채포함)발행후만기전사채취득,2026-02-23,KOSDAQ,15780.0,16350.0,16550.0,15280.0,0.03612167300380231,0.048795944233206656,-0.03168567807351075,
646576,20240520000180,00961774,유티아이,179900,주요사항보고서(전환사채권발행결정),2024-05-20,KOSDAQ,35800.0,37550.0,36750.0,36600.0,0.0488826815642458,0.026536312849162025,0.022346368715083775,
626568,20240626000144,00961774,유티아이,179900,주요사항보고서(전환사채권발행결정),2024-06-26,KOSDAQ,29050.0,30050.0,30400.0,29700.0,0.03442340791738374,0.04647160068846823,0.022375215146299476,
378426,20250624000407,00961774,유티아이,179900,주요사항보고서(전환사채권발행결정),2025-06-24,KOSDAQ,22750.0,22150.0,22400.0,24500.0,-0.02637362637362639,-0.01538461538461533,0.07692307692307687,
315753,20251031000418,00961774,유티아이,179900,주요사항보고서(전환사채권발행결정),2025-10-31,KOSDAQ,28150.0,27500.0,27800.0,25950.0,-0.023090586145648295,-0.01243339253996445,-0.07815275310834813,
3914,20260521000583,00961774,유티아이,179900,주요사항보고서(전환사채권발행결정),2026-05-21,KOSDAQ,23000.0,22100.0,23400.0,21850.0,-0.03913043478260869,0.017391304347825987,-0.050000000000000044,
2847,20260522900940,00961774,유티아이,179900,전환사채(해외전환사채포함)발행후만기전사채취득              (제1회차),2026-05-22,KOSDAQ,22100.0,23400.0,22300.0,19020.0,0.05882352941176472,0.009049773755656076,-0.13936651583710402,
128053,20260529901107,00961774,유티아이,179900,전환사채(해외전환사채포함)발행후만기전사채취득              (제1회사),2026-05-29,KOSDAQ,21850.0,19020.0,18310.0,16420.0,-0.12951945080091531,-0.16201372997711672,-0.24851258581235702,
124405,20260601901560,00961774,유티아이,179900,전환사채(해외전환사채포함)발행후만기전사채취득              (제1회차),2026-06-01,KOSDAQ,19020.0,18310.0,17710.0,17230.0,-0.03732912723449,-0.06887486855941116,-0.09411146161934802,
643677,20240528000103,00186939,특수건설,026150,주요사항보고서(전환사채권발행결정),2024-05-28,KOSDAQ,7670.0,7560.0,7390.0,7750.0,-0.014341590612777066,-0.03650586701434155,0.010430247718383301,
125759,20260601900659,00186939,특수건설,026150,전환사채(해외전환사채포함)발행후만기전사채취득,2026-06-01,KOSDAQ,4450.0,4445.0,4415.0,4110.0,-0.0011235955056180247,-0.00786516853932584,-0.07640449438202246,
636713,20240603000162,01409022,페니트리움바이오,187660,주요사항보고서(전환사채권발행결정),2024-06-03,KOSDAQ,1693.0,1609.0,1545.0,1459.0,-0.04961606615475489,-0.08741878322504426,-0.13821618428824567,
625573,20240627900363,01409022,페니트리움바이오,187660,증권발행결과(자율공시)              (제3회차 전환사채),2024-06-27,KOSDAQ,1487.0,1523.0,1520.0,1568.0,0.024209818426361718,0.02219233355749828,0.054472091459313976,
635970,20240604000375,00327819,선익시스템,171090,주요사항보고서(전환사채권발행결정),2024-06-04,KOSDAQ,58400.0,62700.0,66300.0,69000.0,0.07363013698630128,0.13527397260273966,0.18150684931506844,
85054,20260323901895,00327819,선익시스템,171090,전환사채(해외전환사채포함)발행후만기전사채취득,2026-03-23,KOSDAQ,94900.0,93200.0,94900.0,85800.0,-0.017913593256059013,0.0,-0.09589041095890416,
114406,20260622900633,00327819,선익시스템,171090,전환사채(해외전환사채포함)발행후만기전사채취득,2026-06-22,KOSDAQ,66000.0,58800.0,60000.0,,-0.10909090909090913,-0.09090909090909094,,
635471,20240605000359,01370863,그린리소스,402490,주요사항보고서(전환사채권발행결정),2024-06-05,KOSDAQ,13533.0,13683.0,13207.0,13357.0,0.011084016847705547,-0.02408926328234684,-0.013005246434641293,
123620,20260602000337,01370863,그린리소스,402490,주요사항보고서(전환사채권발행결정),2026-06-02,KOSDAQ,12300.0,12790.0,11750.0,11040.0,0.0398373983739837,-0.04471544715447151,-0.10243902439024388,
634330,20240610000380,01160512,헝셩그룹,900270,주요사항보고서(전환사채권발행결정),2024-06-10,KOSDAQ,3572.0,3152.0,3322.0,3282.0,-0.11758118701007836,-0.0699888017917133,-0.08118701007838747,
634297,20240610000388,01160512,헝셩그룹,900270,주요사항보고서(전환사채권발행결정),2024-06-10,KOSDAQ,3572.0,3152.0,3322.0,3282.0,-0.11758118701007836,-0.0699888017917133,-0.08118701007838747,
467539,20250324000497,01160512,헝셩그룹,900270,주요사항보고서(전환사채권발행결정),2025-03-24,KOSDAQ,2431.0,2471.0,2491.0,2291.0,0.016454134101193008,0.0246812011517894,-0.05758946935417519,
250578,20260213002703,01160512,헝셩그룹,900270,주요사항보고서(전환사채권발행결정),2026-02-13,KOSDAQ,1451.0,1370.0,1381.0,1381.0,-0.05582356995175741,-0.04824259131633357,-0.04824259131633357,
633800,20240611000432,00493325,에이엘티,172670,주요사항보고서(전환사채권발행결정),2024-06-11,KOSDAQ,20050.0,20350.0,19890.0,18620.0,0.014962593516209433,-0.007980049875311757,-0.07132169576059855,
633666,20240611000545,00624378,마이크로투나노,424980,주요사항보고서(전환사채권발행결정),2024-06-11,KOSDAQ,13320.0,13140.0,13130.0,13250.0,-0.013513513513513487,-0.014264264264264304,-0.005255255255255276,
633473,20240612000001,01685251,컨텍,451760,주요사항보고서(전환사채권발행결정),2024-06-12,KOSDAQ,15840.0,16140.0,15890.0,15160.0,0.018939393939394034,0.0031565656565657463,-0.04292929292929293,
632675,20240613000215,00606664,케이엔더블유,105330,주요사항보고서(전환사채권발행결정),2024-06-13,KOSDAQ,9340.0,8100.0,7680.0,7520.0,-0.13276231263383298,-0.1777301927194861,-0.19486081370449682,
632657,20240613000242,00606664,케이엔더블유,105330,특수관계인에대한전환사채발행의결,2024-06-13,KOSDAQ,9340.0,8100.0,7680.0,7520.0,-0.13276231263383298,-0.1777301927194861,-0.19486081370449682,
630401,20240619000002,00426068,엑시온그룹,069920,주요사항보고서(전환사채권발행결정),2024-06-19,KOSDAQ,17916.0,19125.0,17063.0,15463.0,0.06748158070998,-0.04761107390042418,-0.13691672248269704,
615226,20240718000450,00426068,엑시온그룹,069920,주요사항보고서(전환사채권발행결정),2024-07-18,KOSDAQ,19267.0,18698.0,19552.0,17916.0,-0.029532361031816112,0.014792131624020266,-0.07011989411947894,
561842,20241104000362,00426068,엑시온그룹,069920,주요사항보고서(전환사채권발행결정),2024-11-04,KOSDAQ,8958.0,9093.0,8837.0,7991.0,0.015070328198258487,-0.01350747934806873,-0.10794820272382233,
561850,20241104900606,00426068,엑시온그룹,069920,전환사채(해외전환사채포함)발행후만기전사채취득,2024-11-04,KOSDAQ,8958.0,9093.0,8837.0,7991.0,0.015070328198258487,-0.01350747934806873,-0.10794820272382233,
549964,20241126000708,00426068,엑시온그룹,069920,주요사항보고서(전환사채권발행결정),2024-11-26,KOSDAQ,7109.0,6889.0,6370.0,6953.0,-0.030946687297791486,-0.10395273596849064,-0.021944014629343034,
545157,20241129900758,00426068,엑시온그룹,069920,전환사채(해외전환사채포함)발행후만기전사채취득,2024-11-29,KOSDAQ,6313.0,6469.0,6953.0,6320.0,0.024710913987010974,0.10137810866466013,0.0011088230635196705,
467154,20250324000814,00426068,엑시온그룹,069920,주요사항보고서(전환사채권발행결정),2025-03-24,KOSDAQ,5986.0,7778.0,6768.0,8816.0,0.2993651854326762,0.1306381556966254,0.4727697961911126,
467139,20250324000839,00426068,엑시온그룹,069920,주요사항보고서(전환사채권발행결정),2025-03-24,KOSDAQ,5986.0,7778.0,6768.0,8816.0,0.2993651854326762,0.1306381556966254,0.4727697961911126,
422980,20250410901100,00426068,엑시온그룹,069920,"기타주요경영사항              (영업양수결정, 제9회차 전환사채권 발행결정,제10회차 전환사채권 발행결정, 자본으로 인정되는 채무증권 발행결정 철회)",2025-04-10,KOSDAQ,13010.0,15215.0,16388.0,16565.0,0.16948501152959272,0.2596464258262874,0.2732513451191392,
415481,20250415000496,00426068,엑시온그룹,069920,주요사항보고서(전환사채권발행결정),2025-04-15,KOSDAQ,20476.0,17774.0,16565.0,21045.0,-0.13195936706387967,-0.19100410236374288,0.02778863059191239,
396710,20250519900252,00426068,엑시온그룹,069920,전환사채(해외전환사채포함)발행후만기전사채취득,2025-05-19,KOSDAQ,17170.0,16814.0,16459.0,13010.0,-0.020733838089691314,-0.04140943506115313,-0.2422830518345952,
385080,20250609000166,00426068,엑시온그룹,069920,주요사항보고서(전환사채권발행결정),2025-06-09,KOSDAQ,14930.0,14504.0,14930.0,13295.0,-0.028533154722036214,0.0,-0.10951105157401209,
377250,20250626900371,00426068,엑시온그룹,069920,전환사채(해외전환사채포함)발행후만기전사채취득,2025-06-26,KOSDAQ,10515.0,10949.0,11091.0,11375.0,0.041274369947693845,0.05477888730385172,0.08178792201616747,
320448,20251022000321,00426068,엑시온그룹,069920,주요사항보고서(전환사채권발행결정),2025-10-22,KOSDAQ,9733.0,9228.0,9086.0,8524.0,-0.05188533853899102,-0.0664748792766876,-0.1242165827596835,
97389,20260312901792,00426068,엑시온그룹,069920,전환사채(해외전환사채포함)발행후만기전사채취득              (제8회차),2026-03-12,KOSDAQ,4109.0,3675.0,3533.0,2957.0,-0.10562180579216351,-0.14018009247992214,-0.28036018495984427,
630282,20240619000137,00417167,풍원정밀,371950,주요사항보고서(전환사채권발행결정),2024-06-19,KOSDAQ,11590.0,15060.0,13830.0,15290.0,0.2993960310612598,0.19327006039689398,0.31924072476272647,
404814,20250507000683,00417167,풍원정밀,371950,주요사항보고서(전환사채권발행결정),2025-05-07,KOSDAQ,11980.0,13170.0,13370.0,12040.0,0.09933222036727885,0.11602671118530883,0.005008347245408995,
630116,20240619000301,00364306,성우전자,081580,주요사항보고서(전환사채권발행결정),2024-06-19,KOSDAQ,3505.0,3465.0,3360.0,3590.0,-0.011412268188302432,-0.041369472182596345,0.024251069900142586,
4008,20260521900670,00364306,성우전자,081580,전환사채(해외전환사채포함)발행후만기전사채취득,2026-05-21,KOSDAQ,2915.0,2870.0,2930.0,2530.0,-0.015437392795883409,0.005145797598627766,-0.13207547169811318,
114439,20260622900589,00364306,성우전자,081580,전환사채(해외전환사채포함)발행후만기전사채취득,2026-06-22,KOSDAQ,2375.0,2250.0,2235.0,,-0.052631578947368474,-0.05894736842105264,,
629948,20240619000418,00520610,씨큐브,101240,주요사항보고서(전환사채권발행결정),2024-06-19,KOSDAQ,5710.0,4895.0,4845.0,4745.0,-0.1427320490367776,-0.1514886164623468,-0.16900175131348516,
373724,20250701900744,00520610,씨큐브,101240,전환사채(해외전환사채포함)발행후만기전사채취득,2025-07-01,KOSDAQ,4250.0,4655.0,4820.0,4565.0,0.09529411764705875,0.13411764705882345,0.07411764705882362,
281824,20251229900343,00520610,씨큐브,101240,전환사채(해외전환사채포함)발행후만기전사채취득,2025-12-29,KOSDAQ,4210.0,4215.0,4280.0,4130.0,0.0011876484560569,0.016627078384798155,-0.019002375296912066,
7882,20260515901646,00520610,씨큐브,101240,전환사채(해외전환사채포함)발행후만기전사채취득,2026-05-15,KOSDAQ,3940.0,3860.0,3805.0,3800.0,-0.02030456852791873,-0.03426395939086291,-0.035532994923857864,
627336,20240624000372,00138367,플레이위드,023770,주요사항보고서(전환사채권발행결정),2024-06-25,KOSDAQ,6730.0,6800.0,6630.0,7030.0,0.010401188707280795,-0.014858841010401136,0.04457652303120363,
282518,20251226900412,00138367,플레이위드,023770,전환사채(해외전환사채포함)발행후만기전사채취득,2025-12-26,KOSDAQ,3015.0,2965.0,2995.0,3000.0,-0.016583747927031545,-0.0066334991708125735,-0.00497512437810943,
79774,20260326902002,00138367,플레이위드,023770,전환사채(해외전환사채포함)발행후만기전사채취득,2026-03-26,KOSDAQ,3000.0,3120.0,3110.0,3065.0,0.040000000000000036,0.036666666666666625,0.021666666666666723,
625146,20240627000756,00125725,디모아,016670,주요사항보고서(전환사채권발행결정),2024-06-27,KOSDAQ,6150.0,6010.0,6510.0,6590.0,-0.02276422764227637,0.05853658536585371,0.07154471544715446,
445043,20250403000001,00125725,디모아,016670,주요사항보고서(전환사채권발행결정),2025-04-03,KOSDAQ,5350.0,6040.0,6180.0,5540.0,0.12897196261682242,0.15514018691588793,0.03551401869158877,
445042,20250403000004,00125725,디모아,016670,주요사항보고서(전환사채권발행결정),2025-04-03,KOSDAQ,5350.0,6040.0,6180.0,5540.0,0.12897196261682242,0.15514018691588793,0.03551401869158877,
327325,20250930900535,00125725,디모아,016670,전환사채(해외전환사채포함)발행후만기전사채취득              (제6회차),2025-09-30,KOSDAQ,7720.0,7910.0,7920.0,,0.024611398963730657,0.02590673575129543,,
622902,20240701000263,01128613,화승엔터프라이즈,241590,주요사항보고서(전환사채권발행결정),2024-07-01,KOSPI,7920.0,7560.0,7330.0,7450.0,-0.045454545454545414,-0.0744949494949495,-0.059343434343434365,
622763,20240701000412,01128613,화승엔터프라이즈,241590,주요사항보고서(전환사채권발행결정),2024-07-01,KOSPI,7920.0,7560.0,7330.0,7450.0,-0.045454545454545414,-0.0744949494949495,-0.059343434343434365,
622758,20240701000419,01128613,화승엔터프라이즈,241590,주요사항보고서(전환사채권발행결정),2024-07-01,KOSPI,7920.0,7560.0,7330.0,7450.0,-0.045454545454545414,-0.0744949494949495,-0.059343434343434365,
622728,20240701000422,01128613,화승엔터프라이즈,241590,주요사항보고서(전환사채권발행결정),2024-07-01,KOSPI,7920.0,7560.0,7330.0,7450.0,-0.045454545454545414,-0.0744949494949495,-0.059343434343434365,
622714,20240701000429,01128613,화승엔터프라이즈,241590,주요사항보고서(전환사채권발행결정),2024-07-01,KOSPI,7920.0,7560.0,7330.0,7450.0,-0.045454545454545414,-0.0744949494949495,-0.059343434343434365,
620855,20240704000354,00226352,케이엠더블유,032500,주요사항보고서(전환사채권발행결정),2024-07-04,KOSDAQ,13150.0,12150.0,12750.0,12490.0,-0.07604562737642584,-0.03041825095057038,-0.050190114068441094,
42215,20260408901143,00226352,케이엠더블유,032500,전환사채(해외전환사채포함)발행후만기전사채취득,2026-04-08,KOSDAQ,26550.0,24750.0,26900.0,34100.0,-0.06779661016949157,0.013182674199623268,0.28436911487758953,
620085,20240705000510,01534577,청담글로벌,362320,주요사항보고서(전환사채권발행결정),2024-07-05,KOSDAQ,9700.0,9800.0,9890.0,9250.0,0.010309278350515427,0.019587628865979312,-0.046391752577319534,
275597,20260109900294,01534577,청담글로벌,362320,전환사채(해외전환사채포함)발행후만기전사채취득,2026-01-09,KOSDAQ,5870.0,5830.0,5750.0,5540.0,-0.006814310051107331,-0.020442930153321992,-0.05621805792163548,
619976,20240708000004,00210856,코아스,071950,주요사항보고서(전환사채권발행결정),2024-07-08,KOSPI,5866.0,7621.0,9905.0,10850.0,0.2991817251960449,0.6885441527446301,0.8496420047732698,
619975,20240708000005,00210856,코아스,071950,주요사항보고서(전환사채권발행결정),2024-07-08,KOSPI,5866.0,7621.0,9905.0,10850.0,0.2991817251960449,0.6885441527446301,0.8496420047732698,
619974,20240708000006,00210856,코아스,071950,주요사항보고서(전환사채권발행결정),2024-07-08,KOSPI,5866.0,7621.0,9905.0,10850.0,0.2991817251960449,0.6885441527446301,0.8496420047732698,
293714,20251209000334,00210856,코아스,071950,주요사항보고서(전환사채권발행결정),2025-12-09,KOSPI,3820.0,3935.0,3985.0,3640.0,0.030104712041884918,0.043193717277487,-0.04712041884816753,
619223,20240709000442,00571483,오이솔루션,138080,주요사항보고서(전환사채권발행결정),2024-07-09,KOSDAQ,12100.0,11860.0,11880.0,11930.0,-0.01983471074380161,-0.018181818181818188,-0.014049586776859524,
100521,20260311901341,00571483,오이솔루션,138080,전환사채(해외전환사채포함)발행후만기전사채취득,2026-03-11,KOSDAQ,30650.0,32050.0,35850.0,31650.0,0.04567699836867867,0.16965742251223492,0.03262642740619892,
619053,20240710000001,01393721,포커스에이아이,331380,주요사항보고서(전환사채권발행결정),2024-07-10,KOSDAQ,3300.0,3300.0,3615.0,3850.0,0.0,0.09545454545454546,0.16666666666666674,
619052,20240710000002,01393721,포커스에이아이,331380,주요사항보고서(전환사채권발행결정),2024-07-10,KOSDAQ,3300.0,3300.0,3615.0,3850.0,0.0,0.09545454545454546,0.16666666666666674,
296926,20251201900683,01393721,포커스에이아이,331380,전환사채(해외전환사채포함)발행후만기전사채취득              (제2회차),2025-12-01,KOSDAQ,3050.0,3105.0,2770.0,2530.0,0.0180327868852459,-0.09180327868852456,-0.17049180327868851,
614729,20240719000397,00632845,노랑풍선,104620,주요사항보고서(전환사채권발행결정),2024-07-19,KOSDAQ,6540.0,6500.0,6360.0,5870.0,-0.006116207951070374,-0.02752293577981646,-0.10244648318042815,
539358,20241212900809,00632845,노랑풍선,104620,전환사채(해외전환사채포함)발행후만기전사채취득              (제1회차),2024-12-12,KOSDAQ,4750.0,4890.0,4930.0,4875.0,0.02947368421052632,0.0378947368421052,0.026315789473684292,
482277,20250312901014,00632845,노랑풍선,104620,전환사채(해외전환사채포함)발행후만기전사채취득              (제1회차),2025-03-12,KOSDAQ,5030.0,4840.0,4830.0,4850.0,-0.03777335984095431,-0.03976143141153077,-0.035785288270377746,
613847,20240723000209,00985686,큐브엔터,182360,주요사항보고서(전환사채권발행결정),2024-07-23,KOSDAQ,14290.0,14150.0,13750.0,13720.0,-0.009797060881735487,-0.03778866340097975,-0.03988803358992299,
613713,20240723000321,01498974,큐리옥스바이오시스템즈,445680,주요사항보고서(전환사채권발행결정),2024-07-23,KOSDAQ,23031.0,22956.0,22156.0,24131.0,-0.003256480395988026,-0.037992271286526824,0.0477617124744909,
611196,20240729000190,00636656,바이오플러스,099430,주요사항보고서(전환사채권발행결정),2024-07-29,KOSDAQ,5860.0,6070.0,5930.0,5750.0,0.03583617747440271,0.011945392491467643,-0.018771331058020424,
263285,20260202902136,00636656,바이오플러스,099430,전환사채(해외전환사채포함)발행후만기전사채취득,2026-02-02,KOSDAQ,5200.0,5260.0,5340.0,5270.0,0.011538461538461497,0.026923076923076827,0.013461538461538414,
611092,20240729000284,01365038,자람테크놀로지,389020,주요사항보고서(전환사채권발행결정),2024-07-29,KOSDAQ,41050.0,42350.0,47000.0,37100.0,0.03166869671132755,0.14494518879415352,-0.09622411693057242,
611054,20240730000001,00896753,에코글로우,159910,주요사항보고서(전환사채권발행결정),2024-07-30,KOSDAQ,5385.0,5315.0,5350.0,5150.0,-0.01299907149489321,-0.006499535747446661,-0.04363974001857007,
611053,20240730000002,00896753,에코글로우,159910,주요사항보고서(전환사채권발행결정),2024-07-30,KOSDAQ,5385.0,5315.0,5350.0,5150.0,-0.01299907149489321,-0.006499535747446661,-0.04363974001857007,
506707,20250213001775,00896753,에코글로우,159910,주요사항보고서(전환사채권발행결정),2025-02-13,KOSDAQ,3575.0,3900.0,4550.0,4950.0,0.09090909090909083,0.2727272727272727,0.3846153846153846,
396500,20250520000001,00896753,에코글로우,159910,주요사항보고서(전환사채권발행결정),2025-05-20,KOSDAQ,4575.0,4615.0,4595.0,4440.0,0.008743169398907069,0.004371584699453646,-0.02950819672131144,
396499,20250520000004,00896753,에코글로우,159910,주요사항보고서(전환사채권발행결정),2025-05-20,KOSDAQ,4575.0,4615.0,4595.0,4440.0,0.008743169398907069,0.004371584699453646,-0.02950819672131144,
339147,20250901900906,00896753,에코글로우,159910,전환사채(해외전환사채포함)발행후만기전사채취득              (제11회차),2025-09-01,KOSDAQ,3170.0,3490.0,3545.0,3400.0,0.10094637223974767,0.11829652996845419,0.0725552050473186,
287971,20251216901974,00896753,에코글로우,159910,전환사채(해외전환사채포함)발행후만기전사채취득              (제12회차),2025-12-16,KOSDAQ,3385.0,3405.0,3520.0,3370.0,0.005908419497784312,0.039881831610044216,-0.004431314623338234,
253778,20260212001185,00896753,에코글로우,159910,주요사항보고서(전환사채권발행결정),2026-02-12,KOSDAQ,2785.0,2590.0,2480.0,2740.0,-0.0700179533213644,-0.10951526032315984,-0.016157989228007152,
9565,20260514001320,00896753,에코글로우,159910,주요사항보고서(전환사채권발행결정),2026-05-14,KOSDAQ,3425.0,3350.0,3300.0,3600.0,-0.021897810218978075,-0.03649635036496346,0.051094890510948954,
610843,20240730000181,01351080,지아이이노베이션,358570,주요사항보고서(전환사채권발행결정),2024-07-30,KOSDAQ,9467.0,8908.0,9225.0,7876.0,-0.05904721664730117,-0.02556248019435936,-0.16805746276539557,
276043,20260108900585,01351080,지아이이노베이션,358570,전환사채(해외전환사채포함)발행후만기전사채취득              (제1회차),2026-01-08,KOSDAQ,16180.0,15980.0,15170.0,13820.0,-0.012360939431396822,-0.06242274412855375,-0.14585908529048208,
605832,20240809000455,01014718,제노코,361390,주요사항보고서(전환사채권발행결정),2024-08-09,KOSDAQ,14660.0,15050.0,15070.0,14720.0,0.026603001364256418,0.027967257844474736,0.004092769440654953,
592981,20240827000906,00403766,한국첨단소재,062970,주요사항보고서(전환사채권발행결정),2024-08-28,KOSDAQ,1026.0,995.0,1007.0,1012.0,-0.030214424951267027,-0.01851851851851849,-0.013645224171540016,
2846,20260522000640,00403766,한국첨단소재,062970,주요사항보고서(전환사채권발행결정),2026-05-22,KOSDAQ,3160.0,4105.0,3425.0,2770.0,0.29905063291139244,0.08386075949367089,-0.12341772151898733,
592194,20240828000844,00563518,비나텍,126340,주요사항보고서(전환사채권발행결정),2024-08-28,KOSDAQ,35896.0,37473.0,37520.0,33855.0,0.04393247158457769,0.045241809672387,-0.05685870291954531,
97531,20260312001260,00563518,비나텍,126340,주요사항보고서(전환사채권발행결정),2026-03-12,KOSDAQ,144500.0,151300.0,138500.0,139400.0,0.04705882352941182,-0.04152249134948094,-0.03529411764705881,
590076,20240829001654,01398151,밸로프,331520,주요사항보고서(전환사채권발행결정),2024-08-29,KOSDAQ,3675.0,3700.0,3665.0,3675.0,0.006802721088435382,-0.0027210884353741083,0.0,
586610,20240903000278,00407036,선바이오,067370,주요사항보고서(전환사채권발행결정),2024-09-03,KOSDAQ,7360.0,7170.0,6960.0,6780.0,-0.025815217391304324,-0.05434782608695654,-0.07880434782608692,
586136,20240904000181,00442826,대봉엘에스,078140,주요사항보고서(전환사채권발행결정),2024-09-04,KOSDAQ,14800.0,17620.0,17210.0,22500.0,0.19054054054054048,0.1628378378378379,0.5202702702702702,
585277,20240905000427,01053540,퓨쳐켐,220100,주요사항보고서(전환사채권발행결정),2024-09-05,KOSDAQ,21500.0,21600.0,22600.0,21550.0,0.0046511627906977715,0.051162790697674376,0.0023255813953488857,
96636,20260313900733,01053540,퓨쳐켐,220100,전환사채(해외전환사채포함)발행후만기전사채취득,2026-03-13,KOSDAQ,21800.0,21900.0,21900.0,21100.0,0.004587155963302836,0.004587155963302836,-0.032110091743119296,
584669,20240906000497,00156150,엑시큐어하이트론,019490,주요사항보고서(전환사채권발행결정),2024-09-06,KOSPI,954.0,1240.0,1612.0,3535.0,0.29979035639413,0.6897274633123689,2.7054507337526204,
584620,20240906000505,00156150,엑시큐어하이트론,019490,주요사항보고서(전환사채권발행결정),2024-09-06,KOSPI,954.0,1240.0,1612.0,3535.0,0.29979035639413,0.6897274633123689,2.7054507337526204,
584583,20240906000591,00156150,엑시큐어하이트론,019490,주요사항보고서(전환사채권발행결정),2024-09-06,KOSPI,954.0,1240.0,1612.0,3535.0,0.29979035639413,0.6897274633123689,2.7054507337526204,
583995,20240909000239,00156150,엑시큐어하이트론,019490,주요사항보고서(전환사채권발행결정),2024-09-09,KOSPI,1240.0,1612.0,2095.0,3535.0,0.30000000000000004,0.689516129032258,1.850806451612903,
583994,20240909000265,00156150,엑시큐어하이트론,019490,주요사항보고서(전환사채권발행결정),2024-09-09,KOSPI,1240.0,1612.0,2095.0,3535.0,0.30000000000000004,0.689516129032258,1.850806451612903,
335895,20250910000482,00156150,엑시큐어하이트론,019490,주요사항보고서(전환사채권발행결정),2025-09-10,KOSPI,673.0,660.0,651.0,657.0,-0.019316493313521588,-0.03268945022288261,-0.02377414561664193,
584192,20240909000134,00260392,대원전선,006340,주요사항보고서(전환사채권발행결정),2024-09-09,KOSPI,2735.0,2710.0,2735.0,2845.0,-0.009140767824497242,0.0,0.040219378427788,
120265,20260610000335,00260392,대원전선,006340,주요사항보고서(전환사채권발행결정),2026-06-10,KOSPI,10000.0,10000.0,10470.0,12330.0,0.0,0.04699999999999993,0.2330000000000001,
578122,20240925000391,01511558,네오이뮨텍,950220,주요사항보고서(전환사채권발행결정),2024-09-25,KOSDAQ,6375.0,6370.0,6010.0,6155.0,-0.0007843137254901489,-0.05725490196078431,-0.03450980392156866,
578036,20240925000459,00602172,와이엠티,251370,주요사항보고서(전환사채권발행결정),2024-09-25,KOSDAQ,8870.0,8900.0,8870.0,8480.0,0.0033821871476888976,0.0,-0.04396843291995489,
573010,20241008000327,00136776,차AI헬스케어,025620,주요사항보고서(전환사채권발행결정),2024-10-08,KOSPI,5500.0,5410.0,5450.0,5380.0,-0.016363636363636358,-0.009090909090909038,-0.021818181818181848,
461596,20250328000005,00136776,차AI헬스케어,025620,주요사항보고서(전환사채권발행결정),2025-03-28,KOSPI,4600.0,4460.0,5150.0,5040.0,-0.0304347826086957,0.11956521739130443,0.09565217391304337,
461595,20250328000006,00136776,차AI헬스케어,025620,주요사항보고서(전환사채권발행결정),2025-03-28,KOSPI,4600.0,4460.0,5150.0,5040.0,-0.0304347826086957,0.11956521739130443,0.09565217391304337,
461594,20250328000007,00136776,차AI헬스케어,025620,주요사항보고서(전환사채권발행결정),2025-03-28,KOSPI,4600.0,4460.0,5150.0,5040.0,-0.0304347826086957,0.11956521739130443,0.09565217391304337,
461591,20250328000008,00136776,차AI헬스케어,025620,주요사항보고서(전환사채권발행결정),2025-03-28,KOSPI,4600.0,4460.0,5150.0,5040.0,-0.0304347826086957,0.11956521739130443,0.09565217391304337,
326907,20250930000858,00136776,차AI헬스케어,025620,주요사항보고서(전환사채권발행결정),2025-09-30,KOSPI,11710.0,15220.0,13990.0,,0.29974380871050377,0.1947053800170795,,
571548,20241011000461,00357360,한세엠케이,069640,주요사항보고서(전환사채권발행결정),2024-10-11,KOSPI,3124.0,3074.0,2962.0,2836.0,-0.016005121638924424,-0.05185659411011523,-0.09218950064020481,
571473,20241011800404,00161976,한세예스24홀딩스,016450,주요사항보고서(전환사채권발행결정)(자회사의 주요경영사항),2024-10-11,KOSPI,5850.0,7600.0,5930.0,5200.0,0.2991452991452992,0.013675213675213627,-0.11111111111111116,
570978,20241014000174,00145598,이연제약,102460,주요사항보고서(전환사채권발행결정),2024-10-14,KOSPI,13800.0,14950.0,15020.0,16520.0,0.08333333333333326,0.08840579710144936,0.19710144927536222,
569873,20241016000225,01585155,오픈놀,440320,주요사항보고서(전환사채권발행결정),2024-10-16,KOSDAQ,4770.0,4705.0,4730.0,4465.0,-0.013626834381551323,-0.008385744234800874,-0.06394129979035634,
115244,20260619000313,01585155,오픈놀,440320,주요사항보고서(전환사채권발행결정),2026-06-19,KOSDAQ,2560.0,2565.0,2230.0,2030.0,0.001953125,-0.12890625,-0.20703125,
567883,20241022000205,01113499,아이티센피엔에스,232830,주요사항보고서(전환사채권발행결정),2024-10-22,KOSDAQ,2070.0,2125.0,2070.0,2030.0,0.02657004830917864,0.0,-0.019323671497584516,
23981,20260422000707,01113499,아이티센피엔에스,232830,주요사항보고서(전환사채권발행결정),2026-04-23,KOSDAQ,3980.0,3900.0,4180.0,4025.0,-0.02010050251256279,0.05025125628140703,0.011306532663316604,
565237,20241028000376,00389970,다날,064260,주요사항보고서(전환사채권발행결정),2024-10-28,KOSDAQ,3070.0,3250.0,3200.0,3095.0,0.05863192182410426,0.04234527687296419,0.008143322475570036,
561626,20241105000115,00442905,디에스엠,104040,주요사항보고서(전환사채권발행결정),2024-11-05,KOSDAQ,4840.0,4805.0,4720.0,4635.0,-0.00723140495867769,-0.024793388429752095,-0.0423553719008265,
336053,20250910000302,00442905,디에스엠,104040,주요사항보고서(전환사채권발행결정),2025-09-10,KOSDAQ,6245.0,6115.0,6220.0,5005.0,-0.02081665332265814,-0.004003202562049668,-0.19855884707766214,
336047,20250910000305,00442905,디에스엠,104040,주요사항보고서(전환사채권발행결정),2025-09-10,KOSDAQ,6245.0,6115.0,6220.0,5005.0,-0.02081665332265814,-0.004003202562049668,-0.19855884707766214,
114901,20260619000665,00442905,디에스엠,104040,주요사항보고서(전환사채권발행결정),2026-06-19,KOSDAQ,1720.0,1610.0,1462.0,1600.0,-0.06395348837209303,-0.15000000000000002,-0.06976744186046513,
561439,20241105000233,01405585,윙스풋,335870,주요사항보고서(전환사채권발행결정),2024-11-05,KOSDAQ,1243.0,1295.0,1479.0,1967.0,0.04183427192276756,0.1898632341110218,0.582461786001609,
560382,20241107000344,01258020,에스바이오메딕스,304360,주요사항보고서(전환사채권발행결정),2024-11-07,KOSDAQ,34800.0,33150.0,36100.0,20250.0,-0.04741379310344829,0.03735632183908044,-0.4181034482758621,
557542,20241113000720,01258020,에스바이오메딕스,304360,주요사항보고서(전환사채권발행결정),2024-11-13,KOSDAQ,26500.0,20250.0,19810.0,22950.0,-0.23584905660377353,-0.25245283018867926,-0.13396226415094337,
29063,20260414002171,01258020,에스바이오메딕스,304360,주요사항보고서(전환사채권발행결정),2026-04-14,KOSDAQ,31700.0,32350.0,32800.0,32350.0,0.020504731861198833,0.034700315457413256,0.020504731861198833,
559742,20241108000417,00550082,캔버스엔,210120,주요사항보고서(전환사채권발행결정),2024-11-08,KOSDAQ,3815.0,4182.0,3761.0,3441.0,0.0961992136304064,-0.014154652686762748,-0.09803407601572744,
544179,20241203000213,00550082,캔버스엔,210120,주요사항보고서(전환사채권발행결정),2024-12-03,KOSDAQ,3301.0,3308.0,3535.0,3334.0,0.0021205695243864398,0.07088760981520759,0.009996970614965184,
544177,20241203000223,00550082,캔버스엔,210120,주요사항보고서(전환사채권발행결정),2024-12-03,KOSDAQ,3301.0,3308.0,3535.0,3334.0,0.0021205695243864398,0.07088760981520759,0.009996970614965184,
542351,20241206900585,00550082,캔버스엔,210120,증권발행결과(자율공시)              (제2회 무기명식 이권부 무보증 사모 전환사채),2024-12-06,KOSDAQ,3521.0,3334.0,3334.0,3388.0,-0.05310991195683046,-0.05310991195683046,-0.03777335984095431,
532117,20241223000209,00550082,캔버스엔,210120,주요사항보고서(전환사채권발행결정),2024-12-23,KOSDAQ,3114.0,3201.0,3154.0,3174.0,0.027938342967244623,0.012845215157353929,0.019267822736030782,
520505,20250120000462,00550082,캔버스엔,210120,주요사항보고서(전환사채권발행결정),2025-01-20,KOSDAQ,2881.0,2881.0,2881.0,3545.0,0.0,0.0,0.23047552933009374,
518693,20250123900493,00550082,캔버스엔,210120,전환사채(해외전환사채포함)발행후만기전사채취득              (제2회차),2025-01-23,KOSDAQ,2881.0,3435.0,3545.0,3175.0,0.19229434224227693,0.23047552933009374,0.10204790003471009,
358342,20250806900496,00550082,캔버스엔,210120,기타주요경영사항              (제1회차 전환사채권 발행 결정 철회),2025-08-06,KOSDAQ,1670.0,1423.0,1379.0,1229.0,-0.1479041916167665,-0.17425149700598808,-0.26407185628742513,
269735,20260122000534,00550082,캔버스엔,210120,주요사항보고서(전환사채권발행결정),2026-01-23,KOSDAQ,1814.0,1890.0,2055.0,1846.0,0.04189636163175314,0.13285556780595376,0.01764057331863289,
269733,20260122000536,00550082,캔버스엔,210120,주요사항보고서(전환사채권발행결정),2026-01-23,KOSDAQ,1814.0,1890.0,2055.0,1846.0,0.04189636163175314,0.13285556780595376,0.01764057331863289,
269734,20260122000537,00550082,캔버스엔,210120,주요사항보고서(전환사채권발행결정),2026-01-23,KOSDAQ,1814.0,1890.0,2055.0,1846.0,0.04189636163175314,0.13285556780595376,0.01764057331863289,
559702,20241108000497,01147487,뷰티스킨,406820,주요사항보고서(전환사채권발행결정),2024-11-08,KOSDAQ,3552.0,3289.0,3059.0,2836.0,-0.0740427927927928,-0.13879504504504503,-0.20157657657657657,
287277,20251217000545,01147487,뷰티스킨,406820,주요사항보고서(전환사채권발행결정),2025-12-17,KOSDAQ,3382.0,3231.0,3434.0,4492.0,-0.04464813719692484,0.015375517445298748,0.328208160851567,
559694,20241108000506,01435489,범한퓨얼셀,382900,주요사항보고서(전환사채권발행결정),2024-11-08,KOSDAQ,14160.0,14170.0,13550.0,12560.0,0.0007062146892655718,-0.04307909604519777,-0.11299435028248583,
321459,20251020000305,01435489,범한퓨얼셀,382900,주요사항보고서(전환사채권발행결정),2025-10-20,KOSDAQ,28850.0,29100.0,28600.0,31700.0,0.008665511265164572,-0.008665511265164683,0.098786828422877,
310988,20251112900726,01435489,범한퓨얼셀,382900,전환사채(해외전환사채포함)발행후만기전사채취득,2025-11-12,KOSDAQ,31300.0,32300.0,31600.0,28600.0,0.03194888178913735,0.009584664536741228,-0.08626198083067094,
559627,20241108000553,00411808,제이오,418550,주요사항보고서(전환사채권발행결정),2024-11-08,KOSDAQ,20600.0,17950.0,17200.0,14130.0,-0.12864077669902918,-0.16504854368932043,-0.31407766990291264,
515615,20250204900006,00411808,제이오,418550,기타주요경영사항              (제3자배정 유상증자 결정 및 제2회차 전환사채 발행결정 철회),2025-02-04,KOSDAQ,12950.0,13010.0,13140.0,13080.0,0.004633204633204713,0.014671814671814776,0.010038610038610063,
559309,20241111000215,01472930,오브젠,417860,주요사항보고서(전환사채권발행결정),2024-11-11,KOSDAQ,10010.0,9480.0,9070.0,9020.0,-0.05294705294705293,-0.09390609390609395,-0.09890109890109888,
553833,20241115000316,00138297,STX,011810,주요사항보고서(전환사채권발행결정),2024-11-15,KOSPI,4760.0,4980.0,5140.0,5100.0,0.04621848739495804,0.07983193277310918,0.0714285714285714,
553145,20241119000120,00113207,대한전선,001440,주요사항보고서(전환사채권발행결정),2024-11-19,KOSPI,11460.0,11460.0,11440.0,11910.0,0.0,-0.0017452006980802626,0.03926701570680624,
552570,20241120000299,00612489,아이쓰리시스템,214430,주요사항보고서(전환사채권발행결정),2024-11-20,KOSDAQ,37650.0,40200.0,42700.0,41150.0,0.06772908366533859,0.13413014608233742,0.09296148738379806,
551874,20241121000506,00110431,JW신약,067290,주요사항보고서(전환사채권발행결정),2024-11-21,KOSDAQ,1283.0,1271.0,1288.0,1356.0,-0.009353078721745955,0.0038971161340608518,0.05689789555728764,
551252,20241122900599,00110431,JW신약,067290,전환사채(해외전환사채포함)발행후만기전사채취득,2024-11-22,KOSDAQ,1271.0,1288.0,1309.0,1341.0,0.013375295043273061,0.029897718332021928,0.05507474429583015,
3942,20260521000483,00110431,JW신약,067290,주요사항보고서(전환사채권발행결정),2026-05-21,KOSDAQ,1583.0,1648.0,1597.0,1445.0,0.04106127605811749,0.008843967150979237,-0.08717624763108023,
2939,20260522900828,00110431,JW신약,067290,전환사채(해외전환사채포함)발행후만기전사채취득,2026-05-22,KOSDAQ,1648.0,1597.0,1552.0,1384.0,-0.030946601941747587,-0.058252427184465994,-0.1601941747572816,
544767,20241202000215,01144028,씨티케이,260930,주요사항보고서(전환사채권발행결정),2024-12-02,KOSDAQ,5480.0,5640.0,5560.0,5160.0,0.029197080291970767,0.014598540145985384,-0.058394160583941646,
542313,20241206000532,00486705,아주스틸,139990,주요사항보고서(전환사채권발행결정),2024-12-06,KOSPI,3945.0,3715.0,3920.0,4060.0,-0.0583016476552598,-0.006337135614702172,0.0291508238276299,
541786,20241209000388,00378363,3S,060310,주요사항보고서(전환사채권발행결정),2024-12-09,KOSDAQ,1654.0,1791.0,1903.0,1980.0,0.08282950423216451,0.15054413542926248,0.19709794437726713,
541650,20241209000450,00161046,한독,002390,주요사항보고서(전환사채권발행결정),2024-12-10,KOSPI,11900.0,12170.0,12090.0,12500.0,0.02268907563025202,0.015966386554621792,0.050420168067226934,
539453,20241212000423,00144243,유니슨,018000,주요사항보고서(전환사채권발행결정),2024-12-12,KOSDAQ,744.0,826.0,981.0,934.0,0.11021505376344076,0.31854838709677424,0.2553763440860215,
395131,20250522000310,00144243,유니슨,018000,주요사항보고서(전환사채권발행결정),2025-05-22,KOSDAQ,1531.0,1469.0,1505.0,1495.0,-0.04049640757674722,-0.01698236446766821,-0.023514043109079008,
393951,20250526900785,00144243,유니슨,018000,전환사채(해외전환사채포함)발행후만기전사채취득,2025-05-26,KOSDAQ,1505.0,1481.0,1421.0,1434.0,-0.015946843853820614,-0.05581395348837215,-0.04717607973421922,
126797,20260529002274,00144243,유니슨,018000,주요사항보고서(전환사채권발행결정),2026-05-29,KOSDAQ,1013.0,951.0,926.0,885.0,-0.06120434353405724,-0.08588351431391905,-0.12635735439289242,
535459,20241217000002,00230814,휴림에이텍,078590,주요사항보고서(전환사채권발행결정),2024-12-17,KOSDAQ,6012.0,7286.0,6776.0,6114.0,0.21190951430472382,0.12707917498336663,0.01696606786427135,
535458,20241217000003,00230814,휴림에이텍,078590,주요사항보고서(전환사채권발행결정),2024-12-17,KOSDAQ,6012.0,7286.0,6776.0,6114.0,0.21190951430472382,0.12707917498336663,0.01696606786427135,
269738,20260122000532,00230814,휴림에이텍,078590,주요사항보고서(전환사채권발행결정),2026-01-23,KOSDAQ,12483.0,11219.0,10200.0,9273.0,-0.10125771048626131,-0.1828887286709926,-0.2571497236241288,
526088,20250107000001,00252269,아이에이,038880,주요사항보고서(전환사채권발행결정),2025-01-07,KOSDAQ,2710.0,2840.0,2740.0,2340.0,0.047970479704797064,0.011070110701107083,-0.13653136531365317,
522180,20250115000389,00619507,와이씨켐,112290,주요사항보고서(전환사채권발행결정),2025-01-15,KOSDAQ,9499.0,9609.0,10754.0,11329.0,0.01158016633329817,0.13211917043899368,0.19265185809032537,
328174,20250929000280,00619507,와이씨켐,112290,주요사항보고서(전환사채권발행결정),2025-09-29,KOSDAQ,10629.0,10454.0,11029.0,,-0.01646438987675225,0.03763289114686241,,
520059,20250121000359,00958451,한선엔지니어링,452280,주요사항보고서(전환사채권발행결정),2025-01-21,KOSDAQ,8360.0,8520.0,8100.0,,0.019138755980861344,-0.031100478468899517,,
517332,20250124000767,01444380,에이텀,355690,주요사항보고서(전환사채권발행결정),2025-01-24,KOSDAQ,5026.0,4994.0,4575.0,4519.0,-0.006366892160764026,-0.089733386390768,-0.1008754476721051,
499048,20250224004551,01444380,에이텀,355690,주요사항보고서(전환사채권발행결정),2025-02-24,KOSDAQ,6235.0,5735.0,6589.0,6025.0,-0.08019246190858065,0.05677626303127514,-0.03368083400160382,
499046,20250224004586,01444380,에이텀,355690,주요사항보고서(전환사채권발행결정),2025-02-24,KOSDAQ,6235.0,5735.0,6589.0,6025.0,-0.08019246190858065,0.05677626303127514,-0.03368083400160382,
408840,20250429000001,01444380,에이텀,355690,주요사항보고서(전환사채권발행결정),2025-04-29,KOSDAQ,5502.0,5453.0,5631.0,5824.0,-0.008905852417302795,0.023446019629225656,0.058524173027989734,
322394,20251017000142,01444380,에이텀,355690,주요사항보고서(전환사채권발행결정),2025-10-17,KOSDAQ,7854.0,7693.0,7218.0,7081.0,-0.02049910873440286,-0.08097784568372801,-0.09842118665648081,
322385,20251017000145,01444380,에이텀,355690,주요사항보고서(전환사채권발행결정),2025-10-17,KOSDAQ,7854.0,7693.0,7218.0,7081.0,-0.02049910873440286,-0.08097784568372801,-0.09842118665648081,
516721,20250131900417,01516890,E8,418620,"전환사채(해외전환사채포함)발행후만기전사채취득              (제1회차, 제3회차)",2025-01-31,KOSDAQ,3696.0,3525.0,3619.0,3708.0,-0.04626623376623373,-0.02083333333333337,0.0032467532467532756,
459607,20250328902289,01516890,E8,418620,전환사채(해외전환사채포함)발행후만기전사채취득              (제2회차),2025-03-28,KOSDAQ,2909.0,2302.0,2399.0,2297.0,-0.2086627707115848,-0.17531797868683396,-0.2103815744242008,
509748,20250211000758,00116268,동성제약,002210,주요사항보고서(전환사채권발행결정),2025-02-11,KOSPI,2070.0,2057.0,2062.0,1920.0,-0.006280193236715026,-0.0038647342995169476,-0.07246376811594202,
62269,20260401004789,00116268,동성제약,002210,주요사항보고서(전환사채권발행결정),2026-04-01,KOSPI,973.0,973.0,973.0,973.0,0.0,0.0,0.0,
508783,20250212000799,00412348,LB세미콘,061970,주요사항보고서(전환사채권발행결정),2025-02-12,KOSDAQ,3932.0,3951.0,4051.0,4157.0,0.004832146490335809,0.030264496439470934,0.05722278738555442,
321480,20251020000284,00412348,LB세미콘,061970,주요사항보고서(전환사채권발행결정),2025-10-20,KOSDAQ,5243.0,5089.0,5070.0,5185.0,-0.029372496662216308,-0.032996376120541626,-0.01106236887278278,
508576,20250212001030,01135057,녹십자웰빙,234690,주요사항보고서(전환사채권발행결정),2025-02-12,KOSDAQ,9100.0,8980.0,9140.0,9500.0,-0.01318681318681314,0.00439560439560438,0.04395604395604402,
507048,20250213901124,00198192,한국팩키지,037230,전환사채(해외전환사채포함)발행후만기전사채취득,2025-02-13,KOSDAQ,1703.0,1701.0,1689.0,1692.0,-0.0011743981209629828,-0.00822078684674099,-0.006459189665296572,
502280,20250219001783,01492651,큐로셀,372320,주요사항보고서(전환사채권발행결정),2025-02-19,KOSDAQ,33150.0,33150.0,31600.0,31000.0,0.0,-0.04675716440422317,-0.06485671191553544,
333048,20250917000327,01492651,큐로셀,372320,주요사항보고서(전환사채권발행결정),2025-09-17,KOSDAQ,41900.0,42400.0,43100.0,42200.0,0.01193317422434359,0.02863961813842475,0.007159904534606243,
26439,20260417000568,01492651,큐로셀,372320,주요사항보고서(전환사채권발행결정),2026-04-17,KOSDAQ,61800.0,59600.0,59200.0,63900.0,-0.035598705501618144,-0.04207119741100329,0.03398058252427183,
501564,20250220001754,00447487,제주반도체,080220,주요사항보고서(전환사채권발행결정),2025-02-20,KOSDAQ,17300.0,16960.0,16380.0,16680.0,-0.01965317919075149,-0.05317919075144506,-0.03583815028901738,
96543,20260313000558,00447487,제주반도체,080220,주요사항보고서(전환사채권발행결정),2026-03-13,KOSDAQ,43750.0,43800.0,42800.0,44300.0,0.0011428571428571122,-0.021714285714285686,0.012571428571428678,
501157,20250220002283,01301623,비씨엔씨,146320,주요사항보고서(전환사채권발행결정),2025-02-21,KOSDAQ,11780.0,11680.0,11390.0,10350.0,-0.008488964346349714,-0.03310696095076404,-0.12139219015280134,
498173,20250225004081,00528791,제일엠앤에스,412540,주요사항보고서(전환사채권발행결정),2025-02-25,KOSDAQ,7230.0,8090.0,7740.0,6950.0,0.11894882434301524,0.0705394190871369,-0.0387275242047026,
488019,20250306000715,01157235,아스타,246720,주요사항보고서(전환사채권발행결정),2025-03-06,KOSDAQ,5200.0,5190.0,5190.0,5180.0,-0.0019230769230769162,-0.0019230769230769162,-0.0038461538461538325,
478021,20250314000928,00219440,휴맥스홀딩스,028080,주요사항보고서(전환사채권발행결정),2025-03-14,KOSDAQ,11207.0,11432.0,11332.0,11082.0,0.020076737753190077,0.011153743196216759,-0.011153743196216648,
477352,20250314001369,00602279,그린플러스,186230,주요사항보고서(전환사채권발행결정),2025-03-14,KOSDAQ,7460.0,7630.0,7550.0,7390.0,0.02278820375335111,0.012064343163538771,-0.009383378016085797,
462487,20250327000841,00122472,PKC,001340,주요사항보고서(전환사채권발행결정),2025-03-27,KOSPI,6490.0,6230.0,6080.0,5910.0,-0.04006163328197232,-0.06317411402157169,-0.08936825885978428,
454538,20250331003204,00159795,한국카본,017960,주요사항보고서(전환사채권발행결정),2025-03-31,KOSPI,13540.0,14470.0,15250.0,16060.0,0.06868537666174301,0.1262924667651404,0.1861152141802067,
449980,20250401003248,01364747,가온칩스,399720,주요사항보고서(전환사채권발행결정),2025-04-01,KOSDAQ,40550.0,39750.0,38650.0,35400.0,-0.019728729963008673,-0.04685573366214546,-0.12700369913686804,
428984,20250408003433,00203315,콘텐트리중앙,036420,주요사항보고서(전환사채권발행결정),2025-04-09,KOSPI,7650.0,7720.0,8100.0,8060.0,0.009150326797385588,0.05882352941176472,0.0535947712418301,
426949,20250409001845,00604268,에이프로,262260,주요사항보고서(전환사채권발행결정),2025-04-09,KOSDAQ,4440.0,4755.0,4880.0,4885.0,0.07094594594594605,0.0990990990990992,0.10022522522522515,
426658,20250409002175,00957373,펨트론,168360,주요사항보고서(전환사채권발행결정),2025-04-09,KOSDAQ,8660.0,9840.0,9890.0,9730.0,0.1362586605080831,0.14203233256351044,0.12355658198614328,
412295,20250422000521,00879020,유니트론텍,142210,주요사항보고서(전환사채권발행결정),2025-04-22,KOSDAQ,6570.0,6050.0,6070.0,5810.0,-0.0791476407914764,-0.076103500761035,-0.1156773211567732,
409230,20250428000514,00925374,윤성에프앤씨,372170,주요사항보고서(전환사채권발행결정),2025-04-28,KOSDAQ,34450.0,34300.0,33600.0,34450.0,-0.004354136429608135,-0.02467343976777936,0.0,
405060,20250507900460,00916516,흥국에프엔비,189980,전환사채(해외전환사채포함)발행후만기전사채취득,2025-05-07,KOSDAQ,1847.0,1849.0,1836.0,1915.0,0.0010828370330264736,-0.005955603681645938,0.0368164591229021,
362659,20250729000174,00916516,흥국에프엔비,189980,주요사항보고서(전환사채권발행결정),2025-07-29,KOSDAQ,1830.0,1833.0,1838.0,1764.0,0.0016393442622950616,0.004371584699453646,-0.0360655737704918,
397088,20250516000317,01373709,아이씨티케이,456010,주요사항보고서(전환사채권발행결정),2025-05-16,KOSDAQ,17530.0,17030.0,17090.0,18640.0,-0.02852253280091277,-0.02509982886480322,0.06332002281802618,
396619,20250519000282,01494154,지니너스,389030,주요사항보고서(전환사채권발행결정),2025-05-19,KOSDAQ,1740.0,1833.0,1842.0,2215.0,0.053448275862068906,0.05862068965517242,0.2729885057471264,
395602,20250521000382,01292291,파두,440110,주요사항보고서(전환사채권발행결정),2025-05-21,KOSDAQ,10690.0,10480.0,10350.0,10340.0,-0.019644527595883976,-0.031805425631431294,-0.03274087932647329,
395112,20250522000332,00258801,카카오,035720,주요사항보고서(전환사채권발행결정),2025-05-22,KOSPI,37250.0,37400.0,39000.0,44000.0,0.00402684563758382,0.046979865771812124,0.18120805369127524,
394716,20250523000453,00926522,테고사이언스,191420,주요사항보고서(전환사채권발행결정),2025-05-23,KOSDAQ,17640.0,18380.0,18380.0,19600.0,0.04195011337868482,0.04195011337868482,0.11111111111111116,
393599,20250527000190,01309421,제이엔비,452160,주요사항보고서(전환사채권발행결정),2025-05-27,KOSDAQ,5180.0,5220.0,5220.0,5370.0,0.007722007722007707,0.007722007722007707,0.03667953667953672,
393155,20250527000569,01290248,스코넥,276040,주요사항보고서(전환사채권발행결정),2025-05-28,KOSDAQ,4537.0,4519.0,4501.0,4148.0,-0.003967379325545473,-0.007934758651091056,-0.08573947542428917,
330814,20250923000408,01290248,스코넥,276040,주요사항보고서(전환사채권발행결정),2025-09-24,KOSDAQ,1677.0,1708.0,1704.0,1730.0,0.01848539057841392,0.01610017889087656,0.031604054859868835,
325324,20251002900430,01290248,스코넥,276040,전환사채(해외전환사채포함)발행후만기전사채취득,2025-10-02,KOSDAQ,1756.0,1725.0,1704.0,1619.0,-0.01765375854214124,-0.029612756264236872,-0.07801822323462415,
303307,20251124000369,01290248,스코넥,276040,주요사항보고서(전환사채권발행결정),2025-11-24,KOSDAQ,1387.0,1398.0,1398.0,1616.0,0.007930785868781598,0.007930785868781598,0.16510454217736115,
386636,20250602001050,01573284,코닉오토메이션,391710,주요사항보고서(전환사채권발행결정),2025-06-02,KOSDAQ,1610.0,1597.0,1598.0,1682.0,-0.008074534161490732,-0.007453416149068359,0.044720496894409933,
384209,20250611000051,01376715,디앤디파마텍,347850,주요사항보고서(전환사채권발행결정),2025-06-11,KOSDAQ,24374.0,24599.0,24449.0,33108.0,0.00923114794453106,0.0030770493148437605,0.35833264954459665,
28437,20260415000050,01376715,디앤디파마텍,347850,주요사항보고서(전환사채권발행결정),2026-04-15,KOSDAQ,79800.0,81600.0,78900.0,78600.0,0.022556390977443552,-0.011278195488721776,-0.015037593984962405,
380905,20250618000260,01276327,위지윅스튜디오,299900,주요사항보고서(전환사채권발행결정),2025-06-18,KOSDAQ,1467.0,1276.0,1344.0,1145.0,-0.13019768234492157,-0.08384458077709611,-0.21949556918882074,
380744,20250618000410,00406037,CSA 코스믹,083660,주요사항보고서(전환사채권발행결정),2025-06-18,KOSDAQ,1786.0,1896.0,1840.0,1835.0,0.06159014557670783,0.03023516237402024,0.027435610302351643,
293614,20251209000418,00406037,CSA 코스믹,083660,주요사항보고서(전환사채권발행결정),2025-12-09,KOSDAQ,563.0,560.0,569.0,559.0,-0.005328596802841923,0.010657193605683846,-0.007104795737122527,
270688,20260121000413,00406037,CSA 코스믹,083660,주요사항보고서(전환사채권발행결정),2026-01-21,KOSDAQ,454.0,475.0,474.0,510.0,0.04625550660792954,0.044052863436123246,0.12334801762114544,
119013,20260611000640,00406037,CSA 코스믹,083660,주요사항보고서(전환사채권발행결정),2026-06-11,KOSDAQ,304.0,395.0,322.0,308.0,0.29934210526315796,0.05921052631578938,0.013157894736842035,
379632,20250620000611,01227039,파라택시스코리아,288330,주요사항보고서(전환사채권발행결정),2025-06-20,KOSDAQ,943.0,1225.0,1592.0,2680.0,0.29904559915164364,0.6882290562036055,1.8419936373276777,
377304,20250626000317,00466428,아미노로직스,074430,주요사항보고서(전환사채권발행결정),2025-06-26,KOSDAQ,1095.0,1170.0,1137.0,1078.0,0.06849315068493156,0.03835616438356171,-0.015525114155251152,
375513,20250627000897,01327746,보로노이,310210,주요사항보고서(전환사채권발행결정),2025-06-30,KOSDAQ,109500.0,113200.0,119900.0,120000.0,0.03378995433789944,0.0949771689497716,0.09589041095890405,
374745,20250630000600,01153293,제이엘케이,322510,주요사항보고서(전환사채권발행결정),2025-06-30,KOSDAQ,6490.0,6700.0,6650.0,6570.0,0.03235747303543923,0.024653312788905923,0.012326656394453073,
372072,20250704000383,01011368,에이치브이엠,295310,주요사항보고서(전환사채권발행결정),2025-07-04,KOSDAQ,28050.0,28100.0,27600.0,28500.0,0.0017825311942958333,-0.016042780748663055,0.016042780748663166,
59069,20260402002584,01011368,에이치브이엠,295310,주요사항보고서(전환사채권발행결정),2026-04-02,KOSDAQ,88000.0,87600.0,81800.0,81500.0,-0.004545454545454519,-0.07045454545454544,-0.07386363636363635,
369337,20250711000354,00169215,에너토크,019990,주요사항보고서(전환사채권발행결정),2025-07-11,KOSDAQ,6970.0,7660.0,8190.0,7620.0,0.09899569583931123,0.1750358680057389,0.09325681492109039,
367333,20250717000319,00667425,에이팩트,200470,주요사항보고서(전환사채권발행결정),2025-07-17,KOSDAQ,2365.0,2325.0,2370.0,2280.0,-0.016913319238900604,0.0021141649048626032,-0.03594080338266381,
128051,20260529001144,00667425,에이팩트,200470,주요사항보고서(전환사채권발행결정),2026-05-29,KOSDAQ,8600.0,8380.0,8200.0,8250.0,-0.025581395348837188,-0.046511627906976716,-0.04069767441860461,
366028,20250721000243,00113492,깨끗한나라,004540,주요사항보고서(전환사채권발행결정),2025-07-21,KOSPI,2195.0,2140.0,2150.0,2110.0,-0.02505694760820043,-0.02050113895216399,-0.038724373576309756,
366023,20250721000245,01423916,온코크로스,382150,주요사항보고서(전환사채권발행결정),2025-07-21,KOSDAQ,10890.0,10480.0,10180.0,9650.0,-0.037649219467401296,-0.06519742883379243,-0.1138659320477502,
264906,20260130000682,01423916,온코크로스,382150,주요사항보고서(전환사채권발행결정),2026-01-30,KOSDAQ,8980.0,8530.0,8860.0,7970.0,-0.05011135857461024,-0.013363028953229383,-0.11247216035634744,
362584,20250729000235,00112378,KR모터스,000040,주요사항보고서(전환사채권발행결정),2025-07-29,KOSPI,503.0,653.0,612.0,568.0,0.29821073558648115,0.21669980119284293,0.12922465208747513,
362524,20250729000268,00112378,KR모터스,000040,주요사항보고서(전환사채권발행결정),2025-07-29,KOSPI,503.0,653.0,612.0,568.0,0.29821073558648115,0.21669980119284293,0.12922465208747513,
99334,20260312000001,00112378,KR모터스,000040,주요사항보고서(전환사채권발행결정),2026-03-12,KOSPI,370.0,377.0,377.0,379.0,0.018918918918918948,0.018918918918918948,0.024324324324324298,
99332,20260312000003,00112378,KR모터스,000040,주요사항보고서(전환사채권발행결정),2026-03-12,KOSPI,370.0,377.0,377.0,379.0,0.018918918918918948,0.018918918918918948,0.024324324324324298,
84269,20260323001671,00112378,KR모터스,000040,주요사항보고서(전환사채권발행결정),2026-03-24,KOSPI,400.0,400.0,404.0,417.0,0.0,0.010000000000000009,0.04249999999999998,
84270,20260323001674,00112378,KR모터스,000040,주요사항보고서(전환사채권발행결정),2026-03-24,KOSPI,400.0,400.0,404.0,417.0,0.0,0.010000000000000009,0.04249999999999998,
361845,20250730000403,01226234,와이바이오로직스,338840,주요사항보고서(전환사채권발행결정),2025-07-30,KOSDAQ,10870.0,11070.0,10410.0,11780.0,0.01839926402943881,-0.04231830726770924,0.08371665133394668,
361143,20250731000436,01101254,케이피항공산업,288180,주요사항보고서(전환사채권발행결정),2025-07-31,KOSDAQ,,,,,,,,no_price_data
360326,20250801000380,01686427,에스오에스랩,464080,주요사항보고서(전환사채권발행결정),2025-08-01,KOSDAQ,10990.0,11420.0,11490.0,11170.0,0.03912647861692453,0.04549590536851689,0.016378525932666088,
359338,20250804000209,01429220,피아이이,452450,주요사항보고서(전환사채권발행결정),2025-08-04,KOSDAQ,8290.0,8660.0,8450.0,8550.0,0.04463208685162856,0.0193003618817853,0.031363088057901,
359016,20250805000155,00163761,한창제지,009460,주요사항보고서(전환사채권발행결정),2025-08-05,KOSPI,3470.0,3400.0,3380.0,3315.0,-0.02017291066282423,-0.025936599423631135,-0.04466858789625361,
358253,20250806000380,01549472,대진첨단소재,393970,주요사항보고서(전환사채권발행결정),2025-08-07,KOSDAQ,9000.0,8720.0,8920.0,8740.0,-0.03111111111111109,-0.008888888888888835,-0.028888888888888853,
358252,20250806000384,01549472,대진첨단소재,393970,주요사항보고서(전환사채권발행결정),2025-08-07,KOSDAQ,9000.0,8720.0,8920.0,8740.0,-0.03111111111111109,-0.008888888888888835,-0.028888888888888853,
285714,20251219000562,01549472,대진첨단소재,393970,주요사항보고서(전환사채권발행결정),2025-12-19,KOSDAQ,5040.0,4800.0,4590.0,4400.0,-0.04761904761904767,-0.0892857142857143,-0.12698412698412698,
357584,20250808000003,00671376,트리니티항공,091810,주요사항보고서(전환사채권발행결정),2025-08-08,KOSPI,1809.0,1776.0,1771.0,1767.0,-0.018242122719734688,-0.02100608070757326,-0.023217247097844118,
357076,20250808000442,00126414,삼성제약,001360,주요사항보고서(전환사채권발행결정),2025-08-08,KOSPI,1610.0,1615.0,1618.0,1621.0,0.0031055900621117516,0.00496894409937898,0.006832298136645987,
349093,20250814003928,01445440,위츠,459100,주요사항보고서(전환사채권발행결정),2025-08-14,KOSDAQ,7030.0,6870.0,6630.0,6550.0,-0.022759601706970112,-0.056899004267425335,-0.06827880512091034,
348704,20250814004440,01663116,에어레인,163280,주요사항보고서(전환사채권발행결정),2025-08-14,KOSDAQ,8355.0,8100.0,8115.0,7935.0,-0.030520646319569078,-0.02872531418312385,-0.050269299820466795,
348252,20250818000222,00965512,라온텍,418420,주요사항보고서(전환사채권발행결정),2025-08-18,KOSDAQ,4590.0,5190.0,5630.0,5810.0,0.130718954248366,0.2265795206971677,0.2657952069716776,
346401,20250822000204,01135640,이삭엔지니어링,351330,주요사항보고서(전환사채권발행결정),2025-08-22,KOSDAQ,6650.0,7080.0,7370.0,6950.0,0.06466165413533842,0.1082706766917294,0.04511278195488733,
340304,20250829001769,00157991,한국석유공업,004090,주요사항보고서(전환사채권발행결정),2025-08-29,KOSPI,13820.0,13820.0,13710.0,13770.0,0.0,-0.00795947901591898,-0.00361794500723589,
338914,20250902000219,01584183,퀄리타스반도체,432720,주요사항보고서(전환사채권발행결정),2025-09-02,KOSDAQ,12550.0,12450.0,12520.0,13690.0,-0.007968127490039834,-0.0023904382470119057,0.09083665338645419,
338669,20250903000155,01402995,케이엔에스,432470,주요사항보고서(전환사채권발행결정),2025-09-03,KOSDAQ,10500.0,10510.0,10620.0,11960.0,0.0009523809523810378,0.011428571428571344,0.1390476190476191,
338437,20250903000369,00474588,한중엔시에스,107640,주요사항보고서(전환사채권발행결정),2025-09-03,KOSDAQ,33750.0,35550.0,35400.0,34500.0,0.05333333333333323,0.04888888888888898,0.022222222222222143,
337244,20250905000550,01110474,풍전약품,298060,주요사항보고서(전환사채권발행결정),2025-09-05,KOSDAQ,5750.0,6145.0,5980.0,6050.0,0.06869565217391305,0.040000000000000036,0.05217391304347818,
336795,20250908000257,01110474,풍전약품,298060,주요사항보고서(전환사채권발행결정),2025-09-08,KOSDAQ,6145.0,5980.0,5870.0,5910.0,-0.026851098454027666,-0.04475183075671274,-0.0382424735557364,
327352,20250930900493,01110474,풍전약품,298060,전환사채(해외전환사채포함)발행후만기전사채취득              (제1회차),2025-09-30,KOSDAQ,5810.0,6035.0,5940.0,5450.0,0.03872633390705671,0.022375215146299476,-0.061962134251290824,
119960,20260610000611,01110474,풍전약품,298060,주요사항보고서(전환사채권발행결정),2026-06-10,KOSDAQ,3000.0,2910.0,2855.0,2810.0,-0.030000000000000027,-0.04833333333333334,-0.06333333333333335,
336966,20250908000110,01641600,에이럭스,475580,주요사항보고서(전환사채권발행결정),2025-09-08,KOSDAQ,11610.0,11530.0,11460.0,11710.0,-0.006890611541774283,-0.012919896640826822,0.008613264427217882,
333542,20250916900379,01641600,에이럭스,475580,증권발행결과(자율공시)              (제1회차 무기명식 무보증 사모 전환사채),2025-09-16,KOSDAQ,11920.0,11510.0,11600.0,11300.0,-0.03439597315436238,-0.02684563758389258,-0.052013422818791955,
336971,20250908000117,00137207,유니켐,011330,주요사항보고서(전환사채권발행결정),2025-09-08,KOSPI,1639.0,1599.0,1580.0,1541.0,-0.02440512507626602,-0.03599755948749239,-0.059792556436851774,
336778,20250908000281,01291317,더블유씨피,393890,주요사항보고서(전환사채권발행결정),2025-09-08,KOSDAQ,7080.0,7010.0,6890.0,7110.0,-0.009887005649717562,-0.026836158192090398,0.004237288135593209,
45609,20260407003551,01291317,더블유씨피,393890,주요사항보고서(전환사채권발행결정),2026-04-07,KOSDAQ,15640.0,15040.0,16210.0,15040.0,-0.038363171355498715,0.03644501278772383,-0.038363171355498715,
336557,20250909000100,00328191,케이에스피,073010,주요사항보고서(전환사채권발행결정),2025-09-09,KOSDAQ,6920.0,7400.0,8000.0,6610.0,0.06936416184971095,0.1560693641618498,-0.044797687861271696,
333031,20250917000367,00791209,메타케어,118000,주요사항보고서(전환사채권발행결정),2025-09-17,KOSPI,3150.0,3440.0,3330.0,3200.0,0.09206349206349196,0.05714285714285716,0.015873015873015817,
331508,20250922000174,00916826,드림씨아이에스,223250,주요사항보고서(전환사채권발행결정),2025-09-22,KOSDAQ,3900.0,4200.0,4050.0,3915.0,0.07692307692307687,0.03846153846153855,0.0038461538461538325,
331005,20250923000338,00599285,서플러스글로벌,140070,주요사항보고서(전환사채권발행결정),2025-09-23,KOSDAQ,2550.0,2500.0,2520.0,2470.0,-0.019607843137254943,-0.0117647058823529,-0.03137254901960784,
322632,20251016000315,00109310,대동기어,008830,주요사항보고서(전환사채권발행결정),2025-10-16,KOSDAQ,13109.0,14540.0,14136.0,13614.0,0.10916164467159972,0.07834312304523605,0.03852315203295453,
321187,20251021000205,00262266,삼현,437730,주요사항보고서(전환사채권발행결정),2025-10-21,KOSDAQ,32000.0,30700.0,29900.0,30200.0,-0.04062500000000002,-0.06562500000000004,-0.05625000000000002,
320524,20251022000248,00631518,SK이노베이션,096770,주요사항보고서(전환사채권발행결정),2025-10-22,KOSPI,126300.0,124500.0,134800.0,137000.0,-0.014251781472684133,0.06730007917656367,0.08471892319873309,
320506,20251022800441,00181712,SK,034730,주요사항보고서(전환사채권발행결정)(자회사의 주요경영사항),2025-10-22,KOSPI,235000.0,230000.0,237500.0,250000.0,-0.021276595744680882,0.010638297872340496,0.06382978723404253,
320381,20251022000366,01480708,HEM파마,376270,주요사항보고서(전환사채권발행결정),2025-10-23,KOSDAQ,29600.0,28900.0,28900.0,29100.0,-0.023648648648648685,-0.023648648648648685,-0.016891891891891886,
320210,20251023000207,00117726,DYP,092780,주요사항보고서(전환사채권발행결정),2025-10-23,KOSPI,3610.0,3625.0,3605.0,3615.0,0.0041551246537396835,-0.0013850415512465242,0.0013850415512466352,
320040,20251023000318,00595191,후성,093370,주요사항보고서(전환사채권발행결정),2025-10-23,KOSPI,6780.0,7900.0,9420.0,8700.0,0.16519174041297946,0.38938053097345127,0.2831858407079646,
318211,20251028000276,00299844,미래반도체,254490,주요사항보고서(전환사채권발행결정),2025-10-28,KOSDAQ,17600.0,17620.0,17070.0,17500.0,0.001136363636363713,-0.030113636363636398,-0.005681818181818232,
315630,20251031000547,01316236,효성화학,298000,주요사항보고서(전환사채권발행결정),2025-10-31,KOSPI,77800.0,77800.0,77800.0,77800.0,0.0,0.0,0.0,
315611,20251031000580,01316236,효성화학,298000,특수관계인에대한전환사채발행의결,2025-10-31,KOSPI,77800.0,77800.0,77800.0,77800.0,0.0,0.0,0.0,
312894,20251107000452,01504211,라메디텍,462510,주요사항보고서(전환사채권발행결정),2025-11-07,KOSDAQ,6670.0,6750.0,6750.0,6840.0,0.011994002998500841,0.011994002998500841,0.025487256371814038,
309814,20251113000886,01524118,나노팀,417010,주요사항보고서(전환사채권발행결정),2025-11-13,KOSDAQ,4870.0,4775.0,4645.0,4565.0,-0.019507186858316206,-0.0462012320328542,-0.06262833675564683,
305313,20251119000180,00305570,코스리거글로벌,043710,주요사항보고서(전환사채권발행결정),2025-11-19,KOSDAQ,4140.0,4380.0,4450.0,4350.0,0.05797101449275366,0.07487922705314021,0.050724637681159424,
305144,20251119000300,00250614,삼영엠텍,054540,주요사항보고서(전환사채권발행결정),2025-11-19,KOSDAQ,16460.0,15510.0,14060.0,13830.0,-0.05771567436208991,-0.14580801944106925,-0.15978128797083835,
303909,20251121000421,00909835,차이커뮤니케이션,351870,주요사항보고서(전환사채권발행결정),2025-11-21,KOSDAQ,4510.0,4560.0,4540.0,4730.0,0.011086474501108556,0.006651884700665134,0.04878048780487809,
24279,20260422000508,00909835,차이커뮤니케이션,351870,주요사항보고서(전환사채권발행결정),2026-04-22,KOSDAQ,4130.0,4125.0,4110.0,4195.0,-0.001210653753026647,-0.004842615012106588,0.0157384987893463,
298311,20251128001590,01293485,제닉스로보틱스,381620,주요사항보고서(전환사채권발행결정),2025-11-28,KOSDAQ,16130.0,15290.0,15610.0,15710.0,-0.05207687538747674,-0.03223806571605703,-0.02603843769373837,
295819,20251203000360,01495180,파로스아이바이오,388870,주요사항보고서(전환사채권발행결정),2025-12-03,KOSDAQ,9440.0,10980.0,9600.0,10400.0,0.16313559322033888,0.016949152542372836,0.10169491525423724,
295454,20251204000358,01544468,이엔셀,456070,주요사항보고서(전환사채권발행결정),2025-12-04,KOSDAQ,15450.0,16370.0,14810.0,15660.0,0.059546925566343,-0.04142394822006468,0.013592233009708687,
295330,20251204000469,01130849,파라택시스이더리움,290560,주요사항보고서(전환사채권발행결정),2025-12-04,KOSDAQ,1524.0,1512.0,1500.0,1692.0,-0.007874015748031482,-0.015748031496062964,0.11023622047244097,
293140,20251210000358,00488402,서울바이오시스,092190,주요사항보고서(전환사채권발행결정),2025-12-10,KOSDAQ,2610.0,2620.0,2580.0,2475.0,0.003831417624521105,-0.011494252873563204,-0.051724137931034475,
292498,20251211000244,00225159,SNT홀딩스,036530,주요사항보고서(전환사채권발행결정),2025-12-11,KOSPI,60200.0,60000.0,60300.0,60800.0,-0.0033222591362126463,0.0016611295681063787,0.009966777408637828,
292379,20251211000323,01587056,엔젯,419080,주요사항보고서(전환사채권발행결정),2025-12-11,KOSDAQ,6800.0,6710.0,6610.0,8030.0,-0.013235294117647012,-0.027941176470588247,0.1808823529411765,
283708,20251224000001,01215618,와이엠텍,273640,주요사항보고서(전환사채권발행결정),2025-12-24,KOSDAQ,8100.0,8350.0,8250.0,8430.0,0.030864197530864113,0.0185185185185186,0.040740740740740744,
277970,20260106000212,01594791,나우로보틱스,459510,주요사항보고서(전환사채권발행결정),2026-01-06,KOSDAQ,21800.0,22250.0,21650.0,23150.0,0.020642201834862428,-0.006880733944954143,0.06192660550458706,
277391,20260106000691,00769158,케이엔제이,272110,주요사항보고서(전환사채권발행결정),2026-01-07,KOSDAQ,20950.0,20300.0,19800.0,20850.0,-0.031026252983293534,-0.054892601431980936,-0.004773269689737458,
272149,20260116000258,00129989,코스모신소재,005070,주요사항보고서(전환사채권발행결정),2026-01-16,KOSPI,43450.0,45150.0,46150.0,48400.0,0.03912543153049475,0.06214039125431525,0.11392405063291133,
271879,20260116000488,01253636,에르코스,435570,주요사항보고서(전환사채권발행결정),2026-01-16,KOSDAQ,12230.0,11900.0,12640.0,13200.0,-0.02698282910874894,0.03352412101390034,0.07931316434995916,
270572,20260121000508,00141404,블루산업개발,006740,주요사항보고서(전환사채권발행결정),2026-01-21,KOSPI,1952.0,1933.0,1926.0,1949.0,-0.009733606557377095,-0.013319672131147486,-0.0015368852459016757,
27677,20260415000703,00141404,블루산업개발,006740,주요사항보고서(전환사채권발행결정),2026-04-16,KOSPI,1426.0,1454.0,1470.0,1456.0,0.019635343618513268,0.030855539971949453,0.02103786816269282,
27676,20260415000704,00141404,블루산업개발,006740,주요사항보고서(전환사채권발행결정),2026-04-16,KOSPI,1426.0,1454.0,1470.0,1456.0,0.019635343618513268,0.030855539971949453,0.02103786816269282,
13290,20260508001078,00141404,블루산업개발,006740,주요사항보고서(전환사채권발행결정),2026-05-11,KOSPI,1364.0,1364.0,1364.0,1364.0,0.0,0.0,0.0,
118282,20260612000513,00141404,블루산업개발,006740,주요사항보고서(전환사채권발행결정),2026-06-12,KOSPI,1110.0,1110.0,1110.0,1110.0,0.0,0.0,0.0,
269232,20260123000541,00104999,윌비스,008600,주요사항보고서(전환사채권발행결정),2026-01-23,KOSPI,2657.0,3454.0,4488.0,3485.0,0.2999623635679338,0.6891230711328566,0.31162965750846827,
262644,20260203000462,01114586,셀레믹스,331920,주요사항보고서(전환사채권발행결정),2026-02-04,KOSDAQ,3580.0,3920.0,4265.0,4960.0,0.0949720670391061,0.19134078212290495,0.3854748603351956,
73552,20260330001839,01114586,셀레믹스,331920,주요사항보고서(전환사채권발행결정),2026-03-31,KOSDAQ,12620.0,13230.0,12850.0,12980.0,0.048335974643423096,0.018225039619651273,0.028526148969889142,
261281,20260205000384,00309503,한국항공우주,047810,주요사항보고서(전환사채권발행결정),2026-02-05,KOSPI,162000.0,158300.0,162600.0,165500.0,-0.022839506172839474,0.0037037037037037646,0.021604938271605034,
256817,20260210000596,00814582,탑런토탈솔루션,336680,주요사항보고서(전환사채권발행결정),2026-02-10,KOSDAQ,4555.0,4220.0,4200.0,4245.0,-0.0735455543358946,-0.07793633369923159,-0.0680570801317234,
256812,20260210000604,00814582,탑런토탈솔루션,336680,주요사항보고서(전환사채권발행결정),2026-02-10,KOSDAQ,4555.0,4220.0,4200.0,4245.0,-0.0735455543358946,-0.07793633369923159,-0.0680570801317234,
250997,20260213002321,00672603,케이엔알시스템,199430,주요사항보고서(전환사채권발행결정),2026-02-13,KOSDAQ,30950.0,33950.0,33900.0,35700.0,0.0969305331179322,0.09531502423263327,0.15347334410339264,
249843,20260219002548,00914341,아이티켐,309710,주요사항보고서(전환사채권발행결정),2026-02-19,KOSDAQ,32750.0,31800.0,31200.0,39300.0,-0.02900763358778624,-0.047328244274809195,0.19999999999999996,
247870,20260223004122,01577952,지투지바이오,456160,주요사항보고서(전환사채권발행결정),2026-02-23,KOSDAQ,97200.0,100800.0,105500.0,100000.0,0.03703703703703698,0.0853909465020577,0.028806584362139898,
95297,20260316000004,01577952,지투지바이오,456160,주요사항보고서(전환사채권발행결정),2026-03-16,KOSDAQ,100200.0,93500.0,91600.0,77000.0,-0.06686626746506985,-0.0858283433133733,-0.2315369261477046,
96091,20260313000791,01540453,에이직랜드,445090,주요사항보고서(전환사채권발행결정),2026-03-13,KOSDAQ,28900.0,28350.0,28150.0,28000.0,-0.01903114186851207,-0.02595155709342556,-0.03114186851211076,
90485,20260318001235,00463342,폴라리스AI파마,041910,주요사항보고서(전환사채권발행결정),2026-03-18,KOSDAQ,8610.0,7870.0,7750.0,7540.0,-0.08594657375145176,-0.09988385598141691,-0.12427409988385596,
86796,20260320001216,01506848,비스토스,419540,주요사항보고서(전환사채권발행결정),2026-03-20,KOSDAQ,4555.0,4450.0,4385.0,4425.0,-0.023051591657519244,-0.03732162458836441,-0.028540065861690445,
81874,20260325000921,00494546,오비고,352910,주요사항보고서(전환사채권발행결정),2026-03-25,KOSDAQ,4235.0,4410.0,4690.0,4480.0,0.04132231404958686,0.1074380165289257,0.05785123966942152,
79172,20260326001094,01144569,피엔티엠에스,257370,주요사항보고서(전환사채권발행결정),2026-03-26,KOSDAQ,3250.0,3435.0,3430.0,3475.0,0.056923076923076854,0.055384615384615365,0.0692307692307692,
22155,20260424000810,01144569,피엔티엠에스,257370,주요사항보고서(전환사채권발행결정),2026-04-24,KOSDAQ,3215.0,3240.0,3130.0,3170.0,0.007776049766718529,-0.026438569206842955,-0.013996889580093264,
64238,20260401003103,01546101,아이엠티,451220,주요사항보고서(전환사채권발행결정),2026-04-01,KOSDAQ,12730.0,11520.0,11680.0,12680.0,-0.09505106048703849,-0.08248232521602517,-0.00392772977219169,
58148,20260402003727,01299106,우듬지팜,403490,주요사항보고서(전환사채권발행결정),2026-04-02,KOSDAQ,1221.0,1203.0,1223.0,1268.0,-0.014742014742014753,0.0016380016380015405,0.03849303849303842,
45615,20260407003428,01387164,샤페론,378800,주요사항보고서(전환사채권발행결정),2026-04-07,KOSDAQ,1620.0,1715.0,1710.0,1743.0,0.058641975308642014,0.05555555555555558,0.07592592592592595,
42035,20260408003312,00426086,티케이지휴켐스,069260,주요사항보고서(전환사채권발행결정),2026-04-08,KOSPI,17600.0,17400.0,17650.0,18030.0,-0.011363636363636354,0.0028409090909091717,0.024431818181818166,
35893,20260410002638,01782004,뉴로핏,380550,주요사항보고서(전환사채권발행결정),2026-04-10,KOSDAQ,20050.0,21250.0,22650.0,22050.0,0.05985037406483795,0.12967581047381538,0.09975062344139651,
28472,20260415000014,00126186,삼성에스디에스,018260,주요사항보고서(전환사채권발행결정),2026-04-15,KOSPI,178600.0,191000.0,182500.0,180100.0,0.06942889137737951,0.021836506159014668,0.008398656215005573,
28033,20260415000475,01275489,셀비온,308430,주요사항보고서(전환사채권발행결정),2026-04-15,KOSDAQ,35000.0,34950.0,35350.0,34450.0,-0.0014285714285714457,0.010000000000000009,-0.01571428571428568,
27917,20260415000580,01305869,세니젠,188260,주요사항보고서(전환사채권발행결정),2026-04-15,KOSDAQ,2130.0,2205.0,2110.0,1963.0,0.035211267605633756,-0.009389671361502372,-0.07840375586854464,
24984,20260421000444,01023211,와이제이링크,209640,주요사항보고서(전환사채권발행결정),2026-04-21,KOSDAQ,5730.0,6050.0,6390.0,9050.0,0.055846422338568846,0.11518324607329844,0.5794066317626527,
24960,20260421000466,00872656,금양그린파워,282720,주요사항보고서(전환사채권발행결정),2026-04-21,KOSDAQ,14380.0,14510.0,14800.0,15030.0,0.009040333796940248,0.029207232267037586,0.045201668984701016,
24909,20260421000499,00657002,에이디테크놀로지,200710,주요사항보고서(전환사채권발행결정),2026-04-21,KOSDAQ,55300.0,56400.0,54700.0,56800.0,0.019891500904159143,-0.010849909584086825,0.027124773960216952,
24738,20260422000041,01142075,핑거,163730,주요사항보고서(전환사채권발행결정),2026-04-22,KOSDAQ,18070.0,18680.0,19390.0,20100.0,0.03375760929717764,0.07304925290536812,0.11234089651355839,
24588,20260422000229,00562245,태웅로직스,124560,주요사항보고서(전환사채권발행결정),2026-04-22,KOSDAQ,2720.0,2695.0,2720.0,2660.0,-0.009191176470588203,0.0,-0.022058823529411797,
24257,20260422000573,00356802,큐렉소,060280,주요사항보고서(전환사채권발행결정),2026-04-22,KOSDAQ,15770.0,15570.0,16920.0,16890.0,-0.012682308180088753,0.07292327203551041,0.07102092580849706,
23269,20260423000749,01506617,쓰리빌리언,394800,주요사항보고서(전환사채권발행결정),2026-04-23,KOSDAQ,12510.0,13930.0,13090.0,13510.0,0.11350919264588333,0.0463629096722622,0.07993605115907276,
20309,20260428000822,00492894,젬백스,082270,주요사항보고서(전환사채권발행결정),2026-04-29,KOSDAQ,25000.0,23800.0,23300.0,21400.0,-0.04800000000000004,-0.06799999999999995,-0.14400000000000002,
20308,20260428000824,00492894,젬백스,082270,주요사항보고서(전환사채권발행결정),2026-04-29,KOSDAQ,25000.0,23800.0,23300.0,21400.0,-0.04800000000000004,-0.06799999999999995,-0.14400000000000002,
2875,20260522000597,00492894,젬백스,082270,주요사항보고서(전환사채권발행결정),2026-05-22,KOSDAQ,16890.0,16920.0,16300.0,14560.0,0.001776198934280604,-0.034931912374185914,-0.13795145056246294,
19037,20260429001149,01626391,오가노이드사이언스,476040,주요사항보고서(전환사채권발행결정),2026-04-29,KOSDAQ,22700.0,22400.0,22000.0,19760.0,-0.013215859030836996,-0.03083700440528636,-0.1295154185022026,
17124,20260430001305,01636565,루미르,474170,주요사항보고서(전환사채권발행결정),2026-04-30,KOSDAQ,16210.0,16270.0,16040.0,15400.0,0.0037014188772361845,-0.010487353485502782,-0.04996915484268971,
17119,20260430001308,01636565,루미르,474170,주요사항보고서(전환사채권발행결정),2026-04-30,KOSDAQ,16210.0,16270.0,16040.0,15400.0,0.0037014188772361845,-0.010487353485502782,-0.04996915484268971,
17561,20260430001325,01579570,시큐레터,418250,주요사항보고서(전환사채권발행결정),2026-04-30,KOSDAQ,6550.0,6550.0,6550.0,6550.0,0.0,0.0,0.0,
17558,20260430001356,00480783,상신이디피,091580,주요사항보고서(전환사채권발행결정),2026-04-30,KOSDAQ,26600.0,27100.0,27200.0,25500.0,0.018796992481203034,0.022556390977443552,-0.041353383458646586,
12057,20260512000631,00617314,타이거일렉,219130,주요사항보고서(전환사채권발행결정),2026-05-12,KOSDAQ,56100.0,59100.0,59300.0,59000.0,0.053475935828877,0.057040998217468886,0.051693404634581164,
11195,20260513000669,01718407,블랙야크아이앤씨,478560,주요사항보고서(전환사채권발행결정),2026-05-13,KOSDAQ,3370.0,3265.0,3105.0,3050.0,-0.03115727002967361,-0.07863501483679525,-0.09495548961424327,
11146,20260513000690,01255652,레이크머티리얼즈,281740,주요사항보고서(전환사채권발행결정),2026-05-13,KOSDAQ,20300.0,20600.0,19550.0,17800.0,0.014778325123152802,-0.036945812807881784,-0.12315270935960587,
4843,20260520000164,00108612,DS단석,017860,주요사항보고서(전환사채권발행결정),2026-05-20,KOSPI,17650.0,16890.0,17880.0,18990.0,-0.043059490084985885,0.013031161473087804,0.0759206798866856,
2965,20260522000505,00495633,율촌,146060,주요사항보고서(전환사채권발행결정),2026-05-22,KOSDAQ,1237.0,1172.0,1107.0,989.0,-0.05254648342764756,-0.10509296685529512,-0.200485044462409,
124511,20260601001500,00125664,삼미금속,012210,주요사항보고서(전환사채권발행결정),2026-06-01,KOSDAQ,10730.0,10050.0,10580.0,8630.0,-0.06337371854613238,-0.01397949673811738,-0.195712954333644,
120624,20260609000517,00164478,현대건설,000720,주요사항보고서(전환사채권발행결정),2026-06-09,KOSPI,122300.0,130300.0,122700.0,147800.0,0.0654129190515127,0.003270645952575535,0.20850367947669657,
117362,20260615000412,00247975,솔브레인홀딩스,036830,주요사항보고서(전환사채권발행결정),2026-06-15,KOSDAQ,46750.0,44750.0,45400.0,40800.0,-0.04278074866310155,-0.02887700534759363,-0.12727272727272732,
114299,20260622000369,00220613,넥스틸,092790,주요사항보고서(전환사채권발행결정),2026-06-22,KOSPI,15530.0,14600.0,14370.0,,-0.059884095299420514,-0.07469414037347066,,
